dataset,classifier,seed,outer_fold,run_mode,method,macro_f1,accuracy,k,dimensions,fit_seconds,selected,inner_f1
DTD,resmlp,42,0,full,random_000,0.7696723722431236,0.7718085106382979,5,4114,4.246617301999777,densenet121+glcm+resnet101+rgb_ngram_svd+swin_t,
DTD,resmlp,42,0,full,random_001,0.8248152401551813,0.825531914893617,5,4114,2.130314153999734,densenet121+eva02_base+glcm+resnet101+rgb_ngram_svd,
DTD,resmlp,42,0,full,random_002,0.8364672807677919,0.8377659574468085,5,7296,3.7397433320002165,dinov2_small+efficientnet_b0+siglip_base+swin_t+vgg16,
DTD,resmlp,42,0,full,random_003,0.8282177113843218,0.8276595744680851,5,4660,1.4754874029999883,drlbp+efficientnet_b0+eva02_base+hog+siglip_base,
DTD,resmlp,42,0,full,random_004,0.8528576776180802,0.8537234042553191,5,3974,3.3925209039998663,densenet121+dinov2+drlbp+lbp+resnet50,
DTD,resmlp,42,0,full,random_005,0.8478415694411355,0.8489361702127659,5,8192,3.7006616230000873,densenet121+dinov2_large+efficientnet_b0+mae_base+vgg16,
DTD,resmlp,42,0,full,random_006,0.838410170205994,0.8393617021276596,5,2176,2.4983064120001472,densenet121+dinov2+drlbp+gabor+rgb_ngram_svd,
DTD,resmlp,42,0,full,random_007,0.7619787888072839,0.7643617021276595,5,5044,1.262549431000025,deit_s+drlbp+hog+resnet50+swin_t,
DTD,resmlp,42,0,full,random_008,0.7596160528362834,0.7622340425531915,5,3090,2.6095360740000615,efficientnet_b0+glcm+mae_base+rgb_ngram_svd+swin_t,
DTD,resmlp,42,0,full,random_009,0.8493109948263016,0.85,5,3664,3.8558224329999575,drlbp+efficientnet_b0+eva02_base+siglip_base+vit_b16,
DTD,resmlp,42,0,full,random_010,0.8646185282229509,0.8654255319148936,5,3522,4.00106385700019,dinov2_large+dinov2_small+gabor+glcm+resnet101,
DTD,resmlp,42,0,full,random_011,0.8533681243041864,0.8547872340425532,5,4224,3.742365695999979,convnext_v2_t+densenet121+dinov2_small+efficientnet_b0+siglip_base,
DTD,resmlp,42,0,full,random_012,0.7704031147328018,0.7723404255319148,5,3536,2.640892306999831,deit_s+densenet121+drlbp+efficientnet_b0+swin_t,
DTD,resmlp,42,0,full,random_013,0.8169030234318881,0.8180851063829787,5,3376,2.294569788999979,convnext_v2_t+densenet121+gabor+mae_base+vit_b16,
DTD,resmlp,42,0,full,random_014,0.7714311936785672,0.773936170212766,5,7396,1.9409902790002889,hog+mae_base+resnet101+resnet50+swin_t,
DTD,resmlp,42,0,full,random_015,0.7931084081167568,0.7946808510638298,5,3398,1.6147232329999497,convnext_v2_t+drlbp+glcm+hog+vit_b16,
DTD,resmlp,42,0,full,random_016,0.8094709588985054,0.8111702127659575,5,4400,4.103749292999964,convnext_v2_t+gabor+mae_base+resnet101+vit_b16,
DTD,resmlp,42,0,full,random_017,0.8649844510540616,0.8664893617021276,5,4688,1.960401635999915,dinov2+dinov2_large+drlbp+resnet50+siglip_base,
DTD,resmlp,42,0,full,random_018,0.8243820478278695,0.825531914893617,5,2870,1.6093921659999069,densenet121+eva02_base+lbp+mae_base+rgb_ngram_svd,
DTD,resmlp,42,0,full,random_019,0.8671086272465391,0.8691489361702127,5,2736,3.033014052999988,deit_s+dinov2+eva02_base+gabor+siglip_base,
DTD,resmlp,42,0,full,random_020,0.8205453006705263,0.8196808510638298,5,2652,2.253597061000164,eva02_base+gabor+glcm+hog+lbp,
DTD,resmlp,42,0,full,random_021,0.830407437708856,0.8319148936170213,5,2578,3.7262726819999443,glcm+mae_base+rgb_ngram_svd+siglip_base+vit_b16,
DTD,resmlp,42,0,full,random_022,0.7529558697633287,0.7553191489361702,5,3224,4.289413952999894,densenet121+drlbp+glcm+lbp+resnet101,
DTD,resmlp,42,0,full,random_023,0.8434342528904235,0.8446808510638298,5,4992,3.1318580580000344,convnext_v2_t+densenet121+dinov2_small+resnet50+vit_b16,
DTD,resmlp,42,0,full,random_024,0.8533687692847021,0.8542553191489362,5,6710,2.894893443000001,convnext_v2_t+dinov2_large+lbp+vgg16+vit_b16,
DTD,resmlp,42,0,full,random_025,0.8657345147598818,0.8664893617021276,5,7040,2.820678147000308,dinov2_large+dinov2_small+eva02_base+mae_base+vgg16,
DTD,resmlp,42,0,full,random_026,0.7932364723411045,0.7946808510638298,5,6400,4.041353615999924,mae_base+resnet101+resnet50+swin_t+vit_b16,
DTD,resmlp,42,0,full,random_027,0.8344107451679785,0.8351063829787234,5,4224,1.556993829000021,drlbp+efficientnet_b0+eva02_base+gabor+resnet50,
DTD,resmlp,42,0,full,random_028,0.8006189666616111,0.8026595744680851,5,3474,3.197247306999998,convnext_v2_t+deit_s+glcm+resnet101+rgb_ngram_svd,
DTD,resmlp,42,0,full,random_029,0.8610479900683251,0.8617021276595744,5,4736,3.915922751999915,deit_s+dinov2+eva02_base+resnet101+vit_b16,
DTD,resmlp,42,0,full,random_030,0.8618876872639766,0.8627659574468085,5,4736,4.391952357000264,dinov2+dinov2_small+resnet101+siglip_base+swin_t,
DTD,resmlp,42,0,full,random_031,0.8248686019648234,0.8265957446808511,5,5348,3.578574521000064,deit_s+dinov2_small+hog+resnet50+swin_t,
DTD,resmlp,42,0,full,random_032,0.8402074315505388,0.8414893617021276,5,7728,4.587501105000229,gabor+resnet101+siglip_base+swin_t+vgg16,
DTD,resmlp,42,0,full,random_033,0.8284264240564759,0.8297872340425532,5,5732,4.051693911000257,deit_s+hog+resnet101+siglip_base+swin_t,
DTD,resmlp,42,0,full,random_034,0.8237420993733036,0.826063829787234,5,3840,3.4372404259997893,convnext_v2_t+deit_s+densenet121+dinov2_small+efficientnet_b0,
DTD,resmlp,42,0,full,random_035,0.8302110587226281,0.8313829787234043,5,6956,2.2636626599996816,dinov2_large+glcm+hog+lbp+vgg16,
DTD,resmlp,42,0,full,random_036,0.8680425711639368,0.8691489361702127,5,3346,3.3705890460000774,convnext_v2_t+dinov2_large+eva02_base+glcm+siglip_base,
DTD,resmlp,42,0,full,random_037,0.8514199576932163,0.8526595744680852,5,2352,2.22359723999989,deit_s+dinov2_small+gabor+mae_base+siglip_base,
DTD,resmlp,42,0,full,random_038,0.7905625471261134,0.7920212765957447,5,4646,1.6754457840002033,convnext_v2_t+gabor+glcm+hog+resnet50,
DTD,resmlp,42,0,full,random_039,0.8581521970143463,0.8590425531914894,5,5140,4.52751902,dinov2_large+gabor+hog+resnet50+rgb_ngram_svd,
DTD,resmlp,42,0,full,random_040,0.8644316814579323,0.8654255319148936,5,3912,3.91258954299974,dinov2+dinov2_large+glcm+lbp+resnet50,
DTD,resmlp,42,0,full,random_041,0.8559837496039544,0.8574468085106383,5,2962,3.2840536079997946,deit_s+densenet121+dinov2+glcm+siglip_base,
DTD,resmlp,42,0,full,random_042,0.8718702587547359,0.872872340425532,5,6710,2.0524342609996893,dinov2_large+eva02_base+lbp+mae_base+vgg16,
DTD,resmlp,42,0,full,random_043,0.7467682606250667,0.749468085106383,5,5494,1.549116948000119,deit_s+efficientnet_b0+glcm+hog+resnet101,
DTD,resmlp,42,0,full,random_044,0.8485239721771747,0.8494680851063829,5,2998,3.12526446999982,convnext_v2_t+deit_s+dinov2_large+lbp+vit_b16,
DTD,resmlp,42,0,full,random_045,0.8579507324981067,0.8595744680851064,5,2048,1.1330722259999675,dinov2_small+drlbp+eva02_base+gabor+siglip_base,
DTD,resmlp,42,0,full,random_046,0.7550002498429144,0.7542553191489362,5,3738,2.328190086000177,convnext_v2_t+deit_s+hog+lbp+mae_base,
DTD,resmlp,42,0,full,random_047,0.8137918930675336,0.8159574468085107,5,6582,3.64569731399979,dinov2_small+efficientnet_b0+lbp+mae_base+vgg16,
DTD,resmlp,42,0,full,random_048,0.8599062595630154,0.8606382978723405,5,4992,1.6514949580000575,deit_s+dinov2+dinov2_large+resnet50+vit_b16,
DTD,resmlp,42,0,full,random_049,0.8434356025219609,0.8446808510638298,5,5396,2.466273562000424,gabor+hog+resnet101+siglip_base+swin_t,
DTD,resmlp,42,0,full,random_050,0.8351868112168718,0.8361702127659575,5,5988,4.2629153749999205,deit_s+densenet121+eva02_base+hog+resnet50,
DTD,resmlp,42,0,full,random_051,0.8671490183933979,0.8680851063829788,5,5712,3.473347159000241,dinov2+drlbp+eva02_base+resnet101+resnet50,
DTD,resmlp,42,0,full,random_052,0.8385742528683955,0.8393617021276596,5,5914,1.5972640560003128,efficientnet_b0+hog+lbp+resnet50+siglip_base,
DTD,resmlp,42,0,full,random_053,0.8684070190034519,0.8696808510638298,5,5120,3.270828352999615,convnext_v2_t+dinov2+eva02_base+resnet50+siglip_base,
DTD,resmlp,42,0,full,random_054,0.7984596713056914,0.8,5,5888,3.810281856000074,densenet121+efficientnet_b0+resnet50+swin_t+vit_b16,
DTD,resmlp,42,0,full,random_055,0.831086590780226,0.8324468085106383,5,5220,3.7196749849999833,densenet121+dinov2_small+efficientnet_b0+hog+vit_b16,
DTD,resmlp,42,0,full,random_056,0.8492087614165581,0.85,5,4016,3.2605078820006383,convnext_v2_t+deit_s+dinov2+gabor+resnet50,
DTD,resmlp,42,0,full,random_057,0.8556322119787207,0.8569148936170212,5,6272,4.080935842999679,deit_s+dinov2+eva02_base+rgb_ngram_svd+vgg16,
DTD,resmlp,42,0,full,random_058,0.8643348459446497,0.8648936170212767,5,4224,1.7498511650001092,dinov2_small+eva02_base+resnet101+rgb_ngram_svd+siglip_base,
DTD,resmlp,42,0,full,random_059,0.8505202252579749,0.851063829787234,5,4370,3.504929065000397,convnext_v2_t+dinov2+glcm+resnet101+swin_t,
DTD,resmlp,42,0,full,random_060,0.8660690100957342,0.8675531914893617,5,3072,1.4729075320001357,deit_s+dinov2+dinov2_small+eva02_base+vit_b16,
DTD,resmlp,42,0,full,random_061,0.8074116447493334,0.8085106382978723,5,1506,3.4767239070006326,dinov2_small+drlbp+glcm+rgb_ngram_svd+vit_b16,
DTD,resmlp,42,0,full,random_062,0.8257973589942282,0.8276595744680851,5,4278,1.9460185550005917,densenet121+dinov2_small+lbp+resnet101+vit_b16,
DTD,resmlp,42,0,full,random_063,0.8662546891737155,0.8670212765957447,5,3974,3.8615171689998533,dinov2_large+drlbp+lbp+resnet101+siglip_base,
DTD,resmlp,42,0,full,random_064,0.8374611090771332,0.8382978723404255,5,4854,1.4552814660000877,dinov2+glcm+hog+resnet50+rgb_ngram_svd,
DTD,resmlp,42,0,full,random_065,0.843299514666202,0.8446808510638298,5,5376,2.1899066509995464,convnext_v2_t+densenet121+eva02_base+resnet50+swin_t,
DTD,resmlp,42,0,full,random_066,0.8292151669715292,0.8303191489361702,5,4634,3.5574111910000283,efficientnet_b0+eva02_base+hog+lbp+swin_t,
DTD,resmlp,42,0,full,random_067,0.8208226956245218,0.8223404255319149,5,7268,2.622034359999816,densenet121+dinov2_small+hog+resnet101+resnet50,
DTD,resmlp,42,0,full,random_068,0.8361194958160098,0.8372340425531914,5,3280,3.502723123000578,deit_s+drlbp+efficientnet_b0+mae_base+siglip_base,
DTD,resmlp,42,0,full,random_069,0.8594917855356974,0.8606382978723405,5,4224,3.8404512830002204,dinov2+dinov2_small+eva02_base+resnet101+rgb_ngram_svd,
DTD,resmlp,42,0,full,random_070,0.8705991402700355,0.8712765957446809,5,7424,3.536137893999694,dinov2+dinov2_large+eva02_base+vgg16+vit_b16,
DTD,resmlp,42,0,full,random_071,0.854963762716135,0.8558510638297873,5,5248,3.951372712000193,deit_s+densenet121+dinov2_large+resnet50+vit_b16,
DTD,resmlp,42,0,full,random_072,0.8690972457706423,0.8702127659574468,5,3712,3.553863377000198,convnext_v2_t+deit_s+dinov2+dinov2_large+eva02_base,
DTD,resmlp,42,0,full,random_073,0.809833400540476,0.8117021276595745,5,7414,4.907182314000238,convnext_v2_t+glcm+hog+vgg16+vit_b16,
DTD,resmlp,42,0,full,random_074,0.8465683472588924,0.8473404255319149,5,4992,4.263421316999484,convnext_v2_t+deit_s+densenet121+dinov2+resnet101,
DTD,resmlp,42,0,full,random_075,0.8451081130987034,0.8457446808510638,5,7552,4.14365202099998,deit_s+dinov2_large+efficientnet_b0+mae_base+vgg16,
DTD,resmlp,42,0,full,random_076,0.8542090831706529,0.8563829787234043,5,2918,1.1560013019998223,dinov2+efficientnet_b0+gabor+lbp+siglip_base,
DTD,resmlp,42,0,full,random_077,0.8437245547343415,0.8457446808510638,5,2402,1.3538524659998075,convnext_v2_t+drlbp+eva02_base+glcm+siglip_base,
DTD,resmlp,42,0,full,random_078,0.7315155322909416,0.7340425531914894,5,4140,3.794880628000101,glcm+hog+lbp+resnet50+rgb_ngram_svd,
DTD,resmlp,42,0,full,random_079,0.7563295348634819,0.7574468085106383,5,2578,3.8312622820003526,deit_s+drlbp+gabor+glcm+resnet50,
DTD,resmlp,42,0,full,random_080,0.7570186164854298,0.7585106382978724,5,5530,1.7570876870004213,deit_s+efficientnet_b0+hog+lbp+resnet50,
DTD,resmlp,42,0,full,random_081,0.7631866122744585,0.7648936170212766,5,7632,4.047728302999531,deit_s+densenet121+drlbp+resnet50+vgg16,
DTD,resmlp,42,0,full,random_082,0.8342691736103534,0.8356382978723405,5,2962,2.5440648630001306,deit_s+densenet121+glcm+siglip_base+swin_t,
DTD,resmlp,42,0,full,random_083,0.8209871279670815,0.823404255319149,5,3632,1.9315117140004077,deit_s+dinov2_small+gabor+mae_base+resnet50,
DTD,resmlp,42,0,full,random_084,0.861879646634472,0.8627659574468085,5,4662,3.5986551770001824,convnext_v2_t+dinov2+dinov2_large+lbp+resnet101,
DTD,resmlp,42,0,full,random_085,0.7672823551280727,0.7691489361702127,5,7424,2.4049821130001874,densenet121+efficientnet_b0+rgb_ngram_svd+swin_t+vgg16,
DTD,resmlp,42,0,full,random_086,0.860808676889599,0.8617021276595744,5,2768,3.895143874000496,deit_s+dinov2+drlbp+mae_base+siglip_base,
DTD,resmlp,42,0,full,random_087,0.8050346863069721,0.8069148936170213,5,6162,4.133376427999792,convnext_v2_t+efficientnet_b0+glcm+resnet101+resnet50,
DTD,resmlp,42,0,full,random_088,0.8571878124663098,0.8579787234042553,5,4096,1.867199898999388,densenet121+eva02_base+mae_base+siglip_base+swin_t,
DTD,resmlp,42,0,full,random_089,0.8332507249687107,0.8335106382978723,5,8064,1.8373443010004848,deit_s+eva02_base+mae_base+resnet50+vgg16,
DTD,resmlp,42,0,full,random_090,0.708603788203383,0.7101063829787234,5,4626,1.40484874699996,deit_s+drlbp+gabor+glcm+vgg16,
DTD,resmlp,42,0,full,random_091,0.8463135080557245,0.847872340425532,5,5658,3.678951756999595,dinov2_large+hog+lbp+resnet50+swin_t,
DTD,resmlp,42,0,full,random_092,0.8179161555380687,0.8191489361702128,5,1602,2.4455062450006153,deit_s+dinov2_small+gabor+glcm+mae_base,
DTD,resmlp,42,0,full,random_093,0.7659530205424707,0.7654255319148936,5,8210,2.294287703000009,efficientnet_b0+glcm+mae_base+resnet50+vgg16,
DTD,resmlp,42,0,full,random_094,0.8479280742143168,0.8494680851063829,5,3170,3.082054640000024,densenet121+dinov2+drlbp+efficientnet_b0+glcm,
DTD,resmlp,42,0,full,random_095,0.8067694285511873,0.8085106382978723,5,3894,3.5452388300000166,convnext_v2_t+lbp+resnet101+rgb_ngram_svd+vit_b16,
DTD,resmlp,42,0,full,random_096,0.8375539721907134,0.8398936170212766,5,7936,3.7401941400003125,densenet121+dinov2+efficientnet_b0+swin_t+vgg16,
DTD,resmlp,42,0,full,random_097,0.8429000515444011,0.8441489361702128,5,2706,1.631605311000385,dinov2_small+glcm+mae_base+siglip_base+swin_t,
DTD,resmlp,42,0,full,random_098,0.8297196526180962,0.8303191489361702,5,5504,1.3926448880001772,deit_s+densenet121+efficientnet_b0+resnet50+siglip_base,
DTD,resmlp,42,0,full,random_099,0.8595771466681674,0.8606382978723405,5,4882,2.350151934000678,densenet121+dinov2+dinov2_large+glcm+resnet101,
DTD,svm,42,0,full,random_000,0.7674722027003048,0.7702127659574468,5,4114,19.19780134100074,densenet121+glcm+resnet101+rgb_ngram_svd+swin_t,
DTD,svm,42,0,full,random_001,0.8349377435064369,0.8356382978723405,5,4114,18.854920392999702,densenet121+eva02_base+glcm+resnet101+rgb_ngram_svd,
DTD,svm,42,0,full,random_002,0.8476478900714276,0.8494680851063829,5,7296,21.917093266000848,dinov2_small+efficientnet_b0+siglip_base+swin_t+vgg16,
DTD,svm,42,0,full,random_003,0.8548187901320341,0.8553191489361702,5,4660,37.374288506000084,drlbp+efficientnet_b0+eva02_base+hog+siglip_base,
DTD,svm,42,0,full,random_004,0.8478266176248831,0.8494680851063829,5,3974,22.533262119999563,densenet121+dinov2+drlbp+lbp+resnet50,
DTD,svm,42,0,full,random_005,0.8530643630802138,0.8547872340425532,5,8192,43.51838298400071,densenet121+dinov2_large+efficientnet_b0+mae_base+vgg16,
DTD,svm,42,0,full,random_006,0.831609176919577,0.8329787234042553,5,2176,31.43664895799975,densenet121+dinov2+drlbp+gabor+rgb_ngram_svd,
DTD,svm,42,0,full,random_007,0.7749340950321019,0.7776595744680851,5,5044,22.834626025000034,deit_s+drlbp+hog+resnet50+swin_t,
DTD,svm,42,0,full,random_008,0.7549110249999615,0.7574468085106383,5,3090,22.850093794000713,efficientnet_b0+glcm+mae_base+rgb_ngram_svd+swin_t,
DTD,svm,42,0,full,random_009,0.8487450387115291,0.850531914893617,5,3664,25.82376135100003,drlbp+efficientnet_b0+eva02_base+siglip_base+vit_b16,
DTD,svm,42,0,full,random_010,0.856263762563136,0.8579787234042553,5,3522,26.37985453299916,dinov2_large+dinov2_small+gabor+glcm+resnet101,
DTD,svm,42,0,full,random_011,0.845678737624325,0.8468085106382979,5,4224,23.54151051699955,convnext_v2_t+densenet121+dinov2_small+efficientnet_b0+siglip_base,
DTD,svm,42,0,full,random_012,0.7777286648586882,0.7797872340425532,5,3536,40.48460887900001,deit_s+densenet121+drlbp+efficientnet_b0+swin_t,
DTD,svm,42,0,full,random_013,0.8057008983528742,0.8079787234042554,5,3376,43.6952209279998,convnext_v2_t+densenet121+gabor+mae_base+vit_b16,
DTD,svm,42,0,full,random_014,0.7763364746801081,0.7781914893617021,5,7396,39.161852940000244,hog+mae_base+resnet101+resnet50+swin_t,
DTD,svm,42,0,full,random_015,0.7879942769276916,0.7904255319148936,5,3398,40.04469383800006,convnext_v2_t+drlbp+glcm+hog+vit_b16,
DTD,svm,42,0,full,random_016,0.8101374461935411,0.8122340425531915,5,4400,26.02321781699993,convnext_v2_t+gabor+mae_base+resnet101+vit_b16,
DTD,svm,42,0,full,random_017,0.8679851575055879,0.8691489361702127,5,4688,22.04127475400037,dinov2+dinov2_large+drlbp+resnet50+siglip_base,
DTD,svm,42,0,full,random_018,0.8258166802070689,0.8265957446808511,5,2870,35.35191369700078,densenet121+eva02_base+lbp+mae_base+rgb_ngram_svd,
DTD,svm,42,0,full,random_019,0.8676919840369927,0.8691489361702127,5,2736,24.872880936,deit_s+dinov2+eva02_base+gabor+siglip_base,
DTD,svm,42,0,full,random_020,0.8323656090309541,0.8335106382978723,5,2652,27.180243245000383,eva02_base+gabor+glcm+hog+lbp,
DTD,svm,42,0,full,random_021,0.8176985439969744,0.8202127659574469,5,2578,26.107336342000053,glcm+mae_base+rgb_ngram_svd+siglip_base+vit_b16,
DTD,svm,42,0,full,random_022,0.7629574716195702,0.7654255319148936,5,3224,27.642811585000345,densenet121+drlbp+glcm+lbp+resnet101,
DTD,svm,42,0,full,random_023,0.8384304325812351,0.8398936170212766,5,4992,17.16214450300049,convnext_v2_t+densenet121+dinov2_small+resnet50+vit_b16,
DTD,svm,42,0,full,random_024,0.8562603702320672,0.8574468085106383,5,6710,18.211432922000313,convnext_v2_t+dinov2_large+lbp+vgg16+vit_b16,
DTD,svm,42,0,full,random_025,0.8742738984581108,0.875531914893617,5,7040,17.742541009999513,dinov2_large+dinov2_small+eva02_base+mae_base+vgg16,
DTD,svm,42,0,full,random_026,0.796460791999301,0.7984042553191489,5,6400,21.48951371899966,mae_base+resnet101+resnet50+swin_t+vit_b16,
DTD,svm,42,0,full,random_027,0.8382723647351181,0.8388297872340426,5,4224,18.223577480999666,drlbp+efficientnet_b0+eva02_base+gabor+resnet50,
DTD,svm,42,0,full,random_028,0.7902124910022068,0.7925531914893617,5,3474,29.798086236000017,convnext_v2_t+deit_s+glcm+resnet101+rgb_ngram_svd,
DTD,svm,42,0,full,random_029,0.8641054815635193,0.8654255319148936,5,4736,19.75816677400053,deit_s+dinov2+eva02_base+resnet101+vit_b16,
DTD,svm,42,0,full,random_030,0.8535703864896425,0.8547872340425532,5,4736,18.772331861000566,dinov2+dinov2_small+resnet101+siglip_base+swin_t,
DTD,svm,42,0,full,random_031,0.8280589856719908,0.8292553191489361,5,5348,23.24479530699955,deit_s+dinov2_small+hog+resnet50+swin_t,
DTD,svm,42,0,full,random_032,0.8373066673461935,0.8393617021276596,5,7728,21.09891248399981,gabor+resnet101+siglip_base+swin_t+vgg16,
DTD,svm,42,0,full,random_033,0.8291582142010039,0.8313829787234043,5,5732,28.19114000100035,deit_s+hog+resnet101+siglip_base+swin_t,
DTD,svm,42,0,full,random_034,0.8231704289351582,0.825,5,3840,22.113731529000688,convnext_v2_t+deit_s+densenet121+dinov2_small+efficientnet_b0,
DTD,svm,42,0,full,random_035,0.8483319395768828,0.8494680851063829,5,6956,25.55654232300003,dinov2_large+glcm+hog+lbp+vgg16,
DTD,svm,42,0,full,random_036,0.8706144326621158,0.8723404255319149,5,3346,31.76598819799983,convnext_v2_t+dinov2_large+eva02_base+glcm+siglip_base,
DTD,svm,42,0,full,random_037,0.8488090061463996,0.850531914893617,5,2352,22.27272928000002,deit_s+dinov2_small+gabor+mae_base+siglip_base,
DTD,svm,42,0,full,random_038,0.7964653106689651,0.7984042553191489,5,4646,22.882289724000657,convnext_v2_t+gabor+glcm+hog+resnet50,
DTD,svm,42,0,full,random_039,0.8511439726374064,0.8521276595744681,5,5140,24.15206693500022,dinov2_large+gabor+hog+resnet50+rgb_ngram_svd,
DTD,svm,42,0,full,random_040,0.864347345654649,0.8659574468085106,5,3912,15.586735273000158,dinov2+dinov2_large+glcm+lbp+resnet50,
DTD,svm,42,0,full,random_041,0.8533174620973764,0.8547872340425532,5,2962,27.719718108000052,deit_s+densenet121+dinov2+glcm+siglip_base,
DTD,svm,42,0,full,random_042,0.8769549659817584,0.8781914893617021,5,6710,19.18822414100032,dinov2_large+eva02_base+lbp+mae_base+vgg16,
DTD,svm,42,0,full,random_043,0.7744339454325855,0.7760638297872341,5,5494,27.342636841999592,deit_s+efficientnet_b0+glcm+hog+resnet101,
DTD,svm,42,0,full,random_044,0.850643770714546,0.8515957446808511,5,2998,31.371341838000262,convnext_v2_t+deit_s+dinov2_large+lbp+vit_b16,
DTD,svm,42,0,full,random_045,0.8660390090473516,0.8664893617021276,5,2048,19.76693729500039,dinov2_small+drlbp+eva02_base+gabor+siglip_base,
DTD,svm,42,0,full,random_046,0.7806420951416947,0.7829787234042553,5,3738,35.60512503300015,convnext_v2_t+deit_s+hog+lbp+mae_base,
DTD,svm,42,0,full,random_047,0.8201413382877594,0.8218085106382979,5,6582,21.97305117399992,dinov2_small+efficientnet_b0+lbp+mae_base+vgg16,
DTD,svm,42,0,full,random_048,0.8605711744581998,0.8617021276595744,5,4992,21.957622005000303,deit_s+dinov2+dinov2_large+resnet50+vit_b16,
DTD,svm,42,0,full,random_049,0.8399893151926972,0.8420212765957447,5,5396,37.34031616500033,gabor+hog+resnet101+siglip_base+swin_t,
DTD,svm,42,0,full,random_050,0.8347442507799252,0.8356382978723405,5,5988,43.56902743699993,deit_s+densenet121+eva02_base+hog+resnet50,
DTD,svm,42,0,full,random_051,0.8674472401021381,0.8686170212765958,5,5712,34.21769469999981,dinov2+drlbp+eva02_base+resnet101+resnet50,
DTD,svm,42,0,full,random_052,0.8359992845577617,0.8377659574468085,5,5914,48.14751599700048,efficientnet_b0+hog+lbp+resnet50+siglip_base,
DTD,svm,42,0,full,random_053,0.8649709609310523,0.8659574468085106,5,5120,32.08480390099976,convnext_v2_t+dinov2+eva02_base+resnet50+siglip_base,
DTD,svm,42,0,full,random_054,0.8030087486482653,0.8042553191489362,5,5888,56.46128373400006,densenet121+efficientnet_b0+resnet50+swin_t+vit_b16,
DTD,svm,42,0,full,random_055,0.8321994777452707,0.8335106382978723,5,5220,46.79602802000045,densenet121+dinov2_small+efficientnet_b0+hog+vit_b16,
DTD,svm,42,0,full,random_056,0.8513851571933959,0.8526595744680852,5,4016,27.42017718599982,convnext_v2_t+deit_s+dinov2+gabor+resnet50,
DTD,svm,42,0,full,random_057,0.8615617115613492,0.8627659574468085,5,6272,27.652511902999322,deit_s+dinov2+eva02_base+rgb_ngram_svd+vgg16,
DTD,svm,42,0,full,random_058,0.8526412815839095,0.8531914893617021,5,4224,31.470852870999806,dinov2_small+eva02_base+resnet101+rgb_ngram_svd+siglip_base,
DTD,svm,42,0,full,random_059,0.8529483689934058,0.8542553191489362,5,4370,33.72893727299925,convnext_v2_t+dinov2+glcm+resnet101+swin_t,
DTD,svm,42,0,full,random_060,0.8666613576896011,0.8675531914893617,5,3072,56.36476830100037,deit_s+dinov2+dinov2_small+eva02_base+vit_b16,
DTD,svm,42,0,full,random_061,0.8110735770912315,0.8122340425531915,5,1506,25.768933113999992,dinov2_small+drlbp+glcm+rgb_ngram_svd+vit_b16,
DTD,svm,42,0,full,random_062,0.8353823246247672,0.8372340425531914,5,4278,34.14343745899987,densenet121+dinov2_small+lbp+resnet101+vit_b16,
DTD,svm,42,0,full,random_063,0.862815752765797,0.8643617021276596,5,3974,33.08744811100041,dinov2_large+drlbp+lbp+resnet101+siglip_base,
DTD,svm,42,0,full,random_064,0.837883845813591,0.8393617021276596,5,4854,38.93215160900036,dinov2+glcm+hog+resnet50+rgb_ngram_svd,
DTD,svm,42,0,full,random_065,0.8494196885824742,0.850531914893617,5,5376,37.204632233000666,convnext_v2_t+densenet121+eva02_base+resnet50+swin_t,
DTD,svm,42,0,full,random_066,0.8362678178076564,0.8377659574468085,5,4634,42.87736322599994,efficientnet_b0+eva02_base+hog+lbp+swin_t,
DTD,svm,42,0,full,random_067,0.8328715816145751,0.8345744680851064,5,7268,47.156351302000076,densenet121+dinov2_small+hog+resnet101+resnet50,
DTD,svm,42,0,full,random_068,0.8284325940048927,0.8297872340425532,5,3280,54.4356240900006,deit_s+drlbp+efficientnet_b0+mae_base+siglip_base,
DTD,svm,42,0,full,random_069,0.8543365940861419,0.8553191489361702,5,4224,26.26668140699985,dinov2+dinov2_small+eva02_base+resnet101+rgb_ngram_svd,
DTD,svm,42,0,full,random_070,0.8764914686010832,0.8776595744680851,5,7424,33.39701798399983,dinov2+dinov2_large+eva02_base+vgg16+vit_b16,
DTD,svm,42,0,full,random_071,0.8561348393800523,0.8563829787234043,5,5248,34.41051973899994,deit_s+densenet121+dinov2_large+resnet50+vit_b16,
DTD,svm,42,0,full,random_072,0.868262337895625,0.8696808510638298,5,3712,62.81033876799938,convnext_v2_t+deit_s+dinov2+dinov2_large+eva02_base,
DTD,svm,42,0,full,random_073,0.8104219722191656,0.8122340425531915,5,7414,39.03492714999993,convnext_v2_t+glcm+hog+vgg16+vit_b16,
DTD,svm,42,0,full,random_074,0.8404158549513371,0.8414893617021276,5,4992,31.20917165500032,convnext_v2_t+deit_s+densenet121+dinov2+resnet101,
DTD,svm,42,0,full,random_075,0.8519656576828939,0.8537234042553191,5,7552,36.29955812699973,deit_s+dinov2_large+efficientnet_b0+mae_base+vgg16,
DTD,svm,42,0,full,random_076,0.858873816626248,0.8601063829787234,5,2918,46.26534086399988,dinov2+efficientnet_b0+gabor+lbp+siglip_base,
DTD,svm,42,0,full,random_077,0.8506509767546792,0.8521276595744681,5,2402,35.85582811899985,convnext_v2_t+drlbp+eva02_base+glcm+siglip_base,
DTD,svm,42,0,full,random_078,0.7163685657302139,0.7191489361702128,5,4140,40.42954145800013,glcm+hog+lbp+resnet50+rgb_ngram_svd,
DTD,svm,42,0,full,random_079,0.7521574722175799,0.7542553191489362,5,2578,27.181934414999887,deit_s+drlbp+gabor+glcm+resnet50,
DTD,svm,42,0,full,random_080,0.7717786579600218,0.7734042553191489,5,5530,45.98289980899972,deit_s+efficientnet_b0+hog+lbp+resnet50,
DTD,svm,42,0,full,random_081,0.762737005304534,0.7654255319148936,5,7632,32.91364649600018,deit_s+densenet121+drlbp+resnet50+vgg16,
DTD,svm,42,0,full,random_082,0.8314521089750776,0.8335106382978723,5,2962,49.99770445299964,deit_s+densenet121+glcm+siglip_base+swin_t,
DTD,svm,42,0,full,random_083,0.8228602375945484,0.825,5,3632,46.827272452000216,deit_s+dinov2_small+gabor+mae_base+resnet50,
DTD,svm,42,0,full,random_084,0.8604794032462579,0.8617021276595744,5,4662,30.71255380399998,convnext_v2_t+dinov2+dinov2_large+lbp+resnet101,
DTD,svm,42,0,full,random_085,0.7699336124675678,0.7712765957446809,5,7424,38.43142649299989,densenet121+efficientnet_b0+rgb_ngram_svd+swin_t+vgg16,
DTD,svm,42,0,full,random_086,0.8579268112125283,0.8595744680851064,5,2768,43.215027086999726,deit_s+dinov2+drlbp+mae_base+siglip_base,
DTD,svm,42,0,full,random_087,0.8057995179351615,0.8079787234042554,5,6162,38.60463242199967,convnext_v2_t+efficientnet_b0+glcm+resnet101+resnet50,
DTD,svm,42,0,full,random_088,0.8556064326367903,0.8569148936170212,5,4096,32.90388222799993,densenet121+eva02_base+mae_base+siglip_base+swin_t,
DTD,svm,42,0,full,random_089,0.8396328425312083,0.8404255319148937,5,8064,33.19029085299917,deit_s+eva02_base+mae_base+resnet50+vgg16,
DTD,svm,42,0,full,random_090,0.7168633806295511,0.7196808510638298,5,4626,20.609772920999603,deit_s+drlbp+gabor+glcm+vgg16,
DTD,svm,42,0,full,random_091,0.8483256457137826,0.85,5,5658,40.95439283399992,dinov2_large+hog+lbp+resnet50+swin_t,
DTD,svm,42,0,full,random_092,0.8185265078812941,0.8202127659574469,5,1602,25.440762257000642,deit_s+dinov2_small+gabor+glcm+mae_base,
DTD,svm,42,0,full,random_093,0.7692082542808987,0.7718085106382979,5,8210,38.95698336100031,efficientnet_b0+glcm+mae_base+resnet50+vgg16,
DTD,svm,42,0,full,random_094,0.8470926509014325,0.8489361702127659,5,3170,47.700520086000324,densenet121+dinov2+drlbp+efficientnet_b0+glcm,
DTD,svm,42,0,full,random_095,0.8012286680565874,0.8031914893617021,5,3894,24.59391820499968,convnext_v2_t+lbp+resnet101+rgb_ngram_svd+vit_b16,
DTD,svm,42,0,full,random_096,0.8402819376171305,0.8420212765957447,5,7936,37.08727785600058,densenet121+dinov2+efficientnet_b0+swin_t+vgg16,
DTD,svm,42,0,full,random_097,0.8536458611416478,0.8553191489361702,5,2706,45.083551535999504,dinov2_small+glcm+mae_base+siglip_base+swin_t,
DTD,svm,42,0,full,random_098,0.830163045447804,0.8308510638297872,5,5504,37.421185816000616,deit_s+densenet121+efficientnet_b0+resnet50+siglip_base,
DTD,svm,42,0,full,random_099,0.854957940217934,0.8563829787234043,5,4882,30.658362967999892,densenet121+dinov2+dinov2_large+glcm+resnet101,
DTD,resmlp,42,1,full,random_000,0.8390810215105019,0.8414893617021276,8,11924,4.551381264000156,convnext_v2_t+deit_s+dinov2+gabor+hog+resnet101+resnet50+vgg16,
DTD,resmlp,42,1,full,random_001,0.8465298123389189,0.8473404255319149,8,4352,3.866635743000188,convnext_v2_t+deit_s+drlbp+eva02_base+gabor+siglip_base+swin_t+vit_b16,
DTD,resmlp,42,1,full,random_002,0.7777795689169523,0.7792553191489362,8,6426,3.9167989489997126,deit_s+drlbp+efficientnet_b0+gabor+hog+lbp+resnet101+swin_t,
DTD,resmlp,42,1,full,random_003,0.8516788685194729,0.8537234042553191,8,7814,3.579891112000041,convnext_v2_t+densenet121+dinov2_large+drlbp+lbp+resnet101+resnet50+vit_b16,
DTD,resmlp,42,1,full,random_004,0.8355386901568005,0.8361702127659575,8,7686,5.070682752000721,convnext_v2_t+deit_s+drlbp+efficientnet_b0+eva02_base+lbp+rgb_ngram_svd+vgg16,
DTD,resmlp,42,1,full,random_005,0.8569565189052551,0.8585106382978723,8,11876,5.38264533399888,dinov2+dinov2_small+efficientnet_b0+hog+resnet50+siglip_base+vgg16+vit_b16,
DTD,resmlp,42,1,full,random_006,0.8646608604134373,0.8659574468085106,8,7572,5.853750677000789,convnext_v2_t+dinov2+dinov2_large+dinov2_small+gabor+hog+resnet101+swin_t,
DTD,resmlp,42,1,full,random_007,0.8380432725164382,0.8388297872340426,8,7606,3.013428059999569,dinov2_large+drlbp+efficientnet_b0+gabor+lbp+mae_base+rgb_ngram_svd+vgg16,
DTD,resmlp,42,1,full,random_008,0.8254048302325638,0.8265957446808511,8,7734,4.1979011180010275,densenet121+dinov2_small+drlbp+efficientnet_b0+gabor+lbp+swin_t+vgg16,
DTD,resmlp,42,1,full,random_009,0.8525688522167131,0.8531914893617021,8,3784,2.031238547000612,convnext_v2_t+deit_s+dinov2+eva02_base+glcm+lbp+rgb_ngram_svd+vit_b16,
DTD,resmlp,42,1,full,random_010,0.8490713360578802,0.850531914893617,8,6576,3.4474239480005053,convnext_v2_t+densenet121+dinov2_small+gabor+resnet50+siglip_base+swin_t+vit_b16,
DTD,resmlp,42,1,full,random_011,0.8568233480745348,0.8590425531914894,8,5478,5.149721461999434,dinov2+gabor+lbp+resnet101+rgb_ngram_svd+siglip_base+swin_t+vit_b16,
DTD,resmlp,42,1,full,random_012,0.8422922242303162,0.8441489361702128,8,9618,3.586033936999229,convnext_v2_t+deit_s+dinov2+glcm+resnet101+swin_t+vgg16+vit_b16,
DTD,resmlp,42,1,full,random_013,0.754328285562298,0.7563829787234042,8,6554,2.3153563710002345,densenet121+drlbp+efficientnet_b0+gabor+hog+lbp+resnet101+rgb_ngram_svd,
DTD,resmlp,42,1,full,random_014,0.8327747190230869,0.8345744680851064,8,5734,5.216076353000972,convnext_v2_t+deit_s+dinov2_small+efficientnet_b0+gabor+lbp+resnet50+swin_t,
DTD,resmlp,42,1,full,random_015,0.8429053282544159,0.8441489361702128,8,8374,5.579886411000189,dinov2_small+efficientnet_b0+eva02_base+lbp+mae_base+rgb_ngram_svd+swin_t+vgg16,
DTD,resmlp,42,1,full,random_016,0.8213850584818448,0.823404255319149,8,10722,5.067641421001099,convnext_v2_t+dinov2_small+drlbp+efficientnet_b0+glcm+resnet101+resnet50+vgg16,
DTD,resmlp,42,1,full,random_017,0.8366175895480427,0.8372340425531914,8,9542,4.85422989700055,convnext_v2_t+drlbp+efficientnet_b0+glcm+hog+siglip_base+swin_t+vgg16,
DTD,resmlp,42,1,full,random_018,0.8532776980698746,0.8553191489361702,8,9570,4.42334140300045,convnext_v2_t+dinov2+dinov2_large+drlbp+glcm+resnet50+vgg16+vit_b16,
DTD,resmlp,42,1,full,random_019,0.8623959960310285,0.8632978723404255,8,8576,3.9667382379993796,deit_s+densenet121+dinov2+eva02_base+mae_base+resnet101+resnet50+siglip_base,
DTD,resmlp,42,1,full,random_020,0.8421077928457215,0.8441489361702128,8,8326,4.09605381000074,densenet121+dinov2+drlbp+efficientnet_b0+lbp+rgb_ngram_svd+vgg16+vit_b16,
DTD,resmlp,42,1,full,random_021,0.8371721689803168,0.8388297872340426,8,8016,5.073348920999706,convnext_v2_t+deit_s+dinov2_small+drlbp+mae_base+siglip_base+vgg16+vit_b16,
DTD,resmlp,42,1,full,random_022,0.7888840565352895,0.7914893617021277,8,10486,3.1836680190008337,convnext_v2_t+glcm+hog+resnet50+rgb_ngram_svd+swin_t+vgg16+vit_b16,
DTD,resmlp,42,1,full,random_023,0.853548076590731,0.8547872340425532,8,4168,3.036151661999611,deit_s+densenet121+dinov2+dinov2_small+glcm+lbp+mae_base+swin_t,
DTD,resmlp,42,1,full,random_024,0.835366023978841,0.8372340425531914,8,8002,4.244449679999889,deit_s+densenet121+dinov2_small+efficientnet_b0+eva02_base+gabor+glcm+vgg16,
DTD,resmlp,42,1,full,random_025,0.8648569486001543,0.8659574468085106,8,8144,4.161324702999991,dinov2+dinov2_large+dinov2_small+drlbp+eva02_base+rgb_ngram_svd+vgg16+vit_b16,
DTD,resmlp,42,1,full,random_026,0.7826447368405107,0.7835106382978724,8,7874,3.517967695999687,convnext_v2_t+deit_s+densenet121+efficientnet_b0+gabor+glcm+rgb_ngram_svd+vgg16,
DTD,resmlp,42,1,full,random_027,0.857130836011433,0.8585106382978723,8,8292,4.359019555000486,deit_s+densenet121+dinov2+eva02_base+hog+resnet50+swin_t+vit_b16,
DTD,resmlp,42,1,full,random_028,0.8403960827691814,0.8420212765957447,8,5676,5.365698124000119,deit_s+dinov2_small+eva02_base+glcm+hog+lbp+resnet50+rgb_ngram_svd,
DTD,resmlp,42,1,full,random_029,0.8387322074179956,0.8409574468085106,8,9680,3.94206298500103,dinov2+dinov2_small+drlbp+efficientnet_b0+mae_base+resnet101+rgb_ngram_svd+vgg16,
DTD,resmlp,42,1,full,random_030,0.8590268312333529,0.8595744680851064,8,5990,2.744339270000637,densenet121+dinov2_large+eva02_base+gabor+lbp+resnet101+rgb_ngram_svd+vit_b16,
DTD,resmlp,42,1,full,random_031,0.8420750965658939,0.8441489361702128,8,7274,2.6240547910001624,convnext_v2_t+densenet121+dinov2+drlbp+hog+lbp+mae_base+resnet50,
DTD,resmlp,42,1,full,random_032,0.7879225190294966,0.7898936170212766,8,8358,3.8776431980004418,deit_s+efficientnet_b0+gabor+glcm+hog+resnet101+resnet50+swin_t,
DTD,resmlp,42,1,full,random_033,0.8533755610227641,0.8547872340425532,8,3718,2.265478876000998,deit_s+dinov2_large+dinov2_small+drlbp+eva02_base+lbp+mae_base+rgb_ngram_svd,
DTD,resmlp,42,1,full,random_034,0.8624247119880312,0.8638297872340426,8,11284,5.177757034000024,dinov2+dinov2_large+eva02_base+gabor+hog+resnet101+vgg16+vit_b16,
DTD,resmlp,42,1,full,random_035,0.8667308826510938,0.8691489361702127,8,4088,2.8253682750000735,deit_s+densenet121+dinov2_large+eva02_base+gabor+glcm+lbp+siglip_base,
DTD,resmlp,42,1,full,random_036,0.8434724135213627,0.8446808510638298,8,5222,4.017121650000263,convnext_v2_t+deit_s+dinov2_small+eva02_base+gabor+lbp+resnet50+vit_b16,
DTD,resmlp,42,1,full,random_037,0.8575962200572647,0.8590425531914894,8,9728,2.951537916998859,dinov2+dinov2_large+efficientnet_b0+rgb_ngram_svd+siglip_base+swin_t+vgg16+vit_b16,
DTD,resmlp,42,1,full,random_038,0.8562136767747507,0.8579787234042553,8,7160,4.733064686999569,deit_s+dinov2_large+eva02_base+gabor+glcm+lbp+mae_base+vgg16,
DTD,resmlp,42,1,full,random_039,0.8571429022100523,0.8590425531914894,8,5138,4.110246422000273,convnext_v2_t+deit_s+densenet121+dinov2+dinov2_large+dinov2_small+glcm+swin_t,
DTD,resmlp,42,1,full,random_040,0.8235446218052107,0.824468085106383,8,9498,3.092773586999101,densenet121+eva02_base+hog+lbp+mae_base+rgb_ngram_svd+vgg16+vit_b16,
DTD,resmlp,42,1,full,random_041,0.8486659494518946,0.85,8,7296,3.7412689400007366,convnext_v2_t+dinov2+drlbp+gabor+mae_base+resnet101+resnet50+swin_t,
DTD,resmlp,42,1,full,random_042,0.8580623653830949,0.8595744680851064,8,5442,4.2084095449990855,densenet121+dinov2+efficientnet_b0+eva02_base+gabor+glcm+swin_t+vit_b16,
DTD,resmlp,42,1,full,random_043,0.8532853838573029,0.8542553191489362,8,9066,5.794215892001375,convnext_v2_t+dinov2+drlbp+eva02_base+hog+lbp+vgg16+vit_b16,
DTD,resmlp,42,1,full,random_044,0.8590518700964811,0.8606382978723405,8,6854,4.073248016000434,deit_s+dinov2+dinov2_large+drlbp+glcm+hog+resnet50+swin_t,
DTD,resmlp,42,1,full,random_045,0.8618944808076642,0.8627659574468085,8,7188,1.952816797000196,convnext_v2_t+densenet121+dinov2+efficientnet_b0+eva02_base+gabor+hog+siglip_base,
DTD,resmlp,42,1,full,random_046,0.8691714175085767,0.8702127659574468,8,7908,4.4427511310004775,convnext_v2_t+deit_s+dinov2_large+dinov2_small+eva02_base+hog+resnet50+siglip_base,
DTD,resmlp,42,1,full,random_047,0.8417585605414841,0.8436170212765958,8,4732,1.7489174279999133,dinov2+dinov2_large+drlbp+glcm+hog+lbp+mae_base+rgb_ngram_svd,
DTD,resmlp,42,1,full,random_048,0.8545630243830022,0.8558510638297873,8,11284,2.8364957370013144,convnext_v2_t+dinov2_large+gabor+hog+mae_base+resnet101+siglip_base+vgg16,
DTD,resmlp,42,1,full,random_049,0.8578901514293881,0.8590425531914894,8,6088,2.448143715000697,deit_s+dinov2+efficientnet_b0+glcm+lbp+resnet50+siglip_base+vit_b16,
DTD,resmlp,42,1,full,random_050,0.863502706527752,0.8648936170212767,8,4864,2.74590126899966,deit_s+dinov2+drlbp+efficientnet_b0+eva02_base+gabor+siglip_base+vit_b16,
DTD,resmlp,42,1,full,random_051,0.8578525130396516,0.8590425531914894,8,4358,3.0077230259994394,convnext_v2_t+densenet121+dinov2_large+dinov2_small+drlbp+lbp+rgb_ngram_svd+vit_b16,
DTD,resmlp,42,1,full,random_052,0.7631852799086316,0.7648936170212766,8,6524,4.039277091998883,densenet121+drlbp+efficientnet_b0+glcm+hog+lbp+resnet101+rgb_ngram_svd,
DTD,resmlp,42,1,full,random_053,0.85704068338906,0.8585106382978723,8,6400,3.191402337999534,deit_s+dinov2_large+drlbp+efficientnet_b0+gabor+mae_base+resnet101+swin_t,
DTD,resmlp,42,1,full,random_054,0.8018361297939921,0.8031914893617021,8,8758,3.081979305999994,densenet121+efficientnet_b0+lbp+mae_base+resnet101+resnet50+swin_t+vit_b16,
DTD,resmlp,42,1,full,random_055,0.8564169158773881,0.8579787234042553,8,8730,3.892690197000775,densenet121+dinov2_large+efficientnet_b0+hog+lbp+mae_base+resnet101+vit_b16,
DTD,resmlp,42,1,full,random_056,0.8040495451241291,0.8058510638297872,8,12790,4.52805758499926,convnext_v2_t+efficientnet_b0+glcm+hog+resnet101+resnet50+vgg16+vit_b16,
DTD,resmlp,42,1,full,random_057,0.8335366700468364,0.8351063829787234,8,6426,5.176354809000259,convnext_v2_t+deit_s+dinov2_small+hog+lbp+resnet101+rgb_ngram_svd+swin_t,
DTD,resmlp,42,1,full,random_058,0.845872484009347,0.847872340425532,8,10704,5.628293149999081,deit_s+densenet121+dinov2_large+drlbp+efficientnet_b0+mae_base+resnet101+vgg16,
DTD,resmlp,42,1,full,random_059,0.8512218966195044,0.8515957446808511,8,4760,5.102473631000976,drlbp+eva02_base+glcm+lbp+mae_base+resnet50+rgb_ngram_svd+siglip_base,
DTD,resmlp,42,1,full,random_060,0.8540654563394631,0.8558510638297873,8,7988,5.8502015710000705,dinov2_large+drlbp+efficientnet_b0+hog+mae_base+resnet101+rgb_ngram_svd+swin_t,
DTD,resmlp,42,1,full,random_061,0.7695015006140966,0.7723404255319148,8,8758,4.091683765998823,deit_s+drlbp+efficientnet_b0+gabor+lbp+mae_base+resnet101+vgg16,
DTD,resmlp,42,1,full,random_062,0.8740016854426487,0.875531914893617,8,4582,5.03616357700048,deit_s+dinov2_large+efficientnet_b0+eva02_base+gabor+lbp+rgb_ngram_svd+siglip_base,
DTD,resmlp,42,1,full,random_063,0.8277189476453097,0.8303191489361702,8,5400,3.3525708120014315,deit_s+drlbp+efficientnet_b0+glcm+lbp+mae_base+resnet101+siglip_base,
DTD,resmlp,42,1,full,random_064,0.8642522495793151,0.8654255319148936,8,6246,3.377362424000239,convnext_v2_t+dinov2+dinov2_large+eva02_base+gabor+lbp+mae_base+resnet101,
DTD,resmlp,42,1,full,random_065,0.8550328920840793,0.8558510638297873,8,4988,2.688514359000692,dinov2+drlbp+glcm+hog+lbp+siglip_base+swin_t+vit_b16,
DTD,resmlp,42,1,full,random_066,0.8423277614908902,0.8441489361702128,8,10832,4.455983500998627,dinov2+drlbp+mae_base+resnet101+resnet50+rgb_ngram_svd+swin_t+vgg16,
DTD,resmlp,42,1,full,random_067,0.8291389603553011,0.8303191489361702,8,8064,4.312693363999642,convnext_v2_t+deit_s+densenet121+resnet101+resnet50+rgb_ngram_svd+siglip_base+vit_b16,
DTD,resmlp,42,1,full,random_068,0.8633339867930598,0.8643617021276596,8,5606,4.171883724000509,convnext_v2_t+dinov2+dinov2_small+eva02_base+gabor+lbp+resnet101+siglip_base,
DTD,resmlp,42,1,full,random_069,0.8457559092584334,0.8473404255319149,8,5064,2.924557378000827,dinov2+drlbp+efficientnet_b0+gabor+glcm+lbp+mae_base+resnet101,
DTD,resmlp,42,1,full,random_070,0.8294793021373241,0.8308510638297872,8,6978,4.850995888000398,densenet121+eva02_base+gabor+glcm+resnet101+resnet50+rgb_ngram_svd+vit_b16,
DTD,resmlp,42,1,full,random_071,0.8335458996261246,0.8340425531914893,8,5430,5.256704233999699,convnext_v2_t+efficientnet_b0+eva02_base+lbp+mae_base+rgb_ngram_svd+swin_t+vit_b16,
DTD,resmlp,42,1,full,random_072,0.8515952592915926,0.8531914893617021,8,6070,6.835386523000125,convnext_v2_t+deit_s+dinov2_large+lbp+resnet101+rgb_ngram_svd+swin_t+vit_b16,
DTD,resmlp,42,1,full,random_073,0.7895182182135189,0.7909574468085107,8,11748,4.962577058000534,convnext_v2_t+efficientnet_b0+hog+mae_base+resnet101+rgb_ngram_svd+swin_t+vgg16,
DTD,resmlp,42,1,full,random_074,0.8599458852533529,0.8617021276595744,8,6790,3.4340275570011727,deit_s+dinov2+dinov2_large+dinov2_small+drlbp+lbp+resnet101+resnet50,
DTD,resmlp,42,1,full,random_075,0.8037904224660622,0.8047872340425531,8,6136,5.7140898130001005,convnext_v2_t+deit_s+gabor+glcm+lbp+resnet101+resnet50+vit_b16,
DTD,resmlp,42,1,full,random_076,0.8428422185954343,0.8436170212765958,8,9936,5.264353498998389,densenet121+dinov2_small+drlbp+eva02_base+mae_base+resnet50+swin_t+vgg16,
DTD,resmlp,42,1,full,random_077,0.7644060111660739,0.7675531914893617,8,7132,2.708467135000319,deit_s+gabor+glcm+hog+lbp+mae_base+resnet101+resnet50,
DTD,resmlp,42,1,full,random_078,0.8540675013200602,0.8558510638297873,8,12416,6.635944572999506,deit_s+densenet121+dinov2+efficientnet_b0+eva02_base+resnet101+resnet50+vgg16,
DTD,resmlp,42,1,full,random_079,0.8628729622402262,0.8643617021276596,8,6290,5.475457100999847,densenet121+dinov2_large+dinov2_small+glcm+resnet101+rgb_ngram_svd+siglip_base+swin_t,
DTD,resmlp,42,1,full,random_080,0.8483044741639272,0.85,8,9126,3.516806367000754,dinov2+dinov2_small+efficientnet_b0+gabor+glcm+hog+siglip_base+vgg16,
DTD,resmlp,42,1,full,random_081,0.8691160704084958,0.8702127659574468,8,5968,2.58441399000003,densenet121+dinov2_large+drlbp+eva02_base+mae_base+siglip_base+swin_t+vit_b16,
DTD,resmlp,42,1,full,random_082,0.8352516509348167,0.8361702127659575,8,9882,6.282702212998629,dinov2_small+efficientnet_b0+eva02_base+hog+lbp+mae_base+swin_t+vgg16,
DTD,resmlp,42,1,full,random_083,0.834419902305957,0.8356382978723405,8,8290,2.9573738660001254,convnext_v2_t+densenet121+dinov2+drlbp+efficientnet_b0+glcm+rgb_ngram_svd+vgg16,
DTD,resmlp,42,1,full,random_084,0.8565421534477476,0.8579787234042553,8,5826,3.917080925999471,convnext_v2_t+dinov2+dinov2_large+dinov2_small+gabor+glcm+resnet101+vit_b16,
DTD,resmlp,42,1,full,random_085,0.8093513610007135,0.8117021276595745,8,7862,3.037268497999321,deit_s+dinov2_small+drlbp+gabor+lbp+mae_base+resnet101+vgg16,
DTD,resmlp,42,1,full,random_086,0.8525077888854807,0.8542553191489362,8,7322,4.045680864999667,convnext_v2_t+dinov2+dinov2_small+efficientnet_b0+hog+lbp+resnet50+rgb_ngram_svd,
DTD,resmlp,42,1,full,random_087,0.8600464760475708,0.8617021276595744,8,12340,4.5355466269993485,dinov2+drlbp+hog+resnet101+resnet50+siglip_base+vgg16+vit_b16,
DTD,resmlp,42,1,full,random_088,0.8642040070868906,0.8648936170212767,8,9728,5.068529922999005,convnext_v2_t+dinov2+dinov2_large+efficientnet_b0+eva02_base+rgb_ngram_svd+siglip_base+vgg16,
DTD,resmlp,42,1,full,random_089,0.8184873448563045,0.8196808510638298,8,5092,2.217516066999451,deit_s+densenet121+drlbp+gabor+hog+mae_base+rgb_ngram_svd+siglip_base,
DTD,resmlp,42,1,full,random_090,0.8491813180869382,0.8515957446808511,8,12406,5.947484177000661,densenet121+dinov2_large+dinov2_small+glcm+hog+resnet101+resnet50+vgg16,
DTD,resmlp,42,1,full,random_091,0.8503889394100826,0.8521276595744681,8,7570,3.086796685000081,dinov2+dinov2_large+drlbp+gabor+glcm+mae_base+vgg16+vit_b16,
DTD,resmlp,42,1,full,random_092,0.8433837294079781,0.8452127659574468,8,3144,2.804342800000086,deit_s+dinov2_large+drlbp+gabor+glcm+lbp+mae_base+vit_b16,
DTD,resmlp,42,1,full,random_093,0.8451390454349438,0.8473404255319149,8,9874,2.748535737000566,deit_s+dinov2_large+efficientnet_b0+glcm+resnet50+rgb_ngram_svd+vgg16+vit_b16,
DTD,resmlp,42,1,full,random_094,0.80875738688978,0.8106382978723404,8,11748,3.729123274999438,convnext_v2_t+deit_s+densenet121+dinov2_small+efficientnet_b0+hog+resnet101+vgg16,
DTD,resmlp,42,1,full,random_095,0.8261083666294853,0.8271276595744681,8,4096,4.700701925999965,convnext_v2_t+deit_s+densenet121+drlbp+gabor+mae_base+rgb_ngram_svd+siglip_base,
DTD,resmlp,42,1,full,random_096,0.8323018749844823,0.8335106382978723,8,4888,2.2246505940001953,convnext_v2_t+dinov2_small+drlbp+glcm+lbp+mae_base+resnet50+swin_t,
DTD,resmlp,42,1,full,random_097,0.8456511624723696,0.8473404255319149,8,6986,5.439349569000115,convnext_v2_t+dinov2+efficientnet_b0+gabor+hog+lbp+resnet101+rgb_ngram_svd,
DTD,resmlp,42,1,full,random_098,0.8573128716525306,0.8590425531914894,8,8656,5.458728194000287,densenet121+dinov2_large+dinov2_small+drlbp+efficientnet_b0+resnet101+resnet50+swin_t,
DTD,resmlp,42,1,full,random_099,0.857572096791604,0.8590425531914894,8,5394,4.5618235760011885,convnext_v2_t+dinov2+efficientnet_b0+glcm+mae_base+rgb_ngram_svd+siglip_base+vit_b16,
DTD,resmlp,42,2,full,random_000,0.8510430944460418,0.8515957446808511,6,7734,4.255536811000638,densenet121+dinov2_large+lbp+mae_base+swin_t+vgg16,
DTD,resmlp,42,2,full,random_001,0.8547405800403283,0.8553191489361702,6,3968,3.5804535950010177,convnext_v2_t+deit_s+densenet121+dinov2+eva02_base+rgb_ngram_svd,
DTD,resmlp,42,2,full,random_002,0.844244556173895,0.8452127659574468,6,5046,4.069243969001036,densenet121+dinov2_small+lbp+resnet50+siglip_base+swin_t,
DTD,resmlp,42,2,full,random_003,0.8584119288982488,0.8590425531914894,6,6244,4.476362074999997,dinov2_large+dinov2_small+hog+mae_base+resnet101+rgb_ngram_svd,
DTD,resmlp,42,2,full,random_004,0.8474224896650532,0.8473404255319149,6,3394,1.5666429510001763,convnext_v2_t+densenet121+eva02_base+gabor+glcm+siglip_base,
DTD,resmlp,42,2,full,random_005,0.8300396930625988,0.8303191489361702,6,8784,3.9744035240000812,densenet121+drlbp+resnet101+siglip_base+vgg16+vit_b16,
DTD,resmlp,42,2,full,random_006,0.8525396861030848,0.8526595744680852,6,5604,3.4491706879998674,deit_s+dinov2_large+dinov2_small+efficientnet_b0+hog+vit_b16,
DTD,resmlp,42,2,full,random_007,0.8455843964889119,0.8457446808510638,6,4242,3.623656445000961,dinov2+dinov2_small+glcm+mae_base+resnet50+rgb_ngram_svd,
DTD,resmlp,42,2,full,random_008,0.8232431654173158,0.823404255319149,6,7168,4.103177246999621,efficientnet_b0+resnet101+resnet50+rgb_ngram_svd+siglip_base+vit_b16,
DTD,resmlp,42,2,full,random_009,0.8597140739974262,0.8601063829787234,6,4790,3.938288986000771,deit_s+dinov2+lbp+resnet101+siglip_base+swin_t,
DTD,resmlp,42,2,full,random_010,0.8631258081829605,0.8632978723404255,6,6144,3.5223243219988944,convnext_v2_t+dinov2_large+resnet50+siglip_base+swin_t+vit_b16,
DTD,resmlp,42,2,full,random_011,0.8473839043895731,0.8468085106382979,6,5010,3.665894556001149,deit_s+dinov2_large+glcm+mae_base+resnet101+swin_t,
DTD,resmlp,42,2,full,random_012,0.8515472313714318,0.8515957446808511,6,4784,3.6457692839994706,convnext_v2_t+dinov2_small+gabor+mae_base+resnet101+siglip_base,
DTD,resmlp,42,2,full,random_013,0.858031237121988,0.8585106382978723,6,7376,3.7603573329997744,dinov2+dinov2_small+drlbp+efficientnet_b0+siglip_base+vgg16,
DTD,resmlp,42,2,full,random_014,0.8043743237698548,0.8026595744680851,6,4006,1.498453268999583,deit_s+densenet121+eva02_base+gabor+glcm+hog,
DTD,resmlp,42,2,full,random_015,0.7904371163122519,0.7914893617021277,6,7478,3.853352502999769,convnext_v2_t+densenet121+lbp+mae_base+swin_t+vgg16,
DTD,resmlp,42,2,full,random_016,0.8215431669148865,0.8212765957446808,6,9828,4.570397464000052,dinov2_small+hog+resnet50+swin_t+vgg16+vit_b16,
DTD,resmlp,42,2,full,random_017,0.8673285632954478,0.8675531914893617,6,5040,3.391503148000993,deit_s+dinov2+dinov2_large+gabor+resnet101+siglip_base,
DTD,resmlp,42,2,full,random_018,0.8563775859019508,0.8563829787234043,6,6144,3.3820816870011186,convnext_v2_t+dinov2_large+mae_base+resnet101+siglip_base+vit_b16,
DTD,resmlp,42,2,full,random_019,0.8369836167878043,0.8372340425531914,6,5632,3.523088693998943,densenet121+dinov2+resnet50+rgb_ngram_svd+swin_t+vit_b16,
DTD,resmlp,42,2,full,random_020,0.8384627572741408,0.8382978723404255,6,4268,1.5889004109994858,dinov2_small+efficientnet_b0+eva02_base+glcm+hog+lbp,
DTD,resmlp,42,2,full,random_021,0.8626932165974375,0.8632978723404255,6,8752,1.6034254650003277,dinov2_large+gabor+mae_base+resnet50+siglip_base+vgg16,
DTD,resmlp,42,2,full,random_022,0.8421833038204207,0.8425531914893617,6,5632,3.5784306090008613,deit_s+dinov2_small+efficientnet_b0+mae_base+resnet50+siglip_base,
DTD,resmlp,42,2,full,random_023,0.8628293844205096,0.8638297872340426,6,6722,2.252967541000544,dinov2_large+gabor+glcm+mae_base+siglip_base+vgg16,
DTD,resmlp,42,2,full,random_024,0.8260326227119962,0.8265957446808511,6,3016,1.1554835629995068,convnext_v2_t+deit_s+densenet121+eva02_base+glcm+lbp,
DTD,resmlp,42,2,full,random_025,0.6722851384425155,0.676063829787234,6,1528,1.4140432129988767,deit_s+gabor+glcm+lbp+mae_base+rgb_ngram_svd,
DTD,resmlp,42,2,full,random_026,0.8708106482064608,0.8707446808510638,6,4864,3.90239003699935,convnext_v2_t+dinov2+dinov2_large+eva02_base+siglip_base+swin_t,
DTD,resmlp,42,2,full,random_027,0.7886825430346671,0.7904255319148936,6,9140,4.099507912000263,convnext_v2_t+deit_s+drlbp+hog+resnet101+vgg16,
DTD,resmlp,42,2,full,random_028,0.8559813268443716,0.8558510638297873,6,2578,3.5218022629996995,deit_s+dinov2_small+eva02_base+glcm+rgb_ngram_svd+siglip_base,
DTD,resmlp,42,2,full,random_029,0.8633079338500091,0.8638297872340426,6,6528,2.925100149001082,densenet121+dinov2_large+dinov2_small+efficientnet_b0+mae_base+resnet101,
DTD,resmlp,42,2,full,random_030,0.8488850465987738,0.8489361702127659,6,6528,4.022449916001278,densenet121+dinov2_large+dinov2_small+efficientnet_b0+resnet101+vit_b16,
DTD,resmlp,42,2,full,random_031,0.8539553929133954,0.8537234042553191,6,4608,3.3208809659990948,deit_s+densenet121+dinov2_small+efficientnet_b0+eva02_base+siglip_base,
DTD,resmlp,42,2,full,random_032,0.8464756426752519,0.8468085106382979,6,8630,3.855082277001202,dinov2_small+efficientnet_b0+lbp+resnet101+siglip_base+vgg16,
DTD,resmlp,42,2,full,random_033,0.8275142969530571,0.8303191489361702,6,1352,1.6365628739986278,dinov2_small+drlbp+eva02_base+gabor+glcm+lbp,
DTD,resmlp,42,2,full,random_034,0.8187430064429402,0.8186170212765957,6,7990,4.345564826000555,lbp+resnet101+rgb_ngram_svd+siglip_base+vgg16+vit_b16,
DTD,resmlp,42,2,full,random_035,0.851782571472433,0.8531914893617021,6,8374,1.6947874920006143,deit_s+dinov2+dinov2_large+lbp+resnet101+vgg16,
DTD,resmlp,42,2,full,random_036,0.8695771541476627,0.8702127659574468,6,4710,3.3882187599992903,dinov2+dinov2_large+gabor+lbp+resnet50+siglip_base,
DTD,resmlp,42,2,full,random_037,0.7940655129009256,0.7952127659574468,6,8420,3.982726318999994,densenet121+hog+resnet101+resnet50+swin_t+vit_b16,
DTD,resmlp,42,2,full,random_038,0.8496013210401755,0.85,6,7168,3.7709663969999383,dinov2+efficientnet_b0+resnet101+resnet50+rgb_ngram_svd+swin_t,
DTD,resmlp,42,2,full,random_039,0.7630389108369207,0.7638297872340426,6,4498,3.609666845999527,deit_s+densenet121+glcm+resnet101+rgb_ngram_svd+swin_t,
DTD,resmlp,42,2,full,random_040,0.8456023162727868,0.8457446808510638,6,3522,3.938642218001405,dinov2+dinov2_small+gabor+glcm+resnet50+rgb_ngram_svd,
DTD,resmlp,42,2,full,random_041,0.81250586585148,0.8138297872340425,6,7990,4.485989819000679,deit_s+densenet121+dinov2_small+lbp+resnet50+vgg16,
DTD,resmlp,42,2,full,random_042,0.8524570683778784,0.8526595744680852,6,5010,1.4075134260001505,deit_s+dinov2_large+eva02_base+glcm+mae_base+resnet101,
DTD,resmlp,42,2,full,random_043,0.8517806652973848,0.8521276595744681,6,10064,4.02877794899905,dinov2_large+drlbp+mae_base+resnet101+resnet50+vgg16,
DTD,resmlp,42,2,full,random_044,0.8670765863706285,0.8670212765957447,6,7296,3.7401425079988257,dinov2_large+dinov2_small+eva02_base+rgb_ngram_svd+siglip_base+vgg16,
DTD,resmlp,42,2,full,random_045,0.7860550258567379,0.7861702127659574,6,3536,4.517826236999099,convnext_v2_t+deit_s+drlbp+efficientnet_b0+rgb_ngram_svd+vit_b16,
DTD,resmlp,42,2,full,random_046,0.8328444588473481,0.8340425531914893,6,8320,4.495943631000046,convnext_v2_t+deit_s+densenet121+dinov2+efficientnet_b0+vgg16,
DTD,resmlp,42,2,full,random_047,0.7904846709041227,0.7904255319148936,6,10112,4.44202468200092,convnext_v2_t+deit_s+resnet101+resnet50+swin_t+vgg16,
DTD,resmlp,42,2,full,random_048,0.8264796389251646,0.8265957446808511,6,7168,3.777515444000528,convnext_v2_t+eva02_base+resnet101+resnet50+swin_t+vit_b16,
DTD,resmlp,42,2,full,random_049,0.8591952076182661,0.8595744680851064,6,5120,3.982776520000698,densenet121+dinov2+dinov2_large+mae_base+swin_t+vit_b16,
DTD,resmlp,42,2,full,random_050,0.8396368745327989,0.8388297872340426,6,2296,1.619613629000014,densenet121+dinov2+dinov2_small+gabor+glcm+lbp,
DTD,resmlp,42,2,full,random_051,0.84111001010279,0.8414893617021276,6,5604,3.9400527529996907,convnext_v2_t+dinov2+efficientnet_b0+hog+rgb_ngram_svd+swin_t,
DTD,resmlp,42,2,full,random_052,0.8343788164515514,0.8351063829787234,6,4012,4.05697971599875,deit_s+densenet121+dinov2+glcm+hog+lbp,
DTD,resmlp,42,2,full,random_053,0.7747253689077475,0.776595744680851,6,8010,1.9115529959999549,convnext_v2_t+efficientnet_b0+gabor+hog+lbp+vgg16,
DTD,resmlp,42,2,full,random_054,0.8208726507705472,0.8207446808510638,6,7798,3.9146660290007276,deit_s+eva02_base+glcm+hog+mae_base+vgg16,
DTD,resmlp,42,2,full,random_055,0.824892621011065,0.825531914893617,6,7778,2.8772359730010066,drlbp+eva02_base+glcm+resnet50+vgg16+vit_b16,
DTD,resmlp,42,2,full,random_056,0.8398674740759713,0.8388297872340426,6,2328,1.7287297380007658,deit_s+dinov2_large+drlbp+glcm+lbp+mae_base,
DTD,resmlp,42,2,full,random_057,0.8528208647838974,0.8537234042553191,6,4882,3.3875621299994236,densenet121+dinov2+eva02_base+glcm+resnet50+rgb_ngram_svd,
DTD,resmlp,42,2,full,random_058,0.860515427588448,0.8606382978723405,6,5174,4.198445502999675,densenet121+dinov2_large+lbp+mae_base+resnet50+rgb_ngram_svd,
DTD,resmlp,42,2,full,random_059,0.8331605937629885,0.8335106382978723,6,4678,4.138983959999678,convnext_v2_t+drlbp+efficientnet_b0+eva02_base+glcm+hog,
DTD,resmlp,42,2,full,random_060,0.8560834146150572,0.8563829787234043,6,3656,3.7057128510004986,dinov2+efficientnet_b0+glcm+lbp+siglip_base+swin_t,
DTD,resmlp,42,2,full,random_061,0.8638834529230724,0.8643617021276596,6,4272,3.4099265099994227,deit_s+dinov2+dinov2_large+efficientnet_b0+eva02_base+gabor,
DTD,resmlp,42,2,full,random_062,0.8655077250556054,0.8659574468085106,6,3920,3.7697418879997713,convnext_v2_t+densenet121+dinov2_large+drlbp+eva02_base+rgb_ngram_svd,
DTD,resmlp,42,2,full,random_063,0.8565569095824171,0.8569148936170212,6,4992,2.284189124000477,deit_s+dinov2+dinov2_large+efficientnet_b0+siglip_base+vit_b16,
DTD,resmlp,42,2,full,random_064,0.8594422444286657,0.8601063829787234,6,4608,2.4705671520005126,densenet121+dinov2_large+dinov2_small+drlbp+gabor+resnet50,
DTD,resmlp,42,2,full,random_065,0.7825436214757053,0.7835106382978724,6,6676,1.78851101500004,convnext_v2_t+efficientnet_b0+gabor+hog+resnet50+swin_t,
DTD,resmlp,42,2,full,random_066,0.7912250356748604,0.7914893617021277,6,4992,3.5678271199994924,convnext_v2_t+deit_s+mae_base+resnet101+rgb_ngram_svd+vit_b16,
DTD,resmlp,42,2,full,random_067,0.8548316784614337,0.8558510638297873,6,7268,3.6774112900002365,deit_s+dinov2+dinov2_large+efficientnet_b0+hog+resnet101,
DTD,resmlp,42,2,full,random_068,0.8645394957955466,0.8648936170212767,6,7424,3.808820083999308,dinov2+dinov2_large+mae_base+resnet101+resnet50+siglip_base,
DTD,resmlp,42,2,full,random_069,0.8213660102791597,0.8218085106382979,6,4406,3.3767584149991308,convnext_v2_t+deit_s+dinov2_small+lbp+resnet101+vit_b16,
DTD,resmlp,42,2,full,random_070,0.851725749984044,0.8526595744680852,6,7216,4.20513288499933,densenet121+dinov2+efficientnet_b0+gabor+resnet101+resnet50,
DTD,resmlp,42,2,full,random_071,0.8286267635404669,0.8292553191489361,6,4918,4.3346591199988325,convnext_v2_t+deit_s+dinov2_small+efficientnet_b0+lbp+resnet50,
DTD,resmlp,42,2,full,random_072,0.8321867963513285,0.8340425531914893,6,5402,1.8694724260003568,dinov2+efficientnet_b0+hog+lbp+mae_base+swin_t,
DTD,resmlp,42,2,full,random_073,0.8178173873155421,0.8191489361702128,6,7954,3.8626352789997327,glcm+mae_base+resnet50+rgb_ngram_svd+siglip_base+vgg16,
DTD,resmlp,42,2,full,random_074,0.8179016437933622,0.8175531914893617,6,4854,1.7648924630011606,eva02_base+glcm+hog+mae_base+swin_t+vit_b16,
DTD,resmlp,42,2,full,random_075,0.8633047671919071,0.8632978723404255,6,4224,3.107851220000157,convnext_v2_t+dinov2+dinov2_small+eva02_base+mae_base+swin_t,
DTD,resmlp,42,2,full,random_076,0.8351023494481703,0.8351063829787234,6,4992,3.177937173000828,convnext_v2_t+deit_s+mae_base+resnet50+rgb_ngram_svd+siglip_base,
DTD,resmlp,42,2,full,random_077,0.8538327577704655,0.8537234042553191,6,5248,3.3266620340000372,deit_s+dinov2_large+eva02_base+resnet101+rgb_ngram_svd+swin_t,
DTD,resmlp,42,2,full,random_078,0.8511364924587362,0.851063829787234,6,4962,3.531453005000003,drlbp+efficientnet_b0+eva02_base+glcm+resnet50+siglip_base,
DTD,resmlp,42,2,full,random_079,0.846121755064171,0.8473404255319149,6,2614,1.536034008999195,dinov2+dinov2_small+drlbp+efficientnet_b0+gabor+lbp,
DTD,resmlp,42,2,full,random_080,0.8430223292928686,0.8436170212765958,6,3138,3.333889822999481,densenet121+dinov2_large+gabor+glcm+rgb_ngram_svd+vit_b16,
DTD,resmlp,42,2,full,random_081,0.8606784435760759,0.8611702127659574,6,5552,3.4852323470004194,deit_s+dinov2_large+efficientnet_b0+gabor+resnet50+siglip_base,
DTD,resmlp,42,2,full,random_082,0.8579166602437104,0.8590425531914894,6,6344,3.9394105859992123,deit_s+dinov2+dinov2_large+glcm+lbp+vgg16,
DTD,resmlp,42,2,full,random_083,0.8458637405855357,0.8462765957446808,6,8338,4.075339426999562,convnext_v2_t+deit_s+dinov2_large+glcm+resnet101+vgg16,
DTD,resmlp,42,2,full,random_084,0.8607559496606069,0.8611702127659574,6,3430,2.059194450999712,dinov2_large+eva02_base+gabor+lbp+swin_t+vit_b16,
DTD,resmlp,42,2,full,random_085,0.8312912336723113,0.8319148936170213,6,7314,4.05439110000043,convnext_v2_t+deit_s+efficientnet_b0+glcm+siglip_base+vgg16,
DTD,resmlp,42,2,full,random_086,0.8283242702780226,0.8281914893617022,6,7450,4.602412778000144,hog+lbp+mae_base+resnet101+resnet50+siglip_base,
DTD,resmlp,42,2,full,random_087,0.8456030568754533,0.8457446808510638,6,4144,3.463432181000826,convnext_v2_t+densenet121+dinov2+gabor+swin_t+vit_b16,
DTD,resmlp,42,2,full,random_088,0.8391700235630157,0.8393617021276596,6,6370,3.7539908639992063,deit_s+dinov2_large+drlbp+glcm+swin_t+vgg16,
DTD,resmlp,42,2,full,random_089,0.8207884635414114,0.8180851063829787,6,2732,3.862340910000057,drlbp+gabor+glcm+hog+lbp+siglip_base,
DTD,resmlp,42,2,full,random_090,0.8474586471094089,0.847872340425532,6,4708,3.5782094189999043,dinov2+dinov2_small+hog+rgb_ngram_svd+swin_t+vit_b16,
DTD,resmlp,42,2,full,random_091,0.8568348676079864,0.8579787234042553,6,7984,4.137803237999833,convnext_v2_t+dinov2+dinov2_large+efficientnet_b0+gabor+vgg16,
DTD,resmlp,42,2,full,random_092,0.7721597543713689,0.7718085106382979,6,4916,2.3193408000006457,drlbp+efficientnet_b0+hog+rgb_ngram_svd+swin_t+vit_b16,
DTD,resmlp,42,2,full,random_093,0.7925114827344484,0.7930851063829787,6,4984,3.459038082000916,convnext_v2_t+gabor+glcm+lbp+resnet101+resnet50,
DTD,resmlp,42,2,full,random_094,0.8619085037520282,0.8622340425531915,6,4102,3.653916481000124,deit_s+dinov2+drlbp+lbp+resnet50+siglip_base,
DTD,resmlp,42,2,full,random_095,0.8577164044227555,0.8585106382978723,6,5424,3.6615577899992786,convnext_v2_t+dinov2_large+efficientnet_b0+gabor+resnet50+rgb_ngram_svd,
DTD,resmlp,42,2,full,random_096,0.821416592400727,0.8228723404255319,6,4074,3.1645499379992543,densenet121+dinov2_small+drlbp+hog+lbp+swin_t,
DTD,resmlp,42,2,full,random_097,0.8236181146119,0.823936170212766,6,8294,4.073232532000475,efficientnet_b0+eva02_base+gabor+lbp+resnet50+vgg16,
DTD,resmlp,42,2,full,random_098,0.8477998683198047,0.848404255319149,6,4144,3.511811256999863,convnext_v2_t+densenet121+dinov2+gabor+mae_base+vit_b16,
DTD,resmlp,42,2,full,random_099,0.8514679562110873,0.8526595744680852,6,8082,3.800195337000332,dinov2+dinov2_small+glcm+mae_base+resnet50+vgg16,
DTD,svm,42,1,full,random_000,0.818628882153131,0.8191489361702128,6,4242,18.833451287999196,deit_s+glcm+resnet50+rgb_ngram_svd+siglip_base+swin_t,
DTD,svm,42,1,full,random_001,0.7965214630589371,0.798936170212766,6,5476,33.073737255001106,convnext_v2_t+drlbp+gabor+hog+mae_base+resnet101,
DTD,svm,42,1,full,random_002,0.8336735023747509,0.8361702127659575,6,4326,19.541741637000086,densenet121+dinov2_small+gabor+lbp+mae_base+resnet101,
DTD,svm,42,1,full,random_003,0.8438659323500372,0.8452127659574468,6,4148,21.59278016099961,deit_s+dinov2_small+drlbp+eva02_base+hog+mae_base,
DTD,svm,42,1,full,random_004,0.8353493633567673,0.8372340425531914,6,8656,23.549209136999707,dinov2_small+drlbp+efficientnet_b0+resnet101+swin_t+vgg16,
DTD,svm,42,1,full,random_005,0.8670547511029661,0.8686170212765958,6,4528,19.85707689499941,deit_s+densenet121+dinov2_large+efficientnet_b0+eva02_base+gabor,
DTD,svm,42,1,full,random_006,0.8646063545546542,0.8659574468085106,6,4754,19.96209063599963,convnext_v2_t+dinov2+dinov2_small+glcm+resnet101+siglip_base,
DTD,svm,42,1,full,random_007,0.8505956919037074,0.8521276595744681,6,10340,30.300954289999936,dinov2+dinov2_small+efficientnet_b0+hog+resnet50+vgg16,
DTD,svm,42,1,full,random_008,0.7731702035737853,0.775,6,3590,27.885895677998633,convnext_v2_t+deit_s+drlbp+lbp+resnet101+rgb_ngram_svd,
DTD,svm,42,1,full,random_009,0.8151705156797561,0.8170212765957446,6,8628,23.065193456000998,dinov2_small+drlbp+hog+resnet50+rgb_ngram_svd+vgg16,
DTD,svm,42,1,full,random_010,0.7750509915489532,0.777127659574468,6,8756,53.86503744999936,drlbp+efficientnet_b0+hog+mae_base+swin_t+vgg16,
DTD,svm,42,1,full,random_011,0.8326377773446759,0.8340425531914893,6,3938,27.50857429700045,densenet121+drlbp+efficientnet_b0+eva02_base+glcm+mae_base,
DTD,svm,42,1,full,random_012,0.8557813375915303,0.8579787234042553,6,4936,26.10026332599955,convnext_v2_t+densenet121+dinov2_large+glcm+lbp+resnet50,
DTD,svm,42,1,full,random_013,0.8487003634634693,0.850531914893617,6,3584,45.75473500500084,deit_s+dinov2+dinov2_large+dinov2_small+rgb_ngram_svd+swin_t,
DTD,svm,42,1,full,random_014,0.80820802986504,0.8101063829787234,6,6656,29.414604382000107,convnext_v2_t+resnet101+resnet50+rgb_ngram_svd+swin_t+vit_b16,
DTD,svm,42,1,full,random_015,0.8648301147712742,0.8670212765957447,6,8722,26.7477372430003,dinov2_large+glcm+resnet101+siglip_base+vgg16+vit_b16,
DTD,svm,42,1,full,random_016,0.840958494414233,0.8430851063829787,6,4688,17.354528767000375,convnext_v2_t+dinov2+drlbp+resnet101+rgb_ngram_svd+vit_b16,
DTD,svm,42,1,full,random_017,0.8540684078352293,0.8553191489361702,6,7414,22.346762858000147,deit_s+dinov2_small+eva02_base+glcm+hog+vgg16,
DTD,svm,42,1,full,random_018,0.7792444932461101,0.7813829787234042,6,3522,36.88891699699889,deit_s+densenet121+efficientnet_b0+gabor+glcm+vit_b16,
DTD,svm,42,1,full,random_019,0.7644277161126388,0.7670212765957447,6,7424,19.798322255999665,deit_s+drlbp+gabor+mae_base+resnet101+vgg16,
DTD,svm,42,1,full,random_020,0.8567564047721924,0.8585106382978723,6,8528,34.08622365999872,dinov2+drlbp+eva02_base+mae_base+resnet101+vgg16,
DTD,svm,42,1,full,random_021,0.7808309010456231,0.7829787234042553,6,9234,24.77535552200061,glcm+resnet101+resnet50+rgb_ngram_svd+vgg16+vit_b16,
DTD,svm,42,1,full,random_022,0.8391989627901475,0.8414893617021276,6,7394,18.34120949300086,convnext_v2_t+dinov2_small+drlbp+glcm+resnet101+vgg16,
DTD,svm,42,1,full,random_023,0.7876371114501941,0.7888297872340425,6,4424,20.406719909000458,convnext_v2_t+efficientnet_b0+glcm+lbp+resnet101+rgb_ngram_svd,
DTD,svm,42,1,full,random_024,0.868266438854852,0.8702127659574468,6,3912,14.5190280730003,dinov2_large+efficientnet_b0+glcm+lbp+siglip_base+swin_t,
DTD,svm,42,1,full,random_025,0.8523834381358072,0.8542553191489362,6,5120,15.76744750800026,convnext_v2_t+deit_s+dinov2+dinov2_small+resnet101+vit_b16,
DTD,svm,42,1,full,random_026,0.7834156777702204,0.7851063829787234,6,6528,22.809422067000924,deit_s+densenet121+resnet101+resnet50+rgb_ngram_svd+swin_t,
DTD,svm,42,1,full,random_027,0.8485708620594529,0.851063829787234,6,7718,26.902581850999923,dinov2+dinov2_large+gabor+glcm+hog+vgg16,
DTD,svm,42,1,full,random_028,0.8634543175060301,0.8654255319148936,6,4352,21.294813209000495,deit_s+densenet121+dinov2+dinov2_large+dinov2_small+siglip_base,
DTD,svm,42,1,full,random_029,0.8408576330082433,0.8420212765957447,6,5046,22.15112021599998,convnext_v2_t+densenet121+dinov2_small+lbp+resnet101+swin_t,
DTD,svm,42,1,full,random_030,0.772839114174604,0.774468085106383,6,4378,27.513343394000913,convnext_v2_t+hog+lbp+mae_base+rgb_ngram_svd+vit_b16,
DTD,svm,42,1,full,random_031,0.8654014425235721,0.8675531914893617,6,7680,29.060304786000415,densenet121+dinov2_large+mae_base+resnet101+resnet50+siglip_base,
DTD,svm,42,1,full,random_032,0.8220364516235634,0.824468085106383,6,4038,24.596724760000143,deit_s+densenet121+drlbp+glcm+hog+siglip_base,
DTD,svm,42,1,full,random_033,0.8124029977674081,0.8138297872340425,6,1858,19.70025774900023,deit_s+dinov2_small+gabor+glcm+rgb_ngram_svd+swin_t,
DTD,svm,42,1,full,random_034,0.8559458312816608,0.8574468085106383,6,4066,17.917444411999895,dinov2+dinov2_small+drlbp+eva02_base+glcm+resnet50,
DTD,svm,42,1,full,random_035,0.8562840009657083,0.8585106382978723,6,4342,24.097758117999547,deit_s+dinov2_large+dinov2_small+glcm+hog+vit_b16,
DTD,svm,42,1,full,random_036,0.8688438938928242,0.8702127659574468,6,3078,35.107173267999315,dinov2_large+dinov2_small+drlbp+eva02_base+lbp+siglip_base,
DTD,svm,42,1,full,random_037,0.84497246891386,0.8473404255319149,6,6756,26.49078543900032,deit_s+densenet121+dinov2+hog+resnet50+swin_t,
DTD,svm,42,1,full,random_038,0.8255761513480363,0.8265957446808511,6,4982,31.003851757999655,deit_s+efficientnet_b0+eva02_base+glcm+hog+swin_t,
DTD,svm,42,1,full,random_039,0.8452795906857116,0.8473404255319149,6,3920,15.829955183999118,deit_s+densenet121+dinov2+dinov2_small+drlbp+efficientnet_b0,
DTD,svm,42,1,full,random_040,0.8618998118871215,0.8632978723404255,6,3016,37.455585636998876,densenet121+dinov2+dinov2_small+eva02_base+glcm+lbp,
DTD,svm,42,1,full,random_041,0.8593955440004228,0.8611702127659574,6,5040,30.025746596000317,dinov2+dinov2_large+dinov2_small+gabor+mae_base+resnet50,
DTD,svm,42,1,full,random_042,0.8428668823041665,0.8441489361702128,6,5424,39.07485174700014,convnext_v2_t+densenet121+gabor+mae_base+resnet50+siglip_base,
DTD,svm,42,1,full,random_043,0.8495479155915378,0.851063829787234,6,6400,30.02464064200103,deit_s+dinov2_small+resnet101+resnet50+siglip_base+swin_t,
DTD,svm,42,1,full,random_044,0.8658205732202939,0.8670212765957447,6,6290,25.5196230319998,deit_s+dinov2_large+eva02_base+glcm+resnet101+resnet50,
DTD,svm,42,1,full,random_045,0.83078445540985,0.8324468085106383,6,3712,18.73506020700006,deit_s+dinov2_small+drlbp+gabor+mae_base+resnet50,
DTD,svm,42,1,full,random_046,0.8521617660230473,0.8542553191489362,6,5430,17.41724651000004,dinov2_large+efficientnet_b0+lbp+resnet101+rgb_ngram_svd+swin_t,
DTD,svm,42,1,full,random_047,0.817873318313317,0.8207446808510638,6,3244,22.853845777999595,deit_s+dinov2+glcm+hog+lbp+rgb_ngram_svd,
DTD,svm,42,1,full,random_048,0.8518709557528105,0.8531914893617021,6,6884,22.39171626999996,dinov2+efficientnet_b0+eva02_base+hog+resnet50+rgb_ngram_svd,
DTD,svm,42,1,full,random_049,0.7980890647742234,0.799468085106383,6,9974,35.938900297000146,convnext_v2_t+efficientnet_b0+glcm+hog+resnet101+vgg16,
DTD,svm,42,1,full,random_050,0.7424383720009401,0.7457446808510638,6,5912,20.1409737160011,deit_s+drlbp+efficientnet_b0+glcm+lbp+vgg16,
DTD,svm,42,1,full,random_051,0.8495086272276601,0.8515957446808511,6,5266,26.884821267000007,deit_s+densenet121+dinov2_large+glcm+resnet101+swin_t,
DTD,svm,42,1,full,random_052,0.7287613952782939,0.7319148936170212,6,5368,18.936957779000295,deit_s+gabor+glcm+lbp+mae_base+vgg16,
DTD,svm,42,1,full,random_053,0.835212209697412,0.8372340425531914,6,2310,25.239275581001493,convnext_v2_t+dinov2+dinov2_small+drlbp+lbp+rgb_ngram_svd,
DTD,svm,42,1,full,random_054,0.8205734789118827,0.8218085106382979,6,4944,23.155133418998957,densenet121+drlbp+resnet50+rgb_ngram_svd+siglip_base+vit_b16,
DTD,svm,42,1,full,random_055,0.781464542135077,0.7829787234042553,6,9974,31.490920913000082,efficientnet_b0+glcm+hog+resnet50+vgg16+vit_b16,
DTD,svm,42,1,full,random_056,0.8319062128477709,0.8335106382978723,6,8978,24.994102175998705,convnext_v2_t+efficientnet_b0+glcm+resnet101+siglip_base+vgg16,
DTD,svm,42,1,full,random_057,0.8629949010733172,0.8648936170212767,6,6390,34.04997841800105,dinov2+dinov2_large+glcm+hog+resnet101+siglip_base,
DTD,svm,42,1,full,random_058,0.8577202048947362,0.8595744680851064,6,7834,29.290331978998438,dinov2+dinov2_small+hog+lbp+siglip_base+vgg16,
DTD,svm,42,1,full,random_059,0.8717484331229821,0.872872340425532,6,5476,30.71304370100006,convnext_v2_t+dinov2_large+dinov2_small+hog+siglip_base+swin_t,
DTD,svm,42,1,full,random_060,0.8570605743783807,0.8585106382978723,6,4278,23.578422001000945,dinov2_large+dinov2_small+efficientnet_b0+lbp+swin_t+vit_b16,
DTD,svm,42,1,full,random_061,0.830157502974717,0.8313829787234043,6,5302,22.440892193000764,deit_s+efficientnet_b0+lbp+resnet50+siglip_base+swin_t,
DTD,svm,42,1,full,random_062,0.8337025268000087,0.8356382978723405,6,4966,28.872273582999696,efficientnet_b0+gabor+lbp+mae_base+resnet101+siglip_base,
DTD,svm,42,1,full,random_063,0.8624749636990784,0.8643617021276596,6,4656,17.112262521999583,convnext_v2_t+deit_s+dinov2_large+dinov2_small+gabor+resnet50,
DTD,svm,42,1,full,random_064,0.8547561076478477,0.8574468085106383,6,8886,23.8294562709998,dinov2_large+dinov2_small+efficientnet_b0+lbp+resnet101+vgg16,
DTD,svm,42,1,full,random_065,0.8371231938459963,0.8393617021276596,6,6326,18.669909329999427,deit_s+dinov2+lbp+rgb_ngram_svd+siglip_base+vgg16,
DTD,svm,42,1,full,random_066,0.8559356954068671,0.8579787234042553,6,10468,35.431329593000555,densenet121+dinov2+hog+resnet101+siglip_base+vgg16,
DTD,svm,42,1,full,random_067,0.8499193515057307,0.8515957446808511,6,4552,19.28870699700019,deit_s+dinov2+efficientnet_b0+glcm+lbp+resnet50,
DTD,svm,42,1,full,random_068,0.8555864547156374,0.8579787234042553,6,9014,27.56199833699975,densenet121+dinov2+dinov2_large+lbp+resnet50+vgg16,
DTD,svm,42,1,full,random_069,0.8645640958514801,0.8664893617021276,6,8722,24.1561560680002,dinov2+dinov2_large+eva02_base+glcm+resnet101+vgg16,
DTD,svm,42,1,full,random_070,0.8498743803686588,0.851063829787234,6,2530,25.622622234001028,deit_s+dinov2_large+drlbp+glcm+rgb_ngram_svd+siglip_base,
DTD,svm,42,1,full,random_071,0.7670049174642873,0.7696808510638298,6,10036,42.201706836000085,drlbp+efficientnet_b0+hog+mae_base+resnet50+vgg16,
DTD,svm,42,1,full,random_072,0.8407955765439964,0.8420212765957447,6,4134,38.6347505169997,gabor+glcm+hog+mae_base+siglip_base+swin_t,
DTD,svm,42,1,full,random_073,0.851299937715912,0.8526595744680852,6,3536,42.52929912699983,convnext_v2_t+deit_s+dinov2+drlbp+mae_base+siglip_base,
DTD,svm,42,1,full,random_074,0.8421306153292303,0.8446808510638298,6,4916,37.502895027000704,densenet121+dinov2_large+drlbp+hog+mae_base+rgb_ngram_svd,
DTD,svm,42,1,full,random_075,0.8631878975490997,0.8643617021276596,6,5760,28.332087548000345,densenet121+dinov2_small+eva02_base+resnet101+siglip_base+vit_b16,
DTD,svm,42,1,full,random_076,0.8331275719339463,0.8345744680851064,6,3650,43.65099742200073,convnext_v2_t+efficientnet_b0+gabor+glcm+siglip_base+vit_b16,
DTD,svm,42,1,full,random_077,0.8458568939823128,0.8473404255319149,6,5120,21.976684287999888,deit_s+dinov2_small+resnet101+siglip_base+swin_t+vit_b16,
DTD,svm,42,1,full,random_078,0.8513154984097175,0.8531914893617021,6,4726,24.458909783999843,convnext_v2_t+deit_s+dinov2_large+glcm+hog+vit_b16,
DTD,svm,42,1,full,random_079,0.8578086963669989,0.8590425531914894,6,3840,16.296766285999183,deit_s+dinov2+dinov2_small+siglip_base+swin_t+vit_b16,
DTD,svm,42,1,full,random_080,0.8439751435421265,0.8462765957446808,6,6656,22.460725908000313,convnext_v2_t+dinov2+mae_base+resnet101+resnet50+rgb_ngram_svd,
DTD,svm,42,1,full,random_081,0.820162300046473,0.8218085106382979,6,3528,25.854485608999312,dinov2_small+glcm+lbp+resnet101+rgb_ngram_svd+swin_t,
DTD,svm,42,1,full,random_082,0.8511297100881308,0.8531914893617021,6,6628,33.22295960200063,dinov2_large+hog+mae_base+resnet101+rgb_ngram_svd+swin_t,
DTD,svm,42,1,full,random_083,0.7763358284322797,0.7781914893617021,6,9316,35.61636320499929,deit_s+densenet121+efficientnet_b0+hog+swin_t+vgg16,
DTD,svm,42,1,full,random_084,0.8121227915438556,0.8138297872340425,6,5960,19.226309489000414,glcm+lbp+mae_base+rgb_ngram_svd+siglip_base+vgg16,
DTD,svm,42,1,full,random_085,0.8450404479762654,0.8468085106382979,6,4688,20.720703834998858,convnext_v2_t+dinov2+drlbp+resnet101+rgb_ngram_svd+siglip_base,
DTD,svm,42,1,full,random_086,0.7728213459143526,0.775,6,5894,27.228089181999167,deit_s+drlbp+efficientnet_b0+lbp+resnet101+resnet50,
DTD,svm,42,1,full,random_087,0.859664243249672,0.8611702127659574,6,7248,24.0604194259995,dinov2+drlbp+mae_base+siglip_base+swin_t+vgg16,
DTD,svm,42,1,full,random_088,0.8516917947386435,0.8526595744680852,6,6656,27.64467973199862,densenet121+efficientnet_b0+eva02_base+resnet50+siglip_base+swin_t,
DTD,svm,42,1,full,random_089,0.8620496979560168,0.8638297872340426,6,3986,23.293068217999462,densenet121+dinov2_large+dinov2_small+glcm+siglip_base+vit_b16,
DTD,svm,42,1,full,random_090,0.855950731292637,0.8579787234042553,6,9472,26.68101135500001,dinov2_large+efficientnet_b0+resnet50+rgb_ngram_svd+siglip_base+vgg16,
DTD,svm,42,1,full,random_091,0.8435842952545669,0.8462765957446808,6,4788,32.60967469999923,deit_s+densenet121+dinov2+drlbp+hog+vit_b16,
DTD,svm,42,1,full,random_092,0.8040484501427515,0.8058510638297872,6,7444,31.441940094999154,convnext_v2_t+gabor+hog+resnet101+resnet50+vit_b16,
DTD,svm,42,1,full,random_093,0.8595120771580649,0.8611702127659574,6,7652,32.07403835399964,convnext_v2_t+dinov2+dinov2_large+efficientnet_b0+hog+resnet101,
DTD,svm,42,1,full,random_094,0.8747272381266292,0.8760638297872341,6,6420,27.186546978999104,dinov2_large+eva02_base+gabor+hog+resnet50+siglip_base,
DTD,svm,42,1,full,random_095,0.8329915452936908,0.8351063829787234,6,9754,30.349521907999588,densenet121+hog+lbp+resnet101+siglip_base+vgg16,
DTD,svm,42,1,full,random_096,0.8390421019246069,0.8414893617021276,6,4678,24.99200528199981,dinov2+drlbp+efficientnet_b0+glcm+hog+vit_b16,
DTD,svm,42,1,full,random_097,0.8230632281650734,0.823936170212766,6,3382,30.215150812000502,convnext_v2_t+eva02_base+lbp+mae_base+rgb_ngram_svd+vit_b16,
DTD,svm,42,1,full,random_098,0.8345832089993058,0.8372340425531914,6,9444,25.23074681199978,deit_s+dinov2_small+hog+resnet50+vgg16+vit_b16,
DTD,svm,42,1,full,random_099,0.8329782354265262,0.8351063829787234,6,6648,14.96233311099968,dinov2_small+gabor+glcm+lbp+resnet101+vgg16,
DTD,resmlp,42,3,full,random_000,0.8514163480521679,0.8526595744680852,7,7350,10.387547438998809,deit_s+dinov2_large+lbp+mae_base+rgb_ngram_svd+swin_t+vgg16,
DTD,resmlp,42,3,full,random_001,0.8663731546589154,0.8675531914893617,7,5622,12.072777874000167,convnext_v2_t+dinov2+glcm+hog+siglip_base+swin_t+vit_b16,
DTD,resmlp,42,3,full,random_002,0.8690550293213118,0.8702127659574468,7,7706,10.26297631899979,convnext_v2_t+dinov2_large+efficientnet_b0+eva02_base+hog+lbp+resnet50,
DTD,resmlp,42,3,full,random_003,0.8602662255611724,0.8617021276595744,7,5698,7.806505112001105,dinov2+efficientnet_b0+eva02_base+gabor+glcm+resnet101+siglip_base,
DTD,resmlp,42,3,full,random_004,0.7598212641617816,0.7606382978723404,7,9772,4.45829990799939,densenet121+glcm+hog+lbp+resnet101+swin_t+vgg16,
DTD,resmlp,42,3,full,random_005,0.8368752251853601,0.8377659574468085,7,9498,8.31359463499939,convnext_v2_t+efficientnet_b0+hog+lbp+mae_base+siglip_base+vgg16,
DTD,resmlp,42,3,full,random_006,0.8290226455895067,0.8303191489361702,7,6582,4.278979525999603,drlbp+eva02_base+gabor+lbp+mae_base+swin_t+vgg16,
DTD,resmlp,42,3,full,random_007,0.828097567325915,0.8292553191489361,7,8130,7.59407209499841,convnext_v2_t+dinov2_small+gabor+glcm+resnet50+swin_t+vgg16,
DTD,resmlp,42,3,full,random_008,0.8384368160467269,0.8382978723404255,7,7908,6.184185176000028,dinov2_small+drlbp+eva02_base+gabor+hog+swin_t+vgg16,
DTD,resmlp,42,3,full,random_009,0.825323132673158,0.8271276595744681,7,8674,5.124775987000248,dinov2_small+drlbp+efficientnet_b0+glcm+resnet50+swin_t+vgg16,
DTD,resmlp,42,3,full,random_010,0.8500795076875175,0.8521276595744681,7,5994,6.124099687000125,dinov2+dinov2_large+drlbp+hog+lbp+resnet101+rgb_ngram_svd,
DTD,resmlp,42,3,full,random_011,0.8642580465651615,0.8654255319148936,7,5680,10.867692694000652,deit_s+densenet121+dinov2_large+dinov2_small+gabor+resnet101+swin_t,
DTD,resmlp,42,3,full,random_012,0.7940227605738428,0.7957446808510639,7,3974,11.6981190839997,convnext_v2_t+drlbp+efficientnet_b0+lbp+mae_base+rgb_ngram_svd+swin_t,
DTD,resmlp,42,3,full,random_013,0.827630637821718,0.8297872340425532,7,5834,5.584988347000035,deit_s+eva02_base+gabor+hog+lbp+resnet50+swin_t,
DTD,resmlp,42,3,full,random_014,0.8558609027517105,0.8574468085106383,7,10852,13.64950455699909,convnext_v2_t+dinov2_large+dinov2_small+hog+resnet101+swin_t+vgg16,
DTD,resmlp,42,3,full,random_015,0.8356927973314182,0.8372340425531914,7,5878,9.970175896998626,convnext_v2_t+densenet121+eva02_base+glcm+hog+mae_base+vit_b16,
DTD,resmlp,42,3,full,random_016,0.8246184911760658,0.8265957446808511,7,7430,14.341002052000476,convnext_v2_t+dinov2_small+drlbp+efficientnet_b0+lbp+mae_base+vgg16,
DTD,resmlp,42,3,full,random_017,0.771398204844289,0.7723404255319148,7,8966,12.514224181999452,deit_s+drlbp+lbp+resnet101+resnet50+rgb_ngram_svd+vgg16,
DTD,resmlp,42,3,full,random_018,0.8443358448699096,0.8462765957446808,7,8192,15.726746944001206,dinov2+dinov2_small+drlbp+gabor+mae_base+resnet50+vgg16,
DTD,resmlp,42,3,full,random_019,0.8753472869891581,0.8760638297872341,7,6244,17.98565681800028,dinov2_large+dinov2_small+eva02_base+hog+siglip_base+swin_t+vit_b16,
DTD,resmlp,42,3,full,random_020,0.863668073294394,0.8648936170212767,7,3650,14.128258808999817,deit_s+dinov2+dinov2_small+efficientnet_b0+eva02_base+gabor+glcm,
DTD,resmlp,42,3,full,random_021,0.8310711407730964,0.8329787234042553,7,7728,11.994366372999139,densenet121+gabor+mae_base+rgb_ngram_svd+siglip_base+vgg16+vit_b16,
DTD,resmlp,42,3,full,random_022,0.8638191937158252,0.8648936170212767,7,7058,13.256033236999428,convnext_v2_t+dinov2+dinov2_small+eva02_base+glcm+rgb_ngram_svd+vgg16,
DTD,resmlp,42,3,full,random_023,0.8332997253452562,0.8345744680851064,7,7808,12.482752759000505,convnext_v2_t+deit_s+eva02_base+mae_base+rgb_ngram_svd+swin_t+vgg16,
DTD,resmlp,42,3,full,random_024,0.842079423270094,0.8430851063829787,7,8266,6.841945635998854,eva02_base+gabor+hog+lbp+mae_base+siglip_base+vgg16,
DTD,resmlp,42,3,full,random_025,0.8608772915580036,0.8622340425531915,7,8210,13.01456929500091,convnext_v2_t+densenet121+dinov2+eva02_base+glcm+swin_t+vgg16,
DTD,resmlp,42,3,full,random_026,0.7853037618563001,0.7861702127659574,7,6344,14.028036667001288,convnext_v2_t+drlbp+efficientnet_b0+gabor+glcm+lbp+vgg16,
DTD,resmlp,42,3,full,random_027,0.8645730666185826,0.8664893617021276,7,5328,12.071089372000642,densenet121+dinov2+dinov2_small+drlbp+resnet101+rgb_ngram_svd+siglip_base,
DTD,resmlp,42,3,full,random_028,0.8486345781196414,0.85,7,8628,13.40703005099931,deit_s+dinov2+drlbp+hog+mae_base+vgg16+vit_b16,
DTD,resmlp,42,3,full,random_029,0.8564118137221123,0.8574468085106383,7,8468,12.769347673000084,convnext_v2_t+dinov2_large+gabor+hog+mae_base+resnet101+resnet50,
DTD,resmlp,42,3,full,random_030,0.8607285894358527,0.8622340425531915,7,6774,13.524712742999327,deit_s+dinov2+dinov2_large+glcm+hog+resnet50+vit_b16,
DTD,resmlp,42,3,full,random_031,0.8541331397164431,0.8553191489361702,7,5044,8.580866177999269,deit_s+dinov2_large+drlbp+hog+mae_base+rgb_ngram_svd+swin_t,
DTD,resmlp,42,3,full,random_032,0.8178382613920618,0.8202127659574469,7,5402,5.301530771999751,deit_s+dinov2_small+efficientnet_b0+hog+lbp+mae_base+swin_t,
DTD,resmlp,42,3,full,random_033,0.8552800794677671,0.8569148936170212,7,7442,12.366339121999772,convnext_v2_t+eva02_base+glcm+rgb_ngram_svd+siglip_base+swin_t+vgg16,
DTD,resmlp,42,3,full,random_034,0.8611540515558723,0.8627659574468085,7,5808,10.063513282000713,dinov2_large+dinov2_small+efficientnet_b0+gabor+resnet50+rgb_ngram_svd+swin_t,
DTD,resmlp,42,3,full,random_035,0.8421837091784823,0.8436170212765958,7,4938,8.161057195000467,convnext_v2_t+gabor+hog+lbp+siglip_base+swin_t+vit_b16,
DTD,resmlp,42,3,full,random_036,0.8601479981696738,0.8611702127659574,7,4528,4.988954233998811,densenet121+dinov2_small+eva02_base+gabor+mae_base+siglip_base+swin_t,
DTD,resmlp,42,3,full,random_037,0.8442344085815263,0.8462765957446808,7,4554,5.687401310999121,dinov2+dinov2_small+efficientnet_b0+gabor+hog+lbp+rgb_ngram_svd,
DTD,resmlp,42,3,full,random_038,0.8506335333074286,0.8521276595744681,7,6474,12.738266652000675,convnext_v2_t+dinov2_large+gabor+hog+lbp+mae_base+resnet101,
DTD,resmlp,42,3,full,random_039,0.851373443219057,0.8526595744680852,7,9462,14.05242152700157,densenet121+dinov2_large+efficientnet_b0+glcm+hog+rgb_ngram_svd+vgg16,
DTD,resmlp,42,3,full,random_040,0.8580054003760589,0.8590425531914894,7,5090,3.8910397219988226,dinov2_large+dinov2_small+drlbp+glcm+mae_base+resnet101+swin_t,
DTD,resmlp,42,3,full,random_041,0.8472778921280848,0.8494680851063829,7,3010,10.951699568999175,dinov2_small+gabor+glcm+rgb_ngram_svd+siglip_base+swin_t+vit_b16,
DTD,resmlp,42,3,full,random_042,0.8397298340999623,0.8420212765957447,7,8742,12.381114608000644,dinov2+efficientnet_b0+gabor+glcm+hog+mae_base+vgg16,
DTD,resmlp,42,3,full,random_043,0.8429168642900924,0.8446808510638298,7,10678,11.979317948000244,deit_s+densenet121+dinov2_large+lbp+resnet101+resnet50+vgg16,
DTD,resmlp,42,3,full,random_044,0.8597980068150468,0.8611702127659574,7,7698,12.691017046001434,densenet121+dinov2+dinov2_large+glcm+mae_base+resnet101+resnet50,
DTD,resmlp,42,3,full,random_045,0.8446232790149112,0.8468085106382979,7,4656,5.694096807999813,deit_s+dinov2_small+gabor+resnet50+rgb_ngram_svd+siglip_base+vit_b16,
DTD,resmlp,42,3,full,random_046,0.8514758927710697,0.8531914893617021,7,4304,10.918460320001032,deit_s+densenet121+dinov2_large+drlbp+mae_base+rgb_ngram_svd+swin_t,
DTD,resmlp,42,3,full,random_047,0.8492265994985365,0.851063829787234,7,5558,11.991360144000282,dinov2_small+efficientnet_b0+eva02_base+lbp+mae_base+resnet50+rgb_ngram_svd,
DTD,resmlp,42,3,full,random_048,0.829154927504039,0.8303191489361702,7,10118,17.05358011700082,densenet121+drlbp+lbp+resnet101+resnet50+siglip_base+vgg16,
DTD,resmlp,42,3,full,random_049,0.8220369359716456,0.823404255319149,7,10388,13.340734717001396,deit_s+efficientnet_b0+eva02_base+gabor+hog+resnet50+vgg16,
DTD,resmlp,42,3,full,random_050,0.7846720757013864,0.7856382978723404,7,5752,12.02298764599982,gabor+glcm+lbp+mae_base+resnet101+resnet50+swin_t,
DTD,resmlp,42,3,full,random_051,0.8301002108583826,0.8319148936170213,7,5350,11.278211052998813,dinov2_small+efficientnet_b0+gabor+lbp+resnet50+swin_t+vit_b16,
DTD,resmlp,42,3,full,random_052,0.8310978024606538,0.8324468085106383,7,8710,12.141880377001144,convnext_v2_t+dinov2_small+drlbp+efficientnet_b0+lbp+resnet101+vgg16,
DTD,resmlp,42,3,full,random_053,0.8585066473675315,0.8601063829787234,7,5878,8.587896046001333,dinov2+dinov2_large+efficientnet_b0+glcm+hog+mae_base+rgb_ngram_svd,
DTD,resmlp,42,3,full,random_054,0.8419751594437553,0.8441489361702128,7,11510,6.613194375999228,dinov2+glcm+hog+resnet101+resnet50+swin_t+vgg16,
DTD,resmlp,42,3,full,random_055,0.7814475166041749,0.7840425531914894,7,4012,5.906322446000559,convnext_v2_t+deit_s+glcm+hog+lbp+rgb_ngram_svd+vit_b16,
DTD,resmlp,42,3,full,random_056,0.7800725144462742,0.7819148936170213,7,6244,6.709363137000764,drlbp+efficientnet_b0+gabor+hog+resnet50+rgb_ngram_svd+vit_b16,
DTD,resmlp,42,3,full,random_057,0.8388623416301072,0.8398936170212766,7,4170,6.821787904998928,deit_s+dinov2_small+eva02_base+gabor+hog+lbp+swin_t,
DTD,resmlp,42,3,full,random_058,0.8725390080204317,0.8734042553191489,7,7188,12.218244476000109,dinov2+dinov2_large+eva02_base+gabor+hog+resnet101+vit_b16,
DTD,resmlp,42,3,full,random_059,0.8552223395050167,0.8574468085106383,7,9776,10.02048565000041,dinov2+efficientnet_b0+gabor+mae_base+resnet101+siglip_base+vgg16,
DTD,resmlp,42,3,full,random_060,0.8250302824832042,0.8276595744680851,7,10724,13.030121660998702,densenet121+hog+mae_base+resnet50+rgb_ngram_svd+siglip_base+vgg16,
DTD,resmlp,42,3,full,random_061,0.8398767944906281,0.8420212765957447,7,5456,11.669520199000544,drlbp+mae_base+resnet101+rgb_ngram_svd+siglip_base+swin_t+vit_b16,
DTD,resmlp,42,3,full,random_062,0.8352134335721744,0.8367021276595744,7,9516,14.878955301001042,convnext_v2_t+glcm+hog+lbp+resnet50+siglip_base+vgg16,
DTD,resmlp,42,3,full,random_063,0.7969660202377783,0.7984042553191489,7,6600,13.210491005000222,convnext_v2_t+deit_s+efficientnet_b0+glcm+lbp+resnet101+resnet50,
DTD,resmlp,42,3,full,random_064,0.8445238524500147,0.8462765957446808,7,12132,15.94749915399916,convnext_v2_t+deit_s+dinov2_large+hog+resnet101+resnet50+vgg16,
DTD,resmlp,42,3,full,random_065,0.8758490037471376,0.8765957446808511,7,7040,10.051088898000671,dinov2+dinov2_large+dinov2_small+efficientnet_b0+eva02_base+resnet50+vit_b16,
DTD,resmlp,42,3,full,random_066,0.7596632506122,0.7627659574468085,7,7832,13.736444648000543,drlbp+efficientnet_b0+glcm+lbp+resnet101+rgb_ngram_svd+vgg16,
DTD,resmlp,42,3,full,random_067,0.8459872069093506,0.8473404255319149,7,5684,9.693540907999704,deit_s+dinov2+dinov2_small+drlbp+hog+resnet50+rgb_ngram_svd,
DTD,resmlp,42,3,full,random_068,0.8552411948184349,0.8569148936170212,7,4066,13.366084915998727,dinov2+dinov2_small+drlbp+efficientnet_b0+glcm+swin_t+vit_b16,
DTD,resmlp,42,3,full,random_069,0.8626202782640182,0.8643617021276596,7,6224,12.17600905099971,densenet121+dinov2+drlbp+resnet50+siglip_base+swin_t+vit_b16,
DTD,resmlp,42,3,full,random_070,0.8593282923499744,0.8611702127659574,7,5394,12.556802408000294,dinov2+eva02_base+glcm+resnet101+rgb_ngram_svd+swin_t+vit_b16,
DTD,resmlp,42,3,full,random_071,0.8393110426395084,0.8404255319148937,7,3528,11.132243852998727,convnext_v2_t+deit_s+glcm+lbp+mae_base+siglip_base+vit_b16,
DTD,resmlp,42,3,full,random_072,0.8613122901883594,0.8627659574468085,7,4352,14.51101935600127,densenet121+dinov2+dinov2_small+drlbp+efficientnet_b0+gabor+swin_t,
DTD,resmlp,42,3,full,random_073,0.8338613613828465,0.8356382978723405,7,3968,12.833697314001256,drlbp+efficientnet_b0+eva02_base+gabor+rgb_ngram_svd+swin_t+vit_b16,
DTD,resmlp,42,3,full,random_074,0.8269015920819288,0.8287234042553191,7,4992,4.847083474000101,deit_s+dinov2_small+drlbp+efficientnet_b0+gabor+resnet101+swin_t,
DTD,resmlp,42,3,full,random_075,0.8474971389479157,0.8494680851063829,7,4248,13.69397286200001,dinov2_large+drlbp+glcm+lbp+resnet50+rgb_ngram_svd+swin_t,
DTD,resmlp,42,3,full,random_076,0.8328528188307133,0.8345744680851064,7,7350,7.253108948998488,densenet121+dinov2_small+lbp+rgb_ngram_svd+swin_t+vgg16+vit_b16,
DTD,resmlp,42,3,full,random_077,0.8386509277181139,0.8404255319148937,7,4944,6.358185484999922,densenet121+drlbp+efficientnet_b0+rgb_ngram_svd+siglip_base+swin_t+vit_b16,
DTD,resmlp,42,3,full,random_078,0.8360781761692923,0.8382978723404255,7,6832,10.252235310999822,convnext_v2_t+dinov2_small+gabor+mae_base+resnet101+resnet50+vit_b16,
DTD,resmlp,42,3,full,random_079,0.8426952779673463,0.8446808510638298,7,4700,7.330918853000185,efficientnet_b0+gabor+glcm+hog+lbp+siglip_base+vit_b16,
DTD,resmlp,42,3,full,random_080,0.848676183928452,0.851063829787234,7,9600,13.031848275000812,deit_s+densenet121+dinov2_large+resnet101+rgb_ngram_svd+vgg16+vit_b16,
DTD,resmlp,42,3,full,random_081,0.8499679861708596,0.850531914893617,7,2614,10.776965044000463,convnext_v2_t+deit_s+dinov2_large+drlbp+gabor+lbp+rgb_ngram_svd,
DTD,resmlp,42,3,full,random_082,0.8265622348713422,0.8276595744680851,7,7248,13.149838731000273,convnext_v2_t+deit_s+dinov2_small+drlbp+swin_t+vgg16+vit_b16,
DTD,resmlp,42,3,full,random_083,0.8514929315306345,0.8526595744680852,7,5658,12.700302617999114,convnext_v2_t+densenet121+dinov2_large+hog+lbp+mae_base+rgb_ngram_svd,
DTD,resmlp,42,3,full,random_084,0.8693073650112846,0.8707446808510638,7,6290,13.235666984001,dinov2_large+dinov2_small+efficientnet_b0+glcm+mae_base+resnet50+vit_b16,
DTD,resmlp,42,3,full,random_085,0.8562724125618134,0.8569148936170212,7,4808,5.002181187999668,convnext_v2_t+deit_s+dinov2+glcm+lbp+resnet50+siglip_base,
DTD,resmlp,42,3,full,random_086,0.8542768784749308,0.8558510638297873,7,10112,13.11974923300113,dinov2_small+efficientnet_b0+eva02_base+mae_base+resnet50+vgg16+vit_b16,
DTD,resmlp,42,3,full,random_087,0.82686211759787,0.8287234042553191,7,8034,14.804886595000426,convnext_v2_t+drlbp+glcm+resnet101+rgb_ngram_svd+siglip_base+vgg16,
DTD,resmlp,42,3,full,random_088,0.842559017483235,0.8446808510638298,7,5010,12.28446977800013,convnext_v2_t+dinov2_small+glcm+mae_base+resnet50+rgb_ngram_svd+vit_b16,
DTD,resmlp,42,3,full,random_089,0.8743845647846995,0.874468085106383,7,7826,13.410783211000307,convnext_v2_t+dinov2_large+dinov2_small+eva02_base+glcm+mae_base+vgg16,
DTD,resmlp,42,3,full,random_090,0.8577834171487786,0.8585106382978723,7,6278,5.510486532999494,densenet121+dinov2_large+drlbp+efficientnet_b0+eva02_base+lbp+resnet101,
DTD,resmlp,42,3,full,random_091,0.8489723813110008,0.851063829787234,7,6420,12.610899486999188,deit_s+dinov2_large+dinov2_small+gabor+hog+resnet101+vit_b16,
DTD,resmlp,42,3,full,random_092,0.8637362420993551,0.8643617021276596,7,6930,7.826263617998848,densenet121+dinov2_large+efficientnet_b0+eva02_base+glcm+resnet101+swin_t,
DTD,resmlp,42,3,full,random_093,0.7932435566506346,0.7952127659574468,7,3078,11.620982935999564,convnext_v2_t+deit_s+drlbp+lbp+mae_base+rgb_ngram_svd+swin_t,
DTD,resmlp,42,3,full,random_094,0.824079920331933,0.8271276595744681,7,6802,12.805362578999848,dinov2_small+efficientnet_b0+glcm+mae_base+resnet101+resnet50+rgb_ngram_svd,
DTD,resmlp,42,3,full,random_095,0.8341442491646166,0.8356382978723405,7,7984,13.859727719000148,densenet121+efficientnet_b0+eva02_base+gabor+mae_base+resnet101+resnet50,
DTD,resmlp,42,3,full,random_096,0.8431302454348958,0.8452127659574468,7,4864,11.725119987999278,dinov2_small+drlbp+efficientnet_b0+eva02_base+gabor+resnet101+rgb_ngram_svd,
DTD,resmlp,42,3,full,random_097,0.8534038545222156,0.8553191489361702,7,7286,9.91347319399938,deit_s+dinov2+dinov2_large+efficientnet_b0+glcm+hog+resnet101,
DTD,resmlp,42,3,full,random_098,0.8641319811250816,0.8654255319148936,7,6326,5.630432616999315,dinov2_large+dinov2_small+efficientnet_b0+eva02_base+lbp+mae_base+resnet50,
DTD,resmlp,42,3,full,random_099,0.838073440505433,0.8414893617021276,7,7632,5.201667555000313,dinov2_small+drlbp+efficientnet_b0+mae_base+rgb_ngram_svd+siglip_base+vgg16,
DTD,resmlp,42,4,full,random_000,0.8486104391850113,0.850531914893617,5,2790,2.416317799999888,deit_s+dinov2_large+efficientnet_b0+gabor+lbp,
DTD,resmlp,42,4,full,random_001,0.7984784276830275,0.799468085106383,5,4400,2.2323318669996297,convnext_v2_t+gabor+mae_base+resnet50+swin_t,
DTD,resmlp,42,4,full,random_002,0.8483647192162158,0.850531914893617,5,4500,3.7259817409999414,deit_s+dinov2_large+efficientnet_b0+gabor+hog,
DTD,resmlp,42,4,full,random_003,0.7886698576834402,0.7909574468085107,5,2944,3.1958854109998356,drlbp+efficientnet_b0+gabor+swin_t+vit_b16,
DTD,resmlp,42,4,full,random_004,0.7512545917517223,0.7531914893617021,5,5346,3.016873377000138,deit_s+drlbp+glcm+swin_t+vgg16,
DTD,resmlp,42,4,full,random_005,0.829216948401451,0.8308510638297872,5,1542,1.782384350999564,dinov2_small+drlbp+eva02_base+lbp+rgb_ngram_svd,
DTD,resmlp,42,4,full,random_006,0.8422989552624476,0.8430851063829787,5,3894,3.8607190539996736,convnext_v2_t+densenet121+efficientnet_b0+lbp+siglip_base,
DTD,resmlp,42,4,full,random_007,0.8617783255192822,0.8622340425531915,5,2018,2.258126489999995,dinov2_small+drlbp+eva02_base+glcm+siglip_base,
DTD,resmlp,42,4,full,random_008,0.8667850169451411,0.8686170212765958,5,3664,2.1331424300001345,densenet121+dinov2_large+drlbp+eva02_base+siglip_base,
DTD,resmlp,42,4,full,random_009,0.8599711125177123,0.8611702127659574,5,3684,2.652968367000085,dinov2_large+drlbp+gabor+hog+siglip_base,
DTD,resmlp,42,4,full,random_010,0.8388136796755009,0.8404255319148937,5,4916,3.1864326029999575,drlbp+hog+resnet101+rgb_ngram_svd+siglip_base,
DTD,resmlp,42,4,full,random_011,0.8030746487123851,0.8042553191489362,5,4626,1.7776150009999583,convnext_v2_t+densenet121+glcm+resnet50+vit_b16,
DTD,resmlp,42,4,full,random_012,0.8407548744612755,0.8425531914893617,5,3474,3.5849273839999114,deit_s+dinov2_large+efficientnet_b0+glcm+swin_t,
DTD,resmlp,42,4,full,random_013,0.8319605179672089,0.8335106382978723,5,2944,3.091633679000097,convnext_v2_t+dinov2_small+rgb_ngram_svd+swin_t+vit_b16,
DTD,resmlp,42,4,full,random_014,0.7815876199609094,0.7835106382978724,5,6224,2.7208140090001507,convnext_v2_t+densenet121+drlbp+rgb_ngram_svd+vgg16,
DTD,resmlp,42,4,full,random_015,0.842139821413898,0.8441489361702128,5,5878,3.6013103129998854,dinov2+efficientnet_b0+glcm+hog+resnet50,
DTD,resmlp,42,4,full,random_016,0.8695370942948882,0.8707446808510638,5,3712,2.5436842130002333,deit_s+densenet121+dinov2+mae_base+siglip_base,
DTD,resmlp,42,4,full,random_017,0.8746048949936293,0.875531914893617,5,4370,3.112760058999811,dinov2+eva02_base+glcm+resnet50+siglip_base,
DTD,resmlp,42,4,full,random_018,0.84896680230989,0.850531914893617,5,2304,3.373316839000381,deit_s+dinov2+dinov2_large+drlbp+gabor,
DTD,resmlp,42,4,full,random_019,0.8669054554124708,0.8675531914893617,5,2998,3.151158615999975,deit_s+dinov2_large+eva02_base+lbp+siglip_base,
DTD,resmlp,42,4,full,random_020,0.7900169822070888,0.7909574468085107,5,2914,1.9172548889996506,convnext_v2_t+drlbp+efficientnet_b0+glcm+mae_base,
DTD,resmlp,42,4,full,random_021,0.8532412942663324,0.8553191489361702,5,7936,4.507762147999983,dinov2+resnet101+rgb_ngram_svd+siglip_base+vgg16,
DTD,resmlp,42,4,full,random_022,0.864565927322505,0.8654255319148936,5,3328,1.509795029000088,deit_s+dinov2_large+dinov2_small+mae_base+siglip_base,
DTD,resmlp,42,4,full,random_023,0.824983959403136,0.8265957446808511,5,2706,3.762979594999706,deit_s+glcm+mae_base+siglip_base+vit_b16,
DTD,resmlp,42,4,full,random_024,0.8421148477689806,0.8436170212765958,5,9984,4.770184832000268,densenet121+dinov2+resnet101+resnet50+vgg16,
DTD,resmlp,42,4,full,random_025,0.8441168521754484,0.8457446808510638,5,7990,3.011911635999695,convnext_v2_t+dinov2_large+lbp+resnet50+vgg16,
DTD,resmlp,42,4,full,random_026,0.774802537102679,0.776595744680851,5,3248,3.230613670999901,deit_s+efficientnet_b0+gabor+mae_base+vit_b16,
DTD,resmlp,42,4,full,random_027,0.8316409506260054,0.8329787234042553,5,5942,3.4006011129999933,convnext_v2_t+eva02_base+lbp+rgb_ngram_svd+vgg16,
DTD,resmlp,42,4,full,random_028,0.8574166673060947,0.8574468085106383,5,3584,2.533553711999957,dinov2_large+eva02_base+mae_base+rgb_ngram_svd+vit_b16,
DTD,resmlp,42,4,full,random_029,0.7865378058635804,0.7893617021276595,5,1992,2.5031872150002528,convnext_v2_t+deit_s+glcm+lbp+vit_b16,
DTD,resmlp,42,4,full,random_030,0.851606958512922,0.8531914893617021,5,3334,3.230329359999814,deit_s+dinov2+drlbp+lbp+resnet101,
DTD,resmlp,42,4,full,random_031,0.8618121414076362,0.8632978723404255,5,5138,3.713222355999733,dinov2+dinov2_large+efficientnet_b0+glcm+resnet101,
DTD,resmlp,42,4,full,random_032,0.8539793715684434,0.8563829787234043,5,6064,2.5812901300000703,dinov2+dinov2_small+gabor+siglip_base+vgg16,
DTD,resmlp,42,4,full,random_033,0.7822450269013529,0.7851063829787234,5,2498,2.9966818120001335,deit_s+efficientnet_b0+gabor+glcm+vit_b16,
DTD,resmlp,42,4,full,random_034,0.8390600480953077,0.8409574468085106,5,4144,3.256990977999976,densenet121+gabor+resnet50+rgb_ngram_svd+siglip_base,
DTD,resmlp,42,4,full,random_035,0.7951375187207942,0.7957446808510639,5,6646,1.6471652169998379,convnext_v2_t+glcm+hog+resnet101+resnet50,
DTD,resmlp,42,4,full,random_036,0.8240152394825899,0.825,5,4224,3.899208210999859,deit_s+densenet121+efficientnet_b0+eva02_base+swin_t,
DTD,resmlp,42,4,full,random_037,0.8373994062280367,0.8377659574468085,5,4736,3.8449033920001057,convnext_v2_t+deit_s+eva02_base+mae_base+resnet101,
DTD,resmlp,42,4,full,random_038,0.8530184724842257,0.8547872340425532,5,2870,1.8571008090002579,dinov2_large+eva02_base+lbp+mae_base+rgb_ngram_svd,
DTD,resmlp,42,4,full,random_039,0.8661610067939298,0.8675531914893617,5,3024,3.036334576000172,deit_s+dinov2+dinov2_large+drlbp+siglip_base,
DTD,resmlp,42,4,full,random_040,0.7899766123368587,0.7925531914893617,5,3144,2.2819512739997663,convnext_v2_t+glcm+lbp+resnet50+rgb_ngram_svd,
DTD,resmlp,42,4,full,random_041,0.8333311620011129,0.8351063829787234,5,3206,1.8255698500001927,densenet121+drlbp+efficientnet_b0+lbp+siglip_base,
DTD,resmlp,42,4,full,random_042,0.8625748047317948,0.8643617021276596,5,3376,3.645569943999817,dinov2_large+efficientnet_b0+eva02_base+gabor+rgb_ngram_svd,
DTD,resmlp,42,4,full,random_043,0.759686519284235,0.7617021276595745,5,10980,4.607074342000033,densenet121+hog+resnet101+resnet50+vgg16,
DTD,resmlp,42,4,full,random_044,0.7937488437818838,0.7968085106382978,5,6656,3.261400068000057,convnext_v2_t+densenet121+resnet101+resnet50+swin_t,
DTD,resmlp,42,4,full,random_045,0.8774321580345442,0.8787234042553191,5,5942,2.7622866329998033,dinov2_large+lbp+resnet101+resnet50+siglip_base,
DTD,resmlp,42,4,full,random_046,0.8509889346055705,0.8521276595744681,5,2662,1.5049506389996168,densenet121+eva02_base+gabor+lbp+siglip_base,
DTD,resmlp,42,4,full,random_047,0.7217450463172999,0.725,5,2242,1.6355316819999643,deit_s+densenet121+gabor+glcm+mae_base,
DTD,resmlp,42,4,full,random_048,0.8636798747270418,0.8654255319148936,5,5120,2.194715965999876,densenet121+dinov2_large+resnet101+rgb_ngram_svd+siglip_base,
DTD,resmlp,42,4,full,random_049,0.8296474388890058,0.8319148936170213,5,4048,2.402113766000184,dinov2_small+drlbp+resnet101+swin_t+vit_b16,
DTD,resmlp,42,4,full,random_050,0.75481738419265,0.7574468085106383,5,1656,1.304131684999902,gabor+glcm+lbp+mae_base+swin_t,
DTD,resmlp,42,4,full,random_051,0.8366987200206325,0.8382978723404255,5,5968,3.488345218000177,dinov2+drlbp+rgb_ngram_svd+swin_t+vgg16,
DTD,resmlp,42,4,full,random_052,0.85039764417694,0.8526595744680852,5,3272,2.1809087589999763,dinov2+dinov2_small+glcm+lbp+resnet101,
DTD,resmlp,42,4,full,random_053,0.8363445838168996,0.8377659574468085,5,3024,1.6745872090000375,convnext_v2_t+deit_s+densenet121+drlbp+eva02_base,
DTD,resmlp,42,4,full,random_054,0.7592469351332805,0.7611702127659574,5,7040,4.240672163999989,drlbp+gabor+resnet50+swin_t+vgg16,
DTD,resmlp,42,4,full,random_055,0.8243658324028503,0.8271276595744681,5,3940,1.597856037999918,convnext_v2_t+dinov2_small+hog+rgb_ngram_svd+vit_b16,
DTD,resmlp,42,4,full,random_056,0.8443044350847686,0.8446808510638298,5,2048,2.040789365999899,dinov2_small+drlbp+eva02_base+gabor+swin_t,
DTD,resmlp,42,4,full,random_057,0.8526949553796713,0.8547872340425532,5,7296,4.367074675999902,densenet121+dinov2_large+dinov2_small+mae_base+vgg16,
DTD,resmlp,42,4,full,random_058,0.8197682999522103,0.8207446808510638,5,7344,4.2826480660000925,deit_s+gabor+resnet50+siglip_base+vgg16,
DTD,resmlp,42,4,full,random_059,0.8384675822669082,0.8404255319148937,5,2992,2.337046135000037,deit_s+densenet121+eva02_base+gabor+siglip_base,
DTD,resmlp,42,4,full,random_060,0.8181237752020142,0.8202127659574469,5,6710,2.172672487,densenet121+lbp+mae_base+siglip_base+vgg16,
DTD,resmlp,42,4,full,random_061,0.8449635724813187,0.8468085106382979,5,3456,3.135601840000163,deit_s+densenet121+dinov2_large+mae_base+rgb_ngram_svd,
DTD,resmlp,42,4,full,random_062,0.855343674210942,0.8553191489361702,5,3254,1.415555322000273,densenet121+dinov2_large+dinov2_small+lbp+mae_base,
DTD,resmlp,42,4,full,random_063,0.8512473826343793,0.8526595744680852,5,6016,3.2557055610000134,dinov2_small+eva02_base+resnet101+resnet50+swin_t,
DTD,resmlp,42,4,full,random_064,0.8374982568212441,0.8393617021276596,5,7652,1.7429356730003747,dinov2+hog+rgb_ngram_svd+swin_t+vgg16,
DTD,resmlp,42,4,full,random_065,0.7625828486667119,0.7632978723404256,5,3958,1.5269955580001806,deit_s+densenet121+glcm+hog+vit_b16,
DTD,resmlp,42,4,full,random_066,0.7905613131127007,0.7930851063829787,5,5504,3.6510522290000154,deit_s+densenet121+efficientnet_b0+resnet50+vit_b16,
DTD,resmlp,42,4,full,random_067,0.8491167925192931,0.850531914893617,5,2480,2.5863319899999624,densenet121+dinov2+dinov2_small+gabor+rgb_ngram_svd,
DTD,resmlp,42,4,full,random_068,0.8269553838388192,0.8292553191489361,5,5350,3.2397246839996114,deit_s+gabor+lbp+siglip_base+vgg16,
DTD,resmlp,42,4,full,random_069,0.86206642530443,0.8632978723404255,5,2626,3.6809502880000764,convnext_v2_t+dinov2_large+eva02_base+gabor+glcm,
DTD,resmlp,42,4,full,random_070,0.8109608906880229,0.8117021276595745,5,4506,1.8790980660000969,dinov2_small+hog+lbp+resnet50+rgb_ngram_svd,
DTD,resmlp,42,4,full,random_071,0.8412665631819717,0.8430851063829787,5,2022,2.6130618830002277,dinov2+dinov2_small+gabor+lbp+vit_b16,
DTD,resmlp,42,4,full,random_072,0.8590417608177063,0.8601063829787234,5,2432,4.069322592999924,dinov2+drlbp+gabor+mae_base+siglip_base,
DTD,resmlp,42,4,full,random_073,0.8464116622437722,0.847872340425532,5,7010,4.826988091000203,dinov2+drlbp+glcm+resnet101+vgg16,
DTD,resmlp,42,4,full,random_074,0.8136036887223823,0.8154255319148936,5,7808,4.704219030999866,densenet121+dinov2_small+resnet101+rgb_ngram_svd+vgg16,
DTD,resmlp,42,4,full,random_075,0.7873522132431753,0.7898936170212766,5,5888,4.876256345999991,densenet121+efficientnet_b0+mae_base+resnet50+vit_b16,
DTD,resmlp,42,4,full,random_076,0.8314554980401433,0.8324468085106383,5,4688,3.608081508000396,densenet121+drlbp+eva02_base+resnet50+vit_b16,
DTD,resmlp,42,4,full,random_077,0.8422675634512453,0.8441489361702128,5,6498,2.2090242069998567,dinov2_large+drlbp+efficientnet_b0+glcm+vgg16,
DTD,resmlp,42,4,full,random_078,0.8500290684476233,0.851063829787234,5,1536,1.6614929079996728,dinov2_small+drlbp+gabor+rgb_ngram_svd+siglip_base,
DTD,resmlp,42,4,full,random_079,0.7841390446244999,0.7856382978723404,5,3382,1.7716882740000983,densenet121+lbp+mae_base+swin_t+vit_b16,
DTD,resmlp,42,4,full,random_080,0.7772568276673854,0.7781914893617021,5,9014,3.5944181990003017,lbp+resnet101+resnet50+swin_t+vgg16,
DTD,resmlp,42,4,full,random_081,0.8629688166795968,0.8654255319148936,5,4352,4.4585056790001545,dinov2+efficientnet_b0+mae_base+siglip_base+vit_b16,
DTD,resmlp,42,4,full,random_082,0.8397476108844291,0.8425531914893617,5,6576,2.5012256589998287,dinov2_small+efficientnet_b0+eva02_base+gabor+vgg16,
DTD,resmlp,42,4,full,random_083,0.7755078777674915,0.7792553191489362,5,5652,2.443478427000173,densenet121+gabor+hog+resnet101+swin_t,
DTD,resmlp,42,4,full,random_084,0.8580596217193136,0.8590425531914894,5,5248,2.365789975000098,convnext_v2_t+dinov2_small+efficientnet_b0+resnet101+siglip_base,
DTD,resmlp,42,4,full,random_085,0.8542022033911378,0.8547872340425532,5,1992,2.2505991759999233,dinov2_small+eva02_base+glcm+lbp+mae_base,
DTD,resmlp,42,4,full,random_086,0.828999531940302,0.8303191489361702,5,5732,2.2815967630003797,deit_s+hog+resnet50+siglip_base+vit_b16,
DTD,resmlp,42,4,full,random_087,0.820439496221974,0.8228723404255319,5,6064,3.8012441759997273,dinov2_small+gabor+swin_t+vgg16+vit_b16,
DTD,resmlp,42,4,full,random_088,0.7533511181965008,0.7553191489361702,5,8164,2.3919825450002463,efficientnet_b0+hog+rgb_ngram_svd+swin_t+vgg16,
DTD,resmlp,42,4,full,random_089,0.8460131438660004,0.847872340425532,5,6064,2.9951918839997234,dinov2_small+gabor+mae_base+siglip_base+vgg16,
DTD,resmlp,42,4,full,random_090,0.8223293792203219,0.825531914893617,5,3638,2.1242570490003345,efficientnet_b0+eva02_base+lbp+mae_base+swin_t,
DTD,resmlp,42,4,full,random_091,0.8508970335524229,0.8526595744680852,5,4708,3.9445077010000205,convnext_v2_t+deit_s+dinov2_large+hog+swin_t,
DTD,resmlp,42,4,full,random_092,0.8508980983015076,0.8521276595744681,5,3658,2.6212950010003624,densenet121+dinov2+gabor+hog+lbp,
DTD,resmlp,42,4,full,random_093,0.8547963534059884,0.8574468085106383,5,5504,3.6746903510002085,deit_s+dinov2_large+efficientnet_b0+resnet101+swin_t,
DTD,resmlp,42,4,full,random_094,0.8635819226060307,0.8654255319148936,5,3858,3.6971309639998253,densenet121+dinov2+efficientnet_b0+eva02_base+glcm,
DTD,resmlp,42,4,full,random_095,0.841348164026893,0.8441489361702128,5,4116,1.5193859460000567,eva02_base+gabor+hog+siglip_base+swin_t,
DTD,resmlp,42,4,full,random_096,0.8795907102216189,0.8808510638297873,5,3712,1.9311272170002667,dinov2_large+dinov2_small+eva02_base+mae_base+siglip_base,
DTD,resmlp,42,4,full,random_097,0.8589603989422561,0.8606382978723405,5,7424,3.7227231009997013,densenet121+dinov2+mae_base+siglip_base+vgg16,
DTD,resmlp,42,4,full,random_098,0.7984499680713376,0.801063829787234,5,4662,5.714079196000057,convnext_v2_t+densenet121+lbp+resnet101+swin_t,
DTD,resmlp,42,4,full,random_099,0.8348192147947654,0.8361702127659575,5,7296,4.143021469999894,convnext_v2_t+deit_s+efficientnet_b0+eva02_base+vgg16,
DTD,resmlp,42,5,full,random_000,0.7027499638808429,0.7053191489361702,5,7988,1.900943570999516,drlbp+efficientnet_b0+hog+mae_base+vgg16,
DTD,resmlp,42,5,full,random_001,0.8513443419485568,0.8526595744680852,5,3938,2.4926439410000967,convnext_v2_t+dinov2_large+drlbp+glcm+resnet50,
DTD,resmlp,42,5,full,random_002,0.8095429470140842,0.8106382978723404,5,6608,4.387868931999947,deit_s+drlbp+efficientnet_b0+siglip_base+vgg16,
DTD,resmlp,42,5,full,random_003,0.8539833639773876,0.8558510638297873,5,4432,2.5119960560004984,convnext_v2_t+dinov2+drlbp+resnet101+siglip_base,
DTD,resmlp,42,5,full,random_004,0.8372001780759927,0.8393617021276596,5,6372,3.862567666999894,convnext_v2_t+densenet121+dinov2+hog+resnet50,
DTD,resmlp,42,5,full,random_005,0.802179866577848,0.8063829787234043,5,6582,1.9328668349999134,convnext_v2_t+dinov2_small+efficientnet_b0+lbp+vgg16,
DTD,resmlp,42,5,full,random_006,0.7478456470600313,0.749468085106383,5,5986,2.604872009000246,densenet121+drlbp+glcm+swin_t+vgg16,
DTD,resmlp,42,5,full,random_007,0.8052985959967227,0.8085106382978723,5,8676,4.104982313000619,deit_s+dinov2_small+hog+resnet101+vgg16,
DTD,resmlp,42,5,full,random_008,0.8408065501840962,0.8425531914893617,5,2248,4.572794177000105,deit_s+dinov2_large+glcm+lbp+swin_t,
DTD,resmlp,42,5,full,random_009,0.8292127777816846,0.8340425531914893,5,5732,1.954283432000011,convnext_v2_t+dinov2_small+hog+resnet101+siglip_base,
DTD,resmlp,42,5,full,random_010,0.8610602387676227,0.8627659574468085,5,7954,3.065223502000663,dinov2_large+eva02_base+glcm+resnet101+vgg16,
DTD,resmlp,42,5,full,random_011,0.8013687121907991,0.8026595744680851,5,6378,2.4119645640003,dinov2_small+drlbp+hog+lbp+vgg16,
DTD,resmlp,42,5,full,random_012,0.8468381752533384,0.848404255319149,5,4580,3.56312435000018,dinov2+dinov2_large+hog+rgb_ngram_svd+swin_t,
DTD,resmlp,42,5,full,random_013,0.779242906473095,0.7808510638297872,5,5632,3.9776489349997064,efficientnet_b0+mae_base+resnet101+swin_t+vit_b16,
DTD,resmlp,42,5,full,random_014,0.8193944271085325,0.8202127659574469,5,7936,3.797513579999759,eva02_base+resnet101+rgb_ngram_svd+vgg16+vit_b16,
DTD,resmlp,42,5,full,random_015,0.844645656616774,0.8452127659574468,5,3334,1.4940292669998598,dinov2+dinov2_small+drlbp+lbp+resnet101,
DTD,resmlp,42,5,full,random_016,0.8426543210768163,0.8441489361702128,5,3686,4.437122108999574,gabor+lbp+resnet101+siglip_base+vit_b16,
DTD,resmlp,42,5,full,random_017,0.8613122342815566,0.8627659574468085,5,3894,3.8113869859998886,deit_s+dinov2_large+dinov2_small+lbp+resnet50,
DTD,resmlp,42,5,full,random_018,0.83275937075978,0.8351063829787234,5,4608,3.3123755079996045,dinov2+mae_base+resnet101+rgb_ngram_svd+swin_t,
DTD,resmlp,42,5,full,random_019,0.766123127208919,0.7691489361702127,5,4560,3.6657252230006634,deit_s+drlbp+efficientnet_b0+resnet101+swin_t,
DTD,resmlp,42,5,full,random_020,0.8295227592448693,0.8297872340425532,5,4598,2.8580624859996533,efficientnet_b0+eva02_base+glcm+hog+vit_b16,
DTD,resmlp,42,5,full,random_021,0.8125725460633944,0.8143617021276596,5,7186,2.7378461020007308,glcm+resnet101+rgb_ngram_svd+siglip_base+vgg16,
DTD,resmlp,42,5,full,random_022,0.8242058745321443,0.8271276595744681,5,8448,4.51330883799983,mae_base+resnet101+siglip_base+swin_t+vgg16,
DTD,resmlp,42,5,full,random_023,0.8523146959772806,0.8553191489361702,5,4096,1.8652366229998734,convnext_v2_t+dinov2+dinov2_large+efficientnet_b0+rgb_ngram_svd,
DTD,resmlp,42,5,full,random_024,0.8043156242705705,0.8058510638297872,5,2512,1.507154810999964,densenet121+dinov2_small+drlbp+rgb_ngram_svd+vit_b16,
DTD,resmlp,42,5,full,random_025,0.826495160408572,0.8281914893617022,5,7168,3.037148151999645,convnext_v2_t+eva02_base+mae_base+swin_t+vgg16,
DTD,resmlp,42,5,full,random_026,0.8403611255787554,0.8404255319148937,5,4836,4.251693174000138,eva02_base+hog+siglip_base+swin_t+vit_b16,
DTD,resmlp,42,5,full,random_027,0.8430121310476005,0.8446808510638298,5,9700,5.341665108000598,dinov2_large+hog+resnet101+vgg16+vit_b16,
DTD,resmlp,42,5,full,random_028,0.8247232408593974,0.8271276595744681,5,2608,1.3434924839993982,convnext_v2_t+eva02_base+gabor+mae_base+rgb_ngram_svd,
DTD,resmlp,42,5,full,random_029,0.8510583252776678,0.8521276595744681,5,5248,4.062122044000716,dinov2_small+efficientnet_b0+eva02_base+resnet50+siglip_base,
DTD,resmlp,42,5,full,random_030,0.8377911906057005,0.8393617021276596,5,5376,2.9123347889999422,dinov2_large+efficientnet_b0+resnet50+rgb_ngram_svd+swin_t,
DTD,resmlp,42,5,full,random_031,0.8717913551836591,0.872872340425532,5,3912,3.527522269999281,dinov2_large+glcm+lbp+resnet50+siglip_base,
DTD,resmlp,42,5,full,random_032,0.8537857056008847,0.8553191489361702,5,4272,3.4601568279995263,dinov2+dinov2_large+dinov2_small+gabor+resnet50,
DTD,resmlp,42,5,full,random_033,0.8332406049356753,0.8345744680851064,5,2968,3.7071151609998196,drlbp+glcm+lbp+resnet101+siglip_base,
DTD,resmlp,42,5,full,random_034,0.8200395441432584,0.8218085106382979,5,4498,2.570723335000366,convnext_v2_t+dinov2_small+efficientnet_b0+glcm+resnet101,
DTD,resmlp,42,5,full,random_035,0.8186681040214001,0.8218085106382979,5,3254,2.8285921090000556,convnext_v2_t+dinov2_small+efficientnet_b0+lbp+mae_base,
DTD,resmlp,42,5,full,random_036,0.7663142639121173,0.7680851063829788,5,5888,3.9930554209995535,densenet121+efficientnet_b0+mae_base+resnet50+swin_t,
DTD,resmlp,42,5,full,random_037,0.810401722496514,0.8122340425531915,5,4262,3.6389832819995718,dinov2_small+gabor+glcm+hog+resnet101,
DTD,resmlp,42,5,full,random_038,0.8390651629222508,0.8409574468085106,5,5248,4.316415727999811,dinov2+dinov2_small+efficientnet_b0+resnet50+swin_t,
DTD,resmlp,42,5,full,random_039,0.849796108883026,0.851063829787234,5,2944,2.678931329999614,dinov2+dinov2_small+mae_base+rgb_ngram_svd+siglip_base,
DTD,resmlp,42,5,full,random_040,0.8394242680124661,0.8414893617021276,5,8448,4.0828640409999934,convnext_v2_t+dinov2+resnet50+vgg16+vit_b16,
DTD,resmlp,42,5,full,random_041,0.8286487117936755,0.8303191489361702,5,8320,3.476844412999526,densenet121+dinov2+dinov2_small+resnet50+vgg16,
DTD,resmlp,42,5,full,random_042,0.8146222510459508,0.8170212765957446,5,3456,2.5431717900000876,convnext_v2_t+dinov2_small+efficientnet_b0+rgb_ngram_svd+swin_t,
DTD,resmlp,42,5,full,random_043,0.7508506589646474,0.7526595744680851,5,7344,2.7460802689993216,deit_s+gabor+mae_base+resnet101+vgg16,
DTD,resmlp,42,5,full,random_044,0.8506286825716555,0.8521276595744681,5,3974,1.8861426019993814,dinov2_large+drlbp+lbp+mae_base+resnet50,
DTD,resmlp,42,5,full,random_045,0.8120385780884242,0.8143617021276596,5,3610,1.4204922480003006,hog+lbp+rgb_ngram_svd+siglip_base+swin_t,
DTD,resmlp,42,5,full,random_046,0.8487447586107859,0.85,5,6480,3.0515089219998117,convnext_v2_t+dinov2+drlbp+eva02_base+vgg16,
DTD,resmlp,42,5,full,random_047,0.8303743108859809,0.8324468085106383,5,7344,3.456087751999803,deit_s+dinov2+gabor+resnet50+vgg16,
DTD,resmlp,42,5,full,random_048,0.8542409447457745,0.8553191489361702,5,4528,3.16266746600013,densenet121+dinov2_large+dinov2_small+gabor+resnet50,
DTD,resmlp,42,5,full,random_049,0.8353516820439636,0.8367021276595744,5,4400,4.242210241000066,convnext_v2_t+eva02_base+gabor+resnet101+swin_t,
DTD,resmlp,42,5,full,random_050,0.8268046188026239,0.8292553191489361,5,4224,2.968888237000101,convnext_v2_t+deit_s+densenet121+efficientnet_b0+eva02_base,
DTD,resmlp,42,5,full,random_051,0.8587569897516026,0.8606382978723405,5,4224,4.139188400999956,dinov2+dinov2_large+dinov2_small+efficientnet_b0+eva02_base,
DTD,resmlp,42,5,full,random_052,0.8421129422602702,0.8446808510638298,5,6912,4.180955144000109,convnext_v2_t+dinov2+efficientnet_b0+resnet101+resnet50,
DTD,resmlp,42,5,full,random_053,0.7751929915745192,0.777127659574468,5,4114,3.0408508559994516,densenet121+glcm+resnet101+rgb_ngram_svd+vit_b16,
DTD,resmlp,42,5,full,random_054,0.855860547468777,0.8569148936170212,5,2376,1.3975461239997458,dinov2+glcm+lbp+siglip_base+swin_t,
DTD,resmlp,42,5,full,random_055,0.835000163509719,0.8372340425531914,5,2864,4.154136639000171,convnext_v2_t+densenet121+dinov2+gabor+rgb_ngram_svd,
DTD,resmlp,42,5,full,random_056,0.8150132837455171,0.8148936170212766,5,4324,1.8812449940005536,convnext_v2_t+deit_s+densenet121+dinov2_small+hog,
DTD,resmlp,42,5,full,random_057,0.834452135243436,0.8356382978723405,5,6418,2.555360850999932,dinov2+glcm+swin_t+vgg16+vit_b16,
DTD,resmlp,42,5,full,random_058,0.8554122501828294,0.8563829787234043,5,4406,2.3336367780002547,dinov2+lbp+resnet50+siglip_base+swin_t,
DTD,resmlp,42,5,full,random_059,0.6959129276314585,0.698404255319149,5,5478,2.0171949790001236,densenet121+gabor+lbp+rgb_ngram_svd+vgg16,
DTD,resmlp,42,5,full,random_060,0.8242882381928478,0.824468085106383,5,4736,2.2125743549995605,deit_s+eva02_base+mae_base+resnet50+vit_b16,
DTD,resmlp,42,5,full,random_061,0.8170993768288742,0.8191489361702128,5,7728,1.9004140980005104,dinov2+gabor+mae_base+resnet50+vgg16,
DTD,resmlp,42,5,full,random_062,0.7740616288326965,0.7755319148936171,5,4854,4.430568912000126,convnext_v2_t+glcm+hog+resnet50+rgb_ngram_svd,
DTD,resmlp,42,5,full,random_063,0.8458762804229147,0.848404255319149,5,4096,2.6039790590002667,convnext_v2_t+densenet121+dinov2+efficientnet_b0+rgb_ngram_svd,
DTD,resmlp,42,5,full,random_064,0.7526666259299779,0.7553191489361702,5,5222,4.132575542000268,densenet121+gabor+lbp+resnet101+resnet50,
DTD,resmlp,42,5,full,random_065,0.7694925057305089,0.7723404255319148,5,7222,3.0349653740004214,densenet121+efficientnet_b0+lbp+vgg16+vit_b16,
DTD,resmlp,42,5,full,random_066,0.832703824839636,0.8340425531914893,5,4022,2.5605539349999162,deit_s+lbp+resnet101+siglip_base+vit_b16,
DTD,resmlp,42,5,full,random_067,0.8249497487287999,0.826063829787234,5,2376,2.3699659339999926,glcm+lbp+siglip_base+swin_t+vit_b16,
DTD,resmlp,42,5,full,random_068,0.8735202928572054,0.875,5,3712,3.742967344000135,deit_s+dinov2_large+eva02_base+mae_base+siglip_base,
DTD,resmlp,42,5,full,random_069,0.8410345296329718,0.8430851063829787,5,5092,3.4436752030005664,dinov2+dinov2_large+efficientnet_b0+hog+rgb_ngram_svd,
DTD,resmlp,42,5,full,random_070,0.8512866559808104,0.8526595744680852,5,5712,2.0669411419994503,dinov2+drlbp+eva02_base+resnet101+resnet50,
DTD,resmlp,42,5,full,random_071,0.839250304760371,0.8409574468085106,5,4048,3.244547387000239,deit_s+dinov2+drlbp+resnet50+vit_b16,
DTD,resmlp,42,5,full,random_072,0.8245900994712343,0.8271276595744681,5,7186,2.8561104350001187,dinov2+glcm+resnet101+rgb_ngram_svd+vgg16,
DTD,resmlp,42,5,full,random_073,0.8241633320607771,0.825531914893617,5,6528,3.5250437730001067,deit_s+efficientnet_b0+eva02_base+resnet101+resnet50,
DTD,resmlp,42,5,full,random_074,0.7609499233185155,0.7648936170212766,5,4148,1.73090761200001,drlbp+hog+mae_base+swin_t+vit_b16,
DTD,resmlp,42,5,full,random_075,0.832620118639114,0.8345744680851064,5,6400,3.6699509829995804,deit_s+dinov2+dinov2_small+swin_t+vgg16,
DTD,resmlp,42,5,full,random_076,0.8235128004694844,0.825531914893617,5,2918,2.1499996250004187,efficientnet_b0+eva02_base+gabor+lbp+swin_t,
DTD,resmlp,42,5,full,random_077,0.8393922058389484,0.8404255319148937,5,7040,2.784103621000213,deit_s+densenet121+eva02_base+siglip_base+vgg16,
DTD,resmlp,42,5,full,random_078,0.8480918496348789,0.85,5,2742,3.8531277059992135,densenet121+dinov2_large+dinov2_small+lbp+rgb_ngram_svd,
DTD,resmlp,42,5,full,random_079,0.8357155368127959,0.8382978723404255,5,4400,3.2597874620005314,dinov2+efficientnet_b0+gabor+resnet50+rgb_ngram_svd,
DTD,resmlp,42,5,full,random_080,0.8202212984723556,0.8223404255319149,5,4176,2.3702082239997253,densenet121+drlbp+resnet101+rgb_ngram_svd+siglip_base,
DTD,resmlp,42,5,full,random_081,0.858285271889182,0.8590425531914894,5,4992,3.1205254169999534,dinov2_large+dinov2_small+eva02_base+resnet101+vit_b16,
DTD,resmlp,42,5,full,random_082,0.8461352736066664,0.8473404255319149,5,5954,2.9412563030000456,dinov2_large+gabor+glcm+mae_base+vgg16,
DTD,resmlp,42,5,full,random_083,0.7701356158473682,0.7707446808510638,5,3200,2.6543054620005933,drlbp+gabor+resnet101+rgb_ngram_svd+vit_b16,
DTD,resmlp,42,5,full,random_084,0.8273833324693306,0.8303191489361702,5,3920,4.39022763200046,dinov2+drlbp+resnet50+rgb_ngram_svd+swin_t,
DTD,resmlp,42,5,full,random_085,0.7752786362905686,0.777127659574468,5,5174,3.0494446519996927,densenet121+efficientnet_b0+lbp+resnet50+vit_b16,
DTD,resmlp,42,5,full,random_086,0.7401675366987692,0.7425531914893617,5,7552,2.681060296999931,drlbp+efficientnet_b0+gabor+resnet101+vgg16,
DTD,resmlp,42,5,full,random_087,0.8154980978877464,0.8170212765957446,5,4660,2.23918975900051,deit_s+dinov2_small+drlbp+hog+resnet101,
DTD,resmlp,42,5,full,random_088,0.7714781995170604,0.7707446808510638,5,3702,1.8136431220000304,convnext_v2_t+deit_s+glcm+hog+mae_base,
DTD,resmlp,42,5,full,random_089,0.8443851316065015,0.8452127659574468,5,5382,2.5890500730001804,dinov2_small+drlbp+lbp+siglip_base+vgg16,
DTD,resmlp,42,5,full,random_090,0.8596594889010304,0.8617021276595744,5,4662,4.340175740000632,dinov2_large+lbp+mae_base+resnet50+siglip_base,
DTD,resmlp,42,5,full,random_091,0.8333233054590682,0.8351063829787234,5,5220,2.5855310380002265,deit_s+dinov2+hog+resnet101+rgb_ngram_svd,
DTD,resmlp,42,5,full,random_092,0.8147849270803831,0.8154255319148936,5,3334,2.0186254629998075,deit_s+drlbp+eva02_base+lbp+resnet50,
DTD,resmlp,42,5,full,random_093,0.836567089414453,0.8388297872340426,5,5248,3.9704501790001814,deit_s+dinov2+efficientnet_b0+resnet50+vit_b16,
DTD,resmlp,42,5,full,random_094,0.8426548046644254,0.8446808510638298,5,2870,2.2863587840001856,convnext_v2_t+dinov2_large+lbp+rgb_ngram_svd+swin_t,
DTD,resmlp,42,5,full,random_095,0.8488908941906982,0.850531914893617,5,4150,3.6106375670005946,dinov2_large+lbp+resnet101+rgb_ngram_svd+swin_t,
DTD,resmlp,42,5,full,random_096,0.835285689021693,0.8361702127659575,5,5650,4.976369483000781,deit_s+dinov2_small+eva02_base+glcm+vgg16,
DTD,resmlp,42,5,full,random_097,0.8539000835667189,0.8558510638297873,5,3346,4.442799689999447,dinov2_large+eva02_base+glcm+mae_base+vit_b16,
DTD,resmlp,42,5,full,random_098,0.8187881955195592,0.8186170212765957,5,2626,1.1521823569992193,densenet121+eva02_base+gabor+glcm+vit_b16,
DTD,resmlp,42,5,full,random_099,0.8470067122505771,0.8457446808510638,5,5092,1.489788445999693,densenet121+eva02_base+hog+siglip_base+swin_t,
DTD,svm,42,2,full,random_000,0.8508145006505615,0.8515957446808511,6,7734,22.37357823900038,densenet121+dinov2_large+lbp+mae_base+swin_t+vgg16,
DTD,svm,42,2,full,random_001,0.8570577120627536,0.8579787234042553,6,3968,16.432875162000528,convnext_v2_t+deit_s+densenet121+dinov2+eva02_base+rgb_ngram_svd,
DTD,svm,42,2,full,random_002,0.8408351988010196,0.8420212765957447,6,5046,19.556130575999305,densenet121+dinov2_small+lbp+resnet50+siglip_base+swin_t,
DTD,svm,42,2,full,random_003,0.8440564766051621,0.8452127659574468,6,6244,22.441417549000107,dinov2_large+dinov2_small+hog+mae_base+resnet101+rgb_ngram_svd,
DTD,svm,42,2,full,random_004,0.8496209046665254,0.85,6,3394,27.911400334000064,convnext_v2_t+densenet121+eva02_base+gabor+glcm+siglip_base,
DTD,svm,42,2,full,random_005,0.8249923698529288,0.825,6,8784,22.60513977299979,densenet121+drlbp+resnet101+siglip_base+vgg16+vit_b16,
DTD,svm,42,2,full,random_006,0.8499982716963929,0.851063829787234,6,5604,23.181875509999372,deit_s+dinov2_large+dinov2_small+efficientnet_b0+hog+vit_b16,
DTD,svm,42,2,full,random_007,0.8442774770982717,0.8446808510638298,6,4242,18.179809383000247,dinov2+dinov2_small+glcm+mae_base+resnet50+rgb_ngram_svd,
DTD,svm,42,2,full,random_008,0.8175761025065552,0.8180851063829787,6,7168,24.258820866999486,efficientnet_b0+resnet101+resnet50+rgb_ngram_svd+siglip_base+vit_b16,
DTD,svm,42,2,full,random_009,0.8583983321422132,0.8595744680851064,6,4790,18.548162498999773,deit_s+dinov2+lbp+resnet101+siglip_base+swin_t,
DTD,svm,42,2,full,random_010,0.8595476495367395,0.8606382978723405,6,6144,21.30985901999975,convnext_v2_t+dinov2_large+resnet50+siglip_base+swin_t+vit_b16,
DTD,svm,42,2,full,random_011,0.8513764538774544,0.8515957446808511,6,5010,20.604424097000447,deit_s+dinov2_large+glcm+mae_base+resnet101+swin_t,
DTD,svm,42,2,full,random_012,0.852723267907848,0.8537234042553191,6,4784,16.715783348000514,convnext_v2_t+dinov2_small+gabor+mae_base+resnet101+siglip_base,
DTD,svm,42,2,full,random_013,0.8549218540773083,0.8558510638297873,6,7376,16.80758314400009,dinov2+dinov2_small+drlbp+efficientnet_b0+siglip_base+vgg16,
DTD,svm,42,2,full,random_014,0.8216985694186084,0.8223404255319149,6,4006,19.58580746900043,deit_s+densenet121+eva02_base+gabor+glcm+hog,
DTD,svm,42,2,full,random_015,0.7826388724879485,0.7840425531914894,6,7478,21.82027042899972,convnext_v2_t+densenet121+lbp+mae_base+swin_t+vgg16,
DTD,svm,42,2,full,random_016,0.8305094294755878,0.8313829787234043,6,9828,26.32135833599932,dinov2_small+hog+resnet50+swin_t+vgg16+vit_b16,
DTD,svm,42,2,full,random_017,0.8718460869391975,0.8723404255319149,6,5040,18.36957411700041,deit_s+dinov2+dinov2_large+gabor+resnet101+siglip_base,
DTD,svm,42,2,full,random_018,0.8621910125369822,0.8627659574468085,6,6144,22.677966316000493,convnext_v2_t+dinov2_large+mae_base+resnet101+siglip_base+vit_b16,
DTD,svm,42,2,full,random_019,0.8412390350379481,0.8420212765957447,6,5632,17.72391699400032,densenet121+dinov2+resnet50+rgb_ngram_svd+swin_t+vit_b16,
DTD,svm,42,2,full,random_020,0.8414914048504714,0.8425531914893617,6,4268,18.858463886999743,dinov2_small+efficientnet_b0+eva02_base+glcm+hog+lbp,
DTD,svm,42,2,full,random_021,0.868630044824587,0.8691489361702127,6,8752,22.417597348000527,dinov2_large+gabor+mae_base+resnet50+siglip_base+vgg16,
DTD,svm,42,2,full,random_022,0.843736384293721,0.8441489361702128,6,5632,36.96166499499941,deit_s+dinov2_small+efficientnet_b0+mae_base+resnet50+siglip_base,
DTD,svm,42,2,full,random_023,0.8645755030009672,0.8654255319148936,6,6722,23.48268482900039,dinov2_large+gabor+glcm+mae_base+siglip_base+vgg16,
DTD,svm,42,2,full,random_024,0.8293481588360672,0.8303191489361702,6,3016,44.550087240999346,convnext_v2_t+deit_s+densenet121+eva02_base+glcm+lbp,
DTD,svm,42,2,full,random_025,0.667109607297391,0.6686170212765957,6,1528,20.760765772000013,deit_s+gabor+glcm+lbp+mae_base+rgb_ngram_svd,
DTD,svm,42,2,full,random_026,0.8720330516002005,0.8723404255319149,6,4864,21.5659268039999,convnext_v2_t+dinov2+dinov2_large+eva02_base+siglip_base+swin_t,
DTD,svm,42,2,full,random_027,0.7930736406614111,0.7941489361702128,6,9140,31.787375725000857,convnext_v2_t+deit_s+drlbp+hog+resnet101+vgg16,
DTD,svm,42,2,full,random_028,0.8361710239371493,0.8361702127659575,6,2578,23.235539648999293,deit_s+dinov2_small+eva02_base+glcm+rgb_ngram_svd+siglip_base,
DTD,svm,42,2,full,random_029,0.8661295950714325,0.8670212765957447,6,6528,25.305182691000482,densenet121+dinov2_large+dinov2_small+efficientnet_b0+mae_base+resnet101,
DTD,svm,42,2,full,random_030,0.8557247252087262,0.8563829787234043,6,6528,21.336119177,densenet121+dinov2_large+dinov2_small+efficientnet_b0+resnet101+vit_b16,
DTD,svm,42,2,full,random_031,0.8524822539141906,0.8531914893617021,6,4608,17.33844254199994,deit_s+densenet121+dinov2_small+efficientnet_b0+eva02_base+siglip_base,
DTD,svm,42,2,full,random_032,0.8548609163800257,0.8553191489361702,6,8630,20.53373114399983,dinov2_small+efficientnet_b0+lbp+resnet101+siglip_base+vgg16,
DTD,svm,42,2,full,random_033,0.8419961173456468,0.8430851063829787,6,1352,9.91237441299927,dinov2_small+drlbp+eva02_base+gabor+glcm+lbp,
DTD,svm,42,2,full,random_034,0.8219645961361529,0.8228723404255319,6,7990,17.481881378999788,lbp+resnet101+rgb_ngram_svd+siglip_base+vgg16+vit_b16,
DTD,svm,42,2,full,random_035,0.8641342256983796,0.8643617021276596,6,8374,18.973276183999587,deit_s+dinov2+dinov2_large+lbp+resnet101+vgg16,
DTD,svm,42,2,full,random_036,0.8711131020235282,0.8718085106382979,6,4710,18.703601460000755,dinov2+dinov2_large+gabor+lbp+resnet50+siglip_base,
DTD,svm,42,2,full,random_037,0.7887533829311856,0.7888297872340425,6,8420,35.68776698000056,densenet121+hog+resnet101+resnet50+swin_t+vit_b16,
DTD,svm,42,2,full,random_038,0.8476076416967465,0.848404255319149,6,7168,24.57946569499927,dinov2+efficientnet_b0+resnet101+resnet50+rgb_ngram_svd+swin_t,
DTD,svm,42,2,full,random_039,0.7645094022185674,0.7648936170212766,6,4498,15.889692232000016,deit_s+densenet121+glcm+resnet101+rgb_ngram_svd+swin_t,
DTD,svm,42,2,full,random_040,0.8468443454157041,0.8473404255319149,6,3522,17.306174213000304,dinov2+dinov2_small+gabor+glcm+resnet50+rgb_ngram_svd,
DTD,svm,42,2,full,random_041,0.8294452550657416,0.8303191489361702,6,7990,17.915336093000406,deit_s+densenet121+dinov2_small+lbp+resnet50+vgg16,
DTD,svm,42,2,full,random_042,0.8594138405439558,0.8601063829787234,6,5010,17.06585057800021,deit_s+dinov2_large+eva02_base+glcm+mae_base+resnet101,
DTD,svm,42,2,full,random_043,0.8517550464034818,0.8531914893617021,6,10064,23.39619421200041,dinov2_large+drlbp+mae_base+resnet101+resnet50+vgg16,
DTD,svm,42,2,full,random_044,0.8667857810809027,0.8675531914893617,6,7296,16.462400297000386,dinov2_large+dinov2_small+eva02_base+rgb_ngram_svd+siglip_base+vgg16,
DTD,svm,42,2,full,random_045,0.7762845715593406,0.776595744680851,6,3536,33.574147655999695,convnext_v2_t+deit_s+drlbp+efficientnet_b0+rgb_ngram_svd+vit_b16,
DTD,svm,42,2,full,random_046,0.8520450762274482,0.8526595744680852,6,8320,23.70843754699945,convnext_v2_t+deit_s+densenet121+dinov2+efficientnet_b0+vgg16,
DTD,svm,42,2,full,random_047,0.7938449087595296,0.7946808510638298,6,10112,21.337089486999503,convnext_v2_t+deit_s+resnet101+resnet50+swin_t+vgg16,
DTD,svm,42,2,full,random_048,0.8362204684758694,0.8361702127659575,6,7168,21.974789562000296,convnext_v2_t+eva02_base+resnet101+resnet50+swin_t+vit_b16,
DTD,svm,42,2,full,random_049,0.8591807056821659,0.8601063829787234,6,5120,23.44397317899984,densenet121+dinov2+dinov2_large+mae_base+swin_t+vit_b16,
DTD,svm,42,2,full,random_050,0.8475172182994738,0.8489361702127659,6,2296,21.085438205999708,densenet121+dinov2+dinov2_small+gabor+glcm+lbp,
DTD,svm,42,2,full,random_051,0.852771508893486,0.8537234042553191,6,5604,26.868245684999238,convnext_v2_t+dinov2+efficientnet_b0+hog+rgb_ngram_svd+swin_t,
DTD,svm,42,2,full,random_052,0.8402718624520128,0.8414893617021276,6,4012,20.151593679999678,deit_s+densenet121+dinov2+glcm+hog+lbp,
DTD,svm,42,2,full,random_053,0.7855544121953596,0.7872340425531915,6,8010,28.30762825400052,convnext_v2_t+efficientnet_b0+gabor+hog+lbp+vgg16,
DTD,svm,42,2,full,random_054,0.8151706212883388,0.8154255319148936,6,7798,21.594047653000416,deit_s+eva02_base+glcm+hog+mae_base+vgg16,
DTD,svm,42,2,full,random_055,0.8273876412328554,0.8276595744680851,6,7778,19.46953148600005,drlbp+eva02_base+glcm+resnet50+vgg16+vit_b16,
DTD,svm,42,2,full,random_056,0.8516107327641816,0.8526595744680852,6,2328,32.98794797799928,deit_s+dinov2_large+drlbp+glcm+lbp+mae_base,
DTD,svm,42,2,full,random_057,0.8573535047373394,0.8579787234042553,6,4882,22.09669777399995,densenet121+dinov2+eva02_base+glcm+resnet50+rgb_ngram_svd,
DTD,svm,42,2,full,random_058,0.845701994326837,0.8468085106382979,6,5174,34.54418744400027,densenet121+dinov2_large+lbp+mae_base+resnet50+rgb_ngram_svd,
DTD,svm,42,2,full,random_059,0.8321700673793883,0.8329787234042553,6,4678,35.47382360499978,convnext_v2_t+drlbp+efficientnet_b0+eva02_base+glcm+hog,
DTD,svm,42,2,full,random_060,0.8655264117651603,0.8664893617021276,6,3656,29.415202438999586,dinov2+efficientnet_b0+glcm+lbp+siglip_base+swin_t,
DTD,svm,42,2,full,random_061,0.8688990428035367,0.8691489361702127,6,4272,13.661126659000729,deit_s+dinov2+dinov2_large+efficientnet_b0+eva02_base+gabor,
DTD,svm,42,2,full,random_062,0.8633784956624518,0.8638297872340426,6,3920,12.755750515999353,convnext_v2_t+densenet121+dinov2_large+drlbp+eva02_base+rgb_ngram_svd,
DTD,svm,42,2,full,random_063,0.8624155695510664,0.8632978723404255,6,4992,16.52851425100016,deit_s+dinov2+dinov2_large+efficientnet_b0+siglip_base+vit_b16,
DTD,svm,42,2,full,random_064,0.8636054946689343,0.8643617021276596,6,4608,21.202292863000366,densenet121+dinov2_large+dinov2_small+drlbp+gabor+resnet50,
DTD,svm,42,2,full,random_065,0.7931719364255669,0.7936170212765957,6,6676,31.119330651999917,convnext_v2_t+efficientnet_b0+gabor+hog+resnet50+swin_t,
DTD,svm,42,2,full,random_066,0.7765604477051758,0.7776595744680851,6,4992,28.61709493000035,convnext_v2_t+deit_s+mae_base+resnet101+rgb_ngram_svd+vit_b16,
DTD,svm,42,2,full,random_067,0.8652237373747816,0.8659574468085106,6,7268,37.74363956800062,deit_s+dinov2+dinov2_large+efficientnet_b0+hog+resnet101,
DTD,svm,42,2,full,random_068,0.8701003999568826,0.8707446808510638,6,7424,29.34372397700008,dinov2+dinov2_large+mae_base+resnet101+resnet50+siglip_base,
DTD,svm,42,2,full,random_069,0.8283171605398284,0.8297872340425532,6,4406,16.504123395000533,convnext_v2_t+deit_s+dinov2_small+lbp+resnet101+vit_b16,
DTD,svm,42,2,full,random_070,0.8493281913483882,0.85,6,7216,27.85172164799951,densenet121+dinov2+efficientnet_b0+gabor+resnet101+resnet50,
DTD,svm,42,2,full,random_071,0.831001962406005,0.8319148936170213,6,4918,20.98299232000045,convnext_v2_t+deit_s+dinov2_small+efficientnet_b0+lbp+resnet50,
DTD,svm,42,2,full,random_072,0.8515682811864648,0.8526595744680852,6,5402,36.67767555499995,dinov2+efficientnet_b0+hog+lbp+mae_base+swin_t,
DTD,svm,42,2,full,random_073,0.8164599810996377,0.8175531914893617,6,7954,28.940204585000174,glcm+mae_base+resnet50+rgb_ngram_svd+siglip_base+vgg16,
DTD,svm,42,2,full,random_074,0.8304243679997118,0.8303191489361702,6,4854,33.7099555119994,eva02_base+glcm+hog+mae_base+swin_t+vit_b16,
DTD,svm,42,2,full,random_075,0.8616003430725445,0.8627659574468085,6,4224,21.660841273000187,convnext_v2_t+dinov2+dinov2_small+eva02_base+mae_base+swin_t,
DTD,svm,42,2,full,random_076,0.8174468935305645,0.8175531914893617,6,4992,21.859576644999834,convnext_v2_t+deit_s+mae_base+resnet50+rgb_ngram_svd+siglip_base,
DTD,svm,42,2,full,random_077,0.8493974560672212,0.850531914893617,6,5248,20.634632242999942,deit_s+dinov2_large+eva02_base+resnet101+rgb_ngram_svd+swin_t,
DTD,svm,42,2,full,random_078,0.8506656998568023,0.850531914893617,6,4962,23.088828604999435,drlbp+efficientnet_b0+eva02_base+glcm+resnet50+siglip_base,
DTD,svm,42,2,full,random_079,0.8512033837322949,0.8526595744680852,6,2614,24.162993719000042,dinov2+dinov2_small+drlbp+efficientnet_b0+gabor+lbp,
DTD,svm,42,2,full,random_080,0.8403104414786449,0.8409574468085106,6,3138,30.35014789500019,densenet121+dinov2_large+gabor+glcm+rgb_ngram_svd+vit_b16,
DTD,svm,42,2,full,random_081,0.8581068505491187,0.8585106382978723,6,5552,21.631870582000374,deit_s+dinov2_large+efficientnet_b0+gabor+resnet50+siglip_base,
DTD,svm,42,2,full,random_082,0.8592844831876648,0.8601063829787234,6,6344,15.505253589999484,deit_s+dinov2+dinov2_large+glcm+lbp+vgg16,
DTD,svm,42,2,full,random_083,0.852358838435349,0.8526595744680852,6,8338,23.29792324600021,convnext_v2_t+deit_s+dinov2_large+glcm+resnet101+vgg16,
DTD,svm,42,2,full,random_084,0.8566385088166639,0.8574468085106383,6,3430,28.572288637999918,dinov2_large+eva02_base+gabor+lbp+swin_t+vit_b16,
DTD,svm,42,2,full,random_085,0.8240615964525251,0.823936170212766,6,7314,22.14126915199995,convnext_v2_t+deit_s+efficientnet_b0+glcm+siglip_base+vgg16,
DTD,svm,42,2,full,random_086,0.836520866736098,0.8367021276595744,6,7450,32.98671032900074,hog+lbp+mae_base+resnet101+resnet50+siglip_base,
DTD,svm,42,2,full,random_087,0.8501557356430655,0.8515957446808511,6,4144,17.158577967000383,convnext_v2_t+densenet121+dinov2+gabor+swin_t+vit_b16,
DTD,svm,42,2,full,random_088,0.8441623518142605,0.8446808510638298,6,6370,17.327921045999574,deit_s+dinov2_large+drlbp+glcm+swin_t+vgg16,
DTD,svm,42,2,full,random_089,0.8344856343767313,0.8361702127659575,6,2732,29.546778159000496,drlbp+gabor+glcm+hog+lbp+siglip_base,
DTD,svm,42,2,full,random_090,0.8414117475740034,0.8425531914893617,6,4708,20.549208450999686,dinov2+dinov2_small+hog+rgb_ngram_svd+swin_t+vit_b16,
DTD,svm,42,2,full,random_091,0.8589623890439532,0.8595744680851064,6,7984,21.49655946599978,convnext_v2_t+dinov2+dinov2_large+efficientnet_b0+gabor+vgg16,
DTD,svm,42,2,full,random_092,0.7700721533231353,0.7702127659574468,6,4916,24.29938470399975,drlbp+efficientnet_b0+hog+rgb_ngram_svd+swin_t+vit_b16,
DTD,svm,42,2,full,random_093,0.7979303838443361,0.8,6,4984,19.16710010099996,convnext_v2_t+gabor+glcm+lbp+resnet101+resnet50,
DTD,svm,42,2,full,random_094,0.8580675493976115,0.8590425531914894,6,4102,15.6448483209997,deit_s+dinov2+drlbp+lbp+resnet50+siglip_base,
DTD,svm,42,2,full,random_095,0.853072368676088,0.8537234042553191,6,5424,20.720331429999533,convnext_v2_t+dinov2_large+efficientnet_b0+gabor+resnet50+rgb_ngram_svd,
DTD,svm,42,2,full,random_096,0.8230229933135103,0.824468085106383,6,4074,20.88462699199954,densenet121+dinov2_small+drlbp+hog+lbp+swin_t,
DTD,svm,42,2,full,random_097,0.8328817906191722,0.8329787234042553,6,8294,21.045268849999957,efficientnet_b0+eva02_base+gabor+lbp+resnet50+vgg16,
DTD,svm,42,2,full,random_098,0.8495291799787051,0.850531914893617,6,4144,19.10917024599985,convnext_v2_t+densenet121+dinov2+gabor+mae_base+vit_b16,
DTD,svm,42,2,full,random_099,0.8568795416596198,0.8579787234042553,6,8082,18.74904107799921,dinov2+dinov2_small+glcm+mae_base+resnet50+vgg16,
DTD,resmlp,42,6,full,random_000,0.8417157156979517,0.8436170212765958,6,3238,2.4309612950000883,dinov2_small+eva02_base+gabor+glcm+hog+rgb_ngram_svd,
DTD,resmlp,42,6,full,random_001,0.7810173302417869,0.7813829787234042,6,6134,4.483735529000114,glcm+hog+mae_base+resnet50+swin_t+vit_b16,
DTD,resmlp,42,6,full,random_002,0.8572256413192209,0.8595744680851064,6,6756,1.8721100719994865,deit_s+dinov2_large+hog+resnet50+siglip_base+swin_t,
DTD,resmlp,42,6,full,random_003,0.8539321573382525,0.8547872340425532,6,3408,2.108156398000574,convnext_v2_t+deit_s+densenet121+dinov2_small+drlbp+siglip_base,
DTD,resmlp,42,6,full,random_004,0.8232837857447886,0.826063829787234,6,5268,4.530406627000048,dinov2_small+gabor+hog+resnet50+rgb_ngram_svd+vit_b16,
DTD,resmlp,42,6,full,random_005,0.852507916893739,0.8542553191489362,6,3024,3.6565629179995085,convnext_v2_t+dinov2+dinov2_small+drlbp+rgb_ngram_svd+vit_b16,
DTD,resmlp,42,6,full,random_006,0.862164279350294,0.8638297872340426,6,6344,2.3173284439999406,deit_s+dinov2_large+glcm+lbp+siglip_base+vgg16,
DTD,resmlp,42,6,full,random_007,0.8469185547487325,0.847872340425532,6,5706,3.1984759349998058,convnext_v2_t+dinov2_large+gabor+hog+lbp+resnet50,
DTD,resmlp,42,6,full,random_008,0.8005121317510623,0.801595744680851,6,6134,3.609589978999793,convnext_v2_t+glcm+hog+resnet50+swin_t+vit_b16,
DTD,resmlp,42,6,full,random_009,0.8195814767123915,0.8207446808510638,6,7600,4.545128582000871,dinov2_small+gabor+resnet50+rgb_ngram_svd+swin_t+vgg16,
DTD,resmlp,42,6,full,random_010,0.8152891332394716,0.8180851063829787,6,5604,3.956946065000011,deit_s+dinov2_small+hog+resnet101+rgb_ngram_svd+swin_t,
DTD,resmlp,42,6,full,random_011,0.8649917453970051,0.8664893617021276,6,6016,4.728435630000604,convnext_v2_t+deit_s+dinov2+efficientnet_b0+resnet101+siglip_base,
DTD,resmlp,42,6,full,random_012,0.847683154408119,0.8489361702127659,6,6784,3.9967976679999992,deit_s+dinov2+mae_base+resnet101+resnet50+vit_b16,
DTD,resmlp,42,6,full,random_013,0.838259058987508,0.8425531914893617,6,3078,2.537926036000499,convnext_v2_t+densenet121+dinov2_small+drlbp+eva02_base+lbp,
DTD,resmlp,42,6,full,random_014,0.8281198705909025,0.8297872340425532,6,5558,3.5431927830004497,densenet121+dinov2_small+efficientnet_b0+lbp+mae_base+resnet101,
DTD,resmlp,42,6,full,random_015,0.7342122962270669,0.7361702127659574,6,7084,2.221431048999875,deit_s+glcm+hog+lbp+swin_t+vgg16,
DTD,resmlp,42,6,full,random_016,0.8123807705996916,0.8138297872340425,6,5576,4.632382000000689,convnext_v2_t+dinov2_small+glcm+lbp+rgb_ngram_svd+vgg16,
DTD,resmlp,42,6,full,random_017,0.7658646134550405,0.7664893617021277,6,5482,2.4993069559996,drlbp+hog+lbp+mae_base+resnet101+swin_t,
DTD,resmlp,42,6,full,random_018,0.8697621308200676,0.8707446808510638,6,4992,3.7687794940002277,convnext_v2_t+dinov2_small+eva02_base+resnet101+rgb_ngram_svd+siglip_base,
DTD,resmlp,42,6,full,random_019,0.842570225497905,0.8430851063829787,6,3858,1.977695218000008,convnext_v2_t+eva02_base+glcm+mae_base+swin_t+vit_b16,
DTD,resmlp,42,6,full,random_020,0.822295342341706,0.823936170212766,6,8338,4.119913315999838,convnext_v2_t+densenet121+dinov2_small+glcm+resnet101+vgg16,
DTD,resmlp,42,6,full,random_021,0.7996944490765838,0.8021276595744681,6,7572,4.621669453000322,densenet121+dinov2_small+gabor+hog+rgb_ngram_svd+vgg16,
DTD,resmlp,42,6,full,random_022,0.850970003096484,0.8526595744680852,6,5750,4.080805102999875,deit_s+dinov2+glcm+hog+resnet101+siglip_base,
DTD,resmlp,42,6,full,random_023,0.7607310528417792,0.7622340425531915,6,3042,2.4203441059999022,deit_s+densenet121+drlbp+glcm+mae_base+swin_t,
DTD,resmlp,42,6,full,random_024,0.8552425280525062,0.8563829787234043,6,4736,4.463027990000228,convnext_v2_t+deit_s+densenet121+dinov2+dinov2_large+vit_b16,
DTD,resmlp,42,6,full,random_025,0.8598715968005907,0.8617021276595744,6,2998,3.3621049149996907,deit_s+dinov2+eva02_base+lbp+rgb_ngram_svd+vit_b16,
DTD,resmlp,42,6,full,random_026,0.8580645903563262,0.8601063829787234,6,5046,3.4692401010006506,deit_s+dinov2+dinov2_large+lbp+mae_base+resnet101,
DTD,resmlp,42,6,full,random_027,0.7866127432978077,0.7888297872340425,6,5248,3.714725814999838,deit_s+densenet121+mae_base+resnet101+rgb_ngram_svd+vit_b16,
DTD,resmlp,42,6,full,random_028,0.8507474758448363,0.8526595744680852,6,4882,3.388309324999682,dinov2_large+glcm+mae_base+resnet50+rgb_ngram_svd+swin_t,
DTD,resmlp,42,6,full,random_029,0.8407861134949696,0.8425531914893617,6,7808,3.7036028429993166,convnext_v2_t+drlbp+eva02_base+gabor+resnet101+vgg16,
DTD,resmlp,42,6,full,random_030,0.7689028578555158,0.7707446808510638,6,6502,4.091355915999884,densenet121+efficientnet_b0+gabor+lbp+resnet101+resnet50,
DTD,resmlp,42,6,full,random_031,0.7608688823555897,0.7632978723404256,6,8758,2.9552481829996395,densenet121+efficientnet_b0+lbp+resnet101+rgb_ngram_svd+vgg16,
DTD,resmlp,42,6,full,random_032,0.8480107112025365,0.850531914893617,6,5248,3.651578277000226,densenet121+dinov2_small+resnet101+rgb_ngram_svd+siglip_base+swin_t,
DTD,resmlp,42,6,full,random_033,0.8511124660657763,0.8531914893617021,6,6292,3.2365370640000037,dinov2+dinov2_small+efficientnet_b0+gabor+hog+resnet101,
DTD,resmlp,42,6,full,random_034,0.8627758408424452,0.8643617021276596,6,4918,2.8755646600002365,densenet121+dinov2+eva02_base+lbp+resnet50+rgb_ngram_svd,
DTD,resmlp,42,6,full,random_035,0.8691504644869182,0.8702127659574468,6,5424,2.5465978500005804,convnext_v2_t+dinov2+dinov2_large+gabor+mae_base+resnet50,
DTD,resmlp,42,6,full,random_036,0.8266416226201568,0.8287234042553191,6,6144,1.4849832539994168,densenet121+efficientnet_b0+resnet101+rgb_ngram_svd+siglip_base+swin_t,
DTD,resmlp,42,6,full,random_037,0.8700089513249744,0.8712765957446809,6,4884,1.5123155880000922,dinov2+eva02_base+gabor+hog+siglip_base+swin_t,
DTD,resmlp,42,6,full,random_038,0.8739803365792813,0.875,6,5906,3.52685274400028,dinov2_large+efficientnet_b0+eva02_base+glcm+mae_base+resnet101,
DTD,resmlp,42,6,full,random_039,0.874082332883256,0.875531914893617,6,5504,1.9003702270001668,dinov2+dinov2_small+eva02_base+mae_base+resnet101+siglip_base,
DTD,resmlp,42,6,full,random_040,0.8489573526337587,0.850531914893617,6,4736,1.6002159809995646,deit_s+densenet121+dinov2_large+mae_base+swin_t+vit_b16,
DTD,resmlp,42,6,full,random_041,0.8678484169336855,0.8696808510638298,6,6884,4.132842418999644,convnext_v2_t+eva02_base+hog+mae_base+resnet50+siglip_base,
DTD,resmlp,42,6,full,random_042,0.8465142011097094,0.8473404255319149,6,3144,2.8453905530004704,convnext_v2_t+eva02_base+glcm+lbp+swin_t+vit_b16,
DTD,resmlp,42,6,full,random_043,0.7926902253406977,0.7946808510638298,6,6964,4.022858408000502,convnext_v2_t+drlbp+hog+resnet101+resnet50+rgb_ngram_svd,
DTD,resmlp,42,6,full,random_044,0.8414353450446407,0.8425531914893617,6,6008,2.5937313379999978,dinov2+dinov2_large+gabor+glcm+lbp+vgg16,
DTD,resmlp,42,6,full,random_045,0.8432136496554464,0.8457446808510638,6,6262,2.151752003999718,dinov2+dinov2_small+efficientnet_b0+glcm+hog+resnet101,
DTD,resmlp,42,6,full,random_046,0.7905685415725149,0.7925531914893617,6,5192,3.2403854570002295,densenet121+efficientnet_b0+glcm+lbp+resnet50+vit_b16,
DTD,resmlp,42,6,full,random_047,0.8671216117429607,0.8686170212765958,6,5988,2.447115955999834,dinov2+dinov2_large+dinov2_small+efficientnet_b0+eva02_base+hog,
DTD,resmlp,42,6,full,random_048,0.8479870972457991,0.85,6,7396,3.224339248999968,deit_s+dinov2+dinov2_small+hog+resnet101+resnet50,
DTD,resmlp,42,6,full,random_049,0.8251793131512851,0.8276595744680851,6,4788,2.106799213999693,densenet121+dinov2_small+drlbp+hog+mae_base+vit_b16,
DTD,resmlp,42,6,full,random_050,0.7989016581039776,0.801063829787234,6,5986,1.4556317690003198,convnext_v2_t+densenet121+drlbp+glcm+resnet101+resnet50,
DTD,resmlp,42,6,full,random_051,0.8725442724595291,0.874468085106383,6,3638,2.9098234949997277,dinov2+dinov2_large+eva02_base+lbp+rgb_ngram_svd+siglip_base,
DTD,resmlp,42,6,full,random_052,0.8556803398421873,0.8579787234042553,6,5986,1.767929102999915,dinov2+drlbp+glcm+rgb_ngram_svd+siglip_base+vgg16,
DTD,resmlp,42,6,full,random_053,0.8351549202538724,0.8367021276595744,6,10212,2.4318941970004744,hog+resnet101+siglip_base+swin_t+vgg16+vit_b16,
DTD,resmlp,42,6,full,random_054,0.8629179505811452,0.8648936170212767,6,5632,3.1791389110003365,deit_s+dinov2+dinov2_small+efficientnet_b0+resnet101+siglip_base,
DTD,resmlp,42,6,full,random_055,0.8336924987496777,0.8351063829787234,6,4016,1.6934514379991015,convnext_v2_t+deit_s+efficientnet_b0+eva02_base+gabor+vit_b16,
DTD,resmlp,42,6,full,random_056,0.8438651126330807,0.8457446808510638,6,6426,2.955218185999911,densenet121+dinov2+hog+lbp+resnet50+vit_b16,
DTD,resmlp,42,6,full,random_057,0.7322047775990663,0.7351063829787234,6,3760,3.0791072430001805,deit_s+densenet121+efficientnet_b0+gabor+mae_base+rgb_ngram_svd,
DTD,resmlp,42,6,full,random_058,0.8409940408491544,0.8425531914893617,6,9216,4.468127400999947,mae_base+resnet101+siglip_base+swin_t+vgg16+vit_b16,
DTD,resmlp,42,6,full,random_059,0.8642984368391224,0.8648936170212767,6,6656,3.3097867869992115,densenet121+dinov2+efficientnet_b0+eva02_base+resnet50+swin_t,
DTD,resmlp,42,6,full,random_060,0.8542663653291273,0.8558510638297873,6,6674,3.3073225269999966,convnext_v2_t+dinov2+glcm+rgb_ngram_svd+vgg16+vit_b16,
DTD,resmlp,42,6,full,random_061,0.8601733238267992,0.8622340425531915,6,5172,1.938554342000316,convnext_v2_t+dinov2+dinov2_large+drlbp+hog+mae_base,
DTD,resmlp,42,6,full,random_062,0.7669709635255073,0.7702127659574468,6,7782,2.4339124809994246,gabor+lbp+mae_base+resnet50+swin_t+vgg16,
DTD,resmlp,42,6,full,random_063,0.8503777979723842,0.850531914893617,6,1688,1.7317280179995578,deit_s+dinov2_small+drlbp+eva02_base+glcm+lbp,
DTD,resmlp,42,6,full,random_064,0.7817901806813093,0.7835106382978724,6,8774,2.2762270630000785,drlbp+glcm+hog+resnet50+vgg16+vit_b16,
DTD,resmlp,42,6,full,random_065,0.7588295918518935,0.7574468085106383,6,3628,1.406519701000434,convnext_v2_t+glcm+hog+lbp+mae_base+rgb_ngram_svd,
DTD,resmlp,42,6,full,random_066,0.820127207236522,0.8218085106382979,6,3300,2.143295029000001,deit_s+drlbp+gabor+hog+rgb_ngram_svd+siglip_base,
DTD,resmlp,42,6,full,random_067,0.8458374421537055,0.8473404255319149,6,8496,3.4422730420001244,gabor+resnet101+siglip_base+swin_t+vgg16+vit_b16,
DTD,resmlp,42,6,full,random_068,0.8146457440854016,0.8164893617021277,6,3382,2.0192640060004123,deit_s+densenet121+dinov2_small+lbp+mae_base+swin_t,
DTD,resmlp,42,6,full,random_069,0.8430607342200126,0.8446808510638298,6,7014,3.6821122890005427,dinov2+efficientnet_b0+gabor+lbp+mae_base+vgg16,
DTD,resmlp,42,6,full,random_070,0.8617727566987622,0.8638297872340426,6,3632,3.038879519999682,dinov2+dinov2_large+gabor+rgb_ngram_svd+swin_t+vit_b16,
DTD,resmlp,42,6,full,random_071,0.7841887866325788,0.7845744680851063,6,5476,1.5795169780003562,convnext_v2_t+drlbp+gabor+hog+resnet101+swin_t,
DTD,resmlp,42,6,full,random_072,0.8540126001704866,0.8553191489361702,6,7442,3.0942851560002964,dinov2_large+efficientnet_b0+glcm+rgb_ngram_svd+vgg16+vit_b16,
DTD,resmlp,42,6,full,random_073,0.8485911864235205,0.85,6,6006,1.8656401620000906,deit_s+dinov2_large+glcm+hog+resnet101+swin_t,
DTD,resmlp,42,6,full,random_074,0.8656714316139973,0.8670212765957447,6,5302,3.367071839000346,convnext_v2_t+densenet121+dinov2_large+dinov2_small+lbp+resnet101,
DTD,resmlp,42,6,full,random_075,0.8687625546170368,0.8707446808510638,6,4706,3.543486667000252,dinov2+dinov2_large+drlbp+glcm+resnet50+vit_b16,
DTD,resmlp,42,6,full,random_076,0.7884204305904334,0.7898936170212766,6,6064,2.738488056999813,deit_s+gabor+resnet101+resnet50+swin_t+vit_b16,
DTD,resmlp,42,6,full,random_077,0.8325381788129679,0.8356382978723405,6,4736,2.3538019460002033,densenet121+drlbp+gabor+resnet50+siglip_base+vit_b16,
DTD,resmlp,42,6,full,random_078,0.8317647730572153,0.8340425531914893,6,7728,3.411599547000151,efficientnet_b0+gabor+mae_base+siglip_base+swin_t+vgg16,
DTD,resmlp,42,6,full,random_079,0.8512216388512712,0.8526595744680852,6,8118,4.142942944999959,dinov2+dinov2_small+lbp+resnet101+vgg16+vit_b16,
DTD,resmlp,42,6,full,random_080,0.8561511997741162,0.8569148936170212,6,5988,2.4499854639998375,convnext_v2_t+deit_s+dinov2_large+efficientnet_b0+eva02_base+hog,
DTD,resmlp,42,6,full,random_081,0.8602965958074632,0.8617021276595744,6,5174,3.9537513919995035,convnext_v2_t+densenet121+dinov2_large+lbp+resnet50+rgb_ngram_svd,
DTD,resmlp,42,6,full,random_082,0.8492666171030607,0.851063829787234,6,4726,2.3674907180002265,densenet121+dinov2+dinov2_small+glcm+hog+swin_t,
DTD,resmlp,42,6,full,random_083,0.8653949412140108,0.8670212765957447,6,5760,3.769650334999824,convnext_v2_t+deit_s+dinov2+dinov2_large+mae_base+resnet101,
DTD,resmlp,42,6,full,random_084,0.8305587692239749,0.8324468085106383,6,4242,4.024462330999995,densenet121+dinov2_small+efficientnet_b0+glcm+mae_base+vit_b16,
DTD,resmlp,42,6,full,random_085,0.8676345776225424,0.8691489361702127,6,4278,1.9023284310005693,dinov2_small+eva02_base+lbp+resnet101+rgb_ngram_svd+siglip_base,
DTD,resmlp,42,6,full,random_086,0.8609511838974693,0.8622340425531915,6,5110,3.246451601999979,convnext_v2_t+dinov2+dinov2_large+glcm+hog+vit_b16,
DTD,resmlp,42,6,full,random_087,0.867821755817912,0.8691489361702127,6,3430,3.39529806200062,dinov2+dinov2_large+eva02_base+gabor+lbp+swin_t,
DTD,resmlp,42,6,full,random_088,0.8074889204058673,0.8095744680851064,6,2552,2.471492419000242,dinov2_small+efficientnet_b0+gabor+glcm+lbp+mae_base,
DTD,resmlp,42,6,full,random_089,0.7859997896156561,0.7877659574468086,6,8258,3.437380845000007,efficientnet_b0+gabor+glcm+resnet50+vgg16+vit_b16,
DTD,resmlp,42,6,full,random_090,0.8061331018375809,0.8090425531914893,6,2066,3.6495298820000244,dinov2_small+drlbp+efficientnet_b0+gabor+glcm+rgb_ngram_svd,
DTD,resmlp,42,6,full,random_091,0.8504407950098847,0.851063829787234,6,7270,2.9133784610003204,dinov2_large+efficientnet_b0+gabor+lbp+mae_base+vgg16,
DTD,resmlp,42,6,full,random_092,0.8166539447225196,0.8175531914893617,6,3690,1.953327411999453,convnext_v2_t+dinov2+drlbp+hog+lbp+rgb_ngram_svd,
DTD,resmlp,42,6,full,random_093,0.85518828532548,0.8569148936170212,6,4352,3.420557958000245,convnext_v2_t+deit_s+dinov2_small+efficientnet_b0+eva02_base+vit_b16,
DTD,resmlp,42,6,full,random_094,0.8574340145621765,0.8585106382978723,6,8320,3.7245379850000973,deit_s+dinov2+dinov2_large+efficientnet_b0+vgg16+vit_b16,
DTD,resmlp,42,6,full,random_095,0.8696702179866477,0.8707446808510638,6,4102,2.237081565999688,dinov2+dinov2_small+drlbp+eva02_base+lbp+resnet50,
DTD,resmlp,42,6,full,random_096,0.842255177546381,0.8441489361702128,6,7368,1.6214941320004073,deit_s+dinov2+glcm+lbp+resnet50+vgg16,
DTD,resmlp,42,6,full,random_097,0.8361147958188736,0.8372340425531914,6,7814,2.759060712000064,drlbp+eva02_base+lbp+mae_base+resnet101+vgg16,
DTD,resmlp,42,6,full,random_098,0.8563504758169762,0.8574468085106383,6,4884,2.440662820000398,dinov2+eva02_base+gabor+hog+mae_base+swin_t,
DTD,resmlp,42,6,full,random_099,0.8732039133277639,0.874468085106383,6,5394,3.219359548999819,convnext_v2_t+dinov2_large+eva02_base+glcm+mae_base+resnet50,
DTD,resmlp,42,7,full,random_000,0.8165240700342566,0.8191489361702128,7,7746,3.946175236998897,deit_s+dinov2_small+eva02_base+gabor+glcm+resnet50+vgg16,
DTD,resmlp,42,7,full,random_001,0.826153097778894,0.8281914893617022,7,8950,4.745420109000406,dinov2+glcm+hog+mae_base+swin_t+vgg16+vit_b16,
DTD,resmlp,42,7,full,random_002,0.8331200328340944,0.8361702127659575,7,6656,3.991918481000539,dinov2+dinov2_large+dinov2_small+drlbp+gabor+rgb_ngram_svd+vgg16,
DTD,resmlp,42,7,full,random_003,0.8457162630456878,0.848404255319149,7,6966,4.964337098001124,dinov2_large+eva02_base+lbp+resnet101+resnet50+rgb_ngram_svd+siglip_base,
DTD,resmlp,42,7,full,random_004,0.7749229701017343,0.7781914893617021,7,5240,1.989231880999796,convnext_v2_t+densenet121+efficientnet_b0+gabor+glcm+lbp+resnet101,
DTD,resmlp,42,7,full,random_005,0.8385485892467636,0.8404255319148937,7,5530,3.976574016000086,convnext_v2_t+dinov2+dinov2_large+dinov2_small+hog+lbp+vit_b16,
DTD,resmlp,42,7,full,random_006,0.8339076422946535,0.8367021276595744,7,10422,4.5754137040003116,convnext_v2_t+dinov2_large+dinov2_small+lbp+resnet101+resnet50+vgg16,
DTD,resmlp,42,7,full,random_007,0.7978980316213096,0.801063829787234,7,6710,3.933616249998522,deit_s+dinov2_small+lbp+mae_base+rgb_ngram_svd+vgg16+vit_b16,
DTD,resmlp,42,7,full,random_008,0.8368069387539503,0.8393617021276596,7,6326,3.2626139189997048,densenet121+dinov2_small+efficientnet_b0+eva02_base+lbp+resnet101+siglip_base,
DTD,resmlp,42,7,full,random_009,0.8122276687740375,0.8159574468085107,7,5954,4.155587981000281,gabor+glcm+mae_base+resnet101+resnet50+rgb_ngram_svd+siglip_base,
DTD,resmlp,42,7,full,random_010,0.8451173018388181,0.847872340425532,7,4016,3.9604792179998185,densenet121+dinov2+dinov2_small+gabor+mae_base+rgb_ngram_svd+siglip_base,
DTD,resmlp,42,7,full,random_011,0.8189190640563352,0.8218085106382979,7,4120,3.881340280000586,convnext_v2_t+deit_s+drlbp+glcm+lbp+resnet50+siglip_base,
DTD,resmlp,42,7,full,random_012,0.8122823510371767,0.8143617021276596,7,3974,2.058905887999572,convnext_v2_t+drlbp+efficientnet_b0+eva02_base+lbp+mae_base+rgb_ngram_svd,
DTD,resmlp,42,7,full,random_013,0.8239054743079447,0.826063829787234,7,7908,4.108721984999647,convnext_v2_t+densenet121+dinov2+hog+resnet101+swin_t+vit_b16,
DTD,resmlp,42,7,full,random_014,0.8396571422665953,0.8414893617021276,7,5698,3.168199764999372,dinov2+efficientnet_b0+eva02_base+gabor+glcm+resnet101+vit_b16,
DTD,resmlp,42,7,full,random_015,0.8311561959761149,0.8335106382978723,7,9168,4.353822263999973,deit_s+densenet121+drlbp+eva02_base+resnet101+siglip_base+vgg16,
DTD,resmlp,42,7,full,random_016,0.8363988799698427,0.8382978723404255,7,8262,3.8014287989990407,drlbp+eva02_base+glcm+hog+mae_base+siglip_base+vgg16,
DTD,resmlp,42,7,full,random_017,0.8225208290058235,0.825,7,6218,2.333121706999009,eva02_base+gabor+hog+lbp+resnet50+siglip_base+swin_t,
DTD,resmlp,42,7,full,random_018,0.7427187014524514,0.7457446808510638,7,4888,3.4267546800001583,deit_s+densenet121+drlbp+efficientnet_b0+glcm+lbp+resnet50,
DTD,resmlp,42,7,full,random_019,0.7591088785164736,0.7617021276595745,7,10056,4.052188233999914,densenet121+glcm+lbp+resnet101+resnet50+swin_t+vgg16,
DTD,resmlp,42,7,full,random_020,0.8264575678831036,0.8292553191489361,7,6372,2.1351864429998386,efficientnet_b0+eva02_base+hog+mae_base+rgb_ngram_svd+siglip_base+vit_b16,
DTD,resmlp,42,7,full,random_021,0.6336632748083222,0.6393617021276595,7,6316,1.5460275030000048,drlbp+gabor+glcm+hog+lbp+rgb_ngram_svd+vgg16,
DTD,resmlp,42,7,full,random_022,0.8442387320454964,0.8462765957446808,7,9136,4.285470924998663,deit_s+dinov2_large+eva02_base+gabor+resnet50+swin_t+vgg16,
DTD,resmlp,42,7,full,random_023,0.818949896155216,0.8218085106382979,7,10596,4.770020890000524,dinov2_small+efficientnet_b0+eva02_base+hog+resnet101+rgb_ngram_svd+vgg16,
DTD,resmlp,42,7,full,random_024,0.8297560225576395,0.8324468085106383,7,6224,3.2494301039987477,dinov2+dinov2_large+drlbp+efficientnet_b0+resnet50+rgb_ngram_svd+swin_t,
DTD,resmlp,42,7,full,random_025,0.8249107115337844,0.8276595744680851,7,7652,3.9701354209992132,densenet121+dinov2_large+hog+resnet50+rgb_ngram_svd+swin_t+vit_b16,
DTD,resmlp,42,7,full,random_026,0.8237214044119902,0.8271276595744681,7,7416,4.0653376990012475,dinov2_small+gabor+glcm+lbp+resnet50+siglip_base+vgg16,
DTD,resmlp,42,7,full,random_027,0.8378352903956015,0.8393617021276596,7,5248,4.832029676001184,dinov2+drlbp+gabor+resnet101+siglip_base+swin_t+vit_b16,
DTD,resmlp,42,7,full,random_028,0.7732893451452804,0.776595744680851,7,9350,4.586608658000841,convnext_v2_t+densenet121+drlbp+efficientnet_b0+lbp+resnet101+vgg16,
DTD,resmlp,42,7,full,random_029,0.8398671332259761,0.8425531914893617,7,5584,4.382844915999158,convnext_v2_t+dinov2+dinov2_small+drlbp+eva02_base+resnet50+siglip_base,
DTD,resmlp,42,7,full,random_030,0.8441139024614656,0.8462765957446808,7,5046,3.2954915270001948,dinov2+dinov2_large+dinov2_small+efficientnet_b0+eva02_base+lbp+swin_t,
DTD,resmlp,42,7,full,random_031,0.8174735676504495,0.8207446808510638,7,6762,3.7805623629992624,dinov2+drlbp+efficientnet_b0+hog+lbp+mae_base+resnet101,
DTD,resmlp,42,7,full,random_032,0.845196094575728,0.847872340425532,7,7168,4.003572163001081,convnext_v2_t+deit_s+dinov2_large+drlbp+gabor+siglip_base+vgg16,
DTD,resmlp,42,7,full,random_033,0.8426906556103864,0.8446808510638298,7,6218,5.466836904999582,dinov2+eva02_base+gabor+hog+lbp+mae_base+resnet50,
DTD,resmlp,42,7,full,random_034,0.8228278286668722,0.826063829787234,7,4912,4.807010866999917,deit_s+densenet121+dinov2+dinov2_small+gabor+resnet50+rgb_ngram_svd,
DTD,resmlp,42,7,full,random_035,0.8400340727123748,0.8425531914893617,7,10772,4.4852734619998955,densenet121+dinov2_large+gabor+hog+resnet101+siglip_base+vgg16,
DTD,resmlp,42,7,full,random_036,0.8450314356360706,0.8473404255319149,7,6454,3.8782829659994604,convnext_v2_t+densenet121+dinov2+dinov2_large+eva02_base+lbp+resnet101,
DTD,resmlp,42,7,full,random_037,0.8318821804207237,0.8345744680851064,7,5414,3.3125997229999484,dinov2+efficientnet_b0+eva02_base+gabor+glcm+hog+vit_b16,
DTD,resmlp,42,7,full,random_038,0.7746607279494568,0.777127659574468,7,11034,5.165503737000108,convnext_v2_t+densenet121+efficientnet_b0+hog+lbp+resnet101+vgg16,
DTD,resmlp,42,7,full,random_039,0.830775886449025,0.8329787234042553,7,9136,4.2151279720001185,deit_s+dinov2_large+gabor+mae_base+resnet101+vgg16+vit_b16,
DTD,resmlp,42,7,full,random_040,0.8343546688318685,0.8361702127659575,7,5300,3.646937006000371,convnext_v2_t+dinov2+dinov2_small+drlbp+eva02_base+hog+swin_t,
DTD,resmlp,42,7,full,random_041,0.8382589236684777,0.8409574468085106,7,8496,3.8252814070001477,densenet121+dinov2_large+efficientnet_b0+eva02_base+gabor+rgb_ngram_svd+vgg16,
DTD,resmlp,42,7,full,random_042,0.8291554706405853,0.8319148936170213,7,5558,4.034618858999238,densenet121+dinov2_large+dinov2_small+lbp+resnet101+rgb_ngram_svd+vit_b16,
DTD,resmlp,42,7,full,random_043,0.8275003898412344,0.8297872340425532,7,5942,4.172746518999702,densenet121+dinov2_large+lbp+mae_base+resnet50+rgb_ngram_svd+vit_b16,
DTD,resmlp,42,7,full,random_044,0.8011955200331676,0.8042553191489362,7,4864,4.239207593998799,deit_s+densenet121+dinov2_small+efficientnet_b0+rgb_ngram_svd+swin_t+vit_b16,
DTD,resmlp,42,7,full,random_045,0.8311846555615308,0.8335106382978723,7,7234,4.605160102000809,convnext_v2_t+dinov2+gabor+glcm+swin_t+vgg16+vit_b16,
DTD,resmlp,42,7,full,random_046,0.8271540934622369,0.8297872340425532,7,10522,5.719676733000597,dinov2_large+hog+lbp+mae_base+resnet101+vgg16+vit_b16,
DTD,resmlp,42,7,full,random_047,0.8258341105013296,0.8281914893617022,7,4688,2.2190353170008166,drlbp+efficientnet_b0+eva02_base+mae_base+rgb_ngram_svd+siglip_base+swin_t,
DTD,resmlp,42,7,full,random_048,0.82632480670203,0.8292553191489361,7,3778,2.0625699580014043,deit_s+dinov2_large+efficientnet_b0+gabor+glcm+rgb_ngram_svd+vit_b16,
DTD,resmlp,42,7,full,random_049,0.8336448635135785,0.8361702127659575,7,7856,3.8096544069994707,convnext_v2_t+dinov2_large+dinov2_small+gabor+swin_t+vgg16+vit_b16,
DTD,resmlp,42,7,full,random_050,0.840582064226162,0.8430851063829787,7,7862,1.842817806000312,deit_s+dinov2+dinov2_large+lbp+siglip_base+swin_t+vgg16,
DTD,resmlp,42,7,full,random_051,0.8095549779970651,0.8122340425531915,7,6324,4.0613377099998615,deit_s+densenet121+drlbp+hog+resnet50+rgb_ngram_svd+siglip_base,
DTD,resmlp,42,7,full,random_052,0.8350258006088036,0.8377659574468085,7,9142,4.3240076349993615,dinov2+dinov2_large+dinov2_small+lbp+mae_base+resnet101+vgg16,
DTD,resmlp,42,7,full,random_053,0.829260805156257,0.8324468085106383,7,9136,4.116318325000975,densenet121+dinov2+dinov2_small+gabor+mae_base+resnet101+vgg16,
DTD,resmlp,42,7,full,random_054,0.8393951708559942,0.8414893617021276,7,5954,3.7541052630003833,convnext_v2_t+dinov2_large+efficientnet_b0+eva02_base+gabor+glcm+resnet101,
DTD,resmlp,42,7,full,random_055,0.8433882288884067,0.8457446808510638,7,9798,4.699865566000881,dinov2_large+drlbp+eva02_base+glcm+hog+resnet50+vgg16,
DTD,resmlp,42,7,full,random_056,0.7824909086487832,0.7856382978723404,7,5448,2.2714076150004985,convnext_v2_t+densenet121+glcm+lbp+mae_base+resnet101+swin_t,
DTD,resmlp,42,7,full,random_057,0.8250247097385169,0.8281914893617022,7,10258,5.130580622999332,densenet121+dinov2_large+efficientnet_b0+glcm+mae_base+resnet101+vgg16,
DTD,resmlp,42,7,full,random_058,0.8357978500112212,0.8382978723404255,7,5442,4.113435481000124,dinov2+dinov2_large+gabor+glcm+resnet101+swin_t+vit_b16,
DTD,resmlp,42,7,full,random_059,0.8434576778880687,0.8462765957446808,7,9748,4.248506408999674,dinov2+dinov2_large+efficientnet_b0+eva02_base+gabor+hog+vgg16,
DTD,resmlp,42,7,full,random_060,0.7520421013528868,0.7553191489361702,7,5016,4.9317382629997155,drlbp+efficientnet_b0+glcm+lbp+mae_base+resnet101+swin_t,
DTD,resmlp,42,7,full,random_061,0.8088554673555785,0.8122340425531915,7,7780,2.531129682998653,deit_s+efficientnet_b0+hog+mae_base+resnet101+siglip_base+swin_t,
DTD,resmlp,42,7,full,random_062,0.8043804014772096,0.8074468085106383,7,7158,2.882952285999636,convnext_v2_t+dinov2_small+drlbp+gabor+glcm+hog+vgg16,
DTD,resmlp,42,7,full,random_063,0.8098931859493135,0.8132978723404255,7,3352,1.5103743330000725,deit_s+drlbp+efficientnet_b0+glcm+lbp+siglip_base+vit_b16,
DTD,resmlp,42,7,full,random_064,0.8223818680167729,0.8228723404255319,7,4196,2.1561246949986526,deit_s+dinov2_small+drlbp+eva02_base+gabor+hog+vit_b16,
DTD,resmlp,42,7,full,random_065,0.8201631676351284,0.823404255319149,7,6528,3.9603056779997132,convnext_v2_t+densenet121+dinov2_small+efficientnet_b0+resnet50+rgb_ngram_svd+siglip_base,
DTD,resmlp,42,7,full,random_066,0.8370971941319838,0.8388297872340426,7,4022,3.673714585998823,deit_s+densenet121+dinov2+eva02_base+lbp+rgb_ngram_svd+vit_b16,
DTD,resmlp,42,7,full,random_067,0.8201359298611525,0.823936170212766,7,5698,3.9626281789987843,convnext_v2_t+dinov2+efficientnet_b0+gabor+glcm+mae_base+resnet50,
DTD,resmlp,42,7,full,random_068,0.819537515742624,0.8228723404255319,7,5396,3.775168445001327,convnext_v2_t+densenet121+gabor+hog+rgb_ngram_svd+siglip_base+vit_b16,
DTD,resmlp,42,7,full,random_069,0.8544963723524286,0.8563829787234043,7,6134,3.619151277000128,densenet121+dinov2+dinov2_large+eva02_base+glcm+hog+siglip_base,
DTD,resmlp,42,7,full,random_070,0.8135266362778356,0.8164893617021277,7,5046,3.6268563510002423,deit_s+lbp+mae_base+resnet50+rgb_ngram_svd+siglip_base+vit_b16,
DTD,resmlp,42,7,full,random_071,0.8217637369924029,0.823936170212766,7,7060,4.498503848000837,convnext_v2_t+dinov2_small+efficientnet_b0+eva02_base+gabor+hog+resnet101,
DTD,resmlp,42,7,full,random_072,0.8297428907798504,0.8324468085106383,7,8112,4.219340489000388,convnext_v2_t+dinov2_small+efficientnet_b0+eva02_base+gabor+swin_t+vgg16,
DTD,resmlp,42,7,full,random_073,0.8074434195810962,0.8106382978723404,7,6774,4.049890710999534,convnext_v2_t+densenet121+dinov2_small+glcm+hog+resnet101+vit_b16,
DTD,resmlp,42,7,full,random_074,0.748858552727382,0.7537234042553191,7,8230,1.6528500749991508,densenet121+efficientnet_b0+gabor+glcm+hog+resnet101+resnet50,
DTD,resmlp,42,7,full,random_075,0.8370643262164489,0.8393617021276596,7,8054,3.9771995329992933,dinov2+dinov2_large+dinov2_small+glcm+hog+resnet101+resnet50,
DTD,resmlp,42,7,full,random_076,0.8370798632522403,0.8388297872340426,7,7522,3.9816573730004166,convnext_v2_t+dinov2_large+drlbp+eva02_base+glcm+swin_t+vgg16,
DTD,resmlp,42,7,full,random_077,0.8270713936638295,0.8292553191489361,7,9828,4.845787162999841,deit_s+efficientnet_b0+eva02_base+hog+siglip_base+vgg16+vit_b16,
DTD,resmlp,42,7,full,random_078,0.7969790504280455,0.799468085106383,7,8704,1.8995027969995135,dinov2_small+drlbp+efficientnet_b0+gabor+resnet101+swin_t+vgg16,
DTD,resmlp,42,7,full,random_079,0.8227004013907708,0.825,7,3254,1.3192223009991721,densenet121+dinov2+dinov2_large+drlbp+gabor+lbp+rgb_ngram_svd,
DTD,resmlp,42,7,full,random_080,0.7778461317158921,0.7813829787234042,7,4790,3.8490185930004372,convnext_v2_t+densenet121+drlbp+gabor+lbp+mae_base+resnet101,
DTD,resmlp,42,7,full,random_081,0.8373775681432004,0.8398936170212766,7,6960,3.9347311050005374,densenet121+dinov2_large+efficientnet_b0+gabor+resnet50+siglip_base+vit_b16,
DTD,resmlp,42,7,full,random_082,0.8559989390012667,0.8579787234042553,7,5138,3.725686031000805,densenet121+dinov2_large+eva02_base+glcm+mae_base+siglip_base+swin_t,
DTD,resmlp,42,7,full,random_083,0.755142427650989,0.7590425531914894,7,3382,1.7653066420007235,deit_s+drlbp+efficientnet_b0+gabor+lbp+swin_t+vit_b16,
DTD,resmlp,42,7,full,random_084,0.8261102132363276,0.8287234042553191,7,6930,3.3288498040001286,dinov2+dinov2_large+glcm+resnet101+resnet50+rgb_ngram_svd+vit_b16,
DTD,resmlp,42,7,full,random_085,0.8464475122160392,0.848404255319149,7,5146,3.93301630499991,deit_s+densenet121+dinov2_small+eva02_base+hog+lbp+siglip_base,
DTD,resmlp,42,7,full,random_086,0.8290357576832611,0.8324468085106383,7,7348,4.373777954999241,convnext_v2_t+dinov2_large+dinov2_small+drlbp+efficientnet_b0+hog+resnet101,
DTD,resmlp,42,7,full,random_087,0.8162031766076975,0.8196808510638298,7,8070,3.9041948419999244,densenet121+drlbp+efficientnet_b0+lbp+mae_base+siglip_base+vgg16,
DTD,resmlp,42,7,full,random_088,0.8041108708445935,0.8063829787234043,7,8468,1.5534193719995528,deit_s+densenet121+dinov2_small+gabor+hog+vgg16+vit_b16,
DTD,resmlp,42,7,full,random_089,0.7953728259027343,0.8026595744680851,7,4074,1.5938767390016437,deit_s+drlbp+hog+lbp+mae_base+rgb_ngram_svd+siglip_base,
DTD,resmlp,42,7,full,random_090,0.7945320417915369,0.7973404255319149,7,10102,2.0743241579984897,densenet121+dinov2_small+glcm+hog+resnet101+swin_t+vgg16,
DTD,resmlp,42,7,full,random_091,0.8220985671749609,0.824468085106383,7,8550,4.994774978998976,densenet121+dinov2_large+gabor+lbp+resnet101+rgb_ngram_svd+vgg16,
DTD,resmlp,42,7,full,random_092,0.8369563269843123,0.8398936170212766,7,5684,4.172049654998773,dinov2+drlbp+efficientnet_b0+hog+rgb_ngram_svd+siglip_base+swin_t,
DTD,resmlp,42,7,full,random_093,0.7516421000654573,0.7547872340425532,7,5632,2.758813423999527,deit_s+densenet121+drlbp+efficientnet_b0+gabor+resnet50+swin_t,
DTD,resmlp,42,7,full,random_094,0.8204632920251133,0.823404255319149,7,7908,4.09715716699975,convnext_v2_t+dinov2+dinov2_small+drlbp+gabor+hog+vgg16,
DTD,resmlp,42,7,full,random_095,0.7767976066316541,0.7797872340425532,7,9830,5.052201016998879,gabor+lbp+mae_base+resnet101+resnet50+vgg16+vit_b16,
DTD,resmlp,42,7,full,random_096,0.8343434189661093,0.8372340425531914,7,7680,4.336534925998421,deit_s+densenet121+dinov2_large+dinov2_small+resnet101+resnet50+swin_t,
DTD,resmlp,42,7,full,random_097,0.811194660727133,0.8148936170212766,7,9370,4.406909702000121,deit_s+dinov2+hog+lbp+resnet101+rgb_ngram_svd+vgg16,
DTD,resmlp,42,7,full,random_098,0.8329504075592459,0.8340425531914893,7,4406,3.4435265159991104,densenet121+eva02_base+lbp+rgb_ngram_svd+siglip_base+swin_t+vit_b16,
DTD,resmlp,42,7,full,random_099,0.8444883987592955,0.8473404255319149,7,5632,4.437496399999873,deit_s+dinov2_large+dinov2_small+eva02_base+mae_base+resnet101+rgb_ngram_svd,
DTD,svm,42,3,full,random_000,0.8292897899323036,0.8313829787234043,6,8448,19.86823300799915,deit_s+dinov2_small+mae_base+resnet101+vgg16+vit_b16,
DTD,svm,42,3,full,random_001,0.7867605691764797,0.7888297872340425,6,3638,32.52548862200092,convnext_v2_t+densenet121+lbp+mae_base+rgb_ngram_svd+vit_b16,
DTD,svm,42,3,full,random_002,0.8531536091816675,0.8547872340425532,6,6344,14.641770202999396,densenet121+dinov2_small+glcm+lbp+siglip_base+vgg16,
DTD,svm,42,3,full,random_003,0.853037259204297,0.8547872340425532,6,4992,20.791193789000317,convnext_v2_t+deit_s+dinov2+resnet101+rgb_ngram_svd+swin_t,
DTD,svm,42,3,full,random_004,0.8347888331159914,0.8372340425531914,6,4450,20.20674125700134,drlbp+glcm+mae_base+resnet101+siglip_base+vit_b16,
DTD,svm,42,3,full,random_005,0.7625670869416504,0.7643617021276595,6,9034,31.70096166300027,densenet121+gabor+hog+lbp+resnet50+vgg16,
DTD,svm,42,3,full,random_006,0.8348286527543403,0.8367021276595744,6,5402,30.018239208999148,convnext_v2_t+efficientnet_b0+hog+lbp+mae_base+siglip_base,
DTD,svm,42,3,full,random_007,0.7847657373332757,0.7861702127659574,6,5652,26.058102480999878,convnext_v2_t+gabor+hog+mae_base+resnet50+rgb_ngram_svd,
DTD,svm,42,3,full,random_008,0.8687502123224802,0.8702127659574468,6,4788,22.644821244999548,dinov2_large+dinov2_small+drlbp+eva02_base+hog+mae_base,
DTD,svm,42,3,full,random_009,0.8397190861151463,0.8420212765957447,6,4754,20.61287263200029,convnext_v2_t+dinov2_small+glcm+mae_base+resnet101+vit_b16,
DTD,svm,42,3,full,random_010,0.8715932925750991,0.872872340425532,6,5888,24.441800644000978,convnext_v2_t+dinov2+eva02_base+mae_base+resnet101+siglip_base,
DTD,svm,42,3,full,random_011,0.8618659502427043,0.8627659574468085,6,6016,26.72785220700098,dinov2_small+efficientnet_b0+eva02_base+mae_base+resnet50+siglip_base,
DTD,svm,42,3,full,random_012,0.8282028868896251,0.8303191489361702,6,2694,29.372820575999867,dinov2+drlbp+lbp+mae_base+rgb_ngram_svd+vit_b16,
DTD,svm,42,3,full,random_013,0.8370824295022722,0.8382978723404255,6,8338,18.980031904000498,densenet121+dinov2_small+glcm+resnet50+vgg16+vit_b16,
DTD,svm,42,3,full,random_014,0.8331310606593847,0.8345744680851064,6,4992,17.70377415800067,convnext_v2_t+drlbp+efficientnet_b0+eva02_base+gabor+resnet101,
DTD,svm,42,3,full,random_015,0.8482595123149964,0.85,6,3858,17.84429006499886,densenet121+dinov2+dinov2_large+glcm+mae_base+rgb_ngram_svd,
DTD,svm,42,3,full,random_016,0.8500032646098106,0.8515957446808511,6,3248,28.100301364000188,deit_s+dinov2+dinov2_large+gabor+rgb_ngram_svd+vit_b16,
DTD,svm,42,3,full,random_017,0.8347823870217109,0.8356382978723405,6,7140,29.247184251998988,densenet121+eva02_base+hog+resnet101+swin_t+vit_b16,
DTD,svm,42,3,full,random_018,0.776642166151028,0.7792553191489362,6,3144,28.689404696000565,efficientnet_b0+glcm+lbp+rgb_ngram_svd+swin_t+vit_b16,
DTD,svm,42,3,full,random_019,0.8385433941830462,0.8404255319148937,6,6662,16.47004218099937,convnext_v2_t+dinov2_small+drlbp+efficientnet_b0+lbp+vgg16,
DTD,svm,42,3,full,random_020,0.8227340907907893,0.825,6,5504,21.007914178000647,deit_s+efficientnet_b0+resnet101+rgb_ngram_svd+siglip_base+swin_t,
DTD,svm,42,3,full,random_021,0.8665187149208075,0.8680851063829788,6,5268,23.992358076999153,deit_s+dinov2_large+efficientnet_b0+gabor+hog+siglip_base,
DTD,svm,42,3,full,random_022,0.8713568737948424,0.8723404255319149,6,4918,22.165250399999422,densenet121+dinov2_large+efficientnet_b0+eva02_base+lbp+siglip_base,
DTD,svm,42,3,full,random_023,0.8612930455921108,0.8632978723404255,6,5428,26.331036999999924,dinov2+drlbp+efficientnet_b0+eva02_base+hog+mae_base,
DTD,svm,42,3,full,random_024,0.8658316505451981,0.8675531914893617,6,4272,16.732450713001526,deit_s+dinov2+dinov2_large+efficientnet_b0+eva02_base+gabor,
DTD,svm,42,3,full,random_025,0.8226380659109855,0.823936170212766,6,8320,18.559236506998786,deit_s+eva02_base+resnet50+rgb_ngram_svd+swin_t+vgg16,
DTD,svm,42,3,full,random_026,0.8521867042187472,0.8542553191489362,6,4500,18.635501607999686,convnext_v2_t+dinov2+dinov2_small+gabor+hog+vit_b16,
DTD,svm,42,3,full,random_027,0.855964228233497,0.8579787234042553,6,4674,21.751353640998786,convnext_v2_t+densenet121+dinov2+gabor+glcm+resnet50,
DTD,svm,42,3,full,random_028,0.8701893181475534,0.8718085106382979,6,5942,23.42500295699938,dinov2_large+efficientnet_b0+lbp+mae_base+resnet50+siglip_base,
DTD,svm,42,3,full,random_029,0.7666379821368048,0.7686170212765957,6,4552,23.68848832799995,deit_s+efficientnet_b0+glcm+lbp+mae_base+resnet101,
DTD,svm,42,3,full,random_030,0.8191175113760388,0.8207446808510638,6,4964,28.26578263599913,drlbp+eva02_base+gabor+hog+resnet101+rgb_ngram_svd,
DTD,svm,42,3,full,random_031,0.841652170265838,0.8425531914893617,6,2450,24.347010872999817,convnext_v2_t+drlbp+eva02_base+gabor+glcm+vit_b16,
DTD,svm,42,3,full,random_032,0.8557046486082087,0.8579787234042553,6,4944,21.473070031001043,densenet121+dinov2+drlbp+resnet101+rgb_ngram_svd+siglip_base,
DTD,svm,42,3,full,random_033,0.8473716199964195,0.8494680851063829,6,4406,25.50565856799949,densenet121+dinov2_large+efficientnet_b0+lbp+rgb_ngram_svd+swin_t,
DTD,svm,42,3,full,random_034,0.8421305787458203,0.8446808510638298,6,3974,25.252075705000607,dinov2+drlbp+lbp+resnet50+rgb_ngram_svd+swin_t,
DTD,svm,42,3,full,random_035,0.7934525213705675,0.7941489361702128,6,7088,24.262475315999836,convnext_v2_t+deit_s+densenet121+gabor+mae_base+vgg16,
DTD,svm,42,3,full,random_036,0.7879625765621228,0.7904255319148936,6,5138,35.664553583999805,efficientnet_b0+glcm+resnet101+rgb_ngram_svd+swin_t+vit_b16,
DTD,svm,42,3,full,random_037,0.789282604193772,0.7909574468085107,6,7524,26.741635344000315,drlbp+gabor+hog+swin_t+vgg16+vit_b16,
DTD,svm,42,3,full,random_038,0.8524327506289354,0.8542553191489362,6,2200,21.457438114999604,dinov2_large+drlbp+glcm+lbp+rgb_ngram_svd+siglip_base,
DTD,svm,42,3,full,random_039,0.8065606833924206,0.8085106382978723,6,8212,29.27792312299971,convnext_v2_t+gabor+hog+swin_t+vgg16+vit_b16,
DTD,svm,42,3,full,random_040,0.8566327185535075,0.8574468085106383,6,7362,18.22741511700042,dinov2_small+eva02_base+gabor+glcm+resnet50+vgg16,
DTD,svm,42,3,full,random_041,0.7751649269507807,0.777127659574468,6,6170,24.31104672299989,efficientnet_b0+hog+lbp+resnet50+rgb_ngram_svd+vit_b16,
DTD,svm,42,3,full,random_042,0.8765120427701046,0.8776595744680851,6,7808,19.646162736000406,deit_s+dinov2+dinov2_large+eva02_base+swin_t+vgg16,
DTD,svm,42,3,full,random_043,0.8575171505610313,0.8590425531914894,6,9060,29.242360688998815,deit_s+densenet121+dinov2_large+hog+mae_base+vgg16,
DTD,svm,42,3,full,random_044,0.8457270864209021,0.8473404255319149,6,4498,16.329801169998973,densenet121+dinov2_small+eva02_base+glcm+resnet101+rgb_ngram_svd,
DTD,svm,42,3,full,random_045,0.8510415525666698,0.8531914893617021,6,5706,30.88126859699878,dinov2_large+gabor+hog+lbp+mae_base+resnet101,
DTD,svm,42,3,full,random_046,0.8152550192489816,0.8164893617021277,6,3946,21.463672124000368,densenet121+drlbp+eva02_base+hog+lbp+rgb_ngram_svd,
DTD,svm,42,3,full,random_047,0.8482388269678083,0.850531914893617,6,3536,28.176886649998778,dinov2_small+drlbp+efficientnet_b0+rgb_ngram_svd+siglip_base+swin_t,
DTD,svm,42,3,full,random_048,0.8368862783018652,0.8382978723404255,6,5680,28.616604012999233,efficientnet_b0+gabor+resnet50+siglip_base+swin_t+vit_b16,
DTD,svm,42,3,full,random_049,0.8468533016318159,0.847872340425532,6,8496,22.381503087000965,convnext_v2_t+eva02_base+gabor+resnet50+swin_t+vgg16,
DTD,svm,42,3,full,random_050,0.8188444335769564,0.8212765957446808,6,5888,15.381574687000466,densenet121+dinov2_small+drlbp+gabor+rgb_ngram_svd+vgg16,
DTD,svm,42,3,full,random_051,0.8537255509887303,0.8553191489361702,6,7012,31.325492534999285,deit_s+densenet121+dinov2_large+hog+resnet101+swin_t,
DTD,svm,42,3,full,random_052,0.8569139463954529,0.8590425531914894,6,6272,14.95433249800044,dinov2+dinov2_small+resnet101+resnet50+rgb_ngram_svd+siglip_base,
DTD,svm,42,3,full,random_053,0.7872845885475298,0.7882978723404256,6,7424,13.333524876999945,deit_s+drlbp+gabor+resnet50+vgg16+vit_b16,
DTD,svm,42,3,full,random_054,0.8407639295079172,0.8430851063829787,6,2248,16.745122640999398,dinov2_small+eva02_base+glcm+lbp+rgb_ngram_svd+siglip_base,
DTD,svm,42,3,full,random_055,0.829619043363424,0.8308510638297872,6,3510,28.78128109699901,deit_s+efficientnet_b0+eva02_base+lbp+rgb_ngram_svd+swin_t,
DTD,svm,42,3,full,random_056,0.870463507670222,0.8718085106382979,6,4358,16.707932581000932,dinov2_large+dinov2_small+drlbp+eva02_base+lbp+resnet101,
DTD,svm,42,3,full,random_057,0.8145004730505655,0.8175531914893617,6,4890,26.43638159299917,efficientnet_b0+hog+lbp+mae_base+rgb_ngram_svd+siglip_base,
DTD,svm,42,3,full,random_058,0.8385894699201357,0.8393617021276596,6,10004,27.176109283000187,efficientnet_b0+eva02_base+gabor+hog+resnet50+vgg16,
DTD,svm,42,3,full,random_059,0.8110641202830761,0.8127659574468085,6,6418,22.00768360300026,convnext_v2_t+glcm+mae_base+resnet101+resnet50+swin_t,
DTD,svm,42,3,full,random_060,0.8498916358292077,0.8521276595744681,6,2822,27.546656529000757,dinov2_small+drlbp+lbp+mae_base+siglip_base+vit_b16,
DTD,svm,42,3,full,random_061,0.8454363998590787,0.8468085106382979,6,5424,18.204663236998385,convnext_v2_t+densenet121+eva02_base+gabor+resnet50+vit_b16,
DTD,svm,42,3,full,random_062,0.860135902089202,0.8622340425531915,6,4710,18.49918063900077,dinov2_large+gabor+lbp+mae_base+resnet50+swin_t,
DTD,svm,42,3,full,random_063,0.853446021629362,0.8547872340425532,6,4144,19.539943980000317,densenet121+eva02_base+gabor+mae_base+siglip_base+vit_b16,
DTD,svm,42,3,full,random_064,0.859078464203298,0.8617021276595744,6,8466,17.52051979099997,dinov2+glcm+resnet101+siglip_base+swin_t+vgg16,
DTD,svm,42,3,full,random_065,0.7755495427728426,0.7781914893617021,6,3994,17.9649525420009,convnext_v2_t+deit_s+hog+lbp+rgb_ngram_svd+vit_b16,
DTD,svm,42,3,full,random_066,0.8600177714852981,0.8606382978723405,6,8548,24.31994054400093,dinov2_small+eva02_base+hog+mae_base+swin_t+vgg16,
DTD,svm,42,3,full,random_067,0.7682838001428298,0.7691489361702127,6,4870,18.939919292999548,deit_s+densenet121+drlbp+efficientnet_b0+lbp+resnet50,
DTD,svm,42,3,full,random_068,0.8617563819181632,0.8632978723404255,6,10468,30.27191915000003,densenet121+dinov2+hog+resnet50+siglip_base+vgg16,
DTD,svm,42,3,full,random_069,0.8368486951991116,0.8393617021276596,6,6272,17.139158997999402,deit_s+dinov2+resnet101+resnet50+rgb_ngram_svd+vit_b16,
DTD,svm,42,3,full,random_070,0.8576098720042934,0.8585106382978723,6,2486,19.95336876699912,drlbp+eva02_base+gabor+lbp+siglip_base+swin_t,
DTD,svm,42,3,full,random_071,0.8204725825047444,0.8223404255319149,6,9956,27.533652395999525,densenet121+hog+resnet50+rgb_ngram_svd+siglip_base+vgg16,
DTD,svm,42,3,full,random_072,0.8340006939324112,0.8356382978723405,6,7814,22.10971207199873,drlbp+lbp+resnet50+siglip_base+vgg16+vit_b16,
DTD,svm,42,3,full,random_073,0.8396413011736983,0.8409574468085106,6,4150,25.628896610000083,convnext_v2_t+densenet121+eva02_base+lbp+mae_base+vit_b16,
DTD,svm,42,3,full,random_074,0.8586103161016295,0.8606382978723405,6,7216,34.76030131599873,dinov2+dinov2_large+efficientnet_b0+gabor+resnet101+resnet50,
DTD,svm,42,3,full,random_075,0.815533338589791,0.8175531914893617,6,4244,26.28713267800049,densenet121+dinov2_small+gabor+hog+rgb_ngram_svd+vit_b16,
DTD,svm,42,3,full,random_076,0.839148314753189,0.8414893617021276,6,3302,43.915702254998905,convnext_v2_t+dinov2_small+efficientnet_b0+gabor+lbp+vit_b16,
DTD,svm,42,3,full,random_077,0.8553689188279794,0.8574468085106383,6,5760,15.74460398699921,dinov2+dinov2_large+dinov2_small+efficientnet_b0+resnet101+rgb_ngram_svd,
DTD,svm,42,3,full,random_078,0.8328117967428404,0.8340425531914893,6,6196,19.28466595700047,drlbp+eva02_base+hog+mae_base+resnet50+vit_b16,
DTD,svm,42,3,full,random_079,0.7964922118343349,0.7978723404255319,6,9344,24.602187516000413,convnext_v2_t+deit_s+efficientnet_b0+mae_base+resnet50+vgg16,
DTD,svm,42,3,full,random_080,0.8709757927234689,0.8723404255319149,6,3730,34.58166291099951,dinov2_large+dinov2_small+eva02_base+glcm+swin_t+vit_b16,
DTD,svm,42,3,full,random_081,0.834111834056706,0.8356382978723405,6,3686,33.91030863100059,convnext_v2_t+efficientnet_b0+eva02_base+gabor+lbp+swin_t,
DTD,svm,42,3,full,random_082,0.86108103667066,0.8638297872340426,6,8502,23.797765733001143,dinov2+lbp+mae_base+resnet50+siglip_base+vgg16,
DTD,svm,42,3,full,random_083,0.830511690812862,0.8319148936170213,6,8496,22.501574846999574,efficientnet_b0+eva02_base+gabor+resnet50+rgb_ngram_svd+vgg16,
DTD,svm,42,3,full,random_084,0.8355508086878373,0.8372340425531914,6,3510,32.52179472699936,convnext_v2_t+deit_s+lbp+mae_base+siglip_base+vit_b16,
DTD,svm,42,3,full,random_085,0.8351273923691568,0.8367021276595744,6,3042,26.346139324999967,densenet121+dinov2_small+drlbp+glcm+mae_base+vit_b16,
DTD,svm,42,3,full,random_086,0.8360770522440371,0.8367021276595744,6,4726,26.051719442999456,drlbp+eva02_base+gabor+glcm+hog+resnet50,
DTD,svm,42,3,full,random_087,0.7393880423974957,0.7414893617021276,6,6296,23.366833800999302,drlbp+efficientnet_b0+glcm+lbp+mae_base+vgg16,
DTD,svm,42,3,full,random_088,0.8410198383615156,0.8436170212765958,6,7476,38.782261221000226,drlbp+hog+mae_base+resnet101+resnet50+siglip_base,
DTD,svm,42,3,full,random_089,0.8502953824915526,0.8521276595744681,6,8960,23.64792335400125,dinov2+dinov2_large+mae_base+resnet50+rgb_ngram_svd+vgg16,
DTD,svm,42,3,full,random_090,0.8515294667107232,0.8526595744680852,6,3792,17.280272392999905,densenet121+dinov2_small+drlbp+siglip_base+swin_t+vit_b16,
DTD,svm,42,3,full,random_091,0.8258078787650164,0.8276595744680851,6,8192,25.4345893719983,densenet121+efficientnet_b0+eva02_base+rgb_ngram_svd+swin_t+vgg16,
DTD,svm,42,3,full,random_092,0.7750071915177532,0.776595744680851,6,6040,18.151022681999166,densenet121+drlbp+glcm+lbp+swin_t+vgg16,
DTD,svm,42,3,full,random_093,0.8118670071299204,0.8138297872340425,6,5988,26.56722855099906,deit_s+hog+mae_base+resnet50+rgb_ngram_svd+siglip_base,
DTD,svm,42,3,full,random_094,0.8516109293956265,0.8537234042553191,6,6480,14.601305312999102,deit_s+dinov2+dinov2_small+drlbp+vgg16+vit_b16,
DTD,svm,42,3,full,random_095,0.8614936617241319,0.8643617021276596,6,4424,19.137337349999143,dinov2+glcm+lbp+mae_base+resnet50+siglip_base,
DTD,svm,42,3,full,random_096,0.851350188902151,0.8531914893617021,6,2834,22.69033856600072,deit_s+dinov2_large+drlbp+efficientnet_b0+gabor+glcm,
DTD,svm,42,3,full,random_097,0.8358764560592784,0.8377659574468085,6,7168,19.28684220300056,convnext_v2_t+deit_s+dinov2_small+swin_t+vgg16+vit_b16,
DTD,svm,42,3,full,random_098,0.8393970815186862,0.8404255319148937,6,3766,17.71326271200087,convnext_v2_t+densenet121+dinov2_small+lbp+mae_base+swin_t,
DTD,svm,42,3,full,random_099,0.8680116249960764,0.8691489361702127,6,4016,15.973048011001083,densenet121+dinov2_large+dinov2_small+gabor+siglip_base+vit_b16,
DTD,resmlp,42,8,full,random_000,0.8541962744280023,0.8547872340425532,4,4176,5.066325734998827,densenet121+dinov2_large+drlbp+resnet50,
DTD,resmlp,42,8,full,random_001,0.8528296712498394,0.8531914893617021,4,2768,4.73182436299976,deit_s+dinov2_large+drlbp+efficientnet_b0,
DTD,resmlp,42,8,full,random_002,0.8206856086553725,0.8212765957446808,4,2566,4.317110414000126,dinov2_small+drlbp+lbp+resnet50,
DTD,resmlp,42,8,full,random_003,0.8540945106379576,0.8547872340425532,4,3968,3.262206340001285,convnext_v2_t+dinov2+dinov2_small+resnet101,
DTD,resmlp,42,8,full,random_004,0.7828733851252401,0.7840425531914894,4,3632,4.25236767000024,convnext_v2_t+gabor+resnet50+swin_t,
DTD,resmlp,42,8,full,random_005,0.8378065873669751,0.8393617021276596,4,6162,2.6427009830003954,densenet121+dinov2_large+glcm+vgg16,
DTD,resmlp,42,8,full,random_006,0.8368100711441062,0.8367021276595744,4,5760,2.323980938001114,deit_s+dinov2_large+rgb_ngram_svd+vgg16,
DTD,resmlp,42,8,full,random_007,0.8460170923504451,0.8468085106382979,4,1938,2.1464183629996114,convnext_v2_t+dinov2_small+eva02_base+glcm,
DTD,resmlp,42,8,full,random_008,0.7980383144312446,0.799468085106383,4,5120,2.2531799899988982,deit_s+dinov2_small+rgb_ngram_svd+vgg16,
DTD,resmlp,42,8,full,random_009,0.7498341546352993,0.7510638297872341,4,3280,2.2374464290005562,deit_s+drlbp+mae_base+resnet101,
DTD,resmlp,42,8,full,random_010,0.7862421854942191,0.7867021276595745,4,3968,5.3173371920001955,deit_s+resnet50+swin_t+vit_b16,
DTD,resmlp,42,8,full,random_011,0.8338011154895238,0.8335106382978723,4,4324,3.8104339180008537,densenet121+eva02_base+hog+siglip_base,
DTD,resmlp,42,8,full,random_012,0.8303788575884817,0.8308510638297872,4,2614,2.4187587150008767,convnext_v2_t+densenet121+eva02_base+lbp,
DTD,resmlp,42,8,full,random_013,0.7853540329645156,0.7861702127659574,4,5604,4.266056230000686,densenet121+hog+resnet101+vit_b16,
DTD,resmlp,42,8,full,random_014,0.7913780131712196,0.7920212765957447,4,6966,3.745253285000217,lbp+resnet101+vgg16+vit_b16,
DTD,resmlp,42,8,full,random_015,0.8553268651995692,0.8563829787234043,4,2256,4.4648713229998975,dinov2+dinov2_large+dinov2_small+drlbp,
DTD,resmlp,42,8,full,random_016,0.7561251741443742,0.7563829787234042,4,1602,2.3162729590003437,gabor+glcm+mae_base+vit_b16,
DTD,resmlp,42,8,full,random_017,0.8069910418012823,0.8079787234042554,4,1426,2.941727070001434,dinov2_small+glcm+rgb_ngram_svd+swin_t,
DTD,resmlp,42,8,full,random_018,0.7685627875635803,0.7686170212765957,4,4964,2.8176163650005037,deit_s+hog+resnet50+swin_t,
DTD,resmlp,42,8,full,random_019,0.8184582457648604,0.8191489361702128,4,2944,2.292338106999523,convnext_v2_t+densenet121+dinov2_small+swin_t,
DTD,resmlp,42,8,full,random_020,0.8213442000813166,0.8212765957446808,4,4864,1.7006942610005353,efficientnet_b0+eva02_base+mae_base+resnet50,
DTD,resmlp,42,8,full,random_021,0.8204303808294126,0.8212765957446808,4,3602,2.0773280749999685,glcm+resnet101+siglip_base+swin_t,
DTD,resmlp,42,8,full,random_022,0.8218860039084959,0.8223404255319149,4,3248,2.5601962939999794,dinov2_small+gabor+resnet101+vit_b16,
DTD,resmlp,42,8,full,random_023,0.826779205504943,0.8276595744680851,4,4196,4.850054175998594,deit_s+dinov2+efficientnet_b0+hog,
DTD,resmlp,42,8,full,random_024,0.7397657790209985,0.7409574468085106,4,4998,2.625733847000447,drlbp+lbp+swin_t+vgg16,
DTD,resmlp,42,8,full,random_025,0.8531920769922695,0.8531914893617021,4,2688,1.9300079390013707,convnext_v2_t+deit_s+dinov2+eva02_base,
DTD,resmlp,42,8,full,random_026,0.8538973497876003,0.8537234042553191,4,3504,4.645200118000503,deit_s+dinov2_large+gabor+resnet50,
DTD,resmlp,42,8,full,random_027,0.8050921973834323,0.8063829787234043,4,1712,2.0665825169999152,densenet121+dinov2_small+gabor+rgb_ngram_svd,
DTD,resmlp,42,8,full,random_028,0.841049010735608,0.8414893617021276,4,2384,3.7882997039996553,convnext_v2_t+drlbp+eva02_base+mae_base,
DTD,resmlp,42,8,full,random_029,0.8366930812566007,0.8382978723404255,4,7680,4.344519838999986,dinov2+resnet50+swin_t+vgg16,
DTD,resmlp,42,8,full,random_030,0.757071939835647,0.7579787234042553,4,5604,2.301374893000684,densenet121+hog+mae_base+resnet101,
DTD,resmlp,42,8,full,random_031,0.8184523919409135,0.8196808510638298,4,3456,3.50534119599979,dinov2_small+resnet101+rgb_ngram_svd+swin_t,
DTD,resmlp,42,8,full,random_032,0.8503628370119781,0.850531914893617,4,5906,2.1206954939989373,dinov2_large+eva02_base+glcm+vgg16,
DTD,resmlp,42,8,full,random_033,0.8285198900788556,0.8287234042553191,4,5604,2.582464222999988,densenet121+eva02_base+hog+resnet101,
DTD,resmlp,42,8,full,random_034,0.8203757615656314,0.8212765957446808,4,5712,2.0344477469989215,drlbp+siglip_base+swin_t+vgg16,
DTD,resmlp,42,8,full,random_035,0.8117009922138508,0.8132978723404255,4,6224,4.197171212001194,drlbp+efficientnet_b0+siglip_base+vgg16,
DTD,resmlp,42,8,full,random_036,0.8199015042005964,0.8223404255319149,4,2890,2.7900473170011537,dinov2_large+gabor+hog+lbp,
DTD,resmlp,42,8,full,random_037,0.8337771913670637,0.8351063829787234,4,1846,2.4485597549992235,dinov2+lbp+rgb_ngram_svd+vit_b16,
DTD,resmlp,42,8,full,random_038,0.6028584807758038,0.6047872340425532,4,2604,5.5013765129988315,glcm+hog+lbp+mae_base,
DTD,resmlp,42,8,full,random_039,0.8219421343781168,0.823404255319149,4,5504,5.248434641000131,deit_s+dinov2+rgb_ngram_svd+vgg16,
DTD,resmlp,42,8,full,random_040,0.7489351811919827,0.7510638297872341,4,4196,3.0557830809993902,deit_s+efficientnet_b0+hog+swin_t,
DTD,resmlp,42,8,full,random_041,0.8205905807450573,0.8202127659574469,4,1218,2.0549028989989893,deit_s+eva02_base+gabor+glcm,
DTD,resmlp,42,8,full,random_042,0.8444573426203874,0.8446808510638298,4,3840,2.5266655220002576,densenet121+dinov2+efficientnet_b0+vit_b16,
DTD,resmlp,42,8,full,random_043,0.7200376566736587,0.725,4,4598,2.122969010999441,glcm+hog+mae_base+resnet101,
DTD,resmlp,42,8,full,random_044,0.8315853500518098,0.8329787234042553,4,5968,4.110836430001655,densenet121+dinov2+drlbp+vgg16,
DTD,resmlp,42,8,full,random_045,0.76096512689273,0.7622340425531915,4,4400,4.809080081999127,densenet121+efficientnet_b0+gabor+resnet101,
DTD,resmlp,42,8,full,random_046,0.8514717685819837,0.8521276595744681,4,2358,4.469869994998589,dinov2+lbp+siglip_base+vit_b16,
DTD,resmlp,42,8,full,random_047,0.8651270149150545,0.8654255319148936,4,4608,4.388701276000575,dinov2+dinov2_large+eva02_base+resnet50,
DTD,resmlp,42,8,full,random_048,0.8404975759519965,0.8420212765957447,4,1974,3.0601676059995953,deit_s+dinov2+lbp+swin_t,
DTD,resmlp,42,8,full,random_049,0.826268799806193,0.825531914893617,4,4580,2.1507106489989383,convnext_v2_t+efficientnet_b0+hog+siglip_base,
DTD,resmlp,42,8,full,random_050,0.8394819624249859,0.8398936170212766,4,1968,2.5018487679990358,convnext_v2_t+deit_s+gabor+siglip_base,
DTD,resmlp,42,8,full,random_051,0.8436273118563277,0.8446808510638298,4,1968,4.492545411001629,dinov2_small+gabor+siglip_base+vit_b16,
DTD,resmlp,42,8,full,random_052,0.7251695700388827,0.7276595744680852,4,3380,3.1087019099995814,drlbp+hog+mae_base+swin_t,
DTD,resmlp,42,8,full,random_053,0.7657415679612886,0.7664893617021277,4,3760,3.99636209900018,deit_s+efficientnet_b0+gabor+resnet50,
DTD,resmlp,42,8,full,random_054,0.7484844227360183,0.7484042553191489,4,2182,2.313299368999651,drlbp+efficientnet_b0+lbp+swin_t,
DTD,resmlp,42,8,full,random_055,0.7467094460854493,0.7484042553191489,4,7936,2.7798073810008646,densenet121+mae_base+resnet50+vgg16,
DTD,resmlp,42,8,full,random_056,0.851746022241553,0.8515957446808511,4,3894,4.549967581000601,convnext_v2_t+dinov2_large+lbp+resnet50,
DTD,resmlp,42,8,full,random_057,0.8511408626719243,0.8515957446808511,4,2614,4.2482104640002945,densenet121+dinov2+lbp+siglip_base,
DTD,resmlp,42,8,full,random_058,0.8338694089911878,0.8351063829787234,4,8932,3.8873769259989785,dinov2_large+hog+resnet101+vgg16,
DTD,resmlp,42,8,full,random_059,0.8050456075314795,0.8063829787234043,4,1250,2.280824544999632,dinov2_small+drlbp+glcm+swin_t,
DTD,resmlp,42,8,full,random_060,0.8205849485465176,0.8212765957446808,4,1122,2.0212324490003084,drlbp+glcm+rgb_ngram_svd+siglip_base,
DTD,resmlp,42,8,full,random_061,0.7608800783953593,0.7627659574468085,4,3126,6.095872764000887,lbp+resnet101+rgb_ngram_svd+swin_t,
DTD,resmlp,42,8,full,random_062,0.8504403581633244,0.851063829787234,4,2944,4.792095712000446,convnext_v2_t+deit_s+dinov2_large+swin_t,
DTD,resmlp,42,8,full,random_063,0.849602578262667,0.8494680851063829,4,4352,4.541186352000295,eva02_base+resnet101+siglip_base+swin_t,
DTD,resmlp,42,8,full,random_064,0.6972052700705964,0.7,4,3428,2.199973651999244,deit_s+densenet121+hog+rgb_ngram_svd,
DTD,resmlp,42,8,full,random_065,0.743707343904424,0.7462765957446809,4,2816,4.90352679499847,densenet121+mae_base+rgb_ngram_svd+swin_t,
DTD,resmlp,42,8,full,random_066,0.8388451670535033,0.8398936170212766,4,5248,3.3045770959997753,deit_s+dinov2+resnet101+resnet50,
DTD,resmlp,42,8,full,random_067,0.8104134232741946,0.8111702127659575,4,1968,3.064594022000165,deit_s+eva02_base+gabor+mae_base,
DTD,resmlp,42,8,full,random_068,0.786336235509721,0.7872340425531915,4,4096,2.7522357530015142,convnext_v2_t+densenet121+resnet101+rgb_ngram_svd,
DTD,resmlp,42,8,full,random_069,0.8456319883891301,0.8473404255319149,4,7222,2.8384820539995417,dinov2_large+lbp+resnet101+vgg16,
DTD,resmlp,42,8,full,random_070,0.8021567519058103,0.8026595744680851,4,3482,1.4819319799989898,dinov2_small+efficientnet_b0+hog+lbp,
DTD,resmlp,42,8,full,random_071,0.8368818703457414,0.8382978723404255,4,1170,1.868454383999051,dinov2_large+drlbp+gabor+glcm,
DTD,resmlp,42,8,full,random_072,0.809943165421498,0.8117021276595745,4,1224,1.8266653020000376,dinov2_small+glcm+lbp+mae_base,
DTD,resmlp,42,8,full,random_073,0.7807185743842532,0.7808510638297872,4,2352,4.126191357001517,convnext_v2_t+gabor+mae_base+swin_t,
DTD,resmlp,42,8,full,random_074,0.8239331481148812,0.824468085106383,4,4480,2.175583596999786,deit_s+efficientnet_b0+resnet50+siglip_base,
DTD,resmlp,42,8,full,random_075,0.8396133265610463,0.8409574468085106,4,4144,3.0903280149996135,dinov2+efficientnet_b0+gabor+resnet101,
DTD,resmlp,42,8,full,random_076,0.8319424414745693,0.8324468085106383,4,3126,1.4052019179998751,densenet121+efficientnet_b0+lbp+siglip_base,
DTD,resmlp,42,8,full,random_077,0.749376026965092,0.7515957446808511,4,2504,1.6422704530014016,deit_s+glcm+lbp+resnet101,
DTD,resmlp,42,8,full,random_078,0.7453316099270396,0.7457446808510638,4,4936,1.9192273959997692,glcm+lbp+swin_t+vgg16,
DTD,resmlp,42,8,full,random_079,0.8475345283843221,0.8489361702127659,4,7936,2.123114842001087,dinov2_large+resnet50+swin_t+vgg16,
DTD,resmlp,42,8,full,random_080,0.8529645927698034,0.8526595744680852,4,3894,3.8154852100014978,dinov2_large+lbp+resnet101+vit_b16,
DTD,resmlp,42,8,full,random_081,0.8371143143913149,0.8377659574468085,4,5712,4.841519700999925,convnext_v2_t+dinov2+drlbp+vgg16,
DTD,resmlp,42,8,full,random_082,0.851748867654764,0.8521276595744681,4,2304,4.109465044999524,deit_s+dinov2_small+eva02_base+siglip_base,
DTD,resmlp,42,8,full,random_083,0.7222431140583597,0.7170212765957447,4,3318,6.462451710998721,glcm+hog+mae_base+swin_t,
DTD,resmlp,42,8,full,random_084,0.8491551728285118,0.8494680851063829,4,3152,3.853516719000254,dinov2_large+drlbp+efficientnet_b0+vit_b16,
DTD,resmlp,42,8,full,random_085,0.8286227501030259,0.8297872340425532,4,3348,2.8936405700005707,dinov2+gabor+hog+swin_t,
DTD,resmlp,42,8,full,random_086,0.7252298110871874,0.7271276595744681,4,2370,4.885690910999983,gabor+glcm+resnet50+rgb_ngram_svd,
DTD,resmlp,42,8,full,random_087,0.853563232224689,0.8537234042553191,4,2688,3.2797609329991246,dinov2+dinov2_small+mae_base+siglip_base,
DTD,resmlp,42,8,full,random_088,0.7550920482520488,0.7558510638297873,4,6162,2.668735507999372,efficientnet_b0+glcm+swin_t+vgg16,
DTD,resmlp,42,8,full,random_089,0.8393677882377564,0.8409574468085106,4,2614,1.6979453769999964,convnext_v2_t+densenet121+lbp+siglip_base,
DTD,resmlp,42,8,full,random_090,0.8303434460169662,0.8319148936170213,4,6400,3.918481080001584,dinov2+mae_base+swin_t+vgg16,
DTD,resmlp,42,8,full,random_091,0.8294172676557937,0.8308510638297872,4,4660,2.964443860000756,dinov2+drlbp+hog+resnet50,
DTD,resmlp,42,8,full,random_092,0.8566352550681021,0.8563829787234043,4,3920,2.3368200280001474,dinov2_large+drlbp+mae_base+resnet50,
DTD,resmlp,42,8,full,random_093,0.8440608388241628,0.8436170212765958,4,3354,3.0565915790011786,eva02_base+hog+lbp+siglip_base,
DTD,resmlp,42,8,full,random_094,0.7787695141029259,0.7808510638297872,4,2458,2.9436660390001634,dinov2_small+hog+lbp+rgb_ngram_svd,
DTD,resmlp,42,8,full,random_095,0.8140033124037224,0.8148936170212766,4,1718,2.300698201001069,densenet121+dinov2_small+lbp+rgb_ngram_svd,
DTD,resmlp,42,8,full,random_096,0.8307495498604768,0.8319148936170213,4,5248,2.4687693159994524,deit_s+eva02_base+resnet101+resnet50,
DTD,resmlp,42,8,full,random_097,0.8383491861562712,0.8377659574468085,4,4608,2.1637168540000857,densenet121+mae_base+resnet50+siglip_base,
DTD,resmlp,42,8,full,random_098,0.7448825631840393,0.7468085106382979,4,3280,2.2838024720003887,deit_s+drlbp+mae_base+resnet50,
DTD,resmlp,42,8,full,random_099,0.761011854422325,0.7627659574468085,4,2256,3.3519356320011866,deit_s+densenet121+drlbp+swin_t,
DTD,resmlp,42,9,full,random_000,0.8288742946009702,0.8308510638297872,4,2560,2.9887773230002495,convnext_v2_t+rgb_ngram_svd+siglip_base+vit_b16,
DTD,resmlp,42,9,full,random_001,0.8211949577487956,0.823404255319149,4,1810,2.032927085998381,convnext_v2_t+dinov2+glcm+rgb_ngram_svd,
DTD,resmlp,42,9,full,random_002,0.7733716781081045,0.774468085106383,4,2688,1.8756174730006023,convnext_v2_t+deit_s+swin_t+vit_b16,
DTD,resmlp,42,9,full,random_003,0.7376435820958649,0.7409574468085106,4,7216,2.3649919730014517,densenet121+gabor+resnet50+vgg16,
DTD,resmlp,42,9,full,random_004,0.8284294285165097,0.8292553191489361,4,6400,3.0517631790007727,convnext_v2_t+eva02_base+vgg16+vit_b16,
DTD,resmlp,42,9,full,random_005,0.7719821247708643,0.774468085106383,4,3968,2.7230952119989524,deit_s+resnet101+swin_t+vit_b16,
DTD,resmlp,42,9,full,random_006,0.7435952565254156,0.7436170212765958,4,1926,1.3694002629999886,densenet121+drlbp+lbp+vit_b16,
DTD,resmlp,42,9,full,random_007,0.8214604572188583,0.824468085106383,4,4836,2.193196292999346,hog+resnet101+rgb_ngram_svd+siglip_base,
DTD,resmlp,42,9,full,random_008,0.82938203689322,0.8319148936170213,4,3346,3.1081722670005547,dinov2_large+glcm+resnet50+rgb_ngram_svd,
DTD,resmlp,42,9,full,random_009,0.8364574768549109,0.8377659574468085,4,3584,2.7532205090010393,convnext_v2_t+dinov2+efficientnet_b0+vit_b16,
DTD,resmlp,42,9,full,random_010,0.8357052354526207,0.8382978723404255,4,3840,2.9534775859992806,dinov2_large+efficientnet_b0+mae_base+vit_b16,
DTD,resmlp,42,9,full,random_011,0.8528679207389273,0.8547872340425532,4,2608,2.4188948319988413,dinov2_large+gabor+siglip_base+swin_t,
DTD,resmlp,42,9,full,random_012,0.7227404650714124,0.722872340425532,4,3604,2.0539132070007327,densenet121+gabor+hog+vit_b16,
DTD,resmlp,42,9,full,random_013,0.8112053263808146,0.8138297872340425,4,3504,2.4725547109992476,densenet121+dinov2_small+gabor+resnet101,
DTD,resmlp,42,9,full,random_014,0.7474605603605535,0.75,4,4936,3.9665116970008967,glcm+lbp+vgg16+vit_b16,
DTD,resmlp,42,9,full,random_015,0.8267625655714752,0.8281914893617022,4,2000,1.9099793360001058,dinov2_small+drlbp+eva02_base+mae_base,
DTD,resmlp,42,9,full,random_016,0.8509868640628674,0.8547872340425532,4,2896,2.802126511000097,dinov2+drlbp+efficientnet_b0+siglip_base,
DTD,resmlp,42,9,full,random_017,0.7919998806723879,0.7952127659574468,4,1968,1.4625794589992438,deit_s+eva02_base+gabor+swin_t,
DTD,resmlp,42,9,full,random_018,0.7249794160767791,0.7292553191489362,4,3382,2.1335184919989842,densenet121+lbp+resnet50+rgb_ngram_svd,
DTD,resmlp,42,9,full,random_019,0.8355961362297877,0.8382978723404255,4,3456,2.9970037729999603,densenet121+dinov2_small+efficientnet_b0+siglip_base,
DTD,resmlp,42,9,full,random_020,0.6513222454133972,0.6537234042553192,4,2886,2.686100841001462,densenet121+drlbp+glcm+hog,
DTD,resmlp,42,9,full,random_021,0.846715272758258,0.8494680851063829,4,3328,2.8386735869989934,densenet121+dinov2+siglip_base+vit_b16,
DTD,resmlp,42,9,full,random_022,0.7240471977256324,0.7281914893617021,4,4854,1.917732870000691,densenet121+glcm+hog+resnet101,
DTD,resmlp,42,9,full,random_023,0.7495130968067989,0.7510638297872341,4,5200,2.666770320998694,convnext_v2_t+drlbp+rgb_ngram_svd+vgg16,
DTD,resmlp,42,9,full,random_024,0.8432888652753823,0.8409574468085106,4,4324,1.729849760000434,densenet121+dinov2+hog+siglip_base,
DTD,resmlp,42,9,full,random_025,0.8391627284863327,0.8409574468085106,4,2194,3.363422868998896,convnext_v2_t+dinov2_large+dinov2_small+glcm,
DTD,resmlp,42,9,full,random_026,0.8186978527160763,0.8223404255319149,4,6682,1.697040635999656,dinov2+hog+lbp+vgg16,
DTD,resmlp,42,9,full,random_027,0.8368618514172659,0.8393617021276596,4,7296,4.3505447059997095,dinov2_small+eva02_base+resnet101+vgg16,
DTD,resmlp,42,9,full,random_028,0.8405653565269099,0.8425531914893617,4,2560,3.2526486200004,deit_s+dinov2_large+dinov2_small+swin_t,
DTD,resmlp,42,9,full,random_029,0.8473666773472225,0.848404255319149,4,2640,2.5561892650002846,dinov2_large+drlbp+mae_base+siglip_base,
DTD,resmlp,42,9,full,random_030,0.8185710679723688,0.8212765957446808,4,5604,2.521683529001166,densenet121+eva02_base+hog+resnet50,
DTD,resmlp,42,9,full,random_031,0.8408358898275453,0.8420212765957447,4,7222,3.691611226000532,dinov2_large+lbp+resnet101+vgg16,
DTD,resmlp,42,9,full,random_032,0.8245689260429063,0.8271276595744681,4,5686,3.0402294179984892,lbp+siglip_base+vgg16+vit_b16,
DTD,resmlp,42,9,full,random_033,0.8029959992912418,0.8058510638297872,4,4196,2.9331888550004805,convnext_v2_t+dinov2_small+efficientnet_b0+hog,
DTD,resmlp,42,9,full,random_034,0.8417132664916921,0.8436170212765958,4,2640,3.118843651998759,convnext_v2_t+dinov2_large+drlbp+eva02_base,
DTD,resmlp,42,9,full,random_035,0.7478076198902174,0.749468085106383,4,3866,2.8118006629993033,efficientnet_b0+hog+lbp+swin_t,
DTD,resmlp,42,9,full,random_036,0.812725145369041,0.8143617021276596,4,1810,1.9351445859992964,eva02_base+glcm+rgb_ngram_svd+vit_b16,
DTD,resmlp,42,9,full,random_037,0.8512832545902619,0.8531914893617021,4,3584,2.148028568999507,densenet121+dinov2_large+eva02_base+vit_b16,
DTD,resmlp,42,9,full,random_038,0.726047522118833,0.726063829787234,4,6708,3.020486333000008,drlbp+hog+vgg16+vit_b16,
DTD,resmlp,42,9,full,random_039,0.8170717952995912,0.8191489361702128,4,3840,3.034449745000529,densenet121+efficientnet_b0+siglip_base+vit_b16,
DTD,resmlp,42,9,full,random_040,0.8145359028576987,0.8170212765957446,4,3968,3.138821515000018,deit_s+eva02_base+mae_base+resnet101,
DTD,resmlp,42,9,full,random_041,0.7009635668567719,0.699468085106383,4,3446,2.2055126289997133,deit_s+efficientnet_b0+glcm+hog,
DTD,resmlp,42,9,full,random_042,0.8308783253142897,0.8335106382978723,4,4864,3.094256577000124,efficientnet_b0+mae_base+resnet101+siglip_base,
DTD,resmlp,42,9,full,random_043,0.8438766626630103,0.8452127659574468,4,3940,2.385774352000226,convnext_v2_t+dinov2_large+dinov2_small+hog,
DTD,resmlp,42,9,full,random_044,0.7908878251644401,0.7930851063829787,4,2276,2.6312740890007262,dinov2_small+drlbp+gabor+hog,
DTD,resmlp,42,9,full,random_045,0.8280061861010699,0.8292553191489361,4,5650,1.4861888400009775,dinov2+glcm+mae_base+vgg16,
DTD,resmlp,42,9,full,random_046,0.7706840914078689,0.7702127659574468,4,5348,2.3855178490011895,convnext_v2_t+hog+mae_base+resnet50,
DTD,resmlp,42,9,full,random_047,0.7518247428919757,0.7547872340425532,4,3840,2.9648999370001548,mae_base+resnet50+rgb_ngram_svd+swin_t,
DTD,resmlp,42,9,full,random_048,0.8214978637169978,0.823936170212766,4,3348,1.5378460609990725,gabor+hog+mae_base+siglip_base,
DTD,resmlp,42,9,full,random_049,0.8333356189233169,0.8351063829787234,4,7936,3.2816516860002594,dinov2_large+resnet101+swin_t+vgg16,
DTD,resmlp,42,9,full,random_050,0.8385855428466253,0.8398936170212766,4,2322,2.9079815029999736,dinov2+glcm+swin_t+vit_b16,
DTD,resmlp,42,9,full,random_051,0.8252736267410938,0.8297872340425532,4,2688,1.229035546999512,deit_s+dinov2+mae_base+swin_t,
DTD,resmlp,42,9,full,random_052,0.843875150436051,0.8473404255319149,4,4068,1.4971639630002755,dinov2+hog+mae_base+siglip_base,
DTD,resmlp,42,9,full,random_053,0.8456192636558433,0.8489361702127659,4,4324,1.9181457730010152,dinov2+dinov2_large+eva02_base+hog,
DTD,resmlp,42,9,full,random_054,0.8301772753610387,0.8313829787234043,4,4580,1.6833420729999489,dinov2+efficientnet_b0+hog+mae_base,
DTD,resmlp,42,9,full,random_055,0.8402013562033096,0.8430851063829787,4,3968,2.588262414001292,dinov2_small+resnet50+siglip_base+swin_t,
DTD,resmlp,42,9,full,random_056,0.8400439856138636,0.8420212765957447,4,4224,2.21849776199997,convnext_v2_t+dinov2_large+dinov2_small+resnet50,
DTD,resmlp,42,9,full,random_057,0.8270205421701621,0.825531914893617,4,4580,2.120650437000222,densenet121+dinov2+dinov2_large+hog,
DTD,resmlp,42,9,full,random_058,0.722089548249831,0.723404255319149,4,3354,2.2546028350006964,hog+lbp+mae_base+swin_t,
DTD,resmlp,42,9,full,random_059,0.8113245860679615,0.8106382978723404,4,1894,2.03928699700009,densenet121+eva02_base+gabor+lbp,
DTD,resmlp,42,9,full,random_060,0.836572442558441,0.8382978723404255,4,7936,2.9778502240005764,convnext_v2_t+dinov2_large+resnet101+vgg16,
DTD,resmlp,42,9,full,random_061,0.8392772933970292,0.8409574468085106,4,3940,1.599487704999774,densenet121+dinov2+dinov2_small+hog,
DTD,resmlp,42,9,full,random_062,0.8552877132563617,0.8574468085106383,4,3584,3.038386365999031,densenet121+dinov2_large+siglip_base+vit_b16,
DTD,resmlp,42,9,full,random_063,0.8311801713897198,0.8335106382978723,4,1634,2.649964797999928,dinov2+drlbp+glcm+swin_t,
DTD,resmlp,42,9,full,random_064,0.7662527434726523,0.7691489361702127,4,8192,4.2370439900005294,efficientnet_b0+resnet101+swin_t+vgg16,
DTD,resmlp,42,9,full,random_065,0.7951037840063581,0.7962765957446809,4,530,2.994968978000543,dinov2_small+drlbp+gabor+glcm,
DTD,resmlp,42,9,full,random_066,0.8270424715505699,0.8297872340425532,4,1602,3.4694490849997237,convnext_v2_t+eva02_base+gabor+glcm,
DTD,resmlp,42,9,full,random_067,0.8190234398537692,0.8202127659574469,4,1144,1.5373450119986956,dinov2_large+gabor+glcm+lbp,
DTD,resmlp,42,9,full,random_068,0.8386747422432463,0.8414893617021276,4,3280,3.5286059620011656,deit_s+dinov2+drlbp+resnet101,
DTD,resmlp,42,9,full,random_069,0.842025163408205,0.8436170212765958,4,6912,3.304554770998948,efficientnet_b0+eva02_base+siglip_base+vgg16,
DTD,resmlp,42,9,full,random_070,0.8074342093290249,0.8058510638297872,4,2882,1.99108682699989,eva02_base+gabor+glcm+resnet101,
DTD,resmlp,42,9,full,random_071,0.7783963884723494,0.7819148936170213,4,4580,3.2223047359984776,convnext_v2_t+efficientnet_b0+hog+vit_b16,
DTD,resmlp,42,9,full,random_072,0.7414672013518915,0.7446808510638298,4,2706,3.460975281001083,deit_s+densenet121+efficientnet_b0+glcm,
DTD,resmlp,42,9,full,random_073,0.846671392931818,0.85,4,3858,3.297706138000649,dinov2+dinov2_large+glcm+resnet50,
DTD,resmlp,42,9,full,random_074,0.7354556621972334,0.7367021276595744,4,5604,1.875607593001405,densenet121+hog+mae_base+resnet50,
DTD,resmlp,42,9,full,random_075,0.8153424164526,0.8180851063829787,4,4224,2.3577702740003588,densenet121+dinov2_small+mae_base+resnet50,
DTD,resmlp,42,9,full,random_076,0.8466575658368625,0.8489361702127659,4,2560,2.097598164000374,dinov2+eva02_base+mae_base+rgb_ngram_svd,
DTD,resmlp,42,9,full,random_077,0.7981320839990382,0.801595744680851,4,1792,2.661360888998388,deit_s+dinov2_small+rgb_ngram_svd+swin_t,
DTD,resmlp,42,9,full,random_078,0.8352872223969786,0.8372340425531914,4,3072,2.675387798999509,eva02_base+siglip_base+swin_t+vit_b16,
DTD,resmlp,42,9,full,random_079,0.7552884667957807,0.7574468085106383,4,2688,4.072530282999651,deit_s+efficientnet_b0+rgb_ngram_svd+vit_b16,
DTD,resmlp,42,9,full,random_080,0.8447783290737494,0.8468085106382979,4,1840,3.1756384809996234,deit_s+dinov2_large+dinov2_small+gabor,
DTD,resmlp,42,9,full,random_081,0.8283178843598901,0.8297872340425532,4,1664,1.95780663000005,drlbp+gabor+siglip_base+swin_t,
DTD,resmlp,42,9,full,random_082,0.7536321008566167,0.7515957446808511,4,4324,2.1165900260002672,densenet121+hog+mae_base+vit_b16,
DTD,resmlp,42,9,full,random_083,0.7065059937396021,0.7069148936170213,4,3556,1.9020331310002803,hog+mae_base+rgb_ngram_svd+vit_b16,
DTD,resmlp,42,9,full,random_084,0.75953623049264,0.7632978723404256,4,3684,1.2994342330002837,convnext_v2_t+deit_s+hog+swin_t,
DTD,resmlp,42,9,full,random_085,0.8393176010851447,0.8414893617021276,4,7186,3.3998438800008444,dinov2_large+glcm+resnet101+vgg16,
DTD,resmlp,42,9,full,random_086,0.82908917491261,0.8308510638297872,4,5192,4.2552593130003515,dinov2_large+glcm+lbp+vgg16,
DTD,resmlp,42,9,full,random_087,0.8128089348151487,0.8138297872340425,4,920,1.6523039449984935,drlbp+glcm+lbp+siglip_base,
DTD,resmlp,42,9,full,random_088,0.7199120545500644,0.722872340425532,4,5092,2.101034086999789,densenet121+hog+resnet101+rgb_ngram_svd,
DTD,resmlp,42,9,full,random_089,0.7317648743348187,0.7308510638297873,4,920,2.136213625999517,convnext_v2_t+drlbp+glcm+lbp,
DTD,resmlp,42,9,full,random_090,0.8353735438413991,0.8372340425531914,4,2944,1.8726053909995244,convnext_v2_t+deit_s+dinov2+dinov2_large,
DTD,resmlp,42,9,full,random_091,0.8322045564366041,0.8345744680851064,4,8960,3.767130255000666,dinov2+resnet101+resnet50+vgg16,
DTD,resmlp,42,9,full,random_092,0.7358932214568626,0.7372340425531915,4,5146,1.5805601100000786,efficientnet_b0+hog+lbp+resnet50,
DTD,resmlp,42,9,full,random_093,0.8147233054790662,0.8175531914893617,4,3968,3.0449461480002356,deit_s+eva02_base+resnet101+vit_b16,
DTD,resmlp,42,9,full,random_094,0.8162332919787821,0.8196808510638298,4,4964,2.4247035080006754,dinov2_small+hog+resnet101+swin_t,
DTD,resmlp,42,9,full,random_095,0.8197175155131422,0.8223404255319149,4,1846,2.9117183330017724,dinov2+lbp+rgb_ngram_svd+swin_t,
DTD,resmlp,42,9,full,random_096,0.8413530229109724,0.8430851063829787,4,4400,3.508595815001172,dinov2_large+efficientnet_b0+gabor+resnet50,
DTD,resmlp,42,9,full,random_097,0.7331235756716271,0.7361702127659574,4,7652,2.3005707249994884,densenet121+hog+swin_t+vgg16,
DTD,resmlp,42,9,full,random_098,0.8037524195477769,0.8058510638297872,4,6884,2.6963121459994,eva02_base+hog+rgb_ngram_svd+vgg16,
DTD,resmlp,42,9,full,random_099,0.8449370864974154,0.8468085106382979,4,3380,1.7920602829999552,dinov2+drlbp+hog+siglip_base,
FMD,resmlp,42,0,full,random_000,0.9100456708851491,0.91,3,6628,1.458809879999535,hog+siglip_base+vgg16,
FMD,resmlp,42,0,full,random_001,0.9406282244480604,0.94,3,4096,1.136272072999418,dinov2+efficientnet_b0+resnet50,
FMD,resmlp,42,0,full,random_002,0.8241712065011167,0.825,3,3120,1.3491375270004937,densenet121+gabor+resnet50,
FMD,resmlp,42,0,full,random_003,0.909419591844436,0.91,3,4912,1.3672937040009856,gabor+siglip_base+vgg16,
FMD,resmlp,42,0,full,random_004,0.9199495026494461,0.92,3,2816,1.2755064209995908,efficientnet_b0+siglip_base+swin_t,
FMD,resmlp,42,0,full,random_005,0.8535790379276363,0.855,3,2512,1.2248144759996649,deit_s+drlbp+resnet101,
FMD,resmlp,42,0,full,random_006,0.8878053446213985,0.89,3,4196,1.3012383420009428,dinov2_small+hog+resnet50,
FMD,resmlp,42,0,full,random_007,0.9244952260590974,0.925,3,2304,1.276562462999209,eva02_base+mae_base+swin_t,
FMD,resmlp,42,0,full,random_008,0.8294025087734971,0.83,3,3120,1.269147711000187,densenet121+gabor+resnet101,
FMD,resmlp,42,0,full,random_009,0.9398342243977675,0.94,3,3840,1.0132494810004573,densenet121+eva02_base+resnet101,
FMD,resmlp,42,0,full,random_010,0.8137597945370283,0.815,3,4498,1.436297595000724,deit_s+glcm+vgg16,
FMD,resmlp,42,0,full,random_011,0.7794448536760307,0.78,3,1122,1.5999965030005114,densenet121+drlbp+glcm,
FMD,resmlp,42,0,full,random_012,0.8780988141461599,0.88,3,3584,1.2617915430000721,convnext_v2_t+resnet101+swin_t,
FMD,resmlp,42,0,full,random_013,0.7404625404625405,0.745,3,2228,1.5934525039992877,deit_s+drlbp+hog,
FMD,resmlp,42,0,full,random_014,0.9397512212659838,0.94,3,2816,1.0316696930003673,efficientnet_b0+mae_base+siglip_base,
FMD,resmlp,42,0,full,random_015,0.929675035995005,0.93,3,1126,0.9065352080015145,dinov2_large+gabor+lbp,
FMD,resmlp,42,0,full,random_016,0.7995687185222068,0.8,3,1346,0.9284441799991328,efficientnet_b0+gabor+glcm,
FMD,resmlp,42,0,full,random_017,0.939649324873972,0.94,3,1616,0.9201252699986071,convnext_v2_t+drlbp+eva02_base,
FMD,resmlp,42,0,full,random_018,0.9545455101167553,0.955,3,1810,1.1106198030011,dinov2_large+glcm+siglip_base,
FMD,resmlp,42,0,full,random_019,0.929119444953848,0.93,3,4836,1.1856543960002455,dinov2_large+hog+resnet101,
FMD,resmlp,42,0,full,random_020,0.9296431803726488,0.93,3,2560,1.164473952998378,convnext_v2_t+densenet121+eva02_base,
FMD,resmlp,42,0,full,random_021,0.9297730752637163,0.93,3,1206,0.9561886849987786,dinov2+dinov2_small+lbp,
FMD,resmlp,42,0,full,random_022,0.8240033876789408,0.825,3,1488,1.610329842000283,deit_s+densenet121+drlbp,
FMD,resmlp,42,0,full,random_023,0.91473616028815,0.915,3,2916,1.2325312600005418,convnext_v2_t+dinov2_small+hog,
FMD,resmlp,42,0,full,random_024,0.860319610013911,0.86,3,1206,1.029942896000648,deit_s+lbp+vit_b16,
FMD,resmlp,42,0,full,random_025,0.8485513991983229,0.85,3,4864,1.2837826979994134,resnet101+resnet50+vit_b16,
FMD,resmlp,42,0,full,random_026,0.8944507907023954,0.895,3,518,0.9737848389995634,dinov2_small+drlbp+lbp,
FMD,resmlp,42,0,full,random_027,0.8703709898186226,0.87,3,3300,1.2898131160000048,convnext_v2_t+hog+mae_base,
FMD,resmlp,42,0,full,random_028,0.8947786447786449,0.895,3,2560,0.8879181790016446,densenet121+siglip_base+swin_t,
FMD,resmlp,42,0,full,random_029,0.8672310866545556,0.87,3,2834,1.1218742199998815,glcm+resnet101+vit_b16,
FMD,resmlp,42,0,full,random_030,0.8834256047507191,0.885,3,1104,1.1267423250010324,convnext_v2_t+drlbp+rgb_ngram_svd,
FMD,resmlp,42,0,full,random_031,0.9595423831624089,0.96,3,1872,0.955279904001145,dinov2_large+drlbp+siglip_base,
FMD,resmlp,42,0,full,random_032,0.9595945697536885,0.96,3,3584,1.00743230199987,dinov2+resnet50+siglip_base,
FMD,resmlp,42,0,full,random_033,0.8753467878468626,0.875,3,3072,0.9507208559989522,densenet121+efficientnet_b0+vit_b16,
FMD,resmlp,42,0,full,random_034,0.9196619186827265,0.92,3,1042,1.1473104630003945,dinov2+glcm+rgb_ngram_svd,
FMD,resmlp,42,0,full,random_035,0.8444555307021122,0.845,3,2870,1.2013068420001218,lbp+resnet101+vit_b16,
FMD,resmlp,42,0,full,random_036,0.6747212401483269,0.675,3,834,1.0086202649999905,gabor+glcm+mae_base,
FMD,resmlp,42,0,full,random_037,0.9297392872424967,0.93,3,2384,1.0704794220000622,dinov2_large+drlbp+efficientnet_b0,
FMD,resmlp,42,0,full,random_038,0.8384644784219374,0.84,3,3072,1.2327654390010139,resnet101+rgb_ngram_svd+swin_t,
FMD,resmlp,42,0,full,random_039,0.8479015478087917,0.85,3,2550,1.6550461480001104,glcm+hog+swin_t,
FMD,resmlp,42,0,full,random_040,0.8355572010397037,0.835,3,3090,1.5053414289995999,densenet121+glcm+resnet101,
FMD,resmlp,42,0,full,random_041,0.9297451261558496,0.93,3,2896,0.9577074289991288,drlbp+eva02_base+resnet50,
FMD,resmlp,42,0,full,random_042,0.9148233464022939,0.915,3,3840,0.9665429340002447,convnext_v2_t+dinov2_large+resnet101,
FMD,resmlp,42,0,full,random_043,0.924787144334268,0.925,3,1200,1.1198827169992,convnext_v2_t+dinov2_small+gabor,
FMD,resmlp,42,0,full,random_044,0.6400011670728706,0.64,3,2550,1.5141547639996134,glcm+hog+mae_base,
FMD,resmlp,42,0,full,random_045,0.9447274364013177,0.945,3,2176,0.8858784029998787,dinov2_large+dinov2_small+eva02_base,
FMD,resmlp,42,0,full,random_046,0.8296582800132372,0.83,3,1078,1.0410922760001995,lbp+rgb_ngram_svd+swin_t,
FMD,resmlp,42,0,full,random_047,0.9048891694527125,0.905,3,6912,1.3131785089990444,resnet50+siglip_base+vgg16,
FMD,resmlp,42,0,full,random_048,0.8802102487596712,0.88,3,5120,1.6813475290000497,rgb_ngram_svd+siglip_base+vgg16,
FMD,resmlp,42,0,full,random_049,0.9297451261558496,0.93,3,2896,0.9815185670013307,drlbp+eva02_base+resnet50,
FMD,resmlp,42,0,full,random_050,0.7920266939243266,0.795,3,2870,1.402425738000602,lbp+mae_base+resnet50,
FMD,resmlp,42,0,full,random_051,0.8604805334207459,0.86,3,4096,1.1415087309997034,efficientnet_b0+resnet101+vit_b16,
FMD,resmlp,42,0,full,random_052,0.9300402688377731,0.93,3,2560,1.5220694380004716,densenet121+mae_base+siglip_base,
FMD,resmlp,42,0,full,random_053,0.9499530486629333,0.95,3,3300,1.4219781400006468,dinov2+hog+swin_t,
FMD,resmlp,42,0,full,random_054,0.9398011991015842,0.94,3,5632,1.342205726999964,dinov2+siglip_base+vgg16,
FMD,resmlp,42,0,full,random_055,0.8897719360941441,0.89,3,6912,1.6127062480009045,eva02_base+resnet50+vgg16,
FMD,resmlp,42,0,full,random_056,0.9396433038580098,0.94,3,1206,0.8736736459995882,dinov2_small+lbp+siglip_base,
FMD,resmlp,42,0,full,random_057,0.9350511768932821,0.935,3,2432,1.0590883049990225,densenet121+dinov2_large+dinov2_small,
FMD,resmlp,42,0,full,random_058,0.9053431090529938,0.905,3,6912,1.615329186000963,resnet101+siglip_base+vgg16,
FMD,resmlp,42,0,full,random_059,0.8496922662176267,0.85,3,3584,2.231579959001465,mae_base+resnet101+swin_t,
FMD,resmlp,42,0,full,random_060,0.8285152523769416,0.83,3,2688,1.6040118239998264,deit_s+resnet101+rgb_ngram_svd,
FMD,resmlp,42,0,full,random_061,0.939606393906779,0.94,3,2304,1.1481223160008085,convnext_v2_t+dinov2+eva02_base,
FMD,resmlp,42,0,full,random_062,0.8783376812481615,0.88,3,1616,1.2248397620005562,convnext_v2_t+drlbp+swin_t,
FMD,resmlp,42,0,full,random_063,0.8035068236441234,0.805,3,4068,2.295954699999129,hog+resnet101+rgb_ngram_svd,
FMD,resmlp,42,0,full,random_064,0.8393317273379667,0.84,3,5632,1.400783337001485,mae_base+vgg16+vit_b16,
FMD,resmlp,42,0,full,random_065,0.9194684028161653,0.92,3,1090,1.1354073960010282,dinov2_large+gabor+glcm,
FMD,resmlp,42,0,full,random_066,0.9397710975374647,0.94,3,3072,0.7660131209995598,dinov2_large+efficientnet_b0+siglip_base,
FMD,resmlp,42,0,full,random_067,0.7941002174530549,0.795,3,1200,1.4816960729986022,deit_s+gabor+mae_base,
FMD,resmlp,42,0,full,random_068,0.8245206367029217,0.825,3,3152,1.2652095569992525,densenet121+drlbp+resnet101,
FMD,resmlp,42,0,full,random_069,0.9035574692185733,0.905,3,1200,1.0314390349994937,convnext_v2_t+deit_s+gabor,
FMD,resmlp,42,0,full,random_070,0.8888301142473158,0.89,3,1170,1.2079618089992437,dinov2_small+glcm+mae_base,
FMD,resmlp,42,0,full,random_071,0.9396652748193184,0.94,3,3200,1.0031603560000804,dinov2_small+resnet101+siglip_base,
FMD,resmlp,42,0,full,random_072,0.9349162241267504,0.935,3,2560,0.8141222260001086,dinov2_large+mae_base+swin_t,
FMD,resmlp,42,0,full,random_073,0.8035068236441234,0.805,3,4068,1.5265370470006019,hog+resnet101+rgb_ngram_svd,
FMD,resmlp,42,0,full,random_074,0.9296170995836637,0.93,3,1920,1.1131356869991578,deit_s+dinov2+swin_t,
FMD,resmlp,42,0,full,random_075,0.8906907564996349,0.89,3,5632,1.4740256700006285,dinov2+mae_base+vgg16,
FMD,resmlp,42,0,full,random_076,0.8996883483083741,0.9,3,5632,1.384065816000657,eva02_base+mae_base+vgg16,
FMD,resmlp,42,0,full,random_077,0.8458139537986987,0.845,3,4096,1.1318663790007122,efficientnet_b0+resnet50+swin_t,
FMD,resmlp,42,0,full,random_078,0.874202162481631,0.875,3,2550,1.194690043999799,convnext_v2_t+glcm+hog,
FMD,resmlp,42,0,full,random_079,0.9093259977777995,0.91,3,2304,1.070101462000821,densenet121+dinov2_large+rgb_ngram_svd,
FMD,resmlp,42,0,full,random_080,0.8886097811029895,0.89,3,3300,1.5989948070000537,convnext_v2_t+hog+vit_b16,
FMD,resmlp,42,0,full,random_081,0.7664547363384573,0.77,3,4162,1.706758036998508,gabor+glcm+vgg16,
FMD,resmlp,42,0,full,random_082,0.7664547363384573,0.77,3,4162,1.9122963049994723,gabor+glcm+vgg16,
FMD,resmlp,42,0,full,random_083,0.81507902350336,0.815,3,1206,1.9789982509992115,deit_s+lbp+mae_base,
FMD,resmlp,42,0,full,random_084,0.9498001582661402,0.95,3,3152,1.2197611409992533,dinov2_large+drlbp+resnet50,
FMD,resmlp,42,0,full,random_085,0.8255306946555416,0.825,3,5430,1.5786617810008465,efficientnet_b0+lbp+vgg16,
FMD,resmlp,42,0,full,random_086,0.9045627283226173,0.905,3,2816,1.1328145030001906,deit_s+dinov2_small+resnet101,
FMD,resmlp,42,0,full,random_087,0.9299921555492204,0.93,3,3584,0.948418366999249,dinov2+resnet101+vit_b16,
FMD,resmlp,42,0,full,random_088,0.8774162363650536,0.88,3,1792,1.1252887159989768,convnext_v2_t+mae_base+rgb_ngram_svd,
FMD,resmlp,42,0,full,random_089,0.8383605726651373,0.84,3,3300,1.4939505010006542,hog+mae_base+vit_b16,
FMD,resmlp,42,0,full,random_090,0.7925857262650109,0.795,3,486,1.1261092300010205,deit_s+gabor+lbp,
FMD,resmlp,42,0,full,random_091,0.9243635516137532,0.925,3,2868,1.7626406869985658,dinov2_large+drlbp+hog,
FMD,resmlp,42,0,full,random_092,0.9298611113758739,0.93,3,4096,0.9131518610010971,efficientnet_b0+resnet50+siglip_base,
FMD,resmlp,42,0,full,random_093,0.9396652748193184,0.94,3,3200,0.8849216359994898,dinov2_small+resnet101+siglip_base,
FMD,resmlp,42,0,full,random_094,0.7840852150521674,0.785,3,3866,1.669472081001004,hog+lbp+resnet50,
FMD,resmlp,42,0,full,random_095,0.835035002599262,0.835,3,1920,1.37583675300084,deit_s+mae_base+vit_b16,
FMD,resmlp,42,0,full,random_096,0.9595945697536885,0.96,3,3584,1.0684432150010252,dinov2+resnet50+siglip_base,
FMD,resmlp,42,0,full,random_097,0.9394343955319563,0.94,3,2304,1.0397077439993154,dinov2+eva02_base+mae_base,
FMD,resmlp,42,0,full,random_098,0.5847745632262805,0.58,3,2612,0.9795638369996595,drlbp+hog+mae_base,
FMD,resmlp,42,0,full,random_099,0.9246663938127353,0.925,3,1616,1.528728905999742,drlbp+eva02_base+mae_base,
FMD,resmlp,42,1,full,random_000,0.7432440434470546,0.75,2,640,1.0187351540007512,deit_s+rgb_ngram_svd,
FMD,resmlp,42,1,full,random_001,0.7925545401495617,0.795,2,5860,1.7872733820004214,hog+vgg16,
FMD,resmlp,42,1,full,random_002,0.9344715447154472,0.935,2,2532,1.2974645009999222,dinov2+hog,
FMD,resmlp,42,1,full,random_003,0.9354631750235833,0.935,2,432,1.081392785999924,dinov2_small+gabor,
FMD,resmlp,42,1,full,random_004,0.8688079281839917,0.87,2,1536,1.1359590419997403,convnext_v2_t+mae_base,
FMD,resmlp,42,1,full,random_005,0.7406753606753608,0.74,2,816,1.3283968880004977,gabor+mae_base,
FMD,resmlp,42,1,full,random_006,0.8644527372383599,0.865,2,1024,0.8281751080012327,convnext_v2_t+rgb_ngram_svd,
FMD,resmlp,42,1,full,random_007,0.9699120207514987,0.97,2,1536,0.8707950050011277,convnext_v2_t+siglip_base,
FMD,resmlp,42,1,full,random_008,0.9344715447154472,0.935,2,2532,1.8989170940003532,dinov2+hog,
FMD,resmlp,42,1,full,random_009,0.8858916455257919,0.885,2,822,0.9704906599999958,lbp+swin_t,
FMD,resmlp,42,1,full,random_010,0.9899937460913073,0.99,2,1536,1.0425072830003046,mae_base+siglip_base,
FMD,resmlp,42,1,full,random_011,0.8124315573073672,0.815,2,1536,1.0777714680007193,efficientnet_b0+rgb_ngram_svd,
FMD,resmlp,42,1,full,random_012,0.8533102007107141,0.855,2,2432,1.5596092359992326,deit_s+resnet101,
FMD,resmlp,42,1,full,random_013,0.8849255014723564,0.885,2,1152,1.0451986360003502,convnext_v2_t+deit_s,
FMD,resmlp,42,1,full,random_014,0.9344943172799398,0.935,2,1152,0.9753933560004953,dinov2_small+swin_t,
FMD,resmlp,42,1,full,random_015,0.2676676442189772,0.27,2,336,0.7057041820007726,drlbp+rgb_ngram_svd,
FMD,resmlp,42,1,full,random_016,0.8851604172464249,0.885,2,3328,1.0578016679992288,efficientnet_b0+resnet101,
FMD,resmlp,42,1,full,random_017,0.8611581919888195,0.865,2,3072,1.171745800998906,densenet121+resnet50,
FMD,resmlp,42,1,full,random_018,0.7982199463105217,0.8,2,402,0.9515414710003824,deit_s+glcm,
FMD,resmlp,42,1,full,random_019,0.2698708770257292,0.29,2,66,1.4214692030000151,gabor+glcm,
FMD,resmlp,42,1,full,random_020,0.8849255014723564,0.885,2,1152,0.9376216519995069,convnext_v2_t+deit_s,
FMD,resmlp,42,1,full,random_021,0.8540690161357685,0.855,2,2066,1.4433379960009916,glcm+resnet101,
FMD,resmlp,42,1,full,random_022,0.7797643225599293,0.785,2,4150,1.235440305001248,lbp+vgg16,
FMD,resmlp,42,1,full,random_023,0.8852246482541734,0.885,2,1152,1.0154787709998345,deit_s+swin_t,
FMD,resmlp,42,1,full,random_024,0.9748503528991334,0.975,2,2048,0.9800064949995431,densenet121+dinov2_large,
FMD,resmlp,42,1,full,random_025,0.9598404783064604,0.96,2,2304,0.804586965999988,dinov2_large+efficientnet_b0,
FMD,resmlp,42,1,full,random_026,0.9544054224349473,0.955,2,848,0.748952741998437,drlbp+eva02_base,
FMD,resmlp,42,1,full,random_027,0.9647404627892431,0.965,2,2816,1.012389350000376,dinov2+resnet50,
FMD,resmlp,42,1,full,random_028,0.9044950789495078,0.905,2,4864,1.0869041939986346,vgg16+vit_b16,
FMD,resmlp,42,1,full,random_029,0.7875721875246416,0.79,2,432,1.3609971109999606,deit_s+gabor,
FMD,resmlp,42,1,full,random_030,0.8743977698855747,0.875,2,3328,1.453897749999669,efficientnet_b0+resnet50,
FMD,resmlp,42,1,full,random_031,0.2676676442189772,0.27,2,336,0.7593324890003714,drlbp+rgb_ngram_svd,
FMD,resmlp,42,1,full,random_032,0.9398289109264718,0.94,2,816,1.0479866539990326,dinov2+gabor,
FMD,resmlp,42,1,full,random_033,0.9748556663704289,0.975,2,1536,0.9509615240003768,eva02_base+vit_b16,
FMD,resmlp,42,1,full,random_034,0.9750906346541777,0.975,2,848,0.9575476129994058,drlbp+siglip_base,
FMD,resmlp,42,1,full,random_035,0.2698708770257292,0.29,2,66,1.266510235000169,gabor+glcm,
FMD,resmlp,42,1,full,random_036,0.9353947387557859,0.935,2,2148,1.5198324140001205,dinov2_small+hog,
FMD,resmlp,42,1,full,random_037,0.6985981317688634,0.7,2,822,0.8785914250001952,lbp+mae_base,
FMD,resmlp,42,1,full,random_038,0.6779098402536257,0.68,2,848,0.6383919969994167,drlbp+mae_base,
FMD,resmlp,42,1,full,random_039,0.9446435176730427,0.945,2,1152,0.9208857420017011,convnext_v2_t+dinov2_small,
FMD,resmlp,42,1,full,random_040,0.9700973822925043,0.97,2,1042,1.04051320599865,dinov2_large+glcm,
FMD,resmlp,42,1,full,random_041,0.9344715447154472,0.935,2,2532,1.3182634080003481,dinov2+hog,
FMD,resmlp,42,1,full,random_042,0.9403345370932021,0.94,2,464,0.9352701360003266,dinov2_small+drlbp,
FMD,resmlp,42,1,full,random_043,0.8751860420281472,0.875,2,2816,1.4695847969996976,mae_base+resnet101,
FMD,resmlp,42,1,full,random_044,0.8220666173757495,0.825,2,4864,1.4945583129992883,mae_base+vgg16,
FMD,resmlp,42,1,full,random_045,0.9601973978097214,0.96,2,1792,0.9107936330001394,convnext_v2_t+dinov2_large,
FMD,resmlp,42,1,full,random_046,0.19833222333855444,0.19,2,1782,1.2136621190002188,glcm+hog,
FMD,resmlp,42,1,full,random_047,0.8723743826510448,0.875,2,822,1.437749722999797,lbp+vit_b16,
FMD,resmlp,42,1,full,random_048,0.9446012856795912,0.945,2,1408,0.864956458000961,deit_s+dinov2_large,
FMD,resmlp,42,1,full,random_049,0.9547158938622353,0.955,2,1536,1.0016753769996285,dinov2+swin_t,
FMD,resmlp,42,1,full,random_050,0.8688079281839917,0.87,2,1536,1.4174318820005283,convnext_v2_t+mae_base,
FMD,resmlp,42,1,full,random_051,0.8996810193087471,0.9,2,1792,1.5464690369990421,convnext_v2_t+densenet121,
FMD,resmlp,42,1,full,random_052,0.9746909627397432,0.975,2,2816,1.2925583539999934,resnet50+siglip_base,
FMD,resmlp,42,1,full,random_053,0.9648900850492039,0.965,2,1152,0.8567096870010573,deit_s+siglip_base,
FMD,resmlp,42,1,full,random_054,0.9497921245147861,0.95,2,822,0.9925516240000434,dinov2+lbp,
FMD,resmlp,42,1,full,random_055,0.8220666173757495,0.825,2,4864,1.663988550000795,mae_base+vgg16,
FMD,resmlp,42,1,full,random_056,0.8540690161357685,0.855,2,2066,1.4353373829999327,glcm+resnet101,
FMD,resmlp,42,1,full,random_057,0.8539692113504694,0.855,2,2096,1.3477880939990428,gabor+resnet101,
FMD,resmlp,42,1,full,random_058,0.9138413794860641,0.915,2,2048,1.0583770339999319,efficientnet_b0+vit_b16,
FMD,resmlp,42,1,full,random_059,0.8846858894760199,0.885,2,2048,0.904157838998799,efficientnet_b0+swin_t,
FMD,resmlp,42,1,full,random_060,0.832150019658304,0.835,2,2304,1.0024690629998076,resnet101+rgb_ngram_svd,
FMD,resmlp,42,1,full,random_061,0.9346992716312357,0.935,2,1024,1.1221464940008445,dinov2+rgb_ngram_svd,
FMD,resmlp,42,1,full,random_062,0.8320343451432803,0.835,2,4480,1.4345011850000446,deit_s+vgg16,
FMD,resmlp,42,1,full,random_063,0.9299107429595234,0.93,2,640,0.9814132289993722,dinov2_small+rgb_ngram_svd,
FMD,resmlp,42,1,full,random_064,0.8842976926514258,0.885,2,816,1.1544450759993197,gabor+vit_b16,
FMD,resmlp,42,1,full,random_065,0.8578933952312167,0.86,2,4864,1.131053567998606,swin_t+vgg16,
FMD,resmlp,42,1,full,random_066,0.23182540200610893,0.24,2,1812,1.092432118999568,gabor+hog,
FMD,resmlp,42,1,full,random_067,0.8011502424701851,0.805,2,3044,1.4239661260016874,efficientnet_b0+hog,
FMD,resmlp,42,1,full,random_068,0.9748306037137873,0.975,2,1104,0.9203802419997373,dinov2_large+drlbp,
FMD,resmlp,42,1,full,random_069,0.9601973978097214,0.96,2,1792,0.9354224079997948,convnext_v2_t+dinov2_large,
FMD,resmlp,42,1,full,random_070,0.8804895595117108,0.88,2,2532,1.5072483740004827,hog+swin_t,
FMD,resmlp,42,1,full,random_071,0.784861349338537,0.785,2,464,0.569493839999268,deit_s+drlbp,
FMD,resmlp,42,1,full,random_072,0.7875721875246416,0.79,2,432,1.0974319859997195,deit_s+gabor,
FMD,resmlp,42,1,full,random_073,0.9132072370813153,0.915,2,2816,1.1303922810002405,resnet50+vit_b16,
FMD,resmlp,42,1,full,random_074,0.9598404783064604,0.96,2,2304,0.9115390560000378,dinov2_large+efficientnet_b0,
FMD,resmlp,42,1,full,random_075,0.8804895595117108,0.88,2,2532,1.4175937500003783,hog+swin_t,
FMD,resmlp,42,1,full,random_076,0.2676676442189772,0.27,2,336,0.634163102000457,drlbp+rgb_ngram_svd,
FMD,resmlp,42,1,full,random_077,0.8220666173757495,0.825,2,4864,1.5313699930011353,mae_base+vgg16,
FMD,resmlp,42,1,full,random_078,0.2794543818158703,0.29,2,274,0.8618822429998545,glcm+rgb_ngram_svd,
FMD,resmlp,42,1,full,random_079,0.8412626114562988,0.845,2,6144,1.490967001998797,resnet101+vgg16,
FMD,resmlp,42,1,full,random_080,0.8134734203428741,0.815,2,1298,1.2487620339998102,efficientnet_b0+glcm,
FMD,resmlp,42,1,full,random_081,0.8937427469172103,0.895,2,2048,1.2254293740006688,convnext_v2_t+efficientnet_b0,
FMD,resmlp,42,1,full,random_082,0.8540690161357685,0.855,2,2066,1.3717370369995479,glcm+resnet101,
FMD,resmlp,42,1,full,random_083,0.8145088905795088,0.82,2,3812,1.4925127599999541,hog+resnet50,
FMD,resmlp,42,1,full,random_084,0.8897733310762834,0.89,2,2532,1.4108870010004466,convnext_v2_t+hog,
FMD,resmlp,42,1,full,random_085,0.9799686834346654,0.98,2,1536,0.7874231780006085,eva02_base+siglip_base,
FMD,resmlp,42,1,full,random_086,0.3643272402319482,0.37,2,310,1.0253592429999117,lbp+rgb_ngram_svd,
FMD,resmlp,42,1,full,random_087,0.8460975459926112,0.85,2,5376,1.4445384070004366,efficientnet_b0+vgg16,
FMD,resmlp,42,1,full,random_088,0.5182380168735704,0.53,2,1024,1.1582394910001312,mae_base+rgb_ngram_svd,
FMD,resmlp,42,1,full,random_089,0.9695893815213456,0.97,2,1536,1.0178906740002276,eva02_base+mae_base,
FMD,resmlp,42,1,full,random_090,0.8539692113504694,0.855,2,2096,1.061120876998757,gabor+resnet101,
FMD,resmlp,42,1,full,random_091,0.8843165028242795,0.885,2,1536,0.9987076060006075,convnext_v2_t+swin_t,
FMD,resmlp,42,1,full,random_092,0.9493209101553131,0.95,2,848,0.8493712819999928,dinov2+drlbp,
FMD,resmlp,42,1,full,random_093,0.8678738605567874,0.87,2,1152,1.2735692740006925,deit_s+vit_b16,
FMD,resmlp,42,1,full,random_094,0.9901098901098901,0.99,2,1792,1.1149935630000982,densenet121+siglip_base,
FMD,resmlp,42,1,full,random_095,0.9354245155785591,0.935,2,1408,1.093577195000762,densenet121+dinov2_small,
FMD,resmlp,42,1,full,random_096,0.9549534953706968,0.955,2,4864,1.3784410579992254,dinov2+vgg16,
FMD,resmlp,42,1,full,random_097,0.9599754310729921,0.96,2,2816,0.9672167600001558,eva02_base+resnet50,
FMD,resmlp,42,1,full,random_098,0.8348185430300772,0.835,2,2788,1.2386395289995562,densenet121+hog,
FMD,resmlp,42,1,full,random_099,0.8751860420281472,0.875,2,2816,1.5064529190003668,mae_base+resnet101,
FMD,resmlp,42,2,full,random_000,0.9600686989518825,0.96,5,4918,1.0462975179998466,densenet121+dinov2_large+lbp+resnet101+vit_b16,
FMD,resmlp,42,2,full,random_001,0.95521620655767,0.955,5,3712,1.0430439980009396,convnext_v2_t+deit_s+dinov2+dinov2_large+swin_t,
FMD,resmlp,42,2,full,random_002,0.979855666370429,0.98,5,3912,0.9877313010001672,dinov2_large+glcm+lbp+resnet50+siglip_base,
FMD,resmlp,42,2,full,random_003,0.9502251407129456,0.95,5,7296,1.2977890360016318,deit_s+densenet121+dinov2_large+eva02_base+vgg16,
FMD,resmlp,42,2,full,random_004,0.9043523759877463,0.905,5,3884,1.5053409679985634,efficientnet_b0+glcm+hog+lbp+vit_b16,
FMD,resmlp,42,2,full,random_005,0.965195995355114,0.965,5,3376,1.1325900940009888,convnext_v2_t+densenet121+eva02_base+gabor+siglip_base,
FMD,resmlp,42,2,full,random_006,0.9099779543681983,0.91,5,7168,1.321848740999485,efficientnet_b0+rgb_ngram_svd+siglip_base+swin_t+vgg16,
FMD,resmlp,42,2,full,random_007,0.965218393074619,0.965,5,5504,1.0464975009999762,dinov2_large+dinov2_small+efficientnet_b0+resnet101+siglip_base,
FMD,resmlp,42,2,full,random_008,0.8848232118226447,0.885,5,8240,1.2195148459995835,convnext_v2_t+efficientnet_b0+gabor+resnet101+vgg16,
FMD,resmlp,42,2,full,random_009,0.9196229468180688,0.92,5,3764,1.1989390870003263,convnext_v2_t+dinov2_small+drlbp+hog+mae_base,
FMD,resmlp,42,2,full,random_010,0.9450776331071582,0.945,5,4944,1.042357031001302,drlbp+efficientnet_b0+eva02_base+mae_base+resnet50,
FMD,resmlp,42,2,full,random_011,0.9353273703957348,0.935,5,4736,1.0947810340003343,deit_s+dinov2+mae_base+resnet50+swin_t,
FMD,resmlp,42,2,full,random_012,0.9602005247640678,0.96,5,5376,1.0244358099989768,convnext_v2_t+dinov2_large+eva02_base+resnet101+swin_t,
FMD,resmlp,42,2,full,random_013,0.9404467858639874,0.94,5,4406,0.9438751390007383,convnext_v2_t+dinov2+lbp+resnet101+vit_b16,
FMD,resmlp,42,2,full,random_014,0.9399602430090235,0.94,5,7908,1.3581369100011216,dinov2_large+hog+rgb_ngram_svd+vgg16+vit_b16,
FMD,resmlp,42,2,full,random_015,0.9092879560260222,0.91,5,3718,1.0946067950008,convnext_v2_t+drlbp+lbp+resnet101+swin_t,
FMD,resmlp,42,2,full,random_016,0.9357646127841968,0.935,5,6608,0.9683817620007176,dinov2+dinov2_small+drlbp+efficientnet_b0+vgg16,
FMD,resmlp,42,2,full,random_017,0.9398376961791597,0.94,5,3986,0.8932044429984671,deit_s+dinov2+glcm+mae_base+resnet50,
FMD,resmlp,42,2,full,random_018,0.9751036362011971,0.975,5,5376,1.0335046090003743,convnext_v2_t+dinov2_large+mae_base+resnet50+siglip_base,
FMD,resmlp,42,2,full,random_019,0.9650875076998311,0.965,5,6656,0.869274676000714,dinov2+dinov2_large+resnet101+resnet50+siglip_base,
FMD,resmlp,42,2,full,random_020,0.8651264789881681,0.865,5,7984,1.5583755710013065,densenet121+gabor+mae_base+resnet101+vgg16,
FMD,resmlp,42,2,full,random_021,0.9651094434021263,0.965,5,4242,0.979044335999788,deit_s+dinov2_large+eva02_base+glcm+resnet50,
FMD,resmlp,42,2,full,random_022,0.939783446610476,0.94,5,6144,1.0418081879997771,dinov2_large+mae_base+resnet101+resnet50+rgb_ngram_svd,
FMD,resmlp,42,2,full,random_023,0.965540853748753,0.965,5,4864,0.8697141659995395,dinov2+dinov2_large+resnet50+rgb_ngram_svd+vit_b16,
FMD,resmlp,42,2,full,random_024,0.9549120207514987,0.955,5,3152,0.9806964809995407,convnext_v2_t+drlbp+eva02_base+siglip_base+vit_b16,
FMD,resmlp,42,2,full,random_025,0.9400485347711964,0.94,5,4688,1.1807568590011215,convnext_v2_t+dinov2_large+drlbp+resnet101+swin_t,
FMD,resmlp,42,2,full,random_026,0.9599682367269018,0.96,5,6372,1.5793595459981589,densenet121+eva02_base+hog+mae_base+resnet101,
FMD,resmlp,42,2,full,random_027,0.9552125858736898,0.955,5,4864,0.9979109509986301,deit_s+dinov2_small+efficientnet_b0+resnet50+siglip_base,
FMD,resmlp,42,2,full,random_028,0.9451335407804644,0.945,5,3474,0.8904643489986483,dinov2_small+glcm+resnet101+rgb_ngram_svd+swin_t,
FMD,resmlp,42,2,full,random_029,0.8540290426777979,0.855,5,6802,1.3464946310014057,deit_s+glcm+resnet50+rgb_ngram_svd+vgg16,
FMD,resmlp,42,2,full,random_030,0.9306277089203918,0.93,5,6992,1.6488283079997927,drlbp+efficientnet_b0+eva02_base+mae_base+vgg16,
FMD,resmlp,42,2,full,random_031,0.9549651097725553,0.955,5,2498,1.0949543210008414,deit_s+efficientnet_b0+eva02_base+gabor+glcm,
FMD,resmlp,42,2,full,random_032,0.9603085657115867,0.96,5,3456,0.8517081310019421,dinov2+dinov2_small+eva02_base+siglip_base+swin_t,
FMD,resmlp,42,2,full,random_033,0.9143584459466478,0.915,5,4918,1.3176035920005233,convnext_v2_t+efficientnet_b0+lbp+resnet50+vit_b16,
FMD,resmlp,42,2,full,random_034,0.8843692292642945,0.885,5,5010,1.2046947950002505,drlbp+gabor+glcm+vgg16+vit_b16,
FMD,resmlp,42,2,full,random_035,0.9599088937971525,0.96,5,2768,0.9689475440027309,dinov2_small+drlbp+eva02_base+siglip_base+vit_b16,
FMD,resmlp,42,2,full,random_036,0.9452243724194943,0.945,5,2742,0.8873932149981556,convnext_v2_t+dinov2+dinov2_small+lbp+mae_base,
FMD,resmlp,42,2,full,random_037,0.9502041454480479,0.95,5,5348,1.3724890849989606,densenet121+dinov2_large+hog+mae_base+swin_t,
FMD,resmlp,42,2,full,random_038,0.95521620655767,0.955,5,3840,1.3941369299973303,deit_s+densenet121+dinov2_small+efficientnet_b0+siglip_base,
FMD,resmlp,42,2,full,random_039,0.9550655719975361,0.955,5,4432,1.2502161330012314,drlbp+eva02_base+resnet50+siglip_base+swin_t,
FMD,resmlp,42,2,full,random_040,0.9549463010246064,0.955,5,5622,1.575807535999047,densenet121+eva02_base+glcm+hog+resnet101,
FMD,resmlp,42,2,full,random_041,0.9188488562737003,0.92,5,5012,1.3155647339990537,convnext_v2_t+dinov2_small+gabor+hog+resnet50,
FMD,resmlp,42,2,full,random_042,0.960344411685875,0.96,5,5120,1.0938792990018555,eva02_base+mae_base+resnet50+siglip_base+swin_t,
FMD,resmlp,42,2,full,random_043,0.9650875076998311,0.965,5,3200,1.048072031000629,deit_s+dinov2+dinov2_large+rgb_ngram_svd+swin_t,
FMD,resmlp,42,2,full,random_044,0.9849906191369605,0.985,5,2662,2.151375485002063,dinov2+dinov2_large+gabor+lbp+siglip_base,
FMD,resmlp,42,2,full,random_045,0.9699686834346654,0.97,5,2614,1.0719800910010235,eva02_base+lbp+rgb_ngram_svd+siglip_base+swin_t,
FMD,resmlp,42,2,full,random_046,0.9453448335527327,0.945,5,4608,1.025389817001269,convnext_v2_t+eva02_base+mae_base+resnet101+rgb_ngram_svd,
FMD,resmlp,42,2,full,random_047,0.9094816680866178,0.91,5,2048,0.8697802800015779,convnext_v2_t+deit_s+drlbp+gabor+vit_b16,
FMD,resmlp,42,2,full,random_048,0.8651858637031937,0.865,5,7014,1.3592417350009782,gabor+lbp+resnet50+swin_t+vgg16,
FMD,resmlp,42,2,full,random_049,0.9603116926659334,0.96,5,3504,1.0327188829978695,dinov2+dinov2_small+gabor+resnet50+rgb_ngram_svd,
FMD,resmlp,42,2,full,random_050,0.9297777279856272,0.93,5,3280,0.828069333001622,deit_s+dinov2+drlbp+efficientnet_b0+swin_t,
FMD,resmlp,42,2,full,random_051,0.94571150501189,0.945,5,2706,0.8566065300001355,dinov2_small+glcm+mae_base+siglip_base+swin_t,
FMD,resmlp,42,2,full,random_052,0.9451772019166114,0.945,5,4452,1.5175431389980076,dinov2_small+eva02_base+hog+mae_base+swin_t,
FMD,resmlp,42,2,full,random_053,0.9849937460913072,0.985,5,4608,1.2173983079992468,dinov2+dinov2_large+efficientnet_b0+mae_base+siglip_base,
FMD,resmlp,42,2,full,random_054,0.9257450827646666,0.925,5,7680,1.2004080359984073,dinov2+efficientnet_b0+swin_t+vgg16+vit_b16,
FMD,resmlp,42,2,full,random_055,0.9450405093408945,0.945,5,3280,0.7840907909994712,convnext_v2_t+deit_s+drlbp+efficientnet_b0+eva02_base,
FMD,resmlp,42,2,full,random_056,0.9600964418551067,0.96,5,1474,0.8797208380019583,deit_s+dinov2+gabor+glcm+rgb_ngram_svd,
FMD,resmlp,42,2,full,random_057,0.8699095614028296,0.87,5,6978,1.3474738640034047,gabor+glcm+resnet50+vgg16+vit_b16,
FMD,resmlp,42,2,full,random_058,0.9399163022847234,0.94,5,3894,0.9552250759988965,convnext_v2_t+lbp+resnet101+rgb_ngram_svd+siglip_base,
FMD,resmlp,42,2,full,random_059,0.8854846054846055,0.885,5,3632,1.0771598360006465,convnext_v2_t+efficientnet_b0+gabor+mae_base+swin_t,
FMD,resmlp,42,2,full,random_060,0.9649624295259726,0.965,5,4352,1.1126563239995448,densenet121+dinov2+dinov2_large+mae_base+vit_b16,
FMD,resmlp,42,2,full,random_061,0.9699655564803189,0.97,5,3408,0.9403028619999532,densenet121+dinov2+drlbp+mae_base+siglip_base,
FMD,resmlp,42,2,full,random_062,0.9500317537416383,0.95,5,4688,1.4338303280019318,densenet121+drlbp+eva02_base+resnet101+swin_t,
FMD,resmlp,42,2,full,random_063,0.9452438775981182,0.945,5,5632,0.9161113150003075,dinov2+efficientnet_b0+resnet101+siglip_base+vit_b16,
FMD,resmlp,42,2,full,random_064,0.9549120207514987,0.955,5,4122,1.0680150180014607,dinov2+eva02_base+hog+lbp+vit_b16,
FMD,resmlp,42,2,full,random_065,0.9102251158720396,0.91,5,2370,1.126649213998462,convnext_v2_t+gabor+glcm+mae_base+swin_t,
FMD,resmlp,42,2,full,random_066,0.898775314069221,0.9,5,3302,1.4029292839986738,deit_s+gabor+lbp+resnet101+vit_b16,
FMD,resmlp,42,2,full,random_067,0.9209458350706822,0.92,5,7222,1.485124459999497,densenet121+efficientnet_b0+eva02_base+lbp+vgg16,
FMD,resmlp,42,2,full,random_068,0.9197629944664006,0.92,5,6628,1.5450315150010283,convnext_v2_t+dinov2+efficientnet_b0+hog+resnet50,
FMD,resmlp,42,2,full,random_069,0.9452615673526502,0.945,5,6096,1.2420928490028018,dinov2_small+drlbp+eva02_base+vgg16+vit_b16,
FMD,resmlp,42,2,full,random_070,0.8799606448322752,0.88,5,4096,1.4721877219999442,densenet121+efficientnet_b0+mae_base+rgb_ngram_svd+swin_t,
FMD,resmlp,42,2,full,random_071,0.9502821683993133,0.95,5,5120,1.3033408250012144,densenet121+dinov2_large+mae_base+resnet50+rgb_ngram_svd,
FMD,resmlp,42,2,full,random_072,0.8950416283343113,0.895,5,2652,1.3081176439991395,convnext_v2_t+gabor+glcm+hog+lbp,
FMD,resmlp,42,2,full,random_073,0.9397068108043719,0.94,5,5168,1.2356584660010412,dinov2+gabor+resnet101+resnet50+rgb_ngram_svd,
FMD,resmlp,42,2,full,random_074,0.9799906191369606,0.98,5,2944,0.9743040559988003,densenet121+dinov2_large+drlbp+eva02_base+gabor,
FMD,resmlp,42,2,full,random_075,0.9751125703564728,0.975,5,2512,0.8166694859974086,deit_s+dinov2+dinov2_large+drlbp+rgb_ngram_svd,
FMD,resmlp,42,2,full,random_076,0.9550812537911384,0.955,5,4660,1.1990514499993878,convnext_v2_t+drlbp+efficientnet_b0+eva02_base+hog,
FMD,resmlp,42,2,full,random_077,0.9300176649136258,0.93,5,7936,0.9771488730002602,dinov2_large+efficientnet_b0+swin_t+vgg16+vit_b16,
FMD,resmlp,42,2,full,random_078,0.9647977258952869,0.965,5,4688,0.961580461000267,dinov2_large+drlbp+eva02_base+resnet101+swin_t,
FMD,resmlp,42,2,full,random_079,0.9703246942129529,0.97,5,2608,0.9673338210013753,dinov2+gabor+rgb_ngram_svd+siglip_base+vit_b16,
FMD,resmlp,42,2,full,random_080,0.8794100537788033,0.88,5,3120,1.0103548779989069,efficientnet_b0+gabor+mae_base+rgb_ngram_svd+swin_t,
FMD,resmlp,42,2,full,random_081,0.9355493411962648,0.935,5,7908,1.4497232930007158,convnext_v2_t+dinov2_large+hog+rgb_ngram_svd+vgg16,
FMD,resmlp,42,2,full,random_082,0.965234521575985,0.965,5,5988,1.1534381109995593,deit_s+dinov2+dinov2_large+hog+resnet101,
FMD,resmlp,42,2,full,random_083,0.9554417469565095,0.955,5,8320,1.0631809059996158,dinov2_large+dinov2_small+resnet101+siglip_base+vgg16,
FMD,resmlp,42,2,full,random_084,0.8994546977139448,0.9,5,6192,0.9750700459990185,convnext_v2_t+efficientnet_b0+gabor+resnet101+resnet50,
FMD,resmlp,42,2,full,random_085,0.9254855049441133,0.925,5,7652,1.3934465019992786,dinov2+hog+rgb_ngram_svd+swin_t+vgg16,
FMD,resmlp,42,2,full,random_086,0.9449463010246065,0.945,5,3382,0.8501546740008052,convnext_v2_t+densenet121+eva02_base+lbp+swin_t,
FMD,resmlp,42,2,full,random_087,0.9396889503307989,0.94,5,4660,1.5271820010020747,deit_s+dinov2_small+drlbp+hog+resnet101,
FMD,resmlp,42,2,full,random_088,0.9304063947118548,0.93,5,9444,1.3114738460026274,dinov2+hog+mae_base+resnet101+vgg16,
FMD,resmlp,42,2,full,random_089,0.8690020221608652,0.87,5,7734,1.3050763829996868,lbp+mae_base+resnet50+vgg16+vit_b16,
FMD,resmlp,42,2,full,random_090,0.9140666834455831,0.915,5,4432,1.1553231940015394,convnext_v2_t+drlbp+mae_base+resnet50+vit_b16,
FMD,resmlp,42,2,full,random_091,0.9555265175461013,0.955,5,5120,1.2471080399991479,densenet121+dinov2_large+resnet50+rgb_ngram_svd+vit_b16,
FMD,resmlp,42,2,full,random_092,0.9455687370834995,0.945,5,5120,1.2489087659996585,convnext_v2_t+efficientnet_b0+resnet50+rgb_ngram_svd+siglip_base,
FMD,resmlp,42,2,full,random_093,0.9449430568800959,0.945,5,4224,0.9310194839999895,convnext_v2_t+deit_s+resnet50+rgb_ngram_svd+siglip_base,
FMD,resmlp,42,2,full,random_094,0.9650843807454847,0.965,5,4992,0.8857939740009897,deit_s+dinov2_large+resnet50+siglip_base+vit_b16,
FMD,resmlp,42,2,full,random_095,0.9151208399251509,0.915,5,5814,1.1734721129978425,dinov2_small+efficientnet_b0+lbp+resnet101+resnet50,
FMD,resmlp,42,2,full,random_096,0.9648624140087554,0.965,5,1554,0.9828813339991029,deit_s+dinov2_large+drlbp+gabor+glcm,
FMD,resmlp,42,2,full,random_097,0.9154580772145031,0.915,5,6242,1.1948414279977442,drlbp+efficientnet_b0+glcm+siglip_base+vgg16,
FMD,resmlp,42,2,full,random_098,0.93980022758585,0.94,5,7954,1.316359021999233,dinov2_large+glcm+resnet101+vgg16+vit_b16,
FMD,resmlp,42,2,full,random_099,0.9602897569636383,0.96,5,4224,0.8338119469990488,deit_s+dinov2_large+efficientnet_b0+siglip_base+swin_t,
DTD,svm,42,4,full,random_000,0.8489593539724027,0.851063829787234,5,2790,27.537623958998665,deit_s+dinov2_large+efficientnet_b0+gabor+lbp,
DTD,svm,42,4,full,random_001,0.8038572140096663,0.8058510638297872,5,4400,23.005777970000054,convnext_v2_t+gabor+mae_base+resnet50+swin_t,
DTD,svm,42,4,full,random_002,0.8462447854683637,0.848404255319149,5,4500,24.225147268,deit_s+dinov2_large+efficientnet_b0+gabor+hog,
DTD,svm,42,4,full,random_003,0.7948028548453329,0.7973404255319149,5,2944,26.73397578299955,drlbp+efficientnet_b0+gabor+swin_t+vit_b16,
DTD,svm,42,4,full,random_004,0.7636154644271695,0.7659574468085106,5,5346,11.892658847998973,deit_s+drlbp+glcm+swin_t+vgg16,
DTD,svm,42,4,full,random_005,0.829848346185429,0.8313829787234043,5,1542,12.867402845999095,dinov2_small+drlbp+eva02_base+lbp+rgb_ngram_svd,
DTD,svm,42,4,full,random_006,0.8422940158900909,0.8436170212765958,5,3894,20.16126390499994,convnext_v2_t+densenet121+efficientnet_b0+lbp+siglip_base,
DTD,svm,42,4,full,random_007,0.8685079326453816,0.8696808510638298,5,2018,20.279937685998448,dinov2_small+drlbp+eva02_base+glcm+siglip_base,
DTD,svm,42,4,full,random_008,0.8744433603241304,0.8760638297872341,5,3664,25.20916319800017,densenet121+dinov2_large+drlbp+eva02_base+siglip_base,
DTD,svm,42,4,full,random_009,0.8706743010251238,0.8723404255319149,5,3684,26.76865204800015,dinov2_large+drlbp+gabor+hog+siglip_base,
DTD,svm,42,4,full,random_010,0.8228505333633637,0.825531914893617,5,4916,24.917477790999328,drlbp+hog+resnet101+rgb_ngram_svd+siglip_base,
DTD,svm,42,4,full,random_011,0.8051495421237158,0.8069148936170213,5,4626,20.316895626001497,convnext_v2_t+densenet121+glcm+resnet50+vit_b16,
DTD,svm,42,4,full,random_012,0.8438527874166171,0.8462765957446808,5,3474,31.521079418000227,deit_s+dinov2_large+efficientnet_b0+glcm+swin_t,
DTD,svm,42,4,full,random_013,0.8297719296980237,0.8319148936170213,5,2944,32.245328409999274,convnext_v2_t+dinov2_small+rgb_ngram_svd+swin_t+vit_b16,
DTD,svm,42,4,full,random_014,0.7849076698859639,0.7872340425531915,5,6224,17.185017366000466,convnext_v2_t+densenet121+drlbp+rgb_ngram_svd+vgg16,
DTD,svm,42,4,full,random_015,0.8600052238185371,0.8611702127659574,5,5878,22.900705522000862,dinov2+efficientnet_b0+glcm+hog+resnet50,
DTD,svm,42,4,full,random_016,0.8625538127348097,0.8643617021276596,5,3712,31.382446702999005,deit_s+densenet121+dinov2+mae_base+siglip_base,
DTD,svm,42,4,full,random_017,0.8706292973996884,0.8718085106382979,5,4370,16.851395252000657,dinov2+eva02_base+glcm+resnet50+siglip_base,
DTD,svm,42,4,full,random_018,0.8517888008123732,0.8531914893617021,5,2304,20.11439482300011,deit_s+dinov2+dinov2_large+drlbp+gabor,
DTD,svm,42,4,full,random_019,0.8677094773951558,0.8686170212765958,5,2998,24.268636749999132,deit_s+dinov2_large+eva02_base+lbp+siglip_base,
DTD,svm,42,4,full,random_020,0.8013348309112776,0.8026595744680851,5,2914,19.75221369800056,convnext_v2_t+drlbp+efficientnet_b0+glcm+mae_base,
DTD,svm,42,4,full,random_021,0.8592601927531752,0.8611702127659574,5,7936,25.58040107800116,dinov2+resnet101+rgb_ngram_svd+siglip_base+vgg16,
DTD,svm,42,4,full,random_022,0.8667052400767742,0.8680851063829788,5,3328,33.555174254999656,deit_s+dinov2_large+dinov2_small+mae_base+siglip_base,
DTD,svm,42,4,full,random_023,0.8174899957181039,0.8207446808510638,5,2706,23.941914212000484,deit_s+glcm+mae_base+siglip_base+vit_b16,
DTD,svm,42,4,full,random_024,0.8553403918490672,0.8574468085106383,5,9984,24.6695121190005,densenet121+dinov2+resnet101+resnet50+vgg16,
DTD,svm,42,4,full,random_025,0.8603823914661732,0.8617021276595744,5,7990,22.562929326999438,convnext_v2_t+dinov2_large+lbp+resnet50+vgg16,
DTD,svm,42,4,full,random_026,0.7718533804806222,0.775,5,3248,29.64066550899952,deit_s+efficientnet_b0+gabor+mae_base+vit_b16,
DTD,svm,42,4,full,random_027,0.8311906260832687,0.8329787234042553,5,5942,16.536760604001756,convnext_v2_t+eva02_base+lbp+rgb_ngram_svd+vgg16,
DTD,svm,42,4,full,random_028,0.853394296607317,0.8547872340425532,5,3584,29.733613619000607,dinov2_large+eva02_base+mae_base+rgb_ngram_svd+vit_b16,
DTD,svm,42,4,full,random_029,0.7944719287091451,0.7962765957446809,5,1992,19.856528694999724,convnext_v2_t+deit_s+glcm+lbp+vit_b16,
DTD,svm,42,4,full,random_030,0.8542822535510468,0.8563829787234043,5,3334,22.930788522000512,deit_s+dinov2+drlbp+lbp+resnet101,
DTD,svm,42,4,full,random_031,0.8659812148495657,0.8680851063829788,5,5138,20.91874401699897,dinov2+dinov2_large+efficientnet_b0+glcm+resnet101,
DTD,svm,42,4,full,random_032,0.8621783967752153,0.8643617021276596,5,6064,16.744619814000544,dinov2+dinov2_small+gabor+siglip_base+vgg16,
DTD,svm,42,4,full,random_033,0.771459815092697,0.774468085106383,5,2498,23.046394796998356,deit_s+efficientnet_b0+gabor+glcm+vit_b16,
DTD,svm,42,4,full,random_034,0.8251176348815421,0.8276595744680851,5,4144,13.682222366998758,densenet121+gabor+resnet50+rgb_ngram_svd+siglip_base,
DTD,svm,42,4,full,random_035,0.8114527614177678,0.8132978723404255,5,6646,27.613281092999387,convnext_v2_t+glcm+hog+resnet101+resnet50,
DTD,svm,42,4,full,random_036,0.8284625753988608,0.8303191489361702,5,4224,19.929009289000533,deit_s+densenet121+efficientnet_b0+eva02_base+swin_t,
DTD,svm,42,4,full,random_037,0.8420336261864919,0.8436170212765958,5,4736,19.492911674000425,convnext_v2_t+deit_s+eva02_base+mae_base+resnet101,
DTD,svm,42,4,full,random_038,0.8557220882480775,0.8574468085106383,5,2870,25.00160917699941,dinov2_large+eva02_base+lbp+mae_base+rgb_ngram_svd,
DTD,svm,42,4,full,random_039,0.866331114087462,0.8675531914893617,5,3024,25.594613957000547,deit_s+dinov2+dinov2_large+drlbp+siglip_base,
DTD,svm,42,4,full,random_040,0.7822090897431045,0.7851063829787234,5,3144,21.96649412499937,convnext_v2_t+glcm+lbp+resnet50+rgb_ngram_svd,
DTD,svm,42,4,full,random_041,0.8330731971903041,0.8351063829787234,5,3206,27.60722748399894,densenet121+drlbp+efficientnet_b0+lbp+siglip_base,
DTD,svm,42,4,full,random_042,0.8632177250655768,0.8648936170212767,5,3376,40.293574676999924,dinov2_large+efficientnet_b0+eva02_base+gabor+rgb_ngram_svd,
DTD,svm,42,4,full,random_043,0.7755565590650846,0.7776595744680851,5,10980,28.434484576000614,densenet121+hog+resnet101+resnet50+vgg16,
DTD,svm,42,4,full,random_044,0.8087589098232929,0.8106382978723404,5,6656,26.657935445000476,convnext_v2_t+densenet121+resnet101+resnet50+swin_t,
DTD,svm,42,4,full,random_045,0.870514305837481,0.8718085106382979,5,5942,22.689063331999932,dinov2_large+lbp+resnet101+resnet50+siglip_base,
DTD,svm,42,4,full,random_046,0.8610062643849599,0.8622340425531915,5,2662,22.976863324000078,densenet121+eva02_base+gabor+lbp+siglip_base,
DTD,svm,42,4,full,random_047,0.7354167678936088,0.7382978723404255,5,2242,22.82265344699954,deit_s+densenet121+gabor+glcm+mae_base,
DTD,svm,42,4,full,random_048,0.8564559432242645,0.8585106382978723,5,5120,20.505175754999073,densenet121+dinov2_large+resnet101+rgb_ngram_svd+siglip_base,
DTD,svm,42,4,full,random_049,0.8381993317557656,0.8398936170212766,5,4048,13.135824083001353,dinov2_small+drlbp+resnet101+swin_t+vit_b16,
DTD,svm,42,4,full,random_050,0.7707929080510261,0.7734042553191489,5,1656,17.299314705000143,gabor+glcm+lbp+mae_base+swin_t,
DTD,svm,42,4,full,random_051,0.8365007878336109,0.8393617021276596,5,5968,12.513737854000283,dinov2+drlbp+rgb_ngram_svd+swin_t+vgg16,
DTD,svm,42,4,full,random_052,0.8579144416588194,0.8606382978723405,5,3272,20.076365944998543,dinov2+dinov2_small+glcm+lbp+resnet101,
DTD,svm,42,4,full,random_053,0.8384400832716372,0.8404255319148937,5,3024,28.046008023000468,convnext_v2_t+deit_s+densenet121+drlbp+eva02_base,
DTD,svm,42,4,full,random_054,0.7774796561131468,0.7792553191489362,5,7040,15.879501930001425,drlbp+gabor+resnet50+swin_t+vgg16,
DTD,svm,42,4,full,random_055,0.8298921754326501,0.8319148936170213,5,3940,15.744301493999956,convnext_v2_t+dinov2_small+hog+rgb_ngram_svd+vit_b16,
DTD,svm,42,4,full,random_056,0.8520139036072034,0.8537234042553191,5,2048,21.198593458000687,dinov2_small+drlbp+eva02_base+gabor+swin_t,
DTD,svm,42,4,full,random_057,0.8598469040035769,0.8617021276595744,5,7296,22.358797966000566,densenet121+dinov2_large+dinov2_small+mae_base+vgg16,
DTD,svm,42,4,full,random_058,0.8266397679135437,0.8276595744680851,5,7344,15.696660064000753,deit_s+gabor+resnet50+siglip_base+vgg16,
DTD,svm,42,4,full,random_059,0.8508474246181231,0.8526595744680852,5,2992,30.306248570999742,deit_s+densenet121+eva02_base+gabor+siglip_base,
DTD,svm,42,4,full,random_060,0.829880124418971,0.8319148936170213,5,6710,24.507364583001618,densenet121+lbp+mae_base+siglip_base+vgg16,
DTD,svm,42,4,full,random_061,0.8424272655887057,0.8441489361702128,5,3456,33.18372373700004,deit_s+densenet121+dinov2_large+mae_base+rgb_ngram_svd,
DTD,svm,42,4,full,random_062,0.8630179917953066,0.8648936170212767,5,3254,32.97918037400086,densenet121+dinov2_large+dinov2_small+lbp+mae_base,
DTD,svm,42,4,full,random_063,0.8499180038160975,0.851063829787234,5,6016,13.87624117300038,dinov2_small+eva02_base+resnet101+resnet50+swin_t,
DTD,svm,42,4,full,random_064,0.8370502875059407,0.8398936170212766,5,7652,26.433549784000206,dinov2+hog+rgb_ngram_svd+swin_t+vgg16,
DTD,svm,42,4,full,random_065,0.7724700513965924,0.775,5,3958,22.123557618000632,deit_s+densenet121+glcm+hog+vit_b16,
DTD,svm,42,4,full,random_066,0.7901301894344998,0.7925531914893617,5,5504,20.759336771001472,deit_s+densenet121+efficientnet_b0+resnet50+vit_b16,
DTD,svm,42,4,full,random_067,0.8409071865724193,0.8430851063829787,5,2480,22.90030117599963,densenet121+dinov2+dinov2_small+gabor+rgb_ngram_svd,
DTD,svm,42,4,full,random_068,0.8237793048566862,0.825531914893617,5,5350,13.894317975000376,deit_s+gabor+lbp+siglip_base+vgg16,
DTD,svm,42,4,full,random_069,0.8690618748647995,0.8702127659574468,5,2626,28.152275275999273,convnext_v2_t+dinov2_large+eva02_base+gabor+glcm,
DTD,svm,42,4,full,random_070,0.8090078879401796,0.8117021276595745,5,4506,15.136352025001543,dinov2_small+hog+lbp+resnet50+rgb_ngram_svd,
DTD,svm,42,4,full,random_071,0.8406664877310691,0.8430851063829787,5,2022,16.571819501999926,dinov2+dinov2_small+gabor+lbp+vit_b16,
DTD,svm,42,4,full,random_072,0.8689281963447935,0.8702127659574468,5,2432,20.223411928000132,dinov2+drlbp+gabor+mae_base+siglip_base,
DTD,svm,42,4,full,random_073,0.8538627678412107,0.8563829787234043,5,7010,13.697691756000495,dinov2+drlbp+glcm+resnet101+vgg16,
DTD,svm,42,4,full,random_074,0.8216108846274562,0.823936170212766,5,7808,17.268616413999553,densenet121+dinov2_small+resnet101+rgb_ngram_svd+vgg16,
DTD,svm,42,4,full,random_075,0.7937585094226843,0.7968085106382978,5,5888,23.17244202800066,densenet121+efficientnet_b0+mae_base+resnet50+vit_b16,
DTD,svm,42,4,full,random_076,0.8304533241794643,0.8319148936170213,5,4688,15.736860484999852,densenet121+drlbp+eva02_base+resnet50+vit_b16,
DTD,svm,42,4,full,random_077,0.8561428269812027,0.8579787234042553,5,6498,13.981241499001044,dinov2_large+drlbp+efficientnet_b0+glcm+vgg16,
DTD,svm,42,4,full,random_078,0.8443888347325846,0.8462765957446808,5,1536,14.105070325998895,dinov2_small+drlbp+gabor+rgb_ngram_svd+siglip_base,
DTD,svm,42,4,full,random_079,0.7861627056815119,0.7888297872340425,5,3382,28.932647862999147,densenet121+lbp+mae_base+swin_t+vit_b16,
DTD,svm,42,4,full,random_080,0.7956752565238904,0.7978723404255319,5,9014,18.755014541999117,lbp+resnet101+resnet50+swin_t+vgg16,
DTD,svm,42,4,full,random_081,0.8602665288002749,0.8627659574468085,5,4352,18.366748017000646,dinov2+efficientnet_b0+mae_base+siglip_base+vit_b16,
DTD,svm,42,4,full,random_082,0.8485036784295796,0.850531914893617,5,6576,13.961161092998736,dinov2_small+efficientnet_b0+eva02_base+gabor+vgg16,
DTD,svm,42,4,full,random_083,0.7885914977784847,0.7930851063829787,5,5652,22.478321505999702,densenet121+gabor+hog+resnet101+swin_t,
DTD,svm,42,4,full,random_084,0.8604648894996764,0.8611702127659574,5,5248,18.650580830999388,convnext_v2_t+dinov2_small+efficientnet_b0+resnet101+siglip_base,
DTD,svm,42,4,full,random_085,0.8522392087684464,0.8537234042553191,5,1992,14.337193594001292,dinov2_small+eva02_base+glcm+lbp+mae_base,
DTD,svm,42,4,full,random_086,0.8255240393903666,0.8271276595744681,5,5732,20.2264550660002,deit_s+hog+resnet50+siglip_base+vit_b16,
DTD,svm,42,4,full,random_087,0.8354743602395153,0.8377659574468085,5,6064,14.228257922999546,dinov2_small+gabor+swin_t+vgg16+vit_b16,
DTD,svm,42,4,full,random_088,0.7671906219348196,0.7696808510638298,5,8164,27.370655190001344,efficientnet_b0+hog+rgb_ngram_svd+swin_t+vgg16,
DTD,svm,42,4,full,random_089,0.8567782252765443,0.8590425531914894,5,6064,16.241246961000797,dinov2_small+gabor+mae_base+siglip_base+vgg16,
DTD,svm,42,4,full,random_090,0.8379311815801433,0.8393617021276596,5,3638,31.058556123000017,efficientnet_b0+eva02_base+lbp+mae_base+swin_t,
DTD,svm,42,4,full,random_091,0.8506055147133396,0.8521276595744681,5,4708,21.413431372999185,convnext_v2_t+deit_s+dinov2_large+hog+swin_t,
DTD,svm,42,4,full,random_092,0.8596939631503154,0.8617021276595744,5,3658,32.71968489400024,densenet121+dinov2+gabor+hog+lbp,
DTD,svm,42,4,full,random_093,0.8516832373427681,0.8537234042553191,5,5504,23.523510352999438,deit_s+dinov2_large+efficientnet_b0+resnet101+swin_t,
DTD,svm,42,4,full,random_094,0.864037848408185,0.8664893617021276,5,3858,19.345094511998468,densenet121+dinov2+efficientnet_b0+eva02_base+glcm,
DTD,svm,42,4,full,random_095,0.8545710476686003,0.8558510638297873,5,4116,23.792732727997645,eva02_base+gabor+hog+siglip_base+swin_t,
DTD,svm,42,4,full,random_096,0.8753643304311668,0.8765957446808511,5,3712,32.93174058099976,dinov2_large+dinov2_small+eva02_base+mae_base+siglip_base,
DTD,svm,42,4,full,random_097,0.8643353687157722,0.8664893617021276,5,7424,20.821938205997867,densenet121+dinov2+mae_base+siglip_base+vgg16,
DTD,svm,42,4,full,random_098,0.8098014542124331,0.8122340425531915,5,4662,19.74662440800239,convnext_v2_t+densenet121+lbp+resnet101+swin_t,
DTD,svm,42,4,full,random_099,0.8374294177333995,0.8393617021276596,5,7296,21.27729679299955,convnext_v2_t+deit_s+efficientnet_b0+eva02_base+vgg16,
FMD,resmlp,42,3,full,random_000,0.9348927652957866,0.935,7,7350,1.7303599619990564,deit_s+dinov2_large+lbp+mae_base+rgb_ngram_svd+swin_t+vgg16,
FMD,resmlp,42,3,full,random_001,0.974859287054409,0.975,7,5622,1.5490463099995395,convnext_v2_t+dinov2+glcm+hog+siglip_base+swin_t+vit_b16,
FMD,resmlp,42,3,full,random_002,0.9698373513521139,0.97,7,7706,1.5946931819999008,convnext_v2_t+dinov2_large+efficientnet_b0+eva02_base+hog+lbp+resnet50,
FMD,resmlp,42,3,full,random_003,0.9899937460913071,0.99,7,5698,1.5580683150001278,dinov2+efficientnet_b0+eva02_base+gabor+glcm+resnet101+siglip_base,
FMD,resmlp,42,3,full,random_004,0.8742438817663464,0.875,7,9772,2.1454350809981406,densenet121+glcm+hog+lbp+resnet101+swin_t+vgg16,
FMD,resmlp,42,3,full,random_005,0.9451803288709579,0.945,7,9498,2.1536837849998847,convnext_v2_t+efficientnet_b0+hog+lbp+mae_base+siglip_base+vgg16,
FMD,resmlp,42,3,full,random_006,0.9600745061528115,0.96,7,6582,1.646562645000813,drlbp+eva02_base+gabor+lbp+mae_base+swin_t+vgg16,
FMD,resmlp,42,3,full,random_007,0.9398187211601845,0.94,7,8130,1.5939399609997054,convnext_v2_t+dinov2_small+gabor+glcm+resnet50+swin_t+vgg16,
FMD,resmlp,42,3,full,random_008,0.9749807445442876,0.975,7,7908,2.1000183219985047,dinov2_small+drlbp+eva02_base+gabor+hog+swin_t+vgg16,
FMD,resmlp,42,3,full,random_009,0.9147684388955251,0.915,7,8674,1.8210431059997063,dinov2_small+drlbp+efficientnet_b0+glcm+resnet50+swin_t+vgg16,
FMD,resmlp,42,3,full,random_010,0.984865540963102,0.985,7,5994,1.7199789709993638,dinov2+dinov2_large+drlbp+hog+lbp+resnet101+rgb_ngram_svd,
FMD,resmlp,42,3,full,random_011,0.9549561756172796,0.955,7,5680,1.6644818489985482,deit_s+densenet121+dinov2_large+dinov2_small+gabor+resnet101+swin_t,
FMD,resmlp,42,3,full,random_012,0.8992143389146106,0.9,7,3974,1.569470778998948,convnext_v2_t+drlbp+efficientnet_b0+lbp+mae_base+rgb_ngram_svd+swin_t,
FMD,resmlp,42,3,full,random_013,0.9648364109147163,0.965,7,5834,1.8798709109978518,deit_s+eva02_base+gabor+hog+lbp+resnet50+swin_t,
FMD,resmlp,42,3,full,random_014,0.9597122731782551,0.96,7,10852,1.8792898190004053,convnext_v2_t+dinov2_large+dinov2_small+hog+resnet101+swin_t+vgg16,
FMD,resmlp,42,3,full,random_015,0.9696936429863259,0.97,7,5878,1.6313336130006064,convnext_v2_t+densenet121+eva02_base+glcm+hog+mae_base+vit_b16,
FMD,resmlp,42,3,full,random_016,0.9249874356292841,0.925,7,7430,1.558072207000805,convnext_v2_t+dinov2_small+drlbp+efficientnet_b0+lbp+mae_base+vgg16,
FMD,resmlp,42,3,full,random_017,0.8839030668298962,0.885,7,8966,2.0150342759989144,deit_s+drlbp+lbp+resnet101+resnet50+rgb_ngram_svd+vgg16,
FMD,resmlp,42,3,full,random_018,0.9549723041186455,0.955,7,8192,1.6532708859995182,dinov2+dinov2_small+drlbp+gabor+mae_base+resnet50+vgg16,
FMD,resmlp,42,3,full,random_019,0.9849718103890119,0.985,7,6244,1.4058920819988998,dinov2_large+dinov2_small+eva02_base+hog+siglip_base+swin_t+vit_b16,
FMD,resmlp,42,3,full,random_020,0.9848556663704289,0.985,7,3650,1.285619056001451,deit_s+dinov2+dinov2_small+efficientnet_b0+eva02_base+gabor+glcm,
FMD,resmlp,42,3,full,random_021,0.9548494124617358,0.955,7,7728,1.7544625109985645,densenet121+gabor+mae_base+rgb_ngram_svd+siglip_base+vgg16+vit_b16,
FMD,resmlp,42,3,full,random_022,0.9899937460913071,0.99,7,7058,1.2665923759996076,convnext_v2_t+dinov2+dinov2_small+eva02_base+glcm+rgb_ngram_svd+vgg16,
FMD,resmlp,42,3,full,random_023,0.9549344184710037,0.955,7,7808,1.7560026980027033,convnext_v2_t+deit_s+eva02_base+mae_base+rgb_ngram_svd+swin_t+vgg16,
FMD,resmlp,42,3,full,random_024,0.9849906191369605,0.985,7,8266,1.792233213000145,eva02_base+gabor+hog+lbp+mae_base+siglip_base+vgg16,
FMD,resmlp,42,3,full,random_025,0.9798655409631021,0.98,7,8210,1.6271630459996231,convnext_v2_t+densenet121+dinov2+eva02_base+glcm+swin_t+vgg16,
FMD,resmlp,42,3,full,random_026,0.9054431245702107,0.905,7,6344,1.8348856880002131,convnext_v2_t+drlbp+efficientnet_b0+gabor+glcm+lbp+vgg16,
FMD,resmlp,42,3,full,random_027,0.9899937460913071,0.99,7,5328,1.3652600399982475,densenet121+dinov2+dinov2_small+drlbp+resnet101+rgb_ngram_svd+siglip_base,
FMD,resmlp,42,3,full,random_028,0.9647117794486215,0.965,7,8628,1.9295653759982088,deit_s+dinov2+drlbp+hog+mae_base+vgg16+vit_b16,
FMD,resmlp,42,3,full,random_029,0.9653058854650041,0.965,7,8468,1.8455495089983742,convnext_v2_t+dinov2_large+gabor+hog+mae_base+resnet101+resnet50,
FMD,resmlp,42,3,full,random_030,0.9645773204117234,0.965,7,6774,1.915582760997495,deit_s+dinov2+dinov2_large+glcm+hog+resnet50+vit_b16,
FMD,resmlp,42,3,full,random_031,0.9551996160390942,0.955,7,5044,1.6365548169997055,deit_s+dinov2_large+drlbp+hog+mae_base+rgb_ngram_svd+swin_t,
FMD,resmlp,42,3,full,random_032,0.9396780082145936,0.94,7,5402,2.218990286000917,deit_s+dinov2_small+efficientnet_b0+hog+lbp+mae_base+swin_t,
FMD,resmlp,42,3,full,random_033,0.9849718103890119,0.985,7,7442,1.723634302001301,convnext_v2_t+eva02_base+glcm+rgb_ngram_svd+siglip_base+swin_t+vgg16,
FMD,resmlp,42,3,full,random_034,0.9649754310729921,0.965,7,5808,1.5448910940031055,dinov2_large+dinov2_small+efficientnet_b0+gabor+resnet50+rgb_ngram_svd+swin_t,
FMD,resmlp,42,3,full,random_035,0.9749937460913071,0.975,7,4938,1.7161922499981301,convnext_v2_t+gabor+hog+lbp+siglip_base+swin_t+vit_b16,
FMD,resmlp,42,3,full,random_036,0.9898587933247753,0.99,7,4528,1.4632322810030018,densenet121+dinov2_small+eva02_base+gabor+mae_base+siglip_base+swin_t,
FMD,resmlp,42,3,full,random_037,0.979855666370429,0.98,7,4554,1.6764859729992168,dinov2+dinov2_small+efficientnet_b0+gabor+hog+lbp+rgb_ngram_svd,
FMD,resmlp,42,3,full,random_038,0.974977617589941,0.975,7,6474,1.6536788390003494,convnext_v2_t+dinov2_large+gabor+hog+lbp+mae_base+resnet101,
FMD,resmlp,42,3,full,random_039,0.9295906667857887,0.93,7,9462,2.037441544998728,densenet121+dinov2_large+efficientnet_b0+glcm+hog+rgb_ngram_svd+vgg16,
FMD,resmlp,42,3,full,random_040,0.9600665124349336,0.96,7,5090,1.421314793999045,dinov2_large+dinov2_small+drlbp+glcm+mae_base+resnet101+swin_t,
FMD,resmlp,42,3,full,random_041,0.9748624140087555,0.975,7,3010,1.4552653520004242,dinov2_small+gabor+glcm+rgb_ngram_svd+siglip_base+swin_t+vit_b16,
FMD,resmlp,42,3,full,random_042,0.9649718103890119,0.965,7,8742,1.7007152790029068,dinov2+efficientnet_b0+gabor+glcm+hog+mae_base+vgg16,
FMD,resmlp,42,3,full,random_043,0.940063385480587,0.94,7,10678,1.8890999380018911,deit_s+densenet121+dinov2_large+lbp+resnet101+resnet50+vgg16,
FMD,resmlp,42,3,full,random_044,0.9751098901098901,0.975,7,7698,1.5735642030012968,densenet121+dinov2+dinov2_large+glcm+mae_base+resnet101+resnet50,
FMD,resmlp,42,3,full,random_045,0.9649265835516843,0.965,7,4656,1.3063130139998975,deit_s+dinov2_small+gabor+resnet50+rgb_ngram_svd+siglip_base+vit_b16,
FMD,resmlp,42,3,full,random_046,0.954714953424838,0.955,7,4304,1.5442865030017856,deit_s+densenet121+dinov2_large+drlbp+mae_base+rgb_ngram_svd+swin_t,
FMD,resmlp,42,3,full,random_047,0.984993746091307,0.985,7,5558,1.4667747629973746,dinov2_small+efficientnet_b0+eva02_base+lbp+mae_base+resnet50+rgb_ngram_svd,
FMD,resmlp,42,3,full,random_048,0.9402005247640677,0.94,7,10118,2.0463765330023307,densenet121+drlbp+lbp+resnet101+resnet50+siglip_base+vgg16,
FMD,resmlp,42,3,full,random_049,0.9403005402812848,0.94,7,10388,2.217486978002853,deit_s+efficientnet_b0+eva02_base+gabor+hog+resnet50+vgg16,
FMD,resmlp,42,3,full,random_050,0.8840444920932725,0.885,7,5752,2.110821185000532,gabor+glcm+lbp+mae_base+resnet101+resnet50+swin_t,
FMD,resmlp,42,3,full,random_051,0.9351031894934334,0.935,7,5350,1.5384027940017404,dinov2_small+efficientnet_b0+gabor+lbp+resnet50+swin_t+vit_b16,
FMD,resmlp,42,3,full,random_052,0.9399375454253504,0.94,7,8710,1.923531071999605,convnext_v2_t+dinov2_small+drlbp+efficientnet_b0+lbp+resnet101+vgg16,
FMD,resmlp,42,3,full,random_053,0.9798624140087554,0.98,7,5878,1.7523057430007611,dinov2+dinov2_large+efficientnet_b0+glcm+hog+mae_base+rgb_ngram_svd,
FMD,resmlp,42,3,full,random_054,0.9647190208165817,0.965,7,11510,1.7272649189981166,dinov2+glcm+hog+resnet101+resnet50+swin_t+vgg16,
FMD,resmlp,42,3,full,random_055,0.929744967357291,0.93,7,4012,1.5809347279973736,convnext_v2_t+deit_s+glcm+hog+lbp+rgb_ngram_svd+vit_b16,
FMD,resmlp,42,3,full,random_056,0.8995066878635557,0.9,7,6244,1.8264562469994416,drlbp+efficientnet_b0+gabor+hog+resnet50+rgb_ngram_svd+vit_b16,
FMD,resmlp,42,3,full,random_057,0.969987492182614,0.97,7,4170,1.6427072440019401,deit_s+dinov2_small+eva02_base+gabor+hog+lbp+swin_t,
FMD,resmlp,42,3,full,random_058,0.9848556663704289,0.985,7,7188,1.762147384997661,dinov2+dinov2_large+eva02_base+gabor+hog+resnet101+vit_b16,
FMD,resmlp,42,3,full,random_059,0.9651156973108194,0.965,7,9776,1.9468045510002412,dinov2+efficientnet_b0+gabor+mae_base+resnet101+siglip_base+vgg16,
FMD,resmlp,42,3,full,random_060,0.9141985605207686,0.915,7,10724,2.0504238399989845,densenet121+hog+mae_base+resnet50+rgb_ngram_svd+siglip_base+vgg16,
FMD,resmlp,42,3,full,random_061,0.9445654378581209,0.945,7,5456,1.8837501340021845,drlbp+mae_base+resnet101+rgb_ngram_svd+siglip_base+swin_t+vit_b16,
FMD,resmlp,42,3,full,random_062,0.954855666370429,0.955,7,9516,2.042085255998245,convnext_v2_t+glcm+hog+lbp+resnet50+siglip_base+vgg16,
FMD,resmlp,42,3,full,random_063,0.9251720670013354,0.925,7,6600,1.5486622280004667,convnext_v2_t+deit_s+efficientnet_b0+glcm+lbp+resnet101+resnet50,
FMD,resmlp,42,3,full,random_064,0.9603314101388556,0.96,7,12132,1.7840438150014961,convnext_v2_t+deit_s+dinov2_large+hog+resnet101+resnet50+vgg16,
FMD,resmlp,42,3,full,random_065,0.9797175866495508,0.98,7,7040,1.2105120300002454,dinov2+dinov2_large+dinov2_small+efficientnet_b0+eva02_base+resnet50+vit_b16,
FMD,resmlp,42,3,full,random_066,0.8800145051237687,0.88,7,7832,1.595409520999965,drlbp+efficientnet_b0+glcm+lbp+resnet101+rgb_ngram_svd+vgg16,
FMD,resmlp,42,3,full,random_067,0.9748404783064604,0.975,7,5684,1.4788617840022198,deit_s+dinov2+dinov2_small+drlbp+hog+resnet50+rgb_ngram_svd,
FMD,resmlp,42,3,full,random_068,0.9547038327526132,0.955,7,4066,1.1041555349984264,dinov2+dinov2_small+drlbp+efficientnet_b0+glcm+swin_t+vit_b16,
FMD,resmlp,42,3,full,random_069,0.9695674458190504,0.97,7,6224,1.5059791410021717,densenet121+dinov2+drlbp+resnet50+siglip_base+swin_t+vit_b16,
FMD,resmlp,42,3,full,random_070,0.9695674458190504,0.97,7,5394,1.189758927001094,dinov2+eva02_base+glcm+resnet101+rgb_ngram_svd+swin_t+vit_b16,
FMD,resmlp,42,3,full,random_071,0.9595623109037744,0.96,7,3528,1.3457996609977272,convnext_v2_t+deit_s+glcm+lbp+mae_base+siglip_base+vit_b16,
FMD,resmlp,42,3,full,random_072,0.9547180803791843,0.955,7,4352,1.240965855999093,densenet121+dinov2+dinov2_small+drlbp+efficientnet_b0+gabor+swin_t,
FMD,resmlp,42,3,full,random_073,0.9751125703564728,0.975,7,3968,1.0926399799973296,drlbp+efficientnet_b0+eva02_base+gabor+rgb_ngram_svd+swin_t+vit_b16,
FMD,resmlp,42,3,full,random_074,0.9189957443936905,0.92,7,4992,1.2107610029997886,deit_s+dinov2_small+drlbp+efficientnet_b0+gabor+resnet101+swin_t,
FMD,resmlp,42,3,full,random_075,0.9546533922657158,0.955,7,4248,1.2287826210013009,dinov2_large+drlbp+glcm+lbp+resnet50+rgb_ngram_svd+swin_t,
FMD,resmlp,42,3,full,random_076,0.9395153125448378,0.94,7,7350,1.3833523409994086,densenet121+dinov2_small+lbp+rgb_ngram_svd+swin_t+vgg16+vit_b16,
FMD,resmlp,42,3,full,random_077,0.9548436052608068,0.955,7,4944,1.2559649809991242,densenet121+drlbp+efficientnet_b0+rgb_ngram_svd+siglip_base+swin_t+vit_b16,
FMD,resmlp,42,3,full,random_078,0.9495591839494277,0.95,7,6832,1.5701718400014215,convnext_v2_t+dinov2_small+gabor+mae_base+resnet101+resnet50+vit_b16,
FMD,resmlp,42,3,full,random_079,0.96021978021978,0.96,7,4700,1.3908695399986755,efficientnet_b0+gabor+glcm+hog+lbp+siglip_base+vit_b16,
FMD,resmlp,42,3,full,random_080,0.9551772336290354,0.955,7,9600,1.3837277220009128,deit_s+densenet121+dinov2_large+resnet101+rgb_ngram_svd+vgg16+vit_b16,
FMD,resmlp,42,3,full,random_081,0.9597091462239089,0.96,7,2614,1.124716679998528,convnext_v2_t+deit_s+dinov2_large+drlbp+gabor+lbp+rgb_ngram_svd,
FMD,resmlp,42,3,full,random_082,0.9398270300516769,0.94,7,7248,1.0780812599987257,convnext_v2_t+deit_s+dinov2_small+drlbp+swin_t+vgg16+vit_b16,
FMD,resmlp,42,3,full,random_083,0.9697342088805503,0.97,7,5658,1.4069048710007337,convnext_v2_t+densenet121+dinov2_large+hog+lbp+mae_base+rgb_ngram_svd,
FMD,resmlp,42,3,full,random_084,0.9597190208165817,0.96,7,6290,1.2036105160004809,dinov2_large+dinov2_small+efficientnet_b0+glcm+mae_base+resnet50+vit_b16,
FMD,resmlp,42,3,full,random_085,0.9799937460913071,0.98,7,4808,0.9924774159990193,convnext_v2_t+deit_s+dinov2+glcm+lbp+resnet50+siglip_base,
FMD,resmlp,42,3,full,random_086,0.9499107429595235,0.95,7,10112,1.1642166239980725,dinov2_small+efficientnet_b0+eva02_base+mae_base+resnet50+vgg16+vit_b16,
FMD,resmlp,42,3,full,random_087,0.9451366677348109,0.945,7,8034,1.639306814999145,convnext_v2_t+drlbp+glcm+resnet101+rgb_ngram_svd+siglip_base+vgg16,
FMD,resmlp,42,3,full,random_088,0.9544372327299155,0.955,7,5010,1.346444036000321,convnext_v2_t+dinov2_small+glcm+mae_base+resnet50+rgb_ngram_svd+vit_b16,
FMD,resmlp,42,3,full,random_089,0.9899937460913071,0.99,7,7826,1.3715615820001403,convnext_v2_t+dinov2_large+dinov2_small+eva02_base+glcm+mae_base+vgg16,
FMD,resmlp,42,3,full,random_090,0.9849937460913072,0.985,7,6278,1.5567029249978077,densenet121+dinov2_large+drlbp+efficientnet_b0+eva02_base+lbp+resnet101,
FMD,resmlp,42,3,full,random_091,0.9749785580273386,0.975,7,6420,1.6825952969993523,deit_s+dinov2_large+dinov2_small+gabor+hog+resnet101+vit_b16,
FMD,resmlp,42,3,full,random_092,0.9849906191369605,0.985,7,6930,1.3516025930002797,densenet121+dinov2_large+efficientnet_b0+eva02_base+glcm+resnet101+swin_t,
FMD,resmlp,42,3,full,random_093,0.9197601554212593,0.92,7,3078,1.3264589599966712,convnext_v2_t+deit_s+drlbp+lbp+mae_base+rgb_ngram_svd+swin_t,
FMD,resmlp,42,3,full,random_094,0.9341779933243348,0.935,7,6802,1.6582188599968504,dinov2_small+efficientnet_b0+glcm+mae_base+resnet101+resnet50+rgb_ngram_svd,
FMD,resmlp,42,3,full,random_095,0.9546897735780323,0.955,7,7984,1.9537045869983558,densenet121+efficientnet_b0+eva02_base+gabor+mae_base+resnet101+resnet50,
FMD,resmlp,42,3,full,random_096,0.979855666370429,0.98,7,4864,1.391326217999449,dinov2_small+drlbp+efficientnet_b0+eva02_base+gabor+resnet101+rgb_ngram_svd,
FMD,resmlp,42,3,full,random_097,0.9644611763931404,0.965,7,7286,1.6624938979985018,deit_s+dinov2+dinov2_large+efficientnet_b0+glcm+hog+resnet101,
FMD,resmlp,42,3,full,random_098,0.9849937460913072,0.985,7,6326,1.7083487800009607,dinov2_large+dinov2_small+efficientnet_b0+eva02_base+lbp+mae_base+resnet50,
FMD,resmlp,42,3,full,random_099,0.9449463010246066,0.945,7,7632,1.7498379280004883,dinov2_small+drlbp+efficientnet_b0+mae_base+rgb_ngram_svd+siglip_base+vgg16,
FMD,resmlp,42,4,full,random_000,0.9651678057441261,0.965,4,2944,1.0074409839980945,deit_s+dinov2_large+eva02_base+mae_base,
FMD,resmlp,42,4,full,random_001,0.9649624295259726,0.965,4,3218,1.0143513650000386,dinov2_small+eva02_base+glcm+resnet50,
FMD,resmlp,42,4,full,random_002,0.9604926652295072,0.96,4,4068,1.3130078629983473,convnext_v2_t+dinov2+hog+mae_base,
FMD,resmlp,42,4,full,random_003,0.9504983674303314,0.95,4,3888,1.084079524000117,dinov2_large+eva02_base+gabor+resnet101,
FMD,resmlp,42,4,full,random_004,0.9145452825748077,0.915,4,1664,1.1482641229995352,drlbp+gabor+swin_t+vit_b16,
FMD,resmlp,42,4,full,random_005,0.9076079200832703,0.905,4,3812,1.625770029000705,densenet121+hog+rgb_ngram_svd+vit_b16,
FMD,resmlp,42,4,full,random_006,0.9749937460913071,0.975,4,1810,0.9451228279976931,eva02_base+glcm+rgb_ngram_svd+siglip_base,
FMD,resmlp,42,4,full,random_007,0.9607953435809661,0.96,4,3090,0.8626865570004156,dinov2+dinov2_large+efficientnet_b0+glcm,
FMD,resmlp,42,4,full,random_008,0.95004944349617,0.95,4,1158,1.1475047140011156,drlbp+lbp+rgb_ngram_svd+siglip_base,
FMD,resmlp,42,4,full,random_009,0.8668679925708913,0.865,4,3860,1.46475981399999,efficientnet_b0+gabor+hog+swin_t,
FMD,resmlp,42,4,full,random_010,0.9550485347711966,0.955,4,2614,1.0139317979992484,densenet121+eva02_base+lbp+vit_b16,
FMD,resmlp,42,4,full,random_011,0.870232451025134,0.87,4,5168,1.178730858999188,gabor+rgb_ngram_svd+vgg16+vit_b16,
FMD,resmlp,42,4,full,random_012,0.965167805744126,0.965,4,1616,0.8052712550015713,deit_s+dinov2+dinov2_small+drlbp,
FMD,resmlp,42,4,full,random_013,0.8820440697920985,0.88,4,4148,1.3224095569967176,drlbp+hog+resnet101+rgb_ngram_svd,
FMD,resmlp,42,4,full,random_014,0.9351761500670358,0.935,4,2640,1.1387646449984459,convnext_v2_t+densenet121+drlbp+swin_t,
FMD,resmlp,42,4,full,random_015,0.8954440650076082,0.895,4,3766,1.3492163679984515,deit_s+efficientnet_b0+lbp+resnet101,
FMD,resmlp,42,4,full,random_016,0.9212921590777817,0.92,4,4352,0.9884847060020547,efficientnet_b0+resnet101+rgb_ngram_svd+vit_b16,
FMD,resmlp,42,4,full,random_017,0.9159591385683212,0.915,4,5266,1.0924153589985508,dinov2_small+glcm+vgg16+vit_b16,
FMD,resmlp,42,4,full,random_018,0.9604984724304364,0.96,4,3584,0.7773047240007145,convnext_v2_t+dinov2+efficientnet_b0+vit_b16,
FMD,resmlp,42,4,full,random_019,0.9213276254515705,0.92,4,6682,1.2543518089987629,dinov2+hog+lbp+vgg16,
FMD,resmlp,42,4,full,random_020,0.9699718103890118,0.97,4,3328,0.9485350370014203,dinov2+dinov2_large+eva02_base+swin_t,
FMD,resmlp,42,4,full,random_021,0.9212660018319448,0.92,4,3968,1.176604000000225,convnext_v2_t+deit_s+resnet50+swin_t,
FMD,resmlp,42,4,full,random_022,0.9653796481652707,0.965,4,3602,0.9995357490006427,dinov2+glcm+resnet50+siglip_base,
FMD,resmlp,42,4,full,random_023,0.9310182507550928,0.93,4,6528,1.4412308580031095,dinov2+dinov2_small+efficientnet_b0+vgg16,
FMD,resmlp,42,4,full,random_024,0.9600485347711964,0.96,4,3632,1.5811851559992647,eva02_base+gabor+resnet50+vit_b16,
FMD,resmlp,42,4,full,random_025,0.9504983674303314,0.95,4,5348,2.279601886999444,hog+resnet101+siglip_base+vit_b16,
FMD,resmlp,42,4,full,random_026,0.8955609549311461,0.895,4,1254,1.5135147670007427,convnext_v2_t+deit_s+gabor+lbp,
FMD,resmlp,42,4,full,random_027,0.9506364471512097,0.95,4,4608,1.4790025529982813,dinov2_large+resnet101+siglip_base+vit_b16,
FMD,resmlp,42,4,full,random_028,0.936295980442322,0.935,4,4214,1.9674273239979811,dinov2_small+glcm+hog+resnet50,
FMD,resmlp,42,4,full,random_029,0.9602337532825338,0.96,4,3894,1.1679499719975865,dinov2+dinov2_large+lbp+resnet50,
FMD,resmlp,42,4,full,random_030,0.8706075258097827,0.87,4,2944,1.6561695950003923,drlbp+gabor+resnet50+swin_t,
FMD,resmlp,42,4,full,random_031,0.9311142895169239,0.93,4,7936,1.5070050290014478,densenet121+dinov2+resnet50+vgg16,
FMD,resmlp,42,4,full,random_032,0.9014422881528145,0.9,4,2176,1.489725964001991,convnext_v2_t+deit_s+mae_base+rgb_ngram_svd,
FMD,resmlp,42,4,full,random_033,0.876145305684291,0.875,4,3172,1.6748309579998022,deit_s+hog+rgb_ngram_svd+vit_b16,
FMD,resmlp,42,4,full,random_034,0.9000655908946916,0.9,4,2934,1.9404017880005995,convnext_v2_t+deit_s+glcm+hog,
FMD,resmlp,42,4,full,random_035,0.9403945996949847,0.94,4,5686,1.428044794996822,convnext_v2_t+eva02_base+lbp+vgg16,
FMD,resmlp,42,4,full,random_036,0.9650848274532485,0.965,4,4224,1.040150729000743,dinov2_large+dinov2_small+eva02_base+resnet101,
FMD,resmlp,42,4,full,random_037,0.9558830734513049,0.955,4,2230,1.1700421440000355,convnext_v2_t+deit_s+dinov2_large+lbp,
FMD,resmlp,42,4,full,random_038,0.9501673590363622,0.95,4,2896,1.2339066819986328,convnext_v2_t+drlbp+efficientnet_b0+eva02_base,
FMD,resmlp,42,4,full,random_039,0.9696878357853969,0.97,4,3300,1.920455575997039,deit_s+dinov2_small+hog+siglip_base,
FMD,resmlp,42,4,full,random_040,0.9653085657115869,0.965,4,5120,1.4396147510014998,dinov2+dinov2_large+efficientnet_b0+resnet101,
FMD,resmlp,42,4,full,random_041,0.9360754628341278,0.935,4,7012,1.5186140250007156,dinov2+dinov2_small+hog+vgg16,
FMD,resmlp,42,4,full,random_042,0.8712354783439509,0.87,4,6966,2.220745998001803,lbp+mae_base+resnet50+vgg16,
FMD,resmlp,42,4,full,random_043,0.861541618872446,0.86,4,1872,1.832668636001472,drlbp+mae_base+rgb_ngram_svd+vit_b16,
FMD,resmlp,42,4,full,random_044,0.9262636490439695,0.925,4,3888,1.7610392129972752,convnext_v2_t+densenet121+gabor+resnet101,
FMD,resmlp,42,4,full,random_045,0.9508788275035414,0.95,4,5348,1.9579996739994385,convnext_v2_t+hog+resnet101+vit_b16,
FMD,resmlp,42,4,full,random_046,0.8358391314467026,0.835,4,2230,2.314540316001512,deit_s+densenet121+lbp+mae_base,
FMD,resmlp,42,4,full,random_047,0.8566595001062268,0.855,4,4250,2.0566243100001884,deit_s+hog+lbp+resnet50,
FMD,resmlp,42,4,full,random_048,0.9653733942565778,0.965,4,1286,1.282976525999402,convnext_v2_t+dinov2_small+drlbp+lbp,
FMD,resmlp,42,4,full,random_049,0.9600988005160019,0.96,4,2816,1.2574877129991364,dinov2_large+eva02_base+mae_base+rgb_ngram_svd,
FMD,resmlp,42,4,full,random_050,0.9600615363182159,0.96,4,6272,1.4832408750007744,dinov2_large+dinov2_small+siglip_base+vgg16,
FMD,resmlp,42,4,full,random_051,0.9651928684007677,0.965,4,2560,1.123407615999895,eva02_base+rgb_ngram_svd+siglip_base+vit_b16,
FMD,resmlp,42,4,full,random_052,0.9162762038832251,0.915,4,5266,1.5512242789991433,deit_s+eva02_base+glcm+vgg16,
FMD,resmlp,42,4,full,random_053,0.9510333159292769,0.95,4,2586,1.5825525889995333,deit_s+dinov2_small+hog+lbp,
FMD,resmlp,42,4,full,random_054,0.9557028615372646,0.955,4,2608,1.2542960020000464,dinov2_large+efficientnet_b0+gabor+rgb_ngram_svd,
FMD,resmlp,42,4,full,random_055,0.9258067620583667,0.925,4,5712,1.5000680499979353,drlbp+eva02_base+swin_t+vgg16,
FMD,resmlp,42,4,full,random_056,0.9316951312533719,0.93,4,8960,1.6872359910012165,dinov2+resnet101+resnet50+vgg16,
FMD,resmlp,42,4,full,random_057,0.7949072100939433,0.795,4,2934,2.0732358870009193,deit_s+glcm+hog+mae_base,
FMD,resmlp,42,4,full,random_058,0.9602897569636383,0.96,4,5888,1.5648324200010393,dinov2_large+resnet101+resnet50+siglip_base,
FMD,resmlp,42,4,full,random_059,0.7992202206579613,0.795,4,6932,2.1225821890002408,densenet121+gabor+hog+vgg16,
FMD,resmlp,42,4,full,random_060,0.9653765212109244,0.965,4,5348,1.947227943001053,dinov2+hog+resnet50+siglip_base,
FMD,resmlp,42,4,full,random_061,0.9513957624299758,0.95,4,4370,1.3727583860018058,dinov2_large+efficientnet_b0+glcm+resnet50,
FMD,resmlp,42,4,full,random_062,0.9111725339581567,0.91,4,3840,1.3961511069974222,mae_base+resnet50+rgb_ngram_svd+vit_b16,
FMD,resmlp,42,4,full,random_063,0.9060726001996862,0.905,4,5840,1.6075303229990823,dinov2_small+drlbp+efficientnet_b0+vgg16,
FMD,resmlp,42,4,full,random_064,0.8682229604370523,0.865,4,4122,2.173990220999258,hog+lbp+resnet50+rgb_ngram_svd,
FMD,resmlp,42,4,full,random_065,0.9400982093129151,0.94,4,1872,1.3901686499993957,dinov2+drlbp+mae_base+rgb_ngram_svd,
FMD,resmlp,42,4,full,random_066,0.9362164400996237,0.935,4,5650,1.5320393910005805,convnext_v2_t+glcm+siglip_base+vgg16,
FMD,resmlp,42,4,full,random_067,0.955657263860088,0.955,4,2888,1.11165935399913,dinov2+glcm+lbp+resnet101,
FMD,resmlp,42,4,full,random_068,0.9454242630224062,0.945,4,1920,1.526429809997353,densenet121+dinov2+drlbp+gabor,
FMD,resmlp,42,4,full,random_069,0.9651928684007676,0.965,4,2834,1.3422134370011918,dinov2+efficientnet_b0+eva02_base+glcm,
FMD,resmlp,42,4,full,random_070,0.9699718103890118,0.97,4,2944,1.1611510930015356,dinov2_large+dinov2_small+eva02_base+siglip_base,
FMD,resmlp,42,4,full,random_071,0.941124073473239,0.94,4,2578,1.1733276039994962,convnext_v2_t+dinov2_large+glcm+vit_b16,
FMD,resmlp,42,4,full,random_072,0.9501741066746888,0.95,4,5296,1.6327125640018494,dinov2_small+eva02_base+gabor+vgg16,
FMD,resmlp,42,4,full,random_073,0.9553613331469556,0.955,4,2996,1.65743072999976,deit_s+dinov2+drlbp+hog,
FMD,resmlp,42,4,full,random_074,0.9174797570850203,0.915,4,8676,2.080236462999892,convnext_v2_t+hog+resnet50+vgg16,
FMD,resmlp,42,4,full,random_075,0.9266939868427283,0.925,4,3280,1.361148370000592,convnext_v2_t+deit_s+drlbp+resnet50,
FMD,resmlp,42,4,full,random_076,0.9547806886689474,0.955,4,2224,1.398521172002802,deit_s+densenet121+eva02_base+gabor,
FMD,resmlp,42,4,full,random_077,0.8013507619894014,0.8,4,5430,1.8302102470006503,densenet121+lbp+rgb_ngram_svd+vgg16,
FMD,resmlp,42,4,full,random_078,0.7355170296633712,0.735,4,2220,2.063950283001759,deit_s+glcm+hog+lbp,
FMD,resmlp,42,4,full,random_079,0.8270237585834505,0.825,4,2640,1.709053220001806,densenet121+drlbp+efficientnet_b0+rgb_ngram_svd,
FMD,resmlp,42,4,full,random_080,0.9699718103890118,0.97,4,2230,1.3729690189975372,densenet121+dinov2+dinov2_small+lbp,
FMD,resmlp,42,4,full,random_081,0.9650915750915751,0.965,4,3632,1.6949953789990104,eva02_base+gabor+resnet50+siglip_base,
FMD,resmlp,42,4,full,random_082,0.9209453704190548,0.92,4,2066,1.4321463989981567,dinov2_large+glcm+mae_base+rgb_ngram_svd,
FMD,resmlp,42,4,full,random_083,0.9154340449751979,0.915,4,5248,1.626179584000056,deit_s+resnet101+resnet50+swin_t,
FMD,resmlp,42,4,full,random_084,0.9102771337503714,0.91,4,2944,1.47419662700122,deit_s+densenet121+mae_base+vit_b16,
FMD,resmlp,42,4,full,random_085,0.9156068053918546,0.915,4,5120,1.8376416909995896,densenet121+efficientnet_b0+resnet50+vit_b16,
FMD,resmlp,42,4,full,random_086,0.9413446452278288,0.94,4,6224,1.812738922999415,densenet121+dinov2_large+drlbp+vgg16,
FMD,resmlp,42,4,full,random_087,0.9601906501713946,0.96,4,3200,1.6490624329999264,densenet121+dinov2_large+dinov2_small+mae_base,
FMD,resmlp,42,4,full,random_088,0.9157855478042297,0.915,4,4930,1.643970591998368,eva02_base+gabor+glcm+vgg16,
FMD,resmlp,42,4,full,random_089,0.9603796481652707,0.96,4,2614,1.2363620629985235,convnext_v2_t+dinov2_large+eva02_base+lbp,
FMD,resmlp,42,4,full,random_090,0.9308780350019863,0.93,4,3254,1.8092575190021307,dinov2_small+lbp+mae_base+resnet50,
FMD,resmlp,42,4,full,random_091,0.9453163709774749,0.945,4,3920,1.441125960998761,dinov2_large+drlbp+resnet101+vit_b16,
FMD,resmlp,42,4,full,random_092,0.941055125143194,0.94,4,3172,1.3463116630009608,deit_s+dinov2+hog+rgb_ngram_svd,
FMD,resmlp,42,4,full,random_093,0.950033346707228,0.95,4,4068,1.5184916040016105,convnext_v2_t+eva02_base+hog+vit_b16,
FMD,resmlp,42,4,full,random_094,0.9604926652295072,0.96,4,2914,1.3970012850004423,dinov2+drlbp+glcm+resnet101,
FMD,resmlp,42,4,full,random_095,0.8708294257080714,0.87,4,3408,1.553812851998373,densenet121+drlbp+resnet50+rgb_ngram_svd,
FMD,resmlp,42,4,full,random_096,0.9602368802368803,0.96,4,3348,1.6796776299997873,gabor+hog+siglip_base+vit_b16,
FMD,resmlp,42,4,full,random_097,0.9552207517355142,0.955,4,3072,1.1414248929977475,dinov2+siglip_base+swin_t+vit_b16,
FMD,resmlp,42,4,full,random_098,0.9166845639636726,0.915,4,6992,1.7330109829999856,drlbp+resnet101+siglip_base+vgg16,
FMD,resmlp,42,4,full,random_099,0.9157580101451132,0.915,4,2322,1.3792714510018413,efficientnet_b0+glcm+rgb_ngram_svd+vit_b16,
FMD,resmlp,123,0,full,random_000,0.8686052671194624,0.87,5,2816,1.7617762340014451,deit_s+densenet121+drlbp+efficientnet_b0+gabor,
FMD,resmlp,123,0,full,random_001,0.9550803133537407,0.955,5,7012,1.7280409279992455,convnext_v2_t+dinov2_small+hog+resnet101+resnet50,
FMD,resmlp,123,0,full,random_002,0.9451875232170484,0.945,5,5376,1.340414600999793,densenet121+efficientnet_b0+eva02_base+resnet50+rgb_ngram_svd,
FMD,resmlp,123,0,full,random_003,0.9749785580273386,0.975,5,4242,1.1530550909992598,deit_s+dinov2_large+eva02_base+glcm+resnet101,
FMD,resmlp,123,0,full,random_004,0.9503358108213765,0.95,5,9728,1.6146857159983483,convnext_v2_t+resnet101+resnet50+siglip_base+vgg16,
FMD,resmlp,123,0,full,random_005,0.9751959953551139,0.975,5,4864,1.3048035760002676,densenet121+dinov2+dinov2_large+efficientnet_b0+siglip_base,
FMD,resmlp,123,0,full,random_006,0.9653479853479853,0.965,5,4370,1.466776598001161,densenet121+dinov2_large+glcm+resnet50+rgb_ngram_svd,
FMD,resmlp,123,0,full,random_007,0.9799718103890118,0.98,5,3346,1.2512335280007392,dinov2_large+eva02_base+glcm+mae_base+siglip_base,
FMD,resmlp,123,0,full,random_008,0.9206615271762898,0.92,5,5650,1.6716816939988348,glcm+resnet101+resnet50+swin_t+vit_b16,
FMD,resmlp,123,0,full,random_009,0.9803309481216458,0.98,5,5570,1.472923378001724,dinov2_large+dinov2_small+gabor+glcm+vgg16,
FMD,resmlp,123,0,full,random_010,0.9651996160390942,0.965,5,7984,1.49208017699857,dinov2_large+eva02_base+gabor+resnet101+vgg16,
FMD,resmlp,123,0,full,random_011,0.8750689338494217,0.875,5,5606,1.7824447939965467,deit_s+densenet121+gabor+lbp+vgg16,
FMD,resmlp,123,0,full,random_012,0.9700579156342357,0.97,5,3456,1.4944870860017545,dinov2_small+mae_base+siglip_base+swin_t+vit_b16,
FMD,resmlp,123,0,full,random_013,0.9703318568466195,0.97,5,4114,1.276903140002105,dinov2_large+glcm+resnet101+rgb_ngram_svd+vit_b16,
FMD,resmlp,123,0,full,random_014,0.8288098528000608,0.83,5,2438,1.3211985420020937,drlbp+efficientnet_b0+lbp+mae_base+rgb_ngram_svd,
FMD,resmlp,123,0,full,random_015,0.969977617589941,0.97,5,3840,1.2097597979991406,convnext_v2_t+dinov2+efficientnet_b0+rgb_ngram_svd+siglip_base,
FMD,resmlp,123,0,full,random_016,0.9599744906355945,0.96,5,2022,1.3406206919971737,deit_s+eva02_base+gabor+lbp+mae_base,
FMD,resmlp,123,0,full,random_017,0.9548499061913697,0.955,5,3718,1.8381329129988444,drlbp+lbp+mae_base+resnet101+siglip_base,
FMD,resmlp,123,0,full,random_018,0.9549472414620039,0.955,5,4608,1.021501621002244,convnext_v2_t+dinov2+resnet50+rgb_ngram_svd+swin_t,
FMD,resmlp,123,0,full,random_019,0.969681581876704,0.97,5,2864,1.0243179950011836,densenet121+dinov2+gabor+rgb_ngram_svd+siglip_base,
FMD,resmlp,123,0,full,random_020,0.9405260708383375,0.94,5,3382,1.197956203999638,densenet121+lbp+mae_base+swin_t+vit_b16,
FMD,resmlp,123,0,full,random_021,0.9353886732448992,0.935,5,5942,1.366121443999873,convnext_v2_t+lbp+mae_base+rgb_ngram_svd+vgg16,
FMD,resmlp,123,0,full,random_022,0.9749785580273386,0.975,5,4096,1.0100300249978318,dinov2+dinov2_large+eva02_base+siglip_base+swin_t,
FMD,resmlp,123,0,full,random_023,0.9500004688887277,0.95,5,2352,0.9835983850025514,deit_s+dinov2_small+gabor+swin_t+vit_b16,
FMD,resmlp,123,0,full,random_024,0.9103339334340619,0.91,5,3656,1.371039084999211,glcm+lbp+resnet101+swin_t+vit_b16,
FMD,resmlp,123,0,full,random_025,0.9397823494335121,0.94,5,5522,1.4842781400002423,dinov2_small+glcm+mae_base+rgb_ngram_svd+vgg16,
FMD,resmlp,123,0,full,random_026,0.964837351352114,0.965,5,4324,1.2790758240007563,dinov2+eva02_base+hog+rgb_ngram_svd+swin_t,
FMD,resmlp,123,0,full,random_027,0.9504103735275182,0.95,5,3632,1.303779851001309,dinov2+efficientnet_b0+gabor+mae_base+vit_b16,
FMD,resmlp,123,0,full,random_028,0.9649776175899412,0.965,5,2438,1.0181774369993946,drlbp+eva02_base+lbp+mae_base+siglip_base,
FMD,resmlp,123,0,full,random_029,0.8953693824361346,0.895,5,7168,1.2800327010008914,efficientnet_b0+rgb_ngram_svd+swin_t+vgg16+vit_b16,
FMD,resmlp,123,0,full,random_030,0.9602376485303313,0.96,5,4608,1.0133497069982695,deit_s+dinov2_large+dinov2_small+mae_base+resnet101,
FMD,resmlp,123,0,full,random_031,0.9649744906355945,0.965,5,4608,1.0517982839992328,convnext_v2_t+dinov2+eva02_base+resnet50+rgb_ngram_svd,
FMD,resmlp,123,0,full,random_032,0.9651996160390942,0.965,5,7268,1.5176598350008135,dinov2_large+dinov2_small+hog+resnet101+resnet50,
FMD,resmlp,123,0,full,random_033,0.9600615363182159,0.96,5,5734,1.1651488079987757,dinov2+gabor+lbp+swin_t+vgg16,
FMD,resmlp,123,0,full,random_034,0.9204193645464507,0.92,5,3686,1.3886165849980898,gabor+lbp+mae_base+resnet101+vit_b16,
FMD,resmlp,123,0,full,random_035,0.889679319048964,0.89,5,5840,1.5226950030009903,deit_s+drlbp+efficientnet_b0+resnet101+resnet50,
FMD,resmlp,123,0,full,random_036,0.9749785580273386,0.975,5,5968,1.1868108130001929,dinov2_large+drlbp+eva02_base+resnet101+resnet50,
FMD,resmlp,123,0,full,random_037,0.9555735727686946,0.955,5,3732,1.3536674470014987,convnext_v2_t+dinov2_small+gabor+hog+vit_b16,
FMD,resmlp,123,0,full,random_038,0.9347762839226252,0.935,5,8210,1.3974881840003945,dinov2+efficientnet_b0+glcm+resnet101+vgg16,
FMD,resmlp,123,0,full,random_039,0.8698711912422097,0.87,5,3306,1.8371247319992108,deit_s+densenet121+drlbp+hog+lbp,
FMD,resmlp,123,0,full,random_040,0.9502154382642185,0.95,5,7168,1.2911388790016645,dinov2_large+efficientnet_b0+resnet101+resnet50+swin_t,
FMD,resmlp,123,0,full,random_041,0.9651996160390942,0.965,5,3504,1.2206789550000394,densenet121+dinov2+dinov2_small+efficientnet_b0+gabor,
FMD,resmlp,123,0,full,random_042,0.9701798668537481,0.97,5,2816,1.128816658998403,deit_s+dinov2_large+drlbp+efficientnet_b0+gabor,
FMD,resmlp,123,0,full,random_043,0.9600853211828821,0.96,5,3248,1.0085530479991576,dinov2+dinov2_small+efficientnet_b0+gabor+swin_t,
FMD,resmlp,123,0,full,random_044,0.969977617589941,0.97,5,5376,1.144453667999187,convnext_v2_t+densenet121+dinov2+resnet101+siglip_base,
FMD,resmlp,123,0,full,random_045,0.9653354775305993,0.965,5,1608,1.0555456740003137,convnext_v2_t+deit_s+dinov2_small+glcm+lbp,
FMD,resmlp,123,0,full,random_046,0.9446541398980424,0.945,5,6418,1.2644855430007738,dinov2+efficientnet_b0+glcm+rgb_ngram_svd+vgg16,
FMD,resmlp,123,0,full,random_047,0.9047397809721301,0.905,5,3858,1.1845884670001396,densenet121+efficientnet_b0+glcm+swin_t+vit_b16,
FMD,resmlp,123,0,full,random_048,0.945144088678435,0.945,5,5504,1.3144086519969278,densenet121+dinov2_small+efficientnet_b0+mae_base+resnet101,
FMD,resmlp,123,0,full,random_049,0.9748556663704289,0.975,5,3346,1.0223471649987914,densenet121+dinov2+eva02_base+glcm+swin_t,
FMD,resmlp,123,0,full,random_050,0.8660740722216378,0.865,5,2890,1.6315514920024725,gabor+hog+lbp+rgb_ngram_svd+swin_t,
FMD,resmlp,123,0,full,random_051,0.9151367331855136,0.915,5,7734,1.5489143569975568,convnext_v2_t+lbp+resnet50+swin_t+vgg16,
FMD,resmlp,123,0,full,random_052,0.8740797362556029,0.875,5,2678,1.6827741429988237,drlbp+gabor+glcm+hog+vit_b16,
FMD,resmlp,123,0,full,random_053,0.9751928684007675,0.975,5,4864,1.183250386002328,convnext_v2_t+densenet121+dinov2_large+efficientnet_b0+siglip_base,
FMD,resmlp,123,0,full,random_054,0.9148123357173423,0.915,5,6034,1.260965233999741,deit_s+glcm+swin_t+vgg16+vit_b16,
FMD,resmlp,123,0,full,random_055,0.965071410910889,0.965,5,2694,0.8898775099987688,dinov2+dinov2_large+drlbp+lbp+swin_t,
FMD,resmlp,123,0,full,random_056,0.9851067631555436,0.985,5,4660,1.2687572989998444,densenet121+dinov2+dinov2_large+drlbp+hog,
FMD,resmlp,123,0,full,random_057,0.9698404783064604,0.97,5,2432,0.7641245249978965,convnext_v2_t+drlbp+eva02_base+gabor+siglip_base,
FMD,resmlp,123,0,full,random_058,0.965071410910889,0.965,5,4480,1.0836645160015905,densenet121+dinov2_large+dinov2_small+efficientnet_b0+eva02_base,
FMD,resmlp,123,0,full,random_059,0.9600633854805871,0.96,5,4864,1.0759648919993197,densenet121+resnet50+rgb_ngram_svd+siglip_base+vit_b16,
FMD,resmlp,123,0,full,random_060,0.9650485347711966,0.965,5,6704,1.2218232559971511,dinov2_large+gabor+siglip_base+swin_t+vgg16,
FMD,resmlp,123,0,full,random_061,0.9201707341928854,0.92,5,8576,1.3807055659999605,convnext_v2_t+deit_s+efficientnet_b0+resnet50+vgg16,
FMD,resmlp,123,0,full,random_062,0.9503698962093745,0.95,5,6192,1.2099509199979366,densenet121+gabor+rgb_ngram_svd+siglip_base+vgg16,
FMD,resmlp,123,0,full,random_063,0.9498997493734336,0.95,5,2506,1.3157844460001797,dinov2_small+gabor+hog+lbp+rgb_ngram_svd,
FMD,resmlp,123,0,full,random_064,0.9600615363182159,0.96,5,2742,0.9390477430024475,deit_s+dinov2+eva02_base+lbp+vit_b16,
FMD,resmlp,123,0,full,random_065,0.9094801967395035,0.91,5,3760,1.1213343199997325,deit_s+densenet121+gabor+resnet50+rgb_ngram_svd,
FMD,resmlp,123,0,full,random_066,0.9700579156342357,0.97,5,3888,0.9781759959987539,dinov2_large+efficientnet_b0+gabor+siglip_base+swin_t,
FMD,resmlp,123,0,full,random_067,0.8940045927806027,0.895,5,4884,1.7277363639987016,densenet121+efficientnet_b0+gabor+hog+swin_t,
FMD,resmlp,123,0,full,random_068,0.9749785580273386,0.975,5,3382,1.0053700759999629,dinov2_large+efficientnet_b0+lbp+rgb_ngram_svd+siglip_base,
FMD,resmlp,123,0,full,random_069,0.9703287298922729,0.97,5,5268,1.3449103120001382,deit_s+dinov2_large+gabor+hog+resnet50,
FMD,resmlp,123,0,full,random_070,0.9799718103890118,0.98,5,3510,1.0495404550019884,deit_s+dinov2_large+efficientnet_b0+lbp+siglip_base,
FMD,resmlp,123,0,full,random_071,0.9249770139308009,0.925,5,6546,1.0360130320004828,dinov2_small+efficientnet_b0+glcm+swin_t+vgg16,
FMD,resmlp,123,0,full,random_072,0.9105306026166102,0.91,5,2230,1.0309162170015043,deit_s+lbp+rgb_ngram_svd+swin_t+vit_b16,
FMD,resmlp,123,0,full,random_073,0.9197127669078888,0.92,5,7476,1.1757184300004155,convnext_v2_t+drlbp+hog+swin_t+vgg16,
FMD,resmlp,123,0,full,random_074,0.9799937460913071,0.98,5,4634,1.2791355240005942,densenet121+dinov2_large+eva02_base+hog+lbp,
FMD,resmlp,123,0,full,random_075,0.9200414497782919,0.92,5,4162,1.1312311360015883,convnext_v2_t+efficientnet_b0+gabor+glcm+resnet101,
FMD,resmlp,123,0,full,random_076,0.9251823901489544,0.925,5,2048,1.2421080249987426,convnext_v2_t+deit_s+drlbp+gabor+mae_base,
FMD,resmlp,123,0,full,random_077,0.9400593180888432,0.94,5,3254,1.060566664000362,convnext_v2_t+deit_s+efficientnet_b0+lbp+vit_b16,
FMD,resmlp,123,0,full,random_078,0.9751996160390941,0.975,5,5632,1.0427838010000414,densenet121+dinov2+dinov2_large+resnet50+swin_t,
FMD,resmlp,123,0,full,random_079,0.9552821683993132,0.955,5,4114,0.9752909829985583,dinov2_large+glcm+resnet50+rgb_ngram_svd+swin_t,
FMD,resmlp,123,0,full,random_080,0.9653256029379265,0.965,5,2736,0.8542812389969185,convnext_v2_t+dinov2+dinov2_small+gabor+vit_b16,
FMD,resmlp,123,0,full,random_081,0.9698404783064604,0.97,5,7990,1.0288303429988446,dinov2_large+eva02_base+lbp+resnet50+vgg16,
FMD,resmlp,123,0,full,random_082,0.9450264402703427,0.945,5,7728,1.0449903330008965,dinov2+gabor+resnet50+swin_t+vgg16,
FMD,resmlp,123,0,full,random_083,0.9799718103890118,0.98,5,4864,1.00625880699954,dinov2_large+mae_base+resnet101+rgb_ngram_svd+siglip_base,
FMD,resmlp,123,0,full,random_084,0.84892862717653,0.85,5,3446,1.4584200739991502,deit_s+densenet121+glcm+hog+rgb_ngram_svd,
FMD,resmlp,123,0,full,random_085,0.9753278211672993,0.975,5,6528,1.1136551529998542,dinov2_small+efficientnet_b0+resnet101+resnet50+siglip_base,
FMD,resmlp,123,0,full,random_086,0.9701996160390941,0.97,5,7322,1.3374594080014504,dinov2_large+dinov2_small+hog+lbp+vgg16,
FMD,resmlp,123,0,full,random_087,0.970209905627107,0.97,5,4244,1.3485651049995795,deit_s+densenet121+dinov2_large+gabor+hog,
FMD,resmlp,123,0,full,random_088,0.9301192614414695,0.93,5,9060,1.4641773450020992,deit_s+hog+resnet50+vgg16+vit_b16,
FMD,resmlp,123,0,full,random_089,0.9146478373307643,0.915,5,2736,0.8939042670026538,dinov2_small+efficientnet_b0+gabor+rgb_ngram_svd+swin_t,
FMD,resmlp,123,0,full,random_090,0.9598927652957865,0.96,5,2608,1.2947666180007218,deit_s+densenet121+dinov2_small+gabor+vit_b16,
FMD,resmlp,123,0,full,random_091,0.853409944032537,0.855,5,2854,1.4100216849983553,gabor+glcm+hog+rgb_ngram_svd+vit_b16,
FMD,resmlp,123,0,full,random_092,0.965061536318216,0.965,5,4272,1.1865426450021914,densenet121+dinov2_small+gabor+mae_base+resnet101,
FMD,resmlp,123,0,full,random_093,0.9601024211999821,0.96,5,7296,1.310998319000646,densenet121+dinov2_large+dinov2_small+swin_t+vgg16,
FMD,resmlp,123,0,full,random_094,0.9698373513521137,0.97,5,5840,1.0305642410021392,dinov2_large+dinov2_small+drlbp+rgb_ngram_svd+vgg16,
FMD,resmlp,123,0,full,random_095,0.9552067786727607,0.955,5,2742,1.0299673509980494,deit_s+efficientnet_b0+eva02_base+lbp+rgb_ngram_svd,
FMD,resmlp,123,0,full,random_096,0.9501472156327815,0.95,5,3556,1.343144119000499,dinov2_small+drlbp+efficientnet_b0+gabor+hog,
FMD,resmlp,123,0,full,random_097,0.9502345215759849,0.95,5,5504,1.2184644829976605,deit_s+densenet121+efficientnet_b0+eva02_base+resnet101,
FMD,resmlp,123,0,full,random_098,0.969977617589941,0.97,5,3894,1.0729203579976456,dinov2+lbp+resnet50+rgb_ngram_svd+siglip_base,
FMD,resmlp,123,0,full,random_099,0.9449992613192302,0.945,5,5960,1.413637462999759,densenet121+dinov2+glcm+lbp+vgg16,
FMD,resmlp,123,1,full,random_000,0.9549534953706968,0.955,2,1408,1.0050547499995446,dinov2_large+dinov2_small,
FMD,resmlp,123,1,full,random_001,0.8496411733800093,0.85,2,1298,0.9849729159977869,efficientnet_b0+glcm,
FMD,resmlp,123,1,full,random_002,0.9143529008534831,0.915,2,438,0.9192707059992244,dinov2_small+lbp,
FMD,resmlp,123,1,full,random_003,0.2940297035132876,0.335,2,98,1.1945716990012443,drlbp+glcm,
FMD,resmlp,123,1,full,random_004,0.8408429305215002,0.84,2,2102,1.2183768590002728,lbp+resnet101,
FMD,resmlp,123,1,full,random_005,0.8846564180683654,0.885,2,1152,1.02069601799667,deit_s+swin_t,
FMD,resmlp,123,1,full,random_006,0.9492922268146915,0.95,2,1536,0.8223228309980186,siglip_base+vit_b16,
FMD,resmlp,123,1,full,random_007,0.22075227819968807,0.24,2,1782,1.1143092500024068,glcm+hog,
FMD,resmlp,123,1,full,random_008,0.9502889160376398,0.95,2,1152,0.9707860560010886,deit_s+siglip_base,
FMD,resmlp,123,1,full,random_009,0.9453575471905472,0.945,2,4864,1.2641994850018818,siglip_base+vgg16,
FMD,resmlp,123,1,full,random_010,0.6033090715308406,0.605,2,1024,1.0887953759993252,mae_base+rgb_ngram_svd,
FMD,resmlp,123,1,full,random_011,0.8702638271765357,0.87,2,4864,1.1729390809996403,vgg16+vit_b16,
FMD,resmlp,123,1,full,random_012,0.6097871238399909,0.615,2,2532,0.8242460969995591,hog+mae_base,
FMD,resmlp,123,1,full,random_013,0.8191599776861143,0.82,2,1024,1.229463535000832,rgb_ngram_svd+vit_b16,
FMD,resmlp,123,1,full,random_014,0.9549999751590939,0.955,2,1536,0.8278188459989906,eva02_base+swin_t,
FMD,resmlp,123,1,full,random_015,0.9501013022065653,0.95,2,2816,1.3286164159981126,resnet50+siglip_base,
FMD,resmlp,123,1,full,random_016,0.9245166916953942,0.925,2,1664,0.6785630649974337,dinov2_small+efficientnet_b0,
FMD,resmlp,123,1,full,random_017,0.9548869580948572,0.955,2,2048,0.8089320990002307,efficientnet_b0+eva02_base,
FMD,resmlp,123,1,full,random_018,0.7593628892030242,0.76,2,432,1.2912050419981824,deit_s+gabor,
FMD,resmlp,123,1,full,random_019,0.7593628892030242,0.76,2,432,1.2064566990011372,deit_s+gabor,
FMD,resmlp,123,1,full,random_020,0.9446057731451946,0.945,2,1024,0.7040937290003058,dinov2+rgb_ngram_svd,
FMD,resmlp,123,1,full,random_021,0.8902531757409806,0.89,2,4480,1.232750663999468,dinov2_small+vgg16,
FMD,resmlp,123,1,full,random_022,0.9195891464119962,0.92,2,1152,0.8124519949997193,deit_s+dinov2,
FMD,resmlp,123,1,full,random_023,0.9799906191369606,0.98,2,786,0.8249149120019865,glcm+siglip_base,
FMD,resmlp,123,1,full,random_024,0.9303360374189105,0.93,2,1152,0.913533119000931,dinov2_small+swin_t,
FMD,resmlp,123,1,full,random_025,0.8609096199134114,0.86,2,3812,1.3148239889997058,hog+resnet101,
FMD,resmlp,123,1,full,random_026,0.8215892002734109,0.82,2,5120,1.4525592950012651,densenet121+vgg16,
FMD,resmlp,123,1,full,random_027,0.9549534953706968,0.955,2,1408,0.9904354749996855,dinov2_large+dinov2_small,
FMD,resmlp,123,1,full,random_028,0.9650973822925042,0.965,2,3072,0.9791216900011932,dinov2_large+resnet101,
FMD,resmlp,123,1,full,random_029,0.9500956735616557,0.95,2,2816,0.9430146089980553,eva02_base+resnet101,
FMD,resmlp,123,1,full,random_030,0.8516708264076686,0.85,2,2128,1.1971663389995228,drlbp+resnet101,
FMD,resmlp,123,1,full,random_031,0.979855666370429,0.98,2,1536,1.023449566000636,mae_base+siglip_base,
FMD,resmlp,123,1,full,random_032,0.7967153882943356,0.795,2,4150,1.5198051990009844,lbp+vgg16,
FMD,resmlp,123,1,full,random_033,0.8244716489260776,0.825,2,2304,1.2376358330002404,densenet121+efficientnet_b0,
FMD,resmlp,123,1,full,random_034,0.7967153882943356,0.795,2,4150,1.1655665889993543,lbp+vgg16,
FMD,resmlp,123,1,full,random_035,0.8359153075104275,0.835,2,2096,1.1230886760022258,gabor+resnet101,
FMD,resmlp,123,1,full,random_036,0.889957577525121,0.89,2,1792,1.0554112940008054,convnext_v2_t+densenet121,
FMD,resmlp,123,1,full,random_037,0.9299593205356409,0.93,2,2432,0.8261479300017527,dinov2_small+resnet50,
FMD,resmlp,123,1,full,random_038,0.9245166916953942,0.925,2,1664,0.721667019999586,dinov2_small+efficientnet_b0,
FMD,resmlp,123,1,full,random_039,0.9500956735616557,0.95,2,2816,0.8519497019988194,eva02_base+resnet101,
FMD,resmlp,123,1,full,random_040,0.8856904834811813,0.885,2,2816,0.9669192279980052,resnet101+swin_t,
FMD,resmlp,123,1,full,random_041,0.8302311217141227,0.83,2,2066,1.2359738819977792,glcm+resnet50,
FMD,resmlp,123,1,full,random_042,0.7967153882943356,0.795,2,4150,1.2665010119999351,lbp+vgg16,
FMD,resmlp,123,1,full,random_043,0.9550584093638695,0.955,2,1408,0.8573587729988503,deit_s+dinov2_large,
FMD,resmlp,123,1,full,random_044,0.9651133633161875,0.965,2,1152,0.8658756730001187,dinov2_small+eva02_base,
FMD,resmlp,123,1,full,random_045,0.8496677460092095,0.85,2,822,0.971400888000062,lbp+vit_b16,
FMD,resmlp,123,1,full,random_046,0.9195891464119962,0.92,2,1152,0.9105118290026439,deit_s+dinov2,
FMD,resmlp,123,1,full,random_047,0.9341850702684509,0.935,2,402,1.0919603280017327,dinov2_small+glcm,
FMD,resmlp,123,1,full,random_048,0.7635163041275528,0.77,2,402,1.2106065530024352,deit_s+glcm,
FMD,resmlp,123,1,full,random_049,0.9255181259353276,0.925,2,4864,1.423844396002096,dinov2+vgg16,
FMD,resmlp,123,1,full,random_050,0.9446057731451946,0.945,2,1024,0.7246658080002817,dinov2+rgb_ngram_svd,
FMD,resmlp,123,1,full,random_051,0.8496411733800093,0.85,2,1298,1.5019220440008212,efficientnet_b0+glcm,
FMD,resmlp,123,1,full,random_052,0.8351253307649402,0.835,2,6144,1.6369923889978963,resnet50+vgg16,
FMD,resmlp,123,1,full,random_053,0.22411133552754325,0.24,2,1818,1.0221067460006452,hog+lbp,
FMD,resmlp,123,1,full,random_054,0.9052371452692378,0.905,2,2048,0.8423747189990536,efficientnet_b0+swin_t,
FMD,resmlp,123,1,full,random_055,0.82737688753832,0.83,2,2816,1.0050461050013837,mae_base+resnet50,
FMD,resmlp,123,1,full,random_056,0.7787379944326834,0.78,2,816,1.570657233001839,gabor+mae_base,
FMD,resmlp,123,1,full,random_057,0.9500593180888431,0.95,2,848,0.891847097002028,dinov2+drlbp,
FMD,resmlp,123,1,full,random_058,0.964975431072992,0.965,2,3072,0.8373603179970814,dinov2_large+resnet50,
FMD,resmlp,123,1,full,random_059,0.2776817770357325,0.29,2,274,0.9854729990001942,glcm+rgb_ngram_svd,
FMD,resmlp,123,1,full,random_060,0.9344341057755694,0.935,2,1280,0.7900511129992083,dinov2_large+rgb_ngram_svd,
FMD,resmlp,123,1,full,random_061,0.8340671236836501,0.835,2,3044,1.5883777250019193,efficientnet_b0+hog,
FMD,resmlp,123,1,full,random_062,0.8331829535928931,0.835,2,3072,0.9759900249991915,densenet121+resnet50,
FMD,resmlp,123,1,full,random_063,0.8496411733800093,0.85,2,1298,1.0304601860007097,efficientnet_b0+glcm,
FMD,resmlp,123,1,full,random_064,0.924862547966408,0.925,2,822,1.1782124140008818,convnext_v2_t+lbp,
FMD,resmlp,123,1,full,random_065,0.9501063164477799,0.95,2,2532,1.3335154939995846,dinov2+hog,
FMD,resmlp,123,1,full,random_066,0.8862695830140674,0.885,2,2816,1.1043429809978988,resnet101+vit_b16,
FMD,resmlp,123,1,full,random_067,0.9549566223250434,0.955,2,1104,0.9513705319986911,dinov2_large+drlbp,
FMD,resmlp,123,1,full,random_068,0.9597023985855822,0.96,2,1042,1.1341951210015395,dinov2_large+glcm,
FMD,resmlp,123,1,full,random_069,0.9195891464119962,0.92,2,1152,0.9869969999999739,deit_s+dinov2,
FMD,resmlp,123,1,full,random_070,0.9500593180888431,0.95,2,848,1.0723471419987618,dinov2+drlbp,
FMD,resmlp,123,1,full,random_071,0.9341850702684509,0.935,2,402,1.138658038002177,dinov2_small+glcm,
FMD,resmlp,123,1,full,random_072,0.9649593025716261,0.965,2,2788,1.6249981239998306,dinov2_large+hog,
FMD,resmlp,123,1,full,random_073,0.8496411733800093,0.85,2,1298,1.121867136000219,efficientnet_b0+glcm,
FMD,resmlp,123,1,full,random_074,0.8462534452664912,0.845,2,2532,1.461813739999343,hog+swin_t,
FMD,resmlp,123,1,full,random_075,0.9195891464119962,0.92,2,1152,0.8982606520003174,deit_s+dinov2,
FMD,resmlp,123,1,full,random_076,0.9899937460913071,0.99,2,1536,1.0562917789975472,eva02_base+siglip_base,
FMD,resmlp,123,1,full,random_077,0.9749754310729919,0.975,2,1792,0.8493880499991064,dinov2_large+eva02_base,
FMD,resmlp,123,1,full,random_078,0.4255638868329898,0.445,2,102,1.6012889990015537,gabor+lbp,
FMD,resmlp,123,1,full,random_079,0.9648472259447869,0.965,2,2048,0.9260277749999659,efficientnet_b0+siglip_base,
FMD,resmlp,123,1,full,random_080,0.9801036362011972,0.98,2,816,1.0127580590014986,gabor+siglip_base,
FMD,resmlp,123,1,full,random_081,0.8645287644196502,0.865,2,3328,1.1554241449994151,efficientnet_b0+resnet101,
FMD,resmlp,123,1,full,random_082,0.9598097870049089,0.96,2,848,1.246196759002487,drlbp+eva02_base,
FMD,resmlp,123,1,full,random_083,0.9546296074010495,0.955,2,786,1.0627669770001376,eva02_base+glcm,
FMD,resmlp,123,1,full,random_084,0.8516708264076686,0.85,2,2128,1.0221806519984966,drlbp+resnet101,
FMD,resmlp,123,1,full,random_085,0.22411133552754325,0.24,2,1818,1.2563476350005658,hog+lbp,
FMD,resmlp,123,1,full,random_086,0.9500593180888431,0.95,2,848,0.9726060860011785,dinov2+drlbp,
FMD,resmlp,123,1,full,random_087,0.9599602430090235,0.96,2,1792,0.9313076030011871,dinov2+dinov2_large,
FMD,resmlp,123,1,full,random_088,0.895351838688257,0.895,2,2048,1.1093559529981576,convnext_v2_t+efficientnet_b0,
FMD,resmlp,123,1,full,random_089,0.9446057731451946,0.945,2,1024,0.9489657839985739,dinov2+rgb_ngram_svd,
FMD,resmlp,123,1,full,random_090,0.8338255269192368,0.835,2,1328,1.063904906000971,efficientnet_b0+gabor,
FMD,resmlp,123,1,full,random_091,0.8269124839859858,0.83,2,2128,1.3010543930031417,drlbp+resnet50,
FMD,resmlp,123,1,full,random_092,0.252187317953147,0.26,2,1844,1.4306195179997303,drlbp+hog,
FMD,resmlp,123,1,full,random_093,0.8496411733800093,0.85,2,1298,0.9449793530002353,efficientnet_b0+glcm,
FMD,resmlp,123,1,full,random_094,0.4255638868329898,0.445,2,102,1.54466101500293,gabor+lbp,
FMD,resmlp,123,1,full,random_095,0.9141479713430932,0.915,2,1408,1.0659372990012344,densenet121+dinov2_small,
FMD,resmlp,123,1,full,random_096,0.8373937307170459,0.835,2,2816,1.5684923640001216,mae_base+resnet101,
FMD,resmlp,123,1,full,random_097,0.9503036672356313,0.95,2,1152,1.2009208009985741,deit_s+eva02_base,
FMD,resmlp,123,1,full,random_098,0.898930680755471,0.9,2,2816,0.8382119210000383,convnext_v2_t+resnet101,
FMD,resmlp,123,1,full,random_099,0.9650973822925042,0.965,2,3072,0.8685285359970294,dinov2_large+resnet101,
FMD,resmlp,123,2,full,random_000,0.9148350514181784,0.915,6,8320,1.4063962710024498,drlbp+efficientnet_b0+gabor+resnet101+vgg16+vit_b16,
FMD,resmlp,123,2,full,random_001,0.9700817004989022,0.97,6,3938,0.9058344670011138,dinov2+drlbp+glcm+resnet101+rgb_ngram_svd+siglip_base,
FMD,resmlp,123,2,full,random_002,0.9552978600347022,0.955,6,5424,1.3646795389977342,convnext_v2_t+densenet121+gabor+mae_base+resnet50+vit_b16,
FMD,resmlp,123,2,full,random_003,0.9750937616085242,0.975,6,6418,1.1615353429988318,convnext_v2_t+dinov2+glcm+resnet101+resnet50+vit_b16,
FMD,resmlp,123,2,full,random_004,0.9304198582760842,0.93,6,3682,0.8927009720027854,convnext_v2_t+drlbp+efficientnet_b0+glcm+mae_base+swin_t,
FMD,resmlp,123,2,full,random_005,0.9100717254504161,0.91,6,2102,1.0460491449994151,deit_s+drlbp+gabor+lbp+swin_t+vit_b16,
FMD,resmlp,123,2,full,random_006,0.8700558190972257,0.87,6,10260,1.8529940939988592,densenet121+efficientnet_b0+gabor+hog+resnet50+vgg16,
FMD,resmlp,123,2,full,random_007,0.9749686834346655,0.975,6,9188,1.2881211470012204,convnext_v2_t+dinov2_large+hog+mae_base+siglip_base+vgg16,
FMD,resmlp,123,2,full,random_008,0.9699467477323702,0.97,6,4652,1.1840218620018277,densenet121+dinov2_large+glcm+hog+lbp+swin_t,
FMD,resmlp,123,2,full,random_009,0.9451973978097212,0.945,6,7058,1.5767799339992052,drlbp+eva02_base+gabor+glcm+resnet50+vgg16,
FMD,resmlp,123,2,full,random_010,0.9899749373433584,0.99,6,5940,1.101877502998832,densenet121+dinov2_large+drlbp+efficientnet_b0+hog+siglip_base,
FMD,resmlp,123,2,full,random_011,0.9849718103890119,0.985,6,4742,1.0707300129979558,densenet121+dinov2+drlbp+eva02_base+lbp+resnet101,
FMD,resmlp,123,2,full,random_012,0.9599436207780239,0.96,6,3736,1.1751469370028644,drlbp+glcm+lbp+resnet50+siglip_base+vit_b16,
FMD,resmlp,123,2,full,random_013,0.9799686834346655,0.98,6,4992,1.1863511390001804,deit_s+densenet121+dinov2+efficientnet_b0+siglip_base+vit_b16,
FMD,resmlp,123,2,full,random_014,0.9798337306681338,0.98,6,6646,1.7271223589996225,densenet121+dinov2+dinov2_large+glcm+hog+resnet50,
FMD,resmlp,123,2,full,random_015,0.9498180958964015,0.95,6,8722,1.2408987599992543,convnext_v2_t+dinov2_large+glcm+resnet101+swin_t+vgg16,
FMD,resmlp,123,2,full,random_016,0.9256278521233592,0.925,6,3658,1.5192443070009176,convnext_v2_t+gabor+hog+lbp+mae_base+rgb_ngram_svd,
FMD,resmlp,123,2,full,random_017,0.9040737152396406,0.905,6,9234,1.2849006049982563,convnext_v2_t+glcm+resnet101+resnet50+rgb_ngram_svd+vgg16,
FMD,resmlp,123,2,full,random_018,0.9547847243482673,0.955,6,2998,0.8604370330031088,dinov2_small+lbp+mae_base+rgb_ngram_svd+swin_t+vit_b16,
FMD,resmlp,123,2,full,random_019,0.9496238002001205,0.95,6,4358,1.1548036260028312,densenet121+dinov2_small+drlbp+lbp+resnet101+vit_b16,
FMD,resmlp,123,2,full,random_020,0.9849718103890119,0.985,6,3632,0.981842601999233,deit_s+densenet121+dinov2_large+dinov2_small+gabor+siglip_base,
FMD,resmlp,123,2,full,random_021,0.9799686834346655,0.98,6,5348,1.2852557689984678,convnext_v2_t+dinov2_large+hog+mae_base+rgb_ngram_svd+vit_b16,
FMD,resmlp,123,2,full,random_022,0.9798337306681338,0.98,6,6656,1.090894634002325,dinov2+eva02_base+mae_base+resnet101+resnet50+rgb_ngram_svd,
FMD,resmlp,123,2,full,random_023,0.9799686834346655,0.98,6,3302,1.183722513000248,densenet121+dinov2_large+dinov2_small+gabor+lbp+siglip_base,
FMD,resmlp,123,2,full,random_024,0.8874323717690829,0.885,6,4316,1.4471199789986713,deit_s+gabor+glcm+hog+lbp+resnet101,
FMD,resmlp,123,2,full,random_025,0.9549583621342286,0.955,6,5936,1.0233249660013826,dinov2+gabor+resnet101+resnet50+rgb_ngram_svd+swin_t,
FMD,resmlp,123,2,full,random_026,0.9849718103890119,0.985,6,6628,1.3984961320020375,densenet121+dinov2+dinov2_large+efficientnet_b0+hog+vit_b16,
FMD,resmlp,123,2,full,random_027,0.9699556818876459,0.97,6,4470,1.265228918997309,convnext_v2_t+dinov2_small+glcm+hog+swin_t+vit_b16,
FMD,resmlp,123,2,full,random_028,0.959821222850748,0.96,6,3334,0.9446617100002186,convnext_v2_t+deit_s+dinov2+drlbp+efficientnet_b0+lbp,
FMD,resmlp,123,2,full,random_029,0.9500467632495875,0.95,6,6628,1.9648392800008878,convnext_v2_t+densenet121+hog+resnet101+rgb_ngram_svd+swin_t,
FMD,resmlp,123,2,full,random_030,0.9700308450166647,0.97,6,3638,1.3849936369988427,deit_s+dinov2_large+drlbp+gabor+lbp+resnet50,
FMD,resmlp,123,2,full,random_031,0.9546365914786967,0.955,6,4400,1.3808590570006345,densenet121+dinov2_large+efficientnet_b0+gabor+mae_base+rgb_ngram_svd,
FMD,resmlp,123,2,full,random_032,0.8952205325696981,0.895,6,4304,1.4520707110023068,deit_s+drlbp+mae_base+resnet101+rgb_ngram_svd+vit_b16,
FMD,resmlp,123,2,full,random_033,0.9750906346541777,0.975,6,5812,1.32846726400021,deit_s+dinov2+drlbp+hog+resnet50+siglip_base,
FMD,resmlp,123,2,full,random_034,0.9698306037137872,0.97,6,2614,0.7695946160019957,deit_s+dinov2+dinov2_small+lbp+rgb_ngram_svd+swin_t,
FMD,resmlp,123,2,full,random_035,0.965071825906229,0.965,6,5812,1.6703479060015525,dinov2+dinov2_small+drlbp+hog+mae_base+resnet50,
FMD,resmlp,123,2,full,random_036,0.9499066755677795,0.95,6,4710,1.2968678289980744,densenet121+gabor+lbp+mae_base+resnet50+siglip_base,
FMD,resmlp,123,2,full,random_037,0.9799686834346655,0.98,6,5504,1.1062412289975327,dinov2_small+efficientnet_b0+mae_base+resnet101+rgb_ngram_svd+siglip_base,
FMD,resmlp,123,2,full,random_038,0.9800848274532484,0.98,6,5936,1.391207567998208,densenet121+efficientnet_b0+gabor+mae_base+resnet101+siglip_base,
FMD,resmlp,123,2,full,random_039,0.9799776175899411,0.98,6,5366,1.4561120639991714,densenet121+dinov2_large+glcm+hog+siglip_base+swin_t,
FMD,resmlp,123,2,full,random_040,0.8047283267255908,0.805,6,3244,1.6788834589970065,deit_s+glcm+hog+lbp+mae_base+rgb_ngram_svd,
FMD,resmlp,123,2,full,random_041,0.974965556480319,0.975,6,8722,1.2884776940009033,dinov2_large+eva02_base+glcm+resnet101+siglip_base+vgg16,
FMD,resmlp,123,2,full,random_042,0.9648462855073895,0.965,6,2742,1.2315622770001937,densenet121+drlbp+gabor+lbp+siglip_base+swin_t,
FMD,resmlp,123,2,full,random_043,0.9646835898376335,0.965,6,7814,1.2669760440003301,dinov2+drlbp+lbp+resnet50+siglip_base+vgg16,
FMD,resmlp,123,2,full,random_044,0.9849718103890119,0.985,6,4498,1.0772036130001652,densenet121+dinov2_large+dinov2_small+efficientnet_b0+glcm+mae_base,
FMD,resmlp,123,2,full,random_045,0.9749467477323703,0.975,6,4784,1.1361961110014818,dinov2_small+eva02_base+gabor+resnet50+swin_t+vit_b16,
FMD,resmlp,123,2,full,random_046,0.969797725895287,0.97,6,8320,1.160324082000443,dinov2+dinov2_large+dinov2_small+efficientnet_b0+swin_t+vgg16,
FMD,resmlp,123,2,full,random_047,0.9698306037137872,0.97,6,4426,1.4479203219998453,densenet121+gabor+hog+lbp+siglip_base+vit_b16,
FMD,resmlp,123,2,full,random_048,0.9698337306681338,0.97,6,3300,1.0284684710022702,dinov2_small+drlbp+gabor+hog+rgb_ngram_svd+siglip_base,
FMD,resmlp,123,2,full,random_049,0.9749754310729921,0.975,6,3704,0.9168281089987431,convnext_v2_t+eva02_base+gabor+glcm+lbp+resnet50,
FMD,resmlp,123,2,full,random_050,0.9749467477323703,0.975,6,2274,0.8536137839982985,convnext_v2_t+dinov2_small+drlbp+eva02_base+glcm+rgb_ngram_svd,
FMD,resmlp,123,2,full,random_051,0.9452342296029791,0.945,6,7780,1.3254064899992954,convnext_v2_t+deit_s+hog+mae_base+resnet101+resnet50,
FMD,resmlp,123,2,full,random_052,0.9799686834346655,0.98,6,5376,0.8467498580030224,dinov2+eva02_base+resnet50+rgb_ngram_svd+swin_t+vit_b16,
FMD,resmlp,123,2,full,random_053,0.9648066600505626,0.965,6,4304,0.9032844950015715,convnext_v2_t+deit_s+dinov2_large+drlbp+efficientnet_b0+vit_b16,
FMD,resmlp,123,2,full,random_054,0.979971810389012,0.98,6,6352,1.145191875002638,dinov2+dinov2_small+drlbp+eva02_base+rgb_ngram_svd+vgg16,
FMD,resmlp,123,2,full,random_055,0.9399525549332995,0.94,6,7814,1.4423484660001122,dinov2+drlbp+lbp+resnet101+vgg16+vit_b16,
FMD,resmlp,123,2,full,random_056,0.9748097870049091,0.975,6,4358,1.2613293849972251,deit_s+dinov2_large+drlbp+lbp+mae_base+resnet50,
FMD,resmlp,123,2,full,random_057,0.9800848274532485,0.98,6,2274,0.9907878039994102,dinov2_small+drlbp+glcm+rgb_ngram_svd+siglip_base+vit_b16,
FMD,resmlp,123,2,full,random_058,0.9749467477323703,0.975,6,7936,1.2448636219996843,convnext_v2_t+deit_s+dinov2_large+dinov2_small+efficientnet_b0+vgg16,
FMD,resmlp,123,2,full,random_059,0.9600686989518824,0.96,6,3894,0.9775002670030517,deit_s+densenet121+dinov2_small+efficientnet_b0+lbp+vit_b16,
FMD,resmlp,123,2,full,random_060,0.9851959953551142,0.985,6,4864,1.074060240000108,deit_s+densenet121+dinov2+dinov2_large+dinov2_small+efficientnet_b0,
FMD,resmlp,123,2,full,random_061,0.9651767398994016,0.965,6,6372,1.1706573060000665,convnext_v2_t+deit_s+densenet121+dinov2_small+hog+resnet50,
FMD,resmlp,123,2,full,random_062,0.9849718103890119,0.985,6,3434,1.1194188750014291,deit_s+dinov2_small+drlbp+hog+lbp+siglip_base,
FMD,resmlp,123,2,full,random_063,0.9296872575434835,0.93,6,7936,1.3690865460011992,convnext_v2_t+efficientnet_b0+rgb_ngram_svd+swin_t+vgg16+vit_b16,
FMD,resmlp,123,2,full,random_064,0.969943620778024,0.97,6,5396,1.6291595790025895,convnext_v2_t+deit_s+dinov2_small+gabor+hog+resnet101,
FMD,resmlp,123,2,full,random_065,0.9648306037137873,0.965,6,10212,1.636461137997685,eva02_base+hog+mae_base+resnet50+siglip_base+vgg16,
FMD,resmlp,123,2,full,random_066,0.9750250378157356,0.975,6,5558,0.9914431389988749,dinov2_large+dinov2_small+efficientnet_b0+lbp+mae_base+resnet50,
FMD,resmlp,123,2,full,random_067,0.9546643343819211,0.955,6,6118,1.1396988919987052,deit_s+dinov2+gabor+lbp+vgg16+vit_b16,
FMD,resmlp,123,2,full,random_068,0.9550995688094532,0.955,6,6902,1.3638027269989834,eva02_base+glcm+hog+resnet101+resnet50+rgb_ngram_svd,
FMD,resmlp,123,2,full,random_069,0.979971810389012,0.98,6,6674,1.403575764001289,densenet121+dinov2+glcm+resnet101+resnet50+siglip_base,
FMD,resmlp,123,2,full,random_070,0.9602094589193433,0.96,6,7680,1.1138711269995838,dinov2+efficientnet_b0+resnet101+resnet50+swin_t+vit_b16,
FMD,resmlp,123,2,full,random_071,0.9550906346541777,0.955,6,6326,1.4003085029980866,deit_s+densenet121+lbp+resnet101+resnet50+siglip_base,
FMD,resmlp,123,2,full,random_072,0.9347002120686332,0.935,6,3394,1.5366729229972407,convnext_v2_t+densenet121+gabor+glcm+swin_t+vit_b16,
FMD,resmlp,123,2,full,random_073,0.9649467477323703,0.965,6,2888,1.0268711900025664,densenet121+dinov2+glcm+lbp+rgb_ngram_svd+vit_b16,
FMD,resmlp,123,2,full,random_074,0.9503403442941313,0.95,6,5932,1.2748152339991066,efficientnet_b0+eva02_base+glcm+hog+lbp+resnet50,
FMD,resmlp,123,2,full,random_075,0.9248024611246691,0.925,6,9424,1.3501714330013783,dinov2_small+drlbp+resnet101+resnet50+swin_t+vgg16,
FMD,resmlp,123,2,full,random_076,0.970081700498902,0.97,6,5888,1.0182148519998009,efficientnet_b0+mae_base+resnet101+rgb_ngram_svd+siglip_base+vit_b16,
FMD,resmlp,123,2,full,random_077,0.9596804628832869,0.96,6,5732,1.3193457130000752,densenet121+dinov2+drlbp+gabor+hog+resnet101,
FMD,resmlp,123,2,full,random_078,0.9749467477323703,0.975,6,3010,0.7201115550014947,convnext_v2_t+deit_s+dinov2_large+gabor+glcm+vit_b16,
FMD,resmlp,123,2,full,random_079,0.9649624295259726,0.965,6,4626,1.1570539550011745,convnext_v2_t+densenet121+efficientnet_b0+eva02_base+glcm+swin_t,
FMD,resmlp,123,2,full,random_080,0.9649525549332996,0.965,6,6372,1.3742039809985727,convnext_v2_t+dinov2+hog+mae_base+resnet50+rgb_ngram_svd,
FMD,resmlp,123,2,full,random_081,0.9395065371881206,0.94,6,8468,1.6142037120007444,convnext_v2_t+densenet121+gabor+hog+vgg16+vit_b16,
FMD,resmlp,123,2,full,random_082,0.979971810389012,0.98,6,3812,0.8940874729996722,dinov2+dinov2_small+drlbp+eva02_base+gabor+hog,
FMD,resmlp,123,2,full,random_083,0.959949427978953,0.96,6,3940,1.6898191350010165,deit_s+dinov2_small+drlbp+efficientnet_b0+gabor+hog,
FMD,resmlp,123,2,full,random_084,0.9294087156603202,0.93,6,4418,0.9670001929989667,convnext_v2_t+efficientnet_b0+gabor+glcm+resnet50+rgb_ngram_svd,
FMD,resmlp,123,2,full,random_085,0.8583792587828262,0.86,6,6008,1.5490916260023369,densenet121+gabor+glcm+lbp+swin_t+vgg16,
FMD,resmlp,123,2,full,random_086,0.9500593180888431,0.95,6,7680,1.222323295998649,densenet121+eva02_base+rgb_ngram_svd+swin_t+vgg16+vit_b16,
FMD,resmlp,123,2,full,random_087,0.9599776175899409,0.96,6,5476,1.4285937669992563,dinov2+drlbp+gabor+hog+mae_base+resnet50,
FMD,resmlp,123,2,full,random_088,0.979971810389012,0.98,6,4486,0.9793037950003054,convnext_v2_t+dinov2+drlbp+lbp+resnet50+siglip_base,
FMD,resmlp,123,2,full,random_089,0.9497800634051641,0.95,6,7222,1.0453169600004912,densenet121+dinov2+efficientnet_b0+lbp+resnet101+resnet50,
FMD,resmlp,123,2,full,random_090,0.909787078561148,0.91,6,5072,1.1385107770001923,deit_s+densenet121+drlbp+resnet50+swin_t+vit_b16,
FMD,resmlp,123,2,full,random_091,0.9447571872654716,0.945,6,8576,1.307860286997311,densenet121+dinov2+dinov2_small+resnet50+rgb_ngram_svd+vgg16,
FMD,resmlp,123,2,full,random_092,0.9649467477323702,0.965,6,5556,1.1860555489984108,deit_s+dinov2_large+drlbp+hog+resnet50+rgb_ngram_svd,
FMD,resmlp,123,2,full,random_093,0.9045047433686715,0.905,6,5936,1.104235073999007,densenet121+efficientnet_b0+gabor+resnet101+swin_t+vit_b16,
FMD,resmlp,123,2,full,random_094,0.9650328529775944,0.965,6,4992,0.8012817390008422,convnext_v2_t+deit_s+eva02_base+mae_base+resnet101+rgb_ngram_svd,
FMD,resmlp,123,2,full,random_095,0.9550364736615744,0.955,6,8112,1.0947835609986214,deit_s+dinov2+eva02_base+gabor+resnet50+vgg16,
FMD,resmlp,123,2,full,random_096,0.9600745061528118,0.96,6,7936,1.1668291560017678,convnext_v2_t+densenet121+efficientnet_b0+resnet101+resnet50+siglip_base,
FMD,resmlp,123,2,full,random_097,0.9851959953551142,0.985,6,4378,0.9719827150001947,convnext_v2_t+deit_s+dinov2_large+dinov2_small+hog+lbp,
FMD,resmlp,123,2,full,random_098,0.9750579156342359,0.975,6,5376,0.874277542996424,deit_s+dinov2+dinov2_large+dinov2_small+resnet50+siglip_base,
FMD,resmlp,123,2,full,random_099,0.9698462855073895,0.97,6,5760,1.1490943909993803,convnext_v2_t+densenet121+dinov2_small+eva02_base+mae_base+resnet50,
FMD,resmlp,123,3,full,random_000,0.944764349899138,0.945,4,3632,0.8475419919996057,eva02_base+gabor+resnet101+siglip_base,
FMD,resmlp,123,3,full,random_001,0.8904948534647245,0.89,4,3840,0.9091677279975556,convnext_v2_t+resnet50+rgb_ngram_svd+vit_b16,
FMD,resmlp,123,3,full,random_002,0.9110165467945789,0.91,4,3120,0.9185379530026694,gabor+resnet50+rgb_ngram_svd+siglip_base,
FMD,resmlp,123,3,full,random_003,0.9041257621044856,0.905,4,6656,1.3844519939993916,densenet121+mae_base+siglip_base+vgg16,
FMD,resmlp,123,3,full,random_004,0.8847981126952378,0.885,4,4068,1.4153564469997946,convnext_v2_t+hog+mae_base+vit_b16,
FMD,resmlp,123,3,full,random_005,0.9246985943163214,0.925,4,3584,0.9075243160004902,convnext_v2_t+efficientnet_b0+eva02_base+vit_b16,
FMD,resmlp,123,3,full,random_006,0.9546603938067353,0.955,4,6656,1.1169681899991701,dinov2+dinov2_large+siglip_base+vgg16,
FMD,resmlp,123,3,full,random_007,0.9202197802197801,0.92,4,2882,1.1221644560027926,eva02_base+gabor+glcm+resnet50,
FMD,resmlp,123,3,full,random_008,0.9297095363783425,0.93,4,3328,0.9222692879993701,convnext_v2_t+dinov2+dinov2_large+swin_t,
FMD,resmlp,123,3,full,random_009,0.8948882097790957,0.895,4,5680,1.4230244999998831,eva02_base+gabor+mae_base+vgg16,
FMD,resmlp,123,3,full,random_010,0.8006742476528543,0.8,4,1536,1.4051442429990857,deit_s+densenet121+drlbp+gabor,
FMD,resmlp,123,3,full,random_011,0.8954168334603118,0.895,4,5860,1.6617797139988397,efficientnet_b0+eva02_base+hog+resnet50,
FMD,resmlp,123,3,full,random_012,0.8992244013296645,0.9,4,3968,1.0464068049986963,dinov2_small+efficientnet_b0+resnet50+rgb_ngram_svd,
FMD,resmlp,123,3,full,random_013,0.9448952669863498,0.945,4,2614,0.8306322889984585,dinov2_large+eva02_base+lbp+swin_t,
FMD,resmlp,123,3,full,random_014,0.8540249858542543,0.855,4,2816,0.9948541550002119,densenet121+mae_base+rgb_ngram_svd+vit_b16,
FMD,resmlp,123,3,full,random_015,0.8166561481494163,0.815,4,3172,1.3852709739985585,deit_s+hog+rgb_ngram_svd+vit_b16,
FMD,resmlp,123,3,full,random_016,0.9000168710094971,0.9,4,1810,1.2072481340001104,convnext_v2_t+glcm+rgb_ngram_svd+vit_b16,
FMD,resmlp,123,3,full,random_017,0.9596685803296843,0.96,4,1920,1.145934213000146,dinov2_large+drlbp+eva02_base+gabor,
FMD,resmlp,123,3,full,random_018,0.8061237286535821,0.805,4,6116,1.4950079259979248,densenet121+efficientnet_b0+hog+resnet50,
FMD,resmlp,123,3,full,random_019,0.8458313308313308,0.845,4,3894,1.098094574001152,densenet121+lbp+resnet50+vit_b16,
FMD,resmlp,123,3,full,random_020,0.7867810151757968,0.785,4,4784,1.015625996999006,deit_s+gabor+rgb_ngram_svd+vgg16,
FMD,resmlp,123,3,full,random_021,0.9253269335297576,0.925,4,2000,0.9786663760023657,deit_s+dinov2+drlbp+mae_base,
FMD,resmlp,123,3,full,random_022,0.854510206148316,0.855,4,2896,1.191434558997571,drlbp+efficientnet_b0+mae_base+vit_b16,
FMD,resmlp,123,3,full,random_023,0.9347243094469713,0.935,4,4068,1.2883239270013291,convnext_v2_t+dinov2+hog+swin_t,
FMD,resmlp,123,3,full,random_024,0.9103741084228888,0.91,4,4224,1.3336996949983586,densenet121+dinov2_small+mae_base+resnet101,
FMD,resmlp,123,3,full,random_025,0.9302252954477034,0.93,4,2934,1.2655955150003138,deit_s+eva02_base+glcm+hog,
FMD,resmlp,123,3,full,random_026,0.9153754955062535,0.915,4,4370,1.0215189549999195,dinov2_large+efficientnet_b0+glcm+resnet101,
FMD,resmlp,123,3,full,random_027,0.7763693393346796,0.775,4,2934,1.6151504199988267,deit_s+glcm+hog+mae_base,
FMD,resmlp,123,3,full,random_028,0.8945649548730422,0.895,4,5680,1.101956906997657,eva02_base+gabor+swin_t+vgg16,
FMD,resmlp,123,3,full,random_029,0.9294725166534583,0.93,4,2256,0.9790344680004637,convnext_v2_t+densenet121+dinov2_small+drlbp,
FMD,resmlp,123,3,full,random_030,0.8362928612411358,0.835,4,3248,1.2656282509997254,deit_s+gabor+mae_base+resnet50,
FMD,resmlp,123,3,full,random_031,0.8364946720059118,0.84,4,3910,1.8376513770017482,drlbp+glcm+hog+resnet101,
FMD,resmlp,123,3,full,random_032,0.9037213353861114,0.905,4,4096,1.1465557110022928,convnext_v2_t+densenet121+resnet50+rgb_ngram_svd,
FMD,resmlp,123,3,full,random_033,0.9190651350586568,0.92,4,3584,0.9013514229991415,convnext_v2_t+deit_s+dinov2_small+resnet101,
FMD,resmlp,123,3,full,random_034,0.8145909421735615,0.815,4,4660,1.4827595389979251,drlbp+hog+mae_base+resnet50,
FMD,resmlp,123,3,full,random_035,0.9103678367785601,0.91,4,2688,0.8540099089987052,deit_s+efficientnet_b0+eva02_base+rgb_ngram_svd,
FMD,resmlp,123,3,full,random_036,0.8247221189647377,0.825,4,4854,1.4669684299988148,densenet121+glcm+hog+resnet101,
FMD,resmlp,123,3,full,random_037,0.9401765457477909,0.94,4,3126,0.951827818997117,dinov2_large+efficientnet_b0+lbp+mae_base,
FMD,resmlp,123,3,full,random_038,0.9088949685319511,0.91,4,3632,1.3531290060018364,convnext_v2_t+gabor+mae_base+resnet101,
FMD,resmlp,123,3,full,random_039,0.9348121752784857,0.935,4,2864,1.1054641249975248,efficientnet_b0+eva02_base+gabor+siglip_base,
FMD,resmlp,123,3,full,random_040,0.8844873812438072,0.885,4,3632,0.9455177010022453,gabor+resnet101+swin_t+vit_b16,
FMD,resmlp,123,3,full,random_041,0.9450552824095231,0.945,4,2608,1.1229423580007278,densenet121+dinov2+gabor+mae_base,
FMD,resmlp,123,3,full,random_042,0.9303210279109614,0.93,4,2384,1.0539383060022374,drlbp+eva02_base+mae_base+swin_t,
FMD,resmlp,123,3,full,random_043,0.9353819701014972,0.935,4,3280,1.0736572280002292,deit_s+dinov2+drlbp+resnet50,
FMD,resmlp,123,3,full,random_044,0.9397476633727642,0.94,4,2176,0.8448517519973393,deit_s+eva02_base+rgb_ngram_svd+siglip_base,
FMD,resmlp,123,3,full,random_045,0.845256688112914,0.845,4,2486,0.934179244999541,deit_s+efficientnet_b0+lbp+swin_t,
FMD,resmlp,123,3,full,random_046,0.9345654812393626,0.935,4,3968,0.8685354139997798,dinov2_small+eva02_base+resnet101+swin_t,
FMD,resmlp,123,3,full,random_047,0.8013298981720034,0.8,4,1144,1.3841604600020219,densenet121+gabor+glcm+lbp,
FMD,resmlp,123,3,full,random_048,0.9252967124284867,0.925,4,3968,0.8587891909992322,convnext_v2_t+dinov2+dinov2_small+resnet50,
FMD,resmlp,123,3,full,random_049,0.9352138632626439,0.935,4,2304,0.7719603479999932,deit_s+dinov2+dinov2_small+swin_t,
FMD,resmlp,123,3,full,random_050,0.9137792588241881,0.915,4,902,0.9816235279977263,deit_s+dinov2_small+drlbp+lbp,
FMD,resmlp,123,3,full,random_051,0.9409379442253251,0.94,4,3638,1.2108936659969913,eva02_base+lbp+resnet50+swin_t,
FMD,resmlp,123,3,full,random_052,0.9450316379763792,0.945,4,6016,1.0558938049980497,dinov2+dinov2_small+eva02_base+vgg16,
FMD,resmlp,123,3,full,random_053,0.8547445354122072,0.855,4,1224,0.9564274049989763,deit_s+glcm+lbp+swin_t,
FMD,resmlp,123,3,full,random_054,0.9303192015515507,0.93,4,1926,1.0123822749992542,dinov2_large+drlbp+lbp+vit_b16,
FMD,resmlp,123,3,full,random_055,0.9238316612684466,0.925,4,1638,1.0234939100009797,dinov2+gabor+lbp+mae_base,
FMD,resmlp,123,3,full,random_056,0.8844873812438072,0.885,4,3632,1.1729122920005466,gabor+resnet101+swin_t+vit_b16,
FMD,resmlp,123,3,full,random_057,0.9350175061150671,0.935,4,2944,0.9095930630028306,deit_s+dinov2_large+siglip_base+swin_t,
FMD,resmlp,123,3,full,random_058,0.8941375375862046,0.895,4,1250,0.8591395789990202,convnext_v2_t+deit_s+drlbp+glcm,
FMD,resmlp,123,3,full,random_059,0.8159493430546062,0.815,4,7680,1.6260997019999195,efficientnet_b0+resnet50+rgb_ngram_svd+vgg16,
FMD,resmlp,123,3,full,random_060,0.9255262766045821,0.925,4,3712,0.8935025600003428,dinov2_large+dinov2_small+resnet50+rgb_ngram_svd,
FMD,resmlp,123,3,full,random_061,0.8851961693793798,0.885,4,9216,1.4504694349998317,dinov2_large+resnet101+resnet50+vgg16,
FMD,resmlp,123,3,full,random_062,0.8415704464009413,0.84,4,7926,1.7475149419988156,glcm+hog+resnet50+vgg16,
FMD,resmlp,123,3,full,random_063,0.8906933480617691,0.89,4,3940,1.1109163370019814,densenet121+dinov2_small+hog+swin_t,
FMD,resmlp,123,3,full,random_064,0.929750102272567,0.93,4,2578,0.9291540969970811,convnext_v2_t+dinov2_large+glcm+swin_t,
FMD,resmlp,123,3,full,random_065,0.9300350122301342,0.93,4,2128,1.08685247700123,deit_s+dinov2_small+drlbp+efficientnet_b0,
FMD,resmlp,123,3,full,random_066,0.9201234777358012,0.92,4,2096,0.9242119749978883,densenet121+gabor+rgb_ngram_svd+siglip_base,
FMD,resmlp,123,3,full,random_067,0.9060378875509574,0.905,4,4150,0.9999448130001838,efficientnet_b0+lbp+resnet50+siglip_base,
FMD,resmlp,123,3,full,random_068,0.8903167250995416,0.89,4,2000,1.037562166002317,convnext_v2_t+deit_s+drlbp+swin_t,
FMD,resmlp,123,3,full,random_069,0.92037300780673,0.92,4,3318,1.6347386710003775,eva02_base+glcm+hog+swin_t,
FMD,resmlp,123,3,full,random_070,0.9054030723135419,0.905,4,4608,0.9892889430011564,dinov2_large+mae_base+resnet50+swin_t,
FMD,resmlp,123,3,full,random_071,0.9354508126459345,0.935,4,3840,1.1336906409997027,convnext_v2_t+densenet121+efficientnet_b0+siglip_base,
FMD,resmlp,123,3,full,random_072,0.9300630876754111,0.93,4,3152,1.0265625360007107,densenet121+dinov2+drlbp+efficientnet_b0,
FMD,resmlp,123,3,full,random_073,0.8154478625531256,0.815,4,6480,1.292923614000756,drlbp+resnet50+rgb_ngram_svd+vgg16,
FMD,resmlp,123,3,full,random_074,0.9023104272013128,0.905,4,1090,1.0621843219996663,dinov2+gabor+glcm+rgb_ngram_svd,
FMD,resmlp,123,3,full,random_075,0.8796510476998283,0.88,4,4864,1.0849710089969449,convnext_v2_t+efficientnet_b0+resnet101+vit_b16,
FMD,resmlp,123,3,full,random_076,0.930199817795722,0.93,4,1218,0.9598101039991889,deit_s+eva02_base+gabor+glcm,
FMD,resmlp,123,3,full,random_077,0.9396678378757372,0.94,4,3920,1.2451638300008199,densenet121+drlbp+eva02_base+resnet101,
FMD,resmlp,123,3,full,random_078,0.9445896105831324,0.945,4,1218,0.9266524349986867,dinov2_small+gabor+glcm+siglip_base,
FMD,resmlp,123,3,full,random_079,0.9253615989866997,0.925,4,2194,0.9501636700006202,deit_s+densenet121+eva02_base+glcm,
FMD,resmlp,123,3,full,random_080,0.9206865911037927,0.92,4,6480,1.131483573000878,dinov2_large+drlbp+efficientnet_b0+vgg16,
FMD,resmlp,123,3,full,random_081,0.8364946720059118,0.84,4,3910,1.3680652349976299,drlbp+glcm+hog+resnet101,
FMD,resmlp,123,3,full,random_082,0.904213726304809,0.905,4,6656,1.003886856000463,densenet121+siglip_base+vgg16+vit_b16,
FMD,resmlp,123,3,full,random_083,0.9097287720009686,0.91,4,4864,0.8065677960003086,efficientnet_b0+resnet101+siglip_base+swin_t,
FMD,resmlp,123,3,full,random_084,0.8547485611413725,0.855,4,4608,1.1433120199981204,densenet121+mae_base+resnet101+swin_t,
FMD,resmlp,123,3,full,random_085,0.9043163686167537,0.905,4,3254,1.1594940009999846,dinov2_small+lbp+mae_base+resnet101,
FMD,resmlp,123,3,full,random_086,0.9251266260067957,0.925,4,7680,1.4674975449997874,dinov2+resnet101+siglip_base+vgg16,
FMD,resmlp,123,3,full,random_087,0.8991173022977363,0.9,4,2640,1.0944360540015623,convnext_v2_t+densenet121+drlbp+mae_base,
FMD,resmlp,123,3,full,random_088,0.8949881395485478,0.895,4,3610,1.366161968002416,convnext_v2_t+densenet121+hog+lbp,
FMD,resmlp,123,3,full,random_089,0.8256925873115477,0.825,4,7296,1.3046697249992576,deit_s+resnet101+swin_t+vgg16,
FMD,resmlp,123,3,full,random_090,0.8953910124962757,0.895,4,4912,1.2066582269981154,dinov2+gabor+resnet101+resnet50,
FMD,resmlp,123,3,full,random_091,0.9352795164035885,0.935,4,1462,0.806795513999532,dinov2_small+eva02_base+lbp+rgb_ngram_svd,
FMD,resmlp,123,3,full,random_092,0.7795932743599698,0.78,4,5138,1.3921765309969487,glcm+mae_base+rgb_ngram_svd+vgg16,
FMD,resmlp,123,3,full,random_093,0.9205172682172116,0.92,4,3200,0.8253944770003727,dinov2_small+efficientnet_b0+siglip_base+swin_t,
FMD,resmlp,123,3,full,random_094,0.9398703828857276,0.94,4,3888,0.9525661609986855,dinov2+dinov2_large+gabor+resnet101,
FMD,resmlp,123,3,full,random_095,0.9255964843939886,0.925,4,1872,0.860497421999753,dinov2+drlbp+rgb_ngram_svd+swin_t,
FMD,resmlp,123,3,full,random_096,0.8814618028845217,0.88,4,6400,0.9492751819998375,efficientnet_b0+rgb_ngram_svd+siglip_base+vgg16,
FMD,resmlp,123,3,full,random_097,0.9395786684669272,0.94,4,3858,0.8359260149991314,dinov2_large+glcm+resnet101+siglip_base,
FMD,resmlp,123,3,full,random_098,0.9394977321976754,0.94,4,5248,1.1358296920006978,dinov2_small+eva02_base+resnet101+resnet50,
FMD,resmlp,123,3,full,random_099,0.8817849864361491,0.885,4,530,1.0793808050002554,dinov2_small+drlbp+gabor+glcm,
FMD,resmlp,123,4,full,random_000,0.9001593048961471,0.9,6,4532,1.0547930449974956,convnext_v2_t+deit_s+drlbp+hog+swin_t+vit_b16,
FMD,resmlp,123,4,full,random_001,0.9111012056401908,0.91,6,9088,1.1752111130008416,deit_s+densenet121+dinov2+mae_base+resnet101+vgg16,
FMD,resmlp,123,4,full,random_002,0.9456659163270202,0.945,6,8448,1.0832754039984138,dinov2+efficientnet_b0+eva02_base+siglip_base+swin_t+vgg16,
FMD,resmlp,123,4,full,random_003,0.8955581966172467,0.895,6,3664,1.1848326620020089,convnext_v2_t+densenet121+drlbp+mae_base+rgb_ngram_svd+swin_t,
FMD,resmlp,123,4,full,random_004,0.9511459711459711,0.95,6,2816,1.2228196600008232,deit_s+drlbp+gabor+siglip_base+swin_t+vit_b16,
FMD,resmlp,123,4,full,random_005,0.9504947072511332,0.95,6,5174,1.111504538999725,dinov2+lbp+resnet101+siglip_base+swin_t+vit_b16,
FMD,resmlp,123,4,full,random_006,0.9560846142874386,0.955,6,7552,1.0640610939990438,convnext_v2_t+dinov2_small+eva02_base+siglip_base+swin_t+vgg16,
FMD,resmlp,123,4,full,random_007,0.9605484532483965,0.96,6,4788,1.4988179789979768,deit_s+densenet121+drlbp+eva02_base+hog+siglip_base,
FMD,resmlp,123,4,full,random_008,0.8957268255127765,0.895,6,6912,1.2245384809975803,deit_s+densenet121+dinov2_small+rgb_ngram_svd+vgg16+vit_b16,
FMD,resmlp,123,4,full,random_009,0.9255964902306365,0.925,6,6912,1.171607234999101,densenet121+dinov2_large+efficientnet_b0+mae_base+resnet101+vit_b16,
FMD,resmlp,123,4,full,random_010,0.9505710357250793,0.95,6,8374,1.0990944469995156,dinov2_large+dinov2_small+eva02_base+lbp+resnet101+vgg16,
FMD,resmlp,123,4,full,random_011,0.8403679069419285,0.84,6,9108,1.8620019949994457,deit_s+gabor+hog+mae_base+resnet50+vgg16,
FMD,resmlp,123,4,full,random_012,0.955660109126091,0.955,6,5072,1.0998879479993775,densenet121+dinov2_small+drlbp+eva02_base+resnet101+vit_b16,
FMD,resmlp,123,4,full,random_013,0.9500817004989021,0.95,6,3090,0.956915636001213,deit_s+densenet121+dinov2_large+dinov2_small+glcm+rgb_ngram_svd,
FMD,resmlp,123,4,full,random_014,0.9456627893726738,0.945,6,7600,1.2069741129998874,deit_s+dinov2_large+efficientnet_b0+gabor+siglip_base+vgg16,
FMD,resmlp,123,4,full,random_015,0.9504041196188254,0.95,6,8064,1.0305452909997257,deit_s+densenet121+dinov2+dinov2_large+eva02_base+vgg16,
FMD,resmlp,123,4,full,random_016,0.9552884223080061,0.955,6,8400,1.1266518600023119,dinov2_large+dinov2_small+drlbp+resnet101+siglip_base+vgg16,
FMD,resmlp,123,4,full,random_017,0.9366794494597697,0.935,6,7936,0.970162715002516,convnext_v2_t+dinov2+eva02_base+mae_base+vgg16+vit_b16,
FMD,resmlp,123,4,full,random_018,0.9605177278861488,0.96,6,2822,0.8932821199996397,deit_s+dinov2+drlbp+lbp+mae_base+siglip_base,
FMD,resmlp,123,4,full,random_019,0.9453843704334792,0.945,6,4560,0.8803387019979709,deit_s+dinov2_large+drlbp+resnet50+rgb_ngram_svd+siglip_base,
FMD,resmlp,123,4,full,random_020,0.9463446452278289,0.945,6,6016,0.7778541810002935,convnext_v2_t+deit_s+dinov2+efficientnet_b0+eva02_base+resnet50,
FMD,resmlp,123,4,full,random_021,0.9509539583223793,0.95,6,7444,1.2750332670002535,deit_s+dinov2_small+eva02_base+gabor+hog+vgg16,
FMD,resmlp,123,4,full,random_022,0.9412307985992197,0.94,6,4022,0.9115983580013562,deit_s+efficientnet_b0+lbp+siglip_base+swin_t+vit_b16,
FMD,resmlp,123,4,full,random_023,0.9203004074955293,0.92,6,6528,1.0851711709983647,deit_s+densenet121+dinov2+dinov2_large+efficientnet_b0+resnet101,
FMD,resmlp,123,4,full,random_024,0.9459941790205694,0.945,6,3554,1.02795317699929,deit_s+densenet121+drlbp+efficientnet_b0+eva02_base+glcm,
FMD,resmlp,123,4,full,random_025,0.9104624228308438,0.91,6,5860,1.3351215059992683,densenet121+dinov2+efficientnet_b0+hog+rgb_ngram_svd+vit_b16,
FMD,resmlp,123,4,full,random_026,0.8701611916513965,0.87,6,5482,1.317202875001385,convnext_v2_t+drlbp+hog+lbp+resnet50+swin_t,
FMD,resmlp,123,4,full,random_027,0.9250533521435391,0.925,6,5046,1.1904152679999243,deit_s+dinov2_large+lbp+mae_base+resnet101+swin_t,
FMD,resmlp,123,4,full,random_028,0.9200453940684408,0.92,6,6932,1.564669141000195,densenet121+efficientnet_b0+gabor+hog+resnet101+siglip_base,
FMD,resmlp,123,4,full,random_029,0.9160038620629122,0.915,6,6676,1.439331649999076,efficientnet_b0+gabor+hog+resnet50+siglip_base+vit_b16,
FMD,resmlp,123,4,full,random_030,0.9358180651184501,0.935,6,5368,1.1797928160012816,deit_s+gabor+glcm+lbp+siglip_base+vgg16,
FMD,resmlp,123,4,full,random_031,0.96021258587369,0.96,6,2072,0.9095191250016796,deit_s+dinov2+drlbp+eva02_base+glcm+lbp,
FMD,resmlp,123,4,full,random_032,0.9656605298752357,0.965,6,3920,0.8780788769981882,convnext_v2_t+drlbp+eva02_base+siglip_base+swin_t+vit_b16,
FMD,resmlp,123,4,full,random_033,0.9752067786727607,0.975,6,4144,0.7915467699967849,dinov2_large+eva02_base+gabor+siglip_base+swin_t+vit_b16,
FMD,resmlp,123,4,full,random_034,0.9805177278861489,0.98,6,2450,1.124055803000374,convnext_v2_t+drlbp+eva02_base+gabor+glcm+mae_base,
FMD,resmlp,123,4,full,random_035,0.9161070362468996,0.915,6,6656,0.9595662599967909,convnext_v2_t+densenet121+efficientnet_b0+resnet50+siglip_base+vit_b16,
FMD,resmlp,123,4,full,random_036,0.9416094785414426,0.94,6,4096,0.7958381930002361,deit_s+drlbp+gabor+resnet101+siglip_base+swin_t,
FMD,resmlp,123,4,full,random_037,0.9154165279248122,0.915,6,3452,1.1190748780027207,convnext_v2_t+drlbp+glcm+hog+lbp+vit_b16,
FMD,resmlp,123,4,full,random_038,0.8963697615185028,0.895,6,7014,1.4749660289999156,convnext_v2_t+efficientnet_b0+gabor+lbp+swin_t+vgg16,
FMD,resmlp,123,4,full,random_039,0.9212868635512456,0.92,6,4726,1.3424080560034781,convnext_v2_t+densenet121+dinov2_small+glcm+hog+vit_b16,
FMD,resmlp,123,4,full,random_040,0.9510388429267149,0.95,6,3536,0.9009578629993484,convnext_v2_t+deit_s+dinov2+drlbp+siglip_base+vit_b16,
FMD,resmlp,123,4,full,random_041,0.9604166274362113,0.96,6,4498,0.9505240759972367,densenet121+dinov2_small+eva02_base+glcm+resnet101+rgb_ngram_svd,
FMD,resmlp,123,4,full,random_042,0.9500326941790357,0.95,6,4992,1.2626151909971668,dinov2_small+mae_base+resnet50+rgb_ngram_svd+siglip_base+swin_t,
FMD,resmlp,123,4,full,random_043,0.9360606706242137,0.935,6,6006,1.439994492000551,dinov2_large+dinov2_small+glcm+hog+resnet50+vit_b16,
FMD,resmlp,123,4,full,random_044,0.9609691463863479,0.96,6,3638,1.0045272860006662,convnext_v2_t+deit_s+dinov2_small+efficientnet_b0+eva02_base+lbp,
FMD,resmlp,123,4,full,random_045,0.8957875692984807,0.895,6,10368,1.3912755149976874,deit_s+densenet121+resnet101+resnet50+siglip_base+vgg16,
FMD,resmlp,123,4,full,random_046,0.9457876381368038,0.945,6,4304,0.7502761230025499,convnext_v2_t+deit_s+dinov2_large+drlbp+efficientnet_b0+siglip_base,
FMD,resmlp,123,4,full,random_047,0.9265243008001282,0.925,6,2066,0.9343314940015262,convnext_v2_t+dinov2_small+drlbp+gabor+glcm+vit_b16,
FMD,resmlp,123,4,full,random_048,0.9308216858024302,0.93,6,7680,1.244641290999425,dinov2_large+mae_base+rgb_ngram_svd+swin_t+vgg16+vit_b16,
FMD,resmlp,123,4,full,random_049,0.9602166532654337,0.96,6,5376,0.8442266380006913,convnext_v2_t+eva02_base+resnet101+rgb_ngram_svd+siglip_base+swin_t,
FMD,resmlp,123,4,full,random_050,0.8955277136214235,0.895,6,8960,1.1744673889988917,deit_s+dinov2_small+efficientnet_b0+resnet50+swin_t+vgg16,
FMD,resmlp,123,4,full,random_051,0.9647055255399287,0.965,6,3766,1.0368765220009664,dinov2+dinov2_large+dinov2_small+lbp+mae_base+siglip_base,
FMD,resmlp,123,4,full,random_052,0.8548393497815834,0.855,6,2248,1.3875449810002465,drlbp+efficientnet_b0+gabor+glcm+lbp+swin_t,
FMD,resmlp,123,4,full,random_053,0.8712065182732707,0.87,6,7350,1.4858168049977394,deit_s+efficientnet_b0+lbp+mae_base+swin_t+vgg16,
FMD,resmlp,123,4,full,random_054,0.9659660194320014,0.965,6,4992,1.243955123001797,convnext_v2_t+deit_s+eva02_base+mae_base+resnet101+rgb_ngram_svd,
FMD,resmlp,123,4,full,random_055,0.8180021218430189,0.82,6,5878,1.5020455719968595,densenet121+glcm+hog+mae_base+resnet50+rgb_ngram_svd,
FMD,resmlp,123,4,full,random_056,0.8998876215583682,0.9,6,6992,1.4633302690017445,drlbp+efficientnet_b0+resnet101+resnet50+swin_t+vit_b16,
FMD,resmlp,123,4,full,random_057,0.8766606630021263,0.875,6,7296,1.191745511998306,drlbp+gabor+resnet50+rgb_ngram_svd+vgg16+vit_b16,
FMD,resmlp,123,4,full,random_058,0.9093710354685964,0.91,6,4708,1.2490987599994696,densenet121+dinov2_large+drlbp+gabor+hog+mae_base,
FMD,resmlp,123,4,full,random_059,0.9300573229104143,0.93,6,5908,1.448812579998048,dinov2+dinov2_large+gabor+hog+resnet101+rgb_ngram_svd,
FMD,resmlp,123,4,full,random_060,0.7455664247695137,0.745,6,2586,1.2960426669997105,deit_s+drlbp+gabor+hog+lbp+rgb_ngram_svd,
FMD,resmlp,123,4,full,random_061,0.9355832038758868,0.935,6,5990,1.188392602998647,gabor+lbp+mae_base+rgb_ngram_svd+siglip_base+vgg16,
FMD,resmlp,123,4,full,random_062,0.8553386044849459,0.855,6,8758,1.7849362470005872,densenet121+lbp+mae_base+resnet50+swin_t+vgg16,
FMD,resmlp,123,4,full,random_063,0.8201140341651973,0.82,6,4214,1.2066929520005942,densenet121+drlbp+efficientnet_b0+gabor+glcm+hog,
FMD,resmlp,123,4,full,random_064,0.8560414159007097,0.855,6,8500,1.855879618000472,densenet121+drlbp+hog+mae_base+swin_t+vgg16,
FMD,resmlp,123,4,full,random_065,0.9556882987370792,0.955,6,2760,0.9040935930024716,deit_s+eva02_base+glcm+lbp+siglip_base+swin_t,
FMD,resmlp,123,4,full,random_066,0.9061903320582229,0.905,6,3152,0.9149211700023443,deit_s+dinov2_small+drlbp+mae_base+swin_t+vit_b16,
FMD,resmlp,123,4,full,random_067,0.9561648844544264,0.955,6,3090,0.8387788830004865,convnext_v2_t+deit_s+dinov2_small+glcm+siglip_base+swin_t,
FMD,resmlp,123,4,full,random_068,0.9412130488253723,0.94,6,2530,1.0099689900016529,deit_s+densenet121+drlbp+eva02_base+glcm+rgb_ngram_svd,
FMD,resmlp,123,4,full,random_069,0.924686614911262,0.925,6,4194,1.216930347000016,dinov2_large+drlbp+glcm+resnet50+rgb_ngram_svd+swin_t,
FMD,resmlp,123,4,full,random_070,0.9103313631169858,0.91,6,9270,1.3910414190031588,dinov2_large+efficientnet_b0+lbp+resnet101+swin_t+vgg16,
FMD,resmlp,123,4,full,random_071,0.9409112059112058,0.94,6,5552,1.065180589001102,deit_s+dinov2_large+efficientnet_b0+eva02_base+gabor+resnet101,
FMD,resmlp,123,4,full,random_072,0.9507091154459575,0.95,6,3126,0.7542932010001095,deit_s+dinov2+dinov2_small+lbp+siglip_base+swin_t,
FMD,resmlp,123,4,full,random_073,0.9310378453382304,0.93,6,9600,1.5493026769981952,deit_s+densenet121+efficientnet_b0+eva02_base+resnet101+vgg16,
FMD,resmlp,123,4,full,random_074,0.9609758940246745,0.96,6,4762,1.2606002320026164,deit_s+densenet121+eva02_base+hog+lbp+siglip_base,
FMD,resmlp,123,4,full,random_075,0.9210101941049489,0.92,6,6114,1.5040955229997053,deit_s+drlbp+glcm+mae_base+siglip_base+vgg16,
FMD,resmlp,123,4,full,random_076,0.9456721702357133,0.945,6,5968,1.2854197250017023,drlbp+resnet101+resnet50+rgb_ngram_svd+siglip_base+vit_b16,
FMD,resmlp,123,4,full,random_077,0.9106896305805166,0.91,6,5220,1.416878791002091,dinov2_small+efficientnet_b0+hog+rgb_ngram_svd+siglip_base+swin_t,
FMD,resmlp,123,4,full,random_078,0.9401188869609921,0.94,6,3536,0.846605039001588,convnext_v2_t+dinov2+dinov2_small+drlbp+siglip_base+swin_t,
FMD,resmlp,123,4,full,random_079,0.9752067786727607,0.975,6,5888,1.320396733997768,efficientnet_b0+eva02_base+resnet101+rgb_ngram_svd+siglip_base+vit_b16,
FMD,resmlp,123,4,full,random_080,0.9303732497612547,0.93,6,3010,0.8725786389986752,deit_s+dinov2_large+gabor+glcm+mae_base+swin_t,
FMD,resmlp,123,4,full,random_081,0.9211381515360977,0.92,6,8368,1.1478749880006944,convnext_v2_t+dinov2_large+dinov2_small+gabor+resnet101+vgg16,
FMD,resmlp,123,4,full,random_082,0.9656605298752357,0.965,6,5120,1.1543076269990706,densenet121+dinov2_large+eva02_base+siglip_base+swin_t+vit_b16,
FMD,resmlp,123,4,full,random_083,0.9602425429424862,0.96,6,4688,0.9714639269986947,convnext_v2_t+drlbp+eva02_base+resnet101+rgb_ngram_svd+vit_b16,
FMD,resmlp,123,4,full,random_084,0.8840012219148365,0.885,6,7140,1.449743982997461,convnext_v2_t+densenet121+hog+resnet50+swin_t+vit_b16,
FMD,resmlp,123,4,full,random_085,0.9608052181736392,0.96,6,9216,1.1190921950001211,convnext_v2_t+dinov2+eva02_base+resnet50+siglip_base+vgg16,
FMD,resmlp,123,4,full,random_086,0.8974541900368095,0.895,6,8326,1.3582504759979201,dinov2+drlbp+efficientnet_b0+lbp+resnet101+vgg16,
FMD,resmlp,123,4,full,random_087,0.945925717857682,0.945,6,4040,0.9276659210008802,deit_s+dinov2+glcm+lbp+resnet101+siglip_base,
FMD,resmlp,123,4,full,random_088,0.9118396471198753,0.91,6,2402,1.0377179700008128,deit_s+dinov2_small+drlbp+glcm+mae_base+vit_b16,
FMD,resmlp,123,4,full,random_089,0.9507194837682643,0.95,6,2760,1.6631439459997637,convnext_v2_t+dinov2_small+glcm+lbp+siglip_base+vit_b16,
FMD,resmlp,123,4,full,random_090,0.9394464820588055,0.94,6,4038,1.428112351000891,dinov2_large+dinov2_small+drlbp+glcm+hog+mae_base,
FMD,resmlp,123,4,full,random_091,0.946071612740419,0.945,6,4656,0.9569444120024855,deit_s+dinov2_large+dinov2_small+gabor+resnet50+siglip_base,
FMD,resmlp,123,4,full,random_092,0.9705385786557235,0.97,6,4096,1.348744724997232,deit_s+drlbp+eva02_base+gabor+resnet101+siglip_base,
FMD,resmlp,123,4,full,random_093,0.9309053434085527,0.93,6,5120,0.941645201000938,deit_s+dinov2+dinov2_small+resnet101+siglip_base+vit_b16,
FMD,resmlp,123,4,full,random_094,0.9117764447158837,0.91,6,7120,1.411075954001717,densenet121+dinov2+dinov2_small+drlbp+swin_t+vgg16,
FMD,resmlp,123,4,full,random_095,0.9554202481201914,0.955,6,5366,1.355718598999374,convnext_v2_t+efficientnet_b0+eva02_base+glcm+hog+mae_base,
FMD,resmlp,123,4,full,random_096,0.9603287298922728,0.96,6,5652,1.5935647699989204,dinov2_large+efficientnet_b0+eva02_base+gabor+hog+mae_base,
FMD,resmlp,123,4,full,random_097,0.9101642395544834,0.91,6,3190,1.515928389999317,dinov2_large+drlbp+gabor+glcm+hog+rgb_ngram_svd,
FMD,resmlp,123,4,full,random_098,0.9348356426212652,0.935,6,3968,0.8008100259976345,convnext_v2_t+dinov2+drlbp+gabor+resnet50+rgb_ngram_svd,
FMD,resmlp,123,4,full,random_099,0.9353887924940556,0.935,6,7424,1.0879944110020006,convnext_v2_t+dinov2+rgb_ngram_svd+siglip_base+vgg16+vit_b16,
DTD,svm,42,5,full,random_000,0.8213008970675191,0.8228723404255319,6,3266,32.33152572400286,dinov2_small+efficientnet_b0+gabor+glcm+mae_base+swin_t,
DTD,svm,42,5,full,random_001,0.8199478424030626,0.8212765957446808,6,7600,14.635641004002537,convnext_v2_t+dinov2_small+gabor+resnet50+rgb_ngram_svd+vgg16,
DTD,svm,42,5,full,random_002,0.8588900350796632,0.8606382978723405,6,3912,18.798534270001255,dinov2_large+efficientnet_b0+glcm+lbp+siglip_base+swin_t,
DTD,svm,42,5,full,random_003,0.7812661536008467,0.7845744680851063,6,5658,27.157357356998546,convnext_v2_t+densenet121+efficientnet_b0+hog+lbp+swin_t,
DTD,svm,42,5,full,random_004,0.8389813008810105,0.8420212765957447,6,7350,21.350693996999325,convnext_v2_t+dinov2_small+efficientnet_b0+lbp+siglip_base+vgg16,
DTD,svm,42,5,full,random_005,0.8404800551607746,0.8425531914893617,6,3760,18.8025939500003,convnext_v2_t+densenet121+dinov2_small+gabor+siglip_base+swin_t,
DTD,svm,42,5,full,random_006,0.848500920412453,0.8494680851063829,6,6070,19.483859305000806,dinov2_small+lbp+resnet101+resnet50+siglip_base+vit_b16,
DTD,svm,42,5,full,random_007,0.8540349437050766,0.8558510638297873,6,4864,23.661638888999732,dinov2_large+efficientnet_b0+eva02_base+mae_base+rgb_ngram_svd+vit_b16,
DTD,svm,42,5,full,random_008,0.8459177655086663,0.8473404255319149,6,4902,26.603763309998612,dinov2_large+efficientnet_b0+gabor+glcm+hog+vit_b16,
DTD,svm,42,5,full,random_009,0.8236263944138031,0.825531914893617,6,3398,25.083559612998215,deit_s+dinov2_small+drlbp+glcm+hog+swin_t,
DTD,svm,42,5,full,random_010,0.8675619614844688,0.8691489361702127,6,4326,17.60433656999885,deit_s+dinov2_large+gabor+lbp+resnet101+siglip_base,
DTD,svm,42,5,full,random_011,0.7557990577744182,0.7579787234042553,6,6628,30.774285314000736,densenet121+hog+mae_base+resnet101+rgb_ngram_svd+swin_t,
DTD,svm,42,5,full,random_012,0.8476884258812266,0.8489361702127659,6,6884,26.50509670000247,dinov2+efficientnet_b0+eva02_base+hog+resnet101+rgb_ngram_svd,
DTD,svm,42,5,full,random_013,0.8331911274988055,0.8345744680851064,6,4966,18.2692808339998,efficientnet_b0+gabor+lbp+resnet101+siglip_base+vit_b16,
DTD,svm,42,5,full,random_014,0.8564106032337367,0.8590425531914894,6,8704,25.371904607000033,deit_s+dinov2+dinov2_large+dinov2_small+resnet101+vgg16,
DTD,svm,42,5,full,random_015,0.8183363193894945,0.8223404255319149,6,4756,31.09825788299713,convnext_v2_t+densenet121+dinov2_small+gabor+hog+mae_base,
DTD,svm,42,5,full,random_016,0.8401148322197317,0.8420212765957447,6,6960,17.39392162999866,dinov2+dinov2_large+gabor+mae_base+rgb_ngram_svd+vgg16,
DTD,svm,42,5,full,random_017,0.8398665914050403,0.8420212765957447,6,6884,24.62691806300063,convnext_v2_t+dinov2+hog+resnet50+swin_t+vit_b16,
DTD,svm,42,5,full,random_018,0.8231209377042765,0.825,6,4486,22.77958276999925,drlbp+lbp+mae_base+resnet50+siglip_base+swin_t,
DTD,svm,42,5,full,random_019,0.8278819384248187,0.8308510638297872,6,5968,24.874704817000747,convnext_v2_t+densenet121+drlbp+efficientnet_b0+resnet101+siglip_base,
DTD,svm,42,5,full,random_020,0.8162698236967381,0.8175531914893617,6,5906,20.027074114001152,glcm+resnet101+resnet50+rgb_ngram_svd+siglip_base+swin_t,
DTD,svm,42,5,full,random_021,0.8194085755660999,0.8212765957446808,6,2040,17.302296530000604,deit_s+gabor+glcm+lbp+siglip_base+vit_b16,
DTD,svm,42,5,full,random_022,0.8432616687332046,0.8457446808510638,6,10468,33.485266960000445,convnext_v2_t+dinov2_large+hog+resnet101+vgg16+vit_b16,
DTD,svm,42,5,full,random_023,0.8285314989886656,0.8292553191489361,6,10010,29.076972427999863,efficientnet_b0+eva02_base+hog+lbp+resnet50+vgg16,
DTD,svm,42,5,full,random_024,0.8530149330526279,0.8547872340425532,6,3968,16.79753722300302,dinov2_large+dinov2_small+mae_base+rgb_ngram_svd+siglip_base+swin_t,
DTD,svm,42,5,full,random_025,0.8147164037818694,0.8170212765957446,6,7700,28.674715944001946,deit_s+densenet121+dinov2_small+gabor+hog+vgg16,
DTD,svm,42,5,full,random_026,0.8548718111413037,0.8574468085106383,6,3266,28.248305896999227,dinov2+dinov2_small+efficientnet_b0+gabor+glcm+siglip_base,
DTD,svm,42,5,full,random_027,0.8267979604398823,0.8297872340425532,6,6292,27.028627709998545,dinov2_small+efficientnet_b0+gabor+hog+mae_base+resnet50,
DTD,svm,42,5,full,random_028,0.828481312610768,0.8308510638297872,6,9114,27.045832566996978,convnext_v2_t+dinov2_small+hog+lbp+resnet101+vgg16,
DTD,svm,42,5,full,random_029,0.8513865678494696,0.8531914893617021,6,4424,22.24651097700189,convnext_v2_t+dinov2+glcm+lbp+resnet50+siglip_base,
DTD,svm,42,5,full,random_030,0.823111853443858,0.825,6,5750,25.417422214999533,deit_s+glcm+hog+resnet50+siglip_base+swin_t,
DTD,svm,42,5,full,random_031,0.8373084119199214,0.8388297872340426,6,5504,22.01249955700041,dinov2+dinov2_small+efficientnet_b0+resnet50+rgb_ngram_svd+swin_t,
DTD,svm,42,5,full,random_032,0.8503857955017344,0.8521276595744681,6,4298,18.455568458000926,densenet121+dinov2_large+dinov2_small+gabor+hog+lbp,
DTD,svm,42,5,full,random_033,0.7536909398768256,0.7563829787234042,6,9680,24.306882226999733,deit_s+densenet121+drlbp+resnet101+resnet50+vgg16,
DTD,svm,42,5,full,random_034,0.8273701369550126,0.8297872340425532,6,6144,21.701428709999163,convnext_v2_t+densenet121+resnet101+siglip_base+swin_t+vit_b16,
DTD,svm,42,5,full,random_035,0.847406252703875,0.8494680851063829,6,6290,17.771959265002806,deit_s+dinov2_large+glcm+resnet101+resnet50+vit_b16,
DTD,svm,42,5,full,random_036,0.8530143715452274,0.8547872340425532,6,5738,29.478608778998023,dinov2_large+drlbp+hog+lbp+mae_base+resnet101,
DTD,svm,42,5,full,random_037,0.8519743105012364,0.8547872340425532,6,3986,14.992021906000446,dinov2+dinov2_large+drlbp+gabor+glcm+resnet101,
DTD,svm,42,5,full,random_038,0.8199205954925699,0.8212765957446808,6,4992,17.379123552000237,convnext_v2_t+deit_s+resnet101+rgb_ngram_svd+siglip_base+swin_t,
DTD,svm,42,5,full,random_039,0.8434870650875914,0.8452127659574468,6,5046,20.91751054499764,densenet121+dinov2_small+lbp+resnet101+siglip_base+vit_b16,
DTD,svm,42,5,full,random_040,0.8482642409835891,0.8489361702127659,6,4784,16.441713592997985,convnext_v2_t+dinov2_small+eva02_base+gabor+resnet101+swin_t,
DTD,svm,42,5,full,random_041,0.774911568297986,0.777127659574468,6,3730,42.82745297600195,convnext_v2_t+deit_s+densenet121+efficientnet_b0+glcm+rgb_ngram_svd,
DTD,svm,42,5,full,random_042,0.8532595931970031,0.8547872340425532,6,6144,23.477973683999153,densenet121+dinov2+eva02_base+mae_base+resnet50+vit_b16,
DTD,svm,42,5,full,random_043,0.8593331206132006,0.8601063829787234,6,4424,17.402441810998425,dinov2+glcm+lbp+mae_base+resnet50+siglip_base,
DTD,svm,42,5,full,random_044,0.8366057585094809,0.8382978723404255,6,7216,18.861675055002706,dinov2+gabor+mae_base+swin_t+vgg16+vit_b16,
DTD,svm,42,5,full,random_045,0.8546464260623792,0.8563829787234043,6,6144,19.0290804819997,convnext_v2_t+densenet121+dinov2+eva02_base+resnet50+vit_b16,
DTD,svm,42,5,full,random_046,0.8467558279695027,0.848404255319149,6,4016,16.81948390099933,convnext_v2_t+deit_s+densenet121+dinov2_large+gabor+vit_b16,
DTD,svm,42,5,full,random_047,0.8539718134394765,0.8558510638297873,6,3382,29.828168590000132,deit_s+dinov2_large+dinov2_small+lbp+mae_base+swin_t,
DTD,svm,42,5,full,random_048,0.8071711292802826,0.8090425531914893,6,3554,24.215691945999424,dinov2_small+drlbp+glcm+mae_base+resnet101+rgb_ngram_svd,
DTD,svm,42,5,full,random_049,0.8286708533310649,0.8297872340425532,6,5504,22.50511076299881,deit_s+eva02_base+mae_base+resnet50+swin_t+vit_b16,
DTD,svm,42,5,full,random_050,0.8633214827127439,0.8643617021276596,6,4150,17.43807323999863,dinov2+dinov2_large+eva02_base+lbp+mae_base+swin_t,
DTD,svm,42,5,full,random_051,0.8418560354622016,0.8436170212765958,6,7680,30.98016193100193,efficientnet_b0+eva02_base+resnet101+resnet50+siglip_base+swin_t,
DTD,svm,42,5,full,random_052,0.8355623957852428,0.8372340425531914,6,7834,25.237042274002306,deit_s+dinov2+hog+lbp+swin_t+vgg16,
DTD,svm,42,5,full,random_053,0.8496173619060865,0.8515957446808511,6,4882,21.254854473001615,densenet121+dinov2_large+efficientnet_b0+glcm+mae_base+vit_b16,
DTD,svm,42,5,full,random_054,0.7399062511128753,0.7414893617021276,6,7606,23.211923266000667,deit_s+lbp+mae_base+resnet50+rgb_ngram_svd+vgg16,
DTD,svm,42,5,full,random_055,0.8440253779674235,0.8452127659574468,6,6480,26.65025314400191,drlbp+eva02_base+resnet101+resnet50+siglip_base+swin_t,
DTD,svm,42,5,full,random_056,0.7526195947680121,0.7542553191489362,6,7450,36.32739098900129,efficientnet_b0+hog+lbp+resnet101+resnet50+rgb_ngram_svd,
DTD,svm,42,5,full,random_057,0.8395283718353755,0.8414893617021276,6,3446,34.030026929001906,convnext_v2_t+drlbp+gabor+glcm+hog+siglip_base,
DTD,svm,42,5,full,random_058,0.8420408153440921,0.8436170212765958,6,4816,19.34190568000122,convnext_v2_t+deit_s+dinov2+drlbp+resnet50+vit_b16,
DTD,svm,42,5,full,random_059,0.8680914975986398,0.8696808510638298,6,7734,24.940357040999515,densenet121+dinov2_large+eva02_base+lbp+siglip_base+vgg16,
DTD,svm,42,5,full,random_060,0.8162526070649329,0.8180851063829787,6,7670,23.882852547001676,deit_s+densenet121+dinov2_small+glcm+hog+vgg16,
DTD,svm,42,5,full,random_061,0.7774874556563535,0.7797872340425532,6,3254,35.499545038997894,convnext_v2_t+deit_s+densenet121+lbp+rgb_ngram_svd+swin_t,
DTD,svm,42,5,full,random_062,0.8204063166412413,0.8218085106382979,6,6466,16.43668827700094,efficientnet_b0+eva02_base+gabor+glcm+rgb_ngram_svd+vgg16,
DTD,svm,42,5,full,random_063,0.8226795493584246,0.824468085106383,6,5760,22.266739417998906,deit_s+densenet121+eva02_base+mae_base+resnet50+swin_t,
DTD,svm,42,5,full,random_064,0.8548896964739118,0.8569148936170212,6,4248,17.89088131799872,densenet121+dinov2_large+drlbp+glcm+lbp+resnet101,
DTD,svm,42,5,full,random_065,0.8192987225886349,0.8207446808510638,6,8804,25.70197248600016,densenet121+dinov2_small+hog+swin_t+vgg16+vit_b16,
DTD,svm,42,5,full,random_066,0.841865915608485,0.8446808510638298,6,2816,21.91800468099973,convnext_v2_t+dinov2_small+drlbp+gabor+mae_base+siglip_base,
DTD,svm,42,5,full,random_067,0.8427744081426106,0.8446808510638298,6,6722,18.75142919299833,dinov2_large+gabor+glcm+mae_base+vgg16+vit_b16,
DTD,svm,42,5,full,random_068,0.8378781903782592,0.8382978723404255,6,4278,11.951545371000975,dinov2_small+eva02_base+lbp+mae_base+resnet50+rgb_ngram_svd,
DTD,svm,42,5,full,random_069,0.8250139034472734,0.825531914893617,6,4140,23.628678025001136,eva02_base+glcm+hog+lbp+mae_base+swin_t,
DTD,svm,42,5,full,random_070,0.8552941743143262,0.8569148936170212,6,6646,37.83745510300287,dinov2+efficientnet_b0+glcm+hog+resnet50+siglip_base,
DTD,svm,42,5,full,random_071,0.8498735975797412,0.8521276595744681,6,6324,27.432470864001516,deit_s+densenet121+dinov2_large+drlbp+hog+resnet50,
DTD,svm,42,5,full,random_072,0.7616159354766759,0.7632978723404256,6,1528,13.758023225000215,convnext_v2_t+deit_s+gabor+glcm+lbp+rgb_ngram_svd,
DTD,svm,42,5,full,random_073,0.8395637671414612,0.8409574468085106,6,2896,24.498178272999212,deit_s+dinov2_large+dinov2_small+drlbp+mae_base+rgb_ngram_svd,
DTD,svm,42,5,full,random_074,0.8475299366516843,0.8494680851063829,6,3632,35.0566846469992,dinov2+dinov2_large+gabor+mae_base+rgb_ngram_svd+swin_t,
DTD,svm,42,5,full,random_075,0.7771092239656529,0.7792553191489362,6,5456,26.621443470001395,densenet121+drlbp+mae_base+resnet50+swin_t+vit_b16,
DTD,svm,42,5,full,random_076,0.8452642182958618,0.8473404255319149,6,5632,20.517038857000443,deit_s+dinov2+dinov2_small+efficientnet_b0+resnet50+vit_b16,
DTD,svm,42,5,full,random_077,0.8420456456712866,0.8441489361702128,6,5138,20.995579069000087,convnext_v2_t+dinov2+glcm+mae_base+resnet50+swin_t,
DTD,svm,42,5,full,random_078,0.8536598506995765,0.8547872340425532,6,4754,17.278125403001468,dinov2+dinov2_small+glcm+mae_base+resnet50+siglip_base,
DTD,svm,42,5,full,random_079,0.8534918465503989,0.8553191489361702,6,5292,21.447767623998516,deit_s+dinov2_large+glcm+hog+lbp+resnet50,
DTD,svm,42,5,full,random_080,0.7747706650396018,0.7755319148936171,6,3010,28.788251592999586,deit_s+densenet121+gabor+glcm+swin_t+vit_b16,
DTD,svm,42,5,full,random_081,0.856986535469194,0.8585106382978723,6,3474,34.413570565000555,deit_s+dinov2+eva02_base+glcm+siglip_base+vit_b16,
DTD,svm,42,5,full,random_082,0.8132667412811132,0.8148936170212766,6,3174,26.339197098001023,efficientnet_b0+eva02_base+gabor+lbp+rgb_ngram_svd+vit_b16,
DTD,svm,42,5,full,random_083,0.850251781263039,0.8521276595744681,6,4506,22.45102746900011,deit_s+dinov2+hog+lbp+siglip_base+swin_t,
DTD,svm,42,5,full,random_084,0.8290014458612099,0.8303191489361702,6,3718,38.057584739999584,drlbp+efficientnet_b0+eva02_base+lbp+swin_t+vit_b16,
DTD,svm,42,5,full,random_085,0.8461900499095236,0.8473404255319149,6,4688,20.36668314200142,dinov2+drlbp+eva02_base+resnet50+rgb_ngram_svd+vit_b16,
DTD,svm,42,5,full,random_086,0.8524629788245925,0.8542553191489362,6,5760,22.43102918299701,dinov2+dinov2_large+dinov2_small+efficientnet_b0+resnet50+rgb_ngram_svd,
DTD,svm,42,5,full,random_087,0.8644542827656535,0.8664893617021276,6,4242,21.45799046799948,deit_s+dinov2_large+efficientnet_b0+glcm+siglip_base+swin_t,
DTD,svm,42,5,full,random_088,0.8527880097346158,0.8547872340425532,6,4756,22.119771910001873,convnext_v2_t+dinov2_large+dinov2_small+gabor+hog+vit_b16,
DTD,svm,42,5,full,random_089,0.8603052982242475,0.8617021276595744,6,3638,31.979281158997765,convnext_v2_t+dinov2+dinov2_large+eva02_base+lbp+rgb_ngram_svd,
DTD,svm,42,5,full,random_090,0.8589114115646896,0.8601063829787234,6,6400,24.041845596999337,densenet121+dinov2_large+eva02_base+mae_base+resnet50+vit_b16,
DTD,svm,42,5,full,random_091,0.8304226209101414,0.8313829787234043,6,3138,27.566702424999676,convnext_v2_t+eva02_base+gabor+glcm+mae_base+vit_b16,
DTD,svm,42,5,full,random_092,0.7835769078498641,0.7856382978723404,6,6272,19.848566266999114,convnext_v2_t+deit_s+mae_base+resnet101+resnet50+rgb_ngram_svd,
DTD,svm,42,5,full,random_093,0.8622518754995692,0.8638297872340426,6,7234,17.839781345999654,dinov2_large+efficientnet_b0+gabor+glcm+siglip_base+vgg16,
DTD,svm,42,5,full,random_094,0.8322116063460064,0.8340425531914893,6,3254,26.454682334999234,deit_s+densenet121+dinov2+lbp+mae_base+rgb_ngram_svd,
DTD,svm,42,5,full,random_095,0.7744557204169258,0.7760638297872341,6,4762,32.44532975000038,drlbp+gabor+hog+lbp+resnet50+vit_b16,
DTD,svm,42,5,full,random_096,0.8633491279952294,0.8643617021276596,6,8722,21.148497795002186,dinov2_large+glcm+resnet50+siglip_base+vgg16+vit_b16,
DTD,svm,42,5,full,random_097,0.8007558066593222,0.8031914893617021,6,4276,20.069774878997123,densenet121+dinov2_small+drlbp+hog+rgb_ngram_svd+vit_b16,
DTD,svm,42,5,full,random_098,0.8435461966728678,0.8446808510638298,6,5906,25.303375952997158,dinov2_large+efficientnet_b0+glcm+resnet101+swin_t+vit_b16,
DTD,svm,42,5,full,random_099,0.8519298426584527,0.8542553191489362,6,6016,23.721534855001664,convnext_v2_t+deit_s+densenet121+dinov2_large+mae_base+resnet101,
FMD,resmlp,2026,0,full,random_000,0.890167715765472,0.89,4,3610,1.4984508669986099,convnext_v2_t+densenet121+hog+lbp,
FMD,resmlp,2026,0,full,random_001,0.9447930332397598,0.945,4,2560,0.8217871320011909,rgb_ngram_svd+siglip_base+swin_t+vit_b16,
FMD,resmlp,2026,0,full,random_002,0.9448903685103943,0.945,4,4608,1.2008119170022837,convnext_v2_t+densenet121+eva02_base+resnet50,
FMD,resmlp,2026,0,full,random_003,0.9203879426930162,0.92,4,5888,0.9089528810000047,dinov2_large+resnet101+resnet50+vit_b16,
FMD,resmlp,2026,0,full,random_004,0.9400284482312724,0.94,4,4144,0.9860517919987615,efficientnet_b0+eva02_base+gabor+resnet50,
FMD,resmlp,2026,0,full,random_005,0.9196662368613587,0.92,4,5632,0.8574158900009934,deit_s+dinov2_small+eva02_base+vgg16,
FMD,resmlp,2026,0,full,random_006,0.9553381577771823,0.955,4,1536,0.9018284960002347,dinov2_large+dinov2_small+drlbp+gabor,
FMD,resmlp,2026,0,full,random_007,0.8455929776413914,0.845,4,3456,0.9100311720030732,drlbp+efficientnet_b0+gabor+resnet101,
FMD,resmlp,2026,0,full,random_008,0.8897349142085986,0.89,4,5200,1.2477521850014455,drlbp+eva02_base+rgb_ngram_svd+vgg16,
FMD,resmlp,2026,0,full,random_009,0.9553381577771823,0.955,4,2224,0.8793652389977069,dinov2_large+dinov2_small+gabor+mae_base,
FMD,resmlp,2026,0,full,random_010,0.9351698508309548,0.935,4,4176,1.3459008749996428,dinov2+drlbp+efficientnet_b0+resnet101,
FMD,resmlp,2026,0,full,random_011,0.9501427430874845,0.95,4,4864,1.598826490000647,efficientnet_b0+eva02_base+resnet50+vit_b16,
FMD,resmlp,2026,0,full,random_012,0.9547175866495508,0.955,4,2230,1.4096923240031174,densenet121+dinov2_small+eva02_base+lbp,
FMD,resmlp,2026,0,full,random_013,0.8653522177859401,0.865,4,6198,1.9024539010024455,convnext_v2_t+efficientnet_b0+lbp+vgg16,
FMD,resmlp,2026,0,full,random_014,0.8799979233332966,0.88,4,3280,1.8807982850012195,deit_s+drlbp+resnet101+swin_t,
FMD,resmlp,2026,0,full,random_015,0.7735365183953117,0.775,4,4486,2.1626388169970596,drlbp+lbp+rgb_ngram_svd+vgg16,
FMD,resmlp,2026,0,full,random_016,0.8747250632594097,0.875,4,5266,1.355286703001184,dinov2_small+glcm+vgg16+vit_b16,
FMD,resmlp,2026,0,full,random_017,0.8546236137475652,0.855,4,7680,1.6510448150002048,efficientnet_b0+resnet101+rgb_ngram_svd+vgg16,
FMD,resmlp,2026,0,full,random_018,0.9497614332132347,0.95,4,4224,1.3661622399995395,deit_s+dinov2+dinov2_large+resnet101,
FMD,resmlp,2026,0,full,random_019,0.9357077398325868,0.935,4,3126,1.433292284997151,lbp+resnet101+rgb_ngram_svd+siglip_base,
FMD,resmlp,2026,0,full,random_020,0.8280228201478851,0.83,4,6448,1.8436110639995604,gabor+resnet50+rgb_ngram_svd+vgg16,
FMD,resmlp,2026,0,full,random_021,0.8663014730548358,0.865,4,4324,2.26616939700034,densenet121+hog+mae_base+swin_t,
FMD,resmlp,2026,0,full,random_022,0.9648624140087554,0.965,4,1254,1.2214366190019064,dinov2_small+eva02_base+gabor+lbp,
FMD,resmlp,2026,0,full,random_023,0.8657951697665194,0.865,4,4352,1.5280772890000662,efficientnet_b0+resnet101+rgb_ngram_svd+swin_t,
FMD,resmlp,2026,0,full,random_024,0.8151561341950359,0.815,4,6454,1.8899081419986032,densenet121+efficientnet_b0+lbp+vgg16,
FMD,resmlp,2026,0,full,random_025,0.9499781113195749,0.95,4,2560,1.31783496099888,eva02_base+mae_base+rgb_ngram_svd+swin_t,
FMD,resmlp,2026,0,full,random_026,0.9195918583710029,0.92,4,5942,1.9632887090010627,densenet121+eva02_base+lbp+vgg16,
FMD,resmlp,2026,0,full,random_027,0.9252785228744269,0.925,4,2304,1.267328338999505,convnext_v2_t+deit_s+dinov2_small+vit_b16,
FMD,resmlp,2026,0,full,random_028,0.9550781268367918,0.955,4,2614,1.2001427120012522,convnext_v2_t+dinov2_large+lbp+siglip_base,
FMD,resmlp,2026,0,full,random_029,0.7718630152417058,0.77,4,2886,2.3885522070013394,densenet121+drlbp+glcm+hog,
FMD,resmlp,2026,0,full,random_030,0.9150077213491847,0.915,4,5680,1.4897371960032615,eva02_base+gabor+swin_t+vgg16,
FMD,resmlp,2026,0,full,random_031,0.9547091462239086,0.955,4,3328,0.9832558570014953,dinov2_large+eva02_base+mae_base+swin_t,
FMD,resmlp,2026,0,full,random_032,0.8452799055124638,0.845,4,3254,1.7693255729973316,deit_s+lbp+mae_base+resnet101,
FMD,resmlp,2026,0,full,random_033,0.9404514740714998,0.94,4,2608,1.0894762339994486,convnext_v2_t+dinov2_large+gabor+vit_b16,
FMD,resmlp,2026,0,full,random_034,0.9298738714592375,0.93,4,3200,1.102150160997553,deit_s+efficientnet_b0+eva02_base+swin_t,
FMD,resmlp,2026,0,full,random_035,0.9648373513521138,0.965,4,2352,1.242264485998021,dinov2+eva02_base+gabor+mae_base,
FMD,resmlp,2026,0,full,random_036,0.9449391066785164,0.945,4,2512,1.4701261459995294,deit_s+drlbp+efficientnet_b0+eva02_base,
FMD,resmlp,2026,0,full,random_037,0.8648737364376078,0.865,4,2566,1.9197275529986655,deit_s+drlbp+lbp+resnet101,
FMD,resmlp,2026,0,full,random_038,0.9450243808395286,0.945,4,2944,1.2821410299984564,convnext_v2_t+deit_s+dinov2_large+siglip_base,
FMD,resmlp,2026,0,full,random_039,0.9007111311059426,0.9,4,3456,1.676247549999971,deit_s+resnet101+rgb_ngram_svd+vit_b16,
FMD,resmlp,2026,0,full,random_040,0.9097371788835205,0.91,4,2176,1.2888644519989612,dinov2_small+mae_base+rgb_ngram_svd+swin_t,
FMD,resmlp,2026,0,full,random_041,0.8750540516394174,0.875,4,3248,1.4548044049988675,deit_s+gabor+resnet50+swin_t,
FMD,resmlp,2026,0,full,random_042,0.8258567419265525,0.825,4,3382,1.7723309329994663,densenet121+lbp+resnet50+rgb_ngram_svd,
FMD,resmlp,2026,0,full,random_043,0.9258900456268877,0.925,4,1810,1.411377315002028,dinov2+glcm+rgb_ngram_svd+vit_b16,
FMD,resmlp,2026,0,full,random_044,0.9453157076841286,0.945,4,4370,1.6384723900009703,dinov2_large+efficientnet_b0+glcm+resnet101,
FMD,resmlp,2026,0,full,random_045,0.9599167089590113,0.96,4,4608,1.2866329530006624,convnext_v2_t+dinov2_large+eva02_base+resnet50,
FMD,resmlp,2026,0,full,random_046,0.9699874921826142,0.97,4,1938,1.3345850229998177,deit_s+eva02_base+glcm+siglip_base,
FMD,resmlp,2026,0,full,random_047,0.9397154001326017,0.94,4,3638,1.5481156690002535,lbp+resnet50+siglip_base+vit_b16,
FMD,resmlp,2026,0,full,random_048,0.9152251158720397,0.915,4,1608,1.528131298997323,convnext_v2_t+glcm+lbp+swin_t,
FMD,resmlp,2026,0,full,random_049,0.9293959887720524,0.93,4,4608,1.9581504939997103,densenet121+resnet101+siglip_base+swin_t,
FMD,resmlp,2026,0,full,random_050,0.8852522610875015,0.885,4,3636,2.1094012200010184,convnext_v2_t+densenet121+drlbp+hog,
FMD,resmlp,2026,0,full,random_051,0.9201869593191203,0.92,4,2706,1.4675347409975075,densenet121+dinov2_small+efficientnet_b0+glcm,
FMD,resmlp,2026,0,full,random_052,0.839530270289047,0.84,4,2882,1.79093930900126,gabor+glcm+mae_base+resnet50,
FMD,resmlp,2026,0,full,random_053,0.9551407351265547,0.955,4,3190,1.8666206609996152,dinov2_large+dinov2_small+glcm+hog,
FMD,resmlp,2026,0,full,random_054,0.9399629232556063,0.94,4,3840,1.8415681029982807,convnext_v2_t+eva02_base+resnet50+rgb_ngram_svd,
FMD,resmlp,2026,0,full,random_055,0.9450057823600231,0.945,4,3536,1.4956569530004344,dinov2_large+dinov2_small+drlbp+resnet101,
FMD,resmlp,2026,0,full,random_056,0.9249198512228037,0.925,4,3248,1.303944256997056,deit_s+eva02_base+gabor+resnet101,
FMD,resmlp,2026,0,full,random_057,0.9444923360070986,0.945,4,3860,1.6987911729993357,efficientnet_b0+eva02_base+gabor+hog,
FMD,resmlp,2026,0,full,random_058,0.8992456528656787,0.9,4,7396,2.160908092999307,eva02_base+hog+swin_t+vgg16,
FMD,resmlp,2026,0,full,random_059,0.9196406365726008,0.92,4,2352,1.2616618489992106,convnext_v2_t+dinov2+gabor+vit_b16,
FMD,resmlp,2026,0,full,random_060,0.8956840998111859,0.895,4,4480,1.6559818140012794,dinov2_small+efficientnet_b0+resnet50+vit_b16,
FMD,resmlp,2026,0,full,random_061,0.9598462855073894,0.96,4,2230,2.572457239999494,deit_s+dinov2_large+lbp+siglip_base,
FMD,resmlp,2026,0,full,random_062,0.8992013664657483,0.9,4,6016,1.650118666999333,dinov2_small+efficientnet_b0+rgb_ngram_svd+vgg16,
FMD,resmlp,2026,0,full,random_063,0.9550723196358627,0.955,4,2000,1.3958698349997576,deit_s+drlbp+eva02_base+vit_b16,
FMD,resmlp,2026,0,full,random_064,0.9309899382543202,0.93,4,2096,1.5627386500018474,dinov2_large+gabor+mae_base+rgb_ngram_svd,
FMD,resmlp,2026,0,full,random_065,0.9400328999994642,0.94,4,3888,1.8053668710017519,densenet121+gabor+resnet50+siglip_base,
FMD,resmlp,2026,0,full,random_066,0.9244663646254832,0.925,4,7396,1.8758096380006464,dinov2+eva02_base+hog+vgg16,
FMD,resmlp,2026,0,full,random_067,0.8461083929504983,0.845,4,5424,2.0158331999991788,efficientnet_b0+gabor+resnet101+resnet50,
FMD,resmlp,2026,0,full,random_068,0.9249887788719626,0.925,4,2578,1.5691473229999247,densenet121+eva02_base+glcm+swin_t,
FMD,resmlp,2026,0,full,random_069,0.8856843699632606,0.885,4,1968,1.585738866997417,convnext_v2_t+deit_s+gabor+mae_base,
FMD,resmlp,2026,0,full,random_070,0.8858582906604339,0.885,4,3152,2.2514671600001748,densenet121+drlbp+efficientnet_b0+vit_b16,
FMD,resmlp,2026,0,full,random_071,0.9546835898376334,0.955,4,2176,1.242355125999893,dinov2+dinov2_small+eva02_base+rgb_ngram_svd,
FMD,resmlp,2026,0,full,random_072,0.8994292847200569,0.9,4,6930,1.7881884620001074,dinov2+glcm+resnet101+vgg16,
FMD,resmlp,2026,0,full,random_073,0.9454676366335619,0.945,4,2614,1.361870122000255,dinov2+dinov2_large+lbp+mae_base,
FMD,resmlp,2026,0,full,random_074,0.8334625608309818,0.835,4,6162,1.885863043997233,efficientnet_b0+glcm+mae_base+vgg16,
FMD,resmlp,2026,0,full,random_075,0.9350261923946135,0.935,4,1846,1.3501369139994495,dinov2+lbp+rgb_ngram_svd+swin_t,
FMD,resmlp,2026,0,full,random_076,0.955191590608792,0.955,4,3328,1.184911120999459,convnext_v2_t+dinov2_large+siglip_base+vit_b16,
FMD,resmlp,2026,0,full,random_077,0.9351475703016139,0.935,4,2834,1.5038176420021045,densenet121+dinov2_large+glcm+vit_b16,
FMD,resmlp,2026,0,full,random_078,0.9399781113195746,0.94,4,1968,1.3714870849980798,convnext_v2_t+deit_s+eva02_base+gabor,
FMD,resmlp,2026,0,full,random_079,0.9749816849816849,0.975,4,2816,1.5265363779981271,dinov2_large+mae_base+rgb_ngram_svd+siglip_base,
FMD,resmlp,2026,0,full,random_080,0.9298639504210152,0.93,4,4912,1.6761011220005457,eva02_base+gabor+resnet101+resnet50,
FMD,resmlp,2026,0,full,random_081,0.9103600797310681,0.91,4,6912,1.4861188089998905,convnext_v2_t+efficientnet_b0+eva02_base+vgg16,
FMD,resmlp,2026,0,full,random_082,0.9147140889287947,0.915,4,5248,1.2583518299979914,dinov2_small+eva02_base+resnet101+resnet50,
FMD,resmlp,2026,0,full,random_083,0.9399953776077009,0.94,4,2224,1.3774852950009517,deit_s+dinov2_large+gabor+mae_base,
FMD,resmlp,2026,0,full,random_084,0.9250351265498891,0.925,4,5348,1.3235737219984003,convnext_v2_t+dinov2+hog+resnet101,
FMD,resmlp,2026,0,full,random_085,0.8395950617100272,0.84,4,5328,1.3725406390003627,deit_s+drlbp+vgg16+vit_b16,
FMD,resmlp,2026,0,full,random_086,0.9001968337554522,0.9,4,4352,1.3396505759992579,convnext_v2_t+efficientnet_b0+resnet101+rgb_ngram_svd,
FMD,resmlp,2026,0,full,random_087,0.9444923360070986,0.945,4,3860,1.4229404849975253,efficientnet_b0+eva02_base+gabor+hog,
FMD,resmlp,2026,0,full,random_088,0.9052698920720846,0.905,4,4176,1.0930444590012485,convnext_v2_t+drlbp+efficientnet_b0+resnet101,
FMD,resmlp,2026,0,full,random_089,0.9649686834346654,0.965,4,3072,0.8742084879995673,dinov2+eva02_base+swin_t+vit_b16,
FMD,resmlp,2026,0,full,random_090,0.8855555829016076,0.885,4,6966,1.3032057880009233,lbp+resnet101+vgg16+vit_b16,
FMD,resmlp,2026,0,full,random_091,0.8599420435405747,0.86,4,4598,1.4425568909973663,glcm+hog+resnet101+swin_t,
FMD,resmlp,2026,0,full,random_092,0.9799816849816849,0.98,4,2578,0.9777228599996306,dinov2_large+glcm+mae_base+siglip_base,
FMD,resmlp,2026,0,full,random_093,0.9296969362116988,0.93,4,3920,1.0744727620003687,densenet121+dinov2+drlbp+resnet101,
FMD,resmlp,2026,0,full,random_094,0.9546835898376334,0.955,4,2688,0.6916070379993471,deit_s+dinov2+siglip_base+vit_b16,
FMD,resmlp,2026,0,full,random_095,0.8896447509862144,0.89,4,7296,1.161812282000028,dinov2_small+resnet101+vgg16+vit_b16,
FMD,resmlp,2026,0,full,random_096,0.7846335156952087,0.785,4,2066,1.4286814849983784,densenet121+glcm+mae_base+rgb_ngram_svd,
FMD,resmlp,2026,0,full,random_097,0.8394042871005972,0.84,4,2918,1.4464167840014852,gabor+lbp+mae_base+resnet50,
FMD,resmlp,2026,0,full,random_098,0.9595611919103575,0.96,4,4864,0.9573015599999053,densenet121+dinov2_large+eva02_base+resnet101,
FMD,resmlp,2026,0,full,random_099,0.872382138882721,0.875,4,4784,1.144179193997843,dinov2_small+gabor+rgb_ngram_svd+vgg16,
FMD,resmlp,2026,1,full,random_000,0.9598306037137874,0.96,3,3584,1.3763416789988696,dinov2+resnet50+siglip_base,
FMD,resmlp,2026,1,full,random_001,0.8556558303428172,0.855,3,1872,1.7093492569983937,densenet121+drlbp+swin_t,
FMD,resmlp,2026,1,full,random_002,0.9545997498436524,0.955,3,834,1.5283138020022307,gabor+glcm+siglip_base,
FMD,resmlp,2026,1,full,random_003,0.9399687304565354,0.94,3,2896,1.8061392870004056,drlbp+eva02_base+resnet50,
FMD,resmlp,2026,1,full,random_004,0.9348270300516772,0.935,3,4580,1.6607950049983629,eva02_base+hog+resnet101,
FMD,resmlp,2026,1,full,random_005,0.7063169632422104,0.705,3,902,2.2875190140002815,drlbp+lbp+mae_base,
FMD,resmlp,2026,1,full,random_006,0.9445638721569403,0.945,3,2176,1.457683452998026,deit_s+densenet121+siglip_base,
FMD,resmlp,2026,1,full,random_007,0.7839258303949173,0.785,3,1152,1.9752643669999088,densenet121+drlbp+gabor,
FMD,resmlp,2026,1,full,random_008,0.9549785580273383,0.955,3,3300,1.8416376390014193,eva02_base+hog+siglip_base,
FMD,resmlp,2026,1,full,random_009,0.87521427009008,0.875,3,2580,1.8032437639994896,gabor+hog+swin_t,
FMD,resmlp,2026,1,full,random_010,0.92973170961349,0.93,3,1170,1.3338823769990995,deit_s+dinov2+glcm,
FMD,resmlp,2026,1,full,random_011,0.8838096254784317,0.885,3,3072,1.8463011229978292,densenet121+efficientnet_b0+vit_b16,
FMD,resmlp,2026,1,full,random_012,0.9447175866495507,0.945,3,902,1.503023392000614,drlbp+lbp+siglip_base,
FMD,resmlp,2026,1,full,random_013,0.9103485922581662,0.91,3,5888,1.4702672059975157,densenet121+eva02_base+vgg16,
FMD,resmlp,2026,1,full,random_014,0.92950845651386,0.93,3,1810,1.391159303002496,densenet121+dinov2+glcm,
FMD,resmlp,2026,1,full,random_015,0.9302313946216385,0.93,3,5632,1.2198818169999868,dinov2+swin_t+vgg16,
FMD,resmlp,2026,1,full,random_016,0.8054077501445922,0.805,3,1488,1.9630496660029166,deit_s+densenet121+drlbp,
FMD,resmlp,2026,1,full,random_017,0.8750467438763406,0.875,3,3840,1.874460236998857,densenet121+resnet50+swin_t,
FMD,resmlp,2026,1,full,random_018,0.7798370491181787,0.78,3,3300,2.3307656350007164,efficientnet_b0+hog+rgb_ngram_svd,
FMD,resmlp,2026,1,full,random_019,0.9346869967065805,0.935,3,2688,1.5645886849997623,deit_s+dinov2_large+efficientnet_b0,
FMD,resmlp,2026,1,full,random_020,0.9398773100997181,0.94,3,1170,1.3517799100009142,deit_s+glcm+siglip_base,
FMD,resmlp,2026,1,full,random_021,0.9145778141413571,0.915,3,1536,1.4268328590005694,convnext_v2_t+deit_s+dinov2_small,
FMD,resmlp,2026,1,full,random_022,0.9446634256569476,0.945,3,2304,1.5801691109991225,mae_base+siglip_base+vit_b16,
FMD,resmlp,2026,1,full,random_023,0.903827541022663,0.905,3,1408,1.293955567998637,deit_s+eva02_base+rgb_ngram_svd,
FMD,resmlp,2026,1,full,random_024,0.9450682522441187,0.945,3,1920,1.2220083030006208,dinov2_small+eva02_base+vit_b16,
FMD,resmlp,2026,1,full,random_025,0.8587730434242061,0.86,3,3346,2.012200417000713,efficientnet_b0+glcm+resnet50,
FMD,resmlp,2026,1,full,random_026,0.8098588321782938,0.81,3,2384,1.81866072000048,densenet121+drlbp+efficientnet_b0,
FMD,resmlp,2026,1,full,random_027,0.879727695021602,0.88,3,720,1.4391542109988222,dinov2_small+drlbp+rgb_ngram_svd,
FMD,resmlp,2026,1,full,random_028,0.9005024519787037,0.9,3,5632,1.7436366060028377,convnext_v2_t+vgg16+vit_b16,
FMD,resmlp,2026,1,full,random_029,0.839608105333394,0.84,3,7424,1.8796900449997338,efficientnet_b0+resnet50+vgg16,
FMD,resmlp,2026,1,full,random_030,0.9252701641533478,0.925,3,2048,1.376017241000227,densenet121+eva02_base+rgb_ngram_svd,
FMD,resmlp,2026,1,full,random_031,0.8786082005186702,0.88,3,1554,1.1937662189993716,convnext_v2_t+glcm+vit_b16,
FMD,resmlp,2026,1,full,random_032,0.878999876924467,0.88,3,2096,1.4538657700031763,efficientnet_b0+gabor+vit_b16,
FMD,resmlp,2026,1,full,random_033,0.9402014652014652,0.94,3,1590,1.2202708719996735,dinov2+eva02_base+lbp,
FMD,resmlp,2026,1,full,random_034,0.9098010675674348,0.91,3,3584,1.694207667002047,eva02_base+resnet101+vit_b16,
FMD,resmlp,2026,1,full,random_035,0.829037557638328,0.83,3,2358,1.932535796000593,lbp+resnet101+rgb_ngram_svd,
FMD,resmlp,2026,1,full,random_036,0.6080895216193899,0.605,3,2586,2.219747777999146,hog+lbp+mae_base,
FMD,resmlp,2026,1,full,random_037,0.7941236610363697,0.795,3,5632,1.5669691330003843,efficientnet_b0+rgb_ngram_svd+vgg16,
FMD,resmlp,2026,1,full,random_038,0.9399467947542404,0.94,3,1616,1.357939831999829,drlbp+eva02_base+vit_b16,
FMD,resmlp,2026,1,full,random_039,0.7971857514668812,0.795,3,4498,2.000887492999027,deit_s+glcm+vgg16,
FMD,resmlp,2026,1,full,random_040,0.934821222850748,0.935,3,2870,1.4661452649997955,eva02_base+lbp+resnet101,
FMD,resmlp,2026,1,full,random_041,0.8445920681173092,0.845,3,3840,2.0304837279982166,densenet121+mae_base+resnet50,
FMD,resmlp,2026,1,full,random_042,0.9397082057865113,0.94,3,1792,1.139863530999719,convnext_v2_t+eva02_base+rgb_ngram_svd,
FMD,resmlp,2026,1,full,random_043,0.6703323473495327,0.675,3,870,0.9990308179985732,gabor+lbp+mae_base,
FMD,resmlp,2026,1,full,random_044,0.8019873541439653,0.805,3,1042,1.3407729570026277,glcm+rgb_ngram_svd+vit_b16,
FMD,resmlp,2026,1,full,random_045,0.8095617694084469,0.81,3,2128,1.995767384996725,drlbp+efficientnet_b0+mae_base,
FMD,resmlp,2026,1,full,random_046,0.7913115303979091,0.79,3,1414,1.7775638269995397,drlbp+efficientnet_b0+lbp,
FMD,resmlp,2026,1,full,random_047,0.8214741659612841,0.82,3,6192,1.9642664329985564,gabor+resnet50+vgg16,
FMD,resmlp,2026,1,full,random_048,0.9096417895326754,0.91,3,1920,1.2153117440029746,deit_s+dinov2+vit_b16,
FMD,resmlp,2026,1,full,random_049,0.913735088189517,0.915,3,1792,1.2914796059994842,dinov2+mae_base+rgb_ngram_svd,
FMD,resmlp,2026,1,full,random_050,0.8608125635596753,0.86,3,5504,1.8977134489978198,densenet121+dinov2_small+vgg16,
FMD,resmlp,2026,1,full,random_051,0.9392568745700369,0.94,3,2560,1.349983397001779,dinov2+dinov2_large+mae_base,
FMD,resmlp,2026,1,full,random_052,0.8095617694084469,0.81,3,2128,1.9079342570003064,drlbp+efficientnet_b0+mae_base,
FMD,resmlp,2026,1,full,random_053,0.9301510717364376,0.93,3,3300,2.068621129001258,convnext_v2_t+eva02_base+hog,
FMD,resmlp,2026,1,full,random_054,0.9154813585077489,0.915,3,1584,1.3951251349972154,gabor+swin_t+vit_b16,
FMD,resmlp,2026,1,full,random_055,0.8246588696588697,0.825,3,3584,1.4948833729977196,efficientnet_b0+resnet50+rgb_ngram_svd,
FMD,resmlp,2026,1,full,random_056,0.8955710057026594,0.895,3,4882,1.2723605780010985,eva02_base+glcm+vgg16,
FMD,resmlp,2026,1,full,random_057,0.7615329597538028,0.76,3,5908,2.02585370000088,gabor+hog+vgg16,
FMD,resmlp,2026,1,full,random_058,0.8599799654677703,0.86,3,5860,1.9565971869997156,hog+resnet101+resnet50,
FMD,resmlp,2026,1,full,random_059,0.9647055255399287,0.965,3,1920,1.3398639899969567,dinov2+dinov2_small+siglip_base,
FMD,resmlp,2026,1,full,random_060,0.9446634256569475,0.945,3,3840,1.0571394379985577,dinov2_large+resnet101+swin_t,
FMD,resmlp,2026,1,full,random_061,0.9150414497782918,0.915,3,2304,1.1254369550006231,efficientnet_b0+rgb_ngram_svd+siglip_base,
FMD,resmlp,2026,1,full,random_062,0.9207175728710493,0.92,3,5632,1.4148223969968967,dinov2+mae_base+vgg16,
FMD,resmlp,2026,1,full,random_063,0.8542143535147387,0.855,3,3376,1.2449575229984475,efficientnet_b0+gabor+resnet101,
FMD,resmlp,2026,1,full,random_064,0.9450740594450477,0.945,3,4580,1.4572105049992388,hog+resnet101+siglip_base,
FMD,resmlp,2026,1,full,random_065,0.8741267817904532,0.875,3,2864,1.6862549990000844,gabor+mae_base+resnet101,
FMD,resmlp,2026,1,full,random_066,0.8412582597790943,0.84,3,4918,1.326113504001114,lbp+swin_t+vgg16,
FMD,resmlp,2026,1,full,random_067,0.8740746750502847,0.875,3,2066,1.1248433729997487,efficientnet_b0+glcm+vit_b16,
FMD,resmlp,2026,1,full,random_068,0.9351709797203425,0.935,3,3584,0.9676290540010086,eva02_base+resnet50+swin_t,
FMD,resmlp,2026,1,full,random_069,0.8690095859222946,0.87,3,4114,1.3288221090006118,glcm+resnet101+resnet50,
FMD,resmlp,2026,1,full,random_070,0.9393989899702351,0.94,3,3456,0.9438245439996535,deit_s+dinov2_large+resnet50,
FMD,resmlp,2026,1,full,random_071,0.9501031894934332,0.95,3,1590,0.9388909949993831,dinov2+lbp+siglip_base,
FMD,resmlp,2026,1,full,random_072,0.8798096279699109,0.88,3,2560,1.009516917001747,densenet121+swin_t+vit_b16,
FMD,resmlp,2026,1,full,random_073,0.9403224759835801,0.94,3,896,1.0611157999992429,drlbp+eva02_base+gabor,
FMD,resmlp,2026,1,full,random_074,0.9450682522441187,0.945,3,1920,0.9218354619988531,dinov2_small+eva02_base+vit_b16,
FMD,resmlp,2026,1,full,random_075,0.9392994681826519,0.94,3,2560,1.1685584699989704,dinov2_large+mae_base+swin_t,
FMD,resmlp,2026,1,full,random_076,0.8746730760755896,0.875,3,2896,1.2210779109991563,drlbp+resnet50+vit_b16,
FMD,resmlp,2026,1,full,random_077,0.9497028923152158,0.95,3,2560,0.8290113060029398,dinov2_large+eva02_base+vit_b16,
FMD,resmlp,2026,1,full,random_078,0.8493729110235068,0.85,3,896,1.2711014249980508,drlbp+gabor+vit_b16,
FMD,resmlp,2026,1,full,random_079,0.23061787460676014,0.245,3,1866,1.466889084000286,gabor+hog+lbp,
FMD,resmlp,2026,1,full,random_080,0.8237376352025425,0.825,3,3072,1.2325754529992992,mae_base+resnet101+rgb_ngram_svd,
FMD,resmlp,2026,1,full,random_081,0.8098588321782938,0.81,3,2384,1.2955096190016775,densenet121+drlbp+efficientnet_b0,
FMD,resmlp,2026,1,full,random_082,0.8534852830263395,0.855,3,3830,1.474167166998086,glcm+hog+resnet101,
FMD,resmlp,2026,1,full,random_083,0.8438754406341056,0.845,3,870,1.2412807299988344,gabor+lbp+vit_b16,
FMD,resmlp,2026,1,full,random_084,0.9498400315986967,0.95,3,2816,0.8927424609973968,densenet121+dinov2_large+eva02_base,
FMD,resmlp,2026,1,full,random_085,0.7894475826986201,0.79,3,1378,1.160122015997331,drlbp+efficientnet_b0+glcm,
FMD,resmlp,2026,1,full,random_086,0.9199208233726252,0.92,3,1170,0.9060808190006355,dinov2_small+glcm+swin_t,
FMD,resmlp,2026,1,full,random_087,0.8016425522844008,0.8,3,3072,1.4541648289996374,densenet121+efficientnet_b0+mae_base,
FMD,resmlp,2026,1,full,random_088,0.8708042587816897,0.87,3,1846,1.238253221999912,densenet121+lbp+swin_t,
FMD,resmlp,2026,1,full,random_089,0.9500843807454847,0.95,3,2816,0.9371057829994243,dinov2+efficientnet_b0+eva02_base,
FMD,resmlp,2026,1,full,random_090,0.9144525221524654,0.915,3,5200,1.2403813839991926,dinov2_large+drlbp+vgg16,
FMD,resmlp,2026,1,full,random_091,0.919203121642146,0.92,3,2384,1.0492219980005757,dinov2_large+drlbp+efficientnet_b0,
FMD,resmlp,2026,1,full,random_092,0.7387563605984658,0.74,3,3044,2.098941846998059,densenet121+hog+rgb_ngram_svd,
FMD,resmlp,2026,1,full,random_093,0.9501063164477799,0.95,3,2864,1.2795322069978283,gabor+resnet101+siglip_base,
FMD,resmlp,2026,1,full,random_094,0.9293480023775273,0.93,3,1554,1.188117378998868,dinov2+glcm+vit_b16,
FMD,resmlp,2026,1,full,random_095,0.8737372028436902,0.875,3,1920,1.5119882750004763,convnext_v2_t+deit_s+mae_base,
FMD,resmlp,2026,1,full,random_096,0.7549391775740404,0.755,3,2916,2.2358395330011263,deit_s+hog+mae_base,
FMD,resmlp,2026,1,full,random_097,0.9200264049172906,0.92,3,6144,1.6412554090020421,densenet121+dinov2_large+vgg16,
FMD,resmlp,2026,1,full,random_098,0.7764465053510341,0.775,3,6628,1.822819711000193,hog+mae_base+vgg16,
FMD,resmlp,2026,1,full,random_099,0.9351911439010285,0.935,3,3584,1.202946465997229,eva02_base+resnet101+swin_t,
FMD,resmlp,2026,2,full,random_000,0.9849718103890119,0.985,5,4662,1.540438860996801,densenet121+eva02_base+lbp+resnet50+swin_t,
FMD,resmlp,2026,2,full,random_001,0.9849906191369605,0.985,5,4342,1.678597455000272,densenet121+dinov2+glcm+hog+siglip_base,
FMD,resmlp,2026,2,full,random_002,0.9445321400199449,0.945,5,3144,1.1307255879983131,convnext_v2_t+glcm+lbp+resnet101+rgb_ngram_svd,
FMD,resmlp,2026,2,full,random_003,0.9751067631555437,0.975,5,6352,1.8330155149997154,densenet121+dinov2_small+drlbp+siglip_base+vgg16,
FMD,resmlp,2026,2,full,random_004,0.9596424768375987,0.96,5,4498,1.2698406229974353,convnext_v2_t+dinov2_small+efficientnet_b0+glcm+resnet50,
FMD,resmlp,2026,2,full,random_005,0.9949968730456534,0.995,5,5376,1.422227113002009,dinov2_large+eva02_base+resnet50+siglip_base+swin_t,
FMD,resmlp,2026,2,full,random_006,0.934541936454645,0.935,5,4400,1.31694747399888,convnext_v2_t+efficientnet_b0+gabor+resnet101+rgb_ngram_svd,
FMD,resmlp,2026,2,full,random_007,0.893882587224379,0.895,5,1272,1.6678655809992051,deit_s+gabor+glcm+lbp+swin_t,
FMD,resmlp,2026,2,full,random_008,0.9554202481201914,0.955,5,6064,1.3879495680012042,dinov2_small+gabor+mae_base+vgg16+vit_b16,
FMD,resmlp,2026,2,full,random_009,0.9949968730456537,0.995,5,3126,1.0252034400000412,eva02_base+lbp+mae_base+siglip_base+vit_b16,
FMD,resmlp,2026,2,full,random_010,0.9800848274532484,0.98,5,1920,1.2538484990000143,convnext_v2_t+drlbp+gabor+rgb_ngram_svd+siglip_base,
FMD,resmlp,2026,2,full,random_011,0.9796878357853966,0.98,5,2662,1.1579221160027373,convnext_v2_t+dinov2_large+gabor+lbp+swin_t,
FMD,resmlp,2026,2,full,random_012,0.9798587933247752,0.98,5,4116,1.558859057000518,convnext_v2_t+dinov2+gabor+hog+swin_t,
FMD,resmlp,2026,2,full,random_013,0.9649107429595235,0.965,5,4682,1.8609699759981595,dinov2+gabor+hog+lbp+resnet50,
FMD,resmlp,2026,2,full,random_014,0.9749843652282678,0.975,5,2768,1.357023061998916,deit_s+drlbp+mae_base+siglip_base+vit_b16,
FMD,resmlp,2026,2,full,random_015,0.9851067631555436,0.985,5,2054,1.1603857779991813,convnext_v2_t+dinov2_small+drlbp+eva02_base+lbp,
FMD,resmlp,2026,2,full,random_016,0.9595856906690713,0.96,5,4608,1.5424426210011006,convnext_v2_t+densenet121+efficientnet_b0+swin_t+vit_b16,
FMD,resmlp,2026,2,full,random_017,0.9597055255399285,0.96,5,3940,1.4090151750024233,deit_s+dinov2+hog+rgb_ngram_svd+vit_b16,
FMD,resmlp,2026,2,full,random_018,0.9851067631555438,0.985,5,2608,1.4541985140022007,deit_s+densenet121+dinov2_small+gabor+siglip_base,
FMD,resmlp,2026,2,full,random_019,0.9293167175246169,0.93,5,5200,1.2644537669984857,deit_s+dinov2_small+drlbp+rgb_ngram_svd+vgg16,
FMD,resmlp,2026,2,full,random_020,0.9390047833950274,0.94,5,2914,1.6816004199972667,convnext_v2_t+drlbp+efficientnet_b0+glcm+mae_base,
FMD,resmlp,2026,2,full,random_021,0.9600308450166646,0.96,5,5192,1.4101829979990725,glcm+lbp+rgb_ngram_svd+siglip_base+vgg16,
FMD,resmlp,2026,2,full,random_022,0.9899937460913073,0.99,5,3602,1.560335987000144,densenet121+dinov2_large+glcm+mae_base+siglip_base,
FMD,resmlp,2026,2,full,random_023,0.9749807445442876,0.975,5,4304,1.6298990299983416,deit_s+densenet121+drlbp+resnet50+siglip_base,
FMD,resmlp,2026,2,full,random_024,0.9849906191369605,0.985,5,3858,1.5900328919997264,densenet121+dinov2+efficientnet_b0+glcm+siglip_base,
FMD,resmlp,2026,2,full,random_025,0.9849906191369605,0.985,5,4992,1.1466174220004177,deit_s+densenet121+dinov2+resnet50+siglip_base,
FMD,resmlp,2026,2,full,random_026,0.969546629110172,0.97,5,5366,1.5686662129992328,dinov2+glcm+hog+resnet50+swin_t,
FMD,resmlp,2026,2,full,random_027,0.9698624140087555,0.97,5,2048,0.9434021480010415,convnext_v2_t+dinov2+dinov2_small+drlbp+gabor,
FMD,resmlp,2026,2,full,random_028,0.9750817004989021,0.975,5,2962,1.1145120859982853,dinov2_large+dinov2_small+glcm+swin_t+vit_b16,
FMD,resmlp,2026,2,full,random_029,0.9851067631555436,0.985,5,2230,1.1004607279974152,deit_s+eva02_base+lbp+rgb_ngram_svd+siglip_base,
FMD,resmlp,2026,2,full,random_030,0.9696847088310502,0.97,5,7552,1.707713101997797,dinov2_large+dinov2_small+efficientnet_b0+mae_base+vgg16,
FMD,resmlp,2026,2,full,random_031,0.9042009885013738,0.905,5,2742,1.3316011569986586,deit_s+efficientnet_b0+lbp+rgb_ngram_svd+swin_t,
FMD,resmlp,2026,2,full,random_032,0.9851067631555436,0.985,5,3090,1.20186196099894,eva02_base+glcm+mae_base+siglip_base+vit_b16,
FMD,resmlp,2026,2,full,random_033,0.9801156973108192,0.98,5,2018,1.579527236001013,dinov2_small+drlbp+glcm+mae_base+siglip_base,
FMD,resmlp,2026,2,full,random_034,0.9497800634051641,0.95,5,4224,1.4143248720029078,dinov2+dinov2_small+mae_base+resnet50+rgb_ngram_svd,
FMD,resmlp,2026,2,full,random_035,0.8848380468383754,0.885,5,8192,1.8382491560005292,densenet121+mae_base+resnet50+rgb_ngram_svd+vgg16,
FMD,resmlp,2026,2,full,random_036,0.8728757164957421,0.875,5,2890,1.8349129859998357,gabor+hog+lbp+rgb_ngram_svd+swin_t,
FMD,resmlp,2026,2,full,random_037,0.9899937460913071,0.99,5,6400,1.162827971002116,convnext_v2_t+eva02_base+resnet101+resnet50+swin_t,
FMD,resmlp,2026,2,full,random_038,0.9344110510798573,0.935,5,4790,1.5309658350015525,deit_s+densenet121+efficientnet_b0+lbp+resnet101,
FMD,resmlp,2026,2,full,random_039,0.9803278211672992,0.98,5,3428,1.750576424998144,convnext_v2_t+drlbp+gabor+hog+siglip_base,
FMD,resmlp,2026,2,full,random_040,0.8584144396467888,0.86,5,3138,1.8115084409982956,gabor+glcm+mae_base+resnet50+rgb_ngram_svd,
FMD,resmlp,2026,2,full,random_041,0.9899937460913071,0.99,5,2432,1.2403974779990676,convnext_v2_t+drlbp+eva02_base+gabor+siglip_base,
FMD,resmlp,2026,2,full,random_042,0.9799874921826142,0.98,5,4864,1.544381184001395,convnext_v2_t+densenet121+resnet101+rgb_ngram_svd+siglip_base,
FMD,resmlp,2026,2,full,random_043,0.9748624140087554,0.975,5,2632,1.2243885950010736,densenet121+glcm+lbp+siglip_base+swin_t,
FMD,resmlp,2026,2,full,random_044,0.9849718103890119,0.985,5,4272,1.5629077240009792,deit_s+densenet121+eva02_base+gabor+resnet50,
FMD,resmlp,2026,2,full,random_045,0.8989908900445667,0.9,5,6546,1.3095220450013585,deit_s+efficientnet_b0+glcm+mae_base+vgg16,
FMD,resmlp,2026,2,full,random_046,0.9796878357853969,0.98,5,6784,1.2257777160011756,convnext_v2_t+dinov2_small+siglip_base+swin_t+vgg16,
FMD,resmlp,2026,2,full,random_047,0.9899937460913071,0.99,5,4736,1.4703249439990032,convnext_v2_t+dinov2_small+mae_base+resnet101+siglip_base,
FMD,resmlp,2026,2,full,random_048,0.9949968730456537,0.995,5,3686,1.3315831889995025,convnext_v2_t+gabor+lbp+resnet50+siglip_base,
FMD,resmlp,2026,2,full,random_049,0.9396582590292475,0.94,5,6144,1.7819678890009527,densenet121+resnet101+resnet50+rgb_ngram_svd+vit_b16,
FMD,resmlp,2026,2,full,random_050,0.9749968730456535,0.975,5,4250,1.6429274490001262,convnext_v2_t+dinov2_small+efficientnet_b0+hog+lbp,
FMD,resmlp,2026,2,full,random_051,0.9597018346876544,0.96,5,7314,1.4089372960006585,dinov2_small+glcm+resnet50+swin_t+vgg16,
FMD,resmlp,2026,2,full,random_052,0.9288500331504184,0.93,5,8320,1.895189045000734,deit_s+densenet121+resnet50+vgg16+vit_b16,
FMD,resmlp,2026,2,full,random_053,0.984971810389012,0.985,5,6198,1.7166763290006202,dinov2_large+lbp+mae_base+rgb_ngram_svd+vgg16,
FMD,resmlp,2026,2,full,random_054,0.9851067631555438,0.985,5,3610,1.664379349000228,dinov2+hog+lbp+rgb_ngram_svd+siglip_base,
FMD,resmlp,2026,2,full,random_055,0.9898587933247753,0.99,5,2352,1.274036160997639,deit_s+dinov2_small+gabor+siglip_base+vit_b16,
FMD,resmlp,2026,2,full,random_056,0.9851067631555436,0.985,5,4122,1.521795785996801,efficientnet_b0+eva02_base+hog+lbp+rgb_ngram_svd,
FMD,resmlp,2026,2,full,random_057,0.9453123268270893,0.945,5,4016,1.6937073360022623,deit_s+gabor+mae_base+resnet101+swin_t,
FMD,resmlp,2026,2,full,random_058,0.9700646632725626,0.97,5,3510,1.3353695849982614,deit_s+dinov2+lbp+resnet50+rgb_ngram_svd,
FMD,resmlp,2026,2,full,random_059,0.9749744906355946,0.975,5,2632,1.3271761169999081,dinov2+dinov2_large+glcm+lbp+vit_b16,
FMD,resmlp,2026,2,full,random_060,0.9849718103890119,0.985,5,3888,1.7415304219975951,eva02_base+gabor+resnet50+rgb_ngram_svd+swin_t,
FMD,resmlp,2026,2,full,random_061,0.9750579156342358,0.975,5,5504,1.698918832000345,densenet121+dinov2_small+efficientnet_b0+resnet101+vit_b16,
FMD,resmlp,2026,2,full,random_062,0.8996397962229231,0.9,5,3830,1.7220697490010934,densenet121+glcm+hog+rgb_ngram_svd+swin_t,
FMD,resmlp,2026,2,full,random_063,0.9449301725232406,0.945,5,4224,1.4405174269995769,convnext_v2_t+dinov2_small+mae_base+resnet50+rgb_ngram_svd,
FMD,resmlp,2026,2,full,random_064,0.9849718103890119,0.985,5,5428,1.7307041399981244,drlbp+eva02_base+hog+resnet101+swin_t,
FMD,resmlp,2026,2,full,random_065,0.9138358338165784,0.915,5,3504,1.3759263060019293,convnext_v2_t+deit_s+gabor+resnet101+rgb_ngram_svd,
FMD,resmlp,2026,2,full,random_066,0.9899937460913071,0.99,5,6096,1.478762534003181,dinov2_small+drlbp+eva02_base+vgg16+vit_b16,
FMD,resmlp,2026,2,full,random_067,0.9446303375700037,0.945,5,8448,1.485100018002413,convnext_v2_t+mae_base+resnet50+swin_t+vgg16,
FMD,resmlp,2026,2,full,random_068,0.9848556663704289,0.985,5,4352,1.2977010699978564,efficientnet_b0+eva02_base+mae_base+siglip_base+swin_t,
FMD,resmlp,2026,2,full,random_069,0.8644876483342614,0.865,5,3190,2.0813448810004047,drlbp+efficientnet_b0+gabor+glcm+hog,
FMD,resmlp,2026,2,full,random_070,0.9750817004989021,0.975,5,6912,1.532578812999418,deit_s+dinov2_small+efficientnet_b0+eva02_base+vgg16,
FMD,resmlp,2026,2,full,random_071,0.9500771863993943,0.95,5,5680,1.3334384570007387,convnext_v2_t+gabor+resnet101+resnet50+vit_b16,
FMD,resmlp,2026,2,full,random_072,0.964592508475692,0.965,5,1554,1.03405877899786,dinov2_large+dinov2_small+drlbp+gabor+glcm,
FMD,resmlp,2026,2,full,random_073,0.974469993358252,0.975,5,4836,1.580921626999043,convnext_v2_t+dinov2+hog+mae_base+swin_t,
FMD,resmlp,2026,2,full,random_074,0.9698472259447868,0.97,5,4916,1.7090029920000234,dinov2+drlbp+hog+resnet50+rgb_ngram_svd,
FMD,resmlp,2026,2,full,random_075,0.9345721873436295,0.935,5,2054,1.6141442190019006,dinov2_small+drlbp+efficientnet_b0+lbp+rgb_ngram_svd,
FMD,resmlp,2026,2,full,random_076,0.9899937460913071,0.99,5,4224,1.2995886100034113,dinov2_large+dinov2_small+efficientnet_b0+eva02_base+mae_base,
FMD,resmlp,2026,2,full,random_077,0.948843495780535,0.95,5,3814,1.5206816899990372,dinov2_small+efficientnet_b0+gabor+lbp+resnet50,
FMD,resmlp,2026,2,full,random_078,0.9240498068354294,0.925,5,3456,1.5783161059989652,convnext_v2_t+deit_s+efficientnet_b0+mae_base+rgb_ngram_svd,
FMD,resmlp,2026,2,full,random_079,0.9448210090357149,0.945,5,5428,1.8410717909973755,drlbp+hog+mae_base+resnet50+vit_b16,
FMD,resmlp,2026,2,full,random_080,0.9799906191369605,0.98,5,4016,1.4015591190000123,dinov2_small+gabor+resnet50+siglip_base+swin_t,
FMD,resmlp,2026,2,full,random_081,0.9650884481372286,0.965,5,5044,1.8461523370024224,dinov2_small+drlbp+hog+mae_base+resnet101,
FMD,resmlp,2026,2,full,random_082,0.9748624140087555,0.975,5,7012,1.5820090359993628,deit_s+hog+resnet101+resnet50+siglip_base,
FMD,resmlp,2026,2,full,random_083,0.9648364109147165,0.965,5,3408,1.3294523149997985,dinov2_large+drlbp+mae_base+swin_t+vit_b16,
FMD,resmlp,2026,2,full,random_084,0.9498409720360941,0.95,5,9216,1.6420079689996783,resnet101+resnet50+rgb_ngram_svd+siglip_base+vgg16,
FMD,resmlp,2026,2,full,random_085,0.9293984174471979,0.93,5,3266,1.4289648840021982,convnext_v2_t+deit_s+gabor+glcm+resnet50,
FMD,resmlp,2026,2,full,random_086,0.9798436052608068,0.98,5,4560,1.4678668880005716,deit_s+densenet121+dinov2_large+drlbp+resnet50,
FMD,resmlp,2026,2,full,random_087,0.9695205256180867,0.97,5,7296,1.431075217002217,deit_s+dinov2+efficientnet_b0+swin_t+vgg16,
FMD,resmlp,2026,2,full,random_088,0.9748337306681337,0.975,5,2310,1.4040481449992512,deit_s+densenet121+drlbp+eva02_base+lbp,
FMD,resmlp,2026,2,full,random_089,0.9449577431656424,0.945,5,6034,1.5017677280011412,convnext_v2_t+dinov2_small+glcm+vgg16+vit_b16,
FMD,resmlp,2026,2,full,random_090,0.9145673676019678,0.915,5,2176,1.6688676749981823,densenet121+drlbp+gabor+rgb_ngram_svd+swin_t,
FMD,resmlp,2026,2,full,random_091,0.9899937460913071,0.99,5,5120,1.3340675519975775,dinov2+eva02_base+resnet101+siglip_base+swin_t,
FMD,resmlp,2026,2,full,random_092,0.9648530331457159,0.965,5,3328,1.6964875939993362,deit_s+densenet121+dinov2_small+mae_base+swin_t,
FMD,resmlp,2026,2,full,random_093,0.9689915846526885,0.97,5,2194,1.3065409410010034,convnext_v2_t+dinov2_small+glcm+rgb_ngram_svd+vit_b16,
FMD,resmlp,2026,2,full,random_094,0.9589693828576413,0.96,5,4708,1.7619566970024607,convnext_v2_t+deit_s+densenet121+hog+swin_t,
FMD,resmlp,2026,2,full,random_095,0.9396232213818863,0.94,5,5248,1.4991611529985676,convnext_v2_t+deit_s+efficientnet_b0+mae_base+resnet50,
FMD,resmlp,2026,2,full,random_096,0.939732976470147,0.94,5,7344,1.2180960620025871,convnext_v2_t+deit_s+gabor+resnet50+vgg16,
FMD,resmlp,2026,2,full,random_097,0.9803309481216458,0.98,5,6116,1.6100099450013658,dinov2+hog+mae_base+resnet101+vit_b16,
FMD,resmlp,2026,2,full,random_098,0.9748008528496334,0.975,5,5680,1.2220458240008156,deit_s+dinov2+dinov2_small+gabor+vgg16,
FMD,resmlp,2026,2,full,random_099,0.8994156604939662,0.9,5,4450,1.3808103929986828,densenet121+drlbp+efficientnet_b0+glcm+resnet50,
FMD,resmlp,2026,3,full,random_000,0.9748337306681337,0.975,6,2040,1.4555898840008012,deit_s+gabor+glcm+lbp+mae_base+siglip_base,
FMD,resmlp,2026,3,full,random_001,0.934405876669363,0.935,6,7650,1.21143514600044,dinov2_large+dinov2_small+drlbp+glcm+resnet101+vgg16,
FMD,resmlp,2026,3,full,random_002,0.8079274570737986,0.81,6,4918,1.3775638359984441,deit_s+drlbp+gabor+lbp+rgb_ngram_svd+vgg16,
FMD,resmlp,2026,3,full,random_003,0.9250257895893327,0.925,6,8694,1.5991745380015345,dinov2+efficientnet_b0+glcm+hog+vgg16+vit_b16,
FMD,resmlp,2026,3,full,random_004,0.8948917928356387,0.895,6,4732,1.6724976010009414,drlbp+glcm+hog+lbp+resnet101+swin_t,
FMD,resmlp,2026,3,full,random_005,0.9750995688094533,0.975,6,3664,1.094190018997324,convnext_v2_t+densenet121+dinov2+drlbp+eva02_base+rgb_ngram_svd,
FMD,resmlp,2026,3,full,random_006,0.9493031764982984,0.95,6,4784,1.1410058239998762,convnext_v2_t+deit_s+gabor+resnet50+siglip_base+swin_t,
FMD,resmlp,2026,3,full,random_007,0.9398036993672424,0.94,6,3254,1.3413781220006058,deit_s+densenet121+dinov2+lbp+mae_base+rgb_ngram_svd,
FMD,resmlp,2026,3,full,random_008,0.9144846253137263,0.915,6,9316,1.341383582999697,convnext_v2_t+dinov2_small+hog+resnet101+rgb_ngram_svd+vgg16,
FMD,resmlp,2026,3,full,random_009,0.9496668974383397,0.95,6,7698,1.1425536960014142,convnext_v2_t+efficientnet_b0+glcm+siglip_base+vgg16+vit_b16,
FMD,resmlp,2026,3,full,random_010,0.9699317382244212,0.97,6,7396,1.331292984999891,densenet121+dinov2_large+eva02_base+hog+resnet101+swin_t,
FMD,resmlp,2026,3,full,random_011,0.9243907195296874,0.925,6,4580,1.4171631139979581,dinov2_small+drlbp+gabor+hog+resnet101+rgb_ngram_svd,
FMD,resmlp,2026,3,full,random_012,0.9347961249350927,0.935,6,9108,1.468796397002734,deit_s+gabor+hog+resnet50+siglip_base+vgg16,
FMD,resmlp,2026,3,full,random_013,0.944553691922113,0.945,6,5702,1.5008896049985196,dinov2_large+drlbp+glcm+hog+mae_base+resnet101,
FMD,resmlp,2026,3,full,random_014,0.8944742812789205,0.895,6,7700,1.6054973300015263,convnext_v2_t+gabor+hog+rgb_ngram_svd+swin_t+vgg16,
FMD,resmlp,2026,3,full,random_015,0.9550245911079717,0.955,6,8448,1.2194323709991295,convnext_v2_t+dinov2+efficientnet_b0+eva02_base+swin_t+vgg16,
FMD,resmlp,2026,3,full,random_016,0.9497726632386453,0.95,6,9728,1.3825907319987891,convnext_v2_t+efficientnet_b0+eva02_base+mae_base+resnet50+vgg16,
FMD,resmlp,2026,3,full,random_017,0.9103258046945542,0.91,6,8016,1.4915046770001936,drlbp+mae_base+resnet101+rgb_ngram_svd+siglip_base+vgg16,
FMD,resmlp,2026,3,full,random_018,0.9752345215759849,0.975,6,5220,1.2600272340023366,convnext_v2_t+dinov2_small+eva02_base+hog+swin_t+vit_b16,
FMD,resmlp,2026,3,full,random_019,0.9647936585035429,0.965,6,5186,1.2057018109990167,dinov2_large+efficientnet_b0+eva02_base+gabor+glcm+resnet101,
FMD,resmlp,2026,3,full,random_020,0.940078460127569,0.94,6,7266,1.1897198020014912,dinov2_large+drlbp+efficientnet_b0+glcm+swin_t+vgg16,
FMD,resmlp,2026,3,full,random_021,0.9253979225737892,0.925,6,5220,1.1427846119986498,dinov2_small+efficientnet_b0+hog+mae_base+rgb_ngram_svd+swin_t,
FMD,resmlp,2026,3,full,random_022,0.9402546609157648,0.94,6,4742,1.0753197220001312,convnext_v2_t+dinov2_large+drlbp+lbp+resnet101+vit_b16,
FMD,resmlp,2026,3,full,random_023,0.9502577878701114,0.95,6,6884,1.7340230769987102,efficientnet_b0+hog+resnet50+rgb_ngram_svd+siglip_base+vit_b16,
FMD,resmlp,2026,3,full,random_024,0.9194631055606667,0.92,6,2120,1.1486487019974447,deit_s+densenet121+dinov2_small+glcm+lbp+rgb_ngram_svd,
FMD,resmlp,2026,3,full,random_025,0.9603148196202799,0.96,6,3382,1.0855895320019044,convnext_v2_t+eva02_base+lbp+mae_base+rgb_ngram_svd+swin_t,
FMD,resmlp,2026,3,full,random_026,0.9799785580273385,0.98,6,4656,1.3621284579967323,eva02_base+gabor+mae_base+resnet101+rgb_ngram_svd+siglip_base,
FMD,resmlp,2026,3,full,random_027,0.9437371376290313,0.945,6,2102,1.010643354999047,convnext_v2_t+deit_s+drlbp+gabor+lbp+siglip_base,
FMD,resmlp,2026,3,full,random_028,0.9047630019388686,0.905,6,7010,1.2070767040022474,deit_s+dinov2_small+drlbp+glcm+resnet101+vgg16,
FMD,resmlp,2026,3,full,random_029,0.9651906501713947,0.965,6,4754,1.1052232799993362,dinov2_small+glcm+resnet50+siglip_base+swin_t+vit_b16,
FMD,resmlp,2026,3,full,random_030,0.950316222074887,0.95,6,6326,0.9462174990003405,dinov2_small+lbp+mae_base+rgb_ngram_svd+siglip_base+vgg16,
FMD,resmlp,2026,3,full,random_031,0.8986974967462773,0.9,6,9270,1.3587445490011305,densenet121+efficientnet_b0+lbp+resnet50+vgg16+vit_b16,
FMD,resmlp,2026,3,full,random_032,0.9750995688094533,0.975,6,4784,0.9764392719989701,convnext_v2_t+dinov2_small+eva02_base+gabor+mae_base+resnet101,
FMD,resmlp,2026,3,full,random_033,0.9702125858736899,0.97,6,4816,0.9762703929991403,convnext_v2_t+dinov2_small+drlbp+eva02_base+resnet101+swin_t,
FMD,resmlp,2026,3,full,random_034,0.9545668819211226,0.955,6,4404,1.258219471998018,convnext_v2_t+dinov2+drlbp+hog+rgb_ngram_svd+swin_t,
FMD,resmlp,2026,3,full,random_035,0.9297862856014332,0.93,6,7724,1.560614213001827,densenet121+glcm+hog+lbp+siglip_base+vgg16,
FMD,resmlp,2026,3,full,random_036,0.9407462091898011,0.94,6,6608,1.2546340310000232,dinov2_small+drlbp+efficientnet_b0+mae_base+resnet101+resnet50,
FMD,resmlp,2026,3,full,random_037,0.8846913249352275,0.885,6,3974,1.1208484670023608,drlbp+lbp+mae_base+resnet50+rgb_ngram_svd+swin_t,
FMD,resmlp,2026,3,full,random_038,0.9490725253292049,0.95,6,8474,1.3156593989988323,dinov2_large+eva02_base+hog+lbp+swin_t+vgg16,
FMD,resmlp,2026,3,full,random_039,0.9700964418551068,0.97,6,4296,1.0847643929992046,dinov2_large+dinov2_small+glcm+lbp+mae_base+resnet101,
FMD,resmlp,2026,3,full,random_040,0.9343977735982991,0.935,6,10468,1.5890558959981718,dinov2+dinov2_large+hog+resnet101+vgg16+vit_b16,
FMD,resmlp,2026,3,full,random_041,0.9495906667857887,0.95,6,4176,0.9016184499996598,convnext_v2_t+dinov2+dinov2_large+drlbp+efficientnet_b0+rgb_ngram_svd,
FMD,resmlp,2026,3,full,random_042,0.9599168040631454,0.96,6,5812,1.402282009999908,deit_s+drlbp+eva02_base+hog+mae_base+resnet50,
FMD,resmlp,2026,3,full,random_043,0.9753318568466194,0.975,6,4706,1.07622810400062,dinov2+dinov2_large+drlbp+glcm+resnet101+siglip_base,
FMD,resmlp,2026,3,full,random_044,0.8879986868869455,0.89,6,7990,1.4316526980001072,convnext_v2_t+densenet121+efficientnet_b0+lbp+mae_base+vgg16,
FMD,resmlp,2026,3,full,random_045,0.883545255913677,0.885,6,5638,1.2035128489987983,deit_s+drlbp+lbp+rgb_ngram_svd+vgg16+vit_b16,
FMD,resmlp,2026,3,full,random_046,0.9343218988854419,0.935,6,6472,1.211130415002117,convnext_v2_t+glcm+lbp+mae_base+siglip_base+vgg16,
FMD,resmlp,2026,3,full,random_047,0.9400769725843613,0.94,6,2040,1.0529429520029225,convnext_v2_t+deit_s+eva02_base+gabor+glcm+lbp,
FMD,resmlp,2026,3,full,random_048,0.9300024451372332,0.93,6,8932,1.3929752049989474,efficientnet_b0+hog+rgb_ngram_svd+siglip_base+swin_t+vgg16,
FMD,resmlp,2026,3,full,random_049,0.9603126013909069,0.96,6,4432,1.1160294559995236,convnext_v2_t+drlbp+efficientnet_b0+eva02_base+mae_base+vit_b16,
FMD,resmlp,2026,3,full,random_050,0.9552005247640679,0.955,6,6016,1.0737366920002387,dinov2_small+efficientnet_b0+mae_base+resnet101+siglip_base+swin_t,
FMD,resmlp,2026,3,full,random_051,0.9697806886689474,0.97,6,9188,1.2678391480003484,densenet121+eva02_base+hog+siglip_base+vgg16+vit_b16,
FMD,resmlp,2026,3,full,random_052,0.9597994657044723,0.96,6,3638,1.092796349999844,deit_s+dinov2+dinov2_small+efficientnet_b0+lbp+siglip_base,
FMD,resmlp,2026,3,full,random_053,0.8332746500397337,0.835,6,6528,1.346650112001953,drlbp+efficientnet_b0+gabor+mae_base+rgb_ngram_svd+vgg16,
FMD,resmlp,2026,3,full,random_054,0.9500386107873346,0.95,6,5394,1.2050611919985386,dinov2+dinov2_large+glcm+mae_base+resnet101+swin_t,
FMD,resmlp,2026,3,full,random_055,0.925004995004995,0.925,6,4998,1.432031806998566,convnext_v2_t+drlbp+efficientnet_b0+lbp+mae_base+resnet101,
FMD,resmlp,2026,3,full,random_056,0.9403703013629275,0.94,6,4736,0.8718497709996882,deit_s+dinov2+efficientnet_b0+mae_base+swin_t+vit_b16,
FMD,resmlp,2026,3,full,random_057,0.9289657129432859,0.93,6,7600,1.2053504479990806,deit_s+dinov2+gabor+resnet101+rgb_ngram_svd+vgg16,
FMD,resmlp,2026,3,full,random_058,0.9195106980472835,0.92,6,6966,1.3158244830010517,convnext_v2_t+densenet121+lbp+rgb_ngram_svd+swin_t+vgg16,
FMD,resmlp,2026,3,full,random_059,0.9290401501377111,0.93,6,7424,1.2766091789999336,convnext_v2_t+deit_s+densenet121+dinov2_small+vgg16+vit_b16,
FMD,resmlp,2026,3,full,random_060,0.9602470045524647,0.96,6,7728,1.2856213619998016,dinov2+efficientnet_b0+eva02_base+gabor+mae_base+vgg16,
FMD,resmlp,2026,3,full,random_061,0.949827030051677,0.95,6,8448,1.198815187002765,deit_s+dinov2_small+resnet50+siglip_base+swin_t+vgg16,
FMD,resmlp,2026,3,full,random_062,0.9549430568800961,0.955,6,3906,1.0343967910011997,dinov2+gabor+glcm+mae_base+resnet50+rgb_ngram_svd,
FMD,resmlp,2026,3,full,random_063,0.9497787243422673,0.95,6,4066,1.304154612000275,convnext_v2_t+dinov2_small+drlbp+glcm+mae_base+resnet50,
FMD,resmlp,2026,3,full,random_064,0.9401562066517137,0.94,6,7040,0.9846732350015373,deit_s+dinov2+rgb_ngram_svd+swin_t+vgg16+vit_b16,
FMD,resmlp,2026,3,full,random_065,0.8995592071500361,0.9,6,6964,1.5537931609978841,densenet121+drlbp+efficientnet_b0+hog+mae_base+resnet101,
FMD,resmlp,2026,3,full,random_066,0.9602005247640678,0.96,6,3328,1.049794523001765,convnext_v2_t+dinov2_small+drlbp+efficientnet_b0+gabor+siglip_base,
FMD,resmlp,2026,3,full,random_067,0.9450165656776697,0.945,6,6646,1.3994657910006936,convnext_v2_t+dinov2+efficientnet_b0+glcm+hog+resnet50,
FMD,resmlp,2026,3,full,random_068,0.9343860665811885,0.935,6,4480,1.1862675289994513,deit_s+densenet121+efficientnet_b0+mae_base+rgb_ngram_svd+siglip_base,
FMD,resmlp,2026,3,full,random_069,0.9647936585035429,0.965,6,4102,0.992913756002963,dinov2_small+drlbp+eva02_base+lbp+resnet50+vit_b16,
FMD,resmlp,2026,3,full,random_070,0.9799718103890118,0.98,6,5172,1.3589707710016228,densenet121+drlbp+eva02_base+hog+siglip_base+vit_b16,
FMD,resmlp,2026,3,full,random_071,0.904444890940398,0.905,6,6498,1.240958694001165,convnext_v2_t+drlbp+glcm+mae_base+vgg16+vit_b16,
FMD,resmlp,2026,3,full,random_072,0.9239063189865282,0.925,6,2888,0.9665819610017934,deit_s+dinov2_small+efficientnet_b0+glcm+lbp+vit_b16,
FMD,resmlp,2026,3,full,random_073,0.8644679589949316,0.865,6,2760,1.3604058650016668,deit_s+efficientnet_b0+glcm+lbp+mae_base+rgb_ngram_svd,
FMD,resmlp,2026,3,full,random_074,0.9243506771362998,0.925,6,5732,1.1805133939997177,convnext_v2_t+deit_s+efficientnet_b0+hog+mae_base+vit_b16,
FMD,resmlp,2026,3,full,random_075,0.9699317382244212,0.97,6,4784,0.761346200000844,dinov2+dinov2_small+eva02_base+gabor+resnet101+swin_t,
FMD,resmlp,2026,3,full,random_076,0.9445585903980686,0.945,6,6676,1.2699193459993694,densenet121+dinov2_large+gabor+hog+resnet50+swin_t,
FMD,resmlp,2026,3,full,random_077,0.945357299815908,0.945,6,8064,1.0307916220008337,dinov2_small+efficientnet_b0+mae_base+siglip_base+vgg16+vit_b16,
FMD,resmlp,2026,3,full,random_078,0.98510989010989,0.985,6,6452,1.1277807130027213,dinov2_large+drlbp+eva02_base+hog+resnet101+siglip_base,
FMD,resmlp,2026,3,full,random_079,0.8990024938791994,0.9,6,8010,1.5993780869976035,efficientnet_b0+gabor+hog+lbp+vgg16+vit_b16,
FMD,resmlp,2026,3,full,random_080,0.9079308855258941,0.91,6,7046,1.3219555899995612,convnext_v2_t+drlbp+efficientnet_b0+lbp+swin_t+vgg16,
FMD,resmlp,2026,3,full,random_081,0.9389362947706978,0.94,6,6754,0.9302042340023036,convnext_v2_t+dinov2+dinov2_large+drlbp+glcm+vgg16,
FMD,resmlp,2026,3,full,random_082,0.9350024451372333,0.935,6,7698,1.208764994997182,convnext_v2_t+efficientnet_b0+glcm+swin_t+vgg16+vit_b16,
FMD,resmlp,2026,3,full,random_083,0.9746878357853968,0.975,6,4042,1.37278406599944,deit_s+dinov2_large+gabor+hog+lbp+siglip_base,
FMD,resmlp,2026,3,full,random_084,0.9652067786727606,0.965,6,7040,1.1993309169993154,dinov2+drlbp+efficientnet_b0+eva02_base+gabor+vgg16,
FMD,resmlp,2026,3,full,random_085,0.9441980972326973,0.945,6,6656,1.3018495200012694,convnext_v2_t+deit_s+dinov2+dinov2_small+rgb_ngram_svd+vgg16,
FMD,resmlp,2026,3,full,random_086,0.9400434775508663,0.94,6,5168,1.4260889680008404,convnext_v2_t+dinov2+gabor+mae_base+resnet50+swin_t,
FMD,resmlp,2026,3,full,random_087,0.9591002682324294,0.96,6,9088,1.3696434539997426,deit_s+dinov2_large+resnet50+siglip_base+swin_t+vgg16,
FMD,resmlp,2026,3,full,random_088,0.9601608993072407,0.96,6,3968,1.030802458000835,convnext_v2_t+dinov2+dinov2_large+dinov2_small+rgb_ngram_svd+swin_t,
FMD,resmlp,2026,3,full,random_089,0.9494021782904369,0.95,6,11492,1.442193725000834,eva02_base+hog+resnet101+resnet50+siglip_base+vgg16,
FMD,resmlp,2026,3,full,random_090,0.9255212609384624,0.925,6,2918,1.1991961560015625,densenet121+gabor+lbp+mae_base+rgb_ngram_svd+vit_b16,
FMD,resmlp,2026,3,full,random_091,0.8493576424371719,0.85,6,7472,1.3947018809994916,densenet121+efficientnet_b0+gabor+mae_base+rgb_ngram_svd+vgg16,
FMD,resmlp,2026,3,full,random_092,0.9698968326875305,0.97,6,4196,1.3070090349974635,convnext_v2_t+drlbp+gabor+hog+mae_base+siglip_base,
FMD,resmlp,2026,3,full,random_093,0.9295848852286742,0.93,6,8010,1.3654366449991358,densenet121+dinov2_large+gabor+hog+lbp+vgg16,
FMD,resmlp,2026,3,full,random_094,0.959803533096216,0.96,6,7424,1.1165187490005337,densenet121+efficientnet_b0+resnet101+resnet50+rgb_ngram_svd+siglip_base,
FMD,resmlp,2026,3,full,random_095,0.9748337306681337,0.975,6,4370,1.0865061429976777,efficientnet_b0+eva02_base+glcm+siglip_base+swin_t+vit_b16,
FMD,resmlp,2026,3,full,random_096,0.9700478822430043,0.97,6,4176,1.0974158019998868,densenet121+dinov2+drlbp+eva02_base+mae_base+vit_b16,
FMD,resmlp,2026,3,full,random_097,0.9650995688094532,0.965,6,5040,0.9963422279979568,dinov2+dinov2_large+dinov2_small+gabor+mae_base+resnet101,
FMD,resmlp,2026,3,full,random_098,0.9490963101938711,0.95,6,3394,1.1358402429978014,convnext_v2_t+dinov2+dinov2_large+gabor+glcm+mae_base,
FMD,resmlp,2026,3,full,random_099,0.965355704502046,0.965,6,6164,1.7587898319980013,efficientnet_b0+gabor+hog+resnet101+rgb_ngram_svd+siglip_base,
FMD,resmlp,2026,4,full,random_000,0.9648624140087556,0.965,4,3218,0.9821670899982564,dinov2_small+eva02_base+glcm+resnet101,
FMD,resmlp,2026,4,full,random_001,0.9050752484289817,0.905,4,4936,1.570929328998318,glcm+lbp+vgg16+vit_b16,
FMD,resmlp,2026,4,full,random_002,0.9349432057826841,0.935,4,2970,1.3380332560009265,deit_s+eva02_base+hog+lbp,
FMD,resmlp,2026,4,full,random_003,0.9203461791436836,0.92,4,4480,1.096093121002923,deit_s+efficientnet_b0+eva02_base+resnet50,
FMD,resmlp,2026,4,full,random_004,0.9348091617411258,0.935,4,2486,1.1321905290024006,deit_s+efficientnet_b0+lbp+siglip_base,
FMD,resmlp,2026,4,full,random_005,0.9649843652282677,0.965,4,4224,1.030415733999689,dinov2_large+dinov2_small+resnet101+swin_t,
FMD,resmlp,2026,4,full,random_006,0.9155397958350463,0.915,4,2816,0.8153097620015615,deit_s+dinov2_small+efficientnet_b0+swin_t,
FMD,resmlp,2026,4,full,random_007,0.9396659471049716,0.94,4,2096,0.8098218580016692,deit_s+dinov2_small+efficientnet_b0+gabor,
FMD,resmlp,2026,4,full,random_008,0.9496784549223574,0.95,4,2806,1.3107955580017006,eva02_base+glcm+hog+rgb_ngram_svd,
FMD,resmlp,2026,4,full,random_009,0.9000982308235196,0.9,4,2950,1.0166982379996625,convnext_v2_t+drlbp+lbp+resnet50,
FMD,resmlp,2026,4,full,random_010,0.9141924233387648,0.915,4,3380,1.3306564859994978,convnext_v2_t+drlbp+hog+vit_b16,
FMD,resmlp,2026,4,full,random_011,0.801619006437287,0.805,4,5138,1.5465428130009968,glcm+mae_base+rgb_ngram_svd+vgg16,
FMD,resmlp,2026,4,full,random_012,0.9548655409631019,0.955,4,2944,0.768144289002521,dinov2_large+dinov2_small+efficientnet_b0+rgb_ngram_svd,
FMD,resmlp,2026,4,full,random_013,0.9451156973108192,0.945,4,2614,1.0180675330011582,dinov2_large+lbp+mae_base+swin_t,
FMD,resmlp,2026,4,full,random_014,0.8556047367151347,0.855,4,3248,1.3697911870003736,deit_s+gabor+resnet50+swin_t,
FMD,resmlp,2026,4,full,random_015,0.9499107429595235,0.95,4,3510,1.2009413140003744,densenet121+dinov2_small+lbp+resnet101,
FMD,resmlp,2026,4,full,random_016,0.9302574390334488,0.93,4,3072,0.8881263109979045,densenet121+dinov2_large+rgb_ngram_svd+swin_t,
FMD,resmlp,2026,4,full,random_017,0.8911586761586762,0.89,4,6646,1.5498160290007945,glcm+hog+vgg16+vit_b16,
FMD,resmlp,2026,4,full,random_018,0.9347292855636887,0.935,4,5328,1.3027287209988572,deit_s+drlbp+siglip_base+vgg16,
FMD,resmlp,2026,4,full,random_019,0.9139215670836414,0.915,4,3456,1.0561229439990711,dinov2_small+mae_base+resnet101+rgb_ngram_svd,
FMD,resmlp,2026,4,full,random_020,0.9497961601941063,0.95,4,3126,0.9192071540019242,eva02_base+lbp+resnet101+rgb_ngram_svd,
FMD,resmlp,2026,4,full,random_021,0.9400665124349337,0.94,4,4224,1.0023034320001898,deit_s+dinov2_large+mae_base+resnet50,
FMD,resmlp,2026,4,full,random_022,0.9799718103890118,0.98,4,1456,0.9415835990002961,dinov2_small+eva02_base+gabor+rgb_ngram_svd,
FMD,resmlp,2026,4,full,random_023,0.9347495987011467,0.935,4,2560,1.0429196639997826,dinov2_small+drlbp+gabor+resnet101,
FMD,resmlp,2026,4,full,random_024,0.9547885038308062,0.955,4,3866,1.2630541609978536,efficientnet_b0+eva02_base+hog+lbp,
FMD,resmlp,2026,4,full,random_025,0.8951959636426903,0.895,4,1280,0.9515307929978007,deit_s+drlbp+gabor+vit_b16,
FMD,resmlp,2026,4,full,random_026,0.9201770394774245,0.92,4,6016,1.3055187889985973,deit_s+mae_base+siglip_base+vgg16,
FMD,resmlp,2026,4,full,random_027,0.9548364109147165,0.955,4,2944,0.8666838640019705,dinov2_large+dinov2_small+mae_base+swin_t,
FMD,resmlp,2026,4,full,random_028,0.9548171554590039,0.955,4,7396,1.5488908580009593,dinov2+hog+siglip_base+vgg16,
FMD,resmlp,2026,4,full,random_029,0.9652166532654338,0.965,4,2944,0.8787320090013964,densenet121+dinov2_small+eva02_base+vit_b16,
FMD,resmlp,2026,4,full,random_030,0.9453113553113554,0.945,4,7396,1.5328765209997073,eva02_base+hog+swin_t+vgg16,
FMD,resmlp,2026,4,full,random_031,0.9649234565973378,0.965,4,1712,0.9598671519997879,dinov2_large+dinov2_small+gabor+rgb_ngram_svd,
FMD,resmlp,2026,4,full,random_032,0.8905861798610404,0.89,4,3840,1.5503337700029078,densenet121+efficientnet_b0+mae_base+swin_t,
FMD,resmlp,2026,4,full,random_033,0.9799937460913071,0.98,4,2322,1.151271906997863,eva02_base+glcm+mae_base+siglip_base,
FMD,resmlp,2026,4,full,random_034,0.9799906191369605,0.98,4,3858,1.0549146379999002,dinov2+dinov2_large+glcm+resnet101,
FMD,resmlp,2026,4,full,random_035,0.9349060503039965,0.935,4,4962,1.2182247790005931,dinov2+drlbp+glcm+vgg16,
FMD,resmlp,2026,4,full,random_036,0.9701156973108194,0.97,4,2944,1.0512901959991723,dinov2_large+dinov2_small+eva02_base+vit_b16,
FMD,resmlp,2026,4,full,random_037,0.7847747118565265,0.79,4,5424,1.4507866219973948,densenet121+gabor+rgb_ngram_svd+vgg16,
FMD,resmlp,2026,4,full,random_038,0.9703116926659334,0.97,4,3126,0.8558980090019759,dinov2+dinov2_large+efficientnet_b0+lbp,
FMD,resmlp,2026,4,full,random_039,0.9599026398884595,0.96,4,1206,0.7802537219977239,dinov2_large+drlbp+gabor+lbp,
FMD,resmlp,2026,4,full,random_040,0.9208464564860661,0.92,4,7552,1.2280434040003456,deit_s+dinov2_large+resnet101+vgg16,
FMD,resmlp,2026,4,full,random_041,0.817827719433178,0.82,4,5120,1.4677755439988687,mae_base+resnet101+resnet50+rgb_ngram_svd,
FMD,resmlp,2026,4,full,random_042,0.9041003111904983,0.905,4,4816,1.142139939001936,dinov2_small+drlbp+rgb_ngram_svd+vgg16,
FMD,resmlp,2026,4,full,random_043,0.8532991722498245,0.855,4,8576,1.6288619019978796,deit_s+resnet101+resnet50+vgg16,
FMD,resmlp,2026,4,full,random_044,0.9507927103562533,0.95,4,3090,0.9494282839987136,glcm+resnet101+rgb_ngram_svd+siglip_base,
FMD,resmlp,2026,4,full,random_045,0.9303779774639853,0.93,4,7936,1.1220674169999256,dinov2_large+resnet50+swin_t+vgg16,
FMD,resmlp,2026,4,full,random_046,0.8580998803523912,0.86,4,5296,1.39451877099782,deit_s+gabor+swin_t+vgg16,
FMD,resmlp,2026,4,full,random_047,0.7945147271798685,0.8,4,5430,1.7073648430014146,densenet121+lbp+rgb_ngram_svd+vgg16,
FMD,resmlp,2026,4,full,random_048,0.9001144074604385,0.9,4,7168,1.432041557996854,convnext_v2_t+densenet121+efficientnet_b0+vgg16,
FMD,resmlp,2026,4,full,random_049,0.9297371007255475,0.93,4,4912,1.320684556998458,deit_s+dinov2_small+gabor+vgg16,
FMD,resmlp,2026,4,full,random_050,0.9236827901892465,0.925,4,1462,0.9205515849971562,dinov2_small+lbp+rgb_ngram_svd+vit_b16,
FMD,resmlp,2026,4,full,random_051,0.9001705561590029,0.9,4,3380,1.1123536129998683,convnext_v2_t+drlbp+hog+swin_t,
FMD,resmlp,2026,4,full,random_052,0.905127337958727,0.905,4,1608,0.8856515279985615,convnext_v2_t+glcm+lbp+swin_t,
FMD,resmlp,2026,4,full,random_053,0.8887789973155827,0.89,4,4882,1.5347158269978536,glcm+resnet101+resnet50+vit_b16,
FMD,resmlp,2026,4,full,random_054,0.9603506655945682,0.96,4,2000,0.9561350689982646,deit_s+dinov2+drlbp+mae_base,
FMD,resmlp,2026,4,full,random_055,0.9104079403694294,0.91,4,3888,1.3058182139975543,convnext_v2_t+densenet121+gabor+resnet50,
FMD,resmlp,2026,4,full,random_056,0.8226522822343345,0.825,4,1744,1.4242917310002667,deit_s+densenet121+drlbp+rgb_ngram_svd,
FMD,resmlp,2026,4,full,random_057,0.9598373513521139,0.96,4,1096,0.9667974910007615,glcm+lbp+rgb_ngram_svd+siglip_base,
FMD,resmlp,2026,4,full,random_058,0.9498220143855575,0.95,4,4224,1.2624399509986688,deit_s+dinov2_large+resnet50+siglip_base,
FMD,resmlp,2026,4,full,random_059,0.848531161979829,0.85,4,6278,1.520092137001484,drlbp+lbp+resnet101+vgg16,
FMD,resmlp,2026,4,full,random_060,0.945756650144655,0.945,4,5632,1.360178987000836,resnet101+resnet50+siglip_base+swin_t,
FMD,resmlp,2026,4,full,random_061,0.9450843807454847,0.945,4,5680,1.0691339539989713,eva02_base+gabor+siglip_base+vgg16,
FMD,resmlp,2026,4,full,random_062,0.9452624192139671,0.945,4,4964,1.1507516889978433,dinov2_small+hog+resnet50+vit_b16,
FMD,resmlp,2026,4,full,random_063,0.9848556663704289,0.985,4,2970,1.2184391420014435,dinov2_small+hog+lbp+siglip_base,
FMD,resmlp,2026,4,full,random_064,0.7974696114019039,0.8,4,504,1.1542739870019432,deit_s+gabor+glcm+lbp,
FMD,resmlp,2026,4,full,random_065,0.9399687304565354,0.94,4,3456,1.0090146270013065,deit_s+densenet121+efficientnet_b0+eva02_base,
FMD,resmlp,2026,4,full,random_066,0.8692317569949897,0.87,4,6546,1.4907120950010722,deit_s+glcm+resnet101+vgg16,
FMD,resmlp,2026,4,full,random_067,0.9799906191369605,0.98,4,4608,1.1335692110005766,dinov2+dinov2_large+mae_base+resnet101,
FMD,resmlp,2026,4,full,random_068,0.8849996375927056,0.885,4,5604,1.6144376409974939,densenet121+hog+resnet50+swin_t,
FMD,resmlp,2026,4,full,random_069,0.9699297105060308,0.97,4,3200,0.7336569350009086,deit_s+dinov2+efficientnet_b0+eva02_base,
FMD,resmlp,2026,4,full,random_070,0.8832871902765431,0.885,4,8192,1.34409245900315,efficientnet_b0+resnet101+swin_t+vgg16,
FMD,resmlp,2026,4,full,random_071,0.9550937616085241,0.955,4,2964,1.1229979720010306,deit_s+dinov2+gabor+hog,
FMD,resmlp,2026,4,full,random_072,0.9651063164477799,0.965,4,2614,0.7595359919978364,dinov2_large+lbp+siglip_base+swin_t,
FMD,resmlp,2026,4,full,random_073,0.9451713947156822,0.945,4,4912,1.4460303030027717,eva02_base+gabor+resnet101+resnet50,
FMD,resmlp,2026,4,full,random_074,0.9556088433087865,0.955,4,1968,1.2892452010019042,deit_s+dinov2+gabor+swin_t,
FMD,resmlp,2026,4,full,random_075,0.9504506811117851,0.95,4,3858,0.9793241280021903,dinov2_large+glcm+mae_base+resnet101,
FMD,resmlp,2026,4,full,random_076,0.9351692081987334,0.935,4,6960,1.3708511219992943,eva02_base+gabor+resnet50+vgg16,
FMD,resmlp,2026,4,full,random_077,0.8999717655044996,0.9,4,2944,1.0796342600006028,convnext_v2_t+drlbp+gabor+resnet50,
FMD,resmlp,2026,4,full,random_078,0.9600995688094534,0.96,4,1858,0.8081023059967265,dinov2_large+gabor+glcm+vit_b16,
FMD,resmlp,2026,4,full,random_079,0.9496784549223574,0.95,4,2806,1.1187678049973329,eva02_base+glcm+hog+rgb_ngram_svd,
FMD,resmlp,2026,4,full,random_080,0.9703215672586065,0.97,4,3328,0.8730424780005706,convnext_v2_t+dinov2_large+eva02_base+swin_t,
FMD,resmlp,2026,4,full,random_081,0.9499718574108819,0.95,4,2352,0.9082358810010192,eva02_base+gabor+swin_t+vit_b16,
FMD,resmlp,2026,4,full,random_082,0.9402707894171309,0.94,4,1736,0.8921072499979346,dinov2_small+efficientnet_b0+glcm+lbp,
FMD,resmlp,2026,4,full,random_083,0.8754439517854152,0.875,4,2512,0.8749469190006494,deit_s+drlbp+efficientnet_b0+swin_t,
FMD,resmlp,2026,4,full,random_084,0.9402107326475182,0.94,4,2304,0.9526645339974493,deit_s+dinov2_small+mae_base+swin_t,
FMD,resmlp,2026,4,full,random_085,0.8381814091740353,0.84,4,3858,1.2886899980003363,densenet121+glcm+mae_base+resnet101,
FMD,resmlp,2026,4,full,random_086,0.8226815496076414,0.825,4,6964,1.4776501699998335,densenet121+drlbp+hog+vgg16,
FMD,resmlp,2026,4,full,random_087,0.9402362549730972,0.94,4,3664,0.9000752289975935,convnext_v2_t+drlbp+resnet101+siglip_base,
FMD,resmlp,2026,4,full,random_088,0.9202673251623905,0.92,4,4736,1.0204153330014378,densenet121+dinov2_small+efficientnet_b0+resnet50,
FMD,resmlp,2026,4,full,random_089,0.9651156973108191,0.965,4,5604,1.143806500997016,dinov2+dinov2_large+hog+resnet101,
FMD,resmlp,2026,4,full,random_090,0.9448553743974231,0.945,4,3712,1.047503803998552,densenet121+dinov2_small+resnet101+rgb_ngram_svd,
FMD,resmlp,2026,4,full,random_091,0.965234521575985,0.965,4,2688,0.9397890760010341,convnext_v2_t+dinov2+dinov2_small+eva02_base,
FMD,resmlp,2026,4,full,random_092,0.8329767416598296,0.835,4,6932,2.0253957050008466,densenet121+gabor+hog+vgg16,
FMD,resmlp,2026,4,full,random_093,0.6411832853534534,0.64,4,2660,1.6812644109995745,drlbp+gabor+hog+mae_base,
FMD,resmlp,2026,4,full,random_094,0.9444450478917744,0.945,4,3892,1.1240799510014767,dinov2+drlbp+efficientnet_b0+hog,
FMD,resmlp,2026,4,full,random_095,0.9553354775305996,0.955,4,2358,0.8863123620030819,eva02_base+lbp+mae_base+vit_b16,
FMD,resmlp,2026,4,full,random_096,0.9650485347711963,0.965,4,3152,1.2037018079972768,drlbp+eva02_base+resnet101+rgb_ngram_svd,
FMD,resmlp,2026,4,full,random_097,0.9506789178740398,0.95,4,2944,0.9560441479989095,densenet121+dinov2_small+swin_t+vit_b16,
FMD,resmlp,2026,4,full,random_098,0.2772244455021139,0.285,4,376,1.012626152998564,gabor+glcm+lbp+rgb_ngram_svd,
FMD,resmlp,2026,4,full,random_099,0.9302196797639674,0.93,4,4196,1.2499768179986859,deit_s+efficientnet_b0+hog+siglip_base,
CUReT,resmlp,42,0,full,random_000,0.9910595443374258,0.9910905203136137,2,2532,1.9372615440006484,hog+siglip_base,
CUReT,resmlp,42,0,full,random_001,0.9914690800975131,0.9914468995010691,2,1042,2.675296960002015,densenet121+glcm,
CUReT,resmlp,42,0,full,random_002,0.9925101517300404,0.9925160370634355,2,3328,3.0672312320020865,efficientnet_b0+resnet50,
CUReT,resmlp,42,0,full,random_003,0.9446869725486233,0.9454739843193157,2,72,3.4393797619995894,glcm+lbp,
CUReT,resmlp,42,0,full,random_004,0.9914690800975131,0.9914468995010691,2,1042,2.465653070001281,densenet121+glcm,
CUReT,resmlp,42,0,full,random_005,0.989661962177041,0.9896650035637918,2,816,0.8887785999977496,gabor+vit_b16,
CUReT,resmlp,42,0,full,random_006,0.9119969364243726,0.9123307198859587,2,336,2.4681011760003457,drlbp+rgb_ngram_svd,
CUReT,resmlp,42,0,full,random_007,0.994285209965992,0.9942979330007128,2,2048,2.9824756699999853,efficientnet_b0+siglip_base,
CUReT,resmlp,42,0,full,random_008,0.9932257313968156,0.9932287954383464,2,1664,1.2714540300003137,deit_s+efficientnet_b0,
CUReT,resmlp,42,0,full,random_009,0.992509534451682,0.9925160370634355,2,1536,1.0473939269977564,eva02_base+mae_base,
CUReT,resmlp,42,0,full,random_010,0.9822948544295058,0.9821810406272273,2,848,1.025922320997779,drlbp+siglip_base,
CUReT,resmlp,42,0,full,random_011,0.9978615143239336,0.9978617248752673,2,1152,3.435687601002428,convnext_v2_t+dinov2_small,
CUReT,resmlp,42,0,full,random_012,0.9950136416627233,0.9950106913756237,2,1536,1.429851848999533,eva02_base+swin_t,
CUReT,resmlp,42,0,full,random_013,0.9967882471480751,0.9967925873129009,2,1792,3.2298343859984016,densenet121+dinov2,
CUReT,resmlp,42,0,full,random_014,0.996435365681187,0.9964362081254454,2,1152,0.9575171399992541,dinov2_small+eva02_base,
CUReT,resmlp,42,0,full,random_015,0.9971523801198521,0.9971489665003563,2,1536,3.333895562998805,dinov2+eva02_base,
CUReT,resmlp,42,0,full,random_016,0.9957191966135934,0.9957234497505346,2,5120,3.2589781429996947,dinov2_large+vgg16,
CUReT,resmlp,42,0,full,random_017,0.9639969703635614,0.9640057020669993,2,4114,0.9839820579982188,glcm+vgg16,
CUReT,resmlp,42,0,full,random_018,0.9967882471480751,0.9967925873129009,2,1792,2.7226990970011684,densenet121+dinov2,
CUReT,resmlp,42,0,full,random_019,0.9964433722465708,0.9964362081254454,2,816,2.6318422650001594,dinov2+gabor,
CUReT,resmlp,42,0,full,random_020,0.9915251944712632,0.9914468995010691,2,2816,2.4841001640015747,convnext_v2_t+resnet50,
CUReT,resmlp,42,0,full,random_021,0.9914449506517495,0.9914468995010691,2,4864,3.750365438998415,vgg16+vit_b16,
CUReT,resmlp,42,0,full,random_022,0.9456151160247138,0.9465431218816821,2,2148,1.3361978020002425,deit_s+hog,
CUReT,resmlp,42,0,full,random_023,0.9925101517300404,0.9925160370634355,2,3328,3.551299179001944,efficientnet_b0+resnet50,
CUReT,resmlp,42,0,full,random_024,0.9145023861408537,0.9144689950106913,2,1818,2.6282267909991788,hog+lbp,
CUReT,resmlp,42,0,full,random_025,0.9804093976344853,0.9803991446899502,2,786,1.1595467210026982,glcm+mae_base,
CUReT,resmlp,42,0,full,random_026,0.9925209600272726,0.9925160370634355,2,2432,1.1697031989970128,deit_s+resnet101,
CUReT,resmlp,42,0,full,random_027,0.9837191669031552,0.9836065573770492,2,1328,1.5916975740001362,efficientnet_b0+gabor,
CUReT,resmlp,42,0,full,random_028,0.9907678252098016,0.9907341411261582,2,2048,1.4047698750000563,efficientnet_b0+eva02_base,
CUReT,resmlp,42,0,full,random_029,0.9852590416006193,0.985032074126871,2,786,1.5854447050005547,eva02_base+glcm,
CUReT,resmlp,42,0,full,random_030,0.9910595443374258,0.9910905203136137,2,2532,1.8532253819976177,hog+siglip_base,
CUReT,resmlp,42,0,full,random_031,0.9975047981348826,0.9975053456878118,2,402,2.518718526000157,dinov2_small+glcm,
CUReT,resmlp,42,0,full,random_032,0.9967923346513005,0.9967925873129009,2,3072,2.690867633999005,dinov2_large+resnet101,
CUReT,resmlp,42,0,full,random_033,0.9910675169756725,0.9910905203136137,2,4864,1.5247815939983411,convnext_v2_t+vgg16,
CUReT,resmlp,42,0,full,random_034,0.997868973216926,0.9978617248752673,2,1664,2.014304579999589,dinov2_small+efficientnet_b0,
CUReT,resmlp,42,0,full,random_035,0.9942889205893135,0.9942979330007128,2,822,1.5418723550028517,dinov2+lbp,
CUReT,resmlp,42,0,full,random_036,0.9885876634876332,0.9885958660014256,2,816,1.6460102619967074,eva02_base+gabor,
CUReT,resmlp,42,0,full,random_037,0.9943189591198124,0.9942979330007128,2,1408,3.360594008998305,deit_s+densenet121,
CUReT,resmlp,42,0,full,random_038,0.9699571224639502,0.970064148253742,2,4176,1.2726536340014718,drlbp+vgg16,
CUReT,resmlp,42,0,full,random_039,0.9850031609833032,0.985032074126871,2,786,1.2421055039994826,convnext_v2_t+glcm,
CUReT,resmlp,42,0,full,random_040,0.9932272704990454,0.9932287954383464,2,1792,2.774428730997897,densenet121+mae_base,
CUReT,resmlp,42,0,full,random_041,0.9964396217449412,0.9964362081254454,2,1536,1.281933399997797,dinov2+mae_base,
CUReT,resmlp,42,0,full,random_042,0.9928953328713082,0.992872416250891,2,4096,2.766569987998082,resnet101+resnet50,
CUReT,resmlp,42,0,full,random_043,0.9928953328713082,0.992872416250891,2,4096,3.157037125998613,resnet101+resnet50,
CUReT,resmlp,42,0,full,random_044,0.9967922504307671,0.9967925873129009,2,1792,2.9312527750007575,dinov2_large+siglip_base,
CUReT,resmlp,42,0,full,random_045,0.9950053001856888,0.9950106913756237,2,2816,1.4705091249998077,convnext_v2_t+resnet101,
CUReT,resmlp,42,0,full,random_046,0.9889608673391265,0.9889522451888809,2,848,1.0216054240008816,drlbp+vit_b16,
CUReT,resmlp,42,0,full,random_047,0.9943158062798146,0.9942979330007128,2,1536,1.2449691770016216,siglip_base+swin_t,
CUReT,resmlp,42,0,full,random_048,0.9857934219214034,0.9857448325017819,2,3812,3.405690872001287,hog+resnet50,
CUReT,resmlp,42,0,full,random_049,0.9903396595935249,0.9903777619387027,2,816,1.6381114049981989,convnext_v2_t+gabor,
CUReT,resmlp,42,0,full,random_050,0.994641108907147,0.9946543121881682,2,2048,1.0474072510005499,convnext_v2_t+efficientnet_b0,
CUReT,resmlp,42,0,full,random_051,0.9957191966135934,0.9957234497505346,2,5120,3.211302825999155,dinov2_large+vgg16,
CUReT,resmlp,42,0,full,random_052,0.9967922504307671,0.9967925873129009,2,1792,2.8174056979987654,dinov2_large+siglip_base,
CUReT,resmlp,42,0,full,random_053,0.9971446263355308,0.9971489665003563,2,1536,2.621906858999864,convnext_v2_t+dinov2,
CUReT,resmlp,42,0,full,random_054,0.9925286460962801,0.9925160370634355,2,2066,2.414887844999612,glcm+resnet50,
CUReT,resmlp,42,0,full,random_055,0.9911152231109114,0.9910905203136137,2,1280,2.026444752998941,densenet121+rgb_ngram_svd,
CUReT,resmlp,42,0,full,random_056,0.9978574689309749,0.9978617248752673,2,1152,2.7136019420031516,dinov2_small+mae_base,
CUReT,resmlp,42,0,full,random_057,0.8952993443270169,0.895224518888097,2,274,3.092615023997496,glcm+rgb_ngram_svd,
CUReT,resmlp,42,0,full,random_058,0.9895582320754017,0.9893086243763364,2,1152,1.2086213799993857,deit_s+siglip_base,
CUReT,resmlp,42,0,full,random_059,0.9456151160247138,0.9465431218816821,2,2148,1.545480230000976,deit_s+hog,
CUReT,resmlp,42,0,full,random_060,0.8952993443270169,0.895224518888097,2,274,3.056874264999351,glcm+rgb_ngram_svd,
CUReT,resmlp,42,0,full,random_061,0.9446869725486233,0.9454739843193157,2,72,3.0152759670017986,glcm+lbp,
CUReT,resmlp,42,0,full,random_062,0.9960791550542605,0.9960798289379901,2,1104,2.2327948349993676,dinov2_large+drlbp,
CUReT,resmlp,42,0,full,random_063,0.9925068594742512,0.9925160370634355,2,2102,2.7507190149990493,lbp+resnet50,
CUReT,resmlp,42,0,full,random_064,0.9907152204114515,0.9907341411261582,2,1536,0.9839601220010081,mae_base+vit_b16,
CUReT,resmlp,42,0,full,random_065,0.9639969703635614,0.9640057020669993,2,4114,1.177483444000245,glcm+vgg16,
CUReT,resmlp,42,0,full,random_066,0.9907578515823829,0.9907341411261582,2,3328,0.8401997410001059,efficientnet_b0+resnet101,
CUReT,resmlp,42,0,full,random_067,0.9928780459047047,0.992872416250891,2,3072,1.1358797890025016,densenet121+resnet101,
CUReT,resmlp,42,0,full,random_068,0.9900069992076381,0.9900213827512473,2,2532,1.234783427000366,hog+swin_t,
CUReT,resmlp,42,0,full,random_069,0.9854084019714335,0.9853884533143265,2,1104,1.1642200629976287,densenet121+drlbp,
CUReT,resmlp,42,0,full,random_070,0.9978615143239336,0.9978617248752673,2,1152,2.9948317390008015,convnext_v2_t+dinov2_small,
CUReT,resmlp,42,0,full,random_071,0.9789247845736052,0.9789736279401283,2,5860,3.8484217540026293,hog+vgg16,
CUReT,resmlp,42,0,full,random_072,0.9978615143239336,0.9978617248752673,2,1152,2.5644615219971456,convnext_v2_t+dinov2_small,
CUReT,resmlp,42,0,full,random_073,0.9946524474399204,0.9946543121881682,2,1078,2.3436961469997186,dinov2_large+lbp,
CUReT,resmlp,42,0,full,random_074,0.9932272704990454,0.9932287954383464,2,1792,2.7726290520004113,densenet121+mae_base,
CUReT,resmlp,42,0,full,random_075,0.9960791550542605,0.9960798289379901,2,1104,2.3745250040010433,dinov2_large+drlbp,
CUReT,resmlp,42,0,full,random_076,0.9789364571057266,0.9789736279401283,2,4864,2.4548643390007783,mae_base+vgg16,
CUReT,resmlp,42,0,full,random_077,0.9911204749584468,0.9910905203136137,2,1024,1.0010664020010154,rgb_ngram_svd+swin_t,
CUReT,resmlp,42,0,full,random_078,0.9911204749584468,0.9910905203136137,2,1024,1.2393737839993264,rgb_ngram_svd+swin_t,
CUReT,resmlp,42,0,full,random_079,0.9946456766566729,0.9946543121881682,2,2816,3.2904843220021576,mae_base+resnet50,
CUReT,resmlp,42,0,full,random_080,0.9964235552047047,0.9964362081254454,2,1536,3.1058459089981625,siglip_base+vit_b16,
CUReT,resmlp,42,0,full,random_081,0.9852590416006193,0.985032074126871,2,786,1.5454862440019497,eva02_base+glcm,
CUReT,resmlp,42,0,full,random_082,0.9900210878414236,0.9900213827512473,2,848,2.227086153001437,drlbp+eva02_base,
CUReT,resmlp,42,0,full,random_083,0.9903663337180991,0.9903777619387027,2,786,1.827038048999384,glcm+swin_t,
CUReT,resmlp,42,0,full,random_084,0.984306081249403,0.9843193157519601,2,438,1.238240004000545,deit_s+lbp,
CUReT,resmlp,42,0,full,random_085,0.9853811097229354,0.9853884533143265,2,2304,1.4407264959991153,resnet101+rgb_ngram_svd,
CUReT,resmlp,42,0,full,random_086,0.9850031609833032,0.985032074126871,2,786,1.2169678720019874,convnext_v2_t+glcm,
CUReT,resmlp,42,0,full,random_087,0.9957269449026743,0.9957234497505346,2,1792,2.186683963998803,densenet121+siglip_base,
CUReT,resmlp,42,0,full,random_088,0.9921302645312734,0.99215965787598,2,1536,0.9001392780010065,eva02_base+vit_b16,
CUReT,resmlp,42,0,full,random_089,0.9896454449651321,0.9896650035637918,2,2532,1.478602753002633,eva02_base+hog,
CUReT,resmlp,42,0,full,random_090,0.9964235552047047,0.9964362081254454,2,1536,4.189559824997559,siglip_base+vit_b16,
CUReT,resmlp,42,0,full,random_091,0.9964395796346744,0.9964362081254454,2,1152,1.3405287390014564,dinov2_small+siglip_base,
CUReT,resmlp,42,0,full,random_092,0.981555554175673,0.9814682822523164,2,6144,1.4405503769994539,resnet50+vgg16,
CUReT,resmlp,42,0,full,random_093,0.983597362448648,0.9836065573770492,2,464,1.3143043980016955,deit_s+drlbp,
CUReT,resmlp,42,0,full,random_094,0.9946524636364187,0.9946543121881682,2,2816,2.97945764600081,resnet50+swin_t,
CUReT,resmlp,42,0,full,random_095,0.9967958296839784,0.9967925873129009,2,1408,1.619095058998937,densenet121+dinov2_small,
CUReT,resmlp,42,0,full,random_096,0.9249775796057664,0.924447612259444,2,2020,1.4717852959984157,hog+rgb_ngram_svd,
CUReT,resmlp,42,0,full,random_097,0.9900328228717564,0.9900213827512473,2,6144,3.3628778439997404,resnet101+vgg16,
CUReT,resmlp,42,0,full,random_098,0.9957176766413861,0.9957234497505346,2,2048,2.7964420949974738,efficientnet_b0+vit_b16,
CUReT,resmlp,42,0,full,random_099,0.9907152204114515,0.9907341411261582,2,1536,1.1113188880008238,mae_base+vit_b16,
CUReT,resmlp,42,1,full,random_000,0.9989307361068334,0.9989308624376336,4,6016,2.220902479999495,deit_s+swin_t+vgg16+vit_b16,
CUReT,resmlp,42,1,full,random_001,0.9989307361068334,0.9989308624376336,4,1218,2.984259046999796,dinov2+dinov2_small+gabor+glcm,
CUReT,resmlp,42,1,full,random_002,0.9989307361068334,0.9989308624376336,4,4608,3.6739029700001993,densenet121+eva02_base+mae_base+resnet101,
CUReT,resmlp,42,1,full,random_003,0.9978615564342003,0.9978617248752673,4,4660,3.457568006000656,convnext_v2_t+drlbp+hog+resnet101,
CUReT,resmlp,42,1,full,random_004,0.9992871574045555,0.9992872416250891,4,4352,3.44982378900022,mae_base+resnet50+siglip_base+vit_b16,
CUReT,resmlp,42,1,full,random_005,0.990387090944299,0.9903777619387027,4,3684,1.2694177369994577,deit_s+eva02_base+hog+mae_base,
CUReT,resmlp,42,1,full,random_006,0.9985743148091112,0.9985744832501782,4,4432,3.196864015997562,dinov2_large+drlbp+efficientnet_b0+resnet50,
CUReT,resmlp,42,1,full,random_007,0.9982179777319226,0.9982181040627227,4,3894,3.0818392080000194,convnext_v2_t+densenet121+lbp+resnet50,
CUReT,resmlp,42,1,full,random_008,0.9996435787022778,0.9996436208125445,4,2864,3.263912963000621,densenet121+dinov2_large+eva02_base+gabor,
CUReT,resmlp,42,1,full,random_009,0.997861472213667,0.9978617248752673,4,5680,3.3933876900009636,eva02_base+gabor+mae_base+vgg16,
CUReT,resmlp,42,1,full,random_010,0.9996435787022778,0.9996436208125445,4,3584,3.5790233820007415,convnext_v2_t+densenet121+dinov2+dinov2_large,
CUReT,resmlp,42,1,full,random_011,0.9957288726617938,0.9957234497505346,4,1670,1.7708353480011283,drlbp+eva02_base+lbp+mae_base,
CUReT,resmlp,42,1,full,random_012,0.9985743148091112,0.9985744832501782,4,2352,3.7907637809985317,gabor+siglip_base+swin_t+vit_b16,
CUReT,resmlp,42,1,full,random_013,0.9967920397599714,0.9967925873129009,4,1872,2.1044725450010446,convnext_v2_t+drlbp+mae_base+rgb_ngram_svd,
CUReT,resmlp,42,1,full,random_014,0.9982178935113892,0.9982181040627227,4,7680,2.1030398010007048,eva02_base+mae_base+resnet50+vgg16,
CUReT,resmlp,42,1,full,random_015,1.0,1.0,4,1968,2.908901288999914,dinov2_small+eva02_base+gabor+siglip_base,
CUReT,resmlp,42,1,full,random_016,0.9932472761352787,0.9932287954383464,4,3892,1.5264512360008666,drlbp+efficientnet_b0+hog+mae_base,
CUReT,resmlp,42,1,full,random_017,0.9992871574045555,0.9992872416250891,4,3604,1.1088208430010127,dinov2_large+gabor+hog+siglip_base,
CUReT,resmlp,42,1,full,random_018,0.9996435787022778,0.9996436208125445,4,4224,2.323818176999339,dinov2_large+dinov2_small+resnet50+swin_t,
CUReT,resmlp,42,1,full,random_019,0.9996435787022778,0.9996436208125445,4,4608,3.2654266319987073,convnext_v2_t+dinov2_large+mae_base+resnet50,
CUReT,resmlp,42,1,full,random_020,0.9985743148091112,0.9985744832501782,4,6708,3.8296294850006234,drlbp+hog+vgg16+vit_b16,
CUReT,resmlp,42,1,full,random_021,0.9985743148091112,0.9985744832501782,4,5348,3.602300133999961,dinov2+hog+resnet101+siglip_base,
CUReT,resmlp,42,1,full,random_022,0.9982179777319226,0.9982181040627227,4,4352,2.1634384019998834,convnext_v2_t+resnet50+siglip_base+vit_b16,
CUReT,resmlp,42,1,full,random_023,0.9978574689309749,0.9978617248752673,4,2634,1.3423372719989857,dinov2+gabor+hog+lbp,
CUReT,resmlp,42,1,full,random_024,0.9992871574045555,0.9992872416250891,4,3632,2.9777624970010947,dinov2+gabor+mae_base+resnet50,
CUReT,resmlp,42,1,full,random_025,0.9985704406645707,0.9985744832501782,4,3584,4.254135709998081,convnext_v2_t+efficientnet_b0+siglip_base+swin_t,
CUReT,resmlp,42,1,full,random_026,0.9989307361068334,0.9989308624376336,4,3328,2.7941511610006273,convnext_v2_t+dinov2+dinov2_large+vit_b16,
CUReT,resmlp,42,1,full,random_027,0.9989307361068336,0.9989308624376336,4,5266,3.6851486890009255,dinov2_small+eva02_base+glcm+vgg16,
CUReT,resmlp,42,1,full,random_028,0.9978534656482833,0.9978617248752673,4,4628,1.978746628999943,eva02_base+gabor+hog+resnet50,
CUReT,resmlp,42,1,full,random_029,0.9996435787022778,0.9996436208125445,4,5584,3.6208300790021894,deit_s+dinov2_large+drlbp+vgg16,
CUReT,resmlp,42,1,full,random_030,0.9985743990296447,0.9985744832501782,4,2914,3.015774887000589,drlbp+glcm+resnet50+vit_b16,
CUReT,resmlp,42,1,full,random_031,0.9985743990296447,0.9985744832501782,4,4352,2.73287274500035,convnext_v2_t+mae_base+resnet50+vit_b16,
CUReT,resmlp,42,1,full,random_032,0.9985743990296447,0.9985744832501782,4,2114,2.175941691999469,efficientnet_b0+gabor+glcm+siglip_base,
CUReT,resmlp,42,1,full,random_033,0.9992871574045555,0.9992872416250891,4,3354,3.9760928709984,hog+lbp+siglip_base+vit_b16,
CUReT,resmlp,42,1,full,random_034,0.9992871574045555,0.9992872416250891,4,2834,2.9551614500014693,efficientnet_b0+glcm+siglip_base+vit_b16,
CUReT,resmlp,42,1,full,random_035,0.9992871574045555,0.9992872416250891,4,1280,1.4093145840015495,dinov2_small+drlbp+gabor+mae_base,
CUReT,resmlp,42,1,full,random_036,0.9975051772467448,0.9975053456878118,4,2598,2.6758283670023957,convnext_v2_t+gabor+glcm+hog,
CUReT,resmlp,42,1,full,random_037,0.9989307361068334,0.9989308624376336,4,6912,3.3338893599975563,convnext_v2_t+efficientnet_b0+swin_t+vgg16,
CUReT,resmlp,42,1,full,random_038,0.9996435787022778,0.9996436208125445,4,3126,2.853377225997974,dinov2_large+efficientnet_b0+lbp+siglip_base,
CUReT,resmlp,42,1,full,random_039,0.9989307361068334,0.9989308624376336,4,3664,3.3744016669988923,convnext_v2_t+drlbp+resnet50+vit_b16,
CUReT,resmlp,42,1,full,random_040,1.0,1.0,4,2944,2.8749544429992966,deit_s+densenet121+dinov2+siglip_base,
CUReT,resmlp,42,1,full,random_041,0.9985743148091112,0.9985744832501782,4,4352,3.2375038169993786,dinov2+resnet101+siglip_base+swin_t,
CUReT,resmlp,42,1,full,random_042,0.9978614722136667,0.9978617248752673,4,5168,3.261419800001022,densenet121+gabor+resnet101+resnet50,
CUReT,resmlp,42,1,full,random_043,0.9996435787022778,0.9996436208125445,4,4352,3.0185197529972356,dinov2+eva02_base+resnet101+vit_b16,
CUReT,resmlp,42,1,full,random_044,0.9996435787022778,0.9996436208125445,4,5584,1.8656642809983168,dinov2_large+dinov2_small+drlbp+vgg16,
CUReT,resmlp,42,1,full,random_045,0.9989267328241416,0.9989308624376336,4,3200,3.3150868359989545,convnext_v2_t+deit_s+efficientnet_b0+swin_t,
CUReT,resmlp,42,1,full,random_046,0.9982179777319226,0.9982181040627227,4,3072,2.7305705489998218,convnext_v2_t+densenet121+dinov2_large+rgb_ngram_svd,
CUReT,resmlp,42,1,full,random_047,0.9971522115593234,0.9971489665003563,4,3840,3.802199867001036,convnext_v2_t+mae_base+resnet101+rgb_ngram_svd,
CUReT,resmlp,42,1,full,random_048,0.997861472213667,0.9978617248752673,4,6016,4.474721071001113,deit_s+siglip_base+swin_t+vgg16,
CUReT,resmlp,42,1,full,random_049,0.9992871574045555,0.9992872416250891,4,4608,3.463234859002114,dinov2_large+mae_base+resnet101+siglip_base,
CUReT,resmlp,42,1,full,random_050,0.9989308203273669,0.9989308624376336,4,1718,1.5064974929991877,densenet121+dinov2_small+lbp+rgb_ngram_svd,
CUReT,resmlp,42,1,full,random_051,0.9914845458646105,0.9914468995010691,4,530,0.9214457730013237,deit_s+drlbp+gabor+glcm,
CUReT,resmlp,42,1,full,random_052,0.9985703115264194,0.9985744832501782,4,834,1.3489329520016327,deit_s+dinov2_small+gabor+glcm,
CUReT,resmlp,42,1,full,random_053,0.9989307361068334,0.9989308624376336,4,738,1.9176080189972708,dinov2_small+drlbp+glcm+rgb_ngram_svd,
CUReT,resmlp,42,1,full,random_054,0.9996435787022778,0.9996436208125445,4,2896,3.193374924001546,dinov2+drlbp+efficientnet_b0+vit_b16,
CUReT,resmlp,42,1,full,random_055,1.0,1.0,4,2922,3.5562032970010478,dinov2_large+drlbp+hog+lbp,
CUReT,resmlp,42,1,full,random_056,0.9950096383800315,0.9950106913756237,4,2422,1.4293850289977854,deit_s+glcm+hog+rgb_ngram_svd,
CUReT,resmlp,42,1,full,random_057,0.9989307361068334,0.9989308624376336,4,4736,3.6580058079998707,dinov2_large+dinov2_small+efficientnet_b0+resnet50,
CUReT,resmlp,42,1,full,random_058,0.9996435787022778,0.9996436208125445,4,3072,3.641398546998971,densenet121+dinov2_large+mae_base+rgb_ngram_svd,
CUReT,resmlp,42,1,full,random_059,0.9982176407303267,0.9982181040627227,4,2578,1.469237716999487,convnext_v2_t+dinov2_large+glcm+mae_base,
CUReT,resmlp,42,1,full,random_060,0.9946467245086221,0.9946543121881682,4,3446,1.2065747429987823,deit_s+efficientnet_b0+glcm+hog,
CUReT,resmlp,42,1,full,random_061,0.9992871574045555,0.9992872416250891,4,4864,3.9490130259982834,dinov2+efficientnet_b0+eva02_base+resnet50,
CUReT,resmlp,42,1,full,random_062,0.9996435787022778,0.9996436208125445,4,5936,3.828978656001709,dinov2_large+gabor+vgg16+vit_b16,
CUReT,resmlp,42,1,full,random_063,0.9992871574045555,0.9992872416250891,4,2384,1.6017992090019106,dinov2+drlbp+eva02_base+mae_base,
CUReT,resmlp,42,1,full,random_064,0.9992871574045555,0.9992872416250891,4,2066,3.3703953820004244,dinov2_large+glcm+mae_base+rgb_ngram_svd,
CUReT,resmlp,42,1,full,random_065,0.9989307361068334,0.9989308624376336,4,6656,3.720455545000732,dinov2_large+eva02_base+mae_base+vgg16,
CUReT,resmlp,42,1,full,random_066,0.9975010897435196,0.9975053456878118,4,4608,3.867192798999895,convnext_v2_t+densenet121+resnet50+swin_t,
CUReT,resmlp,42,1,full,random_067,0.9975161839839398,0.9975053456878118,4,2358,1.2958517970000685,convnext_v2_t+dinov2+lbp+mae_base,
CUReT,resmlp,42,1,full,random_068,0.9978612194326045,0.9978617248752673,4,3456,3.216978273998393,deit_s+mae_base+resnet101+rgb_ngram_svd,
CUReT,resmlp,42,1,full,random_069,0.9950138074159012,0.9950106913756237,4,6216,1.9631107009990956,glcm+lbp+resnet50+vgg16,
CUReT,resmlp,42,1,full,random_070,0.9996435787022778,0.9996436208125445,4,1938,2.7526142519964196,deit_s+dinov2+glcm+vit_b16,
CUReT,resmlp,42,1,full,random_071,0.995718342750671,0.9957234497505346,4,1280,1.1392651810019743,deit_s+drlbp+gabor+mae_base,
CUReT,resmlp,42,1,full,random_072,0.9992871574045555,0.9992872416250891,4,6400,3.573171522002667,dinov2+eva02_base+vgg16+vit_b16,
CUReT,resmlp,42,1,full,random_073,0.9946796892728198,0.9946543121881682,4,4324,1.4618576020002365,dinov2_large+hog+mae_base+swin_t,
CUReT,resmlp,42,1,full,random_074,0.9985740620280489,0.9985744832501782,4,3172,1.6208226119997562,deit_s+hog+mae_base+rgb_ngram_svd,
CUReT,resmlp,42,1,full,random_075,1.0,1.0,4,2560,2.1558028090003063,deit_s+densenet121+dinov2_small+mae_base,
CUReT,resmlp,42,1,full,random_076,0.9978652227152964,0.9978617248752673,4,4936,1.4441062299993064,glcm+lbp+vgg16+vit_b16,
CUReT,resmlp,42,1,full,random_077,1.0,1.0,4,3354,2.9333480299974326,eva02_base+hog+lbp+siglip_base,
CUReT,resmlp,42,1,full,random_078,1.0,1.0,4,2614,1.6040709510016313,dinov2_large+efficientnet_b0+lbp+rgb_ngram_svd,
CUReT,resmlp,42,1,full,random_079,0.9992871574045555,0.9992872416250891,4,1616,2.609163986002386,deit_s+dinov2_small+drlbp+swin_t,
CUReT,resmlp,42,1,full,random_080,0.998934486608463,0.9989308624376336,4,3584,3.0577230980015884,densenet121+dinov2+dinov2_large+swin_t,
CUReT,resmlp,42,1,full,random_081,0.9989307361068334,0.9989308624376336,4,2944,2.5102467510005226,drlbp+gabor+resnet101+vit_b16,
CUReT,resmlp,42,1,full,random_082,0.9911244150680525,0.9910905203136137,4,504,1.9336864239994611,deit_s+gabor+glcm+lbp,
CUReT,resmlp,42,1,full,random_083,0.9985743148091113,0.9985744832501782,4,4864,3.971467257000768,convnext_v2_t+efficientnet_b0+mae_base+resnet50,
CUReT,resmlp,42,1,full,random_084,0.9992871574045555,0.9992872416250891,4,6016,3.669913326000824,convnext_v2_t+deit_s+dinov2+vgg16,
CUReT,resmlp,42,1,full,random_085,0.9967880813948975,0.9967925873129009,4,3152,3.551052188999165,drlbp+resnet50+rgb_ngram_svd+swin_t,
CUReT,resmlp,42,1,full,random_086,0.9975051351364781,0.9975053456878118,4,4198,3.68375706200095,gabor+lbp+resnet101+resnet50,
CUReT,resmlp,42,1,full,random_087,0.9953783447088805,0.9953670705630792,4,6966,1.424203091999516,lbp+resnet101+swin_t+vgg16,
CUReT,resmlp,42,1,full,random_088,0.9978612194326048,0.9978617248752673,4,8676,1.720434947998001,eva02_base+hog+resnet50+vgg16,
CUReT,resmlp,42,1,full,random_089,0.9992871574045555,0.9992872416250891,4,5504,3.2855443010012095,dinov2_large+dinov2_small+resnet101+resnet50,
CUReT,resmlp,42,1,full,random_090,0.9989307361068334,0.9989308624376336,4,1810,2.949948276000214,dinov2+glcm+mae_base+rgb_ngram_svd,
CUReT,resmlp,42,1,full,random_091,0.9967858448849642,0.9967925873129009,4,5632,1.4305512780010758,mae_base+resnet101+resnet50+vit_b16,
CUReT,resmlp,42,1,full,random_092,0.9985743569193779,0.9985744832501782,4,5348,3.0886879050012794,eva02_base+hog+resnet101+swin_t,
CUReT,resmlp,42,1,full,random_093,1.0,1.0,4,3328,3.7198407400028373,convnext_v2_t+dinov2_large+siglip_base+swin_t,
CUReT,resmlp,42,1,full,random_094,0.9957228179770717,0.9957234497505346,4,2916,1.2679801140002382,densenet121+drlbp+gabor+hog,
CUReT,resmlp,42,1,full,random_095,0.9996435787022778,0.9996436208125445,4,1968,1.6688885130024573,convnext_v2_t+deit_s+gabor+siglip_base,
CUReT,resmlp,42,1,full,random_096,0.9971523801198521,0.9971489665003563,4,5814,1.8390672550012823,deit_s+efficientnet_b0+lbp+vgg16,
CUReT,resmlp,42,1,full,random_097,0.9989307361068334,0.9989308624376336,4,2864,2.7247580379989813,dinov2+efficientnet_b0+gabor+siglip_base,
CUReT,resmlp,42,1,full,random_098,0.9978653069358301,0.9978617248752673,4,4352,2.985362196999631,convnext_v2_t+eva02_base+resnet50+vit_b16,
CUReT,resmlp,42,1,full,random_099,1.0,1.0,4,2256,2.948453672997857,deit_s+dinov2_large+drlbp+siglip_base,
DTD,svm,42,6,full,random_000,0.8596420798613584,0.8611702127659574,7,8082,22.426576049001596,dinov2_small+efficientnet_b0+eva02_base+glcm+swin_t+vgg16+vit_b16,
DTD,svm,42,6,full,random_001,0.8377588531008694,0.8388297872340426,7,10796,39.798866110002564,eva02_base+glcm+hog+lbp+resnet101+resnet50+vgg16,
DTD,svm,42,6,full,random_002,0.8301552992150671,0.8319148936170213,7,9498,26.490326471001026,convnext_v2_t+deit_s+dinov2_small+hog+lbp+resnet101+vgg16,
DTD,svm,42,6,full,random_003,0.8318669868594513,0.8335106382978723,7,9754,48.837538939002116,densenet121+efficientnet_b0+hog+lbp+mae_base+siglip_base+vgg16,
DTD,svm,42,6,full,random_004,0.8595890242352296,0.8611702127659574,7,6912,25.606718704999366,convnext_v2_t+dinov2+dinov2_small+drlbp+gabor+mae_base+vgg16,
DTD,svm,42,6,full,random_005,0.8649916496010779,0.8664893617021276,7,7112,35.87370179999925,deit_s+dinov2+dinov2_large+glcm+lbp+siglip_base+vgg16,
DTD,svm,42,6,full,random_006,0.881874511863971,0.8829787234042553,7,5522,32.824874960999296,convnext_v2_t+dinov2+dinov2_small+eva02_base+glcm+resnet101+siglip_base,
DTD,svm,42,6,full,random_007,0.8508191364705164,0.8526595744680852,7,7222,40.69614166999963,convnext_v2_t+dinov2+lbp+mae_base+resnet101+resnet50+swin_t,
DTD,svm,42,6,full,random_008,0.8557872567607435,0.8569148936170212,7,7478,25.11725431400191,dinov2_small+drlbp+gabor+lbp+resnet50+siglip_base+vgg16,
DTD,svm,42,6,full,random_009,0.8635275840950088,0.8654255319148936,7,9008,36.34345595400009,convnext_v2_t+dinov2_large+gabor+resnet101+rgb_ngram_svd+siglip_base+vgg16,
DTD,svm,42,6,full,random_010,0.8696108354871902,0.8712765957446809,7,8182,50.15613398300047,dinov2+glcm+hog+mae_base+resnet101+resnet50+siglip_base,
DTD,svm,42,6,full,random_011,0.8545568118242395,0.8563829787234043,7,6244,45.455356531998405,convnext_v2_t+densenet121+dinov2_small+eva02_base+hog+mae_base+swin_t,
DTD,svm,42,6,full,random_012,0.8639954898457227,0.8659574468085106,7,6726,47.52057245699689,densenet121+dinov2+dinov2_large+drlbp+glcm+hog+resnet101,
DTD,svm,42,6,full,random_013,0.8636028114909025,0.8654255319148936,7,5168,35.716069037000125,densenet121+dinov2_large+efficientnet_b0+eva02_base+gabor+rgb_ngram_svd+vit_b16,
DTD,svm,42,6,full,random_014,0.8528656327796309,0.8542553191489362,7,7606,42.98743393000041,densenet121+dinov2_small+efficientnet_b0+lbp+resnet101+resnet50+siglip_base,
DTD,svm,42,6,full,random_015,0.871879253377183,0.872872340425532,7,3558,41.82058754699756,convnext_v2_t+dinov2_small+eva02_base+gabor+lbp+mae_base+siglip_base,
DTD,svm,42,6,full,random_016,0.8404921686754563,0.8420212765957447,7,5622,44.58938405899971,convnext_v2_t+eva02_base+glcm+hog+mae_base+swin_t+vit_b16,
DTD,svm,42,6,full,random_017,0.8591586618600906,0.8606382978723405,7,7746,31.665996913998242,convnext_v2_t+densenet121+dinov2_large+gabor+glcm+mae_base+vgg16,
DTD,svm,42,6,full,random_018,0.8501299366025548,0.8515957446808511,7,8576,39.83759615899908,deit_s+densenet121+dinov2_large+efficientnet_b0+resnet101+resnet50+vit_b16,
DTD,svm,42,6,full,random_019,0.8056457297031681,0.8069148936170213,7,6064,32.704591181998694,convnext_v2_t+deit_s+efficientnet_b0+gabor+mae_base+resnet101+vit_b16,
DTD,svm,42,6,full,random_020,0.867598290714456,0.8691489361702127,7,3632,44.37471807899783,deit_s+densenet121+dinov2+dinov2_small+eva02_base+gabor+rgb_ngram_svd,
DTD,svm,42,6,full,random_021,0.8572495948730242,0.8590425531914894,7,3686,44.09566924799947,deit_s+dinov2+dinov2_small+efficientnet_b0+gabor+lbp+mae_base,
DTD,svm,42,6,full,random_022,0.8553887090229723,0.8574468085106383,7,6810,40.538639106998744,deit_s+dinov2+dinov2_large+hog+lbp+mae_base+resnet101,
DTD,svm,42,6,full,random_023,0.8423911957272782,0.8446808510638298,7,6884,37.19890253900303,deit_s+dinov2_small+hog+resnet101+siglip_base+swin_t+vit_b16,
DTD,svm,42,6,full,random_024,0.8552396014955139,0.8563829787234043,7,9216,37.40194964500188,convnext_v2_t+efficientnet_b0+eva02_base+mae_base+siglip_base+vgg16+vit_b16,
DTD,svm,42,6,full,random_025,0.8290313573821606,0.8308510638297872,7,6320,41.15808456300147,convnext_v2_t+deit_s+densenet121+efficientnet_b0+gabor+resnet50+siglip_base,
DTD,svm,42,6,full,random_026,0.8445765176593111,0.8462765957446808,7,8192,42.05064040399884,convnext_v2_t+densenet121+eva02_base+mae_base+resnet101+resnet50+vit_b16,
DTD,svm,42,6,full,random_027,0.8481578439771487,0.85,7,5296,25.00895127500189,densenet121+dinov2_small+gabor+resnet101+rgb_ngram_svd+siglip_base+swin_t,
DTD,svm,42,6,full,random_028,0.8763017482069737,0.8781914893617021,7,3736,53.37217883899939,densenet121+dinov2+dinov2_large+drlbp+eva02_base+glcm+lbp,
DTD,svm,42,6,full,random_029,0.8321226865975349,0.8340425531914893,7,3686,58.24626037900089,convnext_v2_t+densenet121+gabor+lbp+rgb_ngram_svd+siglip_base+vit_b16,
DTD,svm,42,6,full,random_030,0.769891898905526,0.7723404255319148,7,11108,54.773773501001415,densenet121+drlbp+gabor+hog+resnet101+resnet50+vgg16,
DTD,svm,42,6,full,random_031,0.8740553039896212,0.875531914893617,7,5878,40.876054077001754,convnext_v2_t+dinov2+dinov2_large+eva02_base+glcm+hog+vit_b16,
DTD,svm,42,6,full,random_032,0.8506523221344372,0.8526595744680852,7,5632,35.3975270689989,deit_s+dinov2_large+drlbp+efficientnet_b0+gabor+mae_base+resnet50,
DTD,svm,42,6,full,random_033,0.8626762119783054,0.8638297872340426,7,7268,36.52187170899924,dinov2+dinov2_small+eva02_base+hog+mae_base+resnet50+vit_b16,
DTD,svm,42,6,full,random_034,0.8629984202074606,0.8643617021276596,7,5474,31.35348354800226,densenet121+dinov2+drlbp+glcm+resnet50+siglip_base+vit_b16,
DTD,svm,42,6,full,random_035,0.8173637716593714,0.8191489361702128,7,4652,34.399239262002084,densenet121+glcm+hog+lbp+rgb_ngram_svd+siglip_base+swin_t,
DTD,svm,42,6,full,random_036,0.8531051283477605,0.8547872340425532,7,8502,35.06227579100232,convnext_v2_t+dinov2+efficientnet_b0+lbp+mae_base+vgg16+vit_b16,
DTD,svm,42,6,full,random_037,0.8648145774919408,0.8664893617021276,7,5044,26.447285466998437,dinov2+dinov2_large+dinov2_small+drlbp+hog+rgb_ngram_svd+siglip_base,
DTD,svm,42,6,full,random_038,0.8573176706102885,0.8590425531914894,7,7286,39.590971801000705,densenet121+dinov2+dinov2_small+efficientnet_b0+glcm+hog+resnet101,
DTD,svm,42,6,full,random_039,0.7662233477180691,0.7696808510638298,7,4068,30.98939001100007,deit_s+drlbp+gabor+hog+rgb_ngram_svd+swin_t+vit_b16,
DTD,svm,42,6,full,random_040,0.8553209490228535,0.8563829787234043,7,3448,35.869344160000765,dinov2+dinov2_large+gabor+glcm+lbp+swin_t+vit_b16,
DTD,svm,42,6,full,random_041,0.8698553532158421,0.8712765957446809,7,8832,32.19555998299984,deit_s+densenet121+dinov2+dinov2_large+eva02_base+vgg16+vit_b16,
DTD,svm,42,6,full,random_042,0.8374035713513901,0.8393617021276596,7,6250,33.58399309300148,convnext_v2_t+drlbp+hog+lbp+resnet101+siglip_base+vit_b16,
DTD,svm,42,6,full,random_043,0.8567743824581736,0.8590425531914894,7,5296,21.397876664999785,deit_s+dinov2+dinov2_large+gabor+mae_base+resnet50+rgb_ngram_svd,
DTD,svm,42,6,full,random_044,0.848212375648985,0.85,7,5778,21.26523995900061,dinov2+drlbp+gabor+glcm+resnet101+resnet50+vit_b16,
DTD,svm,42,6,full,random_045,0.8370216681438892,0.8388297872340426,7,7040,27.533950932000153,drlbp+efficientnet_b0+gabor+resnet101+resnet50+siglip_base+vit_b16,
DTD,svm,42,6,full,random_046,0.8524651430939736,0.8537234042553191,7,8118,25.405417155001487,convnext_v2_t+deit_s+densenet121+dinov2_large+lbp+vgg16+vit_b16,
DTD,svm,42,6,full,random_047,0.8718087423108761,0.8734042553191489,7,7040,30.455897015999653,dinov2+dinov2_large+dinov2_small+efficientnet_b0+eva02_base+resnet50+vit_b16,
DTD,svm,42,6,full,random_048,0.8502821653057022,0.8515957446808511,7,6674,20.20050194799842,deit_s+densenet121+dinov2_small+eva02_base+glcm+resnet101+resnet50,
DTD,svm,42,6,full,random_049,0.8530709144271323,0.8542553191489362,7,9984,28.118110601997614,eva02_base+mae_base+resnet101+siglip_base+swin_t+vgg16+vit_b16,
DTD,svm,42,6,full,random_050,0.8653746203720484,0.8670212765957447,7,4760,20.752365499000007,densenet121+dinov2+drlbp+glcm+lbp+resnet101+siglip_base,
DTD,svm,42,6,full,random_051,0.8714906565716564,0.872872340425532,7,9142,24.156517358998826,convnext_v2_t+dinov2_large+dinov2_small+lbp+resnet101+siglip_base+vgg16,
DTD,svm,42,6,full,random_052,0.8656970258508465,0.8675531914893617,7,7194,40.62555217599947,dinov2_large+efficientnet_b0+hog+lbp+resnet50+rgb_ngram_svd+siglip_base,
DTD,svm,42,6,full,random_053,0.8461144705918172,0.848404255319149,7,8978,33.23780900299971,deit_s+dinov2_small+efficientnet_b0+glcm+resnet101+siglip_base+vgg16,
DTD,svm,42,6,full,random_054,0.8268208614454112,0.8281914893617022,7,6964,38.65374494700154,drlbp+efficientnet_b0+eva02_base+hog+resnet50+rgb_ngram_svd+vit_b16,
DTD,svm,42,6,full,random_055,0.7768928126439857,0.7797872340425532,7,3676,41.29935949600258,convnext_v2_t+gabor+glcm+hog+lbp+rgb_ngram_svd+vit_b16,
DTD,svm,42,6,full,random_056,0.8404690261801532,0.8409574468085106,7,9088,28.546468088999973,drlbp+efficientnet_b0+eva02_base+gabor+mae_base+resnet101+vgg16,
DTD,svm,42,6,full,random_057,0.8614654472014835,0.8627659574468085,7,6912,27.92273719199875,densenet121+dinov2+mae_base+resnet101+siglip_base+swin_t+vit_b16,
DTD,svm,42,6,full,random_058,0.8687446104931001,0.8707446808510638,7,5552,33.39373326500208,densenet121+dinov2_large+dinov2_small+gabor+resnet101+rgb_ngram_svd+siglip_base,
DTD,svm,42,6,full,random_059,0.8645621581035249,0.8654255319148936,7,7106,25.153877354998258,dinov2+dinov2_large+dinov2_small+gabor+glcm+siglip_base+vgg16,
DTD,svm,42,6,full,random_060,0.8535589158960704,0.8553191489361702,7,6244,32.497973898000055,convnext_v2_t+dinov2+drlbp+gabor+hog+resnet101+swin_t,
DTD,svm,42,6,full,random_061,0.8745292360139586,0.875531914893617,7,3938,18.79933210300078,dinov2+drlbp+eva02_base+glcm+siglip_base+swin_t+vit_b16,
DTD,svm,42,6,full,random_062,0.8480412665693271,0.8494680851063829,7,7240,21.717139891999977,convnext_v2_t+dinov2+glcm+lbp+swin_t+vgg16+vit_b16,
DTD,svm,42,6,full,random_063,0.8788587658155976,0.8803191489361702,7,6774,33.951940131999436,convnext_v2_t+dinov2_large+dinov2_small+glcm+hog+resnet50+siglip_base,
DTD,svm,42,6,full,random_064,0.8646493897547103,0.8664893617021276,7,8064,24.906756904001668,dinov2_large+dinov2_small+rgb_ngram_svd+siglip_base+swin_t+vgg16+vit_b16,
DTD,svm,42,6,full,random_065,0.8231828225792082,0.825,7,9552,40.31954435299849,densenet121+drlbp+efficientnet_b0+resnet101+rgb_ngram_svd+siglip_base+vgg16,
DTD,svm,42,6,full,random_066,0.8571971292667064,0.8585106382978723,7,6710,28.166511489002005,densenet121+efficientnet_b0+eva02_base+lbp+resnet50+siglip_base+swin_t,
DTD,svm,42,6,full,random_067,0.8569705621924868,0.8585106382978723,7,4248,15.380333940000128,dinov2+dinov2_large+drlbp+glcm+lbp+resnet50+rgb_ngram_svd,
DTD,svm,42,6,full,random_068,0.8719472217150548,0.8734042553191489,7,3968,19.283039393001673,convnext_v2_t+dinov2+drlbp+eva02_base+gabor+siglip_base+vit_b16,
DTD,svm,42,6,full,random_069,0.8437845623234673,0.8462765957446808,7,4424,27.586105738999322,densenet121+dinov2_large+efficientnet_b0+glcm+lbp+mae_base+rgb_ngram_svd,
DTD,svm,42,6,full,random_070,0.8710379997407642,0.872872340425532,7,6784,24.00003476799975,convnext_v2_t+densenet121+dinov2_large+dinov2_small+resnet101+siglip_base+vit_b16,
DTD,svm,42,6,full,random_071,0.8307837878932068,0.8324468085106383,7,5010,24.01671434599848,densenet121+dinov2_small+efficientnet_b0+glcm+mae_base+swin_t+vit_b16,
DTD,svm,42,6,full,random_072,0.8297215548275592,0.8319148936170213,7,6600,28.436599956003192,dinov2_small+efficientnet_b0+glcm+lbp+mae_base+resnet101+resnet50,
DTD,svm,42,6,full,random_073,0.8730297638325298,0.874468085106383,7,5376,27.233559076001256,convnext_v2_t+densenet121+dinov2+dinov2_large+eva02_base+rgb_ngram_svd+siglip_base,
DTD,svm,42,6,full,random_074,0.8638338399900843,0.8648936170212767,7,6272,33.32304432900128,convnext_v2_t+densenet121+dinov2_large+drlbp+efficientnet_b0+gabor+resnet50,
DTD,svm,42,6,full,random_075,0.8613014660619088,0.8627659574468085,7,7908,24.79787959299938,deit_s+dinov2+drlbp+eva02_base+gabor+hog+vgg16,
DTD,svm,42,6,full,random_076,0.8199531043983734,0.8218085106382979,7,4220,27.814543685999524,drlbp+efficientnet_b0+eva02_base+glcm+hog+lbp+rgb_ngram_svd,
DTD,svm,42,6,full,random_077,0.8674824704939768,0.8691489361702127,7,5914,33.5319832569985,dinov2_large+efficientnet_b0+eva02_base+hog+lbp+rgb_ngram_svd+swin_t,
DTD,svm,42,6,full,random_078,0.8572862375527739,0.8590425531914894,7,5328,21.345098753998172,convnext_v2_t+densenet121+dinov2+dinov2_small+drlbp+resnet50+rgb_ngram_svd,
DTD,svm,42,6,full,random_079,0.8832640062236486,0.8840425531914894,7,6480,34.09680944499996,densenet121+dinov2+dinov2_large+drlbp+eva02_base+resnet50+siglip_base,
DTD,svm,42,6,full,random_080,0.8560713202945017,0.8579787234042553,7,9234,31.85346094600027,dinov2+glcm+mae_base+resnet50+siglip_base+vgg16+vit_b16,
DTD,svm,42,6,full,random_081,0.8635579905088285,0.8654255319148936,7,4272,26.71217734200036,convnext_v2_t+deit_s+dinov2+gabor+mae_base+siglip_base+swin_t,
DTD,svm,42,6,full,random_082,0.8383517039623825,0.8388297872340426,7,9094,30.77855031799845,drlbp+efficientnet_b0+eva02_base+lbp+mae_base+resnet101+vgg16,
DTD,svm,42,6,full,random_083,0.8710571847897023,0.8723404255319149,7,8758,30.31662560899713,densenet121+dinov2+efficientnet_b0+eva02_base+lbp+siglip_base+vgg16,
DTD,svm,42,6,full,random_084,0.8684027661141754,0.8702127659574468,7,4066,24.443079529999522,convnext_v2_t+dinov2+dinov2_small+drlbp+efficientnet_b0+glcm+siglip_base,
DTD,svm,42,6,full,random_085,0.8659942845288423,0.8675531914893617,7,6470,33.87134777600295,densenet121+dinov2+drlbp+eva02_base+glcm+hog+resnet101,
DTD,svm,42,6,full,random_086,0.7966073569259343,0.7984042553191489,7,8804,35.56275409700174,convnext_v2_t+deit_s+hog+rgb_ngram_svd+swin_t+vgg16+vit_b16,
DTD,svm,42,6,full,random_087,0.830959974295055,0.8319148936170213,7,9344,30.578462786001182,deit_s+densenet121+eva02_base+resnet50+rgb_ngram_svd+swin_t+vgg16,
DTD,svm,42,6,full,random_088,0.879177188972622,0.8797872340425532,7,5090,21.212923559000046,dinov2_large+dinov2_small+drlbp+eva02_base+glcm+mae_base+resnet50,
DTD,svm,42,6,full,random_089,0.867696702516584,0.8696808510638298,7,4102,26.131090577997384,deit_s+densenet121+dinov2_large+drlbp+lbp+mae_base+siglip_base,
DTD,svm,42,6,full,random_090,0.8393007507848775,0.8404255319148937,7,7808,27.332583829000214,drlbp+efficientnet_b0+gabor+mae_base+siglip_base+vgg16+vit_b16,
DTD,svm,42,6,full,random_091,0.8740106983497209,0.875531914893617,7,4560,22.198349373000383,deit_s+dinov2+dinov2_large+drlbp+mae_base+siglip_base+swin_t,
DTD,svm,42,6,full,random_092,0.8229044197831946,0.825531914893617,7,4674,17.266182532999665,deit_s+densenet121+dinov2_small+gabor+glcm+resnet50+swin_t,
DTD,svm,42,6,full,random_093,0.8016338896648223,0.8031914893617021,7,10448,24.525523396998324,convnext_v2_t+deit_s+densenet121+drlbp+resnet101+resnet50+vgg16,
DTD,svm,42,6,full,random_094,0.8607889549976485,0.8617021276595744,7,4834,19.594541665002907,convnext_v2_t+dinov2_small+drlbp+eva02_base+glcm+mae_base+resnet50,
DTD,svm,42,6,full,random_095,0.878533567971236,0.8797872340425532,7,6756,26.642704385001707,dinov2_large+dinov2_small+efficientnet_b0+eva02_base+hog+siglip_base+swin_t,
DTD,svm,42,6,full,random_096,0.8435509098195957,0.8446808510638298,7,8724,31.161278337000113,convnext_v2_t+efficientnet_b0+eva02_base+gabor+hog+resnet101+resnet50,
DTD,svm,42,6,full,random_097,0.831457154402511,0.8335106382978723,7,4214,21.843050461997336,drlbp+gabor+glcm+hog+siglip_base+swin_t+vit_b16,
DTD,svm,42,6,full,random_098,0.8414531488935222,0.8430851063829787,7,3558,29.475578331999714,dinov2+dinov2_small+efficientnet_b0+gabor+lbp+mae_base+rgb_ngram_svd,
DTD,svm,42,6,full,random_099,0.8661684815804394,0.8675531914893617,7,5286,33.88756554900101,dinov2_large+dinov2_small+efficientnet_b0+gabor+glcm+hog+mae_base,
DTD,svm,42,7,full,random_000,0.8235073479462598,0.8265957446808511,8,11056,28.25125115300034,deit_s+dinov2_small+efficientnet_b0+eva02_base+gabor+resnet101+resnet50+vgg16,
DTD,svm,42,7,full,random_001,0.8396230101093343,0.8420212765957447,8,6136,25.71318527800031,dinov2+dinov2_small+gabor+glcm+lbp+resnet101+resnet50+siglip_base,
DTD,svm,42,7,full,random_002,0.8385416104694141,0.8404255319148937,8,12004,38.59413867600233,densenet121+dinov2+eva02_base+hog+resnet50+swin_t+vgg16+vit_b16,
DTD,svm,42,7,full,random_003,0.8226009662567154,0.825531914893617,8,5030,25.329704003001098,convnext_v2_t+deit_s+dinov2+dinov2_large+gabor+glcm+hog+rgb_ngram_svd,
DTD,svm,42,7,full,random_004,0.8271362246309282,0.8303191489361702,8,8310,50.04769339300037,dinov2_large+drlbp+efficientnet_b0+gabor+glcm+hog+resnet101+resnet50,
DTD,svm,42,7,full,random_005,0.8227237657045264,0.825531914893617,8,10448,18.611998538999615,convnext_v2_t+dinov2_small+drlbp+resnet101+resnet50+rgb_ngram_svd+siglip_base+vgg16,
DTD,svm,42,7,full,random_006,0.7983609911826965,0.800531914893617,8,6790,17.578291122998053,deit_s+dinov2_small+drlbp+lbp+mae_base+rgb_ngram_svd+vgg16+vit_b16,
DTD,svm,42,7,full,random_007,0.8281696577153137,0.8308510638297872,8,6580,44.35632813399934,densenet121+dinov2_large+dinov2_small+drlbp+efficientnet_b0+hog+mae_base+rgb_ngram_svd,
DTD,svm,42,7,full,random_008,0.8119128161483254,0.8154255319148936,8,5500,27.401566333999654,convnext_v2_t+drlbp+efficientnet_b0+glcm+hog+lbp+mae_base+siglip_base,
DTD,svm,42,7,full,random_009,0.8354354221306267,0.8372340425531914,8,8344,33.11363010700006,densenet121+dinov2_large+drlbp+efficientnet_b0+glcm+lbp+vgg16+vit_b16,
DTD,svm,42,7,full,random_010,0.8520734348597957,0.8537234042553191,8,11264,34.41425537000032,densenet121+dinov2+dinov2_large+eva02_base+mae_base+resnet101+siglip_base+vgg16,
DTD,svm,42,7,full,random_011,0.8280001609083708,0.8303191489361702,8,9334,29.452950453000085,convnext_v2_t+deit_s+dinov2+glcm+hog+mae_base+swin_t+vgg16,
DTD,svm,42,7,full,random_012,0.8330106744695893,0.8356382978723405,8,6034,26.31327495000005,dinov2+drlbp+eva02_base+gabor+glcm+resnet101+resnet50+rgb_ngram_svd,
DTD,svm,42,7,full,random_013,0.8073828188189839,0.8095744680851064,8,7348,28.56696049000311,deit_s+drlbp+eva02_base+hog+mae_base+resnet50+swin_t+vit_b16,
DTD,svm,42,7,full,random_014,0.826505552016699,0.8297872340425532,8,9382,24.80624792800154,dinov2_small+gabor+glcm+hog+resnet101+rgb_ngram_svd+siglip_base+vgg16,
DTD,svm,42,7,full,random_015,0.8319387069327586,0.8340425531914893,8,7112,29.951815223001176,densenet121+dinov2_large+drlbp+gabor+glcm+lbp+vgg16+vit_b16,
DTD,svm,42,7,full,random_016,0.8077636924648598,0.8106382978723404,8,3096,26.76697819399851,deit_s+dinov2+drlbp+glcm+lbp+mae_base+rgb_ngram_svd+swin_t,
DTD,svm,42,7,full,random_017,0.8345818023325138,0.8372340425531914,8,6674,23.342973987000732,convnext_v2_t+dinov2+efficientnet_b0+glcm+resnet101+rgb_ngram_svd+siglip_base+vit_b16,
DTD,svm,42,7,full,random_018,0.8280143461045318,0.8313829787234043,8,6710,36.52424094199887,convnext_v2_t+dinov2+efficientnet_b0+lbp+mae_base+resnet101+rgb_ngram_svd+siglip_base,
DTD,svm,42,7,full,random_019,0.8387421235692722,0.8409574468085106,8,9216,25.013327758999367,deit_s+dinov2_large+drlbp+eva02_base+gabor+resnet50+swin_t+vgg16,
DTD,svm,42,7,full,random_020,0.8337051440622737,0.8361702127659575,8,4248,17.06706653600122,dinov2_large+drlbp+efficientnet_b0+glcm+lbp+rgb_ngram_svd+siglip_base+vit_b16,
DTD,svm,42,7,full,random_021,0.8431406815505311,0.8457446808510638,8,9956,52.61064686800091,convnext_v2_t+dinov2+dinov2_large+hog+resnet101+resnet50+siglip_base+swin_t,
DTD,svm,42,7,full,random_022,0.8481054512746943,0.85,8,7066,26.5090603259996,densenet121+dinov2_large+dinov2_small+efficientnet_b0+eva02_base+hog+lbp+vit_b16,
DTD,svm,42,7,full,random_023,0.8174916596300897,0.8196808510638298,8,7624,28.359939879002923,dinov2_small+efficientnet_b0+eva02_base+glcm+lbp+rgb_ngram_svd+vgg16+vit_b16,
DTD,svm,42,7,full,random_024,0.749216149986163,0.752127659574468,8,8372,41.751289587999054,deit_s+densenet121+drlbp+hog+resnet101+resnet50+rgb_ngram_svd+swin_t,
DTD,svm,42,7,full,random_025,0.8285991144291863,0.8313829787234043,8,6756,27.645913303997077,convnext_v2_t+dinov2_small+efficientnet_b0+eva02_base+hog+rgb_ngram_svd+siglip_base+swin_t,
DTD,svm,42,7,full,random_026,0.8370643991009233,0.8398936170212766,8,7268,43.88528751699778,densenet121+dinov2_large+dinov2_small+efficientnet_b0+hog+rgb_ngram_svd+siglip_base+swin_t,
DTD,svm,42,7,full,random_027,0.8277345871563246,0.8308510638297872,8,6728,18.656680873002188,dinov2+dinov2_small+drlbp+efficientnet_b0+gabor+glcm+lbp+vgg16,
DTD,svm,42,7,full,random_028,0.8423412685850563,0.8446808510638298,8,9652,31.250905697001144,convnext_v2_t+deit_s+dinov2_large+drlbp+hog+mae_base+siglip_base+vgg16,
DTD,svm,42,7,full,random_029,0.7716334383190986,0.774468085106383,8,5670,36.12648862700007,convnext_v2_t+efficientnet_b0+gabor+glcm+hog+rgb_ngram_svd+swin_t+vit_b16,
DTD,svm,42,7,full,random_030,0.8239174049952135,0.8265957446808511,8,11492,31.25549299100021,densenet121+dinov2+hog+resnet50+rgb_ngram_svd+siglip_base+swin_t+vgg16,
DTD,svm,42,7,full,random_031,0.8225064489111463,0.825531914893617,8,5066,30.536943497998436,convnext_v2_t+dinov2_large+dinov2_small+gabor+hog+lbp+mae_base+rgb_ngram_svd,
DTD,svm,42,7,full,random_032,0.8443720086314378,0.8468085106382979,8,5798,34.03932914699908,dinov2+dinov2_small+efficientnet_b0+eva02_base+gabor+glcm+hog+vit_b16,
DTD,svm,42,7,full,random_033,0.8193121210981013,0.8223404255319149,8,4476,21.809755184996902,convnext_v2_t+dinov2+drlbp+glcm+hog+lbp+rgb_ngram_svd+siglip_base,
DTD,svm,42,7,full,random_034,0.8227318739899002,0.825531914893617,8,9956,46.1427146399983,densenet121+efficientnet_b0+eva02_base+hog+resnet101+resnet50+rgb_ngram_svd+siglip_base,
DTD,svm,42,7,full,random_035,0.8227320760330846,0.825531914893617,8,5766,26.17155367400119,convnext_v2_t+dinov2+dinov2_large+drlbp+lbp+resnet50+rgb_ngram_svd+vit_b16,
DTD,svm,42,7,full,random_036,0.8342317289095466,0.8367021276595744,8,6034,18.96316469499652,densenet121+dinov2+drlbp+efficientnet_b0+eva02_base+gabor+glcm+resnet50,
DTD,svm,42,7,full,random_037,0.8352097836377014,0.8382978723404255,8,6400,32.290475720998074,convnext_v2_t+deit_s+densenet121+dinov2+dinov2_small+resnet50+rgb_ngram_svd+siglip_base,
DTD,svm,42,7,full,random_038,0.8173709509234951,0.8207446808510638,8,7728,37.7989212930006,deit_s+densenet121+dinov2_small+eva02_base+gabor+rgb_ngram_svd+swin_t+vgg16,
DTD,svm,42,7,full,random_039,0.8433613595575656,0.8457446808510638,8,4290,34.19410708099895,convnext_v2_t+dinov2+dinov2_small+eva02_base+gabor+glcm+siglip_base+swin_t,
DTD,svm,42,7,full,random_040,0.800660904181888,0.8037234042553192,8,5786,43.8174181300019,drlbp+gabor+hog+lbp+resnet50+rgb_ngram_svd+siglip_base+vit_b16,
DTD,svm,42,7,full,random_041,0.8006519112784966,0.8042553191489362,8,9834,33.93894006499977,drlbp+hog+lbp+resnet50+rgb_ngram_svd+siglip_base+swin_t+vgg16,
DTD,svm,42,7,full,random_042,0.8001494198385194,0.8021276595744681,8,6068,57.92113399599839,deit_s+drlbp+efficientnet_b0+eva02_base+hog+mae_base+rgb_ngram_svd+swin_t,
DTD,svm,42,7,full,random_043,0.8175222523527667,0.8207446808510638,8,6676,38.80098836099569,deit_s+densenet121+dinov2_small+eva02_base+gabor+hog+resnet50+rgb_ngram_svd,
DTD,svm,42,7,full,random_044,0.832695401879321,0.8356382978723405,8,6070,35.25727223500144,deit_s+densenet121+dinov2+dinov2_large+efficientnet_b0+lbp+swin_t+vit_b16,
DTD,svm,42,7,full,random_045,0.8319460129904157,0.8345744680851064,8,9398,27.298538593997364,dinov2+dinov2_large+dinov2_small+lbp+mae_base+resnet101+rgb_ngram_svd+vgg16,
DTD,svm,42,7,full,random_046,0.852389888935209,0.8537234042553191,8,7222,38.63913921600033,densenet121+dinov2_large+eva02_base+lbp+mae_base+resnet101+siglip_base+vit_b16,
DTD,svm,42,7,full,random_047,0.8045034572408407,0.8063829787234043,8,8134,26.92020777900325,convnext_v2_t+deit_s+drlbp+eva02_base+glcm+hog+rgb_ngram_svd+vgg16,
DTD,svm,42,7,full,random_048,0.8283541578722987,0.8313829787234043,8,9296,17.75706461899972,convnext_v2_t+densenet121+dinov2+dinov2_large+drlbp+efficientnet_b0+rgb_ngram_svd+vgg16,
DTD,svm,42,7,full,random_049,0.8303951962195296,0.8324468085106383,8,7954,17.98756821000279,convnext_v2_t+dinov2+glcm+mae_base+resnet101+resnet50+swin_t+vit_b16,
DTD,svm,42,7,full,random_050,0.8286903467658956,0.8313829787234043,8,5302,14.796183965001546,dinov2+dinov2_large+dinov2_small+efficientnet_b0+lbp+mae_base+rgb_ngram_svd+vit_b16,
DTD,svm,42,7,full,random_051,0.8457177617924907,0.847872340425532,8,3704,20.15356979200442,dinov2_large+eva02_base+gabor+glcm+lbp+rgb_ngram_svd+siglip_base+vit_b16,
DTD,svm,42,7,full,random_052,0.8179163010589569,0.8207446808510638,8,5530,21.125558070001716,drlbp+efficientnet_b0+gabor+hog+lbp+mae_base+siglip_base+vit_b16,
DTD,svm,42,7,full,random_053,0.7766527012883515,0.7792553191489362,8,9446,18.035068618002697,convnext_v2_t+deit_s+efficientnet_b0+gabor+lbp+mae_base+resnet101+vgg16,
DTD,svm,42,7,full,random_054,0.8235700351264973,0.826063829787234,8,4400,11.813877369000693,deit_s+dinov2+dinov2_large+dinov2_small+gabor+mae_base+rgb_ngram_svd+vit_b16,
DTD,svm,42,7,full,random_055,0.8424301863842056,0.8452127659574468,8,7168,17.004158939998888,convnext_v2_t+deit_s+dinov2_small+efficientnet_b0+eva02_base+resnet101+siglip_base+vit_b16,
DTD,svm,42,7,full,random_056,0.8200024884297651,0.8223404255319149,8,6836,15.883503317003488,dinov2+dinov2_small+drlbp+hog+resnet50+rgb_ngram_svd+swin_t+vit_b16,
DTD,svm,42,7,full,random_057,0.8315679309448227,0.8340425531914893,8,6144,16.56396664500062,deit_s+densenet121+dinov2_large+drlbp+gabor+mae_base+resnet101+swin_t,
DTD,svm,42,7,full,random_058,0.8370462642631861,0.8398936170212766,8,6466,15.730921865004348,convnext_v2_t+dinov2+efficientnet_b0+eva02_base+gabor+glcm+mae_base+resnet50,
DTD,svm,42,7,full,random_059,0.8277663753394799,0.8292553191489361,8,8320,14.688436621996516,convnext_v2_t+densenet121+drlbp+eva02_base+gabor+swin_t+vgg16+vit_b16,
DTD,svm,42,7,full,random_060,0.775683478820558,0.7781914893617021,8,6400,17.371160670998506,convnext_v2_t+deit_s+densenet121+drlbp+efficientnet_b0+gabor+mae_base+resnet50,
DTD,svm,42,7,full,random_061,0.8403473245608398,0.8425531914893617,8,5266,12.37874636000197,convnext_v2_t+dinov2+drlbp+eva02_base+gabor+glcm+resnet50+swin_t,
DTD,svm,42,7,full,random_062,0.7551747250686147,0.7585106382978724,8,6950,20.800678770996456,efficientnet_b0+gabor+glcm+hog+mae_base+resnet50+rgb_ngram_svd+vit_b16,
DTD,svm,42,7,full,random_063,0.8020566107537093,0.8053191489361702,8,4736,14.157729647005908,deit_s+densenet121+dinov2_small+drlbp+efficientnet_b0+gabor+mae_base+swin_t,
DTD,svm,42,7,full,random_064,0.8105206295449441,0.8122340425531915,8,6776,15.066125553996244,densenet121+eva02_base+gabor+glcm+lbp+resnet101+resnet50+vit_b16,
DTD,svm,42,7,full,random_065,0.8372557577421463,0.8393617021276596,8,6822,18.52875904100074,dinov2+dinov2_large+dinov2_small+gabor+glcm+hog+mae_base+resnet101,
DTD,svm,42,7,full,random_066,0.82630549810074,0.8292553191489361,8,10166,16.977254068995535,convnext_v2_t+dinov2_small+efficientnet_b0+eva02_base+lbp+mae_base+resnet101+vgg16,
DTD,svm,42,7,full,random_067,0.8286488656746396,0.8303191489361702,8,9910,15.876188891998027,densenet121+dinov2_small+eva02_base+lbp+mae_base+resnet50+vgg16+vit_b16,
DTD,svm,42,7,full,random_068,0.8276008158074369,0.8308510638297872,8,7530,21.540466051003023,convnext_v2_t+densenet121+dinov2_large+drlbp+hog+lbp+mae_base+resnet50,
DTD,svm,42,7,full,random_069,0.82575714273501,0.8276595744680851,8,5158,16.629874963000475,eva02_base+gabor+glcm+hog+mae_base+rgb_ngram_svd+siglip_base+swin_t,
DTD,svm,42,7,full,random_070,0.8530830913470843,0.8553191489361702,8,9590,17.500036091005313,dinov2_large+dinov2_small+eva02_base+glcm+hog+siglip_base+swin_t+vgg16,
DTD,svm,42,7,full,random_071,0.8491197792049334,0.8515957446808511,8,5906,16.239403505001974,convnext_v2_t+densenet121+dinov2_large+eva02_base+glcm+mae_base+siglip_base+swin_t,
DTD,svm,42,7,full,random_072,0.8235461235870724,0.8265957446808511,8,6086,14.474771837994922,convnext_v2_t+dinov2+dinov2_small+drlbp+glcm+hog+resnet50+rgb_ngram_svd,
DTD,svm,42,7,full,random_073,0.8240953443341689,0.8265957446808511,8,7558,16.99486149600125,densenet121+dinov2+drlbp+lbp+mae_base+resnet101+resnet50+vit_b16,
DTD,svm,42,7,full,random_074,0.8266571727999185,0.8287234042553191,8,9570,16.629557510997984,dinov2_large+drlbp+efficientnet_b0+glcm+resnet50+rgb_ngram_svd+vgg16+vit_b16,
DTD,svm,42,7,full,random_075,0.8388327740855306,0.8414893617021276,8,5570,12.47209801900317,convnext_v2_t+dinov2+dinov2_small+gabor+glcm+resnet50+siglip_base+vit_b16,
DTD,svm,42,7,full,random_076,0.816344271523323,0.8191489361702128,8,6608,16.926056506999885,convnext_v2_t+deit_s+densenet121+drlbp+mae_base+resnet101+siglip_base+vit_b16,
DTD,svm,42,7,full,random_077,0.7551983772425038,0.7579787234042553,8,6374,18.154359897001996,deit_s+densenet121+efficientnet_b0+gabor+lbp+mae_base+resnet101+swin_t,
DTD,svm,42,7,full,random_078,0.815865971846071,0.8191489361702128,8,4034,12.040746566999587,densenet121+dinov2_small+gabor+glcm+mae_base+rgb_ngram_svd+siglip_base+swin_t,
DTD,svm,42,7,full,random_079,0.8310555905588731,0.8340425531914893,8,7542,18.247147205998772,convnext_v2_t+deit_s+densenet121+dinov2+glcm+hog+resnet50+swin_t,
DTD,svm,42,7,full,random_080,0.812783203054528,0.8164893617021277,8,10312,15.92198439600179,densenet121+dinov2+glcm+lbp+resnet101+resnet50+rgb_ngram_svd+vgg16,
DTD,svm,42,7,full,random_081,0.8307214700100879,0.8335106382978723,8,8130,14.000533305996214,convnext_v2_t+dinov2_small+efficientnet_b0+gabor+glcm+siglip_base+swin_t+vgg16,
DTD,svm,42,7,full,random_082,0.8378957149466959,0.8404255319148937,8,11284,21.576651694005704,dinov2_large+gabor+hog+mae_base+resnet50+siglip_base+vgg16+vit_b16,
DTD,svm,42,7,full,random_083,0.837049658096234,0.8398936170212766,8,3974,11.28085340099642,convnext_v2_t+deit_s+dinov2+dinov2_small+drlbp+lbp+mae_base+siglip_base,
DTD,svm,42,7,full,random_084,0.8215037713651818,0.824468085106383,8,9754,15.90695076999691,deit_s+dinov2+dinov2_small+hog+lbp+resnet101+rgb_ngram_svd+vgg16,
DTD,svm,42,7,full,random_085,0.8089022625684424,0.8117021276595745,8,12032,19.306443642002705,deit_s+densenet121+dinov2_small+efficientnet_b0+resnet101+resnet50+swin_t+vgg16,
DTD,svm,42,7,full,random_086,0.8393265484322795,0.8414893617021276,8,6324,17.767211449005117,convnext_v2_t+dinov2+dinov2_large+dinov2_small+drlbp+hog+mae_base+swin_t,
DTD,svm,42,7,full,random_087,0.8158631793124985,0.8191489361702128,8,7728,15.696225331004825,convnext_v2_t+deit_s+dinov2_small+efficientnet_b0+gabor+resnet101+resnet50+swin_t,
DTD,svm,42,7,full,random_088,0.8275304822684237,0.8308510638297872,8,7990,12.883555529995647,convnext_v2_t+deit_s+dinov2+dinov2_small+efficientnet_b0+lbp+rgb_ngram_svd+vgg16,
DTD,svm,42,7,full,random_089,0.8420651131946951,0.8446808510638298,8,8884,18.982003755001642,dinov2_large+dinov2_small+drlbp+hog+resnet101+resnet50+siglip_base+swin_t,
DTD,svm,42,7,full,random_090,0.8219746839847046,0.823936170212766,8,6822,17.62478204099898,convnext_v2_t+densenet121+dinov2_small+gabor+glcm+hog+resnet101+vit_b16,
DTD,svm,42,7,full,random_091,0.7610183462593975,0.7638297872340426,8,8340,19.514794909999182,deit_s+densenet121+gabor+hog+resnet101+resnet50+rgb_ngram_svd+vit_b16,
DTD,svm,42,7,full,random_092,0.7989337610390844,0.8031914893617021,8,9974,20.713438855003915,densenet121+efficientnet_b0+glcm+hog+rgb_ngram_svd+siglip_base+swin_t+vgg16,
DTD,svm,42,7,full,random_093,0.8301493703593229,0.8324468085106383,8,7956,20.568978918003268,convnext_v2_t+dinov2+dinov2_large+gabor+hog+mae_base+resnet101+vit_b16,
DTD,svm,42,7,full,random_094,0.8050049225102398,0.8079787234042554,8,9236,19.001229084999068,gabor+hog+mae_base+rgb_ngram_svd+siglip_base+swin_t+vgg16+vit_b16,
DTD,svm,42,7,full,random_095,0.8413459062551831,0.8441489361702128,8,4358,12.459418686994468,convnext_v2_t+dinov2+dinov2_small+drlbp+eva02_base+lbp+mae_base+siglip_base,
DTD,svm,42,7,full,random_096,0.8299913580248314,0.8319148936170213,8,9984,15.926387539002462,convnext_v2_t+deit_s+dinov2_small+eva02_base+resnet101+swin_t+vgg16+vit_b16,
DTD,svm,42,7,full,random_097,0.8301570775322409,0.8329787234042553,8,7450,18.485397211996315,dinov2+dinov2_large+hog+lbp+resnet101+rgb_ngram_svd+siglip_base+swin_t,
DTD,svm,42,7,full,random_098,0.8271509947592367,0.8297872340425532,8,6016,15.675210920002428,convnext_v2_t+densenet121+dinov2_small+efficientnet_b0+eva02_base+mae_base+rgb_ngram_svd+siglip_base,
DTD,svm,42,7,full,random_099,0.8387930535926833,0.8404255319148937,8,8880,15.198331981999218,dinov2_small+efficientnet_b0+eva02_base+gabor+siglip_base+swin_t+vgg16+vit_b16,
DTD,svm,42,8,full,random_000,0.8610418676985464,0.8617021276595744,8,6426,16.660303900003782,deit_s+densenet121+dinov2+dinov2_small+efficientnet_b0+eva02_base+hog+lbp,
DTD,svm,42,8,full,random_001,0.8478840851868078,0.8489361702127659,8,11108,21.154991364994203,convnext_v2_t+dinov2_large+drlbp+efficientnet_b0+gabor+hog+resnet101+vgg16,
DTD,svm,42,8,full,random_002,0.8488897630264711,0.85,8,10980,21.83430220199807,convnext_v2_t+densenet121+dinov2_large+hog+mae_base+swin_t+vgg16+vit_b16,
DTD,svm,42,8,full,random_003,0.8612438045688602,0.8622340425531915,8,6418,14.601540253002895,convnext_v2_t+deit_s+dinov2+dinov2_small+efficientnet_b0+eva02_base+glcm+resnet101,
DTD,svm,42,8,full,random_004,0.8494792755285494,0.850531914893617,8,7302,11.694026089004183,deit_s+dinov2_small+drlbp+eva02_base+lbp+mae_base+siglip_base+vgg16,
DTD,svm,42,8,full,random_005,0.8250142819752816,0.825531914893617,8,9410,15.270186276000459,deit_s+efficientnet_b0+eva02_base+gabor+glcm+resnet101+vgg16+vit_b16,
DTD,svm,42,8,full,random_006,0.8143152919352424,0.8159574468085107,8,6006,19.243944066998665,densenet121+drlbp+gabor+glcm+hog+resnet101+rgb_ngram_svd+siglip_base,
DTD,svm,42,8,full,random_007,0.8612113284578566,0.8622340425531915,8,9478,14.310985026997514,densenet121+dinov2+dinov2_large+dinov2_small+drlbp+lbp+resnet50+vgg16,
DTD,svm,42,8,full,random_008,0.8676145101597081,0.8686170212765958,8,5302,13.821229328998015,convnext_v2_t+deit_s+dinov2+dinov2_large+efficientnet_b0+eva02_base+lbp+rgb_ngram_svd,
DTD,svm,42,8,full,random_009,0.8691540825481489,0.8702127659574468,8,6528,16.574926814995706,convnext_v2_t+deit_s+dinov2+dinov2_large+efficientnet_b0+eva02_base+siglip_base+vit_b16,
DTD,svm,42,8,full,random_010,0.8304165586765208,0.8308510638297872,8,8770,13.398727398001938,deit_s+densenet121+dinov2_small+gabor+glcm+resnet101+vgg16+vit_b16,
DTD,svm,42,8,full,random_011,0.8406880999397988,0.8414893617021276,8,3462,17.78401923199999,convnext_v2_t+deit_s+dinov2_small+drlbp+lbp+rgb_ngram_svd+siglip_base+swin_t,
DTD,svm,42,8,full,random_012,0.8529776028743554,0.8542553191489362,8,5168,13.835002766994876,convnext_v2_t+densenet121+dinov2+eva02_base+gabor+mae_base+rgb_ngram_svd+vit_b16,
DTD,svm,42,8,full,random_013,0.8419632494443883,0.8430851063829787,8,9700,16.75250021299871,convnext_v2_t+deit_s+dinov2_small+efficientnet_b0+eva02_base+hog+rgb_ngram_svd+vgg16,
DTD,svm,42,8,full,random_014,0.8611358234495131,0.8617021276595744,8,7542,16.60563022200222,convnext_v2_t+densenet121+dinov2+dinov2_small+eva02_base+glcm+hog+resnet50,
DTD,svm,42,8,full,random_015,0.8542081775496299,0.8553191489361702,8,7578,18.27689555300458,dinov2+drlbp+gabor+hog+lbp+resnet101+resnet50+siglip_base,
DTD,svm,42,8,full,random_016,0.859681519887377,0.8606382978723405,8,5994,16.7550731980009,convnext_v2_t+dinov2_large+drlbp+eva02_base+hog+lbp+swin_t+vit_b16,
DTD,svm,42,8,full,random_017,0.8318086892731538,0.8329787234042553,8,8838,12.825962830000208,dinov2+drlbp+lbp+resnet50+rgb_ngram_svd+swin_t+vgg16+vit_b16,
DTD,svm,42,8,full,random_018,0.8629630895931132,0.8643617021276596,8,4582,12.475781923996692,deit_s+dinov2+dinov2_large+gabor+lbp+siglip_base+swin_t+vit_b16,
DTD,svm,42,8,full,random_019,0.8638786885736593,0.8648936170212767,8,8448,14.678175955996267,deit_s+dinov2_large+drlbp+efficientnet_b0+eva02_base+gabor+vgg16+vit_b16,
DTD,svm,42,8,full,random_020,0.860897436899807,0.8611702127659574,8,8778,16.094355427005212,dinov2_large+eva02_base+gabor+hog+lbp+rgb_ngram_svd+vgg16+vit_b16,
DTD,svm,42,8,full,random_021,0.8466396978265044,0.847872340425532,8,10804,17.806422984001983,deit_s+dinov2+dinov2_small+drlbp+efficientnet_b0+hog+resnet50+vgg16,
DTD,svm,42,8,full,random_022,0.8320945460357797,0.8329787234042553,8,8528,14.505528255998797,densenet121+dinov2+drlbp+mae_base+rgb_ngram_svd+swin_t+vgg16+vit_b16,
DTD,svm,42,8,full,random_023,0.865426570762111,0.8670212765957447,8,7910,12.645835774004809,convnext_v2_t+dinov2_large+dinov2_small+eva02_base+gabor+lbp+swin_t+vgg16,
DTD,svm,42,8,full,random_024,0.8348369892054328,0.8361702127659575,8,7274,19.830355799000245,densenet121+dinov2+drlbp+hog+lbp+mae_base+resnet50+swin_t,
DTD,svm,42,8,full,random_025,0.8542907918052406,0.8553191489361702,8,5994,17.603798317999463,dinov2_large+drlbp+efficientnet_b0+hog+lbp+rgb_ngram_svd+siglip_base+swin_t,
DTD,svm,42,8,full,random_026,0.8626398306546486,0.8632978723404255,8,7186,17.582846374003566,convnext_v2_t+densenet121+dinov2+dinov2_large+glcm+mae_base+resnet101+siglip_base,
DTD,svm,42,8,full,random_027,0.860864623510144,0.8617021276595744,8,6118,13.836695787998906,deit_s+densenet121+dinov2+dinov2_large+gabor+lbp+resnet50+swin_t,
DTD,svm,42,8,full,random_028,0.8632517507938464,0.8648936170212767,8,4040,10.708067438994476,dinov2_large+dinov2_small+eva02_base+glcm+lbp+rgb_ngram_svd+siglip_base+swin_t,
DTD,svm,42,8,full,random_029,0.862518321200304,0.8627659574468085,8,7954,16.51235505600198,convnext_v2_t+dinov2+eva02_base+glcm+mae_base+resnet101+resnet50+siglip_base,
DTD,svm,42,8,full,random_030,0.8312272415008409,0.8319148936170213,8,10752,18.128395560997888,convnext_v2_t+deit_s+densenet121+dinov2_small+efficientnet_b0+resnet101+vgg16+vit_b16,
DTD,svm,42,8,full,random_031,0.8631135030391953,0.8643617021276596,8,4912,12.857684110000264,deit_s+dinov2+dinov2_large+dinov2_small+eva02_base+gabor+mae_base+swin_t,
DTD,svm,42,8,full,random_032,0.8514036583582318,0.8526595744680852,8,7444,19.084766085994488,dinov2+dinov2_large+gabor+hog+mae_base+resnet101+rgb_ngram_svd+swin_t,
DTD,svm,42,8,full,random_033,0.8700294030092341,0.8707446808510638,8,5094,13.539285760001803,dinov2+dinov2_large+dinov2_small+efficientnet_b0+eva02_base+gabor+lbp+vit_b16,
DTD,svm,42,8,full,random_034,0.8558696997649583,0.8563829787234043,8,7322,16.69038181599899,convnext_v2_t+dinov2+dinov2_small+eva02_base+hog+lbp+resnet101+swin_t,
DTD,svm,42,8,full,random_035,0.8242520484848982,0.824468085106383,8,7012,18.69688069699623,convnext_v2_t+densenet121+dinov2_small+efficientnet_b0+hog+mae_base+rgb_ngram_svd+vit_b16,
DTD,svm,42,8,full,random_036,0.7593218525628729,0.7611702127659574,8,7910,14.229809156000556,deit_s+densenet121+efficientnet_b0+gabor+lbp+rgb_ngram_svd+swin_t+vgg16,
DTD,svm,42,8,full,random_037,0.8514008472491792,0.8515957446808511,8,5766,14.030641928002296,dinov2_large+drlbp+lbp+mae_base+resnet50+rgb_ngram_svd+siglip_base+vit_b16,
DTD,svm,42,8,full,random_038,0.8527190811506108,0.8531914893617021,8,6938,16.167333388999396,convnext_v2_t+deit_s+dinov2_small+eva02_base+hog+lbp+resnet101+siglip_base,
DTD,svm,42,8,full,random_039,0.8530046299342209,0.8537234042553191,8,10064,16.342597717004537,densenet121+dinov2_large+drlbp+resnet101+rgb_ngram_svd+siglip_base+vgg16+vit_b16,
DTD,svm,42,8,full,random_040,0.8321903530061697,0.8329787234042553,8,8346,18.007971989994985,convnext_v2_t+drlbp+eva02_base+gabor+hog+lbp+mae_base+vgg16,
DTD,svm,42,8,full,random_041,0.8357405909052205,0.8361702127659575,8,8016,16.53484193699842,drlbp+efficientnet_b0+eva02_base+resnet101+resnet50+rgb_ngram_svd+siglip_base+vit_b16,
DTD,svm,42,8,full,random_042,0.8369697538021608,0.8382978723404255,8,5368,14.49410147099843,deit_s+dinov2+efficientnet_b0+gabor+glcm+lbp+mae_base+resnet101,
DTD,svm,42,8,full,random_043,0.8482511747212997,0.8489361702127659,8,8650,15.301194678999309,dinov2+dinov2_small+gabor+hog+lbp+swin_t+vgg16+vit_b16,
DTD,svm,42,8,full,random_044,0.8508357125874969,0.8515957446808511,8,6528,13.90357279899763,dinov2+dinov2_small+eva02_base+mae_base+resnet101+rgb_ngram_svd+swin_t+vit_b16,
DTD,svm,42,8,full,random_045,0.8409364704074098,0.8414893617021276,8,9570,17.3568953110007,densenet121+drlbp+eva02_base+glcm+mae_base+resnet50+siglip_base+vgg16,
DTD,svm,42,8,full,random_046,0.8517138700603836,0.8526595744680852,8,10240,15.059798479000165,deit_s+densenet121+dinov2+dinov2_small+resnet50+siglip_base+swin_t+vgg16,
DTD,svm,42,8,full,random_047,0.8236228252935759,0.823404255319149,8,7450,19.803294809004,convnext_v2_t+densenet121+hog+lbp+mae_base+resnet50+rgb_ngram_svd+siglip_base,
DTD,svm,42,8,full,random_048,0.7917429291414513,0.7930851063829787,8,5402,18.267784183000913,convnext_v2_t+deit_s+densenet121+drlbp+efficientnet_b0+gabor+hog+lbp,
DTD,svm,42,8,full,random_049,0.7975446540187623,0.7984042553191489,8,7530,22.04935155500425,convnext_v2_t+drlbp+efficientnet_b0+hog+lbp+mae_base+resnet101+swin_t,
DTD,svm,42,8,full,random_050,0.8255565725133406,0.8265957446808511,8,7808,18.111008549996768,deit_s+densenet121+efficientnet_b0+eva02_base+mae_base+resnet101+swin_t+vit_b16,
DTD,svm,42,8,full,random_051,0.8572452075908384,0.8579787234042553,8,7862,15.079229317001591,densenet121+dinov2_large+drlbp+gabor+lbp+mae_base+vgg16+vit_b16,
DTD,svm,42,8,full,random_052,0.870198051439751,0.8707446808510638,8,9222,13.408092906996899,dinov2_large+dinov2_small+drlbp+eva02_base+lbp+resnet50+siglip_base+vgg16,
DTD,svm,42,8,full,random_053,0.8520483685241541,0.8531914893617021,8,7780,21.713550328000565,convnext_v2_t+deit_s+densenet121+dinov2_large+efficientnet_b0+hog+mae_base+swin_t,
DTD,svm,42,8,full,random_054,0.8384959170226193,0.8398936170212766,8,9590,18.41614933800156,convnext_v2_t+deit_s+densenet121+dinov2+glcm+hog+mae_base+vgg16,
DTD,svm,42,8,full,random_055,0.8586574358205705,0.8595744680851064,8,7088,16.34883483900194,deit_s+densenet121+dinov2+efficientnet_b0+eva02_base+gabor+resnet101+siglip_base,
DTD,svm,42,8,full,random_056,0.8415942051810729,0.8420212765957447,8,5496,13.332505653997941,dinov2_large+efficientnet_b0+gabor+glcm+lbp+resnet50+rgb_ngram_svd+vit_b16,
DTD,svm,42,8,full,random_057,0.8430820105600478,0.8436170212765958,8,9142,16.219322265998926,convnext_v2_t+densenet121+dinov2_small+efficientnet_b0+lbp+siglip_base+swin_t+vgg16,
DTD,svm,42,8,full,random_058,0.8493965763614397,0.85,8,9746,14.545566458000394,convnext_v2_t+densenet121+dinov2+eva02_base+glcm+resnet50+rgb_ngram_svd+vgg16,
DTD,svm,42,8,full,random_059,0.8508081127476113,0.8515957446808511,8,4224,11.833471497004211,deit_s+densenet121+dinov2+dinov2_small+drlbp+gabor+mae_base+vit_b16,
DTD,svm,42,8,full,random_060,0.7937619214615861,0.7941489361702128,8,5778,16.85617487000127,convnext_v2_t+drlbp+efficientnet_b0+gabor+glcm+mae_base+resnet101+swin_t,
DTD,svm,42,8,full,random_061,0.8279985128812362,0.8287234042553191,8,11876,21.343159243995615,convnext_v2_t+deit_s+efficientnet_b0+eva02_base+hog+mae_base+resnet50+vgg16,
DTD,svm,42,8,full,random_062,0.8510497278154044,0.8515957446808511,8,8832,17.330641061998904,dinov2+dinov2_small+efficientnet_b0+resnet101+resnet50+siglip_base+swin_t+vit_b16,
DTD,svm,42,8,full,random_063,0.8424876198333728,0.8436170212765958,8,7826,12.100659458999871,dinov2+dinov2_small+glcm+mae_base+rgb_ngram_svd+swin_t+vgg16+vit_b16,
DTD,svm,42,8,full,random_064,0.8562668675132387,0.8569148936170212,8,8832,17.23382484100148,convnext_v2_t+dinov2+dinov2_small+efficientnet_b0+resnet101+resnet50+siglip_base+vit_b16,
DTD,svm,42,8,full,random_065,0.8150805926356467,0.8164893617021277,8,8960,19.636786516995926,densenet121+efficientnet_b0+mae_base+resnet101+resnet50+rgb_ngram_svd+siglip_base+swin_t,
DTD,svm,42,8,full,random_066,0.8448567249009622,0.8457446808510638,8,7168,16.359301066004264,convnext_v2_t+deit_s+dinov2+dinov2_small+efficientnet_b0+resnet101+swin_t+vit_b16,
DTD,svm,42,8,full,random_067,0.846455581571371,0.8473404255319149,8,7504,14.881394390002242,convnext_v2_t+dinov2+drlbp+eva02_base+mae_base+resnet101+resnet50+rgb_ngram_svd,
DTD,svm,42,8,full,random_068,0.8482597824140331,0.8494680851063829,8,3090,15.77122715600126,deit_s+dinov2+drlbp+eva02_base+gabor+glcm+mae_base+rgb_ngram_svd,
DTD,svm,42,8,full,random_069,0.798180896925241,0.7984042553191489,8,5126,12.976800014999753,convnext_v2_t+deit_s+drlbp+lbp+mae_base+resnet101+rgb_ngram_svd+vit_b16,
DTD,svm,42,8,full,random_070,0.8481572761779934,0.8489361702127659,8,5420,17.76045478600281,densenet121+dinov2+glcm+hog+lbp+mae_base+rgb_ngram_svd+siglip_base,
DTD,svm,42,8,full,random_071,0.7989922745720791,0.800531914893617,8,5286,16.91213134300051,convnext_v2_t+deit_s+gabor+glcm+hog+mae_base+swin_t+vit_b16,
DTD,svm,42,8,full,random_072,0.8647822719247731,0.8659574468085106,8,6884,17.31691460699949,convnext_v2_t+deit_s+densenet121+dinov2_large+dinov2_small+eva02_base+hog+vit_b16,
DTD,svm,42,8,full,random_073,0.8381156766645926,0.8388297872340426,8,5350,12.322830033001082,deit_s+densenet121+dinov2+gabor+lbp+resnet101+rgb_ngram_svd+vit_b16,
DTD,svm,42,8,full,random_074,0.8290730948689792,0.8297872340425532,8,8036,17.79939977700269,dinov2_small+efficientnet_b0+hog+resnet50+rgb_ngram_svd+siglip_base+swin_t+vit_b16,
DTD,svm,42,8,full,random_075,0.8582178972221001,0.8595744680851064,8,10056,16.252073783995,dinov2+dinov2_large+efficientnet_b0+glcm+lbp+resnet50+swin_t+vgg16,
DTD,svm,42,8,full,random_076,0.8533458335930453,0.8542553191489362,8,7206,19.45239804599987,dinov2+dinov2_large+gabor+glcm+hog+mae_base+resnet50+siglip_base,
DTD,svm,42,8,full,random_077,0.8582371191873102,0.8590425531914894,8,6472,16.31996989199979,convnext_v2_t+dinov2+efficientnet_b0+glcm+lbp+mae_base+resnet50+siglip_base,
DTD,svm,42,8,full,random_078,0.8611735437613411,0.8617021276595744,8,7936,18.53964471800282,densenet121+dinov2_large+eva02_base+mae_base+resnet101+siglip_base+swin_t+vit_b16,
DTD,svm,42,8,full,random_079,0.7845506083861437,0.7851063829787234,8,8294,15.182550333003746,convnext_v2_t+densenet121+efficientnet_b0+gabor+lbp+rgb_ngram_svd+swin_t+vgg16,
DTD,svm,42,8,full,random_080,0.8476596010683213,0.848404255319149,8,8886,15.72690887600038,convnext_v2_t+dinov2_small+efficientnet_b0+eva02_base+lbp+mae_base+swin_t+vgg16,
DTD,svm,42,8,full,random_081,0.8574604271657243,0.8585106382978723,8,9956,18.482875358000456,convnext_v2_t+deit_s+dinov2_large+dinov2_small+hog+siglip_base+swin_t+vgg16,
DTD,svm,42,8,full,random_082,0.8276506520541234,0.8287234042553191,8,9930,18.12641954800347,deit_s+gabor+hog+lbp+resnet101+siglip_base+vgg16+vit_b16,
DTD,svm,42,8,full,random_083,0.8646953386138676,0.8659574468085106,8,8576,16.73248566899565,dinov2+dinov2_large+dinov2_small+eva02_base+resnet101+resnet50+siglip_base+swin_t,
DTD,svm,42,8,full,random_084,0.8449552952882786,0.8452127659574468,8,8420,19.62018351900042,convnext_v2_t+efficientnet_b0+eva02_base+hog+resnet101+rgb_ngram_svd+siglip_base+swin_t,
DTD,svm,42,8,full,random_085,0.8512307034831523,0.8521276595744681,8,10368,15.752596058999188,convnext_v2_t+densenet121+dinov2+dinov2_large+dinov2_small+resnet101+rgb_ngram_svd+vgg16,
DTD,svm,42,8,full,random_086,0.8557872985200572,0.8569148936170212,8,4582,12.72315906699805,deit_s+dinov2_large+efficientnet_b0+gabor+lbp+rgb_ngram_svd+siglip_base+swin_t,
DTD,svm,42,8,full,random_087,0.8456029712677582,0.8462765957446808,8,7956,19.84123522200389,convnext_v2_t+densenet121+eva02_base+gabor+hog+resnet101+siglip_base+swin_t,
DTD,svm,42,8,full,random_088,0.8510175897001179,0.8521276595744681,8,4870,13.237220126997272,convnext_v2_t+deit_s+dinov2+drlbp+efficientnet_b0+eva02_base+lbp+swin_t,
DTD,svm,42,8,full,random_089,0.859890212791771,0.8606382978723405,8,10386,16.79967839999881,dinov2+dinov2_large+dinov2_small+efficientnet_b0+glcm+resnet101+vgg16+vit_b16,
DTD,svm,42,8,full,random_090,0.8456439813734866,0.8462765957446808,8,9956,19.07228481000493,dinov2_small+drlbp+gabor+hog+mae_base+resnet101+siglip_base+vgg16,
DTD,svm,42,8,full,random_091,0.8568228612539105,0.8569148936170212,8,7316,16.666081684998062,densenet121+dinov2_large+dinov2_small+gabor+hog+resnet50+rgb_ngram_svd+siglip_base,
DTD,svm,42,8,full,random_092,0.8556128291285824,0.8558510638297873,8,8496,15.012861171999248,convnext_v2_t+dinov2_large+gabor+mae_base+rgb_ngram_svd+siglip_base+swin_t+vgg16,
DTD,svm,42,8,full,random_093,0.8351240263719064,0.8356382978723405,8,11876,19.410065090996795,dinov2_small+efficientnet_b0+hog+resnet50+siglip_base+swin_t+vgg16+vit_b16,
DTD,svm,42,8,full,random_094,0.8439049343200595,0.8441489361702128,8,5986,15.054377747001126,drlbp+eva02_base+glcm+mae_base+resnet101+siglip_base+swin_t+vit_b16,
DTD,svm,42,8,full,random_095,0.8456101834701808,0.8462765957446808,8,7216,17.651864265004406,convnext_v2_t+efficientnet_b0+eva02_base+gabor+mae_base+resnet101+siglip_base+swin_t,
DTD,svm,42,8,full,random_096,0.8509943915545559,0.8521276595744681,8,5350,12.770806474996789,deit_s+dinov2_large+gabor+lbp+resnet101+rgb_ngram_svd+siglip_base+swin_t,
DTD,svm,42,8,full,random_097,0.8565770505337522,0.8574468085106383,8,7700,18.474190095999802,densenet121+dinov2_large+eva02_base+gabor+hog+resnet101+rgb_ngram_svd+swin_t,
DTD,svm,42,8,full,random_098,0.8161896652625757,0.8170212765957446,8,7526,13.37402953000128,gabor+lbp+mae_base+rgb_ngram_svd+siglip_base+swin_t+vgg16+vit_b16,
DTD,svm,42,8,full,random_099,0.8593905326892672,0.8606382978723405,8,8582,14.102606180000294,densenet121+dinov2+dinov2_large+drlbp+eva02_base+lbp+swin_t+vgg16,
DTD,svm,42,9,full,random_000,0.8087378387139451,0.8106382978723404,4,2560,12.92044647000148,convnext_v2_t+rgb_ngram_svd+siglip_base+vit_b16,
DTD,svm,42,9,full,random_001,0.8259462975851625,0.8292553191489361,4,1810,8.391426016001788,convnext_v2_t+dinov2+glcm+rgb_ngram_svd,
DTD,svm,42,9,full,random_002,0.7855576295685702,0.7882978723404256,4,2688,14.563336974999402,convnext_v2_t+deit_s+swin_t+vit_b16,
DTD,svm,42,9,full,random_003,0.7486877132772994,0.7526595744680851,4,7216,8.457376354999724,densenet121+gabor+resnet50+vgg16,
DTD,svm,42,9,full,random_004,0.82881015663864,0.8319148936170213,4,6400,7.17031546200451,convnext_v2_t+eva02_base+vgg16+vit_b16,
DTD,svm,42,9,full,random_005,0.7839419121318804,0.7856382978723404,4,3968,7.229928648994246,deit_s+resnet101+swin_t+vit_b16,
DTD,svm,42,9,full,random_006,0.7560191851229937,0.7585106382978724,4,1926,9.870051939004043,densenet121+drlbp+lbp+vit_b16,
DTD,svm,42,9,full,random_007,0.8079118373331671,0.8106382978723404,4,4836,10.742304907005746,hog+resnet101+rgb_ngram_svd+siglip_base,
DTD,svm,42,9,full,random_008,0.8353699130444282,0.8377659574468085,4,3346,10.90654812700086,dinov2_large+glcm+resnet50+rgb_ngram_svd,
DTD,svm,42,9,full,random_009,0.8404743129810881,0.8436170212765958,4,3584,18.50677053599793,convnext_v2_t+dinov2+efficientnet_b0+vit_b16,
DTD,svm,42,9,full,random_010,0.8475841140152542,0.851063829787234,4,3840,9.064227863003907,dinov2_large+efficientnet_b0+mae_base+vit_b16,
DTD,svm,42,9,full,random_011,0.8534080332841048,0.8563829787234043,4,2608,12.694894113003102,dinov2_large+gabor+siglip_base+swin_t,
DTD,svm,42,9,full,random_012,0.7539655503143987,0.7563829787234042,4,3604,17.73453560299822,densenet121+gabor+hog+vit_b16,
DTD,svm,42,9,full,random_013,0.8184989366858019,0.8223404255319149,4,3504,12.488106672004506,densenet121+dinov2_small+gabor+resnet101,
DTD,svm,42,9,full,random_014,0.750133637520828,0.7531914893617021,4,4936,5.41332732400042,glcm+lbp+vgg16+vit_b16,
DTD,svm,42,9,full,random_015,0.8442905093082109,0.8462765957446808,4,2000,9.018769057998725,dinov2_small+drlbp+eva02_base+mae_base,
DTD,svm,42,9,full,random_016,0.8475528325645493,0.851063829787234,4,2896,14.016107160001411,dinov2+drlbp+efficientnet_b0+siglip_base,
DTD,svm,42,9,full,random_017,0.813863133291016,0.8175531914893617,4,1968,9.132878217002144,deit_s+eva02_base+gabor+swin_t,
DTD,svm,42,9,full,random_018,0.7208325322567658,0.7244680851063829,4,3382,12.270544455001072,densenet121+lbp+resnet50+rgb_ngram_svd,
DTD,svm,42,9,full,random_019,0.8332129905770392,0.8361702127659575,4,3456,16.177238743999624,densenet121+dinov2_small+efficientnet_b0+siglip_base,
DTD,svm,42,9,full,random_020,0.6867860958410094,0.6914893617021277,4,2886,16.220292651996715,densenet121+drlbp+glcm+hog,
DTD,svm,42,9,full,random_021,0.8516502409540875,0.8542553191489362,4,3328,15.305147560000478,densenet121+dinov2+siglip_base+vit_b16,
DTD,svm,42,9,full,random_022,0.7382086120753901,0.7420212765957447,4,4854,12.738860145000217,densenet121+glcm+hog+resnet101,
DTD,svm,42,9,full,random_023,0.759477735969181,0.7606382978723404,4,5200,5.396572388002824,convnext_v2_t+drlbp+rgb_ngram_svd+vgg16,
DTD,svm,42,9,full,random_024,0.8448081565472375,0.8489361702127659,4,4324,10.423122517997399,densenet121+dinov2+hog+siglip_base,
DTD,svm,42,9,full,random_025,0.8446914820973732,0.8468085106382979,4,2194,10.037078034001752,convnext_v2_t+dinov2_large+dinov2_small+glcm,
DTD,svm,42,9,full,random_026,0.8301690109956151,0.8335106382978723,4,6682,9.419028223004716,dinov2+hog+lbp+vgg16,
DTD,svm,42,9,full,random_027,0.8430961163130164,0.8462765957446808,4,7296,6.875602449996222,dinov2_small+eva02_base+resnet101+vgg16,
DTD,svm,42,9,full,random_028,0.845074968162603,0.848404255319149,4,2560,12.82022862300073,deit_s+dinov2_large+dinov2_small+swin_t,
DTD,svm,42,9,full,random_029,0.848830280631372,0.850531914893617,4,2640,12.695389820000855,dinov2_large+drlbp+mae_base+siglip_base,
DTD,svm,42,9,full,random_030,0.8200185241721898,0.8228723404255319,4,5604,11.190645360999042,densenet121+eva02_base+hog+resnet50,
DTD,svm,42,9,full,random_031,0.842890818940545,0.8452127659574468,4,7222,7.85991159400146,dinov2_large+lbp+resnet101+vgg16,
DTD,svm,42,9,full,random_032,0.8280832903037383,0.8308510638297872,4,5686,6.528548058005981,lbp+siglip_base+vgg16+vit_b16,
DTD,svm,42,9,full,random_033,0.8238749996816922,0.8265957446808511,4,4196,9.494242471999314,convnext_v2_t+dinov2_small+efficientnet_b0+hog,
DTD,svm,42,9,full,random_034,0.8566560370101312,0.8590425531914894,4,2640,11.55354108499887,convnext_v2_t+dinov2_large+drlbp+eva02_base,
DTD,svm,42,9,full,random_035,0.7526250423793176,0.7547872340425532,4,3866,10.845510347004165,efficientnet_b0+hog+lbp+swin_t,
DTD,svm,42,9,full,random_036,0.804087146504572,0.8058510638297872,4,1810,8.162690286997531,eva02_base+glcm+rgb_ngram_svd+vit_b16,
DTD,svm,42,9,full,random_037,0.8583406658654356,0.8606382978723405,4,3584,16.49877067399939,densenet121+dinov2_large+eva02_base+vit_b16,
DTD,svm,42,9,full,random_038,0.7502600823952782,0.7542553191489362,4,6708,11.049795947001257,drlbp+hog+vgg16+vit_b16,
DTD,svm,42,9,full,random_039,0.8214760715716769,0.823404255319149,4,3840,8.79478004900011,densenet121+efficientnet_b0+siglip_base+vit_b16,
DTD,svm,42,9,full,random_040,0.8148322008891197,0.8175531914893617,4,3968,7.433012299996335,deit_s+eva02_base+mae_base+resnet101,
DTD,svm,42,9,full,random_041,0.7141128614903846,0.7170212765957447,4,3446,17.407888219000597,deit_s+efficientnet_b0+glcm+hog,
DTD,svm,42,9,full,random_042,0.828125823401943,0.8303191489361702,4,4864,10.43252612100332,efficientnet_b0+mae_base+resnet101+siglip_base,
DTD,svm,42,9,full,random_043,0.8453857203397357,0.8473404255319149,4,3940,8.923557005000475,convnext_v2_t+dinov2_large+dinov2_small+hog,
DTD,svm,42,9,full,random_044,0.803172336103949,0.8058510638297872,4,2276,10.822310010997171,dinov2_small+drlbp+gabor+hog,
DTD,svm,42,9,full,random_045,0.8336054320724662,0.8372340425531914,4,5650,6.870048892997147,dinov2+glcm+mae_base+vgg16,
DTD,svm,42,9,full,random_046,0.7848678050224558,0.7861702127659574,4,5348,12.114864431001479,convnext_v2_t+hog+mae_base+resnet50,
DTD,svm,42,9,full,random_047,0.7558185179870988,0.7574468085106383,4,3840,7.427497822995065,mae_base+resnet50+rgb_ngram_svd+swin_t,
DTD,svm,42,9,full,random_048,0.8331641456283377,0.8367021276595744,4,3348,17.43838931400387,gabor+hog+mae_base+siglip_base,
DTD,svm,42,9,full,random_049,0.8434161279462812,0.8462765957446808,4,7936,8.853001515999495,dinov2_large+resnet101+swin_t+vgg16,
DTD,svm,42,9,full,random_050,0.8416510328724226,0.8441489361702128,4,2322,10.739264458003163,dinov2+glcm+swin_t+vit_b16,
DTD,svm,42,9,full,random_051,0.8367037375181782,0.8398936170212766,4,2688,12.673543463999522,deit_s+dinov2+mae_base+swin_t,
DTD,svm,42,9,full,random_052,0.8440590299295933,0.8473404255319149,4,4068,11.033203556995431,dinov2+hog+mae_base+siglip_base,
DTD,svm,42,9,full,random_053,0.8596400539764734,0.8617021276595744,4,4324,10.07044752100046,dinov2+dinov2_large+eva02_base+hog,
DTD,svm,42,9,full,random_054,0.837976402061049,0.8414893617021276,4,4580,11.63761601200531,dinov2+efficientnet_b0+hog+mae_base,
DTD,svm,42,9,full,random_055,0.8428183557345171,0.8457446808510638,4,3968,6.3613152120015,dinov2_small+resnet50+siglip_base+swin_t,
DTD,svm,42,9,full,random_056,0.851163332522742,0.8537234042553191,4,4224,6.907451226004923,convnext_v2_t+dinov2_large+dinov2_small+resnet50,
DTD,svm,42,9,full,random_057,0.8497669591644283,0.8521276595744681,4,4580,10.988333063003665,densenet121+dinov2+dinov2_large+hog,
DTD,svm,42,9,full,random_058,0.7449720386410088,0.7484042553191489,4,3354,18.210477401997196,hog+lbp+mae_base+swin_t,
DTD,svm,42,9,full,random_059,0.8191820497060242,0.8223404255319149,4,1894,8.925929092998558,densenet121+eva02_base+gabor+lbp,
DTD,svm,42,9,full,random_060,0.8402608787034527,0.8430851063829787,4,7936,8.757401711998682,convnext_v2_t+dinov2_large+resnet101+vgg16,
DTD,svm,42,9,full,random_061,0.8355556014659064,0.8388297872340426,4,3940,9.00542872200458,densenet121+dinov2+dinov2_small+hog,
DTD,svm,42,9,full,random_062,0.8563635666412226,0.8585106382978723,4,3584,16.748943409002095,densenet121+dinov2_large+siglip_base+vit_b16,
DTD,svm,42,9,full,random_063,0.8298279155760142,0.8335106382978723,4,1634,7.936630500000319,dinov2+drlbp+glcm+swin_t,
DTD,svm,42,9,full,random_064,0.7744598181254269,0.776595744680851,4,8192,10.160096774001431,efficientnet_b0+resnet101+swin_t+vgg16,
DTD,svm,42,9,full,random_065,0.8061600546356026,0.8090425531914893,4,530,2.22726743700332,dinov2_small+drlbp+gabor+glcm,
DTD,svm,42,9,full,random_066,0.8333905094581341,0.8351063829787234,4,1602,7.67168320199562,convnext_v2_t+eva02_base+gabor+glcm,
DTD,svm,42,9,full,random_067,0.8290631001094887,0.8319148936170213,4,1144,6.021391948997916,dinov2_large+gabor+glcm+lbp,
DTD,svm,42,9,full,random_068,0.8356497169401506,0.8393617021276596,4,3280,11.448390905999986,deit_s+dinov2+drlbp+resnet101,
DTD,svm,42,9,full,random_069,0.8417416687773918,0.8441489361702128,4,6912,8.614305078997859,efficientnet_b0+eva02_base+siglip_base+vgg16,
DTD,svm,42,9,full,random_070,0.8247268334898031,0.8271276595744681,4,2882,9.668109045000165,eva02_base+gabor+glcm+resnet101,
DTD,svm,42,9,full,random_071,0.7788789360720872,0.7808510638297872,4,4580,10.985863971000072,convnext_v2_t+efficientnet_b0+hog+vit_b16,
DTD,svm,42,9,full,random_072,0.7397810414759204,0.7425531914893617,4,2706,13.882911122003861,deit_s+densenet121+efficientnet_b0+glcm,
DTD,svm,42,9,full,random_073,0.8464420550562997,0.8494680851063829,4,3858,6.822874084995419,dinov2+dinov2_large+glcm+resnet50,
DTD,svm,42,9,full,random_074,0.7398242219865511,0.7430851063829788,4,5604,14.279545656005212,densenet121+hog+mae_base+resnet50,
DTD,svm,42,9,full,random_075,0.8188168671808719,0.8228723404255319,4,4224,7.580785876001755,densenet121+dinov2_small+mae_base+resnet50,
DTD,svm,42,9,full,random_076,0.8414462959447232,0.8441489361702128,4,2560,11.234628730999248,dinov2+eva02_base+mae_base+rgb_ngram_svd,
DTD,svm,42,9,full,random_077,0.7960394523026246,0.8,4,1792,8.846233150004991,deit_s+dinov2_small+rgb_ngram_svd+swin_t,
DTD,svm,42,9,full,random_078,0.8390988548349306,0.8414893617021276,4,3072,14.428579648003506,eva02_base+siglip_base+swin_t+vit_b16,
DTD,svm,42,9,full,random_079,0.7469756104003559,0.749468085106383,4,2688,14.226965020003263,deit_s+efficientnet_b0+rgb_ngram_svd+vit_b16,
DTD,svm,42,9,full,random_080,0.8407892993591054,0.8436170212765958,4,1840,8.404550311002822,deit_s+dinov2_large+dinov2_small+gabor,
DTD,svm,42,9,full,random_081,0.8298285508882073,0.8324468085106383,4,1664,7.904124377993867,drlbp+gabor+siglip_base+swin_t,
DTD,svm,42,9,full,random_082,0.7575321161210355,0.7595744680851064,4,4324,12.44507456500287,densenet121+hog+mae_base+vit_b16,
DTD,svm,42,9,full,random_083,0.7103227447884195,0.7138297872340426,4,3556,20.19937762900372,hog+mae_base+rgb_ngram_svd+vit_b16,
DTD,svm,42,9,full,random_084,0.7794594815126755,0.7824468085106383,4,3684,18.592428377000033,convnext_v2_t+deit_s+hog+swin_t,
DTD,svm,42,9,full,random_085,0.8427580981513777,0.8452127659574468,4,7186,7.840666691998194,dinov2_large+glcm+resnet101+vgg16,
DTD,svm,42,9,full,random_086,0.843457594124567,0.8457446808510638,4,5192,5.7780425190067035,dinov2_large+glcm+lbp+vgg16,
DTD,svm,42,9,full,random_087,0.8378376386942439,0.8414893617021276,4,920,4.935043912002584,drlbp+glcm+lbp+siglip_base,
DTD,svm,42,9,full,random_088,0.7200021977035577,0.7239361702127659,4,5092,11.725642657998833,densenet121+hog+resnet101+rgb_ngram_svd,
DTD,svm,42,9,full,random_089,0.7585161101834947,0.7617021276595745,4,920,4.988271416004864,convnext_v2_t+drlbp+glcm+lbp,
DTD,svm,42,9,full,random_090,0.8392250981636832,0.8420212765957447,4,2944,14.67921939700318,convnext_v2_t+deit_s+dinov2+dinov2_large,
DTD,svm,42,9,full,random_091,0.8380619215073503,0.8409574468085106,4,8960,8.800525929000287,dinov2+resnet101+resnet50+vgg16,
DTD,svm,42,9,full,random_092,0.7454988557273645,0.747872340425532,4,5146,12.204891792003764,efficientnet_b0+hog+lbp+resnet50,
DTD,svm,42,9,full,random_093,0.8145562358354559,0.8170212765957446,4,3968,6.74284952400194,deit_s+eva02_base+resnet101+vit_b16,
DTD,svm,42,9,full,random_094,0.814838339687486,0.8180851063829787,4,4964,9.298562208998192,dinov2_small+hog+resnet101+swin_t,
DTD,svm,42,9,full,random_095,0.8248565761915705,0.8292553191489361,4,1846,8.94512245900114,dinov2+lbp+rgb_ngram_svd+swin_t,
DTD,svm,42,9,full,random_096,0.84668535408388,0.8494680851063829,4,4400,8.886940445001528,dinov2_large+efficientnet_b0+gabor+resnet50,
DTD,svm,42,9,full,random_097,0.7552095754268544,0.7585106382978724,4,7652,11.76999398299813,densenet121+hog+swin_t+vgg16,
DTD,svm,42,9,full,random_098,0.8015375874809352,0.8037234042553192,4,6884,9.084455923002679,eva02_base+hog+rgb_ngram_svd+vgg16,
DTD,svm,42,9,full,random_099,0.8467388302908881,0.85,4,3380,15.29619853499753,dinov2+drlbp+hog+siglip_base,
FMD,svm,42,0,full,random_000,0.9251333622244451,0.925,3,6628,0.620286211000348,hog+siglip_base+vgg16,
FMD,svm,42,0,full,random_001,0.9353813320552133,0.935,3,4096,0.4508972929979791,dinov2+efficientnet_b0+resnet50,
FMD,svm,42,0,full,random_002,0.8352034609288015,0.835,3,3120,0.4947588840004755,densenet121+gabor+resnet50,
FMD,svm,42,0,full,random_003,0.9303450601502666,0.93,3,4912,0.3418787059999886,gabor+siglip_base+vgg16,
FMD,svm,42,0,full,random_004,0.9247080488351349,0.925,3,2816,0.4080997519995435,efficientnet_b0+siglip_base+swin_t,
FMD,svm,42,0,full,random_005,0.8397505912410752,0.84,3,2512,0.3710578140016878,deit_s+drlbp+resnet101,
FMD,svm,42,0,full,random_006,0.9032874335171558,0.905,3,4196,0.5197414799986291,dinov2_small+hog+resnet50,
FMD,svm,42,0,full,random_007,0.9198293010809058,0.92,3,2304,0.3698931230028393,eva02_base+mae_base+swin_t,
FMD,svm,42,0,full,random_008,0.8210607259728595,0.82,3,3120,0.5503940370035707,densenet121+gabor+resnet101,
FMD,svm,42,0,full,random_009,0.9346372637643497,0.935,3,3840,0.47359190299903275,densenet121+eva02_base+resnet101,
FMD,svm,42,0,full,random_010,0.8150688064805877,0.815,3,4498,0.266926352000155,deit_s+glcm+vgg16,
FMD,svm,42,0,full,random_011,0.805458805267925,0.805,3,1122,0.36865653400309384,densenet121+drlbp+glcm,
FMD,svm,42,0,full,random_012,0.8886473723541222,0.89,3,3584,0.4183938979986124,convnext_v2_t+resnet101+swin_t,
FMD,svm,42,0,full,random_013,0.7893713714340935,0.79,3,2228,0.5896121490004589,deit_s+drlbp+hog,
FMD,svm,42,0,full,random_014,0.9253483656606326,0.925,3,2816,0.5313320409986773,efficientnet_b0+mae_base+siglip_base,
FMD,svm,42,0,full,random_015,0.9247330650462274,0.925,3,1126,0.29478274199937005,dinov2_large+gabor+lbp,
FMD,svm,42,0,full,random_016,0.7892057374737913,0.79,3,1346,0.3679741230007494,efficientnet_b0+gabor+glcm,
FMD,svm,42,0,full,random_017,0.9298484471834325,0.93,3,1616,0.23924890899797902,convnext_v2_t+drlbp+eva02_base,
FMD,svm,42,0,full,random_018,0.9599467477323703,0.96,3,1810,0.3357111349978368,dinov2_large+glcm+siglip_base,
FMD,svm,42,0,full,random_019,0.9295594991230421,0.93,3,4836,0.6993651729935664,dinov2_large+hog+resnet101,
FMD,svm,42,0,full,random_020,0.9298951081877911,0.93,3,2560,0.33916922000207705,convnext_v2_t+densenet121+eva02_base,
FMD,svm,42,0,full,random_021,0.9197764178802779,0.92,3,1206,0.1963431699987268,dinov2+dinov2_small+lbp,
FMD,svm,42,0,full,random_022,0.8290094237679095,0.83,3,1488,0.31811007899523247,deit_s+densenet121+drlbp,
FMD,svm,42,0,full,random_023,0.9197297099736124,0.92,3,2916,0.4239693580020685,convnext_v2_t+dinov2_small+hog,
FMD,svm,42,0,full,random_024,0.835851333719553,0.835,3,1206,0.21755585900245933,deit_s+lbp+vit_b16,
FMD,svm,42,0,full,random_025,0.8643172537492925,0.865,3,4864,0.4995966900023632,resnet101+resnet50+vit_b16,
FMD,svm,42,0,full,random_026,0.8889513103620338,0.89,3,518,0.12091106900334125,dinov2_small+drlbp+lbp,
FMD,svm,42,0,full,random_027,0.8789429304545584,0.88,3,3300,0.7370160079954076,convnext_v2_t+hog+mae_base,
FMD,svm,42,0,full,random_028,0.9349064970117601,0.935,3,2560,0.39312927600258263,densenet121+siglip_base+swin_t,
FMD,svm,42,0,full,random_029,0.8609344026706776,0.86,3,2834,0.39793149700562935,glcm+resnet101+vit_b16,
FMD,svm,42,0,full,random_030,0.8586638502771391,0.86,3,1104,0.2203676520002773,convnext_v2_t+drlbp+rgb_ngram_svd,
FMD,svm,42,0,full,random_031,0.9599467477323703,0.96,3,1872,0.33560099200258264,dinov2_large+drlbp+siglip_base,
FMD,svm,42,0,full,random_032,0.9600176649136257,0.96,3,3584,0.40642360499623464,dinov2+resnet50+siglip_base,
FMD,svm,42,0,full,random_033,0.8564248297969227,0.855,3,3072,0.4462636499956716,densenet121+efficientnet_b0+vit_b16,
FMD,svm,42,0,full,random_034,0.920282781783364,0.92,3,1042,0.21059318900370272,dinov2+glcm+rgb_ngram_svd,
FMD,svm,42,0,full,random_035,0.8552663864763457,0.855,3,2870,0.3852086289989529,lbp+resnet101+vit_b16,
FMD,svm,42,0,full,random_036,0.63555053452266,0.64,3,834,0.6515193519953755,gabor+glcm+mae_base,
FMD,svm,42,0,full,random_037,0.929395369286255,0.93,3,2384,0.40120319800189463,dinov2_large+drlbp+efficientnet_b0,
FMD,svm,42,0,full,random_038,0.8347967061768298,0.835,3,3072,0.37694575400382746,resnet101+rgb_ngram_svd+swin_t,
FMD,svm,42,0,full,random_039,0.8287528718507613,0.83,3,2550,0.6153842060011812,glcm+hog+swin_t,
FMD,svm,42,0,full,random_040,0.8262780433076798,0.825,3,3090,0.5337131709966343,densenet121+glcm+resnet101,
FMD,svm,42,0,full,random_041,0.9291446490406099,0.93,3,2896,0.34351551899453625,drlbp+eva02_base+resnet50,
FMD,svm,42,0,full,random_042,0.934401670216818,0.935,3,3840,0.4495075419981731,convnext_v2_t+dinov2_large+resnet101,
FMD,svm,42,0,full,random_043,0.914140659384562,0.915,3,1200,0.18703890400502132,convnext_v2_t+dinov2_small+gabor,
FMD,svm,42,0,full,random_044,0.574488811841753,0.58,3,2550,1.4549040750061977,glcm+hog+mae_base,
FMD,svm,42,0,full,random_045,0.9546256493624915,0.955,3,2176,0.286424714999157,dinov2_large+dinov2_small+eva02_base,
FMD,svm,42,0,full,random_046,0.8203325821233396,0.82,3,1078,0.22491997400356922,lbp+rgb_ngram_svd+swin_t,
FMD,svm,42,0,full,random_047,0.9301295827419063,0.93,3,6912,0.466360299004009,resnet50+siglip_base+vgg16,
FMD,svm,42,0,full,random_048,0.9099026828465286,0.91,3,5120,0.3394027410031413,rgb_ngram_svd+siglip_base+vgg16,
FMD,svm,42,0,full,random_049,0.9291446490406099,0.93,3,2896,0.3466009280018625,drlbp+eva02_base+resnet50,
FMD,svm,42,0,full,random_050,0.801943732879988,0.805,3,2870,0.5809181920049014,lbp+mae_base+resnet50,
FMD,svm,42,0,full,random_051,0.8700806855387864,0.87,3,4096,0.48867337700357893,efficientnet_b0+resnet101+vit_b16,
FMD,svm,42,0,full,random_052,0.9249549238381075,0.925,3,2560,0.5394875009951647,densenet121+mae_base+siglip_base,
FMD,svm,42,0,full,random_053,0.9350067227974204,0.935,3,3300,0.5141816930045024,dinov2+hog+swin_t,
FMD,svm,42,0,full,random_054,0.9398210090357149,0.94,3,5632,0.3544972570016398,dinov2+siglip_base+vgg16,
FMD,svm,42,0,full,random_055,0.9145692248131272,0.915,3,6912,0.41750713100191206,eva02_base+resnet50+vgg16,
FMD,svm,42,0,full,random_056,0.934471441140247,0.935,3,1206,0.2059173550005653,dinov2_small+lbp+siglip_base,
FMD,svm,42,0,full,random_057,0.9249806717370976,0.925,3,2432,0.32905611799651524,densenet121+dinov2_large+dinov2_small,
FMD,svm,42,0,full,random_058,0.9200583776514458,0.92,3,6912,0.4825915929977782,resnet101+siglip_base+vgg16,
FMD,svm,42,0,full,random_059,0.8503542069974885,0.85,3,3584,0.5512001310053165,mae_base+resnet101+swin_t,
FMD,svm,42,0,full,random_060,0.8394484488272511,0.84,3,2688,0.3421573670057114,deit_s+resnet101+rgb_ngram_svd,
FMD,svm,42,0,full,random_061,0.9495389479059657,0.95,3,2304,0.2875094349947176,convnext_v2_t+dinov2+eva02_base,
FMD,svm,42,0,full,random_062,0.8982404443953941,0.9,3,1616,0.2588779169964255,convnext_v2_t+drlbp+swin_t,
FMD,svm,42,0,full,random_063,0.8290173367976571,0.83,3,4068,0.7676034420001088,hog+resnet101+rgb_ngram_svd,
FMD,svm,42,0,full,random_064,0.8549326423267374,0.855,3,5632,0.4105050049984129,mae_base+vgg16+vit_b16,
FMD,svm,42,0,full,random_065,0.9150145379592793,0.915,3,1090,0.3020033120046719,dinov2_large+gabor+glcm,
FMD,svm,42,0,full,random_066,0.9446352360459593,0.945,3,3072,0.44769639799778815,dinov2_large+efficientnet_b0+siglip_base,
FMD,svm,42,0,full,random_067,0.7848573379398852,0.785,3,1200,0.38312566799868364,deit_s+gabor+mae_base,
FMD,svm,42,0,full,random_068,0.8161718179558584,0.815,3,3152,0.5338093959944672,densenet121+drlbp+resnet101,
FMD,svm,42,0,full,random_069,0.8842694274057692,0.885,3,1200,0.23047491600300418,convnext_v2_t+deit_s+gabor,
FMD,svm,42,0,full,random_070,0.8837006864913842,0.885,3,1170,0.2670024819963146,dinov2_small+glcm+mae_base,
FMD,svm,42,0,full,random_071,0.9397847243482673,0.94,3,3200,0.3622622820039396,dinov2_small+resnet101+siglip_base,
FMD,svm,42,0,full,random_072,0.9354077501445923,0.935,3,2560,0.44208611200156156,dinov2_large+mae_base+swin_t,
FMD,svm,42,0,full,random_073,0.8290173367976571,0.83,3,4068,0.7757947720019729,hog+resnet101+rgb_ngram_svd,
FMD,svm,42,0,full,random_074,0.9252071589854077,0.925,3,1920,0.24557935199845815,deit_s+dinov2+swin_t,
FMD,svm,42,0,full,random_075,0.9005915819084163,0.9,3,5632,0.41502185099670896,dinov2+mae_base+vgg16,
FMD,svm,42,0,full,random_076,0.9147301166479004,0.915,3,5632,0.41033601799426833,eva02_base+mae_base+vgg16,
FMD,svm,42,0,full,random_077,0.829755733862221,0.83,3,4096,0.4744352269990486,efficientnet_b0+resnet50+swin_t,
FMD,svm,42,0,full,random_078,0.883939288939289,0.885,3,2550,0.5739712110007531,convnext_v2_t+glcm+hog,
FMD,svm,42,0,full,random_079,0.9201503994507846,0.92,3,2304,0.37207893999584485,densenet121+dinov2_large+rgb_ngram_svd,
FMD,svm,42,0,full,random_080,0.8946392370425867,0.895,3,3300,0.5068749210040551,convnext_v2_t+hog+vit_b16,
FMD,svm,42,0,full,random_081,0.7692886509158114,0.77,3,4162,0.2796748119944823,gabor+glcm+vgg16,
FMD,svm,42,0,full,random_082,0.7692886509158114,0.77,3,4162,0.28215537300275173,gabor+glcm+vgg16,
FMD,svm,42,0,full,random_083,0.7993974158311262,0.8,3,1206,0.3727805980015546,deit_s+lbp+mae_base,
FMD,svm,42,0,full,random_084,0.9347819125675352,0.935,3,3152,0.4080462659985642,dinov2_large+drlbp+resnet50,
FMD,svm,42,0,full,random_085,0.8154741810119903,0.815,3,5430,0.41510586500226054,efficientnet_b0+lbp+vgg16,
FMD,svm,42,0,full,random_086,0.9244295069519716,0.925,3,2816,0.29900801600160776,deit_s+dinov2_small+resnet101,
FMD,svm,42,0,full,random_087,0.9399020146246764,0.94,3,3584,0.39128866900136927,dinov2+resnet101+vit_b16,
FMD,svm,42,0,full,random_088,0.874407391892462,0.875,3,1792,0.361589885003923,convnext_v2_t+mae_base+rgb_ngram_svd,
FMD,svm,42,0,full,random_089,0.8356129077181709,0.835,3,3300,0.7455070849973708,hog+mae_base+vit_b16,
FMD,svm,42,0,full,random_090,0.8052846092783996,0.805,3,486,0.1340804260034929,deit_s+gabor+lbp,
FMD,svm,42,0,full,random_091,0.9150342554322016,0.915,3,2868,0.6518381780042546,dinov2_large+drlbp+hog,
FMD,svm,42,0,full,random_092,0.9304396255785932,0.93,3,4096,0.49403882600017823,efficientnet_b0+resnet50+siglip_base,
FMD,svm,42,0,full,random_093,0.9397847243482673,0.94,3,3200,0.35245834599481896,dinov2_small+resnet101+siglip_base,
FMD,svm,42,0,full,random_094,0.8079877989547513,0.81,3,3866,0.7908825690028607,hog+lbp+resnet50,
FMD,svm,42,0,full,random_095,0.8461318085708329,0.845,3,1920,0.34341410199704114,deit_s+mae_base+vit_b16,
FMD,svm,42,0,full,random_096,0.9600176649136257,0.96,3,3584,0.40747209300025133,dinov2+resnet50+siglip_base,
FMD,svm,42,0,full,random_097,0.9394902498881958,0.94,3,2304,0.36257067899714457,dinov2+eva02_base+mae_base,
FMD,svm,42,0,full,random_098,0.5821405929325905,0.59,3,2612,1.4358501260066987,drlbp+hog+mae_base,
FMD,svm,42,0,full,random_099,0.9088381916288893,0.91,3,1616,0.3705810659957933,drlbp+eva02_base+mae_base,
FMD,svm,42,1,full,random_000,0.9598373513521139,0.96,5,7780,0.7343415579962311,deit_s+hog+siglip_base+swin_t+vgg16,
FMD,svm,42,1,full,random_001,0.9801156973108194,0.98,5,3968,0.5836976770006004,convnext_v2_t+dinov2_small+efficientnet_b0+eva02_base+mae_base,
FMD,svm,42,1,full,random_002,0.9749937460913071,0.975,5,3840,0.548327258999052,convnext_v2_t+eva02_base+siglip_base+swin_t+vit_b16,
FMD,svm,42,1,full,random_003,0.9595773204117235,0.96,5,4370,0.7688192689965945,glcm+mae_base+resnet50+siglip_base+vit_b16,
FMD,svm,42,1,full,random_004,0.9347183094409711,0.935,5,3254,0.493685811998148,convnext_v2_t+deit_s+efficientnet_b0+lbp+vit_b16,
FMD,svm,42,1,full,random_005,0.9404682748585186,0.94,5,8576,0.677238928998122,dinov2_small+efficientnet_b0+resnet101+swin_t+vgg16,
FMD,svm,42,1,full,random_006,0.984993746091307,0.985,5,2626,0.520559389005939,convnext_v2_t+densenet121+eva02_base+gabor+glcm,
FMD,svm,42,1,full,random_007,0.954954095793574,0.955,5,6454,0.5353716230019927,efficientnet_b0+eva02_base+lbp+rgb_ngram_svd+vgg16,
FMD,svm,42,1,full,random_008,0.9751036362011973,0.975,5,6144,0.7808527520028292,densenet121+dinov2+dinov2_large+efficientnet_b0+resnet101,
FMD,svm,42,1,full,random_009,0.9646893970385626,0.965,5,7424,0.74122112999612,densenet121+mae_base+siglip_base+vgg16+vit_b16,
FMD,svm,42,1,full,random_010,0.9553951854635498,0.955,5,2256,0.415837102002115,convnext_v2_t+dinov2_small+drlbp+mae_base+rgb_ngram_svd,
FMD,svm,42,1,full,random_011,0.9696717072840307,0.97,5,2950,0.5736940009956015,drlbp+efficientnet_b0+lbp+siglip_base+vit_b16,
FMD,svm,42,1,full,random_012,0.9703229226913438,0.97,5,5990,0.6641906110016862,dinov2_large+gabor+lbp+mae_base+vgg16,
FMD,svm,42,1,full,random_013,0.9594434866386086,0.96,5,2632,0.4994566899986239,convnext_v2_t+dinov2_large+glcm+lbp+vit_b16,
FMD,svm,42,1,full,random_014,0.9801188242651657,0.98,5,4992,0.7272921080002561,dinov2_large+dinov2_small+mae_base+resnet101+siglip_base,
FMD,svm,42,1,full,random_015,0.9597243342878772,0.96,5,3702,0.6453142519967514,convnext_v2_t+deit_s+dinov2+glcm+hog,
FMD,svm,42,1,full,random_016,0.9751156973108192,0.975,5,3200,0.45119438599795103,deit_s+dinov2+dinov2_large+rgb_ngram_svd+swin_t,
FMD,svm,42,1,full,random_017,0.949218394794715,0.95,5,5376,0.684566908996203,convnext_v2_t+densenet121+resnet50+siglip_base+vit_b16,
FMD,svm,42,1,full,random_018,0.8432777111770307,0.845,5,6162,0.7595192320004571,densenet121+glcm+mae_base+rgb_ngram_svd+vgg16,
FMD,svm,42,1,full,random_019,0.9699906191369607,0.97,5,2918,0.5104924139959621,efficientnet_b0+eva02_base+gabor+lbp+vit_b16,
FMD,svm,42,1,full,random_020,0.9549843652282675,0.955,5,2614,0.40384329199878266,convnext_v2_t+dinov2+lbp+rgb_ngram_svd+swin_t,
FMD,svm,42,1,full,random_021,0.9799968730456536,0.98,5,3376,0.5096875000017462,dinov2_large+eva02_base+gabor+swin_t+vit_b16,
FMD,svm,42,1,full,random_022,0.8445333373791145,0.845,5,4372,1.0156611610000255,densenet121+efficientnet_b0+gabor+hog+rgb_ngram_svd,
FMD,svm,42,1,full,random_023,0.975,0.975,5,5092,0.7706630589964334,convnext_v2_t+dinov2_large+hog+siglip_base+swin_t,
FMD,svm,42,1,full,random_024,0.9699906191369607,0.97,5,5120,0.6615227220027009,convnext_v2_t+eva02_base+mae_base+resnet50+vit_b16,
FMD,svm,42,1,full,random_025,0.9649843652282677,0.965,5,3200,0.5360222140006954,drlbp+eva02_base+gabor+resnet101+rgb_ngram_svd,
FMD,svm,42,1,full,random_026,0.9600906346541777,0.96,5,7216,0.5905026869950234,eva02_base+gabor+resnet101+rgb_ngram_svd+vgg16,
FMD,svm,42,1,full,random_027,0.919535714258376,0.92,5,7010,0.6156277710033464,convnext_v2_t+drlbp+glcm+resnet101+vgg16,
FMD,svm,42,1,full,random_028,0.984993746091307,0.985,5,4116,0.7470609609954408,convnext_v2_t+eva02_base+gabor+hog+siglip_base,
FMD,svm,42,1,full,random_029,0.9899937460913071,0.99,5,2640,0.5789153309960966,drlbp+eva02_base+mae_base+rgb_ngram_svd+siglip_base,
FMD,svm,42,1,full,random_030,0.9750995688094534,0.975,5,2742,0.4071989230069448,convnext_v2_t+dinov2_small+eva02_base+lbp+swin_t,
FMD,svm,42,1,full,random_031,0.979592508475692,0.98,5,3712,0.5431063119976898,deit_s+densenet121+dinov2+siglip_base+vit_b16,
FMD,svm,42,1,full,random_032,0.984993746091307,0.985,5,6656,0.8085438039997825,densenet121+eva02_base+resnet101+resnet50+siglip_base,
FMD,svm,42,1,full,random_033,0.9601767398994016,0.96,5,3866,0.7186019279979519,dinov2+dinov2_large+hog+lbp+rgb_ngram_svd,
FMD,svm,42,1,full,random_034,0.9495687310834937,0.95,5,4736,0.5374604629978421,dinov2_small+efficientnet_b0+resnet50+rgb_ngram_svd+vit_b16,
FMD,svm,42,1,full,random_035,0.9545123443890497,0.955,5,3968,0.550620281996089,convnext_v2_t+deit_s+efficientnet_b0+siglip_base+vit_b16,
FMD,svm,42,1,full,random_036,0.9448055410571458,0.945,5,3840,0.5715967659998569,convnext_v2_t+efficientnet_b0+rgb_ngram_svd+siglip_base+swin_t,
FMD,svm,42,1,full,random_037,0.909073983007171,0.91,5,7652,0.6959872739971615,hog+rgb_ngram_svd+swin_t+vgg16+vit_b16,
FMD,svm,42,1,full,random_038,0.9801156973108192,0.98,5,6656,0.9269271029988886,dinov2_large+mae_base+resnet101+resnet50+siglip_base,
FMD,svm,42,1,full,random_039,0.8789159030480642,0.88,5,7348,0.8471521140018012,deit_s+densenet121+drlbp+hog+vgg16,
FMD,svm,42,1,full,random_040,0.9704636826588047,0.97,5,2274,0.44959444199776044,deit_s+densenet121+drlbp+eva02_base+glcm,
FMD,svm,42,1,full,random_041,0.9149060126967103,0.915,5,3946,0.852898657998594,convnext_v2_t+drlbp+efficientnet_b0+hog+lbp,
FMD,svm,42,1,full,random_042,0.9599571160546769,0.96,5,6096,0.447226894000778,dinov2+dinov2_small+drlbp+vgg16+vit_b16,
FMD,svm,42,1,full,random_043,0.9596983311938383,0.96,5,4196,0.6506058660015697,deit_s+dinov2+dinov2_large+hog+rgb_ngram_svd,
FMD,svm,42,1,full,random_044,0.959724828017511,0.96,5,3408,0.6019310400006361,dinov2_large+drlbp+mae_base+swin_t+vit_b16,
FMD,svm,42,1,full,random_045,0.9849937460913072,0.985,5,3090,0.708096882000973,densenet121+dinov2_large+glcm+mae_base+rgb_ngram_svd,
FMD,svm,42,1,full,random_046,0.909148764302808,0.91,5,3366,1.0908387399977073,convnext_v2_t+gabor+glcm+hog+mae_base,
FMD,svm,42,1,full,random_047,0.9798655409631019,0.98,5,2988,0.6526951290070429,deit_s+eva02_base+glcm+hog+lbp,
FMD,svm,42,1,full,random_048,0.9749744906355946,0.975,5,3584,0.4906462209983147,deit_s+densenet121+dinov2_large+dinov2_small+vit_b16,
FMD,svm,42,1,full,random_049,0.9899937460913071,0.99,5,1992,0.3356198190012947,dinov2+dinov2_small+eva02_base+glcm+lbp,
FMD,svm,42,1,full,random_050,0.9751067631555437,0.975,5,4982,0.7621434479951859,dinov2+dinov2_small+glcm+hog+resnet101,
FMD,svm,42,1,full,random_051,0.9649744906355945,0.965,5,4688,0.684416684001917,convnext_v2_t+densenet121+dinov2+drlbp+resnet101,
FMD,svm,42,1,full,random_052,0.9602722938066404,0.96,5,3382,0.6531729170019389,convnext_v2_t+densenet121+dinov2+lbp+mae_base,
FMD,svm,42,1,full,random_053,0.8888839357067854,0.89,5,5018,1.129423266997037,deit_s+hog+lbp+mae_base+resnet101,
FMD,svm,42,1,full,random_054,0.9801156973108194,0.98,5,2998,0.5420453949991497,deit_s+dinov2_large+eva02_base+lbp+mae_base,
FMD,svm,42,1,full,random_055,0.9799906191369605,0.98,5,3602,0.5097710390036809,deit_s+dinov2_small+glcm+resnet101+siglip_base,
FMD,svm,42,1,full,random_056,0.9749937460913071,0.975,5,6704,0.5908529000007547,densenet121+eva02_base+gabor+swin_t+vgg16,
FMD,svm,42,1,full,random_057,0.9593877326804157,0.96,5,9700,0.881949025002541,dinov2_large+hog+resnet101+vgg16+vit_b16,
FMD,svm,42,1,full,random_058,0.9698624140087555,0.97,5,3888,0.4871820359985577,deit_s+dinov2_large+dinov2_small+gabor+resnet50,
FMD,svm,42,1,full,random_059,0.9798655409631019,0.98,5,5704,0.45515972500288626,eva02_base+glcm+lbp+vgg16+vit_b16,
FMD,svm,42,1,full,random_060,0.9299450860233914,0.93,5,8694,0.8719627170066815,convnext_v2_t+glcm+hog+resnet101+vgg16,
FMD,svm,42,1,full,random_061,0.949662147864972,0.95,5,4836,1.0574010549971717,efficientnet_b0+hog+mae_base+rgb_ngram_svd+siglip_base,
FMD,svm,42,1,full,random_062,0.9749785580273386,0.975,5,6912,0.5246071169967763,dinov2+dinov2_large+rgb_ngram_svd+swin_t+vgg16,
FMD,svm,42,1,full,random_063,0.9801156973108194,0.98,5,7780,0.7368106200010516,dinov2_small+eva02_base+hog+mae_base+vgg16,
FMD,svm,42,1,full,random_064,0.9699906191369607,0.97,5,4342,0.7929384369999752,densenet121+eva02_base+glcm+hog+swin_t,
FMD,svm,42,1,full,random_065,0.9651036362011972,0.965,5,3636,0.6655913119975594,dinov2+drlbp+hog+rgb_ngram_svd+vit_b16,
FMD,svm,42,1,full,random_066,0.8384296002717055,0.84,5,4176,0.63860871399811,densenet121+drlbp+resnet50+rgb_ngram_svd+swin_t,
FMD,svm,42,1,full,random_067,0.9798655409631019,0.98,5,4122,0.8343505359953269,eva02_base+hog+lbp+mae_base+vit_b16,
FMD,svm,42,1,full,random_068,0.964975431072992,0.965,5,7728,0.6443984270008514,eva02_base+gabor+resnet101+swin_t+vgg16,
FMD,svm,42,1,full,random_069,0.9851156973108193,0.985,5,5248,0.6789914649998536,densenet121+dinov2_large+dinov2_small+resnet101+siglip_base,
FMD,svm,42,1,full,random_070,0.9549185581213822,0.955,5,1656,0.36906657699728385,dinov2+gabor+glcm+lbp+vit_b16,
FMD,svm,42,1,full,random_071,0.9599432057826839,0.96,5,7066,0.634735649000504,dinov2+dinov2_small+hog+lbp+vgg16,
FMD,svm,42,1,full,random_072,0.9547158938622353,0.955,5,2438,0.41415901499567553,convnext_v2_t+dinov2+drlbp+lbp+vit_b16,
FMD,svm,42,1,full,random_073,0.924774128484013,0.925,5,3684,0.8835108089988353,convnext_v2_t+densenet121+drlbp+gabor+hog,
FMD,svm,42,1,full,random_074,0.9849937460913072,0.985,5,3712,0.5141745389992138,convnext_v2_t+deit_s+densenet121+dinov2+eva02_base,
FMD,svm,42,1,full,random_075,0.9748655409631019,0.975,5,3602,0.7101759940051124,convnext_v2_t+densenet121+dinov2_large+glcm+mae_base,
FMD,svm,42,1,full,random_076,0.9597587529666521,0.96,5,4912,0.8483717210037867,efficientnet_b0+gabor+mae_base+resnet50+siglip_base,
FMD,svm,42,1,full,random_077,0.9799968730456534,0.98,5,3328,0.4857224160004989,convnext_v2_t+deit_s+dinov2_large+dinov2_small+siglip_base,
FMD,svm,42,1,full,random_078,0.9849937460913072,0.985,5,4176,0.5831276210010401,dinov2+dinov2_large+drlbp+resnet101+rgb_ngram_svd,
FMD,svm,42,1,full,random_079,0.9801125703564729,0.98,5,6064,0.47828521199699026,dinov2+dinov2_small+gabor+siglip_base+vgg16,
FMD,svm,42,1,full,random_080,0.9698556663704287,0.97,5,3072,0.5009208409974235,convnext_v2_t+deit_s+dinov2_small+mae_base+siglip_base,
FMD,svm,42,1,full,random_081,0.964596129159672,0.965,5,3200,0.45898561300418805,densenet121+dinov2+dinov2_small+rgb_ngram_svd+swin_t,
FMD,svm,42,1,full,random_082,0.9600933149007602,0.96,5,4534,0.585973405999539,deit_s+dinov2+efficientnet_b0+lbp+resnet50,
FMD,svm,42,1,full,random_083,0.969865540963102,0.97,5,4864,0.8732722040003864,densenet121+mae_base+resnet101+rgb_ngram_svd+siglip_base,
FMD,svm,42,1,full,random_084,0.9849937460913072,0.985,5,2578,0.4080088960035937,deit_s+dinov2_large+dinov2_small+glcm+siglip_base,
FMD,svm,42,1,full,random_085,0.9240443357182169,0.925,5,3920,0.6219869740016293,convnext_v2_t+densenet121+drlbp+efficientnet_b0+vit_b16,
FMD,svm,42,1,full,random_086,0.9748097870049091,0.975,5,2736,0.4554167599999346,deit_s+dinov2+gabor+siglip_base+vit_b16,
FMD,svm,42,1,full,random_087,0.8596793457576514,0.86,5,5402,1.0549090470012743,efficientnet_b0+hog+lbp+resnet101+rgb_ngram_svd,
FMD,svm,42,1,full,random_088,0.8903678143020473,0.89,5,3402,1.082169998997415,gabor+hog+lbp+mae_base+swin_t,
FMD,svm,42,1,full,random_089,0.9549651097725551,0.955,5,4736,0.5449313680001069,convnext_v2_t+deit_s+dinov2+resnet50+vit_b16,
FMD,svm,42,1,full,random_090,0.8787448400863035,0.88,5,9472,0.8192879779962823,densenet121+resnet101+resnet50+rgb_ngram_svd+vgg16,
FMD,svm,42,1,full,random_091,0.9452587283075087,0.945,5,7936,0.6532083720012452,dinov2+mae_base+resnet50+rgb_ngram_svd+vgg16,
FMD,svm,42,1,full,random_092,0.9696967699406723,0.97,5,4634,1.0778992819978157,densenet121+dinov2_large+hog+lbp+mae_base,
FMD,svm,42,1,full,random_093,0.9751125703564728,0.975,5,2882,0.5859734460027539,convnext_v2_t+efficientnet_b0+gabor+glcm+siglip_base,
FMD,svm,42,1,full,random_094,0.9595773204117235,0.96,5,6480,0.5411133579982561,convnext_v2_t+drlbp+siglip_base+vgg16+vit_b16,
FMD,svm,42,1,full,random_095,0.8995232064409902,0.9,5,5712,0.8826514270040207,drlbp+mae_base+resnet101+resnet50+swin_t,
FMD,svm,42,1,full,random_096,0.9599754310729919,0.96,5,4406,0.7333887269996922,lbp+mae_base+resnet50+siglip_base+swin_t,
FMD,svm,42,1,full,random_097,0.9646717072840308,0.965,5,7248,0.7475951479937066,dinov2_large+drlbp+efficientnet_b0+mae_base+vgg16,
FMD,svm,42,1,full,random_098,0.9245888095746292,0.925,5,5120,0.6961697049991926,convnext_v2_t+mae_base+resnet101+swin_t+vit_b16,
FMD,svm,42,1,full,random_099,0.9452368802368802,0.945,5,9060,0.8977072599955136,dinov2_small+hog+mae_base+resnet101+vgg16,
FMD,svm,42,2,full,random_000,0.9600277180623182,0.96,4,4480,0.5254330430034315,densenet121+dinov2_large+dinov2_small+resnet50,
FMD,svm,42,2,full,random_001,0.98510989010989,0.985,4,2432,0.3287476109981071,dinov2_large+dinov2_small+rgb_ngram_svd+vit_b16,
FMD,svm,42,2,full,random_002,0.9799906191369606,0.98,4,2816,0.4289971109974431,densenet121+dinov2+eva02_base+rgb_ngram_svd,
FMD,svm,42,2,full,random_003,0.8899404274285608,0.89,4,7168,0.5224558539994177,resnet101+rgb_ngram_svd+vgg16+vit_b16,
FMD,svm,42,2,full,random_004,0.974987492182614,0.975,4,6912,0.5374987790055457,densenet121+dinov2_large+eva02_base+vgg16,
FMD,svm,42,2,full,random_005,0.8583282392974306,0.86,4,4836,1.1808783840024262,hog+mae_base+resnet101+rgb_ngram_svd,
FMD,svm,42,2,full,random_006,0.8454288051350476,0.845,4,4122,0.8949595509984647,hog+lbp+resnet50+rgb_ngram_svd,
FMD,svm,42,2,full,random_007,0.9451834875377282,0.945,4,2944,0.42243428000074346,densenet121+dinov2_small+eva02_base+swin_t,
FMD,svm,42,2,full,random_008,0.9104500229583075,0.91,4,3840,0.4475799020001432,resnet50+rgb_ngram_svd+swin_t+vit_b16,
FMD,svm,42,2,full,random_009,0.9700906346541777,0.97,4,4224,0.5105681650020415,dinov2_large+dinov2_small+resnet50+siglip_base,
FMD,svm,42,2,full,random_010,0.9099071970002204,0.91,4,3200,0.43892051500006346,convnext_v2_t+deit_s+efficientnet_b0+swin_t,
FMD,svm,42,2,full,random_011,0.9652094589193434,0.965,4,5220,0.6722206929989625,dinov2_large+dinov2_small+hog+resnet50,
FMD,svm,42,2,full,random_012,0.9650875076998311,0.965,4,2432,0.3203438790005748,dinov2+dinov2_large+dinov2_small+rgb_ngram_svd,
FMD,svm,42,2,full,random_013,0.9546726477214282,0.955,4,4176,0.5508832039995468,drlbp+efficientnet_b0+eva02_base+resnet50,
FMD,svm,42,2,full,random_014,0.9400308450166646,0.94,4,2688,0.34998156700021354,deit_s+eva02_base+swin_t+vit_b16,
FMD,svm,42,2,full,random_015,0.8538346961838619,0.855,4,6400,0.6396028450035374,efficientnet_b0+mae_base+rgb_ngram_svd+vgg16,
FMD,svm,42,2,full,random_016,0.965540853748753,0.965,4,3328,0.47536663500068244,dinov2_large+siglip_base+swin_t+vit_b16,
FMD,svm,42,2,full,random_017,0.9501024211999821,0.95,4,3072,0.5314289429952623,convnext_v2_t+dinov2+mae_base+siglip_base,
FMD,svm,42,2,full,random_018,0.965540853748753,0.965,4,2102,0.3492930049978895,dinov2_large+lbp+rgb_ngram_svd+vit_b16,
FMD,svm,42,2,full,random_019,0.9298753907148688,0.93,4,3456,0.4039021650023642,convnext_v2_t+dinov2_small+resnet101+rgb_ngram_svd,
FMD,svm,42,2,full,random_020,0.8437868044093975,0.845,4,5712,0.49233852400357137,drlbp+efficientnet_b0+rgb_ngram_svd+vgg16,
FMD,svm,42,2,full,random_021,0.9601767398994017,0.96,4,3664,0.7269304980000015,drlbp+mae_base+resnet101+siglip_base,
FMD,svm,42,2,full,random_022,0.9602313946216384,0.96,4,1938,0.39976510999986203,deit_s+dinov2+glcm+mae_base,
FMD,svm,42,2,full,random_023,0.9346835196693393,0.935,4,3584,0.3761097640017397,convnext_v2_t+deit_s+dinov2_small+resnet50,
FMD,svm,42,2,full,random_024,0.9247893423874854,0.925,4,6656,0.4995410300034564,convnext_v2_t+densenet121+swin_t+vgg16,
FMD,svm,42,2,full,random_025,0.8899053116232267,0.89,4,3664,0.6944976129962015,drlbp+mae_base+resnet101+swin_t,
FMD,svm,42,2,full,random_026,0.9899937460913071,0.99,4,3584,0.6138681119991816,densenet121+dinov2_large+eva02_base+mae_base,
FMD,svm,42,2,full,random_027,0.9799906191369606,0.98,4,2224,0.39455798500421224,deit_s+dinov2_large+gabor+siglip_base,
FMD,svm,42,2,full,random_028,0.9653116926659335,0.965,4,4068,0.8454414980005822,hog+mae_base+siglip_base+swin_t,
FMD,svm,42,2,full,random_029,0.9353478848921725,0.935,4,3968,0.4464684300037334,convnext_v2_t+dinov2_small+resnet101+vit_b16,
FMD,svm,42,2,full,random_030,0.965189741446421,0.965,4,5888,0.4294284069983405,dinov2+rgb_ngram_svd+siglip_base+vgg16,
FMD,svm,42,2,full,random_031,0.9651928684007676,0.965,4,2384,0.38287803400453413,convnext_v2_t+drlbp+eva02_base+siglip_base,
FMD,svm,42,2,full,random_032,0.8992311710540207,0.9,4,4176,0.5478884210024262,drlbp+efficientnet_b0+resnet50+vit_b16,
FMD,svm,42,2,full,random_033,0.9405994283850511,0.94,4,3456,0.4087710550011252,dinov2_small+resnet101+rgb_ngram_svd+swin_t,
FMD,svm,42,2,full,random_034,0.9647243342878772,0.965,4,1858,0.40025015200080816,densenet121+eva02_base+gabor+glcm,
FMD,svm,42,2,full,random_035,0.9598927652957865,0.96,4,2688,0.4041643739983556,dinov2_small+efficientnet_b0+rgb_ngram_svd+siglip_base,
FMD,svm,42,2,full,random_036,0.9304467858639874,0.93,4,8292,0.6678921980055748,dinov2_small+hog+resnet50+vgg16,
FMD,svm,42,2,full,random_037,0.8899203694400277,0.89,4,4660,0.8501821859972551,drlbp+hog+resnet101+swin_t,
FMD,svm,42,2,full,random_038,0.9150217793272395,0.915,4,1864,0.4120447079985752,convnext_v2_t+densenet121+glcm+lbp,
FMD,svm,42,2,full,random_039,0.9552866300092917,0.955,4,2000,0.35134209399984684,deit_s+drlbp+siglip_base+swin_t,
FMD,svm,42,2,full,random_040,0.9396717072840307,0.94,4,2450,0.37649300200428115,deit_s+efficientnet_b0+eva02_base+glcm,
FMD,svm,42,2,full,random_041,0.9453897724808552,0.945,4,6656,0.4870101580017945,dinov2_large+swin_t+vgg16+vit_b16,
FMD,svm,42,2,full,random_042,0.9650785735445554,0.965,4,1846,0.4303567719980492,eva02_base+lbp+mae_base+rgb_ngram_svd,
FMD,svm,42,2,full,random_043,0.940050562489587,0.94,4,1792,0.3150702220009407,deit_s+dinov2_small+mae_base+rgb_ngram_svd,
FMD,svm,42,2,full,random_044,0.9298384721927129,0.93,4,4912,0.2952089829996112,deit_s+dinov2_small+gabor+vgg16,
FMD,svm,42,2,full,random_045,0.9701928684007676,0.97,4,2384,0.38762831300118705,drlbp+eva02_base+siglip_base+vit_b16,
FMD,svm,42,2,full,random_046,0.955027718062318,0.955,4,2688,0.37847419299941976,dinov2+dinov2_small+efficientnet_b0+rgb_ngram_svd,
FMD,svm,42,2,full,random_047,0.9849937460913072,0.985,4,2614,0.42003098099667113,dinov2_large+eva02_base+lbp+swin_t,
FMD,svm,42,2,full,random_048,0.9050796943851545,0.905,4,1608,0.3153835129996878,convnext_v2_t+glcm+lbp+swin_t,
FMD,svm,42,2,full,random_049,0.959949427978953,0.96,4,3456,0.5193295639983262,densenet121+dinov2_small+efficientnet_b0+siglip_base,
FMD,svm,42,2,full,random_050,0.9305048172634823,0.93,4,5808,0.43457526600104757,dinov2_small+efficientnet_b0+gabor+vgg16,
FMD,svm,42,2,full,random_051,0.9451741066746889,0.945,4,7396,0.7319623969960958,hog+siglip_base+swin_t+vgg16,
FMD,svm,42,2,full,random_052,0.9500308450166646,0.95,4,2250,0.5640833869983908,dinov2_small+gabor+hog+lbp,
FMD,svm,42,2,full,random_053,0.8991802030418921,0.9,4,2882,0.45217295300244587,gabor+glcm+resnet50+vit_b16,
FMD,svm,42,2,full,random_054,0.940360886439192,0.94,4,5680,0.44297612000082154,gabor+siglip_base+swin_t+vgg16,
FMD,svm,42,2,full,random_055,0.959949427978953,0.96,4,4224,0.5491361090025748,densenet121+dinov2_small+resnet101+siglip_base,
FMD,svm,42,2,full,random_056,0.8427564503559895,0.845,4,2934,0.9718796889937948,deit_s+glcm+hog+mae_base,
FMD,svm,42,2,full,random_057,0.9497914719865939,0.95,4,4964,0.6119455579973874,dinov2_small+eva02_base+hog+resnet50,
FMD,svm,42,2,full,random_058,0.9654926652295073,0.965,4,1846,0.3669929170064279,lbp+rgb_ngram_svd+siglip_base+swin_t,
FMD,svm,42,2,full,random_059,0.9135863234932335,0.915,4,2882,0.44442774599883705,convnext_v2_t+gabor+glcm+resnet50,
FMD,svm,42,2,full,random_060,0.9452438775981182,0.945,4,3072,0.44586413000070024,dinov2+efficientnet_b0+rgb_ngram_svd+swin_t,
FMD,svm,42,2,full,random_061,0.9455656101291531,0.945,4,3584,0.4737425470011658,dinov2+efficientnet_b0+swin_t+vit_b16,
FMD,svm,42,2,full,random_062,0.9752287143750558,0.975,4,2614,0.4338427429975127,dinov2_large+lbp+siglip_base+swin_t,
FMD,svm,42,2,full,random_063,0.9699655564803189,0.97,4,1968,0.34474547499848995,dinov2+dinov2_small+gabor+siglip_base,
FMD,svm,42,2,full,random_064,0.9751067631555437,0.975,4,1840,0.35038160800468177,eva02_base+gabor+rgb_ngram_svd+siglip_base,
FMD,svm,42,2,full,random_065,0.9601767398994017,0.96,4,4962,0.435455044003902,drlbp+glcm+siglip_base+vgg16,
FMD,svm,42,2,full,random_066,0.9649525549332993,0.965,4,3254,0.45262200200522784,dinov2_small+lbp+resnet101+siglip_base,
FMD,svm,42,2,full,random_067,0.9350411816265474,0.935,4,4068,0.736414054998022,eva02_base+hog+mae_base+swin_t,
FMD,svm,42,2,full,random_068,0.9650875076998311,0.965,4,3968,0.534354710005573,dinov2+dinov2_small+mae_base+resnet101,
FMD,svm,42,2,full,random_069,0.8801687614909695,0.88,4,2660,0.7386971480009379,drlbp+gabor+hog+vit_b16,
FMD,svm,42,2,full,random_070,0.9045515190743121,0.905,4,5120,0.6393912389976322,densenet121+efficientnet_b0+resnet50+vit_b16,
FMD,svm,42,2,full,random_071,0.9092965900068031,0.91,4,3200,0.4240533839983982,convnext_v2_t+deit_s+efficientnet_b0+vit_b16,
FMD,svm,42,2,full,random_072,0.9602313946216384,0.96,4,1218,0.2627212950028479,deit_s+dinov2+gabor+glcm,
FMD,svm,42,2,full,random_073,0.8398281563397842,0.84,4,7140,0.8125990229964373,densenet121+hog+rgb_ngram_svd+vgg16,
FMD,svm,42,2,full,random_074,0.9094375699349806,0.91,4,6016,0.38652423399616964,convnext_v2_t+deit_s+vgg16+vit_b16,
FMD,svm,42,2,full,random_075,0.8907722604234232,0.89,4,7680,0.6228494890019647,mae_base+resnet50+vgg16+vit_b16,
FMD,svm,42,2,full,random_076,0.9046849362561218,0.905,4,2864,0.46179876400128705,convnext_v2_t+efficientnet_b0+gabor+swin_t,
FMD,svm,42,2,full,random_077,0.9650875076998311,0.965,4,4224,0.5101608339973609,densenet121+dinov2+dinov2_small+resnet101,
FMD,svm,42,2,full,random_078,0.8745764890910726,0.875,4,3664,0.60720245000266,drlbp+efficientnet_b0+resnet101+rgb_ngram_svd,
FMD,svm,42,2,full,random_079,0.9645466291101723,0.965,4,2066,0.3827632799948333,densenet121+eva02_base+glcm+rgb_ngram_svd,
FMD,svm,42,2,full,random_080,0.9500147165152987,0.95,4,4608,0.5683784430002561,convnext_v2_t+densenet121+eva02_base+resnet101,
FMD,svm,42,2,full,random_081,0.9452438775981182,0.945,4,3072,0.4374052219936857,dinov2+efficientnet_b0+rgb_ngram_svd+swin_t,
FMD,svm,42,2,full,random_082,0.965065571997536,0.965,4,2604,0.6778047329935362,dinov2+glcm+hog+lbp,
FMD,svm,42,2,full,random_083,0.8641858141858142,0.865,4,8240,0.7092072059967904,gabor+resnet101+resnet50+vgg16,
FMD,svm,42,2,full,random_084,0.9046673946308241,0.905,4,3126,0.41503163499874063,convnext_v2_t+lbp+resnet50+rgb_ngram_svd,
FMD,svm,42,2,full,random_085,0.878691434003701,0.88,4,1254,0.27986899799725506,deit_s+gabor+lbp+vit_b16,
FMD,svm,42,2,full,random_086,0.9503808383255796,0.95,4,3632,0.4948403890011832,dinov2+gabor+resnet101+vit_b16,
FMD,svm,42,2,full,random_087,0.9047396112543737,0.905,4,8192,0.6160892859988962,convnext_v2_t+efficientnet_b0+resnet101+vgg16,
FMD,svm,42,2,full,random_088,0.9550713791984652,0.955,4,3584,0.4938507719998597,deit_s+dinov2_small+mae_base+resnet101,
FMD,svm,42,2,full,random_089,0.939947241462004,0.94,4,6656,0.5147737820007023,dinov2_large+efficientnet_b0+rgb_ngram_svd+vgg16,
FMD,svm,42,2,full,random_090,0.8799940956520651,0.88,4,8448,0.7268141280001146,densenet121+efficientnet_b0+resnet101+vgg16,
FMD,svm,42,2,full,random_091,0.9551736129450552,0.955,4,7296,0.5127877310005715,dinov2_small+resnet101+siglip_base+vgg16,
FMD,svm,42,2,full,random_092,0.940170626422231,0.94,4,2358,0.37771526299911784,convnext_v2_t+lbp+siglip_base+swin_t,
FMD,svm,42,2,full,random_093,0.8453650353971278,0.845,4,3142,0.918138506996911,drlbp+efficientnet_b0+glcm+hog,
FMD,svm,42,2,full,random_094,0.9549593025716259,0.955,4,5120,0.5689424720039824,dinov2+resnet101+resnet50+rgb_ngram_svd,
FMD,svm,42,2,full,random_095,0.965209905627107,0.965,4,5218,0.4334404109977186,dinov2_large+drlbp+glcm+vgg16,
FMD,svm,42,2,full,random_096,0.9849937460913072,0.985,4,2224,0.35080959400511347,deit_s+dinov2_large+eva02_base+gabor,
FMD,svm,42,2,full,random_097,0.9702224604663628,0.97,4,2224,0.3715462990003289,deit_s+dinov2+dinov2_large+gabor,
FMD,svm,42,2,full,random_098,0.9548927652957866,0.955,4,2834,0.4401744040005724,convnext_v2_t+efficientnet_b0+eva02_base+glcm,
FMD,svm,42,2,full,random_099,0.950121926378606,0.95,4,6784,0.5017241189998458,dinov2_large+dinov2_small+efficientnet_b0+vgg16,
FMD,svm,42,3,full,random_000,0.9748556663704289,0.975,4,4224,0.5542964449996362,densenet121+dinov2_small+resnet101+siglip_base,
FMD,svm,42,3,full,random_001,0.9450817004989019,0.945,4,6576,0.4757720550041995,dinov2_small+gabor+resnet101+vgg16,
FMD,svm,42,3,full,random_002,0.9648472259447871,0.965,4,2358,0.37378476899903035,convnext_v2_t+dinov2+lbp+vit_b16,
FMD,svm,42,3,full,random_003,0.9747342088805503,0.975,4,4176,0.6528137339992099,densenet121+dinov2_large+drlbp+resnet101,
FMD,svm,42,3,full,random_004,0.9798525394160824,0.98,4,1638,0.3561543289979454,convnext_v2_t+gabor+lbp+siglip_base,
FMD,svm,42,3,full,random_005,0.9403434712484776,0.94,4,3840,0.4787747299997136,convnext_v2_t+resnet101+rgb_ngram_svd+swin_t,
FMD,svm,42,3,full,random_006,0.9502425429424861,0.95,4,4144,0.6521521780014155,efficientnet_b0+gabor+resnet101+siglip_base,
FMD,svm,42,3,full,random_007,0.9849937460913072,0.985,4,1974,0.3376950480014784,deit_s+dinov2+lbp+siglip_base,
FMD,svm,42,3,full,random_008,0.9899937460913071,0.99,4,3574,0.8806209410031443,densenet121+glcm+hog+siglip_base,
FMD,svm,42,3,full,random_009,0.9499682367269017,0.95,4,2176,0.3404788539992296,deit_s+rgb_ngram_svd+siglip_base+swin_t,
FMD,svm,42,3,full,random_010,0.904713856036064,0.905,4,4144,0.6088656520005316,efficientnet_b0+gabor+resnet101+swin_t,
FMD,svm,42,3,full,random_011,0.984993746091307,0.985,4,3602,0.5196177660036483,convnext_v2_t+glcm+resnet50+siglip_base,
FMD,svm,42,3,full,random_012,0.9698525394160825,0.97,4,7012,0.5693144929973641,dinov2_small+hog+vgg16+vit_b16,
FMD,svm,42,3,full,random_013,0.6101961664634529,0.615,4,2630,1.838225703999342,drlbp+glcm+hog+mae_base,
FMD,svm,42,3,full,random_014,0.9500803133537408,0.95,4,3380,0.6411793410006794,convnext_v2_t+drlbp+hog+swin_t,
FMD,svm,42,3,full,random_015,0.8546849032674629,0.855,4,3142,0.9195425650032121,drlbp+efficientnet_b0+glcm+hog,
FMD,svm,42,3,full,random_016,0.9798655409631021,0.98,4,4352,0.6083855089964345,convnext_v2_t+dinov2+mae_base+resnet101,
FMD,svm,42,3,full,random_017,0.9949968730456537,0.995,4,3584,0.4962790399949881,efficientnet_b0+eva02_base+siglip_base+vit_b16,
FMD,svm,42,3,full,random_018,0.8899884892472288,0.89,4,3456,0.6661104449958657,drlbp+efficientnet_b0+gabor+resnet101,
FMD,svm,42,3,full,random_019,0.8592459847938476,0.86,4,2438,0.5460208759977832,drlbp+lbp+resnet101+rgb_ngram_svd,
FMD,svm,42,3,full,random_020,0.8788982225182481,0.88,4,2486,0.41888561099767685,deit_s+efficientnet_b0+lbp+swin_t,
FMD,svm,42,3,full,random_021,0.9747373358348967,0.975,4,3376,0.5961431700052344,densenet121+dinov2_large+efficientnet_b0+gabor,
FMD,svm,42,3,full,random_022,0.9798525394160824,0.98,4,2864,0.5002958460027003,convnext_v2_t+efficientnet_b0+gabor+siglip_base,
FMD,svm,42,3,full,random_023,0.9153766121352771,0.915,4,6930,0.5508478169940645,convnext_v2_t+glcm+resnet101+vgg16,
FMD,svm,42,3,full,random_024,0.8950513713928349,0.895,4,3858,0.6027982849991531,densenet121+glcm+resnet101+vit_b16,
FMD,svm,42,3,full,random_025,1.0,1.0,4,2834,0.49064747800002806,densenet121+dinov2_large+eva02_base+glcm,
FMD,svm,42,3,full,random_026,0.9600785735445555,0.96,4,2000,0.38493798199488083,convnext_v2_t+dinov2_small+drlbp+mae_base,
FMD,svm,42,3,full,random_027,0.9748556663704289,0.975,4,3328,0.4686234070031787,densenet121+eva02_base+swin_t+vit_b16,
FMD,svm,42,3,full,random_028,0.9848587933247753,0.985,4,4628,0.7554481299957843,dinov2+gabor+hog+resnet50,
FMD,svm,42,3,full,random_029,0.9801067631555437,0.98,4,3812,0.8038289089963655,densenet121+hog+rgb_ngram_svd+siglip_base,
FMD,svm,42,3,full,random_030,0.9550995688094532,0.955,4,2512,0.3696510430017952,convnext_v2_t+dinov2_small+drlbp+efficientnet_b0,
FMD,svm,42,3,full,random_031,0.9649906191369606,0.965,4,3170,0.5404447089968016,dinov2_large+drlbp+glcm+resnet101,
FMD,svm,42,3,full,random_032,0.878330749672213,0.88,4,8448,0.6418135060011991,resnet101+resnet50+rgb_ngram_svd+vgg16,
FMD,svm,42,3,full,random_033,1.0,1.0,4,2834,0.49462020799546735,densenet121+dinov2_large+eva02_base+glcm,
FMD,svm,42,3,full,random_034,0.9799937460913071,0.98,4,4096,0.5091147830025875,dinov2+dinov2_large+resnet101+rgb_ngram_svd,
FMD,svm,42,3,full,random_035,0.8688481839880472,0.87,4,4608,0.6521093320043292,densenet121+efficientnet_b0+resnet50+rgb_ngram_svd,
FMD,svm,42,3,full,random_036,0.9899937460913071,0.99,4,4608,0.5324859339962131,dinov2_large+eva02_base+resnet50+swin_t,
FMD,svm,42,3,full,random_037,0.9899937460913071,0.99,4,3664,0.4562835179967806,dinov2+drlbp+eva02_base+resnet50,
FMD,svm,42,3,full,random_038,0.9745956354300386,0.975,4,3456,0.47649435899802484,deit_s+dinov2+dinov2_large+efficientnet_b0,
FMD,svm,42,3,full,random_039,0.9749937460913071,0.975,4,4324,0.7559695490053855,densenet121+hog+siglip_base+vit_b16,
FMD,svm,42,3,full,random_040,0.8689856755710414,0.87,4,1974,0.4417699590048869,deit_s+lbp+mae_base+swin_t,
FMD,svm,42,3,full,random_041,0.9798624140087554,0.98,4,3556,0.5793913170055021,convnext_v2_t+dinov2+hog+rgb_ngram_svd,
FMD,svm,42,3,full,random_042,1.0,1.0,4,3072,0.5146542349975789,densenet121+dinov2_large+rgb_ngram_svd+siglip_base,
FMD,svm,42,3,full,random_043,0.9749686834346655,0.975,4,1968,0.3981644020022941,deit_s+eva02_base+gabor+mae_base,
FMD,svm,42,3,full,random_044,0.9949968730456537,0.995,4,3328,0.5855145250025089,dinov2_large+eva02_base+mae_base+siglip_base,
FMD,svm,42,3,full,random_045,0.9949968730456537,0.995,4,6400,0.5790960120066302,eva02_base+mae_base+siglip_base+vgg16,
FMD,svm,42,3,full,random_046,0.9255832038758868,0.925,4,1608,0.4788483769953018,convnext_v2_t+glcm+lbp+mae_base,
FMD,svm,42,3,full,random_047,0.979855666370429,0.98,4,1602,0.31794807700498495,dinov2+gabor+glcm+swin_t,
FMD,svm,42,3,full,random_048,0.9949968730456537,0.995,4,2352,0.39580201100034174,convnext_v2_t+eva02_base+gabor+siglip_base,
FMD,svm,42,3,full,random_049,0.9351782599825709,0.935,4,914,0.2824324470057036,convnext_v2_t+drlbp+gabor+glcm,
FMD,svm,42,3,full,random_050,0.9750848274532485,0.975,4,5328,0.3327793830030714,dinov2+dinov2_small+drlbp+vgg16,
FMD,svm,42,3,full,random_051,0.9256280531464876,0.925,4,1894,0.4221726729956572,convnext_v2_t+densenet121+gabor+lbp,
FMD,svm,42,3,full,random_052,0.9747373358348967,0.975,4,4096,0.7123837530016317,densenet121+dinov2_large+efficientnet_b0+mae_base,
FMD,svm,42,3,full,random_053,0.9749754310729919,0.975,4,2896,0.49226017799810506,densenet121+dinov2_large+drlbp+swin_t,
FMD,svm,42,3,full,random_054,0.9701897414464211,0.97,4,5348,0.791143798000121,convnext_v2_t+hog+resnet101+siglip_base,
FMD,svm,42,3,full,random_055,0.9798624140087554,0.98,4,3602,0.460304273001384,convnext_v2_t+dinov2+glcm+resnet50,
FMD,svm,42,3,full,random_056,0.9949968730456537,0.995,4,3354,0.6884227150003426,dinov2+hog+lbp+siglip_base,
FMD,svm,42,3,full,random_057,0.8643315511512663,0.865,4,6992,0.7574155779948342,drlbp+mae_base+resnet101+vgg16,
FMD,svm,42,3,full,random_058,0.9648561601000626,0.965,4,3812,0.8797767500000191,dinov2_large+hog+mae_base+rgb_ngram_svd,
FMD,svm,42,3,full,random_059,0.9899937460913071,0.99,4,4352,0.48340532399743097,dinov2+eva02_base+resnet50+swin_t,
FMD,svm,42,3,full,random_060,0.9544544287548138,0.955,4,1378,0.3547546929985401,dinov2_large+drlbp+glcm+rgb_ngram_svd,
FMD,svm,42,3,full,random_061,0.9698624140087556,0.97,4,4068,0.7438229440012947,dinov2+hog+mae_base+vit_b16,
FMD,svm,42,3,full,random_062,0.9751125703564728,0.975,4,3456,0.36425249799503945,convnext_v2_t+dinov2_small+resnet50+rgb_ngram_svd,
FMD,svm,42,3,full,random_063,0.9751067631555437,0.975,4,1664,0.3902094860022771,drlbp+gabor+siglip_base+vit_b16,
FMD,svm,42,3,full,random_064,0.9698592870544089,0.97,4,4224,0.47950018199480837,deit_s+dinov2_large+resnet50+swin_t,
FMD,svm,42,3,full,random_065,0.8846053219352321,0.885,4,4836,1.1486027850041864,hog+mae_base+resnet101+rgb_ngram_svd,
FMD,svm,42,3,full,random_066,0.9649843652282677,0.965,4,2560,0.3398257900043973,deit_s+dinov2_large+dinov2_small+vit_b16,
FMD,svm,42,3,full,random_067,0.984993746091307,0.985,4,1858,0.4262786559993401,densenet121+dinov2+gabor+glcm,
FMD,svm,42,3,full,random_068,0.8501296277419513,0.85,4,1506,0.407089061998704,deit_s+densenet121+drlbp+glcm,
FMD,svm,42,3,full,random_069,0.9849968730456535,0.985,4,2666,0.7023475620007957,dinov2+drlbp+hog+lbp,
FMD,svm,42,3,full,random_070,0.9949968730456537,0.995,4,4224,0.49099353099882137,dinov2_large+dinov2_small+resnet50+siglip_base,
FMD,svm,42,3,full,random_071,0.9698503528991333,0.97,4,3894,0.712898549005331,dinov2_large+lbp+mae_base+resnet101,
FMD,svm,42,3,full,random_072,0.9949968730456537,0.995,4,1968,0.31390081299468875,dinov2+dinov2_small+eva02_base+gabor,
FMD,svm,42,3,full,random_073,0.974859287054409,0.975,4,3866,0.7952142900030594,densenet121+dinov2_large+hog+lbp,
FMD,svm,42,3,full,random_074,0.9798436052608068,0.98,4,6016,0.40074981399811804,dinov2_small+eva02_base+swin_t+vgg16,
FMD,svm,42,3,full,random_075,0.9599682367269018,0.96,4,5266,0.32094433400197886,convnext_v2_t+dinov2_small+glcm+vgg16,
FMD,svm,42,3,full,random_076,0.9647055255399286,0.965,4,3556,0.7984895330009749,eva02_base+hog+mae_base+rgb_ngram_svd,
FMD,svm,42,3,full,random_077,0.9086974550196629,0.91,4,1840,0.3240353090004646,gabor+rgb_ngram_svd+swin_t+vit_b16,
FMD,svm,42,3,full,random_078,0.9849906191369605,0.985,4,3354,1.055955042000278,hog+lbp+mae_base+siglip_base,
FMD,svm,42,3,full,random_079,0.9652099056271071,0.965,4,5522,0.39921766499901423,densenet121+dinov2_small+glcm+vgg16,
FMD,svm,42,3,full,random_080,0.9500906346541778,0.95,4,4224,0.5930038330043317,deit_s+densenet121+resnet101+siglip_base,
FMD,svm,42,3,full,random_081,0.8645482708704788,0.865,4,7962,0.8902093459983007,hog+lbp+resnet101+vgg16,
FMD,svm,42,3,full,random_082,0.9949968730456537,0.995,4,3968,0.4630513490046724,dinov2+dinov2_small+resnet50+siglip_base,
FMD,svm,42,3,full,random_083,0.904777389897102,0.905,4,5302,0.3486539689984056,deit_s+lbp+vgg16+vit_b16,
FMD,svm,42,3,full,random_084,0.838017604254133,0.84,4,2736,0.3878063470037887,deit_s+gabor+resnet50+rgb_ngram_svd,
FMD,svm,42,3,full,random_085,0.9600478822430041,0.96,4,1218,0.34699429900501855,dinov2_small+gabor+glcm+mae_base,
FMD,svm,42,3,full,random_086,0.9649718103890118,0.965,4,2614,0.4859838620031951,densenet121+lbp+siglip_base+vit_b16,
FMD,svm,42,3,full,random_087,0.9093591700716221,0.91,4,2512,0.41639465700427536,deit_s+drlbp+efficientnet_b0+vit_b16,
FMD,svm,42,3,full,random_088,0.9698561601000627,0.97,4,5120,0.7096272130002035,dinov2_large+efficientnet_b0+mae_base+resnet50,
FMD,svm,42,3,full,random_089,0.8485877443685605,0.85,4,2578,0.55792260599992,densenet121+efficientnet_b0+glcm+rgb_ngram_svd,
FMD,svm,42,3,full,random_090,0.9798436052608068,0.98,4,2914,0.42380100800073706,drlbp+eva02_base+glcm+resnet50,
FMD,svm,42,3,full,random_091,0.9749686834346655,0.975,4,1938,0.4034824740010663,deit_s+eva02_base+glcm+mae_base,
FMD,svm,42,3,full,random_092,0.9455507127458347,0.945,4,3254,0.5355741569946986,dinov2_small+lbp+mae_base+resnet101,
FMD,svm,42,3,full,random_093,0.8896936661869341,0.89,4,3602,0.6375518299973919,glcm+mae_base+resnet50+swin_t,
FMD,svm,42,3,full,random_094,0.9749906191369607,0.975,4,1634,0.35981143400567817,drlbp+glcm+siglip_base+swin_t,
FMD,svm,42,3,full,random_095,0.9447082057865114,0.945,4,5504,0.4234686050040182,dinov2_small+mae_base+rgb_ngram_svd+vgg16,
FMD,svm,42,3,full,random_096,0.9700915750915751,0.97,4,1840,0.37655992600048194,gabor+rgb_ngram_svd+siglip_base+vit_b16,
FMD,svm,42,3,full,random_097,0.9550933149007603,0.955,4,1798,0.3478184230043553,dinov2_small+drlbp+efficientnet_b0+lbp,
FMD,svm,42,3,full,random_098,0.9849937460913072,0.985,4,3190,0.5919019040011335,dinov2_large+dinov2_small+glcm+hog,
FMD,svm,42,3,full,random_099,0.8638314830227539,0.865,4,6210,0.541224421998777,gabor+glcm+resnet50+vgg16,
FMD,svm,42,4,full,random_000,0.9462666168643732,0.945,5,2790,0.5302347830001963,deit_s+dinov2_large+efficientnet_b0+gabor+lbp,
FMD,svm,42,4,full,random_001,0.9256056243155089,0.925,5,4400,0.7037555150018306,convnext_v2_t+gabor+mae_base+resnet50+swin_t,
FMD,svm,42,4,full,random_002,0.9462666168643732,0.945,5,4500,0.8032510389966774,deit_s+dinov2_large+efficientnet_b0+gabor+hog,
FMD,svm,42,4,full,random_003,0.9048053792157159,0.905,5,2944,0.5325921760013443,drlbp+efficientnet_b0+gabor+swin_t+vit_b16,
FMD,svm,42,4,full,random_004,0.8558968322382958,0.855,5,5346,0.4373852559947409,deit_s+drlbp+glcm+swin_t+vgg16,
FMD,svm,42,4,full,random_005,0.9602166532654337,0.96,5,1542,0.28698484000051394,dinov2_small+drlbp+eva02_base+lbp+rgb_ngram_svd,
FMD,svm,42,4,full,random_006,0.9453801418949045,0.945,5,3894,0.6659226350020617,convnext_v2_t+densenet121+efficientnet_b0+lbp+siglip_base,
FMD,svm,42,4,full,random_007,0.9751067631555437,0.975,5,2018,0.37119612799870083,dinov2_small+drlbp+eva02_base+glcm+siglip_base,
FMD,svm,42,4,full,random_008,0.9748587933247753,0.975,5,3664,0.6160833430039929,densenet121+dinov2_large+drlbp+eva02_base+siglip_base,
FMD,svm,42,4,full,random_009,0.9801036362011972,0.98,5,3684,0.8845303170019179,dinov2_large+drlbp+gabor+hog+siglip_base,
FMD,svm,42,4,full,random_010,0.95036703534778,0.95,5,4916,0.9884887849984807,drlbp+hog+resnet101+rgb_ngram_svd+siglip_base,
FMD,svm,42,4,full,random_011,0.9358981299811239,0.935,5,4626,0.6476609469973482,convnext_v2_t+densenet121+glcm+resnet50+vit_b16,
FMD,svm,42,4,full,random_012,0.9458954981589844,0.945,5,3474,0.5371620299993083,deit_s+dinov2_large+efficientnet_b0+glcm+swin_t,
FMD,svm,42,4,full,random_013,0.9504175153840796,0.95,5,2944,0.39035297900409205,convnext_v2_t+dinov2_small+rgb_ngram_svd+swin_t+vit_b16,
FMD,svm,42,4,full,random_014,0.9124475714561042,0.91,5,6224,0.5525754449990927,convnext_v2_t+densenet121+drlbp+rgb_ngram_svd+vgg16,
FMD,svm,42,4,full,random_015,0.95055169985716,0.95,5,5878,0.8800522789970273,dinov2+efficientnet_b0+glcm+hog+resnet50,
FMD,svm,42,4,full,random_016,0.9606114894946731,0.96,5,3712,0.6374668209973606,deit_s+densenet121+dinov2+mae_base+siglip_base,
FMD,svm,42,4,full,random_017,0.9651928684007676,0.965,5,4370,0.576149393004016,dinov2+eva02_base+glcm+resnet50+siglip_base,
FMD,svm,42,4,full,random_018,0.9556172966956022,0.955,5,2304,0.42029696999816224,deit_s+dinov2+dinov2_large+drlbp+gabor,
FMD,svm,42,4,full,random_019,0.9653116926659333,0.965,5,2998,0.4844328690014663,deit_s+dinov2_large+eva02_base+lbp+siglip_base,
FMD,svm,42,4,full,random_020,0.9208788275035416,0.92,5,2914,0.6890257069971994,convnext_v2_t+drlbp+efficientnet_b0+glcm+mae_base,
FMD,svm,42,4,full,random_021,0.970511473977456,0.97,5,7936,0.6519629980030004,dinov2+resnet101+rgb_ngram_svd+siglip_base+vgg16,
FMD,svm,42,4,full,random_022,0.9706495536983342,0.97,5,3328,0.5439215440055705,deit_s+dinov2_large+dinov2_small+mae_base+siglip_base,
FMD,svm,42,4,full,random_023,0.9555243705243706,0.955,5,2706,0.5705385309993289,deit_s+glcm+mae_base+siglip_base+vit_b16,
FMD,svm,42,4,full,random_024,0.9366084731008393,0.935,5,9984,0.8067962320055813,densenet121+dinov2+resnet101+resnet50+vgg16,
FMD,svm,42,4,full,random_025,0.9560271849103685,0.955,5,7990,0.626454848999856,convnext_v2_t+dinov2_large+lbp+resnet50+vgg16,
FMD,svm,42,4,full,random_026,0.8969923186386601,0.895,5,3248,0.6429920279988437,deit_s+efficientnet_b0+gabor+mae_base+vit_b16,
FMD,svm,42,4,full,random_027,0.9454899270046896,0.945,5,5942,0.43181599100353196,convnext_v2_t+eva02_base+lbp+rgb_ngram_svd+vgg16,
FMD,svm,42,4,full,random_028,0.9699686834346654,0.97,5,3584,0.5539823809958762,dinov2_large+eva02_base+mae_base+rgb_ngram_svd+vit_b16,
FMD,svm,42,4,full,random_029,0.931342188251756,0.93,5,1992,0.3732924770010868,convnext_v2_t+deit_s+glcm+lbp+vit_b16,
FMD,svm,42,4,full,random_030,0.9557792150796003,0.955,5,3334,0.5185473160017864,deit_s+dinov2+drlbp+lbp+resnet101,
FMD,svm,42,4,full,random_031,0.9751036362011971,0.975,5,5138,0.7129471200023545,dinov2+dinov2_large+efficientnet_b0+glcm+resnet101,
FMD,svm,42,4,full,random_032,0.9653309481216457,0.965,5,6064,0.49217579099786235,dinov2+dinov2_small+gabor+siglip_base+vgg16,
FMD,svm,42,4,full,random_033,0.8969923186386601,0.895,5,2498,0.47227840200503124,deit_s+efficientnet_b0+gabor+glcm+vit_b16,
FMD,svm,42,4,full,random_034,0.9401055481543287,0.94,5,4144,0.6896662810031557,densenet121+gabor+resnet50+rgb_ngram_svd+siglip_base,
FMD,svm,42,4,full,random_035,0.9066955060798778,0.905,5,6646,0.9736236129974714,convnext_v2_t+glcm+hog+resnet101+resnet50,
FMD,svm,42,4,full,random_036,0.9398011991015842,0.94,5,4224,0.604666722996626,deit_s+densenet121+efficientnet_b0+eva02_base+swin_t,
FMD,svm,42,4,full,random_037,0.9504922185217437,0.95,5,4736,0.6614152140027727,convnext_v2_t+deit_s+eva02_base+mae_base+resnet101,
FMD,svm,42,4,full,random_038,0.9599807445442874,0.96,5,2870,0.5560657229943899,dinov2_large+eva02_base+lbp+mae_base+rgb_ngram_svd,
FMD,svm,42,4,full,random_039,0.9703027585106577,0.97,5,3024,0.494552937001572,deit_s+dinov2+dinov2_large+drlbp+siglip_base,
FMD,svm,42,4,full,random_040,0.9267751604630385,0.925,5,3144,0.4788709109998308,convnext_v2_t+glcm+lbp+resnet50+rgb_ngram_svd,
FMD,svm,42,4,full,random_041,0.9405456809628825,0.94,5,3206,0.6896042189982836,densenet121+drlbp+efficientnet_b0+lbp+siglip_base,
FMD,svm,42,4,full,random_042,0.9651928684007676,0.965,5,3376,0.5432225440017646,dinov2_large+efficientnet_b0+eva02_base+gabor+rgb_ngram_svd,
FMD,svm,42,4,full,random_043,0.8786872173095084,0.875,5,10980,1.0988345919977291,densenet121+hog+resnet101+resnet50+vgg16,
FMD,svm,42,4,full,random_044,0.9300756878420551,0.93,5,6656,0.7674677110044286,convnext_v2_t+densenet121+resnet101+resnet50+swin_t,
FMD,svm,42,4,full,random_045,0.9702255874207093,0.97,5,5942,0.781977074999304,dinov2_large+lbp+resnet101+resnet50+siglip_base,
FMD,svm,42,4,full,random_046,0.9650848274532485,0.965,5,2662,0.5622846289988956,densenet121+eva02_base+gabor+lbp+siglip_base,
FMD,svm,42,4,full,random_047,0.830018522166359,0.83,5,2242,0.7110721080025542,deit_s+densenet121+gabor+glcm+mae_base,
FMD,svm,42,4,full,random_048,0.9651928684007677,0.965,5,5120,0.7251394900013111,densenet121+dinov2_large+resnet101+rgb_ngram_svd+siglip_base,
FMD,svm,42,4,full,random_049,0.9550089093143695,0.955,5,4048,0.5405025740037672,dinov2_small+drlbp+resnet101+swin_t+vit_b16,
FMD,svm,42,4,full,random_050,0.8598683770379744,0.86,5,1656,0.5820063789942651,gabor+glcm+lbp+mae_base+swin_t,
FMD,svm,42,4,full,random_051,0.9412518755081685,0.94,5,5968,0.47054687299532816,dinov2+drlbp+rgb_ngram_svd+swin_t+vgg16,
FMD,svm,42,4,full,random_052,0.9799906191369606,0.98,5,3272,0.47311712500231806,dinov2+dinov2_small+glcm+lbp+resnet101,
FMD,svm,42,4,full,random_053,0.9553733942565777,0.955,5,3024,0.4933725049995701,convnext_v2_t+deit_s+densenet121+drlbp+eva02_base,
FMD,svm,42,4,full,random_054,0.8670430948650434,0.865,5,7040,0.6161443380042328,drlbp+gabor+resnet50+swin_t+vgg16,
FMD,svm,42,4,full,random_055,0.9603577124629756,0.96,5,3940,0.5846949510014383,convnext_v2_t+dinov2_small+hog+rgb_ngram_svd+vit_b16,
FMD,svm,42,4,full,random_056,0.9550843807454846,0.955,5,2048,0.34264148499642033,dinov2_small+drlbp+eva02_base+gabor+swin_t,
FMD,svm,42,4,full,random_057,0.9557735469394724,0.955,5,7296,0.6683703720045742,densenet121+dinov2_large+dinov2_small+mae_base+vgg16,
FMD,svm,42,4,full,random_058,0.9359425163373214,0.935,5,7344,0.5993822839955101,deit_s+gabor+resnet50+siglip_base+vgg16,
FMD,svm,42,4,full,random_059,0.9651928684007677,0.965,5,2992,0.5253868240033626,deit_s+densenet121+eva02_base+gabor+siglip_base,
FMD,svm,42,4,full,random_060,0.9308984686840912,0.93,5,6710,0.7891941029956797,densenet121+lbp+mae_base+siglip_base+vgg16,
FMD,svm,42,4,full,random_061,0.9413568715954719,0.94,5,3456,0.6234346850033035,deit_s+densenet121+dinov2_large+mae_base+rgb_ngram_svd,
FMD,svm,42,4,full,random_062,0.9556672775135622,0.955,5,3254,0.6193362779958989,densenet121+dinov2_large+dinov2_small+lbp+mae_base,
FMD,svm,42,4,full,random_063,0.960075446590209,0.96,5,6016,0.6591928990019369,dinov2_small+eva02_base+resnet101+resnet50+swin_t,
FMD,svm,42,4,full,random_064,0.9460182507550929,0.945,5,7652,0.6906321749993367,dinov2+hog+rgb_ngram_svd+swin_t+vgg16,
FMD,svm,42,4,full,random_065,0.8811101911587883,0.88,5,3958,0.784003799999482,deit_s+densenet121+glcm+hog+vit_b16,
FMD,svm,42,4,full,random_066,0.9062862283914915,0.905,5,5504,0.6886730909973267,deit_s+densenet121+efficientnet_b0+resnet50+vit_b16,
FMD,svm,42,4,full,random_067,0.960661470312633,0.96,5,2480,0.4029376929975115,densenet121+dinov2+dinov2_small+gabor+rgb_ngram_svd,
FMD,svm,42,4,full,random_068,0.925949263975648,0.925,5,5350,0.4682184910052456,deit_s+gabor+lbp+siglip_base+vgg16,
FMD,svm,42,4,full,random_069,0.9650848274532485,0.965,5,2626,0.48339212700375356,convnext_v2_t+dinov2_large+eva02_base+gabor+glcm,
FMD,svm,42,4,full,random_070,0.9354214352981407,0.935,5,4506,0.7003932999941753,dinov2_small+hog+lbp+resnet50+rgb_ngram_svd,
FMD,svm,42,4,full,random_071,0.9701928684007676,0.97,5,2022,0.344520457998442,dinov2+dinov2_small+gabor+lbp+vit_b16,
FMD,svm,42,4,full,random_072,0.9799937460913071,0.98,5,2432,0.5923750349975307,dinov2+drlbp+gabor+mae_base+siglip_base,
FMD,svm,42,4,full,random_073,0.9559172948004784,0.955,5,7010,0.6218293999991147,dinov2+drlbp+glcm+resnet101+vgg16,
FMD,svm,42,4,full,random_074,0.9319508488127559,0.93,5,7808,0.5997250840009656,densenet121+dinov2_small+resnet101+rgb_ngram_svd+vgg16,
FMD,svm,42,4,full,random_075,0.9064701452671379,0.905,5,5888,0.8379623639993952,densenet121+efficientnet_b0+mae_base+resnet50+vit_b16,
FMD,svm,42,4,full,random_076,0.9600485347711964,0.96,5,4688,0.6244367089966545,densenet121+drlbp+eva02_base+resnet50+vit_b16,
FMD,svm,42,4,full,random_077,0.9464477876993923,0.945,5,6498,0.633172060996003,dinov2_large+drlbp+efficientnet_b0+glcm+vgg16,
FMD,svm,42,4,full,random_078,0.970021910861389,0.97,5,1536,0.3215726389971678,dinov2_small+drlbp+gabor+rgb_ngram_svd+siglip_base,
FMD,svm,42,4,full,random_079,0.9100068319387962,0.91,5,3382,0.6596943589975126,densenet121+lbp+mae_base+swin_t+vit_b16,
FMD,svm,42,4,full,random_080,0.8824318121310603,0.88,5,9014,0.749383456997748,lbp+resnet101+resnet50+swin_t+vgg16,
FMD,svm,42,4,full,random_081,0.965167805744126,0.965,5,4352,0.6727100129937753,dinov2+efficientnet_b0+mae_base+siglip_base+vit_b16,
FMD,svm,42,4,full,random_082,0.9553229226913436,0.955,5,6576,0.5141069029996288,dinov2_small+efficientnet_b0+eva02_base+gabor+vgg16,
FMD,svm,42,4,full,random_083,0.8720026014099156,0.87,5,5652,1.0050598829984665,densenet121+gabor+hog+resnet101+swin_t,
FMD,svm,42,4,full,random_084,0.9601834875377282,0.96,5,5248,0.6480723200002103,convnext_v2_t+dinov2_small+efficientnet_b0+resnet101+siglip_base,
FMD,svm,42,4,full,random_085,0.954971363681248,0.955,5,1992,0.41625219200068386,dinov2_small+eva02_base+glcm+lbp+mae_base,
FMD,svm,42,4,full,random_086,0.9552176247811678,0.955,5,5732,0.8030983669959824,deit_s+hog+resnet50+siglip_base+vit_b16,
FMD,svm,42,4,full,random_087,0.9356208123794774,0.935,5,6064,0.4352521370019531,dinov2_small+gabor+swin_t+vgg16+vit_b16,
FMD,svm,42,4,full,random_088,0.8612339000085155,0.86,5,8164,0.8009584960018401,efficientnet_b0+hog+rgb_ngram_svd+swin_t+vgg16,
FMD,svm,42,4,full,random_089,0.9655177278861489,0.965,5,6064,0.5636973750006291,dinov2_small+gabor+mae_base+siglip_base+vgg16,
FMD,svm,42,4,full,random_090,0.9501673590363622,0.95,5,3638,0.6464974129994516,efficientnet_b0+eva02_base+lbp+mae_base+swin_t,
FMD,svm,42,4,full,random_091,0.960611489494673,0.96,5,4708,0.6751788819965441,convnext_v2_t+deit_s+dinov2_large+hog+swin_t,
FMD,svm,42,4,full,random_092,0.9552897569636383,0.955,5,3658,0.8556805300031556,densenet121+dinov2+gabor+hog+lbp,
FMD,svm,42,4,full,random_093,0.9460209310016756,0.945,5,5504,0.6817468039953383,deit_s+dinov2_large+efficientnet_b0+resnet101+swin_t,
FMD,svm,42,4,full,random_094,0.9651928684007676,0.965,5,3858,0.6119398180017015,densenet121+dinov2+efficientnet_b0+eva02_base+glcm,
FMD,svm,42,4,full,random_095,0.9601005092468509,0.96,5,4116,0.7376354919979349,eva02_base+gabor+hog+siglip_base+swin_t,
FMD,svm,42,4,full,random_096,0.9699718103890118,0.97,5,3712,0.5917955750046531,dinov2_large+dinov2_small+eva02_base+mae_base+siglip_base,
FMD,svm,42,4,full,random_097,0.960517727886149,0.96,5,7424,0.7386635040020337,densenet121+dinov2+mae_base+siglip_base+vgg16,
FMD,svm,42,4,full,random_098,0.9053927171257083,0.905,5,4662,0.674604983003519,convnext_v2_t+densenet121+lbp+resnet101+swin_t,
FMD,svm,42,4,full,random_099,0.9360117723091435,0.935,5,7296,0.5508624150024843,convnext_v2_t+deit_s+efficientnet_b0+eva02_base+vgg16,
FMD,svm,123,0,full,random_000,0.955234521575985,0.955,3,1810,0.3471234979951987,densenet121+eva02_base+glcm,
FMD,svm,123,0,full,random_001,0.9650754465902092,0.965,3,1158,0.2889854329987429,dinov2_large+drlbp+lbp,
FMD,svm,123,0,full,random_002,0.9749686834346655,0.975,3,2486,0.2860079840029357,dinov2_small+lbp+resnet50,
FMD,svm,123,0,full,random_003,0.9556547226743065,0.955,3,3712,0.414390617996105,dinov2_small+efficientnet_b0+resnet50,
FMD,svm,123,0,full,random_004,0.9603417314392925,0.96,3,3072,0.4415144849990611,densenet121+efficientnet_b0+eva02_base,
FMD,svm,123,0,full,random_005,0.9699088937971524,0.97,3,2486,0.3105049039950245,dinov2_small+lbp+resnet101,
FMD,svm,123,0,full,random_006,0.9596936429863259,0.96,3,3200,0.33978428399859695,deit_s+eva02_base+resnet50,
FMD,svm,123,0,full,random_007,0.919806528516413,0.92,3,1590,0.2725154109939467,convnext_v2_t+lbp+swin_t,
FMD,svm,123,0,full,random_008,0.6723708207514254,0.68,3,840,0.6156265899990103,glcm+lbp+mae_base,
FMD,svm,123,0,full,random_009,0.9651996160390942,0.965,3,5888,0.41678355199837824,densenet121+dinov2+vgg16,
FMD,svm,123,0,full,random_010,0.9053916686650961,0.905,3,3120,0.552040439004486,densenet121+gabor+resnet101,
FMD,svm,123,0,full,random_011,0.9749776175899412,0.975,3,3172,0.5346187359973555,densenet121+dinov2_small+hog,
FMD,svm,123,0,full,random_012,0.9751928684007677,0.975,3,3072,0.4189058699994348,convnext_v2_t+dinov2_large+efficientnet_b0,
FMD,svm,123,0,full,random_013,0.9851067631555438,0.985,3,2560,0.49863646200537914,dinov2_large+mae_base+siglip_base,
FMD,svm,123,0,full,random_014,0.9552183930746189,0.955,3,1590,0.3741020559973549,eva02_base+lbp+mae_base,
FMD,svm,123,0,full,random_015,0.9699088937971524,0.97,3,3200,0.4468691209985991,dinov2_small+mae_base+resnet101,
FMD,svm,123,0,full,random_016,0.9698462855073895,0.97,3,2806,0.6715632030027336,dinov2_large+glcm+hog,
FMD,svm,123,0,full,random_017,0.9700646632725624,0.97,3,2352,0.41493766899657203,dinov2_large+efficientnet_b0+gabor,
FMD,svm,123,0,full,random_018,0.9749686834346655,0.975,3,2450,0.29489801300223917,dinov2_small+glcm+resnet50,
FMD,svm,123,0,full,random_019,0.9254432120232042,0.925,3,3300,0.7568373980029719,convnext_v2_t+hog+mae_base,
FMD,svm,123,0,full,random_020,0.9552852953536597,0.955,3,1554,0.25801236699771835,dinov2+glcm+vit_b16,
FMD,svm,123,0,full,random_021,0.9008468357427967,0.9,3,3408,0.48666218199650757,drlbp+efficientnet_b0+resnet50,
FMD,svm,123,0,full,random_022,0.9803309481216458,0.98,3,1920,0.3265386769999168,dinov2_small+mae_base+vit_b16,
FMD,svm,123,0,full,random_023,0.9801067631555437,0.98,3,3200,0.32365448199561797,dinov2_small+eva02_base+resnet50,
FMD,svm,123,0,full,random_024,0.9155073091122589,0.915,3,6912,0.6328475109985447,mae_base+resnet101+vgg16,
FMD,svm,123,0,full,random_025,0.9749686834346655,0.975,3,3584,0.41971465799724683,eva02_base+resnet50+siglip_base,
FMD,svm,123,0,full,random_026,0.9350563696905161,0.935,3,3300,0.5217414630023995,convnext_v2_t+hog+vit_b16,
FMD,svm,123,0,full,random_027,0.9255896447167308,0.925,3,6144,0.4209809590029181,convnext_v2_t+efficientnet_b0+vgg16,
FMD,svm,123,0,full,random_028,0.955144088678435,0.955,3,2048,0.2624049579972052,deit_s+dinov2_small+efficientnet_b0,
FMD,svm,123,0,full,random_029,0.9051144126419525,0.905,3,2480,0.37544565399730345,deit_s+gabor+resnet101,
FMD,svm,123,0,full,random_030,0.9550385013799648,0.955,3,3584,0.4538248870012467,convnext_v2_t+resnet101+siglip_base,
FMD,svm,123,0,full,random_031,0.9646726477214281,0.965,3,2896,0.44810555900039617,drlbp+resnet101+siglip_base,
FMD,svm,123,0,full,random_032,0.8747599975263645,0.875,3,1462,0.3260228110011667,deit_s+densenet121+lbp,
FMD,svm,123,0,full,random_033,0.9653287298922727,0.965,3,2304,0.33922460099711316,convnext_v2_t+siglip_base+vit_b16,
FMD,svm,123,0,full,random_034,0.9552852953536597,0.955,3,1554,0.25970318500185385,dinov2+glcm+vit_b16,
FMD,svm,123,0,full,random_035,0.9799718103890118,0.98,3,1616,0.29829834699921776,dinov2+drlbp+siglip_base,
FMD,svm,123,0,full,random_036,0.9044554922096195,0.905,3,6912,0.5842815420037368,mae_base+resnet50+vgg16,
FMD,svm,123,0,full,random_037,0.8574932569126957,0.86,3,4194,0.2833648989981157,drlbp+glcm+vgg16,
FMD,svm,123,0,full,random_038,0.9010378153158103,0.9,3,2870,0.40787790800095536,lbp+resnet101+vit_b16,
FMD,svm,123,0,full,random_039,0.950450681111785,0.95,3,1584,0.38427447599679,eva02_base+gabor+mae_base,
FMD,svm,123,0,full,random_040,0.9748337306681336,0.975,3,2560,0.37682741000026,dinov2_large+siglip_base+swin_t,
FMD,svm,123,0,full,random_041,0.9652306263281873,0.965,3,3428,0.5281942189976689,dinov2_small+efficientnet_b0+hog,
FMD,svm,123,0,full,random_042,0.9698503528991333,0.97,3,1232,0.19256109799607657,convnext_v2_t+dinov2_small+drlbp,
FMD,svm,123,0,full,random_043,0.959947241462004,0.96,3,1792,0.2822787589975633,rgb_ngram_svd+siglip_base+swin_t,
FMD,svm,123,0,full,random_044,0.9697806886689474,0.97,3,2916,0.44723372400039807,dinov2_small+hog+swin_t,
FMD,svm,123,0,full,random_045,0.974912020751499,0.975,3,4196,0.5841825489987968,dinov2_small+hog+resnet101,
FMD,svm,123,0,full,random_046,0.9698462855073895,0.97,3,1840,0.4686707440050668,dinov2_large+gabor+mae_base,
FMD,svm,123,0,full,random_047,0.9801067631555437,0.98,3,5888,0.39476184800150804,dinov2_large+eva02_base+vgg16,
FMD,svm,123,0,full,random_048,0.9799686834346655,0.98,3,3840,0.44968669900117675,dinov2+dinov2_large+resnet50,
FMD,svm,123,0,full,random_049,0.9552852953536597,0.955,3,2304,0.3828093930060277,dinov2+mae_base+vit_b16,
FMD,svm,123,0,full,random_050,0.3451627046414983,0.375,3,120,0.046590828998887446,gabor+glcm+lbp,
FMD,svm,123,0,full,random_051,0.9301103272861939,0.93,3,2870,0.3628036459995201,convnext_v2_t+lbp+resnet50,
FMD,svm,123,0,full,random_052,0.9598655409631018,0.96,3,1792,0.2487464000005275,eva02_base+rgb_ngram_svd+vit_b16,
FMD,svm,123,0,full,random_053,0.8323329468791749,0.835,3,2868,0.8381281920010224,densenet121+drlbp+hog,
FMD,svm,123,0,full,random_054,0.9049901655523055,0.905,3,2512,0.3724918899970362,deit_s+drlbp+resnet101,
FMD,svm,123,0,full,random_055,0.6595080032631836,0.67,3,866,0.6478031829974498,drlbp+glcm+mae_base,
FMD,svm,123,0,full,random_056,0.9695565037028452,0.97,3,2560,0.37059274199418724,convnext_v2_t+dinov2_large+siglip_base,
FMD,svm,123,0,full,random_057,0.9803309481216458,0.98,3,4096,0.5092853919995832,densenet121+dinov2_large+resnet50,
FMD,svm,123,0,full,random_058,0.9901098901098901,0.99,3,3456,0.39028577499993844,dinov2_large+dinov2_small+resnet101,
FMD,svm,123,0,full,random_059,0.9803309481216458,0.98,3,3126,0.41060913700493984,dinov2_large+lbp+resnet50,
FMD,svm,123,0,full,random_060,0.9505636981760215,0.95,3,2550,0.5538679820019752,eva02_base+glcm+hog,
FMD,svm,123,0,full,random_061,0.9646726477214281,0.965,3,4580,0.7688571819962817,hog+resnet101+siglip_base,
FMD,svm,123,0,full,random_062,0.9602067786727606,0.96,3,902,0.20749410599819385,drlbp+eva02_base+lbp,
FMD,svm,123,0,full,random_063,0.9652215200289653,0.965,3,2432,0.3116270929967868,deit_s+efficientnet_b0+eva02_base,
FMD,svm,123,0,full,random_064,0.955234521575985,0.955,3,2560,0.46357082800386706,densenet121+eva02_base+mae_base,
FMD,svm,123,0,full,random_065,0.9749686834346655,0.975,3,3584,0.4259861680038739,eva02_base+resnet50+siglip_base,
FMD,svm,123,0,full,random_066,0.9702067786727607,0.97,3,1462,0.2555185060045915,deit_s+dinov2_large+lbp,
FMD,svm,123,0,full,random_067,0.9801067631555437,0.98,3,2916,0.44978172999981325,convnext_v2_t+dinov2_small+hog,
FMD,svm,123,0,full,random_068,0.9652067786727606,0.965,3,5504,0.32607375099905767,deit_s+dinov2_large+vgg16,
FMD,svm,123,0,full,random_069,0.9048217165803816,0.905,3,3346,0.5225575389995356,efficientnet_b0+glcm+resnet101,
FMD,svm,123,0,full,random_070,0.8539493490006969,0.855,3,2358,0.4818948329993873,densenet121+efficientnet_b0+lbp,
FMD,svm,123,0,full,random_071,0.9799686834346655,0.98,3,2176,0.30848594100098126,dinov2_large+dinov2_small+siglip_base,
FMD,svm,123,0,full,random_072,0.9597806886689473,0.96,3,1792,0.28591892099939287,eva02_base+rgb_ngram_svd+siglip_base,
FMD,svm,123,0,full,random_073,0.8746250447598329,0.875,3,1488,0.31416503700165777,deit_s+densenet121+drlbp,
FMD,svm,123,0,full,random_074,0.9700937616085239,0.97,3,1584,0.25883393599360716,dinov2+eva02_base+gabor,
FMD,svm,123,0,full,random_075,0.9699151477058454,0.97,3,2560,0.38541070799692534,dinov2_large+efficientnet_b0+rgb_ngram_svd,
FMD,svm,123,0,full,random_076,0.9698462855073895,0.97,3,1152,0.2990620269993087,dinov2_large+drlbp+gabor,
FMD,svm,123,0,full,random_077,0.9749785580273386,0.975,3,2560,0.32726624899805756,dinov2_large+eva02_base+swin_t,
FMD,svm,123,0,full,random_078,0.9748436052608067,0.975,3,1328,0.2957211070024641,dinov2_large+gabor+rgb_ngram_svd,
FMD,svm,123,0,full,random_079,0.9350563696905161,0.935,3,3300,0.5273337839971646,convnext_v2_t+hog+vit_b16,
FMD,svm,123,0,full,random_080,0.8811951709833611,0.88,3,1590,0.4022356679997756,lbp+mae_base+vit_b16,
FMD,svm,123,0,full,random_081,0.900308581021033,0.9,3,4836,0.8455869699973846,densenet121+hog+resnet101,
FMD,svm,123,0,full,random_082,0.9253907599401225,0.925,3,2304,0.37813496199669316,mae_base+swin_t+vit_b16,
FMD,svm,123,0,full,random_083,0.9751928684007677,0.975,3,6400,0.47910088500066195,dinov2_large+efficientnet_b0+vgg16,
FMD,svm,123,0,full,random_084,0.9752287143750558,0.975,3,3584,0.3903633390000323,dinov2+eva02_base+resnet50,
FMD,svm,123,0,full,random_085,0.8700858790332473,0.87,3,2322,0.4630961240036413,densenet121+efficientnet_b0+glcm,
FMD,svm,123,0,full,random_086,0.9851067631555438,0.985,3,1840,0.3558728490024805,dinov2_large+gabor+siglip_base,
FMD,svm,123,0,full,random_087,0.9699785580273386,0.97,3,2560,0.46704216500074835,densenet121+dinov2+mae_base,
FMD,svm,123,0,full,random_088,0.87639788944667,0.875,3,3830,0.8796911140016164,glcm+hog+resnet101,
FMD,svm,123,0,full,random_089,0.9749566223250433,0.975,3,1920,0.23867542899824912,dinov2+dinov2_small+swin_t,
FMD,svm,123,0,full,random_090,0.8757630181827872,0.875,3,840,0.21807583099871408,glcm+lbp+vit_b16,
FMD,svm,123,0,full,random_091,0.9703246942129529,0.97,3,2432,0.31044798099901527,dinov2_small+efficientnet_b0+vit_b16,
FMD,svm,123,0,full,random_092,0.9650646632725625,0.965,3,5632,0.3624626089949743,convnext_v2_t+siglip_base+vgg16,
FMD,svm,123,0,full,random_093,0.9246286447826885,0.925,3,1810,0.3738845699990634,densenet121+glcm+vit_b16,
FMD,svm,123,0,full,random_094,0.2466284014748977,0.295,3,146,0.03562522599531803,drlbp+gabor+glcm,
FMD,svm,123,0,full,random_095,0.8584295368428277,0.86,3,5120,0.3118558040005155,rgb_ngram_svd+swin_t+vgg16,
FMD,svm,123,0,full,random_096,0.9397024456074521,0.94,3,2048,0.35457096499885665,convnext_v2_t+densenet121+rgb_ngram_svd,
FMD,svm,123,0,full,random_097,0.9196905392325878,0.92,3,2560,0.49854547699942486,densenet121+mae_base+vit_b16,
FMD,svm,123,0,full,random_098,0.9851067631555438,0.985,3,3584,0.42895209900598275,dinov2+resnet50+siglip_base,
FMD,svm,123,0,full,random_099,0.9101844432845716,0.91,3,3408,0.5258438649980235,drlbp+efficientnet_b0+resnet101,
FMD,svm,123,1,full,random_000,0.9546936429863259,0.955,3,2560,0.36661191299936036,dinov2+dinov2_large+vit_b16,
FMD,svm,123,1,full,random_001,0.9343731971446392,0.935,3,456,0.1221539020043565,dinov2_small+glcm+lbp,
FMD,svm,123,1,full,random_002,0.959959302571626,0.96,3,2896,0.40458463299728464,dinov2+drlbp+resnet101,
FMD,svm,123,1,full,random_003,0.8701260561016658,0.87,3,2176,0.3561352920005447,deit_s+densenet121+swin_t,
FMD,svm,123,1,full,random_004,0.6006440343680653,0.61,3,2550,1.5069183329978841,glcm+hog+mae_base,
FMD,svm,123,1,full,random_005,0.8939958767620169,0.895,3,3840,0.5025597139974707,densenet121+resnet101+vit_b16,
FMD,svm,123,1,full,random_006,0.8449884859545426,0.845,3,1078,0.22959253400040325,lbp+rgb_ngram_svd+vit_b16,
FMD,svm,123,1,full,random_007,0.821268319603693,0.82,3,6628,0.8842508110028575,hog+mae_base+vgg16,
FMD,svm,123,1,full,random_008,0.8345511411300885,0.835,3,6192,0.432195633999072,gabor+resnet50+vgg16,
FMD,svm,123,1,full,random_009,0.8486359728098322,0.85,3,5860,0.8344851239962736,hog+resnet101+resnet50,
FMD,svm,123,1,full,random_010,0.9646596461744086,0.965,3,2432,0.3152707709959941,dinov2_small+efficientnet_b0+eva02_base,
FMD,svm,123,1,full,random_011,0.7622264949543511,0.765,3,694,0.21199198600515956,deit_s+lbp+rgb_ngram_svd,
FMD,svm,123,1,full,random_012,0.9446736450766661,0.945,3,1792,0.25554072100203484,dinov2+rgb_ngram_svd+vit_b16,
FMD,svm,123,1,full,random_013,0.9347586208561818,0.935,3,3200,0.33556863100238843,deit_s+dinov2+resnet50,
FMD,svm,123,1,full,random_014,0.9702306263281872,0.97,3,4912,0.3144571129960241,eva02_base+gabor+vgg16,
FMD,svm,123,1,full,random_015,0.739661918907681,0.745,3,834,0.6400714629999129,gabor+glcm+mae_base,
FMD,svm,123,1,full,random_016,0.9598404783064602,0.96,3,2176,0.3142170760038425,dinov2+dinov2_large+dinov2_small,
FMD,svm,123,1,full,random_017,0.9698869580948573,0.97,3,2870,0.4570095000017318,lbp+resnet101+siglip_base,
FMD,svm,123,1,full,random_018,0.8549879108929174,0.855,3,2896,0.6709126939967973,drlbp+mae_base+resnet101,
FMD,svm,123,1,full,random_019,0.8116382973101615,0.81,3,4198,0.30587465799908387,gabor+lbp+vgg16,
FMD,svm,123,1,full,random_020,0.8719320790617247,0.875,3,2066,0.3589628389963764,efficientnet_b0+glcm+vit_b16,
FMD,svm,123,1,full,random_021,0.9647977258952867,0.965,3,2304,0.37107205299980706,convnext_v2_t+eva02_base+mae_base,
FMD,svm,123,1,full,random_022,0.924396926992831,0.925,3,2816,0.2739191060027224,deit_s+dinov2_small+resnet50,
FMD,svm,123,1,full,random_023,0.9500214641536253,0.95,3,3840,0.41965996799990535,dinov2_large+resnet50+vit_b16,
FMD,svm,123,1,full,random_024,0.9799937460913071,0.98,3,3840,0.4936270180041902,dinov2_large+resnet101+siglip_base,
FMD,svm,123,1,full,random_025,0.969975431072992,0.97,3,5174,0.36233095500210766,dinov2_large+lbp+vgg16,
FMD,svm,123,1,full,random_026,0.9394901494901493,0.94,3,2432,0.3238501220039325,dinov2+dinov2_small+efficientnet_b0,
FMD,svm,123,1,full,random_027,0.8566561320733337,0.855,3,7908,0.7544588270029635,hog+resnet101+vgg16,
FMD,svm,123,1,full,random_028,0.9088077479540895,0.91,3,1682,0.2724811649968615,dinov2_small+efficientnet_b0+glcm,
FMD,svm,123,1,full,random_029,0.8731870812216813,0.875,3,2432,0.333172538994404,deit_s+efficientnet_b0+vit_b16,
FMD,svm,123,1,full,random_030,0.9444619679279501,0.945,3,2560,0.345834872998239,densenet121+dinov2+vit_b16,
FMD,svm,123,1,full,random_031,0.8345511411300885,0.835,3,6192,0.4396777869988,gabor+resnet50+vgg16,
FMD,svm,123,1,full,random_032,0.8653559263443731,0.865,3,1170,0.23084318000474013,deit_s+glcm+swin_t,
FMD,svm,123,1,full,random_033,0.8799058445377519,0.88,3,2870,0.41013277300226036,lbp+resnet101+vit_b16,
FMD,svm,123,1,full,random_034,0.9750817004989021,0.975,3,1616,0.2590790600006585,dinov2+drlbp+eva02_base,
FMD,svm,123,1,full,random_035,0.9649906191369606,0.965,3,840,0.20855095799925039,dinov2+glcm+lbp,
FMD,svm,123,1,full,random_036,0.9548274767594407,0.955,3,1840,0.31128474500292214,dinov2_large+gabor+vit_b16,
FMD,svm,123,1,full,random_037,0.8360960445276951,0.835,3,7168,0.5311047310024151,densenet121+resnet50+vgg16,
FMD,svm,123,1,full,random_038,0.9550535108879139,0.955,3,1232,0.19166203799977666,convnext_v2_t+dinov2_small+drlbp,
FMD,svm,123,1,full,random_039,0.9496413311560936,0.95,3,1170,0.20307810100348433,dinov2+dinov2_small+glcm,
FMD,svm,123,1,full,random_040,0.9699655564803191,0.97,3,1122,0.2923684279958252,dinov2_large+drlbp+glcm,
FMD,svm,123,1,full,random_041,0.9750817004989021,0.975,3,1584,0.2593246309988899,dinov2+eva02_base+gabor,
FMD,svm,123,1,full,random_042,0.9546345835177672,0.955,3,1232,0.19622025299759116,dinov2+dinov2_small+drlbp,
FMD,svm,123,1,full,random_043,0.9799906191369606,0.98,3,2806,0.6735788340010913,dinov2_large+glcm+hog,
FMD,svm,123,1,full,random_044,0.8167458845500162,0.815,3,5908,0.6914232909985003,gabor+hog+vgg16,
FMD,svm,123,1,full,random_045,0.9034983507485522,0.905,3,2176,0.32322055200347677,convnext_v2_t+deit_s+densenet121,
FMD,svm,123,1,full,random_046,0.9899937460913071,0.99,3,2816,0.41635410199523903,densenet121+dinov2_large+eva02_base,
FMD,svm,123,1,full,random_047,0.8996792592396676,0.9,3,1554,0.2601642690060544,glcm+swin_t+vit_b16,
FMD,svm,123,1,full,random_048,0.9549691771642991,0.955,3,2864,0.3522317210008623,dinov2+gabor+resnet50,
FMD,svm,123,1,full,random_049,0.9647977258952867,0.965,3,1616,0.25820749300328316,convnext_v2_t+drlbp+eva02_base,
FMD,svm,123,1,full,random_050,0.8192406149062496,0.82,3,3860,0.8086064669987536,gabor+hog+resnet50,
FMD,svm,123,1,full,random_051,0.8837654810210488,0.885,3,3812,0.6116425479995087,efficientnet_b0+hog+vit_b16,
FMD,svm,123,1,full,random_052,0.969993746091307,0.97,3,1872,0.31956707000063034,dinov2+dinov2_large+drlbp,
FMD,svm,123,1,full,random_053,0.9449203296429914,0.945,3,1920,0.25768108600459527,convnext_v2_t+deit_s+dinov2,
FMD,svm,123,1,full,random_054,0.9550416283343113,0.955,3,2432,0.3285577850037953,deit_s+efficientnet_b0+eva02_base,
FMD,svm,123,1,full,random_055,0.30086211677892727,0.315,3,1898,1.2093428640000639,drlbp+hog+lbp,
FMD,svm,123,1,full,random_056,0.8203871386798216,0.82,3,1126,0.37813942699722247,densenet121+gabor+lbp,
FMD,svm,123,1,full,random_057,0.9649686834346655,0.965,3,2432,0.33622434599965345,densenet121+dinov2_large+dinov2_small,
FMD,svm,123,1,full,random_058,0.9600875076998312,0.96,3,1200,0.20940966899797786,deit_s+eva02_base+gabor,
FMD,svm,123,1,full,random_059,0.9650848274532485,0.965,3,1872,0.30950382300216006,convnext_v2_t+dinov2_large+drlbp,
FMD,svm,123,1,full,random_060,0.9553067941899778,0.955,3,5248,0.31830432699644007,deit_s+siglip_base+vgg16,
FMD,svm,123,1,full,random_061,0.5766707579162829,0.595,3,2580,1.5364340439991793,gabor+hog+mae_base,
FMD,svm,123,1,full,random_062,0.9600973822925042,0.96,3,6144,0.4544499059993541,densenet121+dinov2_large+vgg16,
FMD,svm,123,1,full,random_063,0.9750547886798895,0.975,3,2816,0.38223421099974075,dinov2+efficientnet_b0+eva02_base,
FMD,svm,123,1,full,random_064,0.860303324483251,0.86,3,1712,0.3294826620040112,deit_s+efficientnet_b0+gabor,
FMD,svm,123,1,full,random_065,0.9702306263281872,0.97,3,4912,0.3100227579998318,eva02_base+gabor+vgg16,
FMD,svm,123,1,full,random_066,0.873894542832806,0.875,3,3200,0.35200844799692277,deit_s+resnet50+vit_b16,
FMD,svm,123,1,full,random_067,0.9550416283343113,0.955,3,2432,0.3412665340001695,deit_s+efficientnet_b0+eva02_base,
FMD,svm,123,1,full,random_068,0.8745817172816605,0.875,3,4944,0.3166733070029295,drlbp+vgg16+vit_b16,
FMD,svm,123,1,full,random_069,0.9599699363857347,0.96,3,1920,0.2461394179990748,dinov2_small+eva02_base+vit_b16,
FMD,svm,123,1,full,random_070,0.949528314091857,0.95,3,1920,0.311787667000317,dinov2+dinov2_small+mae_base,
FMD,svm,123,1,full,random_071,0.979855666370429,0.98,3,3584,0.45161569499759935,dinov2+resnet101+siglip_base,
FMD,svm,123,1,full,random_072,0.8708712723645405,0.87,3,6628,0.5870434909957112,hog+swin_t+vgg16,
FMD,svm,123,1,full,random_073,0.8581957473420887,0.86,3,2560,0.5004914279998047,densenet121+mae_base+vit_b16,
FMD,svm,123,1,full,random_074,0.5599529082923176,0.56,3,1042,0.5726960909960326,glcm+mae_base+rgb_ngram_svd,
FMD,svm,123,1,full,random_075,0.9497029990084591,0.95,3,4864,0.5682450230015093,resnet101+resnet50+siglip_base,
FMD,svm,123,1,full,random_076,0.8165880556437919,0.815,3,5878,0.6803344389991253,glcm+hog+vgg16,
FMD,svm,123,1,full,random_077,0.909401194451199,0.91,3,5760,0.34523659799742745,dinov2_small+efficientnet_b0+vgg16,
FMD,svm,123,1,full,random_078,0.7660258866677352,0.77,3,2166,0.6079075839952566,deit_s+glcm+hog,
FMD,svm,123,1,full,random_079,0.9548237859071665,0.955,3,2102,0.34035675099585205,efficientnet_b0+eva02_base+lbp,
FMD,svm,123,1,full,random_080,0.9750817004989021,0.975,3,1232,0.18195094100519782,dinov2_small+drlbp+eva02_base,
FMD,svm,123,1,full,random_081,0.8382964854917567,0.84,3,1554,0.39642426700447686,glcm+mae_base+vit_b16,
FMD,svm,123,1,full,random_082,0.8342132948519122,0.835,3,4176,0.5731264139976702,drlbp+resnet101+resnet50,
FMD,svm,123,1,full,random_083,0.9548869580948572,0.955,3,6912,0.46439330999419326,eva02_base+resnet101+vgg16,
FMD,svm,123,1,full,random_084,0.9044532626226509,0.905,3,3200,0.3788915339973755,convnext_v2_t+deit_s+resnet101,
FMD,svm,123,1,full,random_085,0.8848701012056924,0.885,3,4580,0.6304313340006047,hog+resnet50+vit_b16,
FMD,svm,123,1,full,random_086,0.9651745533824526,0.965,3,3200,0.3518411479963106,dinov2_small+eva02_base+resnet101,
FMD,svm,123,1,full,random_087,0.949528314091857,0.95,3,1920,0.32603285500226775,dinov2+dinov2_small+mae_base,
FMD,svm,123,1,full,random_088,0.9749718103890119,0.975,3,2870,0.4188954499986721,lbp+resnet50+siglip_base,
FMD,svm,123,1,full,random_089,0.8899764243644294,0.89,3,2896,0.4115833579999162,drlbp+resnet101+swin_t,
FMD,svm,123,1,full,random_090,0.984993746091307,0.985,3,840,0.25694109999312786,glcm+lbp+siglip_base,
FMD,svm,123,1,full,random_091,0.9550584093638695,0.955,3,1792,0.3688833490014076,dinov2+mae_base+rgb_ngram_svd,
FMD,svm,123,1,full,random_092,0.970081700498902,0.97,3,5632,0.3360615389974555,eva02_base+swin_t+vgg16,
FMD,svm,123,1,full,random_093,0.8493510236533492,0.85,3,1408,0.23398521399940364,deit_s+rgb_ngram_svd+swin_t,
FMD,svm,123,1,full,random_094,0.9496830259397058,0.95,3,2688,0.3763943910016678,dinov2_large+dinov2_small+efficientnet_b0,
FMD,svm,123,1,full,random_095,0.9600973822925042,0.96,3,1872,0.31440572399878874,dinov2_large+drlbp+vit_b16,
FMD,svm,123,1,full,random_096,0.801328992644782,0.8,3,6884,0.7107475419979892,densenet121+hog+vgg16,
FMD,svm,123,1,full,random_097,0.9751125703564728,0.975,3,1810,0.3194087779993424,dinov2+dinov2_large+glcm,
FMD,svm,123,1,full,random_098,0.8950835248203669,0.895,3,3584,0.5538746800011722,mae_base+resnet101+swin_t,
FMD,svm,123,1,full,random_099,0.8841519258941715,0.885,3,1408,0.21581532100390177,convnext_v2_t+deit_s+rgb_ngram_svd,
FMD,svm,123,2,full,random_000,0.9649436207780239,0.965,3,2816,0.38612290200399,efficientnet_b0+eva02_base+swin_t,
FMD,svm,123,2,full,random_001,0.979971810389012,0.98,3,1200,0.19904211800167104,dinov2_small+eva02_base+gabor,
FMD,svm,123,2,full,random_002,0.93040451383706,0.93,3,4918,0.30931972499820404,eva02_base+lbp+vgg16,
FMD,svm,123,2,full,random_003,0.4720541945139766,0.475,3,1072,0.5902389440016123,gabor+mae_base+rgb_ngram_svd,
FMD,svm,123,2,full,random_004,0.8853857422150104,0.885,3,3812,0.6444631740014302,efficientnet_b0+hog+swin_t,
FMD,svm,123,2,full,random_005,0.9397493721036128,0.94,3,2560,0.4969478139973944,convnext_v2_t+densenet121+mae_base,
FMD,svm,123,2,full,random_006,0.9498191430270422,0.95,3,5248,0.30238396499771625,dinov2+dinov2_small+vgg16,
FMD,svm,123,2,full,random_007,0.8646316698563169,0.865,3,4068,0.7389421539992327,hog+resnet50+rgb_ngram_svd,
FMD,svm,123,2,full,random_008,0.9748404783064604,0.975,3,2816,0.41692117400089046,dinov2+efficientnet_b0+siglip_base,
FMD,svm,123,2,full,random_009,0.9300051570962399,0.93,3,4580,0.6304503089995706,hog+resnet50+vit_b16,
FMD,svm,123,2,full,random_010,0.9699718103890118,0.97,3,3584,0.4241689820046304,dinov2+eva02_base+resnet101,
FMD,svm,123,2,full,random_011,0.8452961245700894,0.845,3,3300,0.6831607570056804,efficientnet_b0+hog+rgb_ngram_svd,
FMD,svm,123,2,full,random_012,0.8699489741156873,0.87,3,3892,0.8671415520002483,drlbp+hog+resnet101,
FMD,svm,123,2,full,random_013,0.9098589682616026,0.91,3,2870,0.4059484980025445,lbp+resnet101+vit_b16,
FMD,svm,123,2,full,random_014,0.984981684981685,0.985,3,1616,0.3097772450055345,drlbp+siglip_base+swin_t,
FMD,svm,123,2,full,random_015,0.9252237134174323,0.925,3,5248,0.3096649610015447,convnext_v2_t+deit_s+vgg16,
FMD,svm,123,2,full,random_016,0.9751928684007677,0.975,3,6884,0.6065923700007261,dinov2_large+hog+vgg16,
FMD,svm,123,2,full,random_017,0.9047405725069397,0.905,3,4580,0.6553791609985637,hog+resnet50+swin_t,
FMD,svm,123,2,full,random_018,0.8388428051650131,0.84,3,3556,1.0518479180027498,densenet121+hog+mae_base,
FMD,svm,123,2,full,random_019,0.9501057978772401,0.95,3,786,0.20551752900064457,deit_s+dinov2_small+glcm,
FMD,svm,123,2,full,random_020,0.31799694876092394,0.355,3,182,0.062409113998000976,drlbp+gabor+lbp,
FMD,svm,123,2,full,random_021,0.9599534953706967,0.96,3,1408,0.2511164660027134,deit_s+rgb_ngram_svd+siglip_base,
FMD,svm,123,2,full,random_022,0.9398556415295228,0.94,3,2176,0.3948291250053444,densenet121+dinov2_small+mae_base,
FMD,svm,123,2,full,random_023,0.9358088743432207,0.935,3,2128,0.35742123799718684,convnext_v2_t+drlbp+efficientnet_b0,
FMD,svm,123,2,full,random_024,0.9801928684007676,0.98,3,3840,0.4674664829944959,convnext_v2_t+dinov2_large+resnet101,
FMD,svm,123,2,full,random_025,0.9749718103890119,0.975,3,2560,0.3603053370025009,densenet121+dinov2+eva02_base,
FMD,svm,123,2,full,random_026,0.9696726477214282,0.97,3,3840,0.5617077580027399,dinov2_large+mae_base+resnet50,
FMD,svm,123,2,full,random_027,0.979971810389012,0.98,3,3584,0.4327526180059067,resnet50+siglip_base+vit_b16,
FMD,svm,123,2,full,random_028,0.9302255625798033,0.93,3,1810,0.34501265899598366,convnext_v2_t+densenet121+glcm,
FMD,svm,123,2,full,random_029,0.9647757901929916,0.965,3,2816,0.37996376500086626,dinov2+efficientnet_b0+swin_t,
FMD,svm,123,2,full,random_030,0.8856400462765925,0.885,3,2114,0.46304704700014554,gabor+glcm+resnet101,
FMD,svm,123,2,full,random_031,0.9849718103890119,0.985,3,3556,0.6345195190006052,dinov2_large+hog+siglip_base,
FMD,svm,123,2,full,random_032,0.9398336287874157,0.94,3,1360,0.2817343989954679,dinov2_large+drlbp+rgb_ngram_svd,
FMD,svm,123,2,full,random_033,0.9749686834346655,0.975,3,1206,0.2127720380012761,dinov2_small+lbp+siglip_base,
FMD,svm,123,2,full,random_034,0.9799686834346655,0.98,3,2304,0.32444894799846224,eva02_base+siglip_base+vit_b16,
FMD,svm,123,2,full,random_035,0.935891010018096,0.935,3,4096,0.47603467400040245,convnext_v2_t+efficientnet_b0+resnet50,
FMD,svm,123,2,full,random_036,0.8549820935980892,0.855,3,834,0.23035102400172036,gabor+glcm+swin_t,
FMD,svm,123,2,full,random_037,0.9448618954382157,0.945,3,3072,0.45666166500450345,convnext_v2_t+densenet121+efficientnet_b0,
FMD,svm,123,2,full,random_038,0.8699473751335113,0.87,3,6162,0.43928979599877493,glcm+resnet50+vgg16,
FMD,svm,123,2,full,random_039,0.9849718103890119,0.985,3,2896,0.46841958199365763,drlbp+resnet101+siglip_base,
FMD,svm,123,2,full,random_040,0.8945201776138875,0.895,3,6224,0.48769706699386006,drlbp+resnet101+vgg16,
FMD,svm,123,2,full,random_041,0.945852264979351,0.945,3,840,0.21641322600044077,dinov2+glcm+lbp,
FMD,svm,123,2,full,random_042,0.9749686834346655,0.975,3,1616,0.2986028129962506,dinov2+drlbp+siglip_base,
FMD,svm,123,2,full,random_043,0.9600615363182159,0.96,3,2304,0.38446155499696033,convnext_v2_t+dinov2+mae_base,
FMD,svm,123,2,full,random_044,0.9498766367944205,0.95,3,1488,0.2638126209931215,densenet121+dinov2_small+drlbp,
FMD,svm,123,2,full,random_045,0.8608713169505927,0.86,3,2512,0.3398981799982721,deit_s+drlbp+resnet50,
FMD,svm,123,2,full,random_046,0.974965556480319,0.975,3,2816,0.4108333589974791,convnext_v2_t+efficientnet_b0+siglip_base,
FMD,svm,123,2,full,random_047,0.9498686430765423,0.95,3,1554,0.2697845980001148,convnext_v2_t+glcm+vit_b16,
FMD,svm,123,2,full,random_048,0.8841177129816412,0.885,3,3556,0.6522132030004286,densenet121+hog+swin_t,
FMD,svm,123,2,full,random_049,0.9699718103890118,0.97,3,3584,0.41742539199913153,dinov2+eva02_base+resnet101,
FMD,svm,123,2,full,random_050,0.9748306037137873,0.975,3,1616,0.2651495110039832,dinov2+drlbp+swin_t,
FMD,svm,123,2,full,random_051,0.9849718103890119,0.985,3,1810,0.3128303859994048,dinov2_large+glcm+swin_t,
FMD,svm,123,2,full,random_052,0.8649024073221764,0.865,3,5504,0.3764378050036612,deit_s+densenet121+vgg16,
FMD,svm,123,2,full,random_053,0.5289581203830933,0.535,3,2550,1.520263608006644,glcm+hog+mae_base,
FMD,svm,123,2,full,random_054,0.9699265835516844,0.97,3,2580,0.5846568549968651,dinov2+gabor+hog,
FMD,svm,123,2,full,random_055,0.9849718103890119,0.985,3,2560,0.35298552599851973,dinov2+dinov2_large+swin_t,
FMD,svm,123,2,full,random_056,0.93474311819492,0.935,3,1078,0.22570714500034228,eva02_base+lbp+rgb_ngram_svd,
FMD,svm,123,2,full,random_057,0.2727781516912623,0.32,3,146,0.03557599899795605,drlbp+gabor+glcm,
FMD,svm,123,2,full,random_058,0.944871323323125,0.945,3,5888,0.4135432760012918,densenet121+dinov2+vgg16,
FMD,svm,123,2,full,random_059,0.8561389929578127,0.855,3,1682,0.32599079699866707,deit_s+efficientnet_b0+glcm,
FMD,svm,123,2,full,random_060,0.8793366208106335,0.88,3,2550,0.6031819869967876,glcm+hog+vit_b16,
FMD,svm,123,2,full,random_061,0.9799686834346655,0.98,3,896,0.27256238400150323,drlbp+gabor+siglip_base,
FMD,svm,123,2,full,random_062,0.9551928684007676,0.955,3,1616,0.26960108999628574,convnext_v2_t+dinov2+drlbp,
FMD,svm,123,2,full,random_063,0.9695466291101722,0.97,3,3072,0.4152430780013674,dinov2_large+efficientnet_b0+vit_b16,
FMD,svm,123,2,full,random_064,0.9749754310729921,0.975,3,1846,0.40120346400362905,densenet121+lbp+siglip_base,
FMD,svm,123,2,full,random_065,0.9498807041861644,0.95,3,2304,0.39404698200087296,convnext_v2_t+mae_base+vit_b16,
FMD,svm,123,2,full,random_066,0.9649525549332996,0.965,3,2916,0.443421836993366,dinov2_small+hog+swin_t,
FMD,svm,123,2,full,random_067,0.9749718103890119,0.975,3,2612,0.6787979759974405,drlbp+hog+siglip_base,
FMD,svm,123,2,full,random_068,0.979971810389012,0.98,3,2304,0.3115725759998895,dinov2+eva02_base+swin_t,
FMD,svm,123,2,full,random_069,0.9799686834346655,0.98,3,1846,0.305707400002575,dinov2_large+lbp+vit_b16,
FMD,svm,123,2,full,random_070,0.815320257406265,0.815,3,5168,0.4281311689992435,densenet121+gabor+vgg16,
FMD,svm,123,2,full,random_071,0.8846792108955823,0.885,3,2896,0.6826449139989563,drlbp+mae_base+resnet101,
FMD,svm,123,2,full,random_072,0.9849718103890119,0.985,3,1920,0.4163914050004678,deit_s+mae_base+siglip_base,
FMD,svm,123,2,full,random_073,0.9749686834346655,0.975,3,2916,0.5649348160004593,deit_s+hog+siglip_base,
FMD,svm,123,2,full,random_074,0.9252237134174323,0.925,3,5248,0.2994564550026553,convnext_v2_t+deit_s+vgg16,
FMD,svm,123,2,full,random_075,0.9799686834346655,0.98,3,2560,0.4347476119946805,dinov2_large+mae_base+vit_b16,
FMD,svm,123,2,full,random_076,0.884500089127817,0.885,3,6144,0.43849896399478894,efficientnet_b0+swin_t+vgg16,
FMD,svm,123,2,full,random_077,0.9749686834346655,0.975,3,2128,0.3962927990069147,drlbp+efficientnet_b0+siglip_base,
FMD,svm,123,2,full,random_078,0.8949487210106073,0.895,3,4836,0.8413579919943004,densenet121+hog+resnet101,
FMD,svm,123,2,full,random_079,0.979971810389012,0.98,3,2304,0.3275806640012888,dinov2+siglip_base+vit_b16,
FMD,svm,123,2,full,random_080,0.8904374037085923,0.89,3,4352,0.5745930120028788,densenet121+efficientnet_b0+resnet50,
FMD,svm,123,2,full,random_081,0.9499869736120743,0.95,3,1170,0.27619588899688097,dinov2_small+glcm+mae_base,
FMD,svm,123,2,full,random_082,0.9596377104721135,0.96,3,2432,0.3937323920035851,dinov2_small+efficientnet_b0+mae_base,
FMD,svm,123,2,full,random_083,0.8799670651060328,0.88,3,5424,0.4079832389979856,efficientnet_b0+gabor+vgg16,
FMD,svm,123,2,full,random_084,0.8961707840046136,0.895,3,4114,0.5744810440010042,glcm+resnet101+resnet50,
FMD,svm,123,2,full,random_085,0.8905208576333765,0.89,3,4864,0.7185023059937521,mae_base+resnet101+resnet50,
FMD,svm,123,2,full,random_086,0.775459567903123,0.775,3,5914,0.6919887480034959,hog+lbp+vgg16,
FMD,svm,123,2,full,random_087,0.945852264979351,0.945,3,840,0.20742649400199298,dinov2+glcm+lbp,
FMD,svm,123,2,full,random_088,0.865838757526871,0.865,3,2486,0.3369587400011369,deit_s+lbp+resnet50,
FMD,svm,123,2,full,random_089,0.9451805010149041,0.945,3,486,0.11948757500067586,dinov2_small+gabor+lbp,
FMD,svm,123,2,full,random_090,0.8802478757870287,0.88,3,6628,0.5859764170018025,hog+swin_t+vgg16,
FMD,svm,123,2,full,random_091,0.9499918008262039,0.95,3,1122,0.30372336500295205,dinov2_large+drlbp+glcm,
FMD,svm,123,2,full,random_092,0.9448623891678494,0.945,3,1846,0.336212369002169,densenet121+eva02_base+lbp,
FMD,svm,123,2,full,random_093,0.9849718103890119,0.985,3,902,0.2611237519959104,drlbp+lbp+siglip_base,
FMD,svm,123,2,full,random_094,0.9646726477214281,0.965,3,5632,0.335741673996381,dinov2+swin_t+vgg16,
FMD,svm,123,2,full,random_095,0.9799686834346655,0.98,3,3584,0.5809593989979476,mae_base+resnet50+siglip_base,
FMD,svm,123,2,full,random_096,0.9899749373433584,0.99,3,3556,0.5787928029967588,dinov2_large+hog+swin_t,
FMD,svm,123,2,full,random_097,0.8240261540344382,0.825,3,2868,0.8223790080010076,densenet121+drlbp+hog,
FMD,svm,123,2,full,random_098,0.87515968650115,0.875,3,3126,0.510001968999859,densenet121+lbp+resnet50,
FMD,svm,123,2,full,random_099,0.3768313293002821,0.38,3,2038,0.9876008909996017,glcm+hog+rgb_ngram_svd,
FMD,svm,123,3,full,random_000,0.9599113954877158,0.96,4,3632,0.522795364006015,eva02_base+gabor+resnet101+siglip_base,
FMD,svm,123,3,full,random_001,0.9040534262485483,0.905,4,3840,0.4419699499994749,convnext_v2_t+resnet50+rgb_ngram_svd+vit_b16,
FMD,svm,123,3,full,random_002,0.9247090007841716,0.925,4,3120,0.49297216999548255,gabor+resnet50+rgb_ngram_svd+siglip_base,
FMD,svm,123,3,full,random_003,0.8988657074715528,0.9,4,6656,0.6911072040020372,densenet121+mae_base+siglip_base+vgg16,
FMD,svm,123,3,full,random_004,0.8895894755650853,0.89,4,4068,0.735053660995618,convnext_v2_t+hog+mae_base+vit_b16,
FMD,svm,123,3,full,random_005,0.9242337224416216,0.925,4,3584,0.4647201749976375,convnext_v2_t+efficientnet_b0+eva02_base+vit_b16,
FMD,svm,123,3,full,random_006,0.9545773204117234,0.955,4,6656,0.5172573500021826,dinov2+dinov2_large+siglip_base+vgg16,
FMD,svm,123,3,full,random_007,0.9349351803523819,0.935,4,2882,0.4159246119961608,eva02_base+gabor+glcm+resnet50,
FMD,svm,123,3,full,random_008,0.9398118737001324,0.94,4,3328,0.44576442499965196,convnext_v2_t+dinov2+dinov2_large+swin_t,
FMD,svm,123,3,full,random_009,0.9249372851647684,0.925,4,5680,0.498835030994087,eva02_base+gabor+mae_base+vgg16,
FMD,svm,123,3,full,random_010,0.8456666525601058,0.845,4,1536,0.40454011400288437,deit_s+densenet121+drlbp+gabor,
FMD,svm,123,3,full,random_011,0.9252916531478791,0.925,4,5860,0.7448431020020507,efficientnet_b0+eva02_base+hog+resnet50,
FMD,svm,123,3,full,random_012,0.919688197980881,0.92,4,3968,0.44465881200449076,dinov2_small+efficientnet_b0+resnet50+rgb_ngram_svd,
FMD,svm,123,3,full,random_013,0.9597856647856648,0.96,4,2614,0.38827983700321056,dinov2_large+eva02_base+lbp+swin_t,
FMD,svm,123,3,full,random_014,0.8662203585887797,0.865,4,2816,0.5698502049999661,densenet121+mae_base+rgb_ngram_svd+vit_b16,
FMD,svm,123,3,full,random_015,0.8412002180300835,0.84,4,3172,0.5821540149991051,deit_s+hog+rgb_ngram_svd+vit_b16,
FMD,svm,123,3,full,random_016,0.8942173679978558,0.895,4,1810,0.3090758710022783,convnext_v2_t+glcm+rgb_ngram_svd+vit_b16,
FMD,svm,123,3,full,random_017,0.9599463010246065,0.96,4,1920,0.37387022499751765,dinov2_large+drlbp+eva02_base+gabor,
FMD,svm,123,3,full,random_018,0.8519824227961103,0.85,4,6116,0.9329477360006422,densenet121+efficientnet_b0+hog+resnet50,
FMD,svm,123,3,full,random_019,0.8703278834986152,0.87,4,3894,0.5523645830035093,densenet121+lbp+resnet50+vit_b16,
FMD,svm,123,3,full,random_020,0.7958286937832076,0.795,4,4784,0.327542828003061,deit_s+gabor+rgb_ngram_svd+vgg16,
FMD,svm,123,3,full,random_021,0.9306118387289836,0.93,4,2000,0.4129547470001853,deit_s+dinov2+drlbp+mae_base,
FMD,svm,123,3,full,random_022,0.8658444300389847,0.865,4,2896,0.5961242459961795,drlbp+efficientnet_b0+mae_base+vit_b16,
FMD,svm,123,3,full,random_023,0.9245292999108266,0.925,4,4068,0.5889663679990917,convnext_v2_t+dinov2+hog+swin_t,
FMD,svm,123,3,full,random_024,0.9052309480616494,0.905,4,4224,0.6202298979987972,densenet121+dinov2_small+mae_base+resnet101,
FMD,svm,123,3,full,random_025,0.9299518479649537,0.93,4,2934,0.5536344159991131,deit_s+eva02_base+glcm+hog,
FMD,svm,123,3,full,random_026,0.9348789326645551,0.935,4,4370,0.637954042002093,dinov2_large+efficientnet_b0+glcm+resnet101,
FMD,svm,123,3,full,random_027,0.7714804570003543,0.77,4,2934,0.9650709249981446,deit_s+glcm+hog+mae_base,
FMD,svm,123,3,full,random_028,0.9195110630504845,0.92,4,5680,0.4092278480020468,eva02_base+gabor+swin_t+vgg16,
FMD,svm,123,3,full,random_029,0.9343025697197712,0.935,4,2256,0.3645297920011217,convnext_v2_t+densenet121+dinov2_small+drlbp,
FMD,svm,123,3,full,random_030,0.8261712857004972,0.825,4,3248,0.5779827160004061,deit_s+gabor+mae_base+resnet50,
FMD,svm,123,3,full,random_031,0.8358596415860466,0.84,4,3910,1.0608295459969668,drlbp+glcm+hog+resnet101,
FMD,svm,123,3,full,random_032,0.8903510426145289,0.89,4,4096,0.5153310570021858,convnext_v2_t+densenet121+resnet50+rgb_ngram_svd,
FMD,svm,123,3,full,random_033,0.9289555972482801,0.93,4,3584,0.4034402690012939,convnext_v2_t+deit_s+dinov2_small+resnet101,
FMD,svm,123,3,full,random_034,0.8184745055940009,0.82,4,4660,1.1637828029997763,drlbp+hog+mae_base+resnet50,
FMD,svm,123,3,full,random_035,0.9148038793481668,0.915,4,2688,0.383320687993546,deit_s+efficientnet_b0+eva02_base+rgb_ngram_svd,
FMD,svm,123,3,full,random_036,0.8435040241436337,0.845,4,4854,0.9976830020023044,densenet121+glcm+hog+resnet101,
FMD,svm,123,3,full,random_037,0.9393251579502586,0.94,4,3126,0.6234929180063773,dinov2_large+efficientnet_b0+lbp+mae_base,
FMD,svm,123,3,full,random_038,0.89901862365277,0.9,4,3632,0.6585438929978409,convnext_v2_t+gabor+mae_base+resnet101,
FMD,svm,123,3,full,random_039,0.9549082685333692,0.955,4,2864,0.476273719999881,efficientnet_b0+eva02_base+gabor+siglip_base,
FMD,svm,123,3,full,random_040,0.870171516258532,0.87,4,3632,0.49102420399867697,gabor+resnet101+swin_t+vit_b16,
FMD,svm,123,3,full,random_041,0.9449104550503182,0.945,4,2608,0.5774035409995122,densenet121+dinov2+gabor+mae_base,
FMD,svm,123,3,full,random_042,0.9449351803523818,0.945,4,2384,0.4598790160016506,drlbp+eva02_base+mae_base+swin_t,
FMD,svm,123,3,full,random_043,0.9303795605336042,0.93,4,3280,0.40406784800143214,deit_s+dinov2+drlbp+resnet50,
FMD,svm,123,3,full,random_044,0.9448893637776224,0.945,4,2176,0.3347571330014034,deit_s+eva02_base+rgb_ngram_svd+siglip_base,
FMD,svm,123,3,full,random_045,0.85507778822613,0.855,4,2486,0.41299786600575317,deit_s+efficientnet_b0+lbp+swin_t,
FMD,svm,123,3,full,random_046,0.9345815415185805,0.935,4,3968,0.4313531520019751,dinov2_small+eva02_base+resnet101+swin_t,
FMD,svm,123,3,full,random_047,0.7959950616369101,0.795,4,1144,0.4503564920014469,densenet121+gabor+glcm+lbp,
FMD,svm,123,3,full,random_048,0.9297170147028343,0.93,4,3968,0.4237287750001997,convnext_v2_t+dinov2+dinov2_small+resnet50,
FMD,svm,123,3,full,random_049,0.9353403442941313,0.935,4,2304,0.29307851999328705,deit_s+dinov2+dinov2_small+swin_t,
FMD,svm,123,3,full,random_050,0.9043625031365725,0.905,4,902,0.17285433300276054,deit_s+dinov2_small+drlbp+lbp,
FMD,svm,123,3,full,random_051,0.9350991497503125,0.935,4,3638,0.4426351610018173,eva02_base+lbp+resnet50+swin_t,
FMD,svm,123,3,full,random_052,0.9445471228398057,0.945,4,6016,0.39203497400012566,dinov2+dinov2_small+eva02_base+vgg16,
FMD,svm,123,3,full,random_053,0.8404651969639879,0.84,4,1224,0.26468488899990916,deit_s+glcm+lbp+swin_t,
FMD,svm,123,3,full,random_054,0.9400521237427528,0.94,4,1926,0.38868409499991685,dinov2_large+drlbp+lbp+vit_b16,
FMD,svm,123,3,full,random_055,0.9395190920273764,0.94,4,1638,0.47269338500336744,dinov2+gabor+lbp+mae_base,
FMD,svm,123,3,full,random_056,0.870171516258532,0.87,4,3632,0.4916647559948615,gabor+resnet101+swin_t+vit_b16,
FMD,svm,123,3,full,random_057,0.9547050788321648,0.955,4,2944,0.4164000200034934,deit_s+dinov2_large+siglip_base+swin_t,
FMD,svm,123,3,full,random_058,0.8902861357033374,0.89,4,1250,0.26679361300193705,convnext_v2_t+deit_s+drlbp+glcm,
FMD,svm,123,3,full,random_059,0.8411277785199858,0.84,4,7680,0.5801554179997765,efficientnet_b0+resnet50+rgb_ngram_svd+vgg16,
FMD,svm,123,3,full,random_060,0.9441752617028015,0.945,4,3712,0.4257815050004865,dinov2_large+dinov2_small+resnet50+rgb_ngram_svd,
FMD,svm,123,3,full,random_061,0.9100780249560737,0.91,4,9216,0.6593827939941548,dinov2_large+resnet101+resnet50+vgg16,
FMD,svm,123,3,full,random_062,0.8250125397463695,0.825,4,7926,0.8334502919969964,glcm+hog+resnet50+vgg16,
FMD,svm,123,3,full,random_063,0.9045111797776215,0.905,4,3940,0.5922452730010264,densenet121+dinov2_small+hog+swin_t,
FMD,svm,123,3,full,random_064,0.9396311686542156,0.94,4,2578,0.39483952700538794,convnext_v2_t+dinov2_large+glcm+swin_t,
FMD,svm,123,3,full,random_065,0.9243819210314719,0.925,4,2128,0.3302352679966134,deit_s+dinov2_small+drlbp+efficientnet_b0,
FMD,svm,123,3,full,random_066,0.9296825339829191,0.93,4,2096,0.47045638199779205,densenet121+gabor+rgb_ngram_svd+siglip_base,
FMD,svm,123,3,full,random_067,0.9305074839734659,0.93,4,4150,0.6013144890021067,efficientnet_b0+lbp+resnet50+siglip_base,
FMD,svm,123,3,full,random_068,0.9094919170021418,0.91,4,2000,0.30920674899971345,convnext_v2_t+deit_s+drlbp+swin_t,
FMD,svm,123,3,full,random_069,0.9300472569792211,0.93,4,3318,0.5850932090033893,eva02_base+glcm+hog+swin_t,
FMD,svm,123,3,full,random_070,0.9290548057094317,0.93,4,4608,0.6054727239970816,dinov2_large+mae_base+resnet50+swin_t,
FMD,svm,123,3,full,random_071,0.9296371465741856,0.93,4,3840,0.5615648940001847,convnext_v2_t+densenet121+efficientnet_b0+siglip_base,
FMD,svm,123,3,full,random_072,0.944633542682323,0.945,4,3152,0.5230258590017911,densenet121+dinov2+drlbp+efficientnet_b0,
FMD,svm,123,3,full,random_073,0.8115311142880905,0.81,4,6480,0.4979245680005988,drlbp+resnet50+rgb_ngram_svd+vgg16,
FMD,svm,123,3,full,random_074,0.9149910209602122,0.915,4,1090,0.28128160900087096,dinov2+gabor+glcm+rgb_ngram_svd,
FMD,svm,123,3,full,random_075,0.8896308783215074,0.89,4,4864,0.5811248880054336,convnext_v2_t+efficientnet_b0+resnet101+vit_b16,
FMD,svm,123,3,full,random_076,0.9448692956047348,0.945,4,1218,0.2480577039968921,deit_s+eva02_base+gabor+glcm,
FMD,svm,123,3,full,random_077,0.9499968482047475,0.95,4,3920,0.5536192870058585,densenet121+drlbp+eva02_base+resnet101,
FMD,svm,123,3,full,random_078,0.9399035279523085,0.94,4,1218,0.2512727729990729,dinov2_small+gabor+glcm+siglip_base,
FMD,svm,123,3,full,random_079,0.9449943737785933,0.945,4,2194,0.35978043700015405,deit_s+densenet121+eva02_base+glcm,
FMD,svm,123,3,full,random_080,0.9296858233764524,0.93,4,6480,0.5506137129996205,dinov2_large+drlbp+efficientnet_b0+vgg16,
FMD,svm,123,3,full,random_081,0.8358596415860466,0.84,4,3910,1.0308267939981306,drlbp+glcm+hog+resnet101,
FMD,svm,123,3,full,random_082,0.9294781887785739,0.93,4,6656,0.5283994420024101,densenet121+siglip_base+vgg16+vit_b16,
FMD,svm,123,3,full,random_083,0.914119639531371,0.915,4,4864,0.6186927079979796,efficientnet_b0+resnet101+siglip_base+swin_t,
FMD,svm,123,3,full,random_084,0.859028551467576,0.86,4,4608,0.7439892260008492,densenet121+mae_base+resnet101+swin_t,
FMD,svm,123,3,full,random_085,0.9038262493792841,0.905,4,3254,0.5167379839986097,dinov2_small+lbp+mae_base+resnet101,
FMD,svm,123,3,full,random_086,0.9341963002938612,0.935,4,7680,0.5805295910031418,dinov2+resnet101+siglip_base+vgg16,
FMD,svm,123,3,full,random_087,0.8993939554691265,0.9,4,2640,0.5805328700007522,convnext_v2_t+densenet121+drlbp+mae_base,
FMD,svm,123,3,full,random_088,0.88967770582348,0.89,4,3610,0.7443116720023681,convnext_v2_t+densenet121+hog+lbp,
FMD,svm,123,3,full,random_089,0.880050817817185,0.88,4,7296,0.5209445879954728,deit_s+resnet101+swin_t+vgg16,
FMD,svm,123,3,full,random_090,0.9200126645569521,0.92,4,4912,0.5959156559983967,dinov2+gabor+resnet101+resnet50,
FMD,svm,123,3,full,random_091,0.9240323268863138,0.925,4,1462,0.2262637569947401,dinov2_small+eva02_base+lbp+rgb_ngram_svd,
FMD,svm,123,3,full,random_092,0.7412727084252893,0.74,4,5138,0.5506178959985846,glcm+mae_base+rgb_ngram_svd+vgg16,
FMD,svm,123,3,full,random_093,0.9247555066843361,0.925,4,3200,0.43688363499677507,dinov2_small+efficientnet_b0+siglip_base+swin_t,
FMD,svm,123,3,full,random_094,0.9448409720360939,0.945,4,3888,0.5593318510000245,dinov2+dinov2_large+gabor+resnet101,
FMD,svm,123,3,full,random_095,0.9251021349095805,0.925,4,1872,0.3067884310003137,dinov2+drlbp+rgb_ngram_svd+swin_t,
FMD,svm,123,3,full,random_096,0.9053884946888797,0.905,4,6400,0.5302346040043631,efficientnet_b0+rgb_ngram_svd+siglip_base+vgg16,
FMD,svm,123,3,full,random_097,0.9696659000831017,0.97,4,3858,0.5763113650027663,dinov2_large+glcm+resnet101+siglip_base,
FMD,svm,123,3,full,random_098,0.9395846684729271,0.94,4,5248,0.5150953509946703,dinov2_small+eva02_base+resnet101+resnet50,
FMD,svm,123,3,full,random_099,0.8982279373742788,0.9,4,530,0.11775603800197132,dinov2_small+drlbp+gabor+glcm,
FMD,svm,123,4,full,random_000,0.9005277917793965,0.9,3,1920,0.26113901200005785,convnext_v2_t+deit_s+vit_b16,
FMD,svm,123,4,full,random_001,0.9202347550450366,0.92,3,2176,0.29449869399832096,densenet121+dinov2_small+swin_t,
FMD,svm,123,4,full,random_002,0.8762197159565581,0.875,3,2560,0.3601662569999462,convnext_v2_t+densenet121+swin_t,
FMD,svm,123,4,full,random_003,0.9449064970117602,0.945,3,2816,0.42975886399653973,densenet121+dinov2+dinov2_large,
FMD,svm,123,4,full,random_004,0.9399884077791055,0.94,3,1426,0.23275258200010285,dinov2_large+dinov2_small+glcm,
FMD,svm,123,4,full,random_005,0.9598462855073896,0.96,3,2304,0.3253328610007884,dinov2+siglip_base+swin_t,
FMD,svm,123,4,full,random_006,0.8134550600340074,0.815,3,2450,0.3295090700048604,deit_s+glcm+resnet50,
FMD,svm,123,4,full,random_007,0.9017127711864555,0.9,3,6912,0.4651096290035639,convnext_v2_t+resnet101+vgg16,
FMD,svm,123,4,full,random_008,0.8553729756760399,0.855,3,2916,0.5309473770030309,deit_s+hog+swin_t,
FMD,svm,123,4,full,random_009,0.8456906617831995,0.845,3,1170,0.2196390960016288,deit_s+glcm+swin_t,
FMD,svm,123,4,full,random_010,0.9508476888964694,0.95,3,2176,0.30752146700251615,deit_s+densenet121+eva02_base,
FMD,svm,123,4,full,random_011,0.8998227231764563,0.9,3,3584,0.4167305920054787,resnet101+swin_t+vit_b16,
FMD,svm,123,4,full,random_012,0.8594335257378736,0.86,3,3200,0.373140974996204,deit_s+resnet50+swin_t,
FMD,svm,123,4,full,random_013,0.9353291419173437,0.935,3,1042,0.22192769899993436,dinov2+glcm+rgb_ngram_svd,
FMD,svm,123,4,full,random_014,0.9546855017907647,0.955,3,1616,0.2969136259998777,convnext_v2_t+drlbp+siglip_base,
FMD,svm,123,4,full,random_015,0.9351942708553749,0.935,3,5504,0.3467155600010301,deit_s+dinov2_large+vgg16,
FMD,svm,123,4,full,random_016,0.9949968730456537,0.995,3,3300,0.5711527690000366,eva02_base+hog+siglip_base,
FMD,svm,123,4,full,random_017,0.9650579156342358,0.965,3,2896,0.46160396299819695,drlbp+resnet101+siglip_base,
FMD,svm,123,4,full,random_018,0.9203022191630126,0.92,3,2176,0.2999857789982343,densenet121+dinov2_small+vit_b16,
FMD,svm,123,4,full,random_019,0.846288200629485,0.845,3,2432,0.45284494300722145,deit_s+efficientnet_b0+mae_base,
FMD,svm,123,4,full,random_020,0.9652067786727606,0.965,3,3200,0.310987141005171,dinov2_small+eva02_base+resnet50,
FMD,svm,123,4,full,random_021,0.9449123042126892,0.945,3,1810,0.34128042600059416,dinov2+dinov2_large+glcm,
FMD,svm,123,4,full,random_022,0.9700646632725624,0.97,3,2864,0.4572894939992693,gabor+resnet101+siglip_base,
FMD,svm,123,4,full,random_023,0.9400201863616499,0.94,3,2048,0.2931700369954342,dinov2_large+rgb_ngram_svd+vit_b16,
FMD,svm,123,4,full,random_024,0.833462117238127,0.835,3,7908,0.7493659760002629,hog+resnet101+vgg16,
FMD,svm,123,4,full,random_025,0.8595411848288226,0.86,3,6912,0.611013172994717,mae_base+resnet101+vgg16,
FMD,svm,123,4,full,random_026,0.9702067786727607,0.97,3,1554,0.24296651199983899,eva02_base+glcm+vit_b16,
FMD,svm,123,4,full,random_027,0.9600686989518824,0.96,3,1920,0.2376209200010635,dinov2_small+eva02_base+vit_b16,
FMD,svm,123,4,full,random_028,0.8287957698340642,0.83,3,3152,0.5385490049957298,densenet121+drlbp+resnet101,
FMD,svm,123,4,full,random_029,0.9149806832733661,0.915,3,2404,0.42866134199721273,dinov2_small+hog+rgb_ngram_svd,
FMD,svm,123,4,full,random_030,0.8759543967695445,0.875,3,3812,0.5975029230030486,convnext_v2_t+efficientnet_b0+hog,
FMD,svm,123,4,full,random_031,0.9455323247470305,0.945,3,5248,0.2841589710005792,deit_s+eva02_base+vgg16,
FMD,svm,123,4,full,random_032,0.9056694902277309,0.905,3,2304,0.37970329899690114,convnext_v2_t+mae_base+vit_b16,
FMD,svm,123,4,full,random_033,0.9300646721699353,0.93,3,1170,0.1891768339992268,dinov2+dinov2_small+glcm,
FMD,svm,123,4,full,random_034,0.964849412461736,0.965,3,2560,0.3607977520005079,dinov2_large+siglip_base+vit_b16,
FMD,svm,123,4,full,random_035,0.9652067786727608,0.965,3,2816,0.3770762479980476,efficientnet_b0+eva02_base+swin_t,
FMD,svm,123,4,full,random_036,0.9450245911079718,0.945,3,1840,0.49084637500345707,dinov2_large+gabor+mae_base,
FMD,svm,123,4,full,random_037,0.9260182971760129,0.925,3,4918,0.30109916699439054,dinov2+lbp+vgg16,
FMD,svm,123,4,full,random_038,0.9602295073347704,0.96,3,5632,0.33689408400096,dinov2+eva02_base+vgg16,
FMD,svm,123,4,full,random_039,0.9598187211601846,0.96,3,2176,0.3296472680012812,deit_s+dinov2_large+siglip_base,
FMD,svm,123,4,full,random_040,0.9009728226416287,0.9,3,2304,0.3880363129937905,mae_base+swin_t+vit_b16,
FMD,svm,123,4,full,random_041,0.9306975480659692,0.93,3,1200,0.18686518599861301,dinov2_small+gabor+vit_b16,
FMD,svm,123,4,full,random_042,0.9159413370880068,0.915,3,2048,0.2608159860028536,deit_s+dinov2_small+efficientnet_b0,
FMD,svm,123,4,full,random_043,0.9064402783498524,0.905,3,1872,0.34599427899956936,densenet121+drlbp+vit_b16,
FMD,svm,123,4,full,random_044,0.9297135598676034,0.93,3,2560,0.3526202229986666,convnext_v2_t+densenet121+dinov2,
FMD,svm,123,4,full,random_045,0.8590130588182653,0.86,3,4096,0.5148431109992089,efficientnet_b0+resnet101+swin_t,
FMD,svm,123,4,full,random_046,0.5471629694931605,0.56,3,2612,1.468515528998978,drlbp+hog+mae_base,
FMD,svm,123,4,full,random_047,0.9659660194320014,0.965,3,3584,0.38869938399875537,convnext_v2_t+eva02_base+resnet50,
FMD,svm,123,4,full,random_048,0.9752166532654337,0.975,3,1584,0.295029485001578,gabor+siglip_base+vit_b16,
FMD,svm,123,4,full,random_049,0.96002376002376,0.96,3,2102,0.38829070900101215,efficientnet_b0+lbp+siglip_base,
FMD,svm,123,4,full,random_050,0.9450682522441187,0.945,3,2864,0.3878398970045964,dinov2+gabor+resnet101,
FMD,svm,123,4,full,random_051,0.9260043869040195,0.925,3,2432,0.3185535880038515,deit_s+dinov2+efficientnet_b0,
FMD,svm,123,4,full,random_052,0.9650579156342358,0.965,3,2870,0.447420450997015,lbp+resnet101+siglip_base,
FMD,svm,123,4,full,random_053,0.8417275104975495,0.84,3,1456,0.31846758499887073,deit_s+densenet121+gabor,
FMD,svm,123,4,full,random_054,0.9549317382244213,0.955,3,1126,0.28633097499550786,dinov2_large+gabor+lbp,
FMD,svm,123,4,full,random_055,0.9749744906355946,0.975,3,2560,0.4084701700048754,dinov2_large+eva02_base+mae_base,
FMD,svm,123,4,full,random_056,0.9159413370880068,0.915,3,2048,0.27526660099829314,deit_s+dinov2_small+efficientnet_b0,
FMD,svm,123,4,full,random_057,0.9610821634505845,0.96,3,2560,0.3512943850000738,convnext_v2_t+densenet121+eva02_base,
FMD,svm,123,4,full,random_058,0.9650579156342358,0.965,3,2870,0.45727053999871714,lbp+resnet101+siglip_base,
FMD,svm,123,4,full,random_059,0.9400414497782918,0.94,3,5632,0.3232900310031255,dinov2+swin_t+vgg16,
FMD,svm,123,4,full,random_060,0.9497992871484527,0.95,3,1846,0.31968586100265384,dinov2_large+lbp+swin_t,
FMD,svm,123,4,full,random_061,0.8235339541481093,0.825,3,2146,0.4412462600012077,drlbp+glcm+resnet101,
FMD,svm,123,4,full,random_062,0.9702067786727607,0.97,3,1584,0.25630682300106855,eva02_base+gabor+swin_t,
FMD,svm,123,4,full,random_063,0.9749906191369606,0.975,3,3300,0.5080079670005944,dinov2+eva02_base+hog,
FMD,svm,123,4,full,random_064,0.9059014904650334,0.905,3,1554,0.26165603599656606,glcm+swin_t+vit_b16,
FMD,svm,123,4,full,random_065,0.8210062772144452,0.82,3,2176,0.3952646710022236,drlbp+gabor+resnet50,
FMD,svm,123,4,full,random_066,0.84492655992656,0.845,3,2486,0.37025277499924414,deit_s+lbp+resnet101,
FMD,svm,123,4,full,random_067,0.960236254973097,0.96,3,4580,0.7174041200050851,hog+resnet50+siglip_base,
FMD,svm,123,4,full,random_068,0.8363655505118921,0.835,3,1426,0.3087802029986051,deit_s+densenet121+glcm,
FMD,svm,123,4,full,random_069,0.9353291419173437,0.935,3,1042,0.21136766800191253,dinov2+glcm+rgb_ngram_svd,
FMD,svm,123,4,full,random_070,0.9357526085382311,0.935,3,4912,0.30624348399578594,dinov2+gabor+vgg16,
FMD,svm,123,4,full,random_071,0.980195995355114,0.98,3,2304,0.3313346469949465,convnext_v2_t+eva02_base+siglip_base,
FMD,svm,123,4,full,random_072,0.9849718103890119,0.985,3,1792,0.28397878499526996,eva02_base+rgb_ngram_svd+siglip_base,
FMD,svm,123,4,full,random_073,0.9450557761391568,0.945,3,1090,0.2937889759996324,dinov2_large+gabor+glcm,
FMD,svm,123,4,full,random_074,0.8265280246088975,0.825,3,3120,0.5048229469975922,densenet121+gabor+resnet50,
FMD,svm,123,4,full,random_075,0.8800793942899207,0.88,3,2864,0.407226504998107,convnext_v2_t+gabor+resnet101,
FMD,svm,123,4,full,random_076,0.9702067786727607,0.97,3,1872,0.3295730000027106,densenet121+drlbp+eva02_base,
FMD,svm,123,4,full,random_077,0.9357526085382311,0.935,3,4912,0.3026638869996532,dinov2+gabor+vgg16,
FMD,svm,123,4,full,random_078,0.9350275077938749,0.935,3,4096,0.4785245669991127,dinov2+efficientnet_b0+resnet101,
FMD,svm,123,4,full,random_079,0.8704965388341511,0.87,3,3072,0.3604591990006156,resnet50+rgb_ngram_svd+swin_t,
FMD,svm,123,4,full,random_080,0.885236335480238,0.885,3,1232,0.2211823789984919,convnext_v2_t+deit_s+drlbp,
FMD,svm,123,4,full,random_081,0.9152344613820269,0.915,3,3456,0.3860525760028395,densenet121+dinov2_small+resnet50,
FMD,svm,123,4,full,random_082,0.8919770196064135,0.89,3,2612,0.5974569099998916,drlbp+hog+vit_b16,
FMD,svm,123,4,full,random_083,0.8368988679085236,0.835,3,3126,0.5091460390030988,densenet121+lbp+resnet50,
FMD,svm,123,4,full,random_084,0.9749937460913071,0.975,3,1554,0.3756251849990804,eva02_base+glcm+mae_base,
FMD,svm,123,4,full,random_085,0.9347608188847703,0.935,3,3840,0.42715394200058654,dinov2_large+resnet50+swin_t,
FMD,svm,123,4,full,random_086,0.9005310963462441,0.9,3,1462,0.2549949620006373,densenet121+dinov2_small+lbp,
FMD,svm,123,4,full,random_087,0.8616924355330781,0.86,3,6628,0.5772239490033826,hog+swin_t+vgg16,
FMD,svm,123,4,full,random_088,0.9300342554322014,0.93,3,2816,0.3760387879956397,dinov2+efficientnet_b0+vit_b16,
FMD,svm,123,4,full,random_089,0.9400492227308062,0.94,3,5632,0.35966551399906166,convnext_v2_t+siglip_base+vgg16,
FMD,svm,123,4,full,random_090,0.7988047249678066,0.8,3,5940,0.6828109179987223,drlbp+hog+vgg16,
FMD,svm,123,4,full,random_091,0.8261403114804912,0.825,3,2560,0.4390001099964138,densenet121+efficientnet_b0+rgb_ngram_svd,
FMD,svm,123,4,full,random_092,0.8001382492845908,0.8,3,3812,0.8908880640010466,efficientnet_b0+hog+mae_base,
FMD,svm,123,4,full,random_093,0.9702306263281871,0.97,3,1792,0.4518855770002119,mae_base+rgb_ngram_svd+siglip_base,
FMD,svm,123,4,full,random_094,0.9701156973108193,0.97,3,3840,0.4824747990060132,dinov2_large+resnet101+siglip_base,
FMD,svm,123,4,full,random_095,0.9149806832733661,0.915,3,2404,0.4082826679950813,dinov2_small+hog+rgb_ngram_svd,
FMD,svm,123,4,full,random_096,0.9506547226743065,0.95,3,5632,0.34656506100145634,siglip_base+vgg16+vit_b16,
FMD,svm,123,4,full,random_097,0.9505484532483965,0.95,3,1920,0.3350635440001497,deit_s+eva02_base+mae_base,
FMD,svm,123,4,full,random_098,0.9348753590024451,0.935,3,834,0.22153946600155905,dinov2+gabor+glcm,
FMD,svm,123,4,full,random_099,0.901952171249422,0.9,3,2176,0.31982870399951935,deit_s+densenet121+vit_b16,
FMD,svm,2026,0,full,random_000,0.8904367821473768,0.89,3,3556,0.6288715509945177,convnext_v2_t+densenet121+hog,
FMD,svm,2026,0,full,random_001,0.8954728185707079,0.895,3,1792,0.2533211090049008,convnext_v2_t+rgb_ngram_svd+vit_b16,
FMD,svm,2026,0,full,random_002,0.8196042002227631,0.82,3,3860,0.8130225420027273,gabor+hog+resnet50,
FMD,svm,2026,0,full,random_003,0.9499624295259725,0.95,3,2560,0.346322848003183,convnext_v2_t+densenet121+eva02_base,
FMD,svm,2026,0,full,random_004,0.9548838311405108,0.955,3,3456,0.36145209499954944,dinov2_large+dinov2_small+resnet50,
FMD,svm,2026,0,full,random_005,0.9548243498050943,0.955,3,1554,0.2909851350050303,convnext_v2_t+glcm+siglip_base,
FMD,svm,2026,0,full,random_006,0.8555457028948685,0.855,3,3584,0.5015584590000799,efficientnet_b0+resnet101+rgb_ngram_svd,
FMD,svm,2026,0,full,random_007,0.8363153481341679,0.835,3,4528,0.27575901599630015,deit_s+gabor+vgg16,
FMD,svm,2026,0,full,random_008,0.9248095065681715,0.925,3,6628,0.5685254279960645,dinov2+hog+vgg16,
FMD,svm,2026,0,full,random_009,0.9144903592955658,0.915,3,4196,0.5839814420032781,dinov2_small+hog+resnet101,
FMD,svm,2026,0,full,random_010,0.8495731861828242,0.85,3,2176,0.46278509900002973,drlbp+gabor+resnet101,
FMD,svm,2026,0,full,random_011,0.8750674001463625,0.875,3,1072,0.23328944399690954,convnext_v2_t+gabor+rgb_ngram_svd,
FMD,svm,2026,0,full,random_012,0.934728135375059,0.935,3,2560,0.33930533599777846,convnext_v2_t+dinov2_large+vit_b16,
FMD,svm,2026,0,full,random_013,0.9354365739709204,0.935,3,3556,0.8156020880051074,dinov2_large+hog+mae_base,
FMD,svm,2026,0,full,random_014,0.834397053502645,0.835,3,3584,0.46635556299588643,efficientnet_b0+resnet50+rgb_ngram_svd,
FMD,svm,2026,0,full,random_015,0.3888779645156513,0.39,3,358,0.17242203099885955,gabor+lbp+rgb_ngram_svd,
FMD,svm,2026,0,full,random_016,0.9053493629616864,0.905,3,1590,0.26272710399643984,convnext_v2_t+lbp+swin_t,
FMD,svm,2026,0,full,random_017,0.9647175866495508,0.965,3,1206,0.18400519200076815,dinov2_small+eva02_base+lbp,
FMD,svm,2026,0,full,random_018,0.9349523411182664,0.935,3,2560,0.4328945230008685,convnext_v2_t+dinov2_large+mae_base,
FMD,svm,2026,0,full,random_019,0.9547697901869917,0.955,3,2322,0.4006516239969642,dinov2_large+efficientnet_b0+glcm,
FMD,svm,2026,0,full,random_020,0.7762500412500413,0.775,3,1408,0.3584504839964211,deit_s+mae_base+rgb_ngram_svd,
FMD,svm,2026,0,full,random_021,0.8797606608197108,0.88,3,1616,0.39789891500549857,drlbp+mae_base+vit_b16,
FMD,svm,2026,0,full,random_022,0.954776442721184,0.955,3,1232,0.2044226429934497,deit_s+drlbp+eva02_base,
FMD,svm,2026,0,full,random_023,0.9493426969550205,0.95,3,2560,0.35307770499639446,densenet121+dinov2+swin_t,
FMD,svm,2026,0,full,random_024,0.8389690913651269,0.84,3,6400,0.4536964500002796,resnet101+rgb_ngram_svd+vgg16,
FMD,svm,2026,0,full,random_025,0.9251654287703783,0.925,3,3200,0.3755478029997903,deit_s+dinov2+resnet101,
FMD,svm,2026,0,full,random_026,0.855525959844854,0.855,3,5888,0.427388953998161,densenet121+swin_t+vgg16,
FMD,svm,2026,0,full,random_027,0.8653886849137171,0.865,3,3300,0.7682936819983297,hog+mae_base+swin_t,
FMD,svm,2026,0,full,random_028,0.9499185581213823,0.95,3,1584,0.29361874800088117,gabor+siglip_base+vit_b16,
FMD,svm,2026,0,full,random_029,0.8368336532264646,0.835,3,2096,0.5666550470050424,efficientnet_b0+gabor+mae_base,
FMD,svm,2026,0,full,random_030,0.9201728742642855,0.92,3,2560,0.35444848200131673,convnext_v2_t+densenet121+vit_b16,
FMD,svm,2026,0,full,random_031,0.9647175866495508,0.965,3,1206,0.19201267500466201,dinov2_small+eva02_base+lbp,
FMD,svm,2026,0,full,random_032,0.9799937460913071,0.98,3,2304,0.3306457579965354,eva02_base+siglip_base+vit_b16,
FMD,svm,2026,0,full,random_033,0.8756429097668612,0.875,3,2816,0.5018842429999495,efficientnet_b0+mae_base+swin_t,
FMD,svm,2026,0,full,random_034,0.9444704553754619,0.945,3,3300,0.5195640099991579,dinov2+hog+swin_t,
FMD,svm,2026,0,full,random_035,0.9348337776900036,0.935,3,6912,0.4455111700008274,eva02_base+resnet101+vgg16,
FMD,svm,2026,0,full,random_036,0.9005651950388793,0.9,3,3840,0.490501021995442,convnext_v2_t+densenet121+resnet101,
FMD,svm,2026,0,full,random_037,0.9597905315491966,0.96,3,1584,0.38507477899838705,eva02_base+gabor+mae_base,
FMD,svm,2026,0,full,random_038,0.9250944669365723,0.925,3,1536,0.20866267700330354,convnext_v2_t+deit_s+dinov2_small,
FMD,svm,2026,0,full,random_039,0.9298532135489177,0.93,3,2560,0.3407299449972925,convnext_v2_t+dinov2_large+swin_t,
FMD,svm,2026,0,full,random_040,0.8601834760556437,0.86,3,2612,0.6096398029985721,drlbp+hog+vit_b16,
FMD,svm,2026,0,full,random_041,0.8450728252388622,0.845,3,3090,0.5113925180048682,densenet121+glcm+resnet50,
FMD,svm,2026,0,full,random_042,0.8406816377443598,0.84,3,1072,0.2466302579996409,gabor+rgb_ngram_svd+vit_b16,
FMD,svm,2026,0,full,random_043,0.9400147165152987,0.94,3,1408,0.2036037080033566,dinov2+dinov2_small+rgb_ngram_svd,
FMD,svm,2026,0,full,random_044,0.9697086524942751,0.97,3,1170,0.22514999699342297,dinov2_small+glcm+siglip_base,
FMD,svm,2026,0,full,random_045,0.8608430244384925,0.86,3,2486,0.38292398100020364,deit_s+lbp+resnet101,
FMD,svm,2026,0,full,random_046,0.9206402923110388,0.92,3,1122,0.28498610699898563,dinov2_large+drlbp+glcm,
FMD,svm,2026,0,full,random_047,0.9447543482203302,0.945,3,2176,0.2759537989986711,dinov2_large+dinov2_small+vit_b16,
FMD,svm,2026,0,full,random_048,0.9550804854976871,0.955,3,1206,0.205867174998275,deit_s+eva02_base+lbp,
FMD,svm,2026,0,full,random_049,0.9648373513521138,0.965,3,1584,0.2596517709971522,dinov2+eva02_base+gabor,
FMD,svm,2026,0,full,random_050,0.8601162872215504,0.86,3,1920,0.3830394239994348,deit_s+mae_base+swin_t,
FMD,svm,2026,0,full,random_051,0.3477283933545371,0.35,3,354,0.14908606500102906,drlbp+glcm+rgb_ngram_svd,
FMD,svm,2026,0,full,random_052,0.825071257653877,0.825,3,518,0.13897834900126327,deit_s+drlbp+lbp,
FMD,svm,2026,0,full,random_053,0.9050982308235197,0.905,3,2432,0.30406699500599643,convnext_v2_t+dinov2_small+efficientnet_b0,
FMD,svm,2026,0,full,random_054,0.8609227003107053,0.86,3,840,0.22282819300016854,glcm+lbp+swin_t,
FMD,svm,2026,0,full,random_055,0.8510461212370337,0.85,3,1792,0.386877839002409,mae_base+rgb_ngram_svd+vit_b16,
FMD,svm,2026,0,full,random_056,0.9099054864060685,0.91,3,6528,0.37213529399741674,dinov2_small+resnet101+vgg16,
FMD,svm,2026,0,full,random_057,0.9549655564803189,0.955,3,1920,0.26353501800622325,deit_s+eva02_base+vit_b16,
FMD,svm,2026,0,full,random_058,0.9548472259447868,0.955,3,1584,0.2528139860005467,convnext_v2_t+eva02_base+gabor,
FMD,svm,2026,0,full,random_059,0.8494522046104278,0.85,3,3126,0.4961183460036409,densenet121+lbp+resnet50,
FMD,svm,2026,0,full,random_060,0.9351386263045516,0.935,3,4580,0.6084849270046107,dinov2+hog+resnet50,
FMD,svm,2026,0,full,random_061,0.905581094937903,0.905,3,1584,0.2625528989956365,convnext_v2_t+gabor+swin_t,
FMD,svm,2026,0,full,random_062,0.9255994074292728,0.925,3,1810,0.4548280059971148,dinov2_large+glcm+mae_base,
FMD,svm,2026,0,full,random_063,0.9548243498050943,0.955,3,1584,0.2909769499965478,convnext_v2_t+gabor+siglip_base,
FMD,svm,2026,0,full,random_064,0.9255994074292728,0.925,3,1810,0.4522268639993854,dinov2_large+glcm+mae_base,
FMD,svm,2026,0,full,random_065,0.8368228164547238,0.835,3,2688,0.31449010900541907,deit_s+resnet50+rgb_ngram_svd,
FMD,svm,2026,0,full,random_066,0.9499633699633699,0.95,3,3584,0.4196560429991223,resnet50+siglip_base+vit_b16,
FMD,svm,2026,0,full,random_067,0.9547972791875232,0.955,3,2916,0.5595992609960376,deit_s+hog+siglip_base,
FMD,svm,2026,0,full,random_068,0.8182149497632001,0.82,3,2864,0.5912207260043942,gabor+mae_base+resnet50,
FMD,svm,2026,0,full,random_069,0.9497050788321649,0.95,3,3840,0.542150221997872,densenet121+resnet101+siglip_base,
FMD,svm,2026,0,full,random_070,0.89043723116252,0.89,3,2612,0.5691841430016211,convnext_v2_t+drlbp+hog,
FMD,svm,2026,0,full,random_071,0.8243445747981022,0.825,3,2176,0.4015579619954224,drlbp+gabor+resnet50,
FMD,svm,2026,0,full,random_072,0.9446353311500936,0.945,3,4096,0.5238003740014392,densenet121+dinov2_large+resnet101,
FMD,svm,2026,0,full,random_073,0.8242816459646845,0.825,3,2834,0.582251615000132,glcm+mae_base+resnet50,
FMD,svm,2026,0,full,random_074,0.9448256027561637,0.945,3,1232,0.19227991299703717,dinov2+dinov2_small+drlbp,
FMD,svm,2026,0,full,random_075,0.9502722938066401,0.95,3,1872,0.40244003400584916,densenet121+drlbp+siglip_base,
FMD,svm,2026,0,full,random_076,0.8705583847047261,0.87,3,2304,0.3388319599980605,efficientnet_b0+rgb_ngram_svd+vit_b16,
FMD,svm,2026,0,full,random_077,0.9451692081987334,0.945,3,1488,0.23615119700116338,dinov2_large+dinov2_small+drlbp,
FMD,svm,2026,0,full,random_078,0.8348869994914419,0.835,3,6244,0.5584115930032567,deit_s+hog+vgg16,
FMD,svm,2026,0,full,random_079,0.8311830467350365,0.83,3,5092,0.7441620890022023,efficientnet_b0+hog+resnet50,
FMD,svm,2026,0,full,random_080,0.8020373553832199,0.8,3,3092,0.7609995449965936,efficientnet_b0+gabor+hog,
FMD,svm,2026,0,full,random_081,0.7989660322240061,0.8,3,4198,0.2986649779995787,gabor+lbp+vgg16,
FMD,svm,2026,0,full,random_082,0.9544677751288791,0.955,3,2870,0.3719562260012026,eva02_base+lbp+resnet50,
FMD,svm,2026,0,full,random_083,0.894880716836953,0.895,3,5632,0.43155356199713424,convnext_v2_t+mae_base+vgg16,
FMD,svm,2026,0,full,random_084,0.9798624140087554,0.98,3,1920,0.27120500300225103,dinov2_small+eva02_base+siglip_base,
FMD,svm,2026,0,full,random_085,0.8754505356720481,0.875,3,3584,0.39404112700140104,resnet50+swin_t+vit_b16,
FMD,svm,2026,0,full,random_086,0.920707812813076,0.92,3,6628,0.5506119939964265,eva02_base+hog+vgg16,
FMD,svm,2026,0,full,random_087,0.9042218696198159,0.905,3,4736,0.2516328199999407,dinov2_small+rgb_ngram_svd+vgg16,
FMD,svm,2026,0,full,random_088,0.8406102136536919,0.84,3,3152,0.5570974549991661,densenet121+drlbp+resnet101,
FMD,svm,2026,0,full,random_089,0.9548917414065039,0.955,3,2128,0.39316138999856776,densenet121+dinov2_large+drlbp,
FMD,svm,2026,0,full,random_090,0.9443761919885155,0.945,3,2560,0.32941872300580144,dinov2_large+swin_t+vit_b16,
FMD,svm,2026,0,full,random_091,0.959987492182614,0.96,3,1554,0.3039876929979073,glcm+siglip_base+swin_t,
FMD,svm,2026,0,full,random_092,0.9158050335490107,0.915,3,2788,0.5269032869982766,dinov2+hog+rgb_ngram_svd,
FMD,svm,2026,0,full,random_093,0.8757866523720181,0.875,3,2066,0.3512402049964294,efficientnet_b0+glcm+vit_b16,
FMD,svm,2026,0,full,random_094,0.8444855725935149,0.845,3,3376,0.4923672129953047,efficientnet_b0+gabor+resnet50,
FMD,svm,2026,0,full,random_095,0.9649843652282677,0.965,3,3584,0.4041510860042763,eva02_base+resnet101+vit_b16,
FMD,svm,2026,0,full,random_096,0.9256400771548396,0.925,3,1920,0.25793331299792044,convnext_v2_t+deit_s+dinov2,
FMD,svm,2026,0,full,random_097,0.9105280539583612,0.91,3,2304,0.3751147930015577,convnext_v2_t+mae_base+vit_b16,
FMD,svm,2026,0,full,random_098,0.7729745866490484,0.775,3,1360,0.3683527659959509,densenet121+drlbp+rgb_ngram_svd,
FMD,svm,2026,0,full,random_099,0.8604286961508503,0.86,3,1616,0.4034974050009623,drlbp+mae_base+swin_t,
FMD,svm,2026,1,full,random_000,0.919072883771215,0.92,4,5120,0.55195874900528,dinov2+resnet101+resnet50+rgb_ngram_svd,
FMD,svm,2026,1,full,random_001,0.9200582524124931,0.92,4,4250,0.6721477999963099,dinov2_small+hog+lbp+resnet101,
FMD,svm,2026,1,full,random_002,0.9749906191369606,0.975,4,3920,0.49521223500050837,dinov2_large+drlbp+eva02_base+resnet50,
FMD,svm,2026,1,full,random_003,0.854541231126597,0.855,4,2322,0.39705152799433563,efficientnet_b0+glcm+rgb_ngram_svd+vit_b16,
FMD,svm,2026,1,full,random_004,0.9402005247640677,0.94,4,3968,0.46950043000106234,deit_s+eva02_base+resnet101+swin_t,
FMD,svm,2026,1,full,random_005,0.9447175866495506,0.945,4,3920,0.5478170589994988,densenet121+drlbp+eva02_base+resnet50,
FMD,svm,2026,1,full,random_006,0.8943872815246372,0.895,4,6144,0.6927398109983187,efficientnet_b0+resnet101+resnet50+vit_b16,
FMD,svm,2026,1,full,random_007,0.9348190363337988,0.935,4,2194,0.3716255920007825,deit_s+densenet121+dinov2+glcm,
FMD,svm,2026,1,full,random_008,0.8757152594251438,0.875,4,2630,0.7559543880051933,drlbp+glcm+hog+swin_t,
FMD,svm,2026,1,full,random_009,0.7489773400250458,0.75,4,3092,0.9217279529984808,densenet121+gabor+hog+rgb_ngram_svd,
FMD,svm,2026,1,full,random_010,0.9191847596019611,0.92,4,2096,0.38945122199947946,densenet121+dinov2+gabor+rgb_ngram_svd,
FMD,svm,2026,1,full,random_011,0.9550937616085241,0.955,4,3840,0.5844052000029478,densenet121+efficientnet_b0+eva02_base+siglip_base,
FMD,svm,2026,1,full,random_012,0.8900139324529569,0.89,4,5888,0.7185761369983084,densenet121+resnet101+resnet50+swin_t,
FMD,svm,2026,1,full,random_013,0.7916863466176969,0.79,4,5266,0.4863969059952069,deit_s+glcm+mae_base+vgg16,
FMD,svm,2026,1,full,random_014,0.7128715423451937,0.715,4,2458,0.6568158179943566,deit_s+hog+lbp+rgb_ngram_svd,
FMD,svm,2026,1,full,random_015,0.9346060037523453,0.935,4,2304,0.2950654050000594,convnext_v2_t+deit_s+dinov2_small+swin_t,
FMD,svm,2026,1,full,random_016,0.9691694133157547,0.97,4,2864,0.5427967569994507,densenet121+dinov2_large+gabor+siglip_base,
FMD,svm,2026,1,full,random_017,0.9751067631555437,0.975,4,2944,0.39244060299824923,dinov2_large+dinov2_small+eva02_base+vit_b16,
FMD,svm,2026,1,full,random_018,0.8349021572513229,0.835,4,2560,0.4118191610032227,deit_s+drlbp+gabor+resnet50,
FMD,svm,2026,1,full,random_019,0.814299700288147,0.815,4,3664,0.563521854004648,drlbp+efficientnet_b0+resnet50+rgb_ngram_svd,
FMD,svm,2026,1,full,random_020,0.9250454078168501,0.925,4,5680,0.40962705600395566,convnext_v2_t+gabor+swin_t+vgg16,
FMD,svm,2026,1,full,random_021,0.9648561601000626,0.965,4,1968,0.34531487800268224,deit_s+eva02_base+gabor+siglip_base,
FMD,svm,2026,1,full,random_022,0.9193137158092229,0.92,4,3602,0.4968254689956666,convnext_v2_t+glcm+resnet101+vit_b16,
FMD,svm,2026,1,full,random_023,0.9701094434021262,0.97,4,3152,0.49112749000050826,dinov2_large+drlbp+efficientnet_b0+eva02_base,
FMD,svm,2026,1,full,random_024,0.929066766421007,0.93,4,3376,0.4685886590013979,dinov2_large+gabor+resnet50+rgb_ngram_svd,
FMD,svm,2026,1,full,random_025,0.8746180267706076,0.875,4,2950,0.5014378330015461,drlbp+lbp+resnet101+vit_b16,
FMD,svm,2026,1,full,random_026,0.9701094434021262,0.97,4,3636,0.6744422699994175,dinov2_large+drlbp+eva02_base+hog,
FMD,svm,2026,1,full,random_027,0.9448499061913698,0.945,4,3664,0.44936664300621487,drlbp+eva02_base+resnet50+vit_b16,
FMD,svm,2026,1,full,random_028,0.9345831276126526,0.935,4,2688,0.39709490300447214,deit_s+siglip_base+swin_t+vit_b16,
FMD,svm,2026,1,full,random_029,0.8899962693865134,0.89,4,7936,0.6534305159948417,densenet121+resnet101+vgg16+vit_b16,
FMD,svm,2026,1,full,random_030,0.9193908551867475,0.92,4,6912,0.5026580379999359,convnext_v2_t+efficientnet_b0+vgg16+vit_b16,
FMD,svm,2026,1,full,random_031,0.9150961498821009,0.915,4,2550,0.46032272900629323,deit_s+dinov2_small+glcm+hog,
FMD,svm,2026,1,full,random_032,0.9399508621459841,0.94,4,2896,0.5864905010021175,dinov2+drlbp+efficientnet_b0+mae_base,
FMD,svm,2026,1,full,random_033,0.8745308020340111,0.875,4,5172,0.9797404290002305,drlbp+efficientnet_b0+hog+resnet101,
FMD,svm,2026,1,full,random_034,0.7811456782509414,0.78,4,4790,0.3208536220045062,deit_s+lbp+rgb_ngram_svd+vgg16,
FMD,svm,2026,1,full,random_035,0.9449400471159135,0.945,4,4352,0.5786938550008927,dinov2+mae_base+resnet50+vit_b16,
FMD,svm,2026,1,full,random_036,0.9392852675779505,0.94,4,5504,0.5829826570043224,dinov2_large+dinov2_small+resnet101+resnet50,
FMD,svm,2026,1,full,random_037,0.8251751449119868,0.825,4,3152,0.7770318170005339,densenet121+drlbp+efficientnet_b0+mae_base,
FMD,svm,2026,1,full,random_038,0.8942445538957167,0.895,4,1938,0.31373314300435595,convnext_v2_t+deit_s+glcm+vit_b16,
FMD,svm,2026,1,full,random_039,0.9347921245147864,0.935,4,6528,0.5056259880002472,deit_s+efficientnet_b0+siglip_base+vgg16,
FMD,svm,2026,1,full,random_040,0.9452376485303315,0.945,4,1608,0.30256518899841467,eva02_base+glcm+lbp+swin_t,
FMD,svm,2026,1,full,random_041,0.9647180803791844,0.965,4,2608,0.46201548899989575,convnext_v2_t+dinov2_large+gabor+siglip_base,
FMD,svm,2026,1,full,random_042,0.9491318428417275,0.95,4,2176,0.2979341849932098,dinov2+dinov2_small+rgb_ngram_svd+siglip_base,
FMD,svm,2026,1,full,random_043,0.9547149534248378,0.955,4,7936,0.7020269939966965,dinov2_large+mae_base+resnet101+vgg16,
FMD,svm,2026,1,full,random_044,0.8943375806790442,0.895,4,4176,0.5929080839996459,drlbp+efficientnet_b0+resnet101+vit_b16,
FMD,svm,2026,1,full,random_045,0.9300660657271698,0.93,4,3200,0.52164985199488,deit_s+efficientnet_b0+eva02_base+mae_base,
FMD,svm,2026,1,full,random_046,0.8400816890168175,0.84,4,2168,0.47247588699974585,gabor+glcm+lbp+resnet50,
FMD,svm,2026,1,full,random_047,0.8562920705025968,0.855,4,5174,0.38790579899796285,lbp+rgb_ngram_svd+swin_t+vgg16,
FMD,svm,2026,1,full,random_048,0.9152157598499062,0.915,4,5712,0.41591675899690017,drlbp+swin_t+vgg16+vit_b16,
FMD,svm,2026,1,full,random_049,0.8500091905387903,0.85,4,4836,0.7266651129975799,hog+resnet50+rgb_ngram_svd+swin_t,
FMD,svm,2026,1,full,random_050,0.9549602430090236,0.955,4,3510,0.4523304760004976,deit_s+dinov2_large+lbp+resnet50,
FMD,svm,2026,1,full,random_051,0.9241635749787227,0.925,4,4864,0.6048533770008362,densenet121+dinov2_large+resnet101+vit_b16,
FMD,svm,2026,1,full,random_052,0.9498686679174483,0.95,4,2944,0.4218911060015671,drlbp+eva02_base+gabor+resnet50,
FMD,svm,2026,1,full,random_053,0.955096441855107,0.955,4,4096,0.5023395119933411,dinov2_large+eva02_base+resnet101+rgb_ngram_svd,
FMD,svm,2026,1,full,random_054,0.9599785580273383,0.96,4,4176,0.6053361809972557,drlbp+efficientnet_b0+resnet50+siglip_base,
FMD,svm,2026,1,full,random_055,0.9698624140087555,0.97,4,6656,0.5025115459939116,dinov2+dinov2_large+eva02_base+vgg16,
FMD,svm,2026,1,full,random_056,0.9600714109108891,0.96,4,2194,0.32606222199683543,deit_s+dinov2_large+eva02_base+glcm,
FMD,svm,2026,1,full,random_057,0.9500995688094532,0.95,4,3840,0.583199152002635,eva02_base+mae_base+resnet101+rgb_ngram_svd,
FMD,svm,2026,1,full,random_058,0.944817155459004,0.945,4,2000,0.30313553100131685,convnext_v2_t+dinov2_small+drlbp+siglip_base,
FMD,svm,2026,1,full,random_059,0.9294581833964465,0.93,4,5174,0.34347565899952315,dinov2+lbp+rgb_ngram_svd+vgg16,
FMD,svm,2026,1,full,random_060,0.9197065129991959,0.92,4,3584,0.5539095109998016,densenet121+dinov2_large+efficientnet_b0+rgb_ngram_svd,
FMD,svm,2026,1,full,random_061,0.8332228476130915,0.835,4,2598,0.7395354039981612,gabor+glcm+hog+vit_b16,
FMD,svm,2026,1,full,random_062,0.9393887468277711,0.94,4,4096,0.7000596099969698,densenet121+dinov2_large+efficientnet_b0+mae_base,
FMD,svm,2026,1,full,random_063,0.9447279549718572,0.945,4,5348,0.6878426789990044,dinov2+hog+resnet50+vit_b16,
FMD,svm,2026,1,full,random_064,0.9337489538040333,0.935,4,1206,0.3655359759941348,dinov2_large+drlbp+gabor+lbp,
FMD,svm,2026,1,full,random_065,0.934381750042854,0.935,4,2128,0.3398577000043588,dinov2_large+drlbp+rgb_ngram_svd+vit_b16,
FMD,svm,2026,1,full,random_066,0.9445205256180866,0.945,4,5168,0.41280920199642424,gabor+rgb_ngram_svd+siglip_base+vgg16,
FMD,svm,2026,1,full,random_067,0.9494491152835183,0.95,4,1602,0.33038109900371637,dinov2+gabor+glcm+vit_b16,
FMD,svm,2026,1,full,random_068,0.9446639193865811,0.945,4,4580,0.7070704100042349,convnext_v2_t+densenet121+dinov2_large+hog,
FMD,svm,2026,1,full,random_069,0.9544459883291718,0.955,4,3328,0.5252781979943393,dinov2+dinov2_large+mae_base+vit_b16,
FMD,svm,2026,1,full,random_070,0.880086904040691,0.88,4,3610,0.756675852004264,densenet121+hog+lbp+swin_t,
FMD,svm,2026,1,full,random_071,0.9392788567178811,0.94,4,1096,0.33323609399667475,glcm+lbp+rgb_ngram_svd+siglip_base,
FMD,svm,2026,1,full,random_072,0.959859287054409,0.96,4,4352,0.4913308520044666,convnext_v2_t+eva02_base+resnet50+siglip_base,
FMD,svm,2026,1,full,random_073,0.8545286270287017,0.855,4,2322,0.4124959110049531,efficientnet_b0+glcm+rgb_ngram_svd+swin_t,
FMD,svm,2026,1,full,random_074,0.9447127669078889,0.945,4,2688,0.41551126499689417,deit_s+eva02_base+mae_base+vit_b16,
FMD,svm,2026,1,full,random_075,0.939273049516952,0.94,4,1872,0.5540404089988442,drlbp+mae_base+rgb_ngram_svd+siglip_base,
FMD,svm,2026,1,full,random_076,0.9548055410571458,0.955,4,3200,0.42397016599716153,convnext_v2_t+deit_s+dinov2+efficientnet_b0,
FMD,svm,2026,1,full,random_077,0.870202019622117,0.87,4,5604,0.8280065019935137,densenet121+hog+resnet50+swin_t,
FMD,svm,2026,1,full,random_078,0.8758212752309238,0.875,4,6224,0.5014974780060584,drlbp+efficientnet_b0+swin_t+vgg16,
FMD,svm,2026,1,full,random_079,0.9244110510798572,0.925,4,1218,0.2552199749989086,deit_s+dinov2+gabor+glcm,
FMD,svm,2026,1,full,random_080,0.9400416283343113,0.94,4,1872,0.30082925399619853,drlbp+eva02_base+rgb_ngram_svd+vit_b16,
FMD,svm,2026,1,full,random_081,0.9294504019728667,0.93,4,2640,0.5284698370014667,dinov2_large+drlbp+mae_base+vit_b16,
FMD,svm,2026,1,full,random_082,0.9549624295259725,0.955,4,2120,0.4958180629982962,efficientnet_b0+glcm+lbp+siglip_base,
FMD,svm,2026,1,full,random_083,0.7797850502086702,0.78,4,7140,0.7911395479968633,densenet121+hog+rgb_ngram_svd+vgg16,
FMD,svm,2026,1,full,random_084,0.9394549224844475,0.94,4,3968,0.4676315069955308,dinov2_small+resnet101+siglip_base+vit_b16,
FMD,svm,2026,1,full,random_085,0.9645748187211602,0.965,4,1810,0.3427151599971694,eva02_base+glcm+rgb_ngram_svd+siglip_base,
FMD,svm,2026,1,full,random_086,0.8439546009274641,0.845,4,5120,0.7691140940005425,mae_base+resnet101+resnet50+rgb_ngram_svd,
FMD,svm,2026,1,full,random_087,0.9548154156498188,0.955,4,4864,0.6091712210036349,densenet121+dinov2_large+resnet101+swin_t,
FMD,svm,2026,1,full,random_088,0.9398347181274012,0.94,4,2834,0.426942820995464,efficientnet_b0+eva02_base+glcm+vit_b16,
FMD,svm,2026,1,full,random_089,0.9448863328310741,0.945,4,1890,0.3756156379968161,convnext_v2_t+dinov2_large+drlbp+glcm,
FMD,svm,2026,1,full,random_090,0.8138266574466833,0.815,4,2376,0.5103876499997568,glcm+lbp+resnet101+rgb_ngram_svd,
FMD,svm,2026,1,full,random_091,0.9198930487569769,0.92,4,1554,0.2399388240010012,deit_s+dinov2_small+glcm+vit_b16,
FMD,svm,2026,1,full,random_092,0.9245339427367668,0.925,4,3300,0.4829017629963346,deit_s+dinov2_small+hog+swin_t,
FMD,svm,2026,1,full,random_093,0.9345773204117235,0.935,4,3940,0.59971044199483,densenet121+dinov2_small+hog+swin_t,
FMD,svm,2026,1,full,random_094,0.9494985899157916,0.95,4,3152,0.4980344390060054,convnext_v2_t+dinov2_large+drlbp+efficientnet_b0,
FMD,svm,2026,1,full,random_095,0.8090291331898044,0.81,4,2224,0.576080766004452,deit_s+densenet121+gabor+mae_base,
FMD,svm,2026,1,full,random_096,0.8702448450137796,0.87,4,8192,0.6077391549988533,efficientnet_b0+resnet50+swin_t+vgg16,
FMD,svm,2026,1,full,random_097,0.9399718574108817,0.94,4,2230,0.34974970799521543,densenet121+dinov2+dinov2_small+lbp,
FMD,svm,2026,1,full,random_098,0.9395934959349594,0.94,4,4324,0.7303425239952048,convnext_v2_t+densenet121+hog+siglip_base,
FMD,svm,2026,1,full,random_099,0.9398395378690628,0.94,4,2614,0.5511447829994722,densenet121+eva02_base+lbp+mae_base,
FMD,svm,2026,2,full,random_000,0.9899937460913071,0.99,4,6400,0.580028129996208,eva02_base+mae_base+siglip_base+vgg16,
FMD,svm,2026,2,full,random_001,0.9899937460913071,0.99,4,4608,0.6569734450022224,dinov2+dinov2_large+mae_base+resnet50,
FMD,svm,2026,2,full,random_002,0.9849718103890119,0.985,4,2888,0.5490489260046161,glcm+lbp+resnet101+siglip_base,
FMD,svm,2026,2,full,random_003,0.9695804473660699,0.97,4,3632,0.4950854920025449,convnext_v2_t+gabor+resnet50+swin_t,
FMD,svm,2026,2,full,random_004,0.9599463010246065,0.96,4,5584,0.410572881999542,densenet121+dinov2_small+drlbp+vgg16,
FMD,svm,2026,2,full,random_005,0.9849906191369605,0.985,4,4068,0.5878571700013708,convnext_v2_t+dinov2+eva02_base+hog,
FMD,svm,2026,2,full,random_006,0.9849906191369605,0.985,4,7396,0.6846646300036809,dinov2+hog+siglip_base+vgg16,
FMD,svm,2026,2,full,random_007,0.974977617589941,0.975,4,3968,0.448198730002332,convnext_v2_t+deit_s+eva02_base+resnet50,
FMD,svm,2026,2,full,random_008,0.9345754787218201,0.935,4,3280,0.46225655299349455,convnext_v2_t+deit_s+drlbp+resnet101,
FMD,svm,2026,2,full,random_009,0.8210026701082617,0.825,4,2964,1.012964699002623,deit_s+gabor+hog+mae_base,
FMD,svm,2026,2,full,random_010,0.9548243498050943,0.955,4,3536,0.489504990997375,densenet121+dinov2_small+drlbp+resnet50,
FMD,svm,2026,2,full,random_011,0.8692553459947556,0.87,4,2480,0.5865518049977254,deit_s+efficientnet_b0+gabor+mae_base,
FMD,svm,2026,2,full,random_012,0.9798525394160824,0.98,4,3348,0.6271546749994741,dinov2+gabor+hog+swin_t,
FMD,svm,2026,2,full,random_013,0.9330523466774474,0.935,4,1152,0.29160959200089565,convnext_v2_t+drlbp+gabor+rgb_ngram_svd,
FMD,svm,2026,2,full,random_014,0.9701063164477798,0.97,4,2688,0.4141713150020223,convnext_v2_t+dinov2_small+mae_base+vit_b16,
FMD,svm,2026,2,full,random_015,0.8668032465951683,0.87,4,4816,0.3410856370028341,deit_s+drlbp+rgb_ngram_svd+vgg16,
FMD,svm,2026,2,full,random_016,0.8940314819753278,0.895,4,2742,0.5328514770008042,deit_s+densenet121+efficientnet_b0+lbp,
FMD,svm,2026,2,full,random_017,0.9849906191369605,0.985,4,3632,0.4999886779987719,dinov2+eva02_base+gabor+resnet101,
FMD,svm,2026,2,full,random_018,0.914702014573645,0.915,4,3456,0.45890407099795993,deit_s+resnet101+rgb_ngram_svd+swin_t,
FMD,svm,2026,2,full,random_019,0.9247394204711279,0.925,4,1280,0.27753484999993816,convnext_v2_t+deit_s+drlbp+gabor,
FMD,svm,2026,2,full,random_020,0.9749686834346655,0.975,4,4836,0.7469595139991725,dinov2+dinov2_large+efficientnet_b0+hog,
FMD,svm,2026,2,full,random_021,0.9298074689538105,0.93,4,3280,0.4403446430005715,convnext_v2_t+deit_s+drlbp+resnet50,
FMD,svm,2026,2,full,random_022,0.959724828017511,0.96,4,2176,0.3124273790017469,deit_s+dinov2+rgb_ngram_svd+vit_b16,
FMD,svm,2026,2,full,random_023,0.8476199573193334,0.85,4,1378,0.46537534199887887,densenet121+drlbp+glcm+rgb_ngram_svd,
FMD,svm,2026,2,full,random_024,0.9646627731287551,0.965,4,2944,0.4320422390010208,deit_s+densenet121+eva02_base+swin_t,
FMD,svm,2026,2,full,random_025,0.9949968730456537,0.995,4,4324,0.6867789169991738,dinov2_large+hog+siglip_base+vit_b16,
FMD,svm,2026,2,full,random_026,0.9949968730456537,0.995,4,3120,0.5143719619954936,convnext_v2_t+dinov2_large+efficientnet_b0+gabor,
FMD,svm,2026,2,full,random_027,0.9444240526268768,0.945,4,2322,0.47617854100099066,glcm+mae_base+swin_t+vit_b16,
FMD,svm,2026,2,full,random_028,0.9599463010246065,0.96,4,5522,0.40535256799921626,densenet121+dinov2_small+glcm+vgg16,
FMD,svm,2026,2,full,random_029,0.9799686834346654,0.98,4,1846,0.2890325490006944,deit_s+dinov2_large+dinov2_small+lbp,
FMD,svm,2026,2,full,random_030,0.9899937460913071,0.99,4,5200,0.6507346799990046,dinov2_large+drlbp+resnet101+resnet50,
FMD,svm,2026,2,full,random_031,0.9799686834346654,0.98,4,2834,0.48252518600202166,dinov2+efficientnet_b0+glcm+siglip_base,
FMD,svm,2026,2,full,random_032,0.9849906191369605,0.985,4,2944,0.6146497730005649,deit_s+densenet121+mae_base+siglip_base,
FMD,svm,2026,2,full,random_033,0.8947772360288407,0.895,4,7168,0.6428406920022098,mae_base+resnet50+rgb_ngram_svd+vgg16,
FMD,svm,2026,2,full,random_034,0.9798556663704288,0.98,4,4944,0.6071946559968637,dinov2+drlbp+resnet101+resnet50,
FMD,svm,2026,2,full,random_035,0.9849906191369605,0.985,4,2176,0.2972955389996059,dinov2+dinov2_small+eva02_base+rgb_ngram_svd,
FMD,svm,2026,2,full,random_036,0.9550405093408945,0.955,4,6262,0.5677909449950675,dinov2_small+glcm+hog+vgg16,
FMD,svm,2026,2,full,random_037,0.9086993358944578,0.91,4,6966,0.5292838109962759,lbp+resnet50+swin_t+vgg16,
FMD,svm,2026,2,full,random_038,0.8538448466071836,0.855,4,6932,0.8909062029997585,densenet121+gabor+hog+vgg16,
FMD,svm,2026,2,full,random_039,0.9799686834346654,0.98,4,3126,0.5072783240029821,dinov2+dinov2_large+efficientnet_b0+lbp,
FMD,svm,2026,2,full,random_040,0.8988502917707025,0.9,4,2688,0.4252825549992849,deit_s+efficientnet_b0+rgb_ngram_svd+swin_t,
FMD,svm,2026,2,full,random_041,0.8616295899222729,0.865,4,6292,0.6794973710057093,deit_s+gabor+hog+vgg16,
FMD,svm,2026,2,full,random_042,0.9749655564803191,0.975,4,3200,0.5297854160016868,deit_s+efficientnet_b0+eva02_base+mae_base,
FMD,svm,2026,2,full,random_043,0.9798525394160824,0.98,4,2176,0.3169810730032623,dinov2_small+eva02_base+rgb_ngram_svd+siglip_base,
FMD,svm,2026,2,full,random_044,0.9750817004989021,0.975,4,3126,0.4420128069978091,dinov2+lbp+resnet101+rgb_ngram_svd,
FMD,svm,2026,2,full,random_045,0.9849718103890119,0.985,4,4608,0.8269446799968136,densenet121+mae_base+resnet101+siglip_base,
FMD,svm,2026,2,full,random_046,0.9801156973108192,0.98,4,4224,0.5971990039979573,dinov2_large+dinov2_small+mae_base+resnet101,
FMD,svm,2026,2,full,random_047,0.9799686834346655,0.98,4,7652,0.854240132997802,densenet121+hog+siglip_base+vgg16,
FMD,svm,2026,2,full,random_048,0.9851067631555438,0.985,4,5632,0.655049370994675,convnext_v2_t+resnet101+resnet50+siglip_base,
FMD,svm,2026,2,full,random_049,0.913681992814154,0.915,4,4736,0.6629756649999763,deit_s+densenet121+efficientnet_b0+resnet101,
FMD,svm,2026,2,full,random_050,0.9649228040691454,0.965,4,6016,0.4623601800049073,convnext_v2_t+dinov2_small+mae_base+vgg16,
FMD,svm,2026,2,full,random_051,0.9749807445442876,0.975,4,3574,0.6921296259970404,dinov2_large+glcm+hog+vit_b16,
FMD,svm,2026,2,full,random_052,0.9799686834346655,0.98,4,1634,0.4516708990049665,drlbp+eva02_base+glcm+mae_base,
FMD,svm,2026,2,full,random_053,0.9234622387061411,0.925,4,3152,0.41701194499910343,convnext_v2_t+drlbp+resnet50+rgb_ngram_svd,
FMD,svm,2026,2,full,random_054,0.959859287054409,0.96,4,4608,0.5677730210009031,convnext_v2_t+densenet121+resnet50+swin_t,
FMD,svm,2026,2,full,random_055,0.9393038412165499,0.94,4,3090,0.42240394499822287,glcm+resnet50+rgb_ngram_svd+vit_b16,
FMD,svm,2026,2,full,random_056,0.8673885412717247,0.87,4,4546,0.3326082010025857,deit_s+gabor+glcm+vgg16,
FMD,svm,2026,2,full,random_057,0.9851067631555436,0.985,4,1938,0.3182312169956276,convnext_v2_t+deit_s+eva02_base+glcm,
FMD,svm,2026,2,full,random_058,0.9135241633316088,0.915,4,6528,0.600332422000065,deit_s+efficientnet_b0+mae_base+vgg16,
FMD,svm,2026,2,full,random_059,0.95004944349617,0.95,4,7680,0.553066802000103,convnext_v2_t+resnet101+vgg16+vit_b16,
FMD,svm,2026,2,full,random_060,0.9039872041463228,0.905,4,3968,0.5466706529987277,deit_s+efficientnet_b0+resnet101+rgb_ngram_svd,
FMD,svm,2026,2,full,random_061,0.9848556663704289,0.985,4,2578,0.4795244820052176,convnext_v2_t+densenet121+glcm+siglip_base,
FMD,svm,2026,2,full,random_062,0.9851067631555436,0.985,4,4634,0.7509285310006817,eva02_base+hog+lbp+resnet50,
FMD,svm,2026,2,full,random_063,0.9802287143750558,0.98,4,4096,0.6040653669988387,densenet121+resnet50+rgb_ngram_svd+siglip_base,
FMD,svm,2026,2,full,random_064,0.964367759611662,0.965,4,5248,0.5520524620005745,convnext_v2_t+dinov2_small+resnet101+resnet50,
FMD,svm,2026,2,full,random_065,0.9702036517184143,0.97,4,3664,0.4555979069991736,dinov2+drlbp+resnet50+vit_b16,
FMD,svm,2026,2,full,random_066,0.9849906191369605,0.985,4,6628,0.9398493050030083,hog+resnet101+resnet50+siglip_base,
FMD,svm,2026,2,full,random_067,0.9346397971673369,0.935,4,7296,0.491957182995975,deit_s+resnet50+vgg16+vit_b16,
FMD,svm,2026,2,full,random_068,0.9849937460913072,0.985,4,3858,0.5088023510033963,dinov2_large+glcm+resnet50+vit_b16,
FMD,svm,2026,2,full,random_069,0.9899937460913071,0.99,4,4608,0.6442850569947041,dinov2_large+eva02_base+mae_base+resnet101,
FMD,svm,2026,2,full,random_070,0.9899968730456535,0.99,4,1602,0.36381184700439917,gabor+glcm+siglip_base+vit_b16,
FMD,svm,2026,2,full,random_071,0.9799874921826142,0.98,4,3248,0.47342604200093774,deit_s+gabor+resnet50+siglip_base,
FMD,svm,2026,2,full,random_072,0.9799686834346655,0.98,4,3348,0.8617318329997943,eva02_base+gabor+hog+mae_base,
FMD,svm,2026,2,full,random_073,0.9746847088310503,0.975,4,3218,0.41561396999895805,deit_s+dinov2+glcm+resnet50,
FMD,svm,2026,2,full,random_074,0.9746847088310503,0.975,4,3610,0.9903089540021028,dinov2_large+hog+lbp+mae_base,
FMD,svm,2026,2,full,random_075,0.9899937460913071,0.99,4,2322,0.5035400249980739,dinov2+glcm+mae_base+siglip_base,
FMD,svm,2026,2,full,random_076,0.9799686834346655,0.98,4,1864,0.38412925799639197,dinov2+dinov2_large+glcm+lbp,
FMD,svm,2026,2,full,random_077,0.9345527514847156,0.935,4,3318,0.6328147469976102,glcm+hog+swin_t+vit_b16,
FMD,svm,2026,2,full,random_078,0.9492882375809206,0.95,4,4608,0.5874309640057618,convnext_v2_t+densenet121+resnet101+swin_t,
FMD,svm,2026,2,full,random_079,0.9849906191369605,0.985,4,3328,0.5576656679986627,densenet121+dinov2+eva02_base+mae_base,
FMD,svm,2026,2,full,random_080,0.9849807445442875,0.985,4,3602,0.5456604470018647,glcm+resnet101+siglip_base+vit_b16,
FMD,svm,2026,2,full,random_081,0.964367759611662,0.965,4,5248,0.5505639529947075,convnext_v2_t+dinov2_small+resnet101+resnet50,
FMD,svm,2026,2,full,random_082,0.9949968730456537,0.995,4,2322,0.3763403969933279,eva02_base+glcm+siglip_base+vit_b16,
FMD,svm,2026,2,full,random_083,0.9444544287548139,0.945,4,2688,0.44181098499393556,convnext_v2_t+deit_s+mae_base+vit_b16,
FMD,svm,2026,2,full,random_084,0.9949968730456537,0.995,4,3072,0.43264389800606295,convnext_v2_t+eva02_base+siglip_base+vit_b16,
FMD,svm,2026,2,full,random_085,0.9601973978097214,0.96,4,5328,0.33310717299900716,dinov2_small+drlbp+vgg16+vit_b16,
FMD,svm,2026,2,full,random_086,0.9546784549223573,0.955,4,2688,0.3707508549996419,convnext_v2_t+deit_s+swin_t+vit_b16,
FMD,svm,2026,2,full,random_087,0.944592483634786,0.945,4,3840,0.47249033100524684,resnet101+rgb_ngram_svd+swin_t+vit_b16,
FMD,svm,2026,2,full,random_088,0.8947197539302802,0.895,4,2432,0.5909728110054857,densenet121+drlbp+efficientnet_b0+gabor,
FMD,svm,2026,2,full,random_089,0.8253757552960987,0.825,4,4242,0.36666789300215896,drlbp+gabor+glcm+vgg16,
FMD,svm,2026,2,full,random_090,0.9699816849816848,0.97,4,2816,0.37872508900181856,deit_s+dinov2_small+efficientnet_b0+vit_b16,
FMD,svm,2026,2,full,random_091,0.9801036362011972,0.98,4,5632,0.37201477700000396,deit_s+dinov2_small+siglip_base+vgg16,
FMD,svm,2026,2,full,random_092,0.964367759611662,0.965,4,3248,0.39909450399864,convnext_v2_t+dinov2_small+gabor+resnet50,
FMD,svm,2026,2,full,random_093,0.9849906191369605,0.985,4,2688,0.42833211299875984,dinov2+dinov2_small+eva02_base+mae_base,
FMD,svm,2026,2,full,random_094,0.9746847088310503,0.975,4,3072,0.5050775010022335,convnext_v2_t+dinov2+mae_base+swin_t,
FMD,svm,2026,2,full,random_095,0.9901098901098901,0.99,4,3380,1.070397736999439,drlbp+hog+mae_base+siglip_base,
FMD,svm,2026,2,full,random_096,0.9495908156883768,0.95,4,1840,0.32042132100468734,convnext_v2_t+gabor+rgb_ngram_svd+swin_t,
FMD,svm,2026,2,full,random_097,0.9699686834346654,0.97,4,1280,0.23810978300025454,dinov2+dinov2_small+drlbp+gabor,
FMD,svm,2026,2,full,random_098,0.9899937460913071,0.99,4,3126,0.5089275969949085,dinov2_large+efficientnet_b0+eva02_base+lbp,
FMD,svm,2026,2,full,random_099,0.9545580649560111,0.955,4,1766,0.3429265779996058,dinov2_small+efficientnet_b0+gabor+lbp,
FMD,svm,2026,3,full,random_000,0.9748337306681337,0.975,3,1920,0.41745043699484086,deit_s+mae_base+siglip_base,
FMD,svm,2026,3,full,random_001,0.8701183551399989,0.87,3,3840,0.6723661440046271,densenet121+mae_base+resnet50,
FMD,svm,2026,3,full,random_002,0.9502368802368804,0.95,3,6912,0.43579519700142555,eva02_base+resnet50+vgg16,
FMD,svm,2026,3,full,random_003,0.9648039798039797,0.965,3,1090,0.2970244160023867,dinov2_large+gabor+glcm,
FMD,svm,2026,3,full,random_004,0.9243169324177994,0.925,3,2560,0.4907649580054567,convnext_v2_t+densenet121+mae_base,
FMD,svm,2026,3,full,random_005,0.3120845031019974,0.345,3,182,0.06506322900531814,drlbp+gabor+lbp,
FMD,svm,2026,3,full,random_006,0.98510989010989,0.985,3,2304,0.33639933700033,dinov2+siglip_base+vit_b16,
FMD,svm,2026,3,full,random_007,0.9349168653340669,0.935,3,3812,0.6076360509978258,efficientnet_b0+hog+vit_b16,
FMD,svm,2026,3,full,random_008,0.970234521575985,0.97,3,1920,0.2745741589969839,dinov2+dinov2_small+siglip_base,
FMD,svm,2026,3,full,random_009,0.9349168653340669,0.935,3,3812,0.6028851849987404,efficientnet_b0+hog+vit_b16,
FMD,svm,2026,3,full,random_010,0.9500790672741892,0.95,3,1590,0.3627336630015634,eva02_base+lbp+mae_base,
FMD,svm,2026,3,full,random_011,0.9503754362782036,0.95,3,3328,0.48738674899504986,densenet121+dinov2_large+efficientnet_b0,
FMD,svm,2026,3,full,random_012,0.9353961827646039,0.935,3,2560,0.36430091300280765,densenet121+swin_t+vit_b16,
FMD,svm,2026,3,full,random_013,0.9453911180718059,0.945,3,1920,0.2613701900045271,convnext_v2_t+deit_s+dinov2,
FMD,svm,2026,3,full,random_014,0.9548274767594409,0.955,3,3200,0.3648323680026806,deit_s+eva02_base+resnet101,
FMD,svm,2026,3,full,random_015,0.9699807445442875,0.97,3,1584,0.3035894990025554,eva02_base+gabor+siglip_base,
FMD,svm,2026,3,full,random_016,0.95004944349617,0.95,3,1792,0.3651970670034643,dinov2+mae_base+rgb_ngram_svd,
FMD,svm,2026,3,full,random_017,0.8867461894291162,0.885,3,4196,0.6830135399941355,deit_s+hog+resnet101,
FMD,svm,2026,3,full,random_018,0.965338604484946,0.965,3,3200,0.3190030050027417,dinov2_small+resnet50+vit_b16,
FMD,svm,2026,3,full,random_019,0.8709976277540538,0.87,3,1590,0.3736898729985114,efficientnet_b0+lbp+rgb_ngram_svd,
FMD,svm,2026,3,full,random_020,0.9602274993738409,0.96,3,6628,0.5664848790038377,eva02_base+hog+vgg16,
FMD,svm,2026,3,full,random_021,0.9601698334625164,0.96,3,1536,0.19874428800540045,deit_s+dinov2_small+vit_b16,
FMD,svm,2026,3,full,random_022,0.8800542656022252,0.88,3,1584,0.4114913829980651,gabor+mae_base+swin_t,
FMD,svm,2026,3,full,random_023,0.9086333686406244,0.91,3,3072,0.3621467039993149,convnext_v2_t+resnet50+rgb_ngram_svd,
FMD,svm,2026,3,full,random_024,0.8098485411020991,0.805,3,518,0.14609226299944567,deit_s+drlbp+lbp,
FMD,svm,2026,3,full,random_025,0.9204678632310956,0.92,3,2128,0.37258465900231386,drlbp+efficientnet_b0+vit_b16,
FMD,svm,2026,3,full,random_026,0.9600995688094531,0.96,3,1920,0.30901707900193287,dinov2_small+mae_base+vit_b16,
FMD,svm,2026,3,full,random_027,0.8581603133928717,0.855,3,4196,0.6444812589979847,deit_s+hog+resnet50,
FMD,svm,2026,3,full,random_028,0.9300297730451177,0.93,3,3584,0.3907419969982584,resnet50+swin_t+vit_b16,
FMD,svm,2026,3,full,random_029,0.9650478822430042,0.965,3,3152,0.4103401269967435,dinov2_large+drlbp+resnet50,
FMD,svm,2026,3,full,random_030,0.9499781113195749,0.95,3,1554,0.3663151930013555,eva02_base+glcm+mae_base,
FMD,svm,2026,3,full,random_031,0.5796714867181625,0.58,3,1078,0.5521832719969098,lbp+mae_base+rgb_ngram_svd,
FMD,svm,2026,3,full,random_032,0.9550356283283111,0.955,3,3840,0.43303002099855803,convnext_v2_t+dinov2_large+resnet50,
FMD,svm,2026,3,full,random_033,0.9558248127567769,0.955,3,1584,0.2648221130002639,convnext_v2_t+dinov2+gabor,
FMD,svm,2026,3,full,random_034,0.9748337306681337,0.975,3,2870,0.4218117979980889,lbp+resnet50+siglip_base,
FMD,svm,2026,3,full,random_035,0.9749906191369606,0.975,3,1584,0.2989473920024466,convnext_v2_t+gabor+siglip_base,
FMD,svm,2026,3,full,random_036,0.878511658075201,0.88,3,3072,0.3801983400044264,resnet101+rgb_ngram_svd+swin_t,
FMD,svm,2026,3,full,random_037,0.9752345215759849,0.975,3,1232,0.19618986699788366,dinov2_small+drlbp+eva02_base,
FMD,svm,2026,3,full,random_038,0.9552456698968328,0.955,3,5120,0.35321861199918203,rgb_ngram_svd+siglip_base+vgg16,
FMD,svm,2026,3,full,random_039,0.9552691668522936,0.955,3,4944,0.3154863079980714,dinov2+drlbp+vgg16,
FMD,svm,2026,3,full,random_040,0.9652193335120165,0.965,3,1616,0.25312237400066806,convnext_v2_t+drlbp+eva02_base,
FMD,svm,2026,3,full,random_041,0.8792865798161795,0.88,3,4096,0.6779607080025016,efficientnet_b0+mae_base+resnet101,
FMD,svm,2026,3,full,random_042,0.9801067631555437,0.98,3,1200,0.2173219149990473,dinov2_small+gabor+siglip_base,
FMD,svm,2026,3,full,random_043,0.9553395760006799,0.955,3,3840,0.4648743249999825,convnext_v2_t+dinov2_large+resnet101,
FMD,svm,2026,3,full,random_044,0.9447775617146009,0.945,3,2788,0.5330964040040271,eva02_base+hog+rgb_ngram_svd,
FMD,svm,2026,3,full,random_045,0.9604506811117851,0.96,3,456,0.11346068300190382,dinov2_small+glcm+lbp,
FMD,svm,2026,3,full,random_046,0.8265226049570916,0.825,3,4912,0.49194583999633323,gabor+mae_base+vgg16,
FMD,svm,2026,3,full,random_047,0.9802287143750558,0.98,3,3300,0.6023077319987351,hog+siglip_base+vit_b16,
FMD,svm,2026,3,full,random_048,0.9750906346541777,0.975,3,2066,0.39075571600551484,efficientnet_b0+glcm+siglip_base,
FMD,svm,2026,3,full,random_049,0.9402530383509278,0.94,3,3584,0.4231951210022089,convnext_v2_t+resnet101+vit_b16,
FMD,svm,2026,3,full,random_050,0.8552024069097239,0.855,3,3328,0.467545990999497,densenet121+resnet50+rgb_ngram_svd,
FMD,svm,2026,3,full,random_051,0.9601959953551141,0.96,3,2816,0.38534067300497554,efficientnet_b0+eva02_base+swin_t,
FMD,svm,2026,3,full,random_052,0.9601250533329526,0.96,3,3200,0.3547250530027668,convnext_v2_t+dinov2_small+resnet101,
FMD,svm,2026,3,full,random_053,0.8503417336263561,0.85,3,2176,0.4862399240009836,deit_s+densenet121+mae_base,
FMD,svm,2026,3,full,random_054,0.9349168653340669,0.935,3,3812,0.6036979389973567,efficientnet_b0+hog+vit_b16,
FMD,svm,2026,3,full,random_055,0.9646757746757746,0.965,3,1408,0.25479799500317313,deit_s+rgb_ngram_svd+siglip_base,
FMD,svm,2026,3,full,random_056,0.8747267961925991,0.875,3,6198,0.48054978299478535,lbp+resnet101+vgg16,
FMD,svm,2026,3,full,random_057,0.9748039798039798,0.975,3,1810,0.3634625119957491,dinov2_large+glcm+siglip_base,
FMD,svm,2026,3,full,random_058,0.8786967225799062,0.88,3,6192,0.46776989300269634,gabor+resnet101+vgg16,
FMD,svm,2026,3,full,random_059,0.9701067631555436,0.97,3,5632,0.3695860240040929,convnext_v2_t+siglip_base+vgg16,
FMD,svm,2026,3,full,random_060,0.8098485411020991,0.805,3,518,0.14836785499937832,deit_s+drlbp+lbp,
FMD,svm,2026,3,full,random_061,0.9651005092468508,0.965,3,2304,0.38962022999476176,eva02_base+mae_base+swin_t,
FMD,svm,2026,3,full,random_062,0.9409633862072887,0.94,3,1682,0.2683373960026074,dinov2_small+efficientnet_b0+glcm,
FMD,svm,2026,3,full,random_063,0.9698008528496332,0.97,3,5632,0.3268516379976063,convnext_v2_t+eva02_base+vgg16,
FMD,svm,2026,3,full,random_064,0.9258435914823053,0.925,3,3300,0.5358136979994015,hog+swin_t+vit_b16,
FMD,svm,2026,3,full,random_065,0.9649286112700747,0.965,3,1920,0.2891432519973023,deit_s+siglip_base+swin_t,
FMD,svm,2026,3,full,random_066,0.9100122628662497,0.91,3,4864,0.5140914449948468,resnet101+resnet50+vit_b16,
FMD,svm,2026,3,full,random_067,0.9604506811117851,0.96,3,518,0.12361319600313436,dinov2_small+drlbp+lbp,
FMD,svm,2026,3,full,random_068,0.8802412093682955,0.88,3,2864,0.39539358999900287,gabor+resnet50+swin_t,
FMD,svm,2026,3,full,random_069,0.9356224954051042,0.935,3,5888,0.41273051900498103,densenet121+eva02_base+vgg16,
FMD,svm,2026,3,full,random_070,0.8852743031714283,0.885,3,834,0.22429713999736123,gabor+glcm+swin_t,
FMD,svm,2026,3,full,random_071,0.9604506811117851,0.96,3,1200,0.27779263100092066,dinov2_small+gabor+mae_base,
FMD,svm,2026,3,full,random_072,0.866064750397228,0.865,3,2560,0.4608066639993922,densenet121+efficientnet_b0+rgb_ngram_svd,
FMD,svm,2026,3,full,random_073,0.9653148196202798,0.965,3,2896,0.34563929500291124,drlbp+eva02_base+resnet50,
FMD,svm,2026,3,full,random_074,0.9801067631555437,0.98,3,1920,0.2599533279935713,dinov2_small+siglip_base+vit_b16,
FMD,svm,2026,3,full,random_075,0.8038019650439419,0.8,3,1206,0.3719054690009216,deit_s+lbp+mae_base,
FMD,svm,2026,3,full,random_076,0.9651063164477798,0.965,3,1584,0.26273451900488,dinov2+gabor+vit_b16,
FMD,svm,2026,3,full,random_077,0.8423992449818642,0.845,3,1846,0.5915143189995433,densenet121+lbp+mae_base,
FMD,svm,2026,3,full,random_078,0.8796758344801454,0.88,3,3376,0.5414992990044993,efficientnet_b0+gabor+resnet101,
FMD,svm,2026,3,full,random_079,0.9550771863993944,0.955,3,2304,0.3922128240010352,efficientnet_b0+rgb_ngram_svd+siglip_base,
FMD,svm,2026,3,full,random_080,0.9553801418949044,0.955,3,1616,0.35435280399542535,drlbp+eva02_base+mae_base,
FMD,svm,2026,3,full,random_081,0.9155135728627386,0.915,3,4096,0.4951306270013447,efficientnet_b0+resnet101+vit_b16,
FMD,svm,2026,3,full,random_082,0.8798750864026859,0.88,3,1590,0.3942051839985652,lbp+mae_base+swin_t,
FMD,svm,2026,3,full,random_083,0.9209937323128056,0.92,3,1584,0.26507644999946933,gabor+swin_t+vit_b16,
FMD,svm,2026,3,full,random_084,0.9750848274532485,0.975,3,5632,0.3132992329992703,eva02_base+vgg16+vit_b16,
FMD,svm,2026,3,full,random_085,0.8617544052011317,0.86,3,5174,0.42210987499856856,densenet121+lbp+vgg16,
FMD,svm,2026,3,full,random_086,0.8345631334761705,0.835,3,2384,0.3741481239994755,drlbp+resnet50+rgb_ngram_svd,
FMD,svm,2026,3,full,random_087,0.8438201285859286,0.845,3,1078,0.23067342300055316,lbp+rgb_ngram_svd+swin_t,
FMD,svm,2026,3,full,random_088,0.9653287298922729,0.965,3,1920,0.3013182560025598,dinov2_small+mae_base+swin_t,
FMD,svm,2026,3,full,random_089,0.9095892048331071,0.91,3,4944,0.3114734499977203,convnext_v2_t+drlbp+vgg16,
FMD,svm,2026,3,full,random_090,0.955059200898679,0.955,3,1840,0.32725507000577636,convnext_v2_t+dinov2_large+gabor,
FMD,svm,2026,3,full,random_091,0.9247970322360566,0.925,3,4096,0.4690630830009468,convnext_v2_t+efficientnet_b0+resnet50,
FMD,svm,2026,3,full,random_092,0.9252274117421744,0.925,3,3584,0.4255907379993005,resnet101+swin_t+vit_b16,
FMD,svm,2026,3,full,random_093,0.9653148196202798,0.965,3,2896,0.3580585589952534,drlbp+eva02_base+resnet50,
FMD,svm,2026,3,full,random_094,0.8245996388501687,0.825,3,1872,0.5940396239966503,densenet121+drlbp+mae_base,
FMD,svm,2026,3,full,random_095,0.9650995688094532,0.965,3,2896,0.3535487189947162,dinov2+drlbp+resnet50,
FMD,svm,2026,3,full,random_096,0.8801022369976306,0.88,3,1200,0.22130805699998746,deit_s+gabor+vit_b16,
FMD,svm,2026,3,full,random_097,0.9701156973108193,0.97,3,1792,0.2551079769982607,dinov2+eva02_base+rgb_ngram_svd,
FMD,svm,2026,3,full,random_098,0.675523309045714,0.68,3,902,0.6061050270000123,drlbp+lbp+mae_base,
FMD,svm,2026,3,full,random_099,0.8751038948214814,0.875,3,3712,0.4456661379954312,deit_s+efficientnet_b0+resnet50,
FMD,svm,2026,4,full,random_000,0.9451983382471187,0.945,3,4196,0.5362374619944603,dinov2_small+hog+resnet50,
FMD,svm,2026,4,full,random_001,0.910380530624433,0.91,3,4096,0.4894574569989345,convnext_v2_t+efficientnet_b0+resnet101,
FMD,svm,2026,4,full,random_002,0.9699328374603773,0.97,3,3584,0.4082737950011506,eva02_base+resnet101+swin_t,
FMD,svm,2026,4,full,random_003,0.9701125703564728,0.97,3,2586,0.5317321999973501,eva02_base+hog+lbp,
FMD,svm,2026,4,full,random_004,0.8809900437756664,0.88,3,2096,0.37909151700296206,efficientnet_b0+gabor+swin_t,
FMD,svm,2026,4,full,random_005,0.9503354775305995,0.95,3,2096,0.39078365500608925,efficientnet_b0+gabor+siglip_base,
FMD,svm,2026,4,full,random_006,0.8127009044267307,0.815,3,518,0.14406569799757563,deit_s+drlbp+lbp,
FMD,svm,2026,4,full,random_007,0.9400518181005986,0.94,3,6528,0.38574444200639846,dinov2_small+resnet101+vgg16,
FMD,svm,2026,4,full,random_008,0.9751067631555437,0.975,3,2048,0.32866609600023367,densenet121+dinov2+rgb_ngram_svd,
FMD,svm,2026,4,full,random_009,0.950438620002163,0.95,3,5248,0.2813826909987256,dinov2_small+swin_t+vgg16,
FMD,svm,2026,4,full,random_010,0.9494491152835185,0.95,3,816,0.14418356299574953,deit_s+dinov2_small+gabor,
FMD,svm,2026,4,full,random_011,0.4596207406412603,0.47,3,2788,1.2703486999962479,hog+mae_base+rgb_ngram_svd,
FMD,svm,2026,4,full,random_012,0.9499156097230552,0.95,3,3428,0.5253904479977791,dinov2_small+efficientnet_b0+hog,
FMD,svm,2026,4,full,random_013,0.950049475208594,0.95,3,3584,0.44901764100359287,convnext_v2_t+resnet101+siglip_base,
FMD,svm,2026,4,full,random_014,0.9196866163361672,0.92,3,902,0.22101360699889483,convnext_v2_t+drlbp+lbp,
FMD,svm,2026,4,full,random_015,0.9542337472825277,0.955,3,486,0.1208788470030413,dinov2_small+gabor+lbp,
FMD,svm,2026,4,full,random_016,0.806926907584877,0.81,3,4432,0.2914938649992109,drlbp+rgb_ngram_svd+vgg16,
FMD,svm,2026,4,full,random_017,0.9499624295259725,0.95,3,2560,0.3954957480018493,dinov2_large+efficientnet_b0+rgb_ngram_svd,
FMD,svm,2026,4,full,random_018,0.9046382512236171,0.905,3,4864,0.5070854299992789,resnet101+resnet50+vit_b16,
FMD,svm,2026,4,full,random_019,0.920911205911206,0.92,3,3584,0.4161640960010118,resnet101+swin_t+vit_b16,
FMD,svm,2026,4,full,random_020,0.8489638132661389,0.85,3,1456,0.32279416100209346,deit_s+densenet121+gabor,
FMD,svm,2026,4,full,random_021,0.9747243342878772,0.975,3,1920,0.315984817003482,dinov2+dinov2_small+mae_base,
FMD,svm,2026,4,full,random_022,0.9599843652282678,0.96,3,1462,0.256585704999452,deit_s+dinov2_large+lbp,
FMD,svm,2026,4,full,random_023,0.9752287143750559,0.975,3,2304,0.3721171210054308,densenet121+dinov2_large+rgb_ngram_svd,
FMD,svm,2026,4,full,random_024,0.9000258127697899,0.9,3,4882,0.3028497530031018,glcm+vgg16+vit_b16,
FMD,svm,2026,4,full,random_025,0.8432532808312729,0.845,3,3328,0.4757038059979095,densenet121+resnet50+rgb_ngram_svd,
FMD,svm,2026,4,full,random_026,0.9549785580273384,0.955,3,1488,0.2666055440058699,deit_s+dinov2_large+drlbp,
FMD,svm,2026,4,full,random_027,0.9646903374759601,0.965,3,1846,0.31745735999720637,convnext_v2_t+dinov2_large+lbp,
FMD,svm,2026,4,full,random_028,0.9651964890847478,0.965,3,2870,0.3565144309977768,eva02_base+lbp+resnet50,
FMD,svm,2026,4,full,random_029,0.8636434575051467,0.865,3,8192,0.5786583439985407,resnet101+resnet50+vgg16,
FMD,svm,2026,4,full,random_030,0.9454738905422551,0.945,3,5888,0.3652035010018153,dinov2_large+vgg16+vit_b16,
FMD,svm,2026,4,full,random_031,0.9443516311102961,0.945,3,688,0.17947565900249174,dinov2_small+gabor+rgb_ngram_svd,
FMD,svm,2026,4,full,random_032,0.9502353145356996,0.95,3,4096,0.528252568001335,efficientnet_b0+resnet101+siglip_base,
FMD,svm,2026,4,full,random_033,0.9702027429934408,0.97,3,2864,0.4611822229999234,gabor+resnet101+siglip_base,
FMD,svm,2026,4,full,random_034,0.6681116502841026,0.675,3,866,0.6172549130060361,drlbp+glcm+mae_base,
FMD,svm,2026,4,full,random_035,0.7960669063470467,0.8,3,1298,0.36195555399899604,densenet121+glcm+rgb_ngram_svd,
FMD,svm,2026,4,full,random_036,0.802998506724076,0.805,3,4068,0.7397489360009786,hog+resnet50+rgb_ngram_svd,
FMD,svm,2026,4,full,random_037,0.8960939402916297,0.895,3,4096,0.4822366489970591,efficientnet_b0+resnet50+swin_t,
FMD,svm,2026,4,full,random_038,0.9699686834346654,0.97,3,2176,0.36695709500054363,dinov2_large+dinov2_small+mae_base,
FMD,svm,2026,4,full,random_039,0.8993191181830463,0.9,3,5120,0.29369165300158784,convnext_v2_t+rgb_ngram_svd+vgg16,
FMD,svm,2026,4,full,random_040,0.96042470973017,0.96,3,2816,0.3709771760040894,efficientnet_b0+eva02_base+vit_b16,
FMD,svm,2026,4,full,random_041,0.9601125703564726,0.96,3,1872,0.3406497350006248,densenet121+drlbp+eva02_base,
FMD,svm,2026,4,full,random_042,0.950334537093202,0.95,3,5632,0.3336283300013747,eva02_base+vgg16+vit_b16,
FMD,svm,2026,4,full,random_043,0.8596758459917847,0.86,3,3408,0.5011142149960506,drlbp+efficientnet_b0+resnet50,
FMD,svm,2026,4,full,random_044,0.8391971541971543,0.84,3,6400,0.41528983900207095,resnet50+rgb_ngram_svd+vgg16,
FMD,svm,2026,4,full,random_045,0.8911571124793204,0.89,3,2816,0.49909388100059005,efficientnet_b0+mae_base+swin_t,
FMD,svm,2026,4,full,random_046,0.8639216099834961,0.865,3,6224,0.45664244599902304,drlbp+resnet101+vgg16,
FMD,svm,2026,4,full,random_047,0.8760879535216757,0.875,3,3200,0.36885848700330826,deit_s+resnet50+swin_t,
FMD,svm,2026,4,full,random_048,0.9600995688094534,0.96,3,1840,0.3304150580006535,dinov2_large+gabor+vit_b16,
FMD,svm,2026,4,full,random_049,0.969971810389012,0.97,3,1554,0.25791986499825725,dinov2+glcm+vit_b16,
FMD,svm,2026,4,full,random_050,0.8761512919803929,0.875,3,2128,0.36688494499685476,drlbp+efficientnet_b0+swin_t,
FMD,svm,2026,4,full,random_051,0.96042470973017,0.96,3,2816,0.365404784999555,efficientnet_b0+eva02_base+vit_b16,
FMD,svm,2026,4,full,random_052,0.7958817455329084,0.8,3,1328,0.37088740000035614,densenet121+gabor+rgb_ngram_svd,
FMD,svm,2026,4,full,random_053,0.8448418363937664,0.845,3,2128,0.5432604910020018,drlbp+efficientnet_b0+mae_base,
FMD,svm,2026,4,full,random_054,0.8953410305408408,0.895,3,3072,0.4462419920018874,densenet121+efficientnet_b0+vit_b16,
FMD,svm,2026,4,full,random_055,0.9801156973108194,0.98,3,2176,0.28337236900551943,deit_s+dinov2_large+eva02_base,
FMD,svm,2026,4,full,random_056,0.9448342243977674,0.945,3,3456,0.3892723480021232,deit_s+dinov2_large+resnet50,
FMD,svm,2026,4,full,random_057,0.8322979347306836,0.835,3,2182,0.3914865339975222,drlbp+lbp+resnet50,
FMD,svm,2026,4,full,random_058,0.9199694184161451,0.92,3,6912,0.4381646589972661,convnext_v2_t+resnet101+vgg16,
FMD,svm,2026,4,full,random_059,0.9548462855073895,0.955,3,4560,0.23127204299817095,dinov2_small+drlbp+vgg16,
FMD,svm,2026,4,full,random_060,0.9450646632725623,0.945,3,1170,0.2533260869968217,deit_s+glcm+siglip_base,
FMD,svm,2026,4,full,random_061,0.864011614390305,0.865,3,1920,0.31510144799540285,deit_s+efficientnet_b0+rgb_ngram_svd,
FMD,svm,2026,4,full,random_062,0.9650995688094532,0.965,3,1554,0.24746756899548927,eva02_base+glcm+vit_b16,
FMD,svm,2026,4,full,random_063,0.979855666370429,0.98,3,2560,0.3734486479952466,dinov2_large+siglip_base+vit_b16,
FMD,svm,2026,4,full,random_064,0.7806530762381826,0.785,3,3044,0.7811863030001405,densenet121+hog+rgb_ngram_svd,
FMD,svm,2026,4,full,random_065,0.964975431072992,0.965,3,2096,0.3482401790024596,efficientnet_b0+eva02_base+gabor,
FMD,svm,2026,4,full,random_066,0.8025545107380794,0.805,3,4406,0.2953667140027392,lbp+rgb_ngram_svd+vgg16,
FMD,svm,2026,4,full,random_067,0.9752345215759849,0.975,3,2304,0.34282719700422604,dinov2+efficientnet_b0+rgb_ngram_svd,
FMD,svm,2026,4,full,random_068,0.965093761608524,0.965,3,2304,0.3643563000005088,dinov2+mae_base+swin_t,
FMD,svm,2026,4,full,random_069,0.8722238480389958,0.87,3,1584,0.4150424949984881,gabor+mae_base+swin_t,
FMD,svm,2026,4,full,random_070,0.2983796264216322,0.305,3,390,0.16967379100242397,drlbp+lbp+rgb_ngram_svd,
FMD,svm,2026,4,full,random_071,0.9899937460913073,0.99,3,2304,0.42523373299627565,dinov2+mae_base+siglip_base,
FMD,svm,2026,4,full,random_072,0.9454926652295074,0.945,3,2304,0.32306026500009466,convnext_v2_t+siglip_base+swin_t,
FMD,svm,2026,4,full,random_073,0.9052429446331886,0.905,3,1554,0.25675170199974673,convnext_v2_t+glcm+swin_t,
FMD,svm,2026,4,full,random_074,0.8758447506273594,0.875,3,4580,0.6510823509961483,hog+resnet50+swin_t,
FMD,svm,2026,4,full,random_075,0.9156629453997874,0.915,3,2896,0.3596563579994836,convnext_v2_t+drlbp+resnet50,
FMD,svm,2026,4,full,random_076,0.8441289713627536,0.845,3,1462,0.31819694000296295,deit_s+densenet121+lbp,
FMD,svm,2026,4,full,random_077,0.9749686834346655,0.975,3,1810,0.388496108003892,densenet121+glcm+siglip_base,
FMD,svm,2026,4,full,random_078,0.979855666370429,0.98,3,3840,0.4625015280034859,densenet121+dinov2+resnet50,
FMD,svm,2026,4,full,random_079,0.9648395378690628,0.965,3,1232,0.1900610360025894,convnext_v2_t+dinov2_small+drlbp,
FMD,svm,2026,4,full,random_080,0.9552776958540161,0.955,3,1078,0.2844546529959189,lbp+rgb_ngram_svd+siglip_base,
FMD,svm,2026,4,full,random_081,0.9798655409631021,0.98,3,2176,0.3229534769998281,deit_s+dinov2_large+siglip_base,
FMD,svm,2026,4,full,random_082,0.9701125703564728,0.97,3,2580,0.5535679980021087,eva02_base+gabor+hog,
FMD,svm,2026,4,full,random_083,0.965093761608524,0.965,3,2304,0.3799732490006136,dinov2+mae_base+swin_t,
FMD,svm,2026,4,full,random_084,0.9452191860343337,0.945,3,5632,0.3666859600052703,siglip_base+swin_t+vgg16,
FMD,svm,2026,4,full,random_085,0.8631460981943115,0.865,3,3090,0.5098400479982956,densenet121+glcm+resnet50,
FMD,svm,2026,4,full,random_086,0.9598243498050945,0.96,3,4096,0.4850202859961428,efficientnet_b0+eva02_base+resnet101,
FMD,svm,2026,4,full,random_087,0.9451983382471187,0.945,3,4196,0.5343803790019592,dinov2_small+hog+resnet50,
FMD,svm,2026,4,full,random_088,0.9400518181005986,0.94,3,6528,0.3857135340003879,dinov2_small+resnet101+vgg16,
FMD,svm,2026,4,full,random_089,0.8657474104842526,0.865,3,4352,0.5664901670024847,densenet121+efficientnet_b0+resnet50,
FMD,svm,2026,4,full,random_090,0.8794750640354725,0.88,3,1712,0.31986080200294964,deit_s+efficientnet_b0+gabor,
FMD,svm,2026,4,full,random_091,0.9552345215759848,0.955,3,1840,0.3345223059950513,densenet121+eva02_base+gabor,
FMD,svm,2026,4,full,random_092,0.8569145171707504,0.86,3,4836,0.8252888440038078,densenet121+hog+resnet101,
FMD,svm,2026,4,full,random_093,0.9104156165645255,0.91,3,3584,0.5019082990038441,mae_base+resnet50+vit_b16,
FMD,svm,2026,4,full,random_094,0.9849906191369605,0.985,3,3840,0.469440464003128,dinov2+dinov2_large+resnet101,
FMD,svm,2026,4,full,random_095,0.8908627675315737,0.89,3,5888,0.40694386800169013,densenet121+vgg16+vit_b16,
FMD,svm,2026,4,full,random_096,0.9451367331855136,0.945,3,2304,0.38184704999730457,efficientnet_b0+rgb_ngram_svd+siglip_base,
FMD,svm,2026,4,full,random_097,0.9899937460913073,0.99,3,1872,0.32258805300079985,dinov2+dinov2_large+drlbp,
FMD,svm,2026,4,full,random_098,0.8551128376954571,0.855,3,7424,0.5173449459980475,efficientnet_b0+resnet50+vgg16,
FMD,svm,2026,4,full,random_099,0.8299082437914274,0.83,3,1090,0.3628930240010959,densenet121+gabor+glcm,
CUReT,svm,42,0,full,random_000,0.9896617421967621,0.9896650035637918,4,7186,6.083386971004074,densenet121+glcm+resnet50+vgg16,
CUReT,svm,42,0,full,random_001,0.9807672939354808,0.9807555238774056,4,2888,5.400465241000347,glcm+lbp+mae_base+resnet101,
CUReT,svm,42,0,full,random_002,0.9946247106149207,0.9946543121881682,4,5680,5.978490468005475,gabor+siglip_base+vgg16+vit_b16,
CUReT,svm,42,0,full,random_003,0.9953804985667342,0.9953670705630792,4,3792,5.614568620003411,dinov2_small+drlbp+efficientnet_b0+resnet101,
CUReT,svm,42,0,full,random_004,0.9917961041635243,0.9918032786885246,4,2896,7.165530594000302,drlbp+efficientnet_b0+eva02_base+siglip_base,
CUReT,svm,42,0,full,random_005,0.9918353421083148,0.9918032786885246,4,2870,7.085474408995651,efficientnet_b0+lbp+mae_base+swin_t,
CUReT,svm,42,0,full,random_006,0.9960827369953613,0.9960798289379901,4,3760,5.3136137099936604,dinov2_small+efficientnet_b0+gabor+resnet50,
CUReT,svm,42,0,full,random_007,0.9957179770279556,0.9957234497505346,4,5522,5.100301511003636,deit_s+dinov2_large+glcm+vgg16,
CUReT,svm,42,0,full,random_008,0.9982176407303267,0.9982181040627227,4,1968,8.444859927003563,convnext_v2_t+dinov2+dinov2_small+gabor,
CUReT,svm,42,0,full,random_009,0.9813069577694643,0.9814682822523164,4,4998,5.180772662999516,drlbp+lbp+siglip_base+vgg16,
CUReT,svm,42,0,full,random_010,0.9810716197503786,0.981111903064861,4,3946,8.259451787002035,drlbp+hog+lbp+resnet50,
CUReT,svm,42,0,full,random_011,0.997147617896029,0.9971489665003563,4,3684,8.43212415099697,deit_s+dinov2+hog+mae_base,
CUReT,svm,42,0,full,random_012,0.994300175068261,0.9942979330007128,4,2896,6.6563452889968175,convnext_v2_t+drlbp+efficientnet_b0+eva02_base,
CUReT,svm,42,0,full,random_013,0.9975050509159448,0.9975053456878118,4,1474,6.246631441004865,dinov2_large+dinov2_small+gabor+glcm,
CUReT,svm,42,0,full,random_014,0.9968020977273854,0.9967925873129009,4,2944,6.180118591997598,convnext_v2_t+densenet121+dinov2_small+swin_t,
CUReT,svm,42,0,full,random_015,0.9971518745577276,0.9971489665003563,4,3684,8.100906167994253,dinov2+dinov2_small+eva02_base+hog,
CUReT,svm,42,0,full,random_016,0.9899760314390867,0.9900213827512473,4,5328,5.20118253200053,deit_s+drlbp+siglip_base+vgg16,
CUReT,svm,42,0,full,random_017,0.9942996608948235,0.9942979330007128,4,2230,9.330863759001659,deit_s+densenet121+lbp+vit_b16,
CUReT,svm,42,0,full,random_018,0.9885394282443143,0.9885958660014256,4,6966,6.183838174998527,lbp+resnet101+siglip_base+vgg16,
CUReT,svm,42,0,full,random_019,0.9964345225195224,0.9964362081254454,4,4864,7.579345247002493,convnext_v2_t+efficientnet_b0+resnet101+vit_b16,
CUReT,svm,42,0,full,random_020,0.9949811986371552,0.9950106913756237,4,2816,6.245951807999518,densenet121+rgb_ngram_svd+siglip_base+vit_b16,
CUReT,svm,42,0,full,random_021,0.9964314494263798,0.9964362081254454,4,2560,11.477196801999526,convnext_v2_t+eva02_base+rgb_ngram_svd+vit_b16,
CUReT,svm,42,0,full,random_022,0.9964348595211182,0.9964362081254454,4,3920,5.741917493003712,dinov2_large+drlbp+resnet50+siglip_base,
CUReT,svm,42,0,full,random_023,0.9861292969749113,0.9861012116892374,4,8240,5.659559703999548,gabor+resnet101+resnet50+vgg16,
CUReT,svm,42,0,full,random_024,0.9971476600062958,0.9971489665003563,4,2934,6.67796332299622,dinov2+dinov2_small+glcm+hog,
CUReT,svm,42,0,full,random_025,0.9911103062124396,0.9910905203136137,4,4964,9.518252753994602,deit_s+hog+mae_base+resnet101,
CUReT,svm,42,0,full,random_026,0.9867924554633782,0.9868139700641483,4,2634,12.971814877004363,eva02_base+gabor+hog+lbp,
CUReT,svm,42,0,full,random_027,0.9928892751764972,0.992872416250891,4,4836,8.2405945970022,hog+resnet101+rgb_ngram_svd+swin_t,
CUReT,svm,42,0,full,random_028,0.9886365929595136,0.9885958660014256,4,5424,6.409704847996181,efficientnet_b0+gabor+resnet101+resnet50,
CUReT,svm,42,0,full,random_029,0.990696061283949,0.9907341411261582,4,1602,7.080221495998558,gabor+glcm+siglip_base+swin_t,
CUReT,svm,42,0,full,random_030,0.9978604604914735,0.9978617248752673,4,3328,7.072077382996213,convnext_v2_t+dinov2_large+mae_base+vit_b16,
CUReT,svm,42,0,full,random_031,0.9978612194326045,0.9978617248752673,4,5942,5.833160550995672,dinov2_large+lbp+vgg16+vit_b16,
CUReT,svm,42,0,full,random_032,0.9982178935113889,0.9982181040627227,4,2944,6.093182201002492,dinov2_large+dinov2_small+eva02_base+vit_b16,
CUReT,svm,42,0,full,random_033,0.9889296760498689,0.9889522451888809,4,8164,8.38184937099868,hog+resnet50+rgb_ngram_svd+vgg16,
CUReT,svm,42,0,full,random_034,0.9971484610576936,0.9971489665003563,4,4324,9.410844030004228,dinov2_large+hog+siglip_base+vit_b16,
CUReT,svm,42,0,full,random_035,0.9960751517715685,0.9960798289379901,4,3584,5.085271670999646,deit_s+dinov2_small+eva02_base+resnet101,
CUReT,svm,42,0,full,random_036,0.9932384042993798,0.9932287954383464,4,5220,8.647146273004182,deit_s+densenet121+hog+resnet50,
CUReT,svm,42,0,full,random_037,0.9950203073982247,0.9950106913756237,4,3328,7.935666784003843,convnext_v2_t+densenet121+mae_base+siglip_base,
CUReT,svm,42,0,full,random_038,0.9957106759942341,0.9957234497505346,4,1810,8.207550320003065,dinov2+eva02_base+glcm+rgb_ngram_svd,
CUReT,svm,42,0,full,random_039,0.9975040391937513,0.9975053456878118,4,3888,5.3824511830025585,dinov2_large+gabor+resnet50+vit_b16,
CUReT,svm,42,0,full,random_040,0.9971478599758336,0.9971489665003563,4,4964,8.047201750996464,dinov2_small+hog+resnet50+swin_t,
CUReT,svm,42,0,full,random_041,0.9975048402451493,0.9975053456878118,4,5650,5.260436757998832,dinov2+glcm+vgg16+vit_b16,
CUReT,svm,42,0,full,random_042,0.9928891881486127,0.992872416250891,4,4864,8.352036962001876,efficientnet_b0+mae_base+resnet101+swin_t,
CUReT,svm,42,0,full,random_043,0.9942962473947898,0.9942979330007128,4,1974,8.43175125799462,convnext_v2_t+deit_s+lbp+swin_t,
CUReT,svm,42,0,full,random_044,0.9960823886945632,0.9960798289379901,4,1616,6.663475565001136,convnext_v2_t+deit_s+dinov2_small+drlbp,
CUReT,svm,42,0,full,random_045,0.9967912387085737,0.9967925873129009,4,2578,10.308242539002094,dinov2_large+glcm+mae_base+vit_b16,
CUReT,svm,42,0,full,random_046,0.994611432595128,0.9946543121881682,4,4882,5.107134367004619,glcm+resnet101+resnet50+vit_b16,
CUReT,svm,42,0,full,random_047,0.9975048402451491,0.9975053456878118,4,3126,7.090776222998102,dinov2_large+efficientnet_b0+lbp+siglip_base,
CUReT,svm,42,0,full,random_048,0.9950159897984588,0.9950106913756237,4,2934,7.109803159000876,deit_s+glcm+hog+vit_b16,
CUReT,svm,42,0,full,random_049,0.9907547052897034,0.9907341411261582,4,2882,3.7988382809999166,convnext_v2_t+gabor+glcm+resnet50,
CUReT,svm,42,0,full,random_050,0.9964388521025522,0.9964362081254454,4,1224,5.157222310997895,dinov2_small+glcm+lbp+swin_t,
CUReT,svm,42,0,full,random_051,0.9982176407303267,0.9982181040627227,4,6656,7.069036016997416,convnext_v2_t+dinov2_large+vgg16+vit_b16,
CUReT,svm,42,0,full,random_052,0.9928708657065429,0.992872416250891,4,5092,8.932606592999946,densenet121+hog+resnet101+rgb_ngram_svd,
CUReT,svm,42,0,full,random_053,0.9967957902616011,0.9967925873129009,4,3894,6.037720246997196,densenet121+dinov2+lbp+resnet50,
CUReT,svm,42,0,full,random_054,0.9957067148218092,0.9957234497505346,4,3254,4.600457862994517,dinov2_small+eva02_base+lbp+resnet101,
CUReT,svm,42,0,full,random_055,0.9881602288699803,0.9882394868139701,4,2944,4.888011151000683,drlbp+gabor+resnet101+siglip_base,
CUReT,svm,42,0,full,random_056,0.9971476600062958,0.9971489665003563,4,3920,5.497667205003381,convnext_v2_t+dinov2_large+drlbp+resnet50,
CUReT,svm,42,0,full,random_057,0.9967721861030795,0.9967925873129009,4,3556,7.932221725001,convnext_v2_t+hog+rgb_ngram_svd+vit_b16,
CUReT,svm,42,0,full,random_058,0.9928623062627508,0.992872416250891,4,1280,5.531090602999029,dinov2_small+drlbp+eva02_base+gabor,
CUReT,svm,42,0,full,random_059,0.9957217641446116,0.9957234497505346,4,3968,6.1055141469987575,deit_s+mae_base+resnet101+vit_b16,
CUReT,svm,42,0,full,random_060,0.996431825850353,0.9964362081254454,4,3664,5.149791055002424,dinov2+drlbp+resnet101+swin_t,
CUReT,svm,42,0,full,random_061,0.934200524332998,0.9344262295081968,4,2154,14.766318105997925,drlbp+hog+lbp+rgb_ngram_svd,
CUReT,svm,42,0,full,random_062,0.9967960851529302,0.9967925873129009,4,3840,5.206143357994733,dinov2+resnet101+rgb_ngram_svd+vit_b16,
CUReT,svm,42,0,full,random_063,0.9875367186017684,0.9875267284390592,4,2604,11.466726099999505,glcm+hog+lbp+swin_t,
CUReT,svm,42,0,full,random_064,0.987218717054582,0.9871703492516037,4,2498,4.7398366820052615,deit_s+gabor+glcm+resnet50,
CUReT,svm,42,0,full,random_065,0.9971484610576938,0.9971489665003563,4,4148,9.52102793999802,dinov2_large+drlbp+efficientnet_b0+hog,
CUReT,svm,42,0,full,random_066,0.9967957902616011,0.9967925873129009,4,2896,6.427246783998271,dinov2+drlbp+efficientnet_b0+siglip_base,
CUReT,svm,42,0,full,random_067,0.990047185309114,0.9900213827512473,4,4634,9.295889319000707,hog+lbp+resnet50+siglip_base,
CUReT,svm,42,0,full,random_068,0.9935839979872989,0.9935851746258019,4,1638,7.0054912170016905,convnext_v2_t+gabor+lbp+swin_t,
CUReT,svm,42,0,full,random_069,0.9960788601629315,0.9960798289379901,4,2640,10.89356060600403,dinov2+dinov2_large+drlbp+mae_base,
CUReT,svm,42,0,full,random_070,0.9864275645279008,0.9864575908766928,4,2666,11.485711826004263,convnext_v2_t+drlbp+hog+lbp,
CUReT,svm,42,0,full,random_071,0.9953578311423723,0.9953670705630792,4,2194,9.349880533001851,densenet121+dinov2_small+glcm+mae_base,
CUReT,svm,42,0,full,random_072,0.9975085486365121,0.9975053456878118,4,1938,8.092725650996726,convnext_v2_t+deit_s+dinov2+glcm,
CUReT,svm,42,0,full,random_073,0.995017642138064,0.9950106913756237,4,2882,3.8723046200029785,dinov2+gabor+glcm+resnet101,
CUReT,svm,42,0,full,random_074,0.9753368750991233,0.9754098360655737,4,2402,4.486026443002629,drlbp+glcm+resnet50+rgb_ngram_svd,
CUReT,svm,42,0,full,random_075,0.996075109661302,0.9960798289379901,4,6912,7.8722758410003735,dinov2+efficientnet_b0+mae_base+vgg16,
CUReT,svm,42,0,full,random_076,0.9978612194326048,0.9978617248752673,4,4352,6.496191728001577,convnext_v2_t+dinov2+resnet101+swin_t,
CUReT,svm,42,0,full,random_077,0.9957182270016668,0.9957234497505346,4,1536,6.322549572003481,deit_s+dinov2_large+drlbp+gabor,
CUReT,svm,42,0,full,random_078,0.9868911619805533,0.9868139700641483,4,2566,4.8607719330029795,deit_s+drlbp+lbp+resnet50,
CUReT,svm,42,0,full,random_079,0.9939071983818649,0.9939415538132573,4,3602,5.628729650998139,glcm+resnet101+siglip_base+vit_b16,
CUReT,svm,42,0,full,random_080,0.9949887048464315,0.9950106913756237,4,6272,6.5939982869967935,densenet121+dinov2_small+mae_base+vgg16,
CUReT,svm,42,0,full,random_081,0.9964309853765776,0.9964362081254454,4,1926,7.75691955700313,dinov2_large+drlbp+lbp+swin_t,
CUReT,svm,42,0,full,random_082,0.9854258696082683,0.9853884533143265,4,8676,10.616186959006882,hog+mae_base+resnet101+vgg16,
CUReT,svm,42,0,full,random_083,0.9957144906065906,0.9957234497505346,4,3584,4.846110238999245,deit_s+dinov2_small+resnet50+siglip_base,
CUReT,svm,42,0,full,random_084,0.9925358692915079,0.9925160370634355,4,3474,4.6868303139999625,deit_s+densenet121+glcm+resnet50,
CUReT,svm,42,0,full,random_085,0.9918254825108475,0.9918032786885246,4,3866,9.710946717001207,efficientnet_b0+eva02_base+hog+lbp,
CUReT,svm,42,0,full,random_086,0.9900149046385834,0.9900213827512473,4,1872,8.924227588999202,drlbp+mae_base+rgb_ngram_svd+swin_t,
CUReT,svm,42,0,full,random_087,0.9882016726470589,0.9882394868139701,4,2842,8.302932090999093,eva02_base+hog+lbp+rgb_ngram_svd,
CUReT,svm,42,0,full,random_088,0.9971486717284893,0.9971489665003563,4,1810,7.680603312997846,deit_s+dinov2_large+dinov2_small+glcm,
CUReT,svm,42,0,full,random_089,0.9982179356216557,0.9982181040627227,4,2688,11.584313495004608,dinov2+dinov2_small+swin_t+vit_b16,
CUReT,svm,42,0,full,random_090,0.9978612194326045,0.9978617248752673,4,2608,10.98843482900702,dinov2+dinov2_large+gabor+vit_b16,
CUReT,svm,42,0,full,random_091,0.9978650120445011,0.9978617248752673,4,6912,7.337827146999189,densenet121+dinov2+dinov2_large+vgg16,
CUReT,svm,42,0,full,random_092,0.9863366566073437,0.9864575908766928,4,5712,6.255329799998435,drlbp+eva02_base+siglip_base+vgg16,
CUReT,svm,42,0,full,random_093,0.9935979967567404,0.9935851746258019,4,4144,6.439660167001421,convnext_v2_t+efficientnet_b0+gabor+resnet101,
CUReT,svm,42,0,full,random_094,0.9946319379358005,0.9946543121881682,4,3318,7.972065260997624,convnext_v2_t+glcm+hog+vit_b16,
CUReT,svm,42,0,full,random_095,0.9946519412798513,0.9946543121881682,4,6144,6.32506801099953,convnext_v2_t+densenet121+rgb_ngram_svd+vgg16,
CUReT,svm,42,0,full,random_096,0.9885940666133192,0.9885958660014256,4,1926,8.22160364100273,densenet121+drlbp+eva02_base+lbp,
CUReT,svm,42,0,full,random_097,0.9960751993770759,0.9960798289379901,4,3638,5.507326273000217,dinov2+lbp+resnet101+siglip_base,
CUReT,svm,42,0,full,random_098,0.9814821651243834,0.9814682822523164,4,1638,8.167059940999025,efficientnet_b0+gabor+lbp+rgb_ngram_svd,
CUReT,svm,42,0,full,random_099,0.9936133637815899,0.9935851746258019,4,2450,10.770518409997749,deit_s+efficientnet_b0+glcm+swin_t,
CUReT,svm,42,1,full,random_000,0.9975040391937513,0.9975053456878118,5,7780,29.2656654780003,deit_s+hog+siglip_base+swin_t+vgg16,
CUReT,svm,42,1,full,random_001,0.9982098869460054,0.9982181040627227,5,3968,26.07575703600014,convnext_v2_t+dinov2_small+efficientnet_b0+eva02_base+mae_base,
CUReT,svm,42,1,full,random_002,0.9989307361068334,0.9989308624376336,5,3840,22.740246360997844,convnext_v2_t+eva02_base+siglip_base+swin_t+vit_b16,
CUReT,svm,42,1,full,random_003,0.9992871574045555,0.9992872416250891,5,4370,21.94434310199722,glcm+mae_base+resnet50+siglip_base+vit_b16,
CUReT,svm,42,1,full,random_004,0.9992871574045555,0.9992872416250891,5,3254,19.20553738900344,convnext_v2_t+deit_s+efficientnet_b0+lbp+vit_b16,
CUReT,svm,42,1,full,random_005,0.9992871574045555,0.9992872416250891,5,8576,24.480655012994248,dinov2_small+efficientnet_b0+resnet101+swin_t+vgg16,
CUReT,svm,42,1,full,random_006,0.9971626572499127,0.9971489665003563,5,2626,31.320100768993143,convnext_v2_t+densenet121+eva02_base+gabor+glcm,
CUReT,svm,42,1,full,random_007,0.9975050509159445,0.9975053456878118,5,6454,21.321231147994695,efficientnet_b0+eva02_base+lbp+rgb_ngram_svd+vgg16,
CUReT,svm,42,1,full,random_008,0.9989307361068334,0.9989308624376336,5,6144,28.192207553998742,densenet121+dinov2+dinov2_large+efficientnet_b0+resnet101,
CUReT,svm,42,1,full,random_009,0.9992871574045555,0.9992872416250891,5,7424,26.946417072002077,densenet121+mae_base+siglip_base+vgg16+vit_b16,
CUReT,svm,42,1,full,random_010,0.9971448396942155,0.9971489665003563,5,2256,28.343442080004024,convnext_v2_t+dinov2_small+drlbp+mae_base+rgb_ngram_svd,
CUReT,svm,42,1,full,random_011,0.9985740620280489,0.9985744832501782,5,2950,20.24814659099502,drlbp+efficientnet_b0+lbp+siglip_base+vit_b16,
CUReT,svm,42,1,full,random_012,0.9978610957896937,0.9978617248752673,5,5990,18.512723714993626,dinov2_large+gabor+lbp+mae_base+vgg16,
CUReT,svm,42,1,full,random_013,0.9989307361068334,0.9989308624376336,5,2632,32.34835254000063,convnext_v2_t+dinov2_large+glcm+lbp+vit_b16,
CUReT,svm,42,1,full,random_014,0.9996435787022778,0.9996436208125445,5,4992,19.06358549000288,dinov2_large+dinov2_small+mae_base+resnet101+siglip_base,
CUReT,svm,42,1,full,random_015,0.9989307361068334,0.9989308624376336,5,3702,11.959840115996485,convnext_v2_t+deit_s+dinov2+glcm+hog,
CUReT,svm,42,1,full,random_016,0.9996435787022778,0.9996436208125445,5,3200,8.892997561997618,deit_s+dinov2+dinov2_large+rgb_ngram_svd+swin_t,
CUReT,svm,42,1,full,random_017,0.9992871574045555,0.9992872416250891,5,5376,11.556726699003775,convnext_v2_t+densenet121+resnet50+siglip_base+vit_b16,
CUReT,svm,42,1,full,random_018,0.9957189017222645,0.9957234497505346,5,6162,10.375916135002626,densenet121+glcm+mae_base+rgb_ngram_svd+vgg16,
CUReT,svm,42,1,full,random_019,0.9989307361068334,0.9989308624376336,5,2918,9.4522220919971,efficientnet_b0+eva02_base+gabor+lbp+vit_b16,
CUReT,svm,42,1,full,random_020,0.9989307361068334,0.9989308624376336,5,2614,14.228300712995406,convnext_v2_t+dinov2+lbp+rgb_ngram_svd+swin_t,
CUReT,svm,42,1,full,random_021,0.9992871574045555,0.9992872416250891,5,3376,9.365650195002672,dinov2_large+eva02_base+gabor+swin_t+vit_b16,
CUReT,svm,42,1,full,random_022,0.9957106759942342,0.9957234497505346,5,4372,14.08531938699889,densenet121+efficientnet_b0+gabor+hog+rgb_ngram_svd,
CUReT,svm,42,1,full,random_023,0.9992871574045555,0.9992872416250891,5,5092,16.914987523996388,convnext_v2_t+dinov2_large+hog+siglip_base+swin_t,
CUReT,svm,42,1,full,random_024,0.9985780653107408,0.9985744832501782,5,5120,21.157059871002275,convnext_v2_t+eva02_base+mae_base+resnet50+vit_b16,
CUReT,svm,42,1,full,random_025,0.9967994644366039,0.9967925873129009,5,3200,15.135914790000243,drlbp+eva02_base+gabor+resnet101+rgb_ngram_svd,
CUReT,svm,42,1,full,random_026,0.9971521273387898,0.9971489665003563,5,7216,15.749495504998777,eva02_base+gabor+resnet101+rgb_ngram_svd+vgg16,
CUReT,svm,42,1,full,random_027,0.9960996048297805,0.9960798289379901,5,7010,15.286092506998102,convnext_v2_t+drlbp+glcm+resnet101+vgg16,
CUReT,svm,42,1,full,random_028,0.9971557594035259,0.9971489665003563,5,4116,25.53704018999997,convnext_v2_t+eva02_base+gabor+hog+siglip_base,
CUReT,svm,42,1,full,random_029,0.9957218148661913,0.9957234497505346,5,2640,31.37677989200165,drlbp+eva02_base+mae_base+rgb_ngram_svd+siglip_base,
CUReT,svm,42,1,full,random_030,0.9989267328241416,0.9989308624376336,5,2742,27.081647986000462,convnext_v2_t+dinov2_small+eva02_base+lbp+swin_t,
CUReT,svm,42,1,full,random_031,0.9996435787022778,0.9996436208125445,5,3712,17.211665028000425,deit_s+densenet121+dinov2+siglip_base+vit_b16,
CUReT,svm,42,1,full,random_032,0.9978614722136667,0.9978617248752673,5,6656,21.61798967899813,densenet121+eva02_base+resnet101+resnet50+siglip_base,
CUReT,svm,42,1,full,random_033,0.9989307361068334,0.9989308624376336,5,3866,19.77672153000458,dinov2+dinov2_large+hog+lbp+rgb_ngram_svd,
CUReT,svm,42,1,full,random_034,0.9992871574045555,0.9992872416250891,5,4736,17.12596495800244,dinov2_small+efficientnet_b0+resnet50+rgb_ngram_svd+vit_b16,
CUReT,svm,42,1,full,random_035,0.9992871574045555,0.9992872416250891,5,3968,21.74987804799457,convnext_v2_t+deit_s+efficientnet_b0+siglip_base+vit_b16,
CUReT,svm,42,1,full,random_036,0.9978574689309749,0.9978617248752673,5,3840,19.72592632400483,convnext_v2_t+efficientnet_b0+rgb_ngram_svd+siglip_base+swin_t,
CUReT,svm,42,1,full,random_037,0.9992871574045555,0.9992872416250891,5,7652,22.185756708000554,hog+rgb_ngram_svd+swin_t+vgg16+vit_b16,
CUReT,svm,42,1,full,random_038,0.9996435787022778,0.9996436208125445,5,6656,21.833709261998592,dinov2_large+mae_base+resnet101+resnet50+siglip_base,
CUReT,svm,42,1,full,random_039,0.9975085907467788,0.9975053456878118,5,7348,23.529344662005315,deit_s+densenet121+drlbp+hog+vgg16,
CUReT,svm,42,1,full,random_040,0.9967957060410676,0.9967925873129009,5,2274,22.414724690002913,deit_s+densenet121+drlbp+eva02_base+glcm,
CUReT,svm,42,1,full,random_041,0.9950047049077904,0.9950106913756237,5,3946,25.10518439799489,convnext_v2_t+drlbp+efficientnet_b0+hog+lbp,
CUReT,svm,42,1,full,random_042,0.9989307361068334,0.9989308624376336,5,6096,14.312610790002509,dinov2+dinov2_small+drlbp+vgg16+vit_b16,
CUReT,svm,42,1,full,random_043,0.9989307361068334,0.9989308624376336,5,4196,19.814575381002214,deit_s+dinov2+dinov2_large+hog+rgb_ngram_svd,
CUReT,svm,42,1,full,random_044,0.9992871574045555,0.9992872416250891,5,3408,17.966550863995508,dinov2_large+drlbp+mae_base+swin_t+vit_b16,
CUReT,svm,42,1,full,random_045,0.9989307361068334,0.9989308624376336,5,3090,17.67502555399551,densenet121+dinov2_large+glcm+mae_base+rgb_ngram_svd,
CUReT,svm,42,1,full,random_046,0.9918510014808831,0.9918032786885246,5,3366,26.783985291003773,convnext_v2_t+gabor+glcm+hog+mae_base,
CUReT,svm,42,1,full,random_047,0.9964562902077673,0.9964362081254454,5,2988,21.670164609000494,deit_s+eva02_base+glcm+hog+lbp,
CUReT,svm,42,1,full,random_048,0.9996435787022778,0.9996436208125445,5,3584,17.109160141000757,deit_s+densenet121+dinov2_large+dinov2_small+vit_b16,
CUReT,svm,42,1,full,random_049,0.9992871574045555,0.9992872416250891,5,1992,19.409062160004396,dinov2+dinov2_small+eva02_base+glcm+lbp,
CUReT,svm,42,1,full,random_050,0.9992871574045555,0.9992872416250891,5,4982,18.867222000000766,dinov2+dinov2_small+glcm+hog+resnet101,
CUReT,svm,42,1,full,random_051,0.9989307361068334,0.9989308624376336,5,4688,16.903947277998668,convnext_v2_t+densenet121+dinov2+drlbp+resnet101,
CUReT,svm,42,1,full,random_052,0.9985743148091112,0.9985744832501782,5,3382,17.267304344997683,convnext_v2_t+densenet121+dinov2+lbp+mae_base,
CUReT,svm,42,1,full,random_053,0.9960787731350468,0.9960798289379901,5,5018,25.62749580200034,deit_s+hog+lbp+mae_base+resnet101,
CUReT,svm,42,1,full,random_054,0.998934486608463,0.9989308624376336,5,2998,15.9518398240034,deit_s+dinov2_large+eva02_base+lbp+mae_base,
CUReT,svm,42,1,full,random_055,0.9985743569193779,0.9985744832501782,5,3602,12.726935051003238,deit_s+dinov2_small+glcm+resnet101+siglip_base,
CUReT,svm,42,1,full,random_056,0.9978612194326045,0.9978617248752673,5,6704,18.457364797999617,densenet121+eva02_base+gabor+swin_t+vgg16,
CUReT,svm,42,1,full,random_057,0.9992871574045555,0.9992872416250891,5,9700,26.28904039900226,dinov2_large+hog+resnet101+vgg16+vit_b16,
CUReT,svm,42,1,full,random_058,0.9996435787022778,0.9996436208125445,5,3888,12.10988956700021,deit_s+dinov2_large+dinov2_small+gabor+resnet50,
CUReT,svm,42,1,full,random_059,0.9975040391937513,0.9975053456878118,5,5704,14.176163875003112,eva02_base+glcm+lbp+vgg16+vit_b16,
CUReT,svm,42,1,full,random_060,0.9971623116370039,0.9971489665003563,5,8694,23.406495357994572,convnext_v2_t+glcm+hog+resnet101+vgg16,
CUReT,svm,42,1,full,random_061,0.9960585927386161,0.9960798289379901,5,4836,28.04949967200082,efficientnet_b0+hog+mae_base+rgb_ngram_svd+siglip_base,
CUReT,svm,42,1,full,random_062,0.9989307361068334,0.9989308624376336,5,6912,17.686947103997227,dinov2+dinov2_large+rgb_ngram_svd+swin_t+vgg16,
CUReT,svm,42,1,full,random_063,0.9989304833257712,0.9989308624376336,5,7780,24.777327894997143,dinov2_small+eva02_base+hog+mae_base+vgg16,
CUReT,svm,42,1,full,random_064,0.9978534656482833,0.9978617248752673,5,4342,24.202839995996328,densenet121+eva02_base+glcm+hog+swin_t,
CUReT,svm,42,1,full,random_065,0.9989307361068334,0.9989308624376336,5,3636,18.563709895999637,dinov2+drlbp+hog+rgb_ngram_svd+vit_b16,
CUReT,svm,42,1,full,random_066,0.9971406230528388,0.9971489665003563,5,4176,13.80081475800398,densenet121+drlbp+resnet50+rgb_ngram_svd+swin_t,
CUReT,svm,42,1,full,random_067,0.9982216440130186,0.9982181040627227,5,4122,26.133169150001777,eva02_base+hog+lbp+mae_base+vit_b16,
CUReT,svm,42,1,full,random_068,0.996789676919238,0.9967925873129009,5,7728,16.897186059999513,eva02_base+gabor+resnet101+swin_t+vgg16,
CUReT,svm,42,1,full,random_069,0.9996435787022778,0.9996436208125445,5,5248,18.98879986099928,densenet121+dinov2_large+dinov2_small+resnet101+siglip_base,
CUReT,svm,42,1,full,random_070,0.9982178935113889,0.9982181040627227,5,1656,15.584568106998631,dinov2+gabor+glcm+lbp+vit_b16,
CUReT,svm,42,1,full,random_071,0.9996435787022778,0.9996436208125445,5,7066,19.31302471899835,dinov2+dinov2_small+hog+lbp+vgg16,
CUReT,svm,42,1,full,random_072,0.998217893511389,0.9982181040627227,5,2438,22.199183036995237,convnext_v2_t+dinov2+drlbp+lbp+vit_b16,
CUReT,svm,42,1,full,random_073,0.9957368034984951,0.9957234497505346,5,3684,21.804595027999312,convnext_v2_t+densenet121+drlbp+gabor+hog,
CUReT,svm,42,1,full,random_074,0.9992871574045555,0.9992872416250891,5,3712,18.029130429997167,convnext_v2_t+deit_s+densenet121+dinov2+eva02_base,
CUReT,svm,42,1,full,random_075,0.9989307361068334,0.9989308624376336,5,3602,20.247247910003352,convnext_v2_t+densenet121+dinov2_large+glcm+mae_base,
CUReT,svm,42,1,full,random_076,0.996792250430767,0.9967925873129009,5,4912,21.326006534000044,efficientnet_b0+gabor+mae_base+resnet50+siglip_base,
CUReT,svm,42,1,full,random_077,0.9992871574045555,0.9992872416250891,5,3328,15.538831885001855,convnext_v2_t+deit_s+dinov2_large+dinov2_small+siglip_base,
CUReT,svm,42,1,full,random_078,0.9989307361068334,0.9989308624376336,5,4176,13.701190563995624,dinov2+dinov2_large+drlbp+resnet101+rgb_ngram_svd,
CUReT,svm,42,1,full,random_079,0.9992871574045555,0.9992872416250891,5,6064,13.081154323997907,dinov2+dinov2_small+gabor+siglip_base+vgg16,
CUReT,svm,42,1,full,random_080,0.9992871574045555,0.9992872416250891,5,3072,15.645116686006077,convnext_v2_t+deit_s+dinov2_small+mae_base+siglip_base,
CUReT,svm,42,1,full,random_081,0.9992871574045555,0.9992872416250891,5,3200,14.616927904993645,densenet121+dinov2+dinov2_small+rgb_ngram_svd+swin_t,
CUReT,svm,42,1,full,random_082,0.9992871574045555,0.9992872416250891,5,4534,15.402998776000459,deit_s+dinov2+efficientnet_b0+lbp+resnet50,
CUReT,svm,42,1,full,random_083,0.9975010476332528,0.9975053456878118,5,4864,19.101624347000325,densenet121+mae_base+resnet101+rgb_ngram_svd+siglip_base,
CUReT,svm,42,1,full,random_084,0.9996435787022778,0.9996436208125445,5,2578,24.618166216001555,deit_s+dinov2_large+dinov2_small+glcm+siglip_base,
CUReT,svm,42,1,full,random_085,0.9985743148091112,0.9985744832501782,5,3920,19.079144641000312,convnext_v2_t+densenet121+drlbp+efficientnet_b0+vit_b16,
CUReT,svm,42,1,full,random_086,0.9996435787022778,0.9996436208125445,5,2736,25.912995021004463,deit_s+dinov2+gabor+siglip_base+vit_b16,
CUReT,svm,42,1,full,random_087,0.9953530090666264,0.9953670705630792,5,5402,22.72919760899822,efficientnet_b0+hog+lbp+resnet101+rgb_ngram_svd,
CUReT,svm,42,1,full,random_088,0.9939283646387895,0.9939415538132573,5,3402,23.432357320001756,gabor+hog+lbp+mae_base+swin_t,
CUReT,svm,42,1,full,random_089,0.9996435787022778,0.9996436208125445,5,4736,14.94445496199478,convnext_v2_t+deit_s+dinov2+resnet50+vit_b16,
CUReT,svm,42,1,full,random_090,0.9975010897435196,0.9975053456878118,5,9472,16.957523412005685,densenet121+resnet101+resnet50+rgb_ngram_svd+vgg16,
CUReT,svm,42,1,full,random_091,0.9982138902286972,0.9982181040627227,5,7936,15.801694660993235,dinov2+mae_base+resnet50+rgb_ngram_svd+vgg16,
CUReT,svm,42,1,full,random_092,0.9989307361068334,0.9989308624376336,5,4634,24.834278460999485,densenet121+dinov2_large+hog+lbp+mae_base,
CUReT,svm,42,1,full,random_093,0.9957184776927842,0.9957234497505346,5,2882,16.174717255998985,convnext_v2_t+efficientnet_b0+gabor+glcm+siglip_base,
CUReT,svm,42,1,full,random_094,0.9985740620280489,0.9985744832501782,5,6480,16.228625423995254,convnext_v2_t+drlbp+siglip_base+vgg16+vit_b16,
CUReT,svm,42,1,full,random_095,0.9953621434229465,0.9953670705630792,5,5712,16.557467514001473,drlbp+mae_base+resnet101+resnet50+swin_t,
CUReT,svm,42,1,full,random_096,0.9960714882978237,0.9960798289379901,5,4406,18.40268395900057,lbp+mae_base+resnet50+siglip_base+swin_t,
CUReT,svm,42,1,full,random_097,0.9985743148091112,0.9985744832501782,5,7248,19.299797145999037,dinov2_large+drlbp+efficientnet_b0+mae_base+vgg16,
CUReT,svm,42,1,full,random_098,0.9978614722136667,0.9978617248752673,5,5120,18.52731105499697,convnext_v2_t+mae_base+resnet101+swin_t+vit_b16,
CUReT,svm,42,1,full,random_099,0.9978650120445011,0.9978617248752673,5,9060,23.35135005399934,dinov2_small+hog+mae_base+resnet101+vgg16,
