dataset,classifier,seed,outer_fold,run_mode,method,macro_f1,accuracy,k,dimensions,fit_seconds,selected,inner_f1
SoilOriginal,svm,42,0,full,random_000,0.8624447616493993,0.9254385964912281,6,4144,1.1224576239983435,densenet121+dinov2+gabor+mae_base+siglip_base+vit_b16,
SoilOriginal,svm,42,0,full,random_001,0.8788494893420277,0.9342105263157895,6,2278,0.5709589889956987,deit_s+eva02_base+gabor+lbp+rgb_ngram_svd+vit_b16,
SoilOriginal,svm,42,0,full,random_002,0.8892140027276109,0.9254385964912281,6,4358,0.9817017590030446,deit_s+dinov2_large+drlbp+lbp+resnet101+vit_b16,
SoilOriginal,svm,42,0,full,random_003,0.8394890390276742,0.9035087719298246,6,4662,1.3436526069999672,convnext_v2_t+dinov2_large+efficientnet_b0+lbp+mae_base+swin_t,
SoilOriginal,svm,42,0,full,random_004,0.869816887328408,0.9254385964912281,6,8246,1.5783958969986998,densenet121+dinov2_large+efficientnet_b0+lbp+mae_base+vgg16,
SoilOriginal,svm,42,0,full,random_005,0.9067230059509488,0.9429824561403509,6,7296,0.9908408030023566,convnext_v2_t+densenet121+dinov2_small+eva02_base+rgb_ngram_svd+vgg16,
SoilOriginal,svm,42,0,full,random_006,0.8523489547746899,0.9122807017543859,6,6676,1.6706884240047657,convnext_v2_t+efficientnet_b0+gabor+hog+resnet50+swin_t,
SoilOriginal,svm,42,0,full,random_007,0.8471259124391135,0.8991228070175439,6,2552,0.8269948540037149,deit_s+dinov2+efficientnet_b0+gabor+glcm+lbp,
SoilOriginal,svm,42,0,full,random_008,0.8927625778787863,0.9429824561403509,6,4322,0.9781932100013364,dinov2_large+dinov2_small+drlbp+eva02_base+glcm+resnet50,
SoilOriginal,svm,42,0,full,random_009,0.8499889139870512,0.9078947368421053,6,4882,1.0499515419942327,convnext_v2_t+deit_s+dinov2_small+efficientnet_b0+glcm+resnet50,
SoilOriginal,svm,42,0,full,random_010,0.8985885390989763,0.9429824561403509,6,6480,0.9747997340018628,deit_s+dinov2_small+drlbp+siglip_base+swin_t+vgg16,
SoilOriginal,svm,42,0,full,random_011,0.897532136893839,0.9473684210526315,6,7158,1.5162897350019193,densenet121+glcm+hog+resnet101+resnet50+rgb_ngram_svd,
SoilOriginal,svm,42,0,full,random_012,0.8320174345585857,0.9035087719298246,6,8244,1.7568384779951884,convnext_v2_t+dinov2+drlbp+hog+mae_base+vgg16,
SoilOriginal,svm,42,0,full,random_013,0.865470878026467,0.9210526315789473,6,5424,1.221286665997468,convnext_v2_t+densenet121+gabor+mae_base+resnet101+vit_b16,
SoilOriginal,svm,42,0,full,random_014,0.8853659945799116,0.9254385964912281,6,4754,1.1988125130010303,convnext_v2_t+dinov2+dinov2_small+glcm+mae_base+resnet101,
SoilOriginal,svm,42,0,full,random_015,0.866988909861936,0.9254385964912281,6,3078,0.9748895189986797,densenet121+dinov2+dinov2_small+drlbp+lbp+siglip_base,
SoilOriginal,svm,42,0,full,random_016,0.8894713211713663,0.9385964912280702,6,7286,1.206064783000329,deit_s+glcm+hog+rgb_ngram_svd+vgg16+vit_b16,
SoilOriginal,svm,42,0,full,random_017,0.8909152736758115,0.9517543859649122,6,6628,1.4606543900008546,dinov2+dinov2_large+hog+resnet101+rgb_ngram_svd+swin_t,
SoilOriginal,svm,42,0,full,random_018,0.880584762513723,0.9210526315789473,6,3910,1.456917354997131,densenet121+drlbp+glcm+hog+mae_base+rgb_ngram_svd,
SoilOriginal,svm,42,0,full,random_019,0.8678262400310793,0.9166666666666666,6,9188,1.7216144190024352,convnext_v2_t+dinov2_large+hog+mae_base+vgg16+vit_b16,
SoilOriginal,svm,42,0,full,random_020,0.8635718250502012,0.9254385964912281,6,4068,1.364446981002402,densenet121+dinov2_small+drlbp+gabor+hog+siglip_base,
SoilOriginal,svm,42,0,full,random_021,0.9290074322332387,0.9649122807017544,6,6674,1.0234853650035802,glcm+mae_base+rgb_ngram_svd+siglip_base+vgg16+vit_b16,
SoilOriginal,svm,42,0,full,random_022,0.8753375376975602,0.9254385964912281,6,4278,0.9704313530019135,drlbp+efficientnet_b0+eva02_base+gabor+lbp+resnet50,
SoilOriginal,svm,42,0,full,random_023,0.8378903833238198,0.8991228070175439,6,7860,1.4659364690014627,convnext_v2_t+deit_s+drlbp+hog+mae_base+vgg16,
SoilOriginal,svm,42,0,full,random_024,0.9169505966462068,0.9517543859649122,6,3938,0.7229884109983686,dinov2+drlbp+eva02_base+glcm+resnet50+rgb_ngram_svd,
SoilOriginal,svm,42,0,full,random_025,0.8431414685006161,0.9078947368421053,6,5610,1.62932453200483,deit_s+drlbp+efficientnet_b0+hog+lbp+resnet50,
SoilOriginal,svm,42,0,full,random_026,0.8626938826245565,0.9254385964912281,6,3394,0.9252313140023034,densenet121+dinov2+gabor+glcm+swin_t+vit_b16,
SoilOriginal,svm,42,0,full,random_027,0.8960037878540391,0.9473684210526315,6,5522,0.9981087680062046,deit_s+glcm+resnet101+resnet50+rgb_ngram_svd+siglip_base,
SoilOriginal,svm,42,0,full,random_028,0.8975333761721868,0.9342105263157895,6,3280,0.7928820019951672,convnext_v2_t+deit_s+dinov2_large+drlbp+rgb_ngram_svd+siglip_base,
SoilOriginal,svm,42,0,full,random_029,0.8914725937578062,0.9473684210526315,6,6372,1.3309025280032074,eva02_base+hog+resnet50+rgb_ngram_svd+siglip_base+swin_t,
SoilOriginal,svm,42,0,full,random_030,0.8761833865017002,0.9210526315789473,6,6114,1.1176564310007961,dinov2+dinov2_small+drlbp+glcm+mae_base+vgg16,
SoilOriginal,svm,42,0,full,random_031,0.8571319426087262,0.9078947368421053,6,5670,1.6044712299990351,convnext_v2_t+densenet121+gabor+glcm+hog+resnet50,
SoilOriginal,svm,42,0,full,random_032,0.9148040714305774,0.9473684210526315,6,5760,1.3265418880037032,dinov2_large+dinov2_small+eva02_base+mae_base+resnet101+siglip_base,
SoilOriginal,svm,42,0,full,random_033,0.909645579337509,0.9473684210526315,6,5140,1.4772550110064913,densenet121+eva02_base+gabor+hog+mae_base+vit_b16,
SoilOriginal,svm,42,0,full,random_034,0.8831658381766028,0.9298245614035088,6,4070,1.060034372996597,dinov2+dinov2_small+gabor+lbp+resnet101+siglip_base,
SoilOriginal,svm,42,0,full,random_035,0.8756542012974472,0.9254385964912281,6,4102,0.8843981559984968,deit_s+drlbp+eva02_base+lbp+mae_base+resnet50,
SoilOriginal,svm,42,0,full,random_036,0.8686692677368522,0.9342105263157895,6,8036,1.200226863998978,convnext_v2_t+deit_s+dinov2+hog+rgb_ngram_svd+vgg16,
SoilOriginal,svm,42,0,full,random_037,0.8837133083676862,0.9342105263157895,6,6850,1.216719379001006,dinov2_large+dinov2_small+efficientnet_b0+gabor+glcm+vgg16,
SoilOriginal,svm,42,0,full,random_038,0.8640324355863204,0.9166666666666666,6,4486,1.0424395209993236,convnext_v2_t+dinov2+drlbp+lbp+resnet101+swin_t,
SoilOriginal,svm,42,0,full,random_039,0.8724935255020677,0.9254385964912281,6,2632,0.830243253003573,deit_s+dinov2_large+dinov2_small+glcm+lbp+siglip_base,
SoilOriginal,svm,42,0,full,random_040,0.8529762367499376,0.9078947368421053,6,6164,1.533523457001138,convnext_v2_t+gabor+hog+resnet101+siglip_base+swin_t,
SoilOriginal,svm,42,0,full,random_041,0.8668027128201207,0.9210526315789473,6,5448,1.4067863640011637,densenet121+dinov2_large+efficientnet_b0+glcm+lbp+resnet101,
SoilOriginal,svm,42,0,full,random_042,0.858568410264687,0.9210526315789473,6,5072,1.0651992949933629,densenet121+dinov2_small+drlbp+resnet101+siglip_base+vit_b16,
SoilOriginal,svm,42,0,full,random_043,0.8882976018402459,0.9254385964912281,6,8368,1.3762258459973964,deit_s+dinov2_large+gabor+mae_base+resnet101+vgg16,
SoilOriginal,svm,42,0,full,random_044,0.8881199863457928,0.9517543859649122,6,9444,1.723354265006492,densenet121+dinov2_large+efficientnet_b0+hog+rgb_ngram_svd+vgg16,
SoilOriginal,svm,42,0,full,random_045,0.8444204636394531,0.9078947368421053,6,5238,1.7306012269982602,densenet121+dinov2_small+efficientnet_b0+glcm+hog+mae_base,
SoilOriginal,svm,42,0,full,random_046,0.8775199129571313,0.9254385964912281,6,2790,0.8428712719978648,deit_s+eva02_base+gabor+lbp+mae_base+swin_t,
SoilOriginal,svm,42,0,full,random_047,0.9085188300292177,0.9429824561403509,6,3584,0.7042107329980354,convnext_v2_t+dinov2_small+drlbp+gabor+resnet101+rgb_ngram_svd,
SoilOriginal,svm,42,0,full,random_048,0.8440011458124809,0.9035087719298246,6,5476,1.3652576700042118,convnext_v2_t+densenet121+dinov2_small+hog+siglip_base+vit_b16,
SoilOriginal,svm,42,0,full,random_049,0.8979527410649394,0.9385964912280702,6,3328,0.7249004760014941,deit_s+dinov2+dinov2_small+eva02_base+rgb_ngram_svd+vit_b16,
SoilOriginal,svm,42,0,full,random_050,0.900745504814008,0.9517543859649122,6,4276,1.1028202239976963,dinov2_large+dinov2_small+drlbp+hog+rgb_ngram_svd+swin_t,
SoilOriginal,svm,42,0,full,random_051,0.8623205981291021,0.9166666666666666,6,6116,1.616716336000536,convnext_v2_t+densenet121+dinov2+dinov2_large+hog+vit_b16,
SoilOriginal,svm,42,0,full,random_052,0.8868889615318994,0.9298245614035088,6,9828,1.7832634009973845,deit_s+dinov2+hog+mae_base+resnet101+vgg16,
SoilOriginal,svm,42,0,full,random_053,0.8363381870665597,0.8859649122807017,6,4326,0.9207191019959282,convnext_v2_t+deit_s+densenet121+gabor+lbp+resnet50,
SoilOriginal,svm,42,0,full,random_054,0.8632444300356543,0.9254385964912281,6,7980,1.555249567994906,efficientnet_b0+eva02_base+glcm+hog+lbp+vgg16,
SoilOriginal,svm,42,0,full,random_055,0.8751675119825867,0.9254385964912281,6,4582,1.1338581559975864,deit_s+densenet121+dinov2_large+gabor+lbp+resnet101,
SoilOriginal,svm,42,0,full,random_056,0.8829550925889565,0.9473684210526315,6,6576,0.8938808050006628,deit_s+dinov2_large+gabor+rgb_ngram_svd+swin_t+vgg16,
SoilOriginal,svm,42,0,full,random_057,0.8535154668682718,0.9078947368421053,6,3016,1.245877549998113,dinov2+dinov2_large+dinov2_small+glcm+lbp+mae_base,
SoilOriginal,svm,42,0,full,random_058,0.863664575365213,0.9166666666666666,6,6016,1.2234411800018279,deit_s+densenet121+dinov2_large+resnet50+siglip_base+vit_b16,
SoilOriginal,svm,42,0,full,random_059,0.8451084953954207,0.9078947368421053,6,5552,1.285400832995947,convnext_v2_t+deit_s+densenet121+efficientnet_b0+gabor+resnet101,
SoilOriginal,svm,42,0,full,random_060,0.8605767181063655,0.9210526315789473,6,5046,1.0781807630046387,densenet121+dinov2+dinov2_small+eva02_base+lbp+resnet50,
SoilOriginal,svm,42,0,full,random_061,0.8977524500103105,0.9385964912280702,6,6244,1.254966129999957,densenet121+dinov2_small+eva02_base+hog+resnet50+rgb_ngram_svd,
SoilOriginal,svm,42,0,full,random_062,0.9032524967928515,0.9473684210526315,6,6884,1.6890429029954248,dinov2+eva02_base+hog+mae_base+resnet50+swin_t,
SoilOriginal,svm,42,0,full,random_063,0.8877936602198079,0.9298245614035088,6,5476,1.338014214001305,convnext_v2_t+drlbp+eva02_base+gabor+hog+resnet50,
SoilOriginal,svm,42,0,full,random_064,0.8946293466153818,0.9429824561403509,6,2486,0.725965953002742,convnext_v2_t+drlbp+eva02_base+gabor+lbp+swin_t,
SoilOriginal,svm,42,0,full,random_065,0.889660188568795,0.9342105263157895,6,6034,1.2958071600005496,dinov2+dinov2_small+glcm+mae_base+resnet101+resnet50,
SoilOriginal,svm,42,0,full,random_066,0.9026282329042985,0.9517543859649122,6,5632,1.2244361010016291,dinov2+dinov2_large+mae_base+resnet50+rgb_ngram_svd+swin_t,
SoilOriginal,svm,42,0,full,random_067,0.8761837665526511,0.9429824561403509,6,3218,0.7907828440002049,deit_s+densenet121+glcm+rgb_ngram_svd+siglip_base+swin_t,
SoilOriginal,svm,42,0,full,random_068,0.8952473096813769,0.9342105263157895,6,4756,1.4201723070000298,deit_s+dinov2_large+eva02_base+gabor+hog+mae_base,
SoilOriginal,svm,42,0,full,random_069,0.8728316576555636,0.9342105263157895,6,7954,1.2225522819935577,densenet121+dinov2+efficientnet_b0+eva02_base+glcm+vgg16,
SoilOriginal,svm,42,0,full,random_070,0.8885522427432372,0.9385964912280702,6,8320,1.0503030599938938,convnext_v2_t+deit_s+mae_base+resnet50+rgb_ngram_svd+vgg16,
SoilOriginal,svm,42,0,full,random_071,0.8527700669281508,0.9166666666666666,6,6676,1.5270752959986567,efficientnet_b0+gabor+hog+resnet50+siglip_base+vit_b16,
SoilOriginal,svm,42,0,full,random_072,0.8862837169437471,0.9342105263157895,6,6938,1.7664671150050708,densenet121+efficientnet_b0+hog+lbp+resnet50+siglip_base,
SoilOriginal,svm,42,0,full,random_073,0.8545281297754803,0.9122807017543859,6,6756,1.443241984998167,deit_s+densenet121+dinov2+hog+resnet50+vit_b16,
SoilOriginal,svm,42,0,full,random_074,0.9066700109962519,0.9517543859649122,6,5686,1.2593106280037318,dinov2+efficientnet_b0+eva02_base+lbp+mae_base+resnet50,
SoilOriginal,svm,42,0,full,random_075,0.842226983002299,0.8991228070175439,6,4290,0.9617490329983411,deit_s+densenet121+gabor+glcm+resnet50+vit_b16,
SoilOriginal,svm,42,0,full,random_076,0.8497694780479919,0.9122807017543859,6,8978,1.4518275410009664,convnext_v2_t+efficientnet_b0+glcm+mae_base+resnet50+vgg16,
SoilOriginal,svm,42,0,full,random_077,0.8502353441052553,0.9035087719298246,6,2626,0.9578366409987211,deit_s+dinov2+dinov2_large+dinov2_small+gabor+glcm,
SoilOriginal,svm,42,0,full,random_078,0.8584781397939292,0.9078947368421053,6,5476,1.4215293310044217,convnext_v2_t+deit_s+dinov2_large+hog+siglip_base+vit_b16,
SoilOriginal,svm,42,0,full,random_079,0.8632724673553449,0.9254385964912281,6,6272,1.3038021820029826,densenet121+dinov2_small+efficientnet_b0+resnet101+siglip_base+vit_b16,
SoilOriginal,svm,42,0,full,random_080,0.8399154027818339,0.9035087719298246,6,4608,1.109592499997234,convnext_v2_t+deit_s+densenet121+dinov2_small+efficientnet_b0+siglip_base,
SoilOriginal,svm,42,0,full,random_081,0.9320500871217353,0.9605263157894737,6,3632,0.9756281320005655,densenet121+dinov2+gabor+mae_base+rgb_ngram_svd+vit_b16,
SoilOriginal,svm,42,0,full,random_082,0.853657912767514,0.9166666666666666,6,5760,1.1240669300023,convnext_v2_t+dinov2_large+dinov2_small+resnet50+swin_t+vit_b16,
SoilOriginal,svm,42,0,full,random_083,0.9012997589938013,0.9429824561403509,6,6784,1.1550906550037325,dinov2_small+eva02_base+resnet101+resnet50+siglip_base+vit_b16,
SoilOriginal,svm,42,0,full,random_084,0.9397963348397668,0.9649122807017544,6,5684,1.366398398000456,dinov2+drlbp+hog+resnet101+rgb_ngram_svd+siglip_base,
SoilOriginal,svm,42,0,full,random_085,0.8966804397147596,0.9385964912280702,6,6480,1.1353043670023908,drlbp+eva02_base+mae_base+resnet101+resnet50+vit_b16,
SoilOriginal,svm,42,0,full,random_086,0.8916903442882591,0.9473684210526315,6,7936,1.1493185109939077,convnext_v2_t+efficientnet_b0+eva02_base+rgb_ngram_svd+swin_t+vgg16,
SoilOriginal,svm,42,0,full,random_087,0.8531469669097406,0.9122807017543859,6,7296,1.3992226990012568,deit_s+efficientnet_b0+mae_base+resnet101+resnet50+vit_b16,
SoilOriginal,svm,42,0,full,random_088,0.8854594109348642,0.9385964912280702,6,9088,1.360703487000137,densenet121+dinov2_small+resnet101+siglip_base+swin_t+vgg16,
SoilOriginal,svm,42,0,full,random_089,0.8407986500833395,0.9035087719298246,6,5072,1.0056123079993995,densenet121+dinov2+dinov2_small+drlbp+resnet50+vit_b16,
SoilOriginal,svm,42,0,full,random_090,0.8817645539022455,0.9429824561403509,6,8548,1.3944866310048383,deit_s+efficientnet_b0+hog+rgb_ngram_svd+siglip_base+vgg16,
SoilOriginal,svm,42,0,full,random_091,0.8926562661336457,0.9429824561403509,6,8502,1.2044740639976226,dinov2+lbp+resnet101+siglip_base+swin_t+vgg16,
SoilOriginal,svm,42,0,full,random_092,0.9104796038849777,0.9429824561403509,6,4790,0.9671783809972112,dinov2+dinov2_small+eva02_base+lbp+resnet101+vit_b16,
SoilOriginal,svm,42,0,full,random_093,0.9033015838681138,0.9342105263157895,6,2560,0.636217843995837,deit_s+dinov2_large+drlbp+gabor+rgb_ngram_svd+vit_b16,
SoilOriginal,svm,42,0,full,random_094,0.8685784161690543,0.9254385964912281,6,5424,1.2521977130018058,densenet121+gabor+mae_base+resnet101+swin_t+vit_b16,
SoilOriginal,svm,42,0,full,random_095,0.8536860907693118,0.9078947368421053,6,3430,0.938915270002326,convnext_v2_t+dinov2_large+gabor+lbp+siglip_base+vit_b16,
SoilOriginal,svm,42,0,full,random_096,0.899434551818641,0.9385964912280702,6,5168,1.0251741860047332,convnext_v2_t+eva02_base+gabor+resnet50+siglip_base+swin_t,
SoilOriginal,svm,42,0,full,random_097,0.8769956015262211,0.9210526315789473,6,5760,1.1808636740024667,deit_s+densenet121+dinov2+mae_base+resnet50+vit_b16,
SoilOriginal,svm,42,0,full,random_098,0.8778144503299783,0.9342105263157895,6,4480,1.112517706998915,convnext_v2_t+densenet121+dinov2_small+eva02_base+mae_base+swin_t,
SoilOriginal,svm,42,0,full,random_099,0.8863479660847357,0.9254385964912281,6,5424,1.0571118280058727,convnext_v2_t+dinov2_large+eva02_base+gabor+resnet50+vit_b16,
SoilOriginal,svm,42,1,full,random_000,0.8088249801938092,0.8859649122807017,5,7780,1.4444145089946687,deit_s+hog+siglip_base+swin_t+vgg16,
SoilOriginal,svm,42,1,full,random_001,0.8733620589523464,0.9254385964912281,5,3968,1.0336688249954022,convnext_v2_t+dinov2_small+efficientnet_b0+eva02_base+mae_base,
SoilOriginal,svm,42,1,full,random_002,0.8408881748864621,0.9035087719298246,5,3840,0.9851920340006473,convnext_v2_t+eva02_base+siglip_base+swin_t+vit_b16,
SoilOriginal,svm,42,1,full,random_003,0.8342400366136177,0.9035087719298246,5,4370,1.0547383189987158,glcm+mae_base+resnet50+siglip_base+vit_b16,
SoilOriginal,svm,42,1,full,random_004,0.8311351728317026,0.8991228070175439,5,3254,0.9019503570016241,convnext_v2_t+deit_s+efficientnet_b0+lbp+vit_b16,
SoilOriginal,svm,42,1,full,random_005,0.8336805751452917,0.9078947368421053,5,8576,1.3629667179993703,dinov2_small+efficientnet_b0+resnet101+swin_t+vgg16,
SoilOriginal,svm,42,1,full,random_006,0.8400881671679132,0.8991228070175439,5,2626,0.8879498809983488,convnext_v2_t+densenet121+eva02_base+gabor+glcm,
SoilOriginal,svm,42,1,full,random_007,0.876579953326622,0.9166666666666666,5,6454,0.9874134460042114,efficientnet_b0+eva02_base+lbp+rgb_ngram_svd+vgg16,
SoilOriginal,svm,42,1,full,random_008,0.8291191557493143,0.8991228070175439,5,6144,1.484561475001101,densenet121+dinov2+dinov2_large+efficientnet_b0+resnet101,
SoilOriginal,svm,42,1,full,random_009,0.837582234458721,0.9035087719298246,5,7424,1.3601617989988881,densenet121+mae_base+siglip_base+vgg16+vit_b16,
SoilOriginal,svm,42,1,full,random_010,0.8331568474728603,0.8903508771929824,5,2256,0.7278308930035564,convnext_v2_t+dinov2_small+drlbp+mae_base+rgb_ngram_svd,
SoilOriginal,svm,42,1,full,random_011,0.8570869543464632,0.9035087719298246,5,2950,0.9989116310025565,drlbp+efficientnet_b0+lbp+siglip_base+vit_b16,
SoilOriginal,svm,42,1,full,random_012,0.7906084370749088,0.8859649122807017,5,5990,1.3426337339988095,dinov2_large+gabor+lbp+mae_base+vgg16,
SoilOriginal,svm,42,1,full,random_013,0.7715737583278077,0.8771929824561403,5,2632,0.9205713999981526,convnext_v2_t+dinov2_large+glcm+lbp+vit_b16,
SoilOriginal,svm,42,1,full,random_014,0.8056757396249523,0.8859649122807017,5,4992,1.3083215070000733,dinov2_large+dinov2_small+mae_base+resnet101+siglip_base,
SoilOriginal,svm,42,1,full,random_015,0.7836562305233984,0.881578947368421,5,3702,1.170401537005091,convnext_v2_t+deit_s+dinov2+glcm+hog,
SoilOriginal,svm,42,1,full,random_016,0.7823545957514898,0.8771929824561403,5,3200,0.7001435610000044,deit_s+dinov2+dinov2_large+rgb_ngram_svd+swin_t,
SoilOriginal,svm,42,1,full,random_017,0.8290573004374686,0.8991228070175439,5,5376,1.2245557170026586,convnext_v2_t+densenet121+resnet50+siglip_base+vit_b16,
SoilOriginal,svm,42,1,full,random_018,0.8151987310623918,0.8771929824561403,5,6162,1.0603826169972308,densenet121+glcm+mae_base+rgb_ngram_svd+vgg16,
SoilOriginal,svm,42,1,full,random_019,0.835916040855605,0.9035087719298246,5,2918,0.9036669490014901,efficientnet_b0+eva02_base+gabor+lbp+vit_b16,
SoilOriginal,svm,42,1,full,random_020,0.8380805306989348,0.9078947368421053,5,2614,0.6938599900022382,convnext_v2_t+dinov2+lbp+rgb_ngram_svd+swin_t,
SoilOriginal,svm,42,1,full,random_021,0.7866428776419461,0.881578947368421,5,3376,0.9189902899961453,dinov2_large+eva02_base+gabor+swin_t+vit_b16,
SoilOriginal,svm,42,1,full,random_022,0.8373451170266403,0.8947368421052632,5,4372,1.4792124099985813,densenet121+efficientnet_b0+gabor+hog+rgb_ngram_svd,
SoilOriginal,svm,42,1,full,random_023,0.7963981761817058,0.881578947368421,5,5092,1.6115853970040916,convnext_v2_t+dinov2_large+hog+siglip_base+swin_t,
SoilOriginal,svm,42,1,full,random_024,0.853474882621919,0.9078947368421053,5,5120,1.1082496949966298,convnext_v2_t+eva02_base+mae_base+resnet50+vit_b16,
SoilOriginal,svm,42,1,full,random_025,0.822492229161803,0.8947368421052632,5,3200,0.7377686299951165,drlbp+eva02_base+gabor+resnet101+rgb_ngram_svd,
SoilOriginal,svm,42,1,full,random_026,0.8215790770347894,0.8903508771929824,5,7216,1.068488172000798,eva02_base+gabor+resnet101+rgb_ngram_svd+vgg16,
SoilOriginal,svm,42,1,full,random_027,0.8424772208896105,0.8991228070175439,5,7010,1.1857143930028542,convnext_v2_t+drlbp+glcm+resnet101+vgg16,
SoilOriginal,svm,42,1,full,random_028,0.8484577818698004,0.8991228070175439,5,4116,1.571502826998767,convnext_v2_t+eva02_base+gabor+hog+siglip_base,
SoilOriginal,svm,42,1,full,random_029,0.832991857991858,0.8947368421052632,5,2640,0.7860345450026216,drlbp+eva02_base+mae_base+rgb_ngram_svd+siglip_base,
SoilOriginal,svm,42,1,full,random_030,0.8310167743545608,0.9035087719298246,5,2742,0.7743592869956046,convnext_v2_t+dinov2_small+eva02_base+lbp+swin_t,
SoilOriginal,svm,42,1,full,random_031,0.8318459934740329,0.9078947368421053,5,3712,0.9360942940038512,deit_s+densenet121+dinov2+siglip_base+vit_b16,
SoilOriginal,svm,42,1,full,random_032,0.8341840125387463,0.8947368421052632,5,6656,1.399505005996616,densenet121+eva02_base+resnet101+resnet50+siglip_base,
SoilOriginal,svm,42,1,full,random_033,0.7624778577008053,0.8596491228070176,5,3866,1.2919017579988576,dinov2+dinov2_large+hog+lbp+rgb_ngram_svd,
SoilOriginal,svm,42,1,full,random_034,0.8301481008869374,0.8947368421052632,5,4736,1.092713879996154,dinov2_small+efficientnet_b0+resnet50+rgb_ngram_svd+vit_b16,
SoilOriginal,svm,42,1,full,random_035,0.8437650704221512,0.8991228070175439,5,3968,1.015285939000023,convnext_v2_t+deit_s+efficientnet_b0+siglip_base+vit_b16,
SoilOriginal,svm,42,1,full,random_036,0.8393689479415233,0.8947368421052632,5,3840,0.8905451870014076,convnext_v2_t+efficientnet_b0+rgb_ngram_svd+siglip_base+swin_t,
SoilOriginal,svm,42,1,full,random_037,0.8206380744102303,0.8859649122807017,5,7652,1.3129853149948758,hog+rgb_ngram_svd+swin_t+vgg16+vit_b16,
SoilOriginal,svm,42,1,full,random_038,0.7877409213241773,0.8859649122807017,5,6656,1.4683932209954946,dinov2_large+mae_base+resnet101+resnet50+siglip_base,
SoilOriginal,svm,42,1,full,random_039,0.8274440663005568,0.8903508771929824,5,7348,1.7769228820034186,deit_s+densenet121+drlbp+hog+vgg16,
SoilOriginal,svm,42,1,full,random_040,0.8560878999469079,0.9078947368421053,5,2274,1.1119325640029274,deit_s+densenet121+drlbp+eva02_base+glcm,
SoilOriginal,svm,42,1,full,random_041,0.8541753615600131,0.9035087719298246,5,3946,2.110108405002393,convnext_v2_t+drlbp+efficientnet_b0+hog+lbp,
SoilOriginal,svm,42,1,full,random_042,0.8044909659146902,0.8947368421052632,5,6096,1.4002847590018064,dinov2+dinov2_small+drlbp+vgg16+vit_b16,
SoilOriginal,svm,42,1,full,random_043,0.7611637146971485,0.8640350877192983,5,4196,1.4057539220011677,deit_s+dinov2+dinov2_large+hog+rgb_ngram_svd,
SoilOriginal,svm,42,1,full,random_044,0.8020913857533861,0.8859649122807017,5,3408,1.3140829249969102,dinov2_large+drlbp+mae_base+swin_t+vit_b16,
SoilOriginal,svm,42,1,full,random_045,0.825527053991199,0.8947368421052632,5,3090,1.1305981120021897,densenet121+dinov2_large+glcm+mae_base+rgb_ngram_svd,
SoilOriginal,svm,42,1,full,random_046,0.8397721879449456,0.8991228070175439,5,3366,2.0341806240030564,convnext_v2_t+gabor+glcm+hog+mae_base,
SoilOriginal,svm,42,1,full,random_047,0.8237678230225757,0.8947368421052632,5,2988,1.244045649000327,deit_s+eva02_base+glcm+hog+lbp,
SoilOriginal,svm,42,1,full,random_048,0.8329880785408184,0.9078947368421053,5,3584,0.9628382970040548,deit_s+densenet121+dinov2_large+dinov2_small+vit_b16,
SoilOriginal,svm,42,1,full,random_049,0.7549296691070577,0.8596491228070176,5,1992,0.9104144419980003,dinov2+dinov2_small+eva02_base+glcm+lbp,
SoilOriginal,svm,42,1,full,random_050,0.7481102491784327,0.8771929824561403,5,4982,1.5766676089988323,dinov2+dinov2_small+glcm+hog+resnet101,
SoilOriginal,svm,42,1,full,random_051,0.8422293989392784,0.9035087719298246,5,4688,1.2497544880025089,convnext_v2_t+densenet121+dinov2+drlbp+resnet101,
SoilOriginal,svm,42,1,full,random_052,0.8148519810498032,0.8947368421052632,5,3382,1.3823410309996689,convnext_v2_t+densenet121+dinov2+lbp+mae_base,
SoilOriginal,svm,42,1,full,random_053,0.8179035668233234,0.881578947368421,5,5018,2.08084010300081,deit_s+hog+lbp+mae_base+resnet101,
SoilOriginal,svm,42,1,full,random_054,0.7943659696520109,0.8903508771929824,5,2998,1.056229018002341,deit_s+dinov2_large+eva02_base+lbp+mae_base,
SoilOriginal,svm,42,1,full,random_055,0.828358666660497,0.9035087719298246,5,3602,0.9305304070003331,deit_s+dinov2_small+glcm+resnet101+siglip_base,
SoilOriginal,svm,42,1,full,random_056,0.8067448841884932,0.8903508771929824,5,6704,1.2539511299983133,densenet121+eva02_base+gabor+swin_t+vgg16,
SoilOriginal,svm,42,1,full,random_057,0.826150247060773,0.9035087719298246,5,9700,2.1568365920029464,dinov2_large+hog+resnet101+vgg16+vit_b16,
SoilOriginal,svm,42,1,full,random_058,0.7840312817636514,0.881578947368421,5,3888,1.0600773940022918,deit_s+dinov2_large+dinov2_small+gabor+resnet50,
SoilOriginal,svm,42,1,full,random_059,0.8458614541846277,0.9078947368421053,5,5704,0.9389032079998287,eva02_base+glcm+lbp+vgg16+vit_b16,
SoilOriginal,svm,42,1,full,random_060,0.8488750883643724,0.9035087719298246,5,8694,2.090534098999342,convnext_v2_t+glcm+hog+resnet101+vgg16,
SoilOriginal,svm,42,1,full,random_061,0.847523706138693,0.8947368421052632,5,4836,1.8081350159991416,efficientnet_b0+hog+mae_base+rgb_ngram_svd+siglip_base,
SoilOriginal,svm,42,1,full,random_062,0.7914294452956812,0.881578947368421,5,6912,1.20427039200149,dinov2+dinov2_large+rgb_ngram_svd+swin_t+vgg16,
SoilOriginal,svm,42,1,full,random_063,0.8344839087791475,0.9035087719298246,5,7780,1.6371413659944665,dinov2_small+eva02_base+hog+mae_base+vgg16,
SoilOriginal,svm,42,1,full,random_064,0.8302895764268243,0.8947368421052632,5,4342,1.5973167229967657,densenet121+eva02_base+glcm+hog+swin_t,
SoilOriginal,svm,42,1,full,random_065,0.7731843416572481,0.8596491228070176,5,3636,1.3207895420055138,dinov2+drlbp+hog+rgb_ngram_svd+vit_b16,
SoilOriginal,svm,42,1,full,random_066,0.836297216191933,0.8903508771929824,5,4176,1.0091137449999223,densenet121+drlbp+resnet50+rgb_ngram_svd+swin_t,
SoilOriginal,svm,42,1,full,random_067,0.8262878443120414,0.8903508771929824,5,4122,1.6702084159987862,eva02_base+hog+lbp+mae_base+vit_b16,
SoilOriginal,svm,42,1,full,random_068,0.8548923992578769,0.9122807017543859,5,7728,1.3348292719965684,eva02_base+gabor+resnet101+swin_t+vgg16,
SoilOriginal,svm,42,1,full,random_069,0.8210915940758946,0.8947368421052632,5,5248,1.562302003003424,densenet121+dinov2_large+dinov2_small+resnet101+siglip_base,
SoilOriginal,svm,42,1,full,random_070,0.7834418244514672,0.8728070175438597,5,1656,0.6822346730041318,dinov2+gabor+glcm+lbp+vit_b16,
SoilOriginal,svm,42,1,full,random_071,0.7799700565926987,0.881578947368421,5,7066,1.814277833000233,dinov2+dinov2_small+hog+lbp+vgg16,
SoilOriginal,svm,42,1,full,random_072,0.8116045918912619,0.8903508771929824,5,2438,0.8953935320023447,convnext_v2_t+dinov2+drlbp+lbp+vit_b16,
SoilOriginal,svm,42,1,full,random_073,0.8670773606323088,0.9166666666666666,5,3684,1.688652598997578,convnext_v2_t+densenet121+drlbp+gabor+hog,
SoilOriginal,svm,42,1,full,random_074,0.830181982841579,0.9078947368421053,5,3712,1.0043092680061818,convnext_v2_t+deit_s+densenet121+dinov2+eva02_base,
SoilOriginal,svm,42,1,full,random_075,0.8065048986101618,0.8903508771929824,5,3602,1.3098879149983986,convnext_v2_t+densenet121+dinov2_large+glcm+mae_base,
SoilOriginal,svm,42,1,full,random_076,0.8348974126129349,0.9035087719298246,5,4912,1.473162294998474,efficientnet_b0+gabor+mae_base+resnet50+siglip_base,
SoilOriginal,svm,42,1,full,random_077,0.7989240643023339,0.881578947368421,5,3328,0.9455219029987347,convnext_v2_t+deit_s+dinov2_large+dinov2_small+siglip_base,
SoilOriginal,svm,42,1,full,random_078,0.8080612382658747,0.8903508771929824,5,4176,1.0794631759999902,dinov2+dinov2_large+drlbp+resnet101+rgb_ngram_svd,
SoilOriginal,svm,42,1,full,random_079,0.8196094271673552,0.8947368421052632,5,6064,1.3239846549986396,dinov2+dinov2_small+gabor+siglip_base+vgg16,
SoilOriginal,svm,42,1,full,random_080,0.8704944600960252,0.9210526315789473,5,3072,0.9079456990002654,convnext_v2_t+deit_s+dinov2_small+mae_base+siglip_base,
SoilOriginal,svm,42,1,full,random_081,0.8164386250017215,0.8859649122807017,5,3200,0.8632172570069088,densenet121+dinov2+dinov2_small+rgb_ngram_svd+swin_t,
SoilOriginal,svm,42,1,full,random_082,0.8080339066445307,0.8947368421052632,5,4534,1.0642910530004883,deit_s+dinov2+efficientnet_b0+lbp+resnet50,
SoilOriginal,svm,42,1,full,random_083,0.8516781720490794,0.8991228070175439,5,4864,1.332777821997297,densenet121+mae_base+resnet101+rgb_ngram_svd+siglip_base,
SoilOriginal,svm,42,1,full,random_084,0.8050443385212832,0.8903508771929824,5,2578,0.8242565850014216,deit_s+dinov2_large+dinov2_small+glcm+siglip_base,
SoilOriginal,svm,42,1,full,random_085,0.845856524427953,0.8991228070175439,5,3920,1.11317197799508,convnext_v2_t+densenet121+drlbp+efficientnet_b0+vit_b16,
SoilOriginal,svm,42,1,full,random_086,0.8221348581336666,0.9035087719298246,5,2736,0.9724433860028512,deit_s+dinov2+gabor+siglip_base+vit_b16,
SoilOriginal,svm,42,1,full,random_087,0.8256479887397639,0.881578947368421,5,5402,1.9621556860001874,efficientnet_b0+hog+lbp+resnet101+rgb_ngram_svd,
SoilOriginal,svm,42,1,full,random_088,0.7922685332609317,0.8771929824561403,5,3402,1.9153627670020796,gabor+hog+lbp+mae_base+swin_t,
SoilOriginal,svm,42,1,full,random_089,0.8101935036736455,0.8947368421052632,5,4736,1.0196402369983844,convnext_v2_t+deit_s+dinov2+resnet50+vit_b16,
SoilOriginal,svm,42,1,full,random_090,0.8388815996253264,0.8947368421052632,5,9472,1.6887921700035804,densenet121+resnet101+resnet50+rgb_ngram_svd+vgg16,
SoilOriginal,svm,42,1,full,random_091,0.806032257560565,0.8859649122807017,5,7936,1.2882323399971938,dinov2+mae_base+resnet50+rgb_ngram_svd+vgg16,
SoilOriginal,svm,42,1,full,random_092,0.7944902819452923,0.8859649122807017,5,4634,2.281797062998521,densenet121+dinov2_large+hog+lbp+mae_base,
SoilOriginal,svm,42,1,full,random_093,0.8529714111281643,0.9078947368421053,5,2882,1.0511731799997506,convnext_v2_t+efficientnet_b0+gabor+glcm+siglip_base,
SoilOriginal,svm,42,1,full,random_094,0.8534595114126028,0.9078947368421053,5,6480,1.0812905880011385,convnext_v2_t+drlbp+siglip_base+vgg16+vit_b16,
SoilOriginal,svm,42,1,full,random_095,0.8590358419989783,0.9122807017543859,5,5712,1.5877623910055263,drlbp+mae_base+resnet101+resnet50+swin_t,
SoilOriginal,svm,42,1,full,random_096,0.8403138229759609,0.9078947368421053,5,4406,1.2767189879959915,lbp+mae_base+resnet50+siglip_base+swin_t,
SoilOriginal,svm,42,1,full,random_097,0.8137388926862611,0.8947368421052632,5,7248,1.5998339549987577,dinov2_large+drlbp+efficientnet_b0+mae_base+vgg16,
SoilOriginal,svm,42,1,full,random_098,0.8351847979814382,0.8947368421052632,5,5120,1.2915791790001094,convnext_v2_t+mae_base+resnet101+swin_t+vit_b16,
SoilOriginal,svm,42,1,full,random_099,0.8243277323437864,0.9035087719298246,5,9060,2.0610327890026383,dinov2_small+hog+mae_base+resnet101+vgg16,
SoilOriginal,svm,42,2,full,random_000,0.8274958221502001,0.8859649122807017,3,2176,0.46243349500582553,densenet121+dinov2_small+siglip_base,
SoilOriginal,svm,42,2,full,random_001,0.7626181300151335,0.868421052631579,3,3200,0.47482628100260627,dinov2+dinov2_small+resnet50,
SoilOriginal,svm,42,2,full,random_002,0.7317792672566161,0.8464912280701754,3,2176,0.4981252939978731,deit_s+dinov2+dinov2_large,
SoilOriginal,svm,42,2,full,random_003,0.8201122069999028,0.881578947368421,3,2560,0.529033246995823,densenet121+dinov2+eva02_base,
SoilOriginal,svm,42,2,full,random_004,0.801428504496314,0.8859649122807017,3,2834,0.47343840899702627,glcm+resnet50+siglip_base,
SoilOriginal,svm,42,2,full,random_005,0.8274958221502001,0.8859649122807017,3,2176,0.560209772993403,densenet121+dinov2_small+siglip_base,
SoilOriginal,svm,42,2,full,random_006,0.8516768110753073,0.8947368421052632,3,2304,0.4762941180015332,densenet121+dinov2_large+rgb_ngram_svd,
SoilOriginal,svm,42,2,full,random_007,0.8876456531609694,0.9166666666666666,3,4580,0.9109158300052513,hog+resnet101+vit_b16,
SoilOriginal,svm,42,2,full,random_008,0.833998484634379,0.881578947368421,3,2182,0.47964073500043014,drlbp+lbp+resnet101,
SoilOriginal,svm,42,2,full,random_009,0.8278708515880705,0.8903508771929824,3,4912,0.4834111440068227,convnext_v2_t+gabor+vgg16,
SoilOriginal,svm,42,2,full,random_010,0.8088612349396163,0.8771929824561403,3,1920,0.3651850110036321,dinov2_small+eva02_base+swin_t,
SoilOriginal,svm,42,2,full,random_011,0.8725568572462166,0.9078947368421053,3,2816,0.5356868450035108,efficientnet_b0+swin_t+vit_b16,
SoilOriginal,svm,42,2,full,random_012,0.882749253539527,0.9122807017543859,3,2176,0.43631972100411076,deit_s+densenet121+vit_b16,
SoilOriginal,svm,42,2,full,random_013,0.8197885048165353,0.8771929824561403,3,3712,0.6093538979985169,dinov2_small+efficientnet_b0+resnet101,
SoilOriginal,svm,42,2,full,random_014,0.8401470176122514,0.8859649122807017,3,5760,0.600855461001629,deit_s+efficientnet_b0+vgg16,
SoilOriginal,svm,42,2,full,random_015,0.8284949431093862,0.8903508771929824,3,4944,0.45492209299845854,drlbp+eva02_base+vgg16,
SoilOriginal,svm,42,2,full,random_016,0.7818000149876353,0.8596491228070176,3,2834,0.6006610080003156,glcm+mae_base+resnet50,
SoilOriginal,svm,42,2,full,random_017,0.8142051981107022,0.8728070175438597,3,2048,0.4359610849933233,dinov2+dinov2_large+rgb_ngram_svd,
SoilOriginal,svm,42,2,full,random_018,0.8347702260270052,0.8947368421052632,3,3584,0.512444867999875,eva02_base+resnet50+swin_t,
SoilOriginal,svm,42,2,full,random_019,0.842060911903195,0.8903508771929824,3,2304,0.5497974329991848,convnext_v2_t+mae_base+swin_t,
SoilOriginal,svm,42,2,full,random_020,0.8184139939021093,0.8903508771929824,3,5248,0.515851867996389,deit_s+dinov2+vgg16,
SoilOriginal,svm,42,2,full,random_021,0.870606251818841,0.9122807017543859,3,2304,0.5065292940053041,eva02_base+mae_base+vit_b16,
SoilOriginal,svm,42,2,full,random_022,0.8059522631331292,0.8728070175438597,3,2560,0.5291751180047868,convnext_v2_t+dinov2_large+swin_t,
SoilOriginal,svm,42,2,full,random_023,0.830993729860725,0.881578947368421,3,3200,0.6571324559990899,deit_s+mae_base+resnet101,
SoilOriginal,svm,42,2,full,random_024,0.8714542367453716,0.9166666666666666,3,2304,0.5586724570021033,convnext_v2_t+mae_base+siglip_base,
SoilOriginal,svm,42,2,full,random_025,0.7760506593669267,0.8552631578947368,3,1536,0.3695079969984363,deit_s+dinov2_small+mae_base,
SoilOriginal,svm,42,2,full,random_026,0.7936790247854981,0.8333333333333334,3,6628,1.186720220001007,hog+mae_base+vgg16,
SoilOriginal,svm,42,2,full,random_027,0.8798752843421792,0.9166666666666666,3,3584,0.5769656790071167,convnext_v2_t+resnet101+siglip_base,
SoilOriginal,svm,42,2,full,random_028,0.8556514746807239,0.9035087719298246,3,1616,0.32919568199577043,drlbp+eva02_base+vit_b16,
SoilOriginal,svm,42,2,full,random_029,0.7518385793256135,0.8421052631578947,3,2384,0.6518004780009505,dinov2_large+drlbp+efficientnet_b0,
SoilOriginal,svm,42,2,full,random_030,0.8556412583182093,0.8947368421052632,3,1920,0.48851177399774315,convnext_v2_t+deit_s+mae_base,
SoilOriginal,svm,42,2,full,random_031,0.7306360306360306,0.8464912280701754,3,1170,0.30980056199769024,deit_s+dinov2+glcm,
SoilOriginal,svm,42,2,full,random_032,0.8468103530309217,0.8947368421052632,3,1920,0.42074643700470915,convnext_v2_t+deit_s+swin_t,
SoilOriginal,svm,42,2,full,random_033,0.8762852432874261,0.9078947368421053,3,4352,0.578401462000329,resnet101+resnet50+rgb_ngram_svd,
SoilOriginal,svm,42,2,full,random_034,0.8584427646707732,0.8903508771929824,3,2048,0.4945033730036812,densenet121+rgb_ngram_svd+swin_t,
SoilOriginal,svm,42,2,full,random_035,0.8316537224931924,0.881578947368421,3,6224,0.6599478989955969,drlbp+resnet101+vgg16,
SoilOriginal,svm,42,2,full,random_036,0.853508281346076,0.8947368421052632,3,1042,0.29272067199781304,glcm+rgb_ngram_svd+siglip_base,
SoilOriginal,svm,42,2,full,random_037,0.8326881874137321,0.881578947368421,3,2816,0.5516242829980911,densenet121+dinov2_large+vit_b16,
SoilOriginal,svm,42,2,full,random_038,0.7998625269086178,0.8771929824561403,3,1840,0.5041328240040457,dinov2_large+gabor+siglip_base,
SoilOriginal,svm,42,2,full,random_039,0.7725607734364922,0.8596491228070176,3,2120,0.44055905600544065,glcm+lbp+resnet50,
SoilOriginal,svm,42,2,full,random_040,0.7714342852880837,0.8640350877192983,3,3840,0.7938604439987103,dinov2_large+mae_base+resnet50,
SoilOriginal,svm,42,2,full,random_041,0.8586466283776854,0.9078947368421053,3,2560,0.6626611789979506,dinov2_large+mae_base+vit_b16,
SoilOriginal,svm,42,2,full,random_042,0.8293036888154522,0.8903508771929824,3,2560,0.5260706289991504,dinov2_large+swin_t+vit_b16,
SoilOriginal,svm,42,2,full,random_043,0.8363223325717305,0.8859649122807017,3,2096,0.5494160750022274,convnext_v2_t+efficientnet_b0+gabor,
SoilOriginal,svm,42,2,full,random_044,0.8508151697304932,0.8903508771929824,3,2358,0.363222403000691,lbp+resnet50+rgb_ngram_svd,
SoilOriginal,svm,42,2,full,random_045,0.8494240770996491,0.8903508771929824,3,4096,0.6769348819943843,efficientnet_b0+resnet50+vit_b16,
SoilOriginal,svm,42,2,full,random_046,0.7899753963663738,0.8596491228070176,3,4534,0.4154571179969935,dinov2_small+lbp+vgg16,
SoilOriginal,svm,42,2,full,random_047,0.8450958410700592,0.8991228070175439,3,4864,0.6531603390030796,eva02_base+resnet101+resnet50,
SoilOriginal,svm,42,2,full,random_048,0.8116623619144627,0.881578947368421,3,4912,0.5072973810019903,eva02_base+gabor+vgg16,
SoilOriginal,svm,42,2,full,random_049,0.8202701705778234,0.8771929824561403,3,2432,0.5729872890005936,dinov2_small+efficientnet_b0+siglip_base,
SoilOriginal,svm,42,2,full,random_050,0.8137989373158167,0.8859649122807017,3,1170,0.32289484099601395,deit_s+glcm+swin_t,
SoilOriginal,svm,42,2,full,random_051,0.9032065199701682,0.9342105263157895,3,1554,0.4037165179979638,glcm+siglip_base+vit_b16,
SoilOriginal,svm,42,2,full,random_052,0.8447124834026144,0.9035087719298246,3,4580,1.2087281219937722,hog+resnet101+swin_t,
SoilOriginal,svm,42,2,full,random_053,0.8309946795560166,0.881578947368421,3,870,0.24910968999756733,convnext_v2_t+gabor+lbp,
SoilOriginal,svm,42,2,full,random_054,0.8147799973886932,0.8728070175438597,3,3376,0.6924483879993204,efficientnet_b0+gabor+resnet50,
SoilOriginal,svm,42,2,full,random_055,0.8421296814259558,0.8947368421052632,3,2916,0.8001140680062235,deit_s+hog+siglip_base,
SoilOriginal,svm,42,2,full,random_056,0.7435250235787529,0.8201754385964912,3,2196,0.7468222600000445,deit_s+gabor+hog,
SoilOriginal,svm,42,2,full,random_057,0.8601582393852458,0.8991228070175439,3,2048,0.40077310700144153,convnext_v2_t+densenet121+rgb_ngram_svd,
SoilOriginal,svm,42,2,full,random_058,0.7952083952083951,0.868421052631579,3,1920,0.4159589409973705,dinov2_small+eva02_base+siglip_base,
SoilOriginal,svm,42,2,full,random_059,0.836595790526654,0.8859649122807017,3,1590,0.5334414329990977,eva02_base+lbp+mae_base,
SoilOriginal,svm,42,2,full,random_060,0.8422194992435613,0.8903508771929824,3,3200,0.5115697000001092,convnext_v2_t+deit_s+resnet101,
SoilOriginal,svm,42,2,full,random_061,0.8372163735213756,0.8859649122807017,3,2586,0.8549432290019467,convnext_v2_t+hog+lbp,
SoilOriginal,svm,42,2,full,random_062,0.7423994250567684,0.8377192982456141,3,2532,0.6670481490000384,deit_s+dinov2_small+hog,
SoilOriginal,svm,42,2,full,random_063,0.8698126404957697,0.8991228070175439,3,1104,0.2527405929940869,drlbp+eva02_base+rgb_ngram_svd,
SoilOriginal,svm,42,2,full,random_064,0.7965858415438248,0.8771929824561403,3,3584,0.5719733459991403,dinov2+eva02_base+resnet101,
SoilOriginal,svm,42,2,full,random_065,0.8190149286259125,0.881578947368421,3,3200,0.591961120000633,dinov2_small+mae_base+resnet101,
SoilOriginal,svm,42,2,full,random_066,0.816664701590122,0.8903508771929824,3,2560,0.5360577659957926,dinov2_large+eva02_base+swin_t,
SoilOriginal,svm,42,2,full,random_067,0.8197401598097352,0.8508771929824561,3,3556,1.1910501179954736,densenet121+hog+mae_base,
SoilOriginal,svm,42,2,full,random_068,0.7423994250567684,0.8377192982456141,3,2532,0.6570889479990001,deit_s+dinov2_small+hog,
SoilOriginal,svm,42,2,full,random_069,0.786519222699173,0.8640350877192983,3,2176,0.43958287999703316,convnext_v2_t+densenet121+dinov2_small,
SoilOriginal,svm,42,2,full,random_070,0.8009564861400332,0.868421052631579,3,1170,0.2829220100029488,dinov2_small+glcm+vit_b16,
SoilOriginal,svm,42,2,full,random_071,0.8480793648270479,0.8991228070175439,3,4918,0.5199647909976193,lbp+siglip_base+vgg16,
SoilOriginal,svm,42,2,full,random_072,0.8081305579692498,0.8728070175438597,3,4836,1.00497193299816,densenet121+hog+resnet50,
SoilOriginal,svm,42,2,full,random_073,0.7486133200288606,0.8421052631578947,3,2202,0.7312194349942729,dinov2_small+hog+lbp,
SoilOriginal,svm,42,2,full,random_074,0.7460071215552082,0.8377192982456141,3,2166,0.7380147400035639,dinov2_small+glcm+hog,
SoilOriginal,svm,42,2,full,random_075,0.8528014484908215,0.8859649122807017,3,5120,0.5246398830058752,mae_base+rgb_ngram_svd+vgg16,
SoilOriginal,svm,42,2,full,random_076,0.8548447589244405,0.9035087719298246,3,2304,0.5026222629967378,eva02_base+mae_base+swin_t,
SoilOriginal,svm,42,2,full,random_077,0.8107212680880573,0.881578947368421,3,3840,0.6756175390037242,densenet121+resnet50+swin_t,
SoilOriginal,svm,42,2,full,random_078,0.7992901788752819,0.8771929824561403,3,3200,0.46066453000094043,deit_s+resnet50+siglip_base,
SoilOriginal,svm,42,2,full,random_079,0.817594466936572,0.8771929824561403,3,1200,0.28983185599645367,dinov2_small+gabor+vit_b16,
SoilOriginal,svm,42,2,full,random_080,0.7863770907110369,0.8728070175438597,3,4196,0.7839230320023489,dinov2_small+hog+resnet50,
SoilOriginal,svm,42,2,full,random_081,0.884726943733155,0.9122807017543859,3,2864,0.5016259879994323,gabor+resnet101+vit_b16,
SoilOriginal,svm,42,2,full,random_082,0.858474130638215,0.8947368421052632,3,3556,0.8007493039986002,densenet121+hog+vit_b16,
SoilOriginal,svm,42,2,full,random_083,0.8450958410700592,0.8991228070175439,3,4864,0.6202224180015037,eva02_base+resnet101+resnet50,
SoilOriginal,svm,42,2,full,random_084,0.8078615039709437,0.881578947368421,3,6144,0.6923143160020118,dinov2+efficientnet_b0+vgg16,
SoilOriginal,svm,42,2,full,random_085,0.7668962535839883,0.8377192982456141,3,512,0.1498638229968492,deit_s+drlbp+gabor,
SoilOriginal,svm,42,2,full,random_086,0.8315230663056751,0.8859649122807017,3,2560,0.4485290150041692,densenet121+dinov2+vit_b16,
SoilOriginal,svm,42,2,full,random_087,0.7930000284742755,0.8728070175438597,3,1846,0.502325440000277,dinov2_large+lbp+siglip_base,
SoilOriginal,svm,42,2,full,random_088,0.7600661311945343,0.8552631578947368,3,1590,0.38979764100076864,dinov2+lbp+swin_t,
SoilOriginal,svm,42,2,full,random_089,0.8100693988796597,0.881578947368421,3,3584,0.5938201229946571,dinov2+resnet101+siglip_base,
SoilOriginal,svm,42,2,full,random_090,0.8556514746807239,0.9035087719298246,3,1616,0.3263574369993876,drlbp+eva02_base+vit_b16,
SoilOriginal,svm,42,2,full,random_091,0.8464102094281752,0.8947368421052632,3,3300,0.7088597520050826,hog+swin_t+vit_b16,
SoilOriginal,svm,42,2,full,random_092,0.8316537224931924,0.881578947368421,3,6224,0.6409133089982788,drlbp+resnet101+vgg16,
SoilOriginal,svm,42,2,full,random_093,0.8642885763445785,0.9078947368421053,3,1170,0.2800318780064117,deit_s+eva02_base+glcm,
SoilOriginal,svm,42,2,full,random_094,0.8420161644536097,0.8991228070175439,3,3300,0.699845079005172,eva02_base+hog+swin_t,
SoilOriginal,svm,42,2,full,random_095,0.8252245112513761,0.8947368421052632,3,5120,0.7351897819971782,dinov2_large+resnet101+resnet50,
SoilOriginal,svm,42,2,full,random_096,0.8274253845682418,0.8903508771929824,3,4096,0.6184531360049732,efficientnet_b0+eva02_base+resnet50,
SoilOriginal,svm,42,2,full,random_097,0.8571859921832006,0.8903508771929824,3,4400,0.38447132000146667,gabor+rgb_ngram_svd+vgg16,
SoilOriginal,svm,42,2,full,random_098,0.8716621967145378,0.9078947368421053,3,2048,0.4544657010046649,densenet121+rgb_ngram_svd+siglip_base,
SoilOriginal,svm,42,2,full,random_099,0.8382490240402592,0.8947368421052632,3,2816,0.5896911159943556,convnext_v2_t+efficientnet_b0+eva02_base,
SoilOriginal,svm,42,3,full,random_000,0.8875400214685929,0.9298245614035088,5,5760,0.9762116950005293,densenet121+dinov2_small+resnet101+resnet50+rgb_ngram_svd,
SoilOriginal,svm,42,3,full,random_001,0.8954400112023925,0.9342105263157895,5,6656,1.092060215996753,convnext_v2_t+densenet121+eva02_base+resnet101+resnet50,
SoilOriginal,svm,42,3,full,random_002,0.9248137576865295,0.9385964912280702,5,5120,0.9046224409976276,densenet121+dinov2_large+eva02_base+resnet50+rgb_ngram_svd,
SoilOriginal,svm,42,3,full,random_003,0.8777636847945598,0.9385964912280702,5,2406,0.860359846999927,convnext_v2_t+gabor+lbp+mae_base+siglip_base,
SoilOriginal,svm,42,3,full,random_004,0.8602237957624094,0.9254385964912281,5,7396,1.577520644001197,convnext_v2_t+hog+mae_base+resnet101+resnet50,
SoilOriginal,svm,42,3,full,random_005,0.8990668155481426,0.9342105263157895,5,4370,0.9273676660013734,glcm+mae_base+resnet101+siglip_base+vit_b16,
SoilOriginal,svm,42,3,full,random_006,0.9071564792025796,0.9298245614035088,5,6984,1.0177347009957884,glcm+lbp+resnet101+swin_t+vgg16,
SoilOriginal,svm,42,3,full,random_007,0.8808550240951922,0.9385964912280702,5,4736,0.8743512780056335,convnext_v2_t+deit_s+resnet50+siglip_base+vit_b16,
SoilOriginal,svm,42,3,full,random_008,0.9030267012615821,0.9342105263157895,5,4560,0.8949045900008059,deit_s+drlbp+efficientnet_b0+eva02_base+resnet50,
SoilOriginal,svm,42,3,full,random_009,0.8672477871215631,0.9210526315789473,5,3428,1.5238262769998983,drlbp+gabor+hog+mae_base+siglip_base,
SoilOriginal,svm,42,3,full,random_010,0.8878123998878544,0.9298245614035088,5,3654,1.6634303800019552,dinov2_large+drlbp+glcm+hog+mae_base,
SoilOriginal,svm,42,3,full,random_011,0.8752668302602922,0.9254385964912281,5,3474,0.6391247220017249,convnext_v2_t+dinov2_small+glcm+resnet50+rgb_ngram_svd,
SoilOriginal,svm,42,3,full,random_012,0.8932640574377897,0.9429824561403509,5,3858,0.8937202719971538,dinov2_large+efficientnet_b0+eva02_base+glcm+vit_b16,
SoilOriginal,svm,42,3,full,random_013,0.9069161867233133,0.9385964912280702,5,3940,0.8585624159968575,dinov2_small+eva02_base+hog+rgb_ngram_svd+vit_b16,
SoilOriginal,svm,42,3,full,random_014,0.890565963403492,0.9342105263157895,5,5328,0.9050287919963012,dinov2_small+drlbp+eva02_base+resnet101+resnet50,
SoilOriginal,svm,42,3,full,random_015,0.9007786656431014,0.9429824561403509,5,6528,0.8213681289998931,densenet121+dinov2_small+rgb_ngram_svd+swin_t+vgg16,
SoilOriginal,svm,42,3,full,random_016,0.8845160447513104,0.9385964912280702,5,4242,0.7902072759970906,densenet121+dinov2_small+glcm+resnet50+vit_b16,
SoilOriginal,svm,42,3,full,random_017,0.902524045545926,0.9254385964912281,5,3120,0.7760094730037963,convnext_v2_t+efficientnet_b0+gabor+rgb_ngram_svd+siglip_base,
SoilOriginal,svm,42,3,full,random_018,0.864729808207022,0.9254385964912281,5,2022,0.5867608190019382,convnext_v2_t+dinov2+dinov2_small+gabor+lbp,
SoilOriginal,svm,42,3,full,random_019,0.9285302618777722,0.9517543859649122,5,4682,1.2064096199974301,eva02_base+gabor+hog+lbp+resnet50,
SoilOriginal,svm,42,3,full,random_020,0.8653245600992534,0.9298245614035088,5,2768,0.7246052330010571,convnext_v2_t+dinov2+dinov2_small+drlbp+siglip_base,
SoilOriginal,svm,42,3,full,random_021,0.8715417910234965,0.9210526315789473,5,4608,1.0640040120051708,convnext_v2_t+densenet121+efficientnet_b0+eva02_base+siglip_base,
SoilOriginal,svm,42,3,full,random_022,0.8731807390638437,0.9078947368421053,5,5704,0.7514842820019112,efficientnet_b0+glcm+lbp+rgb_ngram_svd+vgg16,
SoilOriginal,svm,42,3,full,random_023,0.892714387734158,0.9298245614035088,5,5712,0.9418261030004942,convnext_v2_t+drlbp+eva02_base+resnet101+resnet50,
SoilOriginal,svm,42,3,full,random_024,0.9055346157601797,0.9385964912280702,5,4194,1.001795887001208,densenet121+dinov2_large+drlbp+glcm+resnet101,
SoilOriginal,svm,42,3,full,random_025,0.8853030532973861,0.9298245614035088,5,7698,1.1150420299964026,glcm+mae_base+resnet50+siglip_base+vgg16,
SoilOriginal,svm,42,3,full,random_026,0.8823779317140092,0.9166666666666666,5,4370,0.8999054880041513,efficientnet_b0+glcm+resnet101+rgb_ngram_svd+swin_t,
SoilOriginal,svm,42,3,full,random_027,0.8859699295567657,0.9298245614035088,5,3894,0.9848033639937057,densenet121+efficientnet_b0+eva02_base+lbp+siglip_base,
SoilOriginal,svm,42,3,full,random_028,0.876779068884332,0.9298245614035088,5,5632,1.0907738000023528,dinov2+efficientnet_b0+eva02_base+resnet101+siglip_base,
SoilOriginal,svm,42,3,full,random_029,0.8751225301186526,0.9122807017543859,5,4854,1.3937530409966712,densenet121+dinov2+efficientnet_b0+glcm+hog,
SoilOriginal,svm,42,3,full,random_030,0.9002649863364149,0.9342105263157895,5,5942,0.6855235010007164,eva02_base+lbp+rgb_ngram_svd+vgg16+vit_b16,
SoilOriginal,svm,42,3,full,random_031,0.8454641671462795,0.8991228070175439,5,3254,0.9733938429999398,deit_s+efficientnet_b0+lbp+mae_base+swin_t,
SoilOriginal,svm,42,3,full,random_032,0.88750677701168,0.9385964912280702,5,6034,0.967301202006638,convnext_v2_t+dinov2+dinov2_small+glcm+vgg16,
SoilOriginal,svm,42,3,full,random_033,0.9012596354489238,0.9473684210526315,5,3346,0.8959806409984594,convnext_v2_t+densenet121+dinov2+glcm+siglip_base,
SoilOriginal,svm,42,3,full,random_034,0.878999056745049,0.9254385964912281,5,4736,0.9714922269995441,deit_s+eva02_base+mae_base+resnet101+swin_t,
SoilOriginal,svm,42,3,full,random_035,0.9049208111050216,0.9342105263157895,5,6454,0.9366884179980843,efficientnet_b0+lbp+rgb_ngram_svd+siglip_base+vgg16,
SoilOriginal,svm,42,3,full,random_036,0.8911330275378992,0.9385964912280702,5,3376,0.8552650320052635,convnext_v2_t+densenet121+dinov2+eva02_base+gabor,
SoilOriginal,svm,42,3,full,random_037,0.8769883511776396,0.9298245614035088,5,5314,0.6991581010006485,convnext_v2_t+dinov2_small+gabor+glcm+vgg16,
SoilOriginal,svm,42,3,full,random_038,0.8916529399252164,0.9254385964912281,5,1682,0.5281948240008205,convnext_v2_t+drlbp+gabor+glcm+vit_b16,
SoilOriginal,svm,42,3,full,random_039,0.8818480314085707,0.9298245614035088,5,6992,1.1660134619960445,dinov2+drlbp+efficientnet_b0+siglip_base+vgg16,
SoilOriginal,svm,42,3,full,random_040,0.8780370419670075,0.9254385964912281,5,6244,1.34714038400125,dinov2_small+efficientnet_b0+hog+resnet50+siglip_base,
SoilOriginal,svm,42,3,full,random_041,0.8675455232598089,0.9122807017543859,5,8932,1.6704815289995167,densenet121+efficientnet_b0+hog+siglip_base+vgg16,
SoilOriginal,svm,42,3,full,random_042,0.881407888471454,0.9254385964912281,5,5650,1.0051631079986691,convnext_v2_t+glcm+resnet101+resnet50+siglip_base,
SoilOriginal,svm,42,3,full,random_043,0.8865209359469617,0.9298245614035088,5,3328,0.8251735369995004,convnext_v2_t+deit_s+densenet121+dinov2_small+swin_t,
SoilOriginal,svm,42,3,full,random_044,0.8928418338120244,0.9254385964912281,5,9444,1.4340665100025944,efficientnet_b0+hog+resnet50+rgb_ngram_svd+vgg16,
SoilOriginal,svm,42,3,full,random_045,0.8984453651731551,0.9385964912280702,5,4196,1.096008977998281,deit_s+dinov2_large+hog+mae_base+rgb_ngram_svd,
SoilOriginal,svm,42,3,full,random_046,0.8583969856518909,0.9210526315789473,5,4992,1.0681315109977731,deit_s+densenet121+mae_base+resnet50+siglip_base,
SoilOriginal,svm,42,3,full,random_047,0.9122246680422147,0.9473684210526315,5,3376,1.0014835580004728,dinov2_large+eva02_base+gabor+mae_base+siglip_base,
SoilOriginal,svm,42,3,full,random_048,0.8973300776991413,0.9429824561403509,5,3986,0.7962100020013168,convnext_v2_t+dinov2_small+glcm+resnet50+siglip_base,
SoilOriginal,svm,42,3,full,random_049,0.8943142901977315,0.9385964912280702,5,7314,0.8817785719948006,dinov2_small+eva02_base+glcm+resnet50+vgg16,
SoilOriginal,svm,42,3,full,random_050,0.8954400112023925,0.9342105263157895,5,3840,0.9532354260009015,convnext_v2_t+eva02_base+mae_base+swin_t+vit_b16,
SoilOriginal,svm,42,3,full,random_051,0.8751968901374674,0.9342105263157895,5,4068,1.1085201870009769,convnext_v2_t+deit_s+dinov2_small+hog+swin_t,
SoilOriginal,svm,42,3,full,random_052,0.8892801203822713,0.9342105263157895,5,1938,0.6634425270021893,densenet121+dinov2+drlbp+gabor+glcm,
SoilOriginal,svm,42,3,full,random_053,0.866637999681478,0.9254385964912281,5,2578,0.6233502550021512,deit_s+densenet121+dinov2_small+glcm+vit_b16,
SoilOriginal,svm,42,3,full,random_054,0.8668771623833506,0.9166666666666666,5,3632,0.9023520830014604,efficientnet_b0+eva02_base+gabor+mae_base+vit_b16,
SoilOriginal,svm,42,3,full,random_055,0.9029257231347824,0.9429824561403509,5,3190,0.9474641999986488,dinov2_small+glcm+hog+mae_base+rgb_ngram_svd,
SoilOriginal,svm,42,3,full,random_056,0.8815208702820173,0.9298245614035088,5,5168,1.1554862660050276,dinov2+dinov2_large+efficientnet_b0+gabor+resnet50,
SoilOriginal,svm,42,3,full,random_057,0.8985717582931522,0.9385964912280702,5,3346,0.8748260909997043,convnext_v2_t+densenet121+eva02_base+glcm+mae_base,
SoilOriginal,svm,42,3,full,random_058,0.8909858959973377,0.9342105263157895,5,3298,0.7206831790026627,dinov2_small+drlbp+glcm+resnet101+swin_t,
SoilOriginal,svm,42,3,full,random_059,0.9109638814233462,0.9342105263157895,5,4324,1.0250352740040398,eva02_base+hog+mae_base+rgb_ngram_svd+swin_t,
SoilOriginal,svm,42,3,full,random_060,0.9099377738418102,0.9385964912280702,5,6448,0.963742040003126,convnext_v2_t+eva02_base+gabor+swin_t+vgg16,
SoilOriginal,svm,42,3,full,random_061,0.9285572623001561,0.9473684210526315,5,2886,0.9242558740006643,dinov2+drlbp+glcm+hog+rgb_ngram_svd,
SoilOriginal,svm,42,3,full,random_062,0.8997526187514745,0.9342105263157895,5,3504,0.7100176390013075,deit_s+gabor+resnet101+rgb_ngram_svd+swin_t,
SoilOriginal,svm,42,3,full,random_063,0.8409338547619033,0.9122807017543859,5,7780,1.4240941259995452,deit_s+hog+mae_base+swin_t+vgg16,
SoilOriginal,svm,42,3,full,random_064,0.9056282125040858,0.9385964912280702,5,4400,0.8717638180023641,densenet121+dinov2_large+gabor+resnet101+rgb_ngram_svd,
SoilOriginal,svm,42,3,full,random_065,0.8424971911713344,0.9166666666666666,5,1634,0.47507123399554985,deit_s+dinov2_small+drlbp+glcm+swin_t,
SoilOriginal,svm,42,3,full,random_066,0.8659408618243031,0.9385964912280702,5,1986,0.6561632930024643,dinov2_small+gabor+glcm+mae_base+swin_t,
SoilOriginal,svm,42,3,full,random_067,0.9077335000576928,0.9298245614035088,5,4864,0.8926213829981862,densenet121+eva02_base+resnet101+rgb_ngram_svd+swin_t,
SoilOriginal,svm,42,3,full,random_068,0.8624491927758395,0.9122807017543859,5,2406,0.7808400569992955,eva02_base+gabor+lbp+mae_base+siglip_base,
SoilOriginal,svm,42,3,full,random_069,0.8907222746656578,0.9385964912280702,5,8676,1.5400166250037728,densenet121+dinov2_large+eva02_base+hog+vgg16,
SoilOriginal,svm,42,3,full,random_070,0.8990864873328385,0.9342105263157895,5,4194,0.9811369950039079,dinov2+drlbp+efficientnet_b0+glcm+resnet101,
SoilOriginal,svm,42,3,full,random_071,0.8970402911159848,0.9298245614035088,5,9956,1.4742926489998354,efficientnet_b0+eva02_base+hog+resnet50+vgg16,
SoilOriginal,svm,42,3,full,random_072,0.8986953511826753,0.9385964912280702,5,4406,0.8933918999973685,convnext_v2_t+dinov2+lbp+resnet50+swin_t,
SoilOriginal,svm,42,3,full,random_073,0.8850418087260193,0.9298245614035088,5,3682,0.835690412997792,drlbp+glcm+resnet50+siglip_base+swin_t,
SoilOriginal,svm,42,3,full,random_074,0.8801728750871447,0.9298245614035088,5,3690,1.3113118569963262,densenet121+drlbp+hog+lbp+siglip_base,
SoilOriginal,svm,42,3,full,random_075,0.8994655225247036,0.9342105263157895,5,4352,1.0607784780004295,convnext_v2_t+efficientnet_b0+eva02_base+mae_base+swin_t,
SoilOriginal,svm,42,3,full,random_076,0.896117638496828,0.9385964912280702,5,5274,1.3172336030038423,dinov2_large+dinov2_small+hog+lbp+resnet101,
SoilOriginal,svm,42,3,full,random_077,0.9063573400979417,0.9342105263157895,5,6466,0.8233513950035558,gabor+glcm+resnet101+rgb_ngram_svd+vgg16,
SoilOriginal,svm,42,3,full,random_078,0.8759335132455435,0.9210526315789473,5,2614,0.5886950679996517,lbp+rgb_ngram_svd+siglip_base+swin_t+vit_b16,
SoilOriginal,svm,42,3,full,random_079,0.908128831155147,0.9342105263157895,5,6400,1.0494750660000136,dinov2+efficientnet_b0+resnet101+resnet50+rgb_ngram_svd,
SoilOriginal,svm,42,3,full,random_080,0.8874940143525486,0.9385964912280702,5,4016,0.8321140769985504,deit_s+dinov2+gabor+resnet101+siglip_base,
SoilOriginal,svm,42,3,full,random_081,0.8850832575276665,0.9298245614035088,5,4882,1.0595735919996514,efficientnet_b0+glcm+resnet50+siglip_base+vit_b16,
SoilOriginal,svm,42,3,full,random_082,0.8199443684270505,0.8947368421052632,5,3590,0.806638911999471,deit_s+densenet121+drlbp+lbp+resnet50,
SoilOriginal,svm,42,3,full,random_083,0.9059005480928022,0.9385964912280702,5,3840,0.9265607240013196,densenet121+dinov2+dinov2_large+rgb_ngram_svd+swin_t,
SoilOriginal,svm,42,3,full,random_084,0.8802012177925665,0.9385964912280702,5,3376,0.7922808510047616,dinov2+dinov2_large+eva02_base+gabor+vit_b16,
SoilOriginal,svm,42,3,full,random_085,0.9192175343356873,0.9429824561403509,5,3840,0.9433969089950551,densenet121+dinov2+dinov2_large+rgb_ngram_svd+siglip_base,
SoilOriginal,svm,42,3,full,random_086,0.8788713980467647,0.9254385964912281,5,4864,0.9644122149984469,deit_s+dinov2_small+efficientnet_b0+resnet101+vit_b16,
SoilOriginal,svm,42,3,full,random_087,0.870137979087773,0.9166666666666666,5,2626,0.6856774879997829,densenet121+gabor+glcm+swin_t+vit_b16,
SoilOriginal,svm,42,3,full,random_088,0.8957707076824724,0.9298245614035088,5,3840,0.9931098000015481,efficientnet_b0+mae_base+rgb_ngram_svd+siglip_base+swin_t,
SoilOriginal,svm,42,3,full,random_089,0.9007326226090856,0.9385964912280702,5,4242,0.9238658670001314,densenet121+dinov2+dinov2_small+glcm+resnet101,
SoilOriginal,svm,42,3,full,random_090,0.8649842487464751,0.9035087719298246,5,4472,0.5803205599950161,gabor+glcm+lbp+rgb_ngram_svd+vgg16,
SoilOriginal,svm,42,3,full,random_091,0.873404540467757,0.9342105263157895,5,4452,1.1473629079991952,convnext_v2_t+deit_s+hog+siglip_base+swin_t,
SoilOriginal,svm,42,3,full,random_092,0.910493834960885,0.9298245614035088,5,3200,0.7835118040020461,densenet121+dinov2_small+eva02_base+mae_base+rgb_ngram_svd,
SoilOriginal,svm,42,3,full,random_093,0.8798096764597669,0.9254385964912281,5,2534,0.6632678209934966,dinov2_small+efficientnet_b0+gabor+lbp+vit_b16,
SoilOriginal,svm,42,3,full,random_094,0.8947204551441905,0.9429824561403509,5,4944,1.0387470559944632,dinov2+drlbp+efficientnet_b0+resnet50+siglip_base,
SoilOriginal,svm,42,3,full,random_095,0.8901728155725351,0.9298245614035088,5,3654,1.1555813720042352,densenet121+drlbp+eva02_base+glcm+hog,
SoilOriginal,svm,42,3,full,random_096,0.8954400112023925,0.9342105263157895,5,3840,0.9672152729981462,convnext_v2_t+eva02_base+mae_base+swin_t+vit_b16,
SoilOriginal,svm,42,3,full,random_097,0.899408633151527,0.9429824561403509,5,3252,0.9004982049955288,dinov2+dinov2_small+drlbp+hog+rgb_ngram_svd,
SoilOriginal,svm,42,3,full,random_098,0.8847552995789968,0.9298245614035088,5,3888,1.1789000299977488,dinov2_large+efficientnet_b0+gabor+mae_base+siglip_base,
SoilOriginal,svm,42,3,full,random_099,0.921930708991102,0.9385964912280702,5,2578,0.6380268280045129,convnext_v2_t+eva02_base+glcm+mae_base+rgb_ngram_svd,
SoilOriginal,svm,42,4,full,random_000,0.8904056544140371,0.9254385964912281,7,4074,1.095876616993337,deit_s+dinov2+drlbp+eva02_base+hog+lbp+rgb_ngram_svd,
SoilOriginal,svm,42,4,full,random_001,0.8741014916130123,0.9122807017543859,7,4728,1.2231023419954,convnext_v2_t+densenet121+dinov2+gabor+glcm+lbp+resnet50,
SoilOriginal,svm,42,4,full,random_002,0.9243174910868461,0.9385964912280702,7,2834,0.8619823449989781,dinov2_small+drlbp+eva02_base+gabor+glcm+siglip_base+swin_t,
SoilOriginal,svm,42,4,full,random_003,0.8870642897301858,0.9254385964912281,7,3346,0.8061148319975473,deit_s+dinov2+dinov2_small+eva02_base+glcm+rgb_ngram_svd+siglip_base,
SoilOriginal,svm,42,4,full,random_004,0.8686973166931364,0.9078947368421053,7,5046,1.5184803280062624,convnext_v2_t+deit_s+densenet121+efficientnet_b0+lbp+siglip_base+swin_t,
SoilOriginal,svm,42,4,full,random_005,0.9151795549171969,0.9473684210526315,7,6966,1.5528941450029379,densenet121+dinov2_large+efficientnet_b0+eva02_base+lbp+resnet101+vit_b16,
SoilOriginal,svm,42,4,full,random_006,0.8599970489371411,0.9078947368421053,7,5192,1.142432455002563,efficientnet_b0+glcm+lbp+resnet50+rgb_ngram_svd+siglip_base+swin_t,
SoilOriginal,svm,42,4,full,random_007,0.8813884319099372,0.9254385964912281,7,3302,0.8582975149984122,densenet121+dinov2_small+eva02_base+gabor+lbp+rgb_ngram_svd+swin_t,
SoilOriginal,svm,42,4,full,random_008,0.8373608418278603,0.9035087719298246,7,7402,1.2332397240024875,deit_s+drlbp+eva02_base+hog+lbp+rgb_ngram_svd+vgg16,
SoilOriginal,svm,42,4,full,random_009,0.8923738186896083,0.9166666666666666,7,8850,1.2841375939970021,convnext_v2_t+dinov2_small+glcm+resnet50+swin_t+vgg16+vit_b16,
SoilOriginal,svm,42,4,full,random_010,0.9106770990394943,0.9385964912280702,7,10138,2.055064512001991,dinov2+dinov2_large+dinov2_small+hog+lbp+resnet101+vgg16,
SoilOriginal,svm,42,4,full,random_011,0.9014207977816155,0.9254385964912281,7,4534,1.2783116509963293,convnext_v2_t+deit_s+densenet121+dinov2+lbp+siglip_base+swin_t,
SoilOriginal,svm,42,4,full,random_012,0.8800716846010752,0.9166666666666666,7,8630,1.222881123998377,densenet121+dinov2_small+lbp+mae_base+resnet50+rgb_ngram_svd+vgg16,
SoilOriginal,svm,42,4,full,random_013,0.923342640203549,0.9517543859649122,7,5126,1.1629889219984761,deit_s+dinov2_large+drlbp+eva02_base+lbp+resnet50+siglip_base,
SoilOriginal,svm,42,4,full,random_014,0.8983491155513524,0.9298245614035088,7,7058,1.066272891999688,convnext_v2_t+deit_s+dinov2+eva02_base+glcm+rgb_ngram_svd+vgg16,
SoilOriginal,svm,42,4,full,random_015,0.9201206514689376,0.9429824561403509,7,5090,1.2366990290029207,convnext_v2_t+deit_s+dinov2_large+drlbp+eva02_base+glcm+resnet101,
SoilOriginal,svm,42,4,full,random_016,0.8866408805723669,0.9254385964912281,7,6372,1.3282379809970735,deit_s+dinov2_small+eva02_base+hog+resnet101+rgb_ngram_svd+siglip_base,
SoilOriginal,svm,42,4,full,random_017,0.8981835286795254,0.9342105263157895,7,3760,0.9914166769958683,convnext_v2_t+deit_s+dinov2+eva02_base+gabor+mae_base+rgb_ngram_svd,
SoilOriginal,svm,42,4,full,random_018,0.8845858999420582,0.9210526315789473,7,4074,1.0851719420024892,deit_s+drlbp+eva02_base+hog+lbp+rgb_ngram_svd+vit_b16,
SoilOriginal,svm,42,4,full,random_019,0.8596603109785349,0.8991228070175439,7,4836,1.519430212007137,convnext_v2_t+densenet121+dinov2_small+drlbp+gabor+hog+swin_t,
SoilOriginal,svm,42,4,full,random_020,0.8978102114265104,0.9298245614035088,7,8566,1.5769006769987755,convnext_v2_t+deit_s+eva02_base+glcm+hog+vgg16+vit_b16,
SoilOriginal,svm,42,4,full,random_021,0.9302368620340971,0.9473684210526315,7,5350,1.2708772440018947,deit_s+densenet121+dinov2_large+gabor+lbp+resnet101+vit_b16,
SoilOriginal,svm,42,4,full,random_022,0.9008642116128145,0.9342105263157895,7,8084,1.3715192119998392,dinov2+dinov2_small+gabor+hog+rgb_ngram_svd+siglip_base+vgg16,
SoilOriginal,svm,42,4,full,random_023,0.8980797872013674,0.9254385964912281,7,8344,1.2962734929969884,drlbp+efficientnet_b0+glcm+lbp+resnet50+vgg16+vit_b16,
SoilOriginal,svm,42,4,full,random_024,0.9104873206653962,0.9342105263157895,7,7524,1.7658442460015067,convnext_v2_t+dinov2_large+dinov2_small+hog+resnet101+siglip_base+vit_b16,
SoilOriginal,svm,42,4,full,random_025,0.8512896944679813,0.8947368421052632,7,5638,1.616887330004829,deit_s+densenet121+drlbp+efficientnet_b0+lbp+mae_base+resnet101,
SoilOriginal,svm,42,4,full,random_026,0.9143052853401125,0.9429824561403509,7,5040,1.5662652590035577,dinov2+dinov2_large+dinov2_small+efficientnet_b0+gabor+mae_base+siglip_base,
SoilOriginal,svm,42,4,full,random_027,0.901579418280402,0.9385964912280702,7,8448,1.5604977350012632,deit_s+dinov2+dinov2_large+drlbp+gabor+resnet101+vgg16,
SoilOriginal,svm,42,4,full,random_028,0.8973912013871891,0.9298245614035088,7,5072,0.9751274359950912,deit_s+drlbp+eva02_base+resnet50+rgb_ngram_svd+siglip_base+vit_b16,
SoilOriginal,svm,42,4,full,random_029,0.8923193106122334,0.9298245614035088,7,8272,1.3338599170019734,convnext_v2_t+dinov2_large+drlbp+efficientnet_b0+eva02_base+rgb_ngram_svd+vgg16,
SoilOriginal,svm,42,4,full,random_030,0.9171928924720744,0.9342105263157895,7,6656,1.4444419219944393,convnext_v2_t+dinov2+eva02_base+mae_base+resnet101+swin_t+vit_b16,
SoilOriginal,svm,42,4,full,random_031,0.9152865951093896,0.9429824561403509,7,10422,1.6688949009985663,dinov2_large+dinov2_small+lbp+resnet101+resnet50+siglip_base+vgg16,
SoilOriginal,svm,42,4,full,random_032,0.904299567335063,0.9210526315789473,7,5446,1.7756584739981918,dinov2+drlbp+efficientnet_b0+glcm+hog+siglip_base+swin_t,
SoilOriginal,svm,42,4,full,random_033,0.9112774691015255,0.9385964912280702,7,7168,1.8029009309975663,densenet121+dinov2+dinov2_large+eva02_base+resnet101+siglip_base+swin_t,
SoilOriginal,svm,42,4,full,random_034,0.9294577739964093,0.9517543859649122,7,9526,1.7327386019969708,dinov2_large+lbp+mae_base+resnet101+siglip_base+vgg16+vit_b16,
SoilOriginal,svm,42,4,full,random_035,0.8826453635148847,0.9298245614035088,7,4294,1.4059692380033084,dinov2+dinov2_large+dinov2_small+drlbp+glcm+hog+rgb_ngram_svd,
SoilOriginal,svm,42,4,full,random_036,0.9131259100457516,0.9429824561403509,7,6264,1.4786004059933475,densenet121+dinov2_large+gabor+glcm+lbp+resnet101+resnet50,
SoilOriginal,svm,42,4,full,random_037,0.902554612477654,0.9342105263157895,7,5650,1.5294143900027848,convnext_v2_t+densenet121+dinov2_large+efficientnet_b0+eva02_base+glcm+swin_t,
SoilOriginal,svm,42,4,full,random_038,0.9094802416990866,0.9385964912280702,7,8082,1.3572233840022818,convnext_v2_t+densenet121+dinov2_large+dinov2_small+glcm+vgg16+vit_b16,
SoilOriginal,svm,42,4,full,random_039,0.920714188623443,0.9429824561403509,7,5126,1.1078503660028218,deit_s+dinov2_large+drlbp+efficientnet_b0+lbp+resnet50+rgb_ngram_svd,
SoilOriginal,svm,42,4,full,random_040,0.8787547274581501,0.9210526315789473,7,10160,1.4195379550001235,deit_s+eva02_base+gabor+resnet101+resnet50+siglip_base+vgg16,
SoilOriginal,svm,42,4,full,random_041,0.8977608874465213,0.9298245614035088,7,4966,1.1871304600063013,deit_s+dinov2_small+efficientnet_b0+gabor+lbp+resnet101+siglip_base,
SoilOriginal,svm,42,4,full,random_042,0.9114391970710186,0.9385964912280702,7,6034,1.442070106997562,deit_s+densenet121+dinov2_large+eva02_base+glcm+resnet101+siglip_base,
SoilOriginal,svm,42,4,full,random_043,0.8749448573266629,0.9166666666666666,7,5110,1.7878150859978632,deit_s+dinov2+dinov2_large+dinov2_small+glcm+hog+mae_base,
SoilOriginal,svm,42,4,full,random_044,0.9186276548993123,0.9429824561403509,7,3266,0.9291759190018638,deit_s+dinov2_large+gabor+glcm+mae_base+rgb_ngram_svd+vit_b16,
SoilOriginal,svm,42,4,full,random_045,0.9088721365999056,0.9254385964912281,7,3778,1.1683067209960427,deit_s+densenet121+gabor+glcm+mae_base+swin_t+vit_b16,
SoilOriginal,svm,42,4,full,random_046,0.9287715967149331,0.9517543859649122,7,4754,1.3415958719997434,deit_s+densenet121+dinov2_large+glcm+mae_base+siglip_base+vit_b16,
SoilOriginal,svm,42,4,full,random_047,0.8922513896617726,0.9254385964912281,7,4326,0.8681213330055471,deit_s+dinov2+gabor+lbp+resnet50+rgb_ngram_svd+swin_t,
SoilOriginal,svm,42,4,full,random_048,0.8701568629699203,0.9035087719298246,7,8292,1.580589589997544,convnext_v2_t+drlbp+gabor+hog+swin_t+vgg16+vit_b16,
SoilOriginal,svm,42,4,full,random_049,0.9147062395942573,0.9429824561403509,7,3814,1.1469514749987866,dinov2+dinov2_large+dinov2_small+gabor+lbp+siglip_base+vit_b16,
SoilOriginal,svm,42,4,full,random_050,0.8868721104526277,0.9122807017543859,7,6418,1.6754670360023738,convnext_v2_t+efficientnet_b0+glcm+mae_base+resnet101+swin_t+vit_b16,
SoilOriginal,svm,42,4,full,random_051,0.8971321191985053,0.9254385964912281,7,8630,1.1678105710016098,densenet121+dinov2_small+lbp+resnet101+rgb_ngram_svd+vgg16+vit_b16,
SoilOriginal,svm,42,4,full,random_052,0.9267107742431107,0.9429824561403509,7,6628,1.719913364999229,densenet121+dinov2+hog+mae_base+siglip_base+swin_t+vit_b16,
SoilOriginal,svm,42,4,full,random_053,0.8694108319222759,0.9078947368421053,7,8554,1.7742449339930317,densenet121+drlbp+efficientnet_b0+hog+lbp+rgb_ngram_svd+vgg16,
SoilOriginal,svm,42,4,full,random_054,0.9154974566920401,0.9473684210526315,7,7808,1.4809018899977673,convnext_v2_t+dinov2_large+dinov2_small+eva02_base+resnet101+resnet50+siglip_base,
SoilOriginal,svm,42,4,full,random_055,0.9180095930439099,0.9429824561403509,7,9802,1.9817964850008138,dinov2+dinov2_large+gabor+hog+lbp+resnet101+vgg16,
SoilOriginal,svm,42,4,full,random_056,0.9054342883519176,0.9342105263157895,7,8582,1.2200894549969235,densenet121+dinov2_large+drlbp+lbp+resnet50+rgb_ngram_svd+vgg16,
SoilOriginal,svm,42,4,full,random_057,0.910698832434735,0.9473684210526315,7,6400,1.3258560449976358,dinov2+dinov2_large+eva02_base+mae_base+resnet101+rgb_ngram_svd+swin_t,
SoilOriginal,svm,42,4,full,random_058,0.887952369907257,0.9210526315789473,7,7680,1.5520516559990938,convnext_v2_t+deit_s+dinov2_small+efficientnet_b0+resnet101+resnet50+siglip_base,
SoilOriginal,svm,42,4,full,random_059,0.910391858918174,0.9342105263157895,7,7732,1.9921874759966158,dinov2+dinov2_large+drlbp+efficientnet_b0+hog+resnet50+swin_t,
SoilOriginal,svm,42,4,full,random_060,0.8881910736983201,0.9254385964912281,7,4290,0.8547222019988112,convnext_v2_t+dinov2_small+gabor+glcm+resnet101+rgb_ngram_svd+vit_b16,
SoilOriginal,svm,42,4,full,random_061,0.873642691154212,0.9122807017543859,7,7320,1.0014848159989924,drlbp+glcm+lbp+resnet50+rgb_ngram_svd+swin_t+vgg16,
SoilOriginal,svm,42,4,full,random_062,0.8640037892567983,0.9035087719298246,7,6264,1.6488810160008143,efficientnet_b0+gabor+glcm+lbp+mae_base+resnet101+resnet50,
SoilOriginal,svm,42,4,full,random_063,0.8999937178536707,0.9210526315789473,7,8850,1.3156243249977706,convnext_v2_t+deit_s+dinov2+glcm+resnet50+vgg16+vit_b16,
SoilOriginal,svm,42,4,full,random_064,0.8886638482043544,0.9342105263157895,7,5584,1.0847341289991164,densenet121+dinov2_large+dinov2_small+drlbp+eva02_base+resnet50+rgb_ngram_svd,
SoilOriginal,svm,42,4,full,random_065,0.8907294169542103,0.9298245614035088,7,7010,0.9929297010021401,densenet121+dinov2+drlbp+eva02_base+glcm+rgb_ngram_svd+vgg16,
SoilOriginal,svm,42,4,full,random_066,0.8882304176442649,0.9254385964912281,7,5552,1.229138681999757,dinov2_small+eva02_base+gabor+mae_base+resnet101+siglip_base+swin_t,
SoilOriginal,svm,42,4,full,random_067,0.9125183254431241,0.9429824561403509,7,8272,1.4692844820019673,densenet121+dinov2+drlbp+eva02_base+mae_base+siglip_base+vgg16,
SoilOriginal,svm,42,4,full,random_068,0.9201681966251464,0.9429824561403509,7,10486,2.170592716000101,convnext_v2_t+dinov2+dinov2_large+glcm+hog+resnet101+vgg16,
SoilOriginal,svm,42,4,full,random_069,0.9141044414602438,0.9385964912280702,7,4070,1.2579807549991529,dinov2+dinov2_small+efficientnet_b0+gabor+lbp+mae_base+swin_t,
SoilOriginal,svm,42,4,full,random_070,0.9416882726952924,0.9605263157894737,7,4918,1.296287334000226,dinov2+dinov2_large+eva02_base+lbp+siglip_base+swin_t+vit_b16,
SoilOriginal,svm,42,4,full,random_071,0.902554612477654,0.9342105263157895,7,5010,1.4287682460053475,convnext_v2_t+densenet121+dinov2_small+efficientnet_b0+eva02_base+glcm+swin_t,
SoilOriginal,svm,42,4,full,random_072,0.8806839038191756,0.9210526315789473,7,5476,1.3518455519952113,convnext_v2_t+dinov2_small+hog+mae_base+rgb_ngram_svd+siglip_base+vit_b16,
SoilOriginal,svm,42,4,full,random_073,0.8853768335002756,0.9254385964912281,7,5522,1.2920219179941341,convnext_v2_t+deit_s+efficientnet_b0+glcm+mae_base+resnet101+rgb_ngram_svd,
SoilOriginal,svm,42,4,full,random_074,0.8774578945117494,0.9254385964912281,7,3766,0.991776855000353,dinov2+dinov2_small+eva02_base+lbp+mae_base+rgb_ngram_svd+siglip_base,
SoilOriginal,svm,42,4,full,random_075,0.8863595281036368,0.9254385964912281,7,6986,1.2592621889998554,deit_s+dinov2_small+gabor+hog+lbp+rgb_ngram_svd+vgg16,
SoilOriginal,svm,42,4,full,random_076,0.9353392753981283,0.9517543859649122,7,5808,1.2845001310051885,deit_s+dinov2+dinov2_large+eva02_base+gabor+resnet101+vit_b16,
SoilOriginal,svm,42,4,full,random_077,0.8954401146052409,0.9210526315789473,7,7856,1.3022277189957094,convnext_v2_t+densenet121+dinov2_small+gabor+swin_t+vgg16+vit_b16,
SoilOriginal,svm,42,4,full,random_078,0.8899183729423351,0.9254385964912281,7,2834,0.8985555500039482,dinov2_small+drlbp+eva02_base+gabor+glcm+mae_base+swin_t,
SoilOriginal,svm,42,4,full,random_079,0.896693407465458,0.9298245614035088,7,7040,1.611258518001705,dinov2_large+dinov2_small+efficientnet_b0+mae_base+resnet101+siglip_base+vit_b16,
SoilOriginal,svm,42,4,full,random_080,0.9191117967511702,0.9473684210526315,7,4816,1.241291108999576,densenet121+dinov2_large+dinov2_small+drlbp+eva02_base+mae_base+vit_b16,
SoilOriginal,svm,42,4,full,random_081,0.8729622034885193,0.9078947368421053,7,5058,1.1508858840024914,convnext_v2_t+densenet121+dinov2_small+gabor+glcm+resnet50+siglip_base,
SoilOriginal,svm,42,4,full,random_082,0.9083920401892751,0.9298245614035088,7,7362,1.349276868000743,convnext_v2_t+deit_s+densenet121+dinov2_large+gabor+glcm+vgg16,
SoilOriginal,svm,42,4,full,random_083,0.8976969489571375,0.9298245614035088,7,4114,1.009576725999068,convnext_v2_t+dinov2_small+drlbp+eva02_base+gabor+glcm+resnet101,
SoilOriginal,svm,42,4,full,random_084,0.8977012939800008,0.9298245614035088,7,2742,1.0340986119990703,deit_s+dinov2_large+dinov2_small+drlbp+gabor+lbp+mae_base,
SoilOriginal,svm,42,4,full,random_085,0.8898510123539273,0.9254385964912281,7,7652,1.6813171890025842,dinov2+efficientnet_b0+hog+resnet101+rgb_ngram_svd+siglip_base+swin_t,
SoilOriginal,svm,42,4,full,random_086,0.8817223355810535,0.9210526315789473,7,2712,0.7838401740009431,dinov2+drlbp+glcm+lbp+rgb_ngram_svd+siglip_base+vit_b16,
SoilOriginal,svm,42,4,full,random_087,0.8993104154244207,0.9342105263157895,7,9728,1.4952251729991985,dinov2+dinov2_large+mae_base+resnet50+rgb_ngram_svd+siglip_base+vgg16,
SoilOriginal,svm,42,4,full,random_088,0.9048881111611262,0.9298245614035088,7,10724,1.5712083820035332,convnext_v2_t+dinov2_large+hog+resnet50+rgb_ngram_svd+vgg16+vit_b16,
SoilOriginal,svm,42,4,full,random_089,0.8785288844470435,0.9122807017543859,7,8596,1.5766216780029936,deit_s+gabor+hog+siglip_base+swin_t+vgg16+vit_b16,
SoilOriginal,svm,42,4,full,random_090,0.9011109159476657,0.9298245614035088,7,5010,1.272608079998463,drlbp+efficientnet_b0+eva02_base+gabor+glcm+resnet101+swin_t,
SoilOriginal,svm,42,4,full,random_091,0.8980889774423474,0.9298245614035088,7,6850,1.2109696729967254,dinov2+dinov2_small+gabor+glcm+mae_base+swin_t+vgg16,
SoilOriginal,svm,42,4,full,random_092,0.900496198996439,0.9342105263157895,7,7396,1.471791955002118,dinov2_small+drlbp+gabor+hog+mae_base+rgb_ngram_svd+vgg16,
SoilOriginal,svm,42,4,full,random_093,0.9087652880593138,0.9342105263157895,7,6930,1.6449750929969014,densenet121+dinov2_large+efficientnet_b0+glcm+mae_base+resnet50+vit_b16,
SoilOriginal,svm,42,4,full,random_094,0.8698475746497097,0.9035087719298246,7,5030,1.6747343050010386,deit_s+efficientnet_b0+gabor+glcm+hog+siglip_base+swin_t,
SoilOriginal,svm,42,4,full,random_095,0.9163293962993887,0.9342105263157895,7,8730,1.6071915529973921,deit_s+dinov2_small+efficientnet_b0+hog+lbp+vgg16+vit_b16,
SoilOriginal,svm,42,4,full,random_096,0.8665242718928587,0.9078947368421053,7,9490,1.4104585930035682,densenet121+efficientnet_b0+glcm+resnet50+rgb_ngram_svd+swin_t+vgg16,
SoilOriginal,svm,42,4,full,random_097,0.9166529293053608,0.9429824561403509,7,5808,1.2159417739967466,convnext_v2_t+dinov2_large+dinov2_small+eva02_base+gabor+resnet101+vit_b16,
SoilOriginal,svm,42,4,full,random_098,0.8922513896617726,0.9254385964912281,7,6326,1.1677411480050068,deit_s+dinov2+lbp+mae_base+resnet101+resnet50+rgb_ngram_svd,
SoilOriginal,svm,42,4,full,random_099,0.9066570034918325,0.9385964912280702,7,5314,1.1782856329955393,deit_s+efficientnet_b0+eva02_base+gabor+glcm+resnet50+siglip_base,
SoilOriginal,svm,123,0,full,random_000,0.826356210391298,0.8728070175438597,2,2788,0.8170918399991933,densenet121+hog,
SoilOriginal,svm,123,0,full,random_001,0.8035489112615292,0.8552631578947368,2,464,0.1474116640019929,deit_s+drlbp,
SoilOriginal,svm,123,0,full,random_002,0.7829256090435804,0.868421052631579,2,1104,0.31623927599866875,dinov2_large+drlbp,
SoilOriginal,svm,123,0,full,random_003,0.748474954651429,0.8157894736842105,2,4176,0.3297941139971954,drlbp+vgg16,
SoilOriginal,svm,123,0,full,random_004,0.8462520583654605,0.8947368421052632,2,2532,0.6005883469988476,convnext_v2_t+hog,
SoilOriginal,svm,123,0,full,random_005,0.9064213957830978,0.9298245614035088,2,1536,0.3105540030010161,eva02_base+siglip_base,
SoilOriginal,svm,123,0,full,random_006,0.808030049373886,0.8771929824561403,2,786,0.18876423600158887,glcm+swin_t,
SoilOriginal,svm,123,0,full,random_007,0.8617064833410009,0.9078947368421053,2,2048,0.36649442199995974,efficientnet_b0+eva02_base,
SoilOriginal,svm,123,0,full,random_008,0.8607543561787442,0.9035087719298246,2,1664,0.33723178099899087,dinov2_small+efficientnet_b0,
SoilOriginal,svm,123,0,full,random_009,0.8157973768630846,0.881578947368421,2,822,0.2069066420008312,lbp+swin_t,
SoilOriginal,svm,123,0,full,random_010,0.863468192452536,0.9122807017543859,2,1152,0.2021155979964533,deit_s+eva02_base,
SoilOriginal,svm,123,0,full,random_011,0.8876548212886284,0.9122807017543859,2,2532,0.5953072809934383,eva02_base+hog,
SoilOriginal,svm,123,0,full,random_012,0.8387104311769986,0.8903508771929824,2,1536,0.29448590500396676,convnext_v2_t+swin_t,
SoilOriginal,svm,123,0,full,random_013,0.7989328303261567,0.8464912280701754,2,6144,0.48245522499928484,resnet50+vgg16,
SoilOriginal,svm,123,0,full,random_014,0.8233437284853962,0.8859649122807017,2,816,0.19799921399680898,gabor+swin_t,
SoilOriginal,svm,123,0,full,random_015,0.8750633931417432,0.9254385964912281,2,1536,0.27434270000230754,dinov2+vit_b16,
SoilOriginal,svm,123,0,full,random_016,0.8661539110060835,0.9210526315789473,2,2304,0.4830847299963352,dinov2_large+efficientnet_b0,
SoilOriginal,svm,123,0,full,random_017,0.851508130876115,0.881578947368421,2,2096,0.3503616680027335,gabor+resnet101,
SoilOriginal,svm,123,0,full,random_018,0.8389988466329739,0.8991228070175439,2,1152,0.242183643997123,dinov2_small+swin_t,
SoilOriginal,svm,123,0,full,random_019,0.8353979070253157,0.8903508771929824,2,3072,0.459674792997248,densenet121+resnet50,
SoilOriginal,svm,123,0,full,random_020,0.8661539110060835,0.9210526315789473,2,2304,0.4845965749991592,dinov2_large+efficientnet_b0,
SoilOriginal,svm,123,0,full,random_021,0.4013020031713525,0.5,2,1812,1.1290049180024653,gabor+hog,
SoilOriginal,svm,123,0,full,random_022,0.876873060523908,0.9254385964912281,2,1792,0.4678959809971275,dinov2_large+mae_base,
SoilOriginal,svm,123,0,full,random_023,0.8075897569648535,0.8596491228070176,2,2096,0.287103554001078,gabor+resnet50,
SoilOriginal,svm,123,0,full,random_024,0.8707607524289168,0.8991228070175439,2,822,0.20395984999777284,lbp+vit_b16,
SoilOriginal,svm,123,0,full,random_025,0.833503348313212,0.881578947368421,2,4096,0.4846145539995632,resnet101+resnet50,
SoilOriginal,svm,123,0,full,random_026,0.8134857390510511,0.8859649122807017,2,1072,0.3239669520044117,dinov2_large+gabor,
SoilOriginal,svm,123,0,full,random_027,0.7948197553399065,0.8728070175438597,2,2788,0.7966737519964227,dinov2_large+hog,
SoilOriginal,svm,123,0,full,random_028,0.7476839055214848,0.8114035087719298,2,4114,0.33245313599763904,glcm+vgg16,
SoilOriginal,svm,123,0,full,random_029,0.876873060523908,0.9254385964912281,2,1792,0.4785882309952285,dinov2_large+mae_base,
SoilOriginal,svm,123,0,full,random_030,0.8787478100078712,0.9254385964912281,2,1152,0.25220718400669284,dinov2_small+siglip_base,
SoilOriginal,svm,123,0,full,random_031,0.8437009798711925,0.8903508771929824,2,4864,0.37567430100170895,eva02_base+vgg16,
SoilOriginal,svm,123,0,full,random_032,0.8462520583654605,0.8947368421052632,2,2532,0.6013158790010493,convnext_v2_t+hog,
SoilOriginal,svm,123,0,full,random_033,0.8504589115417296,0.881578947368421,2,3812,0.8035221559985075,hog+resnet101,
SoilOriginal,svm,123,0,full,random_034,0.8121844885863364,0.8728070175438597,2,1408,0.3136815679972642,deit_s+densenet121,
SoilOriginal,svm,123,0,full,random_035,0.8683768640278743,0.9078947368421053,2,2816,0.34199244999763323,eva02_base+resnet50,
SoilOriginal,svm,123,0,full,random_036,0.8664934030525426,0.8991228070175439,2,4864,0.3577970549958991,vgg16+vit_b16,
SoilOriginal,svm,123,0,full,random_037,0.8915715142074949,0.9254385964912281,2,1152,0.21508620899840025,dinov2_small+vit_b16,
SoilOriginal,svm,123,0,full,random_038,0.831906941266209,0.8771929824561403,2,1072,0.29952045700338203,densenet121+gabor,
SoilOriginal,svm,123,0,full,random_039,0.8787478100078712,0.9254385964912281,2,1152,0.2508554890009691,dinov2_small+siglip_base,
SoilOriginal,svm,123,0,full,random_040,0.8781045612841981,0.9122807017543859,2,2304,0.2877706279978156,resnet101+rgb_ngram_svd,
SoilOriginal,svm,123,0,full,random_041,0.8288924750047492,0.8771929824561403,2,1104,0.32688205200247467,densenet121+drlbp,
SoilOriginal,svm,123,0,full,random_042,0.9064213957830978,0.9298245614035088,2,1536,0.3087603319945629,eva02_base+siglip_base,
SoilOriginal,svm,123,0,full,random_043,0.716690666460201,0.75,2,310,0.09717914499924518,lbp+rgb_ngram_svd,
SoilOriginal,svm,123,0,full,random_044,0.8340226303286876,0.8903508771929824,2,848,0.1734597649992793,convnext_v2_t+drlbp,
SoilOriginal,svm,123,0,full,random_045,0.863468192452536,0.9122807017543859,2,1152,0.20071686700248392,deit_s+eva02_base,
SoilOriginal,svm,123,0,full,random_046,0.8598914313200027,0.8991228070175439,2,1024,0.19764208699780283,dinov2+rgb_ngram_svd,
SoilOriginal,svm,123,0,full,random_047,0.8607543561787442,0.9035087719298246,2,1664,0.3095993359966087,dinov2_small+efficientnet_b0,
SoilOriginal,svm,123,0,full,random_048,0.8257187785759214,0.8771929824561403,2,2432,0.2940948169998592,deit_s+resnet50,
SoilOriginal,svm,123,0,full,random_049,0.890282044590167,0.9122807017543859,2,816,0.181946999997308,eva02_base+gabor,
SoilOriginal,svm,123,0,full,random_050,0.821772942625328,0.8771929824561403,2,2816,0.34173997300240444,resnet50+swin_t,
SoilOriginal,svm,123,0,full,random_051,0.833503348313212,0.881578947368421,2,4096,0.48834609700134024,resnet101+resnet50,
SoilOriginal,svm,123,0,full,random_052,0.864493094343782,0.8947368421052632,2,2128,0.3569420460044057,drlbp+resnet101,
SoilOriginal,svm,123,0,full,random_053,0.7948056760450987,0.8596491228070176,2,848,0.2293703019968234,drlbp+mae_base,
SoilOriginal,svm,123,0,full,random_054,0.8464279500753665,0.9035087719298246,2,1152,0.2272508120004204,deit_s+dinov2,
SoilOriginal,svm,123,0,full,random_055,0.8387104311769986,0.8903508771929824,2,1536,0.29792348699993454,convnext_v2_t+swin_t,
SoilOriginal,svm,123,0,full,random_056,0.8562338846333848,0.8903508771929824,2,2048,0.37476916799641913,efficientnet_b0+vit_b16,
SoilOriginal,svm,123,0,full,random_057,0.8750633931417432,0.9254385964912281,2,1536,0.27555317399674095,dinov2+vit_b16,
SoilOriginal,svm,123,0,full,random_058,0.7791991322350652,0.8640350877192983,2,816,0.21707244400022319,dinov2+gabor,
SoilOriginal,svm,123,0,full,random_059,0.8254979632635122,0.881578947368421,2,3328,0.4690205360020627,efficientnet_b0+resnet50,
SoilOriginal,svm,123,0,full,random_060,0.8514715506147207,0.8947368421052632,2,2816,0.31989914800215047,resnet50+vit_b16,
SoilOriginal,svm,123,0,full,random_061,0.8931044296032921,0.9210526315789473,2,1792,0.36965365699870745,densenet121+vit_b16,
SoilOriginal,svm,123,0,full,random_062,0.23665198018680872,0.37280701754385964,2,98,0.020818218996282667,drlbp+glcm,
SoilOriginal,svm,123,0,full,random_063,0.8685774398887046,0.9210526315789473,2,1536,0.29452918199967826,convnext_v2_t+siglip_base,
SoilOriginal,svm,123,0,full,random_064,0.7341356483142055,0.8070175438596491,2,4150,0.33526765999704367,lbp+vgg16,
SoilOriginal,svm,123,0,full,random_065,0.9011149604457028,0.9254385964912281,2,2816,0.37432716300099855,eva02_base+resnet101,
SoilOriginal,svm,123,0,full,random_066,0.766143088521791,0.8508771929824561,2,786,0.2230504480030504,dinov2+glcm,
SoilOriginal,svm,123,0,full,random_067,0.8903109870268479,0.9298245614035088,2,1792,0.4036818189997575,dinov2_large+siglip_base,
SoilOriginal,svm,123,0,full,random_068,0.896429841080782,0.9166666666666666,2,1536,0.26097154400486033,eva02_base+vit_b16,
SoilOriginal,svm,123,0,full,random_069,0.7945248360096455,0.8464912280701754,2,402,0.11606642099650344,deit_s+glcm,
SoilOriginal,svm,123,0,full,random_070,0.8357328565835578,0.8991228070175439,2,768,0.16123996600072132,deit_s+dinov2_small,
SoilOriginal,svm,123,0,full,random_071,0.7833711942715006,0.868421052631579,2,1042,0.3032100549971801,dinov2_large+glcm,
SoilOriginal,svm,123,0,full,random_072,0.8620675742096849,0.8947368421052632,2,1024,0.20060930899489904,rgb_ngram_svd+siglip_base,
SoilOriginal,svm,123,0,full,random_073,0.8707607524289168,0.8991228070175439,2,822,0.19776296899362933,lbp+vit_b16,
SoilOriginal,svm,123,0,full,random_074,0.8190959833816975,0.881578947368421,2,786,0.17107643599592848,convnext_v2_t+glcm,
SoilOriginal,svm,123,0,full,random_075,0.8081410018044182,0.8596491228070176,2,2102,0.2755743719972088,lbp+resnet50,
SoilOriginal,svm,123,0,full,random_076,0.8248246319265664,0.8771929824561403,2,4480,0.36548461499478435,dinov2_small+vgg16,
SoilOriginal,svm,123,0,full,random_077,0.8134857390510511,0.8859649122807017,2,1072,0.31254526400152827,dinov2_large+gabor,
SoilOriginal,svm,123,0,full,random_078,0.7671670867697025,0.8070175438596491,2,1024,0.2894682379992446,mae_base+rgb_ngram_svd,
SoilOriginal,svm,123,0,full,random_079,0.8883282253627199,0.9342105263157895,2,1536,0.29082180600380525,dinov2+eva02_base,
SoilOriginal,svm,123,0,full,random_080,0.8008732829743276,0.8991228070175439,2,1792,0.4195105170001625,dinov2+dinov2_large,
SoilOriginal,svm,123,0,full,random_081,0.4013020031713525,0.5,2,1812,1.1384809500013944,gabor+hog,
SoilOriginal,svm,123,0,full,random_082,0.882072495824618,0.9078947368421053,2,1536,0.34027233000233537,mae_base+vit_b16,
SoilOriginal,svm,123,0,full,random_083,0.8598350102156322,0.8903508771929824,2,2102,0.3506798739981605,lbp+resnet101,
SoilOriginal,svm,123,0,full,random_084,0.8536885950099836,0.8859649122807017,2,2066,0.35164366999379126,glcm+resnet101,
SoilOriginal,svm,123,0,full,random_085,0.8871283129035901,0.9210526315789473,2,1536,0.4789451120013837,mae_base+siglip_base,
SoilOriginal,svm,123,0,full,random_086,0.780696189537653,0.8508771929824561,2,2148,0.5825321610027459,deit_s+hog,
SoilOriginal,svm,123,0,full,random_087,0.875057742014386,0.8991228070175439,2,1024,0.18862088699825108,eva02_base+rgb_ngram_svd,
SoilOriginal,svm,123,0,full,random_088,0.846873175309066,0.8947368421052632,2,2048,0.38901300100405933,efficientnet_b0+swin_t,
SoilOriginal,svm,123,0,full,random_089,0.7945248360096455,0.8464912280701754,2,402,0.12040009500196902,deit_s+glcm,
SoilOriginal,svm,123,0,full,random_090,0.8353979070253157,0.8903508771929824,2,3072,0.45036643300409196,densenet121+resnet50,
SoilOriginal,svm,123,0,full,random_091,0.916648460599655,0.9429824561403509,2,3072,0.48438252200139686,dinov2_large+resnet101,
SoilOriginal,svm,123,0,full,random_092,0.23665198018680872,0.37280701754385964,2,98,0.02349675499863224,drlbp+glcm,
SoilOriginal,svm,123,0,full,random_093,0.8134857390510511,0.8859649122807017,2,1072,0.3081890429966734,dinov2_large+gabor,
SoilOriginal,svm,123,0,full,random_094,0.8408991478572005,0.8728070175438597,2,2304,0.24432906799484044,resnet50+rgb_ngram_svd,
SoilOriginal,svm,123,0,full,random_095,0.8787478100078712,0.9254385964912281,2,1152,0.2519643609994091,dinov2_small+siglip_base,
SoilOriginal,svm,123,0,full,random_096,0.8149718070095382,0.8771929824561403,2,1536,0.35666425000090385,mae_base+swin_t,
SoilOriginal,svm,123,0,full,random_097,0.8895667037137092,0.9166666666666666,2,2432,0.33246861100633396,dinov2_small+resnet101,
SoilOriginal,svm,123,0,full,random_098,0.8389988466329739,0.8991228070175439,2,1152,0.23091565199865727,dinov2_small+swin_t,
SoilOriginal,svm,123,0,full,random_099,0.8923063212613448,0.9210526315789473,2,1280,0.2372579460061388,dinov2_large+rgb_ngram_svd,
SoilOriginal,svm,123,1,full,random_000,0.8024353616118985,0.8820960698689956,5,3858,0.9225590329951956,dinov2+dinov2_large+efficientnet_b0+glcm+swin_t,
SoilOriginal,svm,123,1,full,random_001,0.7972806498296194,0.8908296943231441,5,4278,0.7914690940015134,densenet121+dinov2_small+eva02_base+lbp+resnet101,
SoilOriginal,svm,123,1,full,random_002,0.8383887345429647,0.9126637554585153,5,5366,1.390927317996102,glcm+hog+mae_base+resnet101+siglip_base,
SoilOriginal,svm,123,1,full,random_003,0.8701108941274941,0.9213973799126638,5,2944,0.6659362819991657,dinov2_small+mae_base+rgb_ngram_svd+siglip_base+vit_b16,
SoilOriginal,svm,123,1,full,random_004,0.8071343140601316,0.8777292576419214,5,4884,0.9377649439993547,gabor+hog+resnet50+rgb_ngram_svd+vit_b16,
SoilOriginal,svm,123,1,full,random_005,0.8090773581145577,0.8995633187772926,5,4498,1.0307169189982233,dinov2_small+efficientnet_b0+glcm+mae_base+resnet101,
SoilOriginal,svm,123,1,full,random_006,0.8078700152358802,0.8820960698689956,5,2534,0.7283477800010587,convnext_v2_t+deit_s+efficientnet_b0+gabor+lbp,
SoilOriginal,svm,123,1,full,random_007,0.8293014116596424,0.8951965065502183,5,4992,1.0510101539985044,deit_s+dinov2+dinov2_large+resnet50+siglip_base,
SoilOriginal,svm,123,1,full,random_008,0.8276988076759242,0.8951965065502183,5,7652,1.2405697310023243,dinov2_large+hog+resnet101+resnet50+vit_b16,
SoilOriginal,svm,123,1,full,random_009,0.8285764834165555,0.9039301310043668,5,4864,0.8176339229976293,dinov2+dinov2_large+resnet101+rgb_ngram_svd+vit_b16,
SoilOriginal,svm,123,1,full,random_010,0.8532255234847712,0.9082969432314411,5,2742,0.694995795005525,dinov2_small+lbp+mae_base+siglip_base+vit_b16,
SoilOriginal,svm,123,1,full,random_011,0.7991669168120791,0.8733624454148472,5,5272,0.9002918469996075,densenet121+drlbp+glcm+lbp+vgg16,
SoilOriginal,svm,123,1,full,random_012,0.8153715740988804,0.8951965065502183,5,4608,0.7272763740038499,convnext_v2_t+deit_s+densenet121+dinov2_small+resnet50,
SoilOriginal,svm,123,1,full,random_013,0.7873768191079586,0.8908296943231441,5,3974,0.8756310579992714,densenet121+drlbp+lbp+resnet101+swin_t,
SoilOriginal,svm,123,1,full,random_014,0.8335939130202229,0.8951965065502183,5,6290,0.8549943590041948,deit_s+dinov2_large+glcm+siglip_base+vgg16,
SoilOriginal,svm,123,1,full,random_015,0.8586938716594457,0.9082969432314411,5,1992,0.5548762379985419,deit_s+dinov2+glcm+lbp+siglip_base,
SoilOriginal,svm,123,1,full,random_016,0.806406511076848,0.8951965065502183,5,7296,0.8993974949989934,deit_s+dinov2+efficientnet_b0+eva02_base+vgg16,
SoilOriginal,svm,123,1,full,random_017,0.7776820554815872,0.8733624454148472,5,7040,0.7700834959978238,drlbp+gabor+resnet50+vgg16+vit_b16,
SoilOriginal,svm,123,1,full,random_018,0.775416708330706,0.8777292576419214,5,4962,1.0534581680039992,drlbp+glcm+mae_base+resnet101+resnet50,
SoilOriginal,svm,123,1,full,random_019,0.813505896429718,0.8908296943231441,5,8576,0.9994917299991357,densenet121+dinov2_large+dinov2_small+resnet50+vgg16,
SoilOriginal,svm,123,1,full,random_020,0.7903356300036598,0.8820960698689956,5,5348,1.219248802997754,dinov2+efficientnet_b0+eva02_base+hog+swin_t,
SoilOriginal,svm,123,1,full,random_021,0.8319621206814407,0.9126637554585153,5,2054,0.5839217910033767,convnext_v2_t+dinov2_small+drlbp+eva02_base+lbp,
SoilOriginal,svm,123,1,full,random_022,0.8372354017147493,0.8995633187772926,5,1944,0.7505907279992243,dinov2_large+drlbp+glcm+lbp+siglip_base,
SoilOriginal,svm,123,1,full,random_023,0.8299839372484527,0.9039301310043668,5,3024,0.6699129620028543,deit_s+densenet121+dinov2+drlbp+eva02_base,
SoilOriginal,svm,123,1,full,random_024,0.7944729123187292,0.8864628820960698,5,6466,0.9299395190028008,dinov2_large+efficientnet_b0+gabor+glcm+vgg16,
SoilOriginal,svm,123,1,full,random_025,0.8275544682306294,0.8995633187772926,5,3712,0.7626878170049167,convnext_v2_t+deit_s+densenet121+eva02_base+siglip_base,
SoilOriginal,svm,123,1,full,random_026,0.8200492544320458,0.8951965065502183,5,2882,0.7435876059971633,efficientnet_b0+eva02_base+gabor+glcm+siglip_base,
SoilOriginal,svm,123,1,full,random_027,0.8417286273925431,0.9039301310043668,5,1926,0.45802015800290974,convnext_v2_t+drlbp+eva02_base+lbp+rgb_ngram_svd,
SoilOriginal,svm,123,1,full,random_028,0.8078328902411167,0.8820960698689956,5,3738,1.0257501390005928,dinov2+dinov2_small+hog+lbp+vit_b16,
SoilOriginal,svm,123,1,full,random_029,0.8137465189821691,0.8951965065502183,5,3894,0.8977890690002823,convnext_v2_t+densenet121+dinov2+efficientnet_b0+lbp,
SoilOriginal,svm,123,1,full,random_030,0.8441005164607649,0.9126637554585153,5,4048,0.7487507999976515,deit_s+drlbp+efficientnet_b0+resnet50+rgb_ngram_svd,
SoilOriginal,svm,123,1,full,random_031,0.8326577534548374,0.8908296943231441,5,1462,0.49837713799934136,densenet121+drlbp+gabor+lbp+rgb_ngram_svd,
SoilOriginal,svm,123,1,full,random_032,0.8164061974055301,0.8908296943231441,5,3018,0.9176824140013196,deit_s+eva02_base+gabor+hog+lbp,
SoilOriginal,svm,123,1,full,random_033,0.8246912662853753,0.8951965065502183,5,2054,0.49685441999463364,deit_s+dinov2+drlbp+lbp+vit_b16,
SoilOriginal,svm,123,1,full,random_034,0.8358669059836874,0.9082969432314411,5,3732,0.9829596119961934,deit_s+efficientnet_b0+gabor+hog+rgb_ngram_svd,
SoilOriginal,svm,123,1,full,random_035,0.763448142108027,0.868995633187773,5,5200,0.9941332419984974,densenet121+drlbp+efficientnet_b0+resnet50+vit_b16,
SoilOriginal,svm,123,1,full,random_036,0.8476366905265987,0.9126637554585153,5,5968,0.6384983190000639,drlbp+eva02_base+rgb_ngram_svd+swin_t+vgg16,
SoilOriginal,svm,123,1,full,random_037,0.8262912029566204,0.9039301310043668,5,2736,0.6316229430012754,deit_s+efficientnet_b0+eva02_base+gabor+rgb_ngram_svd,
SoilOriginal,svm,123,1,full,random_038,0.8627594627594627,0.9213973799126638,5,4992,0.9550789849963621,dinov2_large+dinov2_small+efficientnet_b0+resnet101+rgb_ngram_svd,
SoilOriginal,svm,123,1,full,random_039,0.7838904368476624,0.8777292576419214,5,8420,1.4945769289988675,densenet121+hog+mae_base+swin_t+vgg16,
SoilOriginal,svm,123,1,full,random_040,0.850775699245628,0.9082969432314411,5,4370,0.9019017640021048,efficientnet_b0+glcm+resnet50+rgb_ngram_svd+siglip_base,
SoilOriginal,svm,123,1,full,random_041,0.8146012803507885,0.8864628820960698,5,1912,0.6695505449970369,dinov2_large+gabor+glcm+lbp+vit_b16,
SoilOriginal,svm,123,1,full,random_042,0.8040794007022969,0.8864628820960698,5,8950,1.6145066290046088,dinov2_large+glcm+hog+resnet101+vgg16,
SoilOriginal,svm,123,1,full,random_043,0.8052712296038,0.8864628820960698,5,3252,0.9672901490048389,deit_s+drlbp+hog+rgb_ngram_svd+vit_b16,
SoilOriginal,svm,123,1,full,random_044,0.8161744266166203,0.8864628820960698,5,3170,0.7989059050014475,drlbp+glcm+mae_base+resnet101+rgb_ngram_svd,
SoilOriginal,svm,123,1,full,random_045,0.7879006996947356,0.8820960698689956,5,3686,1.1157957980030915,gabor+lbp+mae_base+resnet50+swin_t,
SoilOriginal,svm,123,1,full,random_046,0.7887229562769109,0.8820960698689956,5,7680,1.4694032409970532,convnext_v2_t+efficientnet_b0+mae_base+swin_t+vgg16,
SoilOriginal,svm,123,1,full,random_047,0.7631469293371878,0.8602620087336245,5,6628,1.2824892749995342,convnext_v2_t+efficientnet_b0+hog+resnet50+vit_b16,
SoilOriginal,svm,123,1,full,random_048,0.832839232082357,0.8995633187772926,5,7168,1.2663662849954562,dinov2+dinov2_large+efficientnet_b0+resnet101+resnet50,
SoilOriginal,svm,123,1,full,random_049,0.8305948066514345,0.8951965065502183,5,3398,1.4309525299977395,convnext_v2_t+drlbp+glcm+hog+mae_base,
SoilOriginal,svm,123,1,full,random_050,0.821820041667679,0.8951965065502183,5,3266,0.733701564000512,dinov2_small+eva02_base+gabor+glcm+resnet101,
SoilOriginal,svm,123,1,full,random_051,0.800268424807041,0.8864628820960698,5,5120,1.0028496640006779,eva02_base+resnet50+siglip_base+swin_t+vit_b16,
SoilOriginal,svm,123,1,full,random_052,0.7775677252391453,0.8733624454148472,5,4224,1.0852541360000032,dinov2_large+dinov2_small+efficientnet_b0+mae_base+swin_t,
SoilOriginal,svm,123,1,full,random_053,0.8489225834173568,0.9126637554585153,5,3200,0.6527564310017624,densenet121+dinov2_small+eva02_base+rgb_ngram_svd+vit_b16,
SoilOriginal,svm,123,1,full,random_054,0.8178545437069287,0.8951965065502183,5,4882,0.9096927060018061,densenet121+dinov2_large+glcm+resnet101+vit_b16,
SoilOriginal,svm,123,1,full,random_055,0.8434848039645184,0.9039301310043668,5,6272,0.6304611829982605,convnext_v2_t+deit_s+eva02_base+rgb_ngram_svd+vgg16,
SoilOriginal,svm,123,1,full,random_056,0.8073608618306359,0.8777292576419214,5,2998,0.8061528190009994,deit_s+dinov2_large+lbp+mae_base+swin_t,
SoilOriginal,svm,123,1,full,random_057,0.8146698476733777,0.8908296943231441,5,2552,0.6039163230016129,deit_s+gabor+glcm+lbp+resnet101,
SoilOriginal,svm,123,1,full,random_058,0.8708273394684544,0.9213973799126638,5,4836,1.095529701000487,dinov2+efficientnet_b0+eva02_base+hog+rgb_ngram_svd,
SoilOriginal,svm,123,1,full,random_059,0.8017594146202113,0.8951965065502183,5,4162,1.0914949139987584,efficientnet_b0+gabor+glcm+mae_base+resnet101,
SoilOriginal,svm,123,1,full,random_060,0.8338606122262086,0.9039301310043668,5,3840,0.8404209380023531,convnext_v2_t+deit_s+dinov2_large+dinov2_small+efficientnet_b0,
SoilOriginal,svm,123,1,full,random_061,0.7917448993073702,0.8777292576419214,5,2914,0.5241474300055415,deit_s+dinov2_small+drlbp+glcm+resnet50,
SoilOriginal,svm,123,1,full,random_062,0.8148775429638929,0.8908296943231441,5,3456,0.7542590989978635,deit_s+dinov2+mae_base+swin_t+vit_b16,
SoilOriginal,svm,123,1,full,random_063,0.8528296765913718,0.9213973799126638,5,5584,0.6025889049997204,convnext_v2_t+deit_s+drlbp+rgb_ngram_svd+vgg16,
SoilOriginal,svm,123,1,full,random_064,0.841616330270074,0.9039301310043668,5,2194,0.522104436000518,convnext_v2_t+deit_s+eva02_base+glcm+rgb_ngram_svd,
SoilOriginal,svm,123,1,full,random_065,0.7966352677899687,0.8908296943231441,5,6116,1.2911030780014698,convnext_v2_t+dinov2+hog+mae_base+resnet50,
SoilOriginal,svm,123,1,full,random_066,0.8302335092999105,0.8951965065502183,5,3072,0.6644867040013196,convnext_v2_t+deit_s+dinov2+dinov2_small+vit_b16,
SoilOriginal,svm,123,1,full,random_067,0.8273418696447482,0.9082969432314411,5,3958,1.293235356999503,densenet121+dinov2_small+glcm+hog+siglip_base,
SoilOriginal,svm,123,1,full,random_068,0.8474551804882958,0.9039301310043668,5,5988,1.3998178449983243,convnext_v2_t+dinov2_large+dinov2_small+hog+resnet101,
SoilOriginal,svm,123,1,full,random_069,0.7982451849518537,0.8864628820960698,5,4992,0.8217066240031272,densenet121+dinov2+dinov2_small+resnet50+vit_b16,
SoilOriginal,svm,123,1,full,random_070,0.7895043225615697,0.8777292576419214,5,6628,1.2319693329991424,efficientnet_b0+hog+resnet50+swin_t+vit_b16,
SoilOriginal,svm,123,1,full,random_071,0.7777637506655697,0.8777292576419214,5,9728,1.1257909310006653,mae_base+resnet101+resnet50+vgg16+vit_b16,
SoilOriginal,svm,123,1,full,random_072,0.8371732381203711,0.8995633187772926,5,2230,0.473362778997398,dinov2_small+lbp+rgb_ngram_svd+swin_t+vit_b16,
SoilOriginal,svm,123,1,full,random_073,0.7996893560545636,0.8864628820960698,5,5382,0.9148714449984254,deit_s+drlbp+lbp+mae_base+vgg16,
SoilOriginal,svm,123,1,full,random_074,0.8231534820389937,0.8995633187772926,5,2384,0.6326291949953884,convnext_v2_t+deit_s+dinov2_small+drlbp+siglip_base,
SoilOriginal,svm,123,1,full,random_075,0.8084006001391865,0.8864628820960698,5,8960,1.113739902000816,densenet121+dinov2_large+resnet50+siglip_base+vgg16,
SoilOriginal,svm,123,1,full,random_076,0.8136939478970664,0.8864628820960698,5,7322,1.3214111670022248,dinov2_large+dinov2_small+hog+lbp+vgg16,
SoilOriginal,svm,123,1,full,random_077,0.7552556174396192,0.868995633187773,5,5632,0.9424009740032488,efficientnet_b0+eva02_base+resnet50+siglip_base+vit_b16,
SoilOriginal,svm,123,1,full,random_078,0.8016411476801715,0.8951965065502183,5,7414,1.4150275330030126,convnext_v2_t+glcm+hog+mae_base+vgg16,
SoilOriginal,svm,123,1,full,random_079,0.7996343621342811,0.8908296943231441,5,4682,1.6904352149940678,gabor+hog+lbp+mae_base+resnet101,
SoilOriginal,svm,123,1,full,random_080,0.7908572226544577,0.8820960698689956,5,9270,1.2075634240027284,densenet121+lbp+resnet101+resnet50+vgg16,
SoilOriginal,svm,123,1,full,random_081,0.7777637506655697,0.8777292576419214,5,9728,1.0878884609992383,mae_base+resnet101+resnet50+vgg16+vit_b16,
SoilOriginal,svm,123,1,full,random_082,0.8503437666607716,0.925764192139738,5,5504,0.7620363400055794,deit_s+dinov2+resnet101+resnet50+rgb_ngram_svd,
SoilOriginal,svm,123,1,full,random_083,0.8236897647956528,0.8908296943231441,5,4736,0.8303260329994373,dinov2+dinov2_small+mae_base+resnet101+vit_b16,
SoilOriginal,svm,123,1,full,random_084,0.8046862509701272,0.8864628820960698,5,5168,0.773909931005619,gabor+resnet101+resnet50+rgb_ngram_svd+vit_b16,
SoilOriginal,svm,123,1,full,random_085,0.8219435111174375,0.8951965065502183,5,6372,1.1109537509983056,dinov2_small+drlbp+gabor+hog+vgg16,
SoilOriginal,svm,123,1,full,random_086,0.8476527468453158,0.9082969432314411,5,6244,1.4365527859990834,deit_s+dinov2+efficientnet_b0+hog+resnet101,
SoilOriginal,svm,123,1,full,random_087,0.8056963712700614,0.8995633187772926,5,8420,1.3729623469989747,convnext_v2_t+densenet121+hog+siglip_base+vgg16,
SoilOriginal,svm,123,1,full,random_088,0.8111864902033649,0.8951965065502183,5,5268,1.2851035410058103,deit_s+densenet121+gabor+hog+resnet101,
SoilOriginal,svm,123,1,full,random_089,0.81686791301207,0.8908296943231441,5,3428,1.0990796999976737,convnext_v2_t+drlbp+gabor+hog+siglip_base,
SoilOriginal,svm,123,1,full,random_090,0.8006368204044636,0.8864628820960698,5,3328,0.6766391089986428,deit_s+densenet121+dinov2_small+siglip_base+vit_b16,
SoilOriginal,svm,123,1,full,random_091,0.8017783240417631,0.8864628820960698,5,4992,0.8136815819962067,convnext_v2_t+deit_s+dinov2_large+resnet50+swin_t,
SoilOriginal,svm,123,1,full,random_092,0.7967410559175929,0.8777292576419214,5,3884,1.303628635003406,dinov2+efficientnet_b0+glcm+hog+lbp,
SoilOriginal,svm,123,1,full,random_093,0.7699269363857734,0.8820960698689956,5,4304,0.7577807310008211,densenet121+dinov2_small+drlbp+eva02_base+resnet50,
SoilOriginal,svm,123,1,full,random_094,0.7765714495247517,0.868995633187773,5,2742,0.6859990520024439,convnext_v2_t+deit_s+lbp+mae_base+vit_b16,
SoilOriginal,svm,123,1,full,random_095,0.783465611788353,0.8777292576419214,5,4628,1.1136586549982894,efficientnet_b0+eva02_base+gabor+hog+vit_b16,
SoilOriginal,svm,123,1,full,random_096,0.856059056691968,0.9126637554585153,5,3920,0.7269013850018382,dinov2+drlbp+resnet50+rgb_ngram_svd+siglip_base,
SoilOriginal,svm,123,1,full,random_097,0.8271334670995657,0.8908296943231441,5,3584,0.7289696400039247,convnext_v2_t+deit_s+dinov2_small+efficientnet_b0+swin_t,
SoilOriginal,svm,123,1,full,random_098,0.8377300603547192,0.9082969432314411,5,4626,1.1609827739957836,densenet121+glcm+mae_base+resnet101+siglip_base,
SoilOriginal,svm,123,1,full,random_099,0.817265511251857,0.8995633187772926,5,7926,1.4058820030040806,dinov2+efficientnet_b0+glcm+hog+vgg16,
SoilOriginal,svm,123,2,full,random_000,0.8318778351039385,0.8903508771929824,5,4432,0.8883856070024194,drlbp+efficientnet_b0+resnet50+rgb_ngram_svd+vit_b16,
SoilOriginal,svm,123,2,full,random_001,0.8385409215232483,0.9035087719298246,5,5348,1.389394560996152,efficientnet_b0+eva02_base+hog+swin_t+vit_b16,
SoilOriginal,svm,123,2,full,random_002,0.8392751478690647,0.9122807017543859,5,5604,1.6027076840036898,dinov2_large+efficientnet_b0+hog+siglip_base+swin_t,
SoilOriginal,svm,123,2,full,random_003,0.8375129945242726,0.9078947368421053,5,3968,0.9624409390016808,convnext_v2_t+deit_s+dinov2+efficientnet_b0+vit_b16,
SoilOriginal,svm,123,2,full,random_004,0.8297517739430041,0.9035087719298246,5,2608,0.6342811859940412,dinov2+gabor+rgb_ngram_svd+swin_t+vit_b16,
SoilOriginal,svm,123,2,full,random_005,0.8143605318499291,0.881578947368421,5,2402,0.8343746149985236,convnext_v2_t+drlbp+glcm+mae_base+swin_t,
SoilOriginal,svm,123,2,full,random_006,0.8044232926996902,0.8771929824561403,5,2274,0.6949775219982257,deit_s+densenet121+drlbp+glcm+vit_b16,
SoilOriginal,svm,123,2,full,random_007,0.8051263921572881,0.8640350877192983,5,6682,1.4635629990007146,hog+lbp+resnet101+resnet50+vit_b16,
SoilOriginal,svm,123,2,full,random_008,0.8340278216549777,0.8991228070175439,5,2768,0.7518458680060576,deit_s+drlbp+eva02_base+mae_base+vit_b16,
SoilOriginal,svm,123,2,full,random_009,0.8188329384496141,0.8728070175438597,5,7014,1.0230837990020518,gabor+lbp+resnet50+swin_t+vgg16,
SoilOriginal,svm,123,2,full,random_010,0.8255940898182276,0.8903508771929824,5,3628,1.6091986699975678,convnext_v2_t+densenet121+glcm+hog+lbp,
SoilOriginal,svm,123,2,full,random_011,0.808989525466554,0.8728070175438597,5,2916,1.0905053409951506,drlbp+gabor+hog+rgb_ngram_svd+siglip_base,
SoilOriginal,svm,123,2,full,random_012,0.8051382131800088,0.881578947368421,5,4224,1.2782181590009714,densenet121+dinov2+dinov2_small+efficientnet_b0+mae_base,
SoilOriginal,svm,123,2,full,random_013,0.8245648711245126,0.8947368421052632,5,3920,1.0586162129984586,convnext_v2_t+dinov2_large+drlbp+efficientnet_b0+siglip_base,
SoilOriginal,svm,123,2,full,random_014,0.8223655020372406,0.8947368421052632,5,6736,1.063153892995615,dinov2+dinov2_large+drlbp+vgg16+vit_b16,
SoilOriginal,svm,123,2,full,random_015,0.822138606440932,0.8859649122807017,5,5650,1.0461314209969714,glcm+resnet101+resnet50+siglip_base+swin_t,
SoilOriginal,svm,123,2,full,random_016,0.8238438847767647,0.8947368421052632,5,4608,1.1058026649989188,densenet121+dinov2+efficientnet_b0+siglip_base+vit_b16,
SoilOriginal,svm,123,2,full,random_017,0.7893319044446464,0.868421052631579,5,3994,1.4219374820022495,dinov2_large+dinov2_small+hog+lbp+siglip_base,
SoilOriginal,svm,123,2,full,random_018,0.8079281067997881,0.8728070175438597,5,7268,1.2537590870051645,dinov2_small+hog+mae_base+rgb_ngram_svd+vgg16,
SoilOriginal,svm,123,2,full,random_019,0.8475936994724818,0.9078947368421053,5,2882,0.952346382997348,efficientnet_b0+eva02_base+gabor+glcm+siglip_base,
SoilOriginal,svm,123,2,full,random_020,0.8425727478991009,0.9035087719298246,5,2626,0.7989494590001414,densenet121+eva02_base+gabor+glcm+siglip_base,
SoilOriginal,svm,123,2,full,random_021,0.8092698386884433,0.8728070175438597,5,5396,1.7336706740024965,gabor+hog+mae_base+resnet101+swin_t,
SoilOriginal,svm,123,2,full,random_022,0.8019957671007046,0.8771929824561403,5,7376,1.2887036559986882,dinov2_small+drlbp+mae_base+resnet101+vgg16,
SoilOriginal,svm,123,2,full,random_023,0.8260488224773939,0.8903508771929824,5,4688,1.2730191470036516,convnext_v2_t+densenet121+dinov2+drlbp+resnet101,
SoilOriginal,svm,123,2,full,random_024,0.8102794733291198,0.881578947368421,5,4628,1.385335535997001,convnext_v2_t+efficientnet_b0+gabor+hog+vit_b16,
SoilOriginal,svm,123,2,full,random_025,0.830298156136187,0.8903508771929824,5,3840,0.7546720680038561,deit_s+dinov2_small+eva02_base+resnet101+rgb_ngram_svd,
SoilOriginal,svm,123,2,full,random_026,0.8355186663409951,0.8991228070175439,5,5954,0.921377089995076,convnext_v2_t+dinov2_large+gabor+glcm+vgg16,
SoilOriginal,svm,123,2,full,random_027,0.8444061461195002,0.8991228070175439,5,5888,0.9797299199999543,dinov2+eva02_base+resnet101+resnet50+rgb_ngram_svd,
SoilOriginal,svm,123,2,full,random_028,0.8023423221730511,0.8771929824561403,5,8320,1.3748313929972937,dinov2+dinov2_large+dinov2_small+resnet101+vgg16,
SoilOriginal,svm,123,2,full,random_029,0.8081182439160415,0.8728070175438597,5,2768,0.8199156350019621,convnext_v2_t+deit_s+drlbp+mae_base+swin_t,
SoilOriginal,svm,123,2,full,random_030,0.8467031476924075,0.9035087719298246,5,2120,0.6389452389994403,densenet121+eva02_base+glcm+lbp+rgb_ngram_svd,
SoilOriginal,svm,123,2,full,random_031,0.8114681475681973,0.881578947368421,5,8246,1.259678601003543,efficientnet_b0+lbp+resnet50+vgg16+vit_b16,
SoilOriginal,svm,123,2,full,random_032,0.828927398610978,0.881578947368421,5,7908,1.3840689589997055,densenet121+dinov2+hog+rgb_ngram_svd+vgg16,
SoilOriginal,svm,123,2,full,random_033,0.8130024819064298,0.8728070175438597,5,6726,1.5784806810042937,convnext_v2_t+drlbp+glcm+hog+vgg16,
SoilOriginal,svm,123,2,full,random_034,0.8138571265826905,0.8859649122807017,5,3584,0.9129758229973959,deit_s+dinov2+dinov2_small+efficientnet_b0+eva02_base,
SoilOriginal,svm,123,2,full,random_035,0.8214251875332932,0.8947368421052632,5,5200,1.239406519998738,dinov2_large+drlbp+efficientnet_b0+resnet50+vit_b16,
SoilOriginal,svm,123,2,full,random_036,0.8089440271613142,0.8640350877192983,5,4022,0.9840122319947113,convnext_v2_t+deit_s+lbp+mae_base+resnet101,
SoilOriginal,svm,123,2,full,random_037,0.8106309902250455,0.881578947368421,5,3380,1.0774669210004504,deit_s+dinov2_small+drlbp+hog+siglip_base,
SoilOriginal,svm,123,2,full,random_038,0.8440923561016114,0.8991228070175439,5,3632,1.0609854969952721,densenet121+dinov2_large+efficientnet_b0+gabor+rgb_ngram_svd,
SoilOriginal,svm,123,2,full,random_039,0.8404804542354298,0.9035087719298246,5,4688,1.048860388000321,densenet121+drlbp+eva02_base+resnet50+siglip_base,
SoilOriginal,svm,123,2,full,random_040,0.8232366630862871,0.8947368421052632,5,3766,0.6869514280042495,deit_s+dinov2_large+lbp+resnet50+rgb_ngram_svd,
SoilOriginal,svm,123,2,full,random_041,0.8279734452414865,0.8859649122807017,5,4708,1.3311267739991308,convnext_v2_t+deit_s+densenet121+hog+swin_t,
SoilOriginal,svm,123,2,full,random_042,0.8396302129263341,0.9035087719298246,5,7936,1.3310051770022255,dinov2_large+efficientnet_b0+swin_t+vgg16+vit_b16,
SoilOriginal,svm,123,2,full,random_043,0.7994294876433086,0.8596491228070176,5,4114,1.0344528019995778,densenet121+glcm+mae_base+resnet101+rgb_ngram_svd,
SoilOriginal,svm,123,2,full,random_044,0.8200377542595195,0.8859649122807017,5,4370,1.2186331900011282,glcm+mae_base+resnet101+siglip_base+swin_t,
SoilOriginal,svm,123,2,full,random_045,0.8264174014856198,0.8947368421052632,5,2022,0.6174293430012767,dinov2_small+eva02_base+gabor+lbp+swin_t,
SoilOriginal,svm,123,2,full,random_046,0.8383693898456414,0.8991228070175439,5,3120,0.9037215760035906,efficientnet_b0+gabor+rgb_ngram_svd+siglip_base+swin_t,
SoilOriginal,svm,123,2,full,random_047,0.8214186392573704,0.8903508771929824,5,5632,1.109355909000442,deit_s+dinov2_small+mae_base+resnet101+resnet50,
SoilOriginal,svm,123,2,full,random_048,0.8091607112015274,0.8728070175438597,5,4268,1.3291215440040105,deit_s+glcm+hog+lbp+resnet50,
SoilOriginal,svm,123,2,full,random_049,0.8016018086749843,0.8596491228070176,5,3226,1.1295841829996789,deit_s+hog+lbp+mae_base+rgb_ngram_svd,
SoilOriginal,svm,123,2,full,random_050,0.8048119516142771,0.8771929824561403,5,5936,0.7620050619952963,gabor+rgb_ngram_svd+siglip_base+vgg16+vit_b16,
SoilOriginal,svm,123,2,full,random_051,0.7999401933336776,0.868421052631579,5,3382,0.8790323350040126,convnext_v2_t+densenet121+efficientnet_b0+lbp+rgb_ngram_svd,
SoilOriginal,svm,123,2,full,random_052,0.7923048353076717,0.868421052631579,5,6034,0.8848776730010286,dinov2+dinov2_small+glcm+swin_t+vgg16,
SoilOriginal,svm,123,2,full,random_053,0.7926751911561981,0.868421052631579,5,7286,1.3830155949981418,densenet121+dinov2_small+glcm+hog+vgg16,
SoilOriginal,svm,123,2,full,random_054,0.8192232804994702,0.8859649122807017,5,2950,0.7317122630047379,deit_s+dinov2_small+drlbp+lbp+resnet101,
SoilOriginal,svm,123,2,full,random_055,0.8001884179924647,0.8728070175438597,5,4626,0.6316058860029443,dinov2_small+drlbp+gabor+glcm+vgg16,
SoilOriginal,svm,123,2,full,random_056,0.8248478179450436,0.881578947368421,5,3044,1.0437517690006644,dinov2_small+drlbp+eva02_base+gabor+hog,
SoilOriginal,svm,123,2,full,random_057,0.7897549718007647,0.8552631578947368,5,1542,0.453213239001343,deit_s+drlbp+lbp+rgb_ngram_svd+swin_t,
SoilOriginal,svm,123,2,full,random_058,0.8313622582161907,0.8771929824561403,5,3920,0.9893781369974022,drlbp+mae_base+resnet50+rgb_ngram_svd+swin_t,
SoilOriginal,svm,123,2,full,random_059,0.8417713028889017,0.9078947368421053,5,7936,1.270249873996363,dinov2_large+efficientnet_b0+eva02_base+vgg16+vit_b16,
SoilOriginal,svm,123,2,full,random_060,0.8138886561751136,0.8728070175438597,5,2936,0.7114437909986009,convnext_v2_t+gabor+glcm+lbp+resnet50,
SoilOriginal,svm,123,2,full,random_061,0.8053822423212306,0.8771929824561403,5,2944,0.9817157740035327,convnext_v2_t+drlbp+efficientnet_b0+gabor+mae_base,
SoilOriginal,svm,123,2,full,random_062,0.8285184208299519,0.8947368421052632,5,4372,1.5089041639948846,dinov2_large+gabor+hog+mae_base+vit_b16,
SoilOriginal,svm,123,2,full,random_063,0.7922820837023254,0.8728070175438597,5,4148,1.2085412369997357,convnext_v2_t+drlbp+hog+swin_t+vit_b16,
SoilOriginal,svm,123,2,full,random_064,0.8292674097030869,0.8991228070175439,5,5888,1.3701432599991676,convnext_v2_t+dinov2_large+efficientnet_b0+eva02_base+resnet50,
SoilOriginal,svm,123,2,full,random_065,0.8426491590131026,0.9035087719298246,5,3712,1.0058718000000226,convnext_v2_t+deit_s+dinov2_large+efficientnet_b0+rgb_ngram_svd,
SoilOriginal,svm,123,2,full,random_066,0.8345142713574584,0.9035087719298246,5,2944,0.9064809560004505,dinov2+drlbp+efficientnet_b0+gabor+vit_b16,
SoilOriginal,svm,123,2,full,random_067,0.8258324013205167,0.8859649122807017,5,4736,0.9814181449983153,dinov2_small+efficientnet_b0+resnet101+rgb_ngram_svd+siglip_base,
SoilOriginal,svm,123,2,full,random_068,0.811577154077154,0.8728070175438597,5,4134,1.5937306279956829,densenet121+efficientnet_b0+gabor+glcm+hog,
SoilOriginal,svm,123,2,full,random_069,0.8212971595347495,0.8859649122807017,5,7962,1.8934708160013543,densenet121+dinov2_large+hog+lbp+vgg16,
SoilOriginal,svm,123,2,full,random_070,0.8221165132156775,0.9035087719298246,5,3024,0.894874378995155,dinov2_large+dinov2_small+drlbp+swin_t+vit_b16,
SoilOriginal,svm,123,2,full,random_071,0.8152329972856662,0.8947368421052632,5,6656,1.0247962450011983,convnext_v2_t+deit_s+dinov2_large+dinov2_small+vgg16,
SoilOriginal,svm,123,2,full,random_072,0.8119768419527815,0.881578947368421,5,4352,1.0155097939932602,deit_s+dinov2+dinov2_small+resnet101+vit_b16,
SoilOriginal,svm,123,2,full,random_073,0.8158282024513343,0.8859649122807017,5,3846,0.9799160850016051,dinov2_small+drlbp+efficientnet_b0+lbp+resnet50,
SoilOriginal,svm,123,2,full,random_074,0.8193787492700535,0.8947368421052632,5,4372,1.6007475549995434,convnext_v2_t+dinov2_large+gabor+hog+mae_base,
SoilOriginal,svm,123,2,full,random_075,0.8239105436224833,0.8903508771929824,5,3024,0.7899517559999367,deit_s+dinov2_large+drlbp+swin_t+vit_b16,
SoilOriginal,svm,123,2,full,random_076,0.7801947378996014,0.8552631578947368,5,2502,0.8685704119998263,dinov2_small+drlbp+glcm+hog+rgb_ngram_svd,
SoilOriginal,svm,123,2,full,random_077,0.8529519231895178,0.9166666666666666,5,3968,0.8815046689996962,convnext_v2_t+deit_s+efficientnet_b0+eva02_base+vit_b16,
SoilOriginal,svm,123,2,full,random_078,0.8164938825653111,0.8903508771929824,5,3664,1.287870620006288,dinov2+drlbp+efficientnet_b0+mae_base+siglip_base,
SoilOriginal,svm,123,2,full,random_079,0.7975887980463597,0.8728070175438597,5,5012,1.2116093789954903,dinov2_small+eva02_base+gabor+hog+resnet50,
SoilOriginal,svm,123,2,full,random_080,0.8080855073598255,0.8552631578947368,5,5272,0.9143707179973717,densenet121+drlbp+glcm+lbp+vgg16,
SoilOriginal,svm,123,2,full,random_081,0.8180674901539563,0.8859649122807017,5,4022,0.82852131499385,dinov2_small+eva02_base+lbp+resnet101+swin_t,
SoilOriginal,svm,123,2,full,random_082,0.824687301451141,0.8903508771929824,5,6064,0.8357156419951934,deit_s+dinov2+gabor+vgg16+vit_b16,
SoilOriginal,svm,123,2,full,random_083,0.7668265582689113,0.8464912280701754,5,2652,1.1707685419969494,gabor+glcm+hog+lbp+swin_t,
SoilOriginal,svm,123,2,full,random_084,0.8344179238845211,0.8991228070175439,5,6912,1.0291801180064795,dinov2+dinov2_large+eva02_base+rgb_ngram_svd+vgg16,
SoilOriginal,svm,123,2,full,random_085,0.8010542879530221,0.8596491228070176,5,4916,1.1971454590020585,drlbp+hog+resnet50+rgb_ngram_svd+swin_t,
SoilOriginal,svm,123,2,full,random_086,0.7693333078297747,0.8596491228070176,5,1944,1.119895597003051,dinov2_large+drlbp+glcm+lbp+mae_base,
SoilOriginal,svm,123,2,full,random_087,0.8251213649946936,0.8859649122807017,5,4480,1.1519178620001185,deit_s+densenet121+resnet101+rgb_ngram_svd+siglip_base,
SoilOriginal,svm,123,2,full,random_088,0.8171714906408784,0.8728070175438597,5,7670,1.874783393999678,convnext_v2_t+densenet121+glcm+hog+vgg16,
SoilOriginal,svm,123,2,full,random_089,0.8487738797345566,0.9035087719298246,5,5120,1.1001852749977843,densenet121+dinov2_large+mae_base+resnet101+rgb_ngram_svd,
SoilOriginal,svm,123,2,full,random_090,0.8443081993604057,0.9078947368421053,5,3408,1.1079020700053661,densenet121+drlbp+mae_base+siglip_base+swin_t,
SoilOriginal,svm,123,2,full,random_091,0.7894991501586757,0.868421052631579,5,3884,1.4554613469954347,convnext_v2_t+efficientnet_b0+glcm+hog+lbp,
SoilOriginal,svm,123,2,full,random_092,0.7967670962100891,0.8640350877192983,5,3380,1.206003694998799,deit_s+dinov2_small+drlbp+hog+mae_base,
SoilOriginal,svm,123,2,full,random_093,0.8369386148521487,0.8991228070175439,5,5120,0.9724170650006272,efficientnet_b0+resnet101+rgb_ngram_svd+siglip_base+vit_b16,
SoilOriginal,svm,123,2,full,random_094,0.7932008914823092,0.8728070175438597,5,3434,1.2996167059973232,dinov2+drlbp+hog+lbp+siglip_base,
SoilOriginal,svm,123,2,full,random_095,0.812116499725131,0.8859649122807017,5,2450,0.6421372600016184,convnext_v2_t+densenet121+dinov2_small+glcm+rgb_ngram_svd,
SoilOriginal,svm,123,2,full,random_096,0.8180034670757108,0.8947368421052632,5,3702,1.062480633998348,dinov2_small+eva02_base+glcm+hog+swin_t,
SoilOriginal,svm,123,2,full,random_097,0.8353519462395702,0.8947368421052632,5,2658,0.8226468880020548,convnext_v2_t+densenet121+drlbp+glcm+swin_t,
SoilOriginal,svm,123,2,full,random_098,0.8335369937731059,0.8991228070175439,5,4406,0.979853071999969,convnext_v2_t+dinov2+eva02_base+lbp+resnet101,
SoilOriginal,svm,123,2,full,random_099,0.78727090363467,0.8640350877192983,5,2662,0.7724976739991689,convnext_v2_t+densenet121+gabor+lbp+vit_b16,
SoilOriginal,svm,123,3,full,random_000,0.8968561271375617,0.9295154185022027,4,3632,0.74299851100659,eva02_base+gabor+resnet101+siglip_base,
SoilOriginal,svm,123,3,full,random_001,0.8904324192573888,0.9162995594713657,4,3840,0.7405822829969111,convnext_v2_t+resnet50+rgb_ngram_svd+vit_b16,
SoilOriginal,svm,123,3,full,random_002,0.9124605751605535,0.9383259911894273,4,3120,0.6097597639964079,gabor+resnet50+rgb_ngram_svd+siglip_base,
SoilOriginal,svm,123,3,full,random_003,0.9265040111540799,0.947136563876652,4,6656,1.1203000750028878,densenet121+mae_base+siglip_base+vgg16,
SoilOriginal,svm,123,3,full,random_004,0.8472336143388776,0.8942731277533039,4,4068,1.1280990119994385,convnext_v2_t+hog+mae_base+vit_b16,
SoilOriginal,svm,123,3,full,random_005,0.8880170937784319,0.9162995594713657,4,3584,0.956830868999532,convnext_v2_t+efficientnet_b0+eva02_base+vit_b16,
SoilOriginal,svm,123,3,full,random_006,0.9032661932049193,0.933920704845815,4,6656,0.9904705090011703,dinov2+dinov2_large+siglip_base+vgg16,
SoilOriginal,svm,123,3,full,random_007,0.8456707718791334,0.9074889867841409,4,2882,0.5754014530029963,eva02_base+gabor+glcm+resnet50,
SoilOriginal,svm,123,3,full,random_008,0.8698642169588131,0.9074889867841409,4,3328,0.873843826004304,convnext_v2_t+dinov2+dinov2_large+swin_t,
SoilOriginal,svm,123,3,full,random_009,0.909473532189479,0.9383259911894273,4,5680,0.8472686220047763,eva02_base+gabor+mae_base+vgg16,
SoilOriginal,svm,123,3,full,random_010,0.851148495672888,0.8986784140969163,4,1536,0.4883327739953529,deit_s+densenet121+drlbp+gabor,
SoilOriginal,svm,123,3,full,random_011,0.8773228902793633,0.9162995594713657,4,5860,1.2044809850049205,efficientnet_b0+eva02_base+hog+resnet50,
SoilOriginal,svm,123,3,full,random_012,0.9134092101289163,0.9295154185022027,4,3968,0.7351882689981721,dinov2_small+efficientnet_b0+resnet50+rgb_ngram_svd,
SoilOriginal,svm,123,3,full,random_013,0.8977426943308215,0.9295154185022027,4,2614,0.6698374949992285,dinov2_large+eva02_base+lbp+swin_t,
SoilOriginal,svm,123,3,full,random_014,0.8946482314358493,0.9162995594713657,4,2816,0.6525396130018635,densenet121+mae_base+rgb_ngram_svd+vit_b16,
SoilOriginal,svm,123,3,full,random_015,0.89538359001493,0.920704845814978,4,3172,0.7615262649997021,deit_s+hog+rgb_ngram_svd+vit_b16,
SoilOriginal,svm,123,3,full,random_016,0.8777225863009509,0.9118942731277533,4,1810,0.4347025280003436,convnext_v2_t+glcm+rgb_ngram_svd+vit_b16,
SoilOriginal,svm,123,3,full,random_017,0.8952051039919908,0.9251101321585903,4,1920,0.5567176549957367,dinov2_large+drlbp+eva02_base+gabor,
SoilOriginal,svm,123,3,full,random_018,0.8425576055931014,0.8942731277533039,4,6116,1.4148327930015512,densenet121+efficientnet_b0+hog+resnet50,
SoilOriginal,svm,123,3,full,random_019,0.8946364937429294,0.9295154185022027,4,3894,0.6986248690009234,densenet121+lbp+resnet50+vit_b16,
SoilOriginal,svm,123,3,full,random_020,0.8990380541890729,0.9295154185022027,4,4784,0.48999023099895567,deit_s+gabor+rgb_ngram_svd+vgg16,
SoilOriginal,svm,123,3,full,random_021,0.8271476609291736,0.8898678414096917,4,2000,0.6180109429988079,deit_s+dinov2+drlbp+mae_base,
SoilOriginal,svm,123,3,full,random_022,0.8779359359150859,0.9074889867841409,4,2896,0.8134106520010391,drlbp+efficientnet_b0+mae_base+vit_b16,
SoilOriginal,svm,123,3,full,random_023,0.853991201085797,0.9030837004405287,4,4068,1.0094435760038323,convnext_v2_t+dinov2+hog+swin_t,
SoilOriginal,svm,123,3,full,random_024,0.8681484493110745,0.9118942731277533,4,4224,0.8343836380008725,densenet121+dinov2_small+mae_base+resnet101,
SoilOriginal,svm,123,3,full,random_025,0.893560460467533,0.9162995594713657,4,2934,0.8743921990026138,deit_s+eva02_base+glcm+hog,
SoilOriginal,svm,123,3,full,random_026,0.8791612742967708,0.920704845814978,4,4370,0.9836497750002309,dinov2_large+efficientnet_b0+glcm+resnet101,
SoilOriginal,svm,123,3,full,random_027,0.7952596085776545,0.8502202643171806,4,2934,1.1837615850017755,deit_s+glcm+hog+mae_base,
SoilOriginal,svm,123,3,full,random_028,0.9024134184979805,0.9295154185022027,4,5680,0.6592863939949893,eva02_base+gabor+swin_t+vgg16,
SoilOriginal,svm,123,3,full,random_029,0.8809368728870636,0.9118942731277533,4,2256,0.5979769930054317,convnext_v2_t+densenet121+dinov2_small+drlbp,
SoilOriginal,svm,123,3,full,random_030,0.8112130139672319,0.8810572687224669,4,3248,0.7158348329976434,deit_s+gabor+mae_base+resnet50,
SoilOriginal,svm,123,3,full,random_031,0.824524224837784,0.8678414096916299,4,3910,1.2618376310056192,drlbp+glcm+hog+resnet101,
SoilOriginal,svm,123,3,full,random_032,0.9043343879135441,0.9295154185022027,4,4096,0.7156718620026368,convnext_v2_t+densenet121+resnet50+rgb_ngram_svd,
SoilOriginal,svm,123,3,full,random_033,0.8831163378966945,0.9030837004405287,4,3584,0.5953382770021562,convnext_v2_t+deit_s+dinov2_small+resnet101,
SoilOriginal,svm,123,3,full,random_034,0.8570959178666957,0.8986784140969163,4,4660,1.397083197000029,drlbp+hog+mae_base+resnet50,
SoilOriginal,svm,123,3,full,random_035,0.9197667930998451,0.9427312775330396,4,2688,0.5587577769983909,deit_s+efficientnet_b0+eva02_base+rgb_ngram_svd,
SoilOriginal,svm,123,3,full,random_036,0.8709779834078345,0.9074889867841409,4,4854,1.2591015889993287,densenet121+glcm+hog+resnet101,
SoilOriginal,svm,123,3,full,random_037,0.8840405107785255,0.9251101321585903,4,3126,0.9450777929960168,dinov2_large+efficientnet_b0+lbp+mae_base,
SoilOriginal,svm,123,3,full,random_038,0.8671429707016021,0.8986784140969163,4,3632,0.8361796099998173,convnext_v2_t+gabor+mae_base+resnet101,
SoilOriginal,svm,123,3,full,random_039,0.9098992862759455,0.933920704845815,4,2864,0.6948246250030934,efficientnet_b0+eva02_base+gabor+siglip_base,
SoilOriginal,svm,123,3,full,random_040,0.9008384472670189,0.9251101321585903,4,3632,0.6791034499983652,gabor+resnet101+swin_t+vit_b16,
SoilOriginal,svm,123,3,full,random_041,0.8882125274796824,0.9295154185022027,4,2608,0.7838012459978927,densenet121+dinov2+gabor+mae_base,
SoilOriginal,svm,123,3,full,random_042,0.9123198470213189,0.9295154185022027,4,2384,0.6478138970051077,drlbp+eva02_base+mae_base+swin_t,
SoilOriginal,svm,123,3,full,random_043,0.829112510680069,0.8898678414096917,4,3280,0.5539005979953799,deit_s+dinov2+drlbp+resnet50,
SoilOriginal,svm,123,3,full,random_044,0.8937550567905524,0.9295154185022027,4,2176,0.49041496900463244,deit_s+eva02_base+rgb_ngram_svd+siglip_base,
SoilOriginal,svm,123,3,full,random_045,0.8720442281807416,0.9074889867841409,4,2486,0.6485218360030558,deit_s+efficientnet_b0+lbp+swin_t,
SoilOriginal,svm,123,3,full,random_046,0.8916359636400891,0.9251101321585903,4,3968,0.7176983659956022,dinov2_small+eva02_base+resnet101+swin_t,
SoilOriginal,svm,123,3,full,random_047,0.8855659191290851,0.9162995594713657,4,1144,0.5018984560010722,densenet121+gabor+glcm+lbp,
SoilOriginal,svm,123,3,full,random_048,0.8429243715617049,0.8986784140969163,4,3968,0.6794396019977285,convnext_v2_t+dinov2+dinov2_small+resnet50,
SoilOriginal,svm,123,3,full,random_049,0.8375051253435247,0.9030837004405287,4,2304,0.592572392000875,deit_s+dinov2+dinov2_small+swin_t,
SoilOriginal,svm,123,3,full,random_050,0.8252132284529502,0.8810572687224669,4,902,0.2316454839965445,deit_s+dinov2_small+drlbp+lbp,
SoilOriginal,svm,123,3,full,random_051,0.8676156862276022,0.9162995594713657,4,3638,0.6474063599962392,eva02_base+lbp+resnet50+swin_t,
SoilOriginal,svm,123,3,full,random_052,0.8939564923522664,0.9295154185022027,4,6016,0.6932253049963037,dinov2+dinov2_small+eva02_base+vgg16,
SoilOriginal,svm,123,3,full,random_053,0.8029658854945065,0.8854625550660793,4,1224,0.36704444699716987,deit_s+glcm+lbp+swin_t,
SoilOriginal,svm,123,3,full,random_054,0.8836675895856105,0.920704845814978,4,1926,0.528034276998369,dinov2_large+drlbp+lbp+vit_b16,
SoilOriginal,svm,123,3,full,random_055,0.8396029717929482,0.8986784140969163,4,1638,0.654026302996499,dinov2+gabor+lbp+mae_base,
SoilOriginal,svm,123,3,full,random_056,0.9008384472670189,0.9251101321585903,4,3632,0.6857217490032781,gabor+resnet101+swin_t+vit_b16,
SoilOriginal,svm,123,3,full,random_057,0.8641227208586785,0.9118942731277533,4,2944,0.7004484479984967,deit_s+dinov2_large+siglip_base+swin_t,
SoilOriginal,svm,123,3,full,random_058,0.8811376898404814,0.8986784140969163,4,1250,0.3574236599961296,convnext_v2_t+deit_s+drlbp+glcm,
SoilOriginal,svm,123,3,full,random_059,0.915761945129686,0.9383259911894273,4,7680,0.8743605929994374,efficientnet_b0+resnet50+rgb_ngram_svd+vgg16,
SoilOriginal,svm,123,3,full,random_060,0.9229035628939457,0.9427312775330396,4,3712,0.6250899279984878,dinov2_large+dinov2_small+resnet50+rgb_ngram_svd,
SoilOriginal,svm,123,3,full,random_061,0.8803448342247899,0.9251101321585903,4,9216,1.0792695700001786,dinov2_large+resnet101+resnet50+vgg16,
SoilOriginal,svm,123,3,full,random_062,0.8644477909182618,0.9118942731277533,4,7926,1.2459391270022024,glcm+hog+resnet50+vgg16,
SoilOriginal,svm,123,3,full,random_063,0.8800449477665774,0.920704845814978,4,3940,1.0178129439955228,densenet121+dinov2_small+hog+swin_t,
SoilOriginal,svm,123,3,full,random_064,0.8698642169588131,0.9074889867841409,4,2578,0.6663252629950875,convnext_v2_t+dinov2_large+glcm+swin_t,
SoilOriginal,svm,123,3,full,random_065,0.8568485780493191,0.8942731277533039,4,2128,0.5509761889989022,deit_s+dinov2_small+drlbp+efficientnet_b0,
SoilOriginal,svm,123,3,full,random_066,0.9134333920296018,0.933920704845815,4,2096,0.5379147040002863,densenet121+gabor+rgb_ngram_svd+siglip_base,
SoilOriginal,svm,123,3,full,random_067,0.8757297104888467,0.9162995594713657,4,4150,0.8057302129964228,efficientnet_b0+lbp+resnet50+siglip_base,
SoilOriginal,svm,123,3,full,random_068,0.8676344397961268,0.8986784140969163,4,2000,0.4797992259991588,convnext_v2_t+deit_s+drlbp+swin_t,
SoilOriginal,svm,123,3,full,random_069,0.8939457748536441,0.9251101321585903,4,3318,0.915961309998238,eva02_base+glcm+hog+swin_t,
SoilOriginal,svm,123,3,full,random_070,0.8535547055792793,0.9162995594713657,4,4608,0.9629940910017467,dinov2_large+mae_base+resnet50+swin_t,
SoilOriginal,svm,123,3,full,random_071,0.8856369096248701,0.9074889867841409,4,3840,1.048636635998264,convnext_v2_t+densenet121+efficientnet_b0+siglip_base,
SoilOriginal,svm,123,3,full,random_072,0.8951240187239767,0.9251101321585903,4,3152,0.9446664740025881,densenet121+dinov2+drlbp+efficientnet_b0,
SoilOriginal,svm,123,3,full,random_073,0.9057050194661667,0.9383259911894273,4,6480,0.7370950429976801,drlbp+resnet50+rgb_ngram_svd+vgg16,
SoilOriginal,svm,123,3,full,random_074,0.9073560522680516,0.9383259911894273,4,1090,0.3912028570048278,dinov2+gabor+glcm+rgb_ngram_svd,
SoilOriginal,svm,123,3,full,random_075,0.8879418327074214,0.9118942731277533,4,4864,0.8525929230017937,convnext_v2_t+efficientnet_b0+resnet101+vit_b16,
SoilOriginal,svm,123,3,full,random_076,0.8768276936094553,0.9030837004405287,4,1218,0.35040883399778977,deit_s+eva02_base+gabor+glcm,
SoilOriginal,svm,123,3,full,random_077,0.8740579085749974,0.9162995594713657,4,3920,0.7973910799992154,densenet121+drlbp+eva02_base+resnet101,
SoilOriginal,svm,123,3,full,random_078,0.8921885578232328,0.9251101321585903,4,1218,0.409370115994534,dinov2_small+gabor+glcm+siglip_base,
SoilOriginal,svm,123,3,full,random_079,0.8979480974912868,0.920704845814978,4,2194,0.5328212949971203,deit_s+densenet121+eva02_base+glcm,
SoilOriginal,svm,123,3,full,random_080,0.8719665063034506,0.9162995594713657,4,6480,0.9467957230008324,dinov2_large+drlbp+efficientnet_b0+vgg16,
SoilOriginal,svm,123,3,full,random_081,0.824524224837784,0.8678414096916299,4,3910,1.246112503002223,drlbp+glcm+hog+resnet101,
SoilOriginal,svm,123,3,full,random_082,0.9134093089241084,0.933920704845815,4,6656,0.8187091039944789,densenet121+siglip_base+vgg16+vit_b16,
SoilOriginal,svm,123,3,full,random_083,0.8760207548634227,0.9162995594713657,4,4864,0.907277043996146,efficientnet_b0+resnet101+siglip_base+swin_t,
SoilOriginal,svm,123,3,full,random_084,0.9074261516121981,0.933920704845815,4,4608,0.9801298479942488,densenet121+mae_base+resnet101+swin_t,
SoilOriginal,svm,123,3,full,random_085,0.8768358938471721,0.9118942731277533,4,3254,0.6973479130028863,dinov2_small+lbp+mae_base+resnet101,
SoilOriginal,svm,123,3,full,random_086,0.9182916567055794,0.947136563876652,4,7680,0.9294745810038876,dinov2+resnet101+siglip_base+vgg16,
SoilOriginal,svm,123,3,full,random_087,0.8703691267201251,0.9074889867841409,4,2640,0.8818426990037551,convnext_v2_t+densenet121+drlbp+mae_base,
SoilOriginal,svm,123,3,full,random_088,0.8644191671655647,0.9030837004405287,4,3610,1.18025817299349,convnext_v2_t+densenet121+hog+lbp,
SoilOriginal,svm,123,3,full,random_089,0.8663063649058282,0.9074889867841409,4,7296,0.8458984699973371,deit_s+resnet101+swin_t+vgg16,
SoilOriginal,svm,123,3,full,random_090,0.8917924015073123,0.9251101321585903,4,4912,0.8030368000036106,dinov2+gabor+resnet101+resnet50,
SoilOriginal,svm,123,3,full,random_091,0.9079922587246915,0.9383259911894273,4,1462,0.3611948200050392,dinov2_small+eva02_base+lbp+rgb_ngram_svd,
SoilOriginal,svm,123,3,full,random_092,0.8917598949106569,0.9251101321585903,4,5138,0.6667922499982524,glcm+mae_base+rgb_ngram_svd+vgg16,
SoilOriginal,svm,123,3,full,random_093,0.8757679776005548,0.9118942731277533,4,3200,0.7800547529986943,dinov2_small+efficientnet_b0+siglip_base+swin_t,
SoilOriginal,svm,123,3,full,random_094,0.8744829708280781,0.920704845814978,4,3888,0.8786681560013676,dinov2+dinov2_large+gabor+resnet101,
SoilOriginal,svm,123,3,full,random_095,0.8909345166375909,0.933920704845815,4,1872,0.4205195289978292,dinov2+drlbp+rgb_ngram_svd+swin_t,
SoilOriginal,svm,123,3,full,random_096,0.9157618657618659,0.933920704845815,4,6400,0.8323495290023857,efficientnet_b0+rgb_ngram_svd+siglip_base+vgg16,
SoilOriginal,svm,123,3,full,random_097,0.912619298598271,0.9427312775330396,4,3858,0.8300936220039148,dinov2_large+glcm+resnet101+siglip_base,
SoilOriginal,svm,123,3,full,random_098,0.8676973018998456,0.920704845814978,4,5248,0.7895345380020444,dinov2_small+eva02_base+resnet101+resnet50,
SoilOriginal,svm,123,3,full,random_099,0.8378261219445611,0.8854625550660793,4,530,0.16122073400038062,dinov2_small+drlbp+gabor+glcm,
SoilOriginal,svm,123,4,full,random_000,0.8820266486642794,0.9298245614035088,8,6162,1.6009149189994787,convnext_v2_t+deit_s+densenet121+dinov2_small+glcm+resnet50+swin_t+vit_b16,
SoilOriginal,svm,123,4,full,random_001,0.9153329268663476,0.9342105263157895,8,5650,1.9594228830028442,deit_s+densenet121+dinov2+dinov2_large+dinov2_small+efficientnet_b0+glcm+mae_base,
SoilOriginal,svm,123,4,full,random_002,0.8989348152518194,0.9385964912280702,8,11444,2.769348338995769,convnext_v2_t+deit_s+densenet121+drlbp+efficientnet_b0+hog+resnet101+vgg16,
SoilOriginal,svm,123,4,full,random_003,0.9105505412626138,0.9517543859649122,8,8960,1.7203033170007984,deit_s+densenet121+dinov2_small+efficientnet_b0+eva02_base+mae_base+rgb_ngram_svd+vgg16,
SoilOriginal,svm,123,4,full,random_004,0.9069330116301406,0.9385964912280702,8,6774,1.7165495810040738,deit_s+dinov2+glcm+hog+mae_base+resnet50+rgb_ngram_svd+vit_b16,
SoilOriginal,svm,123,4,full,random_005,0.9240244743477882,0.9473684210526315,8,6324,2.1202493050004705,deit_s+densenet121+dinov2+drlbp+eva02_base+hog+mae_base+siglip_base,
SoilOriginal,svm,123,4,full,random_006,0.928432885245572,0.9473684210526315,8,6070,1.97549556800368,deit_s+densenet121+dinov2+dinov2_large+efficientnet_b0+lbp+mae_base+siglip_base,
SoilOriginal,svm,123,4,full,random_007,0.9115657131853075,0.9429824561403509,8,6960,1.7847790980013087,densenet121+dinov2+efficientnet_b0+gabor+resnet101+rgb_ngram_svd+siglip_base+swin_t,
SoilOriginal,svm,123,4,full,random_008,0.8959507524660169,0.9342105263157895,8,8386,1.3981312780015287,deit_s+eva02_base+gabor+glcm+mae_base+resnet101+rgb_ngram_svd+vgg16,
SoilOriginal,svm,123,4,full,random_009,0.9177256732776771,0.9385964912280702,8,8144,1.9323600659990916,densenet121+dinov2_large+dinov2_small+drlbp+resnet101+resnet50+swin_t+vit_b16,
SoilOriginal,svm,123,4,full,random_010,0.9202066406499905,0.956140350877193,8,7442,1.2527777270006482,convnext_v2_t+deit_s+dinov2_small+eva02_base+glcm+rgb_ngram_svd+vgg16+vit_b16,
SoilOriginal,svm,123,4,full,random_011,0.9130809017192832,0.9385964912280702,8,6272,1.7851904869967257,deit_s+densenet121+dinov2_large+efficientnet_b0+rgb_ngram_svd+siglip_base+swin_t+vit_b16,
SoilOriginal,svm,123,4,full,random_012,0.9021830732318469,0.9385964912280702,8,7624,1.6708809779956937,dinov2+dinov2_small+efficientnet_b0+glcm+lbp+rgb_ngram_svd+siglip_base+vgg16,
SoilOriginal,svm,123,4,full,random_013,0.9161306092215862,0.9429824561403509,8,4358,1.5713605740020284,deit_s+dinov2+drlbp+lbp+mae_base+siglip_base+swin_t+vit_b16,
SoilOriginal,svm,123,4,full,random_014,0.9077192613418773,0.9385964912280702,8,6864,1.8681332539999858,convnext_v2_t+densenet121+dinov2_large+dinov2_small+drlbp+resnet101+swin_t+vit_b16,
SoilOriginal,svm,123,4,full,random_015,0.8926503645245359,0.9473684210526315,8,4086,1.642808264004998,dinov2_small+drlbp+gabor+glcm+hog+mae_base+rgb_ngram_svd+siglip_base,
SoilOriginal,svm,123,4,full,random_016,0.8912990630970926,0.9342105263157895,8,10166,2.0104976009970414,deit_s+efficientnet_b0+lbp+resnet101+siglip_base+swin_t+vgg16+vit_b16,
SoilOriginal,svm,123,4,full,random_017,0.906106632435536,0.9517543859649122,8,6582,1.8543212980002863,convnext_v2_t+densenet121+dinov2_small+efficientnet_b0+lbp+resnet101+rgb_ngram_svd+siglip_base,
SoilOriginal,svm,123,4,full,random_018,0.9424021760602974,0.9517543859649122,8,4790,1.960696756003017,dinov2+dinov2_large+drlbp+efficientnet_b0+eva02_base+gabor+lbp+mae_base,
SoilOriginal,svm,123,4,full,random_019,0.9021802189388909,0.9429824561403509,8,5016,1.7976222849974874,convnext_v2_t+densenet121+drlbp+glcm+lbp+resnet101+rgb_ngram_svd+siglip_base,
SoilOriginal,svm,123,4,full,random_020,0.8883397524805813,0.9342105263157895,8,5266,1.8838250020053238,convnext_v2_t+dinov2+drlbp+gabor+glcm+mae_base+resnet101+siglip_base,
SoilOriginal,svm,123,4,full,random_021,0.9224398910344018,0.9429824561403509,8,8290,1.7511321179990773,densenet121+drlbp+eva02_base+glcm+mae_base+swin_t+vgg16+vit_b16,
SoilOriginal,svm,123,4,full,random_022,0.9120626206068143,0.9429824561403509,8,6566,1.8148534940046375,deit_s+eva02_base+gabor+glcm+hog+resnet50+siglip_base+vit_b16,
SoilOriginal,svm,123,4,full,random_023,0.8950670182223133,0.9298245614035088,8,10112,1.9900722859965754,densenet121+dinov2+drlbp+efficientnet_b0+gabor+resnet50+vgg16+vit_b16,
SoilOriginal,svm,123,4,full,random_024,0.9124573838859552,0.9429824561403509,8,8440,1.7483182869982556,dinov2_large+dinov2_small+gabor+glcm+lbp+resnet50+siglip_base+vgg16,
SoilOriginal,svm,123,4,full,random_025,0.9171188673466408,0.9473684210526315,8,7220,2.217176553000172,convnext_v2_t+densenet121+drlbp+efficientnet_b0+eva02_base+hog+swin_t+vit_b16,
SoilOriginal,svm,123,4,full,random_026,0.8915860383804315,0.9429824561403509,8,8310,2.0412376599997515,densenet121+dinov2_small+glcm+hog+resnet101+resnet50+rgb_ngram_svd+swin_t,
SoilOriginal,svm,123,4,full,random_027,0.8984395028300665,0.9342105263157895,8,5500,2.1761842550040456,convnext_v2_t+densenet121+dinov2_large+drlbp+glcm+hog+lbp+vit_b16,
SoilOriginal,svm,123,4,full,random_028,0.9025188937363563,0.9385964912280702,8,8064,2.285523523998563,dinov2+dinov2_large+drlbp+efficientnet_b0+gabor+resnet101+resnet50+swin_t,
SoilOriginal,svm,123,4,full,random_029,0.9204477177638236,0.9429824561403509,8,10514,1.937968746999104,dinov2+efficientnet_b0+eva02_base+glcm+mae_base+resnet50+vgg16+vit_b16,
SoilOriginal,svm,123,4,full,random_030,0.9299491948678205,0.9517543859649122,8,5906,1.8399278769938974,densenet121+dinov2_large+efficientnet_b0+eva02_base+glcm+mae_base+rgb_ngram_svd+swin_t,
SoilOriginal,svm,123,4,full,random_031,0.882125248407423,0.9342105263157895,8,6984,1.680130887994892,dinov2+dinov2_large+glcm+lbp+resnet101+resnet50+rgb_ngram_svd+siglip_base,
SoilOriginal,svm,123,4,full,random_032,0.9087955607573758,0.9473684210526315,8,10934,2.0363276329953806,convnext_v2_t+deit_s+eva02_base+lbp+mae_base+resnet101+resnet50+vgg16,
SoilOriginal,svm,123,4,full,random_033,0.8960629983257229,0.9342105263157895,8,7296,2.0577193869976327,deit_s+densenet121+efficientnet_b0+mae_base+resnet101+rgb_ngram_svd+siglip_base+swin_t,
SoilOriginal,svm,123,4,full,random_034,0.8882867361673539,0.9298245614035088,8,4964,1.9884179689979646,deit_s+dinov2+dinov2_small+drlbp+gabor+hog+mae_base+siglip_base,
SoilOriginal,svm,123,4,full,random_035,0.9058002080698454,0.9342105263157895,8,9094,1.5822274719976122,dinov2_large+drlbp+lbp+resnet101+rgb_ngram_svd+swin_t+vgg16+vit_b16,
SoilOriginal,svm,123,4,full,random_036,0.8972945437385782,0.9385964912280702,8,8420,2.3006807060010033,convnext_v2_t+efficientnet_b0+eva02_base+hog+mae_base+resnet50+rgb_ngram_svd+siglip_base,
SoilOriginal,svm,123,4,full,random_037,0.8854286873905023,0.9385964912280702,8,6836,1.744047515996499,convnext_v2_t+deit_s+drlbp+eva02_base+hog+resnet50+rgb_ngram_svd+swin_t,
SoilOriginal,svm,123,4,full,random_038,0.8895264914207273,0.9298245614035088,8,4040,1.6520996510007535,dinov2+dinov2_large+drlbp+efficientnet_b0+gabor+glcm+lbp+swin_t,
SoilOriginal,svm,123,4,full,random_039,0.9388190365107715,0.956140350877193,8,5446,1.8878826629952528,densenet121+dinov2+drlbp+glcm+hog+mae_base+rgb_ngram_svd+vit_b16,
SoilOriginal,svm,123,4,full,random_040,0.9205369237497986,0.9429824561403509,8,10624,1.9963115969949285,densenet121+dinov2_small+eva02_base+resnet50+siglip_base+swin_t+vgg16+vit_b16,
SoilOriginal,svm,123,4,full,random_041,0.9160809392274684,0.9385964912280702,8,7120,2.031603632000042,densenet121+dinov2_small+drlbp+efficientnet_b0+resnet101+siglip_base+swin_t+vit_b16,
SoilOriginal,svm,123,4,full,random_042,0.9029149775693555,0.9342105263157895,8,9168,1.6234932400038815,deit_s+drlbp+mae_base+resnet101+rgb_ngram_svd+swin_t+vgg16+vit_b16,
SoilOriginal,svm,123,4,full,random_043,0.9226208089680059,0.9473684210526315,8,6198,1.8389003120028065,dinov2+dinov2_large+efficientnet_b0+eva02_base+lbp+siglip_base+swin_t+vit_b16,
SoilOriginal,svm,123,4,full,random_044,0.9305921031657928,0.956140350877193,8,6216,1.1738036449969513,convnext_v2_t+deit_s+drlbp+eva02_base+gabor+glcm+lbp+vgg16,
SoilOriginal,svm,123,4,full,random_045,0.9334453570235957,0.9517543859649122,8,5584,1.7608068200061098,deit_s+densenet121+dinov2_large+drlbp+eva02_base+mae_base+swin_t+vit_b16,
SoilOriginal,svm,123,4,full,random_046,0.883872335649287,0.9298245614035088,8,5988,2.13739685100154,densenet121+dinov2+drlbp+efficientnet_b0+gabor+hog+rgb_ngram_svd+siglip_base,
SoilOriginal,svm,123,4,full,random_047,0.9400498315109321,0.956140350877193,8,6884,1.9024054889960098,densenet121+dinov2_small+drlbp+eva02_base+gabor+hog+resnet50+vit_b16,
SoilOriginal,svm,123,4,full,random_048,0.8889884983476479,0.9254385964912281,8,5220,1.9353155179996975,deit_s+densenet121+dinov2_small+drlbp+gabor+hog+siglip_base+swin_t,
SoilOriginal,svm,123,4,full,random_049,0.9265377778666813,0.9605263157894737,8,4114,1.2030985379969934,convnext_v2_t+deit_s+dinov2+dinov2_small+glcm+rgb_ngram_svd+siglip_base+swin_t,
SoilOriginal,svm,123,4,full,random_050,0.9003597543537116,0.9385964912280702,8,8448,2.318599799000367,convnext_v2_t+densenet121+dinov2_large+efficientnet_b0+eva02_base+mae_base+resnet50+swin_t,
SoilOriginal,svm,123,4,full,random_051,0.879608486751344,0.9385964912280702,8,5058,1.2568901240010746,dinov2_small+gabor+glcm+mae_base+resnet50+rgb_ngram_svd+siglip_base+vit_b16,
SoilOriginal,svm,123,4,full,random_052,0.9122915398777468,0.9429824561403509,8,3144,1.2913120259981952,deit_s+dinov2_large+drlbp+eva02_base+gabor+glcm+lbp+mae_base,
SoilOriginal,svm,123,4,full,random_053,0.9150209972398422,0.9473684210526315,8,4102,1.3632268739966094,deit_s+dinov2+dinov2_large+drlbp+lbp+mae_base+rgb_ngram_svd+swin_t,
SoilOriginal,svm,123,4,full,random_054,0.9186663962484942,0.9517543859649122,8,9748,2.217242749000434,dinov2+eva02_base+gabor+hog+mae_base+siglip_base+vgg16+vit_b16,
SoilOriginal,svm,123,4,full,random_055,0.872180073974811,0.9210526315789473,8,4472,1.3781016319990158,deit_s+dinov2_small+gabor+glcm+lbp+mae_base+resnet101+siglip_base,
SoilOriginal,svm,123,4,full,random_056,0.887685339691634,0.9298245614035088,8,11666,2.530232151999371,convnext_v2_t+deit_s+dinov2_large+efficientnet_b0+glcm+resnet101+resnet50+vgg16,
SoilOriginal,svm,123,4,full,random_057,0.8666662114873628,0.9166666666666666,8,13156,2.810048184997868,dinov2+dinov2_small+efficientnet_b0+hog+resnet101+resnet50+swin_t+vgg16,
SoilOriginal,svm,123,4,full,random_058,0.8996533556018814,0.9429824561403509,8,4358,1.4819421819993295,dinov2+dinov2_small+drlbp+efficientnet_b0+lbp+mae_base+rgb_ngram_svd+siglip_base,
SoilOriginal,svm,123,4,full,random_059,0.8913340199941968,0.9429824561403509,8,4982,1.908924235001905,convnext_v2_t+dinov2+drlbp+eva02_base+gabor+glcm+hog+mae_base,
SoilOriginal,svm,123,4,full,random_060,0.9102187043357297,0.9429824561403509,8,9984,2.1365487960065366,densenet121+dinov2_large+eva02_base+mae_base+siglip_base+swin_t+vgg16+vit_b16,
SoilOriginal,svm,123,4,full,random_061,0.9057229239237488,0.9517543859649122,8,6086,1.7633565840005758,convnext_v2_t+dinov2_small+drlbp+glcm+hog+mae_base+resnet50+rgb_ngram_svd,
SoilOriginal,svm,123,4,full,random_062,0.9200530396240312,0.9517543859649122,8,5606,1.4083107730039046,convnext_v2_t+deit_s+eva02_base+gabor+lbp+resnet50+swin_t+vit_b16,
SoilOriginal,svm,123,4,full,random_063,0.9135257784790495,0.9473684210526315,8,9350,2.0464389129992924,convnext_v2_t+dinov2+drlbp+lbp+mae_base+resnet101+swin_t+vgg16,
SoilOriginal,svm,123,4,full,random_064,0.8975967922520786,0.9342105263157895,8,8802,1.8441679219977232,convnext_v2_t+densenet121+drlbp+efficientnet_b0+eva02_base+glcm+siglip_base+vgg16,
SoilOriginal,svm,123,4,full,random_065,0.9112871047359603,0.9429824561403509,8,9880,1.876542521000374,convnext_v2_t+drlbp+glcm+lbp+resnet101+resnet50+vgg16+vit_b16,
SoilOriginal,svm,123,4,full,random_066,0.9125344763959137,0.9473684210526315,8,6310,1.6996779190012603,dinov2+dinov2_large+dinov2_small+gabor+glcm+hog+resnet50+rgb_ngram_svd,
SoilOriginal,svm,123,4,full,random_067,0.9029917345246883,0.9429824561403509,8,8838,1.4107006720005302,convnext_v2_t+drlbp+eva02_base+lbp+resnet50+rgb_ngram_svd+swin_t+vgg16,
SoilOriginal,svm,123,4,full,random_068,0.883066668401778,0.9298245614035088,8,6016,1.7399565750019974,deit_s+dinov2_large+dinov2_small+drlbp+efficientnet_b0+gabor+resnet101+swin_t,
SoilOriginal,svm,123,4,full,random_069,0.9102970622588772,0.9517543859649122,8,6400,1.4664110829980928,convnext_v2_t+deit_s+densenet121+dinov2+dinov2_small+resnet50+rgb_ngram_svd+siglip_base,
SoilOriginal,svm,123,4,full,random_070,0.9156342565254754,0.9473684210526315,8,10516,2.021924658998614,deit_s+dinov2_large+dinov2_small+eva02_base+gabor+hog+resnet50+vgg16,
SoilOriginal,svm,123,4,full,random_071,0.92449122382307,0.9473684210526315,8,8054,2.0578336890030187,dinov2_large+drlbp+gabor+glcm+hog+mae_base+rgb_ngram_svd+vgg16,
SoilOriginal,svm,123,4,full,random_072,0.8871420907135193,0.9342105263157895,8,5126,1.908365732000675,convnext_v2_t+densenet121+dinov2_small+drlbp+efficientnet_b0+lbp+mae_base+swin_t,
SoilOriginal,svm,123,4,full,random_073,0.9197787264403375,0.9385964912280702,8,7652,2.086064343995531,deit_s+densenet121+dinov2+dinov2_large+dinov2_small+hog+resnet101+rgb_ngram_svd,
SoilOriginal,svm,123,4,full,random_074,0.9252557828957146,0.9517543859649122,8,7394,1.5793326900020475,dinov2_large+dinov2_small+drlbp+glcm+mae_base+rgb_ngram_svd+siglip_base+vgg16,
SoilOriginal,svm,123,4,full,random_075,0.8948748358223817,0.9385964912280702,8,9472,2.6469165419985075,convnext_v2_t+dinov2+dinov2_large+efficientnet_b0+mae_base+resnet101+resnet50+swin_t,
SoilOriginal,svm,123,4,full,random_076,0.8863146761044209,0.9342105263157895,8,5558,1.6642799039982492,densenet121+drlbp+efficientnet_b0+gabor+lbp+resnet50+rgb_ngram_svd+siglip_base,
SoilOriginal,svm,123,4,full,random_077,0.916451975865375,0.9429824561403509,8,5894,1.5730513509988668,convnext_v2_t+dinov2+dinov2_large+dinov2_small+drlbp+lbp+resnet50+vit_b16,
SoilOriginal,svm,123,4,full,random_078,0.9333495663115584,0.9517543859649122,8,7014,2.220662303996505,densenet121+dinov2_large+efficientnet_b0+gabor+lbp+resnet101+siglip_base+vit_b16,
SoilOriginal,svm,123,4,full,random_079,0.929797749829695,0.9429824561403509,8,7222,2.196063902003516,densenet121+dinov2+dinov2_large+efficientnet_b0+lbp+mae_base+resnet101+rgb_ngram_svd,
SoilOriginal,svm,123,4,full,random_080,0.9252555055555913,0.956140350877193,8,5442,1.3152782230026787,convnext_v2_t+dinov2+gabor+glcm+mae_base+resnet50+rgb_ngram_svd+vit_b16,
SoilOriginal,svm,123,4,full,random_081,0.9178757268931592,0.9473684210526315,8,5558,1.722082424996188,convnext_v2_t+deit_s+densenet121+dinov2+dinov2_large+lbp+siglip_base+vit_b16,
SoilOriginal,svm,123,4,full,random_082,0.9024216187037933,0.9385964912280702,8,6730,1.813454481001827,convnext_v2_t+densenet121+dinov2+gabor+hog+lbp+resnet50+rgb_ngram_svd,
SoilOriginal,svm,123,4,full,random_083,0.8936505249314088,0.9385964912280702,8,5016,1.334816779999528,densenet121+drlbp+eva02_base+glcm+lbp+mae_base+resnet50+rgb_ngram_svd,
SoilOriginal,svm,123,4,full,random_084,0.9166233805087176,0.9342105263157895,8,6682,2.171066016999248,deit_s+densenet121+dinov2_large+dinov2_small+efficientnet_b0+hog+lbp+vit_b16,
SoilOriginal,svm,123,4,full,random_085,0.9290468537105887,0.9429824561403509,8,8454,1.6990508369999588,deit_s+dinov2+dinov2_large+drlbp+efficientnet_b0+lbp+vgg16+vit_b16,
SoilOriginal,svm,123,4,full,random_086,0.9104562331766534,0.9517543859649122,8,5376,1.5577125779964263,deit_s+dinov2_small+efficientnet_b0+eva02_base+mae_base+rgb_ngram_svd+siglip_base+swin_t,
SoilOriginal,svm,123,4,full,random_087,0.9240509891843612,0.9473684210526315,8,11776,2.6339555379963713,densenet121+dinov2_large+efficientnet_b0+eva02_base+resnet101+siglip_base+swin_t+vgg16,
SoilOriginal,svm,123,4,full,random_088,0.9398955381146564,0.956140350877193,8,7698,2.3887713180010905,densenet121+dinov2+dinov2_large+efficientnet_b0+eva02_base+glcm+mae_base+resnet101,
SoilOriginal,svm,123,4,full,random_089,0.9170598924458849,0.9429824561403509,8,11574,2.3634475439976086,convnext_v2_t+dinov2_large+lbp+resnet101+resnet50+siglip_base+vgg16+vit_b16,
SoilOriginal,svm,123,4,full,random_090,0.916470461985412,0.956140350877193,8,4096,1.2175552879998577,convnext_v2_t+deit_s+dinov2_large+drlbp+eva02_base+gabor+rgb_ngram_svd+vit_b16,
SoilOriginal,svm,123,4,full,random_091,0.9264491214311356,0.9473684210526315,8,4890,1.8131009290009388,deit_s+densenet121+dinov2+drlbp+gabor+hog+lbp+swin_t,
SoilOriginal,svm,123,4,full,random_092,0.9131631556390737,0.9385964912280702,8,5314,1.8502594499950646,deit_s+densenet121+dinov2+dinov2_large+efficientnet_b0+gabor+glcm+mae_base,
SoilOriginal,svm,123,4,full,random_093,0.8929853019496193,0.9342105263157895,8,8474,2.779743779996352,convnext_v2_t+densenet121+dinov2+efficientnet_b0+hog+lbp+mae_base+resnet101,
SoilOriginal,svm,123,4,full,random_094,0.899273550014822,0.9342105263157895,8,5994,2.0073682370057213,convnext_v2_t+dinov2_large+drlbp+hog+lbp+mae_base+swin_t+vit_b16,
SoilOriginal,svm,123,4,full,random_095,0.9104122891964611,0.9473684210526315,8,5814,1.3803607070003636,convnext_v2_t+deit_s+dinov2+lbp+mae_base+resnet50+rgb_ngram_svd+vit_b16,
SoilOriginal,svm,123,4,full,random_096,0.9044110873966412,0.9473684210526315,8,7604,2.0464490619997378,convnext_v2_t+densenet121+dinov2_small+drlbp+efficientnet_b0+hog+resnet101+rgb_ngram_svd,
SoilOriginal,svm,123,4,full,random_097,0.9054682906214764,0.9298245614035088,8,4370,1.6379035409991047,deit_s+dinov2+dinov2_large+drlbp+efficientnet_b0+gabor+glcm+mae_base,
SoilOriginal,svm,123,4,full,random_098,0.938793416031832,0.9605263157894737,8,7606,1.4998185759977787,convnext_v2_t+dinov2+dinov2_large+drlbp+eva02_base+gabor+lbp+vgg16,
SoilOriginal,svm,123,4,full,random_099,0.9101219031488768,0.9342105263157895,8,11188,2.641910717000428,dinov2_small+drlbp+efficientnet_b0+hog+mae_base+resnet101+vgg16+vit_b16,
SoilOriginal,svm,2026,0,full,random_000,0.8476263634679942,0.9078947368421053,5,4342,1.1212775929961936,convnext_v2_t+densenet121+eva02_base+glcm+hog,
SoilOriginal,svm,2026,0,full,random_001,0.8860830794227031,0.9210526315789473,5,5396,1.2211090250057168,convnext_v2_t+gabor+hog+resnet101+siglip_base,
SoilOriginal,svm,2026,0,full,random_002,0.850102136506977,0.9122807017543859,5,5248,0.9123413440029253,densenet121+dinov2_large+dinov2_small+eva02_base+resnet50,
SoilOriginal,svm,2026,0,full,random_003,0.8410303936549083,0.9035087719298246,5,4912,0.861853112000972,convnext_v2_t+efficientnet_b0+eva02_base+gabor+resnet50,
SoilOriginal,svm,2026,0,full,random_004,0.8551879798641971,0.9166666666666666,5,3968,0.8588764050000464,deit_s+densenet121+dinov2+dinov2_large+siglip_base,
SoilOriginal,svm,2026,0,full,random_005,0.8708209198362304,0.9122807017543859,5,2632,0.6866556429959019,dinov2_large+eva02_base+glcm+lbp+vit_b16,
SoilOriginal,svm,2026,0,full,random_006,0.8231404241345238,0.8640350877192983,5,1682,0.5509708919998957,convnext_v2_t+drlbp+gabor+glcm+vit_b16,
SoilOriginal,svm,2026,0,full,random_007,0.8530485102100777,0.9166666666666666,5,4708,1.377218746994913,dinov2_large+dinov2_small+eva02_base+hog+mae_base,
SoilOriginal,svm,2026,0,full,random_008,0.8304392737447213,0.8903508771929824,5,2706,0.7774668560014106,convnext_v2_t+dinov2+dinov2_small+glcm+mae_base,
SoilOriginal,svm,2026,0,full,random_009,0.8210249069737989,0.8859649122807017,5,2626,0.8060366959980456,convnext_v2_t+dinov2+dinov2_large+gabor+glcm,
SoilOriginal,svm,2026,0,full,random_010,0.8451730360781707,0.9078947368421053,5,6966,0.9632453429949237,convnext_v2_t+dinov2+efficientnet_b0+lbp+vgg16,
SoilOriginal,svm,2026,0,full,random_011,0.8651833960917709,0.9122807017543859,5,2376,0.8026218899976811,convnext_v2_t+glcm+lbp+mae_base+siglip_base,
SoilOriginal,svm,2026,0,full,random_012,0.8600694285843654,0.9166666666666666,5,3380,0.8080792850014404,deit_s+dinov2_small+drlbp+eva02_base+hog,
SoilOriginal,svm,2026,0,full,random_013,0.8536276649320128,0.9078947368421053,5,5138,1.0170112310006516,densenet121+efficientnet_b0+glcm+resnet50+vit_b16,
SoilOriginal,svm,2026,0,full,random_014,0.8403288378002561,0.8991228070175439,5,3200,0.7520876299968222,deit_s+densenet121+dinov2+mae_base+rgb_ngram_svd,
SoilOriginal,svm,2026,0,full,random_015,0.8651887321272937,0.9166666666666666,5,6700,1.3729366370025673,glcm+hog+lbp+siglip_base+vgg16,
SoilOriginal,svm,2026,0,full,random_016,0.8231616686604485,0.8771929824561403,5,2230,0.6182995359995402,drlbp+efficientnet_b0+gabor+lbp+vit_b16,
SoilOriginal,svm,2026,0,full,random_017,0.8438095465441354,0.9078947368421053,5,2022,0.6305979570024647,dinov2_small+eva02_base+gabor+lbp+siglip_base,
SoilOriginal,svm,2026,0,full,random_018,0.8658116655208729,0.9210526315789473,5,7734,0.9919659680017503,eva02_base+lbp+mae_base+resnet50+vgg16,
SoilOriginal,svm,2026,0,full,random_019,0.8741165051201574,0.9254385964912281,5,6912,1.0898653260010178,dinov2+efficientnet_b0+resnet101+resnet50+siglip_base,
SoilOriginal,svm,2026,0,full,random_020,0.857757730061831,0.9035087719298246,5,3382,0.8636893869988853,convnext_v2_t+densenet121+lbp+mae_base+vit_b16,
SoilOriginal,svm,2026,0,full,random_021,0.8601657788176906,0.9210526315789473,5,6400,0.7241107070003636,convnext_v2_t+deit_s+dinov2_small+siglip_base+vgg16,
SoilOriginal,svm,2026,0,full,random_022,0.8339926977581834,0.8771929824561403,5,3398,1.220247875993664,drlbp+glcm+hog+mae_base+vit_b16,
SoilOriginal,svm,2026,0,full,random_023,0.8378182613904899,0.9078947368421053,5,2790,0.412387520998891,dinov2_small+gabor+lbp+resnet50+rgb_ngram_svd,
SoilOriginal,svm,2026,0,full,random_024,0.8654376037627157,0.9254385964912281,5,3584,0.7636819630060927,dinov2_large+eva02_base+mae_base+rgb_ngram_svd+swin_t,
SoilOriginal,svm,2026,0,full,random_025,0.8262275706995778,0.8903508771929824,5,3226,0.7276654439992853,deit_s+hog+lbp+rgb_ngram_svd+vit_b16,
SoilOriginal,svm,2026,0,full,random_026,0.856262504381374,0.9035087719298246,5,2992,0.6370188619985129,convnext_v2_t+dinov2_large+dinov2_small+gabor+vit_b16,
SoilOriginal,svm,2026,0,full,random_027,0.8748720201646011,0.9254385964912281,5,2736,0.6968124620034359,deit_s+dinov2+eva02_base+gabor+mae_base,
SoilOriginal,svm,2026,0,full,random_028,0.8234020024839419,0.8771929824561403,5,2530,0.5983139160016435,deit_s+drlbp+efficientnet_b0+glcm+vit_b16,
SoilOriginal,svm,2026,0,full,random_029,0.8413320358557004,0.8991228070175439,5,5860,1.4252261849978822,convnext_v2_t+densenet121+dinov2_large+efficientnet_b0+hog,
SoilOriginal,svm,2026,0,full,random_030,0.8765757046282168,0.9254385964912281,5,5012,1.1791485240028123,deit_s+gabor+hog+resnet50+siglip_base,
SoilOriginal,svm,2026,0,full,random_031,0.8373408743721329,0.8947368421052632,5,2560,0.5165063919994282,deit_s+dinov2_small+mae_base+rgb_ngram_svd+swin_t,
SoilOriginal,svm,2026,0,full,random_032,0.8581527468969509,0.9078947368421053,5,4400,0.824656518001575,convnext_v2_t+eva02_base+gabor+mae_base+resnet50,
SoilOriginal,svm,2026,0,full,random_033,0.8843573209903248,0.9254385964912281,5,6674,0.8543144200011739,dinov2_large+glcm+siglip_base+vgg16+vit_b16,
SoilOriginal,svm,2026,0,full,random_034,0.8657193628883738,0.9166666666666666,5,10724,1.4631351839998388,eva02_base+hog+resnet101+resnet50+vgg16,
SoilOriginal,svm,2026,0,full,random_035,0.8680352089365649,0.9166666666666666,5,5376,0.9194679069987615,convnext_v2_t+dinov2+dinov2_large+eva02_base+resnet50,
SoilOriginal,svm,2026,0,full,random_036,0.8853562150336344,0.9254385964912281,5,5120,0.7641814180024085,convnext_v2_t+eva02_base+resnet50+siglip_base+vit_b16,
SoilOriginal,svm,2026,0,full,random_037,0.8695928226363009,0.9210526315789473,5,4452,0.9049637379939668,deit_s+eva02_base+hog+siglip_base+vit_b16,
SoilOriginal,svm,2026,0,full,random_038,0.8914425904807747,0.9298245614035088,5,4626,0.9039479900020524,densenet121+glcm+resnet101+siglip_base+swin_t,
SoilOriginal,svm,2026,0,full,random_039,0.8200303385625387,0.881578947368421,5,3346,0.889545973004715,convnext_v2_t+densenet121+glcm+mae_base+swin_t,
SoilOriginal,svm,2026,0,full,random_040,0.8881081832918097,0.9385964912280702,5,4168,0.9250470629995107,densenet121+dinov2_large+glcm+lbp+resnet101,
SoilOriginal,svm,2026,0,full,random_041,0.8339767074118569,0.8947368421052632,5,3298,0.620308046003629,dinov2+dinov2_small+drlbp+glcm+resnet50,
SoilOriginal,svm,2026,0,full,random_042,0.8764869722535462,0.9210526315789473,5,5120,0.8325581640019664,convnext_v2_t+efficientnet_b0+resnet50+rgb_ngram_svd+vit_b16,
SoilOriginal,svm,2026,0,full,random_043,0.8290553772188962,0.8859649122807017,5,1608,0.3840375560030225,deit_s+dinov2_small+glcm+lbp+vit_b16,
SoilOriginal,svm,2026,0,full,random_044,0.8424799849572951,0.8771929824561403,5,1682,0.6187291320020449,drlbp+gabor+glcm+mae_base+vit_b16,
SoilOriginal,svm,2026,0,full,random_045,0.8632028255473811,0.9166666666666666,5,8164,1.1820617240009597,eva02_base+hog+siglip_base+swin_t+vgg16,
SoilOriginal,svm,2026,0,full,random_046,0.8648186808986714,0.9078947368421053,5,3126,0.6589551840006607,convnext_v2_t+eva02_base+lbp+swin_t+vit_b16,
SoilOriginal,svm,2026,0,full,random_047,0.870498815427627,0.9122807017543859,5,8448,0.9437749669959885,resnet50+siglip_base+swin_t+vgg16+vit_b16,
SoilOriginal,svm,2026,0,full,random_048,0.8416647679805574,0.8991228070175439,5,5248,0.8473371860018233,dinov2_small+efficientnet_b0+resnet50+swin_t+vit_b16,
SoilOriginal,svm,2026,0,full,random_049,0.882138412759634,0.9298245614035088,5,6656,0.7131232160027139,deit_s+dinov2_large+dinov2_small+eva02_base+vgg16,
SoilOriginal,svm,2026,0,full,random_050,0.8652194529019624,0.9166666666666666,5,6116,1.0176917350036092,dinov2+hog+resnet50+swin_t+vit_b16,
SoilOriginal,svm,2026,0,full,random_051,0.8689172316991867,0.9166666666666666,5,4580,0.9345040749976761,densenet121+dinov2+hog+rgb_ngram_svd+vit_b16,
SoilOriginal,svm,2026,0,full,random_052,0.8765757046282168,0.9254385964912281,5,6192,1.0296469360037008,efficientnet_b0+gabor+resnet101+resnet50+siglip_base,
SoilOriginal,svm,2026,0,full,random_053,0.8399483006913113,0.8947368421052632,5,3504,0.8704375409943168,convnext_v2_t+deit_s+densenet121+efficientnet_b0+gabor,
SoilOriginal,svm,2026,0,full,random_054,0.8566593235834153,0.9166666666666666,5,2608,0.5552665490031359,convnext_v2_t+dinov2+gabor+rgb_ngram_svd+siglip_base,
SoilOriginal,svm,2026,0,full,random_055,0.8318623376848852,0.8903508771929824,5,3732,1.0879653779993532,dinov2+dinov2_small+gabor+hog+siglip_base,
SoilOriginal,svm,2026,0,full,random_056,0.8259511760300791,0.8903508771929824,5,3346,0.8729559749990585,densenet121+dinov2+glcm+mae_base+swin_t,
SoilOriginal,svm,2026,0,full,random_057,0.8617168227516646,0.9122807017543859,5,4370,0.9484221849997994,dinov2+glcm+mae_base+resnet101+swin_t,
SoilOriginal,svm,2026,0,full,random_058,0.878653058750646,0.9210526315789473,5,4688,0.8528698699956294,dinov2+dinov2_large+drlbp+resnet101+vit_b16,
SoilOriginal,svm,2026,0,full,random_059,0.8857106455636179,0.9254385964912281,5,5376,0.8905760790003114,convnext_v2_t+dinov2_large+resnet101+siglip_base+vit_b16,
SoilOriginal,svm,2026,0,full,random_060,0.8628128802968621,0.9122807017543859,5,4372,1.1174445709984866,dinov2_large+gabor+hog+siglip_base+swin_t,
SoilOriginal,svm,2026,0,full,random_061,0.8347717616268465,0.8947368421052632,5,5248,0.8861533919989597,deit_s+efficientnet_b0+mae_base+resnet50+vit_b16,
SoilOriginal,svm,2026,0,full,random_062,0.8548988884064423,0.9035087719298246,5,5366,1.1750420929965912,convnext_v2_t+glcm+hog+resnet50+siglip_base,
SoilOriginal,svm,2026,0,full,random_063,0.8535415295258968,0.9122807017543859,5,3968,0.8060477780018118,convnext_v2_t+deit_s+efficientnet_b0+eva02_base+swin_t,
SoilOriginal,svm,2026,0,full,random_064,0.842921940889014,0.9035087719298246,5,6582,0.9627261370042106,dinov2_small+efficientnet_b0+lbp+mae_base+vgg16,
SoilOriginal,svm,2026,0,full,random_065,0.8715842221415938,0.9342105263157895,5,4406,0.7878154209975037,densenet121+dinov2_large+lbp+resnet50+rgb_ngram_svd,
SoilOriginal,svm,2026,0,full,random_066,0.8714331796319547,0.9078947368421053,5,7376,0.7789572199981194,deit_s+drlbp+resnet101+vgg16+vit_b16,
SoilOriginal,svm,2026,0,full,random_067,0.8544280557460214,0.9078947368421053,5,6480,0.8477623509970726,convnext_v2_t+drlbp+eva02_base+mae_base+vgg16,
SoilOriginal,svm,2026,0,full,random_068,0.8452779260875988,0.9078947368421053,5,1536,0.4076539210000192,deit_s+drlbp+gabor+rgb_ngram_svd+swin_t,
SoilOriginal,svm,2026,0,full,random_069,0.8634003365186823,0.9122807017543859,5,4016,0.770130208999035,dinov2+dinov2_small+eva02_base+gabor+resnet101,
SoilOriginal,svm,2026,0,full,random_070,0.8681768712550115,0.9166666666666666,5,4122,1.1236901980009861,eva02_base+hog+lbp+mae_base+swin_t,
SoilOriginal,svm,2026,0,full,random_071,0.8408828848678472,0.8991228070175439,5,3120,0.6400448130007135,dinov2+efficientnet_b0+eva02_base+gabor+rgb_ngram_svd,
SoilOriginal,svm,2026,0,full,random_072,0.845447330024931,0.9078947368421053,5,4194,0.8362439769989578,dinov2+drlbp+efficientnet_b0+glcm+resnet50,
SoilOriginal,svm,2026,0,full,random_073,0.8696289593343557,0.9166666666666666,5,3712,0.7383186380029656,deit_s+densenet121+dinov2+siglip_base+vit_b16,
SoilOriginal,svm,2026,0,full,random_074,0.8381296182927741,0.8991228070175439,5,3968,0.8599259569964488,densenet121+dinov2_large+dinov2_small+siglip_base+swin_t,
SoilOriginal,svm,2026,0,full,random_075,0.85847877428844,0.9122807017543859,5,6448,0.8409566389964311,eva02_base+gabor+siglip_base+swin_t+vgg16,
SoilOriginal,svm,2026,0,full,random_076,0.85412857710465,0.9122807017543859,5,4918,0.9409927769956994,convnext_v2_t+densenet121+dinov2_large+lbp+resnet101,
SoilOriginal,svm,2026,0,full,random_077,0.8611083654825854,0.9122807017543859,5,6064,0.6864173379944987,dinov2_small+eva02_base+gabor+swin_t+vgg16,
SoilOriginal,svm,2026,0,full,random_078,0.8651446881679457,0.9254385964912281,5,6500,1.2562973640015116,deit_s+dinov2_large+efficientnet_b0+hog+resnet101,
SoilOriginal,svm,2026,0,full,random_079,0.8795457686243265,0.9298245614035088,5,6372,1.221376177003549,convnext_v2_t+dinov2_large+hog+resnet101+siglip_base,
SoilOriginal,svm,2026,0,full,random_080,0.8561995537469448,0.9166666666666666,5,3024,0.6488408240038552,deit_s+dinov2_large+drlbp+efficientnet_b0+rgb_ngram_svd,
SoilOriginal,svm,2026,0,full,random_081,0.8895935520974145,0.9342105263157895,5,6912,0.8740706379976473,densenet121+eva02_base+rgb_ngram_svd+siglip_base+vgg16,
SoilOriginal,svm,2026,0,full,random_082,0.8243495068036958,0.881578947368421,5,2988,1.0545851010028855,deit_s+dinov2+glcm+hog+lbp,
SoilOriginal,svm,2026,0,full,random_083,0.8540014006636093,0.9122807017543859,5,5908,1.3417191679982352,efficientnet_b0+eva02_base+gabor+hog+resnet101,
SoilOriginal,svm,2026,0,full,random_084,0.8278947650333494,0.8859649122807017,5,1170,0.3917910789969028,dinov2+drlbp+gabor+glcm+rgb_ngram_svd,
SoilOriginal,svm,2026,0,full,random_085,0.8478832210184929,0.9078947368421053,5,2614,0.602600206999341,dinov2+lbp+rgb_ngram_svd+siglip_base+swin_t,
SoilOriginal,svm,2026,0,full,random_086,0.8487425503982855,0.8903508771929824,5,4400,0.893515612995543,convnext_v2_t+gabor+resnet101+swin_t+vit_b16,
SoilOriginal,svm,2026,0,full,random_087,0.8499239570846937,0.9122807017543859,5,3536,1.02595134099829,deit_s+densenet121+drlbp+efficientnet_b0+mae_base,
SoilOriginal,svm,2026,0,full,random_088,0.8789081958561171,0.9210526315789473,5,6418,0.8500246900002821,dinov2+glcm+siglip_base+vgg16+vit_b16,
SoilOriginal,svm,2026,0,full,random_089,0.8289459224283132,0.8903508771929824,5,2256,0.44786015700083226,dinov2+dinov2_small+drlbp+rgb_ngram_svd+swin_t,
SoilOriginal,svm,2026,0,full,random_090,0.8441879909555904,0.9035087719298246,5,8064,0.9055144079975435,convnext_v2_t+dinov2_small+mae_base+resnet50+vgg16,
SoilOriginal,svm,2026,0,full,random_091,0.8376744801568103,0.9035087719298246,5,3636,1.024847934000718,dinov2+drlbp+hog+rgb_ngram_svd+swin_t,
SoilOriginal,svm,2026,0,full,random_092,0.8842952943660596,0.9385964912280702,5,6656,0.889963991001423,eva02_base+mae_base+rgb_ngram_svd+swin_t+vgg16,
SoilOriginal,svm,2026,0,full,random_093,0.858947646982278,0.9166666666666666,5,2658,0.7548963329973049,densenet121+drlbp+eva02_base+glcm+swin_t,
SoilOriginal,svm,2026,0,full,random_094,0.8553533040114002,0.9166666666666666,5,3474,0.5819847909951932,deit_s+glcm+resnet50+rgb_ngram_svd+siglip_base,
SoilOriginal,svm,2026,0,full,random_095,0.8489207893857332,0.9035087719298246,5,2608,0.7362189000050421,gabor+mae_base+rgb_ngram_svd+swin_t+vit_b16,
SoilOriginal,svm,2026,0,full,random_096,0.8502028441244459,0.9122807017543859,5,5120,0.9955912730001728,dinov2+efficientnet_b0+resnet50+rgb_ngram_svd+siglip_base,
SoilOriginal,svm,2026,0,full,random_097,0.8775257242485095,0.9429824561403509,5,7168,0.9340721309999935,densenet121+dinov2_large+rgb_ngram_svd+siglip_base+vgg16,
SoilOriginal,svm,2026,0,full,random_098,0.8574719375987634,0.9210526315789473,5,6930,1.2098574320043554,efficientnet_b0+glcm+mae_base+swin_t+vgg16,
SoilOriginal,svm,2026,0,full,random_099,0.8323300033512252,0.8947368421052632,5,8036,1.2498819480024395,densenet121+dinov2+dinov2_small+hog+vgg16,
SoilOriginal,svm,2026,1,full,random_000,0.8337150067939146,0.9078947368421053,5,7396,1.6678844199996092,dinov2+hog+mae_base+resnet101+resnet50,
SoilOriginal,svm,2026,1,full,random_001,0.8657832558163896,0.9078947368421053,5,3138,0.6376847159990575,gabor+glcm+resnet50+rgb_ngram_svd+swin_t,
SoilOriginal,svm,2026,1,full,random_002,0.8520134490577841,0.9035087719298246,5,5396,1.4215176689976943,eva02_base+gabor+hog+mae_base+resnet101,
SoilOriginal,svm,2026,1,full,random_003,0.8684943397231216,0.9122807017543859,5,3986,0.8000832119942061,deit_s+eva02_base+glcm+resnet101+swin_t,
SoilOriginal,svm,2026,1,full,random_004,0.8489636349526607,0.9035087719298246,5,5174,1.2943919020035537,densenet121+efficientnet_b0+lbp+resnet101+swin_t,
SoilOriginal,svm,2026,1,full,random_005,0.8698456884652711,0.9122807017543859,5,4626,0.8991479899996193,densenet121+eva02_base+glcm+resnet50+vit_b16,
SoilOriginal,svm,2026,1,full,random_006,0.8768020386485347,0.9210526315789473,5,7092,1.3129141099998378,deit_s+dinov2+drlbp+hog+vgg16,
SoilOriginal,svm,2026,1,full,random_007,0.8568578946730208,0.9122807017543859,5,8420,1.3631889070020407,densenet121+eva02_base+hog+vgg16+vit_b16,
SoilOriginal,svm,2026,1,full,random_008,0.8467571660539343,0.9210526315789473,5,7424,1.1789974959974643,densenet121+dinov2+siglip_base+swin_t+vgg16,
SoilOriginal,svm,2026,1,full,random_009,0.8940774383278526,0.9210526315789473,5,6400,0.9262006700009806,deit_s+dinov2+dinov2_small+siglip_base+vgg16,
SoilOriginal,svm,2026,1,full,random_010,0.8928566137444749,0.9298245614035088,5,5346,0.8955368070019176,deit_s+drlbp+glcm+mae_base+vgg16,
SoilOriginal,svm,2026,1,full,random_011,0.8793266829136037,0.9122807017543859,5,3266,0.7373661050005467,deit_s+eva02_base+gabor+glcm+resnet50,
SoilOriginal,svm,2026,1,full,random_012,0.848227169655741,0.9078947368421053,5,4406,1.024181024004065,lbp+mae_base+resnet101+siglip_base+vit_b16,
SoilOriginal,svm,2026,1,full,random_013,0.8804545884413862,0.9210526315789473,5,3200,0.7335569069982739,dinov2_large+dinov2_small+eva02_base+rgb_ngram_svd+siglip_base,
SoilOriginal,svm,2026,1,full,random_014,0.8308179034722739,0.8991228070175439,5,4304,0.9399218560065492,deit_s+densenet121+drlbp+eva02_base+resnet101,
SoilOriginal,svm,2026,1,full,random_015,0.8909373631294814,0.9342105263157895,5,6784,0.9492508839975926,dinov2_small+efficientnet_b0+rgb_ngram_svd+swin_t+vgg16,
SoilOriginal,svm,2026,1,full,random_016,0.8836201147125519,0.9210526315789473,5,3664,0.7648296679981286,deit_s+dinov2_small+drlbp+resnet101+swin_t,
SoilOriginal,svm,2026,1,full,random_017,0.8639340400700838,0.9166666666666666,5,3682,0.8410424899993814,convnext_v2_t+drlbp+glcm+resnet101+vit_b16,
SoilOriginal,svm,2026,1,full,random_018,0.8725970049036565,0.9166666666666666,5,2768,0.69108331699681,dinov2+dinov2_small+drlbp+eva02_base+vit_b16,
SoilOriginal,svm,2026,1,full,random_019,0.864389956609603,0.9166666666666666,5,4918,1.1314987430014298,efficientnet_b0+lbp+resnet101+siglip_base+vit_b16,
SoilOriginal,svm,2026,1,full,random_020,0.8660391285503002,0.9254385964912281,5,6982,1.4493874740001047,dinov2_large+drlbp+glcm+hog+vgg16,
SoilOriginal,svm,2026,1,full,random_021,0.8572945924781397,0.9210526315789473,5,8272,1.3093096039956436,drlbp+efficientnet_b0+resnet101+siglip_base+vgg16,
SoilOriginal,svm,2026,1,full,random_022,0.8426723601675563,0.9035087719298246,5,5686,1.015417920993059,eva02_base+lbp+resnet101+resnet50+siglip_base,
SoilOriginal,svm,2026,1,full,random_023,0.8653683074780877,0.9210526315789473,5,4378,1.2313820729978033,convnext_v2_t+dinov2_large+eva02_base+hog+lbp,
SoilOriginal,svm,2026,1,full,random_024,0.8640088373434701,0.9078947368421053,5,2806,0.8110676539945416,deit_s+dinov2_small+glcm+hog+rgb_ngram_svd,
SoilOriginal,svm,2026,1,full,random_025,0.8930745666127974,0.9254385964912281,5,3434,1.110181994998129,drlbp+eva02_base+hog+lbp+swin_t,
SoilOriginal,svm,2026,1,full,random_026,0.8712310421886658,0.9122807017543859,5,4884,1.1971694840030978,gabor+hog+resnet101+rgb_ngram_svd+swin_t,
SoilOriginal,svm,2026,1,full,random_027,0.8762419382020711,0.9254385964912281,5,4864,0.9984014079964254,densenet121+dinov2+mae_base+resnet101+rgb_ngram_svd,
SoilOriginal,svm,2026,1,full,random_028,0.8489329645074392,0.9122807017543859,5,5376,1.2782542950008065,dinov2+dinov2_large+mae_base+resnet101+vit_b16,
SoilOriginal,svm,2026,1,full,random_029,0.8226299137191759,0.8859649122807017,5,4324,1.1205626290029613,dinov2_small+drlbp+gabor+hog+resnet50,
SoilOriginal,svm,2026,1,full,random_030,0.8779134704729349,0.9210526315789473,5,2944,0.7052818129959633,deit_s+eva02_base+rgb_ngram_svd+siglip_base+swin_t,
SoilOriginal,svm,2026,1,full,random_031,0.9034075399275153,0.9298245614035088,5,1656,0.5519696549963555,eva02_base+gabor+glcm+lbp+swin_t,
SoilOriginal,svm,2026,1,full,random_032,0.8374785817644909,0.9078947368421053,5,7652,1.6455858729968895,convnext_v2_t+dinov2_large+hog+resnet101+resnet50,
SoilOriginal,svm,2026,1,full,random_033,0.8680181803668487,0.9166666666666666,5,2304,0.6583784989998094,densenet121+dinov2_small+drlbp+gabor+swin_t,
SoilOriginal,svm,2026,1,full,random_034,0.866461664873051,0.9166666666666666,5,3152,0.8014768120046938,drlbp+efficientnet_b0+rgb_ngram_svd+swin_t+vit_b16,
SoilOriginal,svm,2026,1,full,random_035,0.8775548743499364,0.9122807017543859,5,2768,0.8458409150043735,deit_s+drlbp+eva02_base+mae_base+siglip_base,
SoilOriginal,svm,2026,1,full,random_036,0.8682036917331034,0.9210526315789473,5,2608,0.6382023990008747,eva02_base+gabor+mae_base+rgb_ngram_svd+vit_b16,
SoilOriginal,svm,2026,1,full,random_037,0.8590587750251616,0.9122807017543859,5,2888,0.8869285420005326,convnext_v2_t+efficientnet_b0+glcm+lbp+vit_b16,
SoilOriginal,svm,2026,1,full,random_038,0.8677557941952362,0.9078947368421053,5,4890,1.0862164350037347,hog+lbp+resnet50+rgb_ngram_svd+swin_t,
SoilOriginal,svm,2026,1,full,random_039,0.8310448600102729,0.881578947368421,5,3190,1.1256619150008191,deit_s+glcm+hog+mae_base+rgb_ngram_svd,
SoilOriginal,svm,2026,1,full,random_040,0.8467571660539343,0.9210526315789473,5,7424,1.225683921999007,densenet121+dinov2+siglip_base+swin_t+vgg16,
SoilOriginal,svm,2026,1,full,random_041,0.8511687432565352,0.9122807017543859,5,9984,1.2537179689970799,dinov2_large+eva02_base+resnet101+resnet50+vgg16,
SoilOriginal,svm,2026,1,full,random_042,0.8813307262704413,0.9254385964912281,5,5200,0.8222661039981176,drlbp+resnet101+resnet50+rgb_ngram_svd+vit_b16,
SoilOriginal,svm,2026,1,full,random_043,0.855965019183343,0.9035087719298246,5,4688,1.0500368399953004,densenet121+drlbp+efficientnet_b0+resnet101+rgb_ngram_svd,
SoilOriginal,svm,2026,1,full,random_044,0.8768903520843637,0.9166666666666666,5,3650,0.796718110999791,eva02_base+gabor+glcm+resnet50+swin_t,
SoilOriginal,svm,2026,1,full,random_045,0.8784994970504059,0.9254385964912281,5,3024,0.8309012579993578,convnext_v2_t+densenet121+dinov2_small+drlbp+siglip_base,
SoilOriginal,svm,2026,1,full,random_046,0.8654780703733227,0.9166666666666666,5,8676,1.6304465729990625,efficientnet_b0+eva02_base+hog+siglip_base+vgg16,
SoilOriginal,svm,2026,1,full,random_047,0.8685815463309069,0.9122807017543859,5,2530,0.7791758610037505,deit_s+dinov2+drlbp+efficientnet_b0+glcm,
SoilOriginal,svm,2026,1,full,random_048,0.8925132233601891,0.9210526315789473,5,5760,1.2928652350019547,densenet121+dinov2_large+dinov2_small+efficientnet_b0+resnet101,
SoilOriginal,svm,2026,1,full,random_049,0.8850094896892927,0.9342105263157895,5,7186,0.9131466440012446,dinov2+glcm+resnet101+rgb_ngram_svd+vgg16,
SoilOriginal,svm,2026,1,full,random_050,0.820106721197107,0.9035087719298246,5,1992,0.643725079993601,dinov2+dinov2_small+glcm+lbp+swin_t,
SoilOriginal,svm,2026,1,full,random_051,0.8332070928202483,0.9035087719298246,5,2834,0.6621508320022258,densenet121+dinov2+glcm+rgb_ngram_svd+vit_b16,
SoilOriginal,svm,2026,1,full,random_052,0.8453351617499727,0.9078947368421053,5,2626,0.8016791670015664,dinov2+dinov2_large+gabor+glcm+vit_b16,
SoilOriginal,svm,2026,1,full,random_053,0.8859602055793113,0.9298245614035088,5,2870,0.7486079809968942,convnext_v2_t+densenet121+dinov2+lbp+rgb_ngram_svd,
SoilOriginal,svm,2026,1,full,random_054,0.8725321433059365,0.9210526315789473,5,6656,1.326988781002001,densenet121+resnet101+resnet50+siglip_base+vit_b16,
SoilOriginal,svm,2026,1,full,random_055,0.8573262746850786,0.9078947368421053,5,4882,1.213900750997709,efficientnet_b0+glcm+mae_base+resnet50+swin_t,
SoilOriginal,svm,2026,1,full,random_056,0.8839783803562418,0.9254385964912281,5,5632,1.1661397329953616,convnext_v2_t+efficientnet_b0+resnet50+siglip_base+vit_b16,
SoilOriginal,svm,2026,1,full,random_057,0.8396408537375625,0.9122807017543859,5,9728,1.3181472040014341,dinov2+mae_base+resnet101+resnet50+vgg16,
SoilOriginal,svm,2026,1,full,random_058,0.8495208430642072,0.8947368421052632,5,4486,0.8901435250008944,drlbp+lbp+resnet101+resnet50+rgb_ngram_svd,
SoilOriginal,svm,2026,1,full,random_059,0.8786707250272722,0.9210526315789473,5,4224,1.0935566339976504,convnext_v2_t+deit_s+dinov2+dinov2_large+efficientnet_b0,
SoilOriginal,svm,2026,1,full,random_060,0.8777988231648444,0.9298245614035088,5,4114,0.8245390579977538,densenet121+glcm+resnet101+rgb_ngram_svd+vit_b16,
SoilOriginal,svm,2026,1,full,random_061,0.8681773186728271,0.9122807017543859,5,4470,0.9799286639972706,dinov2_small+glcm+hog+resnet50+rgb_ngram_svd,
SoilOriginal,svm,2026,1,full,random_062,0.8316736183795278,0.8991228070175439,5,3940,1.4363470239986782,dinov2+drlbp+efficientnet_b0+gabor+hog,
SoilOriginal,svm,2026,1,full,random_063,0.8435997182540963,0.9166666666666666,5,5272,0.8944212950009387,dinov2_large+drlbp+glcm+lbp+vgg16,
SoilOriginal,svm,2026,1,full,random_064,0.8674540640780625,0.9210526315789473,5,4626,1.1149598910051282,convnext_v2_t+dinov2+dinov2_large+glcm+resnet101,
SoilOriginal,svm,2026,1,full,random_065,0.8755101363456863,0.9210526315789473,5,2768,0.8107186340057524,convnext_v2_t+dinov2+dinov2_small+drlbp+siglip_base,
SoilOriginal,svm,2026,1,full,random_066,0.8733719543243353,0.9210526315789473,5,2578,0.6228088740026578,convnext_v2_t+eva02_base+glcm+rgb_ngram_svd+siglip_base,
SoilOriginal,svm,2026,1,full,random_067,0.8354824704578399,0.9078947368421053,5,8448,1.2630759280000348,convnext_v2_t+mae_base+resnet101+vgg16+vit_b16,
SoilOriginal,svm,2026,1,full,random_068,0.8494803226330321,0.9035087719298246,5,5348,1.512101291998988,densenet121+dinov2+dinov2_large+eva02_base+hog,
SoilOriginal,svm,2026,1,full,random_069,0.8414346819662434,0.9122807017543859,5,2914,0.9455849840014707,densenet121+dinov2_large+drlbp+glcm+siglip_base,
SoilOriginal,svm,2026,1,full,random_070,0.7652135540367961,0.8114035087719298,5,2890,1.4650808540027356,gabor+hog+lbp+mae_base+rgb_ngram_svd,
SoilOriginal,svm,2026,1,full,random_071,0.8848884439584063,0.9166666666666666,5,4608,0.9743351569995866,deit_s+dinov2_large+dinov2_small+resnet101+vit_b16,
SoilOriginal,svm,2026,1,full,random_072,0.8746417817340827,0.9254385964912281,5,7248,0.816567046000273,drlbp+resnet101+rgb_ngram_svd+vgg16+vit_b16,
SoilOriginal,svm,2026,1,full,random_073,0.8773399634695316,0.9210526315789473,5,3920,1.0508883110014722,convnext_v2_t+dinov2_large+drlbp+efficientnet_b0+eva02_base,
SoilOriginal,svm,2026,1,full,random_074,0.8867520345044296,0.9210526315789473,5,4452,1.0649391269980697,convnext_v2_t+deit_s+eva02_base+hog+vit_b16,
SoilOriginal,svm,2026,1,full,random_075,0.8526064173175684,0.9078947368421053,5,4736,0.8893281389973708,convnext_v2_t+dinov2+dinov2_small+eva02_base+resnet50,
SoilOriginal,svm,2026,1,full,random_076,0.877983636505804,0.9254385964912281,5,2614,0.679540420002013,convnext_v2_t+dinov2+lbp+rgb_ngram_svd+swin_t,
SoilOriginal,svm,2026,1,full,random_077,0.8133717211429821,0.881578947368421,5,4170,1.5206696730019758,densenet121+efficientnet_b0+gabor+hog+lbp,
SoilOriginal,svm,2026,1,full,random_078,0.858025823710102,0.9166666666666666,5,8960,1.3910114850004902,densenet121+dinov2_large+resnet101+siglip_base+vgg16,
SoilOriginal,svm,2026,1,full,random_079,0.8710416047309023,0.9122807017543859,5,3584,0.9046843149990309,deit_s+densenet121+dinov2_large+dinov2_small+eva02_base,
SoilOriginal,svm,2026,1,full,random_080,0.8589045826909659,0.9122807017543859,5,4916,1.1331563870044192,drlbp+hog+resnet101+rgb_ngram_svd+vit_b16,
SoilOriginal,svm,2026,1,full,random_081,0.8730178488025893,0.9254385964912281,5,4096,1.1303751599989482,convnext_v2_t+dinov2_large+siglip_base+swin_t+vit_b16,
SoilOriginal,svm,2026,1,full,random_082,0.8664832787842551,0.9210526315789473,5,4096,0.9933951749990229,dinov2_large+efficientnet_b0+rgb_ngram_svd+siglip_base+vit_b16,
SoilOriginal,svm,2026,1,full,random_083,0.844767954927329,0.9122807017543859,5,2870,0.8178014389995951,dinov2_large+lbp+mae_base+rgb_ngram_svd+vit_b16,
SoilOriginal,svm,2026,1,full,random_084,0.8692855231141058,0.9166666666666666,5,4480,0.88139954500366,densenet121+dinov2_small+resnet50+rgb_ngram_svd+swin_t,
SoilOriginal,svm,2026,1,full,random_085,0.8677857607427663,0.9166666666666666,5,8832,1.6208938939962536,dinov2_large+dinov2_small+efficientnet_b0+resnet50+vgg16,
SoilOriginal,svm,2026,1,full,random_086,0.8761191079302535,0.9210526315789473,5,2048,0.7695377729978645,convnext_v2_t+dinov2_small+drlbp+gabor+mae_base,
SoilOriginal,svm,2026,1,full,random_087,0.8487210529031908,0.9078947368421053,5,5428,1.3431641080023837,drlbp+hog+resnet101+swin_t+vit_b16,
SoilOriginal,svm,2026,1,full,random_088,0.8602394413534954,0.9122807017543859,5,4662,0.9544072029966628,densenet121+lbp+resnet50+swin_t+vit_b16,
SoilOriginal,svm,2026,1,full,random_089,0.8505352506899885,0.9078947368421053,5,3830,1.2612495490029687,densenet121+glcm+hog+rgb_ngram_svd+swin_t,
SoilOriginal,svm,2026,1,full,random_090,0.8494096172602783,0.9122807017543859,5,3760,0.8427545100057614,deit_s+densenet121+gabor+resnet101+rgb_ngram_svd,
SoilOriginal,svm,2026,1,full,random_091,0.8552295071942224,0.9166666666666666,5,7424,1.076976750002359,densenet121+dinov2+siglip_base+vgg16+vit_b16,
SoilOriginal,svm,2026,1,full,random_092,0.8673419720639718,0.9122807017543859,5,4560,1.0272551180023584,dinov2_small+drlbp+efficientnet_b0+resnet50+siglip_base,
SoilOriginal,svm,2026,1,full,random_093,0.8307867391878742,0.9035087719298246,5,3018,1.2769643460051157,dinov2_small+gabor+hog+lbp+siglip_base,
SoilOriginal,svm,2026,1,full,random_094,0.8505712608618179,0.9166666666666666,5,4400,1.0308713549966342,convnext_v2_t+dinov2+gabor+resnet50+swin_t,
SoilOriginal,svm,2026,1,full,random_095,0.8705423516207829,0.9078947368421053,5,4864,0.9395475709970924,dinov2_large+eva02_base+mae_base+resnet50+rgb_ngram_svd,
SoilOriginal,svm,2026,1,full,random_096,0.8512210545232264,0.9122807017543859,5,5652,1.585477203996561,densenet121+gabor+hog+resnet101+swin_t,
SoilOriginal,svm,2026,1,full,random_097,0.8856322189892907,0.9210526315789473,5,3024,0.8079915339985746,dinov2_large+dinov2_small+drlbp+eva02_base+vit_b16,
SoilOriginal,svm,2026,1,full,random_098,0.8894202842427295,0.9210526315789473,5,2882,0.6066288020010688,deit_s+dinov2_small+gabor+glcm+resnet50,
SoilOriginal,svm,2026,1,full,random_099,0.877036476993505,0.9166666666666666,5,6144,1.1700685500036343,convnext_v2_t+densenet121+resnet101+resnet50+rgb_ngram_svd,
SoilOriginal,svm,2026,2,full,random_000,0.8702593709392007,0.9078947368421053,7,9700,2.5537343289979617,densenet121+efficientnet_b0+hog+mae_base+resnet101+resnet50+vit_b16,
SoilOriginal,svm,2026,2,full,random_001,0.8455015565186342,0.8947368421052632,7,7828,2.1525968149944674,deit_s+gabor+hog+mae_base+resnet101+resnet50+siglip_base,
SoilOriginal,svm,2026,2,full,random_002,0.8880678882559646,0.9298245614035088,7,8272,1.1448861150056473,deit_s+densenet121+dinov2_small+drlbp+resnet50+rgb_ngram_svd+vgg16,
SoilOriginal,svm,2026,2,full,random_003,0.8860252123841648,0.9254385964912281,7,9572,1.8912614970031427,dinov2+dinov2_large+dinov2_small+hog+siglip_base+vgg16+vit_b16,
SoilOriginal,svm,2026,2,full,random_004,0.8903217436296108,0.9210526315789473,7,5248,1.3288483140058815,convnext_v2_t+drlbp+efficientnet_b0+gabor+mae_base+resnet101+rgb_ngram_svd,
SoilOriginal,svm,2026,2,full,random_005,0.8867693438774383,0.9210526315789473,7,5986,1.5655472819998977,densenet121+drlbp+efficientnet_b0+eva02_base+glcm+resnet101+swin_t,
SoilOriginal,svm,2026,2,full,random_006,0.8940551746011903,0.9254385964912281,7,3906,0.8393263749967446,deit_s+dinov2_small+gabor+glcm+resnet101+rgb_ngram_svd+swin_t,
SoilOriginal,svm,2026,2,full,random_007,0.9024958043897777,0.9385964912280702,7,5760,1.4607421800028533,convnext_v2_t+dinov2_large+dinov2_small+efficientnet_b0+eva02_base+siglip_base+swin_t,
SoilOriginal,svm,2026,2,full,random_008,0.8934314380330812,0.9342105263157895,7,6710,0.9481141770011163,deit_s+dinov2_small+lbp+rgb_ngram_svd+siglip_base+vgg16+vit_b16,
SoilOriginal,svm,2026,2,full,random_009,0.8681734755314473,0.9166666666666666,7,6034,1.48569784299616,dinov2+dinov2_small+efficientnet_b0+eva02_base+glcm+mae_base+resnet50,
SoilOriginal,svm,2026,2,full,random_010,0.857070791885417,0.9122807017543859,7,3090,0.9452002660036669,convnext_v2_t+deit_s+dinov2_large+drlbp+gabor+glcm+vit_b16,
SoilOriginal,svm,2026,2,full,random_011,0.8916596445456468,0.9342105263157895,7,4944,1.3377782790048514,convnext_v2_t+densenet121+dinov2+drlbp+efficientnet_b0+rgb_ngram_svd+siglip_base,
SoilOriginal,svm,2026,2,full,random_012,0.8669513371671548,0.9166666666666666,7,6426,1.741708674999245,deit_s+dinov2+dinov2_large+dinov2_small+hog+lbp+resnet50,
SoilOriginal,svm,2026,2,full,random_013,0.8798711211770402,0.9254385964912281,7,6992,1.0943592069961596,deit_s+densenet121+dinov2_small+drlbp+rgb_ngram_svd+swin_t+vgg16,
SoilOriginal,svm,2026,2,full,random_014,0.9139296533283874,0.9473684210526315,7,7856,1.3469676849999814,convnext_v2_t+dinov2_large+dinov2_small+eva02_base+gabor+siglip_base+vgg16,
SoilOriginal,svm,2026,2,full,random_015,0.8824504186346293,0.9298245614035088,7,6448,1.8182313670040458,densenet121+dinov2_large+gabor+mae_base+resnet101+siglip_base+swin_t,
SoilOriginal,svm,2026,2,full,random_016,0.9050240358402704,0.9429824561403509,7,8960,1.3524545510008465,deit_s+dinov2_large+dinov2_small+mae_base+resnet50+rgb_ngram_svd+vgg16,
SoilOriginal,svm,2026,2,full,random_017,0.8512506855577691,0.8991228070175439,7,5840,1.4421456109994324,deit_s+densenet121+drlbp+mae_base+resnet101+siglip_base+swin_t,
SoilOriginal,svm,2026,2,full,random_018,0.8593495108112117,0.9166666666666666,7,5186,1.2944317989968113,dinov2+gabor+glcm+mae_base+resnet50+siglip_base+vit_b16,
SoilOriginal,svm,2026,2,full,random_019,0.8866819608087486,0.9298245614035088,7,5584,1.2509848000045167,densenet121+dinov2_large+dinov2_small+drlbp+resnet50+rgb_ngram_svd+vit_b16,
SoilOriginal,svm,2026,2,full,random_020,0.8824649229903931,0.9254385964912281,7,5046,1.016061943002569,deit_s+eva02_base+lbp+mae_base+resnet50+rgb_ngram_svd+vit_b16,
SoilOriginal,svm,2026,2,full,random_021,0.8593495108112117,0.9166666666666666,7,4498,1.1746145009965403,dinov2+drlbp+gabor+glcm+resnet50+siglip_base+vit_b16,
SoilOriginal,svm,2026,2,full,random_022,0.8860870825533272,0.9298245614035088,7,4498,1.408344287003274,deit_s+dinov2_large+eva02_base+glcm+mae_base+siglip_base+vit_b16,
SoilOriginal,svm,2026,2,full,random_023,0.8860154395454264,0.9342105263157895,7,5010,1.0738794179997058,dinov2_small+eva02_base+glcm+mae_base+resnet50+rgb_ngram_svd+vit_b16,
SoilOriginal,svm,2026,2,full,random_024,0.8872118820699925,0.9254385964912281,7,7040,1.8700636010034941,convnext_v2_t+densenet121+dinov2_small+efficientnet_b0+mae_base+resnet101+siglip_base,
SoilOriginal,svm,2026,2,full,random_025,0.863988210796874,0.9035087719298246,7,6956,1.9724754669950926,densenet121+efficientnet_b0+glcm+hog+lbp+resnet101+vit_b16,
SoilOriginal,svm,2026,2,full,random_026,0.8671563192904655,0.9122807017543859,7,6506,2.2647069189988542,densenet121+drlbp+hog+lbp+mae_base+resnet50+siglip_base,
SoilOriginal,svm,2026,2,full,random_027,0.8786976309863367,0.9166666666666666,7,9846,1.8175052229998983,convnext_v2_t+dinov2_small+eva02_base+glcm+hog+resnet101+vgg16,
SoilOriginal,svm,2026,2,full,random_028,0.9010250927435578,0.9254385964912281,7,6006,1.7754463200035389,dinov2_large+dinov2_small+efficientnet_b0+eva02_base+glcm+hog+vit_b16,
SoilOriginal,svm,2026,2,full,random_029,0.8395639765937818,0.8903508771929824,7,5808,1.5132712749982602,convnext_v2_t+deit_s+densenet121+gabor+mae_base+resnet50+vit_b16,
SoilOriginal,svm,2026,2,full,random_030,0.8858765017190293,0.9210526315789473,7,3522,1.0551695399990422,deit_s+eva02_base+gabor+glcm+siglip_base+swin_t+vit_b16,
SoilOriginal,svm,2026,2,full,random_031,0.8817550605859461,0.9210526315789473,7,8082,1.791458750005404,deit_s+dinov2+efficientnet_b0+glcm+mae_base+siglip_base+vgg16,
SoilOriginal,svm,2026,2,full,random_032,0.8638523856167408,0.9078947368421053,7,8320,2.126400913002726,deit_s+dinov2_large+efficientnet_b0+mae_base+resnet101+resnet50+swin_t,
SoilOriginal,svm,2026,2,full,random_033,0.8713412058368896,0.9078947368421053,7,6454,1.9657929000022705,convnext_v2_t+efficientnet_b0+lbp+mae_base+resnet101+siglip_base+swin_t,
SoilOriginal,svm,2026,2,full,random_034,0.8972145149910222,0.9342105263157895,7,7350,1.2502709569962462,deit_s+densenet121+lbp+rgb_ngram_svd+swin_t+vgg16+vit_b16,
SoilOriginal,svm,2026,2,full,random_035,0.8848941768687639,0.9254385964912281,7,4788,1.7843962109982385,dinov2+dinov2_small+drlbp+hog+mae_base+rgb_ngram_svd+siglip_base,
SoilOriginal,svm,2026,2,full,random_036,0.8519045064280837,0.8947368421052632,7,4560,1.345990071000415,convnext_v2_t+deit_s+densenet121+drlbp+mae_base+siglip_base+swin_t,
SoilOriginal,svm,2026,2,full,random_037,0.8944282587635067,0.9385964912280702,7,4400,1.223070630003349,dinov2_large+eva02_base+gabor+mae_base+rgb_ngram_svd+siglip_base+vit_b16,
SoilOriginal,svm,2026,2,full,random_038,0.8703777835760574,0.9210526315789473,7,9136,1.6356000369996764,deit_s+dinov2+dinov2_large+gabor+resnet50+siglip_base+vgg16,
SoilOriginal,svm,2026,2,full,random_039,0.8572227973588518,0.9078947368421053,7,7908,1.74271158099873,deit_s+dinov2+drlbp+gabor+hog+siglip_base+vgg16,
SoilOriginal,svm,2026,2,full,random_040,0.8744137276233435,0.9210526315789473,7,4296,1.0260041670044302,deit_s+dinov2+glcm+lbp+resnet50+rgb_ngram_svd+siglip_base,
SoilOriginal,svm,2026,2,full,random_041,0.9115215899262955,0.9429824561403509,7,3712,1.1463144950030255,convnext_v2_t+densenet121+drlbp+eva02_base+gabor+mae_base+rgb_ngram_svd,
SoilOriginal,svm,2026,2,full,random_042,0.8807443117753212,0.9254385964912281,7,4358,0.9664935640030308,convnext_v2_t+deit_s+drlbp+eva02_base+lbp+resnet50+rgb_ngram_svd,
SoilOriginal,svm,2026,2,full,random_043,0.9045615611031524,0.9385964912280702,7,5222,1.2752469469996868,convnext_v2_t+dinov2+eva02_base+gabor+lbp+resnet101+swin_t,
SoilOriginal,svm,2026,2,full,random_044,0.8873881107408239,0.9166666666666666,7,4418,1.3134653279994382,efficientnet_b0+eva02_base+gabor+glcm+siglip_base+swin_t+vit_b16,
SoilOriginal,svm,2026,2,full,random_045,0.8938306639467165,0.9254385964912281,7,7990,1.3747381389985094,convnext_v2_t+eva02_base+lbp+siglip_base+swin_t+vgg16+vit_b16,
SoilOriginal,svm,2026,2,full,random_046,0.8892285482665111,0.9342105263157895,7,4736,1.2216541849993519,convnext_v2_t+deit_s+densenet121+mae_base+rgb_ngram_svd+swin_t+vit_b16,
SoilOriginal,svm,2026,2,full,random_047,0.8508890867363991,0.9035087719298246,7,5192,1.2269918820020393,efficientnet_b0+glcm+lbp+resnet50+rgb_ngram_svd+siglip_base+vit_b16,
SoilOriginal,svm,2026,2,full,random_048,0.9007035119741211,0.9254385964912281,7,5712,1.35609277599724,deit_s+dinov2_small+drlbp+efficientnet_b0+eva02_base+resnet101+swin_t,
SoilOriginal,svm,2026,2,full,random_049,0.8704902415154523,0.9210526315789473,7,7472,1.8292979850011761,convnext_v2_t+dinov2_large+gabor+mae_base+resnet101+resnet50+vit_b16,
SoilOriginal,svm,2026,2,full,random_050,0.9003790977803753,0.9385964912280702,7,4918,1.3304910400038352,dinov2+dinov2_large+efficientnet_b0+eva02_base+lbp+rgb_ngram_svd+vit_b16,
SoilOriginal,svm,2026,2,full,random_051,0.8862776862312599,0.9298245614035088,7,9578,1.8854801799971028,dinov2+drlbp+hog+lbp+resnet50+vgg16+vit_b16,
SoilOriginal,svm,2026,2,full,random_052,0.8916752520158902,0.9254385964912281,7,3090,1.1440975820005406,dinov2+dinov2_large+dinov2_small+drlbp+gabor+glcm+vit_b16,
SoilOriginal,svm,2026,2,full,random_053,0.8958007327865831,0.9342105263157895,7,6466,1.1682026549970033,deit_s+dinov2_small+eva02_base+gabor+glcm+mae_base+vgg16,
SoilOriginal,svm,2026,2,full,random_054,0.8534708182063604,0.8991228070175439,7,8390,1.8255084379998152,convnext_v2_t+deit_s+drlbp+efficientnet_b0+glcm+hog+vgg16,
SoilOriginal,svm,2026,2,full,random_055,0.8944784164731899,0.9298245614035088,7,5414,1.9459036080006626,densenet121+dinov2_large+gabor+glcm+hog+mae_base+vit_b16,
SoilOriginal,svm,2026,2,full,random_056,0.8738601225918916,0.9210526315789473,7,7058,1.1516870080013177,dinov2_small+glcm+mae_base+rgb_ngram_svd+siglip_base+vgg16+vit_b16,
SoilOriginal,svm,2026,2,full,random_057,0.9223860499926456,0.9517543859649122,7,3784,1.2028124930002377,dinov2_large+dinov2_small+eva02_base+glcm+lbp+siglip_base+swin_t,
SoilOriginal,svm,2026,2,full,random_058,0.8917908564063852,0.9298245614035088,7,11008,1.6868760329962242,dinov2_large+mae_base+resnet101+resnet50+rgb_ngram_svd+siglip_base+vgg16,
SoilOriginal,svm,2026,2,full,random_059,0.907089396706826,0.9385964912280702,7,7430,1.417607858995325,convnext_v2_t+dinov2_small+drlbp+efficientnet_b0+eva02_base+lbp+vgg16,
SoilOriginal,svm,2026,2,full,random_060,0.8637307904362682,0.9035087719298246,7,6400,1.6254128250002395,convnext_v2_t+deit_s+dinov2_small+efficientnet_b0+resnet50+swin_t+vit_b16,
SoilOriginal,svm,2026,2,full,random_061,0.8872118820699925,0.9254385964912281,7,6656,1.7776713650018792,deit_s+densenet121+dinov2+dinov2_small+efficientnet_b0+eva02_base+resnet101,
SoilOriginal,svm,2026,2,full,random_062,0.8809346461919435,0.9210526315789473,7,3448,1.2998506619987893,densenet121+dinov2+gabor+glcm+lbp+swin_t+vit_b16,
SoilOriginal,svm,2026,2,full,random_063,0.8736603275940805,0.9122807017543859,7,7270,1.7566461399983382,densenet121+efficientnet_b0+gabor+lbp+resnet101+resnet50+vit_b16,
SoilOriginal,svm,2026,2,full,random_064,0.9037847152721276,0.9429824561403509,7,6406,0.9770827649990679,convnext_v2_t+dinov2_small+drlbp+lbp+rgb_ngram_svd+swin_t+vgg16,
SoilOriginal,svm,2026,2,full,random_065,0.8877480090223074,0.9298245614035088,7,3986,1.1009114339976804,convnext_v2_t+deit_s+densenet121+dinov2+glcm+rgb_ngram_svd+siglip_base,
SoilOriginal,svm,2026,2,full,random_066,0.8611577884631766,0.9122807017543859,7,10596,1.9671996199977002,convnext_v2_t+dinov2+dinov2_small+hog+resnet50+swin_t+vgg16,
SoilOriginal,svm,2026,2,full,random_067,0.877789759752407,0.9122807017543859,7,6932,1.925820409996959,dinov2+eva02_base+gabor+hog+mae_base+resnet101+vit_b16,
SoilOriginal,svm,2026,2,full,random_068,0.8678544988099361,0.9122807017543859,7,6192,1.710487311000179,densenet121+efficientnet_b0+gabor+mae_base+resnet101+rgb_ngram_svd+siglip_base,
SoilOriginal,svm,2026,2,full,random_069,0.9085252768055262,0.9473684210526315,7,5632,1.4472685170039767,convnext_v2_t+dinov2_large+efficientnet_b0+eva02_base+rgb_ngram_svd+swin_t+vit_b16,
SoilOriginal,svm,2026,2,full,random_070,0.8639015694950627,0.9078947368421053,7,7018,2.4689057700015837,dinov2_large+drlbp+efficientnet_b0+hog+lbp+resnet101+siglip_base,
SoilOriginal,svm,2026,2,full,random_071,0.8744432798032262,0.9210526315789473,7,8064,1.663913356998819,deit_s+dinov2+efficientnet_b0+eva02_base+resnet101+resnet50+vit_b16,
SoilOriginal,svm,2026,2,full,random_072,0.8930352419728033,0.9298245614035088,7,9142,1.5231843660003506,deit_s+dinov2_large+efficientnet_b0+lbp+resnet50+rgb_ngram_svd+vgg16,
SoilOriginal,svm,2026,2,full,random_073,0.8848056877294325,0.9166666666666666,7,7878,1.6549871629977133,dinov2_small+drlbp+glcm+hog+swin_t+vgg16+vit_b16,
SoilOriginal,svm,2026,2,full,random_074,0.8907353355199245,0.9342105263157895,7,5296,1.1791369159982423,convnext_v2_t+dinov2_large+dinov2_small+gabor+mae_base+resnet50+rgb_ngram_svd,
SoilOriginal,svm,2026,2,full,random_075,0.8525176378615259,0.9035087719298246,7,9132,1.8709739339974476,deit_s+glcm+hog+lbp+resnet50+vgg16+vit_b16,
SoilOriginal,svm,2026,2,full,random_076,0.8985320104057611,0.9385964912280702,7,5192,1.300326902004599,convnext_v2_t+dinov2+eva02_base+glcm+lbp+resnet50+siglip_base,
SoilOriginal,svm,2026,2,full,random_077,0.8853574382083153,0.9298245614035088,7,10496,1.7933003039943287,densenet121+dinov2_large+mae_base+resnet50+siglip_base+vgg16+vit_b16,
SoilOriginal,svm,2026,2,full,random_078,0.878923081773959,0.9254385964912281,7,6804,1.7859170579977217,deit_s+densenet121+dinov2+eva02_base+gabor+hog+resnet101,
SoilOriginal,svm,2026,2,full,random_079,0.8750003584322752,0.9122807017543859,7,6390,2.215516143005516,densenet121+efficientnet_b0+glcm+hog+mae_base+siglip_base+vit_b16,
SoilOriginal,svm,2026,2,full,random_080,0.8759390530172209,0.9122807017543859,7,4242,1.3371568399961689,convnext_v2_t+deit_s+eva02_base+glcm+mae_base+swin_t+vit_b16,
SoilOriginal,svm,2026,2,full,random_081,0.9044077343447092,0.9429824561403509,7,8246,1.7687428310018731,convnext_v2_t+dinov2_large+eva02_base+lbp+mae_base+swin_t+vgg16,
SoilOriginal,svm,2026,2,full,random_082,0.8450728438626244,0.8903508771929824,7,5808,1.5198697059968254,convnext_v2_t+deit_s+densenet121+gabor+resnet50+siglip_base+swin_t,
SoilOriginal,svm,2026,2,full,random_083,0.8781039968463468,0.9210526315789473,7,8112,1.4969601619959576,convnext_v2_t+deit_s+densenet121+dinov2_large+gabor+vgg16+vit_b16,
SoilOriginal,svm,2026,2,full,random_084,0.8889057491536854,0.9166666666666666,7,2632,1.0062802789980196,dinov2_small+drlbp+efficientnet_b0+eva02_base+gabor+glcm+lbp,
SoilOriginal,svm,2026,2,full,random_085,0.861318885352306,0.9035087719298246,7,7314,1.4303491769969696,dinov2_small+efficientnet_b0+eva02_base+glcm+resnet101+resnet50+vit_b16,
SoilOriginal,svm,2026,2,full,random_086,0.8896443218912502,0.9342105263157895,7,8420,2.195093706002808,dinov2+dinov2_large+efficientnet_b0+hog+resnet50+swin_t+vit_b16,
SoilOriginal,svm,2026,2,full,random_087,0.8872779755820874,0.9254385964912281,7,3584,1.1418345760030206,convnext_v2_t+dinov2+dinov2_small+drlbp+gabor+mae_base+swin_t,
SoilOriginal,svm,2026,2,full,random_088,0.8842249067119289,0.9298245614035088,7,5778,1.3721212559976266,dinov2_large+dinov2_small+eva02_base+glcm+mae_base+resnet50+vit_b16,
SoilOriginal,svm,2026,2,full,random_089,0.8880298746004426,0.9210526315789473,7,9296,1.6449183439981425,convnext_v2_t+drlbp+resnet101+siglip_base+swin_t+vgg16+vit_b16,
SoilOriginal,svm,2026,2,full,random_090,0.8703777835760574,0.9210526315789473,7,9856,1.6713984910020372,deit_s+dinov2+dinov2_large+mae_base+resnet50+siglip_base+vgg16,
SoilOriginal,svm,2026,2,full,random_091,0.9009421769526974,0.9342105263157895,7,6850,1.1502917739999248,convnext_v2_t+dinov2_small+gabor+glcm+siglip_base+vgg16+vit_b16,
SoilOriginal,svm,2026,2,full,random_092,0.860047543793341,0.9122807017543859,7,7174,1.207330881996313,densenet121+dinov2+dinov2_small+drlbp+eva02_base+lbp+vgg16,
SoilOriginal,svm,2026,2,full,random_093,0.8517716871526071,0.8947368421052632,7,6804,1.7465348760015331,deit_s+densenet121+gabor+hog+mae_base+resnet50+vit_b16,
SoilOriginal,svm,2026,2,full,random_094,0.8882477874756441,0.9298245614035088,7,6528,1.4435584480015677,densenet121+dinov2_small+efficientnet_b0+resnet50+rgb_ngram_svd+swin_t+vit_b16,
SoilOriginal,svm,2026,2,full,random_095,0.8827580809120893,0.9210526315789473,7,4102,1.136343720005243,convnext_v2_t+deit_s+drlbp+efficientnet_b0+eva02_base+lbp+vit_b16,
SoilOriginal,svm,2026,2,full,random_096,0.8584355525832931,0.9210526315789473,7,6448,1.6499853109999094,convnext_v2_t+densenet121+dinov2+dinov2_large+gabor+resnet50+swin_t,
SoilOriginal,svm,2026,2,full,random_097,0.8742386988778422,0.9122807017543859,7,7878,1.9606892709998647,dinov2_small+drlbp+glcm+hog+mae_base+siglip_base+vgg16,
SoilOriginal,svm,2026,2,full,random_098,0.8461407214064743,0.8947368421052632,7,5712,1.5159860670028138,convnext_v2_t+deit_s+dinov2_small+drlbp+efficientnet_b0+resnet50+swin_t,
SoilOriginal,svm,2026,2,full,random_099,0.8788690942771179,0.9166666666666666,7,7106,1.4640925880012219,deit_s+dinov2_large+gabor+glcm+mae_base+siglip_base+vgg16,
SoilOriginal,svm,2026,3,full,random_000,0.8875706670782272,0.9122807017543859,3,1920,0.5463204289990244,deit_s+mae_base+siglip_base,
SoilOriginal,svm,2026,3,full,random_001,0.8952815462431136,0.9210526315789473,3,3840,0.7547918839991326,densenet121+mae_base+resnet50,
SoilOriginal,svm,2026,3,full,random_002,0.8439079473545837,0.8903508771929824,3,6912,0.5991944219931611,eva02_base+resnet50+vgg16,
SoilOriginal,svm,2026,3,full,random_003,0.8149292413039948,0.8859649122807017,3,1090,0.42747905499709304,dinov2_large+gabor+glcm,
SoilOriginal,svm,2026,3,full,random_004,0.8683289184120445,0.8991228070175439,3,2560,0.621745638003631,convnext_v2_t+densenet121+mae_base,
SoilOriginal,svm,2026,3,full,random_005,0.44468713777609753,0.5614035087719298,3,182,0.07680049099872122,drlbp+gabor+lbp,
SoilOriginal,svm,2026,3,full,random_006,0.8870678726701762,0.9122807017543859,3,2304,0.4743344189992058,dinov2+siglip_base+vit_b16,
SoilOriginal,svm,2026,3,full,random_007,0.8665478502614616,0.8903508771929824,3,3812,0.8881522349984152,efficientnet_b0+hog+vit_b16,
SoilOriginal,svm,2026,3,full,random_008,0.8414895668434232,0.8903508771929824,3,1920,0.4480044769952656,dinov2+dinov2_small+siglip_base,
SoilOriginal,svm,2026,3,full,random_009,0.8665478502614616,0.8903508771929824,3,3812,0.8666246719949413,efficientnet_b0+hog+vit_b16,
SoilOriginal,svm,2026,3,full,random_010,0.8988452369584692,0.9166666666666666,3,1590,0.47882121200382244,eva02_base+lbp+mae_base,
SoilOriginal,svm,2026,3,full,random_011,0.8499526157923736,0.8903508771929824,3,3328,0.7171299930050736,densenet121+dinov2_large+efficientnet_b0,
SoilOriginal,svm,2026,3,full,random_012,0.874061770623516,0.8991228070175439,3,2560,0.51169831900188,densenet121+swin_t+vit_b16,
SoilOriginal,svm,2026,3,full,random_013,0.8640163108693022,0.9035087719298246,3,1920,0.41711709200171754,convnext_v2_t+deit_s+dinov2,
SoilOriginal,svm,2026,3,full,random_014,0.8929380640149229,0.9122807017543859,3,3200,0.5068686420054291,deit_s+eva02_base+resnet101,
SoilOriginal,svm,2026,3,full,random_015,0.899848107528174,0.9166666666666666,3,1584,0.42821123899921076,eva02_base+gabor+siglip_base,
SoilOriginal,svm,2026,3,full,random_016,0.8822950385377936,0.9166666666666666,3,1792,0.4259679749957286,dinov2+mae_base+rgb_ngram_svd,
SoilOriginal,svm,2026,3,full,random_017,0.8241384627781557,0.868421052631579,3,4196,0.9267381469981046,deit_s+hog+resnet101,
SoilOriginal,svm,2026,3,full,random_018,0.8688592881074085,0.9078947368421053,3,3200,0.4407078900039778,dinov2_small+resnet50+vit_b16,
SoilOriginal,svm,2026,3,full,random_019,0.8866132178161336,0.9078947368421053,3,1590,0.4016934419996687,efficientnet_b0+lbp+rgb_ngram_svd,
SoilOriginal,svm,2026,3,full,random_020,0.8490860682370932,0.8903508771929824,3,6628,0.8661326500005089,eva02_base+hog+vgg16,
SoilOriginal,svm,2026,3,full,random_021,0.879471330067152,0.9122807017543859,3,1536,0.3216100549980183,deit_s+dinov2_small+vit_b16,
SoilOriginal,svm,2026,3,full,random_022,0.8765147858523823,0.8991228070175439,3,1584,0.49389840599906165,gabor+mae_base+swin_t,
SoilOriginal,svm,2026,3,full,random_023,0.9138248638172028,0.9210526315789473,3,3072,0.40604806799819926,convnext_v2_t+resnet50+rgb_ngram_svd,
SoilOriginal,svm,2026,3,full,random_024,0.7774229029918633,0.8377192982456141,3,518,0.14974020400404697,deit_s+drlbp+lbp,
SoilOriginal,svm,2026,3,full,random_025,0.8800909477601208,0.9035087719298246,3,2128,0.48799736500222934,drlbp+efficientnet_b0+vit_b16,
SoilOriginal,svm,2026,3,full,random_026,0.8691679748822605,0.9078947368421053,3,1920,0.42962872199859703,dinov2_small+mae_base+vit_b16,
SoilOriginal,svm,2026,3,full,random_027,0.8550265003697923,0.8947368421052632,3,4196,0.8095142809979734,deit_s+hog+resnet50,
SoilOriginal,svm,2026,3,full,random_028,0.9047550243510402,0.9254385964912281,3,3584,0.544196588001796,resnet50+swin_t+vit_b16,
SoilOriginal,svm,2026,3,full,random_029,0.8453097561000297,0.8903508771929824,3,3152,0.5769284829948447,dinov2_large+drlbp+resnet50,
SoilOriginal,svm,2026,3,full,random_030,0.8963926083699448,0.9166666666666666,3,1554,0.4684743420002633,eva02_base+glcm+mae_base,
SoilOriginal,svm,2026,3,full,random_031,0.8322465467638196,0.8596491228070176,3,1078,0.40098194099846296,lbp+mae_base+rgb_ngram_svd,
SoilOriginal,svm,2026,3,full,random_032,0.8968464381355197,0.9166666666666666,3,3840,0.6131790649960749,convnext_v2_t+dinov2_large+resnet50,
SoilOriginal,svm,2026,3,full,random_033,0.8517197022615284,0.8991228070175439,3,1584,0.39858065000589704,convnext_v2_t+dinov2+gabor,
SoilOriginal,svm,2026,3,full,random_034,0.8942531180070893,0.9254385964912281,3,2870,0.48869655300222803,lbp+resnet50+siglip_base,
SoilOriginal,svm,2026,3,full,random_035,0.8728830925888721,0.9078947368421053,3,1584,0.3969858829950681,convnext_v2_t+gabor+siglip_base,
SoilOriginal,svm,2026,3,full,random_036,0.9129020603762736,0.9298245614035088,3,3072,0.4610569939977722,resnet101+rgb_ngram_svd+swin_t,
SoilOriginal,svm,2026,3,full,random_037,0.8733309709175879,0.9078947368421053,3,1232,0.3366268879981362,dinov2_small+drlbp+eva02_base,
SoilOriginal,svm,2026,3,full,random_038,0.8786524429079697,0.9122807017543859,3,5120,0.47730682200199226,rgb_ngram_svd+siglip_base+vgg16,
SoilOriginal,svm,2026,3,full,random_039,0.7962356999889837,0.8596491228070176,3,4944,0.49695676600094885,dinov2+drlbp+vgg16,
SoilOriginal,svm,2026,3,full,random_040,0.9032634668715648,0.9254385964912281,3,1616,0.37309134799579624,convnext_v2_t+drlbp+eva02_base,
SoilOriginal,svm,2026,3,full,random_041,0.8664088238314501,0.8947368421052632,3,4096,0.9241456649979227,efficientnet_b0+mae_base+resnet101,
SoilOriginal,svm,2026,3,full,random_042,0.8538011110641845,0.9035087719298246,3,1200,0.3402383110005758,dinov2_small+gabor+siglip_base,
SoilOriginal,svm,2026,3,full,random_043,0.8770839270922888,0.9035087719298246,3,3840,0.6471825129992794,convnext_v2_t+dinov2_large+resnet101,
SoilOriginal,svm,2026,3,full,random_044,0.9240327624759602,0.9385964912280702,3,2788,0.6781933099991875,eva02_base+hog+rgb_ngram_svd,
SoilOriginal,svm,2026,3,full,random_045,0.7758100350212441,0.8640350877192983,3,456,0.14395057700312464,dinov2_small+glcm+lbp,
SoilOriginal,svm,2026,3,full,random_046,0.7782641267650756,0.8245614035087719,3,4912,0.6442491749985493,gabor+mae_base+vgg16,
SoilOriginal,svm,2026,3,full,random_047,0.8637208839447776,0.8991228070175439,3,3300,0.801929105000454,hog+siglip_base+vit_b16,
SoilOriginal,svm,2026,3,full,random_048,0.8254673333771299,0.8728070175438597,3,2066,0.5377728599996772,efficientnet_b0+glcm+siglip_base,
SoilOriginal,svm,2026,3,full,random_049,0.8736862767565219,0.9035087719298246,3,3584,0.5400659459992312,convnext_v2_t+resnet101+vit_b16,
SoilOriginal,svm,2026,3,full,random_050,0.9132774931669214,0.9254385964912281,3,3328,0.5243646419985453,densenet121+resnet50+rgb_ngram_svd,
SoilOriginal,svm,2026,3,full,random_051,0.8924271378667824,0.9122807017543859,3,2816,0.602883291998296,efficientnet_b0+eva02_base+swin_t,
SoilOriginal,svm,2026,3,full,random_052,0.8747066966382199,0.9122807017543859,3,3200,0.5335333019975224,convnext_v2_t+dinov2_small+resnet101,
SoilOriginal,svm,2026,3,full,random_053,0.8294922155212425,0.8771929824561403,3,2176,0.5861603540033684,deit_s+densenet121+mae_base,
SoilOriginal,svm,2026,3,full,random_054,0.8665478502614616,0.8903508771929824,3,3812,0.8983497910012375,efficientnet_b0+hog+vit_b16,
SoilOriginal,svm,2026,3,full,random_055,0.9024917107742149,0.9254385964912281,3,1408,0.2942905800009612,deit_s+rgb_ngram_svd+siglip_base,
SoilOriginal,svm,2026,3,full,random_056,0.8483264759769541,0.8771929824561403,3,6198,0.6482564919933793,lbp+resnet101+vgg16,
SoilOriginal,svm,2026,3,full,random_057,0.8803685023260265,0.9122807017543859,3,1810,0.5189440169997397,dinov2_large+glcm+siglip_base,
SoilOriginal,svm,2026,3,full,random_058,0.8530059827735187,0.881578947368421,3,6192,0.6216287729985197,gabor+resnet101+vgg16,
SoilOriginal,svm,2026,3,full,random_059,0.859048061073481,0.8947368421052632,3,5632,0.5735479740033043,convnext_v2_t+siglip_base+vgg16,
SoilOriginal,svm,2026,3,full,random_060,0.7774229029918633,0.8377192982456141,3,518,0.1505179110026802,deit_s+drlbp+lbp,
SoilOriginal,svm,2026,3,full,random_061,0.897913583370318,0.9210526315789473,3,2304,0.5146442940022098,eva02_base+mae_base+swin_t,
SoilOriginal,svm,2026,3,full,random_062,0.8487242908446136,0.8903508771929824,3,1682,0.4524950240011094,dinov2_small+efficientnet_b0+glcm,
SoilOriginal,svm,2026,3,full,random_063,0.870647331437605,0.9035087719298246,3,5632,0.5336730319977505,convnext_v2_t+eva02_base+vgg16,
SoilOriginal,svm,2026,3,full,random_064,0.872437524965657,0.9035087719298246,3,3300,0.7542123940002057,hog+swin_t+vit_b16,
SoilOriginal,svm,2026,3,full,random_065,0.9035752076379854,0.9298245614035088,3,1920,0.4587248130046646,deit_s+siglip_base+swin_t,
SoilOriginal,svm,2026,3,full,random_066,0.8944565487591404,0.9122807017543859,3,4864,0.6629985390027286,resnet101+resnet50+vit_b16,
SoilOriginal,svm,2026,3,full,random_067,0.7940173861226493,0.8728070175438597,3,518,0.14322864600399043,dinov2_small+drlbp+lbp,
SoilOriginal,svm,2026,3,full,random_068,0.8807687333032954,0.9078947368421053,3,2864,0.466216542001348,gabor+resnet50+swin_t,
SoilOriginal,svm,2026,3,full,random_069,0.8588019100549431,0.8947368421052632,3,5888,0.6324564700043993,densenet121+eva02_base+vgg16,
SoilOriginal,svm,2026,3,full,random_070,0.8675440007685074,0.8947368421052632,3,834,0.2497317320012371,gabor+glcm+swin_t,
SoilOriginal,svm,2026,3,full,random_071,0.8310876297072124,0.8991228070175439,3,1200,0.38880243199673714,dinov2_small+gabor+mae_base,
SoilOriginal,svm,2026,3,full,random_072,0.8891173754773963,0.9122807017543859,3,2560,0.5449335390003398,densenet121+efficientnet_b0+rgb_ngram_svd,
SoilOriginal,svm,2026,3,full,random_073,0.8705390642539141,0.9078947368421053,3,2896,0.43864790400402853,drlbp+eva02_base+resnet50,
SoilOriginal,svm,2026,3,full,random_074,0.8716616065319311,0.9078947368421053,3,1920,0.40918909500032896,dinov2_small+siglip_base+vit_b16,
SoilOriginal,svm,2026,3,full,random_075,0.7895976036020228,0.8552631578947368,3,1206,0.42804351100494387,deit_s+lbp+mae_base,
SoilOriginal,svm,2026,3,full,random_076,0.8410854849734307,0.881578947368421,3,1584,0.3521533550010645,dinov2+gabor+vit_b16,
SoilOriginal,svm,2026,3,full,random_077,0.8993654808341948,0.9166666666666666,3,1846,0.639516041999741,densenet121+lbp+mae_base,
SoilOriginal,svm,2026,3,full,random_078,0.8621545135006207,0.8903508771929824,3,3376,0.6860385409963783,efficientnet_b0+gabor+resnet101,
SoilOriginal,svm,2026,3,full,random_079,0.9023138692009749,0.9166666666666666,3,2304,0.4873319629987236,efficientnet_b0+rgb_ngram_svd+siglip_base,
SoilOriginal,svm,2026,3,full,random_080,0.8963926083699448,0.9166666666666666,3,1616,0.4701569379976718,drlbp+eva02_base+mae_base,
SoilOriginal,svm,2026,3,full,random_081,0.8780024583711219,0.8991228070175439,3,4096,0.6895283760022721,efficientnet_b0+resnet101+vit_b16,
SoilOriginal,svm,2026,3,full,random_082,0.8806917329765146,0.9035087719298246,3,1590,0.5308192090014927,lbp+mae_base+swin_t,
SoilOriginal,svm,2026,3,full,random_083,0.872676846605376,0.8991228070175439,3,1584,0.3489132679969771,gabor+swin_t+vit_b16,
SoilOriginal,svm,2026,3,full,random_084,0.8825891421382211,0.9035087719298246,3,5632,0.5030346349958563,eva02_base+vgg16+vit_b16,
SoilOriginal,svm,2026,3,full,random_085,0.8249767776083565,0.868421052631579,3,5174,0.6229998330018134,densenet121+lbp+vgg16,
SoilOriginal,svm,2026,3,full,random_086,0.9121102560461828,0.9122807017543859,3,2384,0.3579419660018175,drlbp+resnet50+rgb_ngram_svd,
SoilOriginal,svm,2026,3,full,random_087,0.9042826618541607,0.9254385964912281,3,1078,0.26010608799697366,lbp+rgb_ngram_svd+swin_t,
SoilOriginal,svm,2026,3,full,random_088,0.8628273950792549,0.9035087719298246,3,1920,0.4599825290060835,dinov2_small+mae_base+swin_t,
SoilOriginal,svm,2026,3,full,random_089,0.8383643829959403,0.8771929824561403,3,4944,0.4791700000059791,convnext_v2_t+drlbp+vgg16,
SoilOriginal,svm,2026,3,full,random_090,0.8456446304994186,0.8991228070175439,3,1840,0.48062673300591996,convnext_v2_t+dinov2_large+gabor,
SoilOriginal,svm,2026,3,full,random_091,0.883975322000124,0.9078947368421053,3,4096,0.6768651090023923,convnext_v2_t+efficientnet_b0+resnet50,
SoilOriginal,svm,2026,3,full,random_092,0.8945680251470388,0.9122807017543859,3,3584,0.5559483930046554,resnet101+swin_t+vit_b16,
SoilOriginal,svm,2026,3,full,random_093,0.8705390642539141,0.9078947368421053,3,2896,0.4478879369999049,drlbp+eva02_base+resnet50,
SoilOriginal,svm,2026,3,full,random_094,0.893427030107965,0.9122807017543859,3,1872,0.6685838689954835,densenet121+drlbp+mae_base,
SoilOriginal,svm,2026,3,full,random_095,0.8205941928475086,0.8771929824561403,3,2896,0.48280236500431783,dinov2+drlbp+resnet50,
SoilOriginal,svm,2026,3,full,random_096,0.8707652123065247,0.8991228070175439,3,1200,0.29923557300207904,deit_s+gabor+vit_b16,
SoilOriginal,svm,2026,3,full,random_097,0.9094019328367986,0.9254385964912281,3,1792,0.3455112130031921,dinov2+eva02_base+rgb_ngram_svd,
SoilOriginal,svm,2026,3,full,random_098,0.8454136573756035,0.881578947368421,3,902,0.2672120429997449,drlbp+lbp+mae_base,
SoilOriginal,svm,2026,3,full,random_099,0.8588562591405486,0.8903508771929824,3,3712,0.5997239440039266,deit_s+efficientnet_b0+resnet50,
SoilOriginal,svm,2026,4,full,random_000,0.8118759676662413,0.8947368421052632,5,1992,0.6515132869972149,dinov2_small+eva02_base+glcm+lbp+mae_base,
SoilOriginal,svm,2026,4,full,random_001,0.8196209138432579,0.9078947368421053,5,3456,0.9190034269995522,deit_s+eva02_base+mae_base+siglip_base+vit_b16,
SoilOriginal,svm,2026,4,full,random_002,0.8015971268236043,0.8903508771929824,5,2498,0.7836340339999879,dinov2_small+efficientnet_b0+gabor+glcm+swin_t,
SoilOriginal,svm,2026,4,full,random_003,0.8150015102865573,0.8991228070175439,5,3254,1.0461359640030423,deit_s+efficientnet_b0+lbp+mae_base+siglip_base,
SoilOriginal,svm,2026,4,full,random_004,0.8133613068328727,0.8991228070175439,5,6582,1.0501694939957815,densenet121+dinov2_large+dinov2_small+lbp+vgg16,
SoilOriginal,svm,2026,4,full,random_005,0.8281054378807292,0.9166666666666666,5,3712,1.015333510003984,deit_s+dinov2_large+eva02_base+siglip_base+swin_t,
SoilOriginal,svm,2026,4,full,random_006,0.8033217317934926,0.8947368421052632,5,1656,0.5450150190008571,gabor+glcm+lbp+siglip_base+vit_b16,
SoilOriginal,svm,2026,4,full,random_007,0.8411546229781689,0.9122807017543859,5,3718,0.9282044770006905,convnext_v2_t+drlbp+lbp+resnet101+siglip_base,
SoilOriginal,svm,2026,4,full,random_008,0.8118715360717637,0.8859649122807017,5,1474,0.4585963380013709,dinov2_small+gabor+glcm+rgb_ngram_svd+siglip_base,
SoilOriginal,svm,2026,4,full,random_009,0.8441610142914923,0.9210526315789473,5,6784,0.9272233200026676,dinov2_small+eva02_base+swin_t+vgg16+vit_b16,
SoilOriginal,svm,2026,4,full,random_010,0.787545835030927,0.8771929824561403,5,2870,0.8819311129991547,dinov2_large+lbp+mae_base+rgb_ngram_svd+swin_t,
SoilOriginal,svm,2026,4,full,random_011,0.8236326360351748,0.8903508771929824,5,8320,1.0286041979998117,deit_s+densenet121+eva02_base+resnet50+vgg16,
SoilOriginal,svm,2026,4,full,random_012,0.7989940284309535,0.8771929824561403,5,3994,1.5311308489981457,deit_s+dinov2_large+hog+lbp+mae_base,
SoilOriginal,svm,2026,4,full,random_013,0.7973562955705812,0.881578947368421,5,3574,1.1204939610033762,dinov2+glcm+hog+rgb_ngram_svd+siglip_base,
SoilOriginal,svm,2026,4,full,random_014,0.8186621839531287,0.9035087719298246,5,3328,0.9665247649973026,deit_s+dinov2_large+dinov2_small+siglip_base+swin_t,
SoilOriginal,svm,2026,4,full,random_015,0.8339621565287387,0.9035087719298246,5,7908,1.540998418997333,convnext_v2_t+dinov2_large+hog+rgb_ngram_svd+vgg16,
SoilOriginal,svm,2026,4,full,random_016,0.7841647699992265,0.8640350877192983,5,5732,1.56151194999984,deit_s+hog+mae_base+resnet101+swin_t,
SoilOriginal,svm,2026,4,full,random_017,0.8341140074687797,0.9035087719298246,5,1536,0.41426456100452924,dinov2_small+drlbp+eva02_base+gabor+rgb_ngram_svd,
SoilOriginal,svm,2026,4,full,random_018,0.8280866710278323,0.9035087719298246,5,3912,0.8279015850057476,dinov2_large+eva02_base+glcm+lbp+resnet50,
SoilOriginal,svm,2026,4,full,random_019,0.7725924595642188,0.8333333333333334,5,6244,1.1745734340001945,drlbp+gabor+hog+rgb_ngram_svd+vgg16,
SoilOriginal,svm,2026,4,full,random_020,0.81435431980019,0.8947368421052632,5,3986,0.9316333699971437,deit_s+glcm+mae_base+resnet101+vit_b16,
SoilOriginal,svm,2026,4,full,random_021,0.7977121739469913,0.8947368421052632,5,2870,0.769246892996307,dinov2_large+lbp+rgb_ngram_svd+siglip_base+vit_b16,
SoilOriginal,svm,2026,4,full,random_022,0.8658390490332414,0.9254385964912281,5,3602,0.9012437479977962,dinov2+efficientnet_b0+eva02_base+glcm+vit_b16,
SoilOriginal,svm,2026,4,full,random_023,0.8177627061650016,0.9122807017543859,5,3732,1.1562116579953,dinov2_small+gabor+hog+mae_base+vit_b16,
SoilOriginal,svm,2026,4,full,random_024,0.768885497229439,0.8640350877192983,5,1766,0.5190150470007211,dinov2_large+dinov2_small+gabor+lbp+rgb_ngram_svd,
SoilOriginal,svm,2026,4,full,random_025,0.8024485928887445,0.8771929824561403,5,4916,1.1253096399959759,convnext_v2_t+drlbp+hog+resnet50+rgb_ngram_svd,
SoilOriginal,svm,2026,4,full,random_026,0.8275688348710661,0.8903508771929824,5,4736,0.9593305740054348,deit_s+efficientnet_b0+resnet101+rgb_ngram_svd+siglip_base,
SoilOriginal,svm,2026,4,full,random_027,0.8033447202514997,0.9078947368421053,5,3986,0.8310923180033569,dinov2+dinov2_small+glcm+resnet101+vit_b16,
SoilOriginal,svm,2026,4,full,random_028,0.8219527879807396,0.8991228070175439,5,6528,0.8762265409968677,dinov2_large+dinov2_small+eva02_base+rgb_ngram_svd+vgg16,
SoilOriginal,svm,2026,4,full,random_029,0.85241610519806,0.9122807017543859,5,3920,1.0299266259971773,dinov2_large+drlbp+efficientnet_b0+eva02_base+swin_t,
SoilOriginal,svm,2026,4,full,random_030,0.7942843500987752,0.8596491228070176,5,2896,0.9068133770051645,densenet121+drlbp+mae_base+rgb_ngram_svd+swin_t,
SoilOriginal,svm,2026,4,full,random_031,0.8130156911155717,0.8903508771929824,5,7606,1.0446570010026335,deit_s+dinov2_large+lbp+resnet101+vgg16,
SoilOriginal,svm,2026,4,full,random_032,0.8283909667674558,0.8903508771929824,5,7734,1.1609377400018275,convnext_v2_t+lbp+mae_base+resnet101+vgg16,
SoilOriginal,svm,2026,4,full,random_033,0.7757142476743574,0.8728070175438597,5,5348,1.1293375980021665,deit_s+dinov2_small+hog+resnet50+siglip_base,
SoilOriginal,svm,2026,4,full,random_034,0.7936142343586698,0.8596491228070176,5,5428,1.3131949369999347,convnext_v2_t+drlbp+hog+resnet50+swin_t,
SoilOriginal,svm,2026,4,full,random_035,0.7951771689197636,0.881578947368421,5,4864,0.9714396310009761,dinov2_large+resnet101+rgb_ngram_svd+siglip_base+swin_t,
SoilOriginal,svm,2026,4,full,random_036,0.8155424336725439,0.8859649122807017,5,8448,1.0229096050024964,efficientnet_b0+eva02_base+resnet50+rgb_ngram_svd+vgg16,
SoilOriginal,svm,2026,4,full,random_037,0.8156339343137095,0.8903508771929824,5,2706,0.7141122379980516,dinov2+dinov2_small+efficientnet_b0+glcm+rgb_ngram_svd,
SoilOriginal,svm,2026,4,full,random_038,0.819902809608692,0.8903508771929824,5,4930,0.6624036749999505,deit_s+dinov2_small+gabor+glcm+vgg16,
SoilOriginal,svm,2026,4,full,random_039,0.7823905743961698,0.8947368421052632,5,5732,1.5649144990020432,dinov2+dinov2_small+hog+resnet101+swin_t,
SoilOriginal,svm,2026,4,full,random_040,0.8083261844479305,0.8771929824561403,5,5138,0.9077234610012965,convnext_v2_t+glcm+resnet101+resnet50+rgb_ngram_svd,
SoilOriginal,svm,2026,4,full,random_041,0.8260172488941159,0.9166666666666666,5,5366,1.6221097040033783,dinov2+glcm+hog+resnet50+siglip_base,
SoilOriginal,svm,2026,4,full,random_042,0.816763201325946,0.8947368421052632,5,2310,0.8045291869930224,deit_s+densenet121+dinov2+drlbp+lbp,
SoilOriginal,svm,2026,4,full,random_043,0.84495879053898,0.9078947368421053,5,4708,1.4525313050035038,convnext_v2_t+deit_s+densenet121+hog+siglip_base,
SoilOriginal,svm,2026,4,full,random_044,0.8178982156878467,0.9035087719298246,5,3894,1.2679561379991355,convnext_v2_t+dinov2_large+efficientnet_b0+lbp+swin_t,
SoilOriginal,svm,2026,4,full,random_045,0.8123338902174032,0.8991228070175439,5,6272,1.2338368060009088,deit_s+dinov2_large+resnet101+resnet50+siglip_base,
SoilOriginal,svm,2026,4,full,random_046,0.7973562955705812,0.881578947368421,5,3610,1.0561744320002617,dinov2+hog+lbp+rgb_ngram_svd+siglip_base,
SoilOriginal,svm,2026,4,full,random_047,0.7764551595581971,0.8464912280701754,5,4934,1.515920677993563,densenet121+drlbp+glcm+hog+resnet50,
SoilOriginal,svm,2026,4,full,random_048,0.8373048011607881,0.9035087719298246,5,5968,0.7589906829962274,convnext_v2_t+drlbp+rgb_ngram_svd+siglip_base+vgg16,
SoilOriginal,svm,2026,4,full,random_049,0.7999652655839977,0.8903508771929824,5,3528,0.7992299489997094,densenet121+dinov2_small+glcm+lbp+resnet50,
SoilOriginal,svm,2026,4,full,random_050,0.8052061301672399,0.8859649122807017,5,1670,0.4774647360027302,deit_s+dinov2_small+drlbp+eva02_base+lbp,
SoilOriginal,svm,2026,4,full,random_051,0.8031361132307125,0.8771929824561403,5,3940,1.0523181799944723,deit_s+dinov2+hog+mae_base+rgb_ngram_svd,
SoilOriginal,svm,2026,4,full,random_052,0.8262603708413355,0.9035087719298246,5,5376,1.1878054739936488,dinov2+dinov2_large+mae_base+resnet101+vit_b16,
SoilOriginal,svm,2026,4,full,random_053,0.822434235226526,0.8859649122807017,5,4882,1.2388020729995333,efficientnet_b0+glcm+mae_base+resnet50+siglip_base,
SoilOriginal,svm,2026,4,full,random_054,0.8234645279429975,0.9078947368421053,5,4096,1.0726543040000251,dinov2+dinov2_large+eva02_base+mae_base+swin_t,
SoilOriginal,svm,2026,4,full,random_055,0.8222589592866324,0.8991228070175439,5,2882,0.8849735020048684,densenet121+dinov2_large+eva02_base+gabor+glcm,
SoilOriginal,svm,2026,4,full,random_056,0.8181912513356852,0.9078947368421053,5,4662,1.001810359004594,dinov2_large+lbp+resnet50+siglip_base+swin_t,
SoilOriginal,svm,2026,4,full,random_057,0.8370759145357279,0.9035087719298246,5,7046,0.9569849360050284,drlbp+eva02_base+lbp+resnet101+vgg16,
SoilOriginal,svm,2026,4,full,random_058,0.8409650468440412,0.9122807017543859,5,7698,1.0095456569979433,glcm+resnet101+siglip_base+vgg16+vit_b16,
SoilOriginal,svm,2026,4,full,random_059,0.8318229625946489,0.9035087719298246,5,7984,1.0515869180017035,dinov2_large+eva02_base+gabor+resnet50+vgg16,
SoilOriginal,svm,2026,4,full,random_060,0.870135111055208,0.9342105263157895,5,3152,0.8012219980009831,convnext_v2_t+dinov2+drlbp+eva02_base+vit_b16,
SoilOriginal,svm,2026,4,full,random_061,0.7732231571613666,0.8552631578947368,5,3894,1.2094171210046625,densenet121+efficientnet_b0+lbp+mae_base+swin_t,
SoilOriginal,svm,2026,4,full,random_062,0.8442964559940233,0.9166666666666666,5,3408,0.8649441599991405,convnext_v2_t+dinov2_large+drlbp+eva02_base+swin_t,
SoilOriginal,svm,2026,4,full,random_063,0.8524003498997986,0.9210526315789473,5,6656,0.9148291719975532,eva02_base+rgb_ngram_svd+siglip_base+vgg16+vit_b16,
SoilOriginal,svm,2026,4,full,random_064,0.8483753033377094,0.9210526315789473,5,7414,1.2679545460050576,eva02_base+glcm+hog+swin_t+vgg16,
SoilOriginal,svm,2026,4,full,random_065,0.7944701726844584,0.8903508771929824,5,6528,1.2667159069969784,densenet121+dinov2_large+dinov2_small+resnet101+resnet50,
SoilOriginal,svm,2026,4,full,random_066,0.8188761733373664,0.8947368421052632,5,4626,1.1847849350015167,densenet121+glcm+mae_base+resnet101+siglip_base,
SoilOriginal,svm,2026,4,full,random_067,0.8036309836993831,0.8991228070175439,5,2658,0.8012536850001197,dinov2_large+drlbp+glcm+siglip_base+vit_b16,
SoilOriginal,svm,2026,4,full,random_068,0.8465418036543111,0.9122807017543859,5,3840,0.8861089609999908,convnext_v2_t+efficientnet_b0+eva02_base+rgb_ngram_svd+swin_t,
SoilOriginal,svm,2026,4,full,random_069,0.8256674258042416,0.9035087719298246,5,4992,1.0135446460044477,convnext_v2_t+deit_s+dinov2+dinov2_large+resnet50,
SoilOriginal,svm,2026,4,full,random_070,0.8239984029449706,0.9122807017543859,5,3024,0.9241448140019202,densenet121+dinov2_small+drlbp+mae_base+vit_b16,
SoilOriginal,svm,2026,4,full,random_071,0.8486358326749411,0.9166666666666666,5,5120,1.1385722010018071,convnext_v2_t+efficientnet_b0+eva02_base+resnet101+rgb_ngram_svd,
SoilOriginal,svm,2026,4,full,random_072,0.8169035129074018,0.8728070175438597,5,4678,1.4196792189977714,convnext_v2_t+drlbp+glcm+hog+resnet50,
SoilOriginal,svm,2026,4,full,random_073,0.8422711547711547,0.9122807017543859,5,4660,1.6564736239961348,dinov2+drlbp+efficientnet_b0+hog+siglip_base,
SoilOriginal,svm,2026,4,full,random_074,0.8179582484310011,0.8947368421052632,5,4890,1.0869245460053207,eva02_base+hog+lbp+resnet101+rgb_ngram_svd,
SoilOriginal,svm,2026,4,full,random_075,0.8076473785202439,0.8859649122807017,5,2768,0.7845389610010898,deit_s+drlbp+siglip_base+swin_t+vit_b16,
SoilOriginal,svm,2026,4,full,random_076,0.7956484847929222,0.868421052631579,5,4162,1.1303697580005974,efficientnet_b0+gabor+glcm+mae_base+resnet50,
SoilOriginal,svm,2026,4,full,random_077,0.7849378442918186,0.8464912280701754,5,6626,0.8478438180027297,deit_s+drlbp+glcm+resnet50+vgg16,
SoilOriginal,svm,2026,4,full,random_078,0.821549775775931,0.8903508771929824,5,6912,1.32163852800295,dinov2+efficientnet_b0+mae_base+resnet101+resnet50,
SoilOriginal,svm,2026,4,full,random_079,0.7793553311071862,0.8859649122807017,5,4628,1.4361846379979397,densenet121+dinov2_large+gabor+hog+swin_t,
SoilOriginal,svm,2026,4,full,random_080,0.8307639410958053,0.9078947368421053,5,5712,0.9342151559976628,drlbp+eva02_base+resnet101+resnet50+vit_b16,
SoilOriginal,svm,2026,4,full,random_081,0.8258676247268417,0.9035087719298246,5,2640,0.6413356819975888,dinov2+drlbp+eva02_base+rgb_ngram_svd+vit_b16,
SoilOriginal,svm,2026,4,full,random_082,0.7888934163693966,0.8771929824561403,5,5942,0.7602074570022523,lbp+rgb_ngram_svd+swin_t+vgg16+vit_b16,
SoilOriginal,svm,2026,4,full,random_083,0.8328829344127096,0.9035087719298246,5,8164,1.4908724409979186,convnext_v2_t+dinov2+hog+swin_t+vgg16,
SoilOriginal,svm,2026,4,full,random_084,0.8021854381302084,0.868421052631579,5,4116,1.1697746490026475,efficientnet_b0+gabor+hog+rgb_ngram_svd+swin_t,
SoilOriginal,svm,2026,4,full,random_085,0.7958015577020741,0.8859649122807017,5,4480,0.900366195004608,convnext_v2_t+dinov2_large+dinov2_small+resnet50+rgb_ngram_svd,
SoilOriginal,svm,2026,4,full,random_086,0.8036923864322665,0.8859649122807017,5,3190,0.9851225329985027,deit_s+glcm+hog+rgb_ngram_svd+siglip_base,
SoilOriginal,svm,2026,4,full,random_087,0.8138819763287044,0.8991228070175439,5,5504,1.1291083429969149,dinov2_large+dinov2_small+efficientnet_b0+resnet50+vit_b16,
SoilOriginal,svm,2026,4,full,random_088,0.793483747606229,0.8903508771929824,5,5396,1.339186139004596,dinov2+gabor+hog+resnet101+vit_b16,
SoilOriginal,svm,2026,4,full,random_089,0.8030775936444426,0.8728070175438597,5,4406,0.8970973210016382,convnext_v2_t+efficientnet_b0+lbp+resnet50+rgb_ngram_svd,
SoilOriginal,svm,2026,4,full,random_090,0.8357428999096459,0.9166666666666666,5,2626,0.8743845520002651,densenet121+dinov2+gabor+glcm+siglip_base,
SoilOriginal,svm,2026,4,full,random_091,0.8205179556741872,0.8947368421052632,5,4634,1.4343607720002183,efficientnet_b0+hog+lbp+siglip_base+swin_t,
SoilOriginal,svm,2026,4,full,random_092,0.8393471925165594,0.8903508771929824,5,6320,0.9368283180010621,convnext_v2_t+deit_s+densenet121+gabor+vgg16,
SoilOriginal,svm,2026,4,full,random_093,0.8388992525125436,0.9122807017543859,5,4096,1.0947588499984704,densenet121+eva02_base+mae_base+siglip_base+swin_t,
SoilOriginal,svm,2026,4,full,random_094,0.810839125933254,0.8859649122807017,5,2486,0.6121394380024867,deit_s+densenet121+eva02_base+lbp+rgb_ngram_svd,
SoilOriginal,svm,2026,4,full,random_095,0.7940481811916421,0.8640350877192983,5,4268,1.4535885430013877,deit_s+glcm+hog+lbp+resnet101,
SoilOriginal,svm,2026,4,full,random_096,0.8446541719469085,0.9122807017543859,5,4122,1.0613391119986773,eva02_base+hog+lbp+swin_t+vit_b16,
SoilOriginal,svm,2026,4,full,random_097,0.8228376607787906,0.8728070175438597,5,7734,1.3206770379983936,lbp+mae_base+resnet50+swin_t+vgg16,
SoilOriginal,svm,2026,4,full,random_098,0.8270503834898426,0.9035087719298246,5,4992,1.2392581259991857,convnext_v2_t+dinov2_large+dinov2_small+resnet101+siglip_base,
SoilOriginal,svm,2026,4,full,random_099,0.8146577071237464,0.8859649122807017,5,3456,0.9954281669997727,convnext_v2_t+deit_s+efficientnet_b0+rgb_ngram_svd+swin_t,
SoilOriginal,resmlp,42,0,full,random_000,0.8799787848660029,0.9385964912280702,8,10468,1.1130658449983457,densenet121+dinov2+efficientnet_b0+eva02_base+hog+resnet101+resnet50+swin_t,
SoilOriginal,resmlp,42,0,full,random_001,0.8683703602873301,0.9298245614035088,8,8198,1.0407823560017277,dinov2_small+drlbp+efficientnet_b0+lbp+mae_base+siglip_base+swin_t+vgg16,
SoilOriginal,resmlp,42,0,full,random_002,0.9096958433346538,0.9429824561403509,8,7012,1.393863995996071,convnext_v2_t+dinov2_large+dinov2_small+eva02_base+hog+mae_base+swin_t+vit_b16,
SoilOriginal,resmlp,42,0,full,random_003,0.8538608605221406,0.9166666666666666,8,10438,1.6450590370004647,deit_s+densenet121+dinov2_large+drlbp+glcm+hog+resnet50+vgg16,
SoilOriginal,resmlp,42,0,full,random_004,0.8577376330626378,0.9078947368421053,8,7348,0.9113429979988723,convnext_v2_t+deit_s+drlbp+hog+mae_base+resnet50+swin_t+vit_b16,
SoilOriginal,resmlp,42,0,full,random_005,0.9008905969412749,0.9298245614035088,8,3576,0.7124333089959691,deit_s+dinov2+efficientnet_b0+gabor+glcm+lbp+rgb_ngram_svd+vit_b16,
SoilOriginal,resmlp,42,0,full,random_006,0.9146960353787515,0.9517543859649122,8,11492,1.240050637999957,dinov2+dinov2_large+eva02_base+hog+resnet101+rgb_ngram_svd+swin_t+vgg16,
SoilOriginal,resmlp,42,0,full,random_007,0.8512214903676334,0.9078947368421053,8,5376,0.6001041589988745,deit_s+densenet121+dinov2_large+drlbp+efficientnet_b0+gabor+swin_t+vit_b16,
SoilOriginal,resmlp,42,0,full,random_008,0.8630170213682705,0.9210526315789473,8,12180,1.4220981859980384,deit_s+densenet121+gabor+hog+resnet101+resnet50+vgg16+vit_b16,
SoilOriginal,resmlp,42,0,full,random_009,0.9023678775591232,0.9429824561403509,8,4784,0.7263868230002117,convnext_v2_t+densenet121+dinov2_small+eva02_base+gabor+rgb_ngram_svd+siglip_base+swin_t,
SoilOriginal,resmlp,42,0,full,random_010,0.839240319542566,0.8991228070175439,8,6608,1.2873619940000935,convnext_v2_t+dinov2+dinov2_large+dinov2_small+drlbp+resnet50+siglip_base+swin_t,
SoilOriginal,resmlp,42,0,full,random_011,0.8978499565334432,0.9385964912280702,8,5622,1.4026031140019768,deit_s+densenet121+dinov2+dinov2_large+dinov2_small+glcm+hog+rgb_ngram_svd,
SoilOriginal,resmlp,42,0,full,random_012,0.8908626874638497,0.9429824561403509,8,10082,1.1980204670035164,dinov2_large+drlbp+efficientnet_b0+eva02_base+glcm+resnet101+siglip_base+vgg16,
SoilOriginal,resmlp,42,0,full,random_013,0.8957829332682844,0.9385964912280702,8,6040,1.7453675240030861,densenet121+drlbp+efficientnet_b0+eva02_base+glcm+lbp+mae_base+resnet101,
SoilOriginal,resmlp,42,0,full,random_014,0.8709615397350065,0.9122807017543859,8,9364,1.3631141720034066,convnext_v2_t+dinov2+dinov2_small+gabor+hog+siglip_base+vgg16+vit_b16,
SoilOriginal,resmlp,42,0,full,random_015,0.9163470077395414,0.9517543859649122,8,5482,1.3074866840033792,dinov2+dinov2_large+drlbp+hog+lbp+rgb_ngram_svd+siglip_base+swin_t,
SoilOriginal,resmlp,42,0,full,random_016,0.9065028387354709,0.9429824561403509,8,8090,1.457239445997402,drlbp+efficientnet_b0+eva02_base+gabor+hog+lbp+resnet101+resnet50,
SoilOriginal,resmlp,42,0,full,random_017,0.9191513688341718,0.956140350877193,8,5826,0.913232529994275,convnext_v2_t+densenet121+dinov2_small+gabor+glcm+mae_base+resnet101+siglip_base,
SoilOriginal,resmlp,42,0,full,random_018,0.855398735298014,0.9342105263157895,8,13540,1.146399322002253,densenet121+dinov2_large+eva02_base+hog+resnet101+resnet50+swin_t+vgg16,
SoilOriginal,resmlp,42,0,full,random_019,0.8748834901674735,0.9385964912280702,8,11568,1.730087641000864,densenet121+dinov2+gabor+resnet101+resnet50+siglip_base+swin_t+vgg16,
SoilOriginal,resmlp,42,0,full,random_020,0.8833679112864498,0.9254385964912281,8,5778,1.1237489249979262,convnext_v2_t+deit_s+dinov2+eva02_base+glcm+resnet101+rgb_ngram_svd+siglip_base,
SoilOriginal,resmlp,42,0,full,random_021,0.8915946693126536,0.9385964912280702,8,9282,1.2002555610015406,dinov2+eva02_base+gabor+glcm+mae_base+resnet50+vgg16+vit_b16,
SoilOriginal,resmlp,42,0,full,random_022,0.8763288658675011,0.9342105263157895,8,5652,0.8289470770032494,deit_s+dinov2+dinov2_small+gabor+hog+mae_base+siglip_base+swin_t,
SoilOriginal,resmlp,42,0,full,random_023,0.8846154468859487,0.9298245614035088,8,5858,0.8606068380031502,convnext_v2_t+densenet121+dinov2_small+drlbp+eva02_base+glcm+mae_base+resnet50,
SoilOriginal,resmlp,42,0,full,random_024,0.9156337138974285,0.9473684210526315,8,5980,0.9085999250019086,densenet121+dinov2+gabor+glcm+hog+lbp+resnet101+rgb_ngram_svd,
SoilOriginal,resmlp,42,0,full,random_025,0.9254096077258002,0.956140350877193,8,8008,1.0742613229958806,densenet121+dinov2_large+eva02_base+glcm+lbp+mae_base+rgb_ngram_svd+vgg16,
SoilOriginal,resmlp,42,0,full,random_026,0.9064754926552278,0.9342105263157895,8,7552,1.3229186159951496,convnext_v2_t+densenet121+dinov2_large+dinov2_small+efficientnet_b0+eva02_base+resnet101+rgb_ngram_svd,
SoilOriginal,resmlp,42,0,full,random_027,0.8755623182260306,0.9385964912280702,8,9666,0.9995860800045193,dinov2_large+dinov2_small+efficientnet_b0+gabor+glcm+mae_base+resnet50+vgg16,
SoilOriginal,resmlp,42,0,full,random_028,0.8690681896298079,0.9298245614035088,8,10138,1.4726226269995095,dinov2+dinov2_large+dinov2_small+efficientnet_b0+hog+lbp+mae_base+vgg16,
SoilOriginal,resmlp,42,0,full,random_029,0.8842967099177484,0.9298245614035088,8,7314,1.4740144169991254,convnext_v2_t+deit_s+densenet121+glcm+mae_base+resnet101+resnet50+rgb_ngram_svd,
SoilOriginal,resmlp,42,0,full,random_030,0.8622960542416446,0.8991228070175439,8,6756,1.7507009820037638,convnext_v2_t+densenet121+dinov2_large+drlbp+efficientnet_b0+gabor+hog+mae_base,
SoilOriginal,resmlp,42,0,full,random_031,0.9143156695310302,0.9429824561403509,8,7962,1.087621910002781,dinov2_large+efficientnet_b0+hog+lbp+resnet50+rgb_ngram_svd+siglip_base+vit_b16,
SoilOriginal,resmlp,42,0,full,random_032,0.884079714448378,0.9210526315789473,8,6250,0.6138039380020928,densenet121+dinov2+dinov2_large+drlbp+eva02_base+hog+lbp+mae_base,
SoilOriginal,resmlp,42,0,full,random_033,0.8515332945157505,0.9166666666666666,8,5494,1.105414222998661,densenet121+dinov2_large+drlbp+gabor+glcm+hog+siglip_base+vit_b16,
SoilOriginal,resmlp,42,0,full,random_034,0.8915479399306893,0.9385964912280702,8,9142,0.9103531060027308,deit_s+dinov2+eva02_base+lbp+resnet50+rgb_ngram_svd+siglip_base+vgg16,
SoilOriginal,resmlp,42,0,full,random_035,0.8894184096624648,0.9429824561403509,8,8904,1.307797525994829,dinov2+dinov2_small+glcm+lbp+resnet101+siglip_base+swin_t+vgg16,
SoilOriginal,resmlp,42,0,full,random_036,0.8835761857190427,0.9166666666666666,8,5456,1.2467697729953215,deit_s+dinov2+dinov2_large+dinov2_small+drlbp+efficientnet_b0+siglip_base+swin_t,
SoilOriginal,resmlp,42,0,full,random_037,0.8687956987463432,0.9166666666666666,8,7112,0.9660890720042516,densenet121+dinov2_small+glcm+lbp+mae_base+resnet101+resnet50+vit_b16,
SoilOriginal,resmlp,42,0,full,random_038,0.8600370051308726,0.9210526315789473,8,10870,1.0467551559995627,deit_s+dinov2+dinov2_large+glcm+hog+mae_base+resnet101+vgg16,
SoilOriginal,resmlp,42,0,full,random_039,0.8521949705462196,0.9122807017543859,8,11052,1.5677635640022345,convnext_v2_t+densenet121+efficientnet_b0+glcm+hog+lbp+resnet101+vgg16,
SoilOriginal,resmlp,42,0,full,random_040,0.8960731507559538,0.9342105263157895,8,12900,1.997933236998506,densenet121+dinov2_small+hog+mae_base+resnet101+resnet50+vgg16+vit_b16,
SoilOriginal,resmlp,42,0,full,random_041,0.8871860452491832,0.9254385964912281,8,4912,1.2214841550012352,deit_s+dinov2+dinov2_large+dinov2_small+eva02_base+gabor+siglip_base+vit_b16,
SoilOriginal,resmlp,42,0,full,random_042,0.8698261095362437,0.9210526315789473,8,11776,1.2598800609994214,densenet121+dinov2+dinov2_large+efficientnet_b0+resnet50+siglip_base+vgg16+vit_b16,
SoilOriginal,resmlp,42,0,full,random_043,0.8797138634825384,0.9254385964912281,8,4614,0.7978454859985504,convnext_v2_t+deit_s+dinov2+dinov2_large+drlbp+eva02_base+lbp+mae_base,
SoilOriginal,resmlp,42,0,full,random_044,0.863458835749057,0.9210526315789473,8,5394,1.0064960660020006,convnext_v2_t+deit_s+densenet121+dinov2_small+efficientnet_b0+glcm+mae_base+vit_b16,
SoilOriginal,resmlp,42,0,full,random_045,0.8723976726489556,0.9254385964912281,8,9962,1.1454348810002557,deit_s+dinov2+drlbp+hog+lbp+resnet101+siglip_base+vgg16,
SoilOriginal,resmlp,42,0,full,random_046,0.8879871502863975,0.9254385964912281,8,4322,1.017043874002411,convnext_v2_t+dinov2_small+drlbp+eva02_base+glcm+mae_base+siglip_base+vit_b16,
SoilOriginal,resmlp,42,0,full,random_047,0.8745722925054232,0.9298245614035088,8,7698,0.8973528220012668,convnext_v2_t+deit_s+dinov2_small+efficientnet_b0+eva02_base+glcm+resnet101+resnet50,
SoilOriginal,resmlp,42,0,full,random_048,0.8944158314075029,0.9298245614035088,8,6930,0.8743208669984597,convnext_v2_t+dinov2_small+drlbp+gabor+glcm+mae_base+vgg16+vit_b16,
SoilOriginal,resmlp,42,0,full,random_049,0.9080159388062123,0.9517543859649122,8,6006,0.9699406739964616,deit_s+densenet121+dinov2_large+glcm+hog+rgb_ngram_svd+siglip_base+swin_t,
SoilOriginal,resmlp,42,0,full,random_050,0.8608746969046205,0.9210526315789473,8,4706,0.9745575159977307,deit_s+densenet121+dinov2+dinov2_small+drlbp+efficientnet_b0+glcm+siglip_base,
SoilOriginal,resmlp,42,0,full,random_051,0.8821942268331535,0.9385964912280702,8,9424,1.570696153998142,deit_s+densenet121+drlbp+resnet101+rgb_ngram_svd+siglip_base+swin_t+vgg16,
SoilOriginal,resmlp,42,0,full,random_052,0.8414384022455119,0.9078947368421053,8,7058,1.9158217670046724,convnext_v2_t+drlbp+efficientnet_b0+gabor+glcm+resnet101+resnet50+swin_t,
SoilOriginal,resmlp,42,0,full,random_053,0.9006094449004616,0.9385964912280702,8,8166,1.0014558949987986,dinov2_small+efficientnet_b0+eva02_base+gabor+lbp+siglip_base+vgg16+vit_b16,
SoilOriginal,resmlp,42,0,full,random_054,0.875812521137526,0.9210526315789473,8,7728,1.305897422003909,deit_s+dinov2_small+efficientnet_b0+eva02_base+gabor+resnet101+resnet50+vit_b16,
SoilOriginal,resmlp,42,0,full,random_055,0.8612876998391018,0.9254385964912281,8,7234,0.893879511000705,deit_s+dinov2_small+eva02_base+gabor+glcm+mae_base+swin_t+vgg16,
SoilOriginal,resmlp,42,0,full,random_056,0.8880716572601524,0.9254385964912281,8,5784,1.4207587530036108,dinov2+drlbp+efficientnet_b0+eva02_base+glcm+lbp+resnet101+vit_b16,
SoilOriginal,resmlp,42,0,full,random_057,0.8791709226594856,0.9298245614035088,8,9462,1.4703921800028183,convnext_v2_t+dinov2_large+glcm+hog+rgb_ngram_svd+siglip_base+swin_t+vgg16,
SoilOriginal,resmlp,42,0,full,random_058,0.9027551052772885,0.9473684210526315,8,5574,1.174227964002057,densenet121+dinov2_small+drlbp+glcm+hog+mae_base+siglip_base+swin_t,
SoilOriginal,resmlp,42,0,full,random_059,0.8912642690162559,0.9342105263157895,8,9748,1.917619840001862,deit_s+dinov2+dinov2_small+gabor+hog+resnet101+rgb_ngram_svd+vgg16,
SoilOriginal,resmlp,42,0,full,random_060,0.8628027745060715,0.9254385964912281,8,10624,1.4785667559990543,convnext_v2_t+dinov2_large+dinov2_small+resnet50+siglip_base+swin_t+vgg16+vit_b16,
SoilOriginal,resmlp,42,0,full,random_061,0.8966172360762855,0.9429824561403509,8,7988,1.6863113900035387,dinov2_large+drlbp+eva02_base+hog+mae_base+resnet50+siglip_base+swin_t,
SoilOriginal,resmlp,42,0,full,random_062,0.8912048797763082,0.9254385964912281,8,6008,1.0352290380033082,densenet121+dinov2+efficientnet_b0+gabor+glcm+lbp+resnet50+siglip_base,
SoilOriginal,resmlp,42,0,full,random_063,0.8941804373816252,0.9385964912280702,8,9472,2.018658086002688,convnext_v2_t+efficientnet_b0+eva02_base+rgb_ngram_svd+siglip_base+swin_t+vgg16+vit_b16,
SoilOriginal,resmlp,42,0,full,random_064,0.8995117494574237,0.9473684210526315,8,5852,2.0634023860038724,dinov2_small+efficientnet_b0+gabor+glcm+hog+lbp+resnet101+rgb_ngram_svd,
SoilOriginal,resmlp,42,0,full,random_065,0.851562341561112,0.9122807017543859,8,9876,1.0008255110005848,convnext_v2_t+dinov2+dinov2_small+efficientnet_b0+gabor+hog+swin_t+vgg16,
SoilOriginal,resmlp,42,0,full,random_066,0.8869243360495742,0.9298245614035088,8,6882,0.8985720259952359,convnext_v2_t+deit_s+drlbp+glcm+resnet101+resnet50+siglip_base+vit_b16,
SoilOriginal,resmlp,42,0,full,random_067,0.9012639807696127,0.9517543859649122,8,10832,1.261911361994862,densenet121+drlbp+efficientnet_b0+eva02_base+resnet50+siglip_base+vgg16+vit_b16,
SoilOriginal,resmlp,42,0,full,random_068,0.9100359196161995,0.9342105263157895,8,2998,0.8760753669994301,deit_s+densenet121+dinov2_small+drlbp+gabor+lbp+rgb_ngram_svd+vit_b16,
SoilOriginal,resmlp,42,0,full,random_069,0.8703240559942759,0.9254385964912281,8,8824,1.1436746170002152,densenet121+eva02_base+gabor+glcm+lbp+resnet101+swin_t+vgg16,
SoilOriginal,resmlp,42,0,full,random_070,0.8776132222905391,0.9342105263157895,8,9600,1.6156716740006232,convnext_v2_t+deit_s+densenet121+dinov2_large+efficientnet_b0+mae_base+rgb_ngram_svd+vgg16,
SoilOriginal,resmlp,42,0,full,random_071,0.8958073535491593,0.9429824561403509,8,11904,0.9233528420008952,deit_s+densenet121+dinov2+mae_base+resnet101+resnet50+vgg16+vit_b16,
SoilOriginal,resmlp,42,0,full,random_072,0.872897809943448,0.9122807017543859,8,6992,0.5998332589952042,convnext_v2_t+dinov2_large+drlbp+efficientnet_b0+resnet101+rgb_ngram_svd+swin_t+vit_b16,
SoilOriginal,resmlp,42,0,full,random_073,0.8907950955402314,0.9254385964912281,8,7706,1.4779248940030811,convnext_v2_t+densenet121+dinov2_large+hog+lbp+resnet50+rgb_ngram_svd+siglip_base,
SoilOriginal,resmlp,42,0,full,random_074,0.8866412817172696,0.9342105263157895,8,8230,0.7891768920017057,efficientnet_b0+gabor+glcm+hog+resnet101+resnet50+rgb_ngram_svd+vit_b16,
SoilOriginal,resmlp,42,0,full,random_075,0.8888221171993894,0.9342105263157895,8,7956,1.2935251259987126,convnext_v2_t+dinov2_large+eva02_base+gabor+hog+mae_base+resnet50+vit_b16,
SoilOriginal,resmlp,42,0,full,random_076,0.831686146342129,0.8947368421052632,8,10028,1.1981196659980924,deit_s+dinov2_small+efficientnet_b0+glcm+hog+lbp+resnet50+vgg16,
SoilOriginal,resmlp,42,0,full,random_077,0.8929344571446574,0.9385964912280702,8,5990,1.811185986000055,convnext_v2_t+efficientnet_b0+gabor+lbp+mae_base+resnet101+rgb_ngram_svd+siglip_base,
SoilOriginal,resmlp,42,0,full,random_078,0.9076783021420451,0.9342105263157895,8,6736,0.9373196230008034,convnext_v2_t+densenet121+dinov2+dinov2_large+drlbp+mae_base+resnet101+rgb_ngram_svd,
SoilOriginal,resmlp,42,0,full,random_079,0.8913244733151908,0.9254385964912281,8,4504,1.1332541329975356,convnext_v2_t+densenet121+dinov2_large+drlbp+eva02_base+glcm+lbp+siglip_base,
SoilOriginal,resmlp,42,0,full,random_080,0.8828692555902827,0.9342105263157895,8,6122,1.2627627379988553,convnext_v2_t+dinov2_small+drlbp+hog+lbp+mae_base+resnet50+rgb_ngram_svd,
SoilOriginal,resmlp,42,0,full,random_081,0.8947074810381624,0.9342105263157895,8,4296,1.0405947670005844,densenet121+dinov2+drlbp+gabor+glcm+lbp+resnet50+rgb_ngram_svd,
SoilOriginal,resmlp,42,0,full,random_082,0.8611233361248003,0.9122807017543859,8,9186,0.8389113390003331,dinov2_large+dinov2_small+drlbp+glcm+resnet50+siglip_base+swin_t+vgg16,
SoilOriginal,resmlp,42,0,full,random_083,0.8916793539587087,0.9385964912280702,8,5174,0.7837531360055436,convnext_v2_t+densenet121+eva02_base+lbp+rgb_ngram_svd+siglip_base+swin_t+vit_b16,
SoilOriginal,resmlp,42,0,full,random_084,0.9040441713497093,0.9473684210526315,8,9088,1.2365524310007459,convnext_v2_t+densenet121+dinov2+dinov2_large+dinov2_small+rgb_ngram_svd+swin_t+vgg16,
SoilOriginal,resmlp,42,0,full,random_085,0.8425832993138984,0.9078947368421053,8,11106,1.1786919340011082,convnext_v2_t+dinov2+drlbp+efficientnet_b0+glcm+resnet101+resnet50+vgg16,
SoilOriginal,resmlp,42,0,full,random_086,0.8887375027983903,0.9298245614035088,8,6150,1.4186950770017575,dinov2+dinov2_small+drlbp+efficientnet_b0+eva02_base+lbp+resnet50+siglip_base,
SoilOriginal,resmlp,42,0,full,random_087,0.8909937200105945,0.9342105263157895,8,10112,1.1902272360021016,convnext_v2_t+dinov2_large+drlbp+efficientnet_b0+eva02_base+gabor+resnet50+vgg16,
SoilOriginal,resmlp,42,0,full,random_088,0.9011654706185149,0.9385964912280702,8,5994,1.2536731380023411,dinov2_large+drlbp+eva02_base+hog+lbp+mae_base+siglip_base+vit_b16,
SoilOriginal,resmlp,42,0,full,random_089,0.8538035225122756,0.9166666666666666,8,10118,1.103450481001346,dinov2_large+drlbp+efficientnet_b0+eva02_base+lbp+resnet101+swin_t+vgg16,
SoilOriginal,resmlp,42,0,full,random_090,0.9035422039227542,0.9385964912280702,8,8630,1.6095213759981561,deit_s+dinov2_large+eva02_base+lbp+mae_base+swin_t+vgg16+vit_b16,
SoilOriginal,resmlp,42,0,full,random_091,0.8780860729844201,0.9254385964912281,8,6582,0.8713568229941302,convnext_v2_t+deit_s+dinov2_large+efficientnet_b0+lbp+mae_base+resnet50+rgb_ngram_svd,
SoilOriginal,resmlp,42,0,full,random_092,0.9156592142420238,0.9473684210526315,8,5058,1.1911315770048532,dinov2_small+eva02_base+gabor+glcm+resnet101+rgb_ngram_svd+siglip_base+vit_b16,
SoilOriginal,resmlp,42,0,full,random_093,0.8968663390909043,0.9429824561403509,8,5632,0.9726638159991126,deit_s+densenet121+dinov2_small+efficientnet_b0+eva02_base+rgb_ngram_svd+siglip_base+swin_t,
SoilOriginal,resmlp,42,0,full,random_094,0.8578750521871888,0.9166666666666666,8,5778,1.2538024739988032,convnext_v2_t+densenet121+dinov2+dinov2_small+efficientnet_b0+glcm+mae_base+swin_t,
SoilOriginal,resmlp,42,0,full,random_095,0.8665272691817272,0.9035087719298246,8,5852,1.25180674999865,dinov2_small+gabor+glcm+hog+lbp+resnet101+siglip_base+vit_b16,
SoilOriginal,resmlp,42,0,full,random_096,0.9049697784460439,0.9429824561403509,8,4806,1.001487139998062,convnext_v2_t+dinov2_small+drlbp+glcm+hog+mae_base+rgb_ngram_svd+siglip_base,
SoilOriginal,resmlp,42,0,full,random_097,0.9069579120889105,0.9429824561403509,8,8520,1.0695855769954505,densenet121+dinov2+dinov2_large+efficientnet_b0+glcm+lbp+rgb_ngram_svd+vgg16,
SoilOriginal,resmlp,42,0,full,random_098,0.8933047207582921,0.9385964912280702,8,7808,1.3081564820022322,densenet121+dinov2_small+efficientnet_b0+eva02_base+resnet50+siglip_base+swin_t+vit_b16,
SoilOriginal,resmlp,42,0,full,random_099,0.8649457962122301,0.9166666666666666,8,9828,0.9923176519951085,dinov2_large+drlbp+efficientnet_b0+eva02_base+gabor+hog+vgg16+vit_b16,
SoilOriginal,resmlp,42,1,full,random_000,0.7857935224020999,0.881578947368421,4,6016,1.8229381359997205,deit_s+swin_t+vgg16+vit_b16,
SoilOriginal,resmlp,42,1,full,random_001,0.7538756885382867,0.8552631578947368,4,1218,0.7887963270040927,dinov2+dinov2_small+gabor+glcm,
SoilOriginal,resmlp,42,1,full,random_002,0.8287649753606197,0.8991228070175439,4,4608,1.2730462559993612,densenet121+eva02_base+mae_base+resnet101,
SoilOriginal,resmlp,42,1,full,random_003,0.7759518393181766,0.8552631578947368,4,4660,1.1309178240044275,convnext_v2_t+drlbp+hog+resnet101,
SoilOriginal,resmlp,42,1,full,random_004,0.8470984799568094,0.9078947368421053,4,4352,1.4010042660011095,mae_base+resnet50+siglip_base+vit_b16,
SoilOriginal,resmlp,42,1,full,random_005,0.8467265022348183,0.9078947368421053,4,3684,1.6006879289998324,deit_s+eva02_base+hog+mae_base,
SoilOriginal,resmlp,42,1,full,random_006,0.7876479845865679,0.8728070175438597,4,4432,1.3781573330052197,dinov2_large+drlbp+efficientnet_b0+resnet50,
SoilOriginal,resmlp,42,1,full,random_007,0.843621952393873,0.8991228070175439,4,3894,1.9134562919934979,convnext_v2_t+densenet121+lbp+resnet50,
SoilOriginal,resmlp,42,1,full,random_008,0.7798924198850207,0.868421052631579,4,2864,0.9379412760026753,densenet121+dinov2_large+eva02_base+gabor,
SoilOriginal,resmlp,42,1,full,random_009,0.832462407807484,0.9078947368421053,4,5680,1.230558244002168,eva02_base+gabor+mae_base+vgg16,
SoilOriginal,resmlp,42,1,full,random_010,0.7824995495370041,0.8728070175438597,4,3584,0.9178946430038195,convnext_v2_t+densenet121+dinov2+dinov2_large,
SoilOriginal,resmlp,42,1,full,random_011,0.8083576519456918,0.8947368421052632,4,1670,1.4641446940004244,drlbp+eva02_base+lbp+mae_base,
SoilOriginal,resmlp,42,1,full,random_012,0.8190062346397713,0.8947368421052632,4,2352,1.3082514150009956,gabor+siglip_base+swin_t+vit_b16,
SoilOriginal,resmlp,42,1,full,random_013,0.8376677872240662,0.8903508771929824,4,1872,0.8379045399997267,convnext_v2_t+drlbp+mae_base+rgb_ngram_svd,
SoilOriginal,resmlp,42,1,full,random_014,0.8454292845003296,0.9210526315789473,4,7680,1.5522740230007912,eva02_base+mae_base+resnet50+vgg16,
SoilOriginal,resmlp,42,1,full,random_015,0.824293991175073,0.8947368421052632,4,1968,1.3600227140050265,dinov2_small+eva02_base+gabor+siglip_base,
SoilOriginal,resmlp,42,1,full,random_016,0.7655599645354213,0.8596491228070176,4,3892,1.0337643249949906,drlbp+efficientnet_b0+hog+mae_base,
SoilOriginal,resmlp,42,1,full,random_017,0.79684497021068,0.8728070175438597,4,3604,1.0139707520065713,dinov2_large+gabor+hog+siglip_base,
SoilOriginal,resmlp,42,1,full,random_018,0.764740252848582,0.868421052631579,4,4224,1.2413347469992004,dinov2_large+dinov2_small+resnet50+swin_t,
SoilOriginal,resmlp,42,1,full,random_019,0.7743416827933586,0.8728070175438597,4,4608,1.0484634520034888,convnext_v2_t+dinov2_large+mae_base+resnet50,
SoilOriginal,resmlp,42,1,full,random_020,0.8109013723669313,0.8903508771929824,4,6708,0.8867653650013381,drlbp+hog+vgg16+vit_b16,
SoilOriginal,resmlp,42,1,full,random_021,0.8274403373662474,0.8947368421052632,4,5348,1.4117087940030615,dinov2+hog+resnet101+siglip_base,
SoilOriginal,resmlp,42,1,full,random_022,0.8240644820890057,0.8947368421052632,4,4352,1.4253898250026396,convnext_v2_t+resnet50+siglip_base+vit_b16,
SoilOriginal,resmlp,42,1,full,random_023,0.7294496205042537,0.8333333333333334,4,2634,0.9261843909989693,dinov2+gabor+hog+lbp,
SoilOriginal,resmlp,42,1,full,random_024,0.7689046355208522,0.8728070175438597,4,3632,1.1064966389967594,dinov2+gabor+mae_base+resnet50,
SoilOriginal,resmlp,42,1,full,random_025,0.8304255871860938,0.8991228070175439,4,3584,1.432750080995902,convnext_v2_t+efficientnet_b0+siglip_base+swin_t,
SoilOriginal,resmlp,42,1,full,random_026,0.7877484168534193,0.881578947368421,4,3328,1.0363605620004819,convnext_v2_t+dinov2+dinov2_large+vit_b16,
SoilOriginal,resmlp,42,1,full,random_027,0.8266082406597646,0.8991228070175439,4,5266,1.6308036410046043,dinov2_small+eva02_base+glcm+vgg16,
SoilOriginal,resmlp,42,1,full,random_028,0.8102851345880058,0.8771929824561403,4,4628,1.1990029220032739,eva02_base+gabor+hog+resnet50,
SoilOriginal,resmlp,42,1,full,random_029,0.7850823133023174,0.881578947368421,4,5584,1.111133749000146,deit_s+dinov2_large+drlbp+vgg16,
SoilOriginal,resmlp,42,1,full,random_030,0.8113457791532289,0.8859649122807017,4,2914,1.4610129829961807,drlbp+glcm+resnet50+vit_b16,
SoilOriginal,resmlp,42,1,full,random_031,0.8106206110090344,0.8903508771929824,4,4352,1.487640243001806,convnext_v2_t+mae_base+resnet50+vit_b16,
SoilOriginal,resmlp,42,1,full,random_032,0.8590758133943884,0.9122807017543859,4,2114,1.3355270570027642,efficientnet_b0+gabor+glcm+siglip_base,
SoilOriginal,resmlp,42,1,full,random_033,0.8078044980579965,0.8991228070175439,4,3354,1.5235897380043752,hog+lbp+siglip_base+vit_b16,
SoilOriginal,resmlp,42,1,full,random_034,0.8410409128404899,0.9078947368421053,4,2834,1.1310020789969712,efficientnet_b0+glcm+siglip_base+vit_b16,
SoilOriginal,resmlp,42,1,full,random_035,0.823356568921411,0.8947368421052632,4,1280,1.6217695900049875,dinov2_small+drlbp+gabor+mae_base,
SoilOriginal,resmlp,42,1,full,random_036,0.7810046644633112,0.8728070175438597,4,2598,0.9950505930028157,convnext_v2_t+gabor+glcm+hog,
SoilOriginal,resmlp,42,1,full,random_037,0.8205206661789296,0.8991228070175439,4,6912,0.921499716998369,convnext_v2_t+efficientnet_b0+swin_t+vgg16,
SoilOriginal,resmlp,42,1,full,random_038,0.8351208511559352,0.8991228070175439,4,3126,1.4117972140011261,dinov2_large+efficientnet_b0+lbp+siglip_base,
SoilOriginal,resmlp,42,1,full,random_039,0.8073091350554614,0.8859649122807017,4,3664,0.9947021669941023,convnext_v2_t+drlbp+resnet50+vit_b16,
SoilOriginal,resmlp,42,1,full,random_040,0.8091830524382493,0.8947368421052632,4,2944,0.960686768994492,deit_s+densenet121+dinov2+siglip_base,
SoilOriginal,resmlp,42,1,full,random_041,0.806862787260266,0.8903508771929824,4,4352,1.0148988550063223,dinov2+resnet101+siglip_base+swin_t,
SoilOriginal,resmlp,42,1,full,random_042,0.830213025736754,0.8947368421052632,4,5168,1.604568779002875,densenet121+gabor+resnet101+resnet50,
SoilOriginal,resmlp,42,1,full,random_043,0.8176587917373455,0.8947368421052632,4,4352,1.583568859998195,dinov2+eva02_base+resnet101+vit_b16,
SoilOriginal,resmlp,42,1,full,random_044,0.7667265952383877,0.8728070175438597,4,5584,0.9619874169948162,dinov2_large+dinov2_small+drlbp+vgg16,
SoilOriginal,resmlp,42,1,full,random_045,0.794202981799881,0.8859649122807017,4,3200,1.085018862002471,convnext_v2_t+deit_s+efficientnet_b0+swin_t,
SoilOriginal,resmlp,42,1,full,random_046,0.8114881871631318,0.8947368421052632,4,3072,0.9397493090000353,convnext_v2_t+densenet121+dinov2_large+rgb_ngram_svd,
SoilOriginal,resmlp,42,1,full,random_047,0.8203674991369907,0.881578947368421,4,3840,1.3514178159966832,convnext_v2_t+mae_base+resnet101+rgb_ngram_svd,
SoilOriginal,resmlp,42,1,full,random_048,0.8040954033435236,0.8903508771929824,4,6016,1.7510163199985982,deit_s+siglip_base+swin_t+vgg16,
SoilOriginal,resmlp,42,1,full,random_049,0.8158742924697405,0.8947368421052632,4,4608,1.644551754994609,dinov2_large+mae_base+resnet101+siglip_base,
SoilOriginal,resmlp,42,1,full,random_050,0.816852411393423,0.8903508771929824,4,1718,0.9081533849966945,densenet121+dinov2_small+lbp+rgb_ngram_svd,
SoilOriginal,resmlp,42,1,full,random_051,0.7361564070219186,0.8245614035087719,4,530,1.5035892559972126,deit_s+drlbp+gabor+glcm,
SoilOriginal,resmlp,42,1,full,random_052,0.7952422888977309,0.8728070175438597,4,834,1.3079027599960682,deit_s+dinov2_small+gabor+glcm,
SoilOriginal,resmlp,42,1,full,random_053,0.8018275084352534,0.8859649122807017,4,738,0.9158597650020965,dinov2_small+drlbp+glcm+rgb_ngram_svd,
SoilOriginal,resmlp,42,1,full,random_054,0.8434164444146296,0.9166666666666666,4,2896,0.8532435590022942,dinov2+drlbp+efficientnet_b0+vit_b16,
SoilOriginal,resmlp,42,1,full,random_055,0.7243970237121256,0.8377192982456141,4,2922,0.9361710579978535,dinov2_large+drlbp+hog+lbp,
SoilOriginal,resmlp,42,1,full,random_056,0.7727789389633873,0.8377192982456141,4,2422,0.6932874830017681,deit_s+glcm+hog+rgb_ngram_svd,
SoilOriginal,resmlp,42,1,full,random_057,0.7963370154090345,0.8903508771929824,4,4736,1.0698788759982563,dinov2_large+dinov2_small+efficientnet_b0+resnet50,
SoilOriginal,resmlp,42,1,full,random_058,0.7850806053580431,0.8771929824561403,4,3072,0.9196278050003457,densenet121+dinov2_large+mae_base+rgb_ngram_svd,
SoilOriginal,resmlp,42,1,full,random_059,0.787412001689208,0.8859649122807017,4,2578,0.9928211060032481,convnext_v2_t+dinov2_large+glcm+mae_base,
SoilOriginal,resmlp,42,1,full,random_060,0.7994347970951177,0.8859649122807017,4,3446,0.7299249829957262,deit_s+efficientnet_b0+glcm+hog,
SoilOriginal,resmlp,42,1,full,random_061,0.8144008556047401,0.8991228070175439,4,4864,0.9665655170028913,dinov2+efficientnet_b0+eva02_base+resnet50,
SoilOriginal,resmlp,42,1,full,random_062,0.8154932774320633,0.8991228070175439,4,5936,1.650053712000954,dinov2_large+gabor+vgg16+vit_b16,
SoilOriginal,resmlp,42,1,full,random_063,0.7965400209112908,0.8728070175438597,4,2384,0.8920038759970339,dinov2+drlbp+eva02_base+mae_base,
SoilOriginal,resmlp,42,1,full,random_064,0.7885591017169965,0.881578947368421,4,2066,1.2473382669995772,dinov2_large+glcm+mae_base+rgb_ngram_svd,
SoilOriginal,resmlp,42,1,full,random_065,0.7789200546775676,0.8771929824561403,4,6656,0.7566292499977862,dinov2_large+eva02_base+mae_base+vgg16,
SoilOriginal,resmlp,42,1,full,random_066,0.7810471423276301,0.8640350877192983,4,4608,1.5998870839976007,convnext_v2_t+densenet121+resnet50+swin_t,
SoilOriginal,resmlp,42,1,full,random_067,0.8077544749325157,0.8947368421052632,4,2358,1.448802284001431,convnext_v2_t+dinov2+lbp+mae_base,
SoilOriginal,resmlp,42,1,full,random_068,0.8208428148188605,0.881578947368421,4,3456,1.3596448119933484,deit_s+mae_base+resnet101+rgb_ngram_svd,
SoilOriginal,resmlp,42,1,full,random_069,0.7861089507400406,0.8771929824561403,4,6216,1.7820214969979133,glcm+lbp+resnet50+vgg16,
SoilOriginal,resmlp,42,1,full,random_070,0.8169122615954544,0.8991228070175439,4,1938,1.3157400569980382,deit_s+dinov2+glcm+vit_b16,
SoilOriginal,resmlp,42,1,full,random_071,0.7959265812171277,0.8464912280701754,4,1280,1.5016162129977602,deit_s+drlbp+gabor+mae_base,
SoilOriginal,resmlp,42,1,full,random_072,0.8251263591931224,0.9035087719298246,4,6400,1.127893688993936,dinov2+eva02_base+vgg16+vit_b16,
SoilOriginal,resmlp,42,1,full,random_073,0.7390376242338644,0.8596491228070176,4,4324,0.8990417329987395,dinov2_large+hog+mae_base+swin_t,
SoilOriginal,resmlp,42,1,full,random_074,0.7851910759805497,0.8552631578947368,4,3172,1.6397472790049505,deit_s+hog+mae_base+rgb_ngram_svd,
SoilOriginal,resmlp,42,1,full,random_075,0.7910376220184555,0.8859649122807017,4,2560,1.4547807690032641,deit_s+densenet121+dinov2_small+mae_base,
SoilOriginal,resmlp,42,1,full,random_076,0.7770801274953485,0.881578947368421,4,4936,0.8752140609940398,glcm+lbp+vgg16+vit_b16,
SoilOriginal,resmlp,42,1,full,random_077,0.8153727059091037,0.881578947368421,4,3354,1.5341448709950782,eva02_base+hog+lbp+siglip_base,
SoilOriginal,resmlp,42,1,full,random_078,0.8070230435021724,0.8903508771929824,4,2614,0.8869855529992492,dinov2_large+efficientnet_b0+lbp+rgb_ngram_svd,
SoilOriginal,resmlp,42,1,full,random_079,0.8175124085928867,0.8947368421052632,4,1616,1.2456274260039208,deit_s+dinov2_small+drlbp+swin_t,
SoilOriginal,resmlp,42,1,full,random_080,0.7680606119500775,0.8596491228070176,4,3584,1.3220299539971165,densenet121+dinov2+dinov2_large+swin_t,
SoilOriginal,resmlp,42,1,full,random_081,0.8392364558359192,0.8991228070175439,4,2944,1.265097486000741,drlbp+gabor+resnet101+vit_b16,
SoilOriginal,resmlp,42,1,full,random_082,0.7746636701806705,0.8377192982456141,4,504,1.5173908369979472,deit_s+gabor+glcm+lbp,
SoilOriginal,resmlp,42,1,full,random_083,0.8195981063323078,0.8903508771929824,4,4864,1.4527350930002285,convnext_v2_t+efficientnet_b0+mae_base+resnet50,
SoilOriginal,resmlp,42,1,full,random_084,0.8167920010137285,0.8947368421052632,4,6016,1.3192590210019262,convnext_v2_t+deit_s+dinov2+vgg16,
SoilOriginal,resmlp,42,1,full,random_085,0.7917955974141522,0.8728070175438597,4,3152,1.4695614599986584,drlbp+resnet50+rgb_ngram_svd+swin_t,
SoilOriginal,resmlp,42,1,full,random_086,0.8229194090562186,0.8903508771929824,4,4198,1.696312861997285,gabor+lbp+resnet101+resnet50,
SoilOriginal,resmlp,42,1,full,random_087,0.8068786479054787,0.881578947368421,4,6966,1.3580946770016453,lbp+resnet101+swin_t+vgg16,
SoilOriginal,resmlp,42,1,full,random_088,0.8297685751359353,0.8991228070175439,4,8676,0.8850961969947093,eva02_base+hog+resnet50+vgg16,
SoilOriginal,resmlp,42,1,full,random_089,0.7768334861346791,0.8728070175438597,4,5504,1.3821157029960887,dinov2_large+dinov2_small+resnet101+resnet50,
SoilOriginal,resmlp,42,1,full,random_090,0.7821053757667717,0.8771929824561403,4,1810,1.3755361389994505,dinov2+glcm+mae_base+rgb_ngram_svd,
SoilOriginal,resmlp,42,1,full,random_091,0.822565710719848,0.8947368421052632,4,5632,1.4334028149969527,mae_base+resnet101+resnet50+vit_b16,
SoilOriginal,resmlp,42,1,full,random_092,0.8135562576829075,0.8903508771929824,4,5348,1.187692892002815,eva02_base+hog+resnet101+swin_t,
SoilOriginal,resmlp,42,1,full,random_093,0.8074760338635745,0.8903508771929824,4,3328,0.8189346130020567,convnext_v2_t+dinov2_large+siglip_base+swin_t,
SoilOriginal,resmlp,42,1,full,random_094,0.7771179602445267,0.8508771929824561,4,2916,1.4008414720010478,densenet121+drlbp+gabor+hog,
SoilOriginal,resmlp,42,1,full,random_095,0.8334189200404444,0.9035087719298246,4,1968,1.1588192859999253,convnext_v2_t+deit_s+gabor+siglip_base,
SoilOriginal,resmlp,42,1,full,random_096,0.7933052272703804,0.881578947368421,4,5814,1.2743458439945243,deit_s+efficientnet_b0+lbp+vgg16,
SoilOriginal,resmlp,42,1,full,random_097,0.8495363223021145,0.9078947368421053,4,2864,1.3607302130039898,dinov2+efficientnet_b0+gabor+siglip_base,
SoilOriginal,resmlp,42,1,full,random_098,0.8364916999031353,0.9078947368421053,4,4352,1.6306408050004393,convnext_v2_t+eva02_base+resnet50+vit_b16,
SoilOriginal,resmlp,42,1,full,random_099,0.7798481959124544,0.8771929824561403,4,2256,0.8931423079993692,deit_s+dinov2_large+drlbp+siglip_base,
SoilOriginal,resmlp,42,2,full,random_000,0.7057108220980777,0.8245614035087719,4,4480,1.0101175069939927,densenet121+dinov2_large+dinov2_small+resnet50,
SoilOriginal,resmlp,42,2,full,random_001,0.8391656715414478,0.8903508771929824,4,2432,1.1081073359964648,dinov2_large+dinov2_small+rgb_ngram_svd+vit_b16,
SoilOriginal,resmlp,42,2,full,random_002,0.8418549163643041,0.8903508771929824,4,2816,1.0499337950022891,densenet121+dinov2+eva02_base+rgb_ngram_svd,
SoilOriginal,resmlp,42,2,full,random_003,0.8657433051051678,0.9078947368421053,4,7168,1.4193262529952335,resnet101+rgb_ngram_svd+vgg16+vit_b16,
SoilOriginal,resmlp,42,2,full,random_004,0.7185462047531013,0.8377192982456141,4,6912,1.6127580829997896,densenet121+dinov2_large+eva02_base+vgg16,
SoilOriginal,resmlp,42,2,full,random_005,0.8383783794521669,0.8771929824561403,4,4836,1.2702499699953478,hog+mae_base+resnet101+rgb_ngram_svd,
SoilOriginal,resmlp,42,2,full,random_006,0.8126956677993696,0.8640350877192983,4,4122,1.7698048149977694,hog+lbp+resnet50+rgb_ngram_svd,
SoilOriginal,resmlp,42,2,full,random_007,0.7700096811088911,0.8552631578947368,4,2944,1.7094964950010763,densenet121+dinov2_small+eva02_base+swin_t,
SoilOriginal,resmlp,42,2,full,random_008,0.8746272383858197,0.9166666666666666,4,3840,1.1016014979977626,resnet50+rgb_ngram_svd+swin_t+vit_b16,
SoilOriginal,resmlp,42,2,full,random_009,0.7467445548020697,0.8552631578947368,4,4224,1.816969968000194,dinov2_large+dinov2_small+resnet50+siglip_base,
SoilOriginal,resmlp,42,2,full,random_010,0.7950362540374287,0.8771929824561403,4,3200,1.2719064800039632,convnext_v2_t+deit_s+efficientnet_b0+swin_t,
SoilOriginal,resmlp,42,2,full,random_011,0.693714548089536,0.8201754385964912,4,5220,1.5268574159999844,dinov2_large+dinov2_small+hog+resnet50,
SoilOriginal,resmlp,42,2,full,random_012,0.8196461059360747,0.8771929824561403,4,2432,1.1415854280057829,dinov2+dinov2_large+dinov2_small+rgb_ngram_svd,
SoilOriginal,resmlp,42,2,full,random_013,0.8207740834759053,0.8947368421052632,4,4176,0.9235642620042199,drlbp+efficientnet_b0+eva02_base+resnet50,
SoilOriginal,resmlp,42,2,full,random_014,0.870073870413181,0.9166666666666666,4,2688,1.2959605420037406,deit_s+eva02_base+swin_t+vit_b16,
SoilOriginal,resmlp,42,2,full,random_015,0.8592551346327176,0.9035087719298246,4,6400,0.6745416409976315,efficientnet_b0+mae_base+rgb_ngram_svd+vgg16,
SoilOriginal,resmlp,42,2,full,random_016,0.804469645828585,0.8859649122807017,4,3328,1.4041492589967675,dinov2_large+siglip_base+swin_t+vit_b16,
SoilOriginal,resmlp,42,2,full,random_017,0.8254981735565817,0.8903508771929824,4,3072,0.7928377429998363,convnext_v2_t+dinov2+mae_base+siglip_base,
SoilOriginal,resmlp,42,2,full,random_018,0.8749305889506129,0.9122807017543859,4,2102,0.9219405969997752,dinov2_large+lbp+rgb_ngram_svd+vit_b16,
SoilOriginal,resmlp,42,2,full,random_019,0.8582232734766243,0.9078947368421053,4,3456,0.6997153120028088,convnext_v2_t+dinov2_small+resnet101+rgb_ngram_svd,
SoilOriginal,resmlp,42,2,full,random_020,0.8482252156457754,0.8903508771929824,4,5712,1.1391008689970477,drlbp+efficientnet_b0+rgb_ngram_svd+vgg16,
SoilOriginal,resmlp,42,2,full,random_021,0.7967086774159364,0.8596491228070176,4,3664,0.8637976599929971,drlbp+mae_base+resnet101+siglip_base,
SoilOriginal,resmlp,42,2,full,random_022,0.7388521382030812,0.8377192982456141,4,1938,1.3589237859996501,deit_s+dinov2+glcm+mae_base,
SoilOriginal,resmlp,42,2,full,random_023,0.7712693249978125,0.8728070175438597,4,3584,0.9242659680021461,convnext_v2_t+deit_s+dinov2_small+resnet50,
SoilOriginal,resmlp,42,2,full,random_024,0.8037323380916057,0.881578947368421,4,6656,0.9010156389995245,convnext_v2_t+densenet121+swin_t+vgg16,
SoilOriginal,resmlp,42,2,full,random_025,0.7770583720749834,0.868421052631579,4,3664,0.7173624419956468,drlbp+mae_base+resnet101+swin_t,
SoilOriginal,resmlp,42,2,full,random_026,0.7594330570688855,0.868421052631579,4,3584,0.891943665999861,densenet121+dinov2_large+eva02_base+mae_base,
SoilOriginal,resmlp,42,2,full,random_027,0.7761253062004941,0.8640350877192983,4,2224,0.7200756070014904,deit_s+dinov2_large+gabor+siglip_base,
SoilOriginal,resmlp,42,2,full,random_028,0.7880561573583214,0.8859649122807017,4,4068,1.593826476004324,hog+mae_base+siglip_base+swin_t,
SoilOriginal,resmlp,42,2,full,random_029,0.8374373247986939,0.8903508771929824,4,3968,1.4749120630003745,convnext_v2_t+dinov2_small+resnet101+vit_b16,
SoilOriginal,resmlp,42,2,full,random_030,0.8696734460374539,0.9122807017543859,4,5888,1.342082447001303,dinov2+rgb_ngram_svd+siglip_base+vgg16,
SoilOriginal,resmlp,42,2,full,random_031,0.8597722989920344,0.9078947368421053,4,2384,0.6524202660002629,convnext_v2_t+drlbp+eva02_base+siglip_base,
SoilOriginal,resmlp,42,2,full,random_032,0.8082453413756687,0.868421052631579,4,4176,0.8209011970029678,drlbp+efficientnet_b0+resnet50+vit_b16,
SoilOriginal,resmlp,42,2,full,random_033,0.846348249064461,0.8991228070175439,4,3456,0.5706839199992828,dinov2_small+resnet101+rgb_ngram_svd+swin_t,
SoilOriginal,resmlp,42,2,full,random_034,0.8141282842377855,0.881578947368421,4,1858,0.749310446997697,densenet121+eva02_base+gabor+glcm,
SoilOriginal,resmlp,42,2,full,random_035,0.8656001330697152,0.9035087719298246,4,2688,0.9115365670004394,dinov2_small+efficientnet_b0+rgb_ngram_svd+siglip_base,
SoilOriginal,resmlp,42,2,full,random_036,0.7666369376788992,0.8552631578947368,4,8292,0.9026114449952729,dinov2_small+hog+resnet50+vgg16,
SoilOriginal,resmlp,42,2,full,random_037,0.8283363759951989,0.881578947368421,4,4660,0.9765534409962129,drlbp+hog+resnet101+swin_t,
SoilOriginal,resmlp,42,2,full,random_038,0.7924333750484494,0.8640350877192983,4,1864,0.9054183650005143,convnext_v2_t+densenet121+glcm+lbp,
SoilOriginal,resmlp,42,2,full,random_039,0.8225419081761195,0.881578947368421,4,2000,0.8031183629937004,deit_s+drlbp+siglip_base+swin_t,
SoilOriginal,resmlp,42,2,full,random_040,0.8028365659647564,0.8728070175438597,4,2450,1.2386052189976908,deit_s+efficientnet_b0+eva02_base+glcm,
SoilOriginal,resmlp,42,2,full,random_041,0.8226622447400436,0.8859649122807017,4,6656,0.9436888010022813,dinov2_large+swin_t+vgg16+vit_b16,
SoilOriginal,resmlp,42,2,full,random_042,0.8645224088611443,0.8991228070175439,4,1846,1.3921372160039027,eva02_base+lbp+mae_base+rgb_ngram_svd,
SoilOriginal,resmlp,42,2,full,random_043,0.8188090859674712,0.881578947368421,4,1792,0.8716598019964295,deit_s+dinov2_small+mae_base+rgb_ngram_svd,
SoilOriginal,resmlp,42,2,full,random_044,0.7833040494441542,0.8508771929824561,4,4912,1.5974659900020924,deit_s+dinov2_small+gabor+vgg16,
SoilOriginal,resmlp,42,2,full,random_045,0.8296542881315772,0.8903508771929824,4,2384,0.7027549630001886,drlbp+eva02_base+siglip_base+vit_b16,
SoilOriginal,resmlp,42,2,full,random_046,0.8326375663645897,0.881578947368421,4,2688,1.1824199309994583,dinov2+dinov2_small+efficientnet_b0+rgb_ngram_svd,
SoilOriginal,resmlp,42,2,full,random_047,0.7719239031649578,0.8640350877192983,4,2614,1.4626091300015105,dinov2_large+eva02_base+lbp+swin_t,
SoilOriginal,resmlp,42,2,full,random_048,0.8160382337757968,0.8859649122807017,4,1608,0.8206020500001614,convnext_v2_t+glcm+lbp+swin_t,
SoilOriginal,resmlp,42,2,full,random_049,0.7912566005830629,0.868421052631579,4,3456,0.7269351049981196,densenet121+dinov2_small+efficientnet_b0+siglip_base,
SoilOriginal,resmlp,42,2,full,random_050,0.7975736442555663,0.868421052631579,4,5808,1.657293183998263,dinov2_small+efficientnet_b0+gabor+vgg16,
SoilOriginal,resmlp,42,2,full,random_051,0.8460210721102267,0.8903508771929824,4,7396,1.1420938960000058,hog+siglip_base+swin_t+vgg16,
SoilOriginal,resmlp,42,2,full,random_052,0.7075759858599311,0.8114035087719298,4,2250,1.5377774869994028,dinov2_small+gabor+hog+lbp,
SoilOriginal,resmlp,42,2,full,random_053,0.8025665912877217,0.8728070175438597,4,2882,1.451712383000995,gabor+glcm+resnet50+vit_b16,
SoilOriginal,resmlp,42,2,full,random_054,0.8265488516567732,0.8991228070175439,4,5680,0.9270797299977858,gabor+siglip_base+swin_t+vgg16,
SoilOriginal,resmlp,42,2,full,random_055,0.8068814672411141,0.8771929824561403,4,4224,1.5205018400010886,densenet121+dinov2_small+resnet101+siglip_base,
SoilOriginal,resmlp,42,2,full,random_056,0.732752933889552,0.8201754385964912,4,2934,0.7137103109998861,deit_s+glcm+hog+mae_base,
SoilOriginal,resmlp,42,2,full,random_057,0.7501807202999019,0.8508771929824561,4,4964,0.7510200459946645,dinov2_small+eva02_base+hog+resnet50,
SoilOriginal,resmlp,42,2,full,random_058,0.8584520360386082,0.9035087719298246,4,1846,1.3763143019968993,lbp+rgb_ngram_svd+siglip_base+swin_t,
SoilOriginal,resmlp,42,2,full,random_059,0.779032628560198,0.868421052631579,4,2882,0.852615429997968,convnext_v2_t+gabor+glcm+resnet50,
SoilOriginal,resmlp,42,2,full,random_060,0.849240638956844,0.9035087719298246,4,3072,1.1114024109992897,dinov2+efficientnet_b0+rgb_ngram_svd+swin_t,
SoilOriginal,resmlp,42,2,full,random_061,0.7892141762190594,0.8728070175438597,4,3584,0.7207066189948819,dinov2+efficientnet_b0+swin_t+vit_b16,
SoilOriginal,resmlp,42,2,full,random_062,0.788950933848893,0.8771929824561403,4,2614,0.9888133799977368,dinov2_large+lbp+siglip_base+swin_t,
SoilOriginal,resmlp,42,2,full,random_063,0.7696009570119383,0.8596491228070176,4,1968,1.1113568860018859,dinov2+dinov2_small+gabor+siglip_base,
SoilOriginal,resmlp,42,2,full,random_064,0.8844815013225188,0.9122807017543859,4,1840,0.9733439049959998,eva02_base+gabor+rgb_ngram_svd+siglip_base,
SoilOriginal,resmlp,42,2,full,random_065,0.8190015545240168,0.8903508771929824,4,4962,1.4903666149984929,drlbp+glcm+siglip_base+vgg16,
SoilOriginal,resmlp,42,2,full,random_066,0.7998845323732613,0.868421052631579,4,3254,1.275355313999171,dinov2_small+lbp+resnet101+siglip_base,
SoilOriginal,resmlp,42,2,full,random_067,0.7853239392493123,0.8596491228070176,4,4068,1.4975744550029049,eva02_base+hog+mae_base+swin_t,
SoilOriginal,resmlp,42,2,full,random_068,0.7378466853526098,0.8464912280701754,4,3968,1.3655326509979204,dinov2+dinov2_small+mae_base+resnet101,
SoilOriginal,resmlp,42,2,full,random_069,0.8061855188705643,0.8596491228070176,4,2660,0.8714272260040161,drlbp+gabor+hog+vit_b16,
SoilOriginal,resmlp,42,2,full,random_070,0.8159555059475355,0.868421052631579,4,5120,1.460623195998778,densenet121+efficientnet_b0+resnet50+vit_b16,
SoilOriginal,resmlp,42,2,full,random_071,0.8373500301382251,0.881578947368421,4,3200,1.0277907580020837,convnext_v2_t+deit_s+efficientnet_b0+vit_b16,
SoilOriginal,resmlp,42,2,full,random_072,0.7613424661034752,0.8508771929824561,4,1218,1.543948537997494,deit_s+dinov2+gabor+glcm,
SoilOriginal,resmlp,42,2,full,random_073,0.8349939024744305,0.8728070175438597,4,7140,1.3964701969962334,densenet121+hog+rgb_ngram_svd+vgg16,
SoilOriginal,resmlp,42,2,full,random_074,0.7997897513056378,0.8728070175438597,4,6016,1.065033607002988,convnext_v2_t+deit_s+vgg16+vit_b16,
SoilOriginal,resmlp,42,2,full,random_075,0.8291963880175403,0.8947368421052632,4,7680,0.9692756949953036,mae_base+resnet50+vgg16+vit_b16,
SoilOriginal,resmlp,42,2,full,random_076,0.805866289672546,0.8771929824561403,4,2864,0.7771394009978394,convnext_v2_t+efficientnet_b0+gabor+swin_t,
SoilOriginal,resmlp,42,2,full,random_077,0.7341500402670615,0.8421052631578947,4,4224,1.125835522005218,densenet121+dinov2+dinov2_small+resnet101,
SoilOriginal,resmlp,42,2,full,random_078,0.8633300323188572,0.8947368421052632,4,3664,1.4630677140012267,drlbp+efficientnet_b0+resnet101+rgb_ngram_svd,
SoilOriginal,resmlp,42,2,full,random_079,0.8717182507460798,0.9078947368421053,4,2066,0.8192771290050587,densenet121+eva02_base+glcm+rgb_ngram_svd,
SoilOriginal,resmlp,42,2,full,random_080,0.8070193993624987,0.8903508771929824,4,4608,0.8457515190020786,convnext_v2_t+densenet121+eva02_base+resnet101,
SoilOriginal,resmlp,42,2,full,random_081,0.849240638956844,0.9035087719298246,4,3072,1.2389142969987006,dinov2+efficientnet_b0+rgb_ngram_svd+swin_t,
SoilOriginal,resmlp,42,2,full,random_082,0.7066642031456087,0.8245614035087719,4,2604,1.6196365440046065,dinov2+glcm+hog+lbp,
SoilOriginal,resmlp,42,2,full,random_083,0.7924742521457304,0.8596491228070176,4,8240,1.0146082089995616,gabor+resnet101+resnet50+vgg16,
SoilOriginal,resmlp,42,2,full,random_084,0.8710691876353432,0.9078947368421053,4,3126,1.1440319789981004,convnext_v2_t+lbp+resnet50+rgb_ngram_svd,
SoilOriginal,resmlp,42,2,full,random_085,0.8058801351046981,0.8771929824561403,4,1254,1.326661603001412,deit_s+gabor+lbp+vit_b16,
SoilOriginal,resmlp,42,2,full,random_086,0.7802607363511533,0.8640350877192983,4,3632,0.9813576260057744,dinov2+gabor+resnet101+vit_b16,
SoilOriginal,resmlp,42,2,full,random_087,0.8043151687862446,0.8640350877192983,4,8192,1.5271035860059783,convnext_v2_t+efficientnet_b0+resnet101+vgg16,
SoilOriginal,resmlp,42,2,full,random_088,0.765238346753212,0.8596491228070176,4,3584,1.504456479997316,deit_s+dinov2_small+mae_base+resnet101,
SoilOriginal,resmlp,42,2,full,random_089,0.862767170178776,0.9035087719298246,4,6656,0.9864376670011552,dinov2_large+efficientnet_b0+rgb_ngram_svd+vgg16,
SoilOriginal,resmlp,42,2,full,random_090,0.8137680330768907,0.8728070175438597,4,8448,0.9918010949986638,densenet121+efficientnet_b0+resnet101+vgg16,
SoilOriginal,resmlp,42,2,full,random_091,0.7789336885196556,0.8596491228070176,4,7296,1.6938280169997597,dinov2_small+resnet101+siglip_base+vgg16,
SoilOriginal,resmlp,42,2,full,random_092,0.8334607379707638,0.9035087719298246,4,2358,1.2728731609968236,convnext_v2_t+lbp+siglip_base+swin_t,
SoilOriginal,resmlp,42,2,full,random_093,0.7733578512989253,0.8333333333333334,4,3142,0.9348681999981636,drlbp+efficientnet_b0+glcm+hog,
SoilOriginal,resmlp,42,2,full,random_094,0.8336100252313832,0.8903508771929824,4,5120,1.4042419710021932,dinov2+resnet101+resnet50+rgb_ngram_svd,
SoilOriginal,resmlp,42,2,full,random_095,0.7441205327605116,0.8464912280701754,4,5218,0.6482114320024266,dinov2_large+drlbp+glcm+vgg16,
SoilOriginal,resmlp,42,2,full,random_096,0.7969137954034405,0.868421052631579,4,2224,0.7948891480045859,deit_s+dinov2_large+eva02_base+gabor,
SoilOriginal,resmlp,42,2,full,random_097,0.7231010338375025,0.8289473684210527,4,2224,1.6661566129987477,deit_s+dinov2+dinov2_large+gabor,
SoilOriginal,resmlp,42,2,full,random_098,0.7981378607435666,0.8859649122807017,4,2834,0.9799192940045032,convnext_v2_t+efficientnet_b0+eva02_base+glcm,
SoilOriginal,resmlp,42,2,full,random_099,0.7815562456866806,0.868421052631579,4,6784,1.5035218209959567,dinov2_large+dinov2_small+efficientnet_b0+vgg16,
SoilOriginal,resmlp,42,3,full,random_000,0.8353040276085969,0.9122807017543859,3,1872,1.0051575539982878,densenet121+drlbp+swin_t,
SoilOriginal,resmlp,42,3,full,random_001,0.8499556581127121,0.9254385964912281,3,2304,0.9373084239996388,siglip_base+swin_t+vit_b16,
SoilOriginal,resmlp,42,3,full,random_002,0.9121829742583383,0.9385964912280702,3,3840,1.444618472000002,densenet121+eva02_base+resnet50,
SoilOriginal,resmlp,42,3,full,random_003,0.8614888765895918,0.9254385964912281,3,2304,1.1979354939976474,convnext_v2_t+dinov2+vit_b16,
SoilOriginal,resmlp,42,3,full,random_004,0.8727595976395394,0.9254385964912281,3,4096,0.8689199500004179,densenet121+dinov2_large+resnet50,
SoilOriginal,resmlp,42,3,full,random_005,0.9019489189422002,0.9385964912280702,3,1810,1.1421454670053208,densenet121+glcm+siglip_base,
SoilOriginal,resmlp,42,3,full,random_006,0.8812780799926083,0.9298245614035088,3,4836,1.0942208710039267,dinov2_large+hog+resnet50,
SoilOriginal,resmlp,42,3,full,random_007,0.8182928538523407,0.881578947368421,3,6528,1.0888622170023154,deit_s+resnet50+vgg16,
SoilOriginal,resmlp,42,3,full,random_008,0.860916305916306,0.9166666666666666,3,1846,1.0915899760002503,dinov2_large+lbp+siglip_base,
SoilOriginal,resmlp,42,3,full,random_009,0.8457560523888734,0.9078947368421053,3,4580,0.7678528089963947,hog+resnet101+swin_t,
SoilOriginal,resmlp,42,3,full,random_010,0.8403741442219398,0.8903508771929824,3,1206,1.228765662999649,deit_s+dinov2+lbp,
SoilOriginal,resmlp,42,3,full,random_011,0.819237269668304,0.8728070175438597,3,7908,1.5902350780015695,hog+resnet50+vgg16,
SoilOriginal,resmlp,42,3,full,random_012,0.8860180859103998,0.9298245614035088,3,1584,1.2850637449955684,eva02_base+gabor+siglip_base,
SoilOriginal,resmlp,42,3,full,random_013,0.8622285015902037,0.9342105263157895,3,3584,0.730869689003157,convnext_v2_t+resnet50+siglip_base,
SoilOriginal,resmlp,42,3,full,random_014,0.9002315560837086,0.9298245614035088,3,2834,1.0306007459948887,eva02_base+glcm+resnet50,
SoilOriginal,resmlp,42,3,full,random_015,0.8991728301969364,0.9298245614035088,3,1920,0.9039599079987966,convnext_v2_t+deit_s+eva02_base,
SoilOriginal,resmlp,42,3,full,random_016,0.8042399076063859,0.8596491228070176,3,2580,2.0451251060003415,gabor+hog+mae_base,
SoilOriginal,resmlp,42,3,full,random_017,0.8513051228106759,0.8947368421052632,3,6244,1.1779289390033227,dinov2_small+hog+vgg16,
SoilOriginal,resmlp,42,3,full,random_018,0.8463640644616339,0.9078947368421053,3,3126,1.1169573790029972,dinov2_large+lbp+resnet101,
SoilOriginal,resmlp,42,3,full,random_019,0.8685107996285145,0.9166666666666666,3,3584,1.0342174990000785,convnext_v2_t+resnet50+swin_t,
SoilOriginal,resmlp,42,3,full,random_020,0.9017738585212863,0.9429824561403509,3,3300,1.1440300030008075,convnext_v2_t+hog+siglip_base,
SoilOriginal,resmlp,42,3,full,random_021,0.7805186252144729,0.8464912280701754,3,3124,1.4652748060034355,drlbp+efficientnet_b0+hog,
SoilOriginal,resmlp,42,3,full,random_022,0.8664785462981169,0.9254385964912281,3,1810,0.7770321299976786,dinov2_large+glcm+vit_b16,
SoilOriginal,resmlp,42,3,full,random_023,0.8002191077806071,0.8640350877192983,3,2358,1.5014709550014231,densenet121+efficientnet_b0+lbp,
SoilOriginal,resmlp,42,3,full,random_024,0.8673880632461868,0.9254385964912281,3,2816,0.8534282990003703,efficientnet_b0+siglip_base+vit_b16,
SoilOriginal,resmlp,42,3,full,random_025,0.8048464231054409,0.8771929824561403,3,3346,0.8227606829968863,efficientnet_b0+glcm+resnet50,
SoilOriginal,resmlp,42,3,full,random_026,0.8845242983739018,0.9298245614035088,3,3456,1.060946713994781,dinov2_large+dinov2_small+resnet101,
SoilOriginal,resmlp,42,3,full,random_027,0.8653751313768291,0.9035087719298246,3,1104,1.286605811001209,drlbp+rgb_ngram_svd+vit_b16,
SoilOriginal,resmlp,42,3,full,random_028,0.8099540047250338,0.881578947368421,3,5248,1.170416283996019,deit_s+mae_base+vgg16,
SoilOriginal,resmlp,42,3,full,random_029,0.8470688141326602,0.9254385964912281,3,1616,1.1689141989991185,dinov2+drlbp+siglip_base,
SoilOriginal,resmlp,42,3,full,random_030,0.8170173396646895,0.8903508771929824,3,1488,0.7334613849961897,dinov2_large+dinov2_small+drlbp,
SoilOriginal,resmlp,42,3,full,random_031,0.8752574191303994,0.9342105263157895,3,1584,0.7577503799984697,convnext_v2_t+gabor+siglip_base,
SoilOriginal,resmlp,42,3,full,random_032,0.8969805456279621,0.9254385964912281,3,1792,1.3456251090028672,convnext_v2_t+mae_base+rgb_ngram_svd,
SoilOriginal,resmlp,42,3,full,random_033,0.8698870823754915,0.9166666666666666,3,1920,0.826743200996134,dinov2+dinov2_small+siglip_base,
SoilOriginal,resmlp,42,3,full,random_034,0.8682239508217,0.9035087719298246,3,7168,1.1385223739998764,densenet121+resnet101+vgg16,
SoilOriginal,resmlp,42,3,full,random_035,0.8755650398809137,0.9210526315789473,3,3556,1.1563554910026141,dinov2_large+eva02_base+hog,
SoilOriginal,resmlp,42,3,full,random_036,0.8559854296328461,0.9035087719298246,3,5632,0.9210459819951211,convnext_v2_t+dinov2+vgg16,
SoilOriginal,resmlp,42,3,full,random_037,0.8258705526865133,0.8771929824561403,3,3866,1.289052938001987,hog+lbp+resnet50,
SoilOriginal,resmlp,42,3,full,random_038,0.8568003912167257,0.9122807017543859,3,2560,0.658300805996987,densenet121+eva02_base+swin_t,
SoilOriginal,resmlp,42,3,full,random_039,0.8835236937913101,0.9254385964912281,3,2304,0.7770297840033891,convnext_v2_t+dinov2+mae_base,
SoilOriginal,resmlp,42,3,full,random_040,0.8404966560913553,0.881578947368421,3,5394,0.9653170079982374,efficientnet_b0+glcm+vgg16,
SoilOriginal,resmlp,42,3,full,random_041,0.8631621269536564,0.9166666666666666,3,2834,1.0967088699981105,convnext_v2_t+glcm+resnet50,
SoilOriginal,resmlp,42,3,full,random_042,0.9018941590557459,0.9385964912280702,3,1232,1.2435774300029152,dinov2_small+drlbp+eva02_base,
SoilOriginal,resmlp,42,3,full,random_043,0.8130772446866977,0.8991228070175439,3,1232,0.7888870400056476,dinov2+dinov2_small+drlbp,
SoilOriginal,resmlp,42,3,full,random_044,0.8860180859103998,0.9298245614035088,3,1584,1.350363751000259,eva02_base+gabor+siglip_base,
SoilOriginal,resmlp,42,3,full,random_045,0.8994674194643684,0.9166666666666666,3,8192,1.3980446630012011,resnet101+resnet50+vgg16,
SoilOriginal,resmlp,42,3,full,random_046,0.8889347227152105,0.9298245614035088,3,2176,1.3083212670026114,densenet121+dinov2_small+mae_base,
SoilOriginal,resmlp,42,3,full,random_047,0.8329335804277108,0.8991228070175439,3,6162,1.08883203699952,glcm+resnet50+vgg16,
SoilOriginal,resmlp,42,3,full,random_048,0.8016645260648358,0.8947368421052632,3,1872,1.333749714998703,dinov2+dinov2_large+drlbp,
SoilOriginal,resmlp,42,3,full,random_049,0.85054643604663,0.9166666666666666,3,3072,1.231707399005245,densenet121+efficientnet_b0+siglip_base,
SoilOriginal,resmlp,42,3,full,random_050,0.8745984997699651,0.9166666666666666,3,1328,1.0332833510037744,dinov2_large+gabor+rgb_ngram_svd,
SoilOriginal,resmlp,42,3,full,random_051,0.8680987217461382,0.9166666666666666,3,2816,0.9211606399985612,efficientnet_b0+eva02_base+vit_b16,
SoilOriginal,resmlp,42,3,full,random_052,0.8905514393319273,0.9342105263157895,3,1616,0.9970411190006416,dinov2+drlbp+eva02_base,
SoilOriginal,resmlp,42,3,full,random_053,0.8758984821161738,0.9122807017543859,3,1200,0.99266905800323,deit_s+eva02_base+gabor,
SoilOriginal,resmlp,42,3,full,random_054,0.8520738650069958,0.9122807017543859,3,2864,0.8475246770030935,gabor+mae_base+resnet101,
SoilOriginal,resmlp,42,3,full,random_055,0.8563361815993396,0.8991228070175439,3,5376,1.4093579789987416,densenet121+rgb_ngram_svd+vgg16,
SoilOriginal,resmlp,42,3,full,random_056,0.8368523987596422,0.8859649122807017,3,4918,1.1973494560006657,lbp+mae_base+vgg16,
SoilOriginal,resmlp,42,3,full,random_057,0.8812780799926083,0.9298245614035088,3,4836,1.0473598530006711,dinov2_large+hog+resnet50,
SoilOriginal,resmlp,42,3,full,random_058,0.8605449265866615,0.9035087719298246,3,5248,1.1454098979957053,dinov2+dinov2_small+vgg16,
SoilOriginal,resmlp,42,3,full,random_059,0.8649472905361988,0.9078947368421053,3,2048,0.7518295140034752,densenet121+rgb_ngram_svd+siglip_base,
SoilOriginal,resmlp,42,3,full,random_060,0.907846892707316,0.9473684210526315,3,1810,1.1131314000012935,convnext_v2_t+densenet121+glcm,
SoilOriginal,resmlp,42,3,full,random_061,0.8593040071442974,0.9078947368421053,3,7168,0.8988087969992193,densenet121+resnet50+vgg16,
SoilOriginal,resmlp,42,3,full,random_062,0.8753731277391138,0.9298245614035088,3,2560,0.7573463880034979,dinov2_large+eva02_base+mae_base,
SoilOriginal,resmlp,42,3,full,random_063,0.8715370306263013,0.9166666666666666,3,2304,0.7291168349984218,eva02_base+mae_base+swin_t,
SoilOriginal,resmlp,42,3,full,random_064,0.8611506730351716,0.9166666666666666,3,3200,0.7472451380017446,deit_s+eva02_base+resnet50,
SoilOriginal,resmlp,42,3,full,random_065,0.907846892707316,0.9473684210526315,3,1810,1.137696566998784,convnext_v2_t+densenet121+glcm,
SoilOriginal,resmlp,42,3,full,random_066,0.8179408541707442,0.8991228070175439,3,834,0.5812699320013053,gabor+glcm+swin_t,
SoilOriginal,resmlp,42,3,full,random_067,0.8467502531142734,0.9035087719298246,3,834,1.125650014000712,convnext_v2_t+gabor+glcm,
SoilOriginal,resmlp,42,3,full,random_068,0.9017392876524107,0.9342105263157895,3,1042,1.6485554890023195,convnext_v2_t+glcm+rgb_ngram_svd,
SoilOriginal,resmlp,42,3,full,random_069,0.8722382822233141,0.9342105263157895,3,1200,1.2729645330036874,convnext_v2_t+dinov2_small+gabor,
SoilOriginal,resmlp,42,3,full,random_070,0.8497686067413142,0.9254385964912281,3,2432,0.6439182120011537,dinov2+dinov2_small+efficientnet_b0,
SoilOriginal,resmlp,42,3,full,random_071,0.8892750446653463,0.9298245614035088,3,3584,1.1869653239991749,dinov2+resnet101+siglip_base,
SoilOriginal,resmlp,42,3,full,random_072,0.8715370306263013,0.9166666666666666,3,2304,0.6894050300033996,eva02_base+mae_base+swin_t,
SoilOriginal,resmlp,42,3,full,random_073,0.830712515801723,0.8947368421052632,3,3072,1.0688775470043765,densenet121+efficientnet_b0+mae_base,
SoilOriginal,resmlp,42,3,full,random_074,0.8831471279952778,0.9166666666666666,3,2560,1.0609069359998102,densenet121+swin_t+vit_b16,
SoilOriginal,resmlp,42,3,full,random_075,0.8447641178908523,0.9166666666666666,3,2896,1.0549879090031027,drlbp+resnet101+swin_t,
SoilOriginal,resmlp,42,3,full,random_076,0.8784139143983415,0.9298245614035088,3,3584,0.9280478849977953,convnext_v2_t+resnet101+siglip_base,
SoilOriginal,resmlp,42,3,full,random_077,0.8746492792883427,0.9254385964912281,3,4580,0.7533663860012894,convnext_v2_t+hog+resnet50,
SoilOriginal,resmlp,42,3,full,random_078,0.8689115015665173,0.9298245614035088,3,1536,0.6691729189988109,deit_s+dinov2_small+vit_b16,
SoilOriginal,resmlp,42,3,full,random_079,0.8684146345761989,0.9035087719298246,3,5632,1.2559513300002436,dinov2+mae_base+vgg16,
SoilOriginal,resmlp,42,3,full,random_080,0.8936447386022938,0.9254385964912281,3,6912,1.3848286799984635,mae_base+resnet101+vgg16,
SoilOriginal,resmlp,42,3,full,random_081,0.8604512855201245,0.9122807017543859,3,822,1.0972494290035684,deit_s+dinov2_small+lbp,
SoilOriginal,resmlp,42,3,full,random_082,0.8313569567652246,0.9035087719298246,3,896,0.7012058499967679,drlbp+gabor+swin_t,
SoilOriginal,resmlp,42,3,full,random_083,0.8877168906432004,0.9298245614035088,3,3840,0.7001538500044262,densenet121+resnet101+siglip_base,
SoilOriginal,resmlp,42,3,full,random_084,0.8417568655246266,0.9078947368421053,3,3428,1.157537485996727,dinov2_small+efficientnet_b0+hog,
SoilOriginal,resmlp,42,3,full,random_085,0.8976628668853165,0.9298245614035088,3,1584,0.8655412930020248,eva02_base+gabor+mae_base,
SoilOriginal,resmlp,42,3,full,random_086,0.8933899920742026,0.9254385964912281,3,4918,1.139601256007154,lbp+vgg16+vit_b16,
SoilOriginal,resmlp,42,3,full,random_087,0.8945084668918591,0.9342105263157895,3,2688,1.2701818569985335,dinov2_small+resnet50+rgb_ngram_svd,
SoilOriginal,resmlp,42,3,full,random_088,0.7748724052791677,0.8508771929824561,3,5878,1.1917334079989814,glcm+hog+vgg16,
SoilOriginal,resmlp,42,3,full,random_089,0.8481340382697036,0.9035087719298246,3,4528,0.7852948930012644,dinov2_small+gabor+vgg16,
SoilOriginal,resmlp,42,3,full,random_090,0.8808842992525346,0.9298245614035088,3,2864,1.0946708530027536,convnext_v2_t+gabor+resnet101,
SoilOriginal,resmlp,42,3,full,random_091,0.8560126359330251,0.9078947368421053,3,2358,1.2831916760042077,lbp+resnet101+rgb_ngram_svd,
SoilOriginal,resmlp,42,3,full,random_092,0.8642164177804654,0.9210526315789473,3,2612,1.31349153300107,convnext_v2_t+drlbp+hog,
SoilOriginal,resmlp,42,3,full,random_093,0.8918644051268945,0.9429824561403509,3,2304,0.6350020410027355,dinov2+eva02_base+swin_t,
SoilOriginal,resmlp,42,3,full,random_094,0.8768017351868284,0.9298245614035088,3,1810,1.4481036139986827,densenet121+dinov2+glcm,
SoilOriginal,resmlp,42,3,full,random_095,0.8584569093189852,0.9166666666666666,3,3172,1.1592230120004388,deit_s+dinov2_large+hog,
SoilOriginal,resmlp,42,3,full,random_096,0.8586647938527638,0.9210526315789473,3,1170,1.2258268720033811,dinov2_small+glcm+mae_base,
SoilOriginal,resmlp,42,3,full,random_097,0.8197086510764701,0.8859649122807017,3,2580,0.9817485599996871,dinov2+gabor+hog,
SoilOriginal,resmlp,42,3,full,random_098,0.8980727427472506,0.9473684210526315,3,1920,0.7139477929958957,dinov2_small+siglip_base+swin_t,
SoilOriginal,resmlp,42,3,full,random_099,0.8814899865975833,0.9210526315789473,3,4580,1.1984537719981745,hog+mae_base+resnet101,
SoilOriginal,resmlp,42,4,full,random_000,0.8918522937317409,0.9342105263157895,4,2944,1.0830936130005284,deit_s+dinov2_large+eva02_base+mae_base,
SoilOriginal,resmlp,42,4,full,random_001,0.9014012559134915,0.9429824561403509,4,3218,0.9746930399996927,dinov2_small+eva02_base+glcm+resnet50,
SoilOriginal,resmlp,42,4,full,random_002,0.9023566099553941,0.9298245614035088,4,4068,1.6403785040020011,convnext_v2_t+dinov2+hog+mae_base,
SoilOriginal,resmlp,42,4,full,random_003,0.9104645744648879,0.9473684210526315,4,3888,1.0038078029974713,dinov2_large+eva02_base+gabor+resnet101,
SoilOriginal,resmlp,42,4,full,random_004,0.8975751295388907,0.9210526315789473,4,1664,0.8785868129998562,drlbp+gabor+swin_t+vit_b16,
SoilOriginal,resmlp,42,4,full,random_005,0.857507343627887,0.9035087719298246,4,3812,1.0817861229952541,densenet121+hog+rgb_ngram_svd+vit_b16,
SoilOriginal,resmlp,42,4,full,random_006,0.8954396285745123,0.9342105263157895,4,1810,0.7543044479971286,eva02_base+glcm+rgb_ngram_svd+siglip_base,
SoilOriginal,resmlp,42,4,full,random_007,0.9102395420450943,0.9429824561403509,4,3090,1.1614332660028595,dinov2+dinov2_large+efficientnet_b0+glcm,
SoilOriginal,resmlp,42,4,full,random_008,0.8813043697681223,0.9254385964912281,4,1158,1.2974295320018427,drlbp+lbp+rgb_ngram_svd+siglip_base,
SoilOriginal,resmlp,42,4,full,random_009,0.8136546514335895,0.8640350877192983,4,3860,0.7738961220020428,efficientnet_b0+gabor+hog+swin_t,
SoilOriginal,resmlp,42,4,full,random_010,0.8982004395131453,0.9342105263157895,4,2614,0.9596139800050878,densenet121+eva02_base+lbp+vit_b16,
SoilOriginal,resmlp,42,4,full,random_011,0.8980451551841627,0.9342105263157895,4,5168,1.161171125000692,gabor+rgb_ngram_svd+vgg16+vit_b16,
SoilOriginal,resmlp,42,4,full,random_012,0.874347177245728,0.9210526315789473,4,1616,1.3302257989998907,deit_s+dinov2+dinov2_small+drlbp,
SoilOriginal,resmlp,42,4,full,random_013,0.844958764958765,0.8771929824561403,4,4148,0.7787666929943953,drlbp+hog+resnet101+rgb_ngram_svd,
SoilOriginal,resmlp,42,4,full,random_014,0.8599124906946881,0.8947368421052632,4,2640,1.223748942000384,convnext_v2_t+densenet121+drlbp+swin_t,
SoilOriginal,resmlp,42,4,full,random_015,0.8504195081918459,0.8991228070175439,4,3766,0.8684897160055698,deit_s+efficientnet_b0+lbp+resnet101,
SoilOriginal,resmlp,42,4,full,random_016,0.8949060806165167,0.9298245614035088,4,4352,0.8494107209990034,efficientnet_b0+resnet101+rgb_ngram_svd+vit_b16,
SoilOriginal,resmlp,42,4,full,random_017,0.9007258624664904,0.9298245614035088,4,5266,1.1474523849974503,dinov2_small+glcm+vgg16+vit_b16,
SoilOriginal,resmlp,42,4,full,random_018,0.8680020948930933,0.9122807017543859,4,3584,0.9147578690026421,convnext_v2_t+dinov2+efficientnet_b0+vit_b16,
SoilOriginal,resmlp,42,4,full,random_019,0.8490990770228055,0.9035087719298246,4,6682,1.624024543001724,dinov2+hog+lbp+vgg16,
SoilOriginal,resmlp,42,4,full,random_020,0.9031656188043432,0.9385964912280702,4,3328,0.9358623609950882,dinov2+dinov2_large+eva02_base+swin_t,
SoilOriginal,resmlp,42,4,full,random_021,0.8408632776035262,0.8859649122807017,4,3968,0.9229021120045218,convnext_v2_t+deit_s+resnet50+swin_t,
SoilOriginal,resmlp,42,4,full,random_022,0.8798116118448662,0.9210526315789473,4,3602,1.1963534130045446,dinov2+glcm+resnet50+siglip_base,
SoilOriginal,resmlp,42,4,full,random_023,0.8890014987867805,0.9298245614035088,4,6528,1.1323152139957529,dinov2+dinov2_small+efficientnet_b0+vgg16,
SoilOriginal,resmlp,42,4,full,random_024,0.9193100376424302,0.9473684210526315,4,3632,0.8553128900020965,eva02_base+gabor+resnet50+vit_b16,
SoilOriginal,resmlp,42,4,full,random_025,0.878059628885014,0.9166666666666666,4,5348,0.9248855299956631,hog+resnet101+siglip_base+vit_b16,
SoilOriginal,resmlp,42,4,full,random_026,0.8303614163372254,0.8771929824561403,4,1254,1.0507191049982794,convnext_v2_t+deit_s+gabor+lbp,
SoilOriginal,resmlp,42,4,full,random_027,0.9232517984341752,0.9517543859649122,4,4608,1.0191160140020656,dinov2_large+resnet101+siglip_base+vit_b16,
SoilOriginal,resmlp,42,4,full,random_028,0.8374544512100066,0.8859649122807017,4,4214,1.0582776189985452,dinov2_small+glcm+hog+resnet50,
SoilOriginal,resmlp,42,4,full,random_029,0.9087677516999209,0.9385964912280702,4,3894,1.4718245889962418,dinov2+dinov2_large+lbp+resnet50,
SoilOriginal,resmlp,42,4,full,random_030,0.866312571374283,0.8947368421052632,4,2944,1.227661482997064,drlbp+gabor+resnet50+swin_t,
SoilOriginal,resmlp,42,4,full,random_031,0.8756250194152434,0.9210526315789473,4,7936,1.2957671469994239,densenet121+dinov2+resnet50+vgg16,
SoilOriginal,resmlp,42,4,full,random_032,0.8557300432300432,0.8991228070175439,4,2176,1.782971353000903,convnext_v2_t+deit_s+mae_base+rgb_ngram_svd,
SoilOriginal,resmlp,42,4,full,random_033,0.8567162603628067,0.8947368421052632,4,3172,1.2310448630014434,deit_s+hog+rgb_ngram_svd+vit_b16,
SoilOriginal,resmlp,42,4,full,random_034,0.8227626162649712,0.8640350877192983,4,2934,1.196685898998112,convnext_v2_t+deit_s+glcm+hog,
SoilOriginal,resmlp,42,4,full,random_035,0.8779215838286386,0.9254385964912281,4,5686,1.6470497789996443,convnext_v2_t+eva02_base+lbp+vgg16,
SoilOriginal,resmlp,42,4,full,random_036,0.9289029360433853,0.956140350877193,4,4224,1.6555393439994077,dinov2_large+dinov2_small+eva02_base+resnet101,
SoilOriginal,resmlp,42,4,full,random_037,0.8355532751292879,0.8903508771929824,4,2230,0.9434319039937691,convnext_v2_t+deit_s+dinov2_large+lbp,
SoilOriginal,resmlp,42,4,full,random_038,0.8733503392608853,0.9210526315789473,4,2896,1.1758096229968942,convnext_v2_t+drlbp+efficientnet_b0+eva02_base,
SoilOriginal,resmlp,42,4,full,random_039,0.8724906438613252,0.9210526315789473,4,3300,0.940057389998401,deit_s+dinov2_small+hog+siglip_base,
SoilOriginal,resmlp,42,4,full,random_040,0.9111361380703304,0.9385964912280702,4,5120,1.2363267200053087,dinov2+dinov2_large+efficientnet_b0+resnet101,
SoilOriginal,resmlp,42,4,full,random_041,0.829156792481414,0.8947368421052632,4,7012,1.4881886939983815,dinov2+dinov2_small+hog+vgg16,
SoilOriginal,resmlp,42,4,full,random_042,0.8246267843521847,0.8771929824561403,4,6966,1.1356361400030437,lbp+mae_base+resnet50+vgg16,
SoilOriginal,resmlp,42,4,full,random_043,0.8825262789773004,0.9166666666666666,4,1872,1.1127037899932475,drlbp+mae_base+rgb_ngram_svd+vit_b16,
SoilOriginal,resmlp,42,4,full,random_044,0.8398899622289271,0.8771929824561403,4,3888,1.0546426510045421,convnext_v2_t+densenet121+gabor+resnet101,
SoilOriginal,resmlp,42,4,full,random_045,0.8252931146548168,0.8991228070175439,4,5348,1.2930406380037311,convnext_v2_t+hog+resnet101+vit_b16,
SoilOriginal,resmlp,42,4,full,random_046,0.8337796040660798,0.8771929824561403,4,2230,1.1901416379987495,deit_s+densenet121+lbp+mae_base,
SoilOriginal,resmlp,42,4,full,random_047,0.834667796091239,0.868421052631579,4,4250,1.1166445269991527,deit_s+hog+lbp+resnet50,
SoilOriginal,resmlp,42,4,full,random_048,0.8602480438881788,0.8991228070175439,4,1286,0.8010250430015731,convnext_v2_t+dinov2_small+drlbp+lbp,
SoilOriginal,resmlp,42,4,full,random_049,0.8851349719168994,0.9342105263157895,4,2816,1.1545554000040283,dinov2_large+eva02_base+mae_base+rgb_ngram_svd,
SoilOriginal,resmlp,42,4,full,random_050,0.8969965215887876,0.9342105263157895,4,6272,1.1903438110020943,dinov2_large+dinov2_small+siglip_base+vgg16,
SoilOriginal,resmlp,42,4,full,random_051,0.8807557760388897,0.9298245614035088,4,2560,0.9008584479961428,eva02_base+rgb_ngram_svd+siglip_base+vit_b16,
SoilOriginal,resmlp,42,4,full,random_052,0.8816330715079034,0.9254385964912281,4,5266,1.4674111040003481,deit_s+eva02_base+glcm+vgg16,
SoilOriginal,resmlp,42,4,full,random_053,0.8696503162668575,0.9078947368421053,4,2586,1.7432642490020953,deit_s+dinov2_small+hog+lbp,
SoilOriginal,resmlp,42,4,full,random_054,0.8815627483291196,0.9298245614035088,4,2608,1.469390457001282,dinov2_large+efficientnet_b0+gabor+rgb_ngram_svd,
SoilOriginal,resmlp,42,4,full,random_055,0.8699735466057505,0.9210526315789473,4,5712,0.8766922650029301,drlbp+eva02_base+swin_t+vgg16,
SoilOriginal,resmlp,42,4,full,random_056,0.8568087727573629,0.9122807017543859,4,8960,1.260347643001296,dinov2+resnet101+resnet50+vgg16,
SoilOriginal,resmlp,42,4,full,random_057,0.8082199228276401,0.8464912280701754,4,2934,1.2453845190029824,deit_s+glcm+hog+mae_base,
SoilOriginal,resmlp,42,4,full,random_058,0.8969533046789956,0.9342105263157895,4,5888,1.6684472359993379,dinov2_large+resnet101+resnet50+siglip_base,
SoilOriginal,resmlp,42,4,full,random_059,0.810515423608992,0.8640350877192983,4,6932,1.228869318998477,densenet121+gabor+hog+vgg16,
SoilOriginal,resmlp,42,4,full,random_060,0.8957112125999299,0.9342105263157895,4,5348,0.9637419469945598,dinov2+hog+resnet50+siglip_base,
SoilOriginal,resmlp,42,4,full,random_061,0.8657566972236623,0.9035087719298246,4,4370,1.2492192049976438,dinov2_large+efficientnet_b0+glcm+resnet50,
SoilOriginal,resmlp,42,4,full,random_062,0.8821364723229586,0.9210526315789473,4,3840,1.3075973140003043,mae_base+resnet50+rgb_ngram_svd+vit_b16,
SoilOriginal,resmlp,42,4,full,random_063,0.8526499107810974,0.9122807017543859,4,5840,2.021787021003547,dinov2_small+drlbp+efficientnet_b0+vgg16,
SoilOriginal,resmlp,42,4,full,random_064,0.8416203328224234,0.8859649122807017,4,4122,1.2412565569975413,hog+lbp+resnet50+rgb_ngram_svd,
SoilOriginal,resmlp,42,4,full,random_065,0.8800761645131511,0.9166666666666666,4,1872,1.3622483860017383,dinov2+drlbp+mae_base+rgb_ngram_svd,
SoilOriginal,resmlp,42,4,full,random_066,0.8802575167611933,0.9166666666666666,4,5650,1.1099032490019454,convnext_v2_t+glcm+siglip_base+vgg16,
SoilOriginal,resmlp,42,4,full,random_067,0.8805657471013622,0.9166666666666666,4,2888,1.378724082998815,dinov2+glcm+lbp+resnet101,
SoilOriginal,resmlp,42,4,full,random_068,0.9093643124299222,0.9342105263157895,4,1920,1.0231653030059533,densenet121+dinov2+drlbp+gabor,
SoilOriginal,resmlp,42,4,full,random_069,0.894679598591952,0.9342105263157895,4,2834,0.9677251339962822,dinov2+efficientnet_b0+eva02_base+glcm,
SoilOriginal,resmlp,42,4,full,random_070,0.9101198743252071,0.9473684210526315,4,2944,1.0631126740045147,dinov2_large+dinov2_small+eva02_base+siglip_base,
SoilOriginal,resmlp,42,4,full,random_071,0.8730411134218526,0.9122807017543859,4,2578,1.166307063998829,convnext_v2_t+dinov2_large+glcm+vit_b16,
SoilOriginal,resmlp,42,4,full,random_072,0.894711935079829,0.9429824561403509,4,5296,1.220238691996201,dinov2_small+eva02_base+gabor+vgg16,
SoilOriginal,resmlp,42,4,full,random_073,0.8539230011312391,0.8903508771929824,4,2996,1.1547423289957806,deit_s+dinov2+drlbp+hog,
SoilOriginal,resmlp,42,4,full,random_074,0.8241930605112844,0.8728070175438597,4,8676,0.7533650789991952,convnext_v2_t+hog+resnet50+vgg16,
SoilOriginal,resmlp,42,4,full,random_075,0.8461178943169461,0.8903508771929824,4,3280,1.0676208149961894,convnext_v2_t+deit_s+drlbp+resnet50,
SoilOriginal,resmlp,42,4,full,random_076,0.8983593765015664,0.9342105263157895,4,2224,1.1426359949982725,deit_s+densenet121+eva02_base+gabor,
SoilOriginal,resmlp,42,4,full,random_077,0.8300438314961827,0.881578947368421,4,5430,1.6179145249989233,densenet121+lbp+rgb_ngram_svd+vgg16,
SoilOriginal,resmlp,42,4,full,random_078,0.7312127015652339,0.7982456140350878,4,2220,1.0651904250044026,deit_s+glcm+hog+lbp,
SoilOriginal,resmlp,42,4,full,random_079,0.8550716509526577,0.8947368421052632,4,2640,0.7227283879983588,densenet121+drlbp+efficientnet_b0+rgb_ngram_svd,
SoilOriginal,resmlp,42,4,full,random_080,0.8683428297707112,0.9166666666666666,4,2230,0.8424036430005799,densenet121+dinov2+dinov2_small+lbp,
SoilOriginal,resmlp,42,4,full,random_081,0.9044044817590884,0.9385964912280702,4,3632,1.6475063269972452,eva02_base+gabor+resnet50+siglip_base,
SoilOriginal,resmlp,42,4,full,random_082,0.8976754156963997,0.9342105263157895,4,2066,1.3758250110040535,dinov2_large+glcm+mae_base+rgb_ngram_svd,
SoilOriginal,resmlp,42,4,full,random_083,0.8174936788260795,0.881578947368421,4,5248,0.7256075050026993,deit_s+resnet101+resnet50+swin_t,
SoilOriginal,resmlp,42,4,full,random_084,0.8822087208060009,0.9122807017543859,4,2944,0.9875220230023842,deit_s+densenet121+mae_base+vit_b16,
SoilOriginal,resmlp,42,4,full,random_085,0.8484272468502506,0.8903508771929824,4,5120,1.4450479740044102,densenet121+efficientnet_b0+resnet50+vit_b16,
SoilOriginal,resmlp,42,4,full,random_086,0.869684799596499,0.9254385964912281,4,6224,1.3530727489996934,densenet121+dinov2_large+drlbp+vgg16,
SoilOriginal,resmlp,42,4,full,random_087,0.9058606729771773,0.9429824561403509,4,3200,1.5213853660025052,densenet121+dinov2_large+dinov2_small+mae_base,
SoilOriginal,resmlp,42,4,full,random_088,0.8808518423533466,0.9385964912280702,4,4930,1.234395717998268,eva02_base+gabor+glcm+vgg16,
SoilOriginal,resmlp,42,4,full,random_089,0.9076886612622613,0.9385964912280702,4,2614,1.0050811640030588,convnext_v2_t+dinov2_large+eva02_base+lbp,
SoilOriginal,resmlp,42,4,full,random_090,0.8858101524858293,0.9210526315789473,4,3254,1.4589383920028922,dinov2_small+lbp+mae_base+resnet50,
SoilOriginal,resmlp,42,4,full,random_091,0.9055014466154517,0.9385964912280702,4,3920,1.1631053270029952,dinov2_large+drlbp+resnet101+vit_b16,
SoilOriginal,resmlp,42,4,full,random_092,0.8838464430764842,0.9122807017543859,4,3172,1.745614266001212,deit_s+dinov2+hog+rgb_ngram_svd,
SoilOriginal,resmlp,42,4,full,random_093,0.8562782879623491,0.9166666666666666,4,4068,1.6678029139948194,convnext_v2_t+eva02_base+hog+vit_b16,
SoilOriginal,resmlp,42,4,full,random_094,0.8759458953631428,0.9122807017543859,4,2914,1.1067087539995555,dinov2+drlbp+glcm+resnet101,
SoilOriginal,resmlp,42,4,full,random_095,0.8455380876433508,0.8859649122807017,4,3408,1.0764581429975806,densenet121+drlbp+resnet50+rgb_ngram_svd,
SoilOriginal,resmlp,42,4,full,random_096,0.8745375253314032,0.9166666666666666,4,3348,1.1479343059982057,gabor+hog+siglip_base+vit_b16,
SoilOriginal,resmlp,42,4,full,random_097,0.9064482339862616,0.9298245614035088,4,3072,0.954456453997409,dinov2+siglip_base+swin_t+vit_b16,
SoilOriginal,resmlp,42,4,full,random_098,0.8579752433065213,0.9254385964912281,4,6992,0.9798417940037325,drlbp+resnet101+siglip_base+vgg16,
SoilOriginal,resmlp,42,4,full,random_099,0.8854828849302235,0.9210526315789473,4,2322,1.2991186910003307,efficientnet_b0+glcm+rgb_ngram_svd+vit_b16,
SoilOriginal,resmlp,123,0,full,random_000,0.8025175446313983,0.8596491228070176,5,2816,1.1995839059964055,deit_s+densenet121+drlbp+efficientnet_b0+gabor,
SoilOriginal,resmlp,123,0,full,random_001,0.8376908359760081,0.8859649122807017,5,7012,0.7486627909966046,convnext_v2_t+dinov2_small+hog+resnet101+resnet50,
SoilOriginal,resmlp,123,0,full,random_002,0.8940327422084604,0.9166666666666666,5,5376,1.233627006993629,densenet121+efficientnet_b0+eva02_base+resnet50+rgb_ngram_svd,
SoilOriginal,resmlp,123,0,full,random_003,0.8786642580117323,0.9210526315789473,5,4242,1.2567026090036961,deit_s+dinov2_large+eva02_base+glcm+resnet101,
SoilOriginal,resmlp,123,0,full,random_004,0.8623062468958401,0.8991228070175439,5,9728,1.6308335079957033,convnext_v2_t+resnet101+resnet50+siglip_base+vgg16,
SoilOriginal,resmlp,123,0,full,random_005,0.8733483644441016,0.9210526315789473,5,4864,1.004917762002151,densenet121+dinov2+dinov2_large+efficientnet_b0+siglip_base,
SoilOriginal,resmlp,123,0,full,random_006,0.9049703739325793,0.9298245614035088,5,4370,1.5363528410016443,densenet121+dinov2_large+glcm+resnet50+rgb_ngram_svd,
SoilOriginal,resmlp,123,0,full,random_007,0.8901965531421097,0.9342105263157895,5,3346,1.590663934002805,dinov2_large+eva02_base+glcm+mae_base+siglip_base,
SoilOriginal,resmlp,123,0,full,random_008,0.8485996651588048,0.8947368421052632,5,5650,1.1002909259987064,glcm+resnet101+resnet50+swin_t+vit_b16,
SoilOriginal,resmlp,123,0,full,random_009,0.8506786401749148,0.8947368421052632,5,5570,1.367822154003079,dinov2_large+dinov2_small+gabor+glcm+vgg16,
SoilOriginal,resmlp,123,0,full,random_010,0.8836284878214737,0.9298245614035088,5,7984,1.4788012729986804,dinov2_large+eva02_base+gabor+resnet101+vgg16,
SoilOriginal,resmlp,123,0,full,random_011,0.7896572731028774,0.8596491228070176,5,5606,1.0461673489990062,deit_s+densenet121+gabor+lbp+vgg16,
SoilOriginal,resmlp,123,0,full,random_012,0.8645380099839388,0.9254385964912281,5,3456,1.2218679890065687,dinov2_small+mae_base+siglip_base+swin_t+vit_b16,
SoilOriginal,resmlp,123,0,full,random_013,0.9089136110589333,0.9342105263157895,5,4114,1.0844836799951736,dinov2_large+glcm+resnet101+rgb_ngram_svd+vit_b16,
SoilOriginal,resmlp,123,0,full,random_014,0.8453246706279709,0.8859649122807017,5,2438,0.9888925999985076,drlbp+efficientnet_b0+lbp+mae_base+rgb_ngram_svd,
SoilOriginal,resmlp,123,0,full,random_015,0.8933659542205926,0.9210526315789473,5,3840,1.1634977899957448,convnext_v2_t+dinov2+efficientnet_b0+rgb_ngram_svd+siglip_base,
SoilOriginal,resmlp,123,0,full,random_016,0.8586037650010475,0.9078947368421053,5,2022,1.0990729849945637,deit_s+eva02_base+gabor+lbp+mae_base,
SoilOriginal,resmlp,123,0,full,random_017,0.894959709315084,0.9429824561403509,5,3718,1.48349620999943,drlbp+lbp+mae_base+resnet101+siglip_base,
SoilOriginal,resmlp,123,0,full,random_018,0.9058151676687827,0.9342105263157895,5,4608,1.0949978880016715,convnext_v2_t+dinov2+resnet50+rgb_ngram_svd+swin_t,
SoilOriginal,resmlp,123,0,full,random_019,0.8812375730171331,0.9078947368421053,5,2864,1.0468207720041391,densenet121+dinov2+gabor+rgb_ngram_svd+siglip_base,
SoilOriginal,resmlp,123,0,full,random_020,0.8455222401766181,0.8991228070175439,5,3382,1.0726149280017125,densenet121+lbp+mae_base+swin_t+vit_b16,
SoilOriginal,resmlp,123,0,full,random_021,0.8619636303439557,0.8947368421052632,5,5942,1.4105507459971705,convnext_v2_t+lbp+mae_base+rgb_ngram_svd+vgg16,
SoilOriginal,resmlp,123,0,full,random_022,0.8922952322607083,0.9342105263157895,5,4096,0.7540655150005477,dinov2+dinov2_large+eva02_base+siglip_base+swin_t,
SoilOriginal,resmlp,123,0,full,random_023,0.8349099158557349,0.8903508771929824,5,2352,1.026560102996882,deit_s+dinov2_small+gabor+swin_t+vit_b16,
SoilOriginal,resmlp,123,0,full,random_024,0.858047591218817,0.8991228070175439,5,3656,1.443673529996886,glcm+lbp+resnet101+swin_t+vit_b16,
SoilOriginal,resmlp,123,0,full,random_025,0.8564285518191782,0.8947368421052632,5,5522,0.8804711479970138,dinov2_small+glcm+mae_base+rgb_ngram_svd+vgg16,
SoilOriginal,resmlp,123,0,full,random_026,0.8936952053927726,0.9210526315789473,5,4324,0.7855209269982879,dinov2+eva02_base+hog+rgb_ngram_svd+swin_t,
SoilOriginal,resmlp,123,0,full,random_027,0.8903632616782277,0.9254385964912281,5,3632,1.0098846569962916,dinov2+efficientnet_b0+gabor+mae_base+vit_b16,
SoilOriginal,resmlp,123,0,full,random_028,0.923638987235997,0.9429824561403509,5,2438,0.9111159650055924,drlbp+eva02_base+lbp+mae_base+siglip_base,
SoilOriginal,resmlp,123,0,full,random_029,0.859033022694401,0.8947368421052632,5,7168,0.7261181509966264,efficientnet_b0+rgb_ngram_svd+swin_t+vgg16+vit_b16,
SoilOriginal,resmlp,123,0,full,random_030,0.8644936026947787,0.9210526315789473,5,4608,1.340045019001991,deit_s+dinov2_large+dinov2_small+mae_base+resnet101,
SoilOriginal,resmlp,123,0,full,random_031,0.8962856200595785,0.9210526315789473,5,4608,0.7850385309939156,convnext_v2_t+dinov2+eva02_base+resnet50+rgb_ngram_svd,
SoilOriginal,resmlp,123,0,full,random_032,0.8926844743103717,0.9298245614035088,5,7268,1.6412801039987244,dinov2_large+dinov2_small+hog+resnet101+resnet50,
SoilOriginal,resmlp,123,0,full,random_033,0.8265983943475543,0.881578947368421,5,5734,0.8935963890035055,dinov2+gabor+lbp+swin_t+vgg16,
SoilOriginal,resmlp,123,0,full,random_034,0.8780068373263664,0.9166666666666666,5,3686,1.4173167749977438,gabor+lbp+mae_base+resnet101+vit_b16,
SoilOriginal,resmlp,123,0,full,random_035,0.8126747861358613,0.8640350877192983,5,5840,1.6061426189990016,deit_s+drlbp+efficientnet_b0+resnet101+resnet50,
SoilOriginal,resmlp,123,0,full,random_036,0.867395355852899,0.9122807017543859,5,5968,0.7908400599990273,dinov2_large+drlbp+eva02_base+resnet101+resnet50,
SoilOriginal,resmlp,123,0,full,random_037,0.8714538682510266,0.9035087719298246,5,3732,1.6100151360005839,convnext_v2_t+dinov2_small+gabor+hog+vit_b16,
SoilOriginal,resmlp,123,0,full,random_038,0.8422297545901029,0.8859649122807017,5,8210,1.4784046839995426,dinov2+efficientnet_b0+glcm+resnet101+vgg16,
SoilOriginal,resmlp,123,0,full,random_039,0.7968091736293792,0.868421052631579,5,3306,0.9947295680030948,deit_s+densenet121+drlbp+hog+lbp,
SoilOriginal,resmlp,123,0,full,random_040,0.8495121957871188,0.9078947368421053,5,7168,0.7774095429995214,dinov2_large+efficientnet_b0+resnet101+resnet50+swin_t,
SoilOriginal,resmlp,123,0,full,random_041,0.83893212280468,0.8991228070175439,5,3504,0.5726222960001905,densenet121+dinov2+dinov2_small+efficientnet_b0+gabor,
SoilOriginal,resmlp,123,0,full,random_042,0.8560743982423877,0.9166666666666666,5,2816,1.0570830479991855,deit_s+dinov2_large+drlbp+efficientnet_b0+gabor,
SoilOriginal,resmlp,123,0,full,random_043,0.8444314234682481,0.8859649122807017,5,3248,1.1009057089977432,dinov2+dinov2_small+efficientnet_b0+gabor+swin_t,
SoilOriginal,resmlp,123,0,full,random_044,0.888061245927618,0.9254385964912281,5,5376,1.4186587450021761,convnext_v2_t+densenet121+dinov2+resnet101+siglip_base,
SoilOriginal,resmlp,123,0,full,random_045,0.8571520567563465,0.9035087719298246,5,1608,1.3068723809992662,convnext_v2_t+deit_s+dinov2_small+glcm+lbp,
SoilOriginal,resmlp,123,0,full,random_046,0.8782771199264962,0.9122807017543859,5,6418,1.5469503889980842,dinov2+efficientnet_b0+glcm+rgb_ngram_svd+vgg16,
SoilOriginal,resmlp,123,0,full,random_047,0.8225272453932319,0.8771929824561403,5,3858,0.8947615280048922,densenet121+efficientnet_b0+glcm+swin_t+vit_b16,
SoilOriginal,resmlp,123,0,full,random_048,0.8567080385052737,0.9122807017543859,5,5504,0.9621778059954522,densenet121+dinov2_small+efficientnet_b0+mae_base+resnet101,
SoilOriginal,resmlp,123,0,full,random_049,0.8817338691899737,0.9210526315789473,5,3346,1.303704641002696,densenet121+dinov2+eva02_base+glcm+swin_t,
SoilOriginal,resmlp,123,0,full,random_050,0.8454068138500116,0.8859649122807017,5,2890,1.7351695689940243,gabor+hog+lbp+rgb_ngram_svd+swin_t,
SoilOriginal,resmlp,123,0,full,random_051,0.821367785661376,0.868421052631579,5,7734,1.4680947540036868,convnext_v2_t+lbp+resnet50+swin_t+vgg16,
SoilOriginal,resmlp,123,0,full,random_052,0.8345940185446661,0.8728070175438597,5,2678,1.6299320309990435,drlbp+gabor+glcm+hog+vit_b16,
SoilOriginal,resmlp,123,0,full,random_053,0.8821571050785478,0.9210526315789473,5,4864,1.4481132549990434,convnext_v2_t+densenet121+dinov2_large+efficientnet_b0+siglip_base,
SoilOriginal,resmlp,123,0,full,random_054,0.8468619185767279,0.8947368421052632,5,6034,1.2555367080058204,deit_s+glcm+swin_t+vgg16+vit_b16,
SoilOriginal,resmlp,123,0,full,random_055,0.8763134288479911,0.9254385964912281,5,2694,0.5969661460039788,dinov2+dinov2_large+drlbp+lbp+swin_t,
SoilOriginal,resmlp,123,0,full,random_056,0.8668545904280507,0.9166666666666666,5,4660,1.61854240399407,densenet121+dinov2+dinov2_large+drlbp+hog,
SoilOriginal,resmlp,123,0,full,random_057,0.9120539799138807,0.9385964912280702,5,2432,0.8974623230024008,convnext_v2_t+drlbp+eva02_base+gabor+siglip_base,
SoilOriginal,resmlp,123,0,full,random_058,0.8710870222037982,0.9210526315789473,5,4480,1.2966519039982813,densenet121+dinov2_large+dinov2_small+efficientnet_b0+eva02_base,
SoilOriginal,resmlp,123,0,full,random_059,0.8833412319482358,0.9166666666666666,5,4864,1.3391384889982874,densenet121+resnet50+rgb_ngram_svd+siglip_base+vit_b16,
SoilOriginal,resmlp,123,0,full,random_060,0.8650209331653652,0.9078947368421053,5,6704,1.444678109997767,dinov2_large+gabor+siglip_base+swin_t+vgg16,
SoilOriginal,resmlp,123,0,full,random_061,0.8378265370680985,0.8859649122807017,5,8576,0.9710837949969573,convnext_v2_t+deit_s+efficientnet_b0+resnet50+vgg16,
SoilOriginal,resmlp,123,0,full,random_062,0.8590462760535952,0.8991228070175439,5,6192,1.583033491995593,densenet121+gabor+rgb_ngram_svd+siglip_base+vgg16,
SoilOriginal,resmlp,123,0,full,random_063,0.8588733609626384,0.8947368421052632,5,2506,1.3414932320010848,dinov2_small+gabor+hog+lbp+rgb_ngram_svd,
SoilOriginal,resmlp,123,0,full,random_064,0.8738059854428936,0.9210526315789473,5,2742,1.1484587640006794,deit_s+dinov2+eva02_base+lbp+vit_b16,
SoilOriginal,resmlp,123,0,full,random_065,0.8547015851563072,0.8903508771929824,5,3760,1.1600911099958466,deit_s+densenet121+gabor+resnet50+rgb_ngram_svd,
SoilOriginal,resmlp,123,0,full,random_066,0.8527049965983599,0.9078947368421053,5,3888,1.3630546579952352,dinov2_large+efficientnet_b0+gabor+siglip_base+swin_t,
SoilOriginal,resmlp,123,0,full,random_067,0.8162628186818361,0.868421052631579,5,4884,1.5874289519997546,densenet121+efficientnet_b0+gabor+hog+swin_t,
SoilOriginal,resmlp,123,0,full,random_068,0.8937544647733919,0.9254385964912281,5,3382,1.1133063169982051,dinov2_large+efficientnet_b0+lbp+rgb_ngram_svd+siglip_base,
SoilOriginal,resmlp,123,0,full,random_069,0.8545234070843114,0.9078947368421053,5,5268,1.4256956270037335,deit_s+dinov2_large+gabor+hog+resnet50,
SoilOriginal,resmlp,123,0,full,random_070,0.832754954677279,0.8991228070175439,5,3510,1.3137017790068057,deit_s+dinov2_large+efficientnet_b0+lbp+siglip_base,
SoilOriginal,resmlp,123,0,full,random_071,0.8262638336014482,0.8859649122807017,5,6546,0.8675312999985181,dinov2_small+efficientnet_b0+glcm+swin_t+vgg16,
SoilOriginal,resmlp,123,0,full,random_072,0.8813838639511411,0.9166666666666666,5,2230,1.121978268995008,deit_s+lbp+rgb_ngram_svd+swin_t+vit_b16,
SoilOriginal,resmlp,123,0,full,random_073,0.8209023144230728,0.868421052631579,5,7476,0.9958566599962069,convnext_v2_t+drlbp+hog+swin_t+vgg16,
SoilOriginal,resmlp,123,0,full,random_074,0.9298295490915834,0.956140350877193,5,4634,1.6442832949978765,densenet121+dinov2_large+eva02_base+hog+lbp,
SoilOriginal,resmlp,123,0,full,random_075,0.8393680580465303,0.8771929824561403,5,4162,0.7802485620049993,convnext_v2_t+efficientnet_b0+gabor+glcm+resnet101,
SoilOriginal,resmlp,123,0,full,random_076,0.8422784854250581,0.8859649122807017,5,2048,1.429398943997512,convnext_v2_t+deit_s+drlbp+gabor+mae_base,
SoilOriginal,resmlp,123,0,full,random_077,0.8443761540546164,0.8903508771929824,5,3254,1.080717963995994,convnext_v2_t+deit_s+efficientnet_b0+lbp+vit_b16,
SoilOriginal,resmlp,123,0,full,random_078,0.841872034722109,0.8991228070175439,5,5632,1.212358574004611,densenet121+dinov2+dinov2_large+resnet50+swin_t,
SoilOriginal,resmlp,123,0,full,random_079,0.8966693507257221,0.9342105263157895,5,4114,1.1052329169979203,dinov2_large+glcm+resnet50+rgb_ngram_svd+swin_t,
SoilOriginal,resmlp,123,0,full,random_080,0.8921950456441815,0.9254385964912281,5,2736,0.8431023869998171,convnext_v2_t+dinov2+dinov2_small+gabor+vit_b16,
SoilOriginal,resmlp,123,0,full,random_081,0.8494521877533014,0.8991228070175439,5,7990,0.8251881239993963,dinov2_large+eva02_base+lbp+resnet50+vgg16,
SoilOriginal,resmlp,123,0,full,random_082,0.8473363127610948,0.8947368421052632,5,7728,1.3261053949972847,dinov2+gabor+resnet50+swin_t+vgg16,
SoilOriginal,resmlp,123,0,full,random_083,0.8992787057131529,0.9298245614035088,5,4864,1.3843296699997154,dinov2_large+mae_base+resnet101+rgb_ngram_svd+siglip_base,
SoilOriginal,resmlp,123,0,full,random_084,0.8343352937516998,0.8771929824561403,5,3446,1.550193789000332,deit_s+densenet121+glcm+hog+rgb_ngram_svd,
SoilOriginal,resmlp,123,0,full,random_085,0.8639734896122233,0.9166666666666666,5,6528,1.3110986769970623,dinov2_small+efficientnet_b0+resnet101+resnet50+siglip_base,
SoilOriginal,resmlp,123,0,full,random_086,0.8445648983258914,0.8947368421052632,5,7322,1.626255515999219,dinov2_large+dinov2_small+hog+lbp+vgg16,
SoilOriginal,resmlp,123,0,full,random_087,0.8702409340173756,0.9166666666666666,5,4244,1.0392844720045105,deit_s+densenet121+dinov2_large+gabor+hog,
SoilOriginal,resmlp,123,0,full,random_088,0.8227224779836589,0.8728070175438597,5,9060,1.5555271959965467,deit_s+hog+resnet50+vgg16+vit_b16,
SoilOriginal,resmlp,123,0,full,random_089,0.8440241262508732,0.8903508771929824,5,2736,0.789538105003885,dinov2_small+efficientnet_b0+gabor+rgb_ngram_svd+swin_t,
SoilOriginal,resmlp,123,0,full,random_090,0.8415042329766254,0.9035087719298246,5,2608,1.195724142002291,deit_s+densenet121+dinov2_small+gabor+vit_b16,
SoilOriginal,resmlp,123,0,full,random_091,0.8638516839779767,0.8947368421052632,5,2854,1.5725113669977873,gabor+glcm+hog+rgb_ngram_svd+vit_b16,
SoilOriginal,resmlp,123,0,full,random_092,0.8692621948174301,0.9122807017543859,5,4272,1.4521180700030527,densenet121+dinov2_small+gabor+mae_base+resnet101,
SoilOriginal,resmlp,123,0,full,random_093,0.8746613573915436,0.9166666666666666,5,7296,1.312845822001691,densenet121+dinov2_large+dinov2_small+swin_t+vgg16,
SoilOriginal,resmlp,123,0,full,random_094,0.8771790501155768,0.9078947368421053,5,5840,1.3796870849982952,dinov2_large+dinov2_small+drlbp+rgb_ngram_svd+vgg16,
SoilOriginal,resmlp,123,0,full,random_095,0.8776360546735364,0.9122807017543859,5,2742,0.5883443160055322,deit_s+efficientnet_b0+eva02_base+lbp+rgb_ngram_svd,
SoilOriginal,resmlp,123,0,full,random_096,0.8411140863959677,0.8903508771929824,5,3556,0.8709570409992011,dinov2_small+drlbp+efficientnet_b0+gabor+hog,
SoilOriginal,resmlp,123,0,full,random_097,0.8543126579600743,0.9035087719298246,5,5504,1.3102377979957964,deit_s+densenet121+efficientnet_b0+eva02_base+resnet101,
SoilOriginal,resmlp,123,0,full,random_098,0.8932480855894863,0.9254385964912281,5,3894,1.265123921999475,dinov2+lbp+resnet50+rgb_ngram_svd+siglip_base,
SoilOriginal,resmlp,123,0,full,random_099,0.8199081638257794,0.8728070175438597,5,5960,0.6901140049958485,densenet121+dinov2+glcm+lbp+vgg16,
SoilOriginal,resmlp,123,1,full,random_000,0.7959755480355135,0.8864628820960698,5,3858,1.2732832849942497,dinov2+dinov2_large+efficientnet_b0+glcm+swin_t,
SoilOriginal,resmlp,123,1,full,random_001,0.8391921195837221,0.9082969432314411,5,4278,1.4252188229947933,densenet121+dinov2_small+eva02_base+lbp+resnet101,
SoilOriginal,resmlp,123,1,full,random_002,0.8117995897007673,0.9039301310043668,5,5366,0.745763906998036,glcm+hog+mae_base+resnet101+siglip_base,
SoilOriginal,resmlp,123,1,full,random_003,0.8066662827513017,0.8864628820960698,5,2944,0.6197342690065852,dinov2_small+mae_base+rgb_ngram_svd+siglip_base+vit_b16,
SoilOriginal,resmlp,123,1,full,random_004,0.8199949668504863,0.8820960698689956,5,4884,0.8090461579995463,gabor+hog+resnet50+rgb_ngram_svd+vit_b16,
SoilOriginal,resmlp,123,1,full,random_005,0.836769833854719,0.9082969432314411,5,4498,1.5225049190048594,dinov2_small+efficientnet_b0+glcm+mae_base+resnet101,
SoilOriginal,resmlp,123,1,full,random_006,0.7841080169303936,0.8820960698689956,5,2534,0.7911328839982161,convnext_v2_t+deit_s+efficientnet_b0+gabor+lbp,
SoilOriginal,resmlp,123,1,full,random_007,0.8052308894916751,0.8864628820960698,5,4992,1.4153107050005929,deit_s+dinov2+dinov2_large+resnet50+siglip_base,
SoilOriginal,resmlp,123,1,full,random_008,0.8195487773288573,0.8908296943231441,5,7652,1.1181384260053164,dinov2_large+hog+resnet101+resnet50+vit_b16,
SoilOriginal,resmlp,123,1,full,random_009,0.8403479237626664,0.9082969432314411,5,4864,1.0244020629979786,dinov2+dinov2_large+resnet101+rgb_ngram_svd+vit_b16,
SoilOriginal,resmlp,123,1,full,random_010,0.8324674520135549,0.9082969432314411,5,2742,1.3000525410025148,dinov2_small+lbp+mae_base+siglip_base+vit_b16,
SoilOriginal,resmlp,123,1,full,random_011,0.7996500179018976,0.8820960698689956,5,5272,1.6231854389989167,densenet121+drlbp+glcm+lbp+vgg16,
SoilOriginal,resmlp,123,1,full,random_012,0.803174363577259,0.8951965065502183,5,4608,1.1492158890032442,convnext_v2_t+deit_s+densenet121+dinov2_small+resnet50,
SoilOriginal,resmlp,123,1,full,random_013,0.7929795395436062,0.8820960698689956,5,3974,1.4620525100035593,densenet121+drlbp+lbp+resnet101+swin_t,
SoilOriginal,resmlp,123,1,full,random_014,0.8169630262058966,0.8951965065502183,5,6290,1.3368123399995966,deit_s+dinov2_large+glcm+siglip_base+vgg16,
SoilOriginal,resmlp,123,1,full,random_015,0.8643802487743942,0.9126637554585153,5,1992,0.6943754669991904,deit_s+dinov2+glcm+lbp+siglip_base,
SoilOriginal,resmlp,123,1,full,random_016,0.7940113785640194,0.8908296943231441,5,7296,1.1894995780021418,deit_s+dinov2+efficientnet_b0+eva02_base+vgg16,
SoilOriginal,resmlp,123,1,full,random_017,0.774060784075557,0.8777292576419214,5,7040,1.231649205001304,drlbp+gabor+resnet50+vgg16+vit_b16,
SoilOriginal,resmlp,123,1,full,random_018,0.8021856798478746,0.8951965065502183,5,4962,1.407174498999666,drlbp+glcm+mae_base+resnet101+resnet50,
SoilOriginal,resmlp,123,1,full,random_019,0.7789488578321409,0.8864628820960698,5,8576,1.226829364997684,densenet121+dinov2_large+dinov2_small+resnet50+vgg16,
SoilOriginal,resmlp,123,1,full,random_020,0.7916948391005738,0.8820960698689956,5,5348,0.9127727919985773,dinov2+efficientnet_b0+eva02_base+hog+swin_t,
SoilOriginal,resmlp,123,1,full,random_021,0.8592722433102795,0.9213973799126638,5,2054,1.02550466300454,convnext_v2_t+dinov2_small+drlbp+eva02_base+lbp,
SoilOriginal,resmlp,123,1,full,random_022,0.8154508166856694,0.8908296943231441,5,1944,1.183147307994659,dinov2_large+drlbp+glcm+lbp+siglip_base,
SoilOriginal,resmlp,123,1,full,random_023,0.7939569058695876,0.8951965065502183,5,3024,1.4064235490004648,deit_s+densenet121+dinov2+drlbp+eva02_base,
SoilOriginal,resmlp,123,1,full,random_024,0.7909028021041008,0.8951965065502183,5,6466,1.4067422649968648,dinov2_large+efficientnet_b0+gabor+glcm+vgg16,
SoilOriginal,resmlp,123,1,full,random_025,0.8391871503927062,0.9039301310043668,5,3712,1.0238826679997146,convnext_v2_t+deit_s+densenet121+eva02_base+siglip_base,
SoilOriginal,resmlp,123,1,full,random_026,0.8412980519954479,0.8995633187772926,5,2882,1.077720852001221,efficientnet_b0+eva02_base+gabor+glcm+siglip_base,
SoilOriginal,resmlp,123,1,full,random_027,0.8516138353567292,0.9126637554585153,5,1926,0.8209322129987413,convnext_v2_t+drlbp+eva02_base+lbp+rgb_ngram_svd,
SoilOriginal,resmlp,123,1,full,random_028,0.7991380972024762,0.8777292576419214,5,3738,1.5564860779995797,dinov2+dinov2_small+hog+lbp+vit_b16,
SoilOriginal,resmlp,123,1,full,random_029,0.8429780600858942,0.9039301310043668,5,3894,1.3861528579946025,convnext_v2_t+densenet121+dinov2+efficientnet_b0+lbp,
SoilOriginal,resmlp,123,1,full,random_030,0.8202467019665562,0.9039301310043668,5,4048,1.1874981559958542,deit_s+drlbp+efficientnet_b0+resnet50+rgb_ngram_svd,
SoilOriginal,resmlp,123,1,full,random_031,0.7987410657115579,0.868995633187773,5,1462,1.1810748399948352,densenet121+drlbp+gabor+lbp+rgb_ngram_svd,
SoilOriginal,resmlp,123,1,full,random_032,0.8149040833067114,0.8908296943231441,5,3018,1.29051258200343,deit_s+eva02_base+gabor+hog+lbp,
SoilOriginal,resmlp,123,1,full,random_033,0.8129925365202775,0.8864628820960698,5,2054,0.7537575110036414,deit_s+dinov2+drlbp+lbp+vit_b16,
SoilOriginal,resmlp,123,1,full,random_034,0.812208691651609,0.9039301310043668,5,3732,1.3959166939966963,deit_s+efficientnet_b0+gabor+hog+rgb_ngram_svd,
SoilOriginal,resmlp,123,1,full,random_035,0.7699042157777862,0.8777292576419214,5,5200,1.4719302829980734,densenet121+drlbp+efficientnet_b0+resnet50+vit_b16,
SoilOriginal,resmlp,123,1,full,random_036,0.8159478366245283,0.8995633187772926,5,5968,0.864396532997489,drlbp+eva02_base+rgb_ngram_svd+swin_t+vgg16,
SoilOriginal,resmlp,123,1,full,random_037,0.8209546909448838,0.8995633187772926,5,2736,1.0279279360038345,deit_s+efficientnet_b0+eva02_base+gabor+rgb_ngram_svd,
SoilOriginal,resmlp,123,1,full,random_038,0.8713764443843807,0.925764192139738,5,4992,1.3881634339995799,dinov2_large+dinov2_small+efficientnet_b0+resnet101+rgb_ngram_svd,
SoilOriginal,resmlp,123,1,full,random_039,0.7856987900107991,0.8820960698689956,5,8420,1.0281675590013037,densenet121+hog+mae_base+swin_t+vgg16,
SoilOriginal,resmlp,123,1,full,random_040,0.8384035318967149,0.9126637554585153,5,4370,0.9321176829980686,efficientnet_b0+glcm+resnet50+rgb_ngram_svd+siglip_base,
SoilOriginal,resmlp,123,1,full,random_041,0.8130364432579622,0.8908296943231441,5,1912,1.1588230070046848,dinov2_large+gabor+glcm+lbp+vit_b16,
SoilOriginal,resmlp,123,1,full,random_042,0.8236036961346291,0.9039301310043668,5,8950,1.4661648260007496,dinov2_large+glcm+hog+resnet101+vgg16,
SoilOriginal,resmlp,123,1,full,random_043,0.7662041383054568,0.8602620087336245,5,3252,1.4948331190025783,deit_s+drlbp+hog+rgb_ngram_svd+vit_b16,
SoilOriginal,resmlp,123,1,full,random_044,0.8419149389813719,0.9126637554585153,5,3170,1.4687919729985879,drlbp+glcm+mae_base+resnet101+rgb_ngram_svd,
SoilOriginal,resmlp,123,1,full,random_045,0.7840499908947928,0.8777292576419214,5,3686,0.8152575220010476,gabor+lbp+mae_base+resnet50+swin_t,
SoilOriginal,resmlp,123,1,full,random_046,0.8105505435759036,0.8951965065502183,5,7680,1.0229037859971868,convnext_v2_t+efficientnet_b0+mae_base+swin_t+vgg16,
SoilOriginal,resmlp,123,1,full,random_047,0.783496232943466,0.8646288209606987,5,6628,0.8743455680014449,convnext_v2_t+efficientnet_b0+hog+resnet50+vit_b16,
SoilOriginal,resmlp,123,1,full,random_048,0.8372186586078835,0.9039301310043668,5,7168,0.9952286120023928,dinov2+dinov2_large+efficientnet_b0+resnet101+resnet50,
SoilOriginal,resmlp,123,1,full,random_049,0.8069963244235454,0.8820960698689956,5,3398,1.0639440670056501,convnext_v2_t+drlbp+glcm+hog+mae_base,
SoilOriginal,resmlp,123,1,full,random_050,0.815544530421849,0.8995633187772926,5,3266,1.1860530990015832,dinov2_small+eva02_base+gabor+glcm+resnet101,
SoilOriginal,resmlp,123,1,full,random_051,0.7879550759116258,0.8951965065502183,5,5120,1.3568028999943635,eva02_base+resnet50+siglip_base+swin_t+vit_b16,
SoilOriginal,resmlp,123,1,full,random_052,0.786453262746625,0.8820960698689956,5,4224,1.21307188100036,dinov2_large+dinov2_small+efficientnet_b0+mae_base+swin_t,
SoilOriginal,resmlp,123,1,full,random_053,0.8114945491395424,0.8908296943231441,5,3200,1.3871972720007761,densenet121+dinov2_small+eva02_base+rgb_ngram_svd+vit_b16,
SoilOriginal,resmlp,123,1,full,random_054,0.8317988079999407,0.8995633187772926,5,4882,1.3470816729968647,densenet121+dinov2_large+glcm+resnet101+vit_b16,
SoilOriginal,resmlp,123,1,full,random_055,0.8159631851098056,0.8951965065502183,5,6272,1.2343838390006567,convnext_v2_t+deit_s+eva02_base+rgb_ngram_svd+vgg16,
SoilOriginal,resmlp,123,1,full,random_056,0.7849059274059274,0.8777292576419214,5,2998,0.5732467619964154,deit_s+dinov2_large+lbp+mae_base+swin_t,
SoilOriginal,resmlp,123,1,full,random_057,0.828978762186071,0.8864628820960698,5,2552,1.1625427690014476,deit_s+gabor+glcm+lbp+resnet101,
SoilOriginal,resmlp,123,1,full,random_058,0.8604010270583325,0.9126637554585153,5,4836,1.3722488730054465,dinov2+efficientnet_b0+eva02_base+hog+rgb_ngram_svd,
SoilOriginal,resmlp,123,1,full,random_059,0.8012898336548371,0.8864628820960698,5,4162,1.0660577099988586,efficientnet_b0+gabor+glcm+mae_base+resnet101,
SoilOriginal,resmlp,123,1,full,random_060,0.8265329873486044,0.8995633187772926,5,3840,1.206190939003136,convnext_v2_t+deit_s+dinov2_large+dinov2_small+efficientnet_b0,
SoilOriginal,resmlp,123,1,full,random_061,0.7742815568936167,0.8777292576419214,5,2914,1.1725793110017548,deit_s+dinov2_small+drlbp+glcm+resnet50,
SoilOriginal,resmlp,123,1,full,random_062,0.8193077274470488,0.8995633187772926,5,3456,0.5668225539993728,deit_s+dinov2+mae_base+swin_t+vit_b16,
SoilOriginal,resmlp,123,1,full,random_063,0.821005183500994,0.9039301310043668,5,5584,0.7941995430010138,convnext_v2_t+deit_s+drlbp+rgb_ngram_svd+vgg16,
SoilOriginal,resmlp,123,1,full,random_064,0.8355169665973852,0.8995633187772926,5,2194,0.9699090950016398,convnext_v2_t+deit_s+eva02_base+glcm+rgb_ngram_svd,
SoilOriginal,resmlp,123,1,full,random_065,0.78854213723871,0.8864628820960698,5,6116,1.7503777860038099,convnext_v2_t+dinov2+hog+mae_base+resnet50,
SoilOriginal,resmlp,123,1,full,random_066,0.8026629620263395,0.8951965065502183,5,3072,1.1544729149973136,convnext_v2_t+deit_s+dinov2+dinov2_small+vit_b16,
SoilOriginal,resmlp,123,1,full,random_067,0.8216380891888371,0.9082969432314411,5,3958,1.8050911730024382,densenet121+dinov2_small+glcm+hog+siglip_base,
SoilOriginal,resmlp,123,1,full,random_068,0.8363167907457794,0.9039301310043668,5,5988,1.6157821439992404,convnext_v2_t+dinov2_large+dinov2_small+hog+resnet101,
SoilOriginal,resmlp,123,1,full,random_069,0.7974843196203579,0.8864628820960698,5,4992,0.9163794639971456,densenet121+dinov2+dinov2_small+resnet50+vit_b16,
SoilOriginal,resmlp,123,1,full,random_070,0.7676197960661609,0.8733624454148472,5,6628,1.5374542819990893,efficientnet_b0+hog+resnet50+swin_t+vit_b16,
SoilOriginal,resmlp,123,1,full,random_071,0.7513481505962708,0.8733624454148472,5,9728,1.4691921990015544,mae_base+resnet101+resnet50+vgg16+vit_b16,
SoilOriginal,resmlp,123,1,full,random_072,0.8143793282433774,0.8864628820960698,5,2230,1.0495268200029386,dinov2_small+lbp+rgb_ngram_svd+swin_t+vit_b16,
SoilOriginal,resmlp,123,1,full,random_073,0.7779367615478903,0.868995633187773,5,5382,1.2498165880024317,deit_s+drlbp+lbp+mae_base+vgg16,
SoilOriginal,resmlp,123,1,full,random_074,0.8256174503649544,0.9039301310043668,5,2384,1.000919559999602,convnext_v2_t+deit_s+dinov2_small+drlbp+siglip_base,
SoilOriginal,resmlp,123,1,full,random_075,0.8039174376394305,0.8951965065502183,5,8960,1.3100653009969392,densenet121+dinov2_large+resnet50+siglip_base+vgg16,
SoilOriginal,resmlp,123,1,full,random_076,0.7694009810179969,0.8777292576419214,5,7322,1.6279152369970689,dinov2_large+dinov2_small+hog+lbp+vgg16,
SoilOriginal,resmlp,123,1,full,random_077,0.7954104745611653,0.8733624454148472,5,5632,0.9521454310015542,efficientnet_b0+eva02_base+resnet50+siglip_base+vit_b16,
SoilOriginal,resmlp,123,1,full,random_078,0.8182876817447916,0.8951965065502183,5,7414,1.448958777000371,convnext_v2_t+glcm+hog+mae_base+vgg16,
SoilOriginal,resmlp,123,1,full,random_079,0.8085314729902766,0.8820960698689956,5,4682,1.1548783160033054,gabor+hog+lbp+mae_base+resnet101,
SoilOriginal,resmlp,123,1,full,random_080,0.765093330914337,0.8777292576419214,5,9270,1.5532710749976104,densenet121+lbp+resnet101+resnet50+vgg16,
SoilOriginal,resmlp,123,1,full,random_081,0.7513481505962708,0.8733624454148472,5,9728,1.444362893998914,mae_base+resnet101+resnet50+vgg16+vit_b16,
SoilOriginal,resmlp,123,1,full,random_082,0.8531237623003369,0.9213973799126638,5,5504,1.0647868879968883,deit_s+dinov2+resnet101+resnet50+rgb_ngram_svd,
SoilOriginal,resmlp,123,1,full,random_083,0.8238148334337269,0.8995633187772926,5,4736,1.1562169030003133,dinov2+dinov2_small+mae_base+resnet101+vit_b16,
SoilOriginal,resmlp,123,1,full,random_084,0.8056735682483082,0.8864628820960698,5,5168,1.2890260339991073,gabor+resnet101+resnet50+rgb_ngram_svd+vit_b16,
SoilOriginal,resmlp,123,1,full,random_085,0.7873779643564491,0.8864628820960698,5,6372,1.193076840005233,dinov2_small+drlbp+gabor+hog+vgg16,
SoilOriginal,resmlp,123,1,full,random_086,0.8489229166994806,0.9039301310043668,5,6244,1.4240621349963476,deit_s+dinov2+efficientnet_b0+hog+resnet101,
SoilOriginal,resmlp,123,1,full,random_087,0.8447036126108164,0.9170305676855895,5,8420,1.809135839001101,convnext_v2_t+densenet121+hog+siglip_base+vgg16,
SoilOriginal,resmlp,123,1,full,random_088,0.8039001014316405,0.8777292576419214,5,5268,0.734948876000999,deit_s+densenet121+gabor+hog+resnet101,
SoilOriginal,resmlp,123,1,full,random_089,0.8070264397027342,0.8908296943231441,5,3428,0.9866500099960831,convnext_v2_t+drlbp+gabor+hog+siglip_base,
SoilOriginal,resmlp,123,1,full,random_090,0.8237593227334509,0.8951965065502183,5,3328,1.2096325759994215,deit_s+densenet121+dinov2_small+siglip_base+vit_b16,
SoilOriginal,resmlp,123,1,full,random_091,0.7886301192352275,0.8864628820960698,5,4992,1.3004226659977576,convnext_v2_t+deit_s+dinov2_large+resnet50+swin_t,
SoilOriginal,resmlp,123,1,full,random_092,0.8406201473067164,0.8908296943231441,5,3884,0.8131652849988313,dinov2+efficientnet_b0+glcm+hog+lbp,
SoilOriginal,resmlp,123,1,full,random_093,0.7959223762377301,0.8864628820960698,5,4304,1.3148674340045545,densenet121+dinov2_small+drlbp+eva02_base+resnet50,
SoilOriginal,resmlp,123,1,full,random_094,0.770664048638877,0.8646288209606987,5,2742,1.4268805780011462,convnext_v2_t+deit_s+lbp+mae_base+vit_b16,
SoilOriginal,resmlp,123,1,full,random_095,0.8082310930237198,0.8864628820960698,5,4628,1.403527173002658,efficientnet_b0+eva02_base+gabor+hog+vit_b16,
SoilOriginal,resmlp,123,1,full,random_096,0.84640424709878,0.9126637554585153,5,3920,0.9049040649988456,dinov2+drlbp+resnet50+rgb_ngram_svd+siglip_base,
SoilOriginal,resmlp,123,1,full,random_097,0.8234105638662471,0.8908296943231441,5,3584,1.3453734220020124,convnext_v2_t+deit_s+dinov2_small+efficientnet_b0+swin_t,
SoilOriginal,resmlp,123,1,full,random_098,0.8211317357026205,0.9126637554585153,5,4626,1.382365398996626,densenet121+glcm+mae_base+resnet101+siglip_base,
SoilOriginal,resmlp,123,1,full,random_099,0.8237484085216578,0.9039301310043668,5,7926,1.7124652280035662,dinov2+efficientnet_b0+glcm+hog+vgg16,
SoilOriginal,resmlp,123,2,full,random_000,0.8159009313601321,0.8947368421052632,5,4432,0.9739042349974625,drlbp+efficientnet_b0+resnet50+rgb_ngram_svd+vit_b16,
SoilOriginal,resmlp,123,2,full,random_001,0.8374507249507249,0.9035087719298246,5,5348,1.0554523850005353,efficientnet_b0+eva02_base+hog+swin_t+vit_b16,
SoilOriginal,resmlp,123,2,full,random_002,0.8255234412908009,0.8947368421052632,5,5604,0.7578199130002758,dinov2_large+efficientnet_b0+hog+siglip_base+swin_t,
SoilOriginal,resmlp,123,2,full,random_003,0.8121148527679871,0.8859649122807017,5,3968,0.9715935229978641,convnext_v2_t+deit_s+dinov2+efficientnet_b0+vit_b16,
SoilOriginal,resmlp,123,2,full,random_004,0.8123824645546787,0.8859649122807017,5,2608,1.4214650069989148,dinov2+gabor+rgb_ngram_svd+swin_t+vit_b16,
SoilOriginal,resmlp,123,2,full,random_005,0.770534371066286,0.8596491228070176,5,2402,1.6930026919944794,convnext_v2_t+drlbp+glcm+mae_base+swin_t,
SoilOriginal,resmlp,123,2,full,random_006,0.8176739986612495,0.8903508771929824,5,2274,0.8614069670002209,deit_s+densenet121+drlbp+glcm+vit_b16,
SoilOriginal,resmlp,123,2,full,random_007,0.8208165040414338,0.8728070175438597,5,6682,0.7541815019940259,hog+lbp+resnet101+resnet50+vit_b16,
SoilOriginal,resmlp,123,2,full,random_008,0.8386643401921857,0.9166666666666666,5,2768,1.1248576400030288,deit_s+drlbp+eva02_base+mae_base+vit_b16,
SoilOriginal,resmlp,123,2,full,random_009,0.8122167342562147,0.868421052631579,5,7014,0.8106546120034182,gabor+lbp+resnet50+swin_t+vgg16,
SoilOriginal,resmlp,123,2,full,random_010,0.7797393530207709,0.8640350877192983,5,3628,1.0254729099979158,convnext_v2_t+densenet121+glcm+hog+lbp,
SoilOriginal,resmlp,123,2,full,random_011,0.7970305488006224,0.8947368421052632,5,2916,0.8996044360028463,drlbp+gabor+hog+rgb_ngram_svd+siglip_base,
SoilOriginal,resmlp,123,2,full,random_012,0.7940099752129826,0.8728070175438597,5,4224,0.8883347230002983,densenet121+dinov2+dinov2_small+efficientnet_b0+mae_base,
SoilOriginal,resmlp,123,2,full,random_013,0.8669962990976191,0.9166666666666666,5,3920,0.6710333239971078,convnext_v2_t+dinov2_large+drlbp+efficientnet_b0+siglip_base,
SoilOriginal,resmlp,123,2,full,random_014,0.8346676478297917,0.8947368421052632,5,6736,0.9878870059983456,dinov2+dinov2_large+drlbp+vgg16+vit_b16,
SoilOriginal,resmlp,123,2,full,random_015,0.8168612102063743,0.8859649122807017,5,5650,1.499553276997176,glcm+resnet101+resnet50+siglip_base+swin_t,
SoilOriginal,resmlp,123,2,full,random_016,0.8333498790265707,0.9166666666666666,5,4608,0.9479720349991112,densenet121+dinov2+efficientnet_b0+siglip_base+vit_b16,
SoilOriginal,resmlp,123,2,full,random_017,0.7793353581321224,0.8903508771929824,5,3994,0.9908072179969167,dinov2_large+dinov2_small+hog+lbp+siglip_base,
SoilOriginal,resmlp,123,2,full,random_018,0.8282446580903391,0.881578947368421,5,7268,1.1844386209995719,dinov2_small+hog+mae_base+rgb_ngram_svd+vgg16,
SoilOriginal,resmlp,123,2,full,random_019,0.809166348727623,0.8903508771929824,5,2882,0.82596729999932,efficientnet_b0+eva02_base+gabor+glcm+siglip_base,
SoilOriginal,resmlp,123,2,full,random_020,0.7829793543869431,0.8947368421052632,5,2626,0.9229883860025438,densenet121+eva02_base+gabor+glcm+siglip_base,
SoilOriginal,resmlp,123,2,full,random_021,0.7841756259613402,0.8508771929824561,5,5396,1.2083136799992644,gabor+hog+mae_base+resnet101+swin_t,
SoilOriginal,resmlp,123,2,full,random_022,0.8136929551335907,0.881578947368421,5,7376,1.7799915659998078,dinov2_small+drlbp+mae_base+resnet101+vgg16,
SoilOriginal,resmlp,123,2,full,random_023,0.8175314746137575,0.8771929824561403,5,4688,1.2116573189996416,convnext_v2_t+densenet121+dinov2+drlbp+resnet101,
SoilOriginal,resmlp,123,2,full,random_024,0.8204011236071466,0.8991228070175439,5,4628,0.8380261529964628,convnext_v2_t+efficientnet_b0+gabor+hog+vit_b16,
SoilOriginal,resmlp,123,2,full,random_025,0.8211600360588982,0.8903508771929824,5,3840,1.0081566619992373,deit_s+dinov2_small+eva02_base+resnet101+rgb_ngram_svd,
SoilOriginal,resmlp,123,2,full,random_026,0.8062926510241607,0.8771929824561403,5,5954,1.2248278140032198,convnext_v2_t+dinov2_large+gabor+glcm+vgg16,
SoilOriginal,resmlp,123,2,full,random_027,0.819064850393042,0.8859649122807017,5,5888,1.4650622900007875,dinov2+eva02_base+resnet101+resnet50+rgb_ngram_svd,
SoilOriginal,resmlp,123,2,full,random_028,0.7684035216168158,0.8464912280701754,5,8320,0.7862580270011676,dinov2+dinov2_large+dinov2_small+resnet101+vgg16,
SoilOriginal,resmlp,123,2,full,random_029,0.8277801323437449,0.8947368421052632,5,2768,1.1343601339976885,convnext_v2_t+deit_s+drlbp+mae_base+swin_t,
SoilOriginal,resmlp,123,2,full,random_030,0.8186682293331212,0.8903508771929824,5,2120,1.4836161759958486,densenet121+eva02_base+glcm+lbp+rgb_ngram_svd,
SoilOriginal,resmlp,123,2,full,random_031,0.7897978687741609,0.868421052631579,5,8246,0.984113177000836,efficientnet_b0+lbp+resnet50+vgg16+vit_b16,
SoilOriginal,resmlp,123,2,full,random_032,0.8140936645215776,0.868421052631579,5,7908,1.160003428994969,densenet121+dinov2+hog+rgb_ngram_svd+vgg16,
SoilOriginal,resmlp,123,2,full,random_033,0.7889991965439894,0.8508771929824561,5,6726,0.6928827070005354,convnext_v2_t+drlbp+glcm+hog+vgg16,
SoilOriginal,resmlp,123,2,full,random_034,0.8444939203064502,0.9035087719298246,5,3584,0.8755413570033852,deit_s+dinov2+dinov2_small+efficientnet_b0+eva02_base,
SoilOriginal,resmlp,123,2,full,random_035,0.8138015550662233,0.8859649122807017,5,5200,1.4804100659966934,dinov2_large+drlbp+efficientnet_b0+resnet50+vit_b16,
SoilOriginal,resmlp,123,2,full,random_036,0.7756139441170984,0.8508771929824561,5,4022,1.168830884002091,convnext_v2_t+deit_s+lbp+mae_base+resnet101,
SoilOriginal,resmlp,123,2,full,random_037,0.802603916518473,0.881578947368421,5,3380,0.9769457599977613,deit_s+dinov2_small+drlbp+hog+siglip_base,
SoilOriginal,resmlp,123,2,full,random_038,0.8207250312958212,0.8947368421052632,5,3632,1.0017225769988727,densenet121+dinov2_large+efficientnet_b0+gabor+rgb_ngram_svd,
SoilOriginal,resmlp,123,2,full,random_039,0.8481136877150165,0.8991228070175439,5,4688,0.810910956999578,densenet121+drlbp+eva02_base+resnet50+siglip_base,
SoilOriginal,resmlp,123,2,full,random_040,0.8084793782230972,0.8859649122807017,5,3766,0.8026684100041166,deit_s+dinov2_large+lbp+resnet50+rgb_ngram_svd,
SoilOriginal,resmlp,123,2,full,random_041,0.8222203608941465,0.8859649122807017,5,4708,1.04977416699694,convnext_v2_t+deit_s+densenet121+hog+swin_t,
SoilOriginal,resmlp,123,2,full,random_042,0.7722040643919575,0.8596491228070176,5,7936,1.1102850259994739,dinov2_large+efficientnet_b0+swin_t+vgg16+vit_b16,
SoilOriginal,resmlp,123,2,full,random_043,0.7940390412158359,0.8508771929824561,5,4114,1.3569999479950638,densenet121+glcm+mae_base+resnet101+rgb_ngram_svd,
SoilOriginal,resmlp,123,2,full,random_044,0.8255200484910973,0.8947368421052632,5,4370,0.9797505030001048,glcm+mae_base+resnet101+siglip_base+swin_t,
SoilOriginal,resmlp,123,2,full,random_045,0.8394450495970253,0.8947368421052632,5,2022,1.0418956329958746,dinov2_small+eva02_base+gabor+lbp+swin_t,
SoilOriginal,resmlp,123,2,full,random_046,0.8317827008484502,0.9035087719298246,5,3120,0.6884694300024421,efficientnet_b0+gabor+rgb_ngram_svd+siglip_base+swin_t,
SoilOriginal,resmlp,123,2,full,random_047,0.7911132997347402,0.8728070175438597,5,5632,0.9166485460009426,deit_s+dinov2_small+mae_base+resnet101+resnet50,
SoilOriginal,resmlp,123,2,full,random_048,0.800749968570897,0.868421052631579,5,4268,1.2052604490017984,deit_s+glcm+hog+lbp+resnet50,
SoilOriginal,resmlp,123,2,full,random_049,0.7693482374391178,0.8464912280701754,5,3226,1.3250667890024488,deit_s+hog+lbp+mae_base+rgb_ngram_svd,
SoilOriginal,resmlp,123,2,full,random_050,0.8156734110391275,0.8991228070175439,5,5936,0.8694504569939454,gabor+rgb_ngram_svd+siglip_base+vgg16+vit_b16,
SoilOriginal,resmlp,123,2,full,random_051,0.7921746923594214,0.8728070175438597,5,3382,1.229022368999722,convnext_v2_t+densenet121+efficientnet_b0+lbp+rgb_ngram_svd,
SoilOriginal,resmlp,123,2,full,random_052,0.8207374234960441,0.8903508771929824,5,6034,1.0171010619960725,dinov2+dinov2_small+glcm+swin_t+vgg16,
SoilOriginal,resmlp,123,2,full,random_053,0.8026234064993841,0.868421052631579,5,7286,1.3695879989973037,densenet121+dinov2_small+glcm+hog+vgg16,
SoilOriginal,resmlp,123,2,full,random_054,0.8018754874936026,0.8771929824561403,5,2950,0.7493778110001585,deit_s+dinov2_small+drlbp+lbp+resnet101,
SoilOriginal,resmlp,123,2,full,random_055,0.7977264907699689,0.8728070175438597,5,4626,0.8870895430009114,dinov2_small+drlbp+gabor+glcm+vgg16,
SoilOriginal,resmlp,123,2,full,random_056,0.8371675693267784,0.8991228070175439,5,3044,1.1750124169993796,dinov2_small+drlbp+eva02_base+gabor+hog,
SoilOriginal,resmlp,123,2,full,random_057,0.8022568519453287,0.868421052631579,5,1542,0.8608429989981232,deit_s+drlbp+lbp+rgb_ngram_svd+swin_t,
SoilOriginal,resmlp,123,2,full,random_058,0.8154805869739237,0.8771929824561403,5,3920,1.3431060619986965,drlbp+mae_base+resnet50+rgb_ngram_svd+swin_t,
SoilOriginal,resmlp,123,2,full,random_059,0.8231735940909576,0.8903508771929824,5,7936,0.9053179000038654,dinov2_large+efficientnet_b0+eva02_base+vgg16+vit_b16,
SoilOriginal,resmlp,123,2,full,random_060,0.7980564463794277,0.8728070175438597,5,2936,0.8191707079968182,convnext_v2_t+gabor+glcm+lbp+resnet50,
SoilOriginal,resmlp,123,2,full,random_061,0.8030190749289391,0.881578947368421,5,2944,1.0782307390036294,convnext_v2_t+drlbp+efficientnet_b0+gabor+mae_base,
SoilOriginal,resmlp,123,2,full,random_062,0.8222231440216816,0.8859649122807017,5,4372,0.9767067290013074,dinov2_large+gabor+hog+mae_base+vit_b16,
SoilOriginal,resmlp,123,2,full,random_063,0.8025751412717538,0.881578947368421,5,4148,0.9455602989983163,convnext_v2_t+drlbp+hog+swin_t+vit_b16,
SoilOriginal,resmlp,123,2,full,random_064,0.8089666232606862,0.8903508771929824,5,5888,0.9194284940022044,convnext_v2_t+dinov2_large+efficientnet_b0+eva02_base+resnet50,
SoilOriginal,resmlp,123,2,full,random_065,0.8019261440314072,0.8903508771929824,5,3712,1.2816457089938922,convnext_v2_t+deit_s+dinov2_large+efficientnet_b0+rgb_ngram_svd,
SoilOriginal,resmlp,123,2,full,random_066,0.7850269811502552,0.881578947368421,5,2944,0.5282595190001302,dinov2+drlbp+efficientnet_b0+gabor+vit_b16,
SoilOriginal,resmlp,123,2,full,random_067,0.8163054280327652,0.8903508771929824,5,4736,1.454520835999574,dinov2_small+efficientnet_b0+resnet101+rgb_ngram_svd+siglip_base,
SoilOriginal,resmlp,123,2,full,random_068,0.7951474184295296,0.8596491228070176,5,4134,1.1605929380020825,densenet121+efficientnet_b0+gabor+glcm+hog,
SoilOriginal,resmlp,123,2,full,random_069,0.781794156859295,0.8728070175438597,5,7962,1.7866020869987551,densenet121+dinov2_large+hog+lbp+vgg16,
SoilOriginal,resmlp,123,2,full,random_070,0.811166585011301,0.881578947368421,5,3024,0.8634888470041915,dinov2_large+dinov2_small+drlbp+swin_t+vit_b16,
SoilOriginal,resmlp,123,2,full,random_071,0.7883418568302291,0.881578947368421,5,6656,0.985349855000095,convnext_v2_t+deit_s+dinov2_large+dinov2_small+vgg16,
SoilOriginal,resmlp,123,2,full,random_072,0.8267954664383236,0.8947368421052632,5,4352,0.8557780420014751,deit_s+dinov2+dinov2_small+resnet101+vit_b16,
SoilOriginal,resmlp,123,2,full,random_073,0.8076957575524812,0.8771929824561403,5,3846,0.6544158499964396,dinov2_small+drlbp+efficientnet_b0+lbp+resnet50,
SoilOriginal,resmlp,123,2,full,random_074,0.7741467772029956,0.868421052631579,5,4372,1.0597154290007893,convnext_v2_t+dinov2_large+gabor+hog+mae_base,
SoilOriginal,resmlp,123,2,full,random_075,0.8091349455142558,0.8859649122807017,5,3024,1.0056358139991062,deit_s+dinov2_large+drlbp+swin_t+vit_b16,
SoilOriginal,resmlp,123,2,full,random_076,0.7586322176518673,0.8508771929824561,5,2502,0.9494889909983613,dinov2_small+drlbp+glcm+hog+rgb_ngram_svd,
SoilOriginal,resmlp,123,2,full,random_077,0.8327919979857192,0.9122807017543859,5,3968,0.7328148279993911,convnext_v2_t+deit_s+efficientnet_b0+eva02_base+vit_b16,
SoilOriginal,resmlp,123,2,full,random_078,0.8023061577565851,0.881578947368421,5,3664,0.9800892000057502,dinov2+drlbp+efficientnet_b0+mae_base+siglip_base,
SoilOriginal,resmlp,123,2,full,random_079,0.8058429612458277,0.8640350877192983,5,5012,1.5085903020008118,dinov2_small+eva02_base+gabor+hog+resnet50,
SoilOriginal,resmlp,123,2,full,random_080,0.7718560332630586,0.8377192982456141,5,5272,1.039398113003699,densenet121+drlbp+glcm+lbp+vgg16,
SoilOriginal,resmlp,123,2,full,random_081,0.8053550055216784,0.8728070175438597,5,4022,0.7779181379955844,dinov2_small+eva02_base+lbp+resnet101+swin_t,
SoilOriginal,resmlp,123,2,full,random_082,0.8420515219074642,0.9078947368421053,5,6064,0.9668550339993089,deit_s+dinov2+gabor+vgg16+vit_b16,
SoilOriginal,resmlp,123,2,full,random_083,0.7956205900399115,0.8552631578947368,5,2652,0.8083254559969646,gabor+glcm+hog+lbp+swin_t,
SoilOriginal,resmlp,123,2,full,random_084,0.8338390524925144,0.8903508771929824,5,6912,1.1641493710048962,dinov2+dinov2_large+eva02_base+rgb_ngram_svd+vgg16,
SoilOriginal,resmlp,123,2,full,random_085,0.8001399690507125,0.8596491228070176,5,4916,0.8966935829957947,drlbp+hog+resnet50+rgb_ngram_svd+swin_t,
SoilOriginal,resmlp,123,2,full,random_086,0.7688450558397165,0.8640350877192983,5,1944,1.1852383310033474,dinov2_large+drlbp+glcm+lbp+mae_base,
SoilOriginal,resmlp,123,2,full,random_087,0.8207064877865591,0.8859649122807017,5,4480,1.5444611419952707,deit_s+densenet121+resnet101+rgb_ngram_svd+siglip_base,
SoilOriginal,resmlp,123,2,full,random_088,0.7710365235600305,0.8464912280701754,5,7670,0.9863917519978713,convnext_v2_t+densenet121+glcm+hog+vgg16,
SoilOriginal,resmlp,123,2,full,random_089,0.8218949235517806,0.8903508771929824,5,5120,1.5221807310008444,densenet121+dinov2_large+mae_base+resnet101+rgb_ngram_svd,
SoilOriginal,resmlp,123,2,full,random_090,0.8252160494478769,0.8903508771929824,5,3408,0.9925072330006515,densenet121+drlbp+mae_base+siglip_base+swin_t,
SoilOriginal,resmlp,123,2,full,random_091,0.779526848454416,0.8596491228070176,5,3884,0.9957307470031083,convnext_v2_t+efficientnet_b0+glcm+hog+lbp,
SoilOriginal,resmlp,123,2,full,random_092,0.8051864506389795,0.8728070175438597,5,3380,1.6210296529970947,deit_s+dinov2_small+drlbp+hog+mae_base,
SoilOriginal,resmlp,123,2,full,random_093,0.8475414241414608,0.9166666666666666,5,5120,1.4927773689996684,efficientnet_b0+resnet101+rgb_ngram_svd+siglip_base+vit_b16,
SoilOriginal,resmlp,123,2,full,random_094,0.7755197111228318,0.8552631578947368,5,3434,0.9525033780009835,dinov2+drlbp+hog+lbp+siglip_base,
SoilOriginal,resmlp,123,2,full,random_095,0.8152121374865736,0.8859649122807017,5,2450,0.9667499389979639,convnext_v2_t+densenet121+dinov2_small+glcm+rgb_ngram_svd,
SoilOriginal,resmlp,123,2,full,random_096,0.8311315712957823,0.8991228070175439,5,3702,1.1494725670054322,dinov2_small+eva02_base+glcm+hog+swin_t,
SoilOriginal,resmlp,123,2,full,random_097,0.7972095783238805,0.8771929824561403,5,2658,0.9293124739997438,convnext_v2_t+densenet121+drlbp+glcm+swin_t,
SoilOriginal,resmlp,123,2,full,random_098,0.8602136491977823,0.9122807017543859,5,4406,1.225799421001284,convnext_v2_t+dinov2+eva02_base+lbp+resnet101,
SoilOriginal,resmlp,123,2,full,random_099,0.7946323550757429,0.8728070175438597,5,2662,0.9709560839983169,convnext_v2_t+densenet121+gabor+lbp+vit_b16,
SoilOriginal,resmlp,123,3,full,random_000,0.8931232744483522,0.920704845814978,8,6182,1.6204934929992305,convnext_v2_t+efficientnet_b0+gabor+glcm+hog+mae_base+siglip_base+swin_t,
SoilOriginal,resmlp,123,3,full,random_001,0.8635525862830579,0.9162995594713657,8,11930,1.6698294669986353,dinov2+dinov2_small+hog+lbp+resnet101+resnet50+vgg16+vit_b16,
SoilOriginal,resmlp,123,3,full,random_002,0.8866177844089881,0.9251101321585903,8,5194,0.9539236290002009,convnext_v2_t+eva02_base+gabor+hog+lbp+rgb_ngram_svd+swin_t+vit_b16,
SoilOriginal,resmlp,123,3,full,random_003,0.8522070246863047,0.9118942731277533,8,6776,1.0209348900025361,dinov2_large+eva02_base+gabor+glcm+lbp+resnet101+resnet50+swin_t,
SoilOriginal,resmlp,123,3,full,random_004,0.8963317384370015,0.9251101321585903,8,3638,0.5167241239978466,convnext_v2_t+deit_s+drlbp+efficientnet_b0+gabor+lbp+mae_base+rgb_ngram_svd,
SoilOriginal,resmlp,123,3,full,random_005,0.8870988220576398,0.920704845814978,8,6396,0.7544256969995331,convnext_v2_t+dinov2_small+drlbp+efficientnet_b0+glcm+hog+lbp+resnet101,
SoilOriginal,resmlp,123,3,full,random_006,0.8534005531295268,0.9030837004405287,8,9442,1.0375629629998002,dinov2+dinov2_small+drlbp+efficientnet_b0+glcm+mae_base+resnet101+vgg16,
SoilOriginal,resmlp,123,3,full,random_007,0.8901868898499705,0.9295154185022027,8,7296,1.0276158999986365,convnext_v2_t+deit_s+densenet121+efficientnet_b0+eva02_base+resnet50+rgb_ngram_svd+siglip_base,
SoilOriginal,resmlp,123,3,full,random_008,0.9181576964823984,0.947136563876652,8,5016,1.3266014340042602,densenet121+dinov2+drlbp+eva02_base+glcm+lbp+resnet101+rgb_ngram_svd,
SoilOriginal,resmlp,123,3,full,random_009,0.9096961034057435,0.9295154185022027,8,5826,1.1641665540009853,deit_s+dinov2_large+efficientnet_b0+gabor+glcm+resnet101+rgb_ngram_svd+vit_b16,
SoilOriginal,resmlp,123,3,full,random_010,0.8366831829884911,0.9118942731277533,8,8582,1.0331571889983024,convnext_v2_t+drlbp+efficientnet_b0+lbp+mae_base+swin_t+vgg16+vit_b16,
SoilOriginal,resmlp,123,3,full,random_011,0.8837008062153954,0.9295154185022027,8,8422,1.0184301800036337,densenet121+dinov2_small+efficientnet_b0+gabor+lbp+mae_base+swin_t+vgg16,
SoilOriginal,resmlp,123,3,full,random_012,0.8558373981947321,0.9162995594713657,8,10544,1.4442378219973762,convnext_v2_t+dinov2+efficientnet_b0+eva02_base+gabor+mae_base+resnet50+vgg16,
SoilOriginal,resmlp,123,3,full,random_013,0.8943990757745633,0.9295154185022027,8,6930,1.2737055149991647,densenet121+efficientnet_b0+eva02_base+glcm+resnet50+rgb_ngram_svd+swin_t+vit_b16,
SoilOriginal,resmlp,123,3,full,random_014,0.8922676622136269,0.920704845814978,8,4296,1.3036597030004486,convnext_v2_t+deit_s+efficientnet_b0+glcm+lbp+rgb_ngram_svd+siglip_base+vit_b16,
SoilOriginal,resmlp,123,3,full,random_015,0.8855125842371737,0.9251101321585903,8,6836,1.3715003449979122,convnext_v2_t+dinov2_small+drlbp+eva02_base+hog+mae_base+resnet50+rgb_ngram_svd,
SoilOriginal,resmlp,123,3,full,random_016,0.9046961236828429,0.9251101321585903,8,5286,1.5135163240047405,deit_s+efficientnet_b0+gabor+glcm+hog+mae_base+rgb_ngram_svd+swin_t,
SoilOriginal,resmlp,123,3,full,random_017,0.8854986567899664,0.920704845814978,8,4582,0.9385261919960612,deit_s+dinov2_large+efficientnet_b0+gabor+lbp+mae_base+rgb_ngram_svd+vit_b16,
SoilOriginal,resmlp,123,3,full,random_018,0.8967938973547295,0.933920704845815,8,9106,1.5385890789984842,convnext_v2_t+drlbp+efficientnet_b0+eva02_base+gabor+glcm+resnet50+vgg16,
SoilOriginal,resmlp,123,3,full,random_019,0.8691801704070332,0.9118942731277533,8,4860,0.889416842997889,deit_s+densenet121+drlbp+eva02_base+glcm+hog+lbp+vit_b16,
SoilOriginal,resmlp,123,3,full,random_020,0.9086438326884931,0.933920704845815,8,6784,0.6449740120006027,convnext_v2_t+densenet121+dinov2+dinov2_small+mae_base+resnet50+rgb_ngram_svd+siglip_base,
SoilOriginal,resmlp,123,3,full,random_021,0.8461718415956633,0.9074889867841409,8,6144,0.7898308630028623,convnext_v2_t+densenet121+dinov2_large+dinov2_small+drlbp+gabor+mae_base+resnet50,
SoilOriginal,resmlp,123,3,full,random_022,0.8879589329744989,0.9251101321585903,8,8496,0.8929540469980566,convnext_v2_t+deit_s+dinov2_small+efficientnet_b0+gabor+swin_t+vgg16+vit_b16,
SoilOriginal,resmlp,123,3,full,random_023,0.8766834009497978,0.920704845814978,8,5858,1.383101807005005,deit_s+densenet121+dinov2+drlbp+glcm+mae_base+resnet50+siglip_base,
SoilOriginal,resmlp,123,3,full,random_024,0.9299009025367501,0.9515418502202643,8,10112,0.6101694520039018,densenet121+dinov2+dinov2_small+eva02_base+resnet50+rgb_ngram_svd+swin_t+vgg16,
SoilOriginal,resmlp,123,3,full,random_025,0.9012575685940093,0.9383259911894273,8,10804,1.4697703709971393,convnext_v2_t+dinov2+dinov2_large+drlbp+hog+resnet101+rgb_ngram_svd+vgg16,
SoilOriginal,resmlp,123,3,full,random_026,0.9173078402014714,0.933920704845815,8,7942,0.7626364210009342,deit_s+densenet121+drlbp+eva02_base+lbp+siglip_base+swin_t+vgg16,
SoilOriginal,resmlp,123,3,full,random_027,0.9117375938493371,0.9383259911894273,8,7040,0.7357268369960366,convnext_v2_t+deit_s+densenet121+dinov2_small+drlbp+gabor+rgb_ngram_svd+vgg16,
SoilOriginal,resmlp,123,3,full,random_028,0.9045847119764383,0.933920704845815,8,3320,0.5318343239996466,dinov2+dinov2_large+dinov2_small+gabor+glcm+lbp+rgb_ngram_svd+siglip_base,
SoilOriginal,resmlp,123,3,full,random_029,0.8827542744043441,0.9251101321585903,8,9066,0.9282840809974005,dinov2+drlbp+eva02_base+hog+lbp+mae_base+siglip_base+vgg16,
SoilOriginal,resmlp,123,3,full,random_030,0.873233568754441,0.9162995594713657,8,6836,0.9892456640009186,deit_s+densenet121+dinov2+drlbp+efficientnet_b0+hog+swin_t+vit_b16,
SoilOriginal,resmlp,123,3,full,random_031,0.9042503563384419,0.933920704845815,8,6966,0.6557622870022897,dinov2_large+efficientnet_b0+eva02_base+lbp+mae_base+resnet50+rgb_ngram_svd+siglip_base,
SoilOriginal,resmlp,123,3,full,random_032,0.8827201437444696,0.9162995594713657,8,8258,0.8130719600012526,densenet121+dinov2_large+efficientnet_b0+gabor+glcm+resnet101+resnet50+siglip_base,
SoilOriginal,resmlp,123,3,full,random_033,0.8597980981206714,0.9030837004405287,8,7010,1.5482170579998638,convnext_v2_t+densenet121+dinov2_large+drlbp+efficientnet_b0+glcm+resnet101+vit_b16,
SoilOriginal,resmlp,123,3,full,random_034,0.9149172809145972,0.9427312775330396,8,10468,0.904386741000053,deit_s+dinov2_small+hog+mae_base+resnet50+rgb_ngram_svd+swin_t+vgg16,
SoilOriginal,resmlp,123,3,full,random_035,0.8588343486660378,0.9074889867841409,8,8804,1.3474390609990223,convnext_v2_t+densenet121+dinov2_small+efficientnet_b0+hog+mae_base+resnet50+vit_b16,
SoilOriginal,resmlp,123,3,full,random_036,0.9190459335996614,0.9427312775330396,8,6754,0.8220714199997019,deit_s+dinov2_small+drlbp+glcm+mae_base+rgb_ngram_svd+swin_t+vgg16,
SoilOriginal,resmlp,123,3,full,random_037,0.8945758111626875,0.920704845814978,8,4944,0.6933236379991286,convnext_v2_t+deit_s+dinov2_large+dinov2_small+drlbp+efficientnet_b0+rgb_ngram_svd+vit_b16,
SoilOriginal,resmlp,123,3,full,random_038,0.8775077913742235,0.920704845814978,8,10576,0.7393183110034443,densenet121+dinov2_large+drlbp+resnet101+siglip_base+swin_t+vgg16+vit_b16,
SoilOriginal,resmlp,123,3,full,random_039,0.9045148151156689,0.933920704845815,8,6966,1.4254251129968907,densenet121+efficientnet_b0+eva02_base+lbp+mae_base+resnet50+rgb_ngram_svd+siglip_base,
SoilOriginal,resmlp,123,3,full,random_040,0.8893168404909454,0.920704845814978,8,5400,0.7556289279964403,densenet121+dinov2_large+dinov2_small+drlbp+glcm+lbp+resnet101+siglip_base,
SoilOriginal,resmlp,123,3,full,random_041,0.8819357414285294,0.920704845814978,8,5906,0.9387394449950079,convnext_v2_t+densenet121+dinov2_large+eva02_base+glcm+siglip_base+swin_t+vit_b16,
SoilOriginal,resmlp,123,3,full,random_042,0.8199658041848199,0.8986784140969163,8,7704,1.0899037529961788,deit_s+densenet121+dinov2+drlbp+efficientnet_b0+glcm+lbp+vgg16,
SoilOriginal,resmlp,123,3,full,random_043,0.8826076024044868,0.9295154185022027,8,3448,1.2643169059956563,eva02_base+gabor+glcm+lbp+mae_base+rgb_ngram_svd+swin_t+vit_b16,
SoilOriginal,resmlp,123,3,full,random_044,0.8718820861678005,0.9162995594713657,8,8802,1.0453335350030102,densenet121+dinov2+drlbp+efficientnet_b0+eva02_base+glcm+swin_t+vgg16,
SoilOriginal,resmlp,123,3,full,random_045,0.8879932515270861,0.9251101321585903,8,9154,1.0263867750036297,deit_s+dinov2_large+gabor+glcm+mae_base+resnet101+siglip_base+vgg16,
SoilOriginal,resmlp,123,3,full,random_046,0.8862260025789526,0.920704845814978,8,4864,1.1939399070033687,convnext_v2_t+dinov2_small+drlbp+efficientnet_b0+eva02_base+gabor+swin_t+vit_b16,
SoilOriginal,resmlp,123,3,full,random_047,0.895246313449214,0.9295154185022027,8,5780,0.5268496279968531,convnext_v2_t+densenet121+dinov2_small+eva02_base+gabor+hog+rgb_ngram_svd+swin_t,
SoilOriginal,resmlp,123,3,full,random_048,0.8958153321326698,0.920704845814978,8,4760,0.811352001997875,densenet121+drlbp+efficientnet_b0+glcm+lbp+mae_base+siglip_base+vit_b16,
SoilOriginal,resmlp,123,3,full,random_049,0.8846230491487566,0.920704845814978,8,11136,0.7710513050042209,convnext_v2_t+deit_s+dinov2+dinov2_large+efficientnet_b0+eva02_base+resnet101+vgg16,
SoilOriginal,resmlp,123,3,full,random_050,0.8625566093179226,0.9162995594713657,8,7828,1.303770500002429,densenet121+dinov2_large+dinov2_small+gabor+hog+mae_base+resnet101+vit_b16,
SoilOriginal,resmlp,123,3,full,random_051,0.8691499645173237,0.920704845814978,8,10928,1.2104111429944169,convnext_v2_t+dinov2_small+gabor+mae_base+resnet101+resnet50+swin_t+vgg16,
SoilOriginal,resmlp,123,3,full,random_052,0.8813364994071089,0.9295154185022027,8,9382,0.7806416140010697,dinov2_large+dinov2_small+efficientnet_b0+gabor+glcm+hog+vgg16+vit_b16,
SoilOriginal,resmlp,123,3,full,random_053,0.857345990094592,0.9118942731277533,8,6728,0.9247085660026642,dinov2_large+efficientnet_b0+eva02_base+glcm+lbp+resnet101+siglip_base+swin_t,
SoilOriginal,resmlp,123,3,full,random_054,0.8942665341171884,0.9251101321585903,8,9956,1.363986696000211,convnext_v2_t+deit_s+densenet121+dinov2+dinov2_small+hog+siglip_base+vgg16,
SoilOriginal,resmlp,123,3,full,random_055,0.8915822417390976,0.9251101321585903,8,6932,1.0909110729990061,convnext_v2_t+deit_s+dinov2_small+efficientnet_b0+gabor+hog+resnet101+rgb_ngram_svd,
SoilOriginal,resmlp,123,3,full,random_056,0.8882929339427729,0.9162995594713657,8,7188,1.1917765690013766,deit_s+densenet121+dinov2_small+gabor+hog+mae_base+resnet50+vit_b16,
SoilOriginal,resmlp,123,3,full,random_057,0.9166049706703026,0.9383259911894273,8,3576,1.1376845679988037,densenet121+dinov2_large+dinov2_small+eva02_base+gabor+glcm+lbp+rgb_ngram_svd,
SoilOriginal,resmlp,123,3,full,random_058,0.8823296436483663,0.9251101321585903,8,9808,0.7787744699962786,convnext_v2_t+deit_s+dinov2+dinov2_small+drlbp+efficientnet_b0+resnet50+vgg16,
SoilOriginal,resmlp,123,3,full,random_059,0.8967933489047566,0.9251101321585903,8,5320,1.452150425997388,deit_s+dinov2+dinov2_large+glcm+lbp+resnet101+rgb_ngram_svd+vit_b16,
SoilOriginal,resmlp,123,3,full,random_060,0.8846750002760935,0.9295154185022027,8,4120,1.2728086839997559,dinov2_small+drlbp+efficientnet_b0+eva02_base+glcm+lbp+mae_base+swin_t,
SoilOriginal,resmlp,123,3,full,random_061,0.8483379845982181,0.8986784140969163,8,7188,0.6438244929959183,convnext_v2_t+deit_s+dinov2+dinov2_large+dinov2_small+gabor+hog+resnet50,
SoilOriginal,resmlp,123,3,full,random_062,0.8798923672026493,0.9162995594713657,8,6784,0.9736435439990601,convnext_v2_t+deit_s+dinov2+dinov2_large+resnet50+rgb_ngram_svd+swin_t+vit_b16,
SoilOriginal,resmlp,123,3,full,random_063,0.8733901808168649,0.9162995594713657,8,7442,0.6094799429993145,convnext_v2_t+dinov2_large+efficientnet_b0+glcm+mae_base+resnet50+siglip_base+swin_t,
SoilOriginal,resmlp,123,3,full,random_064,0.9023951525529402,0.933920704845815,8,8576,0.7728149590038811,convnext_v2_t+dinov2+dinov2_small+eva02_base+mae_base+rgb_ngram_svd+swin_t+vgg16,
SoilOriginal,resmlp,123,3,full,random_065,0.8905253420575339,0.920704845814978,8,11154,1.3289977699969313,convnext_v2_t+deit_s+dinov2_large+glcm+resnet101+resnet50+vgg16+vit_b16,
SoilOriginal,resmlp,123,3,full,random_066,0.8838274372595922,0.9295154185022027,8,8884,1.418161383997358,dinov2_large+dinov2_small+drlbp+hog+resnet101+resnet50+swin_t+vit_b16,
SoilOriginal,resmlp,123,3,full,random_067,0.8728337770060651,0.920704845814978,8,8932,1.3544556720007677,densenet121+dinov2_large+efficientnet_b0+eva02_base+hog+resnet50+rgb_ngram_svd+vit_b16,
SoilOriginal,resmlp,123,3,full,random_068,0.8898359741522605,0.9295154185022027,8,10998,1.8329079739996814,densenet121+dinov2_large+glcm+hog+resnet50+rgb_ngram_svd+swin_t+vgg16,
SoilOriginal,resmlp,123,3,full,random_069,0.8573674296250957,0.9162995594713657,8,8576,0.7777823690048535,deit_s+densenet121+dinov2+mae_base+resnet101+resnet50+siglip_base+swin_t,
SoilOriginal,resmlp,123,3,full,random_070,0.9299009025367501,0.9515418502202643,8,8448,1.235735772002954,deit_s+drlbp+eva02_base+gabor+resnet101+rgb_ngram_svd+siglip_base+vgg16,
SoilOriginal,resmlp,123,3,full,random_071,0.8562244897959184,0.9118942731277533,8,9936,1.0055141290067695,deit_s+dinov2_large+drlbp+eva02_base+mae_base+resnet101+vgg16+vit_b16,
SoilOriginal,resmlp,123,3,full,random_072,0.8539482984402124,0.9074889867841409,8,6272,1.1139156940043904,convnext_v2_t+dinov2+dinov2_large+drlbp+gabor+resnet101+swin_t+vit_b16,
SoilOriginal,resmlp,123,3,full,random_073,0.9173812094701275,0.9383259911894273,8,6904,1.312839799997164,convnext_v2_t+dinov2_small+gabor+glcm+lbp+mae_base+siglip_base+vgg16,
SoilOriginal,resmlp,123,3,full,random_074,0.8572774433557191,0.9118942731277533,8,9410,0.9213220530000399,dinov2_small+efficientnet_b0+gabor+glcm+mae_base+resnet50+swin_t+vgg16,
SoilOriginal,resmlp,123,3,full,random_075,0.8822661319861449,0.920704845814978,8,7350,1.141748362002545,deit_s+densenet121+dinov2_large+efficientnet_b0+lbp+mae_base+resnet50+siglip_base,
SoilOriginal,resmlp,123,3,full,random_076,0.8705150090828965,0.9074889867841409,8,8164,1.211758915000246,convnext_v2_t+dinov2_large+dinov2_small+drlbp+gabor+hog+resnet101+resnet50,
SoilOriginal,resmlp,123,3,full,random_077,0.8868828819535289,0.9118942731277533,8,5604,0.9749613569947542,convnext_v2_t+deit_s+densenet121+drlbp+gabor+hog+swin_t+vit_b16,
SoilOriginal,resmlp,123,3,full,random_078,0.8839551205137308,0.920704845814978,8,5296,1.3349902879999718,convnext_v2_t+dinov2_large+dinov2_small+efficientnet_b0+gabor+rgb_ngram_svd+siglip_base+swin_t,
SoilOriginal,resmlp,123,3,full,random_079,0.9123983444207708,0.933920704845815,8,4856,0.5822882349966676,dinov2_small+efficientnet_b0+gabor+glcm+lbp+resnet50+rgb_ngram_svd+siglip_base,
SoilOriginal,resmlp,123,3,full,random_080,0.9087231331833946,0.9295154185022027,8,10112,0.9205921700049657,convnext_v2_t+deit_s+densenet121+mae_base+resnet101+rgb_ngram_svd+vgg16+vit_b16,
SoilOriginal,resmlp,123,3,full,random_081,0.8715163010597298,0.9251101321585903,8,11520,1.4476454920004471,dinov2_large+efficientnet_b0+eva02_base+mae_base+resnet101+swin_t+vgg16+vit_b16,
SoilOriginal,resmlp,123,3,full,random_082,0.8612856227464972,0.9118942731277533,8,5174,1.6351125850051176,densenet121+dinov2_small+drlbp+gabor+lbp+resnet101+siglip_base+swin_t,
SoilOriginal,resmlp,123,3,full,random_083,0.8696870414370009,0.920704845814978,8,11894,0.729401124001015,dinov2_small+glcm+hog+mae_base+resnet101+resnet50+siglip_base+vgg16,
SoilOriginal,resmlp,123,3,full,random_084,0.8996128279420971,0.933920704845815,8,6960,0.7177851790038403,convnext_v2_t+dinov2+dinov2_large+efficientnet_b0+gabor+mae_base+resnet50+rgb_ngram_svd,
SoilOriginal,resmlp,123,3,full,random_085,0.8868596114495876,0.9251101321585903,8,3784,0.9285278739989735,dinov2+dinov2_small+glcm+lbp+rgb_ngram_svd+siglip_base+swin_t+vit_b16,
SoilOriginal,resmlp,123,3,full,random_086,0.9060388918303925,0.933920704845815,8,10368,1.0766565459998674,deit_s+efficientnet_b0+mae_base+resnet101+rgb_ngram_svd+siglip_base+vgg16+vit_b16,
SoilOriginal,resmlp,123,3,full,random_087,0.8612311623325405,0.9118942731277533,8,10422,1.541200307001418,convnext_v2_t+densenet121+dinov2_small+efficientnet_b0+lbp+resnet101+swin_t+vgg16,
SoilOriginal,resmlp,123,3,full,random_088,0.8193040482802516,0.8986784140969163,8,9956,1.0341058330013766,convnext_v2_t+dinov2_small+drlbp+gabor+hog+resnet50+swin_t+vgg16,
SoilOriginal,resmlp,123,3,full,random_089,0.856564486883517,0.9162995594713657,8,10260,1.2441791450037272,densenet121+dinov2_large+eva02_base+gabor+hog+mae_base+siglip_base+vgg16,
SoilOriginal,resmlp,123,3,full,random_090,0.872351410425494,0.9162995594713657,8,6932,0.64404226699844,deit_s+dinov2_small+eva02_base+gabor+hog+resnet101+siglip_base+vit_b16,
SoilOriginal,resmlp,123,3,full,random_091,0.9019235661677522,0.9383259911894273,8,11136,0.9878174289988237,deit_s+dinov2+resnet101+resnet50+rgb_ngram_svd+siglip_base+swin_t+vgg16,
SoilOriginal,resmlp,123,3,full,random_092,0.8433728240665294,0.8986784140969163,8,4808,0.7491857700006221,convnext_v2_t+densenet121+dinov2_large+dinov2_small+glcm+lbp+siglip_base+vit_b16,
SoilOriginal,resmlp,123,3,full,random_093,0.866822832418636,0.9074889867841409,8,5778,1.161156595000648,dinov2+dinov2_large+dinov2_small+efficientnet_b0+eva02_base+glcm+siglip_base+swin_t,
SoilOriginal,resmlp,123,3,full,random_094,0.8992107869923085,0.9295154185022027,8,8164,0.9858116859977599,convnext_v2_t+deit_s+dinov2_small+efficientnet_b0+eva02_base+hog+resnet101+siglip_base,
SoilOriginal,resmlp,123,3,full,random_095,0.8531757364136917,0.9030837004405287,8,6674,0.7715506609965814,densenet121+dinov2_large+dinov2_small+drlbp+gabor+glcm+resnet101+resnet50,
SoilOriginal,resmlp,123,3,full,random_096,0.8355405491587163,0.9030837004405287,8,8602,1.1460074310016353,convnext_v2_t+deit_s+dinov2+hog+lbp+resnet101+resnet50+swin_t,
SoilOriginal,resmlp,123,3,full,random_097,0.9052587780669415,0.9295154185022027,8,4040,0.6281330530036939,dinov2_large+dinov2_small+eva02_base+glcm+lbp+rgb_ngram_svd+siglip_base+swin_t,
SoilOriginal,resmlp,123,3,full,random_098,0.9011844725117976,0.9295154185022027,8,6694,1.1183485410001595,densenet121+gabor+glcm+hog+resnet101+rgb_ngram_svd+siglip_base+swin_t,
SoilOriginal,resmlp,123,3,full,random_099,0.8878701696087204,0.920704845814978,8,4326,0.8423256699970807,convnext_v2_t+deit_s+eva02_base+gabor+lbp+mae_base+swin_t+vit_b16,
SoilOriginal,resmlp,123,4,full,random_000,0.8451576200219961,0.9166666666666666,5,2054,0.985113276001357,convnext_v2_t+deit_s+drlbp+lbp+swin_t,
SoilOriginal,resmlp,123,4,full,random_001,0.877414967189646,0.9298245614035088,5,4656,1.028636479000852,convnext_v2_t+densenet121+gabor+resnet50+siglip_base,
SoilOriginal,resmlp,123,4,full,random_002,0.8756130095867203,0.9166666666666666,5,3474,0.9791824519998045,dinov2_large+dinov2_small+efficientnet_b0+glcm+mae_base,
SoilOriginal,resmlp,123,4,full,random_003,0.8901083741067666,0.9210526315789473,5,5604,1.1642522499969346,deit_s+dinov2_large+dinov2_small+hog+resnet101,
SoilOriginal,resmlp,123,4,full,random_004,0.8792570663002557,0.9342105263157895,5,4278,1.1115471250013798,densenet121+dinov2_small+lbp+resnet50+vit_b16,
SoilOriginal,resmlp,123,4,full,random_005,0.8530766239716033,0.9254385964912281,5,2048,1.4417018210006063,deit_s+drlbp+gabor+siglip_base+vit_b16,
SoilOriginal,resmlp,123,4,full,random_006,0.8947240937414512,0.9385964912280702,5,7168,1.469837094999093,dinov2+mae_base+siglip_base+swin_t+vgg16,
SoilOriginal,resmlp,123,4,full,random_007,0.8986370008997254,0.9385964912280702,5,3858,0.9826294529993902,dinov2+glcm+resnet50+rgb_ngram_svd+vit_b16,
SoilOriginal,resmlp,123,4,full,random_008,0.9038019957053784,0.9429824561403509,5,3474,0.7893015099980403,dinov2_small+glcm+resnet50+rgb_ngram_svd+vit_b16,
SoilOriginal,resmlp,123,4,full,random_009,0.9080419839789137,0.9473684210526315,5,5248,1.3649619089992484,dinov2_small+efficientnet_b0+eva02_base+resnet101+siglip_base,
SoilOriginal,resmlp,123,4,full,random_010,0.9216188498138816,0.9429824561403509,5,5248,1.0011072589986725,densenet121+dinov2_large+dinov2_small+resnet101+vit_b16,
SoilOriginal,resmlp,123,4,full,random_011,0.9324406387504813,0.9473684210526315,5,5376,0.8999908020050498,dinov2_large+efficientnet_b0+resnet101+rgb_ngram_svd+vit_b16,
SoilOriginal,resmlp,123,4,full,random_012,0.8923982005892516,0.9385964912280702,5,5168,1.313772023000638,densenet121+efficientnet_b0+gabor+resnet101+siglip_base,
SoilOriginal,resmlp,123,4,full,random_013,0.8842960353392477,0.9298245614035088,5,8756,1.3049807580027846,drlbp+hog+resnet50+siglip_base+vgg16,
SoilOriginal,resmlp,123,4,full,random_014,0.8793143215299459,0.9298245614035088,5,8730,1.9102680899959523,eva02_base+hog+lbp+resnet50+vgg16,
SoilOriginal,resmlp,123,4,full,random_015,0.8996698386099308,0.9517543859649122,5,3456,1.2167587429939886,dinov2_small+efficientnet_b0+rgb_ngram_svd+swin_t+vit_b16,
SoilOriginal,resmlp,123,4,full,random_016,0.9207903221364294,0.9517543859649122,5,2706,1.0807988270025817,densenet121+dinov2_large+dinov2_small+glcm+rgb_ngram_svd,
SoilOriginal,resmlp,123,4,full,random_017,0.9046979129657363,0.9429824561403509,5,6034,0.9556415479964926,deit_s+eva02_base+glcm+vgg16+vit_b16,
SoilOriginal,resmlp,123,4,full,random_018,0.8930409756425471,0.9298245614035088,5,2632,1.281452488998184,convnext_v2_t+dinov2_large+glcm+lbp+swin_t,
SoilOriginal,resmlp,123,4,full,random_019,0.8807569467066182,0.9385964912280702,5,3382,1.0937764030022663,densenet121+dinov2+lbp+siglip_base+vit_b16,
SoilOriginal,resmlp,123,4,full,random_020,0.891456019254041,0.9385964912280702,5,2438,0.8871686089987634,dinov2+drlbp+eva02_base+lbp+vit_b16,
SoilOriginal,resmlp,123,4,full,random_021,0.9087352430929659,0.9385964912280702,5,3602,0.7590089349978371,dinov2+efficientnet_b0+eva02_base+glcm+swin_t,
SoilOriginal,resmlp,123,4,full,random_022,0.8803997725982952,0.9298245614035088,5,3152,0.8579259489997639,dinov2+drlbp+mae_base+swin_t+vit_b16,
SoilOriginal,resmlp,123,4,full,random_023,0.9199894088755837,0.9517543859649122,5,7040,1.274847503998899,convnext_v2_t+dinov2_large+dinov2_small+eva02_base+vgg16,
SoilOriginal,resmlp,123,4,full,random_024,0.8779349144445118,0.9385964912280702,5,1792,1.0858492769984878,densenet121+dinov2_small+drlbp+gabor+rgb_ngram_svd,
SoilOriginal,resmlp,123,4,full,random_025,0.860778404724824,0.9035087719298246,5,4714,0.6876620809998713,drlbp+hog+lbp+resnet50+vit_b16,
SoilOriginal,resmlp,123,4,full,random_026,0.8808416091905683,0.9342105263157895,5,4370,1.1238819789941772,convnext_v2_t+eva02_base+glcm+resnet101+siglip_base,
SoilOriginal,resmlp,123,4,full,random_027,0.8876571683393407,0.9298245614035088,5,3254,1.147437756000727,deit_s+efficientnet_b0+lbp+siglip_base+swin_t,
SoilOriginal,resmlp,123,4,full,random_028,0.8963048243426609,0.9342105263157895,5,4608,1.1757326969964197,deit_s+densenet121+dinov2_small+eva02_base+resnet50,
SoilOriginal,resmlp,123,4,full,random_029,0.8845107806586422,0.9385964912280702,5,4022,0.9324171960033709,convnext_v2_t+deit_s+eva02_base+lbp+resnet101,
SoilOriginal,resmlp,123,4,full,random_030,0.9053038720263561,0.9385964912280702,5,5138,1.0785188320005545,dinov2_large+efficientnet_b0+eva02_base+glcm+resnet101,
SoilOriginal,resmlp,123,4,full,random_031,0.8816705531629543,0.9298245614035088,5,1664,1.310561770995264,deit_s+dinov2_small+drlbp+gabor+vit_b16,
SoilOriginal,resmlp,123,4,full,random_032,0.8422910200509881,0.8991228070175439,5,3144,1.0207157409968204,glcm+lbp+resnet101+rgb_ngram_svd+siglip_base,
SoilOriginal,resmlp,123,4,full,random_033,0.946255420681917,0.956140350877193,5,4992,1.6251874310037238,deit_s+dinov2_large+mae_base+resnet101+vit_b16,
SoilOriginal,resmlp,123,4,full,random_034,0.8577639261686336,0.9166666666666666,5,1986,0.71011444600299,dinov2+dinov2_small+gabor+glcm+mae_base,
SoilOriginal,resmlp,123,4,full,random_035,0.8546648585235763,0.9122807017543859,5,4162,0.754467057005968,dinov2+efficientnet_b0+gabor+glcm+resnet50,
SoilOriginal,resmlp,123,4,full,random_036,0.8952820350648238,0.9342105263157895,5,2998,1.013417871996353,drlbp+eva02_base+gabor+lbp+resnet101,
SoilOriginal,resmlp,123,4,full,random_037,0.8362303029969945,0.9342105263157895,5,6116,0.8561806409998098,eva02_base+hog+resnet50+siglip_base+vit_b16,
SoilOriginal,resmlp,123,4,full,random_038,0.8730371164575141,0.9210526315789473,5,1688,0.8029891539990786,dinov2+drlbp+eva02_base+glcm+lbp,
SoilOriginal,resmlp,123,4,full,random_039,0.8864955444300666,0.9254385964912281,5,8960,1.242053804002353,convnext_v2_t+efficientnet_b0+resnet50+vgg16+vit_b16,
SoilOriginal,resmlp,123,4,full,random_040,0.882098822534175,0.9210526315789473,5,9572,1.2615727680022246,dinov2_small+efficientnet_b0+hog+resnet50+vgg16,
SoilOriginal,resmlp,123,4,full,random_041,0.8792316396003033,0.9342105263157895,5,4480,0.9658150910036056,deit_s+densenet121+eva02_base+resnet50+rgb_ngram_svd,
SoilOriginal,resmlp,123,4,full,random_042,0.9057813379480313,0.9429824561403509,5,3408,0.7700798160003615,densenet121+drlbp+eva02_base+swin_t+vit_b16,
SoilOriginal,resmlp,123,4,full,random_043,0.8867154592682124,0.9298245614035088,5,6912,1.2300777720010956,convnext_v2_t+dinov2+efficientnet_b0+resnet101+resnet50,
SoilOriginal,resmlp,123,4,full,random_044,0.8566351926699802,0.9122807017543859,5,7954,1.2185571559966775,densenet121+glcm+resnet50+swin_t+vgg16,
SoilOriginal,resmlp,123,4,full,random_045,0.8755621677366158,0.9166666666666666,5,4534,0.8353652809964842,deit_s+densenet121+dinov2_large+lbp+resnet101,
SoilOriginal,resmlp,123,4,full,random_046,0.878251588268658,0.9166666666666666,5,5018,1.0049345329971402,deit_s+hog+lbp+resnet101+swin_t,
SoilOriginal,resmlp,123,4,full,random_047,0.885752087758382,0.9298245614035088,5,6656,0.8223634109963314,dinov2+dinov2_large+resnet101+resnet50+swin_t,
SoilOriginal,resmlp,123,4,full,random_048,0.8876416890827722,0.9342105263157895,5,3988,1.1118407670001034,dinov2_large+dinov2_small+gabor+hog+vit_b16,
SoilOriginal,resmlp,123,4,full,random_049,0.898185278624036,0.9385964912280702,5,2768,0.8760995870034094,convnext_v2_t+deit_s+dinov2+drlbp+siglip_base,
SoilOriginal,resmlp,123,4,full,random_050,0.8842150546613929,0.9429824561403509,5,3272,1.0971111089966143,dinov2_small+glcm+lbp+resnet50+siglip_base,
SoilOriginal,resmlp,123,4,full,random_051,0.8509325959833075,0.9078947368421053,5,2888,0.7655956390008214,convnext_v2_t+efficientnet_b0+glcm+lbp+vit_b16,
SoilOriginal,resmlp,123,4,full,random_052,0.9107337211941848,0.9385964912280702,5,4662,1.2466552939949906,dinov2+dinov2_large+lbp+resnet101+siglip_base,
SoilOriginal,resmlp,123,4,full,random_053,0.9290547612073004,0.9473684210526315,5,4656,0.9645088320030482,dinov2_large+gabor+resnet101+swin_t+vit_b16,
SoilOriginal,resmlp,123,4,full,random_054,0.8821968617448837,0.9385964912280702,5,3556,0.9160734109973419,deit_s+dinov2_small+eva02_base+hog+rgb_ngram_svd,
SoilOriginal,resmlp,123,4,full,random_055,0.8659066434438251,0.9254385964912281,5,4992,1.0611362470008316,deit_s+densenet121+resnet50+siglip_base+swin_t,
SoilOriginal,resmlp,123,4,full,random_056,0.917909867909868,0.9517543859649122,5,2962,0.8364377460020478,convnext_v2_t+deit_s+dinov2_large+glcm+siglip_base,
SoilOriginal,resmlp,123,4,full,random_057,0.8831404990691177,0.9298245614035088,5,2768,0.9996883389976574,deit_s+dinov2+drlbp+mae_base+siglip_base,
SoilOriginal,resmlp,123,4,full,random_058,0.8642203611808474,0.8991228070175439,5,1664,0.600885253996239,deit_s+dinov2+dinov2_small+drlbp+gabor,
SoilOriginal,resmlp,123,4,full,random_059,0.9057380819246793,0.9473684210526315,5,8448,1.0979702820040984,resnet101+siglip_base+swin_t+vgg16+vit_b16,
SoilOriginal,resmlp,123,4,full,random_060,0.8901279470483348,0.9429824561403509,5,5120,0.91430975899857,convnext_v2_t+eva02_base+resnet101+siglip_base+swin_t,
SoilOriginal,resmlp,123,4,full,random_061,0.8957944004900877,0.9385964912280702,5,7476,1.0978846690049977,drlbp+eva02_base+hog+vgg16+vit_b16,
SoilOriginal,resmlp,123,4,full,random_062,0.8644275976801351,0.9078947368421053,5,4916,1.3605968869960634,drlbp+hog+resnet50+rgb_ngram_svd+swin_t,
SoilOriginal,resmlp,123,4,full,random_063,0.8463594400357178,0.9122807017543859,5,3664,1.0239809289996629,deit_s+dinov2_small+drlbp+resnet101+swin_t,
SoilOriginal,resmlp,123,4,full,random_064,0.891606312689262,0.9342105263157895,5,3090,1.1339925979991676,efficientnet_b0+eva02_base+glcm+rgb_ngram_svd+swin_t,
SoilOriginal,resmlp,123,4,full,random_065,0.9099775137762841,0.9385964912280702,5,3638,0.8671971389994724,dinov2+efficientnet_b0+lbp+mae_base+siglip_base,
SoilOriginal,resmlp,123,4,full,random_066,0.8775696484071634,0.9254385964912281,5,5296,1.1176813150013913,convnext_v2_t+deit_s+gabor+resnet101+resnet50,
SoilOriginal,resmlp,123,4,full,random_067,0.9052154496761569,0.9429824561403509,5,8320,1.12405315599608,densenet121+dinov2_small+resnet50+siglip_base+vgg16,
SoilOriginal,resmlp,123,4,full,random_068,0.9101114166785417,0.9429824561403509,5,3456,1.2630718739965232,dinov2+dinov2_small+mae_base+swin_t+vit_b16,
SoilOriginal,resmlp,123,4,full,random_069,0.9062537334921494,0.9429824561403509,5,6272,1.1091618900027242,dinov2_large+dinov2_small+mae_base+resnet101+resnet50,
SoilOriginal,resmlp,123,4,full,random_070,0.8944938313330831,0.9385964912280702,5,2944,1.1590577460010536,deit_s+eva02_base+rgb_ngram_svd+siglip_base+swin_t,
SoilOriginal,resmlp,123,4,full,random_071,0.8972119023025046,0.9385964912280702,5,3940,0.9317247710059746,densenet121+dinov2_large+drlbp+gabor+hog,
SoilOriginal,resmlp,123,4,full,random_072,0.9077128609514845,0.9342105263157895,5,3382,1.0047727639976074,dinov2+dinov2_large+eva02_base+lbp+siglip_base,
SoilOriginal,resmlp,123,4,full,random_073,0.9009190387440683,0.9429824561403509,5,3938,1.356147721002344,densenet121+drlbp+glcm+resnet50+vit_b16,
SoilOriginal,resmlp,123,4,full,random_074,0.9165348905023497,0.9473684210526315,5,2370,1.1568949189968407,convnext_v2_t+dinov2+eva02_base+gabor+glcm,
SoilOriginal,resmlp,123,4,full,random_075,0.9003351182314567,0.9385964912280702,5,4912,0.9579984800002421,densenet121+dinov2_large+eva02_base+gabor+resnet50,
SoilOriginal,resmlp,123,4,full,random_076,0.8957434868363597,0.9298245614035088,5,5402,1.4490084610006306,dinov2+hog+lbp+resnet101+siglip_base,
SoilOriginal,resmlp,123,4,full,random_077,0.8464447523680974,0.8859649122807017,5,4196,1.3791206300011254,densenet121+drlbp+efficientnet_b0+gabor+hog,
SoilOriginal,resmlp,123,4,full,random_078,0.8940969727701361,0.9429824561403509,5,3408,0.8290648980037076,convnext_v2_t+densenet121+dinov2+drlbp+siglip_base,
SoilOriginal,resmlp,123,4,full,random_079,0.8937315330172473,0.9429824561403509,5,6244,1.5134675769950263,dinov2_small+efficientnet_b0+hog+resnet50+vit_b16,
SoilOriginal,resmlp,123,4,full,random_080,0.8410940964130101,0.9035087719298246,5,3764,0.9290715250026551,deit_s+dinov2+drlbp+hog+mae_base,
SoilOriginal,resmlp,123,4,full,random_081,0.8907790622269518,0.9298245614035088,5,3536,0.8242116809997242,deit_s+drlbp+resnet50+rgb_ngram_svd+vit_b16,
SoilOriginal,resmlp,123,4,full,random_082,0.8825257065626247,0.9298245614035088,5,2322,1.2038583850007853,convnext_v2_t+deit_s+dinov2_small+glcm+siglip_base,
SoilOriginal,resmlp,123,4,full,random_083,0.8877024390313427,0.9210526315789473,5,1334,1.367014426003152,deit_s+drlbp+gabor+lbp+swin_t,
SoilOriginal,resmlp,123,4,full,random_084,0.8593163787453205,0.9210526315789473,5,5604,1.4158682060005958,hog+mae_base+resnet50+rgb_ngram_svd+vit_b16,
SoilOriginal,resmlp,123,4,full,random_085,0.8872750553639015,0.9298245614035088,5,6984,0.7954096440007561,glcm+lbp+resnet50+siglip_base+vgg16,
SoilOriginal,resmlp,123,4,full,random_086,0.8815785556814478,0.9210526315789473,5,5240,1.211580736002361,dinov2_large+gabor+glcm+lbp+vgg16,
SoilOriginal,resmlp,123,4,full,random_087,0.8736278213441763,0.9210526315789473,5,2310,0.8632787410024321,deit_s+dinov2_large+drlbp+lbp+mae_base,
SoilOriginal,resmlp,123,4,full,random_088,0.8865252067839073,0.9298245614035088,5,6480,1.2770950630001607,dinov2+drlbp+mae_base+swin_t+vgg16,
SoilOriginal,resmlp,123,4,full,random_089,0.8920286063143206,0.9298245614035088,5,4324,1.213689162999799,deit_s+densenet121+dinov2_small+hog+siglip_base,
SoilOriginal,resmlp,123,4,full,random_090,0.8836090147854281,0.9254385964912281,5,5366,1.0646707899941248,glcm+hog+mae_base+resnet50+swin_t,
SoilOriginal,resmlp,123,4,full,random_091,0.8765344217027101,0.9254385964912281,5,2480,0.9019970910012489,densenet121+dinov2_small+gabor+rgb_ngram_svd+vit_b16,
SoilOriginal,resmlp,123,4,full,random_092,0.898584662398582,0.9385964912280702,5,1272,0.669651326003077,dinov2_small+gabor+glcm+lbp+mae_base,
SoilOriginal,resmlp,123,4,full,random_093,0.8610557320700696,0.9254385964912281,5,5712,0.9551588940012152,drlbp+resnet101+resnet50+siglip_base+vit_b16,
SoilOriginal,resmlp,123,4,full,random_094,0.8709128812815449,0.9342105263157895,5,3718,1.0943504710012348,drlbp+eva02_base+lbp+resnet50+vit_b16,
SoilOriginal,resmlp,123,4,full,random_095,0.9078185035301117,0.9385964912280702,5,7760,1.3783437789970776,drlbp+eva02_base+mae_base+resnet101+vgg16,
SoilOriginal,resmlp,123,4,full,random_096,0.8618488951193777,0.9210526315789473,5,5402,1.3131023419991834,dinov2+hog+lbp+mae_base+resnet50,
SoilOriginal,resmlp,123,4,full,random_097,0.9018015749820381,0.9298245614035088,5,2566,1.1678667739979574,dinov2+dinov2_small+drlbp+efficientnet_b0+lbp,
SoilOriginal,resmlp,123,4,full,random_098,0.8762555678931985,0.9254385964912281,5,5350,0.8081100409981445,deit_s+gabor+lbp+siglip_base+vgg16,
SoilOriginal,resmlp,123,4,full,random_099,0.8909504627175195,0.9385964912280702,5,4304,0.877691331996175,convnext_v2_t+dinov2_large+dinov2_small+drlbp+resnet50,
SoilOriginal,resmlp,2026,0,full,random_000,0.802359894070979,0.8596491228070176,3,3556,1.1419694359938148,convnext_v2_t+densenet121+hog,
SoilOriginal,resmlp,2026,0,full,random_001,0.8641622734512948,0.9122807017543859,3,1792,1.390017407000414,convnext_v2_t+rgb_ngram_svd+vit_b16,
SoilOriginal,resmlp,2026,0,full,random_002,0.8477038024340834,0.8991228070175439,3,3860,0.8716849499978707,gabor+hog+resnet50,
SoilOriginal,resmlp,2026,0,full,random_003,0.8624250822182227,0.9078947368421053,3,2560,1.2565984050015686,convnext_v2_t+densenet121+eva02_base,
SoilOriginal,resmlp,2026,0,full,random_004,0.8326236838751779,0.8947368421052632,3,3456,1.5962740229952033,dinov2_large+dinov2_small+resnet50,
SoilOriginal,resmlp,2026,0,full,random_005,0.8602057814244063,0.9122807017543859,3,1554,1.1857576360052917,convnext_v2_t+glcm+siglip_base,
SoilOriginal,resmlp,2026,0,full,random_006,0.8563376107726743,0.9078947368421053,3,3584,1.091258476000803,efficientnet_b0+resnet101+rgb_ngram_svd,
SoilOriginal,resmlp,2026,0,full,random_007,0.8120902421302482,0.8771929824561403,3,4528,0.6834844760014676,deit_s+gabor+vgg16,
SoilOriginal,resmlp,2026,0,full,random_008,0.8278146205777783,0.881578947368421,3,6628,1.4628604169993196,dinov2+hog+vgg16,
SoilOriginal,resmlp,2026,0,full,random_009,0.8543298677084444,0.9122807017543859,3,4196,1.3426339069992537,dinov2_small+hog+resnet101,
SoilOriginal,resmlp,2026,0,full,random_010,0.8340131544383116,0.8947368421052632,3,2176,1.6496663849975448,drlbp+gabor+resnet101,
SoilOriginal,resmlp,2026,0,full,random_011,0.8515390765327889,0.8991228070175439,3,1072,0.8660972930010757,convnext_v2_t+gabor+rgb_ngram_svd,
SoilOriginal,resmlp,2026,0,full,random_012,0.8753198923328354,0.9166666666666666,3,2560,1.2415242819988634,convnext_v2_t+dinov2_large+vit_b16,
SoilOriginal,resmlp,2026,0,full,random_013,0.7556265049188032,0.8333333333333334,3,3556,0.8870068579999497,dinov2_large+hog+mae_base,
SoilOriginal,resmlp,2026,0,full,random_014,0.8460725896431296,0.8991228070175439,3,3584,1.472326711002097,efficientnet_b0+resnet50+rgb_ngram_svd,
SoilOriginal,resmlp,2026,0,full,random_015,0.7032751341523155,0.7543859649122807,3,358,0.6468767159967683,gabor+lbp+rgb_ngram_svd,
SoilOriginal,resmlp,2026,0,full,random_016,0.8275806867108902,0.8859649122807017,3,1590,1.3513590030052,convnext_v2_t+lbp+swin_t,
SoilOriginal,resmlp,2026,0,full,random_017,0.8426943751131943,0.9035087719298246,3,1206,1.293327922001481,dinov2_small+eva02_base+lbp,
SoilOriginal,resmlp,2026,0,full,random_018,0.831822780394209,0.8991228070175439,3,2560,1.3140036849945318,convnext_v2_t+dinov2_large+mae_base,
SoilOriginal,resmlp,2026,0,full,random_019,0.8109624588372617,0.8771929824561403,3,2322,0.9573734190053074,dinov2_large+efficientnet_b0+glcm,
SoilOriginal,resmlp,2026,0,full,random_020,0.8152256522642828,0.881578947368421,3,1408,0.8030382029974135,deit_s+mae_base+rgb_ngram_svd,
SoilOriginal,resmlp,2026,0,full,random_021,0.8471552465332935,0.8903508771929824,3,1616,1.562453323000227,drlbp+mae_base+vit_b16,
SoilOriginal,resmlp,2026,0,full,random_022,0.872240007960719,0.9122807017543859,3,1232,1.1261496010047267,deit_s+drlbp+eva02_base,
SoilOriginal,resmlp,2026,0,full,random_023,0.8239753592175344,0.8859649122807017,3,2560,0.7997597079956904,densenet121+dinov2+swin_t,
SoilOriginal,resmlp,2026,0,full,random_024,0.860289699403789,0.9122807017543859,3,6400,1.5146875569989788,resnet101+rgb_ngram_svd+vgg16,
SoilOriginal,resmlp,2026,0,full,random_025,0.8633686821438459,0.9122807017543859,3,3200,1.2634892009955365,deit_s+dinov2+resnet101,
SoilOriginal,resmlp,2026,0,full,random_026,0.8048357706369554,0.881578947368421,3,5888,1.3842241009988356,densenet121+swin_t+vgg16,
SoilOriginal,resmlp,2026,0,full,random_027,0.8087134766624189,0.881578947368421,3,3300,1.5584493149945047,hog+mae_base+swin_t,
SoilOriginal,resmlp,2026,0,full,random_028,0.8562843399148014,0.9078947368421053,3,1584,1.347326653994969,gabor+siglip_base+vit_b16,
SoilOriginal,resmlp,2026,0,full,random_029,0.8172499403620685,0.8859649122807017,3,2096,1.3616754109971225,efficientnet_b0+gabor+mae_base,
SoilOriginal,resmlp,2026,0,full,random_030,0.8489607159661607,0.8991228070175439,3,2560,1.1036188200014294,convnext_v2_t+densenet121+vit_b16,
SoilOriginal,resmlp,2026,0,full,random_031,0.8426943751131943,0.9035087719298246,3,1206,1.2298172029986745,dinov2_small+eva02_base+lbp,
SoilOriginal,resmlp,2026,0,full,random_032,0.8745233985843797,0.9210526315789473,3,2304,1.108023578999564,eva02_base+siglip_base+vit_b16,
SoilOriginal,resmlp,2026,0,full,random_033,0.8268833834402168,0.8859649122807017,3,2816,1.424029308000172,efficientnet_b0+mae_base+swin_t,
SoilOriginal,resmlp,2026,0,full,random_034,0.8210056945752128,0.881578947368421,3,3300,1.3086085940012708,dinov2+hog+swin_t,
SoilOriginal,resmlp,2026,0,full,random_035,0.8850127800026184,0.9254385964912281,3,6912,1.192295594002644,eva02_base+resnet101+vgg16,
SoilOriginal,resmlp,2026,0,full,random_036,0.8463823344472118,0.8903508771929824,3,3840,1.6459930689961766,convnext_v2_t+densenet121+resnet101,
SoilOriginal,resmlp,2026,0,full,random_037,0.8424238134529519,0.8991228070175439,3,1584,1.351144211999781,eva02_base+gabor+mae_base,
SoilOriginal,resmlp,2026,0,full,random_038,0.8430559794608022,0.8991228070175439,3,1536,1.239827770004922,convnext_v2_t+deit_s+dinov2_small,
SoilOriginal,resmlp,2026,0,full,random_039,0.8065829636267967,0.868421052631579,3,2560,1.4659180710004875,convnext_v2_t+dinov2_large+swin_t,
SoilOriginal,resmlp,2026,0,full,random_040,0.8249446380933526,0.868421052631579,3,2612,1.108837111001776,drlbp+hog+vit_b16,
SoilOriginal,resmlp,2026,0,full,random_041,0.8513840937429259,0.8947368421052632,3,3090,1.1421965330009698,densenet121+glcm+resnet50,
SoilOriginal,resmlp,2026,0,full,random_042,0.8497133925943011,0.9078947368421053,3,1072,1.1720305039998493,gabor+rgb_ngram_svd+vit_b16,
SoilOriginal,resmlp,2026,0,full,random_043,0.8408546902677498,0.8991228070175439,3,1408,0.7560338729963405,dinov2+dinov2_small+rgb_ngram_svd,
SoilOriginal,resmlp,2026,0,full,random_044,0.8632363863913698,0.9122807017543859,3,1170,1.314664740995795,dinov2_small+glcm+siglip_base,
SoilOriginal,resmlp,2026,0,full,random_045,0.8586780809002511,0.9035087719298246,3,2486,1.5601843140029814,deit_s+lbp+resnet101,
SoilOriginal,resmlp,2026,0,full,random_046,0.7901353402802472,0.8596491228070176,3,1122,0.8164583249963471,dinov2_large+drlbp+glcm,
SoilOriginal,resmlp,2026,0,full,random_047,0.8456892191194517,0.9035087719298246,3,2176,0.7454847459957819,dinov2_large+dinov2_small+vit_b16,
SoilOriginal,resmlp,2026,0,full,random_048,0.872244958556666,0.9166666666666666,3,1206,1.3826471649954328,deit_s+eva02_base+lbp,
SoilOriginal,resmlp,2026,0,full,random_049,0.8515749844782692,0.9035087719298246,3,1584,1.3410297480004374,dinov2+eva02_base+gabor,
SoilOriginal,resmlp,2026,0,full,random_050,0.8220388809995917,0.8771929824561403,3,1920,1.197440216994437,deit_s+mae_base+swin_t,
SoilOriginal,resmlp,2026,0,full,random_051,0.7271531415431607,0.7807017543859649,3,354,1.0075364639997133,drlbp+glcm+rgb_ngram_svd,
SoilOriginal,resmlp,2026,0,full,random_052,0.8027773885095536,0.8596491228070176,3,518,0.6858009619973018,deit_s+drlbp+lbp,
SoilOriginal,resmlp,2026,0,full,random_053,0.8558216668912613,0.9122807017543859,3,2432,1.3682704109960468,convnext_v2_t+dinov2_small+efficientnet_b0,
SoilOriginal,resmlp,2026,0,full,random_054,0.7958578270473973,0.8728070175438597,3,840,0.9421636109982501,glcm+lbp+swin_t,
SoilOriginal,resmlp,2026,0,full,random_055,0.8257157779995234,0.8903508771929824,3,1792,1.2777775490030763,mae_base+rgb_ngram_svd+vit_b16,
SoilOriginal,resmlp,2026,0,full,random_056,0.8563928239680119,0.9122807017543859,3,6528,1.2388543990018661,dinov2_small+resnet101+vgg16,
SoilOriginal,resmlp,2026,0,full,random_057,0.8725625609411376,0.9122807017543859,3,1920,1.2048095849968377,deit_s+eva02_base+vit_b16,
SoilOriginal,resmlp,2026,0,full,random_058,0.8465759865117005,0.8991228070175439,3,1584,1.3251492099952884,convnext_v2_t+eva02_base+gabor,
SoilOriginal,resmlp,2026,0,full,random_059,0.8179055040028017,0.8859649122807017,3,3126,1.3921863439973095,densenet121+lbp+resnet50,
SoilOriginal,resmlp,2026,0,full,random_060,0.8420534942464285,0.8903508771929824,3,4580,0.9802188890025718,dinov2+hog+resnet50,
SoilOriginal,resmlp,2026,0,full,random_061,0.8080815102993004,0.8728070175438597,3,1584,1.3915856719977455,convnext_v2_t+gabor+swin_t,
SoilOriginal,resmlp,2026,0,full,random_062,0.8271218550217808,0.8947368421052632,3,1810,0.6373867039947072,dinov2_large+glcm+mae_base,
SoilOriginal,resmlp,2026,0,full,random_063,0.8752451310949638,0.9254385964912281,3,1584,1.4267657449963735,convnext_v2_t+gabor+siglip_base,
SoilOriginal,resmlp,2026,0,full,random_064,0.8271218550217808,0.8947368421052632,3,1810,0.6712468050027383,dinov2_large+glcm+mae_base,
SoilOriginal,resmlp,2026,0,full,random_065,0.8486356071399659,0.8991228070175439,3,2688,1.2358075709998957,deit_s+resnet50+rgb_ngram_svd,
SoilOriginal,resmlp,2026,0,full,random_066,0.8899898814495838,0.9254385964912281,3,3584,1.2070281659980537,resnet50+siglip_base+vit_b16,
SoilOriginal,resmlp,2026,0,full,random_067,0.8643324952242644,0.9122807017543859,3,2916,1.4350271060029627,deit_s+hog+siglip_base,
SoilOriginal,resmlp,2026,0,full,random_068,0.8412748790994907,0.8903508771929824,3,2864,1.4980445480032358,gabor+mae_base+resnet50,
SoilOriginal,resmlp,2026,0,full,random_069,0.8891406828146583,0.9298245614035088,3,3840,1.5543412760016508,densenet121+resnet101+siglip_base,
SoilOriginal,resmlp,2026,0,full,random_070,0.8028271181483265,0.8552631578947368,3,2612,0.5795475880004233,convnext_v2_t+drlbp+hog,
SoilOriginal,resmlp,2026,0,full,random_071,0.8417503038070414,0.881578947368421,3,2176,1.2725147680030204,drlbp+gabor+resnet50,
SoilOriginal,resmlp,2026,0,full,random_072,0.8403575757351153,0.8991228070175439,3,4096,0.6966086050015292,densenet121+dinov2_large+resnet101,
SoilOriginal,resmlp,2026,0,full,random_073,0.8432754224545391,0.8947368421052632,3,2834,1.6254011599958176,glcm+mae_base+resnet50,
SoilOriginal,resmlp,2026,0,full,random_074,0.7845407367797204,0.8640350877192983,3,1232,0.8544058040060918,dinov2+dinov2_small+drlbp,
SoilOriginal,resmlp,2026,0,full,random_075,0.8853125564101813,0.9298245614035088,3,1872,1.5386673899993184,densenet121+drlbp+siglip_base,
SoilOriginal,resmlp,2026,0,full,random_076,0.8516238048635164,0.9122807017543859,3,2304,1.3382406840028125,efficientnet_b0+rgb_ngram_svd+vit_b16,
SoilOriginal,resmlp,2026,0,full,random_077,0.7777236005898018,0.8464912280701754,3,1488,0.8185747910029022,dinov2_large+dinov2_small+drlbp,
SoilOriginal,resmlp,2026,0,full,random_078,0.8042096144826555,0.8771929824561403,3,6244,1.710927478998201,deit_s+hog+vgg16,
SoilOriginal,resmlp,2026,0,full,random_079,0.8382369224349434,0.8991228070175439,3,5092,1.5029781900011585,efficientnet_b0+hog+resnet50,
SoilOriginal,resmlp,2026,0,full,random_080,0.8098999740304088,0.881578947368421,3,3092,1.5236834720053594,efficientnet_b0+gabor+hog,
SoilOriginal,resmlp,2026,0,full,random_081,0.7972939103123119,0.8552631578947368,3,4198,1.3105568520040833,gabor+lbp+vgg16,
SoilOriginal,resmlp,2026,0,full,random_082,0.8571278251267813,0.9122807017543859,3,2870,1.2623515890009003,eva02_base+lbp+resnet50,
SoilOriginal,resmlp,2026,0,full,random_083,0.8205668463515872,0.8859649122807017,3,5632,1.2628897009999491,convnext_v2_t+mae_base+vgg16,
SoilOriginal,resmlp,2026,0,full,random_084,0.8372326535446425,0.8991228070175439,3,1920,0.7220790130013484,dinov2_small+eva02_base+siglip_base,
SoilOriginal,resmlp,2026,0,full,random_085,0.8528602004513676,0.8859649122807017,3,3584,1.2763447559991619,resnet50+swin_t+vit_b16,
SoilOriginal,resmlp,2026,0,full,random_086,0.8677396330286423,0.9166666666666666,3,6628,0.7680148689978523,eva02_base+hog+vgg16,
SoilOriginal,resmlp,2026,0,full,random_087,0.8762389785144402,0.9254385964912281,3,4736,0.7322614090007846,dinov2_small+rgb_ngram_svd+vgg16,
SoilOriginal,resmlp,2026,0,full,random_088,0.8591525215050827,0.9122807017543859,3,3152,0.884357500995975,densenet121+drlbp+resnet101,
SoilOriginal,resmlp,2026,0,full,random_089,0.8253512629205771,0.8859649122807017,3,2128,0.7933026850005263,densenet121+dinov2_large+drlbp,
SoilOriginal,resmlp,2026,0,full,random_090,0.8318686631360989,0.8947368421052632,3,2560,0.8003070359991398,dinov2_large+swin_t+vit_b16,
SoilOriginal,resmlp,2026,0,full,random_091,0.84838182757226,0.9078947368421053,3,1554,1.059452246001456,glcm+siglip_base+swin_t,
SoilOriginal,resmlp,2026,0,full,random_092,0.8313181654148336,0.8903508771929824,3,2788,1.601494691996777,dinov2+hog+rgb_ngram_svd,
SoilOriginal,resmlp,2026,0,full,random_093,0.8377795460509878,0.8903508771929824,3,2066,1.2600320839992492,efficientnet_b0+glcm+vit_b16,
SoilOriginal,resmlp,2026,0,full,random_094,0.8465326486881376,0.8991228070175439,3,3376,1.1037764790016809,efficientnet_b0+gabor+resnet50,
SoilOriginal,resmlp,2026,0,full,random_095,0.859841948220525,0.9122807017543859,3,3584,1.3087563180015422,eva02_base+resnet101+vit_b16,
SoilOriginal,resmlp,2026,0,full,random_096,0.8470617461286949,0.9078947368421053,3,1920,1.0801246359988,convnext_v2_t+deit_s+dinov2,
SoilOriginal,resmlp,2026,0,full,random_097,0.8311740309498468,0.881578947368421,3,2304,1.3134318410011474,convnext_v2_t+mae_base+vit_b16,
SoilOriginal,resmlp,2026,0,full,random_098,0.8187247114651833,0.881578947368421,3,1360,0.8551941230034572,densenet121+drlbp+rgb_ngram_svd,
SoilOriginal,resmlp,2026,0,full,random_099,0.8038706369626906,0.8728070175438597,3,1616,1.342051061001257,drlbp+mae_base+swin_t,
SoilOriginal,resmlp,2026,1,full,random_000,0.8680439373210457,0.9210526315789473,4,5120,1.5280665230020531,dinov2+resnet101+resnet50+rgb_ngram_svd,
SoilOriginal,resmlp,2026,1,full,random_001,0.8347734219511839,0.8991228070175439,4,4250,1.503843942999083,dinov2_small+hog+lbp+resnet101,
SoilOriginal,resmlp,2026,1,full,random_002,0.8463406052076003,0.9035087719298246,4,3920,0.8974133380033891,dinov2_large+drlbp+eva02_base+resnet50,
SoilOriginal,resmlp,2026,1,full,random_003,0.8650561549388412,0.9166666666666666,4,2322,1.2088173779993667,efficientnet_b0+glcm+rgb_ngram_svd+vit_b16,
SoilOriginal,resmlp,2026,1,full,random_004,0.817946673209831,0.8903508771929824,4,3968,1.4740853209950728,deit_s+eva02_base+resnet101+swin_t,
SoilOriginal,resmlp,2026,1,full,random_005,0.7708968302644349,0.8771929824561403,4,3920,1.2499443289998453,densenet121+drlbp+eva02_base+resnet50,
SoilOriginal,resmlp,2026,1,full,random_006,0.8669006297157559,0.9166666666666666,4,6144,0.9194294579938287,efficientnet_b0+resnet101+resnet50+vit_b16,
SoilOriginal,resmlp,2026,1,full,random_007,0.8622696992000712,0.9078947368421053,4,2194,1.1446408580013667,deit_s+densenet121+dinov2+glcm,
SoilOriginal,resmlp,2026,1,full,random_008,0.784757249287279,0.881578947368421,4,2630,0.88502122600039,drlbp+glcm+hog+swin_t,
SoilOriginal,resmlp,2026,1,full,random_009,0.8273446066760723,0.8771929824561403,4,3092,0.8109451609998359,densenet121+gabor+hog+rgb_ngram_svd,
SoilOriginal,resmlp,2026,1,full,random_010,0.8715406904002027,0.9210526315789473,4,2096,1.211727031004557,densenet121+dinov2+gabor+rgb_ngram_svd,
SoilOriginal,resmlp,2026,1,full,random_011,0.8408452849741098,0.9035087719298246,4,3840,1.1912009739971836,densenet121+efficientnet_b0+eva02_base+siglip_base,
SoilOriginal,resmlp,2026,1,full,random_012,0.8387263309659669,0.8947368421052632,4,5888,0.9914161900014733,densenet121+resnet101+resnet50+swin_t,
SoilOriginal,resmlp,2026,1,full,random_013,0.8352388684711002,0.9078947368421053,4,5266,0.9402389509996283,deit_s+glcm+mae_base+vgg16,
SoilOriginal,resmlp,2026,1,full,random_014,0.8497092517100163,0.8903508771929824,4,2458,0.690853022999363,deit_s+hog+lbp+rgb_ngram_svd,
SoilOriginal,resmlp,2026,1,full,random_015,0.8476754302251234,0.9122807017543859,4,2304,0.795348246996582,convnext_v2_t+deit_s+dinov2_small+swin_t,
SoilOriginal,resmlp,2026,1,full,random_016,0.836316563513938,0.9122807017543859,4,2864,1.0799046239990275,densenet121+dinov2_large+gabor+siglip_base,
SoilOriginal,resmlp,2026,1,full,random_017,0.8683709847575394,0.9122807017543859,4,2944,0.9897496699995827,dinov2_large+dinov2_small+eva02_base+vit_b16,
SoilOriginal,resmlp,2026,1,full,random_018,0.844410722115749,0.8991228070175439,4,2560,0.7759201959997881,deit_s+drlbp+gabor+resnet50,
SoilOriginal,resmlp,2026,1,full,random_019,0.8547175546772714,0.9122807017543859,4,3664,1.5280581130064093,drlbp+efficientnet_b0+resnet50+rgb_ngram_svd,
SoilOriginal,resmlp,2026,1,full,random_020,0.8449322963099059,0.9122807017543859,4,5680,1.079544676002115,convnext_v2_t+gabor+swin_t+vgg16,
SoilOriginal,resmlp,2026,1,full,random_021,0.8673177193021386,0.9078947368421053,4,1968,1.5699392489987076,deit_s+eva02_base+gabor+siglip_base,
SoilOriginal,resmlp,2026,1,full,random_022,0.857305667097885,0.9166666666666666,4,3602,1.266921602000366,convnext_v2_t+glcm+resnet101+vit_b16,
SoilOriginal,resmlp,2026,1,full,random_023,0.8427293690355436,0.9078947368421053,4,3152,1.0713848219966167,dinov2_large+drlbp+efficientnet_b0+eva02_base,
SoilOriginal,resmlp,2026,1,full,random_024,0.8615746776164047,0.9166666666666666,4,3376,0.9718702429963741,dinov2_large+gabor+resnet50+rgb_ngram_svd,
SoilOriginal,resmlp,2026,1,full,random_025,0.8236699205919956,0.8903508771929824,4,2950,0.6538903629989363,drlbp+lbp+resnet101+vit_b16,
SoilOriginal,resmlp,2026,1,full,random_026,0.8505028633107452,0.9078947368421053,4,3636,1.045875055999204,dinov2_large+drlbp+eva02_base+hog,
SoilOriginal,resmlp,2026,1,full,random_027,0.8919681124289286,0.9210526315789473,4,3664,1.2453769909989205,drlbp+eva02_base+resnet50+vit_b16,
SoilOriginal,resmlp,2026,1,full,random_028,0.8898024587277522,0.9254385964912281,4,2688,0.8668668829996022,deit_s+siglip_base+swin_t+vit_b16,
SoilOriginal,resmlp,2026,1,full,random_029,0.8464861433215507,0.9078947368421053,4,7936,1.1485541009969893,densenet121+resnet101+vgg16+vit_b16,
SoilOriginal,resmlp,2026,1,full,random_030,0.878893913660144,0.9254385964912281,4,6912,1.3471731300014653,convnext_v2_t+efficientnet_b0+vgg16+vit_b16,
SoilOriginal,resmlp,2026,1,full,random_031,0.835140022918675,0.8859649122807017,4,2550,1.1249011760010035,deit_s+dinov2_small+glcm+hog,
SoilOriginal,resmlp,2026,1,full,random_032,0.8362258750160604,0.9035087719298246,4,2896,0.9200803410058143,dinov2+drlbp+efficientnet_b0+mae_base,
SoilOriginal,resmlp,2026,1,full,random_033,0.8225590015815374,0.881578947368421,4,5172,1.0750663349972456,drlbp+efficientnet_b0+hog+resnet101,
SoilOriginal,resmlp,2026,1,full,random_034,0.8812696570856912,0.9254385964912281,4,4790,1.2714516929991078,deit_s+lbp+rgb_ngram_svd+vgg16,
SoilOriginal,resmlp,2026,1,full,random_035,0.8685565795132925,0.9166666666666666,4,4352,0.7842569560016273,dinov2+mae_base+resnet50+vit_b16,
SoilOriginal,resmlp,2026,1,full,random_036,0.8842138466376436,0.9254385964912281,4,5504,0.9030106880018138,dinov2_large+dinov2_small+resnet101+resnet50,
SoilOriginal,resmlp,2026,1,full,random_037,0.8573317785785222,0.9035087719298246,4,3152,0.7411615399978473,densenet121+drlbp+efficientnet_b0+mae_base,
SoilOriginal,resmlp,2026,1,full,random_038,0.8413054976368942,0.8991228070175439,4,1938,0.8447055200012983,convnext_v2_t+deit_s+glcm+vit_b16,
SoilOriginal,resmlp,2026,1,full,random_039,0.845281225922534,0.9166666666666666,4,6528,1.2941201829962665,deit_s+efficientnet_b0+siglip_base+vgg16,
SoilOriginal,resmlp,2026,1,full,random_040,0.8770400301877299,0.9210526315789473,4,1608,1.2579020919947652,eva02_base+glcm+lbp+swin_t,
SoilOriginal,resmlp,2026,1,full,random_041,0.8644766151703811,0.9254385964912281,4,2608,0.8062007069966057,convnext_v2_t+dinov2_large+gabor+siglip_base,
SoilOriginal,resmlp,2026,1,full,random_042,0.8396087415916057,0.9166666666666666,4,2176,0.8242167770004016,dinov2+dinov2_small+rgb_ngram_svd+siglip_base,
SoilOriginal,resmlp,2026,1,full,random_043,0.8392257303776086,0.9122807017543859,4,7936,1.1963849410021794,dinov2_large+mae_base+resnet101+vgg16,
SoilOriginal,resmlp,2026,1,full,random_044,0.8448527736453434,0.9035087719298246,4,4176,0.674253712000791,drlbp+efficientnet_b0+resnet101+vit_b16,
SoilOriginal,resmlp,2026,1,full,random_045,0.8679362027579111,0.9078947368421053,4,3200,0.8553238079985022,deit_s+efficientnet_b0+eva02_base+mae_base,
SoilOriginal,resmlp,2026,1,full,random_046,0.7380874837990598,0.8333333333333334,4,2168,1.0444017379995785,gabor+glcm+lbp+resnet50,
SoilOriginal,resmlp,2026,1,full,random_047,0.8844771296115121,0.9298245614035088,4,5174,0.6278474400023697,lbp+rgb_ngram_svd+swin_t+vgg16,
SoilOriginal,resmlp,2026,1,full,random_048,0.8580335996534875,0.9166666666666666,4,5712,0.8715903509946656,drlbp+swin_t+vgg16+vit_b16,
SoilOriginal,resmlp,2026,1,full,random_049,0.8560189234878747,0.9078947368421053,4,4836,0.782729325001128,hog+resnet50+rgb_ngram_svd+swin_t,
SoilOriginal,resmlp,2026,1,full,random_050,0.8833988596124795,0.9166666666666666,4,3510,0.7526914750051219,deit_s+dinov2_large+lbp+resnet50,
SoilOriginal,resmlp,2026,1,full,random_051,0.8615296515426374,0.9210526315789473,4,4864,0.6763899069992476,densenet121+dinov2_large+resnet101+vit_b16,
SoilOriginal,resmlp,2026,1,full,random_052,0.8281518550320064,0.8947368421052632,4,2944,0.7145788749985513,drlbp+eva02_base+gabor+resnet50,
SoilOriginal,resmlp,2026,1,full,random_053,0.8838279742935243,0.9342105263157895,4,4096,1.1436731270005112,dinov2_large+eva02_base+resnet101+rgb_ngram_svd,
SoilOriginal,resmlp,2026,1,full,random_054,0.835003861165227,0.9035087719298246,4,4176,1.040318726998521,drlbp+efficientnet_b0+resnet50+siglip_base,
SoilOriginal,resmlp,2026,1,full,random_055,0.8154220532365601,0.9078947368421053,4,6656,1.348162210000737,dinov2+dinov2_large+eva02_base+vgg16,
SoilOriginal,resmlp,2026,1,full,random_056,0.875045827267733,0.9122807017543859,4,2194,0.8833799070052919,deit_s+dinov2_large+eva02_base+glcm,
SoilOriginal,resmlp,2026,1,full,random_057,0.8696565312718365,0.9166666666666666,4,3840,1.40671324700088,eva02_base+mae_base+resnet101+rgb_ngram_svd,
SoilOriginal,resmlp,2026,1,full,random_058,0.8820035764565407,0.9210526315789473,4,2000,1.2717368840021663,convnext_v2_t+dinov2_small+drlbp+siglip_base,
SoilOriginal,resmlp,2026,1,full,random_059,0.8604993419279133,0.9254385964912281,4,5174,1.3163611799973296,dinov2+lbp+rgb_ngram_svd+vgg16,
SoilOriginal,resmlp,2026,1,full,random_060,0.8818675787114325,0.9429824561403509,4,3584,0.9489502859942149,densenet121+dinov2_large+efficientnet_b0+rgb_ngram_svd,
SoilOriginal,resmlp,2026,1,full,random_061,0.8676559446895366,0.8947368421052632,4,2598,1.005099681999127,gabor+glcm+hog+vit_b16,
SoilOriginal,resmlp,2026,1,full,random_062,0.8607252551781978,0.9254385964912281,4,4096,0.9575063320007757,densenet121+dinov2_large+efficientnet_b0+mae_base,
SoilOriginal,resmlp,2026,1,full,random_063,0.8578350839441321,0.9122807017543859,4,5348,0.6869543290013098,dinov2+hog+resnet50+vit_b16,
SoilOriginal,resmlp,2026,1,full,random_064,0.7987506318454739,0.8903508771929824,4,1206,0.8605923290015198,dinov2_large+drlbp+gabor+lbp,
SoilOriginal,resmlp,2026,1,full,random_065,0.8871069367089905,0.9254385964912281,4,2128,0.8646008249997976,dinov2_large+drlbp+rgb_ngram_svd+vit_b16,
SoilOriginal,resmlp,2026,1,full,random_066,0.8695559361019322,0.9298245614035088,4,5168,0.8822696000061114,gabor+rgb_ngram_svd+siglip_base+vgg16,
SoilOriginal,resmlp,2026,1,full,random_067,0.8538748007603182,0.9122807017543859,4,1602,0.9159694340050919,dinov2+gabor+glcm+vit_b16,
SoilOriginal,resmlp,2026,1,full,random_068,0.8499162243354131,0.9122807017543859,4,4580,0.8342187510061194,convnext_v2_t+densenet121+dinov2_large+hog,
SoilOriginal,resmlp,2026,1,full,random_069,0.8569577315340028,0.9210526315789473,4,3328,1.2090088039985858,dinov2+dinov2_large+mae_base+vit_b16,
SoilOriginal,resmlp,2026,1,full,random_070,0.8211311549807124,0.8859649122807017,4,3610,1.3763902479986427,densenet121+hog+lbp+swin_t,
SoilOriginal,resmlp,2026,1,full,random_071,0.8215196983521443,0.8859649122807017,4,1096,1.0595618929946795,glcm+lbp+rgb_ngram_svd+siglip_base,
SoilOriginal,resmlp,2026,1,full,random_072,0.8546063245594221,0.9078947368421053,4,4352,1.3421245029967395,convnext_v2_t+eva02_base+resnet50+siglip_base,
SoilOriginal,resmlp,2026,1,full,random_073,0.8597846253125756,0.9210526315789473,4,2322,0.9477523360037594,efficientnet_b0+glcm+rgb_ngram_svd+swin_t,
SoilOriginal,resmlp,2026,1,full,random_074,0.8908336671574908,0.9254385964912281,4,2688,0.9816818769977544,deit_s+eva02_base+mae_base+vit_b16,
SoilOriginal,resmlp,2026,1,full,random_075,0.842018925650275,0.8947368421052632,4,1872,1.1368351209966931,drlbp+mae_base+rgb_ngram_svd+siglip_base,
SoilOriginal,resmlp,2026,1,full,random_076,0.8227432637979332,0.9035087719298246,4,3200,0.9428755010012537,convnext_v2_t+deit_s+dinov2+efficientnet_b0,
SoilOriginal,resmlp,2026,1,full,random_077,0.8114835498105436,0.8771929824561403,4,5604,0.9404671230004169,densenet121+hog+resnet50+swin_t,
SoilOriginal,resmlp,2026,1,full,random_078,0.8240623320026584,0.8991228070175439,4,6224,0.9992636020033387,drlbp+efficientnet_b0+swin_t+vgg16,
SoilOriginal,resmlp,2026,1,full,random_079,0.837098868844144,0.8947368421052632,4,1218,1.0273271379992366,deit_s+dinov2+gabor+glcm,
SoilOriginal,resmlp,2026,1,full,random_080,0.8815761587860339,0.9210526315789473,4,1872,1.258966170003987,drlbp+eva02_base+rgb_ngram_svd+vit_b16,
SoilOriginal,resmlp,2026,1,full,random_081,0.8605120288092232,0.9166666666666666,4,2640,0.9681083550021867,dinov2_large+drlbp+mae_base+vit_b16,
SoilOriginal,resmlp,2026,1,full,random_082,0.8557748056126011,0.9166666666666666,4,2120,1.1153874209994683,efficientnet_b0+glcm+lbp+siglip_base,
SoilOriginal,resmlp,2026,1,full,random_083,0.8608888539354097,0.9166666666666666,4,7140,1.066414207998605,densenet121+hog+rgb_ngram_svd+vgg16,
SoilOriginal,resmlp,2026,1,full,random_084,0.8633226712067261,0.9122807017543859,4,3968,1.2598981720002485,dinov2_small+resnet101+siglip_base+vit_b16,
SoilOriginal,resmlp,2026,1,full,random_085,0.8647274736813803,0.9078947368421053,4,1810,0.882633003006049,eva02_base+glcm+rgb_ngram_svd+siglip_base,
SoilOriginal,resmlp,2026,1,full,random_086,0.8618951864645699,0.9078947368421053,4,5120,0.8490210699965246,mae_base+resnet101+resnet50+rgb_ngram_svd,
SoilOriginal,resmlp,2026,1,full,random_087,0.8373928127716522,0.9166666666666666,4,4864,1.2816219870001078,densenet121+dinov2_large+resnet101+swin_t,
SoilOriginal,resmlp,2026,1,full,random_088,0.8686577842829382,0.9210526315789473,4,2834,0.6719650200029719,efficientnet_b0+eva02_base+glcm+vit_b16,
SoilOriginal,resmlp,2026,1,full,random_089,0.8355606225636688,0.9078947368421053,4,1890,1.0484443949972047,convnext_v2_t+dinov2_large+drlbp+glcm,
SoilOriginal,resmlp,2026,1,full,random_090,0.8640170459488534,0.9122807017543859,4,2376,1.1294617590028793,glcm+lbp+resnet101+rgb_ngram_svd,
SoilOriginal,resmlp,2026,1,full,random_091,0.8389234767352525,0.9035087719298246,4,1554,0.9709386989998166,deit_s+dinov2_small+glcm+vit_b16,
SoilOriginal,resmlp,2026,1,full,random_092,0.8283133943232466,0.9035087719298246,4,3300,0.8643176120021963,deit_s+dinov2_small+hog+swin_t,
SoilOriginal,resmlp,2026,1,full,random_093,0.858742925672091,0.9166666666666666,4,3940,0.7883084320055787,densenet121+dinov2_small+hog+swin_t,
SoilOriginal,resmlp,2026,1,full,random_094,0.8694264251924102,0.9166666666666666,4,3152,0.8121232240009704,convnext_v2_t+dinov2_large+drlbp+efficientnet_b0,
SoilOriginal,resmlp,2026,1,full,random_095,0.8592756838486596,0.8991228070175439,4,2224,1.2096354559980682,deit_s+densenet121+gabor+mae_base,
SoilOriginal,resmlp,2026,1,full,random_096,0.8344221837835073,0.9078947368421053,4,8192,0.9674115640009404,efficientnet_b0+resnet50+swin_t+vgg16,
SoilOriginal,resmlp,2026,1,full,random_097,0.8274759179822647,0.8947368421052632,4,2230,1.2748903819956467,densenet121+dinov2+dinov2_small+lbp,
SoilOriginal,resmlp,2026,1,full,random_098,0.8406219202837347,0.9166666666666666,4,4324,0.8257429510049406,convnext_v2_t+densenet121+hog+siglip_base,
SoilOriginal,resmlp,2026,1,full,random_099,0.836538250592091,0.9035087719298246,4,2614,1.9452767409966327,densenet121+eva02_base+lbp+mae_base,
SoilOriginal,resmlp,2026,2,full,random_000,0.8743751968766503,0.9210526315789473,7,9700,1.0336840989984921,densenet121+efficientnet_b0+hog+mae_base+resnet101+resnet50+vit_b16,
SoilOriginal,resmlp,2026,2,full,random_001,0.8310626844309343,0.8991228070175439,7,7828,1.0261815269986982,deit_s+gabor+hog+mae_base+resnet101+resnet50+siglip_base,
SoilOriginal,resmlp,2026,2,full,random_002,0.8973361287039034,0.9342105263157895,7,8272,0.7863129789984669,deit_s+densenet121+dinov2_small+drlbp+resnet50+rgb_ngram_svd+vgg16,
SoilOriginal,resmlp,2026,2,full,random_003,0.8952723903418758,0.9298245614035088,7,9572,0.7696216309996089,dinov2+dinov2_large+dinov2_small+hog+siglip_base+vgg16+vit_b16,
SoilOriginal,resmlp,2026,2,full,random_004,0.8769476612272885,0.9210526315789473,7,5248,1.0796491729997797,convnext_v2_t+drlbp+efficientnet_b0+gabor+mae_base+resnet101+rgb_ngram_svd,
SoilOriginal,resmlp,2026,2,full,random_005,0.8862079784892014,0.9254385964912281,7,5986,1.0406156919998466,densenet121+drlbp+efficientnet_b0+eva02_base+glcm+resnet101+swin_t,
SoilOriginal,resmlp,2026,2,full,random_006,0.8628067811891341,0.9210526315789473,7,3906,1.4313138329962385,deit_s+dinov2_small+gabor+glcm+resnet101+rgb_ngram_svd+swin_t,
SoilOriginal,resmlp,2026,2,full,random_007,0.8837582622758718,0.9298245614035088,7,5760,1.2298861689996556,convnext_v2_t+dinov2_large+dinov2_small+efficientnet_b0+eva02_base+siglip_base+swin_t,
SoilOriginal,resmlp,2026,2,full,random_008,0.890087452593589,0.9385964912280702,7,6710,1.3918239689955954,deit_s+dinov2_small+lbp+rgb_ngram_svd+siglip_base+vgg16+vit_b16,
SoilOriginal,resmlp,2026,2,full,random_009,0.8801383713702816,0.9254385964912281,7,6034,1.4199247130018193,dinov2+dinov2_small+efficientnet_b0+eva02_base+glcm+mae_base+resnet50,
SoilOriginal,resmlp,2026,2,full,random_010,0.8782867221227076,0.9210526315789473,7,3090,0.8565849739970872,convnext_v2_t+deit_s+dinov2_large+drlbp+gabor+glcm+vit_b16,
SoilOriginal,resmlp,2026,2,full,random_011,0.8897420952086295,0.9254385964912281,7,4944,0.7107179489976261,convnext_v2_t+densenet121+dinov2+drlbp+efficientnet_b0+rgb_ngram_svd+siglip_base,
SoilOriginal,resmlp,2026,2,full,random_012,0.8552026581082653,0.9122807017543859,7,6426,1.0515744399963296,deit_s+dinov2+dinov2_large+dinov2_small+hog+lbp+resnet50,
SoilOriginal,resmlp,2026,2,full,random_013,0.8804577226385578,0.9210526315789473,7,6992,1.2310791609997978,deit_s+densenet121+dinov2_small+drlbp+rgb_ngram_svd+swin_t+vgg16,
SoilOriginal,resmlp,2026,2,full,random_014,0.885083379965765,0.9210526315789473,7,7856,1.1968375159995048,convnext_v2_t+dinov2_large+dinov2_small+eva02_base+gabor+siglip_base+vgg16,
SoilOriginal,resmlp,2026,2,full,random_015,0.8834031243600385,0.9342105263157895,7,6448,0.5999804000020958,densenet121+dinov2_large+gabor+mae_base+resnet101+siglip_base+swin_t,
SoilOriginal,resmlp,2026,2,full,random_016,0.8779514603789966,0.9254385964912281,7,8960,1.4671669079980347,deit_s+dinov2_large+dinov2_small+mae_base+resnet50+rgb_ngram_svd+vgg16,
SoilOriginal,resmlp,2026,2,full,random_017,0.857120038673794,0.9122807017543859,7,5840,0.737491540996416,deit_s+densenet121+drlbp+mae_base+resnet101+siglip_base+swin_t,
SoilOriginal,resmlp,2026,2,full,random_018,0.8552071046042427,0.9122807017543859,7,5186,0.8745810110049206,dinov2+gabor+glcm+mae_base+resnet50+siglip_base+vit_b16,
SoilOriginal,resmlp,2026,2,full,random_019,0.870418541258011,0.9210526315789473,7,5584,1.1497142139996868,densenet121+dinov2_large+dinov2_small+drlbp+resnet50+rgb_ngram_svd+vit_b16,
SoilOriginal,resmlp,2026,2,full,random_020,0.840016327082968,0.9166666666666666,7,5046,1.3701975730000413,deit_s+eva02_base+lbp+mae_base+resnet50+rgb_ngram_svd+vit_b16,
SoilOriginal,resmlp,2026,2,full,random_021,0.8689642337771345,0.9210526315789473,7,4498,1.4246562539992738,dinov2+drlbp+gabor+glcm+resnet50+siglip_base+vit_b16,
SoilOriginal,resmlp,2026,2,full,random_022,0.8718266539006264,0.9298245614035088,7,4498,1.2200475920035387,deit_s+dinov2_large+eva02_base+glcm+mae_base+siglip_base+vit_b16,
SoilOriginal,resmlp,2026,2,full,random_023,0.8601995586535743,0.9122807017543859,7,5010,0.9926991350002936,dinov2_small+eva02_base+glcm+mae_base+resnet50+rgb_ngram_svd+vit_b16,
SoilOriginal,resmlp,2026,2,full,random_024,0.8670631687075566,0.9078947368421053,7,7040,1.0265097459996468,convnext_v2_t+densenet121+dinov2_small+efficientnet_b0+mae_base+resnet101+siglip_base,
SoilOriginal,resmlp,2026,2,full,random_025,0.844982097026198,0.9078947368421053,7,6956,0.9842099849993247,densenet121+efficientnet_b0+glcm+hog+lbp+resnet101+vit_b16,
SoilOriginal,resmlp,2026,2,full,random_026,0.8758478372492645,0.9254385964912281,7,6506,1.4874400730041089,densenet121+drlbp+hog+lbp+mae_base+resnet50+siglip_base,
SoilOriginal,resmlp,2026,2,full,random_027,0.838566682910044,0.9122807017543859,7,9846,1.1530435120002949,convnext_v2_t+dinov2_small+eva02_base+glcm+hog+resnet101+vgg16,
SoilOriginal,resmlp,2026,2,full,random_028,0.8888968137229944,0.9298245614035088,7,6006,1.2399940899995272,dinov2_large+dinov2_small+efficientnet_b0+eva02_base+glcm+hog+vit_b16,
SoilOriginal,resmlp,2026,2,full,random_029,0.8647521597447321,0.9035087719298246,7,5808,0.8210828970040893,convnext_v2_t+deit_s+densenet121+gabor+mae_base+resnet50+vit_b16,
SoilOriginal,resmlp,2026,2,full,random_030,0.8702906122821241,0.9210526315789473,7,3522,0.7640359209981398,deit_s+eva02_base+gabor+glcm+siglip_base+swin_t+vit_b16,
SoilOriginal,resmlp,2026,2,full,random_031,0.8991418114217794,0.9385964912280702,7,8082,1.2101667249953607,deit_s+dinov2+efficientnet_b0+glcm+mae_base+siglip_base+vgg16,
SoilOriginal,resmlp,2026,2,full,random_032,0.8752341307934886,0.9166666666666666,7,8320,0.8999874250002904,deit_s+dinov2_large+efficientnet_b0+mae_base+resnet101+resnet50+swin_t,
SoilOriginal,resmlp,2026,2,full,random_033,0.8652162288318525,0.9078947368421053,7,6454,1.2193992839966086,convnext_v2_t+efficientnet_b0+lbp+mae_base+resnet101+siglip_base+swin_t,
SoilOriginal,resmlp,2026,2,full,random_034,0.872721819524145,0.9166666666666666,7,7350,0.9128287290004664,deit_s+densenet121+lbp+rgb_ngram_svd+swin_t+vgg16+vit_b16,
SoilOriginal,resmlp,2026,2,full,random_035,0.8607146164948659,0.9122807017543859,7,4788,1.7628365529963048,dinov2+dinov2_small+drlbp+hog+mae_base+rgb_ngram_svd+siglip_base,
SoilOriginal,resmlp,2026,2,full,random_036,0.8644669392528536,0.9078947368421053,7,4560,0.9602027379951323,convnext_v2_t+deit_s+densenet121+drlbp+mae_base+siglip_base+swin_t,
SoilOriginal,resmlp,2026,2,full,random_037,0.8805012710732679,0.9254385964912281,7,4400,0.8761356329996488,dinov2_large+eva02_base+gabor+mae_base+rgb_ngram_svd+siglip_base+vit_b16,
SoilOriginal,resmlp,2026,2,full,random_038,0.8627947323425514,0.9210526315789473,7,9136,1.0065096559992526,deit_s+dinov2+dinov2_large+gabor+resnet50+siglip_base+vgg16,
SoilOriginal,resmlp,2026,2,full,random_039,0.8792278213422644,0.9254385964912281,7,7908,1.4764311660037492,deit_s+dinov2+drlbp+gabor+hog+siglip_base+vgg16,
SoilOriginal,resmlp,2026,2,full,random_040,0.8510130821304883,0.9166666666666666,7,4296,1.317370860997471,deit_s+dinov2+glcm+lbp+resnet50+rgb_ngram_svd+siglip_base,
SoilOriginal,resmlp,2026,2,full,random_041,0.8921522491967205,0.9298245614035088,7,3712,1.3215766540015466,convnext_v2_t+densenet121+drlbp+eva02_base+gabor+mae_base+rgb_ngram_svd,
SoilOriginal,resmlp,2026,2,full,random_042,0.8702617454512384,0.9254385964912281,7,4358,0.6178332199997385,convnext_v2_t+deit_s+drlbp+eva02_base+lbp+resnet50+rgb_ngram_svd,
SoilOriginal,resmlp,2026,2,full,random_043,0.8818230399422875,0.9254385964912281,7,5222,0.6842685649971827,convnext_v2_t+dinov2+eva02_base+gabor+lbp+resnet101+swin_t,
SoilOriginal,resmlp,2026,2,full,random_044,0.8830551628408758,0.9254385964912281,7,4418,0.9973871050024172,efficientnet_b0+eva02_base+gabor+glcm+siglip_base+swin_t+vit_b16,
SoilOriginal,resmlp,2026,2,full,random_045,0.8533932396825292,0.9166666666666666,7,7990,0.8346966769968276,convnext_v2_t+eva02_base+lbp+siglip_base+swin_t+vgg16+vit_b16,
SoilOriginal,resmlp,2026,2,full,random_046,0.860341470418474,0.9078947368421053,7,4736,0.7491643320026924,convnext_v2_t+deit_s+densenet121+mae_base+rgb_ngram_svd+swin_t+vit_b16,
SoilOriginal,resmlp,2026,2,full,random_047,0.8538918495556768,0.9122807017543859,7,5192,0.6988116959983017,efficientnet_b0+glcm+lbp+resnet50+rgb_ngram_svd+siglip_base+vit_b16,
SoilOriginal,resmlp,2026,2,full,random_048,0.8390570091810082,0.9035087719298246,7,5712,1.1377485400007572,deit_s+dinov2_small+drlbp+efficientnet_b0+eva02_base+resnet101+swin_t,
SoilOriginal,resmlp,2026,2,full,random_049,0.8829658803092386,0.9210526315789473,7,7472,1.3330823950018384,convnext_v2_t+dinov2_large+gabor+mae_base+resnet101+resnet50+vit_b16,
SoilOriginal,resmlp,2026,2,full,random_050,0.8876078970607216,0.9254385964912281,7,4918,1.108247054995445,dinov2+dinov2_large+efficientnet_b0+eva02_base+lbp+rgb_ngram_svd+vit_b16,
SoilOriginal,resmlp,2026,2,full,random_051,0.8848686757544267,0.9254385964912281,7,9578,1.6730899190006312,dinov2+drlbp+hog+lbp+resnet50+vgg16+vit_b16,
SoilOriginal,resmlp,2026,2,full,random_052,0.8819428351342214,0.9166666666666666,7,3090,0.7073654049963807,dinov2+dinov2_large+dinov2_small+drlbp+gabor+glcm+vit_b16,
SoilOriginal,resmlp,2026,2,full,random_053,0.8756517627509387,0.9254385964912281,7,6466,1.0927758059988264,deit_s+dinov2_small+eva02_base+gabor+glcm+mae_base+vgg16,
SoilOriginal,resmlp,2026,2,full,random_054,0.8621060445138966,0.9035087719298246,7,8390,1.3414298739953665,convnext_v2_t+deit_s+drlbp+efficientnet_b0+glcm+hog+vgg16,
SoilOriginal,resmlp,2026,2,full,random_055,0.8795983881768195,0.9298245614035088,7,5414,0.8826004639995517,densenet121+dinov2_large+gabor+glcm+hog+mae_base+vit_b16,
SoilOriginal,resmlp,2026,2,full,random_056,0.8733886465661416,0.9122807017543859,7,7058,1.083660582997254,dinov2_small+glcm+mae_base+rgb_ngram_svd+siglip_base+vgg16+vit_b16,
SoilOriginal,resmlp,2026,2,full,random_057,0.9086483606695758,0.9429824561403509,7,3784,0.6798331870013499,dinov2_large+dinov2_small+eva02_base+glcm+lbp+siglip_base+swin_t,
SoilOriginal,resmlp,2026,2,full,random_058,0.8542045526163505,0.9254385964912281,7,11008,1.0852889259986114,dinov2_large+mae_base+resnet101+resnet50+rgb_ngram_svd+siglip_base+vgg16,
SoilOriginal,resmlp,2026,2,full,random_059,0.8871504488035189,0.9254385964912281,7,7430,1.1685038860014174,convnext_v2_t+dinov2_small+drlbp+efficientnet_b0+eva02_base+lbp+vgg16,
SoilOriginal,resmlp,2026,2,full,random_060,0.8369962993928242,0.8947368421052632,7,6400,0.7299290779992589,convnext_v2_t+deit_s+dinov2_small+efficientnet_b0+resnet50+swin_t+vit_b16,
SoilOriginal,resmlp,2026,2,full,random_061,0.8408860172498993,0.8947368421052632,7,6656,0.8668780090010841,deit_s+densenet121+dinov2+dinov2_small+efficientnet_b0+eva02_base+resnet101,
SoilOriginal,resmlp,2026,2,full,random_062,0.8682259171858385,0.9166666666666666,7,3448,0.8488510759998462,densenet121+dinov2+gabor+glcm+lbp+swin_t+vit_b16,
SoilOriginal,resmlp,2026,2,full,random_063,0.8681638726210521,0.9122807017543859,7,7270,0.8771656399985659,densenet121+efficientnet_b0+gabor+lbp+resnet101+resnet50+vit_b16,
SoilOriginal,resmlp,2026,2,full,random_064,0.8742030590176842,0.9254385964912281,7,6406,0.8583064030026435,convnext_v2_t+dinov2_small+drlbp+lbp+rgb_ngram_svd+swin_t+vgg16,
SoilOriginal,resmlp,2026,2,full,random_065,0.862524284370168,0.9166666666666666,7,3986,0.7190268280028249,convnext_v2_t+deit_s+densenet121+dinov2+glcm+rgb_ngram_svd+siglip_base,
SoilOriginal,resmlp,2026,2,full,random_066,0.8265125731792399,0.8991228070175439,7,10596,1.167311425000662,convnext_v2_t+dinov2+dinov2_small+hog+resnet50+swin_t+vgg16,
SoilOriginal,resmlp,2026,2,full,random_067,0.8453941840227355,0.9035087719298246,7,6932,1.124178646998189,dinov2+eva02_base+gabor+hog+mae_base+resnet101+vit_b16,
SoilOriginal,resmlp,2026,2,full,random_068,0.8836625099571621,0.9254385964912281,7,6192,0.6458613489958225,densenet121+efficientnet_b0+gabor+mae_base+resnet101+rgb_ngram_svd+siglip_base,
SoilOriginal,resmlp,2026,2,full,random_069,0.8734089421164252,0.9254385964912281,7,5632,0.6866478699957952,convnext_v2_t+dinov2_large+efficientnet_b0+eva02_base+rgb_ngram_svd+swin_t+vit_b16,
SoilOriginal,resmlp,2026,2,full,random_070,0.8658820447129303,0.9166666666666666,7,7018,1.0145604060016922,dinov2_large+drlbp+efficientnet_b0+hog+lbp+resnet101+siglip_base,
SoilOriginal,resmlp,2026,2,full,random_071,0.8671425617037032,0.9210526315789473,7,8064,0.8736784020002233,deit_s+dinov2+efficientnet_b0+eva02_base+resnet101+resnet50+vit_b16,
SoilOriginal,resmlp,2026,2,full,random_072,0.8978965600914842,0.9385964912280702,7,9142,1.2945498420012882,deit_s+dinov2_large+efficientnet_b0+lbp+resnet50+rgb_ngram_svd+vgg16,
SoilOriginal,resmlp,2026,2,full,random_073,0.8647568596635496,0.9078947368421053,7,7878,1.5689642629949958,dinov2_small+drlbp+glcm+hog+swin_t+vgg16+vit_b16,
SoilOriginal,resmlp,2026,2,full,random_074,0.8630111658667275,0.9166666666666666,7,5296,0.7322609080001712,convnext_v2_t+dinov2_large+dinov2_small+gabor+mae_base+resnet50+rgb_ngram_svd,
SoilOriginal,resmlp,2026,2,full,random_075,0.8696970508157353,0.9078947368421053,7,9132,0.7569216420015437,deit_s+glcm+hog+lbp+resnet50+vgg16+vit_b16,
SoilOriginal,resmlp,2026,2,full,random_076,0.856353396557768,0.9078947368421053,7,5192,1.2484003479985404,convnext_v2_t+dinov2+eva02_base+glcm+lbp+resnet50+siglip_base,
SoilOriginal,resmlp,2026,2,full,random_077,0.8965985964928265,0.9298245614035088,7,10496,1.0500657899974613,densenet121+dinov2_large+mae_base+resnet50+siglip_base+vgg16+vit_b16,
SoilOriginal,resmlp,2026,2,full,random_078,0.859499072266271,0.9210526315789473,7,6804,1.0223841999977594,deit_s+densenet121+dinov2+eva02_base+gabor+hog+resnet101,
SoilOriginal,resmlp,2026,2,full,random_079,0.8569935050743378,0.9078947368421053,7,6390,1.4732201949955197,densenet121+efficientnet_b0+glcm+hog+mae_base+siglip_base+vit_b16,
SoilOriginal,resmlp,2026,2,full,random_080,0.8626547246955409,0.9122807017543859,7,4242,1.1223100670031272,convnext_v2_t+deit_s+eva02_base+glcm+mae_base+swin_t+vit_b16,
SoilOriginal,resmlp,2026,2,full,random_081,0.8932159026268011,0.9385964912280702,7,8246,1.323874521003745,convnext_v2_t+dinov2_large+eva02_base+lbp+mae_base+swin_t+vgg16,
SoilOriginal,resmlp,2026,2,full,random_082,0.8557145413078174,0.8947368421052632,7,5808,0.7303410029999213,convnext_v2_t+deit_s+densenet121+gabor+resnet50+siglip_base+swin_t,
SoilOriginal,resmlp,2026,2,full,random_083,0.8848927926486387,0.9298245614035088,7,8112,0.7637335930048721,convnext_v2_t+deit_s+densenet121+dinov2_large+gabor+vgg16+vit_b16,
SoilOriginal,resmlp,2026,2,full,random_084,0.9189023269679852,0.9385964912280702,7,2632,0.760798260998854,dinov2_small+drlbp+efficientnet_b0+eva02_base+gabor+glcm+lbp,
SoilOriginal,resmlp,2026,2,full,random_085,0.8866354213611718,0.9298245614035088,7,7314,1.0359111340003437,dinov2_small+efficientnet_b0+eva02_base+glcm+resnet101+resnet50+vit_b16,
SoilOriginal,resmlp,2026,2,full,random_086,0.8646017828532608,0.9166666666666666,7,8420,1.2020180350009468,dinov2+dinov2_large+efficientnet_b0+hog+resnet50+swin_t+vit_b16,
SoilOriginal,resmlp,2026,2,full,random_087,0.8702929852159725,0.9254385964912281,7,3584,0.7189749389945064,convnext_v2_t+dinov2+dinov2_small+drlbp+gabor+mae_base+swin_t,
SoilOriginal,resmlp,2026,2,full,random_088,0.8915229358778118,0.9342105263157895,7,5778,1.2069605040014721,dinov2_large+dinov2_small+eva02_base+glcm+mae_base+resnet50+vit_b16,
SoilOriginal,resmlp,2026,2,full,random_089,0.890081418063745,0.9298245614035088,7,9296,0.6937868720051483,convnext_v2_t+drlbp+resnet101+siglip_base+swin_t+vgg16+vit_b16,
SoilOriginal,resmlp,2026,2,full,random_090,0.8431098466392584,0.9078947368421053,7,9856,1.149745124996116,deit_s+dinov2+dinov2_large+mae_base+resnet50+siglip_base+vgg16,
SoilOriginal,resmlp,2026,2,full,random_091,0.8787730707484865,0.9166666666666666,7,6850,1.1345226479970734,convnext_v2_t+dinov2_small+gabor+glcm+siglip_base+vgg16+vit_b16,
SoilOriginal,resmlp,2026,2,full,random_092,0.879504588342089,0.9210526315789473,7,7174,1.3797236239988706,densenet121+dinov2+dinov2_small+drlbp+eva02_base+lbp+vgg16,
SoilOriginal,resmlp,2026,2,full,random_093,0.8889804630410794,0.9210526315789473,7,6804,1.1655828440052574,deit_s+densenet121+gabor+hog+mae_base+resnet50+vit_b16,
SoilOriginal,resmlp,2026,2,full,random_094,0.8621097494451654,0.9254385964912281,7,6528,0.7236746569979005,densenet121+dinov2_small+efficientnet_b0+resnet50+rgb_ngram_svd+swin_t+vit_b16,
SoilOriginal,resmlp,2026,2,full,random_095,0.8666148498897759,0.9122807017543859,7,4102,0.8752700420009205,convnext_v2_t+deit_s+drlbp+efficientnet_b0+eva02_base+lbp+vit_b16,
SoilOriginal,resmlp,2026,2,full,random_096,0.8776314320733862,0.9298245614035088,7,6448,0.7573159859966836,convnext_v2_t+densenet121+dinov2+dinov2_large+gabor+resnet50+swin_t,
SoilOriginal,resmlp,2026,2,full,random_097,0.8513234417641299,0.9122807017543859,7,7878,1.4018601499992656,dinov2_small+drlbp+glcm+hog+mae_base+siglip_base+vgg16,
SoilOriginal,resmlp,2026,2,full,random_098,0.854015402376756,0.9035087719298246,7,5712,0.9501051210027072,convnext_v2_t+deit_s+dinov2_small+drlbp+efficientnet_b0+resnet50+swin_t,
SoilOriginal,resmlp,2026,2,full,random_099,0.8610903497610282,0.9210526315789473,7,7106,1.5382595749979373,deit_s+dinov2_large+gabor+glcm+mae_base+siglip_base+vgg16,
SoilOriginal,resmlp,2026,3,full,random_000,0.8578367078838445,0.8991228070175439,6,2040,0.8149309189975611,deit_s+gabor+glcm+lbp+mae_base+siglip_base,
SoilOriginal,resmlp,2026,3,full,random_001,0.8289534025429907,0.8771929824561403,6,7650,0.8355408220013487,dinov2_large+dinov2_small+drlbp+glcm+resnet101+vgg16,
SoilOriginal,resmlp,2026,3,full,random_002,0.8759256796612475,0.9078947368421053,6,4918,0.5469648799989955,deit_s+drlbp+gabor+lbp+rgb_ngram_svd+vgg16,
SoilOriginal,resmlp,2026,3,full,random_003,0.8365893365893367,0.8859649122807017,6,8694,0.724979559003259,dinov2+efficientnet_b0+glcm+hog+vgg16+vit_b16,
SoilOriginal,resmlp,2026,3,full,random_004,0.8085505599392396,0.8596491228070176,6,4732,0.626454150005884,drlbp+glcm+hog+lbp+resnet101+swin_t,
SoilOriginal,resmlp,2026,3,full,random_005,0.9002765178237977,0.9254385964912281,6,3664,0.6873245739989216,convnext_v2_t+densenet121+dinov2+drlbp+eva02_base+rgb_ngram_svd,
SoilOriginal,resmlp,2026,3,full,random_006,0.8907981575401079,0.9166666666666666,6,4784,0.5542662399966503,convnext_v2_t+deit_s+gabor+resnet50+siglip_base+swin_t,
SoilOriginal,resmlp,2026,3,full,random_007,0.9022805622151856,0.9210526315789473,6,3254,0.9557837019965518,deit_s+densenet121+dinov2+lbp+mae_base+rgb_ngram_svd,
SoilOriginal,resmlp,2026,3,full,random_008,0.8907876095120414,0.9210526315789473,6,9316,1.1517678730015177,convnext_v2_t+dinov2_small+hog+resnet101+rgb_ngram_svd+vgg16,
SoilOriginal,resmlp,2026,3,full,random_009,0.8565105210760044,0.8991228070175439,6,7698,1.1336837010021554,convnext_v2_t+efficientnet_b0+glcm+siglip_base+vgg16+vit_b16,
SoilOriginal,resmlp,2026,3,full,random_010,0.8638593360486585,0.9035087719298246,6,7396,0.8355628619974595,densenet121+dinov2_large+eva02_base+hog+resnet101+swin_t,
SoilOriginal,resmlp,2026,3,full,random_011,0.9044398523297383,0.9342105263157895,6,4580,0.7103181200000108,dinov2_small+drlbp+gabor+hog+resnet101+rgb_ngram_svd,
SoilOriginal,resmlp,2026,3,full,random_012,0.8806345785031472,0.9078947368421053,6,9108,0.7442962080021971,deit_s+gabor+hog+resnet50+siglip_base+vgg16,
SoilOriginal,resmlp,2026,3,full,random_013,0.8288099004447397,0.8859649122807017,6,5702,0.7967262509991997,dinov2_large+drlbp+glcm+hog+mae_base+resnet101,
SoilOriginal,resmlp,2026,3,full,random_014,0.8545483185506161,0.9035087719298246,6,7700,1.3459120870029437,convnext_v2_t+gabor+hog+rgb_ngram_svd+swin_t+vgg16,
SoilOriginal,resmlp,2026,3,full,random_015,0.8550668325497783,0.8991228070175439,6,8448,0.9636978449998423,convnext_v2_t+dinov2+efficientnet_b0+eva02_base+swin_t+vgg16,
SoilOriginal,resmlp,2026,3,full,random_016,0.8860902247311868,0.9122807017543859,6,9728,1.4021443940000609,convnext_v2_t+efficientnet_b0+eva02_base+mae_base+resnet50+vgg16,
SoilOriginal,resmlp,2026,3,full,random_017,0.9053507415161551,0.9298245614035088,6,8016,1.3795840160018997,drlbp+mae_base+resnet101+rgb_ngram_svd+siglip_base+vgg16,
SoilOriginal,resmlp,2026,3,full,random_018,0.8872352725172165,0.9122807017543859,6,5220,1.0031359900021926,convnext_v2_t+dinov2_small+eva02_base+hog+swin_t+vit_b16,
SoilOriginal,resmlp,2026,3,full,random_019,0.88077928656956,0.9078947368421053,6,5186,1.3915250900026876,dinov2_large+efficientnet_b0+eva02_base+gabor+glcm+resnet101,
SoilOriginal,resmlp,2026,3,full,random_020,0.8469317796108318,0.8903508771929824,6,7266,0.9936641919994145,dinov2_large+drlbp+efficientnet_b0+glcm+swin_t+vgg16,
SoilOriginal,resmlp,2026,3,full,random_021,0.8962521076806792,0.9254385964912281,6,5220,1.2033504860009998,dinov2_small+efficientnet_b0+hog+mae_base+rgb_ngram_svd+swin_t,
SoilOriginal,resmlp,2026,3,full,random_022,0.8510313248532041,0.8903508771929824,6,4742,0.6878104440038442,convnext_v2_t+dinov2_large+drlbp+lbp+resnet101+vit_b16,
SoilOriginal,resmlp,2026,3,full,random_023,0.9188719275482056,0.9342105263157895,6,6884,1.413423097001214,efficientnet_b0+hog+resnet50+rgb_ngram_svd+siglip_base+vit_b16,
SoilOriginal,resmlp,2026,3,full,random_024,0.9064380655995563,0.9298245614035088,6,2120,0.5952383449985064,deit_s+densenet121+dinov2_small+glcm+lbp+rgb_ngram_svd,
SoilOriginal,resmlp,2026,3,full,random_025,0.9078430494147206,0.9254385964912281,6,3382,0.8876677110019955,convnext_v2_t+eva02_base+lbp+mae_base+rgb_ngram_svd+swin_t,
SoilOriginal,resmlp,2026,3,full,random_026,0.9079650291869129,0.9254385964912281,6,4656,0.9728378820000216,eva02_base+gabor+mae_base+resnet101+rgb_ngram_svd+siglip_base,
SoilOriginal,resmlp,2026,3,full,random_027,0.8813978381484101,0.9122807017543859,6,2102,0.7347399589998531,convnext_v2_t+deit_s+drlbp+gabor+lbp+siglip_base,
SoilOriginal,resmlp,2026,3,full,random_028,0.8415909536812737,0.8859649122807017,6,7010,0.789139674998296,deit_s+dinov2_small+drlbp+glcm+resnet101+vgg16,
SoilOriginal,resmlp,2026,3,full,random_029,0.8796208264035146,0.9122807017543859,6,4754,1.4560766520007746,dinov2_small+glcm+resnet50+siglip_base+swin_t+vit_b16,
SoilOriginal,resmlp,2026,3,full,random_030,0.8828863170990537,0.9210526315789473,6,6326,1.1813322119996883,dinov2_small+lbp+mae_base+rgb_ngram_svd+siglip_base+vgg16,
SoilOriginal,resmlp,2026,3,full,random_031,0.8583401679770419,0.8903508771929824,6,9270,1.401205686997855,densenet121+efficientnet_b0+lbp+resnet50+vgg16+vit_b16,
SoilOriginal,resmlp,2026,3,full,random_032,0.8667560572574063,0.9035087719298246,6,4784,1.1809220319992164,convnext_v2_t+dinov2_small+eva02_base+gabor+mae_base+resnet101,
SoilOriginal,resmlp,2026,3,full,random_033,0.8786984507405723,0.9078947368421053,6,4816,1.094980531001056,convnext_v2_t+dinov2_small+drlbp+eva02_base+resnet101+swin_t,
SoilOriginal,resmlp,2026,3,full,random_034,0.8908241749802139,0.9166666666666666,6,4404,0.8655766640004003,convnext_v2_t+dinov2+drlbp+hog+rgb_ngram_svd+swin_t,
SoilOriginal,resmlp,2026,3,full,random_035,0.8534588800369971,0.8947368421052632,6,7724,1.0067672090008273,densenet121+glcm+hog+lbp+siglip_base+vgg16,
SoilOriginal,resmlp,2026,3,full,random_036,0.8487113945089446,0.8947368421052632,6,6608,0.5733428300009109,dinov2_small+drlbp+efficientnet_b0+mae_base+resnet101+resnet50,
SoilOriginal,resmlp,2026,3,full,random_037,0.9260474420921411,0.9342105263157895,6,3974,1.7325902980010142,drlbp+lbp+mae_base+resnet50+rgb_ngram_svd+swin_t,
SoilOriginal,resmlp,2026,3,full,random_038,0.8687149912550369,0.8991228070175439,6,8474,1.2919028449978214,dinov2_large+eva02_base+hog+lbp+swin_t+vgg16,
SoilOriginal,resmlp,2026,3,full,random_039,0.8204336695087909,0.881578947368421,6,4296,0.9356350669986568,dinov2_large+dinov2_small+glcm+lbp+mae_base+resnet101,
SoilOriginal,resmlp,2026,3,full,random_040,0.8189779643611884,0.8728070175438597,6,10468,1.2851332620048197,dinov2+dinov2_large+hog+resnet101+vgg16+vit_b16,
SoilOriginal,resmlp,2026,3,full,random_041,0.8891058924035213,0.9122807017543859,6,4176,1.134270907001337,convnext_v2_t+dinov2+dinov2_large+drlbp+efficientnet_b0+rgb_ngram_svd,
SoilOriginal,resmlp,2026,3,full,random_042,0.8694921280417359,0.9078947368421053,6,5812,0.6693090929984464,deit_s+drlbp+eva02_base+hog+mae_base+resnet50,
SoilOriginal,resmlp,2026,3,full,random_043,0.8356088053596917,0.881578947368421,6,4706,0.7761030410038074,dinov2+dinov2_large+drlbp+glcm+resnet101+siglip_base,
SoilOriginal,resmlp,2026,3,full,random_044,0.8326842622518578,0.881578947368421,6,7990,1.0198992980003823,convnext_v2_t+densenet121+efficientnet_b0+lbp+mae_base+vgg16,
SoilOriginal,resmlp,2026,3,full,random_045,0.8556293782213444,0.9035087719298246,6,5638,1.3139216589988791,deit_s+drlbp+lbp+rgb_ngram_svd+vgg16+vit_b16,
SoilOriginal,resmlp,2026,3,full,random_046,0.864165156454004,0.9035087719298246,6,6472,1.2341941359991324,convnext_v2_t+glcm+lbp+mae_base+siglip_base+vgg16,
SoilOriginal,resmlp,2026,3,full,random_047,0.8845790814320728,0.9166666666666666,6,2040,0.826992013004201,convnext_v2_t+deit_s+eva02_base+gabor+glcm+lbp,
SoilOriginal,resmlp,2026,3,full,random_048,0.8874957596010228,0.9166666666666666,6,8932,0.9600654899986694,efficientnet_b0+hog+rgb_ngram_svd+siglip_base+swin_t+vgg16,
SoilOriginal,resmlp,2026,3,full,random_049,0.8733054209498319,0.8991228070175439,6,4432,0.7111083249983494,convnext_v2_t+drlbp+efficientnet_b0+eva02_base+mae_base+vit_b16,
SoilOriginal,resmlp,2026,3,full,random_050,0.866788277578551,0.8991228070175439,6,6016,1.0441632000001846,dinov2_small+efficientnet_b0+mae_base+resnet101+siglip_base+swin_t,
SoilOriginal,resmlp,2026,3,full,random_051,0.8706315706509397,0.9078947368421053,6,9188,1.226728200999787,densenet121+eva02_base+hog+siglip_base+vgg16+vit_b16,
SoilOriginal,resmlp,2026,3,full,random_052,0.8504683619544837,0.8947368421052632,6,3638,0.8164363620016957,deit_s+dinov2+dinov2_small+efficientnet_b0+lbp+siglip_base,
SoilOriginal,resmlp,2026,3,full,random_053,0.8571093883418924,0.8947368421052632,6,6528,0.7932227659985074,drlbp+efficientnet_b0+gabor+mae_base+rgb_ngram_svd+vgg16,
SoilOriginal,resmlp,2026,3,full,random_054,0.8450348501370789,0.8947368421052632,6,5394,0.8843615649966523,dinov2+dinov2_large+glcm+mae_base+resnet101+swin_t,
SoilOriginal,resmlp,2026,3,full,random_055,0.8565354051904307,0.8947368421052632,6,4998,0.8367274480042397,convnext_v2_t+drlbp+efficientnet_b0+lbp+mae_base+resnet101,
SoilOriginal,resmlp,2026,3,full,random_056,0.8553028009925333,0.8947368421052632,6,4736,0.5193005409964826,deit_s+dinov2+efficientnet_b0+mae_base+swin_t+vit_b16,
SoilOriginal,resmlp,2026,3,full,random_057,0.8792476747080614,0.9122807017543859,6,7600,0.5783716369987815,deit_s+dinov2+gabor+resnet101+rgb_ngram_svd+vgg16,
SoilOriginal,resmlp,2026,3,full,random_058,0.8832769137880929,0.9122807017543859,6,6966,1.123071780995815,convnext_v2_t+densenet121+lbp+rgb_ngram_svd+swin_t+vgg16,
SoilOriginal,resmlp,2026,3,full,random_059,0.8626981189015085,0.8991228070175439,6,7424,1.0883133850002196,convnext_v2_t+deit_s+densenet121+dinov2_small+vgg16+vit_b16,
SoilOriginal,resmlp,2026,3,full,random_060,0.8734914020425998,0.9078947368421053,6,7728,0.9034299749982893,dinov2+efficientnet_b0+eva02_base+gabor+mae_base+vgg16,
SoilOriginal,resmlp,2026,3,full,random_061,0.8502355639337507,0.8903508771929824,6,8448,0.8561772159955581,deit_s+dinov2_small+resnet50+siglip_base+swin_t+vgg16,
SoilOriginal,resmlp,2026,3,full,random_062,0.8938535386444598,0.9210526315789473,6,3906,0.7277629689997411,dinov2+gabor+glcm+mae_base+resnet50+rgb_ngram_svd,
SoilOriginal,resmlp,2026,3,full,random_063,0.8645495092003973,0.9035087719298246,6,4066,0.5372504319966538,convnext_v2_t+dinov2_small+drlbp+glcm+mae_base+resnet50,
SoilOriginal,resmlp,2026,3,full,random_064,0.8926187368701409,0.9166666666666666,6,7040,0.8304093260012451,deit_s+dinov2+rgb_ngram_svd+swin_t+vgg16+vit_b16,
SoilOriginal,resmlp,2026,3,full,random_065,0.8294763522633241,0.8771929824561403,6,6964,0.9778489890013589,densenet121+drlbp+efficientnet_b0+hog+mae_base+resnet101,
SoilOriginal,resmlp,2026,3,full,random_066,0.8515122539728506,0.8947368421052632,6,3328,0.9646980629986501,convnext_v2_t+dinov2_small+drlbp+efficientnet_b0+gabor+siglip_base,
SoilOriginal,resmlp,2026,3,full,random_067,0.8420131847583454,0.8859649122807017,6,6646,0.7015699899930041,convnext_v2_t+dinov2+efficientnet_b0+glcm+hog+resnet50,
SoilOriginal,resmlp,2026,3,full,random_068,0.8833164718879004,0.9166666666666666,6,4480,0.8127137109986506,deit_s+densenet121+efficientnet_b0+mae_base+rgb_ngram_svd+siglip_base,
SoilOriginal,resmlp,2026,3,full,random_069,0.882297945674128,0.9166666666666666,6,4102,0.95802816899959,dinov2_small+drlbp+eva02_base+lbp+resnet50+vit_b16,
SoilOriginal,resmlp,2026,3,full,random_070,0.9109254170083664,0.9298245614035088,6,5172,0.9521442179975566,densenet121+drlbp+eva02_base+hog+siglip_base+vit_b16,
SoilOriginal,resmlp,2026,3,full,random_071,0.8402077079989978,0.8903508771929824,6,6498,1.2167727530031698,convnext_v2_t+drlbp+glcm+mae_base+vgg16+vit_b16,
SoilOriginal,resmlp,2026,3,full,random_072,0.8659245516388373,0.9078947368421053,6,2888,0.686245784003404,deit_s+dinov2_small+efficientnet_b0+glcm+lbp+vit_b16,
SoilOriginal,resmlp,2026,3,full,random_073,0.9103790254757085,0.9298245614035088,6,2760,1.0921220509990235,deit_s+efficientnet_b0+glcm+lbp+mae_base+rgb_ngram_svd,
SoilOriginal,resmlp,2026,3,full,random_074,0.8797762994996062,0.9122807017543859,6,5732,0.8101687119997223,convnext_v2_t+deit_s+efficientnet_b0+hog+mae_base+vit_b16,
SoilOriginal,resmlp,2026,3,full,random_075,0.8616221514716583,0.8991228070175439,6,4784,0.9570951090063318,dinov2+dinov2_small+eva02_base+gabor+resnet101+swin_t,
SoilOriginal,resmlp,2026,3,full,random_076,0.826593768993017,0.881578947368421,6,6676,0.8475525260000722,densenet121+dinov2_large+gabor+hog+resnet50+swin_t,
SoilOriginal,resmlp,2026,3,full,random_077,0.8802576426636576,0.9122807017543859,6,8064,0.845869741999195,dinov2_small+efficientnet_b0+mae_base+siglip_base+vgg16+vit_b16,
SoilOriginal,resmlp,2026,3,full,random_078,0.8735655389790727,0.9035087719298246,6,6452,0.7999157220037887,dinov2_large+drlbp+eva02_base+hog+resnet101+siglip_base,
SoilOriginal,resmlp,2026,3,full,random_079,0.8592803013630783,0.8947368421052632,6,8010,1.192381953005679,efficientnet_b0+gabor+hog+lbp+vgg16+vit_b16,
SoilOriginal,resmlp,2026,3,full,random_080,0.8508816013123767,0.8903508771929824,6,7046,0.5297651250002673,convnext_v2_t+drlbp+efficientnet_b0+lbp+swin_t+vgg16,
SoilOriginal,resmlp,2026,3,full,random_081,0.8365158895111319,0.8859649122807017,6,6754,0.7563284969946835,convnext_v2_t+dinov2+dinov2_large+drlbp+glcm+vgg16,
SoilOriginal,resmlp,2026,3,full,random_082,0.8484801416074258,0.881578947368421,6,7698,0.9606085609993897,convnext_v2_t+efficientnet_b0+glcm+swin_t+vgg16+vit_b16,
SoilOriginal,resmlp,2026,3,full,random_083,0.8443635515850938,0.8947368421052632,6,4042,0.8634602390011423,deit_s+dinov2_large+gabor+hog+lbp+siglip_base,
SoilOriginal,resmlp,2026,3,full,random_084,0.8403040429356219,0.8903508771929824,6,7040,1.8965935989981517,dinov2+drlbp+efficientnet_b0+eva02_base+gabor+vgg16,
SoilOriginal,resmlp,2026,3,full,random_085,0.867388901972543,0.9035087719298246,6,6656,0.6259385070006829,convnext_v2_t+deit_s+dinov2+dinov2_small+rgb_ngram_svd+vgg16,
SoilOriginal,resmlp,2026,3,full,random_086,0.8559974184794213,0.8991228070175439,6,5168,0.9738950359969749,convnext_v2_t+dinov2+gabor+mae_base+resnet50+swin_t,
SoilOriginal,resmlp,2026,3,full,random_087,0.8608892035689365,0.9035087719298246,6,9088,0.9664556120042107,deit_s+dinov2_large+resnet50+siglip_base+swin_t+vgg16,
SoilOriginal,resmlp,2026,3,full,random_088,0.8830752250456229,0.9078947368421053,6,3968,0.9407724060001783,convnext_v2_t+dinov2+dinov2_large+dinov2_small+rgb_ngram_svd+swin_t,
SoilOriginal,resmlp,2026,3,full,random_089,0.8690468567496936,0.9078947368421053,6,11492,1.6201197850023163,eva02_base+hog+resnet101+resnet50+siglip_base+vgg16,
SoilOriginal,resmlp,2026,3,full,random_090,0.9100131130343562,0.9254385964912281,6,2918,1.2886593910006923,densenet121+gabor+lbp+mae_base+rgb_ngram_svd+vit_b16,
SoilOriginal,resmlp,2026,3,full,random_091,0.865205304865774,0.8991228070175439,6,7472,2.121721322000667,densenet121+efficientnet_b0+gabor+mae_base+rgb_ngram_svd+vgg16,
SoilOriginal,resmlp,2026,3,full,random_092,0.8425930099447452,0.8947368421052632,6,4196,0.8928464729979169,convnext_v2_t+drlbp+gabor+hog+mae_base+siglip_base,
SoilOriginal,resmlp,2026,3,full,random_093,0.8125606518265532,0.868421052631579,6,8010,0.9214628170011565,densenet121+dinov2_large+gabor+hog+lbp+vgg16,
SoilOriginal,resmlp,2026,3,full,random_094,0.9039924088620772,0.9298245614035088,6,7424,1.1477054140050313,densenet121+efficientnet_b0+resnet101+resnet50+rgb_ngram_svd+siglip_base,
SoilOriginal,resmlp,2026,3,full,random_095,0.8876299090735469,0.9122807017543859,6,4370,0.6693979629999376,efficientnet_b0+eva02_base+glcm+siglip_base+swin_t+vit_b16,
SoilOriginal,resmlp,2026,3,full,random_096,0.8887911577597221,0.9122807017543859,6,4176,0.8746398699950078,densenet121+dinov2+drlbp+eva02_base+mae_base+vit_b16,
SoilOriginal,resmlp,2026,3,full,random_097,0.8018624233852805,0.8728070175438597,6,5040,1.035176543999114,dinov2+dinov2_large+dinov2_small+gabor+mae_base+resnet101,
SoilOriginal,resmlp,2026,3,full,random_098,0.8275733432443663,0.8771929824561403,6,3394,1.1363962140021613,convnext_v2_t+dinov2+dinov2_large+gabor+glcm+mae_base,
SoilOriginal,resmlp,2026,3,full,random_099,0.8965290073105484,0.9210526315789473,6,6164,1.6371554659999674,efficientnet_b0+gabor+hog+resnet101+rgb_ngram_svd+siglip_base,
SoilOriginal,resmlp,2026,4,full,random_000,0.8559591196246583,0.9122807017543859,6,3430,0.8443550419979147,convnext_v2_t+dinov2_large+eva02_base+gabor+lbp+mae_base,
SoilOriginal,resmlp,2026,4,full,random_001,0.7917466109590706,0.8508771929824561,6,7626,1.0246988859944395,deit_s+efficientnet_b0+gabor+hog+lbp+vgg16,
SoilOriginal,resmlp,2026,4,full,random_002,0.8056994304063574,0.881578947368421,6,3328,1.6505798020007205,deit_s+drlbp+efficientnet_b0+gabor+mae_base+siglip_base,
SoilOriginal,resmlp,2026,4,full,random_003,0.7950381658472201,0.881578947368421,6,4498,1.772852801004774,dinov2_large+dinov2_small+glcm+resnet101+rgb_ngram_svd+swin_t,
SoilOriginal,resmlp,2026,4,full,random_004,0.7884590888249106,0.9035087719298246,6,4480,1.0307767169942963,deit_s+dinov2_large+eva02_base+siglip_base+swin_t+vit_b16,
SoilOriginal,resmlp,2026,4,full,random_005,0.8226535263009428,0.8991228070175439,6,4196,1.4517868740003905,drlbp+eva02_base+gabor+hog+swin_t+vit_b16,
SoilOriginal,resmlp,2026,4,full,random_006,0.8294877113063555,0.8859649122807017,6,6150,1.2910968599971966,convnext_v2_t+deit_s+drlbp+lbp+mae_base+vgg16,
SoilOriginal,resmlp,2026,4,full,random_007,0.8053741694232835,0.8640350877192983,6,5302,0.883981965998828,drlbp+gabor+lbp+rgb_ngram_svd+siglip_base+vgg16,
SoilOriginal,resmlp,2026,4,full,random_008,0.8385760006332647,0.9122807017543859,6,8832,1.1541842720034765,dinov2_small+eva02_base+mae_base+resnet101+vgg16+vit_b16,
SoilOriginal,resmlp,2026,4,full,random_009,0.8114765964442421,0.8859649122807017,6,5760,1.3587976470007561,deit_s+densenet121+eva02_base+mae_base+resnet101+swin_t,
SoilOriginal,resmlp,2026,4,full,random_010,0.7963999766492673,0.8728070175438597,6,3474,1.0557044349989155,deit_s+densenet121+dinov2_large+glcm+rgb_ngram_svd+swin_t,
SoilOriginal,resmlp,2026,4,full,random_011,0.7979558880016399,0.8771929824561403,6,6144,1.1110646419983823,densenet121+mae_base+resnet50+siglip_base+swin_t+vit_b16,
SoilOriginal,resmlp,2026,4,full,random_012,0.8124085800328036,0.9035087719298246,6,3766,1.0718722270030412,convnext_v2_t+dinov2_large+dinov2_small+lbp+mae_base+swin_t,
SoilOriginal,resmlp,2026,4,full,random_013,0.7780287982463917,0.8596491228070176,6,7780,1.1743869059937424,deit_s+hog+mae_base+resnet101+resnet50+swin_t,
SoilOriginal,resmlp,2026,4,full,random_014,0.8435022052004267,0.9078947368421053,6,8320,1.1608008519979194,densenet121+dinov2_small+efficientnet_b0+eva02_base+mae_base+vgg16,
SoilOriginal,resmlp,2026,4,full,random_015,0.8540376570988932,0.9166666666666666,6,9014,1.0101602469949285,efficientnet_b0+eva02_base+lbp+resnet101+vgg16+vit_b16,
SoilOriginal,resmlp,2026,4,full,random_016,0.7724218389672821,0.8728070175438597,6,4324,0.920169454999268,deit_s+dinov2_small+eva02_base+hog+rgb_ngram_svd+siglip_base,
SoilOriginal,resmlp,2026,4,full,random_017,0.8225513958525694,0.8903508771929824,6,7058,1.1905613249982707,dinov2_large+dinov2_small+glcm+mae_base+swin_t+vgg16,
SoilOriginal,resmlp,2026,4,full,random_018,0.8009143852067452,0.8859649122807017,6,7040,1.4411114319955232,dinov2+drlbp+efficientnet_b0+gabor+vgg16+vit_b16,
SoilOriginal,resmlp,2026,4,full,random_019,0.8021749635389838,0.868421052631579,6,7396,1.0455764889993588,efficientnet_b0+hog+resnet50+siglip_base+swin_t+vit_b16,
SoilOriginal,resmlp,2026,4,full,random_020,0.777557667910728,0.8552631578947368,6,6326,1.187220077998063,deit_s+densenet121+lbp+mae_base+resnet101+resnet50,
SoilOriginal,resmlp,2026,4,full,random_021,0.8134267372891105,0.8947368421052632,6,6164,1.2022227039997233,eva02_base+gabor+hog+resnet50+siglip_base+swin_t,
SoilOriginal,resmlp,2026,4,full,random_022,0.81573828347023,0.9122807017543859,6,6034,1.1159094479953637,dinov2+dinov2_small+glcm+resnet101+resnet50+vit_b16,
SoilOriginal,resmlp,2026,4,full,random_023,0.8380991295044556,0.9078947368421053,6,7990,1.1988405199954286,dinov2_large+efficientnet_b0+eva02_base+lbp+siglip_base+vgg16,
SoilOriginal,resmlp,2026,4,full,random_024,0.7892630214058787,0.8771929824561403,6,4278,0.8691866899971501,dinov2+dinov2_large+dinov2_small+efficientnet_b0+lbp+siglip_base,
SoilOriginal,resmlp,2026,4,full,random_025,0.8429513618407001,0.8991228070175439,6,5632,0.775554641004419,convnext_v2_t+deit_s+dinov2+dinov2_small+efficientnet_b0+resnet101,
SoilOriginal,resmlp,2026,4,full,random_026,0.8374197949961034,0.8903508771929824,6,5430,0.9658289739963948,convnext_v2_t+dinov2_large+lbp+mae_base+resnet101+vit_b16,
SoilOriginal,resmlp,2026,4,full,random_027,0.7754195191161317,0.868421052631579,6,3858,1.433456352999201,deit_s+dinov2_small+glcm+resnet101+rgb_ngram_svd+siglip_base,
SoilOriginal,resmlp,2026,4,full,random_028,0.8190017625182382,0.881578947368421,6,8294,1.2893118659994798,efficientnet_b0+gabor+lbp+resnet101+siglip_base+vgg16,
SoilOriginal,resmlp,2026,4,full,random_029,0.8000581202837805,0.8771929824561403,6,6290,0.9652784830032033,deit_s+glcm+mae_base+rgb_ngram_svd+vgg16+vit_b16,
SoilOriginal,resmlp,2026,4,full,random_030,0.8180089341209003,0.881578947368421,6,2760,1.0384149399978924,dinov2_small+eva02_base+glcm+lbp+siglip_base+swin_t,
SoilOriginal,resmlp,2026,4,full,random_031,0.8138417226286088,0.8903508771929824,6,5698,1.0628997690000688,deit_s+dinov2_small+gabor+glcm+mae_base+vgg16,
SoilOriginal,resmlp,2026,4,full,random_032,0.8341432365839258,0.9035087719298246,6,4656,1.2793612009991193,dinov2+gabor+mae_base+resnet50+rgb_ngram_svd+siglip_base,
SoilOriginal,resmlp,2026,4,full,random_033,0.8320959320119269,0.8903508771929824,6,8182,1.0708396850022837,convnext_v2_t+eva02_base+glcm+hog+swin_t+vgg16,
SoilOriginal,resmlp,2026,4,full,random_034,0.8154558871045209,0.8947368421052632,6,7012,1.1832123700005468,convnext_v2_t+dinov2+dinov2_small+efficientnet_b0+hog+resnet101,
SoilOriginal,resmlp,2026,4,full,random_035,0.7982652699618802,0.868421052631579,6,6628,1.090317194997624,convnext_v2_t+densenet121+eva02_base+hog+resnet101+rgb_ngram_svd,
SoilOriginal,resmlp,2026,4,full,random_036,0.8063617987259574,0.8903508771929824,6,4458,0.7112898809937178,convnext_v2_t+dinov2_large+drlbp+hog+lbp+swin_t,
SoilOriginal,resmlp,2026,4,full,random_037,0.8410658576203252,0.9122807017543859,6,5450,1.1246945710008731,convnext_v2_t+eva02_base+gabor+hog+lbp+resnet101,
SoilOriginal,resmlp,2026,4,full,random_038,0.8197122839495721,0.8903508771929824,6,5704,1.0668297699958202,glcm+lbp+resnet101+resnet50+siglip_base+swin_t,
SoilOriginal,resmlp,2026,4,full,random_039,0.7986110055233109,0.8771929824561403,6,3920,0.9402540170049178,convnext_v2_t+drlbp+efficientnet_b0+mae_base+rgb_ngram_svd+swin_t,
SoilOriginal,resmlp,2026,4,full,random_040,0.7923236029871611,0.8859649122807017,6,4552,0.8314432999977726,densenet121+dinov2_large+dinov2_small+glcm+lbp+resnet50,
SoilOriginal,resmlp,2026,4,full,random_041,0.810796011768552,0.8859649122807017,6,3090,0.8860764269993524,deit_s+dinov2+dinov2_small+eva02_base+glcm+swin_t,
SoilOriginal,resmlp,2026,4,full,random_042,0.8041659567822358,0.881578947368421,6,4784,1.4434423679995234,deit_s+gabor+mae_base+resnet50+siglip_base+vit_b16,
SoilOriginal,resmlp,2026,4,full,random_043,0.7802097546310912,0.8464912280701754,6,6246,1.1162700639979448,densenet121+gabor+lbp+rgb_ngram_svd+swin_t+vgg16,
SoilOriginal,resmlp,2026,4,full,random_044,0.7842093904312263,0.8771929824561403,6,5968,1.3563801790005527,dinov2+dinov2_large+drlbp+efficientnet_b0+resnet101+swin_t,
SoilOriginal,resmlp,2026,4,full,random_045,0.8218917171180885,0.8859649122807017,6,7828,1.4088891589999548,deit_s+dinov2+eva02_base+gabor+hog+vgg16,
SoilOriginal,resmlp,2026,4,full,random_046,0.8181436038202955,0.8991228070175439,6,5168,1.0847660079962225,dinov2+gabor+mae_base+resnet50+swin_t+vit_b16,
SoilOriginal,resmlp,2026,4,full,random_047,0.8156148136134403,0.8859649122807017,6,5220,1.089142331999028,deit_s+dinov2+eva02_base+hog+siglip_base+vit_b16,
SoilOriginal,resmlp,2026,4,full,random_048,0.7859237810612626,0.8728070175438597,6,4242,1.0252454680012306,dinov2+dinov2_small+glcm+resnet101+rgb_ngram_svd+swin_t,
SoilOriginal,resmlp,2026,4,full,random_049,0.806823483326421,0.8947368421052632,6,5200,0.9710839350009337,convnext_v2_t+dinov2+drlbp+eva02_base+resnet101+vit_b16,
SoilOriginal,resmlp,2026,4,full,random_050,0.8144468168354144,0.8903508771929824,6,3708,0.9940045409966842,densenet121+drlbp+eva02_base+glcm+hog+lbp,
SoilOriginal,resmlp,2026,4,full,random_051,0.8116174583117373,0.881578947368421,6,9728,0.6058399149987963,convnext_v2_t+dinov2+efficientnet_b0+resnet50+vgg16+vit_b16,
SoilOriginal,resmlp,2026,4,full,random_052,0.7674251406775492,0.8552631578947368,6,3832,1.3973510290015838,dinov2_small+efficientnet_b0+gabor+glcm+lbp+resnet50,
SoilOriginal,resmlp,2026,4,full,random_053,0.7889899087423798,0.8859649122807017,6,5072,1.593788667996705,dinov2+dinov2_large+dinov2_small+drlbp+resnet50+siglip_base,
SoilOriginal,resmlp,2026,4,full,random_054,0.8127213914836798,0.8771929824561403,6,8008,2.15213951899932,densenet121+glcm+lbp+mae_base+resnet50+vgg16,
SoilOriginal,resmlp,2026,4,full,random_055,0.8132746885165435,0.8859649122807017,6,5266,0.9312237880003522,dinov2+dinov2_small+efficientnet_b0+glcm+resnet50+siglip_base,
SoilOriginal,resmlp,2026,4,full,random_056,0.8263466624992981,0.8903508771929824,6,6480,1.8813684990018373,convnext_v2_t+deit_s+dinov2_small+drlbp+mae_base+vgg16,
SoilOriginal,resmlp,2026,4,full,random_057,0.8257853224743776,0.8903508771929824,6,9296,1.1694893729945761,densenet121+dinov2+drlbp+efficientnet_b0+resnet50+vgg16,
SoilOriginal,resmlp,2026,4,full,random_058,0.8125542309947233,0.8991228070175439,6,6144,1.1473154519990203,convnext_v2_t+dinov2_large+efficientnet_b0+eva02_base+resnet101+rgb_ngram_svd,
SoilOriginal,resmlp,2026,4,full,random_059,0.8212054003460434,0.8771929824561403,6,3684,0.8570260070046061,convnext_v2_t+drlbp+gabor+hog+mae_base+rgb_ngram_svd,
SoilOriginal,resmlp,2026,4,full,random_060,0.7986868474673354,0.8771929824561403,6,6324,0.9997324599971762,dinov2_small+drlbp+efficientnet_b0+hog+resnet101+swin_t,
SoilOriginal,resmlp,2026,4,full,random_061,0.8004811971031086,0.8859649122807017,6,5200,1.0860656889999518,convnext_v2_t+drlbp+efficientnet_b0+resnet101+rgb_ngram_svd+vit_b16,
SoilOriginal,resmlp,2026,4,full,random_062,0.8164303020528951,0.8991228070175439,6,4140,1.5970486880032695,eva02_base+glcm+hog+lbp+mae_base+siglip_base,
SoilOriginal,resmlp,2026,4,full,random_063,0.7889762611712456,0.868421052631579,6,4322,1.0846368560014525,deit_s+densenet121+drlbp+glcm+resnet101+swin_t,
SoilOriginal,resmlp,2026,4,full,random_064,0.8034079016221874,0.881578947368421,6,9012,0.7132186759990873,dinov2+drlbp+hog+resnet101+rgb_ngram_svd+vgg16,
SoilOriginal,resmlp,2026,4,full,random_065,0.8246933331177788,0.8991228070175439,6,9264,1.0345014389968128,dinov2_large+efficientnet_b0+eva02_base+gabor+resnet50+vgg16,
SoilOriginal,resmlp,2026,4,full,random_066,0.8201191165805651,0.8947368421052632,6,4656,1.0740929690000485,dinov2+dinov2_large+efficientnet_b0+eva02_base+gabor+vit_b16,
SoilOriginal,resmlp,2026,4,full,random_067,0.7871300458895253,0.8771929824561403,6,5990,1.1105344990064623,gabor+lbp+rgb_ngram_svd+swin_t+vgg16+vit_b16,
SoilOriginal,resmlp,2026,4,full,random_068,0.8331351331546099,0.8991228070175439,6,4680,0.9735236150008859,densenet121+glcm+lbp+resnet50+siglip_base+vit_b16,
SoilOriginal,resmlp,2026,4,full,random_069,0.8272474465450007,0.8947368421052632,6,4736,1.41775118100486,densenet121+drlbp+gabor+resnet50+siglip_base+vit_b16,
SoilOriginal,resmlp,2026,4,full,random_070,0.7791279388148273,0.8552631578947368,6,4614,1.1342252239992376,deit_s+drlbp+efficientnet_b0+lbp+mae_base+resnet101,
SoilOriginal,resmlp,2026,4,full,random_071,0.8178861195372302,0.9078947368421053,6,4480,0.8805028869974194,deit_s+dinov2_large+efficientnet_b0+mae_base+rgb_ngram_svd+siglip_base,
SoilOriginal,resmlp,2026,4,full,random_072,0.8454187101197068,0.8947368421052632,6,6082,0.6738860960031161,deit_s+dinov2+gabor+glcm+mae_base+vgg16,
SoilOriginal,resmlp,2026,4,full,random_073,0.8175493818394398,0.8728070175438597,6,2786,0.774770593001449,convnext_v2_t+deit_s+drlbp+glcm+mae_base+vit_b16,
SoilOriginal,resmlp,2026,4,full,random_074,0.7847008893416161,0.8552631578947368,6,3584,0.9117998520014226,deit_s+densenet121+drlbp+efficientnet_b0+gabor+mae_base,
SoilOriginal,resmlp,2026,4,full,random_075,0.7927023210006718,0.868421052631579,6,1810,0.9939501629996812,deit_s+densenet121+drlbp+gabor+glcm+rgb_ngram_svd,
SoilOriginal,resmlp,2026,4,full,random_076,0.8201645687933398,0.8947368421052632,6,4150,1.2200026830032584,densenet121+eva02_base+lbp+mae_base+siglip_base+swin_t,
SoilOriginal,resmlp,2026,4,full,random_077,0.7998916878475301,0.8771929824561403,6,4342,1.180756356996426,deit_s+densenet121+dinov2_small+eva02_base+glcm+hog,
SoilOriginal,resmlp,2026,4,full,random_078,0.8545257427157299,0.9122807017543859,6,8804,1.312621274999401,deit_s+densenet121+dinov2+eva02_base+hog+vgg16,
SoilOriginal,resmlp,2026,4,full,random_079,0.8459871140797786,0.9122807017543859,6,8704,0.7461631600017427,convnext_v2_t+dinov2+resnet101+rgb_ngram_svd+siglip_base+vgg16,
SoilOriginal,resmlp,2026,4,full,random_080,0.8024890331463691,0.8947368421052632,6,4706,0.8191151189967059,dinov2_large+drlbp+glcm+resnet50+siglip_base+vit_b16,
SoilOriginal,resmlp,2026,4,full,random_081,0.7946298248437051,0.8771929824561403,6,3536,0.9684881659995881,convnext_v2_t+deit_s+drlbp+efficientnet_b0+rgb_ngram_svd+vit_b16,
SoilOriginal,resmlp,2026,4,full,random_082,0.82426895254996,0.8859649122807017,6,8320,1.5365222879991052,convnext_v2_t+deit_s+resnet50+rgb_ngram_svd+swin_t+vgg16,
SoilOriginal,resmlp,2026,4,full,random_083,0.8131988067704642,0.8728070175438597,6,8294,0.9019760899973335,convnext_v2_t+efficientnet_b0+gabor+lbp+resnet101+vgg16,
SoilOriginal,resmlp,2026,4,full,random_084,0.8546917141555913,0.9078947368421053,6,8932,0.9146015730002546,dinov2+eva02_base+hog+siglip_base+vgg16+vit_b16,
SoilOriginal,resmlp,2026,4,full,random_085,0.8279578280546477,0.9035087719298246,6,4626,0.9455162859958364,convnext_v2_t+dinov2+eva02_base+glcm+resnet50+rgb_ngram_svd,
SoilOriginal,resmlp,2026,4,full,random_086,0.7493610405859591,0.868421052631579,6,3428,1.2863561810008832,deit_s+dinov2+dinov2_small+drlbp+gabor+hog,
SoilOriginal,resmlp,2026,4,full,random_087,0.8105823423607011,0.8771929824561403,6,9108,0.9364101550017949,convnext_v2_t+deit_s+gabor+hog+resnet101+vgg16,
SoilOriginal,resmlp,2026,4,full,random_088,0.8543966867622529,0.9166666666666666,6,6884,0.8809287120020599,convnext_v2_t+eva02_base+hog+resnet101+siglip_base+vit_b16,
SoilOriginal,resmlp,2026,4,full,random_089,0.8300991611828598,0.8991228070175439,6,3010,0.7904514830006519,deit_s+dinov2+dinov2_large+gabor+glcm+siglip_base,
SoilOriginal,resmlp,2026,4,full,random_090,0.7830435313146822,0.8903508771929824,6,5702,1.620462516999396,dinov2_large+drlbp+glcm+hog+resnet101+vit_b16,
SoilOriginal,resmlp,2026,4,full,random_091,0.7871916366601355,0.8596491228070176,6,8420,0.9324172140040901,convnext_v2_t+densenet121+hog+mae_base+resnet101+resnet50,
SoilOriginal,resmlp,2026,4,full,random_092,0.7987364557011671,0.868421052631579,6,10032,1.173719398000685,dinov2+dinov2_large+gabor+resnet101+resnet50+vgg16,
SoilOriginal,resmlp,2026,4,full,random_093,0.7837392915034342,0.8859649122807017,6,4608,0.7341327130052377,deit_s+dinov2_large+dinov2_small+efficientnet_b0+eva02_base+vit_b16,
SoilOriginal,resmlp,2026,4,full,random_094,0.7877072878406154,0.8552631578947368,6,8758,1.0378785310022067,densenet121+lbp+mae_base+resnet50+swin_t+vgg16,
SoilOriginal,resmlp,2026,4,full,random_095,0.8374430193376311,0.9166666666666666,6,4022,1.2179128040006617,dinov2+dinov2_small+efficientnet_b0+eva02_base+lbp+swin_t,
SoilOriginal,resmlp,2026,4,full,random_096,0.8121926722626057,0.8859649122807017,6,9344,0.6646624060012982,densenet121+dinov2_large+dinov2_small+resnet101+siglip_base+vgg16,
SoilOriginal,resmlp,2026,4,full,random_097,0.8101155723657586,0.8859649122807017,6,5430,0.5993755090021295,densenet121+dinov2+efficientnet_b0+lbp+resnet101+rgb_ngram_svd,
SoilOriginal,resmlp,2026,4,full,random_098,0.802306732242986,0.8771929824561403,6,6034,1.291514572003507,dinov2+dinov2_small+eva02_base+glcm+resnet101+resnet50,
SoilOriginal,resmlp,2026,4,full,random_099,0.8312429338814701,0.8903508771929824,6,4884,0.7755022650017054,convnext_v2_t+eva02_base+gabor+hog+siglip_base+swin_t,
