dataset,classifier,seed,outer_fold,run_mode,method,macro_f1,accuracy,k,dimensions,fit_seconds,selected,inner_f1
CUReT,resmlp,42,0,full,random_000,0.9910595443374258,0.9910905203136137,2,2532,3.883243488991866,hog+siglip_base,
CUReT,resmlp,42,0,full,random_001,0.9839040880001677,0.9839629365645046,2,432,1.8297089739935473,deit_s+gabor,
CUReT,resmlp,42,0,full,random_002,0.9925186055507834,0.9925160370634355,2,2128,3.8255558789969655,drlbp+resnet50,
CUReT,resmlp,42,0,full,random_003,0.9602032914775083,0.9604419101924447,2,102,4.874504117004108,gabor+lbp,
CUReT,resmlp,42,0,full,random_004,0.9839040880001677,0.9839629365645046,2,432,2.2236227090033935,deit_s+gabor,
CUReT,resmlp,42,0,full,random_005,0.989661962177041,0.9896650035637918,2,816,1.4639565739926184,gabor+vit_b16,
CUReT,resmlp,42,0,full,random_006,0.9957191095857088,0.9957234497505346,2,464,2.888169067999115,dinov2_small+drlbp,
CUReT,resmlp,42,0,full,random_007,0.9925186055507834,0.9925160370634355,2,2128,3.5590347569959704,drlbp+resnet50,
CUReT,resmlp,42,0,full,random_008,0.9813754975411765,0.9814682822523164,2,848,1.544220570998732,convnext_v2_t+drlbp,
CUReT,resmlp,42,0,full,random_009,0.992873958909492,0.992872416250891,2,2048,3.297313438990386,efficientnet_b0+mae_base,
CUReT,resmlp,42,0,full,random_010,0.9978574689309749,0.9978617248752673,2,2432,4.321293188011623,dinov2_small+resnet50,
CUReT,resmlp,42,0,full,random_011,0.9978615143239336,0.9978617248752673,2,1152,4.587509347999003,beitv2_base_final+dinov2_small,
CUReT,resmlp,42,0,full,random_012,0.9939397705976536,0.9939415538132573,2,2048,2.4375445210025646,efficientnet_b0+swin_t,
CUReT,resmlp,42,0,full,random_013,0.9943189591198124,0.9942979330007128,2,1408,4.915956073993584,deit_s+densenet121,
CUReT,resmlp,42,0,full,random_014,0.9967917027583758,0.9967925873129009,2,1792,4.8493483849888435,dinov2_large+eva02_base,
CUReT,resmlp,42,0,full,random_015,0.9957260602286876,0.9957234497505346,2,1792,3.3697107170009986,densenet121+eva02_base,
CUReT,resmlp,42,0,full,random_016,0.9957191966135934,0.9957234497505346,2,5120,4.708624950988451,dinov2_large+vgg16,
CUReT,resmlp,42,0,full,random_017,0.9639969703635614,0.9640057020669993,2,4114,1.619691651998437,glcm+vgg16,
CUReT,resmlp,42,0,full,random_018,0.9967882471480751,0.9967925873129009,2,1792,4.561988086992642,densenet121+dinov2,
CUReT,resmlp,42,0,full,random_019,0.9914601825221724,0.9914468995010691,2,1072,2.6109745209978428,densenet121+gabor,
CUReT,resmlp,42,0,full,random_020,0.9957107660187295,0.9957234497505346,2,2816,3.8800981999957003,beitv2_base_final+resnet50,
CUReT,resmlp,42,0,full,random_021,0.9914449506517495,0.9914468995010691,2,4864,4.7351838019967545,vgg16+vit_b16,
CUReT,resmlp,42,0,full,random_022,0.9839174508651622,0.9839629365645046,2,2532,1.7262855080043664,convnext_v2_t+hog,
CUReT,resmlp,42,0,full,random_023,0.9925101517300404,0.9925160370634355,2,3328,4.59680611800286,efficientnet_b0+resnet50,
CUReT,resmlp,42,0,full,random_024,0.9145023861408537,0.9144689950106913,2,1818,3.9885193280060776,hog+lbp,
CUReT,resmlp,42,0,full,random_025,0.9602032914775083,0.9604419101924447,2,102,4.811958802994923,gabor+lbp,
CUReT,resmlp,42,0,full,random_026,0.9950053001856888,0.9950106913756237,2,2816,1.9937897509953473,convnext_v2_t+resnet101,
CUReT,resmlp,42,0,full,random_027,0.9837191669031552,0.9836065573770492,2,1328,1.9629859079868766,efficientnet_b0+gabor,
CUReT,resmlp,42,0,full,random_028,0.9907678252098016,0.9907341411261582,2,2048,2.0278549089998705,efficientnet_b0+eva02_base,
CUReT,resmlp,42,0,full,random_029,0.9784111292129564,0.9782608695652174,2,1298,1.9290746049955487,efficientnet_b0+glcm,
CUReT,resmlp,42,0,full,random_030,0.9818260345928851,0.9818246614397719,2,786,1.5747507350024534,glcm+siglip_base,
CUReT,resmlp,42,0,full,random_031,0.995718772584113,0.9957234497505346,2,1072,1.7506859760032967,dinov2_large+gabor,
CUReT,resmlp,42,0,full,random_032,0.9982216440130187,0.9982181040627227,2,2816,4.810132494996651,dinov2+resnet101,
CUReT,resmlp,42,0,full,random_033,0.9924711658326849,0.9925160370634355,2,4864,4.261727559991414,beitv2_base_final+vgg16,
CUReT,resmlp,42,0,full,random_034,0.9960832819798631,0.9960798289379901,2,2304,2.236252025992144,dinov2_large+efficientnet_b0,
CUReT,resmlp,42,0,full,random_035,0.9942889205893135,0.9942979330007128,2,822,2.357252778005204,dinov2+lbp,
CUReT,resmlp,42,0,full,random_036,0.9907678252098016,0.9907341411261582,2,2048,1.949162411998259,efficientnet_b0+eva02_base,
CUReT,resmlp,42,0,full,random_037,0.9932164598180796,0.9932287954383464,2,1152,1.8461138749989914,convnext_v2_t+deit_s,
CUReT,resmlp,42,0,full,random_038,0.995718772584113,0.9957234497505346,2,4480,3.9600396739988355,dinov2_small+vgg16,
CUReT,resmlp,42,0,full,random_039,0.9903491432463553,0.9903777619387027,2,786,1.949014828001964,beitv2_base_final+glcm,
CUReT,resmlp,42,0,full,random_040,0.9900132811371872,0.9900213827512473,2,1152,2.3906506079947576,deit_s+mae_base,
CUReT,resmlp,42,0,full,random_041,0.9918039541999207,0.9918032786885246,2,1078,2.6584413459931966,densenet121+lbp,
CUReT,resmlp,42,0,full,random_042,0.9946456766566729,0.9946543121881682,2,2816,4.6701154689944815,mae_base+resnet50,
CUReT,resmlp,42,0,full,random_043,0.9946456766566729,0.9946543121881682,2,2816,3.9540726599952905,mae_base+resnet50,
CUReT,resmlp,42,0,full,random_044,0.9967922504307671,0.9967925873129009,2,1792,4.138813888988807,dinov2_large+siglip_base,
CUReT,resmlp,42,0,full,random_045,0.9939188819816713,0.9939415538132573,2,1536,3.6643497420009226,beitv2_base_final+mae_base,
CUReT,resmlp,42,0,full,random_046,0.995718772584113,0.9957234497505346,2,4480,4.588376350002363,dinov2_small+vgg16,
CUReT,resmlp,42,0,full,random_047,0.9943158062798146,0.9942979330007128,2,1536,2.1163521809939994,siglip_base+swin_t,
CUReT,resmlp,42,0,full,random_048,0.9925286460962801,0.9925160370634355,2,2066,3.781400534993736,glcm+resnet50,
CUReT,resmlp,42,0,full,random_049,0.994640985264236,0.9946543121881682,2,816,3.5831961639923975,beitv2_base_final+gabor,
CUReT,resmlp,42,0,full,random_050,0.9903427634977316,0.9903777619387027,2,848,1.9049739039910492,beitv2_base_final+drlbp,
CUReT,resmlp,42,0,full,random_051,0.9953622670658575,0.9953670705630792,2,4864,5.451544715004275,dinov2+vgg16,
CUReT,resmlp,42,0,full,random_052,0.9971487138387559,0.9971489665003563,2,1536,5.35258654000063,dinov2+siglip_base,
CUReT,resmlp,42,0,full,random_053,0.9960824922276673,0.9960798289379901,2,1792,4.308629827006371,beitv2_base_final+densenet121,
CUReT,resmlp,42,0,full,random_054,0.9885945458569383,0.9885958660014256,2,2096,1.4404377540049609,gabor+resnet101,
CUReT,resmlp,42,0,full,random_055,0.9896521859778901,0.9896650035637918,2,640,4.312576174997957,deit_s+rgb_ngram_svd,
CUReT,resmlp,42,0,full,random_056,0.9946524474399204,0.9946543121881682,2,1078,3.3185247850051383,dinov2_large+lbp,
CUReT,resmlp,42,0,full,random_057,0.9185205279807834,0.9198146828225232,2,66,6.084939509994001,gabor+glcm,
CUReT,resmlp,42,0,full,random_058,0.9964359133535783,0.9964362081254454,2,1536,4.347455608003656,convnext_v2_t+siglip_base,
CUReT,resmlp,42,0,full,random_059,0.9839174508651622,0.9839629365645046,2,2532,2.014533854991896,convnext_v2_t+hog,
CUReT,resmlp,42,0,full,random_060,0.9185205279807834,0.9198146828225232,2,66,4.636863968000398,gabor+glcm,
CUReT,resmlp,42,0,full,random_061,0.9602032914775083,0.9604419101924447,2,102,4.836571283987723,gabor+lbp,
CUReT,resmlp,42,0,full,random_062,0.9943009648204567,0.9942979330007128,2,848,1.4308457849983824,dinov2+drlbp,
CUReT,resmlp,42,0,full,random_063,0.9857934219214034,0.9857448325017819,2,3812,4.709775128998444,hog+resnet50,
CUReT,resmlp,42,0,full,random_064,0.994289168331066,0.9942979330007128,2,822,2.8625338209967595,lbp+vit_b16,
CUReT,resmlp,42,0,full,random_065,0.9639969703635614,0.9640057020669993,2,4114,1.6265433429944096,glcm+vgg16,
CUReT,resmlp,42,0,full,random_066,0.9907578515823829,0.9907341411261582,2,3328,1.1577252590068383,efficientnet_b0+resnet101,
CUReT,resmlp,42,0,full,random_067,0.9900132811371872,0.9900213827512473,2,1152,1.8095984429965029,deit_s+mae_base,
CUReT,resmlp,42,0,full,random_068,0.9903663337180991,0.9903777619387027,2,786,2.125759210000979,glcm+swin_t,
CUReT,resmlp,42,0,full,random_069,0.9971487559490226,0.9971489665003563,2,768,3.7197223419934744,deit_s+dinov2_small,
CUReT,resmlp,42,0,full,random_070,0.996439745387852,0.9964362081254454,2,1792,5.179917693996686,beitv2_base_final+dinov2_large,
CUReT,resmlp,42,0,full,random_071,0.9639969703635614,0.9640057020669993,2,4114,2.190958471997874,glcm+vgg16,
CUReT,resmlp,42,0,full,random_072,0.9978615143239336,0.9978617248752673,2,1152,4.974152378999861,beitv2_base_final+dinov2_small,
CUReT,resmlp,42,0,full,random_073,0.994994473308225,0.9950106913756237,2,2532,1.7245480089914054,dinov2+hog,
CUReT,resmlp,42,0,full,random_074,0.984306081249403,0.9843193157519601,2,438,2.142195182997966,deit_s+lbp,
CUReT,resmlp,42,0,full,random_075,0.9971446684457973,0.9971489665003563,2,1408,4.579369095998118,dinov2_large+dinov2_small,
CUReT,resmlp,42,0,full,random_076,0.9789364571057266,0.9789736279401283,2,4864,4.0930301179905655,mae_base+vgg16,
CUReT,resmlp,42,0,full,random_077,0.9893115564791268,0.9893086243763364,2,1024,2.997867023004801,rgb_ngram_svd+swin_t,
CUReT,resmlp,42,0,full,random_078,0.9893115564791268,0.9893086243763364,2,1024,2.78551878601138,rgb_ngram_svd+swin_t,
CUReT,resmlp,42,0,full,random_079,0.9946456766566729,0.9946543121881682,2,2816,4.502382844002568,mae_base+resnet50,
CUReT,resmlp,42,0,full,random_080,0.9964235552047047,0.9964362081254454,2,1536,5.924937673000386,siglip_base+vit_b16,
CUReT,resmlp,42,0,full,random_081,0.9784111292129564,0.9782608695652174,2,1298,1.6469182500004536,efficientnet_b0+glcm,
CUReT,resmlp,42,0,full,random_082,0.996435365681187,0.9964362081254454,2,1152,1.7919080010033213,dinov2_small+eva02_base,
CUReT,resmlp,42,0,full,random_083,0.9882555304168466,0.9882394868139701,2,816,2.478921828995226,gabor+siglip_base,
CUReT,resmlp,42,0,full,random_084,0.988923892155522,0.9889522451888809,2,822,2.1051655679912074,convnext_v2_t+lbp,
CUReT,resmlp,42,0,full,random_085,0.9853811097229354,0.9853884533143265,2,2304,1.5262490799941588,resnet101+rgb_ngram_svd,
CUReT,resmlp,42,0,full,random_086,0.9903491432463553,0.9903777619387027,2,786,1.1770977609994588,beitv2_base_final+glcm,
CUReT,resmlp,42,0,full,random_087,0.9895582320754017,0.9893086243763364,2,1152,1.2915617200051202,deit_s+siglip_base,
CUReT,resmlp,42,0,full,random_088,0.9957176766413861,0.9957234497505346,2,2048,4.4498102409997955,efficientnet_b0+vit_b16,
CUReT,resmlp,42,0,full,random_089,0.9784111292129564,0.9782608695652174,2,1298,1.7189383990044007,efficientnet_b0+glcm,
CUReT,resmlp,42,0,full,random_090,0.9964235552047047,0.9964362081254454,2,1536,4.485451569998986,siglip_base+vit_b16,
CUReT,resmlp,42,0,full,random_091,0.9967922504307671,0.9967925873129009,2,1792,4.647241906001,dinov2_large+siglip_base,
CUReT,resmlp,42,0,full,random_092,0.9900328228717564,0.9900213827512473,2,6144,5.239939773004153,resnet101+vgg16,
CUReT,resmlp,42,0,full,random_093,0.9978615143239336,0.9978617248752673,2,1152,4.370548343998962,convnext_v2_t+dinov2_small,
CUReT,resmlp,42,0,full,random_094,0.9946524636364187,0.9946543121881682,2,2816,5.54814937300398,resnet50+swin_t,
CUReT,resmlp,42,0,full,random_095,0.9960832819798631,0.9960798289379901,2,2048,4.287668737990316,densenet121+dinov2_large,
CUReT,resmlp,42,0,full,random_096,0.8867899249528656,0.8866714183891661,2,274,3.1733334730088245,glcm+rgb_ngram_svd,
CUReT,resmlp,42,0,full,random_097,0.9900328228717564,0.9900213827512473,2,6144,4.28833319999103,resnet101+vgg16,
CUReT,resmlp,42,0,full,random_098,0.9957176766413861,0.9957234497505346,2,2048,4.105516301002353,efficientnet_b0+vit_b16,
CUReT,resmlp,42,0,full,random_099,0.9907152204114515,0.9907341411261582,2,1536,1.7331263689993648,mae_base+vit_b16,
CUReT,resmlp,42,1,full,random_000,0.9992871574045555,0.9992872416250891,4,6400,5.274497153004631,convnext_v2_t+swin_t+vgg16+vit_b16,
CUReT,resmlp,42,1,full,random_001,0.9992871574045555,0.9992872416250891,4,1474,1.4497127840004396,densenet121+dinov2_small+gabor+glcm,
CUReT,resmlp,42,1,full,random_002,0.9982216440130187,0.9982181040627227,4,1974,1.9587852880067658,deit_s+eva02_base+lbp+mae_base,
CUReT,resmlp,42,1,full,random_003,0.9985743148091112,0.9985744832501782,4,4660,4.951723431004211,beitv2_base_final+drlbp+hog+resnet101,
CUReT,resmlp,42,1,full,random_004,0.9992871574045555,0.9992872416250891,4,4352,2.3243030960002216,mae_base+resnet101+siglip_base+vit_b16,
CUReT,resmlp,42,1,full,random_005,0.9932478552166788,0.9932287954383464,4,4580,1.7808478299994022,convnext_v2_t+efficientnet_b0+hog+mae_base,
CUReT,resmlp,42,1,full,random_006,0.9989307361068334,0.9989308624376336,4,4736,4.5699570040014805,dinov2_large+dinov2_small+efficientnet_b0+resnet50,
CUReT,resmlp,42,1,full,random_007,0.9989307361068334,0.9989308624376336,4,3254,2.5797474149876507,beitv2_base_final+deit_s+lbp+resnet50,
CUReT,resmlp,42,1,full,random_008,0.998934486608463,0.9989308624376336,4,1968,3.649059955001576,deit_s+dinov2+eva02_base+gabor,
CUReT,resmlp,42,1,full,random_009,0.9971558015137926,0.9971489665003563,4,6198,1.5779154469928471,efficientnet_b0+eva02_base+lbp+vgg16,
CUReT,resmlp,42,1,full,random_010,0.9996435787022778,0.9996436208125445,4,2944,2.437424470001133,beitv2_base_final+deit_s+densenet121+dinov2,
CUReT,resmlp,42,1,full,random_011,0.9982176407303268,0.9982181040627227,4,1974,2.1247618579945993,dinov2_small+efficientnet_b0+lbp+rgb_ngram_svd,
CUReT,resmlp,42,1,full,random_012,0.9985743148091112,0.9985744832501782,4,2352,5.218668798988801,gabor+siglip_base+swin_t+vit_b16,
CUReT,resmlp,42,1,full,random_013,0.9992831541218639,0.9992872416250891,4,2176,4.963539420990855,beitv2_base_final+dinov2_small+mae_base+rgb_ngram_svd,
CUReT,resmlp,42,1,full,random_014,0.9978576401793932,0.9978617248752673,4,8192,3.94842527199944,efficientnet_b0+mae_base+resnet50+vgg16,
CUReT,resmlp,42,1,full,random_015,1.0,1.0,4,3840,4.070545034002862,dinov2_large+efficientnet_b0+eva02_base+siglip_base,
CUReT,resmlp,42,1,full,random_016,0.9992871995148224,0.9992872416250891,4,2996,4.893500455000321,dinov2_small+drlbp+hog+mae_base,
CUReT,resmlp,42,1,full,random_017,1.0,1.0,4,3348,4.913483067997731,dinov2+gabor+hog+siglip_base,
CUReT,resmlp,42,1,full,random_018,0.9992871574045555,0.9992872416250891,4,4224,4.35894514399115,dinov2_large+dinov2_small+resnet101+swin_t,
CUReT,resmlp,42,1,full,random_019,0.9996435787022778,0.9996436208125445,4,4352,4.609130864002509,beitv2_base_final+dinov2+mae_base+resnet50,
CUReT,resmlp,42,1,full,random_020,0.9985743148091112,0.9985744832501782,4,6708,4.909602942003403,drlbp+hog+vgg16+vit_b16,
CUReT,resmlp,42,1,full,random_021,0.9985743148091112,0.9985744832501782,4,5604,1.9087917970027775,densenet121+hog+resnet101+siglip_base,
CUReT,resmlp,42,1,full,random_022,0.9992871574045555,0.9992872416250891,4,4352,3.5911894329910865,beitv2_base_final+resnet50+siglip_base+vit_b16,
CUReT,resmlp,42,1,full,random_023,0.9975088801428672,0.9975053456878118,4,3812,4.029769032000331,densenet121+eva02_base+hog+rgb_ngram_svd,
CUReT,resmlp,42,1,full,random_024,0.9992871574045555,0.9992872416250891,4,3632,3.9772234710108023,dinov2+gabor+mae_base+resnet50,
CUReT,resmlp,42,1,full,random_025,0.9985743148091112,0.9985744832501782,4,1872,3.967557283991482,beitv2_base_final+drlbp+rgb_ngram_svd+siglip_base,
CUReT,resmlp,42,1,full,random_026,1.0,1.0,4,3328,4.298920018001809,beitv2_base_final+densenet121+dinov2+vit_b16,
CUReT,resmlp,42,1,full,random_027,0.9992871574045555,0.9992872416250891,4,5936,4.499293521002983,dinov2_large+eva02_base+gabor+vgg16,
CUReT,resmlp,42,1,full,random_028,0.9982176407303267,0.9982181040627227,4,5860,2.2215940629976103,efficientnet_b0+eva02_base+hog+resnet50,
CUReT,resmlp,42,1,full,random_029,0.9989307361068334,0.9989308624376336,4,6016,4.57689166199998,convnext_v2_t+dinov2+dinov2_small+vgg16,
CUReT,resmlp,42,1,full,random_030,0.9989307361068334,0.9989308624376336,4,4528,3.9800365840055747,dinov2_small+gabor+resnet101+resnet50,
CUReT,resmlp,42,1,full,random_031,0.9985743990296447,0.9985744832501782,4,4352,3.6803381820063805,convnext_v2_t+mae_base+resnet50+vit_b16,
CUReT,resmlp,42,1,full,random_032,0.9985743990296447,0.9985744832501782,4,2114,3.4595674849988427,efficientnet_b0+gabor+glcm+siglip_base,
CUReT,resmlp,42,1,full,random_033,0.9996435787022778,0.9996436208125445,4,3318,3.266186609995202,glcm+hog+siglip_base+vit_b16,
CUReT,resmlp,42,1,full,random_034,0.9921708526430112,0.99215965787598,4,2194,1.6126257279975107,drlbp+gabor+glcm+resnet50,
CUReT,resmlp,42,1,full,random_035,0.9982218518764631,0.9982181040627227,4,1456,1.5753402080008527,dinov2_small+gabor+mae_base+rgb_ngram_svd,
CUReT,resmlp,42,1,full,random_036,0.9992909079061852,0.9992872416250891,4,3348,2.7445132119901245,beitv2_base_final+eva02_base+gabor+hog,
CUReT,resmlp,42,1,full,random_037,0.9989307361068334,0.9989308624376336,4,5712,5.625556576997042,beitv2_base_final+drlbp+swin_t+vgg16,
CUReT,resmlp,42,1,full,random_038,0.9996435787022778,0.9996436208125445,4,3126,3.949342482999782,dinov2_large+efficientnet_b0+lbp+siglip_base,
CUReT,resmlp,42,1,full,random_039,0.9996435787022778,0.9996436208125445,4,3968,3.8731640730111394,beitv2_base_final+dinov2_small+resnet50+vit_b16,
CUReT,resmlp,42,1,full,random_040,0.9996435787022778,0.9996436208125445,4,2944,3.7721770930074854,convnext_v2_t+deit_s+densenet121+siglip_base,
CUReT,resmlp,42,1,full,random_041,0.9982178935113889,0.9982181040627227,4,5888,4.366125915010343,densenet121+resnet101+resnet50+swin_t,
CUReT,resmlp,42,1,full,random_042,0.9985743148091112,0.9985744832501782,4,4528,2.6559657220059307,deit_s+gabor+resnet101+resnet50,
CUReT,resmlp,42,1,full,random_043,0.9985780653107408,0.9985744832501782,4,4864,1.7329858640005114,dinov2+efficientnet_b0+eva02_base+resnet101,
CUReT,resmlp,42,1,full,random_044,0.9996435787022778,0.9996436208125445,4,5968,4.806118617998436,dinov2+dinov2_large+drlbp+vgg16,
CUReT,resmlp,42,1,full,random_045,0.9992871995148224,0.9992872416250891,4,2384,4.100670574000105,beitv2_base_final+convnext_v2_t+drlbp+swin_t,
CUReT,resmlp,42,1,full,random_046,0.9996435787022778,0.9996436208125445,4,2432,4.586387718998594,beitv2_base_final+deit_s+dinov2_large+rgb_ngram_svd,
CUReT,resmlp,42,1,full,random_047,0.9989307361068334,0.9989308624376336,4,3840,3.6427377219952177,beitv2_base_final+mae_base+resnet101+rgb_ngram_svd,
CUReT,resmlp,42,1,full,random_048,0.9992871574045555,0.9992872416250891,4,6400,3.082682300999295,convnext_v2_t+siglip_base+swin_t+vgg16,
CUReT,resmlp,42,1,full,random_049,0.9992871574045555,0.9992872416250891,4,2816,4.1673275850043865,dinov2_large+mae_base+rgb_ngram_svd+siglip_base,
CUReT,resmlp,42,1,full,random_050,0.9996435787022778,0.9996436208125445,4,2486,4.813855278000119,deit_s+densenet121+dinov2_large+lbp,
CUReT,resmlp,42,1,full,random_051,0.9996435787022778,0.9996436208125445,4,1938,4.207587113007321,convnext_v2_t+dinov2_small+eva02_base+glcm,
CUReT,resmlp,42,1,full,random_052,0.9989307361068334,0.9989308624376336,4,1858,4.084876505003194,convnext_v2_t+dinov2_large+gabor+glcm,
CUReT,resmlp,42,1,full,random_053,0.9975047981348824,0.9975053456878118,4,738,2.069050870006322,dinov2_small+drlbp+glcm+rgb_ngram_svd,
CUReT,resmlp,42,1,full,random_054,1.0,1.0,4,2000,4.147267423002631,dinov2+dinov2_small+drlbp+vit_b16,
CUReT,resmlp,42,1,full,random_055,0.9992871574045555,0.9992872416250891,4,2970,1.7310510920069646,dinov2+dinov2_small+hog+lbp,
CUReT,resmlp,42,1,full,random_056,0.9982179777319226,0.9982181040627227,4,1810,3.4128214010124793,convnext_v2_t+glcm+rgb_ngram_svd+vit_b16,
CUReT,resmlp,42,1,full,random_057,0.9989307361068334,0.9989308624376336,4,5120,4.203566840995336,dinov2+dinov2_large+efficientnet_b0+resnet50,
CUReT,resmlp,42,1,full,random_058,0.9992871574045555,0.9992872416250891,4,2176,4.92740650199994,deit_s+dinov2+mae_base+rgb_ngram_svd,
CUReT,resmlp,42,1,full,random_059,0.9989307361068334,0.9989308624376336,4,1638,4.700598964991514,beitv2_base_final+dinov2+gabor+lbp,
CUReT,resmlp,42,1,full,random_060,0.99043712081383,0.9903777619387027,4,914,3.064837390993489,convnext_v2_t+drlbp+gabor+glcm,
CUReT,resmlp,42,1,full,random_061,0.9989307361068334,0.9989308624376336,4,4176,3.788079028003267,dinov2+drlbp+efficientnet_b0+resnet50,
CUReT,resmlp,42,1,full,random_062,0.9992871574045555,0.9992872416250891,4,6656,3.9591971530026058,dinov2+dinov2_large+eva02_base+vgg16,
CUReT,resmlp,42,1,full,random_063,1.0,1.0,4,2944,3.4000039730017306,densenet121+dinov2_small+eva02_base+mae_base,
CUReT,resmlp,42,1,full,random_064,0.9989307361068334,0.9989308624376336,4,1810,4.130862988007721,dinov2+glcm+mae_base+rgb_ngram_svd,
CUReT,resmlp,42,1,full,random_065,0.9996435787022778,0.9996436208125445,4,3072,3.850456687010592,dinov2+eva02_base+mae_base+swin_t,
CUReT,resmlp,42,1,full,random_066,0.9992871574045555,0.9992872416250891,4,3968,2.8626279149902984,beitv2_base_final+deit_s+resnet50+swin_t,
CUReT,resmlp,42,1,full,random_067,0.9985703115264194,0.9985744832501782,4,4324,1.5598394940025173,beitv2_base_final+densenet121+hog+mae_base,
CUReT,resmlp,42,1,full,random_068,0.9967996222958749,0.9967925873129009,4,3840,4.320393661997514,convnext_v2_t+mae_base+resnet101+rgb_ngram_svd,
CUReT,resmlp,42,1,full,random_069,0.9935869340483836,0.9935851746258019,4,7956,2.466480862000026,gabor+hog+resnet50+vgg16,
CUReT,resmlp,42,1,full,random_070,0.9989308203273669,0.9989308624376336,4,2578,4.451573840997298,convnext_v2_t+densenet121+glcm+vit_b16,
CUReT,resmlp,42,1,full,random_071,0.9992871574045555,0.9992872416250891,4,1968,3.4362263359944336,convnext_v2_t+dinov2_small+gabor+mae_base,
CUReT,resmlp,42,1,full,random_072,0.9996435787022778,0.9996436208125445,4,6656,4.8055567359988345,densenet121+eva02_base+vgg16+vit_b16,
CUReT,resmlp,42,1,full,random_073,0.9996435787022778,0.9996436208125445,4,2322,4.119820468011312,dinov2+glcm+mae_base+swin_t,
CUReT,resmlp,42,1,full,random_074,0.9964430010286149,0.9964362081254454,4,3318,2.0058328169980086,convnext_v2_t+glcm+hog+mae_base,
CUReT,resmlp,42,1,full,random_075,0.9992871574045555,0.9992872416250891,4,2944,4.814355128008174,convnext_v2_t+deit_s+dinov2_large+mae_base,
CUReT,resmlp,42,1,full,random_076,0.9786085422263955,0.9786172487526729,4,4216,1.8663089309993666,gabor+glcm+lbp+vgg16,
CUReT,resmlp,42,1,full,random_077,0.9964342697384602,0.9964362081254454,4,1608,1.249294370005373,eva02_base+glcm+lbp+siglip_base,
CUReT,resmlp,42,1,full,random_078,1.0,1.0,4,2614,1.7609819380013505,dinov2_large+efficientnet_b0+lbp+rgb_ngram_svd,
CUReT,resmlp,42,1,full,random_079,0.9985743148091112,0.9985744832501782,4,2640,2.683932995001669,convnext_v2_t+dinov2_large+drlbp+swin_t,
CUReT,resmlp,42,1,full,random_080,0.9996435787022778,0.9996436208125445,4,2944,4.351108556002146,deit_s+densenet121+dinov2+swin_t,
CUReT,resmlp,42,1,full,random_081,1.0,1.0,4,2688,4.1756115360039985,dinov2_small+eva02_base+mae_base+vit_b16,
CUReT,resmlp,42,1,full,random_082,0.9982176407303267,0.9982181040627227,4,3318,3.4136347269959515,convnext_v2_t+eva02_base+glcm+hog,
CUReT,resmlp,42,1,full,random_083,0.9996435787022778,0.9996436208125445,4,3664,1.9012645699986024,beitv2_base_final+drlbp+mae_base+resnet50,
CUReT,resmlp,42,1,full,random_084,0.9989307361068334,0.9989308624376336,4,6272,4.763225121991127,beitv2_base_final+deit_s+densenet121+vgg16,
CUReT,resmlp,42,1,full,random_085,0.997500923990342,0.9975053456878118,4,3664,3.1121486030024244,drlbp+resnet50+siglip_base+swin_t,
CUReT,resmlp,42,1,full,random_086,0.9985743148091112,0.9985744832501782,4,4918,2.2849798440001905,eva02_base+lbp+resnet101+resnet50,
CUReT,resmlp,42,1,full,random_087,0.9982178935113889,0.9982181040627227,4,7396,5.00077748199692,hog+mae_base+swin_t+vgg16,
CUReT,resmlp,42,1,full,random_088,0.9985743990296447,0.9985744832501782,4,9188,5.189328206004575,efficientnet_b0+hog+resnet50+vgg16,
CUReT,resmlp,42,1,full,random_089,0.9996435787022778,0.9996436208125445,4,4608,2.837759724003263,dinov2+dinov2_large+mae_base+resnet50,
CUReT,resmlp,42,1,full,random_090,0.9964394926067899,0.9964362081254454,4,2096,1.8417137330106925,densenet121+gabor+mae_base+rgb_ngram_svd,
CUReT,resmlp,42,1,full,random_091,0.9978614722136668,0.9978617248752673,4,4918,3.503788803005591,lbp+mae_base+resnet101+resnet50,
CUReT,resmlp,42,1,full,random_092,0.9967883341759598,0.9967925873129009,4,4114,1.4322110490029445,efficientnet_b0+glcm+resnet101+swin_t,
CUReT,resmlp,42,1,full,random_093,0.9992871574045555,0.9992872416250891,4,3072,4.513869807997253,beitv2_base_final+dinov2+siglip_base+swin_t,
CUReT,resmlp,42,1,full,random_094,0.9992871574045555,0.9992872416250891,4,1474,1.494489488992258,densenet121+dinov2_small+gabor+glcm,
CUReT,resmlp,42,1,full,random_095,0.9989307782171002,0.9989308624376336,4,2352,4.186660770006711,beitv2_base_final+convnext_v2_t+gabor+siglip_base,
CUReT,resmlp,42,1,full,random_096,0.9964414203659092,0.9964362081254454,4,2486,1.417263779003406,convnext_v2_t+deit_s+efficientnet_b0+lbp,
CUReT,resmlp,42,1,full,random_097,0.9971441207734061,0.9971489665003563,4,2640,1.5445457879977766,densenet121+drlbp+eva02_base+siglip_base,
CUReT,resmlp,42,1,full,random_098,0.9989307361068334,0.9989308624376336,4,5632,2.09148144700157,beitv2_base_final+eva02_base+resnet101+resnet50,
CUReT,resmlp,42,1,full,random_099,0.9992871574045555,0.9992872416250891,4,2944,4.121869348993641,convnext_v2_t+dinov2_large+dinov2_small+siglip_base,
CUReT,svm,42,0,full,random_000,0.9918296503200018,0.9918032786885246,4,3218,8.995412069001759,deit_s+glcm+resnet50+swin_t,
CUReT,svm,42,0,full,random_001,0.9822012598692282,0.9821810406272273,4,2918,11.235368952002318,gabor+lbp+mae_base+resnet101,
CUReT,svm,42,0,full,random_002,0.9967880813948975,0.9967925873129009,4,7680,13.442207687003247,eva02_base+resnet50+vgg16+vit_b16,
CUReT,svm,42,0,full,random_003,0.9964318679606197,0.9964362081254454,4,3280,7.769265675997303,dinov2_small+drlbp+resnet101+vit_b16,
CUReT,svm,42,0,full,random_004,0.9960827369953613,0.9960798289379901,4,3792,9.931854420996387,dinov2_small+drlbp+efficientnet_b0+resnet50,
CUReT,svm,42,0,full,random_005,0.9921246899265321,0.99215965787598,4,2870,17.109361055998306,efficientnet_b0+lbp+mae_base+siglip_base,
CUReT,svm,42,0,full,random_006,0.9982176407303267,0.9982181040627227,4,5120,17.38052796500415,dinov2_large+efficientnet_b0+eva02_base+resnet101,
CUReT,svm,42,0,full,random_007,0.9975049638880601,0.9975053456878118,4,5650,10.959046015996137,convnext_v2_t+dinov2+glcm+vgg16,
CUReT,svm,42,0,full,random_008,0.9971482476990089,0.9971489665003563,4,2944,12.17433655700006,beitv2_base_final+densenet121+dinov2_small+eva02_base,
CUReT,svm,42,0,full,random_009,0.9820974181803607,0.9821810406272273,4,6708,21.977219387998048,drlbp+hog+siglip_base+vgg16,
CUReT,svm,42,0,full,random_010,0.9810716197503786,0.981111903064861,4,3946,20.343194550005137,drlbp+hog+lbp+resnet50,
CUReT,svm,42,0,full,random_011,0.9967949470999363,0.9967925873129009,4,4068,22.13211132199649,convnext_v2_t+dinov2+hog+mae_base,
CUReT,svm,42,0,full,random_012,0.9953494924726889,0.9953670705630792,4,2896,16.82983283900103,beitv2_base_final+drlbp+efficientnet_b0+eva02_base,
CUReT,svm,42,0,full,random_013,0.9964396217449412,0.9964362081254454,4,2096,22.7636934559996,dinov2+dinov2_large+gabor+rgb_ngram_svd,
CUReT,svm,42,0,full,random_014,0.9971516104774631,0.9971489665003563,4,2304,23.064628399995854,beitv2_base_final+deit_s+dinov2_small+swin_t,
CUReT,svm,42,0,full,random_015,0.9975040391937513,0.9975053456878118,4,4580,22.035515907002264,densenet121+dinov2_large+eva02_base+hog,
CUReT,svm,42,0,full,random_016,0.9964239484231207,0.9964362081254454,4,6016,15.154271309998876,convnext_v2_t+dinov2_small+siglip_base+vgg16,
CUReT,svm,42,0,full,random_017,0.9953541676686273,0.9953670705630792,4,5302,11.131070452000131,deit_s+lbp+vgg16+vit_b16,
CUReT,svm,42,0,full,random_018,0.9885394282443143,0.9885958660014256,4,6966,15.281963433000783,lbp+resnet101+siglip_base+vgg16,
CUReT,svm,42,0,full,random_019,0.9928667796506244,0.992872416250891,4,3664,13.2226394130048,beitv2_base_final+drlbp+mae_base+resnet101,
CUReT,svm,42,0,full,random_020,0.9935594773065808,0.9935851746258019,4,3456,11.089578596998763,deit_s+resnet50+rgb_ngram_svd+siglip_base,
CUReT,svm,42,0,full,random_021,0.9971481240560981,0.9971489665003563,4,2560,27.39305313800287,beitv2_base_final+eva02_base+rgb_ngram_svd+vit_b16,
CUReT,svm,42,0,full,random_022,0.9975088856381078,0.9975053456878118,4,3968,11.771682741004042,dinov2+dinov2_small+resnet50+siglip_base,
CUReT,svm,42,0,full,random_023,0.9846661215559218,0.9846756949394155,4,6448,10.541662736002763,gabor+resnet101+rgb_ngram_svd+vgg16,
CUReT,svm,42,0,full,random_024,0.9975040391937513,0.9975053456878118,4,3830,18.103315401000145,densenet121+dinov2_large+glcm+hog,
CUReT,svm,42,0,full,random_025,0.9917751965883336,0.9918032786885246,4,7396,20.291772144999413,convnext_v2_t+hog+mae_base+vgg16,
CUReT,svm,42,0,full,random_026,0.9818802858789111,0.9818246614397719,4,3110,26.965405278999242,efficientnet_b0+gabor+glcm+hog,
CUReT,svm,42,0,full,random_027,0.9911211959230736,0.9910905203136137,4,3090,12.194461070997932,glcm+resnet101+rgb_ngram_svd+swin_t,
CUReT,svm,42,0,full,random_028,0.9886365929595136,0.9885958660014256,4,5424,14.862319838997792,efficientnet_b0+gabor+resnet101+resnet50,
CUReT,svm,42,0,full,random_029,0.9928628225261329,0.992872416250891,4,2322,18.745485595994978,eva02_base+glcm+siglip_base+swin_t,
CUReT,svm,42,0,full,random_030,0.9978612194326048,0.9978617248752673,4,3072,13.140825015005248,beitv2_base_final+dinov2+mae_base+vit_b16,
CUReT,svm,42,0,full,random_031,0.997147617896029,0.9971489665003563,4,7652,22.39832126100373,dinov2+dinov2_large+hog+vgg16,
CUReT,svm,42,0,full,random_032,0.9982176407303267,0.9982181040627227,4,2944,12.393870413005061,dinov2+dinov2_large+dinov2_small+eva02_base,
CUReT,svm,42,0,full,random_033,0.9849954522472545,0.985032074126871,4,6418,9.69369948199892,glcm+resnet50+rgb_ngram_svd+vgg16,
CUReT,svm,42,0,full,random_034,0.9978612194326045,0.9978617248752673,4,4068,17.51260504200036,dinov2+hog+siglip_base+vit_b16,
CUReT,svm,42,0,full,random_035,0.996806025281395,0.9967925873129009,4,4480,14.953411789996608,convnext_v2_t+dinov2_small+efficientnet_b0+resnet101,
CUReT,svm,42,0,full,random_036,0.993221946720604,0.9932287954383464,4,3218,7.617182385001797,convnext_v2_t+deit_s+glcm+resnet50,
CUReT,svm,42,0,full,random_037,0.9960852939595161,0.9960798289379901,4,1974,13.943796417006524,beitv2_base_final+deit_s+lbp+siglip_base,
CUReT,svm,42,0,full,random_038,0.9889661181226214,0.9889522451888809,4,2578,19.919657293001364,densenet121+efficientnet_b0+glcm+rgb_ngram_svd,
CUReT,svm,42,0,full,random_039,0.9978612194326045,0.9978617248752673,4,4608,10.696625946002314,dinov2_large+eva02_base+resnet50+vit_b16,
CUReT,svm,42,0,full,random_040,0.9971476600062958,0.9971489665003563,4,5604,19.54232015099842,dinov2_large+hog+resnet50+swin_t,
CUReT,svm,42,0,full,random_041,0.9964234315617939,0.9964362081254454,4,2578,17.253754997000215,densenet121+glcm+swin_t+vit_b16,
CUReT,svm,42,0,full,random_042,0.9900149046385834,0.9900213827512473,4,1872,15.393807972999639,drlbp+mae_base+rgb_ngram_svd+swin_t,
CUReT,svm,42,0,full,random_043,0.9964350594906557,0.9964362081254454,4,2358,16.524285061001137,beitv2_base_final+convnext_v2_t+lbp+swin_t,
CUReT,svm,42,0,full,random_044,0.9971479020861002,0.9971489665003563,4,2640,17.475130448001437,beitv2_base_final+convnext_v2_t+dinov2_large+drlbp,
CUReT,svm,42,0,full,random_045,0.9971483768371601,0.9971489665003563,4,2322,16.649242515006335,dinov2+glcm+mae_base+vit_b16,
CUReT,svm,42,0,full,random_046,0.9949677302499393,0.9950106913756237,4,4912,8.724040056004014,gabor+resnet101+resnet50+vit_b16,
CUReT,svm,42,0,full,random_047,0.9982213912319564,0.9982181040627227,4,4580,17.329154731000017,dinov2+efficientnet_b0+hog+siglip_base,
CUReT,svm,42,0,full,random_048,0.9946319379358005,0.9946543121881682,4,3318,14.89821308599494,convnext_v2_t+glcm+hog+vit_b16,
CUReT,svm,42,0,full,random_049,0.9960575810164228,0.9960798289379901,4,3632,9.461280536997947,convnext_v2_t+gabor+resnet50+vit_b16,
CUReT,svm,42,0,full,random_050,0.99644571853993,0.9964362081254454,4,1894,16.05187905099592,dinov2_large+gabor+lbp+siglip_base,
CUReT,svm,42,0,full,random_051,0.9971486717284891,0.9971489665003563,4,6656,15.556622169002367,beitv2_base_final+dinov2+dinov2_large+vgg16,
CUReT,svm,42,0,full,random_052,0.9864762103397665,0.9864575908766928,4,3812,22.64267835699866,densenet121+hog+mae_base+rgb_ngram_svd,
CUReT,svm,42,0,full,random_053,0.9932384042993798,0.9932287954383464,4,5220,17.63466670899652,deit_s+densenet121+hog+resnet50,
CUReT,svm,42,0,full,random_054,0.9975048402451493,0.9975053456878118,4,3126,14.631595576996915,dinov2_large+efficientnet_b0+lbp+mae_base,
CUReT,svm,42,0,full,random_055,0.9917641303417066,0.9918032786885246,4,3664,12.704257994002546,drlbp+eva02_base+resnet101+siglip_base,
CUReT,svm,42,0,full,random_056,0.9978613430755156,0.9978617248752673,4,4224,12.899440512999718,beitv2_base_final+dinov2_large+dinov2_small+resnet50,
CUReT,svm,42,0,full,random_057,0.9967879522567463,0.9967925873129009,4,2322,18.817608259996632,beitv2_base_final+convnext_v2_t+glcm+vit_b16,
CUReT,svm,42,0,full,random_058,0.9975048402451493,0.9975053456878118,4,2432,20.483495927997865,dinov2_large+drlbp+efficientnet_b0+gabor,
CUReT,svm,42,0,full,random_059,0.991801486874586,0.9918032786885246,4,3638,12.03507467199961,convnext_v2_t+lbp+mae_base+resnet101,
CUReT,svm,42,0,full,random_060,0.997865093577145,0.9978617248752673,4,3968,12.04817700300191,dinov2+dinov2_small+resnet101+siglip_base,
CUReT,svm,42,0,full,random_061,0.9914531476586603,0.9914468995010691,4,712,7.08839383799932,dinov2_small+glcm+lbp+rgb_ngram_svd,
CUReT,svm,42,0,full,random_062,0.9975090092810186,0.9975053456878118,4,4096,12.060302811005386,densenet121+dinov2+resnet101+rgb_ngram_svd,
CUReT,svm,42,0,full,random_063,0.9871743541403377,0.9871703492516037,4,2634,24.74858200599556,gabor+hog+lbp+swin_t,
CUReT,svm,42,0,full,random_064,0.9946393105332475,0.9946543121881682,4,3632,10.897029968000425,convnext_v2_t+eva02_base+gabor+resnet50,
CUReT,svm,42,0,full,random_065,0.9957260516173746,0.9957234497505346,4,1250,10.717891804000828,dinov2+dinov2_small+drlbp+glcm,
CUReT,svm,42,0,full,random_066,0.9950057166299838,0.9950106913756237,4,2256,18.508347000999493,densenet121+dinov2_small+drlbp+siglip_base,
CUReT,svm,42,0,full,random_067,0.990047185309114,0.9900213827512473,4,4634,18.794056972998078,hog+lbp+resnet50+siglip_base,
CUReT,svm,42,0,full,random_068,0.9953697680691168,0.9953670705630792,4,2358,20.125819842003693,beitv2_base_final+eva02_base+lbp+swin_t,
CUReT,svm,42,0,full,random_069,0.9967911965983068,0.9967925873129009,4,2896,13.308492249001574,densenet121+dinov2_large+drlbp+mae_base,
CUReT,svm,42,0,full,random_070,0.9964460714904552,0.9964362081254454,4,1224,9.288507081997523,beitv2_base_final+dinov2_small+glcm+lbp,
CUReT,svm,42,0,full,random_071,0.9957182270016668,0.9957234497505346,4,1480,11.966332208001404,deit_s+dinov2_large+glcm+lbp,
CUReT,svm,42,0,full,random_072,0.9978604604914735,0.9978617248752673,4,2352,19.666225400003896,beitv2_base_final+convnext_v2_t+dinov2+gabor,
CUReT,svm,42,0,full,random_073,0.990070671652471,0.9900213827512473,4,3138,9.548310898004274,densenet121+gabor+glcm+resnet101,
CUReT,svm,42,0,full,random_074,0.99536222764348,0.9953670705630792,4,2560,8.909453452004527,dinov2_small+drlbp+gabor+resnet50,
CUReT,svm,42,0,full,random_075,0.9846521629571353,0.9846756949394155,4,5968,11.663264146001893,densenet121+drlbp+mae_base+vgg16,
CUReT,svm,42,0,full,random_076,0.9967921634028825,0.9967925873129009,4,4352,10.96911831000034,beitv2_base_final+dinov2+resnet101+swin_t,
CUReT,svm,42,0,full,random_077,0.9982176407303267,0.9982181040627227,4,1968,15.070913143994403,convnext_v2_t+dinov2+dinov2_small+gabor,
CUReT,svm,42,0,full,random_078,0.9935920242667823,0.9935851746258019,4,4660,15.4609563289996,convnext_v2_t+drlbp+hog+resnet50,
CUReT,svm,42,0,full,random_079,0.9939071983818649,0.9939415538132573,4,3602,10.16900076300226,glcm+resnet101+siglip_base+vit_b16,
CUReT,svm,42,0,full,random_080,0.9953620618903024,0.9953670705630792,4,6272,13.099261347997526,deit_s+dinov2_large+mae_base+vgg16,
CUReT,svm,42,0,full,random_081,0.9975042812735558,0.9975053456878118,4,1974,15.768750046001514,dinov2+dinov2_small+lbp+swin_t,
CUReT,svm,42,0,full,random_082,0.9854258696082683,0.9853884533143265,4,8676,20.231857036000292,hog+mae_base+resnet101+vgg16,
CUReT,svm,42,0,full,random_083,0.9964348595211182,0.9964362081254454,4,5504,10.045815814002708,deit_s+dinov2_large+resnet101+resnet50,
CUReT,svm,42,0,full,random_084,0.993221946720604,0.9932287954383464,4,3218,8.537121288994967,convnext_v2_t+deit_s+glcm+resnet50,
CUReT,svm,42,0,full,random_085,0.9900613493033978,0.9900213827512473,4,2120,16.96864673100208,efficientnet_b0+eva02_base+glcm+lbp,
CUReT,svm,42,0,full,random_086,0.9964388942128187,0.9964362081254454,4,1286,9.582670979005343,dinov2_small+drlbp+lbp+swin_t,
CUReT,svm,42,0,full,random_087,0.9900613493033978,0.9900213827512473,4,2120,15.616778620998957,efficientnet_b0+eva02_base+glcm+lbp,
CUReT,svm,42,0,full,random_088,0.9978604604914735,0.9978617248752673,4,2608,17.7175601859999,convnext_v2_t+dinov2+dinov2_large+gabor,
CUReT,svm,42,0,full,random_089,0.9978612194326045,0.9978617248752673,4,3584,11.571137423998152,densenet121+dinov2_large+swin_t+vit_b16,
CUReT,svm,42,0,full,random_090,0.9978612615428712,0.9978617248752673,4,3584,11.670185146998847,densenet121+dinov2+dinov2_large+eva02_base,
CUReT,svm,42,0,full,random_091,0.9971595520154222,0.9971489665003563,4,6272,10.483016519996454,deit_s+densenet121+dinov2+vgg16,
CUReT,svm,42,0,full,random_092,0.9964238247802097,0.9964362081254454,4,6528,11.970111263995932,dinov2_small+efficientnet_b0+siglip_base+vgg16,
CUReT,svm,42,0,full,random_093,0.9953413852446387,0.9953670705630792,4,3664,9.908870817002025,beitv2_base_final+drlbp+eva02_base+resnet101,
CUReT,svm,42,0,full,random_094,0.9953652586263557,0.9953670705630792,4,3348,13.717560689001402,beitv2_base_final+gabor+hog+vit_b16,
CUReT,svm,42,0,full,random_095,0.9942884656067551,0.9942979330007128,4,5504,8.646625085995765,beitv2_base_final+deit_s+rgb_ngram_svd+vgg16,
CUReT,svm,42,0,full,random_096,0.9957067148218092,0.9957234497505346,4,1590,11.217024466001021,deit_s+dinov2_small+eva02_base+lbp,
CUReT,svm,42,0,full,random_097,0.9925577291103964,0.9925160370634355,4,5174,10.113512836003792,densenet121+lbp+resnet101+resnet50,
CUReT,svm,42,0,full,random_098,0.986394613202288,0.9864575908766928,4,2868,15.10474316800537,drlbp+eva02_base+hog+rgb_ngram_svd,
CUReT,svm,42,0,full,random_099,0.99287043856099,0.992872416250891,4,1634,11.582574644999113,convnext_v2_t+drlbp+glcm+swin_t,
CUReT,svm,42,1,full,random_000,0.9975007948521906,0.9975053456878118,5,6418,13.412545991996012,convnext_v2_t+glcm+siglip_base+swin_t+vgg16,
CUReT,svm,42,1,full,random_001,0.9992871574045555,0.9992872416250891,5,3206,13.048813661996974,beitv2_base_final+dinov2_large+drlbp+efficientnet_b0+lbp,
CUReT,svm,42,1,full,random_002,0.9985743569193779,0.9985744832501782,5,3840,17.19637203500315,beitv2_base_final+convnext_v2_t+eva02_base+siglip_base+swin_t,
CUReT,svm,42,1,full,random_003,0.9978612194326045,0.9978617248752673,5,4370,17.904548997001257,glcm+mae_base+resnet101+siglip_base+vit_b16,
CUReT,svm,42,1,full,random_004,0.9989307361068334,0.9989308624376336,5,3126,15.76225446099852,convnext_v2_t+efficientnet_b0+lbp+rgb_ngram_svd+vit_b16,
CUReT,svm,42,1,full,random_005,0.9992871574045555,0.9992872416250891,5,8832,18.200405123003293,dinov2_large+dinov2_small+efficientnet_b0+resnet101+vgg16,
CUReT,svm,42,1,full,random_006,0.9989307361068334,0.9989308624376336,5,2736,23.701313568999467,beitv2_base_final+deit_s+eva02_base+gabor+vit_b16,
CUReT,svm,42,1,full,random_007,0.9978534656482833,0.9978617248752673,5,3126,15.650258960005885,efficientnet_b0+eva02_base+lbp+rgb_ngram_svd+swin_t,
CUReT,svm,42,1,full,random_008,0.9992871574045555,0.9992872416250891,5,3024,13.477946254999551,deit_s+densenet121+dinov2+drlbp+mae_base,
CUReT,svm,42,1,full,random_009,0.9978612194326048,0.9978617248752673,5,6710,17.854090732005716,densenet121+lbp+siglip_base+vgg16+vit_b16,
CUReT,svm,42,1,full,random_010,0.9992871574045555,0.9992872416250891,5,2944,13.50476665199676,beitv2_base_final+dinov2_small+mae_base+rgb_ngram_svd+vit_b16,
CUReT,svm,42,1,full,random_011,0.9996435787022778,0.9996436208125445,5,2054,17.74944071200298,dinov2_small+drlbp+lbp+siglip_base+vit_b16,
CUReT,svm,42,1,full,random_012,0.9982216440130186,0.9982181040627227,5,2406,20.963144948000263,dinov2+eva02_base+gabor+lbp+mae_base,
CUReT,svm,42,1,full,random_013,0.9985743148091112,0.9985744832501782,5,2406,20.27282189000107,beitv2_base_final+dinov2+gabor+lbp+vit_b16,
CUReT,svm,42,1,full,random_014,0.9992871574045555,0.9992872416250891,5,5376,18.921070907003013,dinov2+dinov2_large+mae_base+resnet101+siglip_base,
CUReT,svm,42,1,full,random_015,0.9989304833257712,0.9989308624376336,5,4372,21.10615903199505,beitv2_base_final+convnext_v2_t+densenet121+gabor+hog,
CUReT,svm,42,1,full,random_016,0.9996435787022778,0.9996436208125445,5,3328,14.250277518003713,convnext_v2_t+dinov2+rgb_ngram_svd+swin_t+vit_b16,
CUReT,svm,42,1,full,random_017,0.9989307361068334,0.9989308624376336,5,4736,14.626325745004578,beitv2_base_final+deit_s+resnet50+siglip_base+vit_b16,
CUReT,svm,42,1,full,random_018,0.9957267173309523,0.9957234497505346,5,5320,10.45106131999637,deit_s+glcm+lbp+swin_t+vgg16,
CUReT,svm,42,1,full,random_019,0.9978604604914735,0.9978617248752673,5,2230,19.47003473500081,drlbp+efficientnet_b0+gabor+lbp+vit_b16,
CUReT,svm,42,1,full,random_020,0.9992871574045555,0.9992872416250891,5,5092,21.533996297999693,beitv2_base_final+densenet121+hog+swin_t+vit_b16,
CUReT,svm,42,1,full,random_021,0.9992871574045555,0.9992872416250891,5,3888,17.45972971500305,dinov2_large+efficientnet_b0+gabor+swin_t+vit_b16,
CUReT,svm,42,1,full,random_022,0.9953736106851865,0.9953670705630792,5,3556,20.11787550400186,deit_s+drlbp+efficientnet_b0+gabor+hog,
CUReT,svm,42,1,full,random_023,0.9989307361068334,0.9989308624376336,5,2578,18.5827746280047,beitv2_base_final+dinov2+glcm+rgb_ngram_svd+siglip_base,
CUReT,svm,42,1,full,random_024,0.9992871574045555,0.9992872416250891,5,5632,16.62886611099384,convnext_v2_t+efficientnet_b0+mae_base+resnet50+vit_b16,
CUReT,svm,42,1,full,random_025,0.9985743148091112,0.9985744832501782,5,3504,9.605762211998808,dinov2_small+eva02_base+gabor+resnet101+rgb_ngram_svd,
CUReT,svm,42,1,full,random_026,0.9982178935113889,0.9982181040627227,5,7936,15.296489313004713,eva02_base+resnet101+rgb_ngram_svd+swin_t+vgg16,
CUReT,svm,42,1,full,random_027,0.9982176407303267,0.9982181040627227,5,7314,11.847632498000166,beitv2_base_final+dinov2_small+glcm+resnet101+vgg16,
CUReT,svm,42,1,full,random_028,0.9982216861232853,0.9982181040627227,5,2370,19.68222593599785,beitv2_base_final+eva02_base+gabor+glcm+siglip_base,
CUReT,svm,42,1,full,random_029,0.9985703115264194,0.9985744832501782,5,4224,12.534083595994161,dinov2_small+eva02_base+mae_base+resnet50+rgb_ngram_svd,
CUReT,svm,42,1,full,random_030,0.998934486608463,0.9989308624376336,5,3894,14.874732666001364,beitv2_base_final+dinov2_large+efficientnet_b0+lbp+swin_t,
CUReT,svm,42,1,full,random_031,0.9992871574045555,0.9992872416250891,5,3712,13.435142144000565,convnext_v2_t+deit_s+densenet121+siglip_base+vit_b16,
CUReT,svm,42,1,full,random_032,0.9985743148091112,0.9985744832501782,5,4736,13.725207852003223,deit_s+eva02_base+resnet101+siglip_base+vit_b16,
CUReT,svm,42,1,full,random_033,0.9985703536366862,0.9985744832501782,5,2120,16.186249739999766,densenet121+dinov2+glcm+lbp+rgb_ngram_svd,
CUReT,svm,42,1,full,random_034,0.9992871574045555,0.9992872416250891,5,4176,10.192098255000019,dinov2_large+drlbp+resnet50+rgb_ngram_svd+vit_b16,
CUReT,svm,42,1,full,random_035,0.9989307361068334,0.9989308624376336,5,3152,12.210217557003489,beitv2_base_final+convnext_v2_t+drlbp+siglip_base+vit_b16,
CUReT,svm,42,1,full,random_036,0.9985743569193779,0.9985744832501782,5,2640,19.41787127099815,beitv2_base_final+drlbp+rgb_ngram_svd+siglip_base+swin_t,
CUReT,svm,42,1,full,random_037,0.9992871574045555,0.9992872416250891,5,7652,17.339498204004485,hog+rgb_ngram_svd+swin_t+vgg16+vit_b16,
CUReT,svm,42,1,full,random_038,0.9989307361068334,0.9989308624376336,5,4864,14.347495007998077,dinov2_large+mae_base+resnet50+rgb_ngram_svd+siglip_base,
CUReT,svm,42,1,full,random_039,0.9978604604914735,0.9978617248752673,5,5346,9.81442366400006,deit_s+drlbp+glcm+vgg16+vit_b16,
CUReT,svm,42,1,full,random_040,0.9971517982311008,0.9971489665003563,5,2018,15.824533813000016,convnext_v2_t+deit_s+drlbp+eva02_base+glcm,
CUReT,svm,42,1,full,random_041,0.997500299991324,0.9975053456878118,5,1304,10.214950374996988,beitv2_base_final+dinov2_small+drlbp+glcm+lbp,
CUReT,svm,42,1,full,random_042,0.9989307361068334,0.9989308624376336,5,6352,11.845012447003683,densenet121+dinov2_small+drlbp+vgg16+vit_b16,
CUReT,svm,42,1,full,random_043,0.9985743148091112,0.9985744832501782,5,5906,10.223854304997076,convnext_v2_t+dinov2+glcm+rgb_ngram_svd+vgg16,
CUReT,svm,42,1,full,random_044,0.9996435787022778,0.9996436208125445,5,3456,12.829140838002786,dinov2+dinov2_small+mae_base+swin_t+vit_b16,
CUReT,svm,42,1,full,random_045,0.9978575110412418,0.9978617248752673,5,2224,17.007828941001208,deit_s+dinov2+gabor+mae_base+rgb_ngram_svd,
CUReT,svm,42,1,full,random_046,0.9985814445944146,0.9985744832501782,5,3402,16.53803180200339,beitv2_base_final+eva02_base+gabor+hog+lbp,
CUReT,svm,42,1,full,random_047,0.9964498988750018,0.9964362081254454,5,3372,21.365559755002323,convnext_v2_t+eva02_base+glcm+hog+lbp,
CUReT,svm,42,1,full,random_048,0.9992871574045555,0.9992872416250891,5,3200,14.605801699995936,convnext_v2_t+deit_s+dinov2_large+rgb_ngram_svd+vit_b16,
CUReT,svm,42,1,full,random_049,0.9982057487212004,0.9982181040627227,5,2760,27.739768858002208,densenet121+dinov2_small+efficientnet_b0+glcm+lbp,
CUReT,svm,42,1,full,random_050,0.9989307361068334,0.9989308624376336,5,5908,26.32700663200376,densenet121+dinov2_large+gabor+hog+resnet101,
CUReT,svm,42,1,full,random_051,0.9985740620280489,0.9985744832501782,5,4304,18.60120541499782,beitv2_base_final+deit_s+densenet121+drlbp+resnet101,
CUReT,svm,42,1,full,random_052,0.9985740620280489,0.9985744832501782,5,4708,29.45664922400465,beitv2_base_final+deit_s+densenet121+hog+mae_base,
CUReT,svm,42,1,full,random_053,0.9960890444611458,0.9960798289379901,5,6984,20.52575858199998,convnext_v2_t+glcm+lbp+resnet101+vgg16,
CUReT,svm,42,1,full,random_054,0.9982138902286972,0.9982181040627227,5,3638,26.25834980000218,convnext_v2_t+dinov2+efficientnet_b0+lbp+mae_base,
CUReT,svm,42,1,full,random_055,0.997492906125756,0.9975053456878118,5,2736,31.087295835997793,convnext_v2_t+dinov2_small+gabor+mae_base+siglip_base,
CUReT,svm,42,1,full,random_056,0.9985743148091112,0.9985744832501782,5,7936,29.90930529199977,densenet121+efficientnet_b0+eva02_base+swin_t+vgg16,
CUReT,svm,42,1,full,random_057,0.9989307361068334,0.9989308624376336,5,9444,21.528755972998624,dinov2+hog+resnet101+vgg16+vit_b16,
CUReT,svm,42,1,full,random_058,0.9989307361068334,0.9989308624376336,5,7984,17.72574023299967,convnext_v2_t+dinov2_large+gabor+resnet50+vgg16,
CUReT,svm,42,1,full,random_059,0.9953693882398479,0.9953670705630792,5,5496,16.58569682599773,efficientnet_b0+gabor+glcm+lbp+vgg16,
CUReT,svm,42,1,full,random_060,0.9982176407303267,0.9982181040627227,5,8724,25.30455875300686,beitv2_base_final+gabor+hog+resnet101+vgg16,
CUReT,svm,42,1,full,random_061,0.992114902116028,0.99215965787598,5,3636,33.412963786002365,drlbp+hog+mae_base+rgb_ngram_svd+siglip_base,
CUReT,svm,42,1,full,random_062,0.9996435787022778,0.9996436208125445,5,7680,18.368328148993896,densenet121+dinov2+dinov2_large+swin_t+vgg16,
CUReT,svm,42,1,full,random_063,0.9989304833257712,0.9989308624376336,5,7780,25.31992588400317,dinov2_small+eva02_base+hog+mae_base+vgg16,
CUReT,svm,42,1,full,random_064,0.9967836848937899,0.9967925873129009,5,2706,23.43094413200015,deit_s+efficientnet_b0+glcm+rgb_ngram_svd+swin_t,
CUReT,svm,42,1,full,random_065,0.9989307361068334,0.9989308624376336,5,4196,17.713936945998285,densenet121+dinov2_small+hog+rgb_ngram_svd+vit_b16,
CUReT,svm,42,1,full,random_066,0.9964277804573944,0.9964362081254454,5,4048,13.025701127997309,deit_s+drlbp+resnet50+siglip_base+swin_t,
CUReT,svm,42,1,full,random_067,0.9978612194326045,0.9978617248752673,5,2888,15.81235930800176,efficientnet_b0+glcm+lbp+mae_base+vit_b16,
CUReT,svm,42,1,full,random_068,0.9982178935113889,0.9982181040627227,5,7936,16.811500279996835,eva02_base+resnet101+rgb_ngram_svd+swin_t+vgg16,
CUReT,svm,42,1,full,random_069,0.9996435787022778,0.9996436208125445,5,4992,17.885388080001576,densenet121+dinov2+dinov2_small+resnet101+siglip_base,
CUReT,svm,42,1,full,random_070,0.9978652648255631,0.9978617248752673,5,1912,19.426688225998078,densenet121+gabor+glcm+lbp+vit_b16,
CUReT,svm,42,1,full,random_071,0.9985743148091112,0.9985744832501782,5,6216,18.657517644998734,densenet121+dinov2_large+glcm+lbp+vgg16,
CUReT,svm,42,1,full,random_072,0.9992871574045555,0.9992872416250891,5,2742,29.933984500996303,beitv2_base_final+dinov2+dinov2_small+lbp+vit_b16,
CUReT,svm,42,1,full,random_073,0.9992871574045555,0.9992872416250891,5,2242,20.126813768998545,beitv2_base_final+densenet121+dinov2_small+gabor+glcm,
CUReT,svm,42,1,full,random_074,0.9985814445944146,0.9985744832501782,5,3712,20.892585184999916,beitv2_base_final+convnext_v2_t+deit_s+densenet121+eva02_base,
CUReT,svm,42,1,full,random_075,0.9989307361068334,0.9989308624376336,5,2736,28.40010224800062,beitv2_base_final+deit_s+dinov2+gabor+mae_base,
CUReT,svm,42,1,full,random_076,0.9957364973079639,0.9957234497505346,5,3920,16.33078613899852,drlbp+eva02_base+mae_base+resnet50+rgb_ngram_svd,
CUReT,svm,42,1,full,random_077,0.9996435787022778,0.9996436208125445,5,4736,15.594298361997062,beitv2_base_final+convnext_v2_t+dinov2+dinov2_small+resnet50,
CUReT,svm,42,1,full,random_078,0.9992871574045555,0.9992872416250891,5,4560,14.217554147995543,densenet121+dinov2_large+dinov2_small+drlbp+resnet101,
CUReT,svm,42,1,full,random_079,0.9992871574045555,0.9992872416250891,5,6960,18.247320576003403,densenet121+dinov2_large+gabor+siglip_base+vgg16,
CUReT,svm,42,1,full,random_080,1.0,1.0,5,4096,20.50059654400684,beitv2_base_final+convnext_v2_t+dinov2_large+mae_base+siglip_base,
CUReT,svm,42,1,full,random_081,0.9996435787022778,0.9996436208125445,5,3968,19.449628651003877,deit_s+densenet121+dinov2_large+siglip_base+swin_t,
CUReT,svm,42,1,full,random_082,0.996795619013183,0.9967925873129009,5,3974,12.973115077002149,convnext_v2_t+densenet121+drlbp+lbp+resnet50,
CUReT,svm,42,1,full,random_083,0.9967842438653833,0.9967925873129009,5,2944,17.187561637998442,deit_s+mae_base+rgb_ngram_svd+siglip_base+swin_t,
CUReT,svm,42,1,full,random_084,0.9989307361068334,0.9989308624376336,5,3376,17.247122146000038,convnext_v2_t+dinov2+dinov2_large+gabor+siglip_base,
CUReT,svm,42,1,full,random_085,0.9992871574045555,0.9992872416250891,5,2384,25.534337812001468,beitv2_base_final+deit_s+dinov2_small+drlbp+vit_b16,
CUReT,svm,42,1,full,random_086,0.9992871574045555,0.9992872416250891,5,3376,18.837006740002835,convnext_v2_t+densenet121+gabor+siglip_base+vit_b16,
CUReT,svm,42,1,full,random_087,0.9903887206438181,0.9903777619387027,5,2456,12.838106224000512,drlbp+glcm+lbp+resnet101+rgb_ngram_svd,
CUReT,svm,42,1,full,random_088,0.9939283646387895,0.9939415538132573,5,3366,23.173554081004113,gabor+glcm+hog+mae_base+swin_t,
CUReT,svm,42,1,full,random_089,0.9992871574045555,0.9992872416250891,5,5376,17.027419602993177,beitv2_base_final+convnext_v2_t+densenet121+resnet50+vit_b16,
CUReT,svm,42,1,full,random_090,0.9975010897435196,0.9975053456878118,5,9472,17.424731393999537,densenet121+resnet101+resnet50+rgb_ngram_svd+vgg16,
CUReT,svm,42,1,full,random_091,0.9960744349407041,0.9960798289379901,5,4150,15.196718148996297,densenet121+lbp+mae_base+resnet50+rgb_ngram_svd,
CUReT,svm,42,1,full,random_092,0.9985743148091112,0.9985744832501782,5,1992,14.226282618001278,deit_s+dinov2+glcm+lbp+vit_b16,
CUReT,svm,42,1,full,random_093,0.9978686019989703,0.9978617248752673,5,4882,14.004120398996747,beitv2_base_final+efficientnet_b0+eva02_base+glcm+resnet50,
CUReT,svm,42,1,full,random_094,0.9978604604914735,0.9978617248752673,5,7760,12.733547572002863,beitv2_base_final+drlbp+resnet50+vgg16+vit_b16,
CUReT,svm,42,1,full,random_095,0.9953621434229465,0.9953670705630792,5,5712,14.978607652999926,drlbp+mae_base+resnet101+resnet50+swin_t,
CUReT,svm,42,1,full,random_096,0.9960714882978237,0.9960798289379901,5,4406,16.62972250099847,lbp+mae_base+resnet50+siglip_base+swin_t,
CUReT,svm,42,1,full,random_097,0.9992871574045555,0.9992872416250891,5,7552,18.29305849600496,dinov2_large+dinov2_small+efficientnet_b0+mae_base+vgg16,
CUReT,svm,42,1,full,random_098,0.9985743148091112,0.9985744832501782,5,4406,14.617532305994246,beitv2_base_final+lbp+resnet101+swin_t+vit_b16,
CUReT,svm,42,1,full,random_099,0.9985743148091112,0.9985744832501782,5,7954,14.85939283100015,dinov2_large+glcm+mae_base+resnet101+vgg16,
DTD,resmlp,42,0,full,random_000,0.829596511609125,0.8313829787234043,6,3760,5.21029524900041,deit_s+densenet121+gabor+mae_base+siglip_base+vit_b16,
DTD,resmlp,42,0,full,random_001,0.8417257707283858,0.8425531914893617,6,2662,5.288330107001457,convnext_v2_t+eva02_base+gabor+lbp+rgb_ngram_svd+vit_b16,
DTD,resmlp,42,0,full,random_002,0.8584341058038553,0.8590425531914894,6,5046,5.970151289000569,convnext_v2_t+dinov2_large+dinov2_small+lbp+resnet101+vit_b16,
DTD,resmlp,42,0,full,random_003,0.8676942537496439,0.8686170212765958,6,4662,4.802276628999607,beitv2_base_final+dinov2_large+efficientnet_b0+lbp+mae_base+siglip_base,
DTD,resmlp,42,0,full,random_004,0.8469839360388455,0.847872340425532,6,7402,5.72301183700074,deit_s+dinov2_large+drlbp+hog+lbp+vgg16,
DTD,resmlp,42,0,full,random_005,0.8719611901992317,0.872872340425532,6,4224,4.77844347700011,beitv2_base_final+deit_s+densenet121+dinov2_large+eva02_base+rgb_ngram_svd,
DTD,resmlp,42,0,full,random_006,0.8488317202561259,0.8494680851063829,6,6196,5.224819584000215,beitv2_base_final+drlbp+eva02_base+hog+resnet101+swin_t,
DTD,resmlp,42,0,full,random_007,0.7904776506552926,0.7925531914893617,6,3192,3.8601705089986353,convnext_v2_t+densenet121+efficientnet_b0+gabor+glcm+lbp,
DTD,resmlp,42,0,full,random_008,0.8680443707383942,0.8691489361702127,6,5552,5.4653609220004,dinov2+dinov2_large+dinov2_small+efficientnet_b0+gabor+resnet50,
DTD,resmlp,42,0,full,random_009,0.8594291430787171,0.8595744680851064,6,4352,5.07619360299941,beitv2_base_final+deit_s+dinov2_large+drlbp+gabor+resnet50,
DTD,resmlp,42,0,full,random_010,0.8519041337187659,0.8531914893617021,6,7040,4.803765769000165,convnext_v2_t+dinov2_small+rgb_ngram_svd+siglip_base+swin_t+vgg16,
DTD,resmlp,42,0,full,random_011,0.7688732363066983,0.7702127659574468,6,6548,5.296277870000267,deit_s+gabor+hog+resnet101+resnet50+rgb_ngram_svd,
DTD,resmlp,42,0,full,random_012,0.8533868570452802,0.8547872340425532,6,8244,5.6087005809986294,beitv2_base_final+dinov2+drlbp+hog+mae_base+vgg16,
DTD,resmlp,42,0,full,random_013,0.8129495737613519,0.8143617021276596,6,6832,5.911420071000975,beitv2_base_final+deit_s+gabor+mae_base+vgg16+vit_b16,
DTD,resmlp,42,0,full,random_014,0.8546098204088335,0.8558510638297873,6,4754,4.8339368010001635,beitv2_base_final+dinov2+dinov2_small+glcm+mae_base+resnet101,
DTD,resmlp,42,0,full,random_015,0.8567275773311321,0.8574468085106383,6,3638,3.1119440230013424,deit_s+densenet121+dinov2_large+dinov2_small+lbp+siglip_base,
DTD,resmlp,42,0,full,random_016,0.7646764007833341,0.7680851063829788,6,6950,1.9744919290005782,convnext_v2_t+gabor+glcm+hog+rgb_ngram_svd+vgg16,
DTD,resmlp,42,0,full,random_017,0.8445979744572536,0.8462765957446808,6,4882,2.9086768819997815,densenet121+dinov2+glcm+resnet101+rgb_ngram_svd+swin_t,
DTD,resmlp,42,0,full,random_018,0.8212236174722267,0.8228723404255319,6,4116,3.758823622998534,deit_s+dinov2_small+gabor+hog+mae_base+vit_b16,
DTD,resmlp,42,0,full,random_019,0.8500859052500032,0.850531914893617,6,6472,4.835564380999131,beitv2_base_final+dinov2+glcm+lbp+vgg16+vit_b16,
DTD,resmlp,42,0,full,random_020,0.8711363815785643,0.8718085106382979,6,5092,2.381992303999141,deit_s+dinov2_large+dinov2_small+eva02_base+hog+siglip_base,
DTD,resmlp,42,0,full,random_021,0.8320974830226507,0.8329787234042553,6,6704,5.229666328001258,gabor+mae_base+rgb_ngram_svd+siglip_base+vgg16+vit_b16,
DTD,resmlp,42,0,full,random_022,0.8521774376036678,0.8531914893617021,6,4102,5.066092037000999,dinov2_small+drlbp+eva02_base+lbp+resnet50+vit_b16,
DTD,resmlp,42,0,full,random_023,0.8145038142950185,0.8164893617021277,6,6498,5.694148996999502,beitv2_base_final+convnext_v2_t+drlbp+glcm+mae_base+vgg16,
DTD,resmlp,42,0,full,random_024,0.7604670220378105,0.7622340425531915,6,4706,5.4074127370004135,densenet121+drlbp+efficientnet_b0+glcm+resnet50+rgb_ngram_svd,
DTD,resmlp,42,0,full,random_025,0.8331130791673026,0.8345744680851064,6,5098,5.379172355000264,convnext_v2_t+dinov2_small+drlbp+hog+lbp+resnet50,
DTD,resmlp,42,0,full,random_026,0.7883504696220845,0.7893617021276595,6,7088,5.8546329219989275,deit_s+densenet121+gabor+swin_t+vgg16+vit_b16,
DTD,resmlp,42,0,full,random_027,0.8434135562573054,0.8446808510638298,6,4626,2.6190077289993496,convnext_v2_t+glcm+mae_base+resnet50+rgb_ngram_svd+siglip_base,
DTD,resmlp,42,0,full,random_028,0.8631633444994021,0.8643617021276596,6,3712,5.348569150999538,beitv2_base_final+convnext_v2_t+dinov2+dinov2_small+rgb_ngram_svd+siglip_base,
DTD,resmlp,42,0,full,random_029,0.8523102381138782,0.8526595744680852,6,6372,5.838571827998749,eva02_base+hog+resnet50+rgb_ngram_svd+siglip_base+swin_t,
DTD,resmlp,42,0,full,random_030,0.8384703473930236,0.8398936170212766,6,7010,1.937836392000463,densenet121+dinov2_large+drlbp+glcm+mae_base+vgg16,
DTD,resmlp,42,0,full,random_031,0.808944306343022,0.8101063829787234,6,5780,5.549674470999889,convnext_v2_t+deit_s+gabor+hog+resnet50+vit_b16,
DTD,resmlp,42,0,full,random_032,0.8640771175047093,0.8654255319148936,6,6656,5.8982670639998105,dinov2+dinov2_large+efficientnet_b0+mae_base+resnet101+siglip_base,
DTD,resmlp,42,0,full,random_033,0.8275285585773795,0.8281914893617022,6,2962,4.237547804999849,deit_s+eva02_base+glcm+mae_base+rgb_ngram_svd+vit_b16,
DTD,resmlp,42,0,full,random_034,0.8691025865963373,0.8686170212765958,6,6116,4.1179528159991605,densenet121+dinov2_large+eva02_base+hog+mae_base+siglip_base,
DTD,resmlp,42,0,full,random_035,0.8339598847377068,0.8356382978723405,6,4790,5.01140481100083,convnext_v2_t+dinov2_small+efficientnet_b0+lbp+resnet101+rgb_ngram_svd,
DTD,resmlp,42,0,full,random_036,0.8510093170961247,0.8521276595744681,6,8420,5.784269650999704,beitv2_base_final+convnext_v2_t+dinov2+hog+rgb_ngram_svd+vgg16,
DTD,resmlp,42,0,full,random_037,0.8452099918327222,0.8468085106382979,6,5394,2.9588266820010176,dinov2+dinov2_small+drlbp+gabor+glcm+vgg16,
DTD,resmlp,42,0,full,random_038,0.8679353219015621,0.8686170212765958,6,4790,5.33365204599977,beitv2_base_final+dinov2+dinov2_small+lbp+resnet101+siglip_base,
DTD,resmlp,42,0,full,random_039,0.8655069390725119,0.8670212765957447,6,3430,2.165108881999913,convnext_v2_t+dinov2+dinov2_large+gabor+lbp+siglip_base,
DTD,resmlp,42,0,full,random_040,0.8446083086259659,0.8457446808510638,6,5414,2.7827047890004906,beitv2_base_final+gabor+glcm+hog+resnet101+siglip_base,
DTD,resmlp,42,0,full,random_041,0.8378768404058028,0.8398936170212766,6,3302,2.5664811779988668,deit_s+dinov2+efficientnet_b0+gabor+lbp+mae_base,
DTD,resmlp,42,0,full,random_042,0.8671254623970982,0.8680851063829788,6,5712,5.457701229001032,densenet121+dinov2_large+drlbp+resnet101+siglip_base+vit_b16,
DTD,resmlp,42,0,full,random_043,0.8498543863445833,0.850531914893617,6,6758,2.872315673999765,convnext_v2_t+dinov2_large+gabor+lbp+mae_base+vgg16,
DTD,resmlp,42,0,full,random_044,0.8346131788816841,0.8361702127659575,6,8548,6.508138064999002,deit_s+dinov2+efficientnet_b0+hog+rgb_ngram_svd+vgg16,
DTD,resmlp,42,0,full,random_045,0.8471607183614229,0.848404255319149,6,5656,5.733311743999366,deit_s+dinov2_large+drlbp+glcm+lbp+vgg16,
DTD,resmlp,42,0,full,random_046,0.794610620452938,0.7968085106382978,6,4682,2.662441479998961,convnext_v2_t+efficientnet_b0+gabor+hog+lbp+swin_t,
DTD,resmlp,42,0,full,random_047,0.8351391084826569,0.8361702127659575,6,4272,5.209670833999553,beitv2_base_final+dinov2_small+gabor+resnet101+rgb_ngram_svd+vit_b16,
DTD,resmlp,42,0,full,random_048,0.8714126819064837,0.8718085106382979,6,7396,6.336538702000325,beitv2_base_final+densenet121+dinov2_large+hog+resnet50+siglip_base,
DTD,resmlp,42,0,full,random_049,0.8709033631267037,0.8718085106382979,6,5248,3.7596083309999813,convnext_v2_t+densenet121+dinov2_large+dinov2_small+efficientnet_b0+eva02_base,
DTD,resmlp,42,0,full,random_050,0.8614155104278087,0.8622340425531915,6,3218,4.547357276000184,dinov2+dinov2_large+dinov2_small+glcm+rgb_ngram_svd+swin_t,
DTD,resmlp,42,0,full,random_051,0.8501902583569239,0.851063829787234,6,5476,6.386641625000266,beitv2_base_final+deit_s+densenet121+dinov2+hog+vit_b16,
DTD,resmlp,42,0,full,random_052,0.8015595753963786,0.8026595744680851,6,10468,2.9763122019994626,convnext_v2_t+densenet121+hog+mae_base+resnet101+vgg16,
DTD,resmlp,42,0,full,random_053,0.8516007441305161,0.8526595744680852,6,6500,5.658606011998927,beitv2_base_final+convnext_v2_t+deit_s+eva02_base+hog+resnet50,
DTD,resmlp,42,0,full,random_054,0.8211814828918502,0.823404255319149,6,8006,2.6733162740001717,drlbp+efficientnet_b0+glcm+hog+siglip_base+vgg16,
DTD,resmlp,42,0,full,random_055,0.8554041250255959,0.8558510638297873,6,3046,2.0259483480003837,convnext_v2_t+deit_s+dinov2_large+gabor+lbp+mae_base,
DTD,resmlp,42,0,full,random_056,0.8527067580001546,0.8537234042553191,6,7424,6.1154987850004545,convnext_v2_t+dinov2+eva02_base+rgb_ngram_svd+swin_t+vgg16,
DTD,resmlp,42,0,full,random_057,0.8534847374756025,0.8542553191489362,6,2888,6.120096099000875,dinov2+dinov2_large+glcm+lbp+mae_base+rgb_ngram_svd,
DTD,resmlp,42,0,full,random_058,0.8618982335640193,0.8627659574468085,6,5504,5.77521506300036,convnext_v2_t+deit_s+dinov2+resnet50+siglip_base+vit_b16,
DTD,resmlp,42,0,full,random_059,0.8514732291491689,0.8526595744680852,6,4816,6.071607576001043,beitv2_base_final+convnext_v2_t+deit_s+drlbp+eva02_base+resnet101,
DTD,resmlp,42,0,full,random_060,0.831301928735046,0.8324468085106383,6,6884,5.829746703000637,deit_s+densenet121+dinov2_small+efficientnet_b0+hog+resnet50,
DTD,resmlp,42,0,full,random_061,0.8552738119969551,0.8563829787234043,6,6884,5.751118399999541,deit_s+dinov2_large+dinov2_small+efficientnet_b0+hog+resnet50,
DTD,resmlp,42,0,full,random_062,0.8432292986538719,0.8441489361702128,6,5906,5.8040531759997975,densenet121+efficientnet_b0+glcm+mae_base+resnet50+siglip_base,
DTD,resmlp,42,0,full,random_063,0.8426989260663663,0.8436170212765958,6,4546,5.7054549690001295,beitv2_base_final+dinov2_small+efficientnet_b0+gabor+glcm+resnet50,
DTD,resmlp,42,0,full,random_064,0.8505496722798445,0.8515957446808511,6,6838,6.106252782999945,beitv2_base_final+dinov2_small+eva02_base+lbp+swin_t+vgg16,
DTD,resmlp,42,0,full,random_065,0.8601874653257721,0.8606382978723405,6,5650,5.021762214000773,densenet121+dinov2_large+glcm+mae_base+resnet101+vit_b16,
DTD,resmlp,42,0,full,random_066,0.8561599365286858,0.8574468085106383,6,5430,6.185531398999956,densenet121+dinov2+lbp+resnet50+siglip_base+swin_t,
DTD,resmlp,42,0,full,random_067,0.842512691021689,0.8436170212765958,6,2992,6.21025102800013,convnext_v2_t+deit_s+gabor+rgb_ngram_svd+siglip_base+swin_t,
DTD,resmlp,42,0,full,random_068,0.8565201128685195,0.8569148936170212,6,6116,4.788869807998708,convnext_v2_t+dinov2+efficientnet_b0+eva02_base+hog+mae_base,
DTD,resmlp,42,0,full,random_069,0.7553161804014883,0.7569148936170212,6,6912,3.3072531420002633,deit_s+densenet121+drlbp+efficientnet_b0+gabor+vgg16,
DTD,resmlp,42,0,full,random_070,0.8313713933641989,0.8324468085106383,6,8704,5.909044821999487,beitv2_base_final+convnext_v2_t+mae_base+resnet50+rgb_ngram_svd+vgg16,
DTD,resmlp,42,0,full,random_071,0.8412304007127339,0.8430851063829787,6,3730,6.2975545119988965,drlbp+gabor+glcm+resnet101+siglip_base+vit_b16,
DTD,resmlp,42,0,full,random_072,0.8292389259755144,0.8308510638297872,6,6298,2.556644033998964,deit_s+efficientnet_b0+hog+lbp+resnet50+siglip_base,
DTD,resmlp,42,0,full,random_073,0.8152316785111948,0.8164893617021277,6,6628,6.590827228999842,convnext_v2_t+densenet121+hog+resnet50+rgb_ngram_svd+vit_b16,
DTD,resmlp,42,0,full,random_074,0.8483719356805619,0.85,6,4998,6.5841607120000845,dinov2+drlbp+efficientnet_b0+lbp+mae_base+resnet50,
DTD,resmlp,42,0,full,random_075,0.7803573388482843,0.7819148936170213,6,3522,5.627364193998801,deit_s+gabor+glcm+resnet101+rgb_ngram_svd+vit_b16,
DTD,resmlp,42,0,full,random_076,0.8244415385705106,0.825531914893617,6,7778,3.2624277340000845,beitv2_base_final+drlbp+glcm+mae_base+resnet101+vgg16,
DTD,resmlp,42,0,full,random_077,0.8722473475953528,0.8734042553191489,6,4370,6.0329922109995096,convnext_v2_t+densenet121+dinov2+dinov2_large+eva02_base+glcm,
DTD,resmlp,42,0,full,random_078,0.8581364600126394,0.8590425531914894,6,3858,3.7900562369995896,beitv2_base_final+convnext_v2_t+dinov2+glcm+siglip_base+vit_b16,
DTD,resmlp,42,0,full,random_079,0.8520821164539912,0.8531914893617021,6,6272,5.1177846770006,deit_s+dinov2_large+efficientnet_b0+mae_base+resnet50+vit_b16,
DTD,resmlp,42,0,full,random_080,0.8686632568860819,0.8696808510638298,6,4048,5.504986980000467,convnext_v2_t+deit_s+densenet121+dinov2_large+drlbp+siglip_base,
DTD,resmlp,42,0,full,random_081,0.8406974252331255,0.8414893617021276,6,3046,2.4885481930014066,deit_s+densenet121+dinov2+gabor+lbp+mae_base,
DTD,resmlp,42,0,full,random_082,0.8606262579972904,0.8617021276595744,6,5760,5.917358628999864,convnext_v2_t+dinov2+dinov2_large+dinov2_small+resnet50+swin_t,
DTD,resmlp,42,0,full,random_083,0.8702031579353673,0.8712765957446809,6,6144,4.363923909000732,dinov2_large+eva02_base+mae_base+resnet50+siglip_base+vit_b16,
DTD,resmlp,42,0,full,random_084,0.8574753275891571,0.8585106382978723,6,3938,5.464170814000681,dinov2+drlbp+glcm+resnet101+rgb_ngram_svd+siglip_base,
DTD,resmlp,42,0,full,random_085,0.8300093878576554,0.8313829787234043,6,5504,5.438688762000311,dinov2_small+efficientnet_b0+mae_base+resnet101+rgb_ngram_svd+vit_b16,
DTD,resmlp,42,0,full,random_086,0.8421594061738434,0.8430851063829787,6,7936,5.572513343000537,beitv2_base_final+efficientnet_b0+eva02_base+rgb_ngram_svd+swin_t+vgg16,
DTD,resmlp,42,0,full,random_087,0.8239450507619841,0.825531914893617,6,5766,5.994201083000007,convnext_v2_t+drlbp+lbp+resnet101+resnet50+vit_b16,
DTD,resmlp,42,0,full,random_088,0.8547668371060383,0.8553191489361702,6,9088,6.6274694290004845,deit_s+dinov2_large+resnet101+siglip_base+swin_t+vgg16,
DTD,resmlp,42,0,full,random_089,0.8660193538553537,0.8659574468085106,6,5072,5.0738642619999155,deit_s+dinov2+dinov2_large+drlbp+resnet50+vit_b16,
DTD,resmlp,42,0,full,random_090,0.8231271741125846,0.823936170212766,6,8548,6.521291879000273,deit_s+efficientnet_b0+hog+rgb_ngram_svd+siglip_base+vgg16,
DTD,resmlp,42,0,full,random_091,0.8392497115081129,0.8398936170212766,6,7478,4.7382863810016715,densenet121+lbp+mae_base+siglip_base+swin_t+vgg16,
DTD,resmlp,42,0,full,random_092,0.8616874166223792,0.8627659574468085,6,6198,2.394847048999509,densenet121+dinov2_large+efficientnet_b0+eva02_base+lbp+resnet101,
DTD,resmlp,42,0,full,random_093,0.8689040133786091,0.8702127659574468,6,3760,5.58278495400009,convnext_v2_t+dinov2_large+dinov2_small+eva02_base+gabor+vit_b16,
DTD,resmlp,42,0,full,random_094,0.8408299091753377,0.8425531914893617,6,4070,5.502232421998997,deit_s+gabor+lbp+resnet101+siglip_base+vit_b16,
DTD,resmlp,42,0,full,random_095,0.8706087497864751,0.8718085106382979,6,5174,5.363134571998671,beitv2_base_final+dinov2+eva02_base+lbp+resnet50+vit_b16,
DTD,resmlp,42,0,full,random_096,0.8529777370183534,0.8542553191489362,6,5888,5.242036560000997,beitv2_base_final+eva02_base+resnet101+siglip_base+swin_t+vit_b16,
DTD,resmlp,42,0,full,random_097,0.8425225275973933,0.8441489361702128,6,8374,5.413084429999799,deit_s+densenet121+dinov2+lbp+resnet50+vgg16,
DTD,resmlp,42,0,full,random_098,0.8588823629376358,0.8585106382978723,6,4480,2.480448738000632,beitv2_base_final+deit_s+dinov2_large+eva02_base+mae_base+swin_t,
DTD,resmlp,42,0,full,random_099,0.8676534935655686,0.8686170212765958,6,6400,5.201021699000194,beitv2_base_final+dinov2+efficientnet_b0+eva02_base+resnet50+vit_b16,
DTD,resmlp,42,1,full,random_000,0.8316575140070313,0.8324468085106383,5,6418,6.686528030000773,convnext_v2_t+glcm+siglip_base+swin_t+vgg16,
DTD,resmlp,42,1,full,random_001,0.8635960123292953,0.8648936170212767,5,3206,8.324755482999535,beitv2_base_final+dinov2_large+drlbp+efficientnet_b0+lbp,
DTD,resmlp,42,1,full,random_002,0.8529988101050714,0.8537234042553191,5,3840,4.620597708000787,beitv2_base_final+convnext_v2_t+eva02_base+siglip_base+swin_t,
DTD,resmlp,42,1,full,random_003,0.8325539776737593,0.8340425531914893,5,4370,7.823386986001424,glcm+mae_base+resnet101+siglip_base+vit_b16,
DTD,resmlp,42,1,full,random_004,0.786925900161338,0.7888297872340425,5,3126,8.727041078000184,convnext_v2_t+efficientnet_b0+lbp+rgb_ngram_svd+vit_b16,
DTD,resmlp,42,1,full,random_005,0.8533242859902455,0.8553191489361702,5,8832,8.601566760999049,dinov2_large+dinov2_small+efficientnet_b0+resnet101+vgg16,
DTD,resmlp,42,1,full,random_006,0.8385244024901309,0.8398936170212766,5,2736,9.033840820000478,beitv2_base_final+deit_s+eva02_base+gabor+vit_b16,
DTD,resmlp,42,1,full,random_007,0.8318819775386238,0.8324468085106383,5,3126,9.534329648000494,efficientnet_b0+eva02_base+lbp+rgb_ngram_svd+swin_t,
DTD,resmlp,42,1,full,random_008,0.8385607983075607,0.8388297872340426,5,3024,5.646161099999517,deit_s+densenet121+dinov2+drlbp+mae_base,
DTD,resmlp,42,1,full,random_009,0.8295413684313084,0.8313829787234043,5,6710,6.8290332820015465,densenet121+lbp+siglip_base+vgg16+vit_b16,
DTD,resmlp,42,1,full,random_010,0.8398395781384452,0.8409574468085106,5,2944,10.149754784999459,beitv2_base_final+dinov2_small+mae_base+rgb_ngram_svd+vit_b16,
DTD,resmlp,42,1,full,random_011,0.8519592087092795,0.8537234042553191,5,2054,4.428407433999382,dinov2_small+drlbp+lbp+siglip_base+vit_b16,
DTD,resmlp,42,1,full,random_012,0.8411551974276673,0.8425531914893617,5,2406,4.378943289997551,dinov2+eva02_base+gabor+lbp+mae_base,
DTD,resmlp,42,1,full,random_013,0.8513076408263672,0.8531914893617021,5,2406,6.4519198250018235,beitv2_base_final+dinov2+gabor+lbp+vit_b16,
DTD,resmlp,42,1,full,random_014,0.8648789660389221,0.8670212765957447,5,5376,8.96363851699789,dinov2+dinov2_large+mae_base+resnet101+siglip_base,
DTD,resmlp,42,1,full,random_015,0.810279851446157,0.8090425531914893,5,4372,4.418878174001293,beitv2_base_final+convnext_v2_t+densenet121+gabor+hog,
DTD,resmlp,42,1,full,random_016,0.8428834854897348,0.8446808510638298,5,3328,7.593274923001445,convnext_v2_t+dinov2+rgb_ngram_svd+swin_t+vit_b16,
DTD,resmlp,42,1,full,random_017,0.8414429337531493,0.8425531914893617,5,4736,8.979504909999378,beitv2_base_final+deit_s+resnet50+siglip_base+vit_b16,
DTD,resmlp,42,1,full,random_018,0.7516246424620914,0.7526595744680851,5,5320,3.4940372739984014,deit_s+glcm+lbp+swin_t+vgg16,
DTD,resmlp,42,1,full,random_019,0.7718276960274788,0.773936170212766,5,2230,2.976668453000457,drlbp+efficientnet_b0+gabor+lbp+vit_b16,
DTD,resmlp,42,1,full,random_020,0.8118533568620128,0.8132978723404255,5,5092,3.7663947219989495,beitv2_base_final+densenet121+hog+swin_t+vit_b16,
DTD,resmlp,42,1,full,random_021,0.855593042012391,0.8574468085106383,5,3888,9.13012302000061,dinov2_large+efficientnet_b0+gabor+swin_t+vit_b16,
DTD,resmlp,42,1,full,random_022,0.7256916195916273,0.725531914893617,5,3556,5.325309923999157,deit_s+drlbp+efficientnet_b0+gabor+hog,
DTD,resmlp,42,1,full,random_023,0.8621318207258231,0.8632978723404255,5,2578,7.823122063000483,beitv2_base_final+dinov2+glcm+rgb_ngram_svd+siglip_base,
DTD,resmlp,42,1,full,random_024,0.8053280699150099,0.8074468085106383,5,5632,10.795265847002156,convnext_v2_t+efficientnet_b0+mae_base+resnet50+vit_b16,
DTD,resmlp,42,1,full,random_025,0.846276995305142,0.847872340425532,5,3504,12.085292572999606,dinov2_small+eva02_base+gabor+resnet101+rgb_ngram_svd,
DTD,resmlp,42,1,full,random_026,0.8253097538769555,0.826063829787234,5,7936,15.619831484000315,eva02_base+resnet101+rgb_ngram_svd+swin_t+vgg16,
DTD,resmlp,42,1,full,random_027,0.8331081944026765,0.8351063829787234,5,7314,14.614142624999658,beitv2_base_final+dinov2_small+glcm+resnet101+vgg16,
DTD,resmlp,42,1,full,random_028,0.8592497157786864,0.8606382978723405,5,2370,13.810521860003064,beitv2_base_final+eva02_base+gabor+glcm+siglip_base,
DTD,resmlp,42,1,full,random_029,0.8488761913219605,0.850531914893617,5,4224,9.021332940003049,dinov2_small+eva02_base+mae_base+resnet50+rgb_ngram_svd,
DTD,resmlp,42,1,full,random_030,0.8584066202850726,0.8590425531914894,5,3894,6.734365835000062,beitv2_base_final+dinov2_large+efficientnet_b0+lbp+swin_t,
DTD,resmlp,42,1,full,random_031,0.8292711804814131,0.8303191489361702,5,3712,10.670193574002042,convnext_v2_t+deit_s+densenet121+siglip_base+vit_b16,
DTD,resmlp,42,1,full,random_032,0.8487724601927136,0.85,5,4736,12.014551506999851,deit_s+eva02_base+resnet101+siglip_base+vit_b16,
DTD,resmlp,42,1,full,random_033,0.8253755085847043,0.8271276595744681,5,2120,8.978794386999652,densenet121+dinov2+glcm+lbp+rgb_ngram_svd,
DTD,resmlp,42,1,full,random_034,0.8550154066824481,0.8563829787234043,5,4176,13.175592765997862,dinov2_large+drlbp+resnet50+rgb_ngram_svd+vit_b16,
DTD,resmlp,42,1,full,random_035,0.8404397447388133,0.8420212765957447,5,3152,9.963676478000707,beitv2_base_final+convnext_v2_t+drlbp+siglip_base+vit_b16,
DTD,resmlp,42,1,full,random_036,0.8471251060062943,0.8473404255319149,5,2640,13.18331905499872,beitv2_base_final+drlbp+rgb_ngram_svd+siglip_base+swin_t,
DTD,resmlp,42,1,full,random_037,0.7814129846999963,0.7824468085106383,5,7652,7.125398760999815,hog+rgb_ngram_svd+swin_t+vgg16+vit_b16,
DTD,resmlp,42,1,full,random_038,0.8684771798010774,0.8696808510638298,5,4864,15.760597353000776,dinov2_large+mae_base+resnet50+rgb_ngram_svd+siglip_base,
DTD,resmlp,42,1,full,random_039,0.7662065038107766,0.7675531914893617,5,5346,9.467950540998572,deit_s+drlbp+glcm+vgg16+vit_b16,
DTD,resmlp,42,1,full,random_040,0.8212581364604871,0.8218085106382979,5,2018,7.3710646360013925,convnext_v2_t+deit_s+drlbp+eva02_base+glcm,
DTD,resmlp,42,1,full,random_041,0.826188798037624,0.8281914893617022,5,1304,7.116470176999428,beitv2_base_final+dinov2_small+drlbp+glcm+lbp,
DTD,resmlp,42,1,full,random_042,0.8154311991865696,0.8164893617021277,5,6352,12.287256467996485,densenet121+dinov2_small+drlbp+vgg16+vit_b16,
DTD,resmlp,42,1,full,random_043,0.8302632704676587,0.8324468085106383,5,5906,11.911967641000956,convnext_v2_t+dinov2+glcm+rgb_ngram_svd+vgg16,
DTD,resmlp,42,1,full,random_044,0.8461233323879168,0.848404255319149,5,3456,16.619017189997976,dinov2+dinov2_small+mae_base+swin_t+vit_b16,
DTD,resmlp,42,1,full,random_045,0.8244540187769468,0.826063829787234,5,2224,10.603990004001389,deit_s+dinov2+gabor+mae_base+rgb_ngram_svd,
DTD,resmlp,42,1,full,random_046,0.8238212661921682,0.825,5,3402,7.89221723800074,beitv2_base_final+eva02_base+gabor+hog+lbp,
DTD,resmlp,42,1,full,random_047,0.8268580000073894,0.826063829787234,5,3372,5.981527891999576,convnext_v2_t+eva02_base+glcm+hog+lbp,
DTD,resmlp,42,1,full,random_048,0.8415024626436387,0.8425531914893617,5,3200,10.062614414000564,convnext_v2_t+deit_s+dinov2_large+rgb_ngram_svd+vit_b16,
DTD,resmlp,42,1,full,random_049,0.8233175519516662,0.824468085106383,5,2760,7.760953154000163,densenet121+dinov2_small+efficientnet_b0+glcm+lbp,
DTD,resmlp,42,1,full,random_050,0.8486300597964654,0.850531914893617,5,5908,11.650028580999788,densenet121+dinov2_large+gabor+hog+resnet101,
DTD,resmlp,42,1,full,random_051,0.8084505826013731,0.8106382978723404,5,4304,14.40241605799747,beitv2_base_final+deit_s+densenet121+drlbp+resnet101,
DTD,resmlp,42,1,full,random_052,0.782804513768319,0.7824468085106383,5,4708,6.740831679999246,beitv2_base_final+deit_s+densenet121+hog+mae_base,
DTD,resmlp,42,1,full,random_053,0.7883517713877466,0.7904255319148936,5,6984,7.421890888999769,convnext_v2_t+glcm+lbp+resnet101+vgg16,
DTD,resmlp,42,1,full,random_054,0.8425507791019375,0.8446808510638298,5,3638,5.468086740002036,convnext_v2_t+dinov2+efficientnet_b0+lbp+mae_base,
DTD,resmlp,42,1,full,random_055,0.8549620429951278,0.8558510638297873,5,2736,12.576605141999607,convnext_v2_t+dinov2_small+gabor+mae_base+siglip_base,
DTD,resmlp,42,1,full,random_056,0.8223781513946381,0.823936170212766,5,7936,7.405881500002579,densenet121+efficientnet_b0+eva02_base+swin_t+vgg16,
DTD,resmlp,42,1,full,random_057,0.8385219850268085,0.8409574468085106,5,9444,9.338413244000549,dinov2+hog+resnet101+vgg16+vit_b16,
DTD,resmlp,42,1,full,random_058,0.8459370165678656,0.8473404255319149,5,7984,8.986018047999096,convnext_v2_t+dinov2_large+gabor+resnet50+vgg16,
DTD,resmlp,42,1,full,random_059,0.7343502999789785,0.7367021276595744,5,5496,7.2096512649986835,efficientnet_b0+gabor+glcm+lbp+vgg16,
DTD,resmlp,42,1,full,random_060,0.8007251996443998,0.8026595744680851,5,8724,6.2288999000011245,beitv2_base_final+gabor+hog+resnet101+vgg16,
DTD,resmlp,42,1,full,random_061,0.8170295888012782,0.8180851063829787,5,3636,6.36835495899868,drlbp+hog+mae_base+rgb_ngram_svd+siglip_base,
DTD,resmlp,42,1,full,random_062,0.8507789669163414,0.8526595744680852,5,7680,9.669667918002233,densenet121+dinov2+dinov2_large+swin_t+vgg16,
DTD,resmlp,42,1,full,random_063,0.8366669967796587,0.8377659574468085,5,7780,5.027435608000815,dinov2_small+eva02_base+hog+mae_base+vgg16,
DTD,resmlp,42,1,full,random_064,0.7673259822175403,0.7691489361702127,5,2706,5.4414918950024,deit_s+efficientnet_b0+glcm+rgb_ngram_svd+swin_t,
DTD,resmlp,42,1,full,random_065,0.8131606879531239,0.8143617021276596,5,4196,12.409678633001022,densenet121+dinov2_small+hog+rgb_ngram_svd+vit_b16,
DTD,resmlp,42,1,full,random_066,0.8335659310569571,0.8345744680851064,5,4048,11.89764935600033,deit_s+drlbp+resnet50+siglip_base+swin_t,
DTD,resmlp,42,1,full,random_067,0.7604281440830367,0.7611702127659574,5,2888,4.103756816999521,efficientnet_b0+glcm+lbp+mae_base+vit_b16,
DTD,resmlp,42,1,full,random_068,0.8253097538769555,0.826063829787234,5,7936,9.305106014999183,eva02_base+resnet101+rgb_ngram_svd+swin_t+vgg16,
DTD,resmlp,42,1,full,random_069,0.8682665883489784,0.8691489361702127,5,4992,4.971157439998933,densenet121+dinov2+dinov2_small+resnet101+siglip_base,
DTD,resmlp,42,1,full,random_070,0.768917715360784,0.7707446808510638,5,1912,7.21595185300248,densenet121+gabor+glcm+lbp+vit_b16,
DTD,resmlp,42,1,full,random_071,0.8433423450726084,0.8452127659574468,5,6216,8.345307130999572,densenet121+dinov2_large+glcm+lbp+vgg16,
DTD,resmlp,42,1,full,random_072,0.8531010479913586,0.8547872340425532,5,2742,11.699601240001357,beitv2_base_final+dinov2+dinov2_small+lbp+vit_b16,
DTD,resmlp,42,1,full,random_073,0.839816361003165,0.8414893617021276,5,2242,10.246240275002492,beitv2_base_final+densenet121+dinov2_small+gabor+glcm,
DTD,resmlp,42,1,full,random_074,0.8301167460584257,0.8324468085106383,5,3712,4.578458469000907,beitv2_base_final+convnext_v2_t+deit_s+densenet121+eva02_base,
DTD,resmlp,42,1,full,random_075,0.8502511915241145,0.8521276595744681,5,2736,5.383891976001905,beitv2_base_final+deit_s+dinov2+gabor+mae_base,
DTD,resmlp,42,1,full,random_076,0.8175278233075688,0.8180851063829787,5,3920,11.552639030000137,drlbp+eva02_base+mae_base+resnet50+rgb_ngram_svd,
DTD,resmlp,42,1,full,random_077,0.8594833610614736,0.8611702127659574,5,4736,9.341631226001482,beitv2_base_final+convnext_v2_t+dinov2+dinov2_small+resnet50,
DTD,resmlp,42,1,full,random_078,0.8619862040627528,0.8632978723404255,5,4560,5.484133860001748,densenet121+dinov2_large+dinov2_small+drlbp+resnet101,
DTD,resmlp,42,1,full,random_079,0.8528209740451886,0.8547872340425532,5,6960,7.610528007000539,densenet121+dinov2_large+gabor+siglip_base+vgg16,
DTD,resmlp,42,1,full,random_080,0.8666870800074438,0.8680851063829788,5,4096,7.6930850989992905,beitv2_base_final+convnext_v2_t+dinov2_large+mae_base+siglip_base,
DTD,resmlp,42,1,full,random_081,0.8647595228049455,0.8664893617021276,5,3968,10.693914891999157,deit_s+densenet121+dinov2_large+siglip_base+swin_t,
DTD,resmlp,42,1,full,random_082,0.8036180453871636,0.8042553191489362,5,3974,3.9880975320011203,convnext_v2_t+densenet121+drlbp+lbp+resnet50,
DTD,resmlp,42,1,full,random_083,0.8281085782364328,0.8287234042553191,5,2944,10.727599445999658,deit_s+mae_base+rgb_ngram_svd+siglip_base+swin_t,
DTD,resmlp,42,1,full,random_084,0.862616819909104,0.8648936170212767,5,3376,12.253266747997259,convnext_v2_t+dinov2+dinov2_large+gabor+siglip_base,
DTD,resmlp,42,1,full,random_085,0.8428665302992602,0.8441489361702128,5,2384,8.706982420000713,beitv2_base_final+deit_s+dinov2_small+drlbp+vit_b16,
DTD,resmlp,42,1,full,random_086,0.8435238872432879,0.8446808510638298,5,3376,12.857946304997313,convnext_v2_t+densenet121+gabor+siglip_base+vit_b16,
DTD,resmlp,42,1,full,random_087,0.7250221386415382,0.7276595744680852,5,2456,12.377439232997858,drlbp+glcm+lbp+resnet101+rgb_ngram_svd,
DTD,resmlp,42,1,full,random_088,0.7519945413721915,0.7542553191489362,5,3366,7.690487371997733,gabor+glcm+hog+mae_base+swin_t,
DTD,resmlp,42,1,full,random_089,0.8149573610120635,0.8159574468085107,5,5376,9.016332096001861,beitv2_base_final+convnext_v2_t+densenet121+resnet50+vit_b16,
DTD,resmlp,42,1,full,random_090,0.7650078789232277,0.7670212765957447,5,9472,9.284496184998716,densenet121+resnet101+resnet50+rgb_ngram_svd+vgg16,
DTD,resmlp,42,1,full,random_091,0.7451913857476331,0.7468085106382979,5,4150,9.900906970000506,densenet121+lbp+mae_base+resnet50+rgb_ngram_svd,
DTD,resmlp,42,1,full,random_092,0.842195863951672,0.8436170212765958,5,1992,15.055330090999632,deit_s+dinov2+glcm+lbp+vit_b16,
DTD,resmlp,42,1,full,random_093,0.8447088906448796,0.8457446808510638,5,4882,11.595157599000231,beitv2_base_final+efficientnet_b0+eva02_base+glcm+resnet50,
DTD,resmlp,42,1,full,random_094,0.8110863196386593,0.8122340425531915,5,7760,10.837382185000024,beitv2_base_final+drlbp+resnet50+vgg16+vit_b16,
DTD,resmlp,42,1,full,random_095,0.7878301613116389,0.7888297872340425,5,5712,9.282755349999206,drlbp+mae_base+resnet101+resnet50+swin_t,
DTD,resmlp,42,1,full,random_096,0.8489965158350864,0.8494680851063829,5,4406,7.707627339001192,lbp+mae_base+resnet50+siglip_base+swin_t,
DTD,resmlp,42,1,full,random_097,0.8430177859773277,0.8446808510638298,5,7552,5.682900256000721,dinov2_large+dinov2_small+efficientnet_b0+mae_base+vgg16,
DTD,resmlp,42,1,full,random_098,0.8203368689832368,0.8223404255319149,5,4406,8.434071258001495,beitv2_base_final+lbp+resnet101+swin_t+vit_b16,
DTD,resmlp,42,1,full,random_099,0.854987197317903,0.8569148936170212,5,7954,7.811849797999457,dinov2_large+glcm+mae_base+resnet101+vgg16,
DTD,resmlp,42,2,full,random_000,0.8550196660338392,0.8558510638297873,7,4762,12.034580915002152,deit_s+dinov2+hog+lbp+rgb_ngram_svd+siglip_base+swin_t,
DTD,resmlp,42,2,full,random_001,0.8509914454800906,0.8515957446808511,7,6608,12.232918516998325,beitv2_base_final+deit_s+densenet121+dinov2_large+drlbp+efficientnet_b0+resnet101,
DTD,resmlp,42,2,full,random_002,0.8423064168129937,0.8430851063829787,7,4278,12.52221404899683,convnext_v2_t+deit_s+dinov2+efficientnet_b0+lbp+rgb_ngram_svd+swin_t,
DTD,resmlp,42,2,full,random_003,0.8474934433587736,0.847872340425532,7,5448,13.296955767997133,dinov2_large+efficientnet_b0+glcm+lbp+resnet50+rgb_ngram_svd+vit_b16,
DTD,resmlp,42,2,full,random_004,0.8449088962076069,0.8452127659574468,7,6400,10.181556868999905,dinov2_small+drlbp+gabor+rgb_ngram_svd+siglip_base+swin_t+vgg16,
DTD,resmlp,42,2,full,random_005,0.8465156055255124,0.8473404255319149,7,5366,12.929048848000093,convnext_v2_t+deit_s+dinov2+dinov2_small+efficientnet_b0+glcm+hog,
DTD,resmlp,42,2,full,random_006,0.8435427016650053,0.8462765957446808,7,6244,7.734707250998326,convnext_v2_t+densenet121+dinov2+dinov2_small+eva02_base+hog+mae_base,
DTD,resmlp,42,2,full,random_007,0.8497624949396032,0.850531914893617,7,3078,11.210219061998941,beitv2_base_final+dinov2_small+drlbp+lbp+mae_base+rgb_ngram_svd+siglip_base,
DTD,resmlp,42,2,full,random_008,0.8458548858942446,0.8457446808510638,7,8298,10.542941993000568,convnext_v2_t+drlbp+eva02_base+hog+lbp+siglip_base+vgg16,
DTD,resmlp,42,2,full,random_009,0.8585564430992895,0.8590425531914894,7,5704,12.030304411000543,beitv2_base_final+densenet121+dinov2_large+glcm+lbp+resnet50+swin_t,
DTD,resmlp,42,2,full,random_010,0.8453421215629037,0.8462765957446808,7,5010,13.906154996002442,convnext_v2_t+dinov2_small+eva02_base+glcm+resnet101+rgb_ngram_svd+swin_t,
DTD,resmlp,42,2,full,random_011,0.8593053591204426,0.8601063829787234,7,7376,7.267570076000993,densenet121+dinov2_large+dinov2_small+drlbp+resnet101+resnet50+swin_t,
DTD,resmlp,42,2,full,random_012,0.8438388922716569,0.8446808510638298,7,5888,12.15062958999988,beitv2_base_final+convnext_v2_t+efficientnet_b0+eva02_base+siglip_base+swin_t+vit_b16,
DTD,resmlp,42,2,full,random_013,0.8606468432037542,0.8611702127659574,7,8192,11.381934593999176,beitv2_base_final+convnext_v2_t+densenet121+dinov2+resnet101+resnet50+siglip_base,
DTD,resmlp,42,2,full,random_014,0.838434036873059,0.8393617021276596,7,6370,11.958499442996981,convnext_v2_t+deit_s+dinov2+drlbp+glcm+rgb_ngram_svd+vgg16,
DTD,resmlp,42,2,full,random_015,0.8653559503452395,0.8654255319148936,7,8212,7.560102342999016,dinov2+eva02_base+gabor+hog+resnet101+resnet50+siglip_base,
DTD,resmlp,42,2,full,random_016,0.8261572338971533,0.8265957446808511,7,9728,17.236789627997496,densenet121+resnet50+rgb_ngram_svd+siglip_base+swin_t+vgg16+vit_b16,
DTD,resmlp,42,2,full,random_017,0.8570196864449191,0.8569148936170212,7,8832,16.248415450998436,dinov2_large+drlbp+eva02_base+gabor+resnet50+vgg16+vit_b16,
DTD,resmlp,42,2,full,random_018,0.8260462678874849,0.825531914893617,7,4040,16.7244782380003,deit_s+efficientnet_b0+eva02_base+glcm+lbp+swin_t+vit_b16,
DTD,resmlp,42,2,full,random_019,0.8325164682967472,0.8324468085106383,7,5706,21.3860846619973,convnext_v2_t+gabor+hog+lbp+resnet50+rgb_ngram_svd+siglip_base,
DTD,resmlp,42,2,full,random_020,0.7949193708037201,0.7957446808510639,7,6218,17.37157662900063,convnext_v2_t+gabor+hog+lbp+resnet101+swin_t+vit_b16,
DTD,resmlp,42,2,full,random_021,0.8468071136988166,0.8473404255319149,7,7188,13.059097524997924,convnext_v2_t+dinov2_large+gabor+hog+mae_base+resnet101+vit_b16,
DTD,resmlp,42,2,full,random_022,0.857706255699788,0.8585106382978723,7,7680,5.8379602059976605,beitv2_base_final+densenet121+dinov2+dinov2_large+efficientnet_b0+resnet50+siglip_base,
DTD,resmlp,42,2,full,random_023,0.850192080469622,0.850531914893617,7,3686,5.537381243000709,beitv2_base_final+convnext_v2_t+dinov2_large+gabor+lbp+rgb_ngram_svd+vit_b16,
DTD,resmlp,42,2,full,random_024,0.8423979169266873,0.8425531914893617,7,8144,13.005630781000946,convnext_v2_t+dinov2_small+drlbp+efficientnet_b0+siglip_base+vgg16+vit_b16,
DTD,resmlp,42,2,full,random_025,0.8624976584377978,0.8622340425531915,7,4626,6.580978435998986,beitv2_base_final+dinov2+eva02_base+glcm+mae_base+siglip_base+swin_t,
DTD,resmlp,42,2,full,random_026,0.8459174076675703,0.8462765957446808,7,7782,18.344619895000505,beitv2_base_final+convnext_v2_t+dinov2+efficientnet_b0+gabor+lbp+vgg16,
DTD,resmlp,42,2,full,random_027,0.8110890823630746,0.8117021276595745,7,10678,18.272241233000386,dinov2_small+efficientnet_b0+lbp+resnet101+resnet50+swin_t+vgg16,
DTD,resmlp,42,2,full,random_028,0.8550562787153596,0.8558510638297873,7,3602,19.386761522000597,beitv2_base_final+dinov2_large+dinov2_small+drlbp+efficientnet_b0+gabor+glcm,
DTD,resmlp,42,2,full,random_029,0.8247225048022964,0.824468085106383,7,6326,20.49372840599972,drlbp+efficientnet_b0+gabor+lbp+resnet101+resnet50+siglip_base,
DTD,resmlp,42,2,full,random_030,0.868554470227246,0.8691489361702127,7,3448,15.23654538700066,convnext_v2_t+dinov2_large+gabor+glcm+lbp+siglip_base+swin_t,
DTD,resmlp,42,2,full,random_031,0.8454772893122876,0.8452127659574468,7,6426,15.693821031996777,eva02_base+hog+lbp+resnet50+rgb_ngram_svd+siglip_base+swin_t,
DTD,resmlp,42,2,full,random_032,0.8230769623934497,0.823936170212766,7,11060,7.813364312998601,densenet121+drlbp+efficientnet_b0+hog+resnet101+siglip_base+vgg16,
DTD,resmlp,42,2,full,random_033,0.8310943239283033,0.8313829787234043,7,7600,13.49304602600023,convnext_v2_t+deit_s+gabor+mae_base+siglip_base+vgg16+vit_b16,
DTD,resmlp,42,2,full,random_034,0.8381315605692747,0.8388297872340426,7,5960,16.85565763499835,densenet121+dinov2+efficientnet_b0+glcm+lbp+mae_base+resnet50,
DTD,resmlp,42,2,full,random_035,0.8449478670794451,0.8446808510638298,7,8548,14.292946226996719,dinov2_small+eva02_base+hog+mae_base+resnet101+resnet50+vit_b16,
DTD,resmlp,42,2,full,random_036,0.8546369028102595,0.8553191489361702,7,6164,14.11160004300109,dinov2+efficientnet_b0+gabor+hog+siglip_base+swin_t+vit_b16,
DTD,resmlp,42,2,full,random_037,0.8578962365653438,0.8579787234042553,7,7314,9.75538235500062,dinov2_large+dinov2_small+eva02_base+glcm+rgb_ngram_svd+swin_t+vgg16,
DTD,resmlp,42,2,full,random_038,0.8327471263270204,0.8340425531914893,7,3584,15.406123674998526,beitv2_base_final+convnext_v2_t+dinov2_small+drlbp+efficientnet_b0+gabor+rgb_ngram_svd,
DTD,resmlp,42,2,full,random_039,0.8217842350450046,0.8228723404255319,7,5940,7.5729017079975165,beitv2_base_final+convnext_v2_t+densenet121+drlbp+hog+siglip_base+vit_b16,
DTD,resmlp,42,2,full,random_040,0.8389932693802326,0.8393617021276596,7,10980,14.47214077299941,beitv2_base_final+convnext_v2_t+hog+mae_base+resnet101+siglip_base+vgg16,
DTD,resmlp,42,2,full,random_041,0.8357216992915791,0.8367021276595744,7,6372,16.76057274300183,beitv2_base_final+deit_s+densenet121+dinov2_small+efficientnet_b0+hog+vit_b16,
DTD,resmlp,42,2,full,random_042,0.8476843437052399,0.847872340425532,7,6326,17.09795063099955,dinov2+dinov2_small+lbp+resnet101+resnet50+rgb_ngram_svd+swin_t,
DTD,resmlp,42,2,full,random_043,0.8588546103622151,0.8595744680851064,7,8374,12.797760572997504,beitv2_base_final+deit_s+dinov2+dinov2_large+efficientnet_b0+lbp+vgg16,
DTD,resmlp,42,2,full,random_044,0.7622635384319346,0.7638297872340426,7,4060,5.858711458000471,convnext_v2_t+deit_s+densenet121+gabor+glcm+hog+lbp,
DTD,resmlp,42,2,full,random_045,0.8023287803811708,0.8026595744680851,7,6932,16.16113958099959,beitv2_base_final+efficientnet_b0+gabor+hog+resnet50+rgb_ngram_svd+vit_b16,
DTD,resmlp,42,2,full,random_046,0.8508925866560162,0.8521276595744681,7,5606,14.457848817000922,densenet121+dinov2+dinov2_small+efficientnet_b0+gabor+lbp+resnet101,
DTD,resmlp,42,2,full,random_047,0.8353581894172949,0.8361702127659575,7,5474,14.081744352002715,beitv2_base_final+densenet121+drlbp+glcm+resnet101+siglip_base+vit_b16,
DTD,resmlp,42,2,full,random_048,0.8660015061452292,0.8664893617021276,7,6162,7.622290401999635,densenet121+dinov2+eva02_base+glcm+resnet101+siglip_base+swin_t,
DTD,resmlp,42,2,full,random_049,0.8384520340828454,0.8388297872340426,7,6042,17.917674914999225,deit_s+dinov2+hog+lbp+mae_base+resnet50+rgb_ngram_svd,
DTD,resmlp,42,2,full,random_050,0.8587783981724628,0.8590425531914894,7,3840,15.978041153997765,dinov2_large+dinov2_small+drlbp+efficientnet_b0+eva02_base+gabor+rgb_ngram_svd,
DTD,resmlp,42,2,full,random_051,0.8523267996676734,0.8526595744680852,7,3888,18.94053448900013,deit_s+dinov2+dinov2_small+efficientnet_b0+gabor+rgb_ngram_svd+swin_t,
DTD,resmlp,42,2,full,random_052,0.8486013075717069,0.8494680851063829,7,4400,17.676548556999478,convnext_v2_t+densenet121+dinov2+gabor+rgb_ngram_svd+swin_t+vit_b16,
DTD,resmlp,42,2,full,random_053,0.8559244320818744,0.8563829787234043,7,7524,19.270295469999837,beitv2_base_final+dinov2+dinov2_large+dinov2_small+hog+resnet101+vit_b16,
DTD,resmlp,42,2,full,random_054,0.8454508401526301,0.8462765957446808,7,6320,16.88314211100078,densenet121+dinov2+dinov2_small+efficientnet_b0+gabor+mae_base+resnet50,
DTD,resmlp,42,2,full,random_055,0.8464838373623443,0.8462765957446808,7,4706,11.904077925999445,beitv2_base_final+drlbp+eva02_base+glcm+resnet101+rgb_ngram_svd+siglip_base,
DTD,resmlp,42,2,full,random_056,0.8504710121513734,0.851063829787234,7,4114,11.736759007002547,beitv2_base_final+convnext_v2_t+dinov2+glcm+rgb_ngram_svd+swin_t+vit_b16,
DTD,resmlp,42,2,full,random_057,0.8579705869590146,0.8585106382978723,7,4834,15.95639116899838,convnext_v2_t+dinov2+dinov2_small+drlbp+glcm+resnet50+swin_t,
DTD,resmlp,42,2,full,random_058,0.8300187862025722,0.8308510638297872,7,6736,19.416170864999003,convnext_v2_t+drlbp+eva02_base+resnet101+resnet50+rgb_ngram_svd+vit_b16,
DTD,resmlp,42,2,full,random_059,0.8494358020849957,0.850531914893617,7,8960,13.82729943799859,densenet121+dinov2+efficientnet_b0+mae_base+rgb_ngram_svd+siglip_base+vgg16,
DTD,resmlp,42,2,full,random_060,0.8475912660573274,0.847872340425532,7,8420,12.824966831998609,beitv2_base_final+convnext_v2_t+dinov2_large+efficientnet_b0+hog+resnet50+vit_b16,
DTD,resmlp,42,2,full,random_061,0.8402545841388924,0.8398936170212766,7,8102,12.647755548001442,densenet121+dinov2_small+eva02_base+gabor+glcm+hog+vgg16,
DTD,resmlp,42,2,full,random_062,0.8027694051241057,0.8037234042553192,7,5346,14.617557169000065,beitv2_base_final+deit_s+drlbp+efficientnet_b0+glcm+resnet101+swin_t,
DTD,resmlp,42,2,full,random_063,0.8431135317962176,0.8446808510638298,7,8064,11.612899465999362,deit_s+densenet121+dinov2+mae_base+rgb_ngram_svd+swin_t+vgg16,
DTD,resmlp,42,2,full,random_064,0.8615764111956152,0.8611702127659574,7,8064,10.24973479700202,beitv2_base_final+deit_s+dinov2_large+eva02_base+rgb_ngram_svd+siglip_base+vgg16,
DTD,resmlp,42,2,full,random_065,0.8396820594314142,0.8414893617021276,7,11056,11.982153842000116,convnext_v2_t+dinov2+efficientnet_b0+gabor+resnet101+resnet50+vgg16,
DTD,resmlp,42,2,full,random_066,0.8200101205458356,0.8202127659574469,7,5942,6.181947909000883,dinov2_small+drlbp+efficientnet_b0+gabor+lbp+resnet101+resnet50,
DTD,resmlp,42,2,full,random_067,0.853653407579086,0.8547872340425532,7,5602,18.844280832003278,dinov2+dinov2_large+dinov2_small+drlbp+efficientnet_b0+glcm+resnet50,
DTD,resmlp,42,2,full,random_068,0.8304081742608371,0.8308510638297872,7,8164,19.379572873000143,beitv2_base_final+efficientnet_b0+hog+resnet50+siglip_base+swin_t+vit_b16,
DTD,resmlp,42,2,full,random_069,0.8530219738388971,0.8531914893617021,7,9136,13.75616533399807,deit_s+dinov2+dinov2_large+gabor+resnet101+vgg16+vit_b16,
DTD,resmlp,42,2,full,random_070,0.8732812180034679,0.8734042553191489,7,7158,16.196130559001176,beitv2_base_final+dinov2+dinov2_large+glcm+hog+resnet101+siglip_base,
DTD,resmlp,42,2,full,random_071,0.8541822996823556,0.8553191489361702,7,4454,13.504640698000003,convnext_v2_t+dinov2+efficientnet_b0+eva02_base+gabor+lbp+vit_b16,
DTD,resmlp,42,2,full,random_072,0.8553116519687299,0.8558510638297873,7,4480,12.98429215500073,beitv2_base_final+convnext_v2_t+dinov2_small+eva02_base+mae_base+rgb_ngram_svd+siglip_base,
DTD,resmlp,42,2,full,random_073,0.8493597878739082,0.85,7,4472,14.48311853099949,dinov2+gabor+glcm+lbp+mae_base+resnet50+vit_b16,
DTD,resmlp,42,2,full,random_074,0.8595873489811753,0.8601063829787234,7,7424,12.938178616001096,beitv2_base_final+convnext_v2_t+dinov2_large+efficientnet_b0+eva02_base+mae_base+resnet50,
DTD,resmlp,42,2,full,random_075,0.8280913965196454,0.8281914893617022,7,7120,13.617312858998048,deit_s+drlbp+eva02_base+mae_base+rgb_ngram_svd+vgg16+vit_b16,
DTD,resmlp,42,2,full,random_076,0.8629133820919752,0.8638297872340426,7,6500,18.931065020999085,densenet121+dinov2+dinov2_large+dinov2_small+hog+mae_base+swin_t,
DTD,resmlp,42,2,full,random_077,0.8694046306271871,0.8702127659574468,7,4944,18.712172485997144,beitv2_base_final+densenet121+dinov2+drlbp+eva02_base+siglip_base+swin_t,
DTD,resmlp,42,2,full,random_078,0.8170492604499483,0.8175531914893617,7,8064,22.893729717001406,drlbp+gabor+resnet101+rgb_ngram_svd+siglip_base+swin_t+vgg16,
DTD,resmlp,42,2,full,random_079,0.7967679010169595,0.7978723404255319,7,5092,19.42587087100037,beitv2_base_final+deit_s+drlbp+efficientnet_b0+gabor+hog+vit_b16,
DTD,resmlp,42,2,full,random_080,0.8374743213706057,0.8382978723404255,7,6192,7.239219491999393,beitv2_base_final+convnext_v2_t+densenet121+eva02_base+gabor+resnet50+swin_t,
DTD,resmlp,42,2,full,random_081,0.8293210162971694,0.8292553191489361,7,5354,16.245181959999172,densenet121+dinov2_small+drlbp+efficientnet_b0+hog+lbp+vit_b16,
DTD,resmlp,42,2,full,random_082,0.7567197909356109,0.7569148936170212,7,8166,14.024858212000254,deit_s+efficientnet_b0+gabor+lbp+resnet50+rgb_ngram_svd+vgg16,
DTD,resmlp,42,2,full,random_083,0.8499418168548805,0.850531914893617,7,5860,14.437139271001797,beitv2_base_final+convnext_v2_t+deit_s+densenet121+dinov2_small+eva02_base+hog,
DTD,resmlp,42,2,full,random_084,0.8516124545123377,0.8521276595744681,7,5064,14.573775879001914,convnext_v2_t+densenet121+dinov2+dinov2_small+glcm+lbp+resnet50,
DTD,resmlp,42,2,full,random_085,0.8154203937183792,0.8154255319148936,7,4736,14.190275509001367,deit_s+densenet121+dinov2_small+drlbp+gabor+resnet50+swin_t,
DTD,resmlp,42,2,full,random_086,0.8643612651778749,0.8648936170212767,7,6070,15.729931885998667,convnext_v2_t+densenet121+dinov2+dinov2_large+dinov2_small+lbp+resnet50,
DTD,resmlp,42,2,full,random_087,0.82931981927106,0.8292553191489361,7,6218,17.36983305800095,gabor+hog+lbp+mae_base+resnet101+siglip_base+vit_b16,
DTD,resmlp,42,2,full,random_088,0.8342869012938862,0.8351063829787234,7,6918,19.21240188900265,deit_s+dinov2+drlbp+efficientnet_b0+lbp+rgb_ngram_svd+vgg16,
DTD,resmlp,42,2,full,random_089,0.8298507071318811,0.8292553191489361,7,4586,7.7888502850000805,beitv2_base_final+deit_s+drlbp+eva02_base+hog+lbp+vit_b16,
DTD,resmlp,42,2,full,random_090,0.7453318804342768,0.7473404255319149,7,8284,19.065524724999705,gabor+glcm+hog+lbp+resnet101+rgb_ngram_svd+vgg16,
DTD,resmlp,42,2,full,random_091,0.8090802984673277,0.8090425531914893,7,8130,14.831977877998725,beitv2_base_final+deit_s+gabor+glcm+mae_base+resnet101+vgg16,
DTD,resmlp,42,2,full,random_092,0.8511175906834084,0.8521276595744681,7,4432,6.946497664001072,convnext_v2_t+densenet121+dinov2+drlbp+eva02_base+rgb_ngram_svd+swin_t,
DTD,resmlp,42,2,full,random_093,0.8433090944001904,0.8436170212765958,7,5942,12.46367049899709,convnext_v2_t+eva02_base+lbp+mae_base+resnet50+siglip_base+vit_b16,
DTD,resmlp,42,2,full,random_094,0.8564943434495353,0.8569148936170212,7,9782,13.238903216002655,beitv2_base_final+densenet121+dinov2_large+lbp+resnet101+swin_t+vgg16,
DTD,resmlp,42,2,full,random_095,0.8480060475573088,0.848404255319149,7,4934,14.795467480998923,dinov2+drlbp+efficientnet_b0+glcm+hog+rgb_ngram_svd+swin_t,
DTD,resmlp,42,2,full,random_096,0.8053549849654437,0.8058510638297872,7,8084,16.079881547000696,beitv2_base_final+convnext_v2_t+deit_s+gabor+hog+rgb_ngram_svd+vgg16,
DTD,resmlp,42,2,full,random_097,0.8593998415709971,0.8601063829787234,7,6836,19.522783985998103,beitv2_base_final+deit_s+dinov2+dinov2_large+drlbp+hog+resnet101,
DTD,resmlp,42,2,full,random_098,0.8490624944373428,0.8494680851063829,7,6756,16.16154747800101,dinov2+dinov2_small+hog+mae_base+resnet50+rgb_ngram_svd+vit_b16,
DTD,resmlp,42,2,full,random_099,0.8337917218716706,0.8340425531914893,7,3912,16.353074747999926,beitv2_base_final+convnext_v2_t+glcm+lbp+siglip_base+swin_t+vit_b16,
DTD,resmlp,42,3,full,random_000,0.8545285482458099,0.8563829787234043,7,7734,9.881460266999056,convnext_v2_t+dinov2_large+lbp+mae_base+rgb_ngram_svd+swin_t+vgg16,
DTD,resmlp,42,3,full,random_001,0.8544871417336036,0.8553191489361702,7,5908,4.046803396999167,beitv2_base_final+densenet121+gabor+hog+siglip_base+swin_t+vit_b16,
DTD,resmlp,42,3,full,random_002,0.8690122243288616,0.8702127659574468,7,7706,8.53559284700168,beitv2_base_final+dinov2_large+efficientnet_b0+eva02_base+hog+lbp+resnet50,
DTD,resmlp,42,3,full,random_003,0.8579643911101598,0.8590425531914894,7,5698,10.333809340001608,dinov2+efficientnet_b0+eva02_base+gabor+glcm+mae_base+resnet50,
DTD,resmlp,42,3,full,random_004,0.7762627196075643,0.7781914893617021,7,9126,9.286990603002778,deit_s+gabor+glcm+hog+resnet101+swin_t+vgg16,
DTD,resmlp,42,3,full,random_005,0.8050100206380779,0.8058510638297872,7,5500,6.018310165000003,beitv2_base_final+drlbp+glcm+hog+lbp+mae_base+resnet50,
DTD,resmlp,42,3,full,random_006,0.8126558414195215,0.8148936170212766,7,5066,6.692333538001549,dinov2_small+efficientnet_b0+gabor+hog+lbp+mae_base+swin_t,
DTD,resmlp,42,3,full,random_007,0.8743047392117075,0.875531914893617,7,5442,12.755958144000033,beitv2_base_final+dinov2_large+eva02_base+gabor+glcm+resnet101+swin_t,
DTD,resmlp,42,3,full,random_008,0.8724658698995778,0.8734042553191489,7,4290,13.234595469999476,dinov2_large+dinov2_small+efficientnet_b0+eva02_base+gabor+glcm+swin_t,
DTD,resmlp,42,3,full,random_009,0.85044876291792,0.8521276595744681,7,8832,10.868219331998262,dinov2_large+drlbp+efficientnet_b0+gabor+resnet50+rgb_ngram_svd+vgg16,
DTD,resmlp,42,3,full,random_010,0.8464569463406987,0.848404255319149,7,5994,9.426717592003115,densenet121+dinov2+drlbp+hog+lbp+resnet101+rgb_ngram_svd,
DTD,resmlp,42,3,full,random_011,0.855455936099889,0.8574468085106383,7,9136,10.918176630999369,deit_s+dinov2+dinov2_large+gabor+resnet101+swin_t+vgg16,
DTD,resmlp,42,3,full,random_012,0.8163394202000074,0.8186170212765957,7,3974,10.329161989997374,beitv2_base_final+drlbp+efficientnet_b0+lbp+mae_base+rgb_ngram_svd+swin_t,
DTD,resmlp,42,3,full,random_013,0.8085244685970794,0.8074468085106383,7,6182,7.065246562997345,convnext_v2_t+eva02_base+gabor+glcm+hog+resnet50+swin_t,
DTD,resmlp,42,3,full,random_014,0.8617309843814877,0.8632978723404255,7,7158,7.169828120000602,beitv2_base_final+dinov2+dinov2_large+glcm+hog+resnet101+swin_t,
DTD,resmlp,42,3,full,random_015,0.8184784831328805,0.8196808510638298,7,6390,5.6681248849999974,beitv2_base_final+densenet121+efficientnet_b0+glcm+hog+mae_base+vit_b16,
DTD,resmlp,42,3,full,random_016,0.8500369735211805,0.851063829787234,7,3334,5.099406123001245,beitv2_base_final+dinov2_large+dinov2_small+drlbp+lbp+mae_base+rgb_ngram_svd,
DTD,resmlp,42,3,full,random_017,0.8211369739614081,0.823404255319149,7,9654,14.268264837999595,convnext_v2_t+dinov2_small+lbp+resnet101+resnet50+rgb_ngram_svd+vgg16,
DTD,resmlp,42,3,full,random_018,0.8641500781969087,0.8648936170212767,7,9398,7.321748446000129,densenet121+dinov2_large+dinov2_small+eva02_base+lbp+resnet50+vgg16,
DTD,resmlp,42,3,full,random_019,0.8721593701817413,0.8734042553191489,7,5988,8.833901534999313,dinov2+dinov2_small+eva02_base+hog+siglip_base+swin_t+vit_b16,
DTD,resmlp,42,3,full,random_020,0.8675995065407545,0.8680851063829788,7,3346,15.20911649199843,deit_s+densenet121+dinov2_large+drlbp+eva02_base+gabor+glcm,
DTD,resmlp,42,3,full,random_021,0.8513545288054906,0.8521276595744681,7,7600,11.20019475799927,deit_s+eva02_base+gabor+mae_base+siglip_base+vgg16+vit_b16,
DTD,resmlp,42,3,full,random_022,0.8688611408792296,0.8696808510638298,7,7954,15.903349029002129,beitv2_base_final+densenet121+dinov2_large+eva02_base+glcm+rgb_ngram_svd+vgg16,
DTD,resmlp,42,3,full,random_023,0.8471276975960874,0.847872340425532,7,7990,18.40136192600039,beitv2_base_final+convnext_v2_t+efficientnet_b0+eva02_base+lbp+rgb_ngram_svd+vgg16,
DTD,resmlp,42,3,full,random_024,0.8304197627912657,0.8319148936170213,7,8778,16.249612999999954,efficientnet_b0+gabor+hog+lbp+siglip_base+vgg16+vit_b16,
DTD,resmlp,42,3,full,random_025,0.8113174350068629,0.8127659574468085,7,7856,17.412176085999818,beitv2_base_final+deit_s+densenet121+efficientnet_b0+gabor+rgb_ngram_svd+vgg16,
DTD,resmlp,42,3,full,random_026,0.8016082059089283,0.8031914893617021,7,5320,18.543257664998237,beitv2_base_final+drlbp+gabor+glcm+lbp+rgb_ngram_svd+vgg16,
DTD,resmlp,42,3,full,random_027,0.8621542906868397,0.8643617021276596,7,5968,20.031837390000874,densenet121+dinov2_large+drlbp+resnet101+rgb_ngram_svd+siglip_base+vit_b16,
DTD,resmlp,42,3,full,random_028,0.8164264352118903,0.8180851063829787,7,8474,5.168132097001944,deit_s+densenet121+dinov2_small+hog+lbp+vgg16+vit_b16,
DTD,resmlp,42,3,full,random_029,0.8582528923683186,0.8595744680851064,7,8468,12.58380640300311,beitv2_base_final+dinov2_large+gabor+hog+mae_base+resnet101+resnet50,
DTD,resmlp,42,3,full,random_030,0.8550347046490868,0.8563829787234043,7,7158,13.490525956000056,convnext_v2_t+densenet121+dinov2+glcm+hog+resnet50+vit_b16,
DTD,resmlp,42,3,full,random_031,0.8535900438882705,0.8563829787234043,7,5494,4.929037554000388,convnext_v2_t+dinov2+dinov2_large+dinov2_small+glcm+hog+mae_base,
DTD,resmlp,42,3,full,random_032,0.8580838010477126,0.8595744680851064,7,3480,11.562645057001646,convnext_v2_t+dinov2_large+drlbp+glcm+lbp+mae_base+swin_t,
DTD,resmlp,42,3,full,random_033,0.8497361934024008,0.851063829787234,7,7442,5.240695762000541,beitv2_base_final+eva02_base+glcm+rgb_ngram_svd+siglip_base+swin_t+vgg16,
DTD,resmlp,42,3,full,random_034,0.878268564477889,0.8792553191489362,7,5712,17.540649664999364,dinov2_large+drlbp+eva02_base+resnet50+rgb_ngram_svd+swin_t+vit_b16,
DTD,resmlp,42,3,full,random_035,0.8555171632456289,0.8569148936170212,7,4938,17.160733402000915,beitv2_base_final+gabor+hog+lbp+siglip_base+swin_t+vit_b16,
DTD,resmlp,42,3,full,random_036,0.8514720826074098,0.8531914893617021,7,4400,14.65783863300021,deit_s+dinov2_small+efficientnet_b0+gabor+mae_base+siglip_base+swin_t,
DTD,resmlp,42,3,full,random_037,0.8421725793468955,0.8420212765957447,7,5286,6.963021933002892,densenet121+dinov2_small+efficientnet_b0+eva02_base+gabor+glcm+hog,
DTD,resmlp,42,3,full,random_038,0.852258541136358,0.8531914893617021,7,3448,6.158011913001246,beitv2_base_final+dinov2_large+gabor+glcm+lbp+mae_base+vit_b16,
DTD,resmlp,42,3,full,random_039,0.8237608218424677,0.8265957446808511,7,9334,5.943547574999684,deit_s+densenet121+dinov2+efficientnet_b0+glcm+hog+vgg16,
DTD,resmlp,42,3,full,random_040,0.8567467073565286,0.8585106382978723,7,5010,13.478311421000399,dinov2+dinov2_small+glcm+mae_base+resnet101+rgb_ngram_svd+swin_t,
DTD,resmlp,42,3,full,random_041,0.8650196361157544,0.8664893617021276,7,3650,11.72362745600185,dinov2_large+eva02_base+gabor+glcm+rgb_ngram_svd+swin_t+vit_b16,
DTD,resmlp,42,3,full,random_042,0.8302280471226674,0.8319148936170213,7,8548,8.422394697998243,densenet121+drlbp+gabor+hog+mae_base+siglip_base+vgg16,
DTD,resmlp,42,3,full,random_043,0.8514241916812901,0.8537234042553191,7,9142,7.605124038000213,convnext_v2_t+deit_s+dinov2_large+lbp+resnet101+swin_t+vgg16,
DTD,resmlp,42,3,full,random_044,0.8567324927240182,0.8579787234042553,7,7728,5.224923546000355,densenet121+dinov2_large+gabor+mae_base+resnet101+resnet50+vit_b16,
DTD,resmlp,42,3,full,random_045,0.8702438478847333,0.8712765957446809,7,7680,8.400985421998485,convnext_v2_t+dinov2_large+eva02_base+resnet101+resnet50+rgb_ngram_svd+siglip_base,
DTD,resmlp,42,3,full,random_046,0.8493983662230791,0.8515957446808511,7,3664,9.497899746002076,deit_s+densenet121+dinov2+dinov2_small+drlbp+mae_base+rgb_ngram_svd,
DTD,resmlp,42,3,full,random_047,0.8649655692422504,0.8664893617021276,7,7194,4.136297747998469,dinov2_large+efficientnet_b0+eva02_base+hog+lbp+resnet50+rgb_ngram_svd,
DTD,resmlp,42,3,full,random_048,0.848041465703715,0.8494680851063829,7,8502,8.340532125999744,deit_s+dinov2_small+lbp+mae_base+resnet50+siglip_base+vgg16,
DTD,resmlp,42,3,full,random_049,0.8337560276287587,0.8351063829787234,7,5702,3.8270076859989786,convnext_v2_t+drlbp+eva02_base+glcm+hog+resnet101+rgb_ngram_svd,
DTD,resmlp,42,3,full,random_050,0.7578046033534002,0.7590425531914894,7,6748,3.032562330001383,gabor+glcm+hog+lbp+mae_base+resnet101+resnet50,
DTD,resmlp,42,3,full,random_051,0.8628982682594606,0.8638297872340426,7,4790,7.816597077999177,dinov2_large+drlbp+gabor+lbp+resnet50+swin_t+vit_b16,
DTD,resmlp,42,3,full,random_052,0.8581701427875713,0.8601063829787234,7,8454,8.020033734999743,beitv2_base_final+dinov2_large+dinov2_small+drlbp+lbp+resnet101+vgg16,
DTD,resmlp,42,3,full,random_053,0.8497826584000575,0.850531914893617,7,4674,2.969422633999784,densenet121+dinov2+efficientnet_b0+gabor+glcm+mae_base+vit_b16,
DTD,resmlp,42,3,full,random_054,0.8419751594437553,0.8441489361702128,7,11510,8.466039521998027,dinov2+glcm+hog+resnet101+resnet50+swin_t+vgg16,
DTD,resmlp,42,3,full,random_055,0.8148971935894798,0.8170212765957446,7,8438,9.590046116998565,beitv2_base_final+convnext_v2_t+glcm+hog+rgb_ngram_svd+vgg16+vit_b16,
DTD,resmlp,42,3,full,random_056,0.8279247650257757,0.8292553191489361,7,9106,8.609019765000994,drlbp+eva02_base+gabor+glcm+resnet101+resnet50+vgg16,
DTD,resmlp,42,3,full,random_057,0.8612861851306947,0.8622340425531915,7,9236,10.687646619000589,convnext_v2_t+dinov2_large+eva02_base+gabor+hog+swin_t+vgg16,
DTD,resmlp,42,3,full,random_058,0.8725390080204317,0.8734042553191489,7,7188,8.854665235001448,dinov2+dinov2_large+eva02_base+gabor+hog+resnet101+vit_b16,
DTD,resmlp,42,3,full,random_059,0.8458018410772166,0.8462765957446808,7,3510,3.6622575340006733,densenet121+drlbp+gabor+lbp+mae_base+siglip_base+swin_t,
DTD,resmlp,42,3,full,random_060,0.8242928527920867,0.8265957446808511,7,8978,11.225733382001636,densenet121+glcm+mae_base+resnet101+rgb_ngram_svd+siglip_base+vgg16,
DTD,resmlp,42,3,full,random_061,0.8431234096183071,0.8452127659574468,7,5760,9.507280604000698,dinov2_small+mae_base+resnet101+rgb_ngram_svd+siglip_base+swin_t+vit_b16,
DTD,resmlp,42,3,full,random_062,0.8550390799324561,0.8563829787234043,7,10230,9.921889501001715,beitv2_base_final+glcm+hog+resnet50+siglip_base+vgg16+vit_b16,
DTD,resmlp,42,3,full,random_063,0.8258061521942561,0.826063829787234,7,5814,9.498218526998244,beitv2_base_final+convnext_v2_t+drlbp+gabor+lbp+resnet101+resnet50,
DTD,resmlp,42,3,full,random_064,0.8499716580611091,0.8515957446808511,7,12516,12.176408368999546,beitv2_base_final+convnext_v2_t+dinov2_large+hog+resnet101+resnet50+vgg16,
DTD,resmlp,42,3,full,random_065,0.8615310675949565,0.8627659574468085,7,7120,10.154811653999786,densenet121+dinov2+dinov2_small+drlbp+eva02_base+resnet101+resnet50,
DTD,resmlp,42,3,full,random_066,0.8196988506057786,0.8228723404255319,7,8136,14.666840375997708,dinov2_small+efficientnet_b0+glcm+lbp+resnet101+rgb_ngram_svd+vgg16,
DTD,resmlp,42,3,full,random_067,0.865235873886849,0.8664893617021276,7,7092,14.035071510999842,convnext_v2_t+densenet121+dinov2_large+dinov2_small+drlbp+hog+resnet50,
DTD,resmlp,42,3,full,random_068,0.8522018398882895,0.8542553191489362,7,7362,12.79884721200142,dinov2+dinov2_small+efficientnet_b0+gabor+glcm+swin_t+vgg16,
DTD,resmlp,42,3,full,random_069,0.8632514159408673,0.8648936170212767,7,6144,7.2117916649986,deit_s+densenet121+dinov2+dinov2_small+resnet50+siglip_base+swin_t,
DTD,resmlp,42,3,full,random_070,0.8279210828898711,0.8287234042553191,7,4930,12.469891831002315,densenet121+eva02_base+gabor+glcm+resnet101+rgb_ngram_svd+swin_t,
DTD,resmlp,42,3,full,random_071,0.8359469157074398,0.8377659574468085,7,5268,15.538620573999651,beitv2_base_final+deit_s+gabor+hog+mae_base+siglip_base+vit_b16,
DTD,resmlp,42,3,full,random_072,0.8557477035357965,0.8574468085106383,7,4912,15.97107408300144,deit_s+densenet121+dinov2_large+dinov2_small+efficientnet_b0+gabor+swin_t,
DTD,resmlp,42,3,full,random_073,0.8508799911740282,0.8521276595744681,7,8320,10.67736539299949,dinov2_small+efficientnet_b0+eva02_base+rgb_ngram_svd+swin_t+vgg16+vit_b16,
DTD,resmlp,42,3,full,random_074,0.865771455541148,0.8675531914893617,7,4560,9.299449271002231,convnext_v2_t+dinov2_large+dinov2_small+drlbp+eva02_base+mae_base+swin_t,
DTD,resmlp,42,3,full,random_075,0.8640973201749891,0.8654255319148936,7,5064,12.00346005100073,dinov2+dinov2_large+dinov2_small+glcm+lbp+resnet50+swin_t,
DTD,resmlp,42,3,full,random_076,0.8686693389224164,0.8696808510638298,7,6966,11.64637970900003,deit_s+dinov2_large+dinov2_small+lbp+rgb_ngram_svd+siglip_base+vgg16,
DTD,resmlp,42,3,full,random_077,0.8346135835213354,0.8361702127659575,7,4304,18.54868689200157,deit_s+drlbp+efficientnet_b0+rgb_ngram_svd+siglip_base+swin_t+vit_b16,
DTD,resmlp,42,3,full,random_078,0.8501263528315783,0.8515957446808511,7,6832,20.15775905299961,beitv2_base_final+dinov2_small+eva02_base+gabor+mae_base+resnet101+resnet50,
DTD,resmlp,42,3,full,random_079,0.6502356659805637,0.6510638297872341,7,6316,8.328808137001033,drlbp+gabor+glcm+hog+lbp+rgb_ngram_svd+vgg16,
DTD,resmlp,42,3,full,random_080,0.8472260245450979,0.8494680851063829,7,9088,15.212265977999778,convnext_v2_t+deit_s+dinov2+resnet101+rgb_ngram_svd+vgg16+vit_b16,
DTD,resmlp,42,3,full,random_081,0.8747248257536677,0.875531914893617,7,5940,17.841587426999467,beitv2_base_final+convnext_v2_t+dinov2+dinov2_large+drlbp+eva02_base+hog,
DTD,resmlp,42,3,full,random_082,0.8650107398984909,0.8664893617021276,7,8576,15.75025504599762,beitv2_base_final+convnext_v2_t+dinov2_large+dinov2_small+swin_t+vgg16+vit_b16,
DTD,resmlp,42,3,full,random_083,0.8526161432165199,0.8537234042553191,7,7012,17.136161263999384,beitv2_base_final+deit_s+dinov2_large+hog+mae_base+resnet50+rgb_ngram_svd,
DTD,resmlp,42,3,full,random_084,0.8628809671726673,0.8643617021276596,7,5990,13.629181029999017,dinov2+dinov2_large+efficientnet_b0+gabor+lbp+resnet50+vit_b16,
DTD,resmlp,42,3,full,random_085,0.8661347007729197,0.8675531914893617,7,5192,17.33533049199832,beitv2_base_final+convnext_v2_t+dinov2+glcm+lbp+resnet50+siglip_base,
DTD,resmlp,42,3,full,random_086,0.8688586825826297,0.8696808510638298,7,6736,9.654008501001954,dinov2_large+drlbp+efficientnet_b0+eva02_base+mae_base+resnet50+vit_b16,
DTD,resmlp,42,3,full,random_087,0.8477418862554587,0.8494680851063829,7,9856,10.905746857999475,beitv2_base_final+drlbp+gabor+resnet101+resnet50+siglip_base+vgg16,
DTD,resmlp,42,3,full,random_088,0.8608617953539,0.8617021276595744,7,5448,8.126652986000408,beitv2_base_final+dinov2_large+glcm+lbp+mae_base+resnet50+vit_b16,
DTD,resmlp,42,3,full,random_089,0.8641447795236942,0.8654255319148936,7,8752,10.981657681997604,beitv2_base_final+dinov2+dinov2_large+efficientnet_b0+gabor+mae_base+vgg16,
DTD,resmlp,42,3,full,random_090,0.857114259682935,0.8579787234042553,7,5638,11.984569415999431,deit_s+dinov2_large+drlbp+efficientnet_b0+lbp+resnet101+swin_t,
DTD,resmlp,42,3,full,random_091,0.8499216602797791,0.8521276595744681,7,4930,9.237463946999924,convnext_v2_t+dinov2_large+gabor+glcm+resnet101+rgb_ngram_svd+vit_b16,
DTD,resmlp,42,3,full,random_092,0.8640327227344173,0.8654255319148936,7,5120,8.302793094000663,deit_s+densenet121+dinov2+drlbp+eva02_base+gabor+resnet101,
DTD,resmlp,42,3,full,random_093,0.8431690664587581,0.8452127659574468,7,3766,10.10122374400089,beitv2_base_final+convnext_v2_t+dinov2_small+lbp+mae_base+rgb_ngram_svd+swin_t,
DTD,resmlp,42,3,full,random_094,0.8604384876158278,0.8622340425531915,7,4992,7.185973989999184,dinov2_large+drlbp+gabor+mae_base+resnet101+rgb_ngram_svd+siglip_base,
DTD,resmlp,42,3,full,random_095,0.8322974554702529,0.8335106382978723,7,11392,7.414035075002175,deit_s+efficientnet_b0+eva02_base+mae_base+resnet101+resnet50+vgg16,
DTD,resmlp,42,3,full,random_096,0.8465268306811379,0.848404255319149,7,5584,6.146378829998866,dinov2_small+drlbp+efficientnet_b0+eva02_base+resnet101+rgb_ngram_svd+vit_b16,
DTD,resmlp,42,3,full,random_097,0.8453804478619614,0.8468085106382979,7,7700,4.355739859001915,convnext_v2_t+densenet121+dinov2+efficientnet_b0+gabor+hog+resnet101,
DTD,resmlp,42,3,full,random_098,0.8670127516832099,0.8680851063829788,7,5510,4.907917747001193,dinov2+dinov2_large+drlbp+eva02_base+lbp+mae_base+resnet50,
DTD,resmlp,42,3,full,random_099,0.8622130311850055,0.8632978723404255,7,7760,6.768490280999686,dinov2_large+drlbp+mae_base+rgb_ngram_svd+siglip_base+vgg16+vit_b16,
DTD,resmlp,42,4,full,random_000,0.8461907472505888,0.847872340425532,5,2918,8.368869712998276,convnext_v2_t+dinov2+efficientnet_b0+gabor+lbp,
DTD,resmlp,42,4,full,random_001,0.8440278856724436,0.8452127659574468,5,5120,7.009642465003708,beitv2_base_final+eva02_base+mae_base+resnet50+swin_t,
DTD,resmlp,42,4,full,random_002,0.8483647192162158,0.850531914893617,5,4500,8.919488419000118,deit_s+dinov2_large+efficientnet_b0+gabor+hog,
DTD,resmlp,42,4,full,random_003,0.8443044350847686,0.8446808510638298,5,2048,3.6812764380010776,dinov2_small+drlbp+eva02_base+gabor+swin_t,
DTD,resmlp,42,4,full,random_004,0.8253667670684013,0.8276595744680851,5,5314,5.589181401999667,convnext_v2_t+dinov2_small+gabor+glcm+vgg16,
DTD,resmlp,42,4,full,random_005,0.8504701517911868,0.8521276595744681,5,6838,10.086040009999124,dinov2_large+dinov2_small+efficientnet_b0+lbp+vgg16,
DTD,resmlp,42,4,full,random_006,0.8417579552604901,0.8430851063829787,5,2054,7.808593857997039,beitv2_base_final+deit_s+drlbp+lbp+siglip_base,
DTD,resmlp,42,4,full,random_007,0.8617783255192822,0.8622340425531915,5,2018,5.791601344004448,dinov2_small+drlbp+eva02_base+glcm+siglip_base,
DTD,resmlp,42,4,full,random_008,0.866722263406862,0.8675531914893617,5,4048,8.20454251299816,deit_s+dinov2+drlbp+eva02_base+resnet50,
DTD,resmlp,42,4,full,random_009,0.8537982362645363,0.8547872340425532,5,3428,9.085001047002152,dinov2+drlbp+gabor+hog+siglip_base,
DTD,resmlp,42,4,full,random_010,0.8588702153738372,0.8601063829787234,5,5044,4.773531645994808,dinov2_small+drlbp+hog+resnet101+siglip_base,
DTD,resmlp,42,4,full,random_011,0.8175625716717809,0.8191489361702128,5,3986,4.4752063780033495,beitv2_base_final+deit_s+glcm+resnet50+vit_b16,
DTD,resmlp,42,4,full,random_012,0.8532183970067723,0.8542553191489362,5,3602,4.0903372449974995,convnext_v2_t+dinov2+efficientnet_b0+glcm+swin_t,
DTD,resmlp,42,4,full,random_013,0.8373413135874456,0.8388297872340426,5,2944,5.4869562039966695,beitv2_base_final+dinov2_small+rgb_ngram_svd+swin_t+vit_b16,
DTD,resmlp,42,4,full,random_014,0.8395778733059641,0.8414893617021276,5,6352,6.322486573997594,beitv2_base_final+densenet121+dinov2_small+drlbp+vgg16,
DTD,resmlp,42,4,full,random_015,0.7474422136811262,0.7484042553191489,5,4964,3.9299695849986165,densenet121+drlbp+gabor+hog+resnet50,
DTD,resmlp,42,4,full,random_016,0.8441982851780735,0.8441489361702128,5,3712,2.856503991999489,convnext_v2_t+deit_s+densenet121+mae_base+siglip_base,
DTD,resmlp,42,4,full,random_017,0.7965352059153165,0.7984042553191489,5,5168,4.945913383999141,densenet121+efficientnet_b0+gabor+resnet50+vit_b16,
DTD,resmlp,42,4,full,random_018,0.856039509063764,0.8569148936170212,5,2944,9.865519912003947,convnext_v2_t+densenet121+dinov2_large+drlbp+gabor,
DTD,resmlp,42,4,full,random_019,0.8616840584590704,0.8627659574468085,5,3638,8.10652757799835,convnext_v2_t+dinov2+efficientnet_b0+lbp+siglip_base,
DTD,resmlp,42,4,full,random_020,0.8426893778728305,0.8452127659574468,5,2534,7.958405559998937,beitv2_base_final+dinov2_small+efficientnet_b0+gabor+lbp,
DTD,resmlp,42,4,full,random_021,0.8565037832604137,0.8574468085106383,5,8448,6.931825728999684,dinov2+mae_base+resnet50+siglip_base+vgg16,
DTD,resmlp,42,4,full,random_022,0.8698840591019266,0.8707446808510638,5,3456,3.5268068710065563,convnext_v2_t+dinov2+dinov2_small+mae_base+siglip_base,
DTD,resmlp,42,4,full,random_023,0.8387621022445887,0.8393617021276596,5,2406,4.160715712001547,convnext_v2_t+gabor+lbp+siglip_base+vit_b16,
DTD,resmlp,42,4,full,random_024,0.7672701242345962,0.7691489361702127,5,9600,4.503339169001265,deit_s+densenet121+resnet101+resnet50+vgg16,
DTD,resmlp,42,4,full,random_025,0.8460438241425513,0.847872340425532,5,7734,3.8589086580032017,beitv2_base_final+dinov2+lbp+resnet50+vgg16,
DTD,resmlp,42,4,full,random_026,0.8308560103375864,0.8324468085106383,5,2438,2.2569613520026905,convnext_v2_t+drlbp+eva02_base+lbp+mae_base,
DTD,resmlp,42,4,full,random_027,0.8399428895575375,0.8420212765957447,5,6454,3.068028690999199,beitv2_base_final+convnext_v2_t+eva02_base+lbp+vgg16,
DTD,resmlp,42,4,full,random_028,0.8580849145108218,0.8595744680851064,5,4096,6.156547673999739,dinov2+dinov2_large+efficientnet_b0+mae_base+rgb_ngram_svd,
DTD,resmlp,42,4,full,random_029,0.8120295264873144,0.8132978723404255,5,4086,7.220093990006717,beitv2_base_final+convnext_v2_t+glcm+hog+vit_b16,
DTD,resmlp,42,4,full,random_030,0.8521932705551073,0.8542553191489362,5,3638,3.659677208001085,deit_s+dinov2+dinov2_small+lbp+resnet101,
DTD,resmlp,42,4,full,random_031,0.8535241991218532,0.8553191489361702,5,3968,4.377068092995614,dinov2+dinov2_large+drlbp+gabor+resnet101,
DTD,resmlp,42,4,full,random_032,0.8660652131577641,0.8675531914893617,5,7680,5.850391130996286,densenet121+dinov2_large+eva02_base+siglip_base+vgg16,
DTD,resmlp,42,4,full,random_033,0.8291754553703068,0.8308510638297872,5,3602,5.801519922002626,convnext_v2_t+efficientnet_b0+eva02_base+glcm+vit_b16,
DTD,resmlp,42,4,full,random_034,0.8276711996057518,0.8292553191489361,5,3504,4.7959318490029546,deit_s+gabor+resnet50+rgb_ngram_svd+siglip_base,
DTD,resmlp,42,4,full,random_035,0.8122940349788982,0.8138297872340425,5,7698,9.25079395499779,beitv2_base_final+glcm+mae_base+resnet101+vgg16,
DTD,resmlp,42,4,full,random_036,0.8027480835385012,0.8037234042553192,5,3280,10.42859548600245,convnext_v2_t+deit_s+drlbp+efficientnet_b0+swin_t,
DTD,resmlp,42,4,full,random_037,0.8314294440688393,0.8329787234042553,5,5632,9.08945178000431,beitv2_base_final+convnext_v2_t+efficientnet_b0+mae_base+resnet101,
DTD,resmlp,42,4,full,random_038,0.8496317948011349,0.8515957446808511,5,4324,3.8861838929951773,dinov2+eva02_base+hog+mae_base+rgb_ngram_svd,
DTD,resmlp,42,4,full,random_039,0.8628159814096868,0.8638297872340426,5,3408,5.170297834003577,convnext_v2_t+dinov2+dinov2_large+drlbp+siglip_base,
DTD,resmlp,42,4,full,random_040,0.8072203422763196,0.8085106382978723,5,4652,6.25426831599907,beitv2_base_final+glcm+hog+lbp+resnet50,
DTD,resmlp,42,4,full,random_041,0.8342431682453209,0.8340425531914893,5,3380,6.42443792999984,deit_s+dinov2_small+drlbp+hog+siglip_base,
DTD,resmlp,42,4,full,random_042,0.8527707538359421,0.8542553191489362,5,3664,7.767753394997271,dinov2+drlbp+efficientnet_b0+eva02_base+vit_b16,
DTD,resmlp,42,4,full,random_043,0.7591208704502141,0.7611702127659574,5,9234,8.548610504003591,densenet121+glcm+resnet101+resnet50+vgg16,
DTD,resmlp,42,4,full,random_044,0.8106869028514488,0.8122340425531915,5,6016,7.891770078000263,beitv2_base_final+deit_s+resnet101+resnet50+swin_t,
DTD,resmlp,42,4,full,random_045,0.8703539550166034,0.8707446808510638,5,7652,4.541579417003959,dinov2_large+hog+resnet101+resnet50+siglip_base,
DTD,resmlp,42,4,full,random_046,0.8493959726049185,0.850531914893617,5,3254,8.070946850006294,deit_s+efficientnet_b0+eva02_base+lbp+siglip_base,
DTD,resmlp,42,4,full,random_047,0.8428646107585831,0.8462765957446808,5,3376,3.996139488001063,convnext_v2_t+densenet121+eva02_base+gabor+mae_base,
DTD,resmlp,42,4,full,random_048,0.858310026829157,0.8595744680851064,5,2944,8.773525555996457,deit_s+dinov2+mae_base+rgb_ngram_svd+siglip_base,
DTD,resmlp,42,4,full,random_049,0.8591327211179893,0.8606382978723405,5,4304,8.696287273000053,dinov2_large+dinov2_small+drlbp+resnet101+swin_t,
DTD,resmlp,42,4,full,random_050,0.7409284008298586,0.7430851063829788,5,4984,4.358735612004239,gabor+glcm+lbp+swin_t+vgg16,
DTD,resmlp,42,4,full,random_051,0.8476610010511637,0.8494680851063829,5,6272,7.890414831003,dinov2+dinov2_small+rgb_ngram_svd+swin_t+vgg16,
DTD,resmlp,42,4,full,random_052,0.8495403620764739,0.851063829787234,5,4598,6.995784136001021,densenet121+dinov2_large+glcm+hog+mae_base,
DTD,resmlp,42,4,full,random_053,0.8399648049141019,0.8420212765957447,5,3584,13.951273771002889,beitv2_base_final+convnext_v2_t+deit_s+dinov2_small+efficientnet_b0,
DTD,resmlp,42,4,full,random_054,0.816357422578193,0.8186170212765957,5,7344,14.372450659000606,dinov2_small+gabor+resnet50+swin_t+vgg16,
DTD,resmlp,42,4,full,random_055,0.8452387188938828,0.8473404255319149,5,2834,12.500362426995707,beitv2_base_final+dinov2_large+glcm+rgb_ngram_svd+vit_b16,
DTD,resmlp,42,4,full,random_056,0.8631829663873146,0.8643617021276596,5,4224,15.77537419800501,dinov2_large+dinov2_small+efficientnet_b0+eva02_base+swin_t,
DTD,resmlp,42,4,full,random_057,0.8402835540732972,0.8420212765957447,5,6528,6.946540734003065,deit_s+dinov2_large+mae_base+rgb_ngram_svd+vgg16,
DTD,resmlp,42,4,full,random_058,0.8197682999522103,0.8207446808510638,5,7344,9.25018798000383,deit_s+gabor+resnet50+siglip_base+vgg16,
DTD,resmlp,42,4,full,random_059,0.8499178369407833,0.850531914893617,5,6784,7.123787060001632,convnext_v2_t+deit_s+eva02_base+siglip_base+vgg16,
DTD,resmlp,42,4,full,random_060,0.8126443736535763,0.8154255319148936,5,7066,6.397130202996777,deit_s+hog+lbp+siglip_base+vgg16,
DTD,resmlp,42,4,full,random_061,0.8507764916351082,0.8521276595744681,5,3712,7.305055149998225,convnext_v2_t+deit_s+densenet121+dinov2+mae_base,
DTD,resmlp,42,4,full,random_062,0.8544306684566703,0.8553191489361702,5,2998,6.779347561001487,deit_s+dinov2+dinov2_large+lbp+mae_base,
DTD,resmlp,42,4,full,random_063,0.8696737679392126,0.8707446808510638,5,7168,10.657213678998232,dinov2_large+efficientnet_b0+eva02_base+resnet101+resnet50,
DTD,resmlp,42,4,full,random_064,0.75081777634236,0.7531914893617021,5,7908,4.709520489996066,densenet121+hog+rgb_ngram_svd+swin_t+vgg16,
DTD,resmlp,42,4,full,random_065,0.7898331730976055,0.7920212765957447,5,4372,3.2722057020000648,convnext_v2_t+densenet121+gabor+hog+vit_b16,
DTD,resmlp,42,4,full,random_066,0.8092233484744633,0.8106382978723404,5,4688,7.472999213998264,convnext_v2_t+densenet121+drlbp+resnet50+vit_b16,
DTD,resmlp,42,4,full,random_067,0.8581947793042836,0.8595744680851064,5,2608,7.981274618003226,deit_s+dinov2+dinov2_large+dinov2_small+gabor,
DTD,resmlp,42,4,full,random_068,0.8278653723346122,0.8292553191489361,5,5734,3.6621733689971734,convnext_v2_t+gabor+lbp+siglip_base+vgg16,
DTD,resmlp,42,4,full,random_069,0.8620991968902671,0.8638297872340426,5,2578,8.686630835996766,beitv2_base_final+dinov2+eva02_base+glcm+rgb_ngram_svd,
DTD,resmlp,42,4,full,random_070,0.8483314773128529,0.85,5,5146,7.260662856999261,dinov2_large+hog+lbp+resnet101+rgb_ngram_svd,
DTD,resmlp,42,4,full,random_071,0.8267142698266088,0.8297872340425532,5,2278,9.350276603996463,densenet121+dinov2_small+gabor+lbp+vit_b16,
DTD,resmlp,42,4,full,random_072,0.8627992177202385,0.8638297872340426,5,2998,8.35182627600443,densenet121+dinov2_small+eva02_base+lbp+siglip_base,
DTD,resmlp,42,4,full,random_073,0.8312729796727769,0.8340425531914893,5,3522,10.381156755996926,densenet121+dinov2_small+gabor+glcm+resnet101,
DTD,resmlp,42,4,full,random_074,0.8402835540732972,0.8420212765957447,5,6528,9.240342108001641,deit_s+dinov2_large+mae_base+rgb_ngram_svd+vgg16,
DTD,resmlp,42,4,full,random_075,0.7995038814425599,0.801595744680851,5,5248,8.867407484001887,deit_s+efficientnet_b0+mae_base+resnet50+vit_b16,
DTD,resmlp,42,4,full,random_076,0.83424130893939,0.8361702127659575,5,4864,7.728108372000861,deit_s+dinov2_small+efficientnet_b0+resnet101+vit_b16,
DTD,resmlp,42,4,full,random_077,0.8411497712936066,0.8436170212765958,5,5760,4.835391572996741,dinov2+drlbp+gabor+vgg16+vit_b16,
DTD,resmlp,42,4,full,random_078,0.8618745426437593,0.8632978723404255,5,2480,9.054867899998499,dinov2_large+dinov2_small+gabor+rgb_ngram_svd+siglip_base,
DTD,resmlp,42,4,full,random_079,0.7897835177684172,0.7914893617021277,5,2742,12.844316531001823,deit_s+lbp+mae_base+swin_t+vit_b16,
DTD,resmlp,42,4,full,random_080,0.7784238749196887,0.7803191489361702,5,5174,15.707459219993325,lbp+resnet101+resnet50+rgb_ngram_svd+swin_t,
DTD,resmlp,42,4,full,random_081,0.8338978805182813,0.8340425531914893,5,3408,5.743744610001158,densenet121+drlbp+mae_base+siglip_base+vit_b16,
DTD,resmlp,42,4,full,random_082,0.8615454580129408,0.8632978723404255,5,7424,13.29599862399482,dinov2_large+efficientnet_b0+eva02_base+rgb_ngram_svd+vgg16,
DTD,resmlp,42,4,full,random_083,0.8558608877397834,0.8563829787234043,5,5732,11.852422458003275,deit_s+eva02_base+hog+resnet101+siglip_base,
DTD,resmlp,42,4,full,random_084,0.8640398950494497,0.8654255319148936,5,4608,16.88144471099804,beitv2_base_final+dinov2_large+efficientnet_b0+mae_base+siglip_base,
DTD,resmlp,42,4,full,random_085,0.8520500827893446,0.8558510638297873,5,4372,9.098008246997779,dinov2_large+eva02_base+gabor+hog+mae_base,
DTD,resmlp,42,4,full,random_086,0.8337589264246111,0.8351063829787234,5,9444,7.568942769001296,convnext_v2_t+hog+resnet50+siglip_base+vgg16,
DTD,resmlp,42,4,full,random_087,0.8587052534766224,0.8601063829787234,5,6704,14.489020763998269,dinov2_large+eva02_base+gabor+vgg16+vit_b16,
DTD,resmlp,42,4,full,random_088,0.7596424043968668,0.7627659574468085,5,7988,7.687200008003856,drlbp+efficientnet_b0+hog+swin_t+vgg16,
DTD,resmlp,42,4,full,random_089,0.8460131438660004,0.847872340425532,5,6064,9.10493548699742,dinov2_small+gabor+mae_base+siglip_base+vgg16,
DTD,resmlp,42,4,full,random_090,0.8478397290474513,0.85,5,2438,9.389718011996592,drlbp+eva02_base+lbp+mae_base+siglip_base,
DTD,resmlp,42,4,full,random_091,0.8470349818414808,0.848404255319149,5,4836,9.557769601997279,beitv2_base_final+convnext_v2_t+dinov2+hog+swin_t,
DTD,resmlp,42,4,full,random_092,0.8248496005463969,0.825531914893617,5,3994,5.863917022004898,deit_s+densenet121+eva02_base+hog+lbp,
DTD,resmlp,42,4,full,random_093,0.8471569354509318,0.8489361702127659,5,4048,10.675513508002041,deit_s+dinov2+drlbp+resnet101+swin_t,
DTD,resmlp,42,4,full,random_094,0.8269974927865804,0.8271276595744681,5,2274,5.5383777110037045,deit_s+densenet121+drlbp+eva02_base+glcm,
DTD,resmlp,42,4,full,random_095,0.841348164026893,0.8441489361702128,5,4116,5.404919458997028,eva02_base+gabor+hog+siglip_base+swin_t,
DTD,resmlp,42,4,full,random_096,0.8689427649453513,0.8702127659574468,5,4736,13.40174048300105,dinov2+dinov2_small+eva02_base+mae_base+resnet50,
DTD,resmlp,42,4,full,random_097,0.8243138263123471,0.8271276595744681,5,6912,14.169075361998694,densenet121+mae_base+rgb_ngram_svd+siglip_base+vgg16,
DTD,resmlp,42,4,full,random_098,0.8166230250472617,0.8191489361702128,5,4022,12.634948985003575,beitv2_base_final+deit_s+lbp+resnet101+swin_t,
DTD,resmlp,42,4,full,random_099,0.8174580374046246,0.8186170212765957,5,7680,15.413652438997815,beitv2_base_final+convnext_v2_t+efficientnet_b0+vgg16+vit_b16,
DTD,resmlp,42,5,full,random_000,0.8056163594098831,0.8085106382978723,5,4214,2.3416544970023097,dinov2_small+efficientnet_b0+glcm+hog+mae_base,
DTD,resmlp,42,5,full,random_001,0.8534128262751396,0.8547872340425532,5,3986,3.737683523002488,beitv2_base_final+dinov2+dinov2_small+glcm+resnet50,
DTD,resmlp,42,5,full,random_002,0.8350118763768837,0.8367021276595744,5,7296,2.5392663439997705,convnext_v2_t+dinov2_small+efficientnet_b0+siglip_base+vgg16,
DTD,resmlp,42,5,full,random_003,0.8513347479082294,0.8537234042553191,5,4992,3.016806241001177,beitv2_base_final+densenet121+dinov2_small+resnet101+siglip_base,
DTD,resmlp,42,5,full,random_004,0.8026899122768456,0.8053191489361702,5,4242,3.0352556770012598,beitv2_base_final+deit_s+densenet121+glcm+resnet50,
DTD,resmlp,42,5,full,random_005,0.8448758957732905,0.8462765957446808,5,7222,4.8257606090046465,beitv2_base_final+dinov2_large+efficientnet_b0+lbp+vgg16,
DTD,resmlp,42,5,full,random_006,0.809627899507623,0.8117021276595745,5,1634,4.670361440999841,deit_s+dinov2_small+drlbp+glcm+swin_t,
DTD,resmlp,42,5,full,random_007,0.8423972042039624,0.8441489361702128,5,9700,3.6805304150038864,convnext_v2_t+dinov2_large+hog+resnet101+vgg16,
DTD,resmlp,42,5,full,random_008,0.8583634971739413,0.8590425531914894,5,2406,2.3836059430032037,convnext_v2_t+dinov2+gabor+lbp+siglip_base,
DTD,resmlp,42,5,full,random_009,0.8639458338698678,0.8654255319148936,5,6372,5.292658931000915,beitv2_base_final+dinov2_large+hog+resnet101+siglip_base,
DTD,resmlp,42,5,full,random_010,0.847620852374067,0.8494680851063829,5,7728,5.189800246000232,dinov2+eva02_base+gabor+resnet101+vgg16,
DTD,resmlp,42,5,full,random_011,0.8406776848206572,0.8436170212765958,5,5576,5.13167460400291,dinov2_large+dinov2_small+glcm+lbp+vgg16,
DTD,resmlp,42,5,full,random_012,0.8468381752533384,0.848404255319149,5,4580,4.662873524997849,dinov2+dinov2_large+hog+rgb_ngram_svd+swin_t,
DTD,resmlp,42,5,full,random_013,0.7721810677496257,0.773936170212766,5,4944,5.258689916001458,drlbp+efficientnet_b0+mae_base+resnet101+swin_t,
DTD,resmlp,42,5,full,random_014,0.8227436693659994,0.823936170212766,5,7680,3.6043401950009866,efficientnet_b0+eva02_base+mae_base+vgg16+vit_b16,
DTD,resmlp,42,5,full,random_015,0.8476173920960886,0.85,5,4230,3.1813278260015068,densenet121+dinov2_large+drlbp+lbp+resnet101,
DTD,resmlp,42,5,full,random_016,0.8207981283937905,0.8212765957446808,5,4116,2.0005654330016114,gabor+hog+mae_base+siglip_base+vit_b16,
DTD,resmlp,42,5,full,random_017,0.8511200593798856,0.8531914893617021,5,4662,3.425842074000684,convnext_v2_t+dinov2+dinov2_large+lbp+resnet50,
DTD,resmlp,42,5,full,random_018,0.7573593935014997,0.7595744680851064,5,4864,3.3425048579956638,densenet121+mae_base+resnet101+rgb_ngram_svd+swin_t,
DTD,resmlp,42,5,full,random_019,0.811136967575006,0.8143617021276596,5,4048,2.7179708939947886,convnext_v2_t+dinov2_small+drlbp+resnet101+swin_t,
DTD,resmlp,42,5,full,random_020,0.7639503759412605,0.7643617021276595,5,4116,2.3974039969980367,efficientnet_b0+gabor+hog+rgb_ngram_svd+vit_b16,
DTD,resmlp,42,5,full,random_021,0.8256326617538314,0.8287234042553191,5,6978,6.073852841000189,gabor+glcm+resnet101+siglip_base+vgg16,
DTD,resmlp,42,5,full,random_022,0.8191708445955445,0.8212765957446808,5,7734,3.497493087001203,lbp+resnet101+siglip_base+swin_t+vgg16,
DTD,resmlp,42,5,full,random_023,0.8455178388139238,0.847872340425532,5,3920,5.173617808999552,beitv2_base_final+densenet121+dinov2+drlbp+efficientnet_b0,
DTD,resmlp,42,5,full,random_024,0.8370436583377057,0.8382978723404255,5,3152,2.533182947001478,densenet121+dinov2_large+drlbp+rgb_ngram_svd+vit_b16,
DTD,resmlp,42,5,full,random_025,0.803220456276583,0.8053191489361702,5,6966,5.102938470001391,beitv2_base_final+efficientnet_b0+lbp+swin_t+vgg16,
DTD,resmlp,42,5,full,random_026,0.8473652147473457,0.848404255319149,5,6116,3.69081100999756,eva02_base+hog+resnet50+siglip_base+swin_t,
DTD,resmlp,42,5,full,random_027,0.8300918626307922,0.8313829787234043,5,9444,3.529309141995327,dinov2+hog+mae_base+resnet101+vgg16,
DTD,resmlp,42,5,full,random_028,0.8334109481500561,0.8351063829787234,5,3126,2.900117360004515,beitv2_base_final+efficientnet_b0+eva02_base+lbp+rgb_ngram_svd,
DTD,resmlp,42,5,full,random_029,0.8385984482303189,0.8404255319148937,5,5248,2.7897634330001893,dinov2_small+efficientnet_b0+resnet50+siglip_base+swin_t,
DTD,resmlp,42,5,full,random_030,0.8344824126418913,0.8361702127659575,5,4944,2.179216053998971,dinov2+drlbp+efficientnet_b0+resnet50+swin_t,
DTD,resmlp,42,5,full,random_031,0.8577294940598159,0.8585106382978723,5,3656,3.539043272998242,dinov2+glcm+lbp+resnet50+siglip_base,
DTD,resmlp,42,5,full,random_032,0.8536944125576479,0.8563829787234043,5,4912,5.129034040997794,densenet121+dinov2+dinov2_large+gabor+resnet50,
DTD,resmlp,42,5,full,random_033,0.8328860982559426,0.8345744680851064,5,3302,1.7524604179998278,dinov2_small+gabor+lbp+resnet101+siglip_base,
DTD,resmlp,42,5,full,random_034,0.8299712039069739,0.8319148936170213,5,3328,5.414368432997435,beitv2_base_final+dinov2_small+drlbp+gabor+resnet101,
DTD,resmlp,42,5,full,random_035,0.8549291940345828,0.8569148936170212,5,2694,2.519385087005503,beitv2_base_final+dinov2_large+drlbp+lbp+mae_base,
DTD,resmlp,42,5,full,random_036,0.8206333563808766,0.8218085106382979,5,5248,2.114424302999396,deit_s+efficientnet_b0+mae_base+resnet50+siglip_base,
DTD,resmlp,42,5,full,random_037,0.8658194746030387,0.8664893617021276,5,5622,3.499404144997243,dinov2_large+eva02_base+glcm+hog+resnet101,
DTD,resmlp,42,5,full,random_038,0.8494612849701535,0.850531914893617,5,6224,3.102974187997461,densenet121+dinov2_large+drlbp+resnet101+resnet50,
DTD,resmlp,42,5,full,random_039,0.8675596901954568,0.8691489361702127,5,3254,3.917925973997626,densenet121+dinov2_large+dinov2_small+lbp+siglip_base,
DTD,resmlp,42,5,full,random_040,0.807983564314471,0.8090425531914893,5,8704,5.498739385999215,beitv2_base_final+densenet121+resnet50+vgg16+vit_b16,
DTD,resmlp,42,5,full,random_041,0.8390159175672915,0.8393617021276596,5,8960,4.14786664499843,densenet121+dinov2_large+resnet50+vgg16+vit_b16,
DTD,resmlp,42,5,full,random_042,0.8569777643515173,0.8590425531914894,5,4096,5.04241117300262,beitv2_base_final+dinov2_large+efficientnet_b0+rgb_ngram_svd+swin_t,
DTD,resmlp,42,5,full,random_043,0.7867922933952131,0.7909574468085107,5,3686,3.277588035001827,convnext_v2_t+gabor+lbp+mae_base+resnet101,
DTD,resmlp,42,5,full,random_044,0.8472485746464188,0.8494680851063829,5,4022,4.597969911999826,dinov2+dinov2_small+lbp+mae_base+resnet50,
DTD,resmlp,42,5,full,random_045,0.8152815534695147,0.8164893617021277,5,3574,1.9055084799983888,glcm+hog+rgb_ngram_svd+siglip_base+swin_t,
DTD,resmlp,42,5,full,random_046,0.8494213691231589,0.851063829787234,5,3024,2.5885453970040544,beitv2_base_final+densenet121+dinov2_small+drlbp+eva02_base,
DTD,resmlp,42,5,full,random_047,0.8310850361069333,0.8324468085106383,5,7728,3.723960741001065,convnext_v2_t+dinov2+gabor+resnet50+vgg16,
DTD,resmlp,42,5,full,random_048,0.8597095572504145,0.8611702127659574,5,4272,3.7379501889954554,deit_s+dinov2+dinov2_large+gabor+resnet101,
DTD,resmlp,42,5,full,random_049,0.8349230106095934,0.8361702127659575,5,4608,3.42739321100089,beitv2_base_final+eva02_base+resnet101+rgb_ngram_svd+swin_t,
DTD,resmlp,42,5,full,random_050,0.8065529487413944,0.8095744680851064,5,3280,3.3256330649965093,beitv2_base_final+convnext_v2_t+deit_s+drlbp+efficientnet_b0,
DTD,resmlp,42,5,full,random_051,0.8563543851902521,0.8569148936170212,5,4224,3.621925534993352,densenet121+dinov2+dinov2_small+efficientnet_b0+eva02_base,
DTD,resmlp,42,5,full,random_052,0.8117024750618674,0.8138297872340425,5,5968,3.111294957001519,beitv2_base_final+densenet121+drlbp+resnet101+resnet50,
DTD,resmlp,42,5,full,random_053,0.780531698967886,0.7813829787234042,5,4242,3.3614418509969255,deit_s+densenet121+glcm+resnet101+vit_b16,
DTD,resmlp,42,5,full,random_054,0.8206020618750179,0.823404255319149,5,2662,3.187240851999377,densenet121+gabor+lbp+siglip_base+swin_t,
DTD,resmlp,42,5,full,random_055,0.8329732323023255,0.8345744680851064,5,3200,4.915979386998515,beitv2_base_final+deit_s+densenet121+eva02_base+rgb_ngram_svd,
DTD,resmlp,42,5,full,random_056,0.8282625997465463,0.8292553191489361,5,1810,3.3115009480025037,beitv2_base_final+deit_s+dinov2_small+glcm+rgb_ngram_svd,
DTD,resmlp,42,5,full,random_057,0.8253128454861461,0.8281914893617022,5,5698,1.8252882870001486,dinov2+gabor+glcm+swin_t+vgg16,
DTD,resmlp,42,5,full,random_058,0.8564370624974843,0.8574468085106383,5,6116,4.834318135996,dinov2+hog+resnet50+siglip_base+swin_t,
DTD,resmlp,42,5,full,random_059,0.8236519219223976,0.823936170212766,5,5350,3.4588359930057777,deit_s+eva02_base+gabor+lbp+vgg16,
DTD,resmlp,42,5,full,random_060,0.7847388571789415,0.7877659574468086,5,5632,5.137434733995178,convnext_v2_t+efficientnet_b0+mae_base+resnet101+vit_b16,
DTD,resmlp,42,5,full,random_061,0.7406480077253217,0.7430851063829788,5,7984,4.112717611002154,densenet121+gabor+mae_base+resnet50+vgg16,
DTD,resmlp,42,5,full,random_062,0.8032724223000192,0.8042553191489362,5,4884,3.274682023002242,beitv2_base_final+gabor+hog+resnet101+rgb_ngram_svd,
DTD,resmlp,42,5,full,random_063,0.8442049438760092,0.8457446808510638,5,2896,3.180078653000237,beitv2_base_final+densenet121+dinov2+drlbp+rgb_ngram_svd,
DTD,resmlp,42,5,full,random_064,0.7565151709047296,0.7601063829787233,5,4582,3.5215162719978252,deit_s+gabor+lbp+resnet101+resnet50,
DTD,resmlp,42,5,full,random_065,0.755107897304901,0.7569148936170212,5,5382,3.9682199580056476,deit_s+drlbp+lbp+vgg16+vit_b16,
DTD,resmlp,42,5,full,random_066,0.8397065241056272,0.8409574468085106,5,4406,5.337422426004196,convnext_v2_t+lbp+mae_base+resnet101+siglip_base,
DTD,resmlp,42,5,full,random_067,0.8285652540196924,0.8297872340425532,5,2406,1.9483777790010208,gabor+lbp+siglip_base+swin_t+vit_b16,
DTD,resmlp,42,5,full,random_068,0.8704986755189932,0.8723404255319149,5,4096,3.4900042489971383,convnext_v2_t+dinov2_large+eva02_base+mae_base+siglip_base,
DTD,resmlp,42,5,full,random_069,0.8434579173158274,0.8446808510638298,5,4148,3.212736617999326,densenet121+dinov2_large+drlbp+hog+rgb_ngram_svd,
DTD,resmlp,42,5,full,random_070,0.8382825449007377,0.8398936170212766,5,6272,5.728291421000904,densenet121+dinov2_small+eva02_base+resnet101+resnet50,
DTD,resmlp,42,5,full,random_071,0.8264544161518786,0.8281914893617022,5,4992,3.964207536999311,convnext_v2_t+densenet121+dinov2_small+resnet50+vit_b16,
DTD,resmlp,42,5,full,random_072,0.7051272003244181,0.7074468085106383,5,6162,3.045586241998535,densenet121+glcm+mae_base+rgb_ngram_svd+vgg16,
DTD,resmlp,42,5,full,random_073,0.826434017482797,0.8281914893617022,5,4432,2.7962210859986953,convnext_v2_t+drlbp+eva02_base+mae_base+resnet50,
DTD,resmlp,42,5,full,random_074,0.7609499233185155,0.7648936170212766,5,4148,1.8651556999975583,drlbp+hog+mae_base+swin_t+vit_b16,
DTD,resmlp,42,5,full,random_075,0.8411000064171095,0.8436170212765958,5,7680,2.9080708999972558,convnext_v2_t+densenet121+dinov2_large+swin_t+vgg16,
DTD,resmlp,42,5,full,random_076,0.8310946873511084,0.8319148936170213,5,2950,2.953776841997751,drlbp+efficientnet_b0+eva02_base+lbp+vit_b16,
DTD,resmlp,42,5,full,random_077,0.8434932962105798,0.8446808510638298,5,6784,5.862647750000178,convnext_v2_t+deit_s+eva02_base+siglip_base+vgg16,
DTD,resmlp,42,5,full,random_078,0.8502930774048277,0.851063829787234,5,4324,3.3209842090000166,deit_s+densenet121+dinov2+dinov2_small+hog,
DTD,resmlp,42,5,full,random_079,0.8294201740391196,0.8319148936170213,5,5200,4.76350234200072,densenet121+drlbp+efficientnet_b0+eva02_base+resnet101,
DTD,resmlp,42,5,full,random_080,0.8296509030904256,0.8324468085106383,5,2256,2.234150172000227,deit_s+drlbp+mae_base+rgb_ngram_svd+siglip_base,
DTD,resmlp,42,5,full,random_081,0.848712132685687,0.850531914893617,5,5888,5.142220681998879,dinov2+dinov2_large+efficientnet_b0+resnet101+vit_b16,
DTD,resmlp,42,5,full,random_082,0.8402907828148477,0.8404255319148937,5,1656,4.147107414995844,dinov2+gabor+glcm+lbp+mae_base,
DTD,resmlp,42,5,full,random_083,0.8468946006571301,0.8473404255319149,5,4048,4.666038402996492,dinov2_small+drlbp+eva02_base+mae_base+resnet101,
DTD,resmlp,42,5,full,random_084,0.8237620452994675,0.825,5,4176,2.6372483619998093,densenet121+drlbp+resnet50+rgb_ngram_svd+siglip_base,
DTD,resmlp,42,5,full,random_085,0.7752786362905686,0.777127659574468,5,5174,3.616456673000357,densenet121+efficientnet_b0+lbp+resnet50+vit_b16,
DTD,resmlp,42,5,full,random_086,0.6853819320661672,0.6867021276595745,5,5248,1.785449429997243,drlbp+gabor+mae_base+rgb_ngram_svd+vgg16,
DTD,resmlp,42,5,full,random_087,0.8508091492209877,0.8526595744680852,5,4242,3.721713943996292,convnext_v2_t+dinov2_large+dinov2_small+glcm+resnet101,
DTD,resmlp,42,5,full,random_088,0.8117225467328644,0.8122340425531915,5,4116,2.5037711300028604,beitv2_base_final+convnext_v2_t+gabor+hog+mae_base,
DTD,resmlp,42,5,full,random_089,0.8581177142994495,0.8595744680851064,5,6022,4.786098921002122,dinov2_large+drlbp+lbp+siglip_base+vgg16,
DTD,resmlp,42,5,full,random_090,0.8594276249081703,0.8606382978723405,5,4406,3.064732399994682,dinov2+lbp+mae_base+resnet50+siglip_base,
DTD,resmlp,42,5,full,random_091,0.8370349684267554,0.8388297872340426,5,4324,1.7151831299997866,convnext_v2_t+dinov2+hog+mae_base+rgb_ngram_svd,
DTD,resmlp,42,5,full,random_092,0.8222883859751845,0.824468085106383,5,6244,4.125156613001309,convnext_v2_t+dinov2_small+efficientnet_b0+hog+resnet50,
DTD,resmlp,42,5,full,random_093,0.793465388210187,0.7968085106382978,5,4688,5.184891902994423,convnext_v2_t+densenet121+drlbp+resnet50+vit_b16,
DTD,resmlp,42,5,full,random_094,0.8582263342663561,0.8595744680851064,5,4324,5.825478753002244,beitv2_base_final+dinov2+hog+rgb_ngram_svd+siglip_base,
DTD,resmlp,42,5,full,random_095,0.8276582776427671,0.8303191489361702,5,3894,2.9662104320013896,dinov2+lbp+resnet101+rgb_ngram_svd+swin_t,
DTD,resmlp,42,5,full,random_096,0.8514214813136165,0.8526595744680852,5,6674,3.032278016995406,convnext_v2_t+dinov2_large+eva02_base+glcm+vgg16,
DTD,resmlp,42,5,full,random_097,0.8527267263301702,0.8537234042553191,5,2376,3.2280060350021813,dinov2+eva02_base+glcm+lbp+vit_b16,
DTD,resmlp,42,5,full,random_098,0.8216556216216487,0.8223404255319149,5,6064,4.0939063009936945,deit_s+eva02_base+gabor+vgg16+vit_b16,
DTD,resmlp,42,5,full,random_099,0.843029296117209,0.8436170212765958,5,4452,2.3740226139998413,deit_s+eva02_base+hog+siglip_base+swin_t,
DTD,resmlp,42,6,full,random_000,0.8378618274864335,0.8388297872340426,6,5570,4.920168178003223,dinov2_small+eva02_base+gabor+glcm+rgb_ngram_svd+vgg16,
DTD,resmlp,42,6,full,random_001,0.7889407424448115,0.7882978723404256,6,6164,2.4833688780054217,gabor+hog+mae_base+resnet50+swin_t+vit_b16,
DTD,resmlp,42,6,full,random_002,0.8696124795563202,0.8707446808510638,6,6884,2.7195027560010203,convnext_v2_t+dinov2+hog+resnet50+siglip_base+swin_t,
DTD,resmlp,42,6,full,random_003,0.8734614799132434,0.875,6,3792,2.73604927300039,beitv2_base_final+convnext_v2_t+deit_s+dinov2_large+drlbp+siglip_base,
DTD,resmlp,42,6,full,random_004,0.8621250397948017,0.8638297872340426,6,6036,4.091106981999474,dinov2_large+dinov2_small+gabor+hog+resnet50+vit_b16,
DTD,resmlp,42,6,full,random_005,0.8757640028982393,0.877127659574468,6,4736,4.393704549998802,beitv2_base_final+densenet121+dinov2_large+dinov2_small+siglip_base+vit_b16,
DTD,resmlp,42,6,full,random_006,0.8619797212207607,0.8638297872340426,6,4170,2.3913134139947942,convnext_v2_t+dinov2+gabor+hog+lbp+siglip_base,
DTD,resmlp,42,6,full,random_007,0.869733382195511,0.8712765957446809,6,6884,4.2674238750041695,beitv2_base_final+dinov2+eva02_base+hog+resnet50+swin_t,
DTD,resmlp,42,6,full,random_008,0.8460660677863191,0.848404255319149,6,5138,3.8996410979962093,beitv2_base_final+glcm+resnet50+siglip_base+swin_t+vit_b16,
DTD,resmlp,42,6,full,random_009,0.8195932277052044,0.8207446808510638,6,7600,4.858457946997078,dinov2_small+gabor+resnet50+rgb_ngram_svd+swin_t+vgg16,
DTD,resmlp,42,6,full,random_010,0.8567469936197534,0.8579787234042553,6,7140,6.166251987997384,convnext_v2_t+dinov2_large+hog+mae_base+resnet101+swin_t,
DTD,resmlp,42,6,full,random_011,0.8468400533822408,0.8489361702127659,6,6272,4.207713046998833,beitv2_base_final+deit_s+densenet121+efficientnet_b0+resnet101+siglip_base,
DTD,resmlp,42,6,full,random_012,0.7758161064202406,0.7776595744680851,6,6326,4.497320959002536,deit_s+densenet121+lbp+mae_base+resnet101+resnet50,
DTD,resmlp,42,6,full,random_013,0.8623210237100954,0.8643617021276596,6,6454,3.0876287490027607,beitv2_base_final+deit_s+dinov2_small+eva02_base+lbp+vgg16,
DTD,resmlp,42,6,full,random_014,0.8555427522430917,0.8569148936170212,6,5558,4.651533409996773,deit_s+dinov2_large+efficientnet_b0+lbp+mae_base+resnet101,
DTD,resmlp,42,6,full,random_015,0.7799370826283143,0.7835106382978724,6,7670,2.032250791999104,convnext_v2_t+glcm+hog+rgb_ngram_svd+swin_t+vgg16,
DTD,resmlp,42,6,full,random_016,0.8627511286752616,0.8638297872340426,6,4012,1.9720991029971628,beitv2_base_final+dinov2_large+dinov2_small+glcm+hog+lbp,
DTD,resmlp,42,6,full,random_017,0.8284496695730572,0.8292553191489361,6,4040,4.222409009998955,dinov2_small+glcm+lbp+mae_base+resnet101+swin_t,
DTD,resmlp,42,6,full,random_018,0.8699316435491922,0.8718085106382979,6,7936,3.9082116029967437,beitv2_base_final+dinov2_large+efficientnet_b0+resnet101+resnet50+siglip_base,
DTD,resmlp,42,6,full,random_019,0.8392999290650653,0.8420212765957447,6,3686,2.1587183529991307,beitv2_base_final+efficientnet_b0+gabor+lbp+siglip_base+vit_b16,
DTD,resmlp,42,6,full,random_020,0.8520851421403154,0.8537234042553191,6,8368,4.97097088600276,beitv2_base_final+deit_s+dinov2_large+gabor+resnet101+vgg16,
DTD,resmlp,42,6,full,random_021,0.8561014036302687,0.8579787234042553,6,5906,5.083530584000982,deit_s+dinov2_small+eva02_base+glcm+rgb_ngram_svd+vgg16,
DTD,resmlp,42,6,full,random_022,0.8729311856714703,0.8739361702127659,6,4418,2.590846158003842,convnext_v2_t+dinov2+gabor+glcm+resnet101+siglip_base,
DTD,resmlp,42,6,full,random_023,0.7924435728693456,0.7946808510638298,6,2816,2.1631269739955314,convnext_v2_t+deit_s+drlbp+gabor+mae_base+swin_t,
DTD,resmlp,42,6,full,random_024,0.8556169073034438,0.8579787234042553,6,4480,5.093291550998401,beitv2_base_final+convnext_v2_t+deit_s+densenet121+dinov2+vit_b16,
DTD,resmlp,42,6,full,random_025,0.831106906657786,0.8329787234042553,6,4634,1.9818176920016413,convnext_v2_t+densenet121+eva02_base+hog+lbp+rgb_ngram_svd,
DTD,resmlp,42,6,full,random_026,0.854615144474882,0.8558510638297873,6,7140,3.636391461994208,convnext_v2_t+densenet121+dinov2+hog+mae_base+resnet101,
DTD,resmlp,42,6,full,random_027,0.8065281723889836,0.8079787234042554,6,4790,4.716806705997442,convnext_v2_t+deit_s+lbp+mae_base+resnet101+vit_b16,
DTD,resmlp,42,6,full,random_028,0.8418182661788339,0.8430851063829787,6,6448,4.816073230998882,dinov2+gabor+mae_base+resnet101+resnet50+swin_t,
DTD,resmlp,42,6,full,random_029,0.853717855908901,0.8553191489361702,6,8320,5.066057898002327,beitv2_base_final+dinov2_small+eva02_base+resnet101+rgb_ngram_svd+vgg16,
DTD,resmlp,42,6,full,random_030,0.7658364874210194,0.7675531914893617,6,5862,2.6426913010000135,deit_s+efficientnet_b0+gabor+lbp+resnet101+resnet50,
DTD,resmlp,42,6,full,random_031,0.708922145855061,0.7127659574468085,6,7146,2.5409945600040373,deit_s+drlbp+hog+lbp+mae_base+vgg16,
DTD,resmlp,42,6,full,random_032,0.8646692623860556,0.8664893617021276,6,5888,3.628840040000796,densenet121+dinov2_large+resnet101+rgb_ngram_svd+siglip_base+swin_t,
DTD,resmlp,42,6,full,random_033,0.8714686765945447,0.872872340425532,6,4962,4.766596450994257,densenet121+dinov2_large+drlbp+eva02_base+glcm+resnet101,
DTD,resmlp,42,6,full,random_034,0.7563617514521589,0.7590425531914894,6,5046,4.997958006999397,deit_s+densenet121+efficientnet_b0+lbp+resnet50+rgb_ngram_svd,
DTD,resmlp,42,6,full,random_035,0.874743348282736,0.8760638297872341,6,6144,3.9650352399985422,beitv2_base_final+densenet121+dinov2+eva02_base+mae_base+resnet50,
DTD,resmlp,42,6,full,random_036,0.8296566743355005,0.8313829787234043,6,4304,4.79749376399559,deit_s+drlbp+resnet101+rgb_ngram_svd+siglip_base+swin_t,
DTD,resmlp,42,6,full,random_037,0.8531158145328908,0.8542553191489362,6,5140,2.8843713910027873,densenet121+eva02_base+gabor+hog+siglip_base+swin_t,
DTD,resmlp,42,6,full,random_038,0.8679240577326539,0.8691489361702127,6,3736,1.7527175889990758,dinov2+drlbp+eva02_base+glcm+lbp+resnet101,
DTD,resmlp,42,6,full,random_039,0.8694857497576817,0.8707446808510638,6,5760,2.411924956002622,densenet121+dinov2_small+eva02_base+mae_base+resnet101+siglip_base,
DTD,resmlp,42,6,full,random_040,0.8494246447488759,0.851063829787234,6,3510,2.176321591003216,convnext_v2_t+deit_s+dinov2+lbp+swin_t+vit_b16,
DTD,resmlp,42,6,full,random_041,0.845621119363248,0.848404255319149,6,7396,3.3321336089938995,beitv2_base_final+efficientnet_b0+hog+mae_base+resnet50+siglip_base,
DTD,resmlp,42,6,full,random_042,0.8004418836075261,0.8021276595744681,6,5396,2.3936808869984816,beitv2_base_final+efficientnet_b0+gabor+hog+swin_t+vit_b16,
DTD,resmlp,42,6,full,random_043,0.8381215369415317,0.8404255319148937,6,4242,2.4906355409984826,beitv2_base_final+dinov2_small+glcm+resnet101+rgb_ngram_svd+vit_b16,
DTD,resmlp,42,6,full,random_044,0.8591234396832205,0.8606382978723405,6,4646,2.1787547650019405,densenet121+dinov2+dinov2_large+gabor+glcm+hog,
DTD,resmlp,42,6,full,random_045,0.8209224052041986,0.8223404255319149,6,6518,3.2358335300014005,densenet121+dinov2_small+efficientnet_b0+glcm+hog+resnet101,
DTD,resmlp,42,6,full,random_046,0.7739692164888898,0.7755319148936171,6,3382,1.6269155069967383,deit_s+drlbp+gabor+lbp+resnet50+vit_b16,
DTD,resmlp,42,6,full,random_047,0.8713703619907632,0.872872340425532,6,3682,2.283121188993391,densenet121+dinov2+dinov2_large+drlbp+eva02_base+glcm,
DTD,resmlp,42,6,full,random_048,0.8559527338877904,0.8574468085106383,6,7780,1.934558331995504,convnext_v2_t+dinov2+dinov2_small+hog+resnet101+resnet50,
DTD,resmlp,42,6,full,random_049,0.8559683175609222,0.8574468085106383,6,3986,1.5998477370012552,densenet121+dinov2_large+dinov2_small+glcm+mae_base+vit_b16,
DTD,resmlp,42,6,full,random_050,0.7980265539238699,0.8,6,3554,4.579442954003753,beitv2_base_final+deit_s+drlbp+glcm+resnet101+rgb_ngram_svd,
DTD,resmlp,42,6,full,random_051,0.8734363773438082,0.874468085106383,6,4406,2.7617119350034045,densenet121+dinov2+dinov2_large+eva02_base+lbp+vit_b16,
DTD,resmlp,42,6,full,random_052,0.8478008519462422,0.8494680851063829,6,1938,2.0105819659947883,dinov2+drlbp+gabor+glcm+rgb_ngram_svd+siglip_base,
DTD,resmlp,42,6,full,random_053,0.8413701807314241,0.8430851063829787,6,8466,3.603926566996961,glcm+resnet101+siglip_base+swin_t+vgg16+vit_b16,
DTD,resmlp,42,6,full,random_054,0.8486562697842869,0.850531914893617,6,6272,4.123503748000076,convnext_v2_t+densenet121+dinov2_small+efficientnet_b0+resnet101+siglip_base,
DTD,resmlp,42,6,full,random_055,0.8448195995964992,0.8457446808510638,6,4016,3.3726209520027624,beitv2_base_final+deit_s+efficientnet_b0+eva02_base+gabor+vit_b16,
DTD,resmlp,42,6,full,random_056,0.8386864909384093,0.8409574468085106,6,5750,4.090001526004926,deit_s+dinov2+glcm+hog+resnet50+vit_b16,
DTD,resmlp,42,6,full,random_057,0.8377102885939403,0.8377659574468085,6,2310,3.503881308999553,convnext_v2_t+deit_s+drlbp+eva02_base+lbp+rgb_ngram_svd,
DTD,resmlp,42,6,full,random_058,0.8409940408491544,0.8425531914893617,6,9216,4.970392759998504,mae_base+resnet101+siglip_base+swin_t+vgg16+vit_b16,
DTD,resmlp,42,6,full,random_059,0.774716178373339,0.7776595744680851,6,9296,4.080232663000061,densenet121+drlbp+efficientnet_b0+resnet50+swin_t+vgg16,
DTD,resmlp,42,6,full,random_060,0.7988058140186968,0.801595744680851,6,6960,5.81875432900415,beitv2_base_final+densenet121+gabor+rgb_ngram_svd+swin_t+vgg16,
DTD,resmlp,42,6,full,random_061,0.837681639507037,0.8398936170212766,6,4916,3.3564193509955658,beitv2_base_final+dinov2+drlbp+hog+mae_base+vit_b16,
DTD,resmlp,42,6,full,random_062,0.8361676753868595,0.8377659574468085,6,8502,4.278520535001007,eva02_base+lbp+mae_base+resnet50+swin_t+vgg16,
DTD,resmlp,42,6,full,random_063,0.8736786930886572,0.875,6,4726,5.1434323330031475,convnext_v2_t+dinov2_large+dinov2_small+eva02_base+glcm+hog,
DTD,resmlp,42,6,full,random_064,0.82730744606277,0.8292553191489361,6,8082,4.489656798999931,dinov2_small+glcm+resnet101+swin_t+vgg16+vit_b16,
DTD,resmlp,42,6,full,random_065,0.7800742187161699,0.7813829787234042,6,3622,2.091516184002103,beitv2_base_final+gabor+glcm+hog+mae_base+rgb_ngram_svd,
DTD,resmlp,42,6,full,random_066,0.8227270813832451,0.825531914893617,6,1938,2.639245619000576,convnext_v2_t+drlbp+gabor+glcm+rgb_ngram_svd+siglip_base,
DTD,resmlp,42,6,full,random_067,0.8458374421537055,0.8473404255319149,6,8496,4.855492262999178,gabor+resnet101+siglip_base+swin_t+vgg16+vit_b16,
DTD,resmlp,42,6,full,random_068,0.8299823698249859,0.8308510638297872,6,3126,2.2872418580009253,convnext_v2_t+deit_s+dinov2_small+lbp+mae_base+swin_t,
DTD,resmlp,42,6,full,random_069,0.8267610394005039,0.8281914893617022,6,7990,2.0827905199985253,densenet121+efficientnet_b0+eva02_base+lbp+mae_base+vgg16,
DTD,resmlp,42,6,full,random_070,0.8741761906260704,0.8760638297872341,6,4352,4.256132501999673,densenet121+dinov2+eva02_base+rgb_ngram_svd+siglip_base+swin_t,
DTD,resmlp,42,6,full,random_071,0.784758199110886,0.7888297872340425,6,4196,2.909510206998675,beitv2_base_final+drlbp+gabor+hog+mae_base+swin_t,
DTD,resmlp,42,6,full,random_072,0.8437861117097019,0.8452127659574468,6,7216,4.349084379995475,dinov2+efficientnet_b0+gabor+rgb_ngram_svd+vgg16+vit_b16,
DTD,resmlp,42,6,full,random_073,0.8598280821091492,0.8611702127659574,6,4674,4.640881872997852,convnext_v2_t+dinov2_large+gabor+glcm+resnet101+swin_t,
DTD,resmlp,42,6,full,random_074,0.8664975110320166,0.8686170212765958,6,5046,4.778350624997984,beitv2_base_final+deit_s+dinov2+dinov2_large+lbp+resnet101,
DTD,resmlp,42,6,full,random_075,0.8669680265873513,0.8686170212765958,6,4450,1.9161373789975187,dinov2+drlbp+glcm+resnet50+siglip_base+vit_b16,
DTD,resmlp,42,6,full,random_076,0.8082913136081015,0.8095744680851064,6,6448,4.802870877996611,convnext_v2_t+gabor+resnet101+resnet50+swin_t+vit_b16,
DTD,resmlp,42,6,full,random_077,0.8537463713825771,0.8547872340425532,6,4432,3.5408564200042747,deit_s+dinov2_small+drlbp+eva02_base+resnet50+vit_b16,
DTD,resmlp,42,6,full,random_078,0.8636609475043358,0.8654255319148936,6,4432,3.2851451599999564,drlbp+efficientnet_b0+eva02_base+mae_base+siglip_base+swin_t,
DTD,resmlp,42,6,full,random_079,0.8216625860392389,0.823404255319149,6,10084,2.7822935349977342,densenet121+dinov2_small+hog+resnet101+vgg16+vit_b16,
DTD,resmlp,42,6,full,random_080,0.8641672421144401,0.8659574468085106,6,6116,2.532573301999946,beitv2_base_final+convnext_v2_t+dinov2+efficientnet_b0+eva02_base+hog,
DTD,resmlp,42,6,full,random_081,0.8697576567758858,0.8718085106382979,6,6244,4.284423200006131,beitv2_base_final+deit_s+dinov2_large+hog+resnet50+rgb_ngram_svd,
DTD,resmlp,42,6,full,random_082,0.8144054869045062,0.8159574468085107,6,2626,4.373425336001674,deit_s+densenet121+dinov2_small+gabor+glcm+swin_t,
DTD,resmlp,42,6,full,random_083,0.8542686477828974,0.8558510638297873,6,5376,3.468364669002767,convnext_v2_t+dinov2+mae_base+resnet101+rgb_ngram_svd+vit_b16,
DTD,resmlp,42,6,full,random_084,0.8601811968454388,0.8611702127659574,6,3888,2.926717856003961,deit_s+dinov2_large+dinov2_small+efficientnet_b0+gabor+mae_base,
DTD,resmlp,42,6,full,random_085,0.8658237124575938,0.8675531914893617,6,5430,3.625366625004972,dinov2_large+efficientnet_b0+lbp+resnet101+rgb_ngram_svd+siglip_base,
DTD,resmlp,42,6,full,random_086,0.8507126669211172,0.8521276595744681,6,4390,2.0983144370038644,beitv2_base_final+densenet121+dinov2+gabor+glcm+hog,
DTD,resmlp,42,6,full,random_087,0.8518451142246452,0.8537234042553191,6,3942,4.504407208994962,densenet121+dinov2+efficientnet_b0+gabor+lbp+swin_t,
DTD,resmlp,42,6,full,random_088,0.825165865629545,0.823404255319149,6,1992,2.6088094919978175,dinov2_large+drlbp+gabor+glcm+lbp+mae_base,
DTD,resmlp,42,6,full,random_089,0.7859997896156561,0.7877659574468086,6,8258,3.8985226299992064,efficientnet_b0+gabor+glcm+resnet50+vgg16+vit_b16,
DTD,resmlp,42,6,full,random_090,0.8257317368797514,0.8281914893617022,6,2816,4.913058252001065,dinov2_small+drlbp+efficientnet_b0+gabor+rgb_ngram_svd+vit_b16,
DTD,resmlp,42,6,full,random_091,0.8188135113838343,0.8191489361702128,6,3482,2.8916229950045818,dinov2+drlbp+gabor+hog+lbp+swin_t,
DTD,resmlp,42,6,full,random_092,0.8541413306540326,0.8569148936170212,6,4458,2.1352539529980277,beitv2_base_final+densenet121+dinov2+drlbp+hog+lbp,
DTD,resmlp,42,6,full,random_093,0.8694528628957752,0.8712765957446809,6,4176,4.7239450859997305,beitv2_base_final+convnext_v2_t+dinov2_large+drlbp+eva02_base+vit_b16,
DTD,resmlp,42,6,full,random_094,0.8501412866236674,0.8515957446808511,6,8704,4.228787284999271,convnext_v2_t+densenet121+dinov2+efficientnet_b0+vgg16+vit_b16,
DTD,resmlp,42,6,full,random_095,0.8705103242246168,0.8712765957446809,6,4998,3.886771129000408,densenet121+dinov2_large+drlbp+eva02_base+lbp+resnet50,
DTD,resmlp,42,6,full,random_096,0.7951003281132204,0.7973404255319149,6,8038,4.239974214004178,convnext_v2_t+densenet121+gabor+lbp+resnet50+vgg16,
DTD,resmlp,42,6,full,random_097,0.8559912749213481,0.8574468085106383,6,4790,4.058730541000841,dinov2_small+eva02_base+lbp+mae_base+resnet101+vit_b16,
DTD,resmlp,42,6,full,random_098,0.8315683976435486,0.8324468085106383,6,6372,5.519616904995928,densenet121+efficientnet_b0+eva02_base+hog+mae_base+swin_t,
DTD,resmlp,42,6,full,random_099,0.8740784438309527,0.875,6,4424,4.464235223000287,beitv2_base_final+dinov2+eva02_base+glcm+lbp+resnet50,
DTD,resmlp,42,7,full,random_000,0.8172904706234505,0.8207446808510638,7,9392,5.539578440999321,convnext_v2_t+dinov2_small+efficientnet_b0+eva02_base+gabor+resnet50+vgg16,
DTD,resmlp,42,7,full,random_001,0.8173598353843347,0.8191489361702128,7,5878,4.750308607995976,densenet121+glcm+hog+mae_base+siglip_base+swin_t+vit_b16,
DTD,resmlp,42,7,full,random_002,0.829172873967447,0.8319148936170213,7,7296,5.377110860004905,densenet121+dinov2+dinov2_large+drlbp+gabor+rgb_ngram_svd+vgg16,
DTD,resmlp,42,7,full,random_003,0.8326136979708602,0.8356382978723405,7,7222,5.118798162002349,dinov2+efficientnet_b0+lbp+resnet101+resnet50+rgb_ngram_svd+siglip_base,
DTD,resmlp,42,7,full,random_004,0.7835479121382936,0.7861702127659574,7,6310,5.31139124299807,beitv2_base_final+deit_s+efficientnet_b0+gabor+glcm+hog+resnet101,
DTD,resmlp,42,7,full,random_005,0.8347673639441707,0.8372340425531914,7,6170,5.16321884199715,beitv2_base_final+densenet121+dinov2+dinov2_large+hog+lbp+vit_b16,
DTD,resmlp,42,7,full,random_006,0.8304077152633751,0.8329787234042553,7,10806,5.057888204006304,beitv2_base_final+dinov2+dinov2_large+lbp+resnet101+resnet50+vgg16,
DTD,resmlp,42,7,full,random_007,0.8401008258666013,0.8425531914893617,7,7862,5.3712040039972635,convnext_v2_t+dinov2_large+dinov2_small+lbp+mae_base+swin_t+vgg16,
DTD,resmlp,42,7,full,random_008,0.8228285677623902,0.825531914893617,7,4998,5.230874008004321,deit_s+dinov2_small+drlbp+efficientnet_b0+lbp+resnet101+siglip_base,
DTD,resmlp,42,7,full,random_009,0.8292291739839939,0.8313829787234043,7,8722,4.872464353000396,eva02_base+glcm+mae_base+resnet101+rgb_ngram_svd+siglip_base+vgg16,
DTD,resmlp,42,7,full,random_010,0.8457587366884375,0.847872340425532,7,3558,3.3617300069963676,deit_s+densenet121+dinov2_large+gabor+lbp+rgb_ngram_svd+siglip_base,
DTD,resmlp,42,7,full,random_011,0.8385082217681553,0.8409574468085106,7,6518,4.337546533002751,beitv2_base_final+convnext_v2_t+dinov2_small+glcm+hog+resnet50+siglip_base,
DTD,resmlp,42,7,full,random_012,0.8442796596585352,0.8452127659574468,7,3462,3.018411247001495,beitv2_base_final+drlbp+eva02_base+lbp+rgb_ngram_svd+siglip_base+vit_b16,
DTD,resmlp,42,7,full,random_013,0.7990075254083883,0.801595744680851,7,9490,5.272117098000308,beitv2_base_final+densenet121+glcm+resnet101+swin_t+vgg16+vit_b16,
DTD,resmlp,42,7,full,random_014,0.8081919955713048,0.8101063829787234,7,6192,5.320418789000541,densenet121+efficientnet_b0+eva02_base+gabor+resnet101+rgb_ngram_svd+vit_b16,
DTD,resmlp,42,7,full,random_015,0.8384545205069317,0.8404255319148937,7,8912,5.769944699000916,convnext_v2_t+deit_s+drlbp+eva02_base+resnet101+siglip_base+vgg16,
DTD,resmlp,42,7,full,random_016,0.8118566851207346,0.8164893617021277,7,9078,2.3101724560037837,dinov2_small+efficientnet_b0+glcm+hog+mae_base+siglip_base+vgg16,
DTD,resmlp,42,7,full,random_017,0.8263813665708071,0.8287234042553191,7,5622,2.252895769001043,efficientnet_b0+eva02_base+glcm+hog+rgb_ngram_svd+siglip_base+swin_t,
DTD,resmlp,42,7,full,random_018,0.805803352446909,0.8095744680851064,7,7286,3.6685350330008077,convnext_v2_t+densenet121+dinov2_small+efficientnet_b0+glcm+hog+resnet50,
DTD,resmlp,42,7,full,random_019,0.7544523618673956,0.7574468085106383,7,11156,5.233029987997725,deit_s+gabor+hog+resnet101+resnet50+swin_t+vgg16,
DTD,resmlp,42,7,full,random_020,0.802486240268593,0.8069148936170213,7,8986,5.755885324004339,efficientnet_b0+hog+lbp+rgb_ngram_svd+siglip_base+vgg16+vit_b16,
DTD,resmlp,42,7,full,random_021,0.7930303863556021,0.7957446808510639,7,7036,2.022027324004739,drlbp+eva02_base+glcm+hog+lbp+rgb_ngram_svd+vgg16,
DTD,resmlp,42,7,full,random_022,0.8474082641762541,0.85,7,7424,5.107511012996838,convnext_v2_t+dinov2_large+efficientnet_b0+eva02_base+resnet50+siglip_base+swin_t,
DTD,resmlp,42,7,full,random_023,0.8531946598873905,0.8553191489361702,7,6470,5.318144848999509,dinov2_large+drlbp+eva02_base+glcm+hog+mae_base+resnet101,
DTD,resmlp,42,7,full,random_024,0.8349431570265972,0.8372340425531914,7,7296,5.198622051997518,densenet121+dinov2+dinov2_large+dinov2_small+efficientnet_b0+resnet50+swin_t,
DTD,resmlp,42,7,full,random_025,0.8081756292551614,0.8132978723404255,7,7396,2.626420214000973,densenet121+dinov2+hog+resnet50+rgb_ngram_svd+swin_t+vit_b16,
DTD,resmlp,42,7,full,random_026,0.8432059688276495,0.8457446808510638,7,4088,2.439631121997081,dinov2_small+eva02_base+gabor+glcm+lbp+resnet50+siglip_base,
DTD,resmlp,42,7,full,random_027,0.827192489653168,0.8303191489361702,7,5808,5.936934081997606,densenet121+dinov2_small+eva02_base+gabor+mae_base+resnet101+vit_b16,
DTD,resmlp,42,7,full,random_028,0.7856006794387103,0.7882978723404256,7,7686,5.358875653000723,beitv2_base_final+deit_s+drlbp+lbp+resnet101+rgb_ngram_svd+vgg16,
DTD,resmlp,42,7,full,random_029,0.8445035718268047,0.8468085106382979,7,6992,5.642435978996218,beitv2_base_final+densenet121+dinov2_large+drlbp+efficientnet_b0+resnet50+siglip_base,
DTD,resmlp,42,7,full,random_030,0.8402115733412384,0.8420212765957447,7,4998,4.935012073998223,densenet121+dinov2_large+drlbp+efficientnet_b0+lbp+siglip_base+swin_t,
DTD,resmlp,42,7,full,random_031,0.742970777690092,0.7457446808510638,7,7018,1.9939687730002333,densenet121+drlbp+efficientnet_b0+hog+lbp+mae_base+resnet101,
DTD,resmlp,42,7,full,random_032,0.8496615355340721,0.8521276595744681,7,8320,4.688865795003949,beitv2_base_final+convnext_v2_t+dinov2+dinov2_small+eva02_base+siglip_base+vgg16,
DTD,resmlp,42,7,full,random_033,0.8025223900335665,0.8053191489361702,7,7706,7.161031240000739,densenet121+efficientnet_b0+eva02_base+hog+lbp+mae_base+resnet50,
DTD,resmlp,42,7,full,random_034,0.8401642679213791,0.8430851063829787,7,6272,5.4150339030020405,convnext_v2_t+deit_s+densenet121+dinov2_large+eva02_base+resnet50+rgb_ngram_svd,
DTD,resmlp,42,7,full,random_035,0.8454870695693265,0.848404255319149,7,10852,5.897171458003868,deit_s+dinov2_large+eva02_base+hog+resnet101+siglip_base+vgg16,
DTD,resmlp,42,7,full,random_036,0.8524843025777591,0.8542553191489362,7,4662,5.747087187002762,beitv2_base_final+densenet121+dinov2_large+eva02_base+lbp+mae_base+rgb_ngram_svd,
DTD,resmlp,42,7,full,random_037,0.8085997730741596,0.8111702127659575,7,6982,5.13800078699569,densenet121+drlbp+efficientnet_b0+eva02_base+glcm+hog+resnet50,
DTD,resmlp,42,7,full,random_038,0.7911975582636296,0.7936170212765957,7,6168,5.850886056003219,beitv2_base_final+deit_s+drlbp+glcm+lbp+mae_base+vgg16,
DTD,resmlp,42,7,full,random_039,0.8381728005337394,0.8409574468085106,7,9984,5.706662661003065,convnext_v2_t+dinov2+eva02_base+mae_base+resnet101+vgg16+vit_b16,
DTD,resmlp,42,7,full,random_040,0.8334121631463194,0.8345744680851064,7,5556,5.665870450997318,beitv2_base_final+densenet121+dinov2_small+drlbp+eva02_base+hog+swin_t,
DTD,resmlp,42,7,full,random_041,0.8306202984240113,0.8335106382978723,7,7632,5.330658402002882,deit_s+dinov2+drlbp+efficientnet_b0+eva02_base+rgb_ngram_svd+vgg16,
DTD,resmlp,42,7,full,random_042,0.8364165452169078,0.8382978723404255,7,5558,5.381539408997924,densenet121+dinov2+dinov2_large+dinov2_small+lbp+resnet101+rgb_ngram_svd,
DTD,resmlp,42,7,full,random_043,0.8247151124404514,0.8271276595744681,7,5046,5.661798123997869,deit_s+dinov2+lbp+mae_base+resnet50+rgb_ngram_svd+vit_b16,
DTD,resmlp,42,7,full,random_044,0.8221569528129927,0.825,7,5248,3.2508271129991044,convnext_v2_t+deit_s+dinov2_large+efficientnet_b0+rgb_ngram_svd+swin_t+vit_b16,
DTD,resmlp,42,7,full,random_045,0.8212654586827182,0.8228723404255319,7,7490,5.274798955004371,beitv2_base_final+densenet121+eva02_base+gabor+glcm+swin_t+vgg16,
DTD,resmlp,42,7,full,random_046,0.8271540934622369,0.8297872340425532,7,10522,5.967703162001271,dinov2_large+hog+lbp+mae_base+resnet101+vgg16+vit_b16,
DTD,resmlp,42,7,full,random_047,0.8324118650754191,0.8356382978723405,7,4992,4.701920712002902,dinov2_small+efficientnet_b0+eva02_base+mae_base+rgb_ngram_svd+siglip_base+swin_t,
DTD,resmlp,42,7,full,random_048,0.8326021588964199,0.8351063829787234,7,3426,5.020934952997777,convnext_v2_t+dinov2+drlbp+eva02_base+glcm+rgb_ngram_svd+vit_b16,
DTD,resmlp,42,7,full,random_049,0.8395106637054803,0.8409574468085106,7,8960,5.046426803004579,beitv2_base_final+dinov2+dinov2_large+eva02_base+swin_t+vgg16+vit_b16,
DTD,resmlp,42,7,full,random_050,0.8395717901024363,0.8420212765957447,7,8246,5.394971604997409,convnext_v2_t+densenet121+dinov2+lbp+siglip_base+swin_t+vgg16,
DTD,resmlp,42,7,full,random_051,0.8089515304285454,0.8111702127659575,7,6134,5.528432783001335,convnext_v2_t+deit_s+dinov2_small+glcm+hog+resnet50+vit_b16,
DTD,resmlp,42,7,full,random_052,0.820584897198167,0.8223404255319149,7,9270,5.004354435004643,densenet121+dinov2_large+lbp+resnet101+rgb_ngram_svd+vgg16+vit_b16,
DTD,resmlp,42,7,full,random_053,0.8217193971540241,0.824468085106383,7,7600,5.121267925998836,deit_s+densenet121+dinov2_large+gabor+mae_base+rgb_ngram_svd+vgg16,
DTD,resmlp,42,7,full,random_054,0.8292886722853074,0.8319148936170213,7,9282,6.1029429259942845,beitv2_base_final+dinov2_large+efficientnet_b0+gabor+glcm+resnet101+vgg16,
DTD,resmlp,42,7,full,random_055,0.8211809594792883,0.824468085106383,7,10388,6.305290754004091,dinov2+dinov2_small+efficientnet_b0+gabor+hog+resnet50+vgg16,
DTD,resmlp,42,7,full,random_056,0.7833960520959308,0.7851063829787234,7,4524,2.9197255610051798,beitv2_base_final+deit_s+glcm+hog+lbp+mae_base+swin_t,
DTD,resmlp,42,7,full,random_057,0.8145958179055208,0.8186170212765957,7,7448,5.15448547500273,deit_s+dinov2+drlbp+glcm+lbp+resnet101+vgg16,
DTD,resmlp,42,7,full,random_058,0.8125873389375232,0.8159574468085107,7,4930,4.656275569999707,densenet121+dinov2+gabor+glcm+resnet101+rgb_ngram_svd+swin_t,
DTD,resmlp,42,7,full,random_059,0.8136537871335945,0.8170212765957446,7,10260,5.97258937600418,dinov2+efficientnet_b0+gabor+hog+resnet50+rgb_ngram_svd+vgg16,
DTD,resmlp,42,7,full,random_060,0.7914312612205371,0.7946808510638298,7,4150,5.085683388002508,dinov2_small+drlbp+efficientnet_b0+gabor+lbp+resnet101+rgb_ngram_svd,
DTD,resmlp,42,7,full,random_061,0.8196456827288668,0.8228723404255319,7,6250,5.849681981999311,convnext_v2_t+drlbp+hog+lbp+resnet101+siglip_base+swin_t,
DTD,resmlp,42,7,full,random_062,0.8341029050812054,0.8356382978723405,7,8596,5.353377116000047,beitv2_base_final+dinov2_small+eva02_base+gabor+hog+vgg16+vit_b16,
DTD,resmlp,42,7,full,random_063,0.827744845752767,0.8313829787234043,7,5062,4.628026078004041,convnext_v2_t+dinov2_small+drlbp+efficientnet_b0+glcm+hog+siglip_base,
DTD,resmlp,42,7,full,random_064,0.8269281343285917,0.8297872340425532,7,4754,4.830693545998656,convnext_v2_t+dinov2_small+efficientnet_b0+eva02_base+glcm+swin_t+vit_b16,
DTD,resmlp,42,7,full,random_065,0.84219059367135,0.8441489361702128,7,6352,5.337724046003132,beitv2_base_final+deit_s+dinov2_large+drlbp+efficientnet_b0+resnet50+siglip_base,
DTD,resmlp,42,7,full,random_066,0.8307690814248554,0.8340425531914893,7,3766,5.119853850002983,convnext_v2_t+deit_s+dinov2+eva02_base+lbp+rgb_ngram_svd+vit_b16,
DTD,resmlp,42,7,full,random_067,0.7749370675376627,0.7776595744680851,7,4040,5.6712447550016805,convnext_v2_t+densenet121+drlbp+gabor+glcm+lbp+resnet50,
DTD,resmlp,42,7,full,random_068,0.8369700453039233,0.8388297872340426,7,3730,5.2612792660002015,beitv2_base_final+deit_s+eva02_base+glcm+rgb_ngram_svd+siglip_base+vit_b16,
DTD,resmlp,42,7,full,random_069,0.8587771232860303,0.8611702127659574,7,5780,3.5275786530037294,deit_s+densenet121+dinov2_large+eva02_base+gabor+hog+siglip_base,
DTD,resmlp,42,7,full,random_070,0.8127797801785165,0.8164893617021277,7,6710,5.244813751000038,convnext_v2_t+lbp+mae_base+resnet101+resnet50+rgb_ngram_svd+siglip_base,
DTD,resmlp,42,7,full,random_071,0.8331233146918188,0.8361702127659575,7,4066,5.505973796003673,beitv2_base_final+dinov2_small+drlbp+efficientnet_b0+eva02_base+glcm+mae_base,
DTD,resmlp,42,7,full,random_072,0.8261235930526064,0.8292553191489361,7,8144,3.1712000949992216,beitv2_base_final+dinov2_small+drlbp+efficientnet_b0+eva02_base+swin_t+vgg16,
DTD,resmlp,42,7,full,random_073,0.8357605178525385,0.8377659574468085,7,6804,5.285720072999538,beitv2_base_final+deit_s+dinov2_large+gabor+hog+resnet101+vit_b16,
DTD,resmlp,42,7,full,random_074,0.8061910133313629,0.8090425531914893,7,10358,6.426284096000018,deit_s+efficientnet_b0+eva02_base+glcm+hog+resnet101+vgg16,
DTD,resmlp,42,7,full,random_075,0.8257879142499905,0.8281914893617022,7,8084,5.525048247996892,densenet121+dinov2+dinov2_small+gabor+hog+resnet101+resnet50,
DTD,resmlp,42,7,full,random_076,0.8384805146413612,0.8409574468085106,7,7266,6.156662042005337,beitv2_base_final+dinov2+drlbp+eva02_base+glcm+swin_t+vgg16,
DTD,resmlp,42,7,full,random_077,0.8117853845581599,0.8143617021276596,7,10212,6.540138004995242,convnext_v2_t+efficientnet_b0+hog+siglip_base+swin_t+vgg16+vit_b16,
DTD,resmlp,42,7,full,random_078,0.7970747883990262,0.8,7,6400,3.490007328997308,dinov2_small+drlbp+gabor+mae_base+rgb_ngram_svd+swin_t+vgg16,
DTD,resmlp,42,7,full,random_079,0.8268054780996166,0.8292553191489361,7,3174,4.9461515880029765,deit_s+densenet121+dinov2_large+dinov2_small+gabor+lbp+rgb_ngram_svd,
DTD,resmlp,42,7,full,random_080,0.8179409026803054,0.8202127659574469,7,6164,5.767639102006797,beitv2_base_final+deit_s+dinov2_small+gabor+hog+mae_base+resnet101,
DTD,resmlp,42,7,full,random_081,0.8384396378053134,0.8404255319148937,7,4864,4.845551537000574,deit_s+dinov2+drlbp+eva02_base+gabor+resnet50+vit_b16,
DTD,resmlp,42,7,full,random_082,0.8556526658745657,0.8579787234042553,7,5138,5.104272199001571,densenet121+dinov2+dinov2_large+eva02_base+glcm+mae_base+siglip_base,
DTD,resmlp,42,7,full,random_083,0.8043617265121984,0.8058510638297872,7,3866,3.091304590998334,convnext_v2_t+dinov2_small+drlbp+gabor+hog+lbp+swin_t,
DTD,resmlp,42,7,full,random_084,0.8259652627754265,0.8281914893617022,7,5650,5.467498892998265,densenet121+dinov2+glcm+mae_base+resnet50+rgb_ngram_svd+vit_b16,
DTD,resmlp,42,7,full,random_085,0.8410558453684369,0.8441489361702128,7,3144,5.139262379998399,convnext_v2_t+deit_s+dinov2_small+eva02_base+glcm+lbp+siglip_base,
DTD,resmlp,42,7,full,random_086,0.8363497028700582,0.8382978723404255,7,7220,5.313679818995297,beitv2_base_final+dinov2+dinov2_large+drlbp+hog+resnet101+vit_b16,
DTD,resmlp,42,7,full,random_087,0.8142172255900703,0.8170212765957446,7,9780,5.322970300003362,densenet121+drlbp+efficientnet_b0+hog+mae_base+siglip_base+vgg16,
DTD,resmlp,42,7,full,random_088,0.8180667470705301,0.8207446808510638,7,8212,5.85659276899969,convnext_v2_t+deit_s+dinov2_small+gabor+hog+vgg16+vit_b16,
DTD,resmlp,42,7,full,random_089,0.8188881863296293,0.8218085106382979,7,4458,2.406193669005006,convnext_v2_t+drlbp+hog+lbp+mae_base+rgb_ngram_svd+siglip_base,
DTD,resmlp,42,7,full,random_090,0.8258369987648936,0.8281914893617022,7,9106,4.982386068004416,deit_s+dinov2_large+glcm+resnet101+swin_t+vgg16+vit_b16,
DTD,resmlp,42,7,full,random_091,0.8101005679336054,0.8138297872340425,7,9802,5.525534227999742,densenet121+dinov2+gabor+hog+lbp+resnet101+vgg16,
DTD,resmlp,42,7,full,random_092,0.8249171526895605,0.8281914893617022,7,6244,5.064516855003603,densenet121+dinov2_small+efficientnet_b0+hog+rgb_ngram_svd+siglip_base+vit_b16,
DTD,resmlp,42,7,full,random_093,0.7929301265716091,0.7962765957446809,7,4992,3.0789398819979397,convnext_v2_t+deit_s+dinov2_small+drlbp+efficientnet_b0+gabor+resnet50,
DTD,resmlp,42,7,full,random_094,0.8072367478578469,0.8101063829787234,7,8340,5.22879096899851,beitv2_base_final+densenet121+dinov2_small+gabor+hog+rgb_ngram_svd+vgg16,
DTD,resmlp,42,7,full,random_095,0.7643285839077726,0.7670212765957447,7,10826,5.800580417999299,gabor+hog+lbp+resnet101+resnet50+vgg16+vit_b16,
DTD,resmlp,42,7,full,random_096,0.8350587837926728,0.8377659574468085,7,10496,5.3425320770038525,convnext_v2_t+densenet121+dinov2_large+mae_base+resnet101+siglip_base+vgg16,
DTD,resmlp,42,7,full,random_097,0.7855513097780886,0.7877659574468086,7,11236,6.053330962000473,convnext_v2_t+densenet121+hog+mae_base+resnet101+vgg16+vit_b16,
DTD,resmlp,42,7,full,random_098,0.809659286753427,0.8122340425531915,7,4534,6.090955774998292,deit_s+densenet121+efficientnet_b0+lbp+rgb_ngram_svd+siglip_base+vit_b16,
DTD,resmlp,42,7,full,random_099,0.8454658328894721,0.847872340425532,7,6400,5.248276133002946,convnext_v2_t+dinov2+dinov2_large+eva02_base+mae_base+resnet101+rgb_ngram_svd,
DTD,resmlp,42,8,full,random_000,0.8432568269410055,0.8436170212765958,4,3280,4.622639440000057,deit_s+dinov2+drlbp+resnet50,
DTD,resmlp,42,8,full,random_001,0.8437119839561698,0.8446808510638298,4,2896,3.965546244995494,convnext_v2_t+dinov2+drlbp+efficientnet_b0,
DTD,resmlp,42,8,full,random_002,0.8477776591646247,0.847872340425532,4,4916,5.1266682779969415,dinov2_large+drlbp+hog+resnet101,
DTD,resmlp,42,8,full,random_003,0.8630462745346439,0.8643617021276596,4,4864,4.643278000003193,beitv2_base_final+densenet121+dinov2_large+resnet101,
DTD,resmlp,42,8,full,random_004,0.8432121398828644,0.8430851063829787,4,4352,4.89194841599965,convnext_v2_t+eva02_base+resnet50+swin_t,
DTD,resmlp,42,8,full,random_005,0.8455042833400527,0.8462765957446808,4,5522,5.541485104993626,deit_s+dinov2_large+glcm+vgg16,
DTD,resmlp,42,8,full,random_006,0.8303569828562128,0.8308510638297872,4,5888,3.8811664170061704,convnext_v2_t+dinov2+rgb_ngram_svd+vgg16,
DTD,resmlp,42,8,full,random_007,0.8615174867334272,0.8627659574468085,4,3120,4.865914462003275,beitv2_base_final+dinov2_large+efficientnet_b0+gabor,
DTD,resmlp,42,8,full,random_008,0.8424453503402957,0.8436170212765958,4,6656,3.022949095997319,convnext_v2_t+dinov2_large+swin_t+vgg16,
DTD,resmlp,42,8,full,random_009,0.8256752261551601,0.8265957446808511,4,3254,4.651516165999055,convnext_v2_t+dinov2_small+lbp+resnet101,
DTD,resmlp,42,8,full,random_010,0.7949079512381444,0.7962765957446809,4,4352,2.054105442999571,convnext_v2_t+resnet50+swin_t+vit_b16,
DTD,resmlp,42,8,full,random_011,0.8184960386204418,0.8191489361702128,4,4196,2.2411716720016557,deit_s+efficientnet_b0+hog+siglip_base,
DTD,resmlp,42,8,full,random_012,0.8378732034498567,0.8388297872340426,4,1974,1.8587332509996486,beitv2_base_final+deit_s+eva02_base+lbp,
DTD,resmlp,42,8,full,random_013,0.764058039068401,0.7638297872340426,4,1938,1.9126831739995396,deit_s+glcm+mae_base+vit_b16,
DTD,resmlp,42,8,full,random_014,0.7616879835833402,0.7638297872340426,4,5686,3.1754864329996053,lbp+mae_base+vgg16+vit_b16,
DTD,resmlp,42,8,full,random_015,0.8434151173861605,0.8441489361702128,4,2944,5.43983760199626,densenet121+dinov2+dinov2_small+vit_b16,
DTD,resmlp,42,8,full,random_016,0.8293101938495473,0.8297872340425532,4,2322,2.202977140994335,eva02_base+glcm+mae_base+vit_b16,
DTD,resmlp,42,8,full,random_017,0.8484909773169139,0.8494680851063829,4,2066,4.886471785001049,dinov2_large+glcm+rgb_ngram_svd+swin_t,
DTD,resmlp,42,8,full,random_018,0.7697865225201284,0.7702127659574468,4,5348,2.719575066003017,convnext_v2_t+hog+resnet50+swin_t,
DTD,resmlp,42,8,full,random_019,0.8369050825052778,0.8377659574468085,4,2304,3.1186319370026467,beitv2_base_final+deit_s+dinov2_small+swin_t,
DTD,resmlp,42,8,full,random_020,0.7509269282078584,0.7510638297872341,4,3462,2.253661752998596,drlbp+efficientnet_b0+lbp+resnet50,
DTD,resmlp,42,8,full,random_021,0.7701560031485508,0.7712765957446809,4,4882,5.213872141997854,glcm+resnet101+resnet50+swin_t,
DTD,resmlp,42,8,full,random_022,0.8497276589853135,0.85,4,2608,5.572312534997764,dinov2_large+gabor+mae_base+vit_b16,
DTD,resmlp,42,8,full,random_023,0.7772124843689704,0.7781914893617021,4,3090,2.6545052049987135,convnext_v2_t+densenet121+efficientnet_b0+glcm,
DTD,resmlp,42,8,full,random_024,0.7992877145961149,0.799468085106383,4,5302,3.2531921599947964,dinov2_small+lbp+swin_t+vgg16,
DTD,resmlp,42,8,full,random_025,0.8474861846846687,0.847872340425532,4,3328,1.8179724459987483,beitv2_base_final+convnext_v2_t+densenet121+eva02_base,
DTD,resmlp,42,8,full,random_026,0.8433307918074134,0.8436170212765958,4,3632,4.076004360002116,convnext_v2_t+dinov2+gabor+resnet50,
DTD,resmlp,42,8,full,random_027,0.8050921973834323,0.8063829787234043,4,1712,1.6862258640030632,densenet121+dinov2_small+gabor+rgb_ngram_svd,
DTD,resmlp,42,8,full,random_028,0.8387503930898029,0.8393617021276596,4,2486,3.778744598996127,beitv2_base_final+dinov2_small+efficientnet_b0+lbp,
DTD,resmlp,42,8,full,random_029,0.7736357607745407,0.773936170212766,4,7936,4.90125275599712,densenet121+resnet101+swin_t+vgg16,
DTD,resmlp,42,8,full,random_030,0.752919679713917,0.7542553191489362,4,3218,4.862530746002449,deit_s+glcm+mae_base+resnet101,
DTD,resmlp,42,8,full,random_031,0.8496930789377042,0.850531914893617,4,4096,5.0947901330000605,dinov2_large+resnet101+rgb_ngram_svd+swin_t,
DTD,resmlp,42,8,full,random_032,0.8284397332153354,0.8303191489361702,4,6162,2.3684870259967283,dinov2+efficientnet_b0+glcm+vgg16,
DTD,resmlp,42,8,full,random_033,0.7567384057437903,0.7574468085106383,4,5476,5.1051284249988385,deit_s+efficientnet_b0+hog+resnet101,
DTD,resmlp,42,8,full,random_034,0.8391909571711661,0.8398936170212766,4,6016,3.9227636539944797,dinov2_small+siglip_base+swin_t+vgg16,
DTD,resmlp,42,8,full,random_035,0.8321690689060486,0.8324468085106383,4,6528,3.7566202109956066,dinov2_small+efficientnet_b0+siglip_base+vgg16,
DTD,resmlp,42,8,full,random_036,0.8456866021549873,0.8468085106382979,4,3574,3.1251601449985174,dinov2_large+eva02_base+glcm+hog,
DTD,resmlp,42,8,full,random_037,0.7585636920997894,0.7595744680851064,4,2102,4.393410547003441,densenet121+lbp+rgb_ngram_svd+vit_b16,
DTD,resmlp,42,8,full,random_038,0.5295638084750146,0.5324468085106383,4,2806,3.5128559000004316,glcm+hog+mae_base+rgb_ngram_svd,
DTD,resmlp,42,8,full,random_039,0.7337924192322209,0.7356382978723405,4,5760,2.8057744990001083,deit_s+densenet121+rgb_ngram_svd+vgg16,
DTD,resmlp,42,8,full,random_040,0.7721110023756189,0.7718085106382979,4,1634,2.8403230240000994,convnext_v2_t+drlbp+glcm+swin_t,
DTD,resmlp,42,8,full,random_041,0.7595089755240813,0.7617021276595745,4,2352,4.285407350995229,convnext_v2_t+efficientnet_b0+gabor+rgb_ngram_svd,
DTD,resmlp,42,8,full,random_042,0.8373426461577338,0.8382978723404255,4,2000,2.0919661489970167,deit_s+dinov2+drlbp+vit_b16,
DTD,resmlp,42,8,full,random_043,0.7335033261850173,0.7356382978723405,4,2882,2.9827633749955567,gabor+glcm+mae_base+resnet101,
DTD,resmlp,42,8,full,random_044,0.8152907495721676,0.8154255319148936,4,6272,2.4456454269966343,densenet121+dinov2_small+vgg16+vit_b16,
DTD,resmlp,42,8,full,random_045,0.8261125055536223,0.8271276595744681,4,3280,2.6452201629945193,deit_s+drlbp+eva02_base+resnet101,
DTD,resmlp,42,8,full,random_046,0.8350155001873452,0.8351063829787234,4,2614,1.760857469002076,densenet121+lbp+siglip_base+vit_b16,
DTD,resmlp,42,8,full,random_047,0.8400150568748193,0.8414893617021276,4,5120,4.379627384994819,densenet121+dinov2+efficientnet_b0+resnet50,
DTD,resmlp,42,8,full,random_048,0.8125986284848022,0.8148936170212766,4,4324,4.679512249000254,convnext_v2_t+densenet121+hog+siglip_base,
DTD,resmlp,42,8,full,random_049,0.8284051238817138,0.8287234042553191,4,2914,2.4789306270031375,beitv2_base_final+drlbp+glcm+resnet50,
DTD,resmlp,42,8,full,random_050,0.8464271583803892,0.8457446808510638,4,3072,2.23420121599338,beitv2_base_final+convnext_v2_t+eva02_base+siglip_base,
DTD,resmlp,42,8,full,random_051,0.8470105336046071,0.8473404255319149,4,1968,4.063309139004559,dinov2_small+eva02_base+gabor+siglip_base,
DTD,resmlp,42,8,full,random_052,0.7921006470091201,0.7925531914893617,4,2970,2.5514988620052463,dinov2_small+hog+lbp+swin_t,
DTD,resmlp,42,8,full,random_053,0.7778531620436635,0.7776595744680851,4,2944,2.4565544319993933,convnext_v2_t+drlbp+gabor+resnet50,
DTD,resmlp,42,8,full,random_054,0.8175124321270051,0.8175531914893617,4,1286,2.2295807449991116,dinov2_small+drlbp+lbp+swin_t,
DTD,resmlp,42,8,full,random_055,0.7701607690608956,0.7712765957446809,4,7296,2.625382305996027,deit_s+mae_base+resnet101+vgg16,
DTD,resmlp,42,8,full,random_056,0.8358997368667284,0.8345744680851064,4,5348,2.8838143079992733,beitv2_base_final+dinov2+hog+resnet50,
DTD,resmlp,42,8,full,random_057,0.8373533757953057,0.8377659574468085,4,2230,3.9823071639984846,deit_s+densenet121+lbp+siglip_base,
DTD,resmlp,42,8,full,random_058,0.8380276164006684,0.8398936170212766,4,6930,4.0235320149949985,dinov2+glcm+resnet101+vgg16,
DTD,resmlp,42,8,full,random_059,0.8074434004655663,0.8085106382978723,4,1426,3.167192745997454,dinov2_small+glcm+rgb_ngram_svd+swin_t,
DTD,resmlp,42,8,full,random_060,0.815622461696463,0.8180851063829787,4,914,3.26590004600439,drlbp+gabor+glcm+siglip_base,
DTD,resmlp,42,8,full,random_061,0.7207220774849509,0.7218085106382979,4,3556,3.3281561929979944,hog+mae_base+rgb_ngram_svd+swin_t,
DTD,resmlp,42,8,full,random_062,0.8499530213550127,0.8515957446808511,4,3072,4.9469469460018445,beitv2_base_final+convnext_v2_t+dinov2+swin_t,
DTD,resmlp,42,8,full,random_063,0.8336954678704912,0.8345744680851064,4,4864,4.698671526995895,efficientnet_b0+resnet101+siglip_base+swin_t,
DTD,resmlp,42,8,full,random_064,0.7628992732724085,0.7643617021276595,4,1426,3.0149049130050116,convnext_v2_t+deit_s+glcm+rgb_ngram_svd,
DTD,resmlp,42,8,full,random_065,0.7432520382775232,0.7430851063829788,4,2176,2.3724333029967966,deit_s+mae_base+rgb_ngram_svd+swin_t,
DTD,resmlp,42,8,full,random_066,0.7936489208608906,0.7936170212765957,4,4608,2.059331424003176,convnext_v2_t+densenet121+mae_base+resnet50,
DTD,resmlp,42,8,full,random_067,0.8226659459201064,0.824468085106383,4,6400,2.517259483996895,convnext_v2_t+eva02_base+mae_base+vgg16,
DTD,resmlp,42,8,full,random_068,0.8110456799986945,0.8111702127659575,4,3456,4.496417369002302,beitv2_base_final+deit_s+resnet101+rgb_ngram_svd,
DTD,resmlp,42,8,full,random_069,0.8286860290637905,0.8297872340425532,4,8676,4.640885380002146,dinov2+hog+resnet101+vgg16,
DTD,resmlp,42,8,full,random_070,0.7929095228317989,0.7946808510638298,4,2996,2.413237040003878,dinov2_small+drlbp+hog+vit_b16,
DTD,resmlp,42,8,full,random_071,0.8367869152515398,0.8372340425531914,4,1218,3.6439982110023266,dinov2+dinov2_small+gabor+glcm,
DTD,resmlp,42,8,full,random_072,0.8196028846718424,0.8218085106382979,4,1352,1.858795187996293,dinov2_large+glcm+lbp+rgb_ngram_svd,
DTD,resmlp,42,8,full,random_073,0.8107643809497787,0.8117021276595745,4,2352,3.5865895220049424,beitv2_base_final+gabor+mae_base+swin_t,
DTD,resmlp,42,8,full,random_074,0.8395234576598676,0.8393617021276596,4,3664,3.131490154999483,convnext_v2_t+drlbp+resnet50+siglip_base,
DTD,resmlp,42,8,full,random_075,0.76096512689273,0.7622340425531915,4,4400,4.817448306996084,densenet121+efficientnet_b0+gabor+resnet101,
DTD,resmlp,42,8,full,random_076,0.8210190905926955,0.8207446808510638,4,1286,2.18861642399861,deit_s+drlbp+lbp+siglip_base,
DTD,resmlp,42,8,full,random_077,0.7817569008913346,0.7819148936170213,4,4598,4.104312176001258,convnext_v2_t+glcm+hog+resnet101,
DTD,resmlp,42,8,full,random_078,0.7993731283134208,0.7984042553191489,4,6676,2.834849409002345,gabor+hog+siglip_base+vgg16,
DTD,resmlp,42,8,full,random_079,0.8366930812566007,0.8382978723404255,4,7680,4.019100163000985,dinov2+resnet50+swin_t+vgg16,
DTD,resmlp,42,8,full,random_080,0.8434890436226701,0.8441489361702128,4,5348,4.149472043005517,dinov2+hog+resnet101+vit_b16,
DTD,resmlp,42,8,full,random_081,0.8509239884261663,0.8515957446808511,4,6016,4.518962589005241,beitv2_base_final+dinov2+dinov2_small+vgg16,
DTD,resmlp,42,8,full,random_082,0.8650549284657304,0.8654255319148936,4,3840,3.1213745469940477,convnext_v2_t+dinov2_large+efficientnet_b0+siglip_base,
DTD,resmlp,42,8,full,random_083,0.749304317338516,0.7510638297872341,4,5650,2.1097806449979544,glcm+mae_base+swin_t+vgg16,
DTD,resmlp,42,8,full,random_084,0.8332981039161095,0.8345744680851064,4,1872,3.5964687500018044,dinov2+drlbp+rgb_ngram_svd+vit_b16,
DTD,resmlp,42,8,full,random_085,0.8327095098381667,0.8329787234042553,4,3604,2.393366935000813,densenet121+gabor+hog+siglip_base,
DTD,resmlp,42,8,full,random_086,0.8142098655574598,0.8143617021276596,4,3120,2.129194044995529,eva02_base+gabor+resnet50+rgb_ngram_svd,
DTD,resmlp,42,8,full,random_087,0.8684505689325164,0.8686170212765958,4,3584,3.746109745996364,densenet121+dinov2_large+mae_base+siglip_base,
DTD,resmlp,42,8,full,random_088,0.7332043668492262,0.7351063829787234,4,4992,1.7233595979996608,drlbp+gabor+swin_t+vgg16,
DTD,resmlp,42,8,full,random_089,0.8519373071078762,0.8531914893617021,4,1974,2.241393988006166,beitv2_base_final+deit_s+lbp+siglip_base,
DTD,resmlp,42,8,full,random_090,0.82627060730726,0.8276595744680851,4,5686,1.9183437269966817,dinov2+lbp+swin_t+vgg16,
DTD,resmlp,42,8,full,random_091,0.8209210734626102,0.8202127659574469,4,5220,2.3889703349996125,densenet121+dinov2_small+hog+resnet101,
DTD,resmlp,42,8,full,random_092,0.8476955139857509,0.848404255319149,4,3254,4.145508084999165,dinov2+dinov2_small+lbp+resnet50,
DTD,resmlp,42,8,full,random_093,0.8233007925224022,0.824468085106383,4,2120,3.9903366829967126,efficientnet_b0+glcm+lbp+siglip_base,
DTD,resmlp,42,8,full,random_094,0.8352183601397887,0.8367021276595744,4,7140,4.46483719299431,dinov2_large+hog+rgb_ngram_svd+vgg16,
DTD,resmlp,42,8,full,random_095,0.8427720236839215,0.8425531914893617,4,2358,2.3283017489957274,densenet121+dinov2_large+lbp+rgb_ngram_svd,
DTD,resmlp,42,8,full,random_096,0.8267417578629769,0.8276595744680851,4,3840,3.769645913998829,convnext_v2_t+eva02_base+resnet101+rgb_ngram_svd,
DTD,resmlp,42,8,full,random_097,0.829728139709087,0.8313829787234043,4,3968,3.174440044000221,deit_s+mae_base+resnet50+siglip_base,
DTD,resmlp,42,8,full,random_098,0.8334421746053843,0.8335106382978723,4,3968,3.562318491000042,convnext_v2_t+dinov2_small+mae_base+resnet101,
DTD,resmlp,42,8,full,random_099,0.8388335179644912,0.8393617021276596,4,2304,2.6694012500011013,convnext_v2_t+deit_s+dinov2_small+siglip_base,
DTD,resmlp,42,9,full,random_000,0.8253580347595421,0.8276595744680851,4,2560,1.8383492220018525,beitv2_base_final+rgb_ngram_svd+siglip_base+vit_b16,
DTD,resmlp,42,9,full,random_001,0.7787472931847963,0.7803191489361702,4,2066,1.737678783996671,beitv2_base_final+densenet121+glcm+rgb_ngram_svd,
DTD,resmlp,42,9,full,random_002,0.8377945197771971,0.8393617021276596,4,3072,4.064131858998735,beitv2_base_final+convnext_v2_t+siglip_base+vit_b16,
DTD,resmlp,42,9,full,random_003,0.7209441547416814,0.723404255319149,4,6576,2.791579652999644,deit_s+gabor+resnet50+vgg16,
DTD,resmlp,42,9,full,random_004,0.8379487201511261,0.8388297872340426,4,6400,3.562638166004035,beitv2_base_final+eva02_base+vgg16+vit_b16,
DTD,resmlp,42,9,full,random_005,0.8003114065722877,0.801063829787234,4,3072,5.116381949002971,convnext_v2_t+mae_base+swin_t+vit_b16,
DTD,resmlp,42,9,full,random_006,0.8200596965328093,0.8223404255319149,4,3300,4.201165337995917,deit_s+dinov2_small+hog+vit_b16,
DTD,resmlp,42,9,full,random_007,0.7447736021128831,0.7457446808510638,4,6628,2.5783164340027724,hog+mae_base+resnet101+resnet50,
DTD,resmlp,42,9,full,random_008,0.8327477078535088,0.8351063829787234,4,3376,4.172064938000403,dinov2_large+gabor+resnet50+rgb_ngram_svd,
DTD,resmlp,42,9,full,random_009,0.7947817987216772,0.7968085106382978,4,3840,4.036142472003121,beitv2_base_final+densenet121+efficientnet_b0+vit_b16,
DTD,resmlp,42,9,full,random_010,0.8164660637924076,0.8196808510638298,4,2384,1.4972738600044977,dinov2+drlbp+mae_base+vit_b16,
DTD,resmlp,42,9,full,random_011,0.8528679207389273,0.8547872340425532,4,2608,3.8762146630033385,dinov2_large+gabor+siglip_base+swin_t,
DTD,resmlp,42,9,full,random_012,0.7224255127917579,0.723404255319149,4,2964,1.8183542879996821,deit_s+gabor+hog+vit_b16,
DTD,resmlp,42,9,full,random_013,0.858174198692798,0.8606382978723405,4,4864,3.3331126810007845,densenet121+dinov2_large+eva02_base+resnet101,
DTD,resmlp,42,9,full,random_014,0.7527198301307219,0.7553191489361702,4,4966,3.5778143409988843,gabor+lbp+vgg16+vit_b16,
DTD,resmlp,42,9,full,random_015,0.8204867431463096,0.8212765957446808,4,1462,2.9351041539994185,dinov2_small+eva02_base+lbp+rgb_ngram_svd,
DTD,resmlp,42,9,full,random_016,0.8245957965505372,0.8281914893617022,4,3152,3.35216371199931,dinov2+drlbp+resnet50+rgb_ngram_svd,
DTD,resmlp,42,9,full,random_017,0.8246780957474754,0.8276595744680851,4,3584,4.735909596995043,convnext_v2_t+efficientnet_b0+eva02_base+swin_t,
DTD,resmlp,42,9,full,random_018,0.7747370111846517,0.7776595744680851,4,3894,4.719197401005658,densenet121+lbp+resnet101+vit_b16,
DTD,resmlp,42,9,full,random_019,0.8323473989691658,0.8345744680851064,4,1616,1.9817928900010884,deit_s+dinov2_small+drlbp+siglip_base,
DTD,resmlp,42,9,full,random_020,0.7952170139555681,0.798936170212766,4,834,2.793840012003784,deit_s+dinov2_small+gabor+glcm,
DTD,resmlp,42,9,full,random_021,0.8159449762099926,0.8196808510638298,4,2944,2.3807776640023803,deit_s+densenet121+siglip_base+vit_b16,
DTD,resmlp,42,9,full,random_022,0.7382105147282458,0.7388297872340426,4,4214,2.254905009001959,deit_s+glcm+hog+resnet101,
DTD,resmlp,42,9,full,random_023,0.7869652559283328,0.7882978723404256,4,1872,4.611730091994104,beitv2_base_final+drlbp+rgb_ngram_svd+swin_t,
DTD,resmlp,42,9,full,random_024,0.8204155424590402,0.823936170212766,4,3940,2.4192236339949886,deit_s+densenet121+hog+siglip_base,
DTD,resmlp,42,9,full,random_025,0.8412335129487343,0.8425531914893617,4,5906,5.927459907004959,beitv2_base_final+dinov2_large+glcm+vgg16,
DTD,resmlp,42,9,full,random_026,0.7355146799598792,0.7398936170212767,4,3574,2.4967746190013713,densenet121+glcm+hog+vit_b16,
DTD,resmlp,42,9,full,random_027,0.8351965299439211,0.8377659574468085,4,8448,4.946810289999121,dinov2_large+efficientnet_b0+resnet101+vgg16,
DTD,resmlp,42,9,full,random_028,0.83750322062285,0.8404255319148937,4,2688,2.8307709799992153,convnext_v2_t+dinov2+dinov2_small+swin_t,
DTD,resmlp,42,9,full,random_029,0.8452993342930886,0.8468085106382979,4,2384,3.8828641430009156,dinov2+drlbp+mae_base+siglip_base,
DTD,resmlp,42,9,full,random_030,0.8075100753238992,0.8085106382978723,4,4964,2.2520172530057607,deit_s+eva02_base+hog+resnet50,
DTD,resmlp,42,9,full,random_031,0.8345866941466287,0.8372340425531914,4,6966,4.343078664998757,dinov2+lbp+resnet101+vgg16,
DTD,resmlp,42,9,full,random_032,0.7747449605504401,0.777127659574468,4,6966,2.7683468789982726,lbp+resnet50+vgg16+vit_b16,
DTD,resmlp,42,9,full,random_033,0.8172438607985654,0.8191489361702128,4,1250,2.968073579999327,beitv2_base_final+dinov2_small+drlbp+glcm,
DTD,resmlp,42,9,full,random_034,0.8428632683176595,0.8457446808510638,4,3200,4.0898051819967804,beitv2_base_final+dinov2+dinov2_small+efficientnet_b0,
DTD,resmlp,42,9,full,random_035,0.7118111503681138,0.7143617021276596,4,2666,2.5675460530037526,drlbp+hog+lbp+swin_t,
DTD,resmlp,42,9,full,random_036,0.7936795856436597,0.7962765957446809,4,1840,1.792150824003329,eva02_base+gabor+rgb_ngram_svd+vit_b16,
DTD,resmlp,42,9,full,random_037,0.8365746929274894,0.8388297872340426,4,3840,5.650854790001176,densenet121+dinov2+efficientnet_b0+vit_b16,
DTD,resmlp,42,9,full,random_038,0.807064520019079,0.8090425531914893,4,5266,4.298362900000939,dinov2_small+glcm+vgg16+vit_b16,
DTD,resmlp,42,9,full,random_039,0.8259231320938619,0.8287234042553191,4,2000,6.041376727996976,deit_s+drlbp+siglip_base+vit_b16,
DTD,resmlp,42,9,full,random_040,0.7841398073798758,0.7861702127659574,4,4864,2.1464506589982193,convnext_v2_t+efficientnet_b0+mae_base+resnet101,
DTD,resmlp,42,9,full,random_041,0.7135690700071982,0.7148936170212766,4,2630,4.329769551004574,convnext_v2_t+drlbp+glcm+hog,
DTD,resmlp,42,9,full,random_042,0.8283188618107682,0.8308510638297872,4,4150,3.8808831480055233,efficientnet_b0+lbp+resnet101+siglip_base,
DTD,resmlp,42,9,full,random_043,0.8439710080330167,0.8462765957446808,4,2578,3.920782072993461,beitv2_base_final+dinov2+dinov2_large+glcm,
DTD,resmlp,42,9,full,random_044,0.8467115029776667,0.8473404255319149,4,3636,5.0250532849968295,dinov2_large+drlbp+eva02_base+hog,
DTD,resmlp,42,9,full,random_045,0.8353576496707926,0.8377659574468085,4,2322,2.427770298003452,dinov2+glcm+mae_base+swin_t,
DTD,resmlp,42,9,full,random_046,0.7932763549719317,0.7952127659574468,4,3602,2.3937643129975186,beitv2_base_final+glcm+mae_base+resnet50,
DTD,resmlp,42,9,full,random_047,0.7624374388809355,0.7648936170212766,4,4918,4.088234047994774,lbp+resnet101+resnet50+swin_t,
DTD,resmlp,42,9,full,random_048,0.8139198411749359,0.8148936170212766,4,2634,2.9608158030023333,gabor+hog+lbp+siglip_base,
DTD,resmlp,42,9,full,random_049,0.8385567401969769,0.8404255319148937,4,7680,4.721511508003459,dinov2+resnet101+swin_t+vgg16,
DTD,resmlp,42,9,full,random_050,0.8309540343247537,0.8340425531914893,4,2608,3.1224781870041625,densenet121+dinov2+gabor+swin_t,
DTD,resmlp,42,9,full,random_051,0.7843562575334606,0.7861702127659574,4,3328,3.730444537002768,convnext_v2_t+densenet121+mae_base+swin_t,
DTD,resmlp,42,9,full,random_052,0.8360173053800045,0.8388297872340426,4,3602,3.9267196850050823,dinov2+glcm+mae_base+resnet50,
DTD,resmlp,42,9,full,random_053,0.8265534866986038,0.8292553191489361,4,4836,5.540687542998057,densenet121+dinov2+efficientnet_b0+hog,
DTD,resmlp,42,9,full,random_054,0.6519585466116075,0.6590425531914894,4,2922,3.667029263000586,densenet121+drlbp+hog+lbp,
DTD,resmlp,42,9,full,random_055,0.8402013562033096,0.8430851063829787,4,3968,3.913848363001307,dinov2_small+resnet50+siglip_base+swin_t,
DTD,resmlp,42,9,full,random_056,0.8391270973739768,0.8420212765957447,4,3968,4.091601220003213,beitv2_base_final+dinov2+dinov2_small+resnet50,
DTD,resmlp,42,9,full,random_057,0.8348593070987698,0.8377659574468085,4,3940,4.243196354997053,deit_s+densenet121+dinov2+hog,
DTD,resmlp,42,9,full,random_058,0.7223816877259134,0.7265957446808511,4,3318,2.970626340000308,glcm+hog+mae_base+swin_t,
DTD,resmlp,42,9,full,random_059,0.7132072305697275,0.7148936170212766,4,3476,2.0461780600016937,deit_s+efficientnet_b0+gabor+hog,
DTD,resmlp,42,9,full,random_060,0.836532091913799,0.8388297872340426,4,7680,3.1657978540024487,beitv2_base_final+dinov2+resnet101+vgg16,
DTD,resmlp,42,9,full,random_061,0.8372091074371183,0.8388297872340426,4,2450,3.357200858001306,deit_s+densenet121+dinov2_large+glcm,
DTD,resmlp,42,9,full,random_062,0.8459169199571637,0.848404255319149,4,2688,4.3203972580013215,deit_s+dinov2+siglip_base+vit_b16,
DTD,resmlp,42,9,full,random_063,0.8456987605823797,0.848404255319149,4,2194,5.538407561994973,densenet121+dinov2_small+glcm+siglip_base,
DTD,resmlp,42,9,full,random_064,0.8273419633313609,0.8303191489361702,4,6992,3.7979581329927896,drlbp+resnet101+siglip_base+vgg16,
DTD,resmlp,42,9,full,random_065,0.8378217060821481,0.8393617021276596,4,1920,2.8522856030031107,dinov2_large+drlbp+eva02_base+gabor,
DTD,resmlp,42,9,full,random_066,0.8330070957663497,0.8345744680851064,4,2834,2.64526736499829,beitv2_base_final+efficientnet_b0+eva02_base+glcm,
DTD,resmlp,42,9,full,random_067,0.8168516254769764,0.8186170212765957,4,888,3.2951232510022237,dinov2+gabor+glcm+lbp,
DTD,resmlp,42,9,full,random_068,0.8148657803492058,0.8175531914893617,4,4224,3.6723774109996157,convnext_v2_t+densenet121+dinov2_small+resnet101,
DTD,resmlp,42,9,full,random_069,0.8460840122643353,0.8489361702127659,4,5712,4.355191737005953,drlbp+eva02_base+siglip_base+vgg16,
DTD,resmlp,42,9,full,random_070,0.813758778602195,0.8164893617021277,4,4114,3.5747101650049444,efficientnet_b0+eva02_base+glcm+resnet101,
DTD,resmlp,42,9,full,random_071,0.7872990344972813,0.7877659574468086,4,3892,3.774945885001216,beitv2_base_final+drlbp+efficientnet_b0+hog,
DTD,resmlp,42,9,full,random_072,0.7667563868582915,0.7691489361702127,4,2480,4.00205504999758,convnext_v2_t+deit_s+efficientnet_b0+gabor,
DTD,resmlp,42,9,full,random_073,0.8328507101578028,0.8361702127659575,4,3858,4.242114348999166,densenet121+dinov2+glcm+resnet101,
DTD,resmlp,42,9,full,random_074,0.7374821195402858,0.7393617021276596,4,3218,2.3742546040011803,deit_s+glcm+mae_base+resnet50,
DTD,resmlp,42,9,full,random_075,0.8405461653820205,0.8430851063829787,4,4224,4.279845049997675,deit_s+dinov2_large+mae_base+resnet50,
DTD,resmlp,42,9,full,random_076,0.8113254735656467,0.8127659574468085,4,2816,3.5027328610012773,densenet121+eva02_base+mae_base+rgb_ngram_svd,
DTD,resmlp,42,9,full,random_077,0.8452662362551717,0.8473404255319149,4,2944,4.413358295998478,convnext_v2_t+dinov2_large+dinov2_small+swin_t,
DTD,resmlp,42,9,full,random_078,0.831526237444733,0.8345744680851064,4,2560,3.988487881993933,eva02_base+rgb_ngram_svd+siglip_base+vit_b16,
DTD,resmlp,42,9,full,random_079,0.7737661539918784,0.776595744680851,4,3200,3.382532313000411,convnext_v2_t+deit_s+efficientnet_b0+vit_b16,
DTD,resmlp,42,9,full,random_080,0.8489705617998253,0.851063829787234,4,3328,4.42388979500538,convnext_v2_t+dinov2_large+eva02_base+vit_b16,
DTD,resmlp,42,9,full,random_081,0.8279373184134174,0.8281914893617022,4,2384,2.319747640998685,drlbp+eva02_base+siglip_base+swin_t,
DTD,resmlp,42,9,full,random_082,0.6564066616380468,0.6627659574468086,4,2934,3.205538311005512,deit_s+glcm+hog+mae_base,
DTD,resmlp,42,9,full,random_083,0.7117027482129726,0.7111702127659575,4,3556,2.6298042350026662,hog+mae_base+rgb_ngram_svd+vit_b16,
DTD,resmlp,42,9,full,random_084,0.8343889286021949,0.8367021276595744,4,2322,4.05977551000251,beitv2_base_final+convnext_v2_t+glcm+siglip_base,
DTD,resmlp,42,9,full,random_085,0.8313966813036545,0.8340425531914893,4,6930,4.403415576998668,dinov2+glcm+resnet101+vgg16,
DTD,resmlp,42,9,full,random_086,0.8317885452382737,0.8345744680851064,4,1638,4.301992391003296,dinov2+gabor+lbp+swin_t,
DTD,resmlp,42,9,full,random_087,0.8453943530086466,0.8473404255319149,4,1254,4.4469263030041475,dinov2_small+gabor+lbp+siglip_base,
DTD,resmlp,42,9,full,random_088,0.7441370266207573,0.7452127659574468,4,3218,2.5318635779985925,deit_s+glcm+mae_base+resnet101,
DTD,resmlp,42,9,full,random_089,0.8130606359468598,0.8154255319148936,4,1224,1.766966636001598,beitv2_base_final+dinov2_small+glcm+lbp,
DTD,resmlp,42,9,full,random_090,0.821030004497967,0.823936170212766,4,3328,3.071482384999399,beitv2_base_final+convnext_v2_t+densenet121+dinov2,
DTD,resmlp,42,9,full,random_091,0.7507838071051187,0.7531914893617021,4,9216,6.201025010996091,densenet121+resnet101+resnet50+vgg16,
DTD,resmlp,42,9,full,random_092,0.7070146486051518,0.7111702127659575,4,2200,2.178677161995438,drlbp+glcm+lbp+resnet50,
DTD,resmlp,42,9,full,random_093,0.8319661768136751,0.8329787234042553,4,4352,5.323972592006612,convnext_v2_t+eva02_base+resnet101+vit_b16,
DTD,resmlp,42,9,full,random_094,0.8478962835086217,0.8494680851063829,4,5604,4.215971648001869,dinov2_large+hog+resnet101+swin_t,
DTD,resmlp,42,9,full,random_095,0.7131941756176362,0.7159574468085106,4,3812,1.974177085001429,densenet121+hog+rgb_ngram_svd+swin_t,
DTD,resmlp,42,9,full,random_096,0.8406592563192268,0.8436170212765958,4,3200,2.387486353996792,dinov2_large+drlbp+gabor+resnet50,
DTD,resmlp,42,9,full,random_097,0.738687704169931,0.7430851063829788,4,7012,1.9061243920004927,deit_s+hog+swin_t+vgg16,
DTD,resmlp,42,9,full,random_098,0.6897414689531922,0.6909574468085107,4,7396,3.055824005998147,efficientnet_b0+hog+rgb_ngram_svd+vgg16,
DTD,resmlp,42,9,full,random_099,0.8456987605823797,0.848404255319149,4,2194,5.410685014001501,densenet121+dinov2_small+glcm+siglip_base,
DTD,svm,42,0,full,random_000,0.7586195598585865,0.7617021276595745,5,3504,16.69701078000071,deit_s+gabor+resnet101+rgb_ngram_svd+swin_t,
DTD,svm,42,0,full,random_001,0.831202442526015,0.8324468085106383,5,3266,13.800141671999882,deit_s+eva02_base+gabor+glcm+resnet101,
DTD,svm,42,0,full,random_002,0.8581168907141864,0.8595744680851064,5,4304,9.739186624996364,dinov2_large+dinov2_small+drlbp+resnet50+swin_t,
DTD,svm,42,0,full,random_003,0.8306758293878584,0.8329787234042553,5,5556,14.614571321995754,dinov2_small+drlbp+efficientnet_b0+hog+resnet50,
DTD,svm,42,0,full,random_004,0.7603491077599763,0.7617021276595745,5,5300,15.593581187997188,deit_s+densenet121+drlbp+hog+resnet50,
DTD,svm,42,0,full,random_005,0.8479939420838111,0.8489361702127659,5,5638,8.191914319002535,deit_s+dinov2_large+drlbp+lbp+vgg16,
DTD,svm,42,0,full,random_006,0.8154099436492387,0.8164893617021277,5,2096,12.022757760001696,deit_s+densenet121+dinov2_small+gabor+rgb_ngram_svd,
DTD,svm,42,0,full,random_007,0.8372546005757597,0.8388297872340426,5,5732,13.742522344000463,convnext_v2_t+dinov2_small+hog+resnet50+swin_t,
DTD,svm,42,0,full,random_008,0.26001652538548836,0.27287234042553193,5,456,5.413137698000355,drlbp+gabor+glcm+lbp+rgb_ngram_svd,
DTD,svm,42,0,full,random_009,0.8551390136184828,0.8563829787234043,5,3456,19.706644978999975,dinov2_small+efficientnet_b0+eva02_base+rgb_ngram_svd+siglip_base,
DTD,svm,42,0,full,random_010,0.8482825397941641,0.85,5,4144,9.935536070996022,dinov2+dinov2_large+gabor+resnet101+rgb_ngram_svd,
DTD,svm,42,0,full,random_011,0.8576322332964389,0.8585106382978723,5,5504,13.175187787994219,beitv2_base_final+deit_s+dinov2_large+efficientnet_b0+resnet50,
DTD,svm,42,0,full,random_012,0.7948759321579649,0.7968085106382978,5,6608,10.85685785899841,convnext_v2_t+deit_s+drlbp+efficientnet_b0+vgg16,
DTD,svm,42,0,full,random_013,0.8444967087932368,0.8457446808510638,5,3456,20.080889339995338,beitv2_base_final+deit_s+eva02_base+mae_base+vit_b16,
DTD,svm,42,0,full,random_014,0.7635369026734568,0.7659574468085106,5,5604,16.247619873996882,hog+mae_base+resnet50+rgb_ngram_svd+swin_t,
DTD,svm,42,0,full,random_015,0.8384178361317794,0.8393617021276596,5,7030,11.903332595000393,beitv2_base_final+dinov2_small+glcm+hog+vgg16,
DTD,svm,42,0,full,random_016,0.8286312538766788,0.8297872340425532,5,6448,11.18275185499806,beitv2_base_final+gabor+mae_base+vgg16+vit_b16,
DTD,svm,42,0,full,random_017,0.8646551391906971,0.8664893617021276,5,4992,10.97423338900262,densenet121+dinov2+dinov2_small+resnet50+siglip_base,
DTD,svm,42,0,full,random_018,0.8124729910886347,0.8127659574468085,5,2230,12.902027288997488,deit_s+eva02_base+lbp+mae_base+rgb_ngram_svd,
DTD,svm,42,0,full,random_019,0.8542092631843587,0.8558510638297873,5,4096,11.415025652000622,convnext_v2_t+densenet121+eva02_base+siglip_base+swin_t,
DTD,svm,42,0,full,random_020,0.8381418075688689,0.8393617021276596,5,3402,18.793989764002617,eva02_base+gabor+hog+lbp+swin_t,
DTD,svm,42,0,full,random_021,0.8250515650089806,0.8271276595744681,5,2376,14.588241691999428,glcm+lbp+mae_base+siglip_base+vit_b16,
DTD,svm,42,0,full,random_022,0.8221413839824743,0.823936170212766,5,1608,9.537040237002657,deit_s+dinov2_small+glcm+lbp+mae_base,
DTD,svm,42,0,full,random_023,0.8611674250752733,0.8617021276595744,5,4992,11.629485182995268,beitv2_base_final+deit_s+dinov2_large+resnet50+vit_b16,
DTD,svm,42,0,full,random_024,0.8646848301058934,0.8654255319148936,5,8420,15.100897557997087,beitv2_base_final+dinov2+dinov2_large+hog+vgg16,
DTD,svm,42,0,full,random_025,0.8555107136116926,0.8574468085106383,5,7936,14.359898823997355,dinov2+dinov2_large+efficientnet_b0+mae_base+vgg16,
DTD,svm,42,0,full,random_026,0.7789887381912056,0.7819148936170213,5,9728,15.036107387000811,mae_base+resnet101+resnet50+swin_t+vgg16,
DTD,svm,42,0,full,random_027,0.8564202610431856,0.8574468085106383,5,4048,8.45805090200156,dinov2_small+drlbp+eva02_base+resnet50+vit_b16,
DTD,svm,42,0,full,random_028,0.7902124910022068,0.7925531914893617,5,3474,16.298400838000816,convnext_v2_t+deit_s+glcm+resnet101+rgb_ngram_svd,
DTD,svm,42,0,full,random_029,0.7844305417204169,0.7856382978723404,5,4224,13.352560024002742,deit_s+densenet121+efficientnet_b0+mae_base+vit_b16,
DTD,svm,42,0,full,random_030,0.8592114124998226,0.8606382978723405,5,5632,13.726720035003382,densenet121+dinov2_large+resnet101+siglip_base+swin_t,
DTD,svm,42,0,full,random_031,0.8544500499493026,0.8558510638297873,5,6372,15.68517280400556,convnext_v2_t+dinov2_large+hog+resnet50+swin_t,
DTD,svm,42,0,full,random_032,0.8570139138790337,0.8574468085106383,5,7728,11.503709992997756,eva02_base+gabor+resnet101+siglip_base+vgg16,
DTD,svm,42,0,full,random_033,0.8432065331470364,0.8452127659574468,5,6116,16.096543676998408,convnext_v2_t+hog+resnet101+siglip_base+swin_t,
DTD,svm,42,0,full,random_034,0.8544893907136359,0.8558510638297873,5,3024,18.03791723299946,beitv2_base_final+convnext_v2_t+deit_s+dinov2_large+drlbp,
DTD,svm,42,0,full,random_035,0.8417043344459362,0.8430851063829787,5,4984,7.160564309997426,dinov2+gabor+glcm+lbp+vgg16,
DTD,svm,42,0,full,random_036,0.8697785968461591,0.8707446808510638,5,3120,16.674063589998696,beitv2_base_final+dinov2+eva02_base+gabor+siglip_base,
DTD,svm,42,0,full,random_037,0.8612673008539895,0.8632978723404255,5,2662,16.082395438003005,convnext_v2_t+dinov2_large+gabor+lbp+siglip_base,
DTD,svm,42,0,full,random_038,0.8145963750266682,0.8164893617021277,5,5396,15.116859234993171,convnext_v2_t+gabor+hog+resnet50+vit_b16,
DTD,svm,42,0,full,random_039,0.8552297952033193,0.8563829787234043,5,3858,8.269133714995405,dinov2+eva02_base+glcm+resnet50+rgb_ngram_svd,
DTD,svm,42,0,full,random_040,0.8588552856793825,0.8606382978723405,5,5622,15.050151335999544,densenet121+dinov2+glcm+hog+resnet50,
DTD,svm,42,0,full,random_041,0.8371259689892034,0.8388297872340426,5,2992,17.258636111997475,convnext_v2_t+deit_s+densenet121+gabor+siglip_base,
DTD,svm,42,0,full,random_042,0.855343882904491,0.8569148936170212,5,8932,19.67768698600412,dinov2_large+efficientnet_b0+hog+mae_base+vgg16,
DTD,svm,42,0,full,random_043,0.8008459124022396,0.8031914893617021,5,5878,17.483490405997145,convnext_v2_t+efficientnet_b0+glcm+hog+resnet101,
DTD,svm,42,0,full,random_044,0.8499941938745693,0.8521276595744681,5,3126,19.776493860998016,beitv2_base_final+convnext_v2_t+dinov2+lbp+vit_b16,
DTD,svm,42,0,full,random_045,0.8647164440365959,0.8664893617021276,5,3200,19.839264392998302,dinov2_large+drlbp+efficientnet_b0+gabor+siglip_base,
DTD,svm,42,0,full,random_046,0.826587376639284,0.8287234042553191,5,4122,13.707881993002957,beitv2_base_final+convnext_v2_t+hog+lbp+swin_t,
DTD,svm,42,0,full,random_047,0.8201413382877594,0.8218085106382979,5,6582,11.4190590779981,dinov2_small+efficientnet_b0+lbp+mae_base+vgg16,
DTD,svm,42,0,full,random_048,0.8444278724638488,0.8457446808510638,5,4864,10.914673697996477,convnext_v2_t+densenet121+dinov2+resnet50+rgb_ngram_svd,
DTD,svm,42,0,full,random_049,0.8364169284534322,0.8382978723404255,5,4646,16.791900473996066,gabor+glcm+hog+resnet101+siglip_base,
DTD,svm,42,0,full,random_050,0.8399353766575214,0.8404255319148937,5,3986,9.031776741998328,convnext_v2_t+deit_s+eva02_base+glcm+resnet50,
DTD,svm,42,0,full,random_051,0.8460727006426279,0.8468085106382979,5,5968,12.709205739003664,densenet121+drlbp+eva02_base+resnet101+resnet50,
DTD,svm,42,0,full,random_052,0.8359992845577617,0.8377659574468085,5,5914,17.356187828001566,efficientnet_b0+hog+lbp+resnet50+siglip_base,
DTD,svm,42,0,full,random_053,0.8464449338684958,0.8473404255319149,5,5888,14.146350841998355,beitv2_base_final+densenet121+efficientnet_b0+resnet50+siglip_base,
DTD,svm,42,0,full,random_054,0.7899265099227255,0.7920212765957447,5,4048,9.809980374004226,deit_s+drlbp+resnet101+swin_t+vit_b16,
DTD,svm,42,0,full,random_055,0.8546262279086547,0.8558510638297873,5,4470,14.4492041170015,deit_s+dinov2_large+efficientnet_b0+glcm+hog,
DTD,svm,42,0,full,random_056,0.8285616961576244,0.8303191489361702,5,4656,11.399942292999185,beitv2_base_final+convnext_v2_t+densenet121+gabor+resnet50,
DTD,svm,42,0,full,random_057,0.7956598916208861,0.7973404255319149,5,7424,13.331371457999921,convnext_v2_t+densenet121+efficientnet_b0+rgb_ngram_svd+vgg16,
DTD,svm,42,0,full,random_058,0.8408429113075413,0.8420212765957447,5,4736,11.188685403998534,dinov2_small+efficientnet_b0+resnet101+rgb_ngram_svd+siglip_base,
DTD,svm,42,0,full,random_059,0.8545117437858133,0.8558510638297873,5,4370,10.345521319002728,beitv2_base_final+dinov2+glcm+resnet101+swin_t,
DTD,svm,42,0,full,random_060,0.8576468660391184,0.8590425531914894,5,4480,12.496863105996454,convnext_v2_t+densenet121+dinov2_large+dinov2_small+efficientnet_b0,
DTD,svm,42,0,full,random_061,0.8569706623160104,0.8585106382978723,5,2304,13.356417302005866,dinov2_large+dinov2_small+drlbp+gabor+vit_b16,
DTD,svm,42,0,full,random_062,0.8354608450696767,0.8372340425531914,5,3638,16.355859255003452,deit_s+dinov2_small+lbp+resnet101+vit_b16,
DTD,svm,42,0,full,random_063,0.8610229150889499,0.8622340425531915,5,5732,14.06551471700368,dinov2+dinov2_small+hog+resnet101+siglip_base,
DTD,svm,42,0,full,random_064,0.7566349819750965,0.7590425531914894,5,4902,18.1664922380005,densenet121+gabor+glcm+hog+resnet101,
DTD,svm,42,0,full,random_065,0.8565474451389502,0.8574468085106383,5,4736,10.565447824003058,beitv2_base_final+deit_s+eva02_base+resnet101+siglip_base,
DTD,svm,42,0,full,random_066,0.8368873584373508,0.8382978723404255,5,2888,16.929772761002823,efficientnet_b0+eva02_base+glcm+lbp+swin_t,
DTD,svm,42,0,full,random_067,0.8272462655309714,0.8287234042553191,5,6628,14.021781299001304,deit_s+dinov2_small+hog+resnet101+resnet50,
DTD,svm,42,0,full,random_068,0.8333259310774833,0.8345744680851064,5,2950,17.96465208200243,convnext_v2_t+drlbp+efficientnet_b0+lbp+siglip_base,
DTD,svm,42,0,full,random_069,0.8172430247940087,0.8186170212765957,5,4992,11.550712969001324,densenet121+dinov2_small+efficientnet_b0+resnet101+rgb_ngram_svd,
DTD,svm,42,0,full,random_070,0.8608411540272084,0.8622340425531915,5,7424,11.829007271000592,densenet121+dinov2+eva02_base+vgg16+vit_b16,
DTD,svm,42,0,full,random_071,0.8505898795604067,0.8515957446808511,5,4736,10.643903479001892,convnext_v2_t+deit_s+dinov2+resnet50+vit_b16,
DTD,svm,42,0,full,random_072,0.8495737750615888,0.851063829787234,5,4608,12.968388524997863,beitv2_base_final+convnext_v2_t+densenet121+dinov2+efficientnet_b0,
DTD,svm,42,0,full,random_073,0.8263867669007637,0.8281914893617022,5,4116,13.386514612997416,beitv2_base_final+convnext_v2_t+gabor+hog+vit_b16,
DTD,svm,42,0,full,random_074,0.8260786061570399,0.8276595744680851,5,4992,11.642481736002082,beitv2_base_final+convnext_v2_t+deit_s+densenet121+resnet101,
DTD,svm,42,0,full,random_075,0.8465399570216454,0.848404255319149,5,6480,10.809238693000225,convnext_v2_t+dinov2+drlbp+mae_base+vgg16,
DTD,svm,42,0,full,random_076,0.8385464218686363,0.8404255319148937,5,3174,19.08364884599723,densenet121+efficientnet_b0+gabor+lbp+siglip_base,
DTD,svm,42,0,full,random_077,0.8516248917037853,0.8531914893617021,5,2432,13.451624293003988,convnext_v2_t+drlbp+eva02_base+gabor+siglip_base,
DTD,svm,42,0,full,random_078,0.778768966525456,0.7813829787234042,5,2936,13.260873918996367,gabor+glcm+lbp+resnet101+vit_b16,
DTD,svm,42,0,full,random_079,0.8424893360863854,0.8430851063829787,5,3712,15.236295131995576,convnext_v2_t+drlbp+eva02_base+gabor+resnet50,
DTD,svm,42,0,full,random_080,0.8049985113641482,0.8069148936170213,5,5428,14.883638270002848,convnext_v2_t+drlbp+hog+resnet50+swin_t,
DTD,svm,42,0,full,random_081,0.8086215835935987,0.8101063829787234,5,8016,12.525368455004354,convnext_v2_t+densenet121+drlbp+resnet50+vgg16,
DTD,svm,42,0,full,random_082,0.8350338765042074,0.8372340425531914,5,2736,16.025290519006376,convnext_v2_t+deit_s+gabor+siglip_base+swin_t,
DTD,svm,42,0,full,random_083,0.8696009235083204,0.8707446808510638,5,5376,12.833390785999654,convnext_v2_t+dinov2_large+eva02_base+mae_base+resnet50,
DTD,svm,42,0,full,random_084,0.853474603939246,0.8547872340425532,5,3126,18.812619441996503,beitv2_base_final+dinov2+lbp+mae_base+vit_b16,
DTD,svm,42,0,full,random_085,0.816307407892816,0.8175531914893617,5,6784,11.076348743998096,deit_s+efficientnet_b0+rgb_ngram_svd+siglip_base+vgg16,
DTD,svm,42,0,full,random_086,0.852409645224866,0.8537234042553191,5,3712,21.266333375002432,convnext_v2_t+densenet121+dinov2_small+mae_base+siglip_base,
DTD,svm,42,0,full,random_087,0.8213467627616866,0.823404255319149,5,4962,10.66965530699963,beitv2_base_final+drlbp+glcm+resnet101+resnet50,
DTD,svm,42,0,full,random_088,0.8287126342159561,0.8308510638297872,5,3968,12.35478511400288,deit_s+efficientnet_b0+mae_base+siglip_base+swin_t,
DTD,svm,42,0,full,random_089,0.8038911786424919,0.8058510638297872,5,8960,15.336458129000675,convnext_v2_t+efficientnet_b0+mae_base+resnet50+vgg16,
DTD,svm,42,0,full,random_090,0.8335389755327617,0.8345744680851064,5,5314,6.937447614000121,convnext_v2_t+dinov2_small+gabor+glcm+vgg16,
DTD,svm,42,0,full,random_091,0.839668965363996,0.8414893617021276,5,3656,16.046464686005493,dinov2+glcm+lbp+resnet50+swin_t,
DTD,svm,42,0,full,random_092,0.8514365702989434,0.8526595744680852,5,2322,12.82998752000276,deit_s+dinov2_small+eva02_base+glcm+mae_base,
DTD,svm,42,0,full,random_093,0.758193780752336,0.7617021276595745,5,7010,13.391190980000829,drlbp+glcm+mae_base+resnet101+vgg16,
DTD,svm,42,0,full,random_094,0.8280386147320867,0.8292553191489361,5,1890,10.620982122003625,deit_s+densenet121+dinov2_small+drlbp+glcm,
DTD,svm,42,0,full,random_095,0.8146093794370514,0.8159574468085107,5,5604,14.636337269999785,beitv2_base_final+hog+resnet101+rgb_ngram_svd+vit_b16,
DTD,svm,42,0,full,random_096,0.823908773764036,0.825531914893617,5,6352,10.2027306279997,deit_s+densenet121+drlbp+siglip_base+vgg16,
DTD,svm,42,0,full,random_097,0.8624610583839556,0.8643617021276596,5,3346,20.0765635400021,dinov2_large+glcm+mae_base+siglip_base+swin_t,
DTD,svm,42,0,full,random_098,0.8350914845177372,0.8367021276595744,5,4048,9.399983977004013,convnext_v2_t+deit_s+drlbp+resnet50+siglip_base,
DTD,svm,42,0,full,random_099,0.8424496627162982,0.8436170212765958,5,3376,20.337116075999802,densenet121+dinov2+gabor+mae_base+swin_t,
DTD,svm,42,1,full,random_000,0.8339940698595164,0.8345744680851064,6,4626,18.926417145000414,convnext_v2_t+glcm+resnet50+rgb_ngram_svd+siglip_base+swin_t,
DTD,svm,42,1,full,random_001,0.8588091028574044,0.8601063829787234,6,4754,21.844268623000062,beitv2_base_final+dinov2_small+eva02_base+glcm+mae_base+resnet101,
DTD,svm,42,1,full,random_002,0.7963728698162698,0.798936170212766,6,1894,21.640071542999976,deit_s+dinov2_small+gabor+lbp+mae_base+rgb_ngram_svd,
DTD,svm,42,1,full,random_003,0.8570694408646488,0.8579787234042553,6,5732,34.351831535999736,convnext_v2_t+dinov2_small+efficientnet_b0+hog+mae_base+siglip_base,
DTD,svm,42,1,full,random_004,0.8554719868545176,0.8579787234042553,6,9600,28.922013913999763,dinov2_large+dinov2_small+efficientnet_b0+resnet101+swin_t+vgg16,
DTD,svm,42,1,full,random_005,0.8498165753440813,0.850531914893617,6,4224,21.58917282999937,deit_s+dinov2+efficientnet_b0+eva02_base+rgb_ngram_svd+swin_t,
DTD,svm,42,1,full,random_006,0.8510546321326995,0.8526595744680852,6,5040,21.71989991600094,convnext_v2_t+densenet121+dinov2_small+gabor+resnet101+siglip_base,
DTD,svm,42,1,full,random_007,0.8534791025011774,0.8558510638297873,6,10036,34.36550934300067,densenet121+dinov2_large+drlbp+hog+resnet101+vgg16,
DTD,svm,42,1,full,random_008,0.8465845813111825,0.848404255319149,6,2822,26.15370693800105,beitv2_base_final+convnext_v2_t+dinov2_small+drlbp+lbp+mae_base,
DTD,svm,42,1,full,random_009,0.8151705156797561,0.8170212765957446,6,8628,23.704250795999542,dinov2_small+drlbp+hog+resnet50+rgb_ngram_svd+vgg16,
DTD,svm,42,1,full,random_010,0.8267052614548757,0.8281914893617022,6,4294,27.45634086999962,dinov2_small+drlbp+efficientnet_b0+glcm+hog+mae_base,
DTD,svm,42,1,full,random_011,0.7775048915283647,0.7797872340425532,6,3968,26.800474949001,densenet121+drlbp+efficientnet_b0+gabor+mae_base+vit_b16,
DTD,svm,42,1,full,random_012,0.8462520190818079,0.8489361702127659,6,4040,18.0423137960006,beitv2_base_final+deit_s+dinov2+glcm+lbp+resnet101,
DTD,svm,42,1,full,random_013,0.8568800056581429,0.8585106382978723,6,4352,25.44425371699981,convnext_v2_t+dinov2+dinov2_large+rgb_ngram_svd+swin_t+vit_b16,
DTD,svm,42,1,full,random_014,0.8393510055119834,0.8409574468085106,6,5888,30.662873998999203,beitv2_base_final+mae_base+resnet101+siglip_base+swin_t+vit_b16,
DTD,svm,42,1,full,random_015,0.8579220858385078,0.8595744680851064,6,4418,22.314515303000007,dinov2+gabor+glcm+mae_base+resnet101+siglip_base,
DTD,svm,42,1,full,random_016,0.8310889364194526,0.8329787234042553,6,5248,25.99016837599993,beitv2_base_final+densenet121+dinov2_small+resnet101+rgb_ngram_svd+vit_b16,
DTD,svm,42,1,full,random_017,0.8582061615650941,0.8595744680851064,6,8468,34.70062825500099,convnext_v2_t+dinov2_large+eva02_base+gabor+hog+vgg16,
DTD,svm,42,1,full,random_018,0.8284721845539105,0.8292553191489361,6,2786,29.97052372300095,convnext_v2_t+deit_s+drlbp+eva02_base+glcm+vit_b16,
DTD,svm,42,1,full,random_019,0.8367138762428069,0.8388297872340426,6,8112,24.23212434800007,convnext_v2_t+dinov2_small+gabor+mae_base+resnet101+vgg16,
DTD,svm,42,1,full,random_020,0.7752085251347804,0.7781914893617021,6,9296,32.58768192900061,densenet121+drlbp+efficientnet_b0+mae_base+resnet101+vgg16,
DTD,svm,42,1,full,random_021,0.7788243668324412,0.7803191489361702,6,5186,20.615434050998374,gabor+glcm+resnet101+resnet50+rgb_ngram_svd+vit_b16,
DTD,svm,42,1,full,random_022,0.8608135833538231,0.8632978723404255,6,8338,20.431398931999865,beitv2_base_final+dinov2_large+dinov2_small+glcm+resnet101+vgg16,
DTD,svm,42,1,full,random_023,0.80682071228729,0.8085106382978723,6,4454,20.395984064000004,beitv2_base_final+efficientnet_b0+gabor+lbp+resnet101+rgb_ngram_svd,
DTD,svm,42,1,full,random_024,0.868266438854852,0.8702127659574468,6,3912,20.340724826999576,dinov2_large+efficientnet_b0+glcm+lbp+siglip_base+swin_t,
DTD,svm,42,1,full,random_025,0.8605631587080904,0.8627659574468085,6,6400,25.697587245998875,beitv2_base_final+convnext_v2_t+densenet121+dinov2_large+resnet101+vit_b16,
DTD,svm,42,1,full,random_026,0.8295894872664236,0.8303191489361702,6,5632,23.34275474899914,convnext_v2_t+densenet121+mae_base+resnet50+rgb_ngram_svd+siglip_base,
DTD,svm,42,1,full,random_027,0.836873307193346,0.8393617021276596,6,4390,23.203507063999496,densenet121+dinov2+gabor+glcm+hog+vit_b16,
DTD,svm,42,1,full,random_028,0.8574928334797601,0.8590425531914894,6,7168,17.54200279699944,convnext_v2_t+deit_s+dinov2+dinov2_small+siglip_base+vgg16,
DTD,svm,42,1,full,random_029,0.8566460376230726,0.8585106382978723,6,6756,24.91228102400055,beitv2_base_final+deit_s+dinov2_large+hog+resnet101+swin_t,
DTD,svm,42,1,full,random_030,0.8036344718438783,0.8053191489361702,6,7706,22.72440912499951,beitv2_base_final+hog+lbp+rgb_ngram_svd+vgg16+vit_b16,
DTD,svm,42,1,full,random_031,0.865218359038578,0.8670212765957447,6,5248,19.907858409000255,deit_s+dinov2_large+mae_base+resnet50+rgb_ngram_svd+siglip_base,
DTD,svm,42,1,full,random_032,0.8519926778084301,0.8531914893617021,6,2370,20.711191717000474,convnext_v2_t+deit_s+dinov2_small+gabor+glcm+siglip_base,
DTD,svm,42,1,full,random_033,0.8614251934324241,0.8622340425531915,6,3632,34.194834558000366,convnext_v2_t+dinov2_large+eva02_base+gabor+rgb_ngram_svd+swin_t,
DTD,svm,42,1,full,random_034,0.8611085614596453,0.8627659574468085,6,5248,23.519282105999082,dinov2+dinov2_large+drlbp+efficientnet_b0+gabor+resnet50,
DTD,svm,42,1,full,random_035,0.8561186982031559,0.8579787234042553,6,5110,23.750745286999518,convnext_v2_t+dinov2+dinov2_large+glcm+hog+vit_b16,
DTD,svm,42,1,full,random_036,0.8592621128765964,0.8606382978723405,6,7350,17.90828984700056,dinov2+dinov2_small+efficientnet_b0+lbp+siglip_base+vgg16,
DTD,svm,42,1,full,random_037,0.8043336836537759,0.8063829787234043,6,6756,27.864734030999898,convnext_v2_t+deit_s+densenet121+hog+resnet50+swin_t,
DTD,svm,42,1,full,random_038,0.8387439802336412,0.8404255319148937,6,2962,30.57666008399974,convnext_v2_t+drlbp+efficientnet_b0+gabor+glcm+siglip_base,
DTD,svm,42,1,full,random_039,0.8532719961819164,0.8547872340425532,6,4560,23.793304722001267,convnext_v2_t+deit_s+densenet121+dinov2_large+drlbp+efficientnet_b0,
DTD,svm,42,1,full,random_040,0.8326779575902606,0.8345744680851064,6,3144,32.90378743400106,deit_s+densenet121+dinov2_small+efficientnet_b0+glcm+lbp,
DTD,svm,42,1,full,random_041,0.8638017287066722,0.8654255319148936,6,5174,20.700085588998263,densenet121+dinov2_large+eva02_base+lbp+resnet50+rgb_ngram_svd,
DTD,svm,42,1,full,random_042,0.8536579554211611,0.8553191489361702,6,5504,22.468906256999617,beitv2_base_final+deit_s+eva02_base+mae_base+resnet101+siglip_base,
DTD,svm,42,1,full,random_043,0.8684401535787049,0.8702127659574468,6,7424,26.0004542759998,convnext_v2_t+dinov2_large+resnet101+resnet50+siglip_base+swin_t,
DTD,svm,42,1,full,random_044,0.8679909514915215,0.8696808510638298,6,6674,22.097859027000595,convnext_v2_t+dinov2_large+eva02_base+glcm+resnet101+resnet50,
DTD,svm,42,1,full,random_045,0.8599683248580983,0.8617021276595744,6,5040,19.606627356999525,convnext_v2_t+dinov2_large+dinov2_small+gabor+mae_base+resnet50,
DTD,svm,42,1,full,random_046,0.8394902748766103,0.8420212765957447,6,4486,19.000860911999553,dinov2+drlbp+efficientnet_b0+lbp+resnet101+rgb_ngram_svd,
DTD,svm,42,1,full,random_047,0.7950910643367877,0.7968085106382978,6,4396,26.791917825999917,convnext_v2_t+densenet121+glcm+hog+lbp+vit_b16,
DTD,svm,42,1,full,random_048,0.8609587396647059,0.8622340425531915,6,6646,26.650489931000266,dinov2+efficientnet_b0+eva02_base+glcm+hog+resnet50,
DTD,svm,42,1,full,random_049,0.8169391658376709,0.8186170212765957,6,10004,34.1953209100011,beitv2_base_final+efficientnet_b0+gabor+hog+resnet101+vgg16,
DTD,svm,42,1,full,random_050,0.8188349083771561,0.8212765957446808,6,6726,20.398484488998292,deit_s+dinov2_small+drlbp+glcm+hog+vgg16,
DTD,svm,42,1,full,random_051,0.8574110619568118,0.8590425531914894,6,4784,18.780521575999956,deit_s+dinov2+gabor+resnet101+siglip_base+swin_t,
DTD,svm,42,1,full,random_052,0.8364435852138594,0.8377659574468085,6,8182,28.34746086999985,convnext_v2_t+eva02_base+glcm+hog+mae_base+vgg16,
DTD,svm,42,1,full,random_053,0.8360453186468385,0.8377659574468085,6,2566,22.81297735699991,beitv2_base_final+densenet121+dinov2_small+drlbp+lbp+rgb_ngram_svd,
DTD,svm,42,1,full,random_054,0.8402437142959115,0.8414893617021276,6,4608,17.098856952999995,deit_s+dinov2_small+resnet101+rgb_ngram_svd+siglip_base+vit_b16,
DTD,svm,42,1,full,random_055,0.7896582189825632,0.7914893617021277,6,8774,26.00728795899886,drlbp+glcm+hog+resnet50+vgg16+vit_b16,
DTD,svm,42,1,full,random_056,0.8459125154434463,0.8473404255319149,6,7778,21.358162594000532,beitv2_base_final+drlbp+glcm+resnet101+siglip_base+vgg16,
DTD,svm,42,1,full,random_057,0.8544853430825708,0.8563829787234043,6,5394,21.14784420000069,densenet121+dinov2+glcm+resnet101+siglip_base+vit_b16,
DTD,svm,42,1,full,random_058,0.8521918369242846,0.8542553191489362,6,7980,27.375559311998586,densenet121+dinov2_large+glcm+hog+lbp+vgg16,
DTD,svm,42,1,full,random_059,0.8651094507590195,0.8664893617021276,6,4114,18.01526777000072,beitv2_base_final+dinov2+dinov2_large+glcm+siglip_base+swin_t,
DTD,svm,42,1,full,random_060,0.8584748153554597,0.8601063829787234,6,4662,20.73499714299942,dinov2+dinov2_large+efficientnet_b0+lbp+swin_t+vit_b16,
DTD,svm,42,1,full,random_061,0.8401642245743347,0.8409574468085106,6,6196,28.636843186000988,convnext_v2_t+drlbp+hog+resnet50+siglip_base+swin_t,
DTD,svm,42,1,full,random_062,0.8379225593139443,0.8388297872340426,6,3974,18.82778352800051,drlbp+eva02_base+lbp+resnet101+rgb_ngram_svd+siglip_base,
DTD,svm,42,1,full,random_063,0.8688685911780434,0.8707446808510638,6,6144,24.71518449299947,beitv2_base_final+convnext_v2_t+dinov2+dinov2_large+eva02_base+resnet50,
DTD,svm,42,1,full,random_064,0.8485583565957561,0.850531914893617,6,7430,17.065249497998593,dinov2+dinov2_small+drlbp+lbp+resnet101+vgg16,
DTD,svm,42,1,full,random_065,0.8371231938459963,0.8393617021276596,6,6326,15.554816221001602,deit_s+dinov2+lbp+rgb_ngram_svd+siglip_base+vgg16,
DTD,svm,42,1,full,random_066,0.8213040739211175,0.823404255319149,6,10084,32.04051857400009,deit_s+densenet121+hog+resnet101+siglip_base+vgg16,
DTD,svm,42,1,full,random_067,0.7977394835547129,0.799468085106383,6,4022,19.506925644998773,convnext_v2_t+densenet121+drlbp+gabor+lbp+resnet50,
DTD,svm,42,1,full,random_068,0.832769976852355,0.8351063829787234,6,5274,23.566061513000022,deit_s+dinov2+hog+lbp+resnet101+rgb_ngram_svd,
DTD,svm,42,1,full,random_069,0.8575460798511165,0.8590425531914894,6,5650,22.319038761999764,dinov2+efficientnet_b0+eva02_base+glcm+resnet101+vit_b16,
DTD,svm,42,1,full,random_070,0.8399595279579574,0.8420212765957447,6,2658,23.35781086499992,convnext_v2_t+dinov2+drlbp+glcm+rgb_ngram_svd+siglip_base,
DTD,svm,42,1,full,random_071,0.8357759478244752,0.8377659574468085,6,5062,23.75752969700079,dinov2_small+drlbp+glcm+hog+mae_base+resnet50,
DTD,svm,42,1,full,random_072,0.8507080117064957,0.8515957446808511,6,4140,20.34103338800014,eva02_base+glcm+hog+lbp+siglip_base+swin_t,
DTD,svm,42,1,full,random_073,0.860814435419484,0.8622340425531915,6,4480,17.879324651001298,beitv2_base_final+convnext_v2_t+densenet121+dinov2_small+mae_base+siglip_base,
DTD,svm,42,1,full,random_074,0.8139476394759936,0.8170212765957446,6,1560,13.283100261998698,deit_s+dinov2+drlbp+glcm+lbp+rgb_ngram_svd,
DTD,svm,42,1,full,random_075,0.8652397774352865,0.8670212765957447,6,6272,21.32859800299957,deit_s+dinov2_large+efficientnet_b0+eva02_base+resnet101+vit_b16,
DTD,svm,42,1,full,random_076,0.8489290822573582,0.85,6,5650,22.018043707999823,beitv2_base_final+efficientnet_b0+eva02_base+glcm+resnet50+vit_b16,
DTD,svm,42,1,full,random_077,0.8481602964633173,0.8494680851063829,6,5504,20.233366704998843,convnext_v2_t+dinov2_small+resnet101+siglip_base+swin_t+vit_b16,
DTD,svm,42,1,full,random_078,0.8585252998959517,0.8601063829787234,6,8438,26.426181282999096,beitv2_base_final+convnext_v2_t+dinov2_large+glcm+hog+vgg16,
DTD,svm,42,1,full,random_079,0.8630314776773269,0.8648936170212767,6,6016,22.754442817999006,convnext_v2_t+densenet121+dinov2_large+dinov2_small+resnet50+swin_t,
DTD,svm,42,1,full,random_080,0.807627223655474,0.8085106382978723,6,6912,25.592784180000308,beitv2_base_final+densenet121+mae_base+resnet101+resnet50+rgb_ngram_svd,
DTD,svm,42,1,full,random_081,0.8396111251908845,0.8420212765957447,6,2888,25.990314210999713,dinov2_large+glcm+lbp+mae_base+rgb_ngram_svd+swin_t,
DTD,svm,42,1,full,random_082,0.8549412976954017,0.8569148936170212,6,5420,26.162276312999893,dinov2+glcm+hog+lbp+resnet101+siglip_base,
DTD,svm,42,1,full,random_083,0.8018191535100249,0.8031914893617021,6,3986,18.927455054001257,convnext_v2_t+deit_s+efficientnet_b0+glcm+swin_t+vit_b16,
DTD,svm,42,1,full,random_084,0.6762597122791241,0.6803191489361702,6,6956,29.211578368998744,glcm+hog+lbp+mae_base+rgb_ngram_svd+vgg16,
DTD,svm,42,1,full,random_085,0.8451164393419754,0.847872340425532,6,4304,14.393196027000158,beitv2_base_final+dinov2+dinov2_small+drlbp+resnet101+rgb_ngram_svd,
DTD,svm,42,1,full,random_086,0.7985395674239378,0.799468085106383,6,4998,22.389677247998407,convnext_v2_t+drlbp+efficientnet_b0+lbp+mae_base+resnet50,
DTD,svm,42,1,full,random_087,0.8523906828341188,0.8537234042553191,6,7808,20.642394844999217,densenet121+dinov2_small+mae_base+siglip_base+swin_t+vgg16,
DTD,svm,42,1,full,random_088,0.8241227526446531,0.826063829787234,6,5328,21.285523714999727,deit_s+drlbp+efficientnet_b0+resnet101+siglip_base+swin_t,
DTD,svm,42,1,full,random_089,0.8600092604921343,0.8617021276595744,6,3010,26.860823873999834,densenet121+dinov2+dinov2_small+gabor+glcm+siglip_base,
DTD,svm,42,1,full,random_090,0.8495019129052608,0.8515957446808511,6,8016,18.656761210000695,dinov2+drlbp+resnet50+rgb_ngram_svd+siglip_base+vgg16,
DTD,svm,42,1,full,random_091,0.8366063298472481,0.8382978723404255,6,5092,23.694542233000902,convnext_v2_t+deit_s+densenet121+dinov2_small+hog+vit_b16,
DTD,svm,42,1,full,random_092,0.8129639477259797,0.8143617021276596,6,6694,29.06915675699929,beitv2_base_final+gabor+glcm+hog+resnet101+resnet50,
DTD,svm,42,1,full,random_093,0.8640608390306502,0.8659574468085106,6,6628,32.43462331599949,beitv2_base_final+densenet121+dinov2_large+efficientnet_b0+hog+mae_base,
DTD,svm,42,1,full,random_094,0.8732487233006494,0.874468085106383,6,6932,27.025002781001604,dinov2_large+efficientnet_b0+eva02_base+gabor+hog+resnet50,
DTD,svm,42,1,full,random_095,0.8204654764724558,0.8223404255319149,6,8548,27.33577673199943,deit_s+hog+mae_base+siglip_base+vgg16+vit_b16,
DTD,svm,42,1,full,random_096,0.7775465351327192,0.7797872340425532,6,3218,29.96485238799869,densenet121+drlbp+efficientnet_b0+gabor+glcm+vit_b16,
DTD,svm,42,1,full,random_097,0.8280166309109713,0.8292553191489361,6,5092,23.33520839099947,beitv2_base_final+eva02_base+hog+mae_base+rgb_ngram_svd+vit_b16,
DTD,svm,42,1,full,random_098,0.8518556217316408,0.8542553191489362,6,10468,30.308088060000955,convnext_v2_t+dinov2_large+hog+resnet50+vgg16+vit_b16,
DTD,svm,42,1,full,random_099,0.8613204061016964,0.8632978723404255,6,6728,17.69814979399962,dinov2_large+eva02_base+glcm+lbp+mae_base+vgg16,
DTD,svm,42,2,full,random_000,0.8423548790401203,0.8436170212765958,7,4762,23.694568507999065,deit_s+dinov2+hog+lbp+rgb_ngram_svd+siglip_base+swin_t,
DTD,svm,42,2,full,random_001,0.8587580923042262,0.8590425531914894,7,6608,24.95597640699998,beitv2_base_final+deit_s+densenet121+dinov2_large+drlbp+efficientnet_b0+resnet101,
DTD,svm,42,2,full,random_002,0.8454177164880375,0.8462765957446808,7,4278,18.973321260000375,convnext_v2_t+deit_s+dinov2+efficientnet_b0+lbp+rgb_ngram_svd+swin_t,
DTD,svm,42,2,full,random_003,0.8476105903782658,0.848404255319149,7,5448,21.72805804300151,dinov2_large+efficientnet_b0+glcm+lbp+resnet50+rgb_ngram_svd+vit_b16,
DTD,svm,42,2,full,random_004,0.8381809928254005,0.8388297872340426,7,6400,16.026222300999507,dinov2_small+drlbp+gabor+rgb_ngram_svd+siglip_base+swin_t+vgg16,
DTD,svm,42,2,full,random_005,0.8524778352419686,0.8537234042553191,7,5366,25.4350049450004,convnext_v2_t+deit_s+dinov2+dinov2_small+efficientnet_b0+glcm+hog,
DTD,svm,42,2,full,random_006,0.8628398904896485,0.8638297872340426,7,6244,31.189135741999053,convnext_v2_t+densenet121+dinov2+dinov2_small+eva02_base+hog+mae_base,
DTD,svm,42,2,full,random_007,0.8469889612460301,0.847872340425532,7,3078,27.124050344000352,beitv2_base_final+dinov2_small+drlbp+lbp+mae_base+rgb_ngram_svd+siglip_base,
DTD,svm,42,2,full,random_008,0.847632372222483,0.848404255319149,7,8298,28.673469326000486,convnext_v2_t+drlbp+eva02_base+hog+lbp+siglip_base+vgg16,
DTD,svm,42,2,full,random_009,0.8581880888891001,0.8585106382978723,7,5704,24.352156150000155,beitv2_base_final+densenet121+dinov2_large+glcm+lbp+resnet50+swin_t,
DTD,svm,42,2,full,random_010,0.8452907369011321,0.8457446808510638,7,5010,18.87467272200047,convnext_v2_t+dinov2_small+eva02_base+glcm+resnet101+rgb_ngram_svd+swin_t,
DTD,svm,42,2,full,random_011,0.857000870494077,0.8579787234042553,7,7376,26.193631582998933,densenet121+dinov2_large+dinov2_small+drlbp+resnet101+resnet50+swin_t,
DTD,svm,42,2,full,random_012,0.8467931879137989,0.8473404255319149,7,5888,28.79740944200057,beitv2_base_final+convnext_v2_t+efficientnet_b0+eva02_base+siglip_base+swin_t+vit_b16,
DTD,svm,42,2,full,random_013,0.8670345451529069,0.8675531914893617,7,8192,30.723827128000266,beitv2_base_final+convnext_v2_t+densenet121+dinov2+resnet101+resnet50+siglip_base,
DTD,svm,42,2,full,random_014,0.8331386086396866,0.8340425531914893,7,6370,17.038873196001077,convnext_v2_t+deit_s+dinov2+drlbp+glcm+rgb_ngram_svd+vgg16,
DTD,svm,42,2,full,random_015,0.87204578617402,0.8723404255319149,7,8212,28.88659462400028,dinov2+eva02_base+gabor+hog+resnet101+resnet50+siglip_base,
DTD,svm,42,2,full,random_016,0.8104085017126733,0.8117021276595745,7,9728,25.937923151999712,densenet121+resnet50+rgb_ngram_svd+siglip_base+swin_t+vgg16+vit_b16,
DTD,svm,42,2,full,random_017,0.8609524771287836,0.8611702127659574,7,8832,24.220986469999843,dinov2_large+drlbp+eva02_base+gabor+resnet50+vgg16+vit_b16,
DTD,svm,42,2,full,random_018,0.826963367335354,0.8271276595744681,7,4040,20.17461017000096,deit_s+efficientnet_b0+eva02_base+glcm+lbp+swin_t+vit_b16,
DTD,svm,42,2,full,random_019,0.8205631253870006,0.8202127659574469,7,5706,26.921828791000735,convnext_v2_t+gabor+hog+lbp+resnet50+rgb_ngram_svd+siglip_base,
DTD,svm,42,2,full,random_020,0.7970330954993331,0.7984042553191489,7,6218,27.26884831999996,convnext_v2_t+gabor+hog+lbp+resnet101+swin_t+vit_b16,
DTD,svm,42,2,full,random_021,0.8545693666317855,0.8553191489361702,7,7188,33.36918072100161,convnext_v2_t+dinov2_large+gabor+hog+mae_base+resnet101+vit_b16,
DTD,svm,42,2,full,random_022,0.8731106975482591,0.8739361702127659,7,7680,29.73952994800129,beitv2_base_final+densenet121+dinov2+dinov2_large+efficientnet_b0+resnet50+siglip_base,
DTD,svm,42,2,full,random_023,0.8493697939684778,0.85,7,3686,34.38547326400112,beitv2_base_final+convnext_v2_t+dinov2_large+gabor+lbp+rgb_ngram_svd+vit_b16,
DTD,svm,42,2,full,random_024,0.8398296229825691,0.8409574468085106,7,8144,24.43726279299881,convnext_v2_t+dinov2_small+drlbp+efficientnet_b0+siglip_base+vgg16+vit_b16,
DTD,svm,42,2,full,random_025,0.8702105418176793,0.8707446808510638,7,4626,22.37100757999906,beitv2_base_final+dinov2+eva02_base+glcm+mae_base+siglip_base+swin_t,
DTD,svm,42,2,full,random_026,0.8554275670390837,0.8563829787234043,7,7782,22.44585622500017,beitv2_base_final+convnext_v2_t+dinov2+efficientnet_b0+gabor+lbp+vgg16,
DTD,svm,42,2,full,random_027,0.8305954625678994,0.8313829787234043,7,10678,26.7559998910001,dinov2_small+efficientnet_b0+lbp+resnet101+resnet50+swin_t+vgg16,
DTD,svm,42,2,full,random_028,0.8645097449817765,0.8654255319148936,7,3602,36.343163636998725,beitv2_base_final+dinov2_large+dinov2_small+drlbp+efficientnet_b0+gabor+glcm,
DTD,svm,42,2,full,random_029,0.828457813084998,0.8287234042553191,7,6326,29.37680438999996,drlbp+efficientnet_b0+gabor+lbp+resnet101+resnet50+siglip_base,
DTD,svm,42,2,full,random_030,0.8624306733553477,0.8627659574468085,7,3448,36.464237505999336,convnext_v2_t+dinov2_large+gabor+glcm+lbp+siglip_base+swin_t,
DTD,svm,42,2,full,random_031,0.8346099873414883,0.8340425531914893,7,6426,26.581755220999185,eva02_base+hog+lbp+resnet50+rgb_ngram_svd+siglip_base+swin_t,
DTD,svm,42,2,full,random_032,0.82813174318482,0.8292553191489361,7,11060,42.13100025999847,densenet121+drlbp+efficientnet_b0+hog+resnet101+siglip_base+vgg16,
DTD,svm,42,2,full,random_033,0.8251036068154566,0.825531914893617,7,7600,25.15673181800048,convnext_v2_t+deit_s+gabor+mae_base+siglip_base+vgg16+vit_b16,
DTD,svm,42,2,full,random_034,0.8523214654478098,0.8531914893617021,7,5960,26.82147956100016,densenet121+dinov2+efficientnet_b0+glcm+lbp+mae_base+resnet50,
DTD,svm,42,2,full,random_035,0.8487203084438176,0.8489361702127659,7,8548,28.418658832999427,dinov2_small+eva02_base+hog+mae_base+resnet101+resnet50+vit_b16,
DTD,svm,42,2,full,random_036,0.8529403093316172,0.8542553191489362,7,6164,26.324747419999767,dinov2+efficientnet_b0+gabor+hog+siglip_base+swin_t+vit_b16,
DTD,svm,42,2,full,random_037,0.8545529842870908,0.8558510638297873,7,7314,16.40490056999988,dinov2_large+dinov2_small+eva02_base+glcm+rgb_ngram_svd+swin_t+vgg16,
DTD,svm,42,2,full,random_038,0.8347864361543609,0.8356382978723405,7,3584,36.217310774,beitv2_base_final+convnext_v2_t+dinov2_small+drlbp+efficientnet_b0+gabor+rgb_ngram_svd,
DTD,svm,42,2,full,random_039,0.8324980674972358,0.8335106382978723,7,5940,31.161243317999833,beitv2_base_final+convnext_v2_t+densenet121+drlbp+hog+siglip_base+vit_b16,
DTD,svm,42,2,full,random_040,0.8437194579390084,0.8441489361702128,7,10980,36.50687149499936,beitv2_base_final+convnext_v2_t+hog+mae_base+resnet101+siglip_base+vgg16,
DTD,svm,42,2,full,random_041,0.8354441830015248,0.8367021276595744,7,6372,32.00465473099939,beitv2_base_final+deit_s+densenet121+dinov2_small+efficientnet_b0+hog+vit_b16,
DTD,svm,42,2,full,random_042,0.8433128051500954,0.8441489361702128,7,6326,25.07689783600108,dinov2+dinov2_small+lbp+resnet101+resnet50+rgb_ngram_svd+swin_t,
DTD,svm,42,2,full,random_043,0.8689550382448429,0.8691489361702127,7,8374,26.689519826999458,beitv2_base_final+deit_s+dinov2+dinov2_large+efficientnet_b0+lbp+vgg16,
DTD,svm,42,2,full,random_044,0.7840383099973871,0.7851063829787234,7,4060,27.35454575899894,convnext_v2_t+deit_s+densenet121+gabor+glcm+hog+lbp,
DTD,svm,42,2,full,random_045,0.7982683910859252,0.798936170212766,7,6932,31.667879254999207,beitv2_base_final+efficientnet_b0+gabor+hog+resnet50+rgb_ngram_svd+vit_b16,
DTD,svm,42,2,full,random_046,0.8530235779121034,0.8542553191489362,7,5606,23.786565119000443,densenet121+dinov2+dinov2_small+efficientnet_b0+gabor+lbp+resnet101,
DTD,svm,42,2,full,random_047,0.8351209483824937,0.8356382978723405,7,5474,26.349306292999245,beitv2_base_final+densenet121+drlbp+glcm+resnet101+siglip_base+vit_b16,
DTD,svm,42,2,full,random_048,0.8684427947612078,0.8691489361702127,7,6162,25.313575050999134,densenet121+dinov2+eva02_base+glcm+resnet101+siglip_base+swin_t,
DTD,svm,42,2,full,random_049,0.8303836472003554,0.8313829787234043,7,6042,28.329374728000403,deit_s+dinov2+hog+lbp+mae_base+resnet50+rgb_ngram_svd,
DTD,svm,42,2,full,random_050,0.8617429596876229,0.8627659574468085,7,3840,19.40477568999995,dinov2_large+dinov2_small+drlbp+efficientnet_b0+eva02_base+gabor+rgb_ngram_svd,
DTD,svm,42,2,full,random_051,0.8490741509943663,0.85,7,3888,18.654236907999802,deit_s+dinov2+dinov2_small+efficientnet_b0+gabor+rgb_ngram_svd+swin_t,
DTD,svm,42,2,full,random_052,0.84557457330863,0.8462765957446808,7,4400,22.06604935699943,convnext_v2_t+densenet121+dinov2+gabor+rgb_ngram_svd+swin_t+vit_b16,
DTD,svm,42,2,full,random_053,0.8624459702061921,0.8632978723404255,7,7524,31.035626676000902,beitv2_base_final+dinov2+dinov2_large+dinov2_small+hog+resnet101+vit_b16,
DTD,svm,42,2,full,random_054,0.854806838377749,0.8553191489361702,7,6320,24.23617672799992,densenet121+dinov2+dinov2_small+efficientnet_b0+gabor+mae_base+resnet50,
DTD,svm,42,2,full,random_055,0.8437581451788644,0.8441489361702128,7,4706,19.64561210700049,beitv2_base_final+drlbp+eva02_base+glcm+resnet101+rgb_ngram_svd+siglip_base,
DTD,svm,42,2,full,random_056,0.8454209231084804,0.8462765957446808,7,4114,19.772577674000786,beitv2_base_final+convnext_v2_t+dinov2+glcm+rgb_ngram_svd+swin_t+vit_b16,
DTD,svm,42,2,full,random_057,0.8549201157749684,0.8563829787234043,7,4834,18.724800384001355,convnext_v2_t+dinov2+dinov2_small+drlbp+glcm+resnet50+swin_t,
DTD,svm,42,2,full,random_058,0.8214445459591936,0.8212765957446808,7,6736,22.605769170999338,convnext_v2_t+drlbp+eva02_base+resnet101+resnet50+rgb_ngram_svd+vit_b16,
DTD,svm,42,2,full,random_059,0.8566352269252759,0.8574468085106383,7,8960,26.525391229999514,densenet121+dinov2+efficientnet_b0+mae_base+rgb_ngram_svd+siglip_base+vgg16,
DTD,svm,42,2,full,random_060,0.8593498025039455,0.8601063829787234,7,8420,32.574384678999195,beitv2_base_final+convnext_v2_t+dinov2_large+efficientnet_b0+hog+resnet50+vit_b16,
DTD,svm,42,2,full,random_061,0.8436856438229975,0.8441489361702128,7,8102,24.159618177000084,densenet121+dinov2_small+eva02_base+gabor+glcm+hog+vgg16,
DTD,svm,42,2,full,random_062,0.8142954643851922,0.8148936170212766,7,5346,24.23351601700051,beitv2_base_final+deit_s+drlbp+efficientnet_b0+glcm+resnet101+swin_t,
DTD,svm,42,2,full,random_063,0.8390321432343938,0.8398936170212766,7,8064,27.640031072000056,deit_s+densenet121+dinov2+mae_base+rgb_ngram_svd+swin_t+vgg16,
DTD,svm,42,2,full,random_064,0.8616518637255457,0.8622340425531915,7,8064,26.428874969999015,beitv2_base_final+deit_s+dinov2_large+eva02_base+rgb_ngram_svd+siglip_base+vgg16,
DTD,svm,42,2,full,random_065,0.8485726912241613,0.8494680851063829,7,11056,35.94738856399999,convnext_v2_t+dinov2+efficientnet_b0+gabor+resnet101+resnet50+vgg16,
DTD,svm,42,2,full,random_066,0.8347400789975641,0.8356382978723405,7,5942,31.863306240000384,dinov2_small+drlbp+efficientnet_b0+gabor+lbp+resnet101+resnet50,
DTD,svm,42,2,full,random_067,0.8673813663907511,0.8686170212765958,7,5602,38.48809970600087,dinov2+dinov2_large+dinov2_small+drlbp+efficientnet_b0+glcm+resnet50,
DTD,svm,42,2,full,random_068,0.8379477293391505,0.8382978723404255,7,8164,61.8784193219999,beitv2_base_final+efficientnet_b0+hog+resnet50+siglip_base+swin_t+vit_b16,
DTD,svm,42,2,full,random_069,0.8609376001755283,0.8617021276595744,7,9136,38.12306409200028,deit_s+dinov2+dinov2_large+gabor+resnet101+vgg16+vit_b16,
DTD,svm,42,2,full,random_070,0.8722557107330318,0.872872340425532,7,7158,46.73662600099851,beitv2_base_final+dinov2+dinov2_large+glcm+hog+resnet101+siglip_base,
DTD,svm,42,2,full,random_071,0.855322097196659,0.8563829787234043,7,4454,27.868506252998486,convnext_v2_t+dinov2+efficientnet_b0+eva02_base+gabor+lbp+vit_b16,
DTD,svm,42,2,full,random_072,0.8538764764192698,0.8542553191489362,7,4480,27.680655506999756,beitv2_base_final+convnext_v2_t+dinov2_small+eva02_base+mae_base+rgb_ngram_svd+siglip_base,
DTD,svm,42,2,full,random_073,0.8485582383133289,0.8494680851063829,7,4472,29.53082366400122,dinov2+gabor+glcm+lbp+mae_base+resnet50+vit_b16,
DTD,svm,42,2,full,random_074,0.8639205041180013,0.8648936170212767,7,7424,38.36343253800078,beitv2_base_final+convnext_v2_t+dinov2_large+efficientnet_b0+eva02_base+mae_base+resnet50,
DTD,svm,42,2,full,random_075,0.8192351064755232,0.8191489361702128,7,7120,24.012434080001185,deit_s+drlbp+eva02_base+mae_base+rgb_ngram_svd+vgg16+vit_b16,
DTD,svm,42,2,full,random_076,0.8625567650543426,0.8638297872340426,7,6500,40.668239130000075,densenet121+dinov2+dinov2_large+dinov2_small+hog+mae_base+swin_t,
DTD,svm,42,2,full,random_077,0.8650041013080919,0.8654255319148936,7,4944,30.30313546599973,beitv2_base_final+densenet121+dinov2+drlbp+eva02_base+siglip_base+swin_t,
DTD,svm,42,2,full,random_078,0.8172067199289471,0.8180851063829787,7,8064,25.988822537001397,drlbp+gabor+resnet101+rgb_ngram_svd+siglip_base+swin_t+vgg16,
DTD,svm,42,2,full,random_079,0.8046652207945605,0.8053191489361702,7,5092,41.40858681899954,beitv2_base_final+deit_s+drlbp+efficientnet_b0+gabor+hog+vit_b16,
DTD,svm,42,2,full,random_080,0.8487740381633625,0.8489361702127659,7,6192,41.72481549299846,beitv2_base_final+convnext_v2_t+densenet121+eva02_base+gabor+resnet50+swin_t,
DTD,svm,42,2,full,random_081,0.8280411945934417,0.8292553191489361,7,5354,46.6042866079988,densenet121+dinov2_small+drlbp+efficientnet_b0+hog+lbp+vit_b16,
DTD,svm,42,2,full,random_082,0.7536410212055838,0.7537234042553191,7,8166,36.59973450100006,deit_s+efficientnet_b0+gabor+lbp+resnet50+rgb_ngram_svd+vgg16,
DTD,svm,42,2,full,random_083,0.8489162598104645,0.85,7,5860,42.07961685599912,beitv2_base_final+convnext_v2_t+deit_s+densenet121+dinov2_small+eva02_base+hog,
DTD,svm,42,2,full,random_084,0.8582925815746553,0.8595744680851064,7,5064,31.404982555999595,convnext_v2_t+densenet121+dinov2+dinov2_small+glcm+lbp+resnet50,
DTD,svm,42,2,full,random_085,0.8279393593444214,0.8292553191489361,7,4736,28.15219906600032,deit_s+densenet121+dinov2_small+drlbp+gabor+resnet50+swin_t,
DTD,svm,42,2,full,random_086,0.8651717474252972,0.8664893617021276,7,6070,40.30659599200044,convnext_v2_t+densenet121+dinov2+dinov2_large+dinov2_small+lbp+resnet50,
DTD,svm,42,2,full,random_087,0.8373971597526946,0.8377659574468085,7,6218,50.20358961799866,gabor+hog+lbp+mae_base+resnet101+siglip_base+vit_b16,
DTD,svm,42,2,full,random_088,0.8397593541384724,0.8398936170212766,7,6918,25.139324067000416,deit_s+dinov2+drlbp+efficientnet_b0+lbp+rgb_ngram_svd+vgg16,
DTD,svm,42,2,full,random_089,0.8358996883161308,0.8361702127659575,7,4586,34.97352600599879,beitv2_base_final+deit_s+drlbp+eva02_base+hog+lbp+vit_b16,
DTD,svm,42,2,full,random_090,0.73516271382096,0.7367021276595744,7,8284,51.482597814001565,gabor+glcm+hog+lbp+resnet101+rgb_ngram_svd+vgg16,
DTD,svm,42,2,full,random_091,0.8131326845356412,0.8138297872340425,7,8130,40.444036142000186,beitv2_base_final+deit_s+gabor+glcm+mae_base+resnet101+vgg16,
DTD,svm,42,2,full,random_092,0.853796649828067,0.8542553191489362,7,4432,33.25811103900014,convnext_v2_t+densenet121+dinov2+drlbp+eva02_base+rgb_ngram_svd+swin_t,
DTD,svm,42,2,full,random_093,0.8424395943182509,0.8430851063829787,7,5942,40.23521820800124,convnext_v2_t+eva02_base+lbp+mae_base+resnet50+siglip_base+vit_b16,
DTD,svm,42,2,full,random_094,0.8601020616192482,0.8606382978723405,7,9782,45.72338816299998,beitv2_base_final+densenet121+dinov2_large+lbp+resnet101+swin_t+vgg16,
DTD,svm,42,2,full,random_095,0.8486239490260616,0.8489361702127659,7,4934,40.17097119400023,dinov2+drlbp+efficientnet_b0+glcm+hog+rgb_ngram_svd+swin_t,
DTD,svm,42,2,full,random_096,0.8012337764999208,0.801063829787234,7,8084,32.55287159399995,beitv2_base_final+convnext_v2_t+deit_s+gabor+hog+rgb_ngram_svd+vgg16,
DTD,svm,42,2,full,random_097,0.8679297692033434,0.8686170212765958,7,6836,47.85929141299857,beitv2_base_final+deit_s+dinov2+dinov2_large+drlbp+hog+resnet101,
DTD,svm,42,2,full,random_098,0.8434382143865623,0.8446808510638298,7,6756,44.3390204669995,dinov2+dinov2_small+hog+mae_base+resnet50+rgb_ngram_svd+vit_b16,
DTD,svm,42,2,full,random_099,0.8369025301621045,0.8377659574468085,7,3912,28.738821299000847,beitv2_base_final+convnext_v2_t+glcm+lbp+siglip_base+swin_t+vit_b16,
DTD,svm,42,3,full,random_000,0.8486698144343667,0.851063829787234,6,9088,25.997761712000283,deit_s+dinov2_large+mae_base+resnet101+vgg16+vit_b16,
DTD,svm,42,3,full,random_001,0.7892402841246505,0.7920212765957447,6,2998,30.37231756499932,beitv2_base_final+deit_s+lbp+mae_base+rgb_ngram_svd+vit_b16,
DTD,svm,42,3,full,random_002,0.8683124542116061,0.8691489361702127,6,5012,28.409934432000227,deit_s+densenet121+dinov2_large+gabor+hog+siglip_base,
DTD,svm,42,3,full,random_003,0.8048206330996178,0.8069148936170213,6,5632,24.270320064999396,convnext_v2_t+densenet121+resnet101+rgb_ngram_svd+swin_t+vit_b16,
DTD,svm,42,3,full,random_004,0.8306811460264498,0.8329787234042553,6,5350,17.60238096899957,dinov2_small+gabor+lbp+resnet101+resnet50+vit_b16,
DTD,svm,42,3,full,random_005,0.7605980443611855,0.7611702127659574,6,3320,26.03249425499962,deit_s+gabor+glcm+lbp+resnet50+swin_t,
DTD,svm,42,3,full,random_006,0.8139288237681545,0.8148936170212766,6,5446,32.58268534999843,beitv2_base_final+drlbp+glcm+hog+mae_base+resnet50,
DTD,svm,42,3,full,random_007,0.8451537854021713,0.8462765957446808,6,4626,24.692687586999455,beitv2_base_final+eva02_base+glcm+mae_base+resnet50+rgb_ngram_svd,
DTD,svm,42,3,full,random_008,0.8410399721221982,0.8430851063829787,6,5220,29.611065465000138,dinov2+dinov2_small+efficientnet_b0+hog+mae_base+rgb_ngram_svd,
DTD,svm,42,3,full,random_009,0.8585600998924886,0.8601063829787234,6,4710,20.088489501998993,beitv2_base_final+dinov2_large+gabor+lbp+resnet101+vit_b16,
DTD,svm,42,3,full,random_010,0.847325380869558,0.847872340425532,6,6656,35.809544951000134,beitv2_base_final+densenet121+efficientnet_b0+eva02_base+mae_base+resnet101,
DTD,svm,42,3,full,random_011,0.8522381818497179,0.8542553191489362,6,5328,28.429637014000036,dinov2_small+drlbp+efficientnet_b0+mae_base+resnet50+siglip_base,
DTD,svm,42,3,full,random_012,0.8170338532988433,0.8191489361702128,6,4964,28.70422425600009,densenet121+dinov2_small+hog+mae_base+rgb_ngram_svd+vit_b16,
DTD,svm,42,3,full,random_013,0.8246544754666281,0.826063829787234,6,7984,20.809870057000808,deit_s+densenet121+dinov2_small+gabor+resnet50+vgg16,
DTD,svm,42,3,full,random_014,0.8393827945779194,0.8404255319148937,6,5200,20.62642949200017,beitv2_base_final+drlbp+efficientnet_b0+eva02_base+resnet101+rgb_ngram_svd,
DTD,svm,42,3,full,random_015,0.8349191993037516,0.8367021276595744,6,3218,29.0113135470001,deit_s+densenet121+dinov2+glcm+mae_base+rgb_ngram_svd,
DTD,svm,42,3,full,random_016,0.8691326824302752,0.8707446808510638,6,3968,17.492144903000735,deit_s+dinov2+dinov2_large+eva02_base+rgb_ngram_svd+vit_b16,
DTD,svm,42,3,full,random_017,0.7933574715034416,0.7952127659574468,6,7012,28.706863229999726,deit_s+efficientnet_b0+hog+resnet101+swin_t+vit_b16,
DTD,svm,42,3,full,random_018,0.7622266585188492,0.7643617021276595,6,3684,38.98416480600099,drlbp+gabor+hog+rgb_ngram_svd+swin_t+vit_b16,
DTD,svm,42,3,full,random_019,0.8520286115592878,0.8537234042553191,6,2566,23.171400416000324,beitv2_base_final+dinov2_large+dinov2_small+drlbp+lbp+rgb_ngram_svd,
DTD,svm,42,3,full,random_020,0.7907147577219669,0.7930851063829787,6,5200,20.45455873100036,convnext_v2_t+drlbp+efficientnet_b0+resnet101+rgb_ngram_svd+swin_t,
DTD,svm,42,3,full,random_021,0.8609426168089822,0.8627659574468085,6,5396,25.449694761999126,convnext_v2_t+dinov2+efficientnet_b0+gabor+hog+siglip_base,
DTD,svm,42,3,full,random_022,0.8643112845753098,0.8654255319148936,6,5558,19.28732478799975,deit_s+dinov2_large+efficientnet_b0+eva02_base+lbp+resnet50,
DTD,svm,42,3,full,random_023,0.7560450283241267,0.7579787234042553,6,8298,31.310807310999735,densenet121+drlbp+efficientnet_b0+hog+lbp+vgg16,
DTD,svm,42,3,full,random_024,0.8772923319090191,0.8787234042553191,6,4688,20.71576809600083,convnext_v2_t+dinov2+dinov2_large+drlbp+efficientnet_b0+eva02_base,
DTD,svm,42,3,full,random_025,0.8330622304306909,0.8340425531914893,6,10112,23.533333246999973,deit_s+eva02_base+resnet101+resnet50+swin_t+vgg16,
DTD,svm,42,3,full,random_026,0.8754304768545091,0.8760638297872341,6,4370,19.273251655999047,beitv2_base_final+densenet121+dinov2_large+eva02_base+glcm+vit_b16,
DTD,svm,42,3,full,random_027,0.8020975140726277,0.8037234042553192,6,4528,16.530399075998503,beitv2_base_final+deit_s+densenet121+gabor+resnet50+rgb_ngram_svd,
DTD,svm,42,3,full,random_028,0.8596888807860084,0.8617021276595744,6,5686,20.6631196620001,dinov2+efficientnet_b0+lbp+resnet50+siglip_base+vit_b16,
DTD,svm,42,3,full,random_029,0.8053042228200729,0.8074468085106383,6,3736,27.187536359999285,convnext_v2_t+drlbp+glcm+lbp+mae_base+resnet101,
DTD,svm,42,3,full,random_030,0.8426065368042231,0.8441489361702128,6,6500,23.884063041001355,dinov2_small+efficientnet_b0+eva02_base+hog+resnet101+rgb_ngram_svd,
DTD,svm,42,3,full,random_031,0.8454174419057535,0.8468085106382979,6,2992,26.82348169800025,beitv2_base_final+dinov2_small+eva02_base+gabor+rgb_ngram_svd+vit_b16,
DTD,svm,42,3,full,random_032,0.8252219904208894,0.8271276595744681,6,4944,21.179754718999902,densenet121+drlbp+resnet101+rgb_ngram_svd+siglip_base+vit_b16,
DTD,svm,42,3,full,random_033,0.8343378420159799,0.8367021276595744,6,2310,22.440104359000543,deit_s+dinov2+drlbp+lbp+rgb_ngram_svd+swin_t,
DTD,svm,42,3,full,random_034,0.8340422793490979,0.8356382978723405,6,6042,25.42928498799847,densenet121+dinov2_small+hog+lbp+resnet50+swin_t,
DTD,svm,42,3,full,random_035,0.8326265907871704,0.8335106382978723,6,4144,21.233104951001224,beitv2_base_final+convnext_v2_t+densenet121+gabor+mae_base+swin_t,
DTD,svm,42,3,full,random_036,0.7824187597021337,0.7856382978723404,6,3938,17.11429581399898,drlbp+glcm+resnet101+rgb_ngram_svd+swin_t+vit_b16,
DTD,svm,42,3,full,random_037,0.8629765048236815,0.8638297872340426,6,4500,22.930712661000143,dinov2_small+eva02_base+gabor+hog+siglip_base+swin_t,
DTD,svm,42,3,full,random_038,0.8524327506289354,0.8542553191489362,6,2200,22.32608510299906,dinov2_large+drlbp+glcm+lbp+rgb_ngram_svd+siglip_base,
DTD,svm,42,3,full,random_039,0.8485205353270441,0.8494680851063829,6,7186,18.757830560998627,beitv2_base_final+eva02_base+glcm+swin_t+vgg16+vit_b16,
DTD,svm,42,3,full,random_040,0.8566327185535075,0.8574468085106383,6,7362,15.221222690999639,dinov2_small+eva02_base+gabor+glcm+resnet50+vgg16,
DTD,svm,42,3,full,random_041,0.768049799882062,0.7696808510638298,6,4970,23.41857604100005,drlbp+hog+lbp+resnet50+rgb_ngram_svd+vit_b16,
DTD,svm,42,3,full,random_042,0.8663249769041313,0.8675531914893617,6,5632,23.355701345999478,convnext_v2_t+densenet121+dinov2+dinov2_large+efficientnet_b0+swin_t,
DTD,svm,42,3,full,random_043,0.8590671621978907,0.8606382978723405,6,6728,18.5949418780001,convnext_v2_t+densenet121+dinov2+glcm+lbp+vgg16,
DTD,svm,42,3,full,random_044,0.8712364274321115,0.8723404255319149,6,4912,25.33862092900017,densenet121+dinov2_large+efficientnet_b0+eva02_base+gabor+mae_base,
DTD,svm,42,3,full,random_045,0.8482440085388036,0.850531914893617,6,2680,25.465890391000357,dinov2_large+gabor+glcm+lbp+mae_base+vit_b16,
DTD,svm,42,3,full,random_046,0.8330897192468234,0.8345744680851064,6,3610,30.612888465999276,deit_s+dinov2_small+eva02_base+hog+lbp+rgb_ngram_svd,
DTD,svm,42,3,full,random_047,0.8695281805388371,0.8712765957446809,6,4480,19.60519149799984,dinov2_large+dinov2_small+efficientnet_b0+rgb_ngram_svd+siglip_base+swin_t,
DTD,svm,42,3,full,random_048,0.8345716999468876,0.8356382978723405,6,6992,23.289843316999395,drlbp+efficientnet_b0+eva02_base+resnet101+resnet50+vit_b16,
DTD,svm,42,3,full,random_049,0.8173233331577461,0.8186170212765957,6,9008,22.9598080880005,beitv2_base_final+efficientnet_b0+gabor+resnet50+swin_t+vgg16,
DTD,svm,42,3,full,random_050,0.8626538122829476,0.8643617021276596,6,6960,16.414221757000632,deit_s+densenet121+dinov2_large+dinov2_small+gabor+vgg16,
DTD,svm,42,3,full,random_051,0.8543431216537206,0.8558510638297873,6,6500,25.203189497000494,convnext_v2_t+deit_s+dinov2+hog+resnet101+swin_t,
DTD,svm,42,3,full,random_052,0.8596953074851018,0.8617021276595744,6,5888,22.420883447999586,densenet121+dinov2_large+resnet101+rgb_ngram_svd+siglip_base+swin_t,
DTD,svm,42,3,full,random_053,0.8425931341534232,0.8446808510638298,6,8112,17.631902433000505,convnext_v2_t+dinov2_small+gabor+resnet50+vgg16+vit_b16,
DTD,svm,42,3,full,random_054,0.8715237681599519,0.872872340425532,6,3046,24.954206241000065,dinov2_large+dinov2_small+eva02_base+gabor+lbp+siglip_base,
DTD,svm,42,3,full,random_055,0.8340022955258799,0.8356382978723405,6,5428,24.432346284000232,convnext_v2_t+drlbp+efficientnet_b0+eva02_base+hog+swin_t,
DTD,svm,42,3,full,random_056,0.869819718481855,0.8712765957446809,6,6452,26.91786839999986,dinov2+dinov2_large+drlbp+eva02_base+hog+resnet101,
DTD,svm,42,3,full,random_057,0.8494393909229433,0.8515957446808511,6,3736,27.425289905999307,drlbp+glcm+lbp+mae_base+resnet50+siglip_base,
DTD,svm,42,3,full,random_058,0.8211645693695574,0.8228723404255319,6,4934,24.06495250199987,drlbp+eva02_base+glcm+hog+resnet101+rgb_ngram_svd,
DTD,svm,42,3,full,random_059,0.818699389823564,0.8196808510638298,6,6418,26.27611846599939,beitv2_base_final+glcm+mae_base+resnet101+resnet50+swin_t,
DTD,svm,42,3,full,random_060,0.8667140003363624,0.8680851063829788,6,3766,18.718961796999793,dinov2_large+dinov2_small+lbp+mae_base+siglip_base+vit_b16,
DTD,svm,42,3,full,random_061,0.8465385962539106,0.847872340425532,6,9472,24.91577146200143,beitv2_base_final+densenet121+eva02_base+resnet50+vgg16+vit_b16,
DTD,svm,42,3,full,random_062,0.8459452565136416,0.848404255319149,6,5478,19.439420218001032,dinov2_large+gabor+lbp+resnet101+resnet50+rgb_ngram_svd,
DTD,svm,42,3,full,random_063,0.8260717262604554,0.8265957446808511,6,3504,32.13521329700052,deit_s+eva02_base+gabor+mae_base+swin_t+vit_b16,
DTD,svm,42,3,full,random_064,0.8363774801824985,0.8388297872340426,6,8752,26.12288638499922,densenet121+gabor+resnet101+siglip_base+swin_t+vgg16,
DTD,svm,42,3,full,random_065,0.8101073807660722,0.8111702127659575,6,3756,21.20917869999903,beitv2_base_final+convnext_v2_t+deit_s+glcm+hog+lbp,
DTD,svm,42,3,full,random_066,0.8546131000438203,0.8553191489361702,6,7834,21.37412927600053,dinov2_small+eva02_base+hog+lbp+mae_base+vgg16,
DTD,svm,42,3,full,random_067,0.7936085844195767,0.7946808510638298,6,7430,15.178762796998853,convnext_v2_t+deit_s+drlbp+lbp+resnet50+vgg16,
DTD,svm,42,3,full,random_068,0.8396204313887486,0.8414893617021276,6,10084,23.866363412000283,deit_s+densenet121+dinov2+hog+resnet50+vgg16,
DTD,svm,42,3,full,random_069,0.8556071593410793,0.8574468085106383,6,6144,21.90534733200002,convnext_v2_t+densenet121+dinov2+mae_base+resnet50+vit_b16,
DTD,svm,42,3,full,random_070,0.8506073761341297,0.8521276595744681,6,2998,24.446309066999675,dinov2_small+eva02_base+lbp+rgb_ngram_svd+siglip_base+swin_t,
DTD,svm,42,3,full,random_071,0.818444596015906,0.8212765957446808,6,8210,21.20598801699998,densenet121+glcm+resnet101+rgb_ngram_svd+siglip_base+vgg16,
DTD,svm,42,3,full,random_072,0.8340006939324112,0.8356382978723405,6,7814,19.104273468999963,drlbp+lbp+resnet50+siglip_base+vgg16+vit_b16,
DTD,svm,42,3,full,random_073,0.8426428722031779,0.8436170212765958,6,3510,32.415614329000164,beitv2_base_final+deit_s+eva02_base+lbp+mae_base+vit_b16,
DTD,svm,42,3,full,random_074,0.859838412640807,0.8617021276595744,6,4992,22.56677642000068,densenet121+dinov2_large+drlbp+gabor+mae_base+resnet101,
DTD,svm,42,3,full,random_075,0.8436068767717946,0.8446808510638298,6,4116,17.52712764899843,deit_s+dinov2_small+eva02_base+gabor+hog+vit_b16,
DTD,svm,42,3,full,random_076,0.8561588994946406,0.8574468085106383,6,3302,27.205988494999474,beitv2_base_final+dinov2_small+efficientnet_b0+eva02_base+gabor+lbp,
DTD,svm,42,3,full,random_077,0.8559532143902853,0.8585106382978723,6,5200,19.07995136200043,densenet121+dinov2+dinov2_large+drlbp+resnet101+rgb_ngram_svd,
DTD,svm,42,3,full,random_078,0.791236144573127,0.7941489361702128,6,6708,33.529759573000774,drlbp+efficientnet_b0+hog+mae_base+resnet101+vit_b16,
DTD,svm,42,3,full,random_079,0.8258346108836224,0.8265957446808511,6,9728,27.295449950001057,beitv2_base_final+convnext_v2_t+efficientnet_b0+mae_base+resnet101+vgg16,
DTD,svm,42,3,full,random_080,0.8580657875954387,0.8595744680851064,6,7984,21.564025472998765,dinov2_large+efficientnet_b0+gabor+swin_t+vgg16+vit_b16,
DTD,svm,42,3,full,random_081,0.8225038883663792,0.823936170212766,6,3686,33.79953802499949,beitv2_base_final+efficientnet_b0+gabor+lbp+swin_t+vit_b16,
DTD,svm,42,3,full,random_082,0.7917326532674506,0.7930851063829787,6,8758,27.19212681300087,densenet121+lbp+mae_base+resnet50+vgg16+vit_b16,
DTD,svm,42,3,full,random_083,0.830511690812862,0.8319148936170213,6,8496,22.280422293999436,efficientnet_b0+eva02_base+gabor+resnet50+rgb_ngram_svd+vgg16,
DTD,svm,42,3,full,random_084,0.8381521212353118,0.8398936170212766,6,5220,25.916785976998653,beitv2_base_final+deit_s+hog+mae_base+siglip_base+vit_b16,
DTD,svm,42,3,full,random_085,0.821990950104657,0.824468085106383,6,2402,21.718227802999536,deit_s+dinov2_small+drlbp+glcm+mae_base+vit_b16,
DTD,svm,42,3,full,random_086,0.8318594273512578,0.8335106382978723,6,4546,19.41701273599938,dinov2_small+efficientnet_b0+gabor+glcm+resnet50+vit_b16,
DTD,svm,42,3,full,random_087,0.8248157451573127,0.8265957446808511,6,4268,23.01331736499924,dinov2_small+efficientnet_b0+glcm+hog+lbp+mae_base,
DTD,svm,42,3,full,random_088,0.8411481721234956,0.8436170212765958,6,6500,25.341367819999505,dinov2_small+hog+mae_base+resnet101+siglip_base+vit_b16,
DTD,svm,42,3,full,random_089,0.8387122811546929,0.8414893617021276,6,7990,17.57365161999951,dinov2+lbp+resnet101+rgb_ngram_svd+swin_t+vgg16,
DTD,svm,42,3,full,random_090,0.863241805013176,0.8648936170212767,6,3792,16.302558351000698,deit_s+dinov2_large+drlbp+siglip_base+swin_t+vit_b16,
DTD,svm,42,3,full,random_091,0.767931639196993,0.7686170212765957,6,7632,22.414272350999454,deit_s+densenet121+drlbp+efficientnet_b0+swin_t+vgg16,
DTD,svm,42,3,full,random_092,0.7569680873023994,0.7579787234042553,6,5400,13.402406626999436,deit_s+drlbp+glcm+lbp+swin_t+vgg16,
DTD,svm,42,3,full,random_093,0.8391449242649692,0.8404255319148937,6,6372,27.963115438000386,convnext_v2_t+hog+mae_base+resnet50+rgb_ngram_svd+siglip_base,
DTD,svm,42,3,full,random_094,0.8349147343292767,0.8367021276595744,6,6736,16.05353818399999,deit_s+densenet121+dinov2_small+drlbp+vgg16+vit_b16,
DTD,svm,42,3,full,random_095,0.8370737127365356,0.8388297872340426,6,4710,19.260594184999718,densenet121+gabor+lbp+resnet50+siglip_base+vit_b16,
DTD,svm,42,3,full,random_096,0.856627363456112,0.8585106382978723,6,2066,17.48336460199971,convnext_v2_t+dinov2+dinov2_small+drlbp+gabor+glcm,
DTD,svm,42,3,full,random_097,0.8678876028471632,0.8691489361702127,6,8192,22.503787622001255,beitv2_base_final+convnext_v2_t+dinov2_large+swin_t+vgg16+vit_b16,
DTD,svm,42,3,full,random_098,0.8641234927849831,0.8654255319148936,6,3766,21.29174445100034,beitv2_base_final+deit_s+dinov2_large+lbp+mae_base+swin_t,
DTD,svm,42,3,full,random_099,0.8651350915473172,0.8670212765957447,6,5040,22.363508485999773,deit_s+dinov2+dinov2_large+gabor+resnet50+siglip_base,
DTD,svm,42,4,full,random_000,0.8548230687936947,0.8563829787234043,5,2918,30.619720979000704,convnext_v2_t+dinov2+efficientnet_b0+gabor+lbp,
DTD,svm,42,4,full,random_001,0.8433120043228564,0.8441489361702128,5,5120,21.056827740998415,beitv2_base_final+eva02_base+mae_base+resnet50+swin_t,
DTD,svm,42,4,full,random_002,0.8462447854683637,0.848404255319149,5,4500,25.469530193000537,deit_s+dinov2_large+efficientnet_b0+gabor+hog,
DTD,svm,42,4,full,random_003,0.8520139036072034,0.8537234042553191,5,2048,17.8926210110003,dinov2_small+drlbp+eva02_base+gabor+swin_t,
DTD,svm,42,4,full,random_004,0.8371456082893339,0.8393617021276596,5,5314,11.274093029998767,convnext_v2_t+dinov2_small+gabor+glcm+vgg16,
DTD,svm,42,4,full,random_005,0.8578740460507354,0.8601063829787234,5,6838,16.76014225200197,dinov2_large+dinov2_small+efficientnet_b0+lbp+vgg16,
DTD,svm,42,4,full,random_006,0.842718344464081,0.8446808510638298,5,2054,18.420468478001567,beitv2_base_final+deit_s+drlbp+lbp+siglip_base,
DTD,svm,42,4,full,random_007,0.8685079326453816,0.8696808510638298,5,2018,19.50674689099833,dinov2_small+drlbp+eva02_base+glcm+siglip_base,
DTD,svm,42,4,full,random_008,0.8663585770689445,0.8675531914893617,5,4048,13.326860218003276,deit_s+dinov2+drlbp+eva02_base+resnet50,
DTD,svm,42,4,full,random_009,0.8641772779145854,0.8654255319148936,5,3428,32.138722894997045,dinov2+drlbp+gabor+hog+siglip_base,
DTD,svm,42,4,full,random_010,0.8597704677982826,0.8611702127659574,5,5044,28.891225342002144,dinov2_small+drlbp+hog+resnet101+siglip_base,
DTD,svm,42,4,full,random_011,0.8163131372793089,0.8175531914893617,5,3986,19.51844227499896,beitv2_base_final+deit_s+glcm+resnet50+vit_b16,
DTD,svm,42,4,full,random_012,0.8547456202271299,0.8563829787234043,5,3602,37.99451489100102,convnext_v2_t+dinov2+efficientnet_b0+glcm+swin_t,
DTD,svm,42,4,full,random_013,0.8333304698007131,0.8351063829787234,5,2944,31.73816077400261,beitv2_base_final+dinov2_small+rgb_ngram_svd+swin_t+vit_b16,
DTD,svm,42,4,full,random_014,0.8446460116264974,0.8462765957446808,5,6352,16.76135615900057,beitv2_base_final+densenet121+dinov2_small+drlbp+vgg16,
DTD,svm,42,4,full,random_015,0.7608439449541273,0.7632978723404256,5,4964,26.53957469099987,densenet121+drlbp+gabor+hog+resnet50,
DTD,svm,42,4,full,random_016,0.8327562762406443,0.8345744680851064,5,3712,36.567964063000545,convnext_v2_t+deit_s+densenet121+mae_base+siglip_base,
DTD,svm,42,4,full,random_017,0.7891272797655075,0.7920212765957447,5,5168,24.08953584199844,densenet121+efficientnet_b0+gabor+resnet50+vit_b16,
DTD,svm,42,4,full,random_018,0.8600238474214495,0.8617021276595744,5,2944,29.474040706998494,convnext_v2_t+densenet121+dinov2_large+drlbp+gabor,
DTD,svm,42,4,full,random_019,0.8684403965923597,0.8696808510638298,5,3638,32.663730325999495,convnext_v2_t+dinov2+efficientnet_b0+lbp+siglip_base,
DTD,svm,42,4,full,random_020,0.8518339016461787,0.8537234042553191,5,2534,24.051537564999308,beitv2_base_final+dinov2_small+efficientnet_b0+gabor+lbp,
DTD,svm,42,4,full,random_021,0.8694947617092816,0.8707446808510638,5,8448,18.862311938999483,dinov2+mae_base+resnet50+siglip_base+vgg16,
DTD,svm,42,4,full,random_022,0.8707940167994517,0.8718085106382979,5,3456,27.615244559998246,convnext_v2_t+dinov2+dinov2_small+mae_base+siglip_base,
DTD,svm,42,4,full,random_023,0.8293387406502095,0.8313829787234043,5,2406,22.262962556000275,convnext_v2_t+gabor+lbp+siglip_base+vit_b16,
DTD,svm,42,4,full,random_024,0.7727922427673862,0.774468085106383,5,9600,21.710351477002405,deit_s+densenet121+resnet101+resnet50+vgg16,
DTD,svm,42,4,full,random_025,0.8606600641454388,0.8617021276595744,5,7734,16.89022638700044,beitv2_base_final+dinov2+lbp+resnet50+vgg16,
DTD,svm,42,4,full,random_026,0.846287451528359,0.8473404255319149,5,2438,23.644399378001253,convnext_v2_t+drlbp+eva02_base+lbp+mae_base,
DTD,svm,42,4,full,random_027,0.8528719795500618,0.8537234042553191,5,6454,18.466722237000795,beitv2_base_final+convnext_v2_t+eva02_base+lbp+vgg16,
DTD,svm,42,4,full,random_028,0.8499168433167923,0.8521276595744681,5,4096,19.148585660997924,dinov2+dinov2_large+efficientnet_b0+mae_base+rgb_ngram_svd,
DTD,svm,42,4,full,random_029,0.8228573201784529,0.824468085106383,5,4086,20.60031953699945,beitv2_base_final+convnext_v2_t+glcm+hog+vit_b16,
DTD,svm,42,4,full,random_030,0.850673039809931,0.8521276595744681,5,3638,27.279921279001428,deit_s+dinov2+dinov2_small+lbp+resnet101,
DTD,svm,42,4,full,random_031,0.8590739705097996,0.8606382978723405,5,3968,22.40963438399922,dinov2+dinov2_large+drlbp+gabor+resnet101,
DTD,svm,42,4,full,random_032,0.8743736499127743,0.8760638297872341,5,7680,22.951602842000284,densenet121+dinov2_large+eva02_base+siglip_base+vgg16,
DTD,svm,42,4,full,random_033,0.8407284252281846,0.8425531914893617,5,3602,31.035313727999892,convnext_v2_t+efficientnet_b0+eva02_base+glcm+vit_b16,
DTD,svm,42,4,full,random_034,0.8189624077120086,0.8207446808510638,5,3504,28.048467147000338,deit_s+gabor+resnet50+rgb_ngram_svd+siglip_base,
DTD,svm,42,4,full,random_035,0.8220061109075686,0.8228723404255319,5,7698,24.09866040899942,beitv2_base_final+glcm+mae_base+resnet101+vgg16,
DTD,svm,42,4,full,random_036,0.799943683424226,0.801595744680851,5,3280,35.4530007880021,convnext_v2_t+deit_s+drlbp+efficientnet_b0+swin_t,
DTD,svm,42,4,full,random_037,0.8312864265787663,0.8335106382978723,5,5632,23.28587204199721,beitv2_base_final+convnext_v2_t+efficientnet_b0+mae_base+resnet101,
DTD,svm,42,4,full,random_038,0.8555695380708019,0.8574468085106383,5,4324,21.617383430999325,dinov2+eva02_base+hog+mae_base+rgb_ngram_svd,
DTD,svm,42,4,full,random_039,0.870984624318746,0.8718085106382979,5,3408,28.393108238000423,convnext_v2_t+dinov2+dinov2_large+drlbp+siglip_base,
DTD,svm,42,4,full,random_040,0.8240253579995374,0.825531914893617,5,4652,23.251340347000223,beitv2_base_final+glcm+hog+lbp+resnet50,
DTD,svm,42,4,full,random_041,0.8507372421703177,0.8526595744680852,5,3380,27.60931763899862,deit_s+dinov2_small+drlbp+hog+siglip_base,
DTD,svm,42,4,full,random_042,0.8555993483559113,0.8574468085106383,5,3664,34.700287789997674,dinov2+drlbp+efficientnet_b0+eva02_base+vit_b16,
DTD,svm,42,4,full,random_043,0.7739118288394604,0.775,5,9234,20.485988155000086,densenet121+glcm+resnet101+resnet50+vgg16,
DTD,svm,42,4,full,random_044,0.819496906136125,0.8218085106382979,5,6016,17.00994196800093,beitv2_base_final+deit_s+resnet101+resnet50+swin_t,
DTD,svm,42,4,full,random_045,0.8700043528948365,0.8712765957446809,5,7652,24.12430683600178,dinov2_large+hog+resnet101+resnet50+siglip_base,
DTD,svm,42,4,full,random_046,0.8454100891033639,0.8468085106382979,5,3254,26.25727218800239,deit_s+efficientnet_b0+eva02_base+lbp+siglip_base,
DTD,svm,42,4,full,random_047,0.8401973226200853,0.8420212765957447,5,3376,30.218724012000166,convnext_v2_t+densenet121+eva02_base+gabor+mae_base,
DTD,svm,42,4,full,random_048,0.8449143240551283,0.8462765957446808,5,2944,26.91458640000201,deit_s+dinov2+mae_base+rgb_ngram_svd+siglip_base,
DTD,svm,42,4,full,random_049,0.8595866664843491,0.8611702127659574,5,4304,15.317792445999658,dinov2_large+dinov2_small+drlbp+resnet101+swin_t,
DTD,svm,42,4,full,random_050,0.7594442088236315,0.7622340425531915,5,4984,11.90266853600042,gabor+glcm+lbp+swin_t+vgg16,
DTD,svm,42,4,full,random_051,0.8446739475428896,0.8468085106382979,5,6272,12.626307114001975,dinov2+dinov2_small+rgb_ngram_svd+swin_t+vgg16,
DTD,svm,42,4,full,random_052,0.8594340353831783,0.8622340425531915,5,4598,25.978126941998198,densenet121+dinov2_large+glcm+hog+mae_base,
DTD,svm,42,4,full,random_053,0.8429734114938106,0.8452127659574468,5,3584,35.29242334299852,beitv2_base_final+convnext_v2_t+deit_s+dinov2_small+efficientnet_b0,
DTD,svm,42,4,full,random_054,0.8340123655488922,0.8367021276595744,5,7344,13.812563717001467,dinov2_small+gabor+resnet50+swin_t+vgg16,
DTD,svm,42,4,full,random_055,0.84508150052353,0.8468085106382979,5,2834,24.087188967001566,beitv2_base_final+dinov2_large+glcm+rgb_ngram_svd+vit_b16,
DTD,svm,42,4,full,random_056,0.868985151348027,0.8707446808510638,5,4224,17.398330498999712,dinov2_large+dinov2_small+efficientnet_b0+eva02_base+swin_t,
DTD,svm,42,4,full,random_057,0.8326593916490693,0.8340425531914893,5,6528,15.127299641000718,deit_s+dinov2_large+mae_base+rgb_ngram_svd+vgg16,
DTD,svm,42,4,full,random_058,0.8266397679135437,0.8276595744680851,5,7344,15.943115529000352,deit_s+gabor+resnet50+siglip_base+vgg16,
DTD,svm,42,4,full,random_059,0.8506283517355531,0.8521276595744681,5,6784,15.906246426002326,convnext_v2_t+deit_s+eva02_base+siglip_base+vgg16,
DTD,svm,42,4,full,random_060,0.8210723930186665,0.8223404255319149,5,7066,19.95904202699967,deit_s+hog+lbp+siglip_base+vgg16,
DTD,svm,42,4,full,random_061,0.8475508341067738,0.8494680851063829,5,3712,31.109987537998677,convnext_v2_t+deit_s+densenet121+dinov2+mae_base,
DTD,svm,42,4,full,random_062,0.8529920000055786,0.8542553191489362,5,2998,25.419209280997165,deit_s+dinov2+dinov2_large+lbp+mae_base,
DTD,svm,42,4,full,random_063,0.8690826253517233,0.8707446808510638,5,7168,21.194544563997624,dinov2_large+efficientnet_b0+eva02_base+resnet101+resnet50,
DTD,svm,42,4,full,random_064,0.7618335031146378,0.7648936170212766,5,7908,22.344073225998727,densenet121+hog+rgb_ngram_svd+swin_t+vgg16,
DTD,svm,42,4,full,random_065,0.7995082970473885,0.801595744680851,5,4372,21.20728456699726,convnext_v2_t+densenet121+gabor+hog+vit_b16,
DTD,svm,42,4,full,random_066,0.8078241072472712,0.8095744680851064,5,4688,16.171491728997353,convnext_v2_t+densenet121+drlbp+resnet50+vit_b16,
DTD,svm,42,4,full,random_067,0.8537306309426645,0.8553191489361702,5,2608,23.22183778800172,deit_s+dinov2+dinov2_large+dinov2_small+gabor,
DTD,svm,42,4,full,random_068,0.8382717486673089,0.8393617021276596,5,5734,14.303082292000909,convnext_v2_t+gabor+lbp+siglip_base+vgg16,
DTD,svm,42,4,full,random_069,0.8553105259996198,0.8569148936170212,5,2578,21.55966709099812,beitv2_base_final+dinov2+eva02_base+glcm+rgb_ngram_svd,
DTD,svm,42,4,full,random_070,0.8447915766555298,0.8468085106382979,5,5146,22.58790318300089,dinov2_large+hog+lbp+resnet101+rgb_ngram_svd,
DTD,svm,42,4,full,random_071,0.8274830927600941,0.8297872340425532,5,2278,20.277557867000723,densenet121+dinov2_small+gabor+lbp+vit_b16,
DTD,svm,42,4,full,random_072,0.8691642063226321,0.8707446808510638,5,2998,24.53404980599953,densenet121+dinov2_small+eva02_base+lbp+siglip_base,
DTD,svm,42,4,full,random_073,0.8333440482243446,0.8361702127659575,5,3522,23.760904874001426,densenet121+dinov2_small+gabor+glcm+resnet101,
DTD,svm,42,4,full,random_074,0.8326593916490693,0.8340425531914893,5,6528,17.69069282700002,deit_s+dinov2_large+mae_base+rgb_ngram_svd+vgg16,
DTD,svm,42,4,full,random_075,0.7911905796529297,0.7936170212765957,5,5248,22.603564245000598,deit_s+efficientnet_b0+mae_base+resnet50+vit_b16,
DTD,svm,42,4,full,random_076,0.8345947694084347,0.8377659574468085,5,4864,17.890274203000445,deit_s+dinov2_small+efficientnet_b0+resnet101+vit_b16,
DTD,svm,42,4,full,random_077,0.8494707286736588,0.8521276595744681,5,5760,13.150449660999584,dinov2+drlbp+gabor+vgg16+vit_b16,
DTD,svm,42,4,full,random_078,0.8579185441768202,0.8595744680851064,5,2480,21.28278684200268,dinov2_large+dinov2_small+gabor+rgb_ngram_svd+siglip_base,
DTD,svm,42,4,full,random_079,0.7855635252870352,0.7872340425531915,5,2742,24.36993153000003,deit_s+lbp+mae_base+swin_t+vit_b16,
DTD,svm,42,4,full,random_080,0.7806350250346992,0.7829787234042553,5,5174,16.158710864001478,lbp+resnet101+resnet50+rgb_ngram_svd+swin_t,
DTD,svm,42,4,full,random_081,0.8283032575775301,0.8308510638297872,5,3408,28.362642191001214,densenet121+drlbp+mae_base+siglip_base+vit_b16,
DTD,svm,42,4,full,random_082,0.8613889888340885,0.8632978723404255,5,7424,18.40041276100237,dinov2_large+efficientnet_b0+eva02_base+rgb_ngram_svd+vgg16,
DTD,svm,42,4,full,random_083,0.8527214084428226,0.8537234042553191,5,5732,21.64159369200206,deit_s+eva02_base+hog+resnet101+siglip_base,
DTD,svm,42,4,full,random_084,0.8758644808083129,0.8776595744680851,5,4608,19.843239844998607,beitv2_base_final+dinov2_large+efficientnet_b0+mae_base+siglip_base,
DTD,svm,42,4,full,random_085,0.8640690293893467,0.8654255319148936,5,4372,22.184963977000734,dinov2_large+eva02_base+gabor+hog+mae_base,
DTD,svm,42,4,full,random_086,0.8358065857051958,0.8372340425531914,5,9444,24.385242913002003,convnext_v2_t+hog+resnet50+siglip_base+vgg16,
DTD,svm,42,4,full,random_087,0.8655197184827519,0.8664893617021276,5,6704,15.52591870699689,dinov2_large+eva02_base+gabor+vgg16+vit_b16,
DTD,svm,42,4,full,random_088,0.7630988025118968,0.7664893617021277,5,7988,25.020494671996858,drlbp+efficientnet_b0+hog+swin_t+vgg16,
DTD,svm,42,4,full,random_089,0.8567782252765443,0.8590425531914894,5,6064,14.178427419999935,dinov2_small+gabor+mae_base+siglip_base+vgg16,
DTD,svm,42,4,full,random_090,0.8668993485272168,0.8675531914893617,5,2438,20.911318966998806,drlbp+eva02_base+lbp+mae_base+siglip_base,
DTD,svm,42,4,full,random_091,0.8568463678902248,0.8585106382978723,5,4836,20.76931827700173,beitv2_base_final+convnext_v2_t+dinov2+hog+swin_t,
DTD,svm,42,4,full,random_092,0.832040773982293,0.8335106382978723,5,3994,19.48527000499962,deit_s+densenet121+eva02_base+hog+lbp,
DTD,svm,42,4,full,random_093,0.852427058670151,0.8542553191489362,5,4048,13.357477763001953,deit_s+dinov2+drlbp+resnet101+swin_t,
DTD,svm,42,4,full,random_094,0.8349179336860589,0.8367021276595744,5,2274,19.142118405001384,deit_s+densenet121+drlbp+eva02_base+glcm,
DTD,svm,42,4,full,random_095,0.8545710476686003,0.8558510638297873,5,4116,19.664401068999723,eva02_base+gabor+hog+siglip_base+swin_t,
DTD,svm,42,4,full,random_096,0.8655043575872379,0.8670212765957447,5,4736,15.439897592998022,dinov2+dinov2_small+eva02_base+mae_base+resnet50,
DTD,svm,42,4,full,random_097,0.8239289131703132,0.825531914893617,5,6912,19.070761207000032,densenet121+mae_base+rgb_ngram_svd+siglip_base+vgg16,
DTD,svm,42,4,full,random_098,0.8175334584527617,0.8191489361702128,5,4022,14.15946561400051,beitv2_base_final+deit_s+lbp+resnet101+swin_t,
DTD,svm,42,4,full,random_099,0.8279368471372186,0.8292553191489361,5,7680,19.21136528200077,beitv2_base_final+convnext_v2_t+efficientnet_b0+vgg16+vit_b16,
DTD,svm,42,5,full,random_000,0.8668905739557768,0.8680851063829788,7,3510,32.79587205200005,dinov2_large+drlbp+eva02_base+gabor+lbp+siglip_base+swin_t,
DTD,svm,42,5,full,random_001,0.8578666765022379,0.8590425531914894,7,6454,27.343322394997813,convnext_v2_t+dinov2+efficientnet_b0+eva02_base+lbp+resnet50+siglip_base,
DTD,svm,42,5,full,random_002,0.8535358803254574,0.8553191489361702,7,5814,25.97033223300241,beitv2_base_final+densenet121+dinov2_small+lbp+mae_base+resnet50+siglip_base,
DTD,svm,42,5,full,random_003,0.7886211302659782,0.7904255319148936,7,5428,31.585976579001,convnext_v2_t+densenet121+drlbp+hog+rgb_ngram_svd+swin_t+vit_b16,
DTD,svm,42,5,full,random_004,0.8193129098000832,0.8223404255319149,7,2962,37.11380841600112,deit_s+dinov2_small+drlbp+efficientnet_b0+gabor+glcm+swin_t,
DTD,svm,42,5,full,random_005,0.8535363820092436,0.8547872340425532,7,6676,39.68347805400117,dinov2_large+gabor+hog+resnet101+rgb_ngram_svd+siglip_base+vit_b16,
DTD,svm,42,5,full,random_006,0.8507012495045537,0.8531914893617021,7,6554,26.236709173001145,beitv2_base_final+dinov2+dinov2_small+hog+lbp+resnet101+swin_t,
DTD,svm,42,5,full,random_007,0.74690407441444,0.7484042553191489,7,7274,39.014353139002196,densenet121+drlbp+hog+lbp+resnet101+resnet50+rgb_ngram_svd,
DTD,svm,42,5,full,random_008,0.860743863345101,0.8627659574468085,7,5704,24.343935828997928,beitv2_base_final+densenet121+dinov2+dinov2_large+glcm+lbp+resnet101,
DTD,svm,42,5,full,random_009,0.8259987484701667,0.8271276595744681,7,6964,39.19250637300138,drlbp+hog+mae_base+resnet50+siglip_base+swin_t+vit_b16,
DTD,svm,42,5,full,random_010,0.8385452704718388,0.8398936170212766,7,7524,36.04843769500076,densenet121+dinov2_small+efficientnet_b0+eva02_base+hog+resnet101+rgb_ngram_svd,
DTD,svm,42,5,full,random_011,0.8540602783135611,0.8558510638297873,7,10292,33.654055269998935,dinov2+drlbp+eva02_base+hog+mae_base+resnet50+vgg16,
DTD,svm,42,5,full,random_012,0.8354696907387937,0.8382978723404255,7,9728,26.593409287001123,convnext_v2_t+densenet121+dinov2+resnet50+rgb_ngram_svd+vgg16+vit_b16,
DTD,svm,42,5,full,random_013,0.8226251858276741,0.825,7,5376,22.27890727200065,convnext_v2_t+dinov2_small+drlbp+efficientnet_b0+gabor+resnet101+swin_t,
DTD,svm,42,5,full,random_014,0.8528988680729742,0.8553191489361702,7,7680,25.959410569998,beitv2_base_final+deit_s+dinov2+dinov2_small+efficientnet_b0+resnet101+resnet50,
DTD,svm,42,5,full,random_015,0.832213711123882,0.8329787234042553,7,7222,26.834681284999533,convnext_v2_t+eva02_base+lbp+mae_base+resnet101+resnet50+vit_b16,
DTD,svm,42,5,full,random_016,0.8419523540788566,0.8430851063829787,7,5328,20.278422028000932,beitv2_base_final+densenet121+dinov2_small+drlbp+resnet101+rgb_ngram_svd+siglip_base,
DTD,svm,42,5,full,random_017,0.8465826916692767,0.8468085106382979,7,6502,22.339514578998205,beitv2_base_final+eva02_base+gabor+lbp+resnet101+resnet50+vit_b16,
DTD,svm,42,5,full,random_018,0.8210526468165278,0.823404255319149,7,8310,36.15324563700051,dinov2_small+efficientnet_b0+glcm+hog+resnet101+resnet50+swin_t,
DTD,svm,42,5,full,random_019,0.8225953932024367,0.824468085106383,7,9526,29.3403445010008,beitv2_base_final+convnext_v2_t+densenet121+lbp+mae_base+resnet50+vgg16,
DTD,svm,42,5,full,random_020,0.8461747656054985,0.847872340425532,7,6784,25.4415791959982,dinov2_large+drlbp+efficientnet_b0+gabor+resnet101+resnet50+rgb_ngram_svd,
DTD,svm,42,5,full,random_021,0.840150607731894,0.8425531914893617,7,3942,24.964002635002544,convnext_v2_t+densenet121+dinov2_large+gabor+lbp+rgb_ngram_svd+vit_b16,
DTD,svm,42,5,full,random_022,0.8625818562694139,0.8643617021276596,7,5760,29.759031263001816,densenet121+dinov2+dinov2_large+drlbp+eva02_base+gabor+resnet50,
DTD,svm,42,5,full,random_023,0.8556091763093284,0.8574468085106383,7,4774,25.443546787999367,dinov2_large+dinov2_small+gabor+glcm+hog+siglip_base+vit_b16,
DTD,svm,42,5,full,random_024,0.8372695425253787,0.8382978723404255,7,6272,26.102898310000455,dinov2_small+efficientnet_b0+eva02_base+mae_base+resnet101+rgb_ngram_svd+vit_b16,
DTD,svm,42,5,full,random_025,0.8167470862292323,0.8175531914893617,7,5658,28.05911102800019,deit_s+dinov2_small+hog+lbp+resnet101+rgb_ngram_svd+vit_b16,
DTD,svm,42,5,full,random_026,0.8470269422814225,0.848404255319149,7,5760,31.263701720003155,beitv2_base_final+densenet121+dinov2_small+efficientnet_b0+siglip_base+swin_t+vit_b16,
DTD,svm,42,5,full,random_027,0.8559707135477819,0.8579787234042553,7,6730,32.501838031999796,densenet121+dinov2+dinov2_large+gabor+hog+lbp+resnet101,
DTD,svm,42,5,full,random_028,0.8633362550215533,0.8654255319148936,7,4790,23.430059940998035,convnext_v2_t+densenet121+dinov2_large+dinov2_small+lbp+mae_base+siglip_base,
DTD,svm,42,5,full,random_029,0.8579947143675659,0.8595744680851064,7,4432,19.763816519996908,beitv2_base_final+convnext_v2_t+dinov2_large+drlbp+rgb_ngram_svd+siglip_base+vit_b16,
DTD,svm,42,5,full,random_030,0.8392805675037867,0.8409574468085106,7,5476,22.62181107700235,beitv2_base_final+deit_s+dinov2_small+drlbp+gabor+hog+resnet101,
DTD,svm,42,5,full,random_031,0.8174250224322664,0.8180851063829787,7,4006,22.997187618999305,deit_s+gabor+glcm+hog+rgb_ngram_svd+siglip_base+swin_t,
DTD,svm,42,5,full,random_032,0.854506574752092,0.8558510638297873,7,9856,29.41409293600009,beitv2_base_final+convnext_v2_t+deit_s+dinov2_large+resnet50+swin_t+vgg16,
DTD,svm,42,5,full,random_033,0.8386591201552791,0.8398936170212766,7,10340,31.166695583997353,deit_s+dinov2_large+hog+mae_base+resnet50+rgb_ngram_svd+vgg16,
DTD,svm,42,5,full,random_034,0.7661957061172969,0.7696808510638298,7,10090,34.20073402300113,drlbp+efficientnet_b0+hog+lbp+resnet101+swin_t+vgg16,
DTD,svm,42,5,full,random_035,0.8491000395578178,0.85,7,5314,20.31969312000001,dinov2_small+efficientnet_b0+eva02_base+gabor+glcm+resnet50+swin_t,
DTD,svm,42,5,full,random_036,0.8438693806093156,0.8457446808510638,7,8838,26.445482751998497,beitv2_base_final+densenet121+drlbp+lbp+resnet101+siglip_base+vgg16,
DTD,svm,42,5,full,random_037,0.7827809110262736,0.7851063829787234,7,4578,19.271006020997447,convnext_v2_t+deit_s+densenet121+drlbp+glcm+resnet50+rgb_ngram_svd,
DTD,svm,42,5,full,random_038,0.84192071887535,0.8430851063829787,7,6528,26.28317316600078,beitv2_base_final+convnext_v2_t+deit_s+densenet121+eva02_base+resnet50+vit_b16,
DTD,svm,42,5,full,random_039,0.8579970598573535,0.8601063829787234,7,7168,28.373718967999594,beitv2_base_final+convnext_v2_t+dinov2+efficientnet_b0+resnet101+siglip_base+swin_t,
DTD,svm,42,5,full,random_040,0.8496383082498759,0.8515957446808511,7,7652,30.470459642001515,convnext_v2_t+dinov2+hog+resnet50+siglip_base+swin_t+vit_b16,
DTD,svm,42,5,full,random_041,0.7880062629844651,0.7904255319148936,7,4560,23.151864736999414,convnext_v2_t+deit_s+densenet121+drlbp+efficientnet_b0+rgb_ngram_svd+vit_b16,
DTD,svm,42,5,full,random_042,0.8275359994262675,0.8297872340425532,7,6466,27.013355261999095,convnext_v2_t+gabor+glcm+mae_base+resnet101+resnet50+siglip_base,
DTD,svm,42,5,full,random_043,0.8483290886158009,0.8489361702127659,7,5942,21.53232592399945,beitv2_base_final+eva02_base+lbp+resnet50+siglip_base+swin_t+vit_b16,
DTD,svm,42,5,full,random_044,0.8166817155171857,0.8207446808510638,7,5366,27.483679599001334,convnext_v2_t+densenet121+glcm+hog+rgb_ngram_svd+siglip_base+swin_t,
DTD,svm,42,5,full,random_045,0.7706773578290133,0.7718085106382979,7,4038,22.841061566999997,deit_s+drlbp+glcm+hog+rgb_ngram_svd+swin_t+vit_b16,
DTD,svm,42,5,full,random_046,0.8517564109799803,0.8537234042553191,7,4656,16.539897483999084,convnext_v2_t+deit_s+dinov2+dinov2_small+gabor+resnet101+rgb_ngram_svd,
DTD,svm,42,5,full,random_047,0.8431611244420703,0.8457446808510638,7,5766,24.316683449000266,convnext_v2_t+dinov2+drlbp+efficientnet_b0+lbp+resnet50+swin_t,
DTD,svm,42,5,full,random_048,0.8552451604276775,0.8569148936170212,7,6122,25.626638112000364,beitv2_base_final+deit_s+dinov2_large+drlbp+hog+lbp+resnet50,
DTD,svm,42,5,full,random_049,0.8504686863678285,0.8526595744680852,7,6784,24.092787656998553,beitv2_base_final+convnext_v2_t+densenet121+dinov2_large+dinov2_small+resnet50+vit_b16,
DTD,svm,42,5,full,random_050,0.8544209873138844,0.8558510638297873,7,6114,18.804796221000288,dinov2+dinov2_small+drlbp+glcm+resnet101+resnet50+siglip_base,
DTD,svm,42,5,full,random_051,0.830353911983943,0.8329787234042553,7,9094,24.09514670399949,convnext_v2_t+drlbp+efficientnet_b0+lbp+resnet101+siglip_base+vgg16,
DTD,svm,42,5,full,random_052,0.8526681170279747,0.8542553191489362,7,5552,19.033194701998582,beitv2_base_final+deit_s+dinov2+eva02_base+gabor+resnet50+vit_b16,
DTD,svm,42,5,full,random_053,0.8285438756981504,0.8292553191489361,7,7600,19.80389994899815,convnext_v2_t+deit_s+gabor+siglip_base+swin_t+vgg16+vit_b16,
DTD,svm,42,5,full,random_054,0.846054768203926,0.848404255319149,7,8392,19.191666931998043,deit_s+dinov2+dinov2_large+glcm+lbp+resnet50+vgg16,
DTD,svm,42,5,full,random_055,0.8559207983049762,0.8579787234042553,7,8338,26.048777362997498,deit_s+dinov2_large+efficientnet_b0+glcm+siglip_base+swin_t+vgg16,
DTD,svm,42,5,full,random_056,0.8513811200931417,0.8531914893617021,7,10752,30.36174647200096,dinov2+dinov2_large+efficientnet_b0+mae_base+resnet50+vgg16+vit_b16,
DTD,svm,42,5,full,random_057,0.8082559007001957,0.8111702127659575,7,4194,22.178242558999045,densenet121+drlbp+efficientnet_b0+glcm+rgb_ngram_svd+siglip_base+swin_t,
DTD,svm,42,5,full,random_058,0.8139835323557196,0.8159574468085107,7,5958,29.073216109001805,densenet121+drlbp+glcm+hog+resnet50+rgb_ngram_svd+siglip_base,
DTD,svm,42,5,full,random_059,0.8466395776472065,0.848404255319149,7,10138,29.583517518000008,densenet121+dinov2_small+hog+lbp+resnet50+siglip_base+vgg16,
DTD,svm,42,5,full,random_060,0.841150155249946,0.8436170212765958,7,5860,24.24199160400167,convnext_v2_t+deit_s+dinov2+drlbp+gabor+hog+resnet50,
DTD,svm,42,5,full,random_061,0.8498075686300154,0.8515957446808511,7,5268,24.087013353000657,beitv2_base_final+convnext_v2_t+deit_s+dinov2+eva02_base+gabor+hog,
DTD,svm,42,5,full,random_062,0.8477454848009672,0.8494680851063829,7,10240,29.311274027000763,beitv2_base_final+convnext_v2_t+dinov2_large+efficientnet_b0+resnet101+rgb_ngram_svd+vgg16,
DTD,svm,42,5,full,random_063,0.8340841918860906,0.8356382978723405,7,8038,24.520449281000765,convnext_v2_t+densenet121+efficientnet_b0+eva02_base+gabor+lbp+vgg16,
DTD,svm,42,5,full,random_064,0.8488856675530017,0.8515957446808511,7,5120,19.649500068000634,convnext_v2_t+densenet121+dinov2+dinov2_small+drlbp+gabor+resnet101,
DTD,svm,42,5,full,random_065,0.8533849841298825,0.8558510638297873,7,6884,31.979313338000793,beitv2_base_final+dinov2+efficientnet_b0+hog+mae_base+siglip_base+vit_b16,
DTD,svm,42,5,full,random_066,0.849353225467498,0.850531914893617,7,6502,22.989122032002342,densenet121+dinov2_large+gabor+lbp+resnet101+resnet50+rgb_ngram_svd,
DTD,svm,42,5,full,random_067,0.8412114470585467,0.8425531914893617,7,2680,22.389313908002805,dinov2+eva02_base+gabor+glcm+lbp+rgb_ngram_svd+vit_b16,
DTD,svm,42,5,full,random_068,0.8352207594795825,0.8372340425531914,7,6224,21.81780400199932,beitv2_base_final+convnext_v2_t+densenet121+drlbp+eva02_base+resnet50+vit_b16,
DTD,svm,42,5,full,random_069,0.7616685289596266,0.7632978723404256,7,5784,22.84972430599737,drlbp+efficientnet_b0+glcm+lbp+resnet101+resnet50+rgb_ngram_svd,
DTD,svm,42,5,full,random_070,0.833568383461457,0.8351063829787234,7,8008,19.640611405000527,dinov2+glcm+lbp+mae_base+resnet50+rgb_ngram_svd+vgg16,
DTD,svm,42,5,full,random_071,0.8402907101442924,0.8414893617021276,7,4102,20.11377134900249,dinov2_small+drlbp+efficientnet_b0+eva02_base+lbp+swin_t+vit_b16,
DTD,svm,42,5,full,random_072,0.8585209754112806,0.8595744680851064,7,5072,25.843679918001726,densenet121+dinov2+dinov2_small+drlbp+efficientnet_b0+eva02_base+mae_base,
DTD,svm,42,5,full,random_073,0.8438918183530671,0.8452127659574468,7,3766,16.164413594000507,dinov2+dinov2_small+lbp+rgb_ngram_svd+siglip_base+swin_t+vit_b16,
DTD,svm,42,5,full,random_074,0.8459939773553228,0.847872340425532,7,4534,19.552108625000983,dinov2+drlbp+gabor+lbp+mae_base+resnet50+vit_b16,
DTD,svm,42,5,full,random_075,0.8672187851615138,0.8686170212765958,7,3346,29.41342468899893,densenet121+dinov2_large+dinov2_small+drlbp+eva02_base+gabor+glcm,
DTD,svm,42,5,full,random_076,0.8677503932853788,0.8691489361702127,7,7376,25.390550285002973,deit_s+densenet121+dinov2_large+drlbp+eva02_base+resnet101+resnet50,
DTD,svm,42,5,full,random_077,0.8430388086349824,0.8441489361702128,7,8778,29.330873884002358,beitv2_base_final+efficientnet_b0+eva02_base+gabor+hog+lbp+vgg16,
DTD,svm,42,5,full,random_078,0.8287558735005749,0.8303191489361702,7,7158,36.023867779000284,densenet121+eva02_base+glcm+hog+mae_base+resnet101+swin_t,
DTD,svm,42,5,full,random_079,0.7552090374990916,0.7569148936170212,7,6528,30.004104088999156,drlbp+efficientnet_b0+gabor+mae_base+resnet101+resnet50+rgb_ngram_svd,
DTD,svm,42,5,full,random_080,0.7754763206035595,0.777127659574468,7,8420,27.624335025997425,convnext_v2_t+deit_s+drlbp+efficientnet_b0+gabor+hog+vgg16,
DTD,svm,42,5,full,random_081,0.8364243422291779,0.8377659574468085,7,8520,20.88330777700321,dinov2+glcm+lbp+resnet50+swin_t+vgg16+vit_b16,
DTD,svm,42,5,full,random_082,0.8449209711748759,0.8468085106382979,7,4598,21.806555130999186,deit_s+dinov2_large+dinov2_small+glcm+hog+rgb_ngram_svd+vit_b16,
DTD,svm,42,5,full,random_083,0.843148650154892,0.8452127659574468,7,4534,20.89961723700253,convnext_v2_t+dinov2+drlbp+gabor+lbp+resnet50+vit_b16,
DTD,svm,42,5,full,random_084,0.8518206930627665,0.8537234042553191,7,3810,23.763089134001348,beitv2_base_final+densenet121+dinov2+dinov2_small+drlbp+glcm+mae_base,
DTD,svm,42,5,full,random_085,0.8493614601620034,0.850531914893617,7,4304,26.294063519999327,beitv2_base_final+dinov2_small+drlbp+efficientnet_b0+mae_base+rgb_ngram_svd+siglip_base,
DTD,svm,42,5,full,random_086,0.8539094364448778,0.8547872340425532,7,6070,28.822750796000037,dinov2+dinov2_small+efficientnet_b0+eva02_base+lbp+resnet50+vit_b16,
DTD,svm,42,5,full,random_087,0.8640203135776005,0.8654255319148936,7,6580,34.61106969600223,beitv2_base_final+dinov2+dinov2_small+drlbp+hog+resnet50+siglip_base,
DTD,svm,42,5,full,random_088,0.8357442363394046,0.8377659574468085,7,5420,39.49991610199868,dinov2+efficientnet_b0+glcm+hog+lbp+mae_base+swin_t,
DTD,svm,42,5,full,random_089,0.860532668458093,0.8622340425531915,7,6320,31.77482657099972,convnext_v2_t+deit_s+dinov2_large+efficientnet_b0+eva02_base+gabor+resnet50,
DTD,svm,42,5,full,random_090,0.8403685201559371,0.8420212765957447,7,5158,38.79693090000001,beitv2_base_final+densenet121+gabor+glcm+hog+mae_base+siglip_base,
DTD,svm,42,5,full,random_091,0.8603309725032314,0.8622340425531915,7,8448,31.709461430000374,beitv2_base_final+convnext_v2_t+densenet121+dinov2_large+resnet101+resnet50+siglip_base,
DTD,svm,42,5,full,random_092,0.8558575546538283,0.8569148936170212,7,7558,23.419808511000156,dinov2_large+drlbp+eva02_base+lbp+swin_t+vgg16+vit_b16,
DTD,svm,42,5,full,random_093,0.8543909810352829,0.8553191489361702,7,3590,34.49007596199954,dinov2+dinov2_small+drlbp+eva02_base+lbp+mae_base+swin_t,
DTD,svm,42,5,full,random_094,0.8487730201467443,0.85,7,6320,26.413415312003053,dinov2_large+dinov2_small+efficientnet_b0+gabor+resnet101+swin_t+vit_b16,
DTD,svm,42,5,full,random_095,0.8531799761779395,0.8542553191489362,7,5186,22.722842739000043,beitv2_base_final+dinov2+eva02_base+gabor+glcm+resnet101+swin_t,
DTD,svm,42,5,full,random_096,0.7901095518900705,0.7925531914893617,7,6420,34.88384371900247,convnext_v2_t+gabor+hog+resnet101+rgb_ngram_svd+swin_t+vit_b16,
DTD,svm,42,5,full,random_097,0.856268621133584,0.8574468085106383,7,7120,22.507414832001814,convnext_v2_t+dinov2_small+drlbp+eva02_base+rgb_ngram_svd+siglip_base+vgg16,
DTD,svm,42,5,full,random_098,0.8403231249936668,0.8425531914893617,7,4864,28.0380806280009,deit_s+densenet121+dinov2_small+mae_base+siglip_base+swin_t+vit_b16,
DTD,svm,42,5,full,random_099,0.8249732393725395,0.825531914893617,7,5804,31.607116647999646,deit_s+eva02_base+glcm+hog+lbp+resnet50+vit_b16,
DTD,svm,42,6,full,random_000,0.8633326124802719,0.8648936170212767,7,4162,21.344254937001097,dinov2_large+efficientnet_b0+eva02_base+gabor+glcm+rgb_ngram_svd+vit_b16,
DTD,svm,42,6,full,random_001,0.8411491192447345,0.8425531914893617,7,9516,29.368493459998717,eva02_base+glcm+hog+lbp+resnet101+vgg16+vit_b16,
DTD,svm,42,6,full,random_002,0.8414114352131425,0.8430851063829787,7,9882,29.21510780999961,beitv2_base_final+convnext_v2_t+dinov2_small+hog+lbp+resnet101+vgg16,
DTD,svm,42,6,full,random_003,0.8256723854109518,0.8271276595744681,7,9828,36.52647228900241,deit_s+efficientnet_b0+hog+mae_base+siglip_base+vgg16+vit_b16,
DTD,svm,42,6,full,random_004,0.8724359472288713,0.8739361702127659,7,4096,20.94708313299998,beitv2_base_final+densenet121+dinov2_large+dinov2_small+drlbp+gabor+mae_base,
DTD,svm,42,6,full,random_005,0.8542591500847345,0.8569148936170212,7,4426,25.13597484999991,convnext_v2_t+dinov2+gabor+hog+lbp+rgb_ngram_svd+siglip_base,
DTD,svm,42,6,full,random_006,0.872775118105716,0.874468085106383,7,5650,28.89532080799836,beitv2_base_final+densenet121+dinov2_large+efficientnet_b0+glcm+mae_base+siglip_base,
DTD,svm,42,6,full,random_007,0.8133319951825458,0.8154255319148936,7,5686,24.54764901499948,beitv2_base_final+densenet121+lbp+mae_base+resnet101+rgb_ngram_svd+swin_t,
DTD,svm,42,6,full,random_008,0.8775533660505556,0.8781914893617021,7,8838,23.006819965998147,dinov2_large+drlbp+eva02_base+lbp+resnet50+siglip_base+vgg16,
DTD,svm,42,6,full,random_009,0.8645594263836053,0.8659574468085106,7,8752,22.485377821001748,beitv2_base_final+dinov2+gabor+resnet101+rgb_ngram_svd+siglip_base+vgg16,
DTD,svm,42,6,full,random_010,0.8418300834172822,0.8436170212765958,7,8438,37.27747382000234,densenet121+glcm+hog+mae_base+resnet101+resnet50+siglip_base,
DTD,svm,42,6,full,random_011,0.8633126874634557,0.8648936170212767,7,5658,24.79758303500057,beitv2_base_final+deit_s+dinov2_large+dinov2_small+efficientnet_b0+hog+lbp,
DTD,svm,42,6,full,random_012,0.8430965608725699,0.8446808510638298,7,6116,26.19554196199897,deit_s+densenet121+dinov2+drlbp+gabor+hog+resnet101,
DTD,svm,42,6,full,random_013,0.8565910466143875,0.8579787234042553,7,6528,24.10849703599888,deit_s+densenet121+dinov2+efficientnet_b0+eva02_base+resnet50+rgb_ngram_svd,
DTD,svm,42,6,full,random_014,0.8625570188150156,0.8643617021276596,7,8036,32.99032844799876,deit_s+dinov2_large+efficientnet_b0+hog+mae_base+resnet101+siglip_base,
DTD,svm,42,6,full,random_015,0.8594121996916771,0.8606382978723405,7,3766,17.999177202000283,beitv2_base_final+dinov2_small+eva02_base+lbp+mae_base+rgb_ngram_svd+siglip_base,
DTD,svm,42,6,full,random_016,0.8481136995800654,0.850531914893617,7,5450,29.518701395998505,beitv2_base_final+efficientnet_b0+gabor+hog+lbp+siglip_base+vit_b16,
DTD,svm,42,6,full,random_017,0.8647491954928579,0.8664893617021276,7,7142,20.429753265001636,beitv2_base_final+deit_s+dinov2_large+eva02_base+gabor+lbp+vgg16,
DTD,svm,42,6,full,random_018,0.8673701021759919,0.8691489361702127,7,7120,25.879737070001283,convnext_v2_t+deit_s+dinov2+dinov2_large+drlbp+resnet101+resnet50,
DTD,svm,42,6,full,random_019,0.8469241965783119,0.848404255319149,7,3974,20.098082511998655,beitv2_base_final+convnext_v2_t+drlbp+eva02_base+lbp+mae_base+vit_b16,
DTD,svm,42,6,full,random_020,0.8736791762572844,0.875,7,5504,24.5033503199993,convnext_v2_t+deit_s+densenet121+dinov2+dinov2_large+eva02_base+swin_t,
DTD,svm,42,6,full,random_021,0.8605259403915234,0.8617021276595744,7,5046,24.155293425999844,convnext_v2_t+densenet121+dinov2_small+efficientnet_b0+eva02_base+lbp+mae_base,
DTD,svm,42,6,full,random_022,0.8530818708189198,0.8547872340425532,7,7194,34.79807720700046,convnext_v2_t+densenet121+dinov2+hog+lbp+mae_base+resnet101,
DTD,svm,42,6,full,random_023,0.8534996290725249,0.8553191489361702,7,6518,27.894512505998136,convnext_v2_t+dinov2_small+glcm+hog+resnet101+siglip_base+vit_b16,
DTD,svm,42,6,full,random_024,0.8446085096823402,0.8468085106382979,7,8704,27.65859323100085,beitv2_base_final+efficientnet_b0+mae_base+rgb_ngram_svd+siglip_base+vgg16+vit_b16,
DTD,svm,42,6,full,random_025,0.8604148034988475,0.8617021276595744,7,6224,25.52389322199815,beitv2_base_final+convnext_v2_t+densenet121+drlbp+eva02_base+resnet50+siglip_base,
DTD,svm,42,6,full,random_026,0.813840292581066,0.8154255319148936,7,8064,29.539415698000084,beitv2_base_final+deit_s+efficientnet_b0+mae_base+resnet101+resnet50+vit_b16,
DTD,svm,42,6,full,random_027,0.8782746364221151,0.8797872340425532,7,6656,24.976753035,densenet121+dinov2_large+eva02_base+resnet101+rgb_ngram_svd+siglip_base+swin_t,
DTD,svm,42,6,full,random_028,0.8469378242779684,0.848404255319149,7,5348,29.03955466199841,deit_s+densenet121+dinov2+drlbp+efficientnet_b0+gabor+hog,
DTD,svm,42,6,full,random_029,0.8491184258336807,0.850531914893617,7,4534,21.607821452998905,convnext_v2_t+deit_s+densenet121+eva02_base+lbp+siglip_base+vit_b16,
DTD,svm,42,6,full,random_030,0.8323679126334481,0.8335106382978723,7,7334,28.610995649996767,densenet121+dinov2_small+gabor+glcm+hog+resnet101+resnet50,
DTD,svm,42,6,full,random_031,0.8495867797656005,0.8521276595744681,7,4882,22.56591661299899,beitv2_base_final+densenet121+dinov2+efficientnet_b0+glcm+rgb_ngram_svd+vit_b16,
DTD,svm,42,6,full,random_032,0.8684079846002135,0.8696808510638298,7,6480,26.4047109719977,convnext_v2_t+dinov2+drlbp+efficientnet_b0+eva02_base+mae_base+resnet101,
DTD,svm,42,6,full,random_033,0.8626341808361438,0.8638297872340426,7,6216,28.065467988999444,densenet121+dinov2_large+efficientnet_b0+glcm+lbp+mae_base+resnet50,
DTD,svm,42,6,full,random_034,0.8278156094400648,0.8292553191489361,7,6400,22.817025750002358,deit_s+densenet121+drlbp+gabor+resnet101+resnet50+siglip_base,
DTD,svm,42,6,full,random_035,0.8279197476372108,0.8297872340425532,7,5804,25.934068454000226,deit_s+glcm+hog+lbp+resnet50+siglip_base+vit_b16,
DTD,svm,42,6,full,random_036,0.8209010061072773,0.8228723404255319,7,8070,27.654380993000814,beitv2_base_final+densenet121+drlbp+efficientnet_b0+lbp+mae_base+vgg16,
DTD,svm,42,6,full,random_037,0.8607094843080199,0.8622340425531915,7,7314,18.92826530200182,dinov2+dinov2_large+dinov2_small+glcm+rgb_ngram_svd+siglip_base+vgg16,
DTD,svm,42,6,full,random_038,0.8199303836084932,0.8218085106382979,7,6902,29.30361551399983,deit_s+densenet121+dinov2_small+efficientnet_b0+glcm+hog+resnet101,
DTD,svm,42,6,full,random_039,0.8374261078156835,0.8388297872340426,7,4550,23.153519299001346,convnext_v2_t+deit_s+drlbp+eva02_base+glcm+hog+swin_t,
DTD,svm,42,6,full,random_040,0.8640055611585045,0.8654255319148936,7,3448,31.210924793998856,densenet121+dinov2+eva02_base+gabor+glcm+lbp+swin_t,
DTD,svm,42,6,full,random_041,0.856456945606321,0.8574468085106383,7,9600,30.71779414699995,deit_s+dinov2+efficientnet_b0+eva02_base+resnet50+rgb_ngram_svd+vgg16,
DTD,svm,42,6,full,random_042,0.8488430356234729,0.851063829787234,7,6250,35.998867964000965,beitv2_base_final+drlbp+hog+lbp+resnet101+siglip_base+vit_b16,
DTD,svm,42,6,full,random_043,0.8591156522658718,0.8601063829787234,7,5686,28.792835093001486,convnext_v2_t+densenet121+dinov2+eva02_base+lbp+resnet50+rgb_ngram_svd,
DTD,svm,42,6,full,random_044,0.8295855157112215,0.8308510638297872,7,7088,32.30297844799861,densenet121+dinov2_small+gabor+resnet101+resnet50+swin_t+vit_b16,
DTD,svm,42,6,full,random_045,0.8685003438284019,0.8696808510638298,7,7376,32.73074999099845,dinov2_small+drlbp+efficientnet_b0+eva02_base+resnet101+resnet50+siglip_base,
DTD,svm,42,6,full,random_046,0.8532127617055351,0.8547872340425532,7,7606,26.72998429600193,beitv2_base_final+convnext_v2_t+deit_s+dinov2+lbp+vgg16+vit_b16,
DTD,svm,42,6,full,random_047,0.872149209782991,0.8734042553191489,7,7680,36.79521405199921,densenet121+dinov2+dinov2_large+efficientnet_b0+eva02_base+resnet50+vit_b16,
DTD,svm,42,6,full,random_048,0.836079286603041,0.8377659574468085,7,7600,31.293165464001504,convnext_v2_t+densenet121+dinov2_small+efficientnet_b0+gabor+resnet101+resnet50,
DTD,svm,42,6,full,random_049,0.8530709144271323,0.8542553191489362,7,9984,31.00062751600126,eva02_base+mae_base+resnet101+siglip_base+swin_t+vgg16+vit_b16,
DTD,svm,42,6,full,random_050,0.8460364152671979,0.848404255319149,7,5140,31.947294114001124,deit_s+densenet121+dinov2_small+gabor+hog+mae_base+siglip_base,
DTD,svm,42,6,full,random_051,0.8687899830266871,0.8702127659574468,7,8886,22.101634384001954,beitv2_base_final+dinov2+dinov2_small+lbp+resnet101+siglip_base+vgg16,
DTD,svm,42,6,full,random_052,0.8644967780423957,0.8659574468085106,7,11236,38.14986705699994,dinov2_large+efficientnet_b0+hog+resnet50+rgb_ngram_svd+siglip_base+vgg16,
DTD,svm,42,6,full,random_053,0.8648358933556789,0.8664893617021276,7,4706,32.25959279000017,convnext_v2_t+dinov2_large+drlbp+efficientnet_b0+glcm+mae_base+siglip_base,
DTD,svm,42,6,full,random_054,0.848885553766876,0.85,7,5702,30.76584785600062,drlbp+eva02_base+glcm+hog+resnet50+rgb_ngram_svd+siglip_base,
DTD,svm,42,6,full,random_055,0.7948395553329427,0.7968085106382978,7,3676,44.477612206999765,beitv2_base_final+gabor+glcm+hog+lbp+rgb_ngram_svd+vit_b16,
DTD,svm,42,6,full,random_056,0.8332380499104671,0.8345744680851064,7,5376,31.591999960997782,dinov2_small+drlbp+efficientnet_b0+gabor+mae_base+resnet101+vit_b16,
DTD,svm,42,6,full,random_057,0.8595342724297317,0.8611702127659574,7,6272,33.64899273699848,deit_s+dinov2+mae_base+resnet101+siglip_base+swin_t+vit_b16,
DTD,svm,42,6,full,random_058,0.8668644328464428,0.8691489361702127,7,5296,32.02649439299785,deit_s+dinov2+dinov2_large+gabor+resnet101+rgb_ngram_svd+siglip_base,
DTD,svm,42,6,full,random_059,0.8633131571827483,0.8654255319148936,7,4656,34.05216804700103,densenet121+dinov2+dinov2_large+gabor+rgb_ngram_svd+siglip_base+vit_b16,
DTD,svm,42,6,full,random_060,0.8132487507959157,0.8154255319148936,7,5220,47.65126273200076,beitv2_base_final+densenet121+drlbp+gabor+hog+mae_base+swin_t,
DTD,svm,42,6,full,random_061,0.8816805406189833,0.8824468085106383,7,3584,47.47317444700093,dinov2+dinov2_small+drlbp+eva02_base+gabor+siglip_base+swin_t,
DTD,svm,42,6,full,random_062,0.8521830116710793,0.8537234042553191,7,5908,47.66311236399997,beitv2_base_final+densenet121+dinov2+gabor+hog+swin_t+vit_b16,
DTD,svm,42,6,full,random_063,0.8718791253657935,0.8734042553191489,7,6548,46.04982777400073,beitv2_base_final+dinov2+dinov2_small+gabor+hog+resnet101+siglip_base,
DTD,svm,42,6,full,random_064,0.85943435347141,0.8611702127659574,7,7808,36.31367511500139,dinov2+dinov2_small+rgb_ngram_svd+siglip_base+swin_t+vgg16+vit_b16,
DTD,svm,42,6,full,random_065,0.8176447483722756,0.8196808510638298,7,9296,27.60125500799768,deit_s+dinov2_small+drlbp+resnet101+resnet50+rgb_ngram_svd+vgg16,
DTD,svm,42,6,full,random_066,0.8506011120727942,0.8521276595744681,7,4870,30.473550432001502,deit_s+drlbp+eva02_base+lbp+resnet50+siglip_base+swin_t,
DTD,svm,42,6,full,random_067,0.8628570983558393,0.8638297872340426,7,4040,24.232613452000805,densenet121+dinov2+drlbp+gabor+glcm+lbp+resnet50,
DTD,svm,42,6,full,random_068,0.8805165235500549,0.8819148936170212,7,4528,30.357589635001204,beitv2_base_final+densenet121+dinov2+dinov2_small+eva02_base+gabor+siglip_base,
DTD,svm,42,6,full,random_069,0.8338453382719068,0.8361702127659575,7,2358,31.65290553899831,deit_s+dinov2+drlbp+gabor+lbp+mae_base+rgb_ngram_svd,
DTD,svm,42,6,full,random_070,0.8591612907099136,0.8611702127659574,7,7296,30.913243967999733,beitv2_base_final+deit_s+dinov2_large+resnet101+resnet50+rgb_ngram_svd+vit_b16,
DTD,svm,42,6,full,random_071,0.8614348005873314,0.8627659574468085,7,4656,31.710028724999574,deit_s+dinov2_large+dinov2_small+efficientnet_b0+gabor+mae_base+swin_t,
DTD,svm,42,6,full,random_072,0.865230314506889,0.8670212765957447,7,6040,41.450927695001155,dinov2_large+drlbp+glcm+lbp+mae_base+resnet101+resnet50,
DTD,svm,42,6,full,random_073,0.8629874701351421,0.8643617021276596,7,5248,31.172745599000336,beitv2_base_final+deit_s+densenet121+dinov2+efficientnet_b0+eva02_base+rgb_ngram_svd,
DTD,svm,42,6,full,random_074,0.8743544930714583,0.875531914893617,7,6400,34.9927118960004,beitv2_base_final+deit_s+dinov2+dinov2_small+efficientnet_b0+eva02_base+resnet50,
DTD,svm,42,6,full,random_075,0.8520699330381994,0.8531914893617021,7,9060,48.67137261500102,convnext_v2_t+densenet121+dinov2_small+eva02_base+hog+rgb_ngram_svd+vgg16,
DTD,svm,42,6,full,random_076,0.8167118779420798,0.8191489361702128,7,3628,62.59599737700046,dinov2_small+drlbp+efficientnet_b0+gabor+glcm+hog+lbp,
DTD,svm,42,6,full,random_077,0.8577224184231214,0.8590425531914894,7,4458,42.513079109998216,dinov2+drlbp+eva02_base+hog+lbp+rgb_ngram_svd+swin_t,
DTD,svm,42,6,full,random_078,0.8587932526505091,0.8606382978723405,7,6400,39.03908379399945,beitv2_base_final+deit_s+densenet121+dinov2_large+dinov2_small+resnet50+vit_b16,
DTD,svm,42,6,full,random_079,0.8582430921075432,0.8601063829787234,7,6352,36.568631080997875,deit_s+densenet121+dinov2+drlbp+efficientnet_b0+resnet101+siglip_base,
DTD,svm,42,6,full,random_080,0.7861616745300588,0.7882978723404256,7,9008,38.38247566300197,densenet121+gabor+mae_base+resnet50+rgb_ngram_svd+vgg16+vit_b16,
DTD,svm,42,6,full,random_081,0.8508157695663907,0.8526595744680852,7,4912,43.23073436899722,beitv2_base_final+convnext_v2_t+densenet121+gabor+mae_base+siglip_base+swin_t,
DTD,svm,42,6,full,random_082,0.8636970250124129,0.8643617021276596,7,4870,32.93729458599773,dinov2_small+drlbp+eva02_base+lbp+mae_base+resnet101+vit_b16,
DTD,svm,42,6,full,random_083,0.8242084938217594,0.826063829787234,7,9396,57.12147419799658,deit_s+densenet121+drlbp+efficientnet_b0+hog+siglip_base+vgg16,
DTD,svm,42,6,full,random_084,0.8567441842997188,0.8590425531914894,7,4528,36.928165399000136,beitv2_base_final+densenet121+dinov2_small+efficientnet_b0+gabor+rgb_ngram_svd+siglip_base,
DTD,svm,42,6,full,random_085,0.8520167826763491,0.8537234042553191,7,6390,46.056090319998475,deit_s+densenet121+dinov2_small+eva02_base+glcm+hog+resnet101,
DTD,svm,42,6,full,random_086,0.8199339061620033,0.8218085106382979,7,9188,44.96912561299905,beitv2_base_final+convnext_v2_t+hog+rgb_ngram_svd+swin_t+vgg16+vit_b16,
DTD,svm,42,6,full,random_087,0.7989133957532228,0.800531914893617,7,7552,37.203446762003296,convnext_v2_t+deit_s+efficientnet_b0+resnet101+resnet50+rgb_ngram_svd+swin_t,
DTD,svm,42,6,full,random_088,0.8800375026371638,0.8813829787234042,7,4022,27.496769024997775,dinov2+dinov2_large+drlbp+efficientnet_b0+eva02_base+gabor+lbp,
DTD,svm,42,6,full,random_089,0.8542877745695114,0.8558510638297873,7,4150,31.858409896998637,convnext_v2_t+deit_s+densenet121+dinov2+dinov2_small+lbp+mae_base,
DTD,svm,42,6,full,random_090,0.8371024817184889,0.8388297872340426,7,5760,39.03253242700157,drlbp+efficientnet_b0+gabor+mae_base+resnet50+siglip_base+vit_b16,
DTD,svm,42,6,full,random_091,0.8634052804020986,0.8648936170212767,7,5248,38.91646130200024,convnext_v2_t+densenet121+dinov2+dinov2_small+mae_base+siglip_base+swin_t,
DTD,svm,42,6,full,random_092,0.8728351761800941,0.8739361702127659,7,5778,39.68953660899933,convnext_v2_t+deit_s+dinov2_large+eva02_base+glcm+resnet50+swin_t,
DTD,svm,42,6,full,random_093,0.8197503238921353,0.8212765957446808,7,8912,41.66896554699997,beitv2_base_final+convnext_v2_t+deit_s+drlbp+mae_base+resnet50+vgg16,
DTD,svm,42,6,full,random_094,0.8708920455009179,0.8723404255319149,7,5986,46.66484062600284,beitv2_base_final+dinov2_large+drlbp+efficientnet_b0+glcm+mae_base+resnet50,
DTD,svm,42,6,full,random_095,0.8703203337653896,0.8718085106382979,7,4322,36.17842030399697,dinov2+dinov2_large+dinov2_small+drlbp+efficientnet_b0+glcm+siglip_base,
DTD,svm,42,6,full,random_096,0.8209451361681311,0.8223404255319149,7,8036,57.03320389500004,beitv2_base_final+drlbp+efficientnet_b0+gabor+hog+resnet101+resnet50,
DTD,svm,42,6,full,random_097,0.8216756673696002,0.823936170212766,7,2706,43.59730848699837,drlbp+gabor+glcm+rgb_ngram_svd+siglip_base+swin_t+vit_b16,
DTD,svm,42,6,full,random_098,0.8180149623436128,0.8202127659574469,7,2614,38.031717808000394,densenet121+dinov2_small+drlbp+gabor+lbp+rgb_ngram_svd+vit_b16,
DTD,svm,42,6,full,random_099,0.8705072835504197,0.8718085106382979,7,5394,40.5849867500001,dinov2+dinov2_large+efficientnet_b0+eva02_base+glcm+mae_base+vit_b16,
DTD,svm,42,7,full,random_000,0.8150986138216727,0.8170212765957446,4,7396,28.26339623700187,convnext_v2_t+eva02_base+hog+vgg16,
DTD,svm,42,7,full,random_001,0.8064766124618844,0.8111702127659575,4,5814,18.71501548499873,dinov2_small+efficientnet_b0+lbp+vgg16,
DTD,svm,42,7,full,random_002,0.6933232477931476,0.6962765957446808,4,2842,49.23935074600013,hog+lbp+rgb_ngram_svd+vit_b16,
DTD,svm,42,7,full,random_003,0.8320248946644556,0.8351063829787234,4,1938,25.244849431997864,convnext_v2_t+dinov2_small+eva02_base+glcm,
DTD,svm,42,7,full,random_004,0.8299807603744068,0.8319148936170213,4,2640,36.224140689002525,dinov2+dinov2_large+drlbp+vit_b16,
DTD,svm,42,7,full,random_005,0.7925693620538266,0.7946808510638298,4,5650,17.753337631998875,beitv2_base_final+glcm+swin_t+vgg16,
DTD,svm,42,7,full,random_006,0.8137389466878862,0.8164893617021277,4,2358,34.32616534000044,dinov2+efficientnet_b0+lbp+rgb_ngram_svd,
DTD,svm,42,7,full,random_007,0.8460002376535314,0.847872340425532,4,1858,24.968976739997743,dinov2_large+eva02_base+gabor+glcm,
DTD,svm,42,7,full,random_008,0.7930252189478294,0.7946808510638298,4,2176,27.973001824000676,deit_s+eva02_base+mae_base+rgb_ngram_svd,
DTD,svm,42,7,full,random_009,0.8264323846500256,0.8292553191489361,4,2944,26.96212969199769,dinov2+drlbp+gabor+resnet50,
DTD,svm,42,7,full,random_010,0.8250824478467987,0.8281914893617022,4,3840,23.551269465999212,convnext_v2_t+densenet121+dinov2+efficientnet_b0,
DTD,svm,42,7,full,random_011,0.7959948912330675,0.7984042553191489,4,6992,19.745491890000267,beitv2_base_final+drlbp+resnet50+vgg16,
DTD,svm,42,7,full,random_012,0.8256809501986733,0.8281914893617022,4,3610,54.9824564369992,densenet121+dinov2+hog+lbp,
DTD,svm,42,7,full,random_013,0.8109276802460759,0.8132978723404255,4,4864,22.714970503002405,deit_s+dinov2_small+resnet101+resnet50,
DTD,svm,42,7,full,random_014,0.8312880786841854,0.8335106382978723,4,2944,50.675260385,beitv2_base_final+convnext_v2_t+deit_s+dinov2_large,
DTD,svm,42,7,full,random_015,0.8342351129947648,0.8367021276595744,4,2304,36.2303611310017,deit_s+dinov2_small+eva02_base+siglip_base,
DTD,svm,42,7,full,random_016,0.8143567828867574,0.8164893617021277,4,3632,37.69592216200181,convnext_v2_t+eva02_base+gabor+resnet50,
DTD,svm,42,7,full,random_017,0.7474682803276329,0.750531914893617,4,4628,32.50348987500183,gabor+hog+resnet101+swin_t,
DTD,svm,42,7,full,random_018,0.8295237354810865,0.8319148936170213,4,2614,39.406001268002,beitv2_base_final+convnext_v2_t+dinov2_large+lbp,
DTD,svm,42,7,full,random_019,0.7897581033103753,0.7936170212765957,4,2432,32.176543599998695,deit_s+densenet121+rgb_ngram_svd+siglip_base,
DTD,svm,42,7,full,random_020,0.8067264619621819,0.8095744680851064,4,3300,34.569003292999696,deit_s+dinov2_small+hog+swin_t,
DTD,svm,42,7,full,random_021,0.7954122471527637,0.799468085106383,4,2736,19.101594771000237,dinov2_small+gabor+resnet50+rgb_ngram_svd,
DTD,svm,42,7,full,random_022,0.8380769297217002,0.8404255319148937,4,4352,19.110847066000133,eva02_base+mae_base+resnet101+siglip_base,
DTD,svm,42,7,full,random_023,0.8314483151594351,0.8335106382978723,4,2934,30.591917459998513,dinov2+dinov2_small+glcm+hog,
DTD,svm,42,7,full,random_024,0.763097568425253,0.7654255319148936,4,3328,33.37351722600215,densenet121+mae_base+swin_t+vit_b16,
DTD,svm,42,7,full,random_025,0.7833682592253741,0.7861702127659574,4,1488,14.675243680998392,deit_s+drlbp+rgb_ngram_svd+siglip_base,
DTD,svm,42,7,full,random_026,0.693227510985123,0.6962765957446808,4,2836,36.13983226200071,gabor+hog+rgb_ngram_svd+swin_t,
DTD,svm,42,7,full,random_027,0.8343443501416979,0.8367021276595744,4,7396,25.227022556999145,eva02_base+hog+siglip_base+vgg16,
DTD,svm,42,7,full,random_028,0.822597166944236,0.825,4,2944,22.760525932000746,drlbp+gabor+resnet50+siglip_base,
DTD,svm,42,7,full,random_029,0.8266863395388496,0.8297872340425532,4,2834,35.90232188599839,convnext_v2_t+densenet121+dinov2_large+glcm,
DTD,svm,42,7,full,random_030,0.7593086350671737,0.7617021276595745,4,4660,26.577651030998823,drlbp+hog+resnet101+vit_b16,
DTD,svm,42,7,full,random_031,0.6451271907524864,0.6505319148936171,4,5168,18.526444430000993,gabor+mae_base+rgb_ngram_svd+vgg16,
DTD,svm,42,7,full,random_032,0.8112006066435592,0.8148936170212766,4,4580,29.60966108899811,efficientnet_b0+hog+siglip_base+swin_t,
DTD,svm,42,7,full,random_033,0.8327171044995544,0.8351063829787234,4,2000,29.45301704099984,deit_s+dinov2+drlbp+eva02_base,
DTD,svm,42,7,full,random_034,0.8187948015442128,0.8212765957446808,4,3684,53.716112303001864,convnext_v2_t+dinov2_small+hog+swin_t,
DTD,svm,42,7,full,random_035,0.8138786000885984,0.8164893617021277,4,3504,38.806440314998326,densenet121+dinov2_small+gabor+resnet50,
DTD,svm,42,7,full,random_036,0.8271685070032344,0.8292553191489361,4,3968,19.767571059001057,deit_s+eva02_base+resnet50+siglip_base,
DTD,svm,42,7,full,random_037,0.8211389540458416,0.824468085106383,4,4352,25.97564526000133,convnext_v2_t+mae_base+resnet101+siglip_base,
DTD,svm,42,7,full,random_038,0.8322307610163727,0.8351063829787234,4,2182,26.110652035000385,densenet121+dinov2_large+drlbp+lbp,
DTD,svm,42,7,full,random_039,0.7379955930250216,0.7414893617021276,4,4150,21.24224449099711,efficientnet_b0+lbp+mae_base+resnet101,
DTD,svm,42,7,full,random_040,0.8368811552417131,0.8393617021276596,4,3072,30.835110815998632,beitv2_base_final+convnext_v2_t+dinov2+siglip_base,
DTD,svm,42,7,full,random_041,0.8193667166287715,0.8218085106382979,4,2352,23.183840024998062,convnext_v2_t+eva02_base+gabor+swin_t,
DTD,svm,42,7,full,random_042,0.8384525274224678,0.8409574468085106,4,3504,25.26837465099743,dinov2_large+dinov2_small+gabor+resnet50,
DTD,svm,42,7,full,random_043,0.8302041469139919,0.8329787234042553,4,4836,23.370191409001563,dinov2_large+efficientnet_b0+hog+vit_b16,
DTD,svm,42,7,full,random_044,0.8342400734791197,0.8372340425531914,4,4432,24.125957579999522,dinov2_large+drlbp+efficientnet_b0+resnet50,
DTD,svm,42,7,full,random_045,0.8432147518030989,0.8452127659574468,4,3200,43.39533964500151,densenet121+dinov2+dinov2_large+dinov2_small,
DTD,svm,42,7,full,random_046,0.8514089357404202,0.8531914893617021,4,2944,28.027982179999526,beitv2_base_final+dinov2_large+dinov2_small+eva02_base,
DTD,svm,42,7,full,random_047,0.7389104241482951,0.7420212765957447,4,6576,16.335196044998156,deit_s+gabor+resnet101+vgg16,
DTD,svm,42,7,full,random_048,0.8091087499492167,0.8122340425531915,4,2834,35.58059148900065,efficientnet_b0+glcm+siglip_base+vit_b16,
DTD,svm,42,7,full,random_049,0.7465550197049162,0.7510638297872341,4,8210,16.373372976999235,glcm+resnet101+resnet50+vgg16,
DTD,svm,42,7,full,random_050,0.7469396282600546,0.750531914893617,4,7908,23.83228872199834,efficientnet_b0+hog+swin_t+vgg16,
DTD,svm,42,7,full,random_051,0.8441363383778971,0.8468085106382979,4,2944,37.024485313002515,deit_s+dinov2+dinov2_large+eva02_base,
DTD,svm,42,7,full,random_052,0.7768546228013273,0.7787234042553192,4,3968,20.624726934001956,convnext_v2_t+deit_s+resnet101+swin_t,
DTD,svm,42,7,full,random_053,0.839679644187255,0.8420212765957447,4,3968,14.439785443999426,dinov2_small+eva02_base+resnet50+siglip_base,
DTD,svm,42,7,full,random_054,0.8310210284294809,0.8329787234042553,4,6016,14.852192570000625,dinov2_small+eva02_base+swin_t+vgg16,
DTD,svm,42,7,full,random_055,0.8194571800002851,0.8223404255319149,4,2450,25.450780551997013,convnext_v2_t+dinov2_small+efficientnet_b0+glcm,
DTD,svm,42,7,full,random_056,0.8134855907048851,0.8170212765957446,4,6784,16.975818741000694,densenet121+dinov2_small+efficientnet_b0+vgg16,
DTD,svm,42,7,full,random_057,0.8289931310017172,0.8308510638297872,4,4068,27.273625953999726,beitv2_base_final+dinov2+hog+mae_base,
DTD,svm,42,7,full,random_058,0.7459044717340578,0.749468085106383,4,4432,24.44524498499959,densenet121+drlbp+efficientnet_b0+resnet101,
DTD,svm,42,7,full,random_059,0.8335691580030069,0.8367021276595744,4,3894,12.603189969999221,dinov2+dinov2_large+lbp+resnet50,
DTD,svm,42,7,full,random_060,0.8398969677630007,0.8420212765957447,4,2688,24.502150667001843,dinov2_small+eva02_base+siglip_base+swin_t,
DTD,svm,42,7,full,random_061,0.8371192638440623,0.8398936170212766,4,4352,16.55056153300029,dinov2+resnet50+siglip_base+swin_t,
DTD,svm,42,7,full,random_062,0.7277671973796239,0.7308510638297873,4,2882,23.27681362700241,gabor+glcm+mae_base+resnet50,
DTD,svm,42,7,full,random_063,0.8092474663696926,0.8106382978723404,4,3380,34.86775914699683,drlbp+eva02_base+hog+vit_b16,
DTD,svm,42,7,full,random_064,0.828155961266046,0.8303191489361702,4,3328,36.620508882999275,beitv2_base_final+densenet121+dinov2+swin_t,
DTD,svm,42,7,full,random_065,0.7566503288636302,0.7585106382978724,4,2578,25.50917911799843,densenet121+glcm+mae_base+vit_b16,
DTD,svm,42,7,full,random_066,0.8301998081452596,0.8324468085106383,4,2000,17.084000572998775,beitv2_base_final+dinov2+dinov2_small+drlbp,
DTD,svm,42,7,full,random_067,0.8313866290685054,0.8324468085106383,4,3328,42.72326908800096,beitv2_base_final+dinov2+dinov2_large+mae_base,
DTD,svm,42,7,full,random_068,0.8303856686654126,0.8324468085106383,4,7680,18.06673060400135,beitv2_base_final+resnet101+siglip_base+vgg16,
DTD,svm,42,7,full,random_069,0.8068897376437192,0.8090425531914893,4,950,9.094231369999761,drlbp+eva02_base+gabor+lbp,
DTD,svm,42,7,full,random_070,0.8006004061975497,0.8042553191489362,4,3812,23.496753479998006,dinov2_large+hog+mae_base+rgb_ngram_svd,
DTD,svm,42,7,full,random_071,0.690079920485454,0.6957446808510638,4,4936,19.75277664100213,glcm+lbp+mae_base+vgg16,
DTD,svm,42,7,full,random_072,0.7579617466637918,0.7611702127659574,4,2450,29.675235255999723,convnext_v2_t+deit_s+efficientnet_b0+glcm,
DTD,svm,42,7,full,random_073,0.8185004119926367,0.8202127659574469,4,6400,16.169677922996925,eva02_base+mae_base+swin_t+vgg16,
DTD,svm,42,7,full,random_074,0.8238442496611722,0.826063829787234,4,2640,27.065101608000987,densenet121+dinov2+drlbp+vit_b16,
DTD,svm,42,7,full,random_075,0.8366845306330127,0.8393617021276596,4,3200,30.73728744699838,beitv2_base_final+dinov2_small+efficientnet_b0+eva02_base,
DTD,svm,42,7,full,random_076,0.8402592528234457,0.8425531914893617,4,3200,27.28682230600316,deit_s+densenet121+dinov2_large+eva02_base,
DTD,svm,42,7,full,random_077,0.8061717792581453,0.8085106382978723,4,4114,14.5533657019987,efficientnet_b0+eva02_base+glcm+resnet101,
DTD,svm,42,7,full,random_078,0.8263762649802098,0.8292553191489361,4,2896,25.75802083599774,densenet121+dinov2_large+drlbp+swin_t,
DTD,svm,42,7,full,random_079,0.8214784028832433,0.824468085106383,4,2000,16.49688163200335,convnext_v2_t+deit_s+dinov2+drlbp,
DTD,svm,42,7,full,random_080,0.8245941298575068,0.8271276595744681,4,5888,16.02968021200286,dinov2_large+resnet101+resnet50+swin_t,
DTD,svm,42,7,full,random_081,0.8265367550291424,0.8292553191489361,4,3632,22.19642112800284,gabor+mae_base+resnet50+siglip_base,
DTD,svm,42,7,full,random_082,0.8283112403083797,0.8313829787234043,4,3584,30.430217516000994,convnext_v2_t+densenet121+dinov2_large+swin_t,
DTD,svm,42,7,full,random_083,0.83446092504147,0.8367021276595744,4,4224,12.757406127999275,dinov2_large+dinov2_small+resnet101+vit_b16,
DTD,svm,42,7,full,random_084,0.8276569598263193,0.8297872340425532,4,1602,13.987962792998587,beitv2_base_final+eva02_base+gabor+glcm,
DTD,svm,42,7,full,random_085,0.8272830981713588,0.8297872340425532,4,1602,14.846131951999268,beitv2_base_final+gabor+glcm+siglip_base,
DTD,svm,42,7,full,random_086,0.7316973405381108,0.7345744680851064,4,1634,15.471215010999003,drlbp+glcm+mae_base+swin_t,
DTD,svm,42,7,full,random_087,0.8393280829586718,0.8414893617021276,4,2224,17.402638430998195,dinov2_large+dinov2_small+gabor+swin_t,
DTD,svm,42,7,full,random_088,0.7319620383318394,0.7367021276595744,4,4352,16.49892608599839,efficientnet_b0+mae_base+resnet101+rgb_ngram_svd,
DTD,svm,42,7,full,random_089,0.8475447473589548,0.8494680851063829,4,4324,19.655560461000277,dinov2_large+eva02_base+hog+mae_base,
DTD,svm,42,7,full,random_090,0.8066041054782463,0.8101063829787234,4,6144,15.805115809998824,efficientnet_b0+eva02_base+resnet101+resnet50,
DTD,svm,42,7,full,random_091,0.8362310565749922,0.8393617021276596,4,2194,16.90900020099798,convnext_v2_t+dinov2_large+dinov2_small+glcm,
DTD,svm,42,7,full,random_092,0.8140203598932306,0.8170212765957446,4,3894,13.616925002999778,densenet121+lbp+resnet50+siglip_base,
DTD,svm,42,7,full,random_093,0.7634354893693782,0.7664893617021277,4,5888,11.461780415997055,convnext_v2_t+rgb_ngram_svd+vgg16+vit_b16,
DTD,svm,42,7,full,random_094,0.8093566181322103,0.8117021276595745,4,3940,15.613299036998797,densenet121+dinov2_small+hog+vit_b16,
DTD,svm,42,7,full,random_095,0.7841775599892383,0.7867021276595745,4,3172,28.505907468999794,deit_s+hog+rgb_ngram_svd+siglip_base,
DTD,svm,42,7,full,random_096,0.69918643324575,0.7021276595744681,4,2438,14.58112083100059,drlbp+lbp+resnet50+rgb_ngram_svd,
DTD,svm,42,7,full,random_097,0.8284763666435302,0.8313829787234043,4,6198,13.381230334001884,densenet121+dinov2_large+lbp+vgg16,
DTD,svm,42,7,full,random_098,0.7429889887567388,0.7457446808510638,4,7936,18.468230640999536,densenet121+mae_base+resnet50+vgg16,
DTD,svm,42,7,full,random_099,0.8038325583750022,0.8063829787234043,4,2944,23.84201752700028,deit_s+densenet121+eva02_base+mae_base,
DTD,svm,42,8,full,random_000,0.8614385181877839,0.8617021276595744,8,7066,31.728113332002977,convnext_v2_t+deit_s+densenet121+dinov2_large+efficientnet_b0+eva02_base+hog+lbp,
DTD,svm,42,8,full,random_001,0.8710055255754626,0.8723404255319149,8,5604,26.793862192000233,beitv2_base_final+dinov2_large+dinov2_small+drlbp+eva02_base+gabor+hog+mae_base,
DTD,svm,42,8,full,random_002,0.8409434109272891,0.8420212765957447,8,6006,28.51092198400147,beitv2_base_final+deit_s+dinov2+glcm+hog+mae_base+swin_t+vit_b16,
DTD,svm,42,8,full,random_003,0.8614767305305494,0.8627659574468085,8,7728,31.745639048000157,beitv2_base_final+convnext_v2_t+densenet121+dinov2_large+efficientnet_b0+gabor+resnet101+swin_t,
DTD,svm,42,8,full,random_004,0.8614769798467378,0.8617021276595744,8,8374,23.166061796000577,convnext_v2_t+dinov2_small+eva02_base+lbp+mae_base+siglip_base+vgg16+vit_b16,
DTD,svm,42,8,full,random_005,0.8126148692702457,0.8138297872340425,8,5632,23.907468160999997,deit_s+drlbp+efficientnet_b0+gabor+resnet101+rgb_ngram_svd+siglip_base+vit_b16,
DTD,svm,42,8,full,random_006,0.8337749705234938,0.8345744680851064,8,4836,25.136060519998864,deit_s+drlbp+eva02_base+gabor+hog+rgb_ngram_svd+siglip_base+vit_b16,
DTD,svm,42,8,full,random_007,0.8653225781539972,0.8659574468085106,8,10166,26.690875774998858,densenet121+dinov2+dinov2_large+dinov2_small+lbp+resnet50+siglip_base+vgg16,
DTD,svm,42,8,full,random_008,0.8602537266447545,0.8611702127659574,8,5686,27.832214350000868,beitv2_base_final+convnext_v2_t+densenet121+dinov2+efficientnet_b0+eva02_base+lbp+rgb_ngram_svd,
DTD,svm,42,8,full,random_009,0.8637293446506442,0.8643617021276596,8,6912,32.167341369000496,beitv2_base_final+convnext_v2_t+densenet121+dinov2+efficientnet_b0+eva02_base+siglip_base+vit_b16,
DTD,svm,42,8,full,random_010,0.8557635189547226,0.8563829787234043,8,6466,35.21134078799878,convnext_v2_t+densenet121+dinov2_large+gabor+glcm+mae_base+resnet101+vit_b16,
DTD,svm,42,8,full,random_011,0.8525683564962554,0.8531914893617021,8,9370,36.92560100499759,beitv2_base_final+convnext_v2_t+dinov2_small+hog+lbp+siglip_base+swin_t+vgg16,
DTD,svm,42,8,full,random_012,0.8550442903445213,0.8563829787234043,8,4528,27.679356051998184,beitv2_base_final+deit_s+dinov2+eva02_base+gabor+mae_base+rgb_ngram_svd+vit_b16,
DTD,svm,42,8,full,random_013,0.8634068356549367,0.8643617021276596,8,7778,28.572201604998554,beitv2_base_final+convnext_v2_t+dinov2_large+drlbp+eva02_base+glcm+rgb_ngram_svd+vgg16,
DTD,svm,42,8,full,random_014,0.8528467786403983,0.8542553191489362,8,6162,29.994254789002298,beitv2_base_final+deit_s+densenet121+dinov2_small+eva02_base+glcm+resnet50+swin_t,
DTD,svm,42,8,full,random_015,0.8517420924266929,0.8521276595744681,8,8858,41.908694785997795,densenet121+dinov2_small+eva02_base+hog+lbp+resnet101+resnet50+siglip_base,
DTD,svm,42,8,full,random_016,0.8588873495910886,0.8601063829787234,8,3992,26.72610560300018,beitv2_base_final+dinov2+drlbp+eva02_base+glcm+lbp+swin_t+vit_b16,
DTD,svm,42,8,full,random_017,0.8221506536216797,0.8228723404255319,8,7430,23.549924724000448,densenet121+dinov2_small+drlbp+lbp+rgb_ngram_svd+swin_t+vgg16+vit_b16,
DTD,svm,42,8,full,random_018,0.8617160682098558,0.8627659574468085,8,5222,27.904673414999706,convnext_v2_t+densenet121+dinov2_large+gabor+lbp+siglip_base+swin_t+vit_b16,
DTD,svm,42,8,full,random_019,0.8678418313232641,0.8686170212765958,8,7936,24.48062215400205,convnext_v2_t+dinov2_large+dinov2_small+drlbp+eva02_base+gabor+vgg16+vit_b16,
DTD,svm,42,8,full,random_020,0.8349239369956677,0.8361702127659575,8,9546,34.58605802300008,dinov2+efficientnet_b0+gabor+hog+lbp+swin_t+vgg16+vit_b16,
DTD,svm,42,8,full,random_021,0.821561408713876,0.8223404255319149,8,12132,38.86737152099886,convnext_v2_t+densenet121+dinov2_small+efficientnet_b0+hog+resnet50+swin_t+vgg16,
DTD,svm,42,8,full,random_022,0.8278652551208138,0.8281914893617022,8,7760,26.913811566999357,deit_s+densenet121+dinov2_small+drlbp+mae_base+rgb_ngram_svd+vgg16+vit_b16,
DTD,svm,42,8,full,random_023,0.8699222169269264,0.8712765957446809,8,7478,34.83964544899936,beitv2_base_final+dinov2+dinov2_large+efficientnet_b0+eva02_base+lbp+resnet50+swin_t,
DTD,svm,42,8,full,random_024,0.8484648863018674,0.8494680851063829,8,6938,34.365374757999234,deit_s+dinov2+dinov2_small+hog+lbp+resnet50+swin_t+vit_b16,
DTD,svm,42,8,full,random_025,0.8482041267844632,0.8494680851063829,8,6836,31.679016016998503,dinov2+dinov2_small+drlbp+hog+resnet101+rgb_ngram_svd+siglip_base+swin_t,
DTD,svm,42,8,full,random_026,0.8600404939239694,0.8611702127659574,8,6546,32.21234818499943,beitv2_base_final+deit_s+densenet121+dinov2+glcm+mae_base+resnet101+siglip_base,
DTD,svm,42,8,full,random_027,0.8388271027031511,0.8398936170212766,8,5350,21.015398330997414,convnext_v2_t+deit_s+densenet121+dinov2+gabor+lbp+resnet50+rgb_ngram_svd,
DTD,svm,42,8,full,random_028,0.8667462759237745,0.8680851063829788,8,5448,25.99752840200017,dinov2+dinov2_large+efficientnet_b0+eva02_base+glcm+lbp+siglip_base+swin_t,
DTD,svm,42,8,full,random_029,0.8575537061651446,0.8585106382978723,8,8210,29.755054649998783,beitv2_base_final+densenet121+eva02_base+glcm+mae_base+resnet101+resnet50+siglip_base,
DTD,svm,42,8,full,random_030,0.8466618669165467,0.8473404255319149,8,9296,26.57040792800035,convnext_v2_t+deit_s+dinov2_small+drlbp+resnet101+siglip_base+vgg16+vit_b16,
DTD,svm,42,8,full,random_031,0.8674392797057886,0.8680851063829788,8,9264,36.95915157199852,convnext_v2_t+densenet121+dinov2+dinov2_large+eva02_base+gabor+mae_base+vgg16,
DTD,svm,42,8,full,random_032,0.8527495018946152,0.8531914893617021,8,7908,38.261998891000985,dinov2+eva02_base+hog+mae_base+resnet101+rgb_ngram_svd+siglip_base+swin_t,
DTD,svm,42,8,full,random_033,0.8605214617016752,0.8611702127659574,8,4918,23.25929189100134,dinov2+dinov2_small+drlbp+eva02_base+gabor+lbp+resnet50+vit_b16,
DTD,svm,42,8,full,random_034,0.8564032052852589,0.8574468085106383,8,8730,45.35832466899956,beitv2_base_final+densenet121+dinov2_large+efficientnet_b0+hog+lbp+resnet101+swin_t,
DTD,svm,42,8,full,random_035,0.8374438816652544,0.8388297872340426,8,7140,41.034037943998555,beitv2_base_final+deit_s+densenet121+dinov2_small+efficientnet_b0+hog+mae_base+vit_b16,
DTD,svm,42,8,full,random_036,0.8272515357358141,0.8281914893617022,8,8374,29.87674149400118,convnext_v2_t+deit_s+efficientnet_b0+eva02_base+lbp+rgb_ngram_svd+swin_t+vgg16,
DTD,svm,42,8,full,random_037,0.8433860059951968,0.8441489361702128,8,5510,27.301277078000567,dinov2+drlbp+lbp+mae_base+resnet50+rgb_ngram_svd+siglip_base+vit_b16,
DTD,svm,42,8,full,random_038,0.8640473331175543,0.8648936170212767,8,6728,31.779152052000427,beitv2_base_final+convnext_v2_t+dinov2_large+efficientnet_b0+glcm+lbp+resnet101+siglip_base,
DTD,svm,42,8,full,random_039,0.847502853794919,0.8489361702127659,8,7504,21.05762327499906,deit_s+dinov2+dinov2_small+drlbp+mae_base+rgb_ngram_svd+siglip_base+vgg16,
DTD,svm,42,8,full,random_040,0.8582805101955968,0.8585106382978723,8,9882,34.617077629998676,beitv2_base_final+dinov2_small+efficientnet_b0+eva02_base+hog+lbp+mae_base+vgg16,
DTD,svm,42,8,full,random_041,0.8529415344260962,0.8531914893617021,8,10192,31.24528592199931,dinov2_small+drlbp+efficientnet_b0+eva02_base+resnet101+siglip_base+vgg16+vit_b16,
DTD,svm,42,8,full,random_042,0.8367786460883255,0.8372340425531914,8,7238,36.173419963000924,convnext_v2_t+densenet121+drlbp+eva02_base+glcm+hog+mae_base+resnet101,
DTD,svm,42,8,full,random_043,0.8162260555015747,0.8170212765957446,8,8358,27.47517073400013,densenet121+dinov2_small+gabor+glcm+hog+rgb_ngram_svd+vgg16+vit_b16,
DTD,svm,42,8,full,random_044,0.8639759869363292,0.8648936170212767,8,5760,26.527930267002375,densenet121+dinov2+dinov2_large+dinov2_small+eva02_base+mae_base+rgb_ngram_svd+vit_b16,
DTD,svm,42,8,full,random_045,0.8509186182658247,0.8515957446808511,8,6448,28.379774723998707,deit_s+dinov2_small+efficientnet_b0+eva02_base+gabor+mae_base+resnet50+siglip_base,
DTD,svm,42,8,full,random_046,0.840262216342776,0.8409574468085106,8,6400,31.0190855869987,convnext_v2_t+deit_s+densenet121+dinov2_small+resnet101+rgb_ngram_svd+siglip_base+swin_t,
DTD,svm,42,8,full,random_047,0.8380602993302215,0.8388297872340426,8,7322,38.98945744800221,beitv2_base_final+deit_s+hog+lbp+mae_base+resnet50+siglip_base+vit_b16,
DTD,svm,42,8,full,random_048,0.8123229365582318,0.8138297872340425,8,4634,32.32996524800183,beitv2_base_final+convnext_v2_t+deit_s+drlbp+gabor+hog+lbp+vit_b16,
DTD,svm,42,8,full,random_049,0.8386248125677871,0.8393617021276596,8,6598,37.020770387000084,beitv2_base_final+dinov2_small+drlbp+glcm+hog+mae_base+resnet101+vit_b16,
DTD,svm,42,8,full,random_050,0.831946061909416,0.8329787234042553,8,6838,35.077358954000374,convnext_v2_t+deit_s+efficientnet_b0+eva02_base+lbp+resnet101+swin_t+vit_b16,
DTD,svm,42,8,full,random_051,0.8629563648644835,0.8638297872340426,8,4614,28.361064560998784,deit_s+dinov2_large+drlbp+eva02_base+lbp+mae_base+siglip_base+vit_b16,
DTD,svm,42,8,full,random_052,0.8725100694437917,0.872872340425532,8,11620,40.02890779899826,dinov2+dinov2_large+dinov2_small+eva02_base+hog+resnet50+siglip_base+vgg16,
DTD,svm,42,8,full,random_053,0.857619634764393,0.8585106382978723,8,5218,31.37603680400207,convnext_v2_t+densenet121+dinov2_large+drlbp+glcm+mae_base+swin_t+vit_b16,
DTD,svm,42,8,full,random_054,0.8478072630355368,0.8489361702127659,8,6676,39.76140317300087,beitv2_base_final+convnext_v2_t+densenet121+dinov2+gabor+hog+mae_base+swin_t,
DTD,svm,42,8,full,random_055,0.848802290794782,0.8489361702127659,8,5712,26.81919317899883,convnext_v2_t+densenet121+drlbp+eva02_base+mae_base+siglip_base+swin_t+vit_b16,
DTD,svm,42,8,full,random_056,0.8532407830138776,0.8537234042553191,8,4760,18.81256028200005,dinov2+drlbp+eva02_base+glcm+lbp+resnet101+rgb_ngram_svd+vit_b16,
DTD,svm,42,8,full,random_057,0.855425163950526,0.8569148936170212,8,10678,29.04825375300061,beitv2_base_final+deit_s+densenet121+dinov2_large+efficientnet_b0+lbp+resnet50+vgg16,
DTD,svm,42,8,full,random_058,0.8095649951717702,0.8106382978723404,8,9874,27.4684242680014,beitv2_base_final+deit_s+densenet121+efficientnet_b0+glcm+resnet101+rgb_ngram_svd+vgg16,
DTD,svm,42,8,full,random_059,0.8626038543026886,0.8638297872340426,8,9216,30.080116296001506,deit_s+densenet121+dinov2_large+dinov2_small+eva02_base+mae_base+vgg16+vit_b16,
DTD,svm,42,8,full,random_060,0.8572205460734508,0.8579787234042553,8,4088,26.684661270002834,beitv2_base_final+dinov2_small+efficientnet_b0+eva02_base+gabor+glcm+lbp+mae_base,
DTD,svm,42,8,full,random_061,0.8432949945938939,0.8441489361702128,8,8244,43.464641802002006,beitv2_base_final+convnext_v2_t+drlbp+efficientnet_b0+eva02_base+hog+mae_base+resnet50,
DTD,svm,42,8,full,random_062,0.8636325948110116,0.8643617021276596,8,8448,37.578640119998454,densenet121+dinov2+dinov2_large+efficientnet_b0+resnet50+siglip_base+swin_t+vit_b16,
DTD,svm,42,8,full,random_063,0.8471997322361385,0.847872340425532,8,8752,40.6158832000001,densenet121+dinov2_large+gabor+mae_base+rgb_ngram_svd+swin_t+vgg16+vit_b16,
DTD,svm,42,8,full,random_064,0.8533327325223937,0.8537234042553191,8,7888,41.32097739399978,beitv2_base_final+densenet121+dinov2_small+drlbp+resnet101+resnet50+siglip_base+vit_b16,
DTD,svm,42,8,full,random_065,0.8140625488166763,0.8148936170212766,8,10832,54.506882869001856,densenet121+drlbp+efficientnet_b0+mae_base+resnet50+siglip_base+swin_t+vgg16,
DTD,svm,42,8,full,random_066,0.8425584445759644,0.8425531914893617,8,6608,40.906629896002414,convnext_v2_t+densenet121+dinov2_small+drlbp+resnet101+siglip_base+swin_t+vit_b16,
DTD,svm,42,8,full,random_067,0.8366769053038952,0.8372340425531914,8,7046,37.80147357600072,beitv2_base_final+densenet121+drlbp+eva02_base+lbp+resnet101+resnet50+rgb_ngram_svd,
DTD,svm,42,8,full,random_068,0.8269989919125769,0.8271276595744681,8,3730,51.6882186920011,convnext_v2_t+densenet121+drlbp+eva02_base+gabor+glcm+mae_base+rgb_ngram_svd,
DTD,svm,42,8,full,random_069,0.841402870643678,0.8420212765957447,8,7524,34.925893948999146,beitv2_base_final+convnext_v2_t+dinov2_small+hog+mae_base+resnet101+rgb_ngram_svd+vit_b16,
DTD,svm,42,8,full,random_070,0.8185688664297507,0.8186170212765957,8,5750,40.301185255000746,deit_s+densenet121+glcm+hog+mae_base+rgb_ngram_svd+siglip_base+vit_b16,
DTD,svm,42,8,full,random_071,0.8447190977693655,0.8452127659574468,8,5954,27.217753371998697,beitv2_base_final+convnext_v2_t+eva02_base+gabor+glcm+mae_base+resnet50+swin_t,
DTD,svm,42,8,full,random_072,0.866750173273971,0.8675531914893617,8,7524,31.569127877002757,beitv2_base_final+convnext_v2_t+densenet121+dinov2+dinov2_small+efficientnet_b0+eva02_base+hog,
DTD,svm,42,8,full,random_073,0.8409819894624657,0.8414893617021276,8,7572,36.45183028700194,convnext_v2_t+deit_s+densenet121+eva02_base+gabor+hog+resnet101+vit_b16,
DTD,svm,42,8,full,random_074,0.8290730948689792,0.8297872340425532,8,8036,36.75933302499834,dinov2_small+efficientnet_b0+hog+resnet50+rgb_ngram_svd+siglip_base+swin_t+vit_b16,
DTD,svm,42,8,full,random_075,0.8545178087385564,0.8558510638297873,8,8886,33.993788796000445,dinov2+dinov2_large+drlbp+gabor+lbp+resnet50+swin_t+vgg16,
DTD,svm,42,8,full,random_076,0.8623976164177444,0.8627659574468085,8,8212,47.54941062999933,densenet121+dinov2_large+eva02_base+gabor+hog+mae_base+resnet50+siglip_base,
DTD,svm,42,8,full,random_077,0.8417822424439968,0.8430851063829787,8,6728,41.18641262299934,beitv2_base_final+densenet121+efficientnet_b0+glcm+lbp+mae_base+resnet50+siglip_base,
DTD,svm,42,8,full,random_078,0.8466961594704341,0.847872340425532,8,7552,36.70205266599805,deit_s+dinov2+efficientnet_b0+mae_base+resnet101+siglip_base+swin_t+vit_b16,
DTD,svm,42,8,full,random_079,0.8310247733938204,0.8313829787234043,8,4842,32.039691150999715,beitv2_base_final+deit_s+drlbp+eva02_base+hog+lbp+rgb_ngram_svd+swin_t,
DTD,svm,42,8,full,random_080,0.8727252770303345,0.874468085106383,8,4998,31.560767054997996,beitv2_base_final+dinov2_large+drlbp+eva02_base+lbp+mae_base+siglip_base+swin_t,
DTD,svm,42,8,full,random_081,0.8650147449996317,0.8659574468085106,8,8466,28.69297023099716,beitv2_base_final+convnext_v2_t+dinov2+dinov2_large+glcm+rgb_ngram_svd+siglip_base+vgg16,
DTD,svm,42,8,full,random_082,0.829069013255203,0.8297872340425532,8,5706,33.44466020800246,convnext_v2_t+gabor+hog+lbp+mae_base+siglip_base+swin_t+vit_b16,
DTD,svm,42,8,full,random_083,0.8590168460644133,0.8590425531914894,8,7936,33.048616959000356,densenet121+dinov2+dinov2_large+efficientnet_b0+resnet101+rgb_ngram_svd+siglip_base+vit_b16,
DTD,svm,42,8,full,random_084,0.8458135791871888,0.8468085106382979,8,8420,35.49690380600077,beitv2_base_final+efficientnet_b0+eva02_base+hog+resnet101+rgb_ngram_svd+siglip_base+swin_t,
DTD,svm,42,8,full,random_085,0.8539700725428828,0.8553191489361702,8,6784,32.92081894600051,beitv2_base_final+deit_s+dinov2+dinov2_large+mae_base+resnet101+rgb_ngram_svd+swin_t,
DTD,svm,42,8,full,random_086,0.8661856097935015,0.8675531914893617,8,4278,27.39061000199945,convnext_v2_t+dinov2+dinov2_large+drlbp+gabor+lbp+siglip_base+swin_t,
DTD,svm,42,8,full,random_087,0.8464657651994053,0.8473404255319149,8,6036,48.21725099000105,beitv2_base_final+deit_s+eva02_base+gabor+hog+mae_base+siglip_base+swin_t,
DTD,svm,42,8,full,random_088,0.8572531025168969,0.8579787234042553,8,4230,29.780105694000667,beitv2_base_final+convnext_v2_t+deit_s+densenet121+dinov2_small+drlbp+eva02_base+lbp,
DTD,svm,42,8,full,random_089,0.8621888244380677,0.8632978723404255,8,9856,39.39283028099817,densenet121+dinov2+dinov2_large+drlbp+gabor+resnet101+vgg16+vit_b16,
DTD,svm,42,8,full,random_090,0.859379020530119,0.8601063829787234,8,10212,45.67220666299909,dinov2_large+dinov2_small+drlbp+gabor+hog+mae_base+resnet101+vgg16,
DTD,svm,42,8,full,random_091,0.8613561869918824,0.8622340425531915,8,7828,46.485225716998684,deit_s+densenet121+dinov2_large+gabor+hog+resnet101+siglip_base+vit_b16,
DTD,svm,42,8,full,random_092,0.8536119077011622,0.8547872340425532,8,8240,29.88628338899798,beitv2_base_final+dinov2+gabor+mae_base+rgb_ngram_svd+siglip_base+swin_t+vgg16,
DTD,svm,42,8,full,random_093,0.8619852555512989,0.8627659574468085,8,11766,44.84885552000196,dinov2_large+efficientnet_b0+glcm+hog+resnet50+siglip_base+vgg16+vit_b16,
DTD,svm,42,8,full,random_094,0.8439049343200595,0.8441489361702128,8,5986,29.347381170999142,drlbp+eva02_base+glcm+mae_base+resnet101+siglip_base+swin_t+vit_b16,
DTD,svm,42,8,full,random_095,0.809250980541574,0.8106382978723404,8,5990,28.43713265599945,beitv2_base_final+efficientnet_b0+gabor+lbp+mae_base+resnet101+rgb_ngram_svd+swin_t,
DTD,svm,42,8,full,random_096,0.8520509037321956,0.8531914893617021,8,4198,22.950033290002466,convnext_v2_t+dinov2+eva02_base+gabor+lbp+mae_base+rgb_ngram_svd+swin_t,
DTD,svm,42,8,full,random_097,0.8573066396299677,0.8585106382978723,8,6338,29.56937874400319,deit_s+dinov2_large+efficientnet_b0+eva02_base+gabor+glcm+resnet101+swin_t,
DTD,svm,42,8,full,random_098,0.8465667851179378,0.8468085106382979,8,9754,39.31986852800037,eva02_base+hog+lbp+mae_base+siglip_base+swin_t+vgg16+vit_b16,
DTD,svm,42,8,full,random_099,0.865560650598238,0.8664893617021276,8,9242,41.01512399300191,deit_s+dinov2+dinov2_large+dinov2_small+eva02_base+hog+lbp+vgg16,
DTD,svm,42,9,full,random_000,0.8121989471342946,0.8143617021276596,4,2560,24.456151892998605,beitv2_base_final+rgb_ngram_svd+siglip_base+vit_b16,
DTD,svm,42,9,full,random_001,0.7863029657484604,0.7888297872340425,4,2066,17.52707181599908,beitv2_base_final+densenet121+glcm+rgb_ngram_svd,
DTD,svm,42,9,full,random_002,0.8335581146915614,0.8367021276595744,4,3072,28.41964825299874,beitv2_base_final+convnext_v2_t+siglip_base+vit_b16,
DTD,svm,42,9,full,random_003,0.7368095248220203,0.7398936170212767,4,6576,11.416351407002367,deit_s+gabor+resnet50+vgg16,
DTD,svm,42,9,full,random_004,0.8347358160184729,0.8377659574468085,4,6400,11.958672627999476,beitv2_base_final+eva02_base+vgg16+vit_b16,
DTD,svm,42,9,full,random_005,0.7940159914311584,0.7957446808510639,4,3072,26.58824403000108,convnext_v2_t+mae_base+swin_t+vit_b16,
DTD,svm,42,9,full,random_006,0.812699611768131,0.8154255319148936,4,3300,27.833997982001165,deit_s+dinov2_small+hog+vit_b16,
DTD,svm,42,9,full,random_007,0.750567131669119,0.7526595744680851,4,6628,24.342393721999542,hog+mae_base+resnet101+resnet50,
DTD,svm,42,9,full,random_008,0.836421127268591,0.8388297872340426,4,3376,20.362249152000004,dinov2_large+gabor+resnet50+rgb_ngram_svd,
DTD,svm,42,9,full,random_009,0.8023124331716962,0.8042553191489362,4,3840,15.609794399999373,beitv2_base_final+densenet121+efficientnet_b0+vit_b16,
DTD,svm,42,9,full,random_010,0.8271894563897876,0.8303191489361702,4,2384,19.618252786000085,dinov2+drlbp+mae_base+vit_b16,
DTD,svm,42,9,full,random_011,0.8534080332841048,0.8563829787234043,4,2608,20.71036204200209,dinov2_large+gabor+siglip_base+swin_t,
DTD,svm,42,9,full,random_012,0.7295638755893827,0.7319148936170212,4,2964,24.07072747699931,deit_s+gabor+hog+vit_b16,
DTD,svm,42,9,full,random_013,0.8567887655858185,0.8601063829787234,4,4864,14.838532535999548,densenet121+dinov2_large+eva02_base+resnet101,
DTD,svm,42,9,full,random_014,0.7494058533797808,0.752127659574468,4,4966,9.638877885998227,gabor+lbp+vgg16+vit_b16,
DTD,svm,42,9,full,random_015,0.8305226360269926,0.8324468085106383,4,1462,11.277014204999432,dinov2_small+eva02_base+lbp+rgb_ngram_svd,
DTD,svm,42,9,full,random_016,0.8309714340884464,0.8345744680851064,4,3152,16.088167568002973,dinov2+drlbp+resnet50+rgb_ngram_svd,
DTD,svm,42,9,full,random_017,0.8319138823202984,0.8345744680851064,4,3584,30.743493748002948,convnext_v2_t+efficientnet_b0+eva02_base+swin_t,
DTD,svm,42,9,full,random_018,0.7736735393867044,0.776595744680851,4,3894,13.97899246200177,densenet121+lbp+resnet101+vit_b16,
DTD,svm,42,9,full,random_019,0.8312921880735582,0.8351063829787234,4,1616,12.112008956999489,deit_s+dinov2_small+drlbp+siglip_base,
DTD,svm,42,9,full,random_020,0.8087134977865937,0.8117021276595745,4,834,6.759649735999119,deit_s+dinov2_small+gabor+glcm,
DTD,svm,42,9,full,random_021,0.8191350577556372,0.8218085106382979,4,2944,24.719464929003152,deit_s+densenet121+siglip_base+vit_b16,
DTD,svm,42,9,full,random_022,0.7349289355428239,0.7382978723404255,4,4214,18.98212672399677,deit_s+glcm+hog+resnet101,
DTD,svm,42,9,full,random_023,0.7913729842999376,0.7941489361702128,4,1872,15.793151609999768,beitv2_base_final+drlbp+rgb_ngram_svd+swin_t,
DTD,svm,42,9,full,random_024,0.8218703247869912,0.825,4,3940,18.13955375200021,deit_s+densenet121+hog+siglip_base,
DTD,svm,42,9,full,random_025,0.846171590900331,0.8473404255319149,4,5906,11.663768018002884,beitv2_base_final+dinov2_large+glcm+vgg16,
DTD,svm,42,9,full,random_026,0.7492085688280204,0.752127659574468,4,3574,36.56111934799992,densenet121+glcm+hog+vit_b16,
DTD,svm,42,9,full,random_027,0.8413907437018282,0.8441489361702128,4,8448,22.56613047999781,dinov2_large+efficientnet_b0+resnet101+vgg16,
DTD,svm,42,9,full,random_028,0.8443758643046086,0.8468085106382979,4,2688,29.9493096590013,convnext_v2_t+dinov2+dinov2_small+swin_t,
DTD,svm,42,9,full,random_029,0.8476181229211669,0.851063829787234,4,2384,26.130798644000606,dinov2+drlbp+mae_base+siglip_base,
DTD,svm,42,9,full,random_030,0.8141818313726545,0.8170212765957446,4,4964,21.906233418998454,deit_s+eva02_base+hog+resnet50,
DTD,svm,42,9,full,random_031,0.8398649495498292,0.8425531914893617,4,6966,16.499412821001897,dinov2+lbp+resnet101+vgg16,
DTD,svm,42,9,full,random_032,0.7846114657807034,0.7877659574468086,4,6966,16.504879628999333,lbp+resnet50+vgg16+vit_b16,
DTD,svm,42,9,full,random_033,0.8266627225254127,0.8292553191489361,4,1250,13.364207392001845,beitv2_base_final+dinov2_small+drlbp+glcm,
DTD,svm,42,9,full,random_034,0.8448540624171004,0.847872340425532,4,3200,35.40923056400061,beitv2_base_final+dinov2+dinov2_small+efficientnet_b0,
DTD,svm,42,9,full,random_035,0.7347026792655664,0.7382978723404255,4,2666,27.636171748999914,drlbp+hog+lbp+swin_t,
DTD,svm,42,9,full,random_036,0.8016243124501532,0.8037234042553192,4,1840,16.895881396998448,eva02_base+gabor+rgb_ngram_svd+vit_b16,
DTD,svm,42,9,full,random_037,0.8363420285064439,0.8393617021276596,4,3840,14.84021162299905,densenet121+dinov2+efficientnet_b0+vit_b16,
DTD,svm,42,9,full,random_038,0.8234251925669602,0.826063829787234,4,5266,9.621417327998643,dinov2_small+glcm+vgg16+vit_b16,
DTD,svm,42,9,full,random_039,0.8152948546707119,0.8186170212765957,4,2000,16.800539183001092,deit_s+drlbp+siglip_base+vit_b16,
DTD,svm,42,9,full,random_040,0.7890612559007862,0.7909574468085107,4,4864,20.249753333002445,convnext_v2_t+efficientnet_b0+mae_base+resnet101,
DTD,svm,42,9,full,random_041,0.7583166316533616,0.7606382978723404,4,2630,24.50416794099874,convnext_v2_t+drlbp+glcm+hog,
DTD,svm,42,9,full,random_042,0.825568973686325,0.8281914893617022,4,4150,15.206824846998643,efficientnet_b0+lbp+resnet101+siglip_base,
DTD,svm,42,9,full,random_043,0.8460460452108178,0.848404255319149,4,2578,26.14270287799809,beitv2_base_final+dinov2+dinov2_large+glcm,
DTD,svm,42,9,full,random_044,0.8536815872293899,0.8563829787234043,4,3636,31.456332847999875,dinov2_large+drlbp+eva02_base+hog,
DTD,svm,42,9,full,random_045,0.8352721623394714,0.8382978723404255,4,2322,23.629921885996737,dinov2+glcm+mae_base+swin_t,
DTD,svm,42,9,full,random_046,0.797362802175942,0.800531914893617,4,3602,27.66507246299807,beitv2_base_final+glcm+mae_base+resnet50,
DTD,svm,42,9,full,random_047,0.7678300299272465,0.7702127659574468,4,4918,15.385692869997001,lbp+resnet101+resnet50+swin_t,
DTD,svm,42,9,full,random_048,0.8278491794290287,0.8308510638297872,4,2634,27.638571153001976,gabor+hog+lbp+siglip_base,
DTD,svm,42,9,full,random_049,0.83421316548241,0.8367021276595744,4,7680,17.14167683800042,dinov2+resnet101+swin_t+vgg16,
DTD,svm,42,9,full,random_050,0.8378636595171602,0.8414893617021276,4,2608,22.675232287001563,densenet121+dinov2+gabor+swin_t,
DTD,svm,42,9,full,random_051,0.7844129361477564,0.7867021276595745,4,3328,28.589748110000073,convnext_v2_t+densenet121+mae_base+swin_t,
DTD,svm,42,9,full,random_052,0.8477078017677303,0.851063829787234,4,3602,21.000317505000567,dinov2+glcm+mae_base+resnet50,
DTD,svm,42,9,full,random_053,0.8357382765498069,0.8393617021276596,4,4836,19.674991947002127,densenet121+dinov2+efficientnet_b0+hog,
DTD,svm,42,9,full,random_054,0.6894077879361551,0.6936170212765957,4,2922,35.875514472998475,densenet121+drlbp+hog+lbp,
DTD,svm,42,9,full,random_055,0.8428183557345171,0.8457446808510638,4,3968,13.990163450998807,dinov2_small+resnet50+siglip_base+swin_t,
DTD,svm,42,9,full,random_056,0.8489800351454828,0.8515957446808511,4,3968,12.031391248001455,beitv2_base_final+dinov2+dinov2_small+resnet50,
DTD,svm,42,9,full,random_057,0.8311179979672361,0.8345744680851064,4,3940,20.24511332199836,deit_s+densenet121+dinov2+hog,
DTD,svm,42,9,full,random_058,0.7401078887517952,0.7430851063829788,4,3318,35.81757239899889,glcm+hog+mae_base+swin_t,
DTD,svm,42,9,full,random_059,0.7183938629092799,0.7207446808510638,4,3476,35.5851013979991,deit_s+efficientnet_b0+gabor+hog,
DTD,svm,42,9,full,random_060,0.8417067300323541,0.8441489361702128,4,7680,16.57278543099892,beitv2_base_final+dinov2+resnet101+vgg16,
DTD,svm,42,9,full,random_061,0.8359516211551564,0.8382978723404255,4,2450,24.087949738001043,deit_s+densenet121+dinov2_large+glcm,
DTD,svm,42,9,full,random_062,0.8491541785102779,0.8521276595744681,4,2688,25.94915212900014,deit_s+dinov2+siglip_base+vit_b16,
DTD,svm,42,9,full,random_063,0.8343174626687871,0.8372340425531914,4,2194,20.644000885000423,densenet121+dinov2_small+glcm+siglip_base,
DTD,svm,42,9,full,random_064,0.828737533961435,0.8324468085106383,4,6992,16.58974850300001,drlbp+resnet101+siglip_base+vgg16,
DTD,svm,42,9,full,random_065,0.855532942233097,0.8579787234042553,4,1920,18.42645963099858,dinov2_large+drlbp+eva02_base+gabor,
DTD,svm,42,9,full,random_066,0.8366288974344145,0.8393617021276596,4,2834,23.99232459199993,beitv2_base_final+efficientnet_b0+eva02_base+glcm,
DTD,svm,42,9,full,random_067,0.8269055561283928,0.8308510638297872,4,888,7.602376891998574,dinov2+gabor+glcm+lbp,
DTD,svm,42,9,full,random_068,0.8255236571888386,0.8276595744680851,4,4224,14.380386832999648,convnext_v2_t+densenet121+dinov2_small+resnet101,
DTD,svm,42,9,full,random_069,0.8439828015909316,0.8462765957446808,4,5712,11.702819037000154,drlbp+eva02_base+siglip_base+vgg16,
DTD,svm,42,9,full,random_070,0.8243107865493768,0.8265957446808511,4,4114,15.918749776999903,efficientnet_b0+eva02_base+glcm+resnet101,
DTD,svm,42,9,full,random_071,0.7957435527784815,0.7984042553191489,4,3892,18.69173690900061,beitv2_base_final+drlbp+efficientnet_b0+hog,
DTD,svm,42,9,full,random_072,0.7693350590049891,0.7718085106382979,4,2480,21.000223058999836,convnext_v2_t+deit_s+efficientnet_b0+gabor,
DTD,svm,42,9,full,random_073,0.8363342109228706,0.8398936170212766,4,3858,13.993268528000044,densenet121+dinov2+glcm+resnet101,
DTD,svm,42,9,full,random_074,0.7285605686761105,0.7313829787234043,4,3218,20.50995491499998,deit_s+glcm+mae_base+resnet50,
DTD,svm,42,9,full,random_075,0.8428877614068925,0.8457446808510638,4,4224,14.34666120300244,deit_s+dinov2_large+mae_base+resnet50,
DTD,svm,42,9,full,random_076,0.8026764201947634,0.8042553191489362,4,2816,24.095719521999854,densenet121+eva02_base+mae_base+rgb_ngram_svd,
DTD,svm,42,9,full,random_077,0.8529153833042312,0.8553191489361702,4,2944,27.901753767000628,convnext_v2_t+dinov2_large+dinov2_small+swin_t,
DTD,svm,42,9,full,random_078,0.8259175972589199,0.8276595744680851,4,2560,26.533487540997157,eva02_base+rgb_ngram_svd+siglip_base+vit_b16,
DTD,svm,42,9,full,random_079,0.7818265838472426,0.7840425531914894,4,3200,35.12608115900002,convnext_v2_t+deit_s+efficientnet_b0+vit_b16,
DTD,svm,42,9,full,random_080,0.8562188656110069,0.8585106382978723,4,3328,34.71048029599842,convnext_v2_t+dinov2_large+eva02_base+vit_b16,
DTD,svm,42,9,full,random_081,0.841532360936093,0.8446808510638298,4,2384,21.411044377000508,drlbp+eva02_base+siglip_base+swin_t,
DTD,svm,42,9,full,random_082,0.6741768649700208,0.6787234042553192,4,2934,32.47038597699793,deit_s+glcm+hog+mae_base,
DTD,svm,42,9,full,random_083,0.7103227447884195,0.7138297872340426,4,3556,41.539847887997894,hog+mae_base+rgb_ngram_svd+vit_b16,
DTD,svm,42,9,full,random_084,0.833484599395404,0.8361702127659575,4,2322,23.544153561000712,beitv2_base_final+convnext_v2_t+glcm+siglip_base,
DTD,svm,42,9,full,random_085,0.8382873144493195,0.8409574468085106,4,6930,15.06659973600108,dinov2+glcm+resnet101+vgg16,
DTD,svm,42,9,full,random_086,0.8356662127497149,0.8388297872340426,4,1638,16.539151984001364,dinov2+gabor+lbp+swin_t,
DTD,svm,42,9,full,random_087,0.8399793679439645,0.8420212765957447,4,1254,12.27956909400018,dinov2_small+gabor+lbp+siglip_base,
DTD,svm,42,9,full,random_088,0.7415103132682274,0.7441489361702127,4,3218,24.586490768000658,deit_s+glcm+mae_base+resnet101,
DTD,svm,42,9,full,random_089,0.8290063347480042,0.8313829787234043,4,1224,11.49136542999986,beitv2_base_final+dinov2_small+glcm+lbp,
DTD,svm,42,9,full,random_090,0.8409559709315066,0.8436170212765958,4,3328,28.72568667000087,beitv2_base_final+convnext_v2_t+densenet121+dinov2,
DTD,svm,42,9,full,random_091,0.7578112132664074,0.7611702127659574,4,9216,17.182557973999792,densenet121+resnet101+resnet50+vgg16,
DTD,svm,42,9,full,random_092,0.7221577619033096,0.726063829787234,4,2200,11.119615251998766,drlbp+glcm+lbp+resnet50,
DTD,svm,42,9,full,random_093,0.8301247952429265,0.8329787234042553,4,4352,12.680198992999067,convnext_v2_t+eva02_base+resnet101+vit_b16,
DTD,svm,42,9,full,random_094,0.8463345130993656,0.8494680851063829,4,5604,18.208185667997896,dinov2_large+hog+resnet101+swin_t,
DTD,svm,42,9,full,random_095,0.7269866709482069,0.7303191489361702,4,3812,16.84964821199901,densenet121+hog+rgb_ngram_svd+swin_t,
DTD,svm,42,9,full,random_096,0.8439905319972921,0.8468085106382979,4,3200,17.32738498100298,dinov2_large+drlbp+gabor+resnet50,
DTD,svm,42,9,full,random_097,0.7441740535797648,0.7468085106382979,4,7012,19.762646374001633,deit_s+hog+swin_t+vgg16,
DTD,svm,42,9,full,random_098,0.6994004439106778,0.7031914893617022,4,7396,24.557576081999287,efficientnet_b0+hog+rgb_ngram_svd+vgg16,
DTD,svm,42,9,full,random_099,0.8343174626687871,0.8372340425531914,4,2194,20.646805797001434,densenet121+dinov2_small+glcm+siglip_base,
FMD,resmlp,42,0,full,random_000,0.8047965189948055,0.805,3,6162,1.769575892998546,glcm+resnet50+vgg16,
FMD,resmlp,42,0,full,random_001,0.820025889660036,0.82,3,3152,2.0347013089995016,densenet121+drlbp+resnet50,
FMD,resmlp,42,0,full,random_002,0.939464201466769,0.94,3,3200,1.4467072089973954,deit_s+eva02_base+resnet50,
FMD,resmlp,42,0,full,random_003,0.8897719360941441,0.89,3,6912,1.8290974859992275,eva02_base+resnet50+vgg16,
FMD,resmlp,42,0,full,random_004,0.847403943008676,0.85,3,2896,1.6903983160009375,drlbp+resnet50+swin_t,
FMD,resmlp,42,0,full,random_005,0.9349566223250434,0.935,3,3200,1.340567145998648,convnext_v2_t+dinov2_small+resnet101,
FMD,resmlp,42,0,full,random_006,0.8995541448673073,0.9,3,2450,1.4736343619952095,dinov2_small+glcm+resnet50,
FMD,resmlp,42,0,full,random_007,0.8599983307236195,0.86,3,2102,1.653616752999369,efficientnet_b0+lbp+swin_t,
FMD,resmlp,42,0,full,random_008,0.9447800634051642,0.945,3,3200,1.4154113420008798,deit_s+eva02_base+resnet101,
FMD,resmlp,42,0,full,random_009,0.8294436210225685,0.83,3,4352,2.07829632100038,densenet121+efficientnet_b0+resnet101,
FMD,resmlp,42,0,full,random_010,0.8777880282758332,0.88,3,4882,1.6451383550011087,convnext_v2_t+glcm+vgg16,
FMD,resmlp,42,0,full,random_011,0.8991809901694369,0.9,3,816,1.3758301720008603,deit_s+dinov2_small+gabor,
FMD,resmlp,42,0,full,random_012,0.9095209882116173,0.91,3,3584,1.726715304001118,beitv2_base_final+resnet101+swin_t,
FMD,resmlp,42,0,full,random_013,0.91473616028815,0.915,3,2916,1.7753483010019409,convnext_v2_t+dinov2_small+hog,
FMD,resmlp,42,0,full,random_014,0.9398035330962161,0.94,3,902,1.864409326997702,drlbp+lbp+siglip_base,
FMD,resmlp,42,0,full,random_015,0.9200529824755874,0.92,3,870,1.45365507400129,dinov2+gabor+lbp,
FMD,resmlp,42,0,full,random_016,0.7995687185222068,0.8,3,1346,1.3378987579999375,efficientnet_b0+gabor+glcm,
FMD,resmlp,42,0,full,random_017,0.9596663938127353,0.96,3,1616,1.2871321079946938,beitv2_base_final+drlbp+eva02_base,
FMD,resmlp,42,0,full,random_018,0.9205546529730786,0.92,3,2834,1.4435403659954318,dinov2+glcm+resnet50,
FMD,resmlp,42,0,full,random_019,0.9350532970728809,0.935,3,2834,1.5664560299992445,dinov2+glcm+resnet101,
FMD,resmlp,42,0,full,random_020,0.8998279704890745,0.9,3,2432,1.607192939001834,beitv2_base_final+deit_s+efficientnet_b0,
FMD,resmlp,42,0,full,random_021,0.9296388567299395,0.93,3,3812,2.1877606530033518,densenet121+dinov2_large+hog,
FMD,resmlp,42,0,full,random_022,0.8846927288258557,0.885,3,1232,1.7472280750007485,convnext_v2_t+deit_s+drlbp,
FMD,resmlp,42,0,full,random_023,0.9300552506970992,0.93,3,1170,1.3506506440025987,beitv2_base_final+dinov2_small+glcm,
FMD,resmlp,42,0,full,random_024,0.860319610013911,0.86,3,1206,1.705486536004173,deit_s+lbp+vit_b16,
FMD,resmlp,42,0,full,random_025,0.8586171376563054,0.86,3,3584,1.9350129689992173,mae_base+resnet50+vit_b16,
FMD,resmlp,42,0,full,random_026,0.919436183999727,0.92,3,1158,1.5225593549985206,dinov2_large+drlbp+lbp,
FMD,resmlp,42,0,full,random_027,0.9296764346764347,0.93,3,3300,2.2138869859991246,beitv2_base_final+hog+mae_base,
FMD,resmlp,42,0,full,random_028,0.9348050943493819,0.935,3,1920,1.5161118659962085,deit_s+siglip_base+swin_t,
FMD,resmlp,42,0,full,random_029,0.8247263338108788,0.825,3,2864,2.0981062190039665,gabor+mae_base+resnet101,
FMD,resmlp,42,0,full,random_030,0.9097003143138618,0.91,3,1104,1.6827286030020332,beitv2_base_final+drlbp+rgb_ngram_svd,
FMD,resmlp,42,0,full,random_031,0.9395213526384975,0.94,3,1920,1.3557589139963966,dinov2+dinov2_small+siglip_base,
FMD,resmlp,42,0,full,random_032,0.9145564471495152,0.915,3,3840,1.7828095730001223,densenet121+resnet50+siglip_base,
FMD,resmlp,42,0,full,random_033,0.8412809286125131,0.84,3,1232,1.463314894004725,deit_s+drlbp+vit_b16,
FMD,resmlp,42,0,full,random_034,0.8007832038431794,0.8,3,1090,1.3523754690031637,densenet121+gabor+glcm,
FMD,resmlp,42,0,full,random_035,0.8444555307021122,0.845,3,2870,1.5903386790014338,lbp+resnet101+vit_b16,
FMD,resmlp,42,0,full,random_036,0.8388708324908581,0.84,3,870,1.878519320001942,gabor+lbp+vit_b16,
FMD,resmlp,42,0,full,random_037,0.9298355549895987,0.93,3,2128,1.2620432090043323,dinov2+drlbp+efficientnet_b0,
FMD,resmlp,42,0,full,random_038,0.8384644784219374,0.84,3,3072,1.6813251159983338,resnet101+rgb_ngram_svd+swin_t,
FMD,resmlp,42,0,full,random_039,0.845299889078138,0.845,3,834,1.9183053559972905,gabor+glcm+swin_t,
FMD,resmlp,42,0,full,random_040,0.789746490519097,0.79,3,1170,1.9752486279976438,deit_s+glcm+mae_base,
FMD,resmlp,42,0,full,random_041,0.9297451261558496,0.93,3,2896,1.4545623290032381,drlbp+eva02_base+resnet50,
FMD,resmlp,42,0,full,random_042,0.9399373668693307,0.94,3,3840,1.503773143995204,beitv2_base_final+dinov2_large+resnet101,
FMD,resmlp,42,0,full,random_043,0.9344271795812231,0.935,3,1200,1.366837569999916,beitv2_base_final+dinov2_small+gabor,
FMD,resmlp,42,0,full,random_044,0.80166155686053,0.805,3,1554,1.8003262400015956,glcm+mae_base+vit_b16,
FMD,resmlp,42,0,full,random_045,0.9345376701139905,0.935,3,1920,1.3533245040016482,dinov2+dinov2_small+eva02_base,
FMD,resmlp,42,0,full,random_046,0.8296582800132372,0.83,3,1078,1.5553838760024519,lbp+rgb_ngram_svd+swin_t,
FMD,resmlp,42,0,full,random_047,0.9048891694527125,0.905,3,6912,1.8945718350005336,resnet50+siglip_base+vgg16,
FMD,resmlp,42,0,full,random_048,0.8041476728196434,0.805,3,6400,1.9401599779957905,resnet50+rgb_ngram_svd+vgg16,
FMD,resmlp,42,0,full,random_049,0.9447175618086445,0.945,3,3200,1.3748791749967495,dinov2_small+eva02_base+resnet50,
FMD,resmlp,42,0,full,random_050,0.7971329267087421,0.8,3,2358,1.7752392779948423,lbp+resnet50+rgb_ngram_svd,
FMD,resmlp,42,0,full,random_051,0.8445148866683632,0.845,3,1616,1.6529183739985456,drlbp+mae_base+vit_b16,
FMD,resmlp,42,0,full,random_052,0.9450749998824455,0.945,3,1206,1.488576304000162,deit_s+lbp+siglip_base,
FMD,resmlp,42,0,full,random_053,0.9499530486629333,0.95,3,3300,1.9067005699980655,dinov2+hog+swin_t,
FMD,resmlp,42,0,full,random_054,0.90020481950207,0.9,3,6912,1.7501049390048138,dinov2+resnet50+vgg16,
FMD,resmlp,42,0,full,random_055,0.8947373263034368,0.895,3,6912,1.9750310439994792,eva02_base+resnet101+vgg16,
FMD,resmlp,42,0,full,random_056,0.9543403460142272,0.955,3,3556,1.7229650250010309,dinov2_large+hog+siglip_base,
FMD,resmlp,42,0,full,random_057,0.9499123042126894,0.95,3,2176,1.3162903359989286,deit_s+dinov2+dinov2_large,
FMD,resmlp,42,0,full,random_058,0.9053431090529938,0.905,3,6912,2.0069044240008225,resnet101+siglip_base+vgg16,
FMD,resmlp,42,0,full,random_059,0.8505360599070484,0.85,3,1792,1.6246564819957712,mae_base+rgb_ngram_svd+swin_t,
FMD,resmlp,42,0,full,random_060,0.8774162363650536,0.88,3,1792,1.7054410300042946,convnext_v2_t+mae_base+rgb_ngram_svd,
FMD,resmlp,42,0,full,random_061,0.9201800232288038,0.92,3,3072,1.3333947860010085,beitv2_base_final+densenet121+efficientnet_b0,
FMD,resmlp,42,0,full,random_062,0.9445251871375107,0.945,3,1920,1.1348873890019604,beitv2_base_final+dinov2_small+siglip_base,
FMD,resmlp,42,0,full,random_063,0.6400011670728706,0.64,3,2550,2.3084681140026078,glcm+hog+mae_base,
FMD,resmlp,42,0,full,random_064,0.8542155856887026,0.855,3,4918,1.746023128995148,lbp+vgg16+vit_b16,
FMD,resmlp,42,0,full,random_065,0.9395875851588305,0.94,3,1554,1.422328608998214,dinov2+eva02_base+glcm,
FMD,resmlp,42,0,full,random_066,0.9446022261169886,0.945,3,2816,1.369134981003299,dinov2+efficientnet_b0+siglip_base,
FMD,resmlp,42,0,full,random_067,0.9043968504751561,0.905,3,870,1.476251456006139,convnext_v2_t+gabor+lbp,
FMD,resmlp,42,0,full,random_068,0.8787204671231015,0.88,3,1536,1.694711770003778,deit_s+dinov2_small+mae_base,
FMD,resmlp,42,0,full,random_069,0.934622522408145,0.935,3,2304,1.2807203400006983,beitv2_base_final+convnext_v2_t+eva02_base,
FMD,resmlp,42,0,full,random_070,0.9250722947949566,0.925,3,1096,1.6422769169948879,dinov2_large+glcm+lbp,
FMD,resmlp,42,0,full,random_071,0.9596585271809918,0.96,3,3840,1.4215875540030538,dinov2_large+resnet101+siglip_base,
FMD,resmlp,42,0,full,random_072,0.924884945685913,0.925,3,2304,1.1674670369975502,dinov2+mae_base+swin_t,
FMD,resmlp,42,0,full,random_073,0.5762138678500328,0.58,3,2788,2.3839049210000667,hog+mae_base+rgb_ngram_svd,
FMD,resmlp,42,0,full,random_074,0.8683046970145816,0.87,3,2560,1.6868984160028049,convnext_v2_t+densenet121+swin_t,
FMD,resmlp,42,0,full,random_075,0.7843027048546947,0.785,3,5888,2.0697470029990654,densenet121+mae_base+vgg16,
FMD,resmlp,42,0,full,random_076,0.8195047955268274,0.82,3,6144,1.748156582005322,efficientnet_b0+mae_base+vgg16,
FMD,resmlp,42,0,full,random_077,0.847403943008676,0.85,3,2896,1.632790916999511,drlbp+resnet50+swin_t,
FMD,resmlp,42,0,full,random_078,0.9240421174888439,0.925,3,834,1.7147799040030804,beitv2_base_final+gabor+glcm,
FMD,resmlp,42,0,full,random_079,0.9499123042126894,0.95,3,2176,1.3106062290025875,deit_s+dinov2+dinov2_large,
FMD,resmlp,42,0,full,random_080,0.9151163927970807,0.915,3,1554,1.487445947001106,beitv2_base_final+glcm+vit_b16,
FMD,resmlp,42,0,full,random_081,0.8994080551375235,0.9,3,4882,1.6972634580015438,eva02_base+glcm+vgg16,
FMD,resmlp,42,0,full,random_082,0.7664547363384573,0.77,3,4162,2.063168252003379,gabor+glcm+vgg16,
FMD,resmlp,42,0,full,random_083,0.81507902350336,0.815,3,1206,2.311775215996022,deit_s+lbp+mae_base,
FMD,resmlp,42,0,full,random_084,0.9301745285415464,0.93,3,3200,1.3004025389964227,dinov2+dinov2_small+resnet50,
FMD,resmlp,42,0,full,random_085,0.8255306946555416,0.825,3,5430,1.945629239999107,efficientnet_b0+lbp+vgg16,
FMD,resmlp,42,0,full,random_086,0.8945936238499168,0.895,3,1920,1.546548778002034,convnext_v2_t+dinov2_small+mae_base,
FMD,resmlp,42,0,full,random_087,0.9302808228083626,0.93,3,3840,1.2742930620006518,densenet121+dinov2+resnet101,
FMD,resmlp,42,0,full,random_088,0.9238060829524244,0.925,3,1590,1.356373237002117,beitv2_base_final+lbp+mae_base,
FMD,resmlp,42,0,full,random_089,0.6287124344774284,0.63,3,2586,1.9222619229985867,hog+lbp+mae_base,
FMD,resmlp,42,0,full,random_090,0.8684257965037719,0.87,3,2580,1.7352888989989879,convnext_v2_t+gabor+hog,
FMD,resmlp,42,0,full,random_091,0.9350624450431895,0.935,3,2612,2.0296865030031768,dinov2+drlbp+hog,
FMD,resmlp,42,0,full,random_092,0.9296786665207717,0.93,3,2896,1.673182506005105,drlbp+resnet50+siglip_base,
FMD,resmlp,42,0,full,random_093,0.9596585271809918,0.96,3,3840,1.5520156440034043,dinov2_large+resnet101+siglip_base,
FMD,resmlp,42,0,full,random_094,0.7840852150521674,0.785,3,3866,2.4311894760030555,hog+lbp+resnet50,
FMD,resmlp,42,0,full,random_095,0.9040628085364928,0.905,3,2304,1.3549491759986267,convnext_v2_t+mae_base+vit_b16,
FMD,resmlp,42,0,full,random_096,0.8527942153841488,0.855,3,3328,1.8618186160019832,densenet121+resnet50+rgb_ngram_svd,
FMD,resmlp,42,0,full,random_097,0.8350187762769486,0.835,3,2358,2.200553406997642,densenet121+efficientnet_b0+lbp,
FMD,resmlp,42,0,full,random_098,0.5847745632262805,0.58,3,2612,1.2994826110007125,drlbp+hog+mae_base,
FMD,resmlp,42,0,full,random_099,0.8891794526967827,0.89,3,1718,1.7159718240000075,dinov2_small+efficientnet_b0+lbp,
FMD,resmlp,42,1,full,random_000,0.8644527372383599,0.865,2,1024,1.461887174002186,convnext_v2_t+rgb_ngram_svd,
FMD,resmlp,42,1,full,random_001,0.7915269218176195,0.795,2,4114,1.8901377040019725,glcm+vgg16,
FMD,resmlp,42,1,full,random_002,0.9344715447154472,0.935,2,2532,1.9545987769961357,dinov2+hog,
FMD,resmlp,42,1,full,random_003,0.9354631750235833,0.935,2,432,1.6453560480003944,dinov2_small+gabor,
FMD,resmlp,42,1,full,random_004,0.9139224404179476,0.915,2,822,1.6821081579983002,beitv2_base_final+lbp,
FMD,resmlp,42,1,full,random_005,0.9695893815213456,0.97,2,1536,1.6590921349998098,eva02_base+mae_base,
FMD,resmlp,42,1,full,random_006,0.9192137802971609,0.92,2,1024,1.544852807004645,beitv2_base_final+rgb_ngram_svd,
FMD,resmlp,42,1,full,random_007,0.9699120207514987,0.97,2,1536,1.384295761003159,convnext_v2_t+siglip_base,
FMD,resmlp,42,1,full,random_008,0.8265358838104906,0.83,2,1042,0.9480991399977938,densenet121+glcm,
FMD,resmlp,42,1,full,random_009,0.8858916455257919,0.885,2,822,1.6431853419999243,lbp+swin_t,
FMD,resmlp,42,1,full,random_010,0.9899937460913073,0.99,2,1536,1.8682891950011253,mae_base+siglip_base,
FMD,resmlp,42,1,full,random_011,0.8200052783482136,0.82,2,1360,1.894071057002293,drlbp+efficientnet_b0,
FMD,resmlp,42,1,full,random_012,0.8796460073052007,0.88,2,2816,1.6008734549977817,convnext_v2_t+resnet101,
FMD,resmlp,42,1,full,random_013,0.8644527372383599,0.865,2,1024,1.4037691480043577,convnext_v2_t+rgb_ngram_svd,
FMD,resmlp,42,1,full,random_014,0.9551031894934334,0.955,2,1792,1.2601513269983116,dinov2_large+swin_t,
FMD,resmlp,42,1,full,random_015,0.9403345370932021,0.94,2,464,1.5008972539944807,dinov2_small+drlbp,
FMD,resmlp,42,1,full,random_016,0.8851604172464249,0.885,2,3328,1.606957997995778,efficientnet_b0+resnet101,
FMD,resmlp,42,1,full,random_017,0.8443708103286575,0.845,2,2432,1.6855074499981129,deit_s+resnet50,
FMD,resmlp,42,1,full,random_018,0.8673152713566781,0.87,2,816,1.3445520289969863,convnext_v2_t+gabor,
FMD,resmlp,42,1,full,random_019,0.974859287054409,0.975,2,816,1.419755864997569,eva02_base+gabor,
FMD,resmlp,42,1,full,random_020,0.9286788658598075,0.93,2,1536,1.317810147003911,beitv2_base_final+convnext_v2_t,
FMD,resmlp,42,1,full,random_021,0.8539692113504694,0.855,2,2096,1.8805262389942072,gabor+resnet101,
FMD,resmlp,42,1,full,random_022,0.8858916455257919,0.885,2,822,1.5721112619939959,lbp+swin_t,
FMD,resmlp,42,1,full,random_023,0.8843165028242795,0.885,2,1536,1.6318985480029369,convnext_v2_t+swin_t,
FMD,resmlp,42,1,full,random_024,0.9544491152835184,0.955,2,1152,1.434545401003561,deit_s+dinov2,
FMD,resmlp,42,1,full,random_025,0.9493209101553131,0.95,2,848,1.4365635049980483,dinov2+drlbp,
FMD,resmlp,42,1,full,random_026,0.9301338559540786,0.93,2,1664,1.4327305770057137,dinov2_small+efficientnet_b0,
FMD,resmlp,42,1,full,random_027,0.8586088638120163,0.86,2,3072,2.2036699039963423,densenet121+resnet101,
FMD,resmlp,42,1,full,random_028,0.9044950789495078,0.905,2,4864,1.715148422998027,vgg16+vit_b16,
FMD,resmlp,42,1,full,random_029,0.9701928684007675,0.97,2,1536,1.3635153159993934,convnext_v2_t+eva02_base,
FMD,resmlp,42,1,full,random_030,0.8325705112223307,0.835,2,2128,2.1545210350013804,drlbp+resnet50,
FMD,resmlp,42,1,full,random_031,0.9299107429595234,0.93,2,640,1.464484176998667,dinov2_small+rgb_ngram_svd,
FMD,resmlp,42,1,full,random_032,0.964993746091307,0.965,2,1792,1.961795777999214,densenet121+eva02_base,
FMD,resmlp,42,1,full,random_033,0.9748556663704289,0.975,2,1536,1.4226817039962043,eva02_base+vit_b16,
FMD,resmlp,42,1,full,random_034,0.9899968730456535,0.99,2,1152,1.4889608699959354,dinov2_small+siglip_base,
FMD,resmlp,42,1,full,random_035,0.974859287054409,0.975,2,816,1.603236767994531,eva02_base+gabor,
FMD,resmlp,42,1,full,random_036,0.9700973822925043,0.97,2,1042,1.5674635929972283,dinov2_large+glcm,
FMD,resmlp,42,1,full,random_037,0.6985981317688634,0.7,2,822,1.4562935080030002,lbp+mae_base,
FMD,resmlp,42,1,full,random_038,0.9499432057826839,0.95,2,1152,1.7519752440057346,dinov2_small+mae_base,
FMD,resmlp,42,1,full,random_039,0.9702166532654338,0.97,2,1792,1.5212515450039064,beitv2_base_final+dinov2_large,
FMD,resmlp,42,1,full,random_040,0.9398289109264718,0.94,2,816,1.4358266859999276,dinov2+gabor,
FMD,resmlp,42,1,full,random_041,0.8265358838104906,0.83,2,1042,1.0180400639947038,densenet121+glcm,
FMD,resmlp,42,1,full,random_042,0.9698503528991335,0.97,2,1408,1.4425131129974034,dinov2_large+dinov2_small,
FMD,resmlp,42,1,full,random_043,0.8751860420281472,0.875,2,2816,2.6344437019943143,mae_base+resnet101,
FMD,resmlp,42,1,full,random_044,0.8220666173757495,0.825,2,4864,2.321996960999968,mae_base+vgg16,
FMD,resmlp,42,1,full,random_045,0.9546377104721137,0.955,2,1536,1.4574216200053343,beitv2_base_final+dinov2,
FMD,resmlp,42,1,full,random_046,0.23182540200610893,0.24,2,1812,1.8566675859983661,gabor+hog,
FMD,resmlp,42,1,full,random_047,0.8881846141331481,0.89,2,2532,2.2976036690015462,hog+vit_b16,
FMD,resmlp,42,1,full,random_048,0.9601973978097214,0.96,2,1792,1.266061496004113,convnext_v2_t+dinov2_large,
FMD,resmlp,42,1,full,random_049,0.9547158938622353,0.955,2,1536,1.2097427570042782,dinov2+swin_t,
FMD,resmlp,42,1,full,random_050,0.9183711451133908,0.92,2,1536,1.6613351199994213,beitv2_base_final+mae_base,
FMD,resmlp,42,1,full,random_051,0.9227221815196858,0.925,2,1152,1.486991031000798,beitv2_base_final+deit_s,
FMD,resmlp,42,1,full,random_052,0.9746909627397432,0.975,2,2816,1.7538049319991842,resnet50+siglip_base,
FMD,resmlp,42,1,full,random_053,0.9699120207514987,0.97,2,1536,1.3430517699962365,convnext_v2_t+siglip_base,
FMD,resmlp,42,1,full,random_054,0.850499991374398,0.85,2,1078,1.960542811997584,densenet121+lbp,
FMD,resmlp,42,1,full,random_055,0.8858916455257919,0.885,2,822,1.6114294299986796,lbp+swin_t,
FMD,resmlp,42,1,full,random_056,0.8540690161357685,0.855,2,2066,2.0454571590016712,glcm+resnet101,
FMD,resmlp,42,1,full,random_057,0.8539692113504694,0.855,2,2096,2.036968963002437,gabor+resnet101,
FMD,resmlp,42,1,full,random_058,0.8812610739610174,0.885,2,848,1.9212381650067982,drlbp+vit_b16,
FMD,resmlp,42,1,full,random_059,0.9750906346541777,0.975,2,848,1.4786773369996808,drlbp+siglip_base,
FMD,resmlp,42,1,full,random_060,0.832150019658304,0.835,2,2304,1.7252768589969492,resnet101+rgb_ngram_svd,
FMD,resmlp,42,1,full,random_061,0.9092466569231654,0.91,2,1792,1.8859620919974986,densenet121+vit_b16,
FMD,resmlp,42,1,full,random_062,0.8849279277400616,0.885,2,4864,1.5242738509987248,convnext_v2_t+vgg16,
FMD,resmlp,42,1,full,random_063,0.9299107429595234,0.93,2,640,1.5501279310046812,dinov2_small+rgb_ngram_svd,
FMD,resmlp,42,1,full,random_064,0.8842976926514258,0.885,2,816,1.7301896849967306,gabor+vit_b16,
FMD,resmlp,42,1,full,random_065,0.8780235689285754,0.88,2,1024,1.7169236310000997,rgb_ngram_svd+swin_t,
FMD,resmlp,42,1,full,random_066,0.9602255874207094,0.96,2,2532,2.257393889995001,eva02_base+hog,
FMD,resmlp,42,1,full,random_067,0.24168191905019087,0.245,2,1844,2.517065681000531,drlbp+hog,
FMD,resmlp,42,1,full,random_068,0.9549874921826141,0.955,2,1152,1.5297740420064656,dinov2+dinov2_small,
FMD,resmlp,42,1,full,random_069,0.9702166532654338,0.97,2,1792,1.4749148840055568,beitv2_base_final+dinov2_large,
FMD,resmlp,42,1,full,random_070,0.9600566378422606,0.96,2,786,1.4992023259983398,glcm+siglip_base,
FMD,resmlp,42,1,full,random_071,0.9446435176730427,0.945,2,1152,1.4300344260045676,convnext_v2_t+dinov2_small,
FMD,resmlp,42,1,full,random_072,0.8673152713566781,0.87,2,816,1.4298546229983913,convnext_v2_t+gabor,
FMD,resmlp,42,1,full,random_073,0.9132072370813153,0.915,2,2816,1.8187990779988468,resnet50+vit_b16,
FMD,resmlp,42,1,full,random_074,0.9493209101553131,0.95,2,848,1.500545308997971,dinov2+drlbp,
FMD,resmlp,42,1,full,random_075,0.8759317383515073,0.875,2,786,1.9057627910005976,glcm+swin_t,
FMD,resmlp,42,1,full,random_076,0.9299107429595234,0.93,2,640,1.5478922059992328,dinov2_small+rgb_ngram_svd,
FMD,resmlp,42,1,full,random_077,0.8220666173757495,0.825,2,4864,2.30047905799438,mae_base+vgg16,
FMD,resmlp,42,1,full,random_078,0.2794543818158703,0.29,2,274,1.3786719550043927,glcm+rgb_ngram_svd,
FMD,resmlp,42,1,full,random_079,0.8412626114562988,0.845,2,6144,1.8475141649978468,resnet101+vgg16,
FMD,resmlp,42,1,full,random_080,0.29708643114432265,0.305,2,98,1.4053100219971384,drlbp+glcm,
FMD,resmlp,42,1,full,random_081,0.8937427469172103,0.895,2,2048,1.0834215350041632,convnext_v2_t+efficientnet_b0,
FMD,resmlp,42,1,full,random_082,0.8540690161357685,0.855,2,2066,1.4067644739989191,glcm+resnet101,
FMD,resmlp,42,1,full,random_083,0.8145088905795088,0.82,2,3812,2.14750448599807,hog+resnet50,
FMD,resmlp,42,1,full,random_084,0.9290524387892809,0.93,2,786,1.4533015540000633,beitv2_base_final+glcm,
FMD,resmlp,42,1,full,random_085,0.9799686834346654,0.98,2,1536,1.2473748620031984,eva02_base+siglip_base,
FMD,resmlp,42,1,full,random_086,0.341507167112094,0.36,2,2020,2.233945165993646,hog+rgb_ngram_svd,
FMD,resmlp,42,1,full,random_087,0.8075117708380388,0.81,2,4176,2.0591282450041035,drlbp+vgg16,
FMD,resmlp,42,1,full,random_088,0.5182380168735704,0.53,2,1024,1.6587685120030073,mae_base+rgb_ngram_svd,
FMD,resmlp,42,1,full,random_089,0.828696883749069,0.83,2,2048,1.6618141250000917,efficientnet_b0+mae_base,
FMD,resmlp,42,1,full,random_090,0.8539692113504694,0.855,2,2096,1.8129369390007923,gabor+resnet101,
FMD,resmlp,42,1,full,random_091,0.9291550776894241,0.93,2,1536,1.2192645469986019,beitv2_base_final+swin_t,
FMD,resmlp,42,1,full,random_092,0.9549874921826141,0.955,2,1152,1.437643568002386,dinov2+dinov2_small,
FMD,resmlp,42,1,full,random_093,0.9095720945720945,0.91,2,1536,1.624613671003317,convnext_v2_t+vit_b16,
FMD,resmlp,42,1,full,random_094,0.9648900850492039,0.965,2,1152,1.5569927760006976,deit_s+siglip_base,
FMD,resmlp,42,1,full,random_095,0.9446012856795912,0.945,2,1408,1.5029174790033721,deit_s+dinov2_large,
FMD,resmlp,42,1,full,random_096,0.8278850332201907,0.83,2,5120,2.426465119999193,densenet121+vgg16,
FMD,resmlp,42,1,full,random_097,0.9749686834346655,0.975,2,2816,1.6307838740031002,eva02_base+resnet101,
FMD,resmlp,42,1,full,random_098,0.7982199463105217,0.8,2,402,1.7034465530014131,deit_s+glcm,
FMD,resmlp,42,1,full,random_099,0.8255376394212268,0.83,2,2102,1.9911002230001031,lbp+resnet101,
FMD,resmlp,42,2,full,random_000,0.9701125703564728,0.97,5,4278,1.310684924996167,deit_s+dinov2+dinov2_large+lbp+resnet101,
FMD,resmlp,42,2,full,random_001,0.9451673590363623,0.945,5,4096,1.3990582259939401,beitv2_base_final+convnext_v2_t+densenet121+dinov2+swin_t,
FMD,resmlp,42,2,full,random_002,0.965222460466363,0.965,5,3656,1.8056593680012156,dinov2+glcm+lbp+resnet50+siglip_base,
FMD,resmlp,42,2,full,random_003,0.9553116926659332,0.955,5,3968,1.3607479229976889,deit_s+dinov2+efficientnet_b0+eva02_base+vit_b16,
FMD,resmlp,42,2,full,random_004,0.8698687776351447,0.87,5,2714,2.235790870996425,drlbp+gabor+hog+lbp+vit_b16,
FMD,resmlp,42,2,full,random_005,0.9550875076998311,0.955,5,3888,1.7719386160024442,beitv2_base_final+densenet121+efficientnet_b0+gabor+siglip_base,
FMD,resmlp,42,2,full,random_006,0.9148962074237472,0.915,5,5968,1.842947519995505,drlbp+rgb_ngram_svd+siglip_base+swin_t+vgg16,
FMD,resmlp,42,2,full,random_007,0.9553197957369972,0.955,5,5968,1.4970032019991777,dinov2+dinov2_large+drlbp+resnet101+resnet50,
FMD,resmlp,42,2,full,random_008,0.9449286112700748,0.945,5,7760,1.5707129090005765,beitv2_base_final+drlbp+eva02_base+resnet101+vgg16,
FMD,resmlp,42,2,full,random_009,0.9449624295259724,0.945,5,4708,1.7386831719995826,convnext_v2_t+dinov2_large+dinov2_small+hog+mae_base,
FMD,resmlp,42,2,full,random_010,0.8946555116580791,0.895,5,4944,1.890114640998945,drlbp+efficientnet_b0+mae_base+resnet50+vit_b16,
FMD,resmlp,42,2,full,random_011,0.9095062004914161,0.91,5,5376,1.9187298960023327,convnext_v2_t+densenet121+mae_base+resnet50+swin_t,
FMD,resmlp,42,2,full,random_012,0.9352553134439573,0.935,5,5632,1.601047946998733,beitv2_base_final+dinov2+efficientnet_b0+resnet101+swin_t,
FMD,resmlp,42,2,full,random_013,0.9250768988744031,0.925,5,5092,1.8930238519969862,beitv2_base_final+densenet121+hog+mae_base+vit_b16,
FMD,resmlp,42,2,full,random_014,0.9200975840491321,0.92,5,7652,2.1595500869952957,dinov2+hog+rgb_ngram_svd+vgg16+vit_b16,
FMD,resmlp,42,2,full,random_015,0.9500214641536253,0.95,5,4022,1.4796847920006257,beitv2_base_final+dinov2_small+lbp+resnet101+siglip_base,
FMD,resmlp,42,2,full,random_016,0.9352269180125405,0.935,5,6096,1.366606422001496,dinov2+dinov2_small+drlbp+vgg16+vit_b16,
FMD,resmlp,42,2,full,random_017,0.8932942109629576,0.895,5,4656,1.8558175580037641,convnext_v2_t+densenet121+gabor+mae_base+resnet50,
FMD,resmlp,42,2,full,random_018,0.960081700498902,0.96,5,6400,1.8165126180028892,beitv2_base_final+dinov2+mae_base+resnet101+resnet50,
FMD,resmlp,42,2,full,random_019,0.9702287143750559,0.97,5,6656,1.8376383919967338,densenet121+dinov2+resnet101+resnet50+siglip_base,
FMD,resmlp,42,2,full,random_020,0.93542874540949,0.935,5,4016,1.7901092550018802,deit_s+eva02_base+gabor+mae_base+resnet101,
FMD,resmlp,42,2,full,random_021,0.9553116926659332,0.955,5,4400,1.4761228790011955,convnext_v2_t+dinov2+eva02_base+gabor+resnet50,
FMD,resmlp,42,2,full,random_022,0.954919677114799,0.955,5,5888,1.876327065998339,dinov2+mae_base+resnet101+resnet50+rgb_ngram_svd,
FMD,resmlp,42,2,full,random_023,0.9301699428698862,0.93,5,4864,1.16413666200242,densenet121+dinov2+resnet50+rgb_ngram_svd+vit_b16,
FMD,resmlp,42,2,full,random_024,0.9502955641645674,0.95,5,3968,1.135718140998506,beitv2_base_final+dinov2_small+efficientnet_b0+siglip_base+vit_b16,
FMD,resmlp,42,2,full,random_025,0.9552678212613429,0.955,5,4688,1.5890411680011312,beitv2_base_final+dinov2_large+drlbp+resnet101+swin_t,
FMD,resmlp,42,2,full,random_026,0.8589677210537289,0.86,5,6244,2.0652195880029467,deit_s+efficientnet_b0+hog+mae_base+resnet101,
FMD,resmlp,42,2,full,random_027,0.9751125703564728,0.975,5,4304,1.6877383690007264,deit_s+dinov2_large+drlbp+resnet50+siglip_base,
FMD,resmlp,42,2,full,random_028,0.9446809566129206,0.945,5,4114,1.5775011910009198,dinov2_large+glcm+resnet101+rgb_ngram_svd+swin_t,
FMD,resmlp,42,2,full,random_029,0.904429444832466,0.905,5,5168,1.9019565920025343,convnext_v2_t+gabor+resnet101+resnet50+rgb_ngram_svd,
FMD,resmlp,42,2,full,random_030,0.8897624432967899,0.89,5,6992,2.0540630579998833,drlbp+efficientnet_b0+mae_base+vgg16+vit_b16,
FMD,resmlp,42,2,full,random_031,0.9451754621074262,0.945,5,3602,1.4661742460011737,convnext_v2_t+efficientnet_b0+eva02_base+glcm+vit_b16,
FMD,resmlp,42,2,full,random_032,0.9849906191369605,0.985,5,4864,1.4721532670009765,densenet121+dinov2+dinov2_large+efficientnet_b0+siglip_base,
FMD,resmlp,42,2,full,random_033,0.9196010804896677,0.92,5,3718,1.623092533001909,beitv2_base_final+drlbp+lbp+resnet50+vit_b16,
FMD,resmlp,42,2,full,random_034,0.9100622312281563,0.91,5,5314,1.644094674004009,dinov2_small+gabor+glcm+vgg16+vit_b16,
FMD,resmlp,42,2,full,random_035,0.899643619031624,0.9,5,8576,1.763277025995194,dinov2_small+efficientnet_b0+resnet50+vgg16+vit_b16,
FMD,resmlp,42,2,full,random_036,0.9652067786727606,0.965,5,3638,1.9247389239972108,beitv2_base_final+densenet121+dinov2_large+lbp+mae_base,
FMD,resmlp,42,2,full,random_037,0.9701156973108193,0.97,5,4708,1.9294715259966324,deit_s+dinov2+dinov2_large+hog+mae_base,
FMD,resmlp,42,2,full,random_038,0.950302311802894,0.95,5,2384,1.2375521430003573,convnext_v2_t+deit_s+dinov2_small+drlbp+siglip_base,
FMD,resmlp,42,2,full,random_039,0.9553116926659333,0.955,5,4736,1.5189119019996724,dinov2_small+eva02_base+resnet50+siglip_base+swin_t,
FMD,resmlp,42,2,full,random_040,0.9400901879464139,0.94,5,3732,2.0941544670058647,deit_s+eva02_base+gabor+hog+mae_base,
FMD,resmlp,42,2,full,random_041,0.9555166429534283,0.955,5,3906,1.4234646480035735,beitv2_base_final+dinov2_large+gabor+glcm+resnet50,
FMD,resmlp,42,2,full,random_042,0.960344411685875,0.96,5,5120,1.525748697000381,eva02_base+mae_base+resnet50+siglip_base+swin_t,
FMD,resmlp,42,2,full,random_043,0.9352191860343335,0.935,5,3584,1.39173887999641,convnext_v2_t+densenet121+dinov2+rgb_ngram_svd+swin_t,
FMD,resmlp,42,2,full,random_044,0.974987492182614,0.975,5,2662,1.589493893996405,densenet121+dinov2+gabor+lbp+siglip_base,
FMD,resmlp,42,2,full,random_045,0.9699686834346654,0.97,5,2614,1.6348167510004714,eva02_base+lbp+rgb_ngram_svd+siglip_base+swin_t,
FMD,resmlp,42,2,full,random_046,0.9246012856795911,0.925,5,5120,1.7218972240007133,beitv2_base_final+efficientnet_b0+mae_base+resnet101+rgb_ngram_svd,
FMD,resmlp,42,2,full,random_047,0.9502600060994842,0.95,5,3456,1.4093598059989745,beitv2_base_final+convnext_v2_t+dinov2_small+eva02_base+vit_b16,
FMD,resmlp,42,2,full,random_048,0.8651858637031937,0.865,5,7014,2.0033364219998475,gabor+lbp+resnet50+swin_t+vgg16,
FMD,resmlp,42,2,full,random_049,0.970187969924812,0.97,5,5120,1.6481356540025445,densenet121+dinov2_large+eva02_base+resnet50+rgb_ngram_svd,
FMD,resmlp,42,2,full,random_050,0.9354877800371428,0.935,5,3024,1.7101689050032292,convnext_v2_t+densenet121+dinov2_small+drlbp+swin_t,
FMD,resmlp,42,2,full,random_051,0.9298826419787998,0.93,5,3986,1.7913209710022784,dinov2_small+glcm+mae_base+resnet50+swin_t,
FMD,resmlp,42,2,full,random_052,0.9649812382739211,0.965,5,3346,1.4533249899977818,dinov2_large+eva02_base+glcm+mae_base+swin_t,
FMD,resmlp,42,2,full,random_053,0.9698364109147164,0.97,5,4864,2.007729830998869,densenet121+dinov2_large+efficientnet_b0+mae_base+siglip_base,
FMD,resmlp,42,2,full,random_054,0.9257450827646666,0.925,5,7680,1.4270739879939356,dinov2+efficientnet_b0+swin_t+vgg16+vit_b16,
FMD,resmlp,42,2,full,random_055,0.9249224667687516,0.925,5,2768,1.8171774439979345,beitv2_base_final+deit_s+drlbp+efficientnet_b0+rgb_ngram_svd,
FMD,resmlp,42,2,full,random_056,0.9448004061418696,0.945,5,2992,1.5212044600048102,convnext_v2_t+deit_s+densenet121+eva02_base+gabor,
FMD,resmlp,42,2,full,random_057,0.9549026398884595,0.955,5,3888,1.694836201997532,eva02_base+gabor+resnet50+rgb_ngram_svd+vit_b16,
FMD,resmlp,42,2,full,random_058,0.9602866300092918,0.96,5,6116,2.214420017997327,beitv2_base_final+hog+mae_base+resnet101+siglip_base,
FMD,resmlp,42,2,full,random_059,0.9451396161331379,0.945,5,2432,1.6642765529977623,beitv2_base_final+drlbp+gabor+mae_base+swin_t,
FMD,resmlp,42,2,full,random_060,0.9400405093408943,0.94,5,3968,1.533801523000875,deit_s+densenet121+dinov2_large+mae_base+vit_b16,
FMD,resmlp,42,2,full,random_061,0.9701063164477798,0.97,5,3072,1.3619431970000733,deit_s+dinov2+dinov2_small+mae_base+siglip_base,
FMD,resmlp,42,2,full,random_062,0.9351767398994015,0.935,5,4352,1.523758363997331,deit_s+dinov2_small+eva02_base+resnet101+swin_t,
FMD,resmlp,42,2,full,random_063,0.9601866144920747,0.96,5,4688,1.7562170660021366,densenet121+drlbp+resnet101+siglip_base+vit_b16,
FMD,resmlp,42,2,full,random_064,0.9500745061528116,0.95,5,4378,1.8840912680025212,densenet121+eva02_base+hog+lbp+vit_b16,
FMD,resmlp,42,2,full,random_065,0.9500812537911383,0.95,5,3090,1.5935005999999703,beitv2_base_final+eva02_base+glcm+mae_base+swin_t,
FMD,resmlp,42,2,full,random_066,0.9454584145690813,0.945,5,4406,1.699379053003213,convnext_v2_t+eva02_base+lbp+resnet101+vit_b16,
FMD,resmlp,42,2,full,random_067,0.9351465423274841,0.935,5,7732,2.046362061999389,densenet121+drlbp+eva02_base+hog+vgg16,
FMD,resmlp,42,2,full,random_068,0.9142207852849106,0.915,5,6884,2.3333727460048976,beitv2_base_final+densenet121+efficientnet_b0+hog+resnet50,
FMD,resmlp,42,2,full,random_069,0.965195995355114,0.965,5,3920,1.2982504259998677,dinov2_large+drlbp+efficientnet_b0+eva02_base+vit_b16,
FMD,resmlp,42,2,full,random_070,0.864437334088497,0.865,5,2256,1.7503184060042258,deit_s+drlbp+mae_base+rgb_ngram_svd+swin_t,
FMD,resmlp,42,2,full,random_071,0.9499286112700747,0.95,5,3510,1.708232846998726,deit_s+dinov2+lbp+resnet50+rgb_ngram_svd,
FMD,resmlp,42,2,full,random_072,0.9297957134863426,0.93,5,2652,2.3417914109959383,beitv2_base_final+gabor+glcm+hog+lbp,
FMD,resmlp,42,2,full,random_073,0.9453723093238573,0.945,5,6656,1.8107984739981475,densenet121+eva02_base+resnet101+resnet50+vit_b16,
FMD,resmlp,42,2,full,random_074,0.935506410229072,0.935,5,2864,1.4199112449932727,deit_s+dinov2+dinov2_small+efficientnet_b0+gabor,
FMD,resmlp,42,2,full,random_075,0.9351187994242597,0.935,5,3152,1.4097929939962341,convnext_v2_t+densenet121+dinov2_large+drlbp+rgb_ngram_svd,
FMD,resmlp,42,2,full,random_076,0.9301581186048452,0.93,5,3218,1.3546729540030356,beitv2_base_final+dinov2_small+efficientnet_b0+glcm+vit_b16,
FMD,resmlp,42,2,full,random_077,0.970081700498902,0.97,5,3408,1.038601139000093,dinov2+dinov2_large+drlbp+swin_t+vit_b16,
FMD,resmlp,42,2,full,random_078,0.9647977258952869,0.965,5,4688,1.216138884999964,dinov2_large+drlbp+eva02_base+resnet101+swin_t,
FMD,resmlp,42,2,full,random_079,0.965195995355114,0.965,5,2864,1.3805610179988435,densenet121+gabor+rgb_ngram_svd+siglip_base+vit_b16,
FMD,resmlp,42,2,full,random_080,0.8494801594801595,0.85,5,2230,1.7689383729957626,drlbp+efficientnet_b0+gabor+lbp+mae_base,
FMD,resmlp,42,2,full,random_081,0.9401250533329526,0.94,5,7652,2.0454431990001467,beitv2_base_final+dinov2+hog+rgb_ngram_svd+vgg16,
FMD,resmlp,42,2,full,random_082,0.9299208233726249,0.93,5,6628,2.0024737310013734,convnext_v2_t+densenet121+dinov2_large+hog+resnet101,
FMD,resmlp,42,2,full,random_083,0.9599196771147991,0.96,5,8704,1.5963208860048326,dinov2+dinov2_large+resnet101+siglip_base+vgg16,
FMD,resmlp,42,2,full,random_084,0.9553135418283043,0.955,5,5712,1.4586948650030536,convnext_v2_t+drlbp+eva02_base+resnet101+resnet50,
FMD,resmlp,42,2,full,random_085,0.9450843807454847,0.945,5,4580,2.1216145790021983,densenet121+dinov2+hog+rgb_ngram_svd+swin_t,
FMD,resmlp,42,2,full,random_086,0.9201988773583245,0.92,5,4964,1.9943727330028196,beitv2_base_final+deit_s+efficientnet_b0+hog+swin_t,
FMD,resmlp,42,2,full,random_087,0.9500906346541775,0.95,5,5988,2.0288871379962075,convnext_v2_t+dinov2_large+dinov2_small+hog+resnet101,
FMD,resmlp,42,2,full,random_088,0.8399587147982526,0.84,5,7706,2.437417977002042,densenet121+hog+lbp+mae_base+vgg16,
FMD,resmlp,42,2,full,random_089,0.8690020221608652,0.87,5,7734,2.1469903840043116,lbp+mae_base+resnet50+vgg16+vit_b16,
FMD,resmlp,42,2,full,random_090,0.9094297288892328,0.91,5,4432,1.4036344490014017,beitv2_base_final+drlbp+mae_base+resnet50+vit_b16,
FMD,resmlp,42,2,full,random_091,0.9403515811910594,0.94,5,4224,1.4279368559946306,deit_s+dinov2+resnet50+rgb_ngram_svd+vit_b16,
FMD,resmlp,42,2,full,random_092,0.9553023118028939,0.955,5,5120,1.6311189850021037,beitv2_base_final+efficientnet_b0+resnet50+rgb_ngram_svd+siglip_base,
FMD,resmlp,42,2,full,random_093,0.9095563373364899,0.91,5,7936,1.7704691310063936,beitv2_base_final+convnext_v2_t+resnet50+rgb_ngram_svd+vgg16,
FMD,resmlp,42,2,full,random_094,0.9700875076998312,0.97,5,5376,1.47672240799875,convnext_v2_t+dinov2_large+resnet50+siglip_base+vit_b16,
FMD,resmlp,42,2,full,random_095,0.9503265433753239,0.95,5,5254,2.053749049002363,dinov2_large+drlbp+lbp+resnet101+resnet50,
FMD,resmlp,42,2,full,random_096,0.9449026398884595,0.945,5,1986,1.5656847520003794,convnext_v2_t+dinov2+dinov2_small+gabor+glcm,
FMD,resmlp,42,2,full,random_097,0.9149633134100398,0.915,5,3810,1.756807142002799,dinov2_small+drlbp+efficientnet_b0+glcm+resnet50,
FMD,resmlp,42,2,full,random_098,0.9252575399943821,0.925,5,7728,1.879008652002085,dinov2+gabor+resnet101+vgg16+vit_b16,
FMD,resmlp,42,2,full,random_099,0.9455085967460211,0.945,5,4352,1.1263607270011562,convnext_v2_t+dinov2+efficientnet_b0+siglip_base+swin_t,
FMD,resmlp,42,3,full,random_000,0.9597122731782551,0.96,7,7734,1.6268651229984243,convnext_v2_t+dinov2_large+lbp+mae_base+rgb_ngram_svd+swin_t+vgg16,
FMD,resmlp,42,3,full,random_001,0.969865540963102,0.97,7,5908,1.7089262939989567,beitv2_base_final+densenet121+gabor+hog+siglip_base+swin_t+vit_b16,
FMD,resmlp,42,3,full,random_002,0.9799906191369606,0.98,7,7706,1.9331630140004563,beitv2_base_final+dinov2_large+efficientnet_b0+eva02_base+hog+lbp+resnet50,
FMD,resmlp,42,3,full,random_003,0.9849906191369605,0.985,7,5698,1.5147681630041916,dinov2+efficientnet_b0+eva02_base+gabor+glcm+mae_base+resnet50,
FMD,resmlp,42,3,full,random_004,0.8747716284471816,0.875,7,9126,2.424931515000935,deit_s+gabor+glcm+hog+resnet101+swin_t+vgg16,
FMD,resmlp,42,3,full,random_005,0.9550956735616556,0.955,7,5500,2.0855036420034594,beitv2_base_final+drlbp+glcm+hog+lbp+mae_base+resnet50,
FMD,resmlp,42,3,full,random_006,0.9346601399040424,0.935,7,5066,1.9509501630018349,dinov2_small+efficientnet_b0+gabor+hog+lbp+mae_base+swin_t,
FMD,resmlp,42,3,full,random_007,0.9851067631555438,0.985,7,5442,1.4995336899955873,beitv2_base_final+dinov2_large+eva02_base+gabor+glcm+resnet101+swin_t,
FMD,resmlp,42,3,full,random_008,0.9849906191369605,0.985,7,4290,1.4056510380032705,dinov2_large+dinov2_small+efficientnet_b0+eva02_base+gabor+glcm+swin_t,
FMD,resmlp,42,3,full,random_009,0.9499785580273385,0.95,7,8832,1.8075289400003385,dinov2_large+drlbp+efficientnet_b0+gabor+resnet50+rgb_ngram_svd+vgg16,
FMD,resmlp,42,3,full,random_010,0.9799785580273385,0.98,7,5994,1.8939642330005881,densenet121+dinov2+drlbp+hog+lbp+resnet101+rgb_ngram_svd,
FMD,resmlp,42,3,full,random_011,0.9547655006049787,0.955,7,9136,1.6512262580072274,deit_s+dinov2+dinov2_large+gabor+resnet101+swin_t+vgg16,
FMD,resmlp,42,3,full,random_012,0.9344329867821525,0.935,7,3974,1.595747626000957,beitv2_base_final+drlbp+efficientnet_b0+lbp+mae_base+rgb_ngram_svd+swin_t,
FMD,resmlp,42,3,full,random_013,0.9697708140762742,0.97,7,6182,1.9622327229953953,convnext_v2_t+eva02_base+gabor+glcm+hog+resnet50+swin_t,
FMD,resmlp,42,3,full,random_014,0.9798655409631021,0.98,7,7158,1.8599999379948713,beitv2_base_final+dinov2+dinov2_large+glcm+hog+resnet101+swin_t,
FMD,resmlp,42,3,full,random_015,0.924537712323335,0.925,7,6390,1.924825130001409,beitv2_base_final+densenet121+efficientnet_b0+glcm+hog+mae_base+vit_b16,
FMD,resmlp,42,3,full,random_016,0.9799906191369606,0.98,7,3334,1.5267606400011573,beitv2_base_final+dinov2_large+dinov2_small+drlbp+lbp+mae_base+rgb_ngram_svd,
FMD,resmlp,42,3,full,random_017,0.9193323756545835,0.92,7,9654,1.8949472320018685,convnext_v2_t+dinov2_small+lbp+resnet101+resnet50+rgb_ngram_svd+vgg16,
FMD,resmlp,42,3,full,random_018,0.9751125703564728,0.975,7,9398,1.7306734820012935,densenet121+dinov2_large+dinov2_small+eva02_base+lbp+resnet50+vgg16,
FMD,resmlp,42,3,full,random_019,0.984855666370429,0.985,7,5988,1.8937112860003253,dinov2+dinov2_small+eva02_base+hog+siglip_base+swin_t+vit_b16,
FMD,resmlp,42,3,full,random_020,0.9799937460913071,0.98,7,3346,1.6127990310051246,deit_s+densenet121+dinov2_large+drlbp+eva02_base+gabor+glcm,
FMD,resmlp,42,3,full,random_021,0.9643677596116621,0.965,7,7600,1.92880405800679,deit_s+eva02_base+gabor+mae_base+siglip_base+vgg16+vit_b16,
FMD,resmlp,42,3,full,random_022,0.9899937460913071,0.99,7,7954,1.430091900001571,beitv2_base_final+densenet121+dinov2_large+eva02_base+glcm+rgb_ngram_svd+vgg16,
FMD,resmlp,42,3,full,random_023,0.9495898752509792,0.95,7,7990,1.5490323080011876,beitv2_base_final+convnext_v2_t+efficientnet_b0+eva02_base+lbp+rgb_ngram_svd+vgg16,
FMD,resmlp,42,3,full,random_024,0.9502215200289653,0.95,7,8778,2.031261705997167,efficientnet_b0+gabor+hog+lbp+siglip_base+vgg16+vit_b16,
FMD,resmlp,42,3,full,random_025,0.9141652971091428,0.915,7,7856,1.2777995750002447,beitv2_base_final+deit_s+densenet121+efficientnet_b0+gabor+rgb_ngram_svd+vgg16,
FMD,resmlp,42,3,full,random_026,0.9243290586079492,0.925,7,5320,1.8198777609941317,beitv2_base_final+drlbp+gabor+glcm+lbp+rgb_ngram_svd+vgg16,
FMD,resmlp,42,3,full,random_027,0.979855666370429,0.98,7,5968,1.7496281529965927,densenet121+dinov2_large+drlbp+resnet101+rgb_ngram_svd+siglip_base+vit_b16,
FMD,resmlp,42,3,full,random_028,0.9353666806789475,0.935,7,8474,2.0875966960011283,deit_s+densenet121+dinov2_small+hog+lbp+vgg16+vit_b16,
FMD,resmlp,42,3,full,random_029,0.9598252902424917,0.96,7,8468,2.048261451993312,beitv2_base_final+dinov2_large+gabor+hog+mae_base+resnet101+resnet50,
FMD,resmlp,42,3,full,random_030,0.9647091462239086,0.965,7,7158,2.1243287680044887,convnext_v2_t+densenet121+dinov2+glcm+hog+resnet50+vit_b16,
FMD,resmlp,42,3,full,random_031,0.9748556663704289,0.975,7,5494,1.7312194850019296,convnext_v2_t+dinov2+dinov2_large+dinov2_small+glcm+hog+mae_base,
FMD,resmlp,42,3,full,random_032,0.9651067631555437,0.965,7,3480,1.651717186003225,convnext_v2_t+dinov2_large+drlbp+glcm+lbp+mae_base+swin_t,
FMD,resmlp,42,3,full,random_033,0.9899937460913071,0.99,7,7442,1.5214939569996204,beitv2_base_final+eva02_base+glcm+rgb_ngram_svd+siglip_base+swin_t+vgg16,
FMD,resmlp,42,3,full,random_034,0.9851067631555436,0.985,7,5712,1.3353965150017757,dinov2_large+drlbp+eva02_base+resnet50+rgb_ngram_svd+swin_t+vit_b16,
FMD,resmlp,42,3,full,random_035,0.9799937460913071,0.98,7,4938,1.86628846199892,beitv2_base_final+gabor+hog+lbp+siglip_base+swin_t+vit_b16,
FMD,resmlp,42,3,full,random_036,0.9500785735445554,0.95,7,4400,1.5920788440053002,deit_s+dinov2_small+efficientnet_b0+gabor+mae_base+siglip_base+swin_t,
FMD,resmlp,42,3,full,random_037,0.9700937616085241,0.97,7,5286,2.046878701003152,densenet121+dinov2_small+efficientnet_b0+eva02_base+gabor+glcm+hog,
FMD,resmlp,42,3,full,random_038,0.9748624140087557,0.975,7,3448,1.3678226820047712,beitv2_base_final+dinov2_large+gabor+glcm+lbp+mae_base+vit_b16,
FMD,resmlp,42,3,full,random_039,0.949692523992909,0.95,7,9334,2.14981167899532,deit_s+densenet121+dinov2+efficientnet_b0+glcm+hog+vgg16,
FMD,resmlp,42,3,full,random_040,0.9849937460913072,0.985,7,5010,1.4247919729968999,dinov2+dinov2_small+glcm+mae_base+resnet101+rgb_ngram_svd+swin_t,
FMD,resmlp,42,3,full,random_041,0.9949968730456537,0.995,7,3650,1.1760571339982562,dinov2_large+eva02_base+gabor+glcm+rgb_ngram_svd+swin_t+vit_b16,
FMD,resmlp,42,3,full,random_042,0.9502072724023943,0.95,7,8548,2.34128771199903,densenet121+drlbp+gabor+hog+mae_base+siglip_base+vgg16,
FMD,resmlp,42,3,full,random_043,0.9499785580273384,0.95,7,9142,1.5748606420020224,convnext_v2_t+deit_s+dinov2_large+lbp+resnet101+swin_t+vgg16,
FMD,resmlp,42,3,full,random_044,0.96496336996337,0.965,7,7728,2.339894197997637,densenet121+dinov2_large+gabor+mae_base+resnet101+resnet50+vit_b16,
FMD,resmlp,42,3,full,random_045,0.9901098901098901,0.99,7,7680,1.5924346390020219,convnext_v2_t+dinov2_large+eva02_base+resnet101+resnet50+rgb_ngram_svd+siglip_base,
FMD,resmlp,42,3,full,random_046,0.9599046478493891,0.96,7,3664,2.061858747001679,deit_s+densenet121+dinov2+dinov2_small+drlbp+mae_base+rgb_ngram_svd,
FMD,resmlp,42,3,full,random_047,0.9798525394160824,0.98,7,7194,2.148422625999956,dinov2_large+efficientnet_b0+eva02_base+hog+lbp+resnet50+rgb_ngram_svd,
FMD,resmlp,42,3,full,random_048,0.9503292236219065,0.95,7,8502,2.413398654003686,deit_s+dinov2_small+lbp+mae_base+resnet50+siglip_base+vgg16,
FMD,resmlp,42,3,full,random_049,0.9848556663704289,0.985,7,5702,1.671674526995048,convnext_v2_t+drlbp+eva02_base+glcm+hog+resnet101+rgb_ngram_svd,
FMD,resmlp,42,3,full,random_050,0.8844994308216387,0.885,7,6748,2.382358398004726,gabor+glcm+hog+lbp+mae_base+resnet101+resnet50,
FMD,resmlp,42,3,full,random_051,0.9649583621342288,0.965,7,4790,1.7537949030011077,dinov2_large+drlbp+gabor+lbp+resnet50+swin_t+vit_b16,
FMD,resmlp,42,3,full,random_052,0.959949427978953,0.96,7,8454,1.505518651996681,beitv2_base_final+dinov2_large+dinov2_small+drlbp+lbp+resnet101+vgg16,
FMD,resmlp,42,3,full,random_053,0.9545966228893061,0.955,7,4674,1.8342569759988692,densenet121+dinov2+efficientnet_b0+gabor+glcm+mae_base+vit_b16,
FMD,resmlp,42,3,full,random_054,0.9647190208165817,0.965,7,11510,1.7743496800030698,dinov2+glcm+hog+resnet101+resnet50+swin_t+vgg16,
FMD,resmlp,42,3,full,random_055,0.9498212228507479,0.95,7,8438,2.064758182001242,beitv2_base_final+convnext_v2_t+glcm+hog+rgb_ngram_svd+vgg16+vit_b16,
FMD,resmlp,42,3,full,random_056,0.9599373668693311,0.96,7,9106,2.1565130169983604,drlbp+eva02_base+gabor+glcm+resnet101+resnet50+vgg16,
FMD,resmlp,42,3,full,random_057,0.9751067631555437,0.975,7,9236,1.9469064570002956,convnext_v2_t+dinov2_large+eva02_base+gabor+hog+swin_t+vgg16,
FMD,resmlp,42,3,full,random_058,0.9848556663704289,0.985,7,7188,1.6553565620051813,dinov2+dinov2_large+eva02_base+gabor+hog+resnet101+vit_b16,
FMD,resmlp,42,3,full,random_059,0.9648436052608066,0.965,7,3510,2.094732641002338,densenet121+drlbp+gabor+lbp+mae_base+siglip_base+swin_t,
FMD,resmlp,42,3,full,random_060,0.9200369356787842,0.92,7,8978,1.7177101140041486,densenet121+glcm+mae_base+resnet101+rgb_ngram_svd+siglip_base+vgg16,
FMD,resmlp,42,3,full,random_061,0.9799686834346654,0.98,7,5760,1.6605746049972367,dinov2_small+mae_base+resnet101+rgb_ngram_svd+siglip_base+swin_t+vit_b16,
FMD,resmlp,42,3,full,random_062,0.954229679890784,0.955,7,10230,1.8691183650007588,beitv2_base_final+glcm+hog+resnet50+siglip_base+vgg16+vit_b16,
FMD,resmlp,42,3,full,random_063,0.9547695362842987,0.955,7,5814,1.6993215449983836,beitv2_base_final+convnext_v2_t+drlbp+gabor+lbp+resnet101+resnet50,
FMD,resmlp,42,3,full,random_064,0.9550848274532484,0.955,7,12516,1.6270150529962848,beitv2_base_final+convnext_v2_t+dinov2_large+hog+resnet101+resnet50+vgg16,
FMD,resmlp,42,3,full,random_065,0.9849937460913072,0.985,7,7120,1.3399986479998915,densenet121+dinov2+dinov2_small+drlbp+eva02_base+resnet101+resnet50,
FMD,resmlp,42,3,full,random_066,0.914915656744925,0.915,7,8136,1.7612011789969984,dinov2_small+efficientnet_b0+glcm+lbp+resnet101+rgb_ngram_svd+vgg16,
FMD,resmlp,42,3,full,random_067,0.9599785580273386,0.96,7,7092,1.6072309119990678,convnext_v2_t+densenet121+dinov2_large+dinov2_small+drlbp+hog+resnet50,
FMD,resmlp,42,3,full,random_068,0.9548462855073897,0.955,7,7362,1.6936624970039702,dinov2+dinov2_small+efficientnet_b0+gabor+glcm+swin_t+vgg16,
FMD,resmlp,42,3,full,random_069,0.9600785735445555,0.96,7,6144,1.331890358000237,deit_s+densenet121+dinov2+dinov2_small+resnet50+siglip_base+swin_t,
FMD,resmlp,42,3,full,random_070,0.9597050788321649,0.96,7,4930,1.3499350589991082,densenet121+eva02_base+gabor+glcm+resnet101+rgb_ngram_svd+swin_t,
FMD,resmlp,42,3,full,random_071,0.9749754310729919,0.975,7,5268,2.6151559759964584,beitv2_base_final+deit_s+gabor+hog+mae_base+siglip_base+vit_b16,
FMD,resmlp,42,3,full,random_072,0.9547190208165819,0.955,7,4912,1.865928712002642,deit_s+densenet121+dinov2_large+dinov2_small+efficientnet_b0+gabor+swin_t,
FMD,resmlp,42,3,full,random_073,0.9649807445442875,0.965,7,8320,1.632662361000257,dinov2_small+efficientnet_b0+eva02_base+rgb_ngram_svd+swin_t+vgg16+vit_b16,
FMD,resmlp,42,3,full,random_074,0.9799686834346655,0.98,7,4560,1.6414711469988106,convnext_v2_t+dinov2_large+dinov2_small+drlbp+eva02_base+mae_base+swin_t,
FMD,resmlp,42,3,full,random_075,0.9849937460913072,0.985,7,5064,1.4524923150020186,dinov2+dinov2_large+dinov2_small+glcm+lbp+resnet50+swin_t,
FMD,resmlp,42,3,full,random_076,0.9647055255399286,0.965,7,6966,1.8747017350033275,deit_s+dinov2_large+dinov2_small+lbp+rgb_ngram_svd+siglip_base+vgg16,
FMD,resmlp,42,3,full,random_077,0.9345955335493205,0.935,7,4304,1.9598788319999585,deit_s+drlbp+efficientnet_b0+rgb_ngram_svd+siglip_base+swin_t+vit_b16,
FMD,resmlp,42,3,full,random_078,0.9949968730456537,0.995,7,6832,2.0764635870000347,beitv2_base_final+dinov2_small+eva02_base+gabor+mae_base+resnet101+resnet50,
FMD,resmlp,42,3,full,random_079,0.8131470140948602,0.815,7,6316,2.291560315999959,drlbp+gabor+glcm+hog+lbp+rgb_ngram_svd+vgg16,
FMD,resmlp,42,3,full,random_080,0.9547060192695623,0.955,7,9088,1.7154920350003522,convnext_v2_t+deit_s+dinov2+resnet101+rgb_ngram_svd+vgg16+vit_b16,
FMD,resmlp,42,3,full,random_081,0.9899937460913071,0.99,7,5940,1.6078832749990397,beitv2_base_final+convnext_v2_t+dinov2+dinov2_large+drlbp+eva02_base+hog,
FMD,resmlp,42,3,full,random_082,0.959552257755082,0.96,7,8576,1.4996372309979051,beitv2_base_final+convnext_v2_t+dinov2_large+dinov2_small+swin_t+vgg16+vit_b16,
FMD,resmlp,42,3,full,random_083,0.9649534953706969,0.965,7,7012,2.315513153997017,beitv2_base_final+deit_s+dinov2_large+hog+mae_base+resnet50+rgb_ngram_svd,
FMD,resmlp,42,3,full,random_084,0.979855666370429,0.98,7,5990,1.66359691600519,dinov2+dinov2_large+efficientnet_b0+gabor+lbp+resnet50+vit_b16,
FMD,resmlp,42,3,full,random_085,0.9799937460913071,0.98,7,5192,1.5386819210034446,beitv2_base_final+convnext_v2_t+dinov2+glcm+lbp+resnet50+siglip_base,
FMD,resmlp,42,3,full,random_086,0.979855666370429,0.98,7,6736,1.4707408960020985,dinov2_large+drlbp+efficientnet_b0+eva02_base+mae_base+resnet50+vit_b16,
FMD,resmlp,42,3,full,random_087,0.9547122731782551,0.955,7,9856,2.3435582269958104,beitv2_base_final+drlbp+gabor+resnet101+resnet50+siglip_base+vgg16,
FMD,resmlp,42,3,full,random_088,0.9698404783064604,0.97,7,5448,1.4691544579982292,beitv2_base_final+dinov2_large+glcm+lbp+mae_base+resnet50+vit_b16,
FMD,resmlp,42,3,full,random_089,0.9697055255399285,0.97,7,8752,1.7535377259991947,beitv2_base_final+dinov2+dinov2_large+efficientnet_b0+gabor+mae_base+vgg16,
FMD,resmlp,42,3,full,random_090,0.9448221632881453,0.945,7,5638,1.755365417993744,deit_s+dinov2_large+drlbp+efficientnet_b0+lbp+resnet101+swin_t,
FMD,resmlp,42,3,full,random_091,0.9698404783064604,0.97,7,4930,1.717054063003161,convnext_v2_t+dinov2_large+gabor+glcm+resnet101+rgb_ngram_svd+vit_b16,
FMD,resmlp,42,3,full,random_092,0.98510989010989,0.985,7,5120,1.7189643419987988,deit_s+densenet121+dinov2+drlbp+eva02_base+gabor+resnet101,
FMD,resmlp,42,3,full,random_093,0.9702099056271072,0.97,7,3766,1.4535122879970004,beitv2_base_final+convnext_v2_t+dinov2_small+lbp+mae_base+rgb_ngram_svd+swin_t,
FMD,resmlp,42,3,full,random_094,0.9898587933247753,0.99,7,4992,1.8029507539977203,dinov2_large+drlbp+gabor+mae_base+resnet101+rgb_ngram_svd+siglip_base,
FMD,resmlp,42,3,full,random_095,0.9457524630984941,0.945,7,11392,2.1277727220003726,deit_s+efficientnet_b0+eva02_base+mae_base+resnet101+resnet50+vgg16,
FMD,resmlp,42,3,full,random_096,0.9849718103890119,0.985,7,5584,1.526041356002679,dinov2_small+drlbp+efficientnet_b0+eva02_base+resnet101+rgb_ngram_svd+vit_b16,
FMD,resmlp,42,3,full,random_097,0.9651036362011972,0.965,7,7700,1.7263597709970782,convnext_v2_t+densenet121+dinov2+efficientnet_b0+gabor+hog+resnet101,
FMD,resmlp,42,3,full,random_098,0.9899968730456535,0.99,7,5510,1.6807812089973595,dinov2+dinov2_large+drlbp+eva02_base+lbp+mae_base+resnet50,
FMD,resmlp,42,3,full,random_099,0.9649265835516843,0.965,7,7760,2.0794295220039203,dinov2_large+drlbp+mae_base+rgb_ngram_svd+siglip_base+vgg16+vit_b16,
FMD,resmlp,42,4,full,random_000,0.9602808228083626,0.96,4,3584,1.345400587997574,convnext_v2_t+dinov2+efficientnet_b0+mae_base,
FMD,resmlp,42,4,full,random_001,0.925563349339359,0.925,4,3730,1.3201962320017628,dinov2_small+efficientnet_b0+glcm+resnet50,
FMD,resmlp,42,4,full,random_002,0.940397371980499,0.94,4,4324,1.771588403993519,beitv2_base_final+densenet121+hog+mae_base,
FMD,resmlp,42,4,full,random_003,0.9553702673022313,0.955,4,3072,1.1087048310000682,dinov2+eva02_base+mae_base+vit_b16,
FMD,resmlp,42,4,full,random_004,0.9599624295259727,0.96,4,1968,1.2581180970009882,dinov2_small+eva02_base+gabor+swin_t,
FMD,resmlp,42,4,full,random_005,0.7143226940702834,0.715,4,2422,1.8743603750044713,deit_s+glcm+hog+rgb_ngram_svd,
FMD,resmlp,42,4,full,random_006,0.9599566223250434,0.96,4,2864,1.416479147002974,efficientnet_b0+eva02_base+gabor+siglip_base,
FMD,resmlp,42,4,full,random_007,0.9450385013799647,0.945,4,2352,1.225372544999118,dinov2+efficientnet_b0+gabor+rgb_ngram_svd,
FMD,resmlp,42,4,full,random_008,0.8564295866734891,0.855,4,4148,1.8117131780018099,drlbp+hog+resnet50+rgb_ngram_svd,
FMD,resmlp,42,4,full,random_009,0.9502024367171993,0.95,4,1634,1.0841076740034623,drlbp+eva02_base+glcm+swin_t,
FMD,resmlp,42,4,full,random_010,0.8965257769412857,0.895,4,2486,1.6043540350001422,deit_s+efficientnet_b0+lbp+vit_b16,
FMD,resmlp,42,4,full,random_011,0.9500894196529626,0.95,4,1840,1.727995181994629,eva02_base+gabor+rgb_ngram_svd+vit_b16,
FMD,resmlp,42,4,full,random_012,0.949963682477042,0.95,4,2432,1.4931217249977635,convnext_v2_t+densenet121+dinov2_small+rgb_ngram_svd,
FMD,resmlp,42,4,full,random_013,0.9305130692913182,0.93,4,4276,2.3318695690031745,dinov2_small+drlbp+hog+resnet101,
FMD,resmlp,42,4,full,random_014,0.9604336438854457,0.96,4,2304,1.420124873999157,beitv2_base_final+deit_s+dinov2_small+swin_t,
FMD,resmlp,42,4,full,random_015,0.9306327855694378,0.93,4,2950,1.577184572997794,convnext_v2_t+drlbp+lbp+resnet101,
FMD,resmlp,42,4,full,random_016,0.8959124358739249,0.895,4,3152,1.7126160799962236,drlbp+resnet101+rgb_ngram_svd+vit_b16,
FMD,resmlp,42,4,full,random_017,0.9373545870914292,0.935,4,5906,1.7129211490027956,dinov2_large+glcm+vgg16+vit_b16,
FMD,resmlp,42,4,full,random_018,0.941005024670817,0.94,4,2640,1.8054791940012365,beitv2_base_final+densenet121+drlbp+vit_b16,
FMD,resmlp,42,4,full,random_019,0.85627352859299,0.855,4,3610,2.474997417004488,densenet121+hog+lbp+swin_t,
FMD,resmlp,42,4,full,random_020,0.9556628049682653,0.955,4,3840,1.293325217004167,dinov2+dinov2_large+efficientnet_b0+swin_t,
FMD,resmlp,42,4,full,random_021,0.9506420757961193,0.95,4,4352,1.4712171430001035,beitv2_base_final+convnext_v2_t+resnet50+siglip_base,
FMD,resmlp,42,4,full,random_022,0.9158273665149818,0.915,4,3888,1.7273922739987029,densenet121+gabor+resnet50+vit_b16,
FMD,resmlp,42,4,full,random_023,0.9413446452278288,0.94,4,6224,1.6318971139990026,densenet121+dinov2_large+drlbp+vgg16,
FMD,resmlp,42,4,full,random_024,0.9500651252897724,0.95,4,4864,1.4997660359949805,efficientnet_b0+eva02_base+resnet50+vit_b16,
FMD,resmlp,42,4,full,random_025,0.925874186317899,0.925,4,4882,2.0524854390023393,glcm+resnet101+resnet50+vit_b16,
FMD,resmlp,42,4,full,random_026,0.9298494751575624,0.93,4,1638,1.4145553410053253,beitv2_base_final+convnext_v2_t+gabor+lbp,
FMD,resmlp,42,4,full,random_027,0.9552207517355142,0.955,4,4352,1.4093021029984811,dinov2+resnet101+siglip_base+vit_b16,
FMD,resmlp,42,4,full,random_028,0.9654994128678339,0.965,4,4884,1.8583286329958355,dinov2_large+gabor+hog+resnet50,
FMD,resmlp,42,4,full,random_029,0.9417293747781553,0.94,4,4150,1.88164841899561,densenet121+dinov2_large+lbp+resnet50,
FMD,resmlp,42,4,full,random_030,0.9550812537911384,0.955,4,3968,1.5385410859962576,dinov2_small+eva02_base+resnet101+swin_t,
FMD,resmlp,42,4,full,random_031,0.8707821119021375,0.87,4,7552,2.3746297800025786,deit_s+densenet121+resnet50+vgg16,
FMD,resmlp,42,4,full,random_032,0.9600297260232479,0.96,4,3072,1.6181000670039793,beitv2_base_final+convnext_v2_t+mae_base+vit_b16,
FMD,resmlp,42,4,full,random_033,0.9019117627824919,0.9,4,5138,1.7113671430051909,convnext_v2_t+glcm+rgb_ngram_svd+vgg16,
FMD,resmlp,42,4,full,random_034,0.9450820467508529,0.945,4,2322,1.4123338450008305,beitv2_base_final+convnext_v2_t+glcm+vit_b16,
FMD,resmlp,42,4,full,random_035,0.960075446590209,0.96,4,4068,1.713054766994901,beitv2_base_final+eva02_base+hog+swin_t,
FMD,resmlp,42,4,full,random_036,0.9603796481652707,0.96,4,4608,1.592918341004406,dinov2+dinov2_large+eva02_base+resnet101,
FMD,resmlp,42,4,full,random_037,0.9603765212109243,0.96,4,4068,1.5525984720006818,beitv2_base_final+convnext_v2_t+dinov2+hog,
FMD,resmlp,42,4,full,random_038,0.9553287298922729,0.955,4,2512,1.4080903159992886,beitv2_base_final+dinov2_small+drlbp+efficientnet_b0,
FMD,resmlp,42,4,full,random_039,0.9650547886798895,0.965,4,4324,1.4970502790019964,convnext_v2_t+dinov2_large+hog+siglip_base,
FMD,resmlp,42,4,full,random_040,0.9653765212109244,0.965,4,3920,1.5661040609993506,dinov2+dinov2_large+drlbp+resnet101,
FMD,resmlp,42,4,full,random_041,0.89718052263405,0.895,4,5522,2.0112735260045156,densenet121+dinov2_small+glcm+vgg16,
FMD,resmlp,42,4,full,random_042,0.856482773982774,0.855,4,7962,2.4252711619992624,hog+lbp+resnet50+vgg16,
FMD,resmlp,42,4,full,random_043,0.9400384660269128,0.94,4,1488,1.7455516409972915,dinov2_small+drlbp+mae_base+rgb_ngram_svd,
FMD,resmlp,42,4,full,random_044,0.9501673590363622,0.95,4,3968,1.4650065239984542,beitv2_base_final+deit_s+eva02_base+resnet101,
FMD,resmlp,42,4,full,random_045,0.9508158786015011,0.95,4,4598,2.153439686000638,beitv2_base_final+glcm+hog+resnet101,
FMD,resmlp,42,4,full,random_046,0.9101051887302896,0.91,4,1974,1.6107046739998623,convnext_v2_t+deit_s+lbp+mae_base,
FMD,resmlp,42,4,full,random_047,0.9170872139298654,0.915,4,4634,2.2155051619993174,convnext_v2_t+hog+lbp+resnet50,
FMD,resmlp,42,4,full,random_048,0.9558898210896313,0.955,4,1926,1.566244828994968,beitv2_base_final+dinov2_large+drlbp+lbp,
FMD,resmlp,42,4,full,random_049,0.9455600936088739,0.945,4,2560,1.3866144540006644,dinov2+eva02_base+mae_base+rgb_ngram_svd,
FMD,resmlp,42,4,full,random_050,0.9603796481652707,0.96,4,6656,1.6961361240028054,dinov2+dinov2_large+siglip_base+vgg16,
FMD,resmlp,42,4,full,random_051,0.9406577575897218,0.94,4,3072,1.320021651998104,efficientnet_b0+rgb_ngram_svd+siglip_base+vit_b16,
FMD,resmlp,42,4,full,random_052,0.8682489443272499,0.865,4,5778,1.8574147629988147,deit_s+efficientnet_b0+glcm+vgg16,
FMD,resmlp,42,4,full,random_053,0.9510333159292769,0.95,4,2586,1.8597824379976373,deit_s+dinov2_small+hog+lbp,
FMD,resmlp,42,4,full,random_054,0.9651928684007676,0.965,4,2864,1.5012411279967637,dinov2+efficientnet_b0+eva02_base+gabor,
FMD,resmlp,42,4,full,random_055,0.9112824851656687,0.91,4,6528,1.774627585997223,dinov2_small+efficientnet_b0+swin_t+vgg16,
FMD,resmlp,42,4,full,random_056,0.8608741780285714,0.86,4,7936,2.03226458899735,densenet121+mae_base+resnet50+vgg16,
FMD,resmlp,42,4,full,random_057,0.7412836564475327,0.74,4,2250,1.8208895510033472,deit_s+gabor+hog+lbp,
FMD,resmlp,42,4,full,random_058,0.9602897569636383,0.96,4,5888,1.3567834220011719,dinov2_large+resnet101+resnet50+siglip_base,
FMD,resmlp,42,4,full,random_059,0.9162762038832251,0.915,4,5266,1.5988580729972455,deit_s+eva02_base+glcm+vgg16,
FMD,resmlp,42,4,full,random_060,0.9366084910821753,0.935,4,3858,2.1259943900004146,densenet121+glcm+resnet50+siglip_base,
FMD,resmlp,42,4,full,random_061,0.9408245220761267,0.94,4,4114,1.5691186900003231,dinov2+efficientnet_b0+glcm+resnet50,
FMD,resmlp,42,4,full,random_062,0.9111725339581567,0.91,4,3840,1.727352914000221,mae_base+resnet50+rgb_ngram_svd+vit_b16,
FMD,resmlp,42,4,full,random_063,0.9155438585702426,0.915,4,4816,1.857754370001203,dinov2_small+drlbp+rgb_ngram_svd+vgg16,
FMD,resmlp,42,4,full,random_064,0.8556952876987719,0.855,4,7926,2.294143470993731,glcm+hog+resnet101+vgg16,
FMD,resmlp,42,4,full,random_065,0.7770357311832667,0.78,4,1926,2.3839911979957833,densenet121+drlbp+lbp+mae_base,
FMD,resmlp,42,4,full,random_066,0.9121411742047172,0.91,4,6930,1.7185926169986487,beitv2_base_final+glcm+resnet50+vgg16,
FMD,resmlp,42,4,full,random_067,0.7987284792425551,0.795,4,3574,2.410451847994409,densenet121+glcm+hog+mae_base,
FMD,resmlp,42,4,full,random_068,0.9499674684334505,0.95,4,2256,1.7238597510004183,deit_s+densenet121+drlbp+eva02_base,
FMD,resmlp,42,4,full,random_069,0.9398865113870934,0.94,4,3090,1.812189723001211,densenet121+efficientnet_b0+eva02_base+glcm,
FMD,resmlp,42,4,full,random_070,0.9699718103890118,0.97,4,2688,1.4614119339967147,dinov2+dinov2_small+eva02_base+siglip_base,
FMD,resmlp,42,4,full,random_071,0.9501956890788726,0.95,4,2322,1.4187478629974066,beitv2_base_final+dinov2+glcm+vit_b16,
FMD,resmlp,42,4,full,random_072,0.9318768309140582,0.93,4,6448,1.4320464680058649,dinov2_large+efficientnet_b0+gabor+vgg16,
FMD,resmlp,42,4,full,random_073,0.9408279397111233,0.94,4,3940,1.689305391999369,convnext_v2_t+densenet121+dinov2_small+hog,
FMD,resmlp,42,4,full,random_074,0.9121411742047172,0.91,4,6930,1.4413915060067666,beitv2_base_final+glcm+resnet50+vgg16,
FMD,resmlp,42,4,full,random_075,0.9503884378252231,0.95,4,3968,1.2447912669958896,beitv2_base_final+convnext_v2_t+dinov2_small+resnet101,
FMD,resmlp,42,4,full,random_076,0.9259569028888668,0.925,4,6016,1.3595798829992418,convnext_v2_t+deit_s+eva02_base+vgg16,
FMD,resmlp,42,4,full,random_077,0.8417868388921022,0.84,4,5558,1.8748451499996008,deit_s+densenet121+lbp+vgg16,
FMD,resmlp,42,4,full,random_078,0.8820260587365851,0.88,4,2934,2.222376523001003,deit_s+glcm+hog+vit_b16,
FMD,resmlp,42,4,full,random_079,0.9512081312081312,0.95,4,1104,1.4821065809956053,deit_s+dinov2_small+drlbp+rgb_ngram_svd,
FMD,resmlp,42,4,full,random_080,0.96042470973017,0.96,4,2230,1.4463927920005517,deit_s+dinov2+dinov2_large+lbp,
FMD,resmlp,42,4,full,random_081,0.9400800387899233,0.94,4,7680,1.793462580004416,eva02_base+resnet50+siglip_base+vgg16,
FMD,resmlp,42,4,full,random_082,0.9552215200289653,0.955,4,2578,1.4527839089932968,dinov2+dinov2_large+glcm+mae_base,
FMD,resmlp,42,4,full,random_083,0.9358859782351437,0.935,4,4352,1.658105232003436,convnext_v2_t+mae_base+resnet50+swin_t,
FMD,resmlp,42,4,full,random_084,0.9456510099513951,0.945,4,2688,1.8212956419956754,convnext_v2_t+deit_s+mae_base+vit_b16,
FMD,resmlp,42,4,full,random_085,0.9110831627519689,0.91,4,3920,2.3998391130007803,densenet121+drlbp+resnet50+vit_b16,
FMD,resmlp,42,4,full,random_086,0.9409730313902329,0.94,4,5632,1.5668926109938184,deit_s+dinov2+dinov2_small+vgg16,
FMD,resmlp,42,4,full,random_087,0.9559141678461319,0.955,4,2560,1.3591189670041786,deit_s+dinov2_large+dinov2_small+mae_base,
FMD,resmlp,42,4,full,random_088,0.9503483315999363,0.95,4,2864,1.4771474090011907,efficientnet_b0+eva02_base+gabor+vit_b16,
FMD,resmlp,42,4,full,random_089,0.9603796481652707,0.96,4,4068,1.508932625001762,beitv2_base_final+dinov2+eva02_base+hog,
FMD,resmlp,42,4,full,random_090,0.9308780350019863,0.93,4,3254,1.9405155470012687,dinov2_small+lbp+mae_base+resnet50,
FMD,resmlp,42,4,full,random_091,0.9453163709774749,0.945,4,3920,1.5277448849956272,dinov2_large+drlbp+resnet101+vit_b16,
FMD,resmlp,42,4,full,random_092,0.9351115655287672,0.935,4,3574,2.0611312659966643,convnext_v2_t+densenet121+glcm+hog,
FMD,resmlp,42,4,full,random_093,0.9507823420339466,0.95,4,4580,1.7903228880022652,beitv2_base_final+efficientnet_b0+hog+vit_b16,
FMD,resmlp,42,4,full,random_094,0.9357988096627379,0.935,4,3504,1.4172944899983122,densenet121+dinov2_small+gabor+resnet101,
FMD,resmlp,42,4,full,random_095,0.9366232017719434,0.935,4,3072,1.532517954998184,deit_s+dinov2_small+resnet50+rgb_ngram_svd,
FMD,resmlp,42,4,full,random_096,0.9602368802368803,0.96,4,3348,1.8685341169984895,gabor+hog+siglip_base+vit_b16,
FMD,resmlp,42,4,full,random_097,0.9358497489250406,0.935,4,6400,1.6922058659984032,dinov2+siglip_base+vgg16+vit_b16,
FMD,resmlp,42,4,full,random_098,0.9408835671809385,0.94,4,7296,2.123708061997604,dinov2_small+resnet101+siglip_base+vgg16,
FMD,resmlp,42,4,full,random_099,0.8998959363883026,0.9,4,2146,1.697557110004709,drlbp+efficientnet_b0+glcm+vit_b16,
FMD,resmlp,123,0,full,random_000,0.9399033700574135,0.94,5,2864,1.1392874110024422,convnext_v2_t+deit_s+dinov2_small+efficientnet_b0+gabor,
FMD,resmlp,123,0,full,random_001,0.9552183930746189,0.955,5,7652,1.5242830729985144,beitv2_base_final+dinov2_large+hog+resnet101+resnet50,
FMD,resmlp,123,0,full,random_002,0.9599744906355945,0.96,5,4736,1.834741220001888,deit_s+efficientnet_b0+eva02_base+resnet101+rgb_ngram_svd,
FMD,resmlp,123,0,full,random_003,0.9649776175899412,0.965,5,4626,1.2247007609985303,convnext_v2_t+dinov2_large+eva02_base+glcm+resnet101,
FMD,resmlp,123,0,full,random_004,0.9552546040521083,0.955,5,9728,1.8027939849998802,beitv2_base_final+resnet101+resnet50+siglip_base+vgg16,
FMD,resmlp,123,0,full,random_005,0.9700995688094534,0.97,5,3024,1.6238929419996566,deit_s+densenet121+dinov2+drlbp+siglip_base,
FMD,resmlp,123,0,full,random_006,0.9603148196202799,0.96,5,5522,1.352584863001539,deit_s+dinov2_large+glcm+resnet101+resnet50,
FMD,resmlp,123,0,full,random_007,0.9656365521513146,0.965,5,5168,1.4538835950006614,dinov2_large+efficientnet_b0+gabor+mae_base+resnet50,
FMD,resmlp,123,0,full,random_008,0.9003589100957523,0.9,5,5650,1.8431045969991828,glcm+mae_base+resnet101+resnet50+swin_t,
FMD,resmlp,123,0,full,random_009,0.9649088937971525,0.965,5,5314,1.5835597350014723,dinov2+dinov2_small+gabor+glcm+vgg16,
FMD,resmlp,123,0,full,random_010,0.9749785580273386,0.975,5,4656,1.3391781039972557,dinov2_large+eva02_base+gabor+resnet101+swin_t,
FMD,resmlp,123,0,full,random_011,0.9199564653736669,0.92,5,5990,2.1980770739974105,convnext_v2_t+densenet121+gabor+lbp+vgg16,
FMD,resmlp,123,0,full,random_012,0.9700579156342357,0.97,5,4096,1.8498008259994094,dinov2_large+mae_base+siglip_base+swin_t+vit_b16,
FMD,resmlp,123,0,full,random_013,0.9649744906355945,0.965,5,3858,1.5729355910007143,dinov2+glcm+resnet101+rgb_ngram_svd+vit_b16,
FMD,resmlp,123,0,full,random_014,0.8230551963336991,0.825,5,5254,1.8682360950042494,drlbp+lbp+mae_base+rgb_ngram_svd+vgg16,
FMD,resmlp,123,0,full,random_015,0.9649624295259723,0.965,5,2896,1.6171336059996975,beitv2_base_final+densenet121+drlbp+rgb_ngram_svd+siglip_base,
FMD,resmlp,123,0,full,random_016,0.9500812537911383,0.95,5,2406,1.4385254209992127,convnext_v2_t+eva02_base+gabor+lbp+mae_base,
FMD,resmlp,123,0,full,random_017,0.9448503528991333,0.945,5,5428,1.7626191560048028,drlbp+hog+mae_base+resnet101+siglip_base,
FMD,resmlp,123,0,full,random_018,0.9600536894439333,0.96,5,4864,1.362651483999798,beitv2_base_final+densenet121+resnet50+rgb_ngram_svd+swin_t,
FMD,resmlp,123,0,full,random_019,0.9649776175899412,0.965,5,3200,1.3986136189996614,deit_s+densenet121+eva02_base+rgb_ngram_svd+siglip_base,
FMD,resmlp,123,0,full,random_020,0.9206251459181571,0.92,5,2742,1.1766312020045007,deit_s+lbp+mae_base+swin_t+vit_b16,
FMD,resmlp,123,0,full,random_021,0.9346054081419934,0.935,5,8164,1.815499648997502,beitv2_base_final+hog+mae_base+swin_t+vgg16,
FMD,resmlp,123,0,full,random_022,0.9650646632725625,0.965,5,5632,1.5007005279985606,densenet121+dinov2_large+eva02_base+resnet50+swin_t,
FMD,resmlp,123,0,full,random_023,0.9698404783064604,0.97,5,4096,1.2259894059970975,convnext_v2_t+dinov2_large+eva02_base+swin_t+vit_b16,
FMD,resmlp,123,0,full,random_024,0.9202833089033344,0.92,5,2376,1.5642012669995893,glcm+lbp+mae_base+swin_t+vit_b16,
FMD,resmlp,123,0,full,random_025,0.965189741446421,0.965,5,6162,1.5953266529977554,dinov2_large+glcm+mae_base+rgb_ngram_svd+vgg16,
FMD,resmlp,123,0,full,random_026,0.9549784105496556,0.955,5,5604,1.9613398840010632,densenet121+dinov2+efficientnet_b0+hog+swin_t,
FMD,resmlp,123,0,full,random_027,0.8962801312223648,0.895,5,3174,1.8961133169941604,densenet121+efficientnet_b0+gabor+lbp+vit_b16,
FMD,resmlp,123,0,full,random_028,0.9702313946216385,0.97,5,5732,2.0019294189987704,dinov2_small+eva02_base+hog+mae_base+resnet50,
FMD,resmlp,123,0,full,random_029,0.9251163927970806,0.925,5,5968,1.704583459002606,drlbp+rgb_ngram_svd+swin_t+vgg16+vit_b16,
FMD,resmlp,123,0,full,random_030,0.9602130325814535,0.96,5,4150,1.3345302430025185,convnext_v2_t+dinov2_large+lbp+resnet101+rgb_ngram_svd,
FMD,resmlp,123,0,full,random_031,0.9655578909750926,0.965,5,5120,1.5406248969957232,beitv2_base_final+dinov2+efficientnet_b0+resnet50+rgb_ngram_svd,
FMD,resmlp,123,0,full,random_032,0.9603448583936387,0.96,5,7652,1.8706729270052165,dinov2+dinov2_large+hog+resnet101+resnet50,
FMD,resmlp,123,0,full,random_033,0.9698373513521139,0.97,5,8164,1.8826538619978237,dinov2+eva02_base+hog+swin_t+vgg16,
FMD,resmlp,123,0,full,random_034,0.9204193645464507,0.92,5,3686,1.908074722996389,gabor+lbp+mae_base+resnet101+vit_b16,
FMD,resmlp,123,0,full,random_035,0.9402828505267531,0.94,5,6528,1.6747884129945305,convnext_v2_t+dinov2_small+efficientnet_b0+resnet101+resnet50,
FMD,resmlp,123,0,full,random_036,0.9554417469565095,0.955,5,6528,1.101357524006744,dinov2+dinov2_small+efficientnet_b0+resnet101+resnet50,
FMD,resmlp,123,0,full,random_037,0.9553884378252231,0.955,5,4372,1.1704048060055356,beitv2_base_final+dinov2_large+gabor+hog+vit_b16,
FMD,resmlp,123,0,full,random_038,0.9500785735445554,0.95,5,7010,1.4841126320025069,dinov2+drlbp+glcm+resnet101+vgg16,
FMD,resmlp,123,0,full,random_039,0.9653354775305993,0.965,5,1608,1.2212557890015887,convnext_v2_t+deit_s+dinov2_small+glcm+lbp,
FMD,resmlp,123,0,full,random_040,0.9399851922486786,0.94,5,8960,1.8411140129974228,dinov2+efficientnet_b0+resnet101+swin_t+vgg16,
FMD,resmlp,123,0,full,random_041,0.9702027429934406,0.97,5,4480,1.4841635179982404,deit_s+densenet121+dinov2_large+efficientnet_b0+eva02_base,
FMD,resmlp,123,0,full,random_042,0.9752345215759849,0.975,5,2048,1.2724359939966234,convnext_v2_t+dinov2+dinov2_small+drlbp+gabor,
FMD,resmlp,123,0,full,random_043,0.9651866144920748,0.965,5,2944,1.3967592049957602,densenet121+dinov2_large+drlbp+gabor+swin_t,
FMD,resmlp,123,0,full,random_044,0.9650817004989019,0.965,5,5376,1.5466340189959737,beitv2_base_final+densenet121+resnet101+siglip_base+vit_b16,
FMD,resmlp,123,0,full,random_045,0.9801928684007676,0.98,5,2248,1.3560550719994353,beitv2_base_final+deit_s+dinov2_large+glcm+lbp,
FMD,resmlp,123,0,full,random_046,0.9601024211999821,0.96,5,5730,1.6957937859988306,dinov2+drlbp+glcm+swin_t+vgg16,
FMD,resmlp,123,0,full,random_047,0.9109304060651944,0.91,5,3248,1.3954953150023357,deit_s+efficientnet_b0+gabor+swin_t+vit_b16,
FMD,resmlp,123,0,full,random_048,0.970179866853748,0.97,5,3152,1.7467094379971968,densenet121+dinov2_large+drlbp+mae_base+rgb_ngram_svd,
FMD,resmlp,123,0,full,random_049,0.9500964418551068,0.95,5,2992,1.5430220550042577,deit_s+densenet121+eva02_base+gabor+swin_t,
FMD,resmlp,123,0,full,random_050,0.9548525394160823,0.955,5,3372,1.9197649029956665,eva02_base+glcm+hog+lbp+swin_t,
FMD,resmlp,123,0,full,random_051,0.9300385013799646,0.93,5,7734,1.586955319995468,beitv2_base_final+lbp+resnet50+swin_t+vgg16,
FMD,resmlp,123,0,full,random_052,0.964837351352114,0.965,5,3702,1.8269594789962866,dinov2_small+eva02_base+glcm+hog+vit_b16,
FMD,resmlp,123,0,full,random_053,0.9653256029379265,0.965,5,3968,1.3103194609939237,beitv2_base_final+deit_s+dinov2+efficientnet_b0+siglip_base,
FMD,resmlp,123,0,full,random_054,0.960228267667292,0.96,5,6418,1.6591889210030786,convnext_v2_t+glcm+siglip_base+vgg16+vit_b16,
FMD,resmlp,123,0,full,random_055,0.9650995688094532,0.965,5,2310,1.507575159004773,densenet121+dinov2+dinov2_small+drlbp+lbp,
FMD,resmlp,123,0,full,random_056,0.9654668096131511,0.965,5,4020,1.5838183390005725,deit_s+densenet121+dinov2+drlbp+hog,
FMD,resmlp,123,0,full,random_057,0.9748404783064603,0.975,5,3968,1.267231409001397,beitv2_base_final+dinov2_small+efficientnet_b0+eva02_base+siglip_base,
FMD,resmlp,123,0,full,random_058,0.9597755022837866,0.96,5,3536,1.3959836829963024,deit_s+dinov2_large+drlbp+efficientnet_b0+vit_b16,
FMD,resmlp,123,0,full,random_059,0.9601420905592921,0.96,5,4992,1.421105883004202,deit_s+densenet121+resnet50+siglip_base+vit_b16,
FMD,resmlp,123,0,full,random_060,0.9649744906355945,0.965,5,7728,1.845193688001018,dinov2+gabor+resnet50+siglip_base+vgg16,
FMD,resmlp,123,0,full,random_061,0.9101507477406813,0.91,5,7248,2.0441631360008614,convnext_v2_t+drlbp+resnet50+rgb_ngram_svd+vgg16,
FMD,resmlp,123,0,full,random_062,0.9601438620809011,0.96,5,5552,1.6641893099949812,deit_s+gabor+rgb_ngram_svd+siglip_base+vgg16,
FMD,resmlp,123,0,full,random_063,0.9748624140087554,0.975,5,3866,1.7897092149942182,dinov2_large+eva02_base+hog+lbp+rgb_ngram_svd,
FMD,resmlp,123,0,full,random_064,0.9553403442941313,0.955,5,3382,1.4972326520000934,convnext_v2_t+densenet121+eva02_base+lbp+vit_b16,
FMD,resmlp,123,0,full,random_065,0.9499530486629333,0.95,5,4224,1.2669097809994128,convnext_v2_t+deit_s+eva02_base+resnet50+rgb_ngram_svd,
FMD,resmlp,123,0,full,random_066,0.9749785580273386,0.975,5,3664,1.4284210670011817,dinov2+drlbp+efficientnet_b0+eva02_base+siglip_base,
FMD,resmlp,123,0,full,random_067,0.9502125858736898,0.95,5,4964,1.747453220996249,deit_s+efficientnet_b0+eva02_base+hog+swin_t,
FMD,resmlp,123,0,full,random_068,0.98510989010989,0.985,5,3434,2.028182267997181,dinov2+drlbp+hog+lbp+siglip_base,
FMD,resmlp,123,0,full,random_069,0.9698404783064604,0.97,5,6372,1.6714388789987424,convnext_v2_t+dinov2_large+eva02_base+hog+resnet50,
FMD,resmlp,123,0,full,random_070,0.9649583621342284,0.965,5,2438,1.3375319340048009,convnext_v2_t+dinov2+drlbp+lbp+siglip_base,
FMD,resmlp,123,0,full,random_071,0.9348580546440056,0.935,5,7186,1.6992238699967857,dinov2_large+efficientnet_b0+glcm+swin_t+vgg16,
FMD,resmlp,123,0,full,random_072,0.9249467947542402,0.925,5,3610,1.9787967189986375,convnext_v2_t+hog+lbp+rgb_ngram_svd+swin_t,
FMD,resmlp,123,0,full,random_073,0.9500013207500444,0.95,5,7780,2.0124982909983373,beitv2_base_final+dinov2_small+hog+swin_t+vgg16,
FMD,resmlp,123,0,full,random_074,0.950258684405026,0.95,5,2760,1.3295132150014979,deit_s+dinov2_large+efficientnet_b0+glcm+lbp,
FMD,resmlp,123,0,full,random_075,0.9454990100625531,0.945,5,2962,1.1718770010047592,beitv2_base_final+drlbp+gabor+glcm+resnet101,
FMD,resmlp,123,0,full,random_076,0.9652067786727606,0.965,5,3152,1.0556062889954774,beitv2_base_final+convnext_v2_t+drlbp+eva02_base+mae_base,
FMD,resmlp,123,0,full,random_077,0.9550964418551068,0.955,5,3638,1.1542948150017764,beitv2_base_final+convnext_v2_t+efficientnet_b0+lbp+vit_b16,
FMD,resmlp,123,0,full,random_078,0.9700579156342357,0.97,5,5248,1.0502187629972468,deit_s+densenet121+dinov2_large+resnet50+swin_t,
FMD,resmlp,123,0,full,random_079,0.9553983124178963,0.955,5,4144,1.2398620509993634,dinov2_large+gabor+resnet50+rgb_ngram_svd+swin_t,
FMD,resmlp,123,0,full,random_080,0.9649776175899412,0.965,5,4352,1.3572737439972116,beitv2_base_final+densenet121+dinov2_large+eva02_base+vit_b16,
FMD,resmlp,123,0,full,random_081,0.9600615363182159,0.96,5,9444,1.9587087280015112,dinov2+eva02_base+hog+resnet50+vgg16,
FMD,resmlp,123,0,full,random_082,0.940206331964997,0.94,5,7984,1.6471435969942831,densenet121+eva02_base+gabor+resnet50+vgg16,
FMD,resmlp,123,0,full,random_083,0.9701125703564728,0.97,5,3894,1.5814128689962672,dinov2+lbp+mae_base+resnet50+rgb_ngram_svd,
FMD,resmlp,123,0,full,random_084,0.9108665337806754,0.91,5,2194,1.2958434770043823,convnext_v2_t+deit_s+glcm+rgb_ngram_svd+vit_b16,
FMD,resmlp,123,0,full,random_085,0.9751959953551139,0.975,5,7168,1.6379184600009467,dinov2_large+efficientnet_b0+resnet101+resnet50+siglip_base,
FMD,resmlp,123,0,full,random_086,0.9550624450431895,0.955,5,7706,2.252567044000898,dinov2_large+hog+lbp+vgg16+vit_b16,
FMD,resmlp,123,0,full,random_087,0.9749686834346655,0.975,5,2706,1.4064668220016756,convnext_v2_t+deit_s+dinov2+eva02_base+glcm,
FMD,resmlp,123,0,full,random_088,0.9299342399149845,0.93,5,7698,1.6851500260017929,convnext_v2_t+glcm+resnet50+vgg16+vit_b16,
FMD,resmlp,123,0,full,random_089,0.9799718103890118,0.98,5,3504,1.5423680570020224,dinov2_large+dinov2_small+efficientnet_b0+gabor+siglip_base,
FMD,resmlp,123,0,full,random_090,0.9552067786727607,0.955,5,3072,1.5223845509972307,convnext_v2_t+deit_s+dinov2_small+eva02_base+vit_b16,
FMD,resmlp,123,0,full,random_091,0.8941399464891122,0.895,5,5186,1.6161875859979773,gabor+glcm+rgb_ngram_svd+vgg16+vit_b16,
FMD,resmlp,123,0,full,random_092,0.9699754310729922,0.97,5,4278,1.405794947000686,deit_s+dinov2_large+eva02_base+lbp+resnet101,
FMD,resmlp,123,0,full,random_093,0.965061536318216,0.965,5,7040,1.3823862629942596,deit_s+dinov2+dinov2_large+swin_t+vgg16,
FMD,resmlp,123,0,full,random_094,0.9749785580273386,0.975,5,6352,1.37866442300583,dinov2+dinov2_large+dinov2_small+drlbp+vgg16,
FMD,resmlp,123,0,full,random_095,0.8845495240745562,0.885,5,2438,1.5305373959999997,convnext_v2_t+drlbp+efficientnet_b0+lbp+rgb_ngram_svd,
FMD,resmlp,123,0,full,random_096,0.9649776175899412,0.965,5,3764,1.6786684069957118,dinov2_small+drlbp+eva02_base+hog+vit_b16,
FMD,resmlp,123,0,full,random_097,0.9150468102714573,0.915,5,4560,1.541002676996868,convnext_v2_t+deit_s+drlbp+efficientnet_b0+resnet101,
FMD,resmlp,123,0,full,random_098,0.9649259310234919,0.965,5,5860,1.905940714997996,densenet121+hog+resnet50+rgb_ngram_svd+siglip_base,
FMD,resmlp,123,0,full,random_099,0.8384522024333053,0.84,5,1736,1.973101907002274,deit_s+densenet121+glcm+lbp+rgb_ngram_svd,
FMD,resmlp,123,1,full,random_000,0.9599602430090235,0.96,2,1792,1.1901621549986885,dinov2+dinov2_large,
FMD,resmlp,123,1,full,random_001,0.2835575057126781,0.305,2,128,1.8690947190043516,drlbp+gabor,
FMD,resmlp,123,1,full,random_002,0.9143529008534831,0.915,2,438,1.267612964998989,dinov2_small+lbp,
FMD,resmlp,123,1,full,random_003,0.2940297035132876,0.335,2,98,1.8603868589998456,drlbp+glcm,
FMD,resmlp,123,1,full,random_004,0.6097871238399909,0.615,2,2532,1.3460367279985803,hog+mae_base,
FMD,resmlp,123,1,full,random_005,0.9042395464346684,0.905,2,1536,1.2443749790036236,convnext_v2_t+swin_t,
FMD,resmlp,123,1,full,random_006,0.9492922268146915,0.95,2,1536,1.5376251570050954,siglip_base+vit_b16,
FMD,resmlp,123,1,full,random_007,0.19807621969339545,0.205,2,1812,2.181917321002402,gabor+hog,
FMD,resmlp,123,1,full,random_008,0.8998942795270825,0.9,2,2816,1.4137125339984777,convnext_v2_t+resnet50,
FMD,resmlp,123,1,full,random_009,0.9453575471905472,0.945,2,4864,1.5471276020034566,siglip_base+vgg16,
FMD,resmlp,123,1,full,random_010,0.3598171484355138,0.365,2,310,1.3870739420017344,lbp+rgb_ngram_svd,
FMD,resmlp,123,1,full,random_011,0.8702638271765357,0.87,2,4864,1.4193425580015173,vgg16+vit_b16,
FMD,resmlp,123,1,full,random_012,0.6097871238399909,0.615,2,2532,1.2551590460061561,hog+mae_base,
FMD,resmlp,123,1,full,random_013,0.8191599776861143,0.82,2,1024,1.641113318997668,rgb_ngram_svd+vit_b16,
FMD,resmlp,123,1,full,random_014,0.9549999751590939,0.955,2,1536,1.1523873199985246,eva02_base+swin_t,
FMD,resmlp,123,1,full,random_015,0.9501013022065653,0.95,2,2816,1.3101211350003723,resnet50+siglip_base,
FMD,resmlp,123,1,full,random_016,0.9245166916953942,0.925,2,1664,1.1603355690022,dinov2_small+efficientnet_b0,
FMD,resmlp,123,1,full,random_017,0.8091042857868459,0.81,2,1536,1.6592804600004456,efficientnet_b0+rgb_ngram_svd,
FMD,resmlp,123,1,full,random_018,0.9596961446768892,0.96,2,1536,1.3653060380020179,convnext_v2_t+eva02_base,
FMD,resmlp,123,1,full,random_019,0.8905968172463681,0.89,2,816,1.369288810994476,convnext_v2_t+gabor,
FMD,resmlp,123,1,full,random_020,0.7838455182999471,0.785,2,1280,2.0341996350034606,densenet121+rgb_ngram_svd,
FMD,resmlp,123,1,full,random_021,0.9548066600505625,0.955,2,5120,1.2846039649957675,dinov2_large+vgg16,
FMD,resmlp,123,1,full,random_022,0.9399338249196447,0.94,2,1536,1.276643769000657,convnext_v2_t+dinov2,
FMD,resmlp,123,1,full,random_023,0.9799906191369606,0.98,2,786,1.4214668639979209,glcm+siglip_base,
FMD,resmlp,123,1,full,random_024,0.9303360374189105,0.93,2,1152,1.4561592359968927,dinov2_small+swin_t,
FMD,resmlp,123,1,full,random_025,0.6097871238399909,0.615,2,2532,1.250036530997022,hog+mae_base,
FMD,resmlp,123,1,full,random_026,0.8348421677585482,0.835,2,4480,1.6877722380013438,deit_s+vgg16,
FMD,resmlp,123,1,full,random_027,0.9599602430090235,0.96,2,1792,1.3524540759972297,dinov2+dinov2_large,
FMD,resmlp,123,1,full,random_028,0.9449552351798822,0.945,2,1536,1.2320833940029843,dinov2+mae_base,
FMD,resmlp,123,1,full,random_029,0.8503476096426926,0.85,2,2048,1.7239186950027943,efficientnet_b0+mae_base,
FMD,resmlp,123,1,full,random_030,0.9403816901868967,0.94,2,2432,1.2095674829979544,dinov2_small+resnet101,
FMD,resmlp,123,1,full,random_031,0.979855666370429,0.98,2,1536,0.9944139910003287,mae_base+siglip_base,
FMD,resmlp,123,1,full,random_032,0.7967153882943356,0.795,2,4150,2.087909387999389,lbp+vgg16,
FMD,resmlp,123,1,full,random_033,0.8433803174432185,0.845,2,1664,1.792867167001532,deit_s+efficientnet_b0,
FMD,resmlp,123,1,full,random_034,0.8010942999529258,0.8,2,5860,2.416013402995304,hog+vgg16,
FMD,resmlp,123,1,full,random_035,0.9500956735616557,0.95,2,2816,1.4452273559945752,eva02_base+resnet101,
FMD,resmlp,123,1,full,random_036,0.8856412433228268,0.885,2,1152,1.4624416180013213,convnext_v2_t+deit_s,
FMD,resmlp,123,1,full,random_037,0.9650973822925042,0.965,2,3072,1.4391171890019905,dinov2_large+resnet101,
FMD,resmlp,123,1,full,random_038,0.9549566223250434,0.955,2,1104,1.337362514997949,dinov2_large+drlbp,
FMD,resmlp,123,1,full,random_039,0.8645287644196502,0.865,2,3328,1.5414609550061869,efficientnet_b0+resnet101,
FMD,resmlp,123,1,full,random_040,0.964999975159094,0.965,2,2816,1.5597509010040085,resnet101+siglip_base,
FMD,resmlp,123,1,full,random_041,0.8177536113021899,0.82,2,2096,1.9032619090066873,gabor+resnet50,
FMD,resmlp,123,1,full,random_042,0.8010942999529258,0.8,2,5860,2.438747358006367,hog+vgg16,
FMD,resmlp,123,1,full,random_043,0.9399338249196447,0.94,2,1536,1.382638313996722,convnext_v2_t+dinov2,
FMD,resmlp,123,1,full,random_044,0.9749754310729919,0.975,2,1792,1.2072571749959025,dinov2_large+eva02_base,
FMD,resmlp,123,1,full,random_045,0.8496677460092095,0.85,2,822,1.6748137090035016,lbp+vit_b16,
FMD,resmlp,123,1,full,random_046,0.889957577525121,0.89,2,1792,1.6017042979947291,convnext_v2_t+densenet121,
FMD,resmlp,123,1,full,random_047,0.964843158553043,0.965,2,1072,1.0802579500013962,dinov2_large+gabor,
FMD,resmlp,123,1,full,random_048,0.7593628892030242,0.76,2,432,1.715495793003356,deit_s+gabor,
FMD,resmlp,123,1,full,random_049,0.9255181259353276,0.925,2,4864,1.5082826869984274,dinov2+vgg16,
FMD,resmlp,123,1,full,random_050,0.7838455182999471,0.785,2,1280,2.043945874000201,densenet121+rgb_ngram_svd,
FMD,resmlp,123,1,full,random_051,0.8496411733800093,0.85,2,1298,1.6645115290011745,efficientnet_b0+glcm,
FMD,resmlp,123,1,full,random_052,0.8351253307649402,0.835,2,6144,1.9879406620020745,resnet50+vgg16,
FMD,resmlp,123,1,full,random_053,0.2974372130489152,0.305,2,2020,2.082913842998096,hog+rgb_ngram_svd,
FMD,resmlp,123,1,full,random_054,0.9751156973108193,0.975,2,848,1.3567595290005556,drlbp+siglip_base,
FMD,resmlp,123,1,full,random_055,0.8417461716619343,0.845,2,2102,1.9095224409975344,lbp+resnet50,
FMD,resmlp,123,1,full,random_056,0.9646878357853967,0.965,2,1536,1.5745505829981994,eva02_base+mae_base,
FMD,resmlp,123,1,full,random_057,0.9141479713430932,0.915,2,1408,1.7152697700003046,densenet121+dinov2_small,
FMD,resmlp,123,1,full,random_058,0.9300396000396001,0.93,2,2816,1.4525746650033398,dinov2+resnet50,
FMD,resmlp,123,1,full,random_059,0.2600813615694607,0.29,2,66,2.060040538002795,gabor+glcm,
FMD,resmlp,123,1,full,random_060,0.9446057731451946,0.945,2,1024,1.205806282996491,dinov2+rgb_ngram_svd,
FMD,resmlp,123,1,full,random_061,0.2940297035132876,0.335,2,98,1.7353978000028292,drlbp+glcm,
FMD,resmlp,123,1,full,random_062,0.8286184870476326,0.83,2,2432,1.7162068210018333,deit_s+resnet50,
FMD,resmlp,123,1,full,random_063,0.2835575057126781,0.305,2,128,1.8549447149998741,drlbp+gabor,
FMD,resmlp,123,1,full,random_064,0.8817203838962504,0.88,2,2532,1.8210255459998734,beitv2_base_final+hog,
FMD,resmlp,123,1,full,random_065,0.8116079077568166,0.81,2,1042,2.1302738070007763,densenet121+glcm,
FMD,resmlp,123,1,full,random_066,0.8862695830140674,0.885,2,2816,1.1908172240000567,resnet101+vit_b16,
FMD,resmlp,123,1,full,random_067,0.9451320275688129,0.945,2,1152,1.2203192349988967,dinov2+dinov2_small,
FMD,resmlp,123,1,full,random_068,0.9450447199356058,0.945,2,816,1.390399880001496,dinov2+gabor,
FMD,resmlp,123,1,full,random_069,0.889957577525121,0.89,2,1792,1.7746990140003618,convnext_v2_t+densenet121,
FMD,resmlp,123,1,full,random_070,0.9141479713430932,0.915,2,1408,1.8535390840042965,densenet121+dinov2_small,
FMD,resmlp,123,1,full,random_071,0.9597023985855822,0.96,2,1042,1.6151673840067815,dinov2_large+glcm,
FMD,resmlp,123,1,full,random_072,0.9649593025716261,0.965,2,2788,2.22997224899882,dinov2_large+hog,
FMD,resmlp,123,1,full,random_073,0.2940297035132876,0.335,2,98,1.8721133729995927,drlbp+glcm,
FMD,resmlp,123,1,full,random_074,0.8711766611341201,0.87,2,786,1.9428577769940603,glcm+swin_t,
FMD,resmlp,123,1,full,random_075,0.889957577525121,0.89,2,1792,1.8525725779982167,convnext_v2_t+densenet121,
FMD,resmlp,123,1,full,random_076,0.9598905787788375,0.96,2,2816,1.3929728899965994,eva02_base+resnet50,
FMD,resmlp,123,1,full,random_077,0.9453955401323823,0.945,2,2304,1.1964761720009847,dinov2_large+efficientnet_b0,
FMD,resmlp,123,1,full,random_078,0.19807621969339545,0.205,2,1812,1.8957807420010795,gabor+hog,
FMD,resmlp,123,1,full,random_079,0.9751156973108193,0.975,2,848,1.2997663740025018,drlbp+siglip_base,
FMD,resmlp,123,1,full,random_080,0.9801036362011972,0.98,2,816,1.5441054539987817,gabor+siglip_base,
FMD,resmlp,123,1,full,random_081,0.8645287644196502,0.865,2,3328,1.6679453139950056,efficientnet_b0+resnet101,
FMD,resmlp,123,1,full,random_082,0.9245166916953942,0.925,2,1664,1.1341284869995434,dinov2_small+efficientnet_b0,
FMD,resmlp,123,1,full,random_083,0.9646878357853967,0.965,2,816,1.2669168440042995,eva02_base+gabor,
FMD,resmlp,123,1,full,random_084,0.8516708264076686,0.85,2,2128,1.4783959170017624,drlbp+resnet101,
FMD,resmlp,123,1,full,random_085,0.2974372130489152,0.305,2,2020,1.9229789950040868,hog+rgb_ngram_svd,
FMD,resmlp,123,1,full,random_086,0.9141479713430932,0.915,2,1408,1.677861074997054,densenet121+dinov2_small,
FMD,resmlp,123,1,full,random_087,0.9499571160546771,0.95,2,1792,1.4487934880016837,densenet121+dinov2,
FMD,resmlp,123,1,full,random_088,0.910601324390619,0.91,2,848,1.8259572210008628,beitv2_base_final+drlbp,
FMD,resmlp,123,1,full,random_089,0.7838455182999471,0.785,2,1280,2.117809596005827,densenet121+rgb_ngram_svd,
FMD,resmlp,123,1,full,random_090,0.9548869580948572,0.955,2,2048,1.1926232199984952,efficientnet_b0+eva02_base,
FMD,resmlp,123,1,full,random_091,0.9403816901868967,0.94,2,2432,1.5535897480003769,dinov2_small+resnet101,
FMD,resmlp,123,1,full,random_092,0.9396585271809919,0.94,2,2148,2.173853054002393,dinov2_small+hog,
FMD,resmlp,123,1,full,random_093,0.2940297035132876,0.335,2,98,1.830512100001215,drlbp+glcm,
FMD,resmlp,123,1,full,random_094,0.9748556663704289,0.975,2,2532,2.0380158339976333,eva02_base+hog,
FMD,resmlp,123,1,full,random_095,0.9100042636807124,0.91,2,768,1.1997871530038537,deit_s+dinov2_small,
FMD,resmlp,123,1,full,random_096,0.8373937307170459,0.835,2,2816,1.701183500001207,mae_base+resnet101,
FMD,resmlp,123,1,full,random_097,0.8433803174432185,0.845,2,1664,1.652134283001942,deit_s+efficientnet_b0,
FMD,resmlp,123,1,full,random_098,0.9149132916719566,0.915,2,1536,1.5263227739997092,beitv2_base_final+mae_base,
FMD,resmlp,123,1,full,random_099,0.9494954629614447,0.95,2,2816,1.4448742259992287,dinov2+resnet101,
FMD,resmlp,123,2,full,random_000,0.9446939581599402,0.945,6,7424,1.300055544001225,dinov2_small+drlbp+gabor+resnet101+vgg16+vit_b16,
FMD,resmlp,123,2,full,random_001,0.9698306037137874,0.97,6,3248,1.2049505169998156,densenet121+dinov2_small+gabor+mae_base+rgb_ngram_svd+siglip_base,
FMD,resmlp,123,2,full,random_002,0.9501709326984724,0.95,6,4784,1.1111456930011627,beitv2_base_final+deit_s+gabor+mae_base+resnet50+vit_b16,
FMD,resmlp,123,2,full,random_003,0.9546835898376334,0.955,6,5394,1.4883382170010009,beitv2_base_final+densenet121+glcm+resnet101+swin_t+vit_b16,
FMD,resmlp,123,2,full,random_004,0.9799498746867169,0.98,6,4016,1.1037423629968544,beitv2_base_final+dinov2_small+efficientnet_b0+gabor+mae_base+swin_t,
FMD,resmlp,123,2,full,random_005,0.974955681887646,0.975,6,4500,1.3852225600057864,convnext_v2_t+dinov2_small+gabor+hog+swin_t+vit_b16,
FMD,resmlp,123,2,full,random_006,0.8593351391886304,0.86,6,8420,1.7372673270001542,deit_s+drlbp+gabor+hog+resnet50+vgg16,
FMD,resmlp,123,2,full,random_007,0.9699686834346654,0.97,6,8932,1.4164344390010228,beitv2_base_final+dinov2+hog+mae_base+siglip_base+vgg16,
FMD,resmlp,123,2,full,random_008,0.9700597647966068,0.97,6,3756,1.0976299889953225,deit_s+dinov2+glcm+hog+lbp+swin_t,
FMD,resmlp,123,2,full,random_009,0.9648055410571457,0.965,6,8082,1.2942346630006796,dinov2_small+eva02_base+glcm+resnet50+vgg16+vit_b16,
FMD,resmlp,123,2,full,random_010,0.9849718103890119,0.985,6,4148,1.2278823439992266,deit_s+dinov2+dinov2_small+drlbp+hog+siglip_base,
FMD,resmlp,123,2,full,random_011,0.9196753906638374,0.92,6,6964,1.7595113639981719,densenet121+drlbp+efficientnet_b0+hog+resnet101+vit_b16,
FMD,resmlp,123,2,full,random_012,0.9599436207780239,0.96,6,3736,1.384393217995239,drlbp+glcm+lbp+resnet50+siglip_base+vit_b16,
FMD,resmlp,123,2,full,random_013,0.9749467477323703,0.975,6,3792,1.2090186489949701,convnext_v2_t+deit_s+densenet121+drlbp+siglip_base+vit_b16,
FMD,resmlp,123,2,full,random_014,0.959821222850748,0.96,6,6006,1.8316567420042702,deit_s+densenet121+dinov2+glcm+hog+resnet101,
FMD,resmlp,123,2,full,random_015,0.9598024141027992,0.96,6,8466,1.4712408179984777,beitv2_base_final+dinov2+glcm+resnet101+swin_t+vgg16,
FMD,resmlp,123,2,full,random_016,0.9497733157668377,0.95,6,3658,2.216749922998133,beitv2_base_final+gabor+hog+lbp+mae_base+rgb_ngram_svd,
FMD,resmlp,123,2,full,random_017,0.9146554789609391,0.915,6,9264,1.4898531890066806,beitv2_base_final+gabor+resnet101+resnet50+rgb_ngram_svd+vgg16,
FMD,resmlp,123,2,full,random_018,0.9748337306681337,0.975,6,3254,1.5879503589967499,dinov2_large+dinov2_small+lbp+mae_base+rgb_ngram_svd+swin_t,
FMD,resmlp,123,2,full,random_019,0.9849718103890119,0.985,6,4662,1.4908918689980055,deit_s+dinov2_large+dinov2_small+lbp+resnet101+vit_b16,
FMD,resmlp,123,2,full,random_020,0.979971810389012,0.98,6,3760,1.353906347998418,convnext_v2_t+deit_s+dinov2+dinov2_large+gabor+siglip_base,
FMD,resmlp,123,2,full,random_021,0.9899749373433584,0.99,6,5348,1.7790609209987451,beitv2_base_final+dinov2_large+hog+mae_base+rgb_ngram_svd+vit_b16,
FMD,resmlp,123,2,full,random_022,0.949831097443421,0.95,6,7168,1.7079814540047664,dinov2+efficientnet_b0+mae_base+resnet101+resnet50+rgb_ngram_svd,
FMD,resmlp,123,2,full,random_023,0.9653197957369972,0.965,6,3046,1.5763690599997062,densenet121+dinov2+dinov2_small+gabor+lbp+siglip_base,
FMD,resmlp,123,2,full,random_024,0.9799686834346655,0.98,6,5420,1.780651377994218,convnext_v2_t+eva02_base+glcm+hog+lbp+resnet101,
FMD,resmlp,123,2,full,random_025,0.9599682367269017,0.96,6,6704,1.4555916789977346,densenet121+eva02_base+gabor+resnet101+resnet50+swin_t,
FMD,resmlp,123,2,full,random_026,0.9799686834346655,0.98,6,5044,2.0432592560027842,deit_s+densenet121+dinov2+dinov2_large+drlbp+hog,
FMD,resmlp,123,2,full,random_027,0.9699525549332995,0.97,6,3750,1.6644857970022713,beitv2_base_final+dinov2_small+gabor+glcm+hog+swin_t,
FMD,resmlp,123,2,full,random_028,0.965108016106613,0.965,6,3078,1.2062261739993119,beitv2_base_final+convnext_v2_t+densenet121+dinov2_small+drlbp+lbp,
FMD,resmlp,123,2,full,random_029,0.9599284327140554,0.96,6,5238,1.7152448859997094,beitv2_base_final+deit_s+glcm+hog+resnet101+rgb_ngram_svd,
FMD,resmlp,123,2,full,random_030,0.9749776175899412,0.975,6,5732,1.5618825280034798,convnext_v2_t+dinov2_large+drlbp+gabor+hog+resnet50,
FMD,resmlp,123,2,full,random_031,0.9546365914786967,0.955,6,4400,1.559286957999575,densenet121+dinov2_large+efficientnet_b0+gabor+mae_base+rgb_ngram_svd,
FMD,resmlp,123,2,full,random_032,0.944775343485228,0.945,6,4608,1.4613477849998162,deit_s+dinov2_small+mae_base+resnet101+rgb_ngram_svd+vit_b16,
FMD,resmlp,123,2,full,random_033,0.9699467477323702,0.97,6,4706,1.6002456450005411,convnext_v2_t+densenet121+dinov2+drlbp+glcm+resnet50,
FMD,resmlp,123,2,full,random_034,0.9849718103890119,0.985,6,4964,1.3755992950027576,deit_s+dinov2+dinov2_large+hog+rgb_ngram_svd+swin_t,
FMD,resmlp,123,2,full,random_035,0.960081700498902,0.96,6,6708,1.8430440649972297,densenet121+dinov2_large+drlbp+hog+mae_base+resnet50,
FMD,resmlp,123,2,full,random_036,0.9649525549332993,0.965,6,4070,1.8371506440016674,deit_s+gabor+lbp+mae_base+resnet50+siglip_base,
FMD,resmlp,123,2,full,random_037,0.9449530486629332,0.945,6,4816,1.6151240710023558,dinov2_small+drlbp+efficientnet_b0+mae_base+resnet101+rgb_ngram_svd,
FMD,resmlp,123,2,full,random_038,0.9699655564803191,0.97,6,4096,1.8820045360043878,deit_s+drlbp+gabor+mae_base+resnet101+siglip_base,
FMD,resmlp,123,2,full,random_039,0.9899749373433584,0.99,6,2754,1.5100395909976214,deit_s+dinov2+gabor+glcm+siglip_base+swin_t,
FMD,resmlp,123,2,full,random_040,0.9256278521233592,0.925,6,3658,2.0959123020002153,convnext_v2_t+gabor+hog+lbp+mae_base+rgb_ngram_svd,
FMD,resmlp,123,2,full,random_041,0.9799686834346655,0.98,6,8466,1.5484835449969978,dinov2+eva02_base+glcm+resnet101+siglip_base+vgg16,
FMD,resmlp,123,2,full,random_042,0.9849718103890119,0.985,6,2406,1.3201389660025598,deit_s+dinov2_small+eva02_base+gabor+lbp+siglip_base,
FMD,resmlp,123,2,full,random_043,0.929802907832433,0.93,6,5638,2.171992774994578,densenet121+dinov2_small+drlbp+lbp+resnet101+resnet50,
FMD,resmlp,123,2,full,random_044,0.9652996315563114,0.965,6,2432,1.4673800169985043,deit_s+dinov2+dinov2_small+drlbp+gabor+mae_base,
FMD,resmlp,123,2,full,random_045,0.9849718103890119,0.985,6,5040,1.6125982189987553,dinov2_large+dinov2_small+eva02_base+gabor+resnet50+swin_t,
FMD,resmlp,123,2,full,random_046,0.969797725895287,0.97,6,8320,1.3482318120004493,dinov2+dinov2_large+dinov2_small+efficientnet_b0+swin_t+vgg16,
FMD,resmlp,123,2,full,random_047,0.965065571997536,0.965,6,3988,1.3171842230003676,deit_s+gabor+hog+rgb_ngram_svd+siglip_base+vit_b16,
FMD,resmlp,123,2,full,random_048,0.9849718103890119,0.985,6,5940,1.4446397259962396,dinov2_large+drlbp+eva02_base+hog+resnet50+rgb_ngram_svd,
FMD,resmlp,123,2,full,random_049,0.979971810389012,0.98,6,6646,1.6273007679992588,beitv2_base_final+efficientnet_b0+eva02_base+glcm+hog+resnet50,
FMD,resmlp,123,2,full,random_050,0.9800848274532485,0.98,6,3456,1.3015611630034982,beitv2_base_final+dinov2_large+drlbp+efficientnet_b0+gabor+rgb_ngram_svd,
FMD,resmlp,123,2,full,random_051,0.9501526176801575,0.95,6,5320,1.6222526540004765,beitv2_base_final+deit_s+glcm+lbp+resnet101+resnet50,
FMD,resmlp,123,2,full,random_052,0.9799686834346655,0.98,6,6400,1.5135669380033505,dinov2+efficientnet_b0+eva02_base+resnet50+swin_t+vit_b16,
FMD,resmlp,123,2,full,random_053,0.9799686834346655,0.98,6,4992,1.4558734570018714,beitv2_base_final+convnext_v2_t+dinov2_large+dinov2_small+efficientnet_b0+vit_b16,
FMD,resmlp,123,2,full,random_054,0.960091575091575,0.96,6,6608,1.7493176930001937,densenet121+dinov2_small+drlbp+eva02_base+rgb_ngram_svd+vgg16,
FMD,resmlp,123,2,full,random_055,0.9347685958469013,0.935,6,8090,1.8230882019997807,densenet121+dinov2_small+hog+lbp+mae_base+vgg16,
FMD,resmlp,123,2,full,random_056,0.979971810389012,0.98,6,6500,1.731532343001163,convnext_v2_t+dinov2+dinov2_small+hog+mae_base+resnet50,
FMD,resmlp,123,2,full,random_057,0.9749718103890119,0.975,6,4352,1.442799037999066,dinov2_large+dinov2_small+drlbp+gabor+resnet50+vit_b16,
FMD,resmlp,123,2,full,random_058,0.979971810389012,0.98,6,4176,1.2126851139983046,beitv2_base_final+convnext_v2_t+dinov2+dinov2_large+drlbp+swin_t,
FMD,resmlp,123,2,full,random_059,0.9749467477323703,0.975,6,3718,1.302827070998319,convnext_v2_t+densenet121+dinov2_large+drlbp+lbp+vit_b16,
FMD,resmlp,123,2,full,random_060,0.9750579156342359,0.975,6,3536,1.3104179910005769,deit_s+densenet121+dinov2+dinov2_large+drlbp+rgb_ngram_svd,
FMD,resmlp,123,2,full,random_061,0.9748306037137873,0.975,6,6756,1.7638339810000616,beitv2_base_final+convnext_v2_t+densenet121+dinov2_small+hog+resnet50,
FMD,resmlp,123,2,full,random_062,0.9849718103890119,0.985,6,4074,1.5832099320032285,deit_s+dinov2_large+drlbp+hog+lbp+siglip_base,
FMD,resmlp,123,2,full,random_063,0.9452897569636383,0.945,6,7248,1.8693734090047656,beitv2_base_final+convnext_v2_t+drlbp+efficientnet_b0+rgb_ngram_svd+vgg16,
FMD,resmlp,123,2,full,random_064,0.9799686834346655,0.98,6,7140,1.7221178710024105,beitv2_base_final+convnext_v2_t+dinov2_large+eva02_base+hog+resnet101,
FMD,resmlp,123,2,full,random_065,0.9349319044954475,0.935,6,10724,2.0863810789960553,efficientnet_b0+hog+mae_base+resnet50+siglip_base+vgg16,
FMD,resmlp,123,2,full,random_066,0.9649436207780239,0.965,6,4102,1.6934577639985946,dinov2+dinov2_small+drlbp+lbp+mae_base+resnet50,
FMD,resmlp,123,2,full,random_067,0.9698306037137874,0.97,6,3430,1.4184280459958245,convnext_v2_t+densenet121+eva02_base+gabor+lbp+vit_b16,
FMD,resmlp,123,2,full,random_068,0.9649776175899409,0.965,6,7926,1.370381118998921,efficientnet_b0+eva02_base+glcm+hog+resnet101+resnet50,
FMD,resmlp,123,2,full,random_069,0.9548154156498188,0.955,6,4528,1.4985065739965648,deit_s+densenet121+dinov2+gabor+resnet101+rgb_ngram_svd,
FMD,resmlp,123,2,full,random_070,0.9799718103890118,0.98,6,6480,1.6815296779968776,dinov2+drlbp+resnet101+resnet50+swin_t+vit_b16,
FMD,resmlp,123,2,full,random_071,0.9748306037137873,0.975,6,4278,1.497448466005153,convnext_v2_t+deit_s+lbp+resnet101+rgb_ngram_svd+siglip_base,
FMD,resmlp,123,2,full,random_072,0.9699686834346654,0.97,6,2754,1.381589715994778,beitv2_base_final+deit_s+eva02_base+gabor+glcm+swin_t,
FMD,resmlp,123,2,full,random_073,0.9648306037137873,0.965,6,3046,1.6930816540043452,deit_s+densenet121+dinov2+gabor+lbp+vit_b16,
FMD,resmlp,123,2,full,random_074,0.969977617589941,0.97,6,3736,1.8899118949993863,drlbp+eva02_base+glcm+lbp+resnet101+swin_t,
FMD,resmlp,123,2,full,random_075,0.9799686834346655,0.98,6,5072,1.5182659199999762,dinov2_large+dinov2_small+drlbp+resnet101+swin_t+vit_b16,
FMD,resmlp,123,2,full,random_076,0.9648055410571457,0.965,6,4688,1.6293465490016388,drlbp+mae_base+resnet101+rgb_ngram_svd+siglip_base+vit_b16,
FMD,resmlp,123,2,full,random_077,0.9748337306681337,0.975,6,6372,1.9686550070036901,deit_s+densenet121+dinov2_small+eva02_base+hog+resnet101,
FMD,resmlp,123,2,full,random_078,0.9800848274532485,0.98,6,6832,1.4397129900025902,beitv2_base_final+deit_s+dinov2+gabor+vgg16+vit_b16,
FMD,resmlp,123,2,full,random_079,0.9800848274532485,0.98,6,3986,1.367609947003075,beitv2_base_final+deit_s+efficientnet_b0+glcm+siglip_base+swin_t,
FMD,resmlp,123,2,full,random_080,0.9445251871375107,0.945,6,4168,1.7013182399969082,beitv2_base_final+densenet121+glcm+lbp+resnet50+rgb_ngram_svd,
FMD,resmlp,123,2,full,random_081,0.9651848429704655,0.965,6,8548,2.2406396820006194,beitv2_base_final+deit_s+eva02_base+hog+vgg16+vit_b16,
FMD,resmlp,123,2,full,random_082,0.9846909627397432,0.985,6,3778,1.4737886620059726,densenet121+dinov2_large+dinov2_small+efficientnet_b0+gabor+glcm,
FMD,resmlp,123,2,full,random_083,0.9799686834346655,0.98,6,4788,1.5510266619967297,convnext_v2_t+dinov2_large+dinov2_small+drlbp+eva02_base+hog,
FMD,resmlp,123,2,full,random_084,0.964961489088575,0.965,6,4930,1.5214371679976466,convnext_v2_t+efficientnet_b0+eva02_base+gabor+glcm+resnet50,
FMD,resmlp,123,2,full,random_085,0.8693595416239235,0.87,6,5606,1.4189083079982083,deit_s+gabor+lbp+rgb_ngram_svd+swin_t+vgg16,
FMD,resmlp,123,2,full,random_086,0.9147734721418932,0.915,6,7552,1.338786071006325,deit_s+efficientnet_b0+rgb_ngram_svd+swin_t+vgg16+vit_b16,
FMD,resmlp,123,2,full,random_087,0.9748395378690627,0.975,6,5066,1.4609783609994338,dinov2+dinov2_small+gabor+hog+lbp+resnet50,
FMD,resmlp,123,2,full,random_088,0.9849718103890119,0.985,6,5046,1.563442466998822,beitv2_base_final+densenet121+dinov2_small+lbp+resnet50+siglip_base,
FMD,resmlp,123,2,full,random_089,0.8909328805455324,0.89,6,8548,2.364599954998994,deit_s+densenet121+efficientnet_b0+hog+resnet101+resnet50,
FMD,resmlp,123,2,full,random_090,0.9597905315491966,0.96,6,4432,1.4368097129990929,convnext_v2_t+deit_s+dinov2_small+drlbp+resnet50+swin_t,
FMD,resmlp,123,2,full,random_091,0.9497903529931773,0.95,6,8832,1.7684236360000796,deit_s+densenet121+dinov2_large+resnet50+rgb_ngram_svd+vgg16,
FMD,resmlp,123,2,full,random_092,0.9752067786727607,0.975,6,5812,1.7259945929981768,convnext_v2_t+dinov2+dinov2_small+drlbp+hog+resnet50,
FMD,resmlp,123,2,full,random_093,0.9749686834346655,0.975,6,4096,1.6156564800039632,deit_s+drlbp+gabor+resnet101+siglip_base+vit_b16,
FMD,resmlp,123,2,full,random_094,0.9599274922766579,0.96,6,4406,1.6598334390000673,beitv2_base_final+convnext_v2_t+efficientnet_b0+lbp+mae_base+vit_b16,
FMD,resmlp,123,2,full,random_095,0.9698306037137874,0.97,6,5424,1.7032276569952955,convnext_v2_t+densenet121+eva02_base+gabor+resnet50+vit_b16,
FMD,resmlp,123,2,full,random_096,0.9799776175899411,0.98,6,6096,1.7100249079958303,beitv2_base_final+deit_s+drlbp+resnet101+resnet50+siglip_base,
FMD,resmlp,123,2,full,random_097,0.9749686834346655,0.975,6,4506,1.9289508929941803,beitv2_base_final+convnext_v2_t+dinov2+dinov2_small+hog+lbp,
FMD,resmlp,123,2,full,random_098,0.979971810389012,0.98,6,6400,1.6769924969994463,convnext_v2_t+densenet121+dinov2+dinov2_large+resnet101+siglip_base,
FMD,resmlp,123,2,full,random_099,0.9799686834346655,0.98,6,6272,1.325138419000723,beitv2_base_final+deit_s+dinov2_large+efficientnet_b0+mae_base+resnet50,
FMD,resmlp,123,3,full,random_000,0.944764349899138,0.945,4,3632,1.4152430389949586,eva02_base+gabor+resnet101+siglip_base,
FMD,resmlp,123,3,full,random_001,0.8942412238923867,0.895,4,3840,1.4490837799967267,beitv2_base_final+resnet50+rgb_ngram_svd+vit_b16,
FMD,resmlp,123,3,full,random_002,0.939667837875737,0.94,4,3840,1.3465659039939055,eva02_base+resnet101+rgb_ngram_svd+siglip_base,
FMD,resmlp,123,3,full,random_003,0.9046968793480422,0.905,4,5302,1.4995547639991855,deit_s+lbp+siglip_base+vgg16,
FMD,resmlp,123,3,full,random_004,0.9049949146460774,0.905,4,4068,1.657849912007805,beitv2_base_final+hog+mae_base+vit_b16,
FMD,resmlp,123,3,full,random_005,0.8896227459642094,0.89,4,6912,1.4335248349962058,beitv2_base_final+efficientnet_b0+vgg16+vit_b16,
FMD,resmlp,123,3,full,random_006,0.9346327430987251,0.935,4,6656,1.7821434380020946,densenet121+dinov2+siglip_base+vgg16,
FMD,resmlp,123,3,full,random_007,0.825771387009777,0.825,4,3394,1.7742999030015199,efficientnet_b0+gabor+glcm+resnet50,
FMD,resmlp,123,3,full,random_008,0.9350035641306501,0.935,4,3328,1.5161841579974862,beitv2_base_final+densenet121+dinov2+swin_t,
FMD,resmlp,123,3,full,random_009,0.825299404668154,0.825,4,2150,1.6377759559982223,efficientnet_b0+gabor+lbp+mae_base,
FMD,resmlp,123,3,full,random_010,0.934546858171959,0.935,4,2000,1.124476908997167,convnext_v2_t+deit_s+drlbp+eva02_base,
FMD,resmlp,123,3,full,random_011,0.9197047674903901,0.92,4,2914,1.6188193330017384,drlbp+eva02_base+glcm+resnet50,
FMD,resmlp,123,3,full,random_012,0.9209657736813393,0.92,4,4608,1.6706072250090074,dinov2_large+efficientnet_b0+resnet101+rgb_ngram_svd,
FMD,resmlp,123,3,full,random_013,0.9599113954877158,0.96,4,2358,1.1167356469959486,dinov2+eva02_base+lbp+siglip_base,
FMD,resmlp,123,3,full,random_014,0.8310984720904318,0.83,4,2176,1.601215611997759,deit_s+mae_base+rgb_ngram_svd+vit_b16,
FMD,resmlp,123,3,full,random_015,0.8503893410825375,0.85,4,1426,1.4633862589980708,deit_s+glcm+rgb_ngram_svd+vit_b16,
FMD,resmlp,123,3,full,random_016,0.8945147055930113,0.895,4,1840,1.3707549879909493,beitv2_base_final+gabor+rgb_ngram_svd+vit_b16,
FMD,resmlp,123,3,full,random_017,0.9245675995341637,0.925,4,2688,1.3641786520020105,dinov2+dinov2_small+eva02_base+vit_b16,
FMD,resmlp,123,3,full,random_018,0.8165259456722872,0.815,4,2530,2.057237964007072,deit_s+drlbp+glcm+resnet50,
FMD,resmlp,123,3,full,random_019,0.8604652974359217,0.86,4,4964,2.37385377199098,deit_s+hog+resnet50+vit_b16,
FMD,resmlp,123,3,full,random_020,0.8699951469056165,0.87,4,5168,1.9205527159938356,convnext_v2_t+gabor+rgb_ngram_svd+vgg16,
FMD,resmlp,123,3,full,random_021,0.9338856049831661,0.935,4,2944,1.432499546004692,convnext_v2_t+densenet121+dinov2_small+mae_base,
FMD,resmlp,123,3,full,random_022,0.8441744506407014,0.845,4,1872,1.5953968450048706,drlbp+mae_base+rgb_ngram_svd+vit_b16,
FMD,resmlp,123,3,full,random_023,0.9049812911279609,0.905,4,4324,1.7182203970005503,beitv2_base_final+densenet121+hog+swin_t,
FMD,resmlp,123,3,full,random_024,0.9198284171968384,0.92,4,2230,1.285054844993283,deit_s+dinov2_large+lbp+mae_base,
FMD,resmlp,123,3,full,random_025,0.9501875232170482,0.95,4,3318,1.6461372909980128,convnext_v2_t+eva02_base+glcm+hog,
FMD,resmlp,123,3,full,random_026,0.9196155803280321,0.92,4,4144,1.3528182390000438,dinov2+efficientnet_b0+gabor+resnet101,
FMD,resmlp,123,3,full,random_027,0.8430442356565591,0.845,4,1810,1.7221505060006166,convnext_v2_t+glcm+mae_base+rgb_ngram_svd,
FMD,resmlp,123,3,full,random_028,0.9085249559644808,0.91,4,1840,1.233320472005289,eva02_base+gabor+rgb_ngram_svd+swin_t,
FMD,resmlp,123,3,full,random_029,0.9450234721145548,0.945,4,2560,1.1207306230062386,beitv2_base_final+deit_s+dinov2_large+dinov2_small,
FMD,resmlp,123,3,full,random_030,0.8953361452312105,0.895,4,2918,1.4325521680002566,convnext_v2_t+gabor+lbp+resnet101,
FMD,resmlp,123,3,full,random_031,0.8783742192136975,0.88,4,2706,1.4966533449915005,dinov2_small+glcm+resnet101+rgb_ngram_svd,
FMD,resmlp,123,3,full,random_032,0.8738108914319251,0.875,4,3456,1.461073555998155,beitv2_base_final+deit_s+resnet50+rgb_ngram_svd,
FMD,resmlp,123,3,full,random_033,0.9290521706375365,0.93,4,4608,1.1476055410021218,beitv2_base_final+convnext_v2_t+dinov2_large+resnet101,
FMD,resmlp,123,3,full,random_034,0.8952215396117836,0.895,4,3218,1.853010983002605,dinov2_small+glcm+mae_base+resnet101,
FMD,resmlp,123,3,full,random_035,0.9299852491123352,0.93,4,1872,1.5725573090021499,convnext_v2_t+drlbp+eva02_base+rgb_ngram_svd,
FMD,resmlp,123,3,full,random_036,0.8538248850357396,0.855,4,3138,1.868273168001906,densenet121+gabor+glcm+resnet101,
FMD,resmlp,123,3,full,random_037,0.9247185022460419,0.925,4,1670,1.6597607230069116,dinov2+drlbp+lbp+mae_base,
FMD,resmlp,123,3,full,random_038,0.9449253057597089,0.945,4,2358,1.53827986100805,beitv2_base_final+eva02_base+lbp+mae_base,
FMD,resmlp,123,3,full,random_039,0.944807453010277,0.945,4,2896,1.5737506760051474,drlbp+efficientnet_b0+eva02_base+siglip_base,
FMD,resmlp,123,3,full,random_040,0.925020625596946,0.925,4,4352,1.411315373989055,eva02_base+resnet101+swin_t+vit_b16,
FMD,resmlp,123,3,full,random_041,0.8261057328979925,0.825,4,2224,2.0521637630008627,deit_s+densenet121+gabor+mae_base,
FMD,resmlp,123,3,full,random_042,0.9396624358283612,0.94,4,2688,1.4700875779963098,dinov2_small+eva02_base+mae_base+swin_t,
FMD,resmlp,123,3,full,random_043,0.9252967124284867,0.925,4,3968,1.2495539230003487,convnext_v2_t+dinov2+dinov2_small+resnet50,
FMD,resmlp,123,3,full,random_044,0.9301249292712708,0.93,4,3072,1.3576052860007621,convnext_v2_t+efficientnet_b0+rgb_ngram_svd+siglip_base,
FMD,resmlp,123,3,full,random_045,0.8951263506141555,0.895,4,4580,1.7758410480018938,convnext_v2_t+efficientnet_b0+hog+swin_t,
FMD,resmlp,123,3,full,random_046,0.9203777223065517,0.92,4,3840,1.4682128599961288,dinov2_large+efficientnet_b0+mae_base+swin_t,
FMD,resmlp,123,3,full,random_047,0.7990218336729965,0.795,4,6292,2.2579989950027084,deit_s+gabor+hog+vgg16,
FMD,resmlp,123,3,full,random_048,0.9402027583028867,0.94,4,4864,1.4734517150063766,beitv2_base_final+densenet121+dinov2_large+resnet50,
FMD,resmlp,123,3,full,random_049,0.9346389518340738,0.935,4,3584,1.3230189009918831,convnext_v2_t+densenet121+dinov2_large+swin_t,
FMD,resmlp,123,3,full,random_050,0.9081854244013542,0.91,4,1286,1.6066764249990229,convnext_v2_t+dinov2_small+drlbp+lbp,
FMD,resmlp,123,3,full,random_051,0.9054623194942444,0.905,4,5348,1.6413522049988387,eva02_base+hog+resnet50+swin_t,
FMD,resmlp,123,3,full,random_052,0.9548937057331839,0.955,4,6656,1.4681735990016023,dinov2+dinov2_large+eva02_base+vgg16,
FMD,resmlp,123,3,full,random_053,0.8858054012739508,0.885,4,1608,1.3795006110012764,convnext_v2_t+glcm+lbp+swin_t,
FMD,resmlp,123,3,full,random_054,0.9301084781238227,0.93,4,3636,1.7613861330028158,dinov2_large+drlbp+hog+vit_b16,
FMD,resmlp,123,3,full,random_055,0.8159492837753707,0.815,4,1894,1.0497788979992038,densenet121+gabor+lbp+mae_base,
FMD,resmlp,123,3,full,random_056,0.9194251832891114,0.92,4,3072,1.3227759769943077,eva02_base+mae_base+swin_t+vit_b16,
FMD,resmlp,123,3,full,random_057,0.9344306513626155,0.935,4,3328,1.3242549749993486,convnext_v2_t+dinov2_large+siglip_base+swin_t,
FMD,resmlp,123,3,full,random_058,0.9248017995244613,0.925,4,1938,1.211348275988712,beitv2_base_final+convnext_v2_t+dinov2_small+glcm,
FMD,resmlp,123,3,full,random_059,0.8159493430546062,0.815,4,7680,1.9305751789943315,efficientnet_b0+resnet50+rgb_ngram_svd+vgg16,
FMD,resmlp,123,3,full,random_060,0.950080900915304,0.95,4,4096,1.4185584020015085,dinov2+dinov2_large+resnet50+rgb_ngram_svd,
FMD,resmlp,123,3,full,random_061,0.9353130951205406,0.935,4,5888,1.4384494169935351,dinov2+dinov2_large+resnet101+resnet50,
FMD,resmlp,123,3,full,random_062,0.8415704464009413,0.84,4,7926,1.918376421002904,glcm+hog+resnet50+vgg16,
FMD,resmlp,123,3,full,random_063,0.9002999452748176,0.9,4,1554,1.2525064869987546,deit_s+dinov2_small+glcm+swin_t,
FMD,resmlp,123,3,full,random_064,0.9241792630675217,0.925,4,2578,1.3460741930030053,beitv2_base_final+dinov2_large+glcm+swin_t,
FMD,resmlp,123,3,full,random_065,0.9035956384008449,0.905,4,1488,1.135036947001936,convnext_v2_t+dinov2_small+drlbp+rgb_ngram_svd,
FMD,resmlp,123,3,full,random_066,0.9137061184429605,0.915,4,1456,1.417991798996809,deit_s+gabor+rgb_ngram_svd+siglip_base,
FMD,resmlp,123,3,full,random_067,0.8505545457734242,0.85,4,2950,1.814349135995144,drlbp+lbp+resnet50+vit_b16,
FMD,resmlp,123,3,full,random_068,0.919132336571361,0.92,4,2688,1.2151124699885258,beitv2_base_final+convnext_v2_t+dinov2_small+swin_t,
FMD,resmlp,123,3,full,random_069,0.8348009000448025,0.835,4,2114,1.454973311003414,efficientnet_b0+gabor+glcm+swin_t,
FMD,resmlp,123,3,full,random_070,0.9496285835117672,0.95,4,4352,1.5417087419918971,dinov2+mae_base+resnet101+siglip_base,
FMD,resmlp,123,3,full,random_071,0.9446907450937662,0.945,4,2000,1.4242712510022102,beitv2_base_final+deit_s+drlbp+siglip_base,
FMD,resmlp,123,3,full,random_072,0.9252735124686344,0.925,4,1872,1.5108859739993932,deit_s+densenet121+dinov2_small+drlbp,
FMD,resmlp,123,3,full,random_073,0.8751129241543308,0.875,4,6784,1.6558146489987848,dinov2_small+resnet50+rgb_ngram_svd+vgg16,
FMD,resmlp,123,3,full,random_074,0.949766568128511,0.95,4,2608,1.390047584005515,densenet121+dinov2+eva02_base+gabor,
FMD,resmlp,123,3,full,random_075,0.8992919016497775,0.9,4,3664,1.5238369409926236,beitv2_base_final+drlbp+resnet101+vit_b16,
FMD,resmlp,123,3,full,random_076,0.9098352606472737,0.91,4,1456,1.385139405989321,deit_s+eva02_base+gabor+rgb_ngram_svd,
FMD,resmlp,123,3,full,random_077,0.9343229546411921,0.935,4,3584,1.3640877959987847,deit_s+dinov2_small+eva02_base+resnet101,
FMD,resmlp,123,3,full,random_078,0.9648185426041651,0.965,4,2608,1.3068311599927256,dinov2_large+eva02_base+gabor+siglip_base,
FMD,resmlp,123,3,full,random_079,0.9299485578047838,0.93,4,1938,1.3522167810006067,convnext_v2_t+deit_s+eva02_base+glcm,
FMD,resmlp,123,3,full,random_080,0.93484294473801,0.935,4,5328,1.4962383620004402,dinov2+dinov2_small+drlbp+vgg16,
FMD,resmlp,123,3,full,random_081,0.8364946720059118,0.84,4,3910,2.328801542011206,drlbp+glcm+hog+resnet101,
FMD,resmlp,123,3,full,random_082,0.9107315128175205,0.91,4,2688,1.2360646960005397,deit_s+siglip_base+swin_t+vit_b16,
FMD,resmlp,123,3,full,random_083,0.9106608276804116,0.91,4,3664,1.5832244050106965,drlbp+resnet101+siglip_base+swin_t,
FMD,resmlp,123,3,full,random_084,0.8705884199489597,0.87,4,3254,1.4804786520107882,deit_s+lbp+resnet101+swin_t,
FMD,resmlp,123,3,full,random_085,0.9398548104994949,0.94,4,2614,1.3751164470013464,dinov2_large+lbp+mae_base+vit_b16,
FMD,resmlp,123,3,full,random_086,0.800417419759832,0.8,4,7936,2.1713518779870356,densenet121+mae_base+resnet50+vgg16,
FMD,resmlp,123,3,full,random_087,0.9296559250346158,0.93,4,2304,1.2432799359958153,beitv2_base_final+deit_s+dinov2_small+mae_base,
FMD,resmlp,123,3,full,random_088,0.8841483240071174,0.885,4,2970,2.1013562900043325,beitv2_base_final+deit_s+hog+lbp,
FMD,resmlp,123,3,full,random_089,0.8758495604784047,0.875,4,6400,1.6179234399896814,convnext_v2_t+mae_base+swin_t+vgg16,
FMD,resmlp,123,3,full,random_090,0.9261525445484695,0.925,4,4608,1.447148596009356,densenet121+eva02_base+mae_base+resnet50,
FMD,resmlp,123,3,full,random_091,0.9495471228398058,0.95,4,2230,1.0723860870057251,dinov2_large+dinov2_small+eva02_base+lbp,
FMD,resmlp,123,3,full,random_092,0.7795932743599698,0.78,4,5138,1.908986783993896,glcm+mae_base+rgb_ngram_svd+vgg16,
FMD,resmlp,123,3,full,random_093,0.9397683820318683,0.94,4,3840,1.2955379409977468,dinov2_large+efficientnet_b0+siglip_base+swin_t,
FMD,resmlp,123,3,full,random_094,0.9294275871990294,0.93,4,4352,1.3188132640061667,dinov2+eva02_base+resnet101+vit_b16,
FMD,resmlp,123,3,full,random_095,0.8353142592680461,0.835,4,2128,1.5844274669943843,densenet121+drlbp+rgb_ngram_svd+swin_t,
FMD,resmlp,123,3,full,random_096,0.8814618028845217,0.88,4,6400,1.4139874480024446,efficientnet_b0+rgb_ngram_svd+siglip_base+vgg16,
FMD,resmlp,123,3,full,random_097,0.9544747783630371,0.955,4,3888,1.4221756070037372,dinov2_large+gabor+resnet101+siglip_base,
FMD,resmlp,123,3,full,random_098,0.9196192070559924,0.92,4,5120,1.1660636870074086,dinov2_large+efficientnet_b0+resnet101+vit_b16,
FMD,resmlp,123,3,full,random_099,0.9596685803296843,0.96,4,1920,1.4097508870036108,dinov2_large+drlbp+eva02_base+gabor,
FMD,resmlp,123,4,full,random_000,0.9414075633395275,0.94,6,5220,1.4483442649943754,beitv2_base_final+convnext_v2_t+dinov2_small+hog+siglip_base+vit_b16,
FMD,resmlp,123,4,full,random_001,0.8865137901297857,0.885,6,7094,1.6160799539939035,deit_s+densenet121+lbp+mae_base+vgg16+vit_b16,
FMD,resmlp,123,4,full,random_002,0.9355647818163864,0.935,6,7760,1.179518459000974,dinov2+drlbp+efficientnet_b0+siglip_base+swin_t+vgg16,
FMD,resmlp,123,4,full,random_003,0.920570358355981,0.92,6,3328,1.1893078849971062,beitv2_base_final+deit_s+dinov2_small+mae_base+rgb_ngram_svd+swin_t,
FMD,resmlp,123,4,full,random_004,0.9505103890447353,0.95,6,3504,1.3996274800010724,convnext_v2_t+dinov2_small+eva02_base+gabor+siglip_base+swin_t,
FMD,resmlp,123,4,full,random_005,0.9250529469899862,0.925,6,7140,2.3217003229947295,densenet121+hog+resnet101+siglip_base+swin_t+vit_b16,
FMD,resmlp,123,4,full,random_006,0.9459535116146156,0.945,6,8704,1.4443035900039831,beitv2_base_final+dinov2_large+efficientnet_b0+siglip_base+swin_t+vgg16,
FMD,resmlp,123,4,full,random_007,0.9610279008105096,0.96,6,3090,0.9601711809955304,convnext_v2_t+deit_s+dinov2_small+eva02_base+glcm+siglip_base,
FMD,resmlp,123,4,full,random_008,0.9209105806474227,0.92,6,7296,1.1326680469937855,convnext_v2_t+deit_s+dinov2_large+rgb_ngram_svd+vgg16+vit_b16,
FMD,resmlp,123,4,full,random_009,0.9211851235342892,0.92,6,6864,1.3627085000043735,deit_s+dinov2+drlbp+mae_base+vgg16+vit_b16,
FMD,resmlp,123,4,full,random_010,0.9550665124349335,0.955,6,5302,1.484058546993765,dinov2+dinov2_small+efficientnet_b0+eva02_base+lbp+resnet101,
FMD,resmlp,123,4,full,random_011,0.8607170182139583,0.86,6,9492,1.7716763999924297,convnext_v2_t+gabor+hog+mae_base+resnet50+vgg16,
FMD,resmlp,123,4,full,random_012,0.900076909813752,0.9,6,5120,1.4537972120015183,deit_s+dinov2_small+efficientnet_b0+resnet101+rgb_ngram_svd+vit_b16,
FMD,resmlp,123,4,full,random_013,0.9303709746682252,0.93,6,3218,1.406281586008845,convnext_v2_t+deit_s+dinov2_large+glcm+rgb_ngram_svd+vit_b16,
FMD,resmlp,123,4,full,random_014,0.9559758940246745,0.955,6,8448,1.6145221979968483,convnext_v2_t+dinov2+efficientnet_b0+eva02_base+siglip_base+vgg16,
FMD,resmlp,123,4,full,random_015,0.9606547226743064,0.96,6,4736,1.3914968089957256,deit_s+densenet121+dinov2_large+eva02_base+swin_t+vit_b16,
FMD,resmlp,123,4,full,random_016,0.9444583942658398,0.945,6,7040,1.3860271589946933,dinov2+dinov2_large+dinov2_small+resnet101+resnet50+siglip_base,
FMD,resmlp,123,4,full,random_017,0.9512226940083167,0.95,6,8448,1.5933599569980288,beitv2_base_final+dinov2+efficientnet_b0+eva02_base+mae_base+vgg16,
FMD,resmlp,123,4,full,random_018,0.9254953993561864,0.925,6,7094,1.6656429620052222,convnext_v2_t+densenet121+dinov2_small+lbp+siglip_base+vgg16,
FMD,resmlp,123,4,full,random_019,0.9508832979885613,0.95,6,4944,1.4341806899901712,convnext_v2_t+dinov2_large+drlbp+resnet50+rgb_ngram_svd+siglip_base,
FMD,resmlp,123,4,full,random_020,0.960962892477655,0.96,6,5456,1.6253112119884463,beitv2_base_final+convnext_v2_t+densenet121+drlbp+eva02_base+resnet50,
FMD,resmlp,123,4,full,random_021,0.9503983124178962,0.95,6,6930,1.52861529099755,convnext_v2_t+dinov2_large+eva02_base+glcm+rgb_ngram_svd+vgg16,
FMD,resmlp,123,4,full,random_022,0.9554386200021631,0.955,6,3206,1.5440390380099416,convnext_v2_t+drlbp+lbp+siglip_base+swin_t+vit_b16,
FMD,resmlp,123,4,full,random_023,0.9102500296260931,0.91,6,5200,1.5892629790032515,convnext_v2_t+densenet121+dinov2_large+drlbp+resnet101+rgb_ngram_svd,
FMD,resmlp,123,4,full,random_024,0.9509530178849819,0.95,6,3298,1.591341603998444,convnext_v2_t+deit_s+drlbp+efficientnet_b0+eva02_base+glcm,
FMD,resmlp,123,4,full,random_025,0.895813562550733,0.895,6,4532,2.0274450730066746,deit_s+dinov2+drlbp+efficientnet_b0+hog+rgb_ngram_svd,
FMD,resmlp,123,4,full,random_026,0.8904409390807665,0.89,6,5482,1.7225982480013045,beitv2_base_final+drlbp+hog+lbp+resnet50+swin_t,
FMD,resmlp,123,4,full,random_027,0.9464603917011531,0.945,6,7222,1.4469419329980155,convnext_v2_t+dinov2+lbp+mae_base+siglip_base+vgg16,
FMD,resmlp,123,4,full,random_028,0.9755417056100699,0.975,6,7652,1.7233921639999608,densenet121+efficientnet_b0+eva02_base+hog+resnet101+siglip_base,
FMD,resmlp,123,4,full,random_029,0.955454748503529,0.955,6,7396,1.5365227990114363,efficientnet_b0+eva02_base+hog+resnet50+siglip_base+swin_t,
FMD,resmlp,123,4,full,random_030,0.9315075514829939,0.93,6,5752,1.6968514130130643,convnext_v2_t+gabor+glcm+lbp+siglip_base+vgg16,
FMD,resmlp,123,4,full,random_031,0.9555014548894597,0.955,6,4422,1.7656661299988627,convnext_v2_t+densenet121+drlbp+eva02_base+glcm+hog,
FMD,resmlp,123,4,full,random_032,0.9559530178849819,0.955,6,3920,1.3132876710005803,beitv2_base_final+drlbp+eva02_base+siglip_base+swin_t+vit_b16,
FMD,resmlp,123,4,full,random_033,0.9651848429704655,0.965,6,5424,1.4771145920094568,dinov2+dinov2_large+eva02_base+gabor+resnet50+swin_t,
FMD,resmlp,123,4,full,random_034,0.9005363109393322,0.9,6,3200,1.7084996570047224,beitv2_base_final+drlbp+efficientnet_b0+gabor+mae_base+rgb_ngram_svd,
FMD,resmlp,123,4,full,random_035,0.9464211637895849,0.945,6,6016,1.4246648599946639,beitv2_base_final+deit_s+efficientnet_b0+resnet50+siglip_base+vit_b16,
FMD,resmlp,123,4,full,random_036,0.9400821942285358,0.94,6,4400,1.4903992009931244,deit_s+dinov2_small+gabor+resnet101+siglip_base+swin_t,
FMD,resmlp,123,4,full,random_037,0.9213851065338478,0.92,6,7798,2.0865880210039904,beitv2_base_final+dinov2_small+glcm+hog+vgg16+vit_b16,
FMD,resmlp,123,4,full,random_038,0.9011807203078064,0.9,6,7014,1.6022041690011974,beitv2_base_final+efficientnet_b0+gabor+lbp+swin_t+vgg16,
FMD,resmlp,123,4,full,random_039,0.9450723196358627,0.945,6,3010,1.4956865349959116,beitv2_base_final+deit_s+dinov2_large+gabor+glcm+vit_b16,
FMD,resmlp,123,4,full,random_040,0.9409730313902329,0.94,6,4480,1.5947077430028003,beitv2_base_final+convnext_v2_t+densenet121+dinov2_small+siglip_base+vit_b16,
FMD,resmlp,123,4,full,random_041,0.9558378143037963,0.955,6,4882,1.5533188529952895,densenet121+dinov2_large+efficientnet_b0+eva02_base+glcm+mae_base,
FMD,resmlp,123,4,full,random_042,0.9500326941790357,0.95,6,4992,1.4965555299859261,dinov2_small+mae_base+resnet50+rgb_ngram_svd+siglip_base+swin_t,
FMD,resmlp,123,4,full,random_043,0.9454157599793029,0.945,6,6390,1.6184788399987156,dinov2+dinov2_large+glcm+hog+resnet50+vit_b16,
FMD,resmlp,123,4,full,random_044,0.9364918696893915,0.935,6,6372,1.5779179619858041,beitv2_base_final+convnext_v2_t+dinov2_large+efficientnet_b0+hog+vit_b16,
FMD,resmlp,123,4,full,random_045,0.9108625909973792,0.91,6,10112,1.4335496979911113,convnext_v2_t+deit_s+resnet101+resnet50+siglip_base+vgg16,
FMD,resmlp,123,4,full,random_046,0.9604004989348451,0.96,6,3408,1.0951400929916417,beitv2_base_final+convnext_v2_t+dinov2+drlbp+rgb_ngram_svd+siglip_base,
FMD,resmlp,123,4,full,random_047,0.9505014548894598,0.95,6,3456,1.1250899470032891,beitv2_base_final+dinov2_large+drlbp+gabor+siglip_base+vit_b16,
FMD,resmlp,123,4,full,random_048,0.9056710982641663,0.905,6,7424,1.6391857950075064,dinov2+mae_base+rgb_ngram_svd+swin_t+vgg16+vit_b16,
FMD,resmlp,123,4,full,random_049,0.9355869644701482,0.935,6,6400,1.7021484700089786,beitv2_base_final+efficientnet_b0+mae_base+resnet101+siglip_base+swin_t,
FMD,resmlp,123,4,full,random_050,0.9114609645728071,0.91,6,8144,1.8106918380071875,convnext_v2_t+dinov2_small+drlbp+resnet50+swin_t+vgg16,
FMD,resmlp,123,4,full,random_051,0.9599156097230551,0.96,6,6116,1.8521925039967755,densenet121+dinov2+dinov2_large+hog+mae_base+siglip_base,
FMD,resmlp,123,4,full,random_052,0.9549914461573715,0.955,6,2102,1.4602294270007405,dinov2_small+drlbp+eva02_base+gabor+lbp+swin_t,
FMD,resmlp,123,4,full,random_053,0.8867568365776652,0.885,6,7734,1.8034244470036356,convnext_v2_t+efficientnet_b0+lbp+mae_base+swin_t+vgg16,
FMD,resmlp,123,4,full,random_054,0.9604448739108559,0.96,6,5174,1.5945478520006873,beitv2_base_final+convnext_v2_t+eva02_base+lbp+mae_base+resnet101,
FMD,resmlp,123,4,full,random_055,0.8196759735354366,0.82,6,5238,2.163114609007607,deit_s+glcm+hog+mae_base+resnet50+rgb_ngram_svd,
FMD,resmlp,123,4,full,random_056,0.8954437300765331,0.895,6,7296,1.6522616440051934,dinov2_small+efficientnet_b0+resnet101+resnet50+swin_t+vit_b16,
FMD,resmlp,123,4,full,random_057,0.9408315603951033,0.94,6,8016,1.9705577529966831,drlbp+eva02_base+resnet50+rgb_ngram_svd+vgg16+vit_b16,
FMD,resmlp,123,4,full,random_058,0.9554202481201914,0.955,6,4532,1.6373182870011078,deit_s+dinov2+drlbp+eva02_base+hog+mae_base,
FMD,resmlp,123,4,full,random_059,0.9506323402642476,0.95,6,6420,1.7250296119891573,densenet121+dinov2+eva02_base+gabor+hog+resnet101,
FMD,resmlp,123,4,full,random_060,0.9058514960002373,0.905,6,3062,1.7705743719998281,convnext_v2_t+dinov2_small+drlbp+gabor+glcm+hog,
FMD,resmlp,123,4,full,random_061,0.9355832038758868,0.935,6,5990,1.5582772220077459,gabor+lbp+mae_base+rgb_ngram_svd+siglip_base+vgg16,
FMD,resmlp,123,4,full,random_062,0.8448761049980563,0.845,6,10468,2.1532597839977825,densenet121+hog+mae_base+resnet50+swin_t+vgg16,
FMD,resmlp,123,4,full,random_063,0.940962892477655,0.94,6,3398,1.4944810970046092,deit_s+dinov2_small+drlbp+eva02_base+glcm+hog,
FMD,resmlp,123,4,full,random_064,0.8754633021097182,0.875,6,8164,1.450265370993293,deit_s+dinov2_small+hog+mae_base+swin_t+vgg16,
FMD,resmlp,123,4,full,random_065,0.9399350547453362,0.94,6,5396,1.8690193239890505,convnext_v2_t+efficientnet_b0+eva02_base+gabor+hog+swin_t,
FMD,resmlp,123,4,full,random_066,0.9256005106005105,0.925,6,3792,1.5678803699993296,convnext_v2_t+deit_s+dinov2_large+drlbp+mae_base+swin_t,
FMD,resmlp,123,4,full,random_067,0.9409121692048522,0.94,6,3504,1.3500077180069638,beitv2_base_final+convnext_v2_t+dinov2_small+gabor+siglip_base+swin_t,
FMD,resmlp,123,4,full,random_068,0.900502937871359,0.9,6,3090,1.2835635419905884,convnext_v2_t+deit_s+dinov2_small+efficientnet_b0+glcm+rgb_ngram_svd,
FMD,resmlp,123,4,full,random_069,0.9111443403420297,0.91,6,4066,1.40412111900514,dinov2+dinov2_small+drlbp+glcm+resnet50+swin_t,
FMD,resmlp,123,4,full,random_070,0.8970596560884465,0.895,6,7734,1.7341305179870687,dinov2+efficientnet_b0+lbp+mae_base+swin_t+vgg16,
FMD,resmlp,123,4,full,random_071,0.9701996160390942,0.97,6,4480,1.3302991480013588,convnext_v2_t+dinov2+drlbp+eva02_base+gabor+resnet101,
FMD,resmlp,123,4,full,random_072,0.9460294620636753,0.945,6,3766,1.3298750880057923,convnext_v2_t+densenet121+dinov2_small+lbp+siglip_base+swin_t,
FMD,resmlp,123,4,full,random_073,0.900825594950442,0.9,6,8832,1.8693368079984793,convnext_v2_t+deit_s+efficientnet_b0+resnet101+rgb_ngram_svd+vgg16,
FMD,resmlp,123,4,full,random_074,0.9357191054559475,0.935,6,5220,1.7617274040094344,convnext_v2_t+deit_s+efficientnet_b0+hog+rgb_ngram_svd+siglip_base,
FMD,resmlp,123,4,full,random_075,0.8911195593737314,0.89,6,7728,1.7418133009923622,deit_s+dinov2_small+gabor+mae_base+resnet50+vgg16,
FMD,resmlp,123,4,full,random_076,0.9453130951205406,0.945,6,6272,1.4686354760051472,dinov2_small+resnet101+resnet50+rgb_ngram_svd+siglip_base+vit_b16,
FMD,resmlp,123,4,full,random_077,0.940517136683062,0.94,6,5860,1.9636865889915498,dinov2_large+efficientnet_b0+hog+rgb_ngram_svd+siglip_base+swin_t,
FMD,resmlp,123,4,full,random_078,0.9403505086431917,0.94,6,4432,1.39239918399835,beitv2_base_final+densenet121+dinov2_large+drlbp+siglip_base+swin_t,
FMD,resmlp,123,4,full,random_079,0.9304271187808519,0.93,6,5200,1.5532166909979424,drlbp+efficientnet_b0+resnet101+rgb_ngram_svd+siglip_base+vit_b16,
FMD,resmlp,123,4,full,random_080,0.895716070850859,0.895,6,6118,1.6914111400110414,deit_s+dinov2+gabor+lbp+swin_t+vgg16,
FMD,resmlp,123,4,full,random_081,0.9555150946614361,0.955,6,5760,1.1515617660043063,beitv2_base_final+dinov2+dinov2_large+dinov2_small+eva02_base+resnet101,
FMD,resmlp,123,4,full,random_082,0.9410719021694632,0.94,6,4992,1.0869224240013864,deit_s+densenet121+dinov2+efficientnet_b0+siglip_base+vit_b16,
FMD,resmlp,123,4,full,random_083,0.9608409412581427,0.96,6,4992,1.0926832730037859,beitv2_base_final+dinov2_small+eva02_base+resnet101+rgb_ngram_svd+vit_b16,
FMD,resmlp,123,4,full,random_084,0.878262016118242,0.88,6,7140,1.7023391830007313,beitv2_base_final+densenet121+hog+resnet50+swin_t+vit_b16,
FMD,resmlp,123,4,full,random_085,0.9015676268606383,0.9,6,9984,1.3261048589920392,convnext_v2_t+densenet121+efficientnet_b0+resnet50+siglip_base+vgg16,
FMD,resmlp,123,4,full,random_086,0.8771689915592354,0.875,6,8070,1.8399448349955492,densenet121+drlbp+lbp+resnet101+vgg16+vit_b16,
FMD,resmlp,123,4,full,random_087,0.8898265205486748,0.89,6,4680,1.8367518620070769,convnext_v2_t+densenet121+glcm+lbp+mae_base+resnet101,
FMD,resmlp,123,4,full,random_088,0.9415326141396353,0.94,6,3730,1.47701645300549,convnext_v2_t+dinov2_large+dinov2_small+glcm+mae_base+vit_b16,
FMD,resmlp,123,4,full,random_089,0.9503292236219065,0.95,6,3400,1.4722375720011769,beitv2_base_final+dinov2_large+glcm+lbp+siglip_base+vit_b16,
FMD,resmlp,123,4,full,random_090,0.9445763799743261,0.945,6,2200,1.4564295210002456,dinov2+dinov2_large+drlbp+glcm+lbp+rgb_ngram_svd,
FMD,resmlp,123,4,full,random_091,0.9597457514196327,0.96,6,5424,1.3701428339991253,convnext_v2_t+dinov2+dinov2_large+gabor+resnet50+siglip_base,
FMD,resmlp,123,4,full,random_092,0.9466702001308798,0.945,6,6064,1.6078868269978557,convnext_v2_t+dinov2_small+eva02_base+gabor+resnet101+resnet50,
FMD,resmlp,123,4,full,random_093,0.9399908208935882,0.94,6,4864,1.3558030720014358,convnext_v2_t+dinov2+dinov2_large+mae_base+siglip_base+vit_b16,
FMD,resmlp,123,4,full,random_094,0.9403660554151643,0.94,6,3408,1.4377069089969154,deit_s+densenet121+dinov2+dinov2_small+drlbp+swin_t,
FMD,resmlp,123,4,full,random_095,0.8950109119236205,0.895,6,4854,1.88654419699742,beitv2_base_final+efficientnet_b0+glcm+hog+mae_base+rgb_ngram_svd,
FMD,resmlp,123,4,full,random_096,0.9506589901326743,0.95,6,7530,1.9044214299938176,dinov2+drlbp+eva02_base+hog+lbp+vgg16,
FMD,resmlp,123,4,full,random_097,0.9456211361974564,0.945,6,6290,1.3692993339936947,dinov2+dinov2_small+eva02_base+glcm+rgb_ngram_svd+vgg16,
FMD,resmlp,123,4,full,random_098,0.9551232379088604,0.955,6,3968,1.5354159459966468,beitv2_base_final+dinov2+drlbp+gabor+resnet50+rgb_ngram_svd,
FMD,resmlp,123,4,full,random_099,0.93595953611358,0.935,6,7680,1.8093668579967925,beitv2_base_final+densenet121+rgb_ngram_svd+siglip_base+vgg16+vit_b16,
FMD,resmlp,2026,0,full,random_000,0.8950535405413454,0.895,4,2934,1.5937247480032966,beitv2_base_final+deit_s+glcm+hog,
FMD,resmlp,2026,0,full,random_001,0.9447930332397598,0.945,4,2560,1.131074755001464,rgb_ngram_svd+siglip_base+swin_t+vit_b16,
FMD,resmlp,2026,0,full,random_002,0.9499539891003306,0.95,4,3968,1.458870343005401,beitv2_base_final+deit_s+eva02_base+resnet101,
FMD,resmlp,2026,0,full,random_003,0.9092763334226748,0.91,4,3840,1.136116919995402,dinov2+resnet101+rgb_ngram_svd+vit_b16,
FMD,resmlp,2026,0,full,random_004,0.8348245483974598,0.835,4,3456,1.659899991005659,drlbp+efficientnet_b0+gabor+resnet50,
FMD,resmlp,2026,0,full,random_005,0.9500602585262404,0.95,4,3328,1.2611044959921855,convnext_v2_t+dinov2_large+eva02_base+swin_t,
FMD,resmlp,2026,0,full,random_006,0.9500723196358626,0.95,4,1712,1.2553212359925965,dinov2_large+dinov2_small+gabor+rgb_ngram_svd,
FMD,resmlp,2026,0,full,random_007,0.9698624140087555,0.97,4,2000,1.3772830219968455,dinov2_small+drlbp+eva02_base+mae_base,
FMD,resmlp,2026,0,full,random_008,0.9248949296317717,0.925,4,5504,1.5565997009980492,dinov2_small+eva02_base+rgb_ngram_svd+vgg16,
FMD,resmlp,2026,0,full,random_009,0.9596627731287551,0.96,4,2944,1.3620131469942862,dinov2_large+dinov2_small+eva02_base+mae_base,
FMD,resmlp,2026,0,full,random_010,0.9201888099063964,0.92,4,3664,1.5297681869997177,dinov2+drlbp+resnet101+vit_b16,
FMD,resmlp,2026,0,full,random_011,0.8448787191598488,0.845,4,8192,1.9086159830039833,efficientnet_b0+resnet50+vgg16+vit_b16,
FMD,resmlp,2026,0,full,random_012,0.9350364212880258,0.935,4,5092,2.0574129659944447,densenet121+dinov2_large+efficientnet_b0+hog,
FMD,resmlp,2026,0,full,random_013,0.8844844029802384,0.885,4,6198,1.7608049539994681,beitv2_base_final+efficientnet_b0+lbp+vgg16,
FMD,resmlp,2026,0,full,random_014,0.9103621288772198,0.91,4,3664,1.308371007005917,convnext_v2_t+drlbp+resnet101+swin_t,
FMD,resmlp,2026,0,full,random_015,0.8737077696962163,0.875,4,4790,1.1920258460013429,dinov2_small+lbp+rgb_ngram_svd+vgg16,
FMD,resmlp,2026,0,full,random_016,0.9299247897322352,0.93,4,5186,1.1605775819916744,dinov2_large+gabor+glcm+vgg16,
FMD,resmlp,2026,0,full,random_017,0.838017080606787,0.84,4,6992,1.9852326740074204,drlbp+mae_base+resnet101+vgg16,
FMD,resmlp,2026,0,full,random_018,0.910338590736537,0.91,4,3328,1.3454336459981278,convnext_v2_t+densenet121+dinov2+mae_base,
FMD,resmlp,2026,0,full,random_019,0.8491911846533157,0.85,4,6116,1.973837060999358,hog+resnet101+resnet50+rgb_ngram_svd,
FMD,resmlp,2026,0,full,random_020,0.8997896924703802,0.9,4,7168,1.6165508490084903,eva02_base+resnet50+rgb_ngram_svd+vgg16,
FMD,resmlp,2026,0,full,random_021,0.8706851064072607,0.87,4,1224,1.7117930329986848,deit_s+glcm+lbp+swin_t,
FMD,resmlp,2026,0,full,random_022,0.9602086906258922,0.96,4,2406,1.4634785490052309,dinov2_large+efficientnet_b0+gabor+lbp,
FMD,resmlp,2026,0,full,random_023,0.8503784811679548,0.85,4,1872,1.7482771740033058,drlbp+mae_base+rgb_ngram_svd+swin_t,
FMD,resmlp,2026,0,full,random_024,0.8029203265179621,0.805,4,4614,2.007404503005091,deit_s+drlbp+lbp+vgg16,
FMD,resmlp,2026,0,full,random_025,0.866148400335641,0.865,4,3072,1.693333219998749,efficientnet_b0+mae_base+rgb_ngram_svd+swin_t,
FMD,resmlp,2026,0,full,random_026,0.9151040733775009,0.915,4,5302,1.4992988010053523,deit_s+eva02_base+lbp+vgg16,
FMD,resmlp,2026,0,full,random_027,0.9251299855471871,0.925,4,3328,1.1778751910023857,beitv2_base_final+convnext_v2_t+dinov2_large+vit_b16,
FMD,resmlp,2026,0,full,random_028,0.9550396006159207,0.955,4,2358,1.2293515370110981,beitv2_base_final+dinov2+lbp+siglip_base,
FMD,resmlp,2026,0,full,random_029,0.7718630152417058,0.77,4,2886,2.38006376499834,densenet121+drlbp+glcm+hog,
FMD,resmlp,2026,0,full,random_030,0.919762587792113,0.92,4,6400,1.633465563005302,eva02_base+swin_t+vgg16+vit_b16,
FMD,resmlp,2026,0,full,random_031,0.9400488795982422,0.94,4,3840,1.3300550060084788,dinov2_large+efficientnet_b0+mae_base+swin_t,
FMD,resmlp,2026,0,full,random_032,0.9003365993738267,0.9,4,1846,1.7052972649980802,convnext_v2_t+lbp+mae_base+rgb_ngram_svd,
FMD,resmlp,2026,0,full,random_033,0.9548561601000625,0.955,4,2352,0.8382874279923271,beitv2_base_final+dinov2+eva02_base+gabor,
FMD,resmlp,2026,0,full,random_034,0.935262419213967,0.935,4,3584,1.168189167001401,convnext_v2_t+efficientnet_b0+eva02_base+swin_t,
FMD,resmlp,2026,0,full,random_035,0.9450969355847405,0.945,4,3840,1.4064712669933215,densenet121+efficientnet_b0+eva02_base+mae_base,
FMD,resmlp,2026,0,full,random_036,0.905757747167575,0.905,4,2384,1.4571122339984868,convnext_v2_t+drlbp+efficientnet_b0+rgb_ngram_svd,
FMD,resmlp,2026,0,full,random_037,0.9302485658056308,0.93,4,1974,1.5700246670021443,convnext_v2_t+dinov2_small+lbp+mae_base,
FMD,resmlp,2026,0,full,random_038,0.9503613331469556,0.95,4,3072,1.1577869100001408,beitv2_base_final+convnext_v2_t+dinov2+siglip_base,
FMD,resmlp,2026,0,full,random_039,0.8950950953197424,0.895,4,4352,1.9160742670064792,convnext_v2_t+mae_base+resnet101+vit_b16,
FMD,resmlp,2026,0,full,random_040,0.950121926378606,0.95,4,2816,1.2203784070006805,dinov2_large+mae_base+rgb_ngram_svd+swin_t,
FMD,resmlp,2026,0,full,random_041,0.9295888095746292,0.93,4,4352,1.4724164859944722,convnext_v2_t+eva02_base+resnet101+swin_t,
FMD,resmlp,2026,0,full,random_042,0.8498596453186418,0.85,4,2742,1.4200206310051726,deit_s+lbp+resnet101+rgb_ngram_svd,
FMD,resmlp,2026,0,full,random_043,0.8645902256983847,0.865,4,1858,1.6275436660071136,densenet121+gabor+glcm+vit_b16,
FMD,resmlp,2026,0,full,random_044,0.9298322182840199,0.93,4,4114,1.5221250030008378,dinov2+efficientnet_b0+glcm+resnet101,
FMD,resmlp,2026,0,full,random_045,0.954904647849389,0.955,4,4352,1.3402305990020977,beitv2_base_final+dinov2+eva02_base+resnet50,
FMD,resmlp,2026,0,full,random_046,0.964849412461736,0.965,4,2322,1.6102431210019859,convnext_v2_t+eva02_base+glcm+siglip_base,
FMD,resmlp,2026,0,full,random_047,0.9400494752085938,0.94,4,3638,1.3733084769919515,lbp+resnet101+siglip_base+vit_b16,
FMD,resmlp,2026,0,full,random_048,0.9153444296498898,0.915,4,1638,1.46363977000874,beitv2_base_final+gabor+lbp+swin_t,
FMD,resmlp,2026,0,full,random_049,0.8642696386383882,0.865,4,5248,1.6071229679946555,deit_s+resnet101+resnet50+swin_t,
FMD,resmlp,2026,0,full,random_050,0.9251457842779454,0.925,4,1554,1.2575538119999692,beitv2_base_final+deit_s+dinov2_small+glcm,
FMD,resmlp,2026,0,full,random_051,0.9451365842829258,0.945,4,2706,1.2217109630000778,deit_s+dinov2_large+efficientnet_b0+glcm,
FMD,resmlp,2026,0,full,random_052,0.9450422808625036,0.945,4,3632,1.7000190319959074,eva02_base+gabor+mae_base+resnet101,
FMD,resmlp,2026,0,full,random_053,0.9598154156498186,0.96,4,3220,1.7035300709976582,dinov2_large+dinov2_small+gabor+hog,
FMD,resmlp,2026,0,full,random_054,0.9102509752285789,0.91,4,4352,1.4506664850050583,beitv2_base_final+efficientnet_b0+resnet50+rgb_ngram_svd,
FMD,resmlp,2026,0,full,random_055,0.9391723919438342,0.94,4,4224,1.0757447549985955,dinov2+dinov2_large+dinov2_small+resnet101,
FMD,resmlp,2026,0,full,random_056,0.954843158553043,0.955,4,2352,1.3347857120097615,convnext_v2_t+eva02_base+gabor+mae_base,
FMD,resmlp,2026,0,full,random_057,0.8897282055433532,0.89,4,6708,1.9783071480051149,drlbp+eva02_base+hog+vgg16,
FMD,resmlp,2026,0,full,random_058,0.9152301347936778,0.915,4,5650,1.574364191008499,eva02_base+glcm+swin_t+vgg16,
FMD,resmlp,2026,0,full,random_059,0.9156328828087494,0.915,4,2608,1.7834384760062676,beitv2_base_final+densenet121+gabor+vit_b16,
FMD,resmlp,2026,0,full,random_060,0.9347513800645425,0.935,4,5120,1.5804255759867374,dinov2_large+efficientnet_b0+resnet50+vit_b16,
FMD,resmlp,2026,0,full,random_061,0.9598462855073894,0.96,4,4324,1.8499560950003797,convnext_v2_t+dinov2_large+hog+siglip_base,
FMD,resmlp,2026,0,full,random_062,0.929309124553027,0.93,4,5584,1.2715814650000539,dinov2_large+dinov2_small+drlbp+vgg16,
FMD,resmlp,2026,0,full,random_063,0.9056339744979027,0.905,4,3200,1.1628271490044426,convnext_v2_t+dinov2_small+efficientnet_b0+vit_b16,
FMD,resmlp,2026,0,full,random_064,0.9549691771642991,0.955,4,2560,1.20144734600035,dinov2+eva02_base+mae_base+rgb_ngram_svd,
FMD,resmlp,2026,0,full,random_065,0.9297378047236243,0.93,4,3248,1.6200154210091569,deit_s+gabor+resnet50+siglip_base,
FMD,resmlp,2026,0,full,random_066,0.8293730045024905,0.83,4,8164,2.2862998810014687,densenet121+efficientnet_b0+hog+vgg16,
FMD,resmlp,2026,0,full,random_067,0.9300658519121366,0.93,4,6144,1.499686750001274,efficientnet_b0+eva02_base+resnet101+resnet50,
FMD,resmlp,2026,0,full,random_068,0.8513159839732369,0.85,4,2450,1.5000344760046573,deit_s+efficientnet_b0+glcm+swin_t,
FMD,resmlp,2026,0,full,random_069,0.9451911439010283,0.945,4,3072,1.398284420996788,beitv2_base_final+convnext_v2_t+eva02_base+mae_base,
FMD,resmlp,2026,0,full,random_070,0.9143159868926356,0.915,4,1616,1.3222698509925976,deit_s+dinov2_small+drlbp+vit_b16,
FMD,resmlp,2026,0,full,random_071,0.9649525549332993,0.965,4,3072,1.4212477389955893,densenet121+dinov2_large+eva02_base+rgb_ngram_svd,
FMD,resmlp,2026,0,full,random_072,0.8282769021385912,0.83,4,7186,2.07129018100386,densenet121+glcm+resnet101+vgg16,
FMD,resmlp,2026,0,full,random_073,0.9203849470395727,0.92,4,3610,1.6384951310028555,densenet121+dinov2+hog+lbp,
FMD,resmlp,2026,0,full,random_074,0.8034924053152551,0.805,4,4992,1.7048486200073967,drlbp+gabor+mae_base+vgg16,
FMD,resmlp,2026,0,full,random_075,0.96010631644778,0.96,4,2614,1.398340432002442,densenet121+lbp+siglip_base+swin_t,
FMD,resmlp,2026,0,full,random_076,0.9599534953706967,0.96,4,3328,1.0178261489927536,beitv2_base_final+dinov2+dinov2_large+siglip_base,
FMD,resmlp,2026,0,full,random_077,0.9256025553393975,0.925,4,2608,1.4841677770018578,densenet121+dinov2+gabor+vit_b16,
FMD,resmlp,2026,0,full,random_078,0.9402005247640677,0.94,4,1840,1.4670431519916747,convnext_v2_t+eva02_base+gabor+rgb_ngram_svd,
FMD,resmlp,2026,0,full,random_079,0.9599534953706967,0.96,4,2614,1.3702897439943627,dinov2+dinov2_large+lbp+siglip_base,
FMD,resmlp,2026,0,full,random_080,0.9298639504210152,0.93,4,4912,1.761905396997463,eva02_base+gabor+resnet101+resnet50,
FMD,resmlp,2026,0,full,random_081,0.8996216780734798,0.9,4,6400,1.4864573630038649,beitv2_base_final+efficientnet_b0+rgb_ngram_svd+vgg16,
FMD,resmlp,2026,0,full,random_082,0.9396035208551254,0.94,4,6400,1.5219322920020204,dinov2_large+efficientnet_b0+resnet101+resnet50,
FMD,resmlp,2026,0,full,random_083,0.9648373513521138,0.965,4,2688,1.2099437249999028,deit_s+dinov2+eva02_base+mae_base,
FMD,resmlp,2026,0,full,random_084,0.9209357153228183,0.92,4,5604,2.091567985000438,beitv2_base_final+densenet121+hog+resnet101,
FMD,resmlp,2026,0,full,random_085,0.9049181520234152,0.905,4,6016,1.4522395719977794,convnext_v2_t+dinov2_small+vgg16+vit_b16,
FMD,resmlp,2026,0,full,random_086,0.9151343026618426,0.915,4,3152,1.5920890989946201,beitv2_base_final+drlbp+resnet101+rgb_ngram_svd,
FMD,resmlp,2026,0,full,random_087,0.9599534953706967,0.96,4,3380,1.8556197799916845,drlbp+eva02_base+hog+vit_b16,
FMD,resmlp,2026,0,full,random_088,0.9291670091528287,0.93,4,4480,1.483696922994568,beitv2_base_final+dinov2_small+efficientnet_b0+resnet101,
FMD,resmlp,2026,0,full,random_089,0.9652166532654338,0.965,4,3840,1.5337948560045334,densenet121+efficientnet_b0+eva02_base+siglip_base,
FMD,resmlp,2026,0,full,random_090,0.8855555829016076,0.885,4,6966,1.805847485011327,lbp+resnet101+vgg16+vit_b16,
FMD,resmlp,2026,0,full,random_091,0.8705483670416351,0.87,4,3090,1.6698186209978303,glcm+resnet101+rgb_ngram_svd+swin_t,
FMD,resmlp,2026,0,full,random_092,0.9599404938236773,0.96,4,2322,1.4818689050007379,dinov2+glcm+mae_base+siglip_base,
FMD,resmlp,2026,0,full,random_093,0.884847783795152,0.885,4,3920,1.8191932089976035,densenet121+drlbp+resnet101+vit_b16,
FMD,resmlp,2026,0,full,random_094,0.9352714419453232,0.935,4,3328,1.3565084820002085,convnext_v2_t+densenet121+siglip_base+vit_b16,
FMD,resmlp,2026,0,full,random_095,0.9299689246865114,0.93,4,6656,1.543696998996893,dinov2_large+mae_base+vgg16+vit_b16,
FMD,resmlp,2026,0,full,random_096,0.7874776171064612,0.79,4,1426,1.842566874998738,deit_s+glcm+mae_base+rgb_ngram_svd,
FMD,resmlp,2026,0,full,random_097,0.9499781113195747,0.95,4,3638,1.6953423819941236,eva02_base+lbp+mae_base+resnet101,
FMD,resmlp,2026,0,full,random_098,0.9648373513521138,0.965,4,2688,1.1594129459990654,deit_s+dinov2+eva02_base+mae_base,
FMD,resmlp,2026,0,full,random_099,0.9086040813897039,0.91,4,5424,1.5977345900028013,dinov2_large+gabor+rgb_ngram_svd+vgg16,
FMD,resmlp,2026,1,full,random_000,0.9347492399931424,0.935,3,3840,1.6073318650014699,densenet121+resnet50+siglip_base,
FMD,resmlp,2026,1,full,random_001,0.9399091772583429,0.94,3,1232,1.5671676850033691,deit_s+drlbp+siglip_base,
FMD,resmlp,2026,1,full,random_002,0.9545997498436524,0.955,3,834,1.4408058849949157,gabor+glcm+siglip_base,
FMD,resmlp,2026,1,full,random_003,0.9500821942285358,0.95,3,3200,1.3341047660069307,dinov2_small+eva02_base+resnet50,
FMD,resmlp,2026,1,full,random_004,0.8494422814384303,0.85,3,3346,1.5565349309908925,efficientnet_b0+glcm+resnet101,
FMD,resmlp,2026,1,full,random_005,0.9295381041722506,0.93,3,2916,1.8762494499969762,dinov2_small+hog+mae_base,
FMD,resmlp,2026,1,full,random_006,0.9292525485580088,0.93,3,1920,1.3044637049897574,convnext_v2_t+deit_s+siglip_base,
FMD,resmlp,2026,1,full,random_007,0.9600906346541775,0.96,3,1536,1.2223576260003028,deit_s+dinov2_small+eva02_base,
FMD,resmlp,2026,1,full,random_008,0.9548066600505626,0.955,3,1554,1.0998647600063123,eva02_base+glcm+siglip_base,
FMD,resmlp,2026,1,full,random_009,0.9502215200289654,0.95,3,1554,0.979900207996252,eva02_base+glcm+swin_t,
FMD,resmlp,2026,1,full,random_010,0.90358131100108,0.905,3,1810,1.6108144780009752,convnext_v2_t+densenet121+glcm,
FMD,resmlp,2026,1,full,random_011,0.8350179301354034,0.835,3,1232,1.674001503008185,deit_s+drlbp+vit_b16,
FMD,resmlp,2026,1,full,random_012,0.9447175866495507,0.945,3,902,1.3170742980000796,drlbp+lbp+siglip_base,
FMD,resmlp,2026,1,full,random_013,0.9098371944007375,0.91,3,5248,1.2067969429917866,deit_s+eva02_base+vgg16,
FMD,resmlp,2026,1,full,random_014,0.8135645365868968,0.815,3,1456,1.6681959679990541,deit_s+densenet121+gabor,
FMD,resmlp,2026,1,full,random_015,0.840681217786481,0.84,3,5888,1.6090666149975732,densenet121+swin_t+vgg16,
FMD,resmlp,2026,1,full,random_016,0.9145778141413571,0.915,3,1536,1.7277540340000996,convnext_v2_t+deit_s+dinov2_small,
FMD,resmlp,2026,1,full,random_017,0.8557095722050793,0.855,3,3200,1.444542151002679,deit_s+resnet50+swin_t,
FMD,resmlp,2026,1,full,random_018,0.2977209787346581,0.3,3,2100,2.4421320559922606,drlbp+hog+rgb_ngram_svd,
FMD,resmlp,2026,1,full,random_019,0.9395784412523224,0.94,3,1616,1.4361695880070329,convnext_v2_t+dinov2+drlbp,
FMD,resmlp,2026,1,full,random_020,0.8838222464763646,0.885,3,2834,1.4491112669929862,convnext_v2_t+glcm+resnet50,
FMD,resmlp,2026,1,full,random_021,0.9492980340156206,0.95,3,2560,1.1019317820027936,beitv2_base_final+convnext_v2_t+dinov2_large,
FMD,resmlp,2026,1,full,random_022,0.9498202824133506,0.95,3,1590,1.389038724009879,lbp+siglip_base+vit_b16,
FMD,resmlp,2026,1,full,random_023,0.8252709066614787,0.825,3,2304,1.4342627250007354,convnext_v2_t+efficientnet_b0+rgb_ngram_svd,
FMD,resmlp,2026,1,full,random_024,0.9440546253062301,0.945,3,3072,1.4169515300018247,dinov2_large+efficientnet_b0+vit_b16,
FMD,resmlp,2026,1,full,random_025,0.8587730434242061,0.86,3,3346,1.6512060599925462,efficientnet_b0+glcm+resnet50,
FMD,resmlp,2026,1,full,random_026,0.9144494615354694,0.915,3,848,1.412632059000316,deit_s+dinov2_small+drlbp,
FMD,resmlp,2026,1,full,random_027,0.9043083924961406,0.905,3,1408,1.3047995319939218,dinov2_small+rgb_ngram_svd+vit_b16,
FMD,resmlp,2026,1,full,random_028,0.9005024519787037,0.9,3,5632,2.0804657359985868,convnext_v2_t+vgg16+vit_b16,
FMD,resmlp,2026,1,full,random_029,0.8255459090968241,0.825,3,6224,2.358659342993633,drlbp+resnet101+vgg16,
FMD,resmlp,2026,1,full,random_030,0.903827541022663,0.905,3,1408,1.328696687007323,deit_s+eva02_base+rgb_ngram_svd,
FMD,resmlp,2026,1,full,random_031,0.9145107906083517,0.915,3,1554,1.0306651680002687,beitv2_base_final+glcm+vit_b16,
FMD,resmlp,2026,1,full,random_032,0.9350821942285357,0.935,3,2096,1.1939017100085039,efficientnet_b0+eva02_base+gabor,
FMD,resmlp,2026,1,full,random_033,0.7948030395533157,0.795,3,2358,1.6556227609980851,densenet121+efficientnet_b0+lbp,
FMD,resmlp,2026,1,full,random_034,0.9098010675674348,0.91,3,3584,1.0292657620011596,eva02_base+resnet101+vit_b16,
FMD,resmlp,2026,1,full,random_035,0.829037557638328,0.83,3,2358,1.3643849789950764,lbp+resnet101+rgb_ngram_svd,
FMD,resmlp,2026,1,full,random_036,0.2627634162098052,0.29,3,2074,0.9372777820099145,hog+lbp+rgb_ngram_svd,
FMD,resmlp,2026,1,full,random_037,0.8756441662645201,0.875,3,6144,1.8479077579977456,efficientnet_b0+swin_t+vgg16,
FMD,resmlp,2026,1,full,random_038,0.904688197980881,0.905,3,2432,1.316427522993763,dinov2_small+efficientnet_b0+vit_b16,
FMD,resmlp,2026,1,full,random_039,0.8763996786268929,0.875,3,4912,1.7427265860023908,convnext_v2_t+gabor+vgg16,
FMD,resmlp,2026,1,full,random_040,0.8051647251157655,0.805,3,2102,1.7979165500000818,efficientnet_b0+lbp+mae_base,
FMD,resmlp,2026,1,full,random_041,0.84832914447671,0.85,3,3200,1.8485326439986238,deit_s+mae_base+resnet101,
FMD,resmlp,2026,1,full,random_042,0.8809219952929837,0.88,3,2304,1.2874423880130053,beitv2_base_final+efficientnet_b0+rgb_ngram_svd,
FMD,resmlp,2026,1,full,random_043,0.9298832523222769,0.93,3,3300,1.6741905270027928,eva02_base+hog+mae_base,
FMD,resmlp,2026,1,full,random_044,0.8019873541439653,0.805,3,1042,1.4599150930007454,glcm+rgb_ngram_svd+vit_b16,
FMD,resmlp,2026,1,full,random_045,0.8242122809494514,0.825,3,1616,1.9187088179896818,drlbp+mae_base+vit_b16,
FMD,resmlp,2026,1,full,random_046,0.7837813987813987,0.785,3,3124,1.8683401570015121,drlbp+efficientnet_b0+hog,
FMD,resmlp,2026,1,full,random_047,0.8257756772873052,0.825,3,6192,2.024944549993961,gabor+resnet101+vgg16,
FMD,resmlp,2026,1,full,random_048,0.893899519294331,0.895,3,2560,1.3485441289958544,convnext_v2_t+densenet121+vit_b16,
FMD,resmlp,2026,1,full,random_049,0.7338391745613289,0.735,3,2048,2.0047886230022414,densenet121+mae_base+rgb_ngram_svd,
FMD,resmlp,2026,1,full,random_050,0.9106867030134784,0.91,3,5504,1.3404624100076035,deit_s+dinov2_large+vgg16,
FMD,resmlp,2026,1,full,random_051,0.9245595867547088,0.925,3,2560,1.2572863259993028,densenet121+dinov2+mae_base,
FMD,resmlp,2026,1,full,random_052,0.7913115303979091,0.79,3,1414,1.8818746350007132,drlbp+efficientnet_b0+lbp,
FMD,resmlp,2026,1,full,random_053,0.9499691771642992,0.95,3,3300,1.7037609609978972,beitv2_base_final+eva02_base+hog,
FMD,resmlp,2026,1,full,random_054,0.9449561756172796,0.945,3,2304,1.041618078990723,eva02_base+swin_t+vit_b16,
FMD,resmlp,2026,1,full,random_055,0.798112360139258,0.8,3,2384,2.0107459589926293,drlbp+resnet50+rgb_ngram_svd,
FMD,resmlp,2026,1,full,random_056,0.8955710057026594,0.895,3,4882,1.5241096789977746,eva02_base+glcm+vgg16,
FMD,resmlp,2026,1,full,random_057,0.8955710057026594,0.895,3,4882,1.5440354620077414,eva02_base+glcm+vgg16,
FMD,resmlp,2026,1,full,random_058,0.8599799654677703,0.86,3,5860,1.9435022929974366,hog+resnet101+resnet50,
FMD,resmlp,2026,1,full,random_059,0.9644336120459354,0.965,3,2816,1.2572535969957244,densenet121+dinov2_large+siglip_base,
FMD,resmlp,2026,1,full,random_060,0.964702398585582,0.965,3,3840,1.4168406449898612,dinov2_large+resnet101+siglip_base,
FMD,resmlp,2026,1,full,random_061,0.9295460038463889,0.93,3,1104,1.736877748000552,drlbp+rgb_ngram_svd+siglip_base,
FMD,resmlp,2026,1,full,random_062,0.7992770948804325,0.8,3,5888,2.34788181699696,densenet121+mae_base+vgg16,
FMD,resmlp,2026,1,full,random_063,0.9347930649521837,0.935,3,4096,1.3148886090057204,efficientnet_b0+eva02_base+resnet101,
FMD,resmlp,2026,1,full,random_064,0.9399843652282677,0.94,3,2834,1.715215359989088,glcm+resnet101+siglip_base,
FMD,resmlp,2026,1,full,random_065,0.9348050943493819,0.935,3,3584,1.538217875000555,eva02_base+mae_base+resnet101,
FMD,resmlp,2026,1,full,random_066,0.9452103993567409,0.945,3,1590,1.1334237580012996,lbp+siglip_base+swin_t,
FMD,resmlp,2026,1,full,random_067,0.8493729110235068,0.85,3,896,1.7657097750052344,drlbp+gabor+vit_b16,
FMD,resmlp,2026,1,full,random_068,0.8400643293262036,0.84,3,4096,1.4423717019963078,efficientnet_b0+resnet50+swin_t,
FMD,resmlp,2026,1,full,random_069,0.8690095859222946,0.87,3,4114,1.596805717999814,glcm+resnet101+resnet50,
FMD,resmlp,2026,1,full,random_070,0.9343690293548489,0.935,3,3584,0.9840124039910734,convnext_v2_t+dinov2+resnet50,
FMD,resmlp,2026,1,full,random_071,0.949961489088575,0.95,3,1846,1.3828894899925217,densenet121+lbp+siglip_base,
FMD,resmlp,2026,1,full,random_072,0.880810713663805,0.88,3,1920,1.4421605070092482,deit_s+swin_t+vit_b16,
FMD,resmlp,2026,1,full,random_073,0.7993971885587552,0.8,3,1408,1.8846164150018012,drlbp+efficientnet_b0+gabor,
FMD,resmlp,2026,1,full,random_074,0.9497028923152158,0.95,3,2560,1.1638165579934139,dinov2_large+eva02_base+vit_b16,
FMD,resmlp,2026,1,full,random_075,0.9392994681826519,0.94,3,2560,1.4933109629928367,dinov2_large+mae_base+swin_t,
FMD,resmlp,2026,1,full,random_076,0.9147348564005281,0.915,3,2512,1.6575494429998798,dinov2_small+drlbp+resnet101,
FMD,resmlp,2026,1,full,random_077,0.9549556818876457,0.955,3,2304,1.2960729229962453,dinov2+eva02_base+vit_b16,
FMD,resmlp,2026,1,full,random_078,0.9450682522441187,0.945,3,1920,1.1858848889969522,dinov2_small+eva02_base+vit_b16,
FMD,resmlp,2026,1,full,random_079,0.9197939638353706,0.92,3,2788,1.791226043991628,eva02_base+hog+rgb_ngram_svd,
FMD,resmlp,2026,1,full,random_080,0.7986328347593535,0.8,3,1792,1.6218712770059938,mae_base+rgb_ngram_svd+vit_b16,
FMD,resmlp,2026,1,full,random_081,0.8891819442759825,0.89,3,2048,1.2489846870012116,deit_s+dinov2_small+efficientnet_b0,
FMD,resmlp,2026,1,full,random_082,0.5592546029245186,0.56,3,2550,2.2996341319958447,glcm+hog+mae_base,
FMD,resmlp,2026,1,full,random_083,0.9297778451757914,0.93,3,3300,1.81173555800342,eva02_base+hog+vit_b16,
FMD,resmlp,2026,1,full,random_084,0.9346311686542155,0.935,3,2432,1.269027342001209,deit_s+dinov2+efficientnet_b0,
FMD,resmlp,2026,1,full,random_085,0.9190130191528822,0.92,3,482,1.8547054610098712,dinov2_small+drlbp+glcm,
FMD,resmlp,2026,1,full,random_086,0.9549181431260424,0.955,3,1810,1.3659699030104093,dinov2_large+glcm+swin_t,
FMD,resmlp,2026,1,full,random_087,0.7945173430539284,0.795,3,2432,1.8900524960045004,deit_s+efficientnet_b0+mae_base,
FMD,resmlp,2026,1,full,random_088,0.929485635390642,0.93,3,1206,1.3588809829961974,deit_s+lbp+siglip_base,
FMD,resmlp,2026,1,full,random_089,0.8098588321782938,0.81,3,2384,1.7972953000135021,densenet121+drlbp+efficientnet_b0,
FMD,resmlp,2026,1,full,random_090,0.9351891017007296,0.935,3,5248,1.1308112440019613,dinov2+dinov2_small+vgg16,
FMD,resmlp,2026,1,full,random_091,0.9443752051055689,0.945,3,1488,1.2577182329987409,dinov2_large+dinov2_small+drlbp,
FMD,resmlp,2026,1,full,random_092,0.7070888188724027,0.71,3,658,1.3778172729944345,deit_s+glcm+rgb_ngram_svd,
FMD,resmlp,2026,1,full,random_093,0.9501063164477799,0.95,3,2864,1.1701541929942323,gabor+resnet101+siglip_base,
FMD,resmlp,2026,1,full,random_094,0.8151986214718698,0.815,3,1090,2.1209701690095244,densenet121+gabor+glcm,
FMD,resmlp,2026,1,full,random_095,0.9204406031221865,0.92,3,1206,1.4440505759994267,beitv2_base_final+deit_s+lbp,
FMD,resmlp,2026,1,full,random_096,0.7495398979487107,0.75,3,2202,2.0608389870030805,deit_s+hog+lbp,
FMD,resmlp,2026,1,full,random_097,0.9199656035021888,0.92,3,5248,1.547022224011016,deit_s+dinov2+vgg16,
FMD,resmlp,2026,1,full,random_098,0.7706138247601662,0.77,3,5914,2.4293565500120167,hog+lbp+vgg16,
FMD,resmlp,2026,1,full,random_099,0.8550043631921114,0.855,3,4096,1.2743580149981426,efficientnet_b0+resnet101+swin_t,
FMD,resmlp,2026,2,full,random_000,0.9155472208379931,0.915,5,4534,1.719370749007794,deit_s+efficientnet_b0+lbp+resnet50+swin_t,
FMD,resmlp,2026,2,full,random_001,0.984971810389012,0.985,5,3988,1.6923229270032607,deit_s+densenet121+gabor+hog+siglip_base,
FMD,resmlp,2026,2,full,random_002,0.9601063164477799,0.96,5,1864,1.6869518400053494,beitv2_base_final+glcm+lbp+mae_base+rgb_ngram_svd,
FMD,resmlp,2026,2,full,random_003,0.9899968730456535,0.99,5,2384,1.4599166450061603,deit_s+dinov2_small+drlbp+siglip_base+vit_b16,
FMD,resmlp,2026,2,full,random_004,0.984855666370429,0.985,5,5168,1.4938187840016326,beitv2_base_final+dinov2_large+efficientnet_b0+gabor+resnet50,
FMD,resmlp,2026,2,full,random_005,0.9899937460913071,0.99,5,5120,1.3520090959937079,dinov2+eva02_base+resnet50+siglip_base+swin_t,
FMD,resmlp,2026,2,full,random_006,0.9851067631555436,0.985,5,3920,1.5830435620009666,beitv2_base_final+drlbp+eva02_base+resnet101+rgb_ngram_svd,
FMD,resmlp,2026,2,full,random_007,0.9799686834346654,0.98,5,2376,1.455128859000979,convnext_v2_t+eva02_base+glcm+lbp+swin_t,
FMD,resmlp,2026,2,full,random_008,0.9750646632725625,0.975,5,5990,1.491766245002509,dinov2_large+gabor+lbp+vgg16+vit_b16,
FMD,resmlp,2026,2,full,random_009,0.9851067631555436,0.985,5,4836,2.034489145997213,eva02_base+hog+mae_base+siglip_base+vit_b16,
FMD,resmlp,2026,2,full,random_010,0.9899937460913071,0.99,5,2640,1.2781111959920963,beitv2_base_final+drlbp+eva02_base+rgb_ngram_svd+siglip_base,
FMD,resmlp,2026,2,full,random_011,0.99,0.99,5,4836,1.6935026010032743,beitv2_base_final+dinov2+eva02_base+hog+swin_t,
FMD,resmlp,2026,2,full,random_012,0.9746967699406722,0.975,5,3346,1.4381405280000763,convnext_v2_t+densenet121+eva02_base+glcm+swin_t,
FMD,resmlp,2026,2,full,random_013,0.9140086156774221,0.915,5,4938,2.212904238011106,densenet121+gabor+hog+lbp+resnet101,
FMD,resmlp,2026,2,full,random_014,0.9901098901098901,0.99,5,3456,1.4642304539884208,convnext_v2_t+dinov2_small+mae_base+siglip_base+vit_b16,
FMD,resmlp,2026,2,full,random_015,0.9749718103890119,0.975,5,4276,1.737613233999582,beitv2_base_final+dinov2_small+drlbp+efficientnet_b0+hog,
FMD,resmlp,2026,2,full,random_016,0.9696878357853966,0.97,5,3280,1.6716241109970724,beitv2_base_final+deit_s+drlbp+efficientnet_b0+swin_t,
FMD,resmlp,2026,2,full,random_017,0.9547050788321648,0.955,5,4580,2.1055066130065825,convnext_v2_t+densenet121+hog+rgb_ngram_svd+vit_b16,
FMD,resmlp,2026,2,full,random_018,0.9949968730456537,0.995,5,3712,1.4132223740016343,convnext_v2_t+deit_s+dinov2_large+eva02_base+siglip_base,
FMD,resmlp,2026,2,full,random_019,0.9849906191369605,0.985,5,6224,1.4828026280010818,convnext_v2_t+dinov2_large+drlbp+rgb_ngram_svd+vgg16,
FMD,resmlp,2026,2,full,random_020,0.9493126581816614,0.95,5,5046,1.6963624089985387,beitv2_base_final+drlbp+gabor+lbp+vgg16,
FMD,resmlp,2026,2,full,random_021,0.9699436207780238,0.97,5,5222,1.4973076780006522,gabor+lbp+rgb_ngram_svd+siglip_base+vgg16,
FMD,resmlp,2026,2,full,random_022,0.9801036362011972,0.98,5,1992,1.331844970001839,deit_s+dinov2+glcm+lbp+siglip_base,
FMD,resmlp,2026,2,full,random_023,0.9299427273624964,0.93,5,4048,1.5051867559959646,convnext_v2_t+deit_s+drlbp+resnet50+vit_b16,
FMD,resmlp,2026,2,full,random_024,0.904604544744408,0.905,5,3584,1.7110253120044945,deit_s+densenet121+drlbp+gabor+resnet50,
FMD,resmlp,2026,2,full,random_025,0.9795716917668138,0.98,5,4992,1.5743670999945607,convnext_v2_t+deit_s+densenet121+resnet50+siglip_base,
FMD,resmlp,2026,2,full,random_026,0.954987492182614,0.955,5,4626,1.7339172570063965,densenet121+glcm+resnet50+swin_t+vit_b16,
FMD,resmlp,2026,2,full,random_027,0.9949968730456534,0.995,5,3664,1.475812397999107,beitv2_base_final+densenet121+dinov2_large+drlbp+eva02_base,
FMD,resmlp,2026,2,full,random_028,0.9798655409631019,0.98,5,2114,1.2942225719889393,dinov2_large+gabor+glcm+rgb_ngram_svd+swin_t,
FMD,resmlp,2026,2,full,random_029,0.9796878357853966,0.98,5,3126,1.430635312004597,convnext_v2_t+efficientnet_b0+lbp+rgb_ngram_svd+siglip_base,
FMD,resmlp,2026,2,full,random_030,0.9650187839070427,0.965,5,6736,2.0332707580091665,dinov2+dinov2_large+drlbp+mae_base+vgg16,
FMD,resmlp,2026,2,full,random_031,0.939495116341401,0.94,5,3126,1.4642466229997808,convnext_v2_t+efficientnet_b0+lbp+rgb_ngram_svd+swin_t,
FMD,resmlp,2026,2,full,random_032,0.9898587933247753,0.99,5,3632,1.2074726459977683,efficientnet_b0+gabor+mae_base+siglip_base+vit_b16,
FMD,resmlp,2026,2,full,random_033,0.9899937460913069,0.99,5,2022,1.32349774800241,dinov2_small+gabor+lbp+siglip_base+swin_t,
FMD,resmlp,2026,2,full,random_034,0.9599196771147991,0.96,5,5120,1.8289674529951299,densenet121+dinov2_large+mae_base+resnet50+rgb_ngram_svd,
FMD,resmlp,2026,2,full,random_035,0.8866159774554557,0.89,5,3510,1.9060599079966778,deit_s+lbp+mae_base+resnet50+rgb_ngram_svd,
FMD,resmlp,2026,2,full,random_036,0.9749686834346655,0.975,5,7450,2.007399448004435,eva02_base+hog+lbp+swin_t+vgg16,
FMD,resmlp,2026,2,full,random_037,0.9695893815213456,0.97,5,5632,1.317104265006492,beitv2_base_final+efficientnet_b0+mae_base+resnet50+siglip_base,
FMD,resmlp,2026,2,full,random_038,0.9397027434126277,0.94,5,4534,1.2187636829912663,convnext_v2_t+deit_s+efficientnet_b0+lbp+resnet101,
FMD,resmlp,2026,2,full,random_039,0.9899937460913071,0.99,5,3732,1.6385458879958605,beitv2_base_final+dinov2_small+gabor+hog+siglip_base,
FMD,resmlp,2026,2,full,random_040,0.9751928684007677,0.975,5,5650,1.7732159290026175,eva02_base+glcm+mae_base+resnet101+resnet50,
FMD,resmlp,2026,2,full,random_041,0.9851188242651657,0.985,5,3712,1.527344843998435,beitv2_base_final+drlbp+eva02_base+gabor+resnet50,
FMD,resmlp,2026,2,full,random_042,0.9798525394160824,0.98,5,4224,1.4779857309913496,beitv2_base_final+deit_s+resnet101+rgb_ngram_svd+siglip_base,
FMD,resmlp,2026,2,full,random_043,0.9645919445777643,0.965,5,5320,2.0099437970056897,deit_s+glcm+lbp+siglip_base+vgg16,
FMD,resmlp,2026,2,full,random_044,0.9796878357853969,0.98,5,5248,1.2957122319930932,convnext_v2_t+deit_s+efficientnet_b0+eva02_base+resnet50,
FMD,resmlp,2026,2,full,random_045,0.9498467792370231,0.95,5,6246,1.5358202760107815,convnext_v2_t+efficientnet_b0+gabor+lbp+vgg16,
FMD,resmlp,2026,2,full,random_046,0.9949968730456537,0.995,5,7424,1.4282439969974803,beitv2_base_final+dinov2_large+siglip_base+swin_t+vgg16,
FMD,resmlp,2026,2,full,random_047,1.0,1.0,5,5376,1.3755440779932542,beitv2_base_final+dinov2_large+mae_base+resnet101+siglip_base,
FMD,resmlp,2026,2,full,random_048,0.9949968730456534,0.995,5,4406,1.3961571010004263,beitv2_base_final+eva02_base+lbp+resnet50+siglip_base,
FMD,resmlp,2026,2,full,random_049,0.9396970157945768,0.94,5,6016,1.6090180190076353,deit_s+mae_base+resnet101+resnet50+vit_b16,
FMD,resmlp,2026,2,full,random_050,0.9899937460913071,0.99,5,3144,1.498323715000879,beitv2_base_final+dinov2_large+efficientnet_b0+glcm+lbp,
FMD,resmlp,2026,2,full,random_051,0.9796878357853966,0.98,5,7984,1.5685804410022683,dinov2_large+gabor+resnet50+swin_t+vgg16,
FMD,resmlp,2026,2,full,random_052,0.9500790672741892,0.95,5,8704,1.6290395669930149,convnext_v2_t+densenet121+resnet50+vgg16+vit_b16,
FMD,resmlp,2026,2,full,random_053,0.9848556663704289,0.985,5,2614,1.353826794991619,dinov2+lbp+mae_base+rgb_ngram_svd+swin_t,
FMD,resmlp,2026,2,full,random_054,0.9749744906355946,0.975,5,3866,2.2058025440055644,densenet121+hog+lbp+rgb_ngram_svd+siglip_base,
FMD,resmlp,2026,2,full,random_055,0.9899937460913071,0.99,5,4096,1.329092155006947,convnext_v2_t+dinov2_large+eva02_base+siglip_base+vit_b16,
FMD,resmlp,2026,2,full,random_056,0.9851067631555436,0.985,5,2376,1.3604309580114204,efficientnet_b0+eva02_base+glcm+lbp+rgb_ngram_svd,
FMD,resmlp,2026,2,full,random_057,0.9851067631555436,0.985,5,5120,1.5015648670087103,convnext_v2_t+eva02_base+mae_base+resnet101+siglip_base,
FMD,resmlp,2026,2,full,random_058,0.9692824303799913,0.97,5,4662,1.626733201002935,convnext_v2_t+densenet121+dinov2+lbp+resnet50,
FMD,resmlp,2026,2,full,random_059,0.984971810389012,0.985,5,3914,1.9519912180112442,densenet121+dinov2_large+gabor+hog+lbp,
FMD,resmlp,2026,2,full,random_060,0.9849718103890119,0.985,5,3888,1.5796812570042675,eva02_base+gabor+resnet50+rgb_ngram_svd+swin_t,
FMD,resmlp,2026,2,full,random_061,0.9698472259447868,0.97,5,4864,1.8061985500098672,deit_s+dinov2_small+efficientnet_b0+resnet101+vit_b16,
FMD,resmlp,2026,2,full,random_062,0.8988517173668082,0.9,5,3190,1.9351643309928477,deit_s+glcm+hog+rgb_ngram_svd+swin_t,
FMD,resmlp,2026,2,full,random_063,0.9746878357853968,0.975,5,4662,1.6226956519967644,beitv2_base_final+dinov2_large+lbp+mae_base+resnet101,
FMD,resmlp,2026,2,full,random_064,0.9799686834346655,0.98,5,3682,1.404844270000467,drlbp+eva02_base+glcm+resnet101+swin_t,
FMD,resmlp,2026,2,full,random_065,0.9642882375809204,0.965,5,2608,1.3920804470108123,beitv2_base_final+convnext_v2_t+gabor+mae_base+rgb_ngram_svd,
FMD,resmlp,2026,2,full,random_066,0.9699843652282677,0.97,5,2768,1.357530516004772,dinov2_small+drlbp+efficientnet_b0+rgb_ngram_svd+vit_b16,
FMD,resmlp,2026,2,full,random_067,0.9596424768375987,0.96,5,7734,1.7836256629962008,beitv2_base_final+lbp+resnet50+swin_t+vgg16,
FMD,resmlp,2026,2,full,random_068,0.9648592870544089,0.965,5,3840,1.6103972099954262,efficientnet_b0+mae_base+rgb_ngram_svd+siglip_base+swin_t,
FMD,resmlp,2026,2,full,random_069,0.9750937616085242,0.975,5,2498,1.3802819959964836,dinov2_small+efficientnet_b0+gabor+glcm+vit_b16,
FMD,resmlp,2026,2,full,random_070,0.9798525394160824,0.98,5,7248,1.5328611900040414,convnext_v2_t+dinov2_large+drlbp+efficientnet_b0+vgg16,
FMD,resmlp,2026,2,full,random_071,0.9901098901098901,0.99,5,6400,1.6616916880011559,beitv2_base_final+eva02_base+mae_base+resnet101+resnet50,
FMD,resmlp,2026,2,full,random_072,0.9899937460913071,0.99,5,2274,1.3128399850102141,dinov2_large+dinov2_small+drlbp+eva02_base+glcm,
FMD,resmlp,2026,2,full,random_073,0.958870276065398,0.96,5,5092,2.0583046590036247,beitv2_base_final+densenet121+hog+mae_base+swin_t,
FMD,resmlp,2026,2,full,random_074,0.9452044446781288,0.945,5,5476,2.006649535993347,densenet121+dinov2_small+hog+resnet101+rgb_ngram_svd,
FMD,resmlp,2026,2,full,random_075,0.9697274612422238,0.97,5,1798,1.5378102999966359,dinov2_large+dinov2_small+drlbp+lbp+rgb_ngram_svd,
FMD,resmlp,2026,2,full,random_076,0.9851067631555436,0.985,5,4608,1.4954016520059668,dinov2+dinov2_large+efficientnet_b0+eva02_base+mae_base,
FMD,resmlp,2026,2,full,random_077,0.9899937460913071,0.99,5,5684,1.8117990419996204,dinov2_large+drlbp+eva02_base+hog+resnet50,
FMD,resmlp,2026,2,full,random_078,0.9699228040691455,0.97,5,1926,1.3742112799955066,beitv2_base_final+convnext_v2_t+drlbp+lbp+rgb_ngram_svd,
FMD,resmlp,2026,2,full,random_079,0.9651767398994016,0.965,5,3272,1.4088651549973292,dinov2_small+glcm+lbp+resnet101+vit_b16,
FMD,resmlp,2026,2,full,random_080,1.0,1.0,5,4656,1.4100282639992656,dinov2_large+gabor+resnet50+siglip_base+swin_t,
FMD,resmlp,2026,2,full,random_081,0.9450244125519524,0.945,5,3474,1.6990819810016546,dinov2_small+glcm+mae_base+resnet101+rgb_ngram_svd,
FMD,resmlp,2026,2,full,random_082,0.9594611763931404,0.96,5,5266,1.7643646229989827,deit_s+glcm+resnet101+resnet50+siglip_base,
FMD,resmlp,2026,2,full,random_083,0.9750817004989021,0.975,5,3152,1.210898110002745,dinov2+drlbp+mae_base+swin_t+vit_b16,
FMD,resmlp,2026,2,full,random_084,0.9498409720360941,0.95,5,9216,1.7817046999989543,resnet101+resnet50+rgb_ngram_svd+siglip_base+vgg16,
FMD,resmlp,2026,2,full,random_085,0.9643996152340183,0.965,5,4400,1.378815089003183,beitv2_base_final+convnext_v2_t+gabor+resnet50+vit_b16,
FMD,resmlp,2026,2,full,random_086,0.9799785580273385,0.98,5,4608,1.425783347003744,convnext_v2_t+deit_s+dinov2_large+dinov2_small+resnet50,
FMD,resmlp,2026,2,full,random_087,0.9749785580273386,0.975,5,6736,1.6015961700031767,convnext_v2_t+densenet121+drlbp+siglip_base+vgg16,
FMD,resmlp,2026,2,full,random_088,0.9799686834346654,0.98,5,2054,1.25676728200051,convnext_v2_t+deit_s+drlbp+eva02_base+lbp,
FMD,resmlp,2026,2,full,random_089,0.984993746091307,0.985,5,6704,1.4816680030053249,beitv2_base_final+dinov2_large+gabor+vgg16+vit_b16,
FMD,resmlp,2026,2,full,random_090,0.9445349556325165,0.945,5,2096,1.4000832719902974,deit_s+densenet121+dinov2_small+gabor+rgb_ngram_svd,
FMD,resmlp,2026,2,full,random_091,0.9949968730456534,0.995,5,5376,1.6726421820058022,densenet121+eva02_base+resnet101+siglip_base+swin_t,
FMD,resmlp,2026,2,full,random_092,0.9644699933582519,0.965,5,2998,1.3174854679964483,convnext_v2_t+deit_s+dinov2_large+lbp+swin_t,
FMD,resmlp,2026,2,full,random_093,0.9899937460913071,0.99,5,2992,1.2126627690013265,beitv2_base_final+dinov2_large+dinov2_small+gabor+vit_b16,
FMD,resmlp,2026,2,full,random_094,0.9745716917668137,0.975,5,2706,1.1164791399933165,beitv2_base_final+convnext_v2_t+deit_s+glcm+siglip_base,
FMD,resmlp,2026,2,full,random_095,0.9645956354300385,0.965,5,4048,1.8344173389923526,beitv2_base_final+deit_s+drlbp+mae_base+resnet50,
FMD,resmlp,2026,2,full,random_096,0.9746909627397432,0.975,5,4400,1.4664752979879268,beitv2_base_final+convnext_v2_t+gabor+resnet101+swin_t,
FMD,resmlp,2026,2,full,random_097,0.9595741934573769,0.96,5,4324,1.8502673309994861,dinov2+hog+mae_base+rgb_ngram_svd+vit_b16,
FMD,resmlp,2026,2,full,random_098,0.9899937460913071,0.99,5,7680,1.6972112319926964,convnext_v2_t+densenet121+dinov2_large+eva02_base+vgg16,
FMD,resmlp,2026,2,full,random_099,0.9500436362952408,0.95,5,4114,1.632603931997437,deit_s+dinov2_small+efficientnet_b0+glcm+resnet50,
FMD,resmlp,2026,3,full,random_000,0.98510989010989,0.985,6,4854,1.8218630319897784,convnext_v2_t+eva02_base+glcm+hog+mae_base+siglip_base,
FMD,resmlp,2026,3,full,random_001,0.9300651519939814,0.93,6,7522,1.5930675779964076,dinov2_large+drlbp+glcm+resnet101+rgb_ngram_svd+vgg16,
FMD,resmlp,2026,3,full,random_002,0.8890471042910069,0.89,6,5302,1.726627218988142,convnext_v2_t+drlbp+gabor+lbp+rgb_ngram_svd+vgg16,
FMD,resmlp,2026,3,full,random_003,0.9092466412492086,0.91,6,6034,1.6617887260072166,densenet121+drlbp+gabor+glcm+vgg16+vit_b16,
FMD,resmlp,2026,3,full,random_004,0.8902715759029759,0.89,6,3482,2.243005202995846,drlbp+gabor+hog+lbp+mae_base+swin_t,
FMD,resmlp,2026,3,full,random_005,0.9650745061528117,0.965,6,3584,1.3547082189907087,beitv2_base_final+deit_s+densenet121+dinov2_small+eva02_base+rgb_ngram_svd,
FMD,resmlp,2026,3,full,random_006,0.9698097870049089,0.97,6,5888,1.4883987270004582,beitv2_base_final+convnext_v2_t+eva02_base+resnet50+siglip_base+swin_t,
FMD,resmlp,2026,3,full,random_007,0.918431341792389,0.92,6,6966,1.8501960650028195,convnext_v2_t+densenet121+lbp+rgb_ngram_svd+vgg16+vit_b16,
FMD,resmlp,2026,3,full,random_008,0.9187731246075277,0.92,6,8210,1.344111200000043,beitv2_base_final+dinov2_large+glcm+resnet101+rgb_ngram_svd+vgg16,
FMD,resmlp,2026,3,full,random_009,0.9651906501713947,0.965,6,3682,1.1837594409880694,beitv2_base_final+drlbp+efficientnet_b0+glcm+siglip_base+vit_b16,
FMD,resmlp,2026,3,full,random_010,0.9599306192310044,0.96,6,7652,1.5710438310052268,densenet121+dinov2+efficientnet_b0+hog+resnet101+siglip_base,
FMD,resmlp,2026,3,full,random_011,0.9601577723528942,0.96,6,5524,1.660874514011084,dinov2_large+dinov2_small+gabor+hog+resnet101+rgb_ngram_svd,
FMD,resmlp,2026,3,full,random_012,0.9446817481477302,0.945,6,7060,2.2236121149908286,deit_s+gabor+hog+resnet101+resnet50+siglip_base,
FMD,resmlp,2026,3,full,random_013,0.9752345215759849,0.975,6,5780,2.1015708100021584,dinov2+dinov2_small+gabor+hog+mae_base+resnet101,
FMD,resmlp,2026,3,full,random_014,0.9700937616085241,0.97,6,4342,1.6747176100034267,beitv2_base_final+eva02_base+glcm+hog+rgb_ngram_svd+swin_t,
FMD,resmlp,2026,3,full,random_015,0.9252391453931891,0.925,6,8704,1.780584053005441,beitv2_base_final+densenet121+efficientnet_b0+swin_t+vgg16+vit_b16,
FMD,resmlp,2026,3,full,random_016,0.9596717072840308,0.96,6,7814,1.697978134994628,beitv2_base_final+drlbp+eva02_base+lbp+resnet101+vgg16,
FMD,resmlp,2026,3,full,random_017,0.9452157128280364,0.945,6,7040,1.5833106259960914,dinov2_small+mae_base+rgb_ngram_svd+siglip_base+swin_t+vgg16,
FMD,resmlp,2026,3,full,random_018,0.950525577108704,0.95,6,5732,1.7545761309884256,beitv2_base_final+dinov2_small+efficientnet_b0+hog+swin_t+vit_b16,
FMD,resmlp,2026,3,full,random_019,0.9750995688094533,0.975,6,5424,1.4113843520026421,dinov2_large+efficientnet_b0+eva02_base+gabor+resnet101+rgb_ngram_svd,
FMD,resmlp,2026,3,full,random_020,0.9496784549223574,0.95,6,6400,1.3374287580081727,dinov2_large+dinov2_small+drlbp+gabor+swin_t+vgg16,
FMD,resmlp,2026,3,full,random_021,0.9251412950148656,0.925,6,4114,1.422203668000293,dinov2_large+efficientnet_b0+glcm+mae_base+rgb_ngram_svd+swin_t,
FMD,resmlp,2026,3,full,random_022,0.9500385013799647,0.95,6,4790,1.286015955003677,beitv2_base_final+dinov2+dinov2_small+lbp+resnet101+vit_b16,
FMD,resmlp,2026,3,full,random_023,0.9254339180462414,0.925,6,7988,2.098566581000341,drlbp+efficientnet_b0+hog+resnet101+resnet50+siglip_base,
FMD,resmlp,2026,3,full,random_024,0.9499341705952746,0.95,6,2662,1.419924103989615,convnext_v2_t+deit_s+dinov2_large+dinov2_small+gabor+lbp,
FMD,resmlp,2026,3,full,random_025,0.9549874921826141,0.955,6,5092,1.766140343999723,beitv2_base_final+eva02_base+hog+mae_base+rgb_ngram_svd+swin_t,
FMD,resmlp,2026,3,full,random_026,0.9699614890885752,0.97,6,4966,1.6081409329926828,efficientnet_b0+eva02_base+gabor+lbp+resnet101+siglip_base,
FMD,resmlp,2026,3,full,random_027,0.9799718103890118,0.98,6,3126,1.121818510000594,beitv2_base_final+deit_s+dinov2_small+eva02_base+lbp+siglip_base,
FMD,resmlp,2026,3,full,random_028,0.9442222194519415,0.945,6,2706,1.2983659189922037,convnext_v2_t+dinov2_large+drlbp+gabor+glcm+mae_base,
FMD,resmlp,2026,3,full,random_029,0.9595758160763982,0.96,6,5424,1.6487195719964802,dinov2_large+gabor+resnet50+siglip_base+swin_t+vit_b16,
FMD,resmlp,2026,3,full,random_030,0.9750995688094533,0.975,6,7094,1.5428445849975105,dinov2_large+dinov2_small+lbp+mae_base+siglip_base+vgg16,
FMD,resmlp,2026,3,full,random_031,0.9092903116414177,0.91,6,5382,2.0647287979954854,deit_s+drlbp+lbp+resnet101+resnet50+vit_b16,
FMD,resmlp,2026,3,full,random_032,0.9701937771257411,0.97,6,6656,1.2750629630027106,beitv2_base_final+dinov2_large+efficientnet_b0+eva02_base+mae_base+resnet101,
FMD,resmlp,2026,3,full,random_033,0.9606605298752356,0.96,6,6272,1.5731648970104288,beitv2_base_final+dinov2_large+dinov2_small+efficientnet_b0+resnet101+swin_t,
FMD,resmlp,2026,3,full,random_034,0.9230139850165523,0.925,6,3910,2.1699917929945514,convnext_v2_t+densenet121+drlbp+glcm+hog+rgb_ngram_svd,
FMD,resmlp,2026,3,full,random_035,0.8836120590292605,0.885,6,9078,2.0361315439949976,deit_s+glcm+hog+resnet50+vgg16+vit_b16,
FMD,resmlp,2026,3,full,random_036,0.9452656030319702,0.945,6,6096,1.748078456002986,dinov2_small+drlbp+mae_base+resnet101+resnet50+vit_b16,
FMD,resmlp,2026,3,full,random_037,0.9451188242651657,0.945,6,4278,1.5682349239941686,dinov2_small+lbp+resnet50+rgb_ngram_svd+swin_t+vit_b16,
FMD,resmlp,2026,3,full,random_038,0.9400501701185344,0.94,6,6984,1.5731592299998738,dinov2+efficientnet_b0+glcm+lbp+swin_t+vgg16,
FMD,resmlp,2026,3,full,random_039,0.9453839496843349,0.945,6,6118,1.68251706600131,dinov2+dinov2_small+gabor+lbp+mae_base+vgg16,
FMD,resmlp,2026,3,full,random_040,0.9401795946382029,0.94,6,10468,1.698024869998335,densenet121+dinov2+hog+resnet101+vgg16+vit_b16,
FMD,resmlp,2026,3,full,random_041,0.9652125858736899,0.965,6,4736,1.3181992140016519,beitv2_base_final+densenet121+dinov2_large+dinov2_small+efficientnet_b0+rgb_ngram_svd,
FMD,resmlp,2026,3,full,random_042,0.8881152493637193,0.89,6,5610,2.1214601389947347,deit_s+drlbp+efficientnet_b0+hog+lbp+resnet101,
FMD,resmlp,2026,3,full,random_043,0.9652125858736899,0.965,6,5010,1.5992857069941238,densenet121+dinov2+dinov2_small+glcm+resnet101+siglip_base,
FMD,resmlp,2026,3,full,random_044,0.9252706760001445,0.925,6,4788,1.7117020190053154,beitv2_base_final+deit_s+densenet121+drlbp+hog+mae_base,
FMD,resmlp,2026,3,full,random_045,0.9252569882865135,0.925,6,6326,1.3010394259908935,convnext_v2_t+dinov2_small+lbp+rgb_ngram_svd+vgg16+vit_b16,
FMD,resmlp,2026,3,full,random_046,0.9588411777294364,0.96,6,6472,1.3241557989967987,beitv2_base_final+glcm+lbp+mae_base+siglip_base+vgg16,
FMD,resmlp,2026,3,full,random_047,0.9601767398994017,0.96,6,6502,1.0934420020057587,beitv2_base_final+convnext_v2_t+eva02_base+gabor+lbp+vgg16,
FMD,resmlp,2026,3,full,random_048,0.8435340707893475,0.845,6,8244,2.0780968769977335,drlbp+efficientnet_b0+hog+rgb_ngram_svd+swin_t+vgg16,
FMD,resmlp,2026,3,full,random_049,0.9458136412308429,0.945,6,3334,1.3562480340042384,beitv2_base_final+dinov2_small+drlbp+efficientnet_b0+lbp+mae_base,
FMD,resmlp,2026,3,full,random_050,0.959803533096216,0.96,6,3664,1.4225479699962307,dinov2_large+drlbp+mae_base+rgb_ngram_svd+siglip_base+swin_t,
FMD,resmlp,2026,3,full,random_051,0.9647847243482672,0.965,6,8548,2.011251125994022,deit_s+eva02_base+hog+siglip_base+vgg16+vit_b16,
FMD,resmlp,2026,3,full,random_052,0.9595839191474621,0.96,6,4534,1.4473525619978318,deit_s+densenet121+dinov2_large+efficientnet_b0+lbp+siglip_base,
FMD,resmlp,2026,3,full,random_053,0.9106127376121705,0.91,6,6656,1.7367099700059043,dinov2_small+drlbp+efficientnet_b0+gabor+mae_base+vgg16,
FMD,resmlp,2026,3,full,random_054,0.9448256350695374,0.945,6,5394,1.711912974002189,densenet121+dinov2+glcm+mae_base+resnet101+swin_t,
FMD,resmlp,2026,3,full,random_055,0.9409418463590479,0.94,6,5302,1.5680510480015073,beitv2_base_final+dinov2_small+efficientnet_b0+lbp+mae_base+resnet101,
FMD,resmlp,2026,3,full,random_056,0.9344119816754679,0.935,6,4662,1.3861940159986261,convnext_v2_t+densenet121+efficientnet_b0+lbp+swin_t+vit_b16,
FMD,resmlp,2026,3,full,random_057,0.9442619853402908,0.945,6,9088,1.4382917759940028,convnext_v2_t+deit_s+densenet121+eva02_base+resnet101+vgg16,
FMD,resmlp,2026,3,full,random_058,0.913942538837604,0.915,6,3254,1.4980683339963434,beitv2_base_final+deit_s+densenet121+lbp+rgb_ngram_svd+swin_t,
FMD,resmlp,2026,3,full,random_059,0.9344665645349289,0.935,6,7808,1.4355226600018796,beitv2_base_final+convnext_v2_t+deit_s+dinov2_large+vgg16+vit_b16,
FMD,resmlp,2026,3,full,random_060,0.9596815818767037,0.96,6,7760,1.6733453549968544,dinov2+drlbp+efficientnet_b0+eva02_base+mae_base+vgg16,
FMD,resmlp,2026,3,full,random_061,0.9598097870049089,0.96,6,4992,1.401131881008041,convnext_v2_t+dinov2_small+resnet50+rgb_ngram_svd+siglip_base+swin_t,
FMD,resmlp,2026,3,full,random_062,0.842552459332768,0.845,6,3448,1.8773671380040469,densenet121+gabor+glcm+lbp+resnet50+rgb_ngram_svd,
FMD,resmlp,2026,3,full,random_063,0.960328729892273,0.96,6,4066,1.5827627289982047,beitv2_base_final+dinov2_small+drlbp+glcm+mae_base+resnet50,
FMD,resmlp,2026,3,full,random_064,0.924537250094315,0.925,6,7680,1.4751070479978807,convnext_v2_t+densenet121+rgb_ngram_svd+swin_t+vgg16+vit_b16,
FMD,resmlp,2026,3,full,random_065,0.9454301795765211,0.945,6,6068,1.7050835549889598,densenet121+dinov2_small+drlbp+hog+mae_base+resnet101,
FMD,resmlp,2026,3,full,random_066,0.9647739410306209,0.965,6,2816,1.5021638289908879,beitv2_base_final+dinov2_small+drlbp+gabor+siglip_base+vit_b16,
FMD,resmlp,2026,3,full,random_067,0.9650478822430042,0.965,6,3730,1.1730997429986019,beitv2_base_final+dinov2+drlbp+gabor+glcm+resnet50,
FMD,resmlp,2026,3,full,random_068,0.9489216299402813,0.95,6,4816,1.6448254090064438,convnext_v2_t+deit_s+drlbp+mae_base+resnet50+siglip_base,
FMD,resmlp,2026,3,full,random_069,0.9595758160763982,0.96,6,4358,1.417197907998343,dinov2_large+dinov2_small+drlbp+eva02_base+lbp+resnet50,
FMD,resmlp,2026,3,full,random_070,0.9498130802302818,0.95,6,4294,1.8465084969939198,deit_s+drlbp+efficientnet_b0+glcm+hog+siglip_base,
FMD,resmlp,2026,3,full,random_071,0.938715840151693,0.94,6,6088,1.7243906619987683,convnext_v2_t+dinov2_small+glcm+lbp+vgg16+vit_b16,
FMD,resmlp,2026,3,full,random_072,0.9437671556252851,0.945,6,3702,1.6673755869996967,convnext_v2_t+dinov2_large+drlbp+gabor+glcm+hog,
FMD,resmlp,2026,3,full,random_073,0.884282800023314,0.885,6,1944,2.103636166008073,convnext_v2_t+drlbp+glcm+lbp+mae_base+rgb_ngram_svd,
FMD,resmlp,2026,3,full,random_074,0.9455340905148351,0.945,6,6116,2.10311474899936,beitv2_base_final+convnext_v2_t+efficientnet_b0+hog+mae_base+vit_b16,
FMD,resmlp,2026,3,full,random_075,0.9802376485303315,0.98,6,4272,1.5305354400043143,densenet121+dinov2_small+efficientnet_b0+eva02_base+gabor+mae_base,
FMD,resmlp,2026,3,full,random_076,0.9699317382244212,0.97,6,6500,1.6295605999912368,deit_s+dinov2+eva02_base+hog+resnet50+swin_t,
FMD,resmlp,2026,3,full,random_077,0.9491688663639882,0.95,6,7504,1.6651870349887758,dinov2_large+drlbp+mae_base+siglip_base+vgg16+vit_b16,
FMD,resmlp,2026,3,full,random_078,0.9802376485303315,0.98,6,5220,1.9067149299953599,dinov2+dinov2_small+eva02_base+hog+mae_base+siglip_base,
FMD,resmlp,2026,3,full,random_079,0.9398573813387079,0.94,6,6984,1.51060286500433,efficientnet_b0+eva02_base+glcm+lbp+vgg16+vit_b16,
FMD,resmlp,2026,3,full,random_080,0.9251789338888183,0.925,6,6150,1.5776917600014713,beitv2_base_final+dinov2_small+drlbp+lbp+swin_t+vgg16,
FMD,resmlp,2026,3,full,random_081,0.9551667065081698,0.955,6,6832,1.1797238599974662,beitv2_base_final+dinov2+dinov2_small+gabor+swin_t+vgg16,
FMD,resmlp,2026,3,full,random_082,0.9147013329092321,0.915,6,2962,1.2346764499961864,beitv2_base_final+drlbp+efficientnet_b0+gabor+glcm+swin_t,
FMD,resmlp,2026,3,full,random_083,0.98010989010989,0.98,6,2424,1.2650293299957411,convnext_v2_t+dinov2+gabor+glcm+lbp+siglip_base,
FMD,resmlp,2026,3,full,random_084,0.9695565037028452,0.97,6,6784,1.9989520689996425,densenet121+drlbp+eva02_base+gabor+siglip_base+vgg16,
FMD,resmlp,2026,3,full,random_085,0.9296747188210602,0.93,6,7296,1.8077695480023976,beitv2_base_final+convnext_v2_t+densenet121+dinov2_small+rgb_ngram_svd+vgg16,
FMD,resmlp,2026,3,full,random_086,0.9595839191474621,0.96,6,6144,1.4620971190015553,beitv2_base_final+convnext_v2_t+densenet121+eva02_base+mae_base+resnet50,
FMD,resmlp,2026,3,full,random_087,0.9751188242651658,0.975,6,6144,1.502080502003082,convnext_v2_t+dinov2+dinov2_large+resnet101+siglip_base+swin_t,
FMD,resmlp,2026,3,full,random_088,0.9551667065081698,0.955,6,3968,1.223502496999572,beitv2_base_final+densenet121+dinov2+dinov2_small+rgb_ngram_svd+swin_t,
FMD,resmlp,2026,3,full,random_089,0.9494021782904369,0.95,6,11492,1.8385925619950285,eva02_base+hog+resnet101+resnet50+siglip_base+vgg16,
FMD,resmlp,2026,3,full,random_090,0.9602287143750559,0.96,6,3994,1.574617306003347,deit_s+eva02_base+hog+lbp+mae_base+rgb_ngram_svd,
FMD,resmlp,2026,3,full,random_091,0.7916256987791688,0.795,6,5558,1.4186383479973301,densenet121+drlbp+gabor+lbp+rgb_ngram_svd+vgg16,
FMD,resmlp,2026,3,full,random_092,0.9750995688094533,0.975,6,2754,1.3904104800021742,convnext_v2_t+dinov2_small+gabor+glcm+mae_base+siglip_base,
FMD,resmlp,2026,3,full,random_093,0.9750995688094533,0.975,6,4682,1.9872365920018638,densenet121+dinov2_large+eva02_base+gabor+hog+lbp,
FMD,resmlp,2026,3,full,random_094,0.9649583621342286,0.965,6,6096,1.7590813790011453,deit_s+drlbp+mae_base+resnet101+resnet50+siglip_base,
FMD,resmlp,2026,3,full,random_095,0.9647587529666521,0.965,6,4480,1.4847723420098191,drlbp+eva02_base+gabor+resnet50+siglip_base+swin_t,
FMD,resmlp,2026,3,full,random_096,0.9550655719975361,0.955,6,4688,1.666381287999684,densenet121+dinov2+drlbp+efficientnet_b0+mae_base+vit_b16,
FMD,resmlp,2026,3,full,random_097,0.95532247598358,0.955,6,2278,1.2449969690060243,dinov2+dinov2_small+gabor+lbp+mae_base+rgb_ngram_svd,
FMD,resmlp,2026,3,full,random_098,0.9602067786727606,0.96,6,2680,1.6741318159911316,beitv2_base_final+densenet121+dinov2+gabor+glcm+lbp,
FMD,resmlp,2026,3,full,random_099,0.9599373668693308,0.96,6,4884,1.947932936003781,efficientnet_b0+gabor+hog+mae_base+rgb_ngram_svd+siglip_base,
FMD,resmlp,2026,4,full,random_000,0.9751156973108192,0.975,4,3858,1.1162443600042025,dinov2_large+eva02_base+glcm+resnet101,
FMD,resmlp,2026,4,full,random_001,0.9050752484289817,0.905,4,4936,1.6922119629889494,glcm+lbp+vgg16+vit_b16,
FMD,resmlp,2026,4,full,random_002,0.9698503528991335,0.97,4,3354,1.806909047998488,convnext_v2_t+eva02_base+hog+lbp,
FMD,resmlp,2026,4,full,random_003,0.9453292236219065,0.945,4,3664,1.4020429919910384,convnext_v2_t+drlbp+eva02_base+resnet50,
FMD,resmlp,2026,4,full,random_004,0.9649785580273385,0.965,4,1670,1.3647893970046425,convnext_v2_t+drlbp+lbp+siglip_base,
FMD,resmlp,2026,4,full,random_005,0.9649776175899412,0.965,4,3328,1.2159626859938726,dinov2+dinov2_large+mae_base+swin_t,
FMD,resmlp,2026,4,full,random_006,0.9405278366061423,0.94,4,3840,1.0579088579979725,convnext_v2_t+dinov2_large+efficientnet_b0+swin_t,
FMD,resmlp,2026,4,full,random_007,0.9594043815995036,0.96,4,1920,1.146944613996311,convnext_v2_t+dinov2_large+drlbp+gabor,
FMD,resmlp,2026,4,full,random_008,0.9451094434021263,0.945,4,3348,1.479820437001763,eva02_base+gabor+hog+vit_b16,
FMD,resmlp,2026,4,full,random_009,0.9405060130284777,0.94,4,2950,1.4476667399867438,beitv2_base_final+drlbp+lbp+resnet101,
FMD,resmlp,2026,4,full,random_010,0.9552416025050888,0.955,4,3684,1.6069306069985032,beitv2_base_final+dinov2_small+hog+vit_b16,
FMD,resmlp,2026,4,full,random_011,0.5514438189548996,0.56,4,1090,1.9672500000015134,gabor+glcm+mae_base+rgb_ngram_svd,
FMD,resmlp,2026,4,full,random_012,0.9649843652282678,0.965,4,3328,1.0920325909974054,dinov2+dinov2_large+efficientnet_b0+rgb_ngram_svd,
FMD,resmlp,2026,4,full,random_013,0.9451156973108192,0.945,4,2614,1.6306484890083084,dinov2_large+lbp+mae_base+swin_t,
FMD,resmlp,2026,4,full,random_014,0.9039822664854757,0.905,4,3632,1.5406398460036144,convnext_v2_t+gabor+resnet101+swin_t,
FMD,resmlp,2026,4,full,random_015,0.9452676624627845,0.945,4,4150,1.619039597993833,densenet121+dinov2_large+lbp+resnet101,
FMD,resmlp,2026,4,full,random_016,0.9504135004818648,0.95,4,2944,1.388832614000421,deit_s+densenet121+dinov2+swin_t,
FMD,resmlp,2026,4,full,random_017,0.9099419239810917,0.91,4,4930,1.8576890410040505,gabor+glcm+vgg16+vit_b16,
FMD,resmlp,2026,4,full,random_018,0.9446889503307989,0.945,4,5632,1.513511748999008,deit_s+dinov2_small+siglip_base+vgg16,
FMD,resmlp,2026,4,full,random_019,0.9499776175899411,0.95,4,2816,1.2198768769885646,dinov2_large+mae_base+rgb_ngram_svd+vit_b16,
FMD,resmlp,2026,4,full,random_020,0.8504533689155753,0.855,4,5348,2.090692775993375,efficientnet_b0+hog+resnet101+rgb_ngram_svd,
FMD,resmlp,2026,4,full,random_021,0.9449203296429914,0.945,4,3638,1.3225019770034123,convnext_v2_t+dinov2+lbp+resnet50,
FMD,resmlp,2026,4,full,random_022,0.9650745061528117,0.965,4,2736,1.3790197360067395,dinov2_large+dinov2_small+efficientnet_b0+gabor,
FMD,resmlp,2026,4,full,random_023,0.9849968730456535,0.985,4,3920,1.3170286050008144,dinov2_large+drlbp+eva02_base+resnet101,
FMD,resmlp,2026,4,full,random_024,0.8183176604702413,0.82,4,3142,2.2343988149950746,drlbp+efficientnet_b0+glcm+hog,
FMD,resmlp,2026,4,full,random_025,0.9347780237318106,0.935,4,1584,1.2895530600071652,deit_s+dinov2_small+gabor+vit_b16,
FMD,resmlp,2026,4,full,random_026,0.9352292742633669,0.935,4,6400,1.7683788709982764,convnext_v2_t+mae_base+siglip_base+vgg16,
FMD,resmlp,2026,4,full,random_027,0.9649776175899412,0.965,4,3328,1.2243911940022372,dinov2+dinov2_large+mae_base+swin_t,
FMD,resmlp,2026,4,full,random_028,0.9052232221113018,0.905,4,7652,2.005961818009382,densenet121+hog+siglip_base+vgg16,
FMD,resmlp,2026,4,full,random_029,0.9499874921826142,0.95,4,2304,1.0372560460091336,deit_s+dinov2_small+eva02_base+vit_b16,
FMD,resmlp,2026,4,full,random_030,0.8796259144109699,0.88,4,7908,1.7921553990017856,efficientnet_b0+hog+swin_t+vgg16,
FMD,resmlp,2026,4,full,random_031,0.9649234565973378,0.965,4,1712,1.2013001659943257,dinov2_large+dinov2_small+gabor+rgb_ngram_svd,
FMD,resmlp,2026,4,full,random_032,0.8665187192788173,0.865,4,1286,1.7987341940024635,deit_s+drlbp+lbp+swin_t,
FMD,resmlp,2026,4,full,random_033,0.984993746091307,0.985,4,2352,1.5527307070005918,eva02_base+gabor+mae_base+siglip_base,
FMD,resmlp,2026,4,full,random_034,0.9849906191369605,0.985,4,3888,1.4635088709910633,dinov2+dinov2_large+gabor+resnet101,
FMD,resmlp,2026,4,full,random_035,0.8315044301213212,0.835,4,5248,1.9589088959910441,densenet121+drlbp+gabor+vgg16,
FMD,resmlp,2026,4,full,random_036,0.9701156973108194,0.97,4,2944,1.3806366959906882,dinov2_large+dinov2_small+eva02_base+vit_b16,
FMD,resmlp,2026,4,full,random_037,0.8339632025800936,0.835,4,4784,1.9476092959957896,deit_s+gabor+rgb_ngram_svd+vgg16,
FMD,resmlp,2026,4,full,random_038,0.9648624140087556,0.965,4,3636,2.148053520999383,densenet121+dinov2+drlbp+hog,
FMD,resmlp,2026,4,full,random_039,0.9801036362011974,0.98,4,1974,1.4429737370082876,dinov2+dinov2_small+eva02_base+lbp,
FMD,resmlp,2026,4,full,random_040,0.9353928838396104,0.935,4,7680,1.6571022260031896,convnext_v2_t+dinov2+resnet101+vgg16,
FMD,resmlp,2026,4,full,random_041,0.8330614855005098,0.835,4,3126,2.0300383810099447,lbp+mae_base+resnet101+rgb_ngram_svd,
FMD,resmlp,2026,4,full,random_042,0.9141576275195703,0.915,4,5504,1.62267836999672,dinov2_small+rgb_ngram_svd+vgg16+vit_b16,
FMD,resmlp,2026,4,full,random_043,0.9099499079601776,0.91,4,7680,2.0120354690006934,convnext_v2_t+mae_base+resnet101+vgg16,
FMD,resmlp,2026,4,full,random_044,0.9507927103562533,0.95,4,3090,1.5398261609952897,glcm+resnet101+rgb_ngram_svd+siglip_base,
FMD,resmlp,2026,4,full,random_045,0.9251838886274806,0.925,4,7680,1.517372525006067,dinov2+resnet50+swin_t+vgg16,
FMD,resmlp,2026,4,full,random_046,0.9351168790000626,0.935,4,5680,1.5294491959939478,convnext_v2_t+gabor+swin_t+vgg16,
FMD,resmlp,2026,4,full,random_047,0.9096327846327845,0.91,4,7012,1.858145895996131,deit_s+hog+vgg16+vit_b16,
FMD,resmlp,2026,4,full,random_048,0.9253365311485442,0.925,4,5328,1.769260076995124,beitv2_base_final+deit_s+drlbp+vgg16,
FMD,resmlp,2026,4,full,random_049,0.9200517441788303,0.92,4,5296,1.3934901979955612,convnext_v2_t+dinov2_small+gabor+vgg16,
FMD,resmlp,2026,4,full,random_050,0.9346614953909638,0.935,4,3172,1.9142198720073793,dinov2_small+hog+rgb_ngram_svd+vit_b16,
FMD,resmlp,2026,4,full,random_051,0.9494954629614449,0.95,4,3380,2.0226510999927996,beitv2_base_final+drlbp+hog+siglip_base,
FMD,resmlp,2026,4,full,random_052,0.9553671403478848,0.955,4,1608,1.5594664509990253,beitv2_base_final+glcm+lbp+swin_t,
FMD,resmlp,2026,4,full,random_053,0.8325251941041415,0.835,4,4162,1.861035398003878,gabor+glcm+resnet101+resnet50,
FMD,resmlp,2026,4,full,random_054,0.9156324132447367,0.915,4,1926,1.7642087830026867,convnext_v2_t+densenet121+drlbp+lbp,
FMD,resmlp,2026,4,full,random_055,0.9198057428137736,0.92,4,3248,1.7822692449990427,beitv2_base_final+deit_s+gabor+resnet50,
FMD,resmlp,2026,4,full,random_056,0.9341237709658763,0.935,4,1616,1.5106108600011794,convnext_v2_t+deit_s+dinov2_small+drlbp,
FMD,resmlp,2026,4,full,random_057,0.9549333311900108,0.955,4,2806,2.0455570229969453,glcm+hog+rgb_ngram_svd+siglip_base,
FMD,resmlp,2026,4,full,random_058,0.965228714375056,0.965,4,4352,1.51480363101291,convnext_v2_t+dinov2+resnet50+siglip_base,
FMD,resmlp,2026,4,full,random_059,0.8175579191882145,0.82,4,4998,2.04028938600095,drlbp+lbp+mae_base+vgg16,
FMD,resmlp,2026,4,full,random_060,0.945756650144655,0.945,4,5632,1.7708347479929216,resnet101+resnet50+siglip_base+swin_t,
FMD,resmlp,2026,4,full,random_061,0.965061536318216,0.965,4,3072,1.1802365120092873,efficientnet_b0+eva02_base+rgb_ngram_svd+siglip_base,
FMD,resmlp,2026,4,full,random_062,0.9452624192139671,0.945,4,4964,1.7005696380074369,dinov2_small+hog+resnet50+vit_b16,
FMD,resmlp,2026,4,full,random_063,0.9750906346541777,0.975,4,1224,1.1707714919903083,dinov2_small+glcm+lbp+siglip_base,
FMD,resmlp,2026,4,full,random_064,0.9749816849816849,0.975,4,3348,1.5270416739949724,convnext_v2_t+eva02_base+gabor+hog,
FMD,resmlp,2026,4,full,random_065,0.945633280701645,0.945,4,3200,1.3104743139992934,convnext_v2_t+deit_s+efficientnet_b0+eva02_base,
FMD,resmlp,2026,4,full,random_066,0.9151577069774224,0.915,4,6960,1.723650763000478,convnext_v2_t+gabor+resnet101+vgg16,
FMD,resmlp,2026,4,full,random_067,0.9650973822925042,0.965,4,4608,1.8521744199970271,densenet121+dinov2+mae_base+resnet101,
FMD,resmlp,2026,4,full,random_068,0.8758660801472098,0.875,4,4964,2.088810305998777,deit_s+hog+resnet101+swin_t,
FMD,resmlp,2026,4,full,random_069,0.9698436052608068,0.97,4,2640,1.5180002199922455,convnext_v2_t+densenet121+drlbp+eva02_base,
FMD,resmlp,2026,4,full,random_070,0.8541015638191505,0.855,4,6992,1.8494843389926245,drlbp+resnet101+swin_t+vgg16,
FMD,resmlp,2026,4,full,random_071,0.9550937616085241,0.955,4,2964,1.8884889600012684,deit_s+dinov2+gabor+hog,
FMD,resmlp,2026,4,full,random_072,0.9748624140087554,0.975,4,2358,1.3994442359980894,dinov2+lbp+siglip_base+swin_t,
FMD,resmlp,2026,4,full,random_073,0.864497660222949,0.865,4,5424,1.8439412730076583,efficientnet_b0+gabor+resnet101+resnet50,
FMD,resmlp,2026,4,full,random_074,0.9702255874207093,0.97,4,3072,1.2528212439938216,convnext_v2_t+dinov2+eva02_base+swin_t,
FMD,resmlp,2026,4,full,random_075,0.9451814478643747,0.945,4,3144,1.3813299920002464,dinov2_large+glcm+lbp+resnet101,
FMD,resmlp,2026,4,full,random_076,0.9403701228069081,0.94,4,4144,1.7557254429993918,efficientnet_b0+eva02_base+gabor+resnet50,
FMD,resmlp,2026,4,full,random_077,0.9601094434021263,0.96,4,3664,1.7598282230028417,beitv2_base_final+drlbp+eva02_base+resnet50,
FMD,resmlp,2026,4,full,random_078,0.9504229382085608,0.95,4,2096,1.3540016440092586,dinov2_large+gabor+rgb_ngram_svd+vit_b16,
FMD,resmlp,2026,4,full,random_079,0.8310052005656091,0.835,4,3318,2.1544598000036785,efficientnet_b0+glcm+hog+rgb_ngram_svd,
FMD,resmlp,2026,4,full,random_080,0.9499851581879823,0.95,4,3584,1.2599861670023529,beitv2_base_final+dinov2+efficientnet_b0+swin_t,
FMD,resmlp,2026,4,full,random_081,0.9501232379088606,0.95,4,3584,1.2448099350003758,efficientnet_b0+eva02_base+swin_t+vit_b16,
FMD,resmlp,2026,4,full,random_082,0.9599026398884595,0.96,4,1206,1.1571818460070062,dinov2_large+drlbp+gabor+lbp,
FMD,resmlp,2026,4,full,random_083,0.8997908436799396,0.9,4,1872,1.1125563849927858,convnext_v2_t+drlbp+rgb_ngram_svd+swin_t,
FMD,resmlp,2026,4,full,random_084,0.9599463010246068,0.96,4,2614,1.2235463950055419,convnext_v2_t+dinov2_large+lbp+siglip_base,
FMD,resmlp,2026,4,full,random_085,0.8374686499361845,0.84,4,2504,1.6911056550015928,deit_s+glcm+lbp+resnet101,
FMD,resmlp,2026,4,full,random_086,0.8334687219999338,0.835,4,6324,2.1991721320082434,deit_s+drlbp+hog+vgg16,
FMD,resmlp,2026,4,full,random_087,0.9400139482218475,0.94,4,4944,1.7593826770025771,beitv2_base_final+drlbp+resnet101+resnet50,
FMD,resmlp,2026,4,full,random_088,0.9295708526879973,0.93,4,2896,1.5721484230016358,deit_s+dinov2_small+drlbp+resnet101,
FMD,resmlp,2026,4,full,random_089,0.9651063164477799,0.965,4,5604,2.087362132006092,densenet121+dinov2+hog+resnet101,
FMD,resmlp,2026,4,full,random_090,0.9145893143967598,0.915,4,3072,1.3917379659978906,deit_s+dinov2_small+resnet101+rgb_ngram_svd,
FMD,resmlp,2026,4,full,random_091,0.9752255874207094,0.975,4,3584,1.3131904229958309,beitv2_base_final+densenet121+dinov2_large+eva02_base,
FMD,resmlp,2026,4,full,random_092,0.8325387162999487,0.835,4,4546,1.9425343519978924,deit_s+gabor+glcm+vgg16,
FMD,resmlp,2026,4,full,random_093,0.974859287054409,0.975,4,2970,1.7677171560062561,dinov2_small+eva02_base+hog+lbp,
FMD,resmlp,2026,4,full,random_094,0.8601114588924472,0.86,4,2402,1.7706477720057592,densenet121+drlbp+efficientnet_b0+glcm,
FMD,resmlp,2026,4,full,random_095,0.9552193335120164,0.955,4,3354,2.258379338993109,eva02_base+hog+lbp+mae_base,
FMD,resmlp,2026,4,full,random_096,0.9304792510354203,0.93,4,3968,1.36000272599631,dinov2_small+efficientnet_b0+resnet101+rgb_ngram_svd,
FMD,resmlp,2026,4,full,random_097,0.9602215200289657,0.96,4,2304,1.2320772969978862,deit_s+dinov2_small+siglip_base+vit_b16,
FMD,resmlp,2026,4,full,random_098,0.9450540046175476,0.945,4,1126,1.512246658996446,eva02_base+gabor+lbp+rgb_ngram_svd,
FMD,resmlp,2026,4,full,random_099,0.9492578614529835,0.95,4,1634,1.5715468880080152,convnext_v2_t+drlbp+glcm+siglip_base,
FMD,svm,42,0,full,random_000,0.8106008576673244,0.81,3,6162,0.8181197180019808,glcm+resnet50+vgg16,
FMD,svm,42,0,full,random_001,0.8303487032833463,0.83,3,3152,0.886150168000313,densenet121+drlbp+resnet50,
FMD,svm,42,0,full,random_002,0.9142957456179536,0.915,3,3200,0.6865942289987288,deit_s+eva02_base+resnet50,
FMD,svm,42,0,full,random_003,0.9145692248131272,0.915,3,6912,0.7205431660004251,eva02_base+resnet50+vgg16,
FMD,svm,42,0,full,random_004,0.844341639288948,0.845,3,2896,0.6546471120018396,drlbp+resnet50+swin_t,
FMD,svm,42,0,full,random_005,0.9093610119733355,0.91,3,3200,0.5882835880001949,convnext_v2_t+dinov2_small+resnet101,
FMD,svm,42,0,full,random_006,0.8933522544356352,0.895,3,2450,0.5392971610017412,dinov2_small+glcm+resnet50,
FMD,svm,42,0,full,random_007,0.8502271478060355,0.85,3,2102,0.6206563679988903,efficientnet_b0+lbp+swin_t,
FMD,svm,42,0,full,random_008,0.9297784704395745,0.93,3,3200,0.6307610059993749,deit_s+eva02_base+resnet101,
FMD,svm,42,0,full,random_009,0.8361971611280504,0.835,3,4352,1.0660741829997278,densenet121+efficientnet_b0+resnet101,
FMD,svm,42,0,full,random_010,0.8577299221816915,0.86,3,4882,0.5540273970000271,convnext_v2_t+glcm+vgg16,
FMD,svm,42,0,full,random_011,0.9046426437665888,0.905,3,816,0.25385402200117824,deit_s+dinov2_small+gabor,
FMD,svm,42,0,full,random_012,0.9052177068833785,0.905,3,3584,0.7348957780013734,beitv2_base_final+resnet101+swin_t,
FMD,svm,42,0,full,random_013,0.9197297099736124,0.92,3,2916,0.7267180010021548,convnext_v2_t+dinov2_small+hog,
FMD,svm,42,0,full,random_014,0.9499066755677795,0.95,3,902,0.5428376880008727,drlbp+lbp+siglip_base,
FMD,svm,42,0,full,random_015,0.915169630065591,0.915,3,870,0.35376518400153145,dinov2+gabor+lbp,
FMD,svm,42,0,full,random_016,0.7892057374737913,0.79,3,1346,0.6223065379999753,efficientnet_b0+gabor+glcm,
FMD,svm,42,0,full,random_017,0.9445193799365814,0.945,3,1616,0.47852047200285597,beitv2_base_final+drlbp+eva02_base,
FMD,svm,42,0,full,random_018,0.9255957600572045,0.925,3,2834,0.5888954289985122,dinov2+glcm+resnet50,
FMD,svm,42,0,full,random_019,0.9254182616698664,0.925,3,2834,0.5941560450010002,dinov2+glcm+resnet101,
FMD,svm,42,0,full,random_020,0.9148688696740761,0.915,3,2432,0.582962229000259,beitv2_base_final+deit_s+efficientnet_b0,
FMD,svm,42,0,full,random_021,0.9250405093408945,0.925,3,3812,1.2204081089985266,densenet121+dinov2_large+hog,
FMD,svm,42,0,full,random_022,0.8839457097167651,0.885,3,1232,0.41394484100237605,convnext_v2_t+deit_s+drlbp,
FMD,svm,42,0,full,random_023,0.9244165837169689,0.925,3,1170,0.3230772130009427,beitv2_base_final+dinov2_small+glcm,
FMD,svm,42,0,full,random_024,0.835851333719553,0.835,3,1206,0.4113054609988467,deit_s+lbp+vit_b16,
FMD,svm,42,0,full,random_025,0.8598288207100937,0.86,3,3584,0.8787189680006122,mae_base+resnet50+vit_b16,
FMD,svm,42,0,full,random_026,0.9247330650462274,0.925,3,1158,0.5975915269991674,dinov2_large+drlbp+lbp,
FMD,svm,42,0,full,random_027,0.9241217743258225,0.925,3,3300,1.3829405280011997,beitv2_base_final+hog+mae_base,
FMD,svm,42,0,full,random_028,0.9446722010136644,0.945,3,1920,0.48411410500193597,deit_s+siglip_base+swin_t,
FMD,svm,42,0,full,random_029,0.8208861357971113,0.82,3,2864,1.0443595920005464,gabor+mae_base+resnet101,
FMD,svm,42,0,full,random_030,0.9139336474496341,0.915,3,1104,0.39605203099927166,beitv2_base_final+drlbp+rgb_ngram_svd,
FMD,svm,42,0,full,random_031,0.9396334645243503,0.94,3,1920,0.5212014749995433,dinov2+dinov2_small+siglip_base,
FMD,svm,42,0,full,random_032,0.9297174847688326,0.93,3,3840,0.872423181997874,densenet121+resnet50+siglip_base,
FMD,svm,42,0,full,random_033,0.8507045678611791,0.85,3,1232,0.3832492490000732,deit_s+drlbp+vit_b16,
FMD,svm,42,0,full,random_034,0.8018195221635924,0.8,3,1090,0.7095245900018199,densenet121+gabor+glcm,
FMD,svm,42,0,full,random_035,0.8552663864763457,0.855,3,2870,0.8163169559993548,lbp+resnet101+vit_b16,
FMD,svm,42,0,full,random_036,0.8286264893486436,0.83,3,870,0.47619541499807383,gabor+lbp+vit_b16,
FMD,svm,42,0,full,random_037,0.9253427741219186,0.925,3,2128,0.6122759350000706,dinov2+drlbp+efficientnet_b0,
FMD,svm,42,0,full,random_038,0.8347967061768298,0.835,3,3072,0.874100016997545,resnet101+rgb_ngram_svd+swin_t,
FMD,svm,42,0,full,random_039,0.8280616979722432,0.83,3,834,0.40528738200009684,gabor+glcm+swin_t,
FMD,svm,42,0,full,random_040,0.8040554022606147,0.805,3,1170,0.6048271559993736,deit_s+glcm+mae_base,
FMD,svm,42,0,full,random_041,0.9291446490406099,0.93,3,2896,0.6692054459999781,drlbp+eva02_base+resnet50,
FMD,svm,42,0,full,random_042,0.9445370696911132,0.945,3,3840,0.8042825409975194,beitv2_base_final+dinov2_large+resnet101,
FMD,svm,42,0,full,random_043,0.9244165837169689,0.925,3,1200,0.33214066900109174,beitv2_base_final+dinov2_small+gabor,
FMD,svm,42,0,full,random_044,0.8292273733737148,0.83,3,1554,0.6750881129992194,glcm+mae_base+vit_b16,
FMD,svm,42,0,full,random_045,0.9344355951659591,0.935,3,1920,0.46384956299880287,dinov2+dinov2_small+eva02_base,
FMD,svm,42,0,full,random_046,0.8203325821233396,0.82,3,1078,0.40789780100021744,lbp+rgb_ngram_svd+swin_t,
FMD,svm,42,0,full,random_047,0.9301295827419063,0.93,3,6912,0.7961676590020943,resnet50+siglip_base+vgg16,
FMD,svm,42,0,full,random_048,0.8106408225618154,0.81,3,6400,0.7034558599989396,resnet50+rgb_ngram_svd+vgg16,
FMD,svm,42,0,full,random_049,0.9395893566804394,0.94,3,3200,0.6278610119989025,dinov2_small+eva02_base+resnet50,
FMD,svm,42,0,full,random_050,0.7974667166838202,0.8,3,2358,0.6300839260002249,lbp+resnet50+rgb_ngram_svd,
FMD,svm,42,0,full,random_051,0.8289842033744474,0.83,3,1616,0.7033175840006152,drlbp+mae_base+vit_b16,
FMD,svm,42,0,full,random_052,0.9346081654283882,0.935,3,1206,0.45449114499933785,deit_s+lbp+siglip_base,
FMD,svm,42,0,full,random_053,0.9350067227974204,0.935,3,3300,0.952368934002152,dinov2+hog+swin_t,
FMD,svm,42,0,full,random_054,0.9158204070405164,0.915,3,6912,0.7648295270009839,dinov2+resnet50+vgg16,
FMD,svm,42,0,full,random_055,0.9194651872315545,0.92,3,6912,0.7705022120026115,eva02_base+resnet101+vgg16,
FMD,svm,42,0,full,random_056,0.9548033545401966,0.955,3,3556,1.1190671069998643,dinov2_large+hog+siglip_base,
FMD,svm,42,0,full,random_057,0.9300289419609061,0.93,3,2176,0.5558324189987616,deit_s+dinov2+dinov2_large,
FMD,svm,42,0,full,random_058,0.9200583776514458,0.92,3,6912,0.8828440739998769,resnet101+siglip_base+vgg16,
FMD,svm,42,0,full,random_059,0.8200401844625208,0.82,3,1792,0.6975794989994029,mae_base+rgb_ngram_svd+swin_t,
FMD,svm,42,0,full,random_060,0.874407391892462,0.875,3,1792,0.7294958399979805,convnext_v2_t+mae_base+rgb_ngram_svd,
FMD,svm,42,0,full,random_061,0.915893368505692,0.915,3,3072,0.7940995490025671,beitv2_base_final+densenet121+efficientnet_b0,
FMD,svm,42,0,full,random_062,0.9647966069018701,0.965,3,1920,0.4674823519999336,beitv2_base_final+dinov2_small+siglip_base,
FMD,svm,42,0,full,random_063,0.574488811841753,0.58,3,2550,2.7711881089999224,glcm+hog+mae_base,
FMD,svm,42,0,full,random_064,0.8352606468460128,0.835,3,4918,0.7378803920000792,lbp+vgg16+vit_b16,
FMD,svm,42,0,full,random_065,0.9344960570891253,0.935,3,1554,0.5434232769985101,dinov2+eva02_base+glcm,
FMD,svm,42,0,full,random_066,0.9447939043574471,0.945,3,2816,0.6495692829994368,dinov2+efficientnet_b0+siglip_base,
FMD,svm,42,0,full,random_067,0.8942940297625792,0.895,3,870,0.3659826039984182,convnext_v2_t+gabor+lbp,
FMD,svm,42,0,full,random_068,0.8999301170158975,0.9,3,1536,0.43156233500121743,deit_s+dinov2_small+mae_base,
FMD,svm,42,0,full,random_069,0.9348274519185347,0.935,3,2304,0.5763054730014119,beitv2_base_final+convnext_v2_t+eva02_base,
FMD,svm,42,0,full,random_070,0.9247330650462274,0.925,3,1096,0.4602187110031082,dinov2_large+glcm+lbp,
FMD,svm,42,0,full,random_071,0.9546742089745941,0.955,3,3840,0.8071441620013502,dinov2_large+resnet101+siglip_base,
FMD,svm,42,0,full,random_072,0.9352300351251003,0.935,3,2304,0.6263339690012799,dinov2+mae_base+swin_t,
FMD,svm,42,0,full,random_073,0.48593632907975354,0.49,3,2788,2.168253486001049,hog+mae_base+rgb_ngram_svd,
FMD,svm,42,0,full,random_074,0.8889042379286283,0.89,3,2560,0.7032645369981765,convnext_v2_t+densenet121+swin_t,
FMD,svm,42,0,full,random_075,0.7951151017004675,0.795,3,5888,1.0837028380010452,densenet121+mae_base+vgg16,
FMD,svm,42,0,full,random_076,0.8102882130789106,0.81,3,6144,1.0889171519993397,efficientnet_b0+mae_base+vgg16,
FMD,svm,42,0,full,random_077,0.844341639288948,0.845,3,2896,0.6331958189985016,drlbp+resnet50+swin_t,
FMD,svm,42,0,full,random_078,0.9191872440781298,0.92,3,834,0.3542132330003369,beitv2_base_final+gabor+glcm,
FMD,svm,42,0,full,random_079,0.9300289419609061,0.93,3,2176,0.5650143359998765,deit_s+dinov2+dinov2_large,
FMD,svm,42,0,full,random_080,0.9197015208440111,0.92,3,1554,0.4976581700029783,beitv2_base_final+glcm+vit_b16,
FMD,svm,42,0,full,random_081,0.91963726376435,0.92,3,4882,0.673651974000677,eva02_base+glcm+vgg16,
FMD,svm,42,0,full,random_082,0.7692886509158114,0.77,3,4162,0.49030595799922594,gabor+glcm+vgg16,
FMD,svm,42,0,full,random_083,0.7993974158311262,0.8,3,1206,0.6665218240013928,deit_s+lbp+mae_base,
FMD,svm,42,0,full,random_084,0.9247010183119387,0.925,3,3200,0.5874080499997945,dinov2+dinov2_small+resnet50,
FMD,svm,42,0,full,random_085,0.8154741810119903,0.815,3,5430,0.7156402800028445,efficientnet_b0+lbp+vgg16,
FMD,svm,42,0,full,random_086,0.9042505494944522,0.905,3,1920,0.568710610998096,convnext_v2_t+dinov2_small+mae_base,
FMD,svm,42,0,full,random_087,0.9355074975100649,0.935,3,3840,0.8061688550005783,densenet121+dinov2+resnet101,
FMD,svm,42,0,full,random_088,0.9290537725004991,0.93,3,1590,0.6778428860015993,beitv2_base_final+lbp+mae_base,
FMD,svm,42,0,full,random_089,0.5532519101555654,0.56,3,2586,2.9044039940017683,hog+lbp+mae_base,
FMD,svm,42,0,full,random_090,0.8840835890835891,0.885,3,2580,1.1846307670020906,convnext_v2_t+gabor+hog,
FMD,svm,42,0,full,random_091,0.9299302042356643,0.93,3,2612,1.0049314460011374,dinov2+drlbp+hog,
FMD,svm,42,0,full,random_092,0.945233162079447,0.945,3,2896,0.7202771330012183,drlbp+resnet50+siglip_base,
FMD,svm,42,0,full,random_093,0.9546742089745941,0.955,3,3840,0.9087861020016135,dinov2_large+resnet101+siglip_base,
FMD,svm,42,0,full,random_094,0.8079877989547513,0.81,3,3866,1.573445329999231,hog+lbp+resnet50,
FMD,svm,42,0,full,random_095,0.884697171763924,0.885,3,2304,0.7541776599973673,convnext_v2_t+mae_base+vit_b16,
FMD,svm,42,0,full,random_096,0.820365726513292,0.82,3,3328,0.8561108209978556,densenet121+resnet50+rgb_ngram_svd,
FMD,svm,42,0,full,random_097,0.8151048944622996,0.815,3,2358,0.8313572799997928,densenet121+efficientnet_b0+lbp,
FMD,svm,42,0,full,random_098,0.5821405929325905,0.59,3,2612,2.6589721589989495,drlbp+hog+mae_base,
FMD,svm,42,0,full,random_099,0.9044689314550796,0.905,3,1718,0.45034871000098065,dinov2_small+efficientnet_b0+lbp,
FMD,svm,42,1,full,random_000,0.9499530486629333,0.95,5,6418,0.8280797730003542,convnext_v2_t+glcm+siglip_base+swin_t+vgg16,
FMD,svm,42,1,full,random_001,0.9849968730456535,0.985,5,3206,0.9529580819980765,beitv2_base_final+dinov2_large+drlbp+efficientnet_b0+lbp,
FMD,svm,42,1,full,random_002,0.9801156973108194,0.98,5,3840,0.9302019899987499,beitv2_base_final+convnext_v2_t+eva02_base+siglip_base+swin_t,
FMD,svm,42,1,full,random_003,0.9647342088805504,0.965,5,4370,1.3939599550030835,glcm+mae_base+resnet101+siglip_base+vit_b16,
FMD,svm,42,1,full,random_004,0.9136182388428858,0.915,5,3126,0.8313417419994948,convnext_v2_t+efficientnet_b0+lbp+rgb_ngram_svd+vit_b16,
FMD,svm,42,1,full,random_005,0.9699744906355946,0.97,5,8832,1.183159878000879,dinov2_large+dinov2_small+efficientnet_b0+resnet101+vgg16,
FMD,svm,42,1,full,random_006,0.9703448583936389,0.97,5,2736,0.7382104759999493,beitv2_base_final+deit_s+eva02_base+gabor+vit_b16,
FMD,svm,42,1,full,random_007,0.9652094589193434,0.965,5,3126,0.8545117120011128,efficientnet_b0+eva02_base+lbp+rgb_ngram_svd+swin_t,
FMD,svm,42,1,full,random_008,0.9604103735275183,0.96,5,3024,0.9740307409992965,deit_s+densenet121+dinov2+drlbp+mae_base,
FMD,svm,42,1,full,random_009,0.9646893970385626,0.965,5,6710,1.0063813630004006,densenet121+lbp+siglip_base+vgg16+vit_b16,
FMD,svm,42,1,full,random_010,0.9646893970385626,0.965,5,2944,0.8945482540002558,beitv2_base_final+dinov2_small+mae_base+rgb_ngram_svd+vit_b16,
FMD,svm,42,1,full,random_011,0.9695773204117234,0.97,5,2054,0.5917314079997595,dinov2_small+drlbp+lbp+siglip_base+vit_b16,
FMD,svm,42,1,full,random_012,0.984993746091307,0.985,5,2406,0.986040468000283,dinov2+eva02_base+gabor+lbp+mae_base,
FMD,svm,42,1,full,random_013,0.9699624295259726,0.97,5,2406,0.8305942929982848,beitv2_base_final+dinov2+gabor+lbp+vit_b16,
FMD,svm,42,1,full,random_014,0.9899968730456535,0.99,5,5376,1.2989321790009853,dinov2+dinov2_large+mae_base+resnet101+siglip_base,
FMD,svm,42,1,full,random_015,0.9546893970385627,0.955,5,4372,1.348036460000003,beitv2_base_final+convnext_v2_t+densenet121+gabor+hog,
FMD,svm,42,1,full,random_016,0.9548561601000625,0.955,5,3328,0.7609308909995889,convnext_v2_t+dinov2+rgb_ngram_svd+swin_t+vit_b16,
FMD,svm,42,1,full,random_017,0.9646784549223574,0.965,5,4736,0.9679092440019303,beitv2_base_final+deit_s+resnet50+siglip_base+vit_b16,
FMD,svm,42,1,full,random_018,0.9152788276299336,0.915,5,5320,0.7403672010004811,deit_s+glcm+lbp+swin_t+vgg16,
FMD,svm,42,1,full,random_019,0.9142091708830522,0.915,5,2230,0.8996506719995523,drlbp+efficientnet_b0+gabor+lbp+vit_b16,
FMD,svm,42,1,full,random_020,0.9339458560369389,0.935,5,5092,1.2810353380009474,beitv2_base_final+densenet121+hog+swin_t+vit_b16,
FMD,svm,42,1,full,random_021,0.9595961291596721,0.96,5,3888,0.9743181190024188,dinov2_large+efficientnet_b0+gabor+swin_t+vit_b16,
FMD,svm,42,1,full,random_022,0.8688725985067449,0.87,5,3556,1.3990001610000036,deit_s+drlbp+efficientnet_b0+gabor+hog,
FMD,svm,42,1,full,random_023,0.9851156973108193,0.985,5,2578,0.767158352999104,beitv2_base_final+dinov2+glcm+rgb_ngram_svd+siglip_base,
FMD,svm,42,1,full,random_024,0.9297825947491589,0.93,5,5632,1.339081839996652,convnext_v2_t+efficientnet_b0+mae_base+resnet50+vit_b16,
FMD,svm,42,1,full,random_025,0.9801156973108194,0.98,5,3504,0.8641101300017908,dinov2_small+eva02_base+gabor+resnet101+rgb_ngram_svd,
FMD,svm,42,1,full,random_026,0.9600973822925042,0.96,5,7936,0.9644815579995338,eva02_base+resnet101+rgb_ngram_svd+swin_t+vgg16,
FMD,svm,42,1,full,random_027,0.9700906346541774,0.97,5,7314,0.8812073580011202,beitv2_base_final+dinov2_small+glcm+resnet101+vgg16,
FMD,svm,42,1,full,random_028,0.984993746091307,0.985,5,2370,0.826871787001437,beitv2_base_final+eva02_base+gabor+glcm+siglip_base,
FMD,svm,42,1,full,random_029,0.9801125703564729,0.98,5,4224,0.9553423900033522,dinov2_small+eva02_base+mae_base+resnet50+rgb_ngram_svd,
FMD,svm,42,1,full,random_030,0.979993746091307,0.98,5,3894,1.061842601000535,beitv2_base_final+dinov2_large+efficientnet_b0+lbp+swin_t,
FMD,svm,42,1,full,random_031,0.954361952410733,0.955,5,3712,0.9438088770002651,convnext_v2_t+deit_s+densenet121+siglip_base+vit_b16,
FMD,svm,42,1,full,random_032,0.9751156973108193,0.975,5,4736,1.0081419630005257,deit_s+eva02_base+resnet101+siglip_base+vit_b16,
FMD,svm,42,1,full,random_033,0.9699906191369607,0.97,5,2120,0.8029319000015676,densenet121+dinov2+glcm+lbp+rgb_ngram_svd,
FMD,svm,42,1,full,random_034,0.9398852335951181,0.94,5,4176,0.9078954500000691,dinov2_large+drlbp+resnet50+rgb_ngram_svd+vit_b16,
FMD,svm,42,1,full,random_035,0.9642913645352671,0.965,5,3152,0.8134221190011885,beitv2_base_final+convnext_v2_t+drlbp+siglip_base+vit_b16,
FMD,svm,42,1,full,random_036,0.974865540963102,0.975,5,2640,0.7056086589982442,beitv2_base_final+drlbp+rgb_ngram_svd+siglip_base+swin_t,
FMD,svm,42,1,full,random_037,0.909073983007171,0.91,5,7652,1.4453094199998304,hog+rgb_ngram_svd+swin_t+vgg16+vit_b16,
FMD,svm,42,1,full,random_038,0.9799968730456534,0.98,5,4864,1.2312673380001797,dinov2_large+mae_base+resnet50+rgb_ngram_svd+siglip_base,
FMD,svm,42,1,full,random_039,0.9040851537996056,0.905,5,5346,0.6630483730004926,deit_s+drlbp+glcm+vgg16+vit_b16,
FMD,svm,42,1,full,random_040,0.9701156973108193,0.97,5,2018,0.7291519829996105,convnext_v2_t+deit_s+drlbp+eva02_base+glcm,
FMD,svm,42,1,full,random_041,0.9750906346541777,0.975,5,1304,0.5004035359997943,beitv2_base_final+dinov2_small+drlbp+glcm+lbp,
FMD,svm,42,1,full,random_042,0.9392230242913886,0.94,5,6352,0.9099547529986012,densenet121+dinov2_small+drlbp+vgg16+vit_b16,
FMD,svm,42,1,full,random_043,0.9548024141027993,0.955,5,5906,0.7147226890010643,convnext_v2_t+dinov2+glcm+rgb_ngram_svd+vgg16,
FMD,svm,42,1,full,random_044,0.9548378450817475,0.955,5,3456,0.873153230000753,dinov2+dinov2_small+mae_base+swin_t+vit_b16,
FMD,svm,42,1,full,random_045,0.9194726338436224,0.92,5,2224,0.8199839509979938,deit_s+dinov2+gabor+mae_base+rgb_ngram_svd,
FMD,svm,42,1,full,random_046,0.9702255874207095,0.97,5,3402,1.218640241000685,beitv2_base_final+eva02_base+gabor+hog+lbp,
FMD,svm,42,1,full,random_047,0.984993746091307,0.985,5,3372,1.181251449001138,convnext_v2_t+eva02_base+glcm+hog+lbp,
FMD,svm,42,1,full,random_048,0.9547122731782552,0.955,5,3200,0.8158585650016903,convnext_v2_t+deit_s+dinov2_large+rgb_ngram_svd+vit_b16,
FMD,svm,42,1,full,random_049,0.9501277335795351,0.95,5,2760,0.8210679889998573,densenet121+dinov2_small+efficientnet_b0+glcm+lbp,
FMD,svm,42,1,full,random_050,0.9749816849816849,0.975,5,5908,2.028638971998589,densenet121+dinov2_large+gabor+hog+resnet101,
FMD,svm,42,1,full,random_051,0.9545471228398059,0.955,5,4304,1.35031163000167,beitv2_base_final+deit_s+densenet121+drlbp+resnet101,
FMD,svm,42,1,full,random_052,0.9493426969550205,0.95,5,4708,2.0100620750017697,beitv2_base_final+deit_s+densenet121+hog+mae_base,
FMD,svm,42,1,full,random_053,0.9192528071782929,0.92,5,6984,1.0790176959999371,convnext_v2_t+glcm+lbp+resnet101+vgg16,
FMD,svm,42,1,full,random_054,0.9649744906355945,0.965,5,3638,1.1702283720005653,convnext_v2_t+dinov2+efficientnet_b0+lbp+mae_base,
FMD,svm,42,1,full,random_055,0.9751188242651656,0.975,5,2736,1.0582623859991145,convnext_v2_t+dinov2_small+gabor+mae_base+siglip_base,
FMD,svm,42,1,full,random_056,0.9599463010246065,0.96,5,7936,1.1860793199994077,densenet121+efficientnet_b0+eva02_base+swin_t+vgg16,
FMD,svm,42,1,full,random_057,0.9548937057331838,0.955,5,9444,1.362608141000237,dinov2+hog+resnet101+vgg16+vit_b16,
FMD,svm,42,1,full,random_058,0.9601767398994017,0.96,5,7984,1.1688769930005947,convnext_v2_t+dinov2_large+gabor+resnet50+vgg16,
FMD,svm,42,1,full,random_059,0.8487815885641974,0.85,5,5496,1.25438368200048,efficientnet_b0+gabor+glcm+lbp+vgg16,
FMD,svm,42,1,full,random_060,0.9496632668583889,0.95,5,8724,1.6752512970015232,beitv2_base_final+gabor+hog+resnet101+vgg16,
FMD,svm,42,1,full,random_061,0.9701125703564729,0.97,5,3636,2.3966249090008205,drlbp+hog+mae_base+rgb_ngram_svd+siglip_base,
FMD,svm,42,1,full,random_062,0.9648624140087554,0.965,5,7680,1.24644029999763,densenet121+dinov2+dinov2_large+swin_t+vgg16,
FMD,svm,42,1,full,random_063,0.9801156973108194,0.98,5,7780,1.4536513540006126,dinov2_small+eva02_base+hog+mae_base+vgg16,
FMD,svm,42,1,full,random_064,0.8896358168309388,0.89,5,2706,0.8650096460005443,deit_s+efficientnet_b0+glcm+rgb_ngram_svd+swin_t,
FMD,svm,42,1,full,random_065,0.9440037378012421,0.945,5,4196,1.0502723179997702,densenet121+dinov2_small+hog+rgb_ngram_svd+vit_b16,
FMD,svm,42,1,full,random_066,0.95988963834144,0.96,5,4048,1.0223362090000592,deit_s+drlbp+resnet50+siglip_base+swin_t,
FMD,svm,42,1,full,random_067,0.9192730500932728,0.92,5,2888,1.1574400040008186,efficientnet_b0+glcm+lbp+mae_base+vit_b16,
FMD,svm,42,1,full,random_068,0.9600973822925042,0.96,5,7936,1.0978688680006599,eva02_base+resnet101+rgb_ngram_svd+swin_t+vgg16,
FMD,svm,42,1,full,random_069,0.9801125703564729,0.98,5,4992,1.0229991229971347,densenet121+dinov2+dinov2_small+resnet101+siglip_base,
FMD,svm,42,1,full,random_070,0.923712321920221,0.925,5,1912,0.9969272849994013,densenet121+gabor+glcm+lbp+vit_b16,
FMD,svm,42,1,full,random_071,0.9649525549332996,0.965,5,6216,1.232954471000994,densenet121+dinov2_large+glcm+lbp+vgg16,
FMD,svm,42,1,full,random_072,0.9647091462239088,0.965,5,2742,0.7197490140024456,beitv2_base_final+dinov2+dinov2_small+lbp+vit_b16,
FMD,svm,42,1,full,random_073,0.9801125703564729,0.98,5,2242,0.8205712390008557,beitv2_base_final+densenet121+dinov2_small+gabor+glcm,
FMD,svm,42,1,full,random_074,0.9701125703564728,0.97,5,3712,1.2233878819970414,beitv2_base_final+convnext_v2_t+deit_s+densenet121+eva02_base,
FMD,svm,42,1,full,random_075,0.9551698334625163,0.955,5,2736,0.9363458150000952,beitv2_base_final+deit_s+dinov2+gabor+mae_base,
FMD,svm,42,1,full,random_076,0.9599754310729919,0.96,5,3920,1.1173346590003348,drlbp+eva02_base+mae_base+resnet50+rgb_ngram_svd,
FMD,svm,42,1,full,random_077,0.9752067786727607,0.975,5,4736,0.9586601709997922,beitv2_base_final+convnext_v2_t+dinov2+dinov2_small+resnet50,
FMD,svm,42,1,full,random_078,0.9801156973108192,0.98,5,4560,1.1019410810004047,densenet121+dinov2_large+dinov2_small+drlbp+resnet101,
FMD,svm,42,1,full,random_079,0.98510989010989,0.985,5,6960,1.506838768000307,densenet121+dinov2_large+gabor+siglip_base+vgg16,
FMD,svm,42,1,full,random_080,0.985,0.985,5,4096,1.0821172930009197,beitv2_base_final+convnext_v2_t+dinov2_large+mae_base+siglip_base,
FMD,svm,42,1,full,random_081,0.9849968730456535,0.985,5,3968,0.9872330819998751,deit_s+densenet121+dinov2_large+siglip_base+swin_t,
FMD,svm,42,1,full,random_082,0.9192641159379973,0.92,5,3974,1.1097268630001054,convnext_v2_t+densenet121+drlbp+lbp+resnet50,
FMD,svm,42,1,full,random_083,0.9500552824095232,0.95,5,2944,1.0514582130017516,deit_s+mae_base+rgb_ngram_svd+siglip_base+swin_t,
FMD,svm,42,1,full,random_084,0.985,0.985,5,3376,0.9710361239995109,convnext_v2_t+dinov2+dinov2_large+gabor+siglip_base,
FMD,svm,42,1,full,random_085,0.9698066600505626,0.97,5,2384,0.5929781359991466,beitv2_base_final+deit_s+dinov2_small+drlbp+vit_b16,
FMD,svm,42,1,full,random_086,0.9749874921826143,0.975,5,3376,1.1460307870001998,convnext_v2_t+densenet121+gabor+siglip_base+vit_b16,
FMD,svm,42,1,full,random_087,0.8292330027695882,0.83,5,2456,1.218031123997207,drlbp+glcm+lbp+resnet101+rgb_ngram_svd,
FMD,svm,42,1,full,random_088,0.8956013569896901,0.895,5,3366,1.9875131890003104,gabor+glcm+hog+mae_base+swin_t,
FMD,svm,42,1,full,random_089,0.9342209968833248,0.935,5,5376,1.1830679940030677,beitv2_base_final+convnext_v2_t+densenet121+resnet50+vit_b16,
FMD,svm,42,1,full,random_090,0.8787448400863035,0.88,5,9472,1.486517425000784,densenet121+resnet101+resnet50+rgb_ngram_svd+vgg16,
FMD,svm,42,1,full,random_091,0.8542318208107682,0.855,5,4150,1.4525649669994891,densenet121+lbp+mae_base+resnet50+rgb_ngram_svd,
FMD,svm,42,1,full,random_092,0.9445151953546735,0.945,5,1992,0.736831133999658,deit_s+dinov2+glcm+lbp+vit_b16,
FMD,svm,42,1,full,random_093,0.9751036362011971,0.975,5,4882,1.023038624000037,beitv2_base_final+efficientnet_b0+eva02_base+glcm+resnet50,
FMD,svm,42,1,full,random_094,0.93447008570751,0.935,5,7760,1.0120216149989574,beitv2_base_final+drlbp+resnet50+vgg16+vit_b16,
FMD,svm,42,1,full,random_095,0.8995232064409902,0.9,5,5712,1.543320845998096,drlbp+mae_base+resnet101+resnet50+swin_t,
FMD,svm,42,1,full,random_096,0.9599754310729919,0.96,5,4406,1.4749282500015397,lbp+mae_base+resnet50+siglip_base+swin_t,
FMD,svm,42,1,full,random_097,0.969993746091307,0.97,5,7552,1.4631074760000047,dinov2_large+dinov2_small+efficientnet_b0+mae_base+vgg16,
FMD,svm,42,1,full,random_098,0.9496601399040424,0.95,5,4406,1.049925968000025,beitv2_base_final+lbp+resnet101+swin_t+vit_b16,
FMD,svm,42,1,full,random_099,0.9596726477214281,0.96,5,7954,1.6124794080024003,dinov2_large+glcm+mae_base+resnet101+vgg16,
FMD,svm,42,2,full,random_000,0.9504103735275183,0.95,4,3712,0.7860595489983098,deit_s+dinov2_large+resnet50+rgb_ngram_svd,
FMD,svm,42,2,full,random_001,0.9799906191369606,0.98,4,2816,0.6879409620014485,dinov2+dinov2_large+rgb_ngram_svd+vit_b16,
FMD,svm,42,2,full,random_002,0.9396717072840307,0.94,4,3456,0.8235183840006357,deit_s+densenet121+efficientnet_b0+eva02_base,
FMD,svm,42,2,full,random_003,0.8899404274285608,0.89,4,7168,0.8798248429993691,resnet101+rgb_ngram_svd+vgg16+vit_b16,
FMD,svm,42,2,full,random_004,0.9650817004989019,0.965,4,3200,0.6812403320000158,deit_s+dinov2+efficientnet_b0+eva02_base,
FMD,svm,42,2,full,random_005,0.8500550011846546,0.85,4,4936,0.989406874999986,glcm+lbp+mae_base+vgg16,
FMD,svm,42,2,full,random_006,0.8498394822762677,0.85,4,2376,0.9348349989995768,glcm+lbp+resnet50+rgb_ngram_svd,
FMD,svm,42,2,full,random_007,0.9649713636812483,0.965,4,2944,0.8092246529995464,deit_s+dinov2_large+eva02_base+swin_t,
FMD,svm,42,2,full,random_008,0.9654926652295073,0.965,4,3840,0.7968034660007106,resnet50+rgb_ngram_svd+siglip_base+swin_t,
FMD,svm,42,2,full,random_009,0.9849937460913072,0.985,4,4608,1.0246265919995494,dinov2+dinov2_large+resnet50+siglip_base,
FMD,svm,42,2,full,random_010,0.9295256907631149,0.93,4,2384,0.6023894629979623,beitv2_base_final+convnext_v2_t+drlbp+swin_t,
FMD,svm,42,2,full,random_011,0.9550308450166647,0.955,4,4964,1.2286660530007794,dinov2+dinov2_small+hog+resnet50,
FMD,svm,42,2,full,random_012,0.9749686834346655,0.975,4,3072,0.8547715919994516,densenet121+dinov2+dinov2_large+rgb_ngram_svd,
FMD,svm,42,2,full,random_013,0.8992311710540207,0.9,4,4176,0.8938065170004847,drlbp+efficientnet_b0+resnet50+vit_b16,
FMD,svm,42,2,full,random_014,0.9599088937971523,0.96,4,3072,0.7378087380020588,convnext_v2_t+eva02_base+siglip_base+vit_b16,
FMD,svm,42,2,full,random_015,0.8395778768371835,0.84,4,5686,0.9273894440011645,efficientnet_b0+lbp+rgb_ngram_svd+vgg16,
FMD,svm,42,2,full,random_016,0.9503525775476994,0.95,4,3072,0.6947482239993406,dinov2+siglip_base+swin_t+vit_b16,
FMD,svm,42,2,full,random_017,0.9601767398994017,0.96,4,3328,0.9094944460011902,beitv2_base_final+densenet121+mae_base+siglip_base,
FMD,svm,42,2,full,random_018,0.9700875076998312,0.97,4,4324,1.109856196999317,dinov2+dinov2_large+hog+vit_b16,
FMD,svm,42,2,full,random_019,0.9298753907148688,0.93,4,3456,0.6756097500001488,convnext_v2_t+dinov2_small+resnet101+rgb_ngram_svd,
FMD,svm,42,2,full,random_020,0.9352667220253871,0.935,4,6016,0.6704500740015646,dinov2_small+efficientnet_b0+rgb_ngram_svd+vgg16,
FMD,svm,42,2,full,random_021,0.9649525549332993,0.965,4,3968,0.9976257479975175,dinov2_small+mae_base+resnet101+siglip_base,
FMD,svm,42,2,full,random_022,0.9093983068231509,0.91,4,2608,0.9819768349989317,convnext_v2_t+densenet121+gabor+mae_base,
FMD,svm,42,2,full,random_023,0.9499008683668503,0.95,4,4608,1.033028967998689,beitv2_base_final+convnext_v2_t+dinov2_large+resnet101,
FMD,svm,42,2,full,random_024,0.9250915502506689,0.925,4,6016,0.758451783000055,beitv2_base_final+deit_s+swin_t+vgg16,
FMD,svm,42,2,full,random_025,0.940437405000948,0.94,4,1974,0.6089518680018955,dinov2_small+lbp+mae_base+swin_t,
FMD,svm,42,2,full,random_026,0.9849937460913072,0.985,4,2230,0.5655188880009518,deit_s+dinov2_large+eva02_base+lbp,
FMD,svm,42,2,full,random_027,0.9701928684007676,0.97,4,3328,0.9406784599996172,convnext_v2_t+dinov2_large+eva02_base+siglip_base,
FMD,svm,42,2,full,random_028,0.965061536318216,0.965,4,3556,1.8039813930008677,hog+mae_base+rgb_ngram_svd+siglip_base,
FMD,svm,42,2,full,random_029,0.9600875076998312,0.96,4,3328,0.9297289509995608,beitv2_base_final+dinov2_large+mae_base+vit_b16,
FMD,svm,42,2,full,random_030,0.9651125703564727,0.965,4,6656,1.0508293650018459,densenet121+dinov2+siglip_base+vgg16,
FMD,svm,42,2,full,random_031,0.9551736129450552,0.955,4,3200,0.8910097389998555,beitv2_base_final+dinov2_small+efficientnet_b0+siglip_base,
FMD,svm,42,2,full,random_032,0.8907722604234232,0.89,4,6992,0.9140549820003798,drlbp+resnet50+vgg16+vit_b16,
FMD,svm,42,2,full,random_033,0.9849937460913072,0.985,4,4096,0.9869638300006045,dinov2_large+resnet101+rgb_ngram_svd+siglip_base,
FMD,svm,42,2,full,random_034,0.8487778418124419,0.85,4,1968,0.7728036250009609,deit_s+efficientnet_b0+gabor+rgb_ngram_svd,
FMD,svm,42,2,full,random_035,0.9849937460913072,0.985,4,3920,1.1430768950012862,dinov2_large+drlbp+resnet50+siglip_base,
FMD,svm,42,2,full,random_036,0.9453951854635498,0.945,4,7186,1.0414189180009998,dinov2_large+glcm+resnet50+vgg16,
FMD,svm,42,2,full,random_037,0.9353362704903141,0.935,4,4964,1.2364010050005163,dinov2_small+hog+resnet101+swin_t,
FMD,svm,42,2,full,random_038,0.9246174141809572,0.925,4,1224,0.5007656130001124,beitv2_base_final+deit_s+glcm+lbp,
FMD,svm,42,2,full,random_039,0.9453364490463336,0.945,4,2688,0.6296264320008049,convnext_v2_t+dinov2_small+siglip_base+swin_t,
FMD,svm,42,2,full,random_040,0.9548927652957866,0.955,4,2834,0.7009636590009904,convnext_v2_t+efficientnet_b0+eva02_base+glcm,
FMD,svm,42,2,full,random_041,0.9405994624457472,0.94,4,6400,0.8241904589995102,dinov2+swin_t+vgg16+vit_b16,
FMD,svm,42,2,full,random_042,0.959977617589941,0.96,4,3556,1.336784857998282,eva02_base+hog+mae_base+rgb_ngram_svd,
FMD,svm,42,2,full,random_043,0.9245987375434789,0.925,4,2176,0.5940815620015201,convnext_v2_t+dinov2_small+mae_base+rgb_ngram_svd,
FMD,svm,42,2,full,random_044,0.9246229468180689,0.925,4,5296,0.5533582130010473,convnext_v2_t+dinov2_small+gabor+vgg16,
FMD,svm,42,2,full,random_045,0.9500115895609522,0.95,4,3200,0.6969939150003484,dinov2_small+efficientnet_b0+siglip_base+vit_b16,
FMD,svm,42,2,full,random_046,0.9650875076998311,0.965,4,2256,0.582504311001685,dinov2+dinov2_large+dinov2_small+drlbp,
FMD,svm,42,2,full,random_047,0.9700875076998312,0.97,4,2870,0.8340871229993354,dinov2+efficientnet_b0+lbp+siglip_base,
FMD,svm,42,2,full,random_048,0.9601928684007675,0.96,4,3348,1.1253431830009504,beitv2_base_final+gabor+hog+siglip_base,
FMD,svm,42,2,full,random_049,0.9551736129450552,0.955,4,1616,0.4067907409989857,deit_s+dinov2_small+drlbp+siglip_base,
FMD,svm,42,2,full,random_050,0.965209905627107,0.965,4,5248,0.734662193000986,dinov2_large+drlbp+gabor+vgg16,
FMD,svm,42,2,full,random_051,0.940360886439192,0.94,4,5650,0.7104226900009962,glcm+siglip_base+swin_t+vgg16,
FMD,svm,42,2,full,random_052,0.9500308450166646,0.95,4,2250,1.019028131999221,dinov2_small+gabor+hog+lbp,
FMD,svm,42,2,full,random_053,0.9550308450166647,0.955,4,3602,0.8203849050005374,eva02_base+glcm+resnet101+vit_b16,
FMD,svm,42,2,full,random_054,0.9550615363182159,0.955,4,6400,0.7382947509977384,eva02_base+siglip_base+swin_t+vgg16,
FMD,svm,42,2,full,random_055,0.9699467477323702,0.97,4,4224,0.8895881600001303,deit_s+dinov2_large+resnet101+siglip_base,
FMD,svm,42,2,full,random_056,0.8991808707662367,0.9,4,3318,1.5592218519996095,convnext_v2_t+glcm+hog+mae_base,
FMD,svm,42,2,full,random_057,0.9799906191369605,0.98,4,5604,1.2124103839996678,dinov2_large+eva02_base+hog+resnet50,
FMD,svm,42,2,full,random_058,0.9654926652295073,0.965,4,1846,0.5598776949991588,lbp+rgb_ngram_svd+siglip_base+swin_t,
FMD,svm,42,2,full,random_059,0.9552986911189139,0.955,4,3632,0.7900658170001407,beitv2_base_final+eva02_base+gabor+resnet101,
FMD,svm,42,2,full,random_060,0.879562769280356,0.88,4,3152,0.8906319819980126,densenet121+drlbp+efficientnet_b0+swin_t,
FMD,svm,42,2,full,random_061,0.9205044248924297,0.92,4,3840,1.0113935860026686,densenet121+efficientnet_b0+swin_t+vit_b16,
FMD,svm,42,2,full,random_062,0.9553116926659333,0.955,4,4068,1.0227629479995812,dinov2+hog+siglip_base+swin_t,
FMD,svm,42,2,full,random_063,0.9849937460913072,0.985,4,2864,0.8265887970010226,densenet121+dinov2_large+gabor+siglip_base,
FMD,svm,42,2,full,random_064,0.9701928684007676,0.97,4,2560,0.5763636140000017,eva02_base+rgb_ngram_svd+siglip_base+vit_b16,
FMD,svm,42,2,full,random_065,0.9601767398994017,0.96,4,4962,0.7741654429992195,drlbp+glcm+siglip_base+vgg16,
FMD,svm,42,2,full,random_066,0.9600655719975361,0.96,4,6884,1.3995161849998112,dinov2_large+hog+resnet101+resnet50,
FMD,svm,42,2,full,random_067,0.9399192304070352,0.94,4,2322,0.7382221240004583,eva02_base+glcm+mae_base+swin_t,
FMD,svm,42,2,full,random_068,0.9700875076998312,0.97,4,4608,1.1735717810006463,dinov2+dinov2_large+mae_base+resnet101,
FMD,svm,42,2,full,random_069,0.949899512934113,0.95,4,3684,1.0617057449999265,dinov2_small+eva02_base+hog+vit_b16,
FMD,svm,42,2,full,random_070,0.8778559837455366,0.88,4,3280,0.7383275569991383,deit_s+drlbp+resnet50+vit_b16,
FMD,svm,42,2,full,random_071,0.9246861528940521,0.925,4,2896,0.906825996000407,beitv2_base_final+convnext_v2_t+drlbp+efficientnet_b0,
FMD,svm,42,2,full,random_072,0.8489621012063321,0.85,4,1474,0.7899068299993814,deit_s+densenet121+gabor+glcm,
FMD,svm,42,2,full,random_073,0.8490136567800238,0.85,4,6262,1.1895399470013217,deit_s+glcm+hog+vgg16,
FMD,svm,42,2,full,random_074,0.8942009179108025,0.895,4,5504,0.6902114330005134,convnext_v2_t+deit_s+rgb_ngram_svd+vgg16,
FMD,svm,42,2,full,random_075,0.8859193311632337,0.885,4,6966,0.8851085400019656,lbp+resnet50+vgg16+vit_b16,
FMD,svm,42,2,full,random_076,0.9500829534499713,0.95,4,1664,0.547612812002626,beitv2_base_final+drlbp+gabor+swin_t,
FMD,svm,42,2,full,random_077,0.9602978600347021,0.96,4,4480,0.9364608459982264,deit_s+densenet121+dinov2_large+resnet101,
FMD,svm,42,2,full,random_078,0.875152541310257,0.875,4,6480,0.9293709939993278,drlbp+resnet101+rgb_ngram_svd+vgg16,
FMD,svm,42,2,full,random_079,0.9496784549223574,0.95,4,1218,0.406199581000692,deit_s+eva02_base+gabor+glcm,
FMD,svm,42,2,full,random_080,0.9249335793921876,0.925,4,3200,0.8699614659999497,beitv2_base_final+deit_s+efficientnet_b0+mae_base,
FMD,svm,42,2,full,random_081,0.939879357074479,0.94,4,3328,0.9641501080004673,densenet121+efficientnet_b0+rgb_ngram_svd+siglip_base,
FMD,svm,42,2,full,random_082,0.8600570216423875,0.86,4,6932,1.3938568160010618,densenet121+gabor+hog+vgg16,
FMD,svm,42,2,full,random_083,0.8641858141858142,0.865,4,8240,1.0982453450014873,gabor+resnet101+resnet50+vgg16,
FMD,svm,42,2,full,random_084,0.9342817883240906,0.935,4,4836,1.13264548799998,beitv2_base_final+hog+resnet50+rgb_ngram_svd,
FMD,svm,42,2,full,random_085,0.9549026398884596,0.955,4,2358,0.5516063510003733,convnext_v2_t+eva02_base+lbp+vit_b16,
FMD,svm,42,2,full,random_086,0.9049233778630441,0.905,4,3888,0.9417444659993635,densenet121+gabor+resnet101+vit_b16,
FMD,svm,42,2,full,random_087,0.9250399809285682,0.925,4,6912,1.0930450390005717,beitv2_base_final+efficientnet_b0+mae_base+vgg16,
FMD,svm,42,2,full,random_088,0.9653197957369974,0.965,4,4224,0.999478319001355,deit_s+dinov2_large+mae_base+resnet101,
FMD,svm,42,2,full,random_089,0.939947241462004,0.94,4,6656,1.0305936410004506,dinov2_large+efficientnet_b0+rgb_ngram_svd+vgg16,
FMD,svm,42,2,full,random_090,0.8793268049664145,0.88,4,7808,1.160020742998313,deit_s+efficientnet_b0+resnet101+vgg16,
FMD,svm,42,2,full,random_091,0.9749686834346655,0.975,4,7936,0.9739537889981875,dinov2_large+resnet101+siglip_base+vgg16,
FMD,svm,42,2,full,random_092,0.9651438620809014,0.965,4,2358,0.5870402449982066,beitv2_base_final+lbp+siglip_base+swin_t,
FMD,svm,42,2,full,random_093,0.3867617587825146,0.4,4,2118,2.010373446999438,drlbp+glcm+hog+rgb_ngram_svd,
FMD,svm,42,2,full,random_094,0.9146173494225558,0.915,4,5888,1.079594195001846,densenet121+resnet101+resnet50+vit_b16,
FMD,svm,42,2,full,random_095,0.9650875076998311,0.965,4,1250,0.43494989699684083,dinov2+dinov2_small+drlbp+glcm,
FMD,svm,42,2,full,random_096,0.9399807197033814,0.94,4,2864,0.7024951999992481,convnext_v2_t+dinov2+efficientnet_b0+gabor,
FMD,svm,42,2,full,random_097,0.9399807197033814,0.94,4,2608,0.6757594020018587,convnext_v2_t+densenet121+dinov2+gabor,
FMD,svm,42,2,full,random_098,0.9549066755677795,0.955,4,2834,0.7855019739981799,beitv2_base_final+efficientnet_b0+eva02_base+glcm,
FMD,svm,42,2,full,random_099,0.9650843807454846,0.965,4,7168,0.9134187970012135,dinov2+dinov2_large+efficientnet_b0+vgg16,
FMD,svm,42,3,full,random_000,0.9650995688094532,0.965,4,3584,0.8280252479999035,deit_s+dinov2_small+resnet101+siglip_base,
FMD,svm,42,3,full,random_001,0.9402698489797334,0.94,4,3248,0.801027568999416,dinov2_small+gabor+resnet101+swin_t,
FMD,svm,42,3,full,random_002,0.949927077281318,0.95,4,2614,0.8993852009989496,beitv2_base_final+densenet121+lbp+vit_b16,
FMD,svm,42,3,full,random_003,0.9599874921826143,0.96,4,2304,0.7259616609990189,deit_s+dinov2+dinov2_small+mae_base,
FMD,svm,42,3,full,random_004,0.9849937460913072,0.985,4,3638,0.8143570020001789,beitv2_base_final+eva02_base+lbp+resnet50,
FMD,svm,42,3,full,random_005,0.9403434712484776,0.94,4,3840,0.9612412320020667,convnext_v2_t+resnet101+rgb_ngram_svd+swin_t,
FMD,svm,42,3,full,random_006,0.8895435193124538,0.89,4,4144,1.584170867998182,efficientnet_b0+gabor+mae_base+resnet50,
FMD,svm,42,3,full,random_007,0.9849906191369605,0.985,4,2614,1.0848068939994846,convnext_v2_t+densenet121+lbp+siglip_base,
FMD,svm,42,3,full,random_008,0.9597180803791844,0.96,4,2964,1.4152257759997156,deit_s+gabor+hog+siglip_base,
FMD,svm,42,3,full,random_009,0.9799906191369606,0.98,4,2560,0.6696434430014051,convnext_v2_t+rgb_ngram_svd+siglip_base+swin_t,
FMD,svm,42,3,full,random_010,0.904713856036064,0.905,4,4144,1.1662120729997696,efficientnet_b0+gabor+resnet101+swin_t,
FMD,svm,42,3,full,random_011,0.979855666370429,0.98,4,3632,1.0289499949976744,beitv2_base_final+gabor+resnet50+siglip_base,
FMD,svm,42,3,full,random_012,0.9799906191369606,0.98,4,7268,1.5230287770027644,dinov2_large+dinov2_small+hog+vgg16,
FMD,svm,42,3,full,random_013,0.9648155942058381,0.965,4,712,0.3290732700006629,dinov2_small+glcm+lbp+rgb_ngram_svd,
FMD,svm,42,3,full,random_014,0.9799937460913071,0.98,4,3684,1.1581301750011335,beitv2_base_final+dinov2_small+hog+swin_t,
FMD,svm,42,3,full,random_015,0.969977617589941,0.97,4,530,0.3418369899991376,dinov2_small+drlbp+gabor+glcm,
FMD,svm,42,3,full,random_016,0.9446681336219207,0.945,4,4608,1.5788059260012233,beitv2_base_final+densenet121+mae_base+resnet101,
FMD,svm,42,3,full,random_017,0.9548556663704287,0.955,4,6912,0.9401689539990912,efficientnet_b0+siglip_base+vgg16+vit_b16,
FMD,svm,42,3,full,random_018,0.9799776175899411,0.98,4,3280,0.700402006998047,dinov2_small+drlbp+eva02_base+resnet101,
FMD,svm,42,3,full,random_019,0.8592459847938476,0.86,4,2438,0.9196362200018484,drlbp+lbp+resnet101+rgb_ngram_svd,
FMD,svm,42,3,full,random_020,0.930493419617371,0.93,4,2870,0.7280985899997177,convnext_v2_t+efficientnet_b0+lbp+swin_t,
FMD,svm,42,3,full,random_021,0.9702125858736899,0.97,4,2000,0.4529131910021533,deit_s+dinov2+drlbp+eva02_base,
FMD,svm,42,3,full,random_022,0.9949968730456537,0.995,4,3584,0.9077347730017209,beitv2_base_final+efficientnet_b0+eva02_base+siglip_base,
FMD,svm,42,3,full,random_023,0.9448356426212652,0.945,4,5680,0.9716762090029079,beitv2_base_final+gabor+mae_base+vgg16,
FMD,svm,42,3,full,random_024,0.8992063489945391,0.9,4,3248,0.8259144269977696,deit_s+gabor+resnet101+vit_b16,
FMD,svm,42,3,full,random_025,0.9596060037523454,0.96,4,2450,0.6301086819985358,deit_s+dinov2+efficientnet_b0+glcm,
FMD,svm,42,3,full,random_026,0.9799937460913071,0.98,4,2230,0.5281842609983869,beitv2_base_final+dinov2_large+dinov2_small+lbp,
FMD,svm,42,3,full,random_027,0.9198239030973305,0.92,4,3200,0.7466122900004848,deit_s+efficientnet_b0+swin_t+vit_b16,
FMD,svm,42,3,full,random_028,0.9799785580273387,0.98,4,5604,1.2983807759992487,densenet121+eva02_base+hog+resnet101,
FMD,svm,42,3,full,random_029,0.9493177832009667,0.95,4,3172,1.0078427820008073,deit_s+hog+rgb_ngram_svd+siglip_base,
FMD,svm,42,3,full,random_030,0.9849968730456535,0.985,4,3456,0.7718189000006532,beitv2_base_final+dinov2_large+dinov2_small+efficientnet_b0,
FMD,svm,42,3,full,random_031,0.9799906191369606,0.98,4,2944,0.7900203290009813,dinov2+drlbp+gabor+resnet101,
FMD,svm,42,3,full,random_032,0.878330749672213,0.88,4,8448,1.0801585179979156,resnet101+resnet50+rgb_ngram_svd+vgg16,
FMD,svm,42,3,full,random_033,0.9899937460913071,0.99,4,2194,0.6377738449991739,deit_s+dinov2_large+eva02_base+glcm,
FMD,svm,42,3,full,random_034,0.9648503528991335,0.965,4,4352,1.0541682300026878,densenet121+dinov2_large+resnet101+rgb_ngram_svd,
FMD,svm,42,3,full,random_035,0.8332480531431183,0.835,4,2768,0.7726444030013226,deit_s+drlbp+resnet50+rgb_ngram_svd,
FMD,svm,42,3,full,random_036,0.9698624140087556,0.97,4,4864,1.0907153359985386,dinov2+efficientnet_b0+resnet50+swin_t,
FMD,svm,42,3,full,random_037,0.9849718103890119,0.985,4,3920,0.921722414001124,densenet121+drlbp+eva02_base+resnet50,
FMD,svm,42,3,full,random_038,0.9798624140087554,0.98,4,2640,0.6718713259979268,convnext_v2_t+dinov2+dinov2_large+drlbp,
FMD,svm,42,3,full,random_039,0.9649785580273385,0.965,4,1938,0.575215543001832,deit_s+glcm+siglip_base+vit_b16,
FMD,svm,42,3,full,random_040,0.9500803133537408,0.95,4,3354,1.0856892550000339,convnext_v2_t+hog+lbp+swin_t,
FMD,svm,42,3,full,random_041,0.9547836053548506,0.955,4,3812,1.0495041039976059,beitv2_base_final+densenet121+hog+rgb_ngram_svd,
FMD,svm,42,3,full,random_042,0.9799686834346655,0.98,4,2432,0.6778996390021348,deit_s+dinov2_large+rgb_ngram_svd+siglip_base,
FMD,svm,42,3,full,random_043,0.9799906191369606,0.98,4,2688,0.8160382979986025,deit_s+eva02_base+mae_base+vit_b16,
FMD,svm,42,3,full,random_044,0.9949968730456537,0.995,4,3840,1.1257982380011526,dinov2_large+efficientnet_b0+mae_base+siglip_base,
FMD,svm,42,3,full,random_045,0.9646878357853967,0.965,4,6198,1.095886443999916,efficientnet_b0+lbp+siglip_base+vgg16,
FMD,svm,42,3,full,random_046,0.9255832038758868,0.925,4,1638,0.9178168149992416,convnext_v2_t+gabor+lbp+mae_base,
FMD,svm,42,3,full,random_047,0.8796316306714254,0.88,4,1858,0.8156570049977745,densenet121+gabor+glcm+swin_t,
FMD,svm,42,3,full,random_048,0.9949968730456537,0.995,4,3584,0.8832971740011999,beitv2_base_final+efficientnet_b0+eva02_base+siglip_base,
FMD,svm,42,3,full,random_049,0.9798624140087554,0.98,4,1456,0.46956628800035105,beitv2_base_final+dinov2_small+gabor+rgb_ngram_svd,
FMD,svm,42,3,full,random_050,0.9697342088805503,0.97,4,6224,0.8581203450012254,densenet121+dinov2_large+drlbp+vgg16,
FMD,svm,42,3,full,random_051,0.9136582757484628,0.915,4,1254,0.39503676899767015,beitv2_base_final+deit_s+gabor+lbp,
FMD,svm,42,3,full,random_052,0.9598274767594408,0.96,4,2000,0.812174774997402,deit_s+dinov2+drlbp+mae_base,
FMD,svm,42,3,full,random_053,0.9596936429863259,0.96,4,2256,0.8283338750006806,deit_s+dinov2_large+drlbp+swin_t,
FMD,svm,42,3,full,random_054,0.9296372637643497,0.93,4,4882,1.2258448419997876,beitv2_base_final+glcm+resnet101+resnet50,
FMD,svm,42,3,full,random_055,0.9344677751288792,0.935,4,3858,1.2810072149986809,beitv2_base_final+densenet121+glcm+resnet101,
FMD,svm,42,3,full,random_056,0.9949968730456537,0.995,4,1608,0.7493380720006826,dinov2+glcm+lbp+siglip_base,
FMD,svm,42,3,full,random_057,0.8040084657305602,0.805,4,4998,1.1998408020008355,drlbp+lbp+mae_base+vgg16,
FMD,svm,42,3,full,random_058,0.974859287054409,0.975,4,3574,2.0947307989990804,dinov2_large+glcm+hog+mae_base,
FMD,svm,42,3,full,random_059,0.8890644900571163,0.89,4,5120,1.288952866998443,densenet121+efficientnet_b0+resnet101+swin_t,
FMD,svm,42,3,full,random_060,0.9544544287548138,0.955,4,1378,0.6741671679992578,dinov2_large+drlbp+glcm+rgb_ngram_svd,
FMD,svm,42,3,full,random_061,0.8638180112570357,0.865,4,3574,3.2635934829995676,densenet121+glcm+hog+mae_base,
FMD,svm,42,3,full,random_062,0.9799785580273385,0.98,4,4096,1.2600988349986437,beitv2_base_final+dinov2_large+resnet50+rgb_ngram_svd,
FMD,svm,42,3,full,random_063,0.9949968730456537,0.995,4,2688,0.8980908390003606,dinov2_small+eva02_base+siglip_base+vit_b16,
FMD,svm,42,3,full,random_064,0.9697310819262039,0.97,4,4352,0.9617969729988545,convnext_v2_t+dinov2+resnet101+swin_t,
FMD,svm,42,3,full,random_065,0.8735978249392884,0.875,4,3556,1.906157835997874,hog+mae_base+rgb_ngram_svd+vit_b16,
FMD,svm,42,3,full,random_066,0.9645930022053257,0.965,4,2816,1.3145979279979656,convnext_v2_t+dinov2_large+rgb_ngram_svd+vit_b16,
FMD,svm,42,3,full,random_067,0.9748556663704289,0.975,4,2578,1.5481127340026433,densenet121+eva02_base+glcm+vit_b16,
FMD,svm,42,3,full,random_068,0.9449463010246065,0.945,4,1554,0.47042941199833876,convnext_v2_t+deit_s+dinov2_small+glcm,
FMD,svm,42,3,full,random_069,0.9648124672514916,0.965,4,3226,1.4137131150018831,densenet121+dinov2_small+hog+lbp,
FMD,svm,42,3,full,random_070,0.9949968730456537,0.995,4,4096,0.8475260419982078,dinov2_large+resnet50+rgb_ngram_svd+siglip_base,
FMD,svm,42,3,full,random_071,0.9649785580273385,0.965,4,2614,1.4140941869991366,dinov2_large+lbp+mae_base+vit_b16,
FMD,svm,42,3,full,random_072,0.9747373358348967,0.975,4,3376,1.137533719997009,densenet121+dinov2_large+efficientnet_b0+gabor,
FMD,svm,42,3,full,random_073,0.9593100951252428,0.96,4,2934,1.2908900770016771,deit_s+dinov2+glcm+hog,
FMD,svm,42,3,full,random_074,0.9797086524942751,0.98,4,7168,1.0953772439970635,dinov2_large+efficientnet_b0+swin_t+vgg16,
FMD,svm,42,3,full,random_075,0.9798655409631021,0.98,4,5936,0.8973848730020109,beitv2_base_final+dinov2_large+gabor+vgg16,
FMD,svm,42,3,full,random_076,0.8644671317627104,0.865,4,3830,3.099861709000834,efficientnet_b0+glcm+hog+mae_base,
FMD,svm,42,3,full,random_077,0.979855666370429,0.98,4,2560,0.7210412700005691,eva02_base+rgb_ngram_svd+swin_t+vit_b16,
FMD,svm,42,3,full,random_078,0.8695146746463284,0.87,4,4598,2.466529007000645,glcm+hog+mae_base+resnet50,
FMD,svm,42,3,full,random_079,0.9547248280175111,0.955,4,1810,0.4342379219997383,deit_s+dinov2_large+dinov2_small+glcm,
FMD,svm,42,3,full,random_080,0.9647122731782553,0.965,4,2688,0.7908084920018155,convnext_v2_t+deit_s+mae_base+siglip_base,
FMD,svm,42,3,full,random_081,0.8645482708704788,0.865,4,7962,1.7354752619976352,hog+lbp+resnet101+vgg16,
FMD,svm,42,3,full,random_082,0.9949968730456537,0.995,4,4864,1.4568292200019641,densenet121+dinov2_large+resnet101+siglip_base,
FMD,svm,42,3,full,random_083,0.9348378450817474,0.935,4,5686,0.7135689679998904,convnext_v2_t+lbp+vgg16+vit_b16,
FMD,svm,42,3,full,random_084,0.9849906191369605,0.985,4,3840,1.1171480170014547,convnext_v2_t+eva02_base+resnet101+rgb_ngram_svd,
FMD,svm,42,3,full,random_085,0.9949968730456537,0.995,4,1864,1.0179162150016055,dinov2_large+eva02_base+glcm+lbp,
FMD,svm,42,3,full,random_086,0.9140958634861074,0.915,4,3254,1.1391142249995028,deit_s+lbp+resnet50+vit_b16,
FMD,svm,42,3,full,random_087,0.9148904155322641,0.915,4,2896,1.0119671299980837,convnext_v2_t+drlbp+efficientnet_b0+vit_b16,
FMD,svm,42,3,full,random_088,0.9698561601000627,0.97,4,5120,1.6253234809992136,dinov2_large+efficientnet_b0+mae_base+resnet50,
FMD,svm,42,3,full,random_089,0.8633266775221278,0.865,4,1938,0.9897565030005353,deit_s+efficientnet_b0+glcm+rgb_ngram_svd,
FMD,svm,42,3,full,random_090,0.8895731748028968,0.89,4,3426,1.061376673002087,drlbp+efficientnet_b0+glcm+resnet50,
FMD,svm,42,3,full,random_091,0.911205401359445,0.91,4,2834,1.446920713999134,convnext_v2_t+efficientnet_b0+glcm+mae_base,
FMD,svm,42,3,full,random_092,0.9699906191369607,0.97,4,5604,1.9958573359981528,dinov2_large+hog+mae_base+resnet101,
FMD,svm,42,3,full,random_093,0.8896936661869341,0.89,4,3602,1.374447540998517,glcm+mae_base+resnet50+swin_t,
FMD,svm,42,3,full,random_094,0.9749906191369607,0.975,4,1664,0.7862578729982488,drlbp+gabor+siglip_base+swin_t,
FMD,svm,42,3,full,random_095,0.9747342088805503,0.975,4,5942,1.3103619339999568,dinov2_large+lbp+mae_base+vgg16,
FMD,svm,42,3,full,random_096,0.9949968730456537,0.995,4,1840,0.8696012499967765,eva02_base+gabor+rgb_ngram_svd+siglip_base,
FMD,svm,42,3,full,random_097,0.9745685648124673,0.975,4,1542,0.8344236520024424,dinov2_large+dinov2_small+drlbp+lbp,
FMD,svm,42,3,full,random_098,0.9645732530199795,0.965,4,2066,1.1253734989986697,dinov2+dinov2_large+glcm+rgb_ngram_svd,
FMD,svm,42,3,full,random_099,0.9191933321380736,0.92,4,2882,0.9897395150001103,gabor+glcm+resnet50+vit_b16,
FMD,svm,42,4,full,random_000,0.9603888637558816,0.96,5,2918,1.029843468000763,convnext_v2_t+dinov2+efficientnet_b0+gabor+lbp,
FMD,svm,42,4,full,random_001,0.9652036517184142,0.965,5,5120,1.3968284620023041,beitv2_base_final+eva02_base+mae_base+resnet50+swin_t,
FMD,svm,42,4,full,random_002,0.9462666168643732,0.945,5,4500,1.7382813320000423,deit_s+dinov2_large+efficientnet_b0+gabor+hog,
FMD,svm,42,4,full,random_003,0.9550843807454846,0.955,5,2048,0.7795410360013193,dinov2_small+drlbp+eva02_base+gabor+swin_t,
FMD,svm,42,4,full,random_004,0.9457890896722733,0.945,5,5314,0.829054358000576,convnext_v2_t+dinov2_small+gabor+glcm+vgg16,
FMD,svm,42,4,full,random_005,0.9605766997230412,0.96,5,6838,1.1253723390000232,dinov2_large+dinov2_small+efficientnet_b0+lbp+vgg16,
FMD,svm,42,4,full,random_006,0.9507890896722733,0.95,5,2054,0.9938798980001593,beitv2_base_final+deit_s+drlbp+lbp+siglip_base,
FMD,svm,42,4,full,random_007,0.9751067631555437,0.975,5,2018,0.7507257190009113,dinov2_small+drlbp+eva02_base+glcm+siglip_base,
FMD,svm,42,4,full,random_008,0.960517727886149,0.96,5,4048,0.9001138799976616,deit_s+dinov2+drlbp+eva02_base+resnet50,
FMD,svm,42,4,full,random_009,0.9751067631555437,0.975,5,3428,1.7347529280013987,dinov2+drlbp+gabor+hog+siglip_base,
FMD,svm,42,4,full,random_010,0.9599026398884597,0.96,5,5044,1.539168683000753,dinov2_small+drlbp+hog+resnet101+siglip_base,
FMD,svm,42,4,full,random_011,0.9456203186498439,0.945,5,3986,0.9238064300006954,beitv2_base_final+deit_s+glcm+resnet50+vit_b16,
FMD,svm,42,4,full,random_012,0.9604328128012337,0.96,5,3602,1.187299361001351,convnext_v2_t+dinov2+efficientnet_b0+glcm+swin_t,
FMD,svm,42,4,full,random_013,0.9553826098471889,0.955,5,2944,0.9331081230011478,beitv2_base_final+dinov2_small+rgb_ngram_svd+swin_t+vit_b16,
FMD,svm,42,4,full,random_014,0.9559172948004784,0.955,5,6352,0.9996409559971653,beitv2_base_final+densenet121+dinov2_small+drlbp+vgg16,
FMD,svm,42,4,full,random_015,0.8721214151701957,0.87,5,4964,2.4432787760015344,densenet121+drlbp+gabor+hog+resnet50,
FMD,svm,42,4,full,random_016,0.9460205279083999,0.945,5,3712,1.5368711640003312,convnext_v2_t+deit_s+densenet121+mae_base+siglip_base,
FMD,svm,42,4,full,random_017,0.9059913383597594,0.905,5,5168,1.542491185999097,densenet121+efficientnet_b0+gabor+resnet50+vit_b16,
FMD,svm,42,4,full,random_018,0.9656334251969682,0.965,5,2944,1.1800039199988532,convnext_v2_t+densenet121+dinov2_large+drlbp+gabor,
FMD,svm,42,4,full,random_019,0.9651928684007676,0.965,5,3638,1.1839209489990026,convnext_v2_t+dinov2+efficientnet_b0+lbp+siglip_base,
FMD,svm,42,4,full,random_020,0.9702255874207093,0.97,5,2534,0.9654342520007049,beitv2_base_final+dinov2_small+efficientnet_b0+gabor+lbp,
FMD,svm,42,4,full,random_021,0.9701897414464211,0.97,5,8448,1.6359347690013237,dinov2+mae_base+resnet50+siglip_base+vgg16,
FMD,svm,42,4,full,random_022,0.9651928684007676,0.965,5,3456,1.2506604730006075,convnext_v2_t+dinov2+dinov2_small+mae_base+siglip_base,
FMD,svm,42,4,full,random_023,0.9556420757961194,0.955,5,2406,0.9750388869979361,convnext_v2_t+gabor+lbp+siglip_base+vit_b16,
FMD,svm,42,4,full,random_024,0.8760446058461792,0.875,5,9600,1.696956441999646,deit_s+densenet121+resnet101+resnet50+vgg16,
FMD,svm,42,4,full,random_025,0.9508495847327681,0.95,5,7734,1.336473218001629,beitv2_base_final+dinov2+lbp+resnet50+vgg16,
FMD,svm,42,4,full,random_026,0.960075446590209,0.96,5,2438,1.0639213860013115,convnext_v2_t+drlbp+eva02_base+lbp+mae_base,
FMD,svm,42,4,full,random_027,0.9553702673022313,0.955,5,6454,1.1251397310006723,beitv2_base_final+convnext_v2_t+eva02_base+lbp+vgg16,
FMD,svm,42,4,full,random_028,0.9651915906087922,0.965,5,4096,1.4682082849976723,dinov2+dinov2_large+efficientnet_b0+mae_base+rgb_ngram_svd,
FMD,svm,42,4,full,random_029,0.9553613331469556,0.955,5,4086,1.5547001889972307,beitv2_base_final+convnext_v2_t+glcm+hog+vit_b16,
FMD,svm,42,4,full,random_030,0.9558409412581428,0.955,5,3638,0.9370335700004944,deit_s+dinov2+dinov2_small+lbp+resnet101,
FMD,svm,42,4,full,random_031,0.9799906191369606,0.98,5,3968,1.3848454949984443,dinov2+dinov2_large+drlbp+gabor+resnet101,
FMD,svm,42,4,full,random_032,0.960517727886149,0.96,5,7680,1.4120207539999683,densenet121+dinov2_large+eva02_base+siglip_base+vgg16,
FMD,svm,42,4,full,random_033,0.9600485347711964,0.96,5,3602,1.25828226700105,convnext_v2_t+efficientnet_b0+eva02_base+glcm+vit_b16,
FMD,svm,42,4,full,random_034,0.925623536240548,0.925,5,3504,1.1365962130003027,deit_s+gabor+resnet50+rgb_ngram_svd+siglip_base,
FMD,svm,42,4,full,random_035,0.9363312461355505,0.935,5,7698,1.7199018009996507,beitv2_base_final+glcm+mae_base+resnet101+vgg16,
FMD,svm,42,4,full,random_036,0.9164108424891481,0.915,5,3280,0.8913271640012681,convnext_v2_t+deit_s+drlbp+efficientnet_b0+swin_t,
FMD,svm,42,4,full,random_037,0.9604895382751607,0.96,5,5632,1.4682923360014684,beitv2_base_final+convnext_v2_t+efficientnet_b0+mae_base+resnet101,
FMD,svm,42,4,full,random_038,0.9554135004818649,0.955,5,4324,1.3417183279998426,dinov2+eva02_base+hog+mae_base+rgb_ngram_svd,
FMD,svm,42,4,full,random_039,0.9749686834346655,0.975,5,3408,0.953805695000483,convnext_v2_t+dinov2+dinov2_large+drlbp+siglip_base,
FMD,svm,42,4,full,random_040,0.9457630865782344,0.945,5,4652,1.4103630230019917,beitv2_base_final+glcm+hog+lbp+resnet50,
FMD,svm,42,4,full,random_041,0.9609334233018444,0.96,5,3380,1.0650440159988648,deit_s+dinov2_small+drlbp+hog+siglip_base,
FMD,svm,42,4,full,random_042,0.9699718103890118,0.97,5,3664,0.8517825939998147,dinov2+drlbp+efficientnet_b0+eva02_base+vit_b16,
FMD,svm,42,4,full,random_043,0.8824520550460401,0.88,5,9234,1.546977917998447,densenet121+glcm+resnet101+resnet50+vgg16,
FMD,svm,42,4,full,random_044,0.9257885785742012,0.925,5,6016,1.1274002630016184,beitv2_base_final+deit_s+resnet101+resnet50+swin_t,
FMD,svm,42,4,full,random_045,0.9654895382751608,0.965,5,7652,1.7706629530002829,dinov2_large+hog+resnet101+resnet50+siglip_base,
FMD,svm,42,4,full,random_046,0.9599566223250434,0.96,5,3254,0.9596339829986391,deit_s+efficientnet_b0+eva02_base+lbp+siglip_base,
FMD,svm,42,4,full,random_047,0.9649624295259726,0.965,5,3376,1.0967259940007352,convnext_v2_t+densenet121+eva02_base+gabor+mae_base,
FMD,svm,42,4,full,random_048,0.9654895382751608,0.965,5,2944,1.1812860050013114,deit_s+dinov2+mae_base+rgb_ngram_svd+siglip_base,
FMD,svm,42,4,full,random_049,0.9652036517184142,0.965,5,4304,1.1711363699978392,dinov2_large+dinov2_small+drlbp+resnet101+swin_t,
FMD,svm,42,4,full,random_050,0.8512357863206219,0.85,5,4984,0.9745033219987818,gabor+glcm+lbp+swin_t+vgg16,
FMD,svm,42,4,full,random_051,0.9507127361299377,0.95,5,6272,0.9330703599989647,dinov2+dinov2_small+rgb_ngram_svd+swin_t+vgg16,
FMD,svm,42,4,full,random_052,0.9408313309853746,0.94,5,4598,2.1850256600009743,densenet121+dinov2_large+glcm+hog+mae_base,
FMD,svm,42,4,full,random_053,0.9606365521513146,0.96,5,3584,1.066452085000492,beitv2_base_final+convnext_v2_t+deit_s+dinov2_small+efficientnet_b0,
FMD,svm,42,4,full,random_054,0.9307890896722733,0.93,5,7344,1.3822171570027422,dinov2_small+gabor+resnet50+swin_t+vgg16,
FMD,svm,42,4,full,random_055,0.9559172948004784,0.955,5,2834,0.9176733660024183,beitv2_base_final+dinov2_large+glcm+rgb_ngram_svd+vit_b16,
FMD,svm,42,4,full,random_056,0.9603058854650042,0.96,5,4224,0.9839934619994892,dinov2_large+dinov2_small+efficientnet_b0+eva02_base+swin_t,
FMD,svm,42,4,full,random_057,0.9313416835315034,0.93,5,6528,0.9410203150000598,deit_s+dinov2_large+mae_base+rgb_ngram_svd+vgg16,
FMD,svm,42,4,full,random_058,0.9359425163373214,0.935,5,7344,1.2658796849973442,deit_s+gabor+resnet50+siglip_base+vgg16,
FMD,svm,42,4,full,random_059,0.9504922185217437,0.95,5,6784,1.1263805629969283,convnext_v2_t+deit_s+eva02_base+siglip_base+vgg16,
FMD,svm,42,4,full,random_060,0.9310873436965263,0.93,5,7066,1.4584164200023224,deit_s+hog+lbp+siglip_base+vgg16,
FMD,svm,42,4,full,random_061,0.945907913937439,0.945,5,3712,1.4024484310029948,convnext_v2_t+deit_s+densenet121+dinov2+mae_base,
FMD,svm,42,4,full,random_062,0.9506511490121963,0.95,5,2998,1.1928777510001964,deit_s+dinov2+dinov2_large+lbp+mae_base,
FMD,svm,42,4,full,random_063,0.9551673590363622,0.955,5,7168,1.2349099490020308,dinov2_large+efficientnet_b0+eva02_base+resnet101+resnet50,
FMD,svm,42,4,full,random_064,0.8667794050945528,0.865,5,7908,1.777002774997527,densenet121+hog+rgb_ngram_svd+swin_t+vgg16,
FMD,svm,42,4,full,random_065,0.9457890896722733,0.945,5,4372,1.8716161339980317,convnext_v2_t+densenet121+gabor+hog+vit_b16,
FMD,svm,42,4,full,random_066,0.9358981299811239,0.935,5,4688,1.5909829890006222,convnext_v2_t+densenet121+drlbp+resnet50+vit_b16,
FMD,svm,42,4,full,random_067,0.9556672775135622,0.955,5,2608,1.199258483000449,deit_s+dinov2+dinov2_large+dinov2_small+gabor,
FMD,svm,42,4,full,random_068,0.9506577575897216,0.95,5,5734,1.284911648999696,convnext_v2_t+gabor+lbp+siglip_base+vgg16,
FMD,svm,42,4,full,random_069,0.9649874921826141,0.965,5,2578,1.1909448120022716,beitv2_base_final+dinov2+eva02_base+glcm+rgb_ngram_svd,
FMD,svm,42,4,full,random_070,0.950499307867729,0.95,5,5146,2.3786824960006925,dinov2_large+hog+lbp+resnet101+rgb_ngram_svd,
FMD,svm,42,4,full,random_071,0.950499307867729,0.95,5,2278,0.8814064180005516,densenet121+dinov2_small+gabor+lbp+vit_b16,
FMD,svm,42,4,full,random_072,0.9751067631555437,0.975,5,2998,1.1787920220012893,densenet121+dinov2_small+eva02_base+lbp+siglip_base,
FMD,svm,42,4,full,random_073,0.9304256345719761,0.93,5,3522,1.0156618820001313,densenet121+dinov2_small+gabor+glcm+resnet101,
FMD,svm,42,4,full,random_074,0.9313416835315034,0.93,5,6528,1.0663620449995506,deit_s+dinov2_large+mae_base+rgb_ngram_svd+vgg16,
FMD,svm,42,4,full,random_075,0.9060001943570622,0.905,5,5248,1.3041968600009568,deit_s+efficientnet_b0+mae_base+resnet50+vit_b16,
FMD,svm,42,4,full,random_076,0.941005024670817,0.94,5,4864,0.9605033770021691,deit_s+dinov2_small+efficientnet_b0+resnet101+vit_b16,
FMD,svm,42,4,full,random_077,0.955667138452761,0.955,5,5760,0.9326712939982826,dinov2+drlbp+gabor+vgg16+vit_b16,
FMD,svm,42,4,full,random_078,0.9799906191369606,0.98,5,2480,0.7246184639989224,dinov2_large+dinov2_small+gabor+rgb_ngram_svd+siglip_base,
FMD,svm,42,4,full,random_079,0.8954955796034103,0.895,5,2742,0.9807551930025511,deit_s+lbp+mae_base+swin_t+vit_b16,
FMD,svm,42,4,full,random_080,0.8812405625767237,0.88,5,5174,1.1869047389991465,lbp+resnet101+resnet50+rgb_ngram_svd+swin_t,
FMD,svm,42,4,full,random_081,0.9549026398884596,0.955,5,3408,1.3698920919996453,densenet121+drlbp+mae_base+siglip_base+vit_b16,
FMD,svm,42,4,full,random_082,0.9458898210896314,0.945,5,7424,1.0326459030002297,dinov2_large+efficientnet_b0+eva02_base+rgb_ngram_svd+vgg16,
FMD,svm,42,4,full,random_083,0.9550156569526962,0.955,5,5732,1.465635560998635,deit_s+eva02_base+hog+resnet101+siglip_base,
FMD,svm,42,4,full,random_084,0.9751036362011971,0.975,5,4608,1.1608192080020672,beitv2_base_final+dinov2_large+efficientnet_b0+mae_base+siglip_base,
FMD,svm,42,4,full,random_085,0.9699718103890118,0.97,5,4372,1.5895224070009135,dinov2_large+eva02_base+gabor+hog+mae_base,
FMD,svm,42,4,full,random_086,0.9553577124629756,0.955,5,9444,1.6598743329996068,convnext_v2_t+hog+resnet50+siglip_base+vgg16,
FMD,svm,42,4,full,random_087,0.9699718103890118,0.97,5,6704,0.8576985409999907,dinov2_large+eva02_base+gabor+vgg16+vit_b16,
FMD,svm,42,4,full,random_088,0.8629584514757814,0.86,5,7988,1.5677873890017509,drlbp+efficientnet_b0+hog+swin_t+vgg16,
FMD,svm,42,4,full,random_089,0.9655177278861489,0.965,5,6064,0.9746937390009407,dinov2_small+gabor+mae_base+siglip_base+vgg16,
FMD,svm,42,4,full,random_090,0.9749937460913071,0.975,5,2438,1.0028693780004687,drlbp+eva02_base+lbp+mae_base+siglip_base,
FMD,svm,42,4,full,random_091,0.9703027585106577,0.97,5,4836,1.150317191000795,beitv2_base_final+convnext_v2_t+dinov2+hog+swin_t,
FMD,svm,42,4,full,random_092,0.9352656191488027,0.935,5,3994,1.2920478230007575,deit_s+densenet121+eva02_base+hog+lbp,
FMD,svm,42,4,full,random_093,0.9453733942565778,0.945,5,4048,0.9189776410021295,deit_s+dinov2+drlbp+resnet101+swin_t,
FMD,svm,42,4,full,random_094,0.939991939887005,0.94,5,2274,0.8164490189992648,deit_s+densenet121+drlbp+eva02_base+glcm,
FMD,svm,42,4,full,random_095,0.9601005092468509,0.96,5,4116,1.2705992279989005,eva02_base+gabor+hog+siglip_base+swin_t,
FMD,svm,42,4,full,random_096,0.9602099056271071,0.96,5,4736,1.0230348440018133,dinov2+dinov2_small+eva02_base+mae_base+resnet50,
FMD,svm,42,4,full,random_097,0.9356266631948944,0.935,5,6912,1.470095188000414,densenet121+mae_base+rgb_ngram_svd+siglip_base+vgg16,
FMD,svm,42,4,full,random_098,0.9257885785742012,0.925,5,4022,0.9891601630006335,beitv2_base_final+deit_s+lbp+resnet101+swin_t,
FMD,svm,42,4,full,random_099,0.9461477925992077,0.945,5,7680,0.9689996390006854,beitv2_base_final+convnext_v2_t+efficientnet_b0+vgg16+vit_b16,
FMD,svm,123,0,full,random_000,0.9550536894439332,0.955,3,1170,0.42239452700232505,deit_s+eva02_base+glcm,
FMD,svm,123,0,full,random_001,0.9851067631555436,0.985,3,1462,0.48729455600187066,dinov2_large+dinov2_small+lbp,
FMD,svm,123,0,full,random_002,0.9803309481216458,0.98,3,4836,1.1957678149992716,dinov2_large+hog+resnet50,
FMD,svm,123,0,full,random_003,0.9803309481216458,0.98,3,4352,0.8816486329997133,dinov2_large+efficientnet_b0+resnet50,
FMD,svm,123,0,full,random_004,0.8592801149839093,0.86,3,1920,0.5735645270033274,deit_s+efficientnet_b0+rgb_ngram_svd,
FMD,svm,123,0,full,random_005,0.9803309481216458,0.98,3,3126,0.7415543399984017,dinov2_large+lbp+resnet101,
FMD,svm,123,0,full,random_006,0.9303853677345332,0.93,3,4096,1.0187919990021328,convnext_v2_t+efficientnet_b0+resnet101,
FMD,svm,123,0,full,random_007,0.9650785735445556,0.965,3,1590,0.506023082001775,beitv2_base_final+lbp+swin_t,
FMD,svm,123,0,full,random_008,0.6847895929344997,0.69,3,870,1.0608299420018739,gabor+lbp+mae_base,
FMD,svm,123,0,full,random_009,0.868697488222292,0.87,3,5504,0.6098280100013653,deit_s+densenet121+vgg16,
FMD,svm,123,0,full,random_010,0.9649776175899412,0.965,3,3200,0.6267255909988307,deit_s+eva02_base+resnet101,
FMD,svm,123,0,full,random_011,0.9751928684007677,0.975,3,1426,0.43264489699868136,deit_s+dinov2_large+glcm,
FMD,svm,123,0,full,random_012,0.9749686834346655,0.975,3,1616,0.42035999600193463,beitv2_base_final+dinov2+drlbp,
FMD,svm,123,0,full,random_013,0.9751928684007677,0.975,3,3840,1.0338573150002048,dinov2_large+mae_base+resnet50,
FMD,svm,123,0,full,random_014,0.9552183930746189,0.955,3,1590,0.6612871649995213,eva02_base+lbp+mae_base,
FMD,svm,123,0,full,random_015,0.9703895227579438,0.97,3,3840,1.213177572000859,dinov2_large+mae_base+resnet101,
FMD,svm,123,0,full,random_016,0.9698462855073895,0.97,3,1090,0.5775454939976044,dinov2_large+gabor+glcm,
FMD,svm,123,0,full,random_017,0.9701928684007676,0.97,3,896,0.41299046999847633,dinov2+drlbp+gabor,
FMD,svm,123,0,full,random_018,0.9751928684007677,0.975,3,3090,0.7127347339992411,dinov2_large+glcm+resnet50,
FMD,svm,123,0,full,random_019,0.9250396159253669,0.925,3,3300,1.298443125000631,beitv2_base_final+hog+mae_base,
FMD,svm,123,0,full,random_020,0.9246286447826885,0.925,3,1840,0.6713083379981981,densenet121+gabor+vit_b16,
FMD,svm,123,0,full,random_021,0.9605385786557236,0.96,3,3712,0.7906219169999531,dinov2_small+efficientnet_b0+resnet101,
FMD,svm,123,0,full,random_022,0.9751928684007677,0.975,3,2560,0.7825703800008341,dinov2_large+mae_base+vit_b16,
FMD,svm,123,0,full,random_023,0.9801067631555437,0.98,3,3200,0.5981351270020241,dinov2_small+eva02_base+resnet50,
FMD,svm,123,0,full,random_024,0.8846464535154567,0.885,3,5632,0.816135380002379,mae_base+vgg16+vit_b16,
FMD,svm,123,0,full,random_025,0.9751928684007677,0.975,3,4096,1.0439372539985925,efficientnet_b0+resnet50+siglip_base,
FMD,svm,123,0,full,random_026,0.9452121391659262,0.945,3,3300,1.0624969380005496,beitv2_base_final+hog+vit_b16,
FMD,svm,123,0,full,random_027,0.9255896447167308,0.925,3,6144,0.8762215650021972,convnext_v2_t+efficientnet_b0+vgg16,
FMD,svm,123,0,full,random_028,0.9702067786727607,0.97,3,1488,0.43568534899895894,deit_s+dinov2_large+drlbp,
FMD,svm,123,0,full,random_029,0.9700964418551067,0.97,3,2304,0.6222424459992908,convnext_v2_t+eva02_base+mae_base,
FMD,svm,123,0,full,random_030,0.974987492182614,0.975,3,3584,0.7376368969999021,beitv2_base_final+resnet101+siglip_base,
FMD,svm,123,0,full,random_031,0.9646726477214281,0.965,3,2896,0.8653262609986996,drlbp+resnet101+siglip_base,
FMD,svm,123,0,full,random_032,0.9249970223127522,0.925,3,1206,0.43395696099833003,convnext_v2_t+deit_s+lbp,
FMD,svm,123,0,full,random_033,0.9751928684007675,0.975,3,2304,0.5621426469988364,beitv2_base_final+siglip_base+vit_b16,
FMD,svm,123,0,full,random_034,0.9246286447826885,0.925,3,1810,0.7014456139986578,densenet121+glcm+vit_b16,
FMD,svm,123,0,full,random_035,0.9849718103890119,0.985,3,2176,0.579754532998777,densenet121+dinov2_small+siglip_base,
FMD,svm,123,0,full,random_036,0.9155073091122589,0.915,3,6912,0.9299658250020002,mae_base+resnet101+vgg16,
FMD,svm,123,0,full,random_037,0.9701897414464211,0.97,3,4498,0.4790855079991161,dinov2_small+glcm+vgg16,
FMD,svm,123,0,full,random_038,0.9010378153158103,0.9,3,2870,0.7353849720020662,lbp+resnet101+vit_b16,
FMD,svm,123,0,full,random_039,0.9651125703564727,0.965,3,2816,0.7711481240003195,efficientnet_b0+eva02_base+mae_base,
FMD,svm,123,0,full,random_040,0.970195995355114,0.97,3,3840,0.821891992000019,dinov2_large+resnet50+swin_t,
FMD,svm,123,0,full,random_041,0.9698462855073895,0.97,3,1122,0.5199187450016325,dinov2_large+drlbp+glcm,
FMD,svm,123,0,full,random_042,0.9751928684007677,0.975,3,1872,0.48663406500054407,convnext_v2_t+dinov2_large+drlbp,
FMD,svm,123,0,full,random_043,0.959947241462004,0.96,3,1792,0.48869408600148745,rgb_ngram_svd+siglip_base+swin_t,
FMD,svm,123,0,full,random_044,0.9650677902269089,0.965,3,3556,1.0767051600014383,dinov2_large+hog+swin_t,
FMD,svm,123,0,full,random_045,0.974912020751499,0.975,3,4196,1.3828747280022071,dinov2_small+hog+resnet101,
FMD,svm,123,0,full,random_046,0.9599718103890119,0.96,3,2304,0.7105476390024705,dinov2+eva02_base+mae_base,
FMD,svm,123,0,full,random_047,0.9603215672586064,0.96,3,6144,0.7421498990006512,dinov2+efficientnet_b0+vgg16,
FMD,svm,123,0,full,random_048,0.9803309481216458,0.98,3,3840,0.9652666090005368,densenet121+dinov2+resnet50,
FMD,svm,123,0,full,random_049,0.9197433546342404,0.92,3,1846,0.8546437320001132,densenet121+lbp+vit_b16,
FMD,svm,123,0,full,random_050,0.3451627046414983,0.375,3,120,0.1329778190010984,gabor+glcm+lbp,
FMD,svm,123,0,full,random_051,0.9553958675909895,0.955,3,2870,0.7643769250025798,beitv2_base_final+lbp+resnet50,
FMD,svm,123,0,full,random_052,0.9598655409631018,0.96,3,1792,0.434085975997732,eva02_base+rgb_ngram_svd+vit_b16,
FMD,svm,123,0,full,random_053,0.9749816849816849,0.975,3,786,0.4225828740018187,deit_s+dinov2_small+glcm,
FMD,svm,123,0,full,random_054,0.9749718103890119,0.975,3,2816,0.6755394030005846,deit_s+dinov2_small+resnet101,
FMD,svm,123,0,full,random_055,0.9595565037028452,0.96,3,1200,0.6299292410003545,dinov2_small+gabor+mae_base,
FMD,svm,123,0,full,random_056,0.9799785580273385,0.98,3,2304,0.5917253059997165,beitv2_base_final+dinov2+siglip_base,
FMD,svm,123,0,full,random_057,0.9803309481216458,0.98,3,4096,1.1281515340015176,densenet121+dinov2_large+resnet50,
FMD,svm,123,0,full,random_058,0.9799686834346655,0.98,3,3840,1.0440731090020563,dinov2+dinov2_large+resnet101,
FMD,svm,123,0,full,random_059,0.9701928684007676,0.97,3,2870,0.7744005139975343,dinov2+lbp+resnet50,
FMD,svm,123,0,full,random_060,0.9505636981760215,0.95,3,2580,1.1721057389986527,eva02_base+gabor+hog,
FMD,svm,123,0,full,random_061,0.9646726477214281,0.965,3,4580,1.6255536919998121,hog+resnet101+siglip_base,
FMD,svm,123,0,full,random_062,0.9652306263281873,0.965,3,3428,0.9293337250019249,dinov2_small+efficientnet_b0+hog,
FMD,svm,123,0,full,random_063,0.9700964418551067,0.97,3,1616,0.5283587039994018,convnext_v2_t+drlbp+eva02_base,
FMD,svm,123,0,full,random_064,0.9602215200289654,0.96,3,1920,0.7377987340005348,deit_s+eva02_base+mae_base,
FMD,svm,123,0,full,random_065,0.9751928684007677,0.975,3,4096,1.2620823420002125,efficientnet_b0+resnet50+siglip_base,
FMD,svm,123,0,full,random_066,0.9653287298922727,0.965,3,1590,0.5308923760021571,convnext_v2_t+dinov2+lbp,
FMD,svm,123,0,full,random_067,0.9699525549332995,0.97,3,3556,1.2701387790002627,beitv2_base_final+dinov2_large+hog,
FMD,svm,123,0,full,random_068,0.9700547886798894,0.97,3,5888,0.8021328229988285,convnext_v2_t+dinov2_large+vgg16,
FMD,svm,123,0,full,random_069,0.9053817650145678,0.905,3,2176,0.9678986639992218,drlbp+gabor+resnet101,
FMD,svm,123,0,full,random_070,0.868255194417985,0.87,3,518,0.30903979100185097,deit_s+drlbp+lbp,
FMD,svm,123,0,full,random_071,0.9849718103890119,0.985,3,1920,0.6616482530007488,dinov2+dinov2_small+siglip_base,
FMD,svm,123,0,full,random_072,0.9749686834346655,0.975,3,3584,0.9995215980015928,eva02_base+resnet50+siglip_base,
FMD,svm,123,0,full,random_073,0.9695773204117234,0.97,3,1536,0.5798356150007749,convnext_v2_t+deit_s+dinov2_small,
FMD,svm,123,0,full,random_074,0.8700858790332473,0.87,3,2352,1.1100956109985418,densenet121+efficientnet_b0+gabor,
FMD,svm,123,0,full,random_075,0.9700875076998312,0.97,3,1104,0.5058880879987555,dinov2+drlbp+rgb_ngram_svd,
FMD,svm,123,0,full,random_076,0.9749718103890119,0.975,3,1200,0.4357385590010381,dinov2+dinov2_small+gabor,
FMD,svm,123,0,full,random_077,0.97010989010989,0.97,3,2304,0.5624321130017051,dinov2+eva02_base+swin_t,
FMD,svm,123,0,full,random_078,0.9749785580273386,0.975,3,2048,0.5785688169999048,dinov2_large+eva02_base+rgb_ngram_svd,
FMD,svm,123,0,full,random_079,0.9451474510524575,0.945,3,6628,0.9570892939991609,beitv2_base_final+hog+vgg16,
FMD,svm,123,0,full,random_080,0.8811951709833611,0.88,3,1590,0.857387721996929,lbp+mae_base+vit_b16,
FMD,svm,123,0,full,random_081,0.9055218258340927,0.905,3,4196,1.6388216620034655,deit_s+hog+resnet101,
FMD,svm,123,0,full,random_082,0.9003153286593595,0.9,3,1590,0.8788976979994914,lbp+mae_base+swin_t,
FMD,svm,123,0,full,random_083,0.9603215672586064,0.96,3,6144,1.0016445049986942,dinov2+efficientnet_b0+vgg16,
FMD,svm,123,0,full,random_084,0.9702313946216385,0.97,3,3840,1.188536262998241,densenet121+eva02_base+resnet50,
FMD,svm,123,0,full,random_085,0.8704004577688789,0.87,3,1712,0.8121759360001306,deit_s+efficientnet_b0+gabor,
FMD,svm,123,0,full,random_086,0.9752287143750558,0.975,3,3584,0.8954884670019965,dinov2+eva02_base+resnet50,
FMD,svm,123,0,full,random_087,0.8647930125786351,0.865,3,2176,1.28046366000126,deit_s+densenet121+mae_base,
FMD,svm,123,0,full,random_088,0.87639788944667,0.875,3,3860,2.1269597440004873,gabor+hog+resnet101,
FMD,svm,123,0,full,random_089,0.970067790226909,0.97,3,2816,0.8239996390002489,densenet121+dinov2_large+swin_t,
FMD,svm,123,0,full,random_090,0.8757630181827872,0.875,3,870,0.44533742099883966,gabor+lbp+vit_b16,
FMD,svm,123,0,full,random_091,0.9703796481652706,0.97,3,1872,0.62371277100101,dinov2_large+drlbp+vit_b16,
FMD,svm,123,0,full,random_092,0.9799776175899411,0.98,3,2304,0.7379105260006327,beitv2_base_final+siglip_base+swin_t,
FMD,svm,123,0,full,random_093,0.9246286447826885,0.925,3,1810,0.8957082529996114,densenet121+glcm+vit_b16,
FMD,svm,123,0,full,random_094,0.9749718103890117,0.975,3,1170,0.3734102589987742,dinov2_small+eva02_base+glcm,
FMD,svm,123,0,full,random_095,0.8584295368428277,0.86,3,5120,0.7531647730029363,rgb_ngram_svd+swin_t+vgg16,
FMD,svm,123,0,full,random_096,0.9248039798039798,0.925,3,1408,0.5073055770008068,beitv2_base_final+deit_s+rgb_ngram_svd,
FMD,svm,123,0,full,random_097,0.9107960579013211,0.91,3,1920,0.8132855999974709,deit_s+mae_base+vit_b16,
FMD,svm,123,0,full,random_098,0.9751928684007677,0.975,3,3840,1.1863771589996759,densenet121+resnet50+siglip_base,
FMD,svm,123,0,full,random_099,0.8549877116180069,0.855,3,2128,1.2200880740019784,drlbp+efficientnet_b0+mae_base,
FMD,svm,123,1,full,random_000,0.9546936429863259,0.955,3,2560,0.668163171998458,dinov2+dinov2_large+vit_b16,
FMD,svm,123,1,full,random_001,0.9343731971446392,0.935,3,486,0.2756354269986332,dinov2_small+gabor+lbp,
FMD,svm,123,1,full,random_002,0.9351372807136011,0.935,3,3456,0.851610180001444,densenet121+dinov2_small+resnet101,
FMD,svm,123,1,full,random_003,0.9597916307851525,0.96,3,1920,0.5702370899998641,convnext_v2_t+deit_s+siglip_base,
FMD,svm,123,1,full,random_004,0.29299161622894343,0.31,3,1866,2.717136808001669,gabor+hog+lbp,
FMD,svm,123,1,full,random_005,0.8778669986922963,0.88,3,3200,0.7734578319978027,deit_s+resnet101+vit_b16,
FMD,svm,123,1,full,random_006,0.8449884859545426,0.845,3,1078,0.4980681410015677,lbp+rgb_ngram_svd+vit_b16,
FMD,svm,123,1,full,random_007,0.8705870114920179,0.87,3,3300,1.4278748569995514,hog+mae_base+swin_t,
FMD,svm,123,1,full,random_008,0.9493263023609024,0.95,3,6912,0.6875081799989857,eva02_base+resnet50+vgg16,
FMD,svm,123,1,full,random_009,0.8390545572207143,0.84,3,4114,1.340004093999596,glcm+resnet101+resnet50,
FMD,svm,123,1,full,random_010,0.9145817245817245,0.915,3,1920,0.615945923000254,dinov2_small+efficientnet_b0+rgb_ngram_svd,
FMD,svm,123,1,full,random_011,0.8845523530696828,0.885,3,1078,0.3932237180015363,convnext_v2_t+lbp+rgb_ngram_svd,
FMD,svm,123,1,full,random_012,0.8739948321642205,0.875,3,5888,0.8235883670022304,densenet121+vgg16+vit_b16,
FMD,svm,123,1,full,random_013,0.9500732600732601,0.95,3,3584,0.8134885859981296,convnext_v2_t+dinov2+resnet50,
FMD,svm,123,1,full,random_014,0.8852799253290342,0.885,3,2096,0.734446973001468,efficientnet_b0+gabor+swin_t,
FMD,svm,123,1,full,random_015,0.739661918907681,0.745,3,834,1.401771324002766,gabor+glcm+mae_base,
FMD,svm,123,1,full,random_016,0.9699785580273386,0.97,3,2816,0.9543298989992763,densenet121+dinov2+dinov2_large,
FMD,svm,123,1,full,random_017,0.9698869580948573,0.97,3,2870,0.9226071090015466,lbp+resnet101+siglip_base,
FMD,svm,123,1,full,random_018,0.9247613497613498,0.925,3,3200,0.7868912180019834,dinov2_small+mae_base+resnet101,
FMD,svm,123,1,full,random_019,0.8116382973101615,0.81,3,4198,0.5507769249998091,gabor+lbp+vgg16,
FMD,svm,123,1,full,random_020,0.8339389879475559,0.835,3,866,0.39016243800142547,drlbp+glcm+vit_b16,
FMD,svm,123,1,full,random_021,0.9649534953706969,0.965,3,2304,0.6491977379992022,beitv2_base_final+eva02_base+mae_base,
FMD,svm,123,1,full,random_022,0.9549624295259725,0.955,3,3840,0.7873438679998799,convnext_v2_t+dinov2_large+resnet101,
FMD,svm,123,1,full,random_023,0.9650973822925042,0.965,3,3840,0.9695504669980437,dinov2+dinov2_large+resnet101,
FMD,svm,123,1,full,random_024,0.9899937460913071,0.99,3,2304,0.7498793309969187,dinov2+mae_base+siglip_base,
FMD,svm,123,1,full,random_025,0.9701067631555436,0.97,3,6884,1.0050306119992456,dinov2_large+hog+vgg16,
FMD,svm,123,1,full,random_026,0.9394104871819294,0.94,3,1488,0.44168800999977975,densenet121+dinov2_small+drlbp,
FMD,svm,123,1,full,random_027,0.821268319603693,0.82,3,6628,1.934115596999618,hog+mae_base+vgg16,
FMD,svm,123,1,full,random_028,0.9599718103890119,0.96,3,2352,0.8757737880005152,dinov2_large+efficientnet_b0+gabor,
FMD,svm,123,1,full,random_029,0.8999980671931892,0.9,3,1616,0.43938169100147206,convnext_v2_t+drlbp+vit_b16,
FMD,svm,123,1,full,random_030,0.8741163103152237,0.875,3,2176,0.7380344740013243,deit_s+densenet121+vit_b16,
FMD,svm,123,1,full,random_031,0.9493263023609024,0.95,3,6912,0.9088666210009251,eva02_base+resnet50+vgg16,
FMD,svm,123,1,full,random_032,0.9243750463070104,0.925,3,1554,0.5105210340007034,convnext_v2_t+glcm+swin_t,
FMD,svm,123,1,full,random_033,0.8799058445377519,0.88,3,2870,0.9137758789984218,lbp+resnet101+vit_b16,
FMD,svm,123,1,full,random_034,0.9041016899219126,0.905,3,2688,0.740501320000476,densenet121+dinov2_small+efficientnet_b0,
FMD,svm,123,1,full,random_035,0.9649906191369606,0.965,3,840,0.42470118799974443,dinov2+glcm+lbp,
FMD,svm,123,1,full,random_036,0.9391832673004121,0.94,3,1584,0.4762365389979095,dinov2+gabor+vit_b16,
FMD,svm,123,1,full,random_037,0.8333245103537965,0.835,3,6528,0.8969769279974571,deit_s+resnet50+vgg16,
FMD,svm,123,1,full,random_038,0.95996336996337,0.96,3,1872,0.5453482029988663,beitv2_base_final+dinov2_large+drlbp,
FMD,svm,123,1,full,random_039,0.9701125703564728,0.97,3,2066,0.9292245160031598,densenet121+dinov2_large+glcm,
FMD,svm,123,1,full,random_040,0.9496413311560936,0.95,3,1170,0.44750680700235534,dinov2+dinov2_small+glcm,
FMD,svm,123,1,full,random_041,0.9547368172643571,0.955,3,2560,0.8596313089983596,densenet121+eva02_base+vit_b16,
FMD,svm,123,1,full,random_042,0.9154785293585783,0.915,3,1664,0.7407590229995549,densenet121+dinov2_small+rgb_ngram_svd,
FMD,svm,123,1,full,random_043,0.9799906191369606,0.98,3,2806,1.578848105000361,dinov2_large+glcm+hog,
FMD,svm,123,1,full,random_044,0.8167458845500162,0.815,3,5908,1.8591445650017704,gabor+hog+vgg16,
FMD,svm,123,1,full,random_045,0.9243778853521517,0.925,3,2560,0.5769297990009363,beitv2_base_final+convnext_v2_t+densenet121,
FMD,svm,123,1,full,random_046,0.9549441145076575,0.955,3,2688,0.644013189998077,deit_s+dinov2_large+efficientnet_b0,
FMD,svm,123,1,full,random_047,0.8609073988839342,0.86,3,834,0.4044973279997066,gabor+glcm+swin_t,
FMD,svm,123,1,full,random_048,0.9551635795538236,0.955,3,3840,0.827037602000928,densenet121+eva02_base+resnet50,
FMD,svm,123,1,full,random_049,0.9295318797593627,0.93,3,2432,0.51829971099869,beitv2_base_final+dinov2_small+efficientnet_b0,
FMD,svm,123,1,full,random_050,0.9555120116095726,0.955,3,2834,0.6648031400000036,eva02_base+glcm+resnet50,
FMD,svm,123,1,full,random_051,0.2779410623285015,0.3,3,1862,2.2168059089999588,drlbp+glcm+hog,
FMD,svm,123,1,full,random_052,0.9598066600505625,0.96,3,2176,0.6177949579978304,densenet121+dinov2+dinov2_small,
FMD,svm,123,1,full,random_053,0.9243778853521517,0.925,3,2560,0.5992925600003218,beitv2_base_final+convnext_v2_t+densenet121,
FMD,svm,123,1,full,random_054,0.9600875076998312,0.96,3,1232,0.4119985569996061,deit_s+drlbp+eva02_base,
FMD,svm,123,1,full,random_055,0.9444644373051394,0.945,3,2202,0.8954144900017127,dinov2_small+hog+lbp,
FMD,svm,123,1,full,random_056,0.7811815010179043,0.785,3,486,0.31174111400105176,deit_s+gabor+lbp,
FMD,svm,123,1,full,random_057,0.9602345215759849,0.96,3,1664,0.5377556149978773,deit_s+dinov2_large+rgb_ngram_svd,
FMD,svm,123,1,full,random_058,0.9550416283343113,0.955,3,2432,0.6889810659995419,deit_s+efficientnet_b0+eva02_base,
FMD,svm,123,1,full,random_059,0.9550552824095231,0.955,3,2176,0.5498557420032739,beitv2_base_final+dinov2_large+dinov2_small,
FMD,svm,123,1,full,random_060,0.9699088937971524,0.97,3,5632,0.6266256210001302,convnext_v2_t+siglip_base+vgg16,
FMD,svm,123,1,full,random_061,0.964693642986326,0.965,3,3300,1.1378725249996933,eva02_base+hog+mae_base,
FMD,svm,123,1,full,random_062,0.9347554939018352,0.935,3,5248,0.5687388119986281,deit_s+dinov2+vgg16,
FMD,svm,123,1,full,random_063,0.8303449988649376,0.83,3,2384,0.8382910910004284,densenet121+drlbp+efficientnet_b0,
FMD,svm,123,1,full,random_064,0.9193610832351615,0.92,3,896,0.38667785999859916,convnext_v2_t+drlbp+gabor,
FMD,svm,123,1,full,random_065,0.9597856647856646,0.96,3,5632,0.5453350550014875,eva02_base+vgg16+vit_b16,
FMD,svm,123,1,full,random_066,0.8997554703317906,0.9,3,3584,0.8169653690019913,convnext_v2_t+resnet50+vit_b16,
FMD,svm,123,1,full,random_067,0.9647977258952867,0.965,3,2816,0.7420602159982082,convnext_v2_t+efficientnet_b0+eva02_base,
FMD,svm,123,1,full,random_068,0.9398261172629028,0.94,3,1232,0.3734603410011914,dinov2_small+drlbp+swin_t,
FMD,svm,123,1,full,random_069,0.9849906191369605,0.985,3,2560,0.5682803829986369,dinov2_large+eva02_base+vit_b16,
FMD,svm,123,1,full,random_070,0.9651125703564727,0.965,3,2816,0.9846888200008834,densenet121+dinov2_large+mae_base,
FMD,svm,123,1,full,random_071,0.9600436362952409,0.96,3,3840,0.8871061479985656,densenet121+resnet101+siglip_base,
FMD,svm,123,1,full,random_072,0.8708712723645405,0.87,3,6628,0.9347915159996774,hog+swin_t+vgg16,
FMD,svm,123,1,full,random_073,0.8454421872522001,0.845,3,5248,0.6111093039980915,deit_s+mae_base+vgg16,
FMD,svm,123,1,full,random_074,0.5433718403302334,0.545,3,1072,0.862061537001864,gabor+mae_base+rgb_ngram_svd,
FMD,svm,123,1,full,random_075,0.8998891446118064,0.9,3,4864,0.7787133349993383,resnet101+resnet50+vit_b16,
FMD,svm,123,1,full,random_076,0.8167458845500162,0.815,3,5908,1.0213541729972349,gabor+hog+vgg16,
FMD,svm,123,1,full,random_077,0.9749906191369606,0.975,3,5200,0.552132183998765,dinov2_large+drlbp+vgg16,
FMD,svm,123,1,full,random_078,0.9096536780912994,0.91,3,2550,0.8789136429986684,convnext_v2_t+glcm+hog,
FMD,svm,123,1,full,random_079,0.8497510228223364,0.85,3,1414,0.6500832090023323,drlbp+efficientnet_b0+lbp,
FMD,svm,123,1,full,random_080,0.9799686834346655,0.98,3,1408,0.3981109220003418,dinov2_small+eva02_base+rgb_ngram_svd,
FMD,svm,123,1,full,random_081,0.8382964854917567,0.84,3,1584,0.8759454740029469,gabor+mae_base+vit_b16,
FMD,svm,123,1,full,random_082,0.9353219005493836,0.935,3,4480,0.753577341001801,dinov2_small+resnet101+resnet50,
FMD,svm,123,1,full,random_083,0.8368484983403777,0.835,3,6144,1.0284939820012369,efficientnet_b0+mae_base+vgg16,
FMD,svm,123,1,full,random_084,0.8998622057016838,0.9,3,3584,0.77096951799831,convnext_v2_t+resnet101+vit_b16,
FMD,svm,123,1,full,random_085,0.8445801633849234,0.845,3,3830,1.7539728240008117,glcm+hog+resnet101,
FMD,svm,123,1,full,random_086,0.9849906191369605,0.985,3,3840,0.8662174220007728,dinov2_large+eva02_base+resnet101,
FMD,svm,123,1,full,random_087,0.9651125703564727,0.965,3,2816,1.2010670999989088,densenet121+dinov2_large+mae_base,
FMD,svm,123,1,full,random_088,0.8898107219812863,0.89,3,2870,0.6102446359982423,lbp+resnet50+vit_b16,
FMD,svm,123,1,full,random_089,0.9352416910811693,0.935,3,3200,0.7740409850011929,dinov2_small+resnet101+swin_t,
FMD,svm,123,1,full,random_090,0.9899937460913071,0.99,3,2550,1.2293445930008602,glcm+hog+siglip_base,
FMD,svm,123,1,full,random_091,0.8042216210508893,0.805,3,1334,0.8936701940001512,densenet121+lbp+rgb_ngram_svd,
FMD,svm,123,1,full,random_092,0.8906803881773282,0.89,3,6144,0.7295801930013113,efficientnet_b0+swin_t+vgg16,
FMD,svm,123,1,full,random_093,0.8493510236533492,0.85,3,1408,0.6887442849983927,deit_s+rgb_ngram_svd+swin_t,
FMD,svm,123,1,full,random_094,0.964975431072992,0.965,3,3072,0.7659099970005627,dinov2+dinov2_large+efficientnet_b0,
FMD,svm,123,1,full,random_095,0.9499076160051768,0.95,3,5248,0.48061404899999616,dinov2+dinov2_small+vgg16,
FMD,svm,123,1,full,random_096,0.844949867002439,0.845,3,6244,1.1578721609985223,deit_s+hog+vgg16,
FMD,svm,123,1,full,random_097,0.9701125703564728,0.97,3,2096,0.9188706130007631,densenet121+dinov2_large+gabor,
FMD,svm,123,1,full,random_098,0.8950835248203669,0.895,3,3584,1.0611362990021007,mae_base+resnet101+swin_t,
FMD,svm,123,1,full,random_099,0.9446701732952741,0.945,3,1792,0.7054521490026673,beitv2_base_final+convnext_v2_t+rgb_ngram_svd,
FMD,svm,123,2,full,random_000,0.880048898370539,0.88,3,2128,0.7173390200005088,drlbp+efficientnet_b0+swin_t,
FMD,svm,123,2,full,random_001,0.9849718103890119,0.985,3,2560,0.6459146030028933,dinov2_large+eva02_base+vit_b16,
FMD,svm,123,2,full,random_002,0.8593826921630126,0.86,3,5430,0.8914679250010522,efficientnet_b0+lbp+vgg16,
FMD,svm,123,2,full,random_003,0.4720541945139766,0.475,3,1072,1.1255381509981817,gabor+mae_base+rgb_ngram_svd,
FMD,svm,123,2,full,random_004,0.8550122100122101,0.855,3,866,0.4066604340005142,drlbp+glcm+swin_t,
FMD,svm,123,2,full,random_005,0.9452430026114236,0.945,3,1920,0.6742909210006474,beitv2_base_final+deit_s+mae_base,
FMD,svm,123,2,full,random_006,0.9696659000831017,0.97,3,6144,0.8740127159981057,densenet121+dinov2_large+vgg16,
FMD,svm,123,2,full,random_007,0.8445468894249382,0.845,3,2322,0.6215014529989276,glcm+resnet50+rgb_ngram_svd,
FMD,svm,123,2,full,random_008,0.9849718103890119,0.985,3,1872,0.6942485689978639,densenet121+drlbp+siglip_base,
FMD,svm,123,2,full,random_009,0.9197429396389005,0.92,3,2834,0.6799760200010496,glcm+resnet50+vit_b16,
FMD,svm,123,2,full,random_010,0.9698373513521139,0.97,3,4096,0.8796742929989705,dinov2+efficientnet_b0+resnet101,
FMD,svm,123,2,full,random_011,0.38327028872375896,0.395,3,354,0.2430376679985784,drlbp+glcm+rgb_ngram_svd,
FMD,svm,123,2,full,random_012,0.9499869736120743,0.95,3,1170,0.45743259000300895,dinov2_small+glcm+mae_base,
FMD,svm,123,2,full,random_013,0.8752560088760346,0.875,3,4580,1.855812176996551,hog+mae_base+resnet101,
FMD,svm,123,2,full,random_014,0.984981684981685,0.985,3,1616,0.5612600479980756,drlbp+siglip_base+swin_t,
FMD,svm,123,2,full,random_015,0.9551798668537481,0.955,3,5632,0.700354956999945,beitv2_base_final+convnext_v2_t+vgg16,
FMD,svm,123,2,full,random_016,0.9599302042356644,0.96,3,6628,0.8315048349977587,dinov2+hog+vgg16,
FMD,svm,123,2,full,random_017,0.9047405725069397,0.905,3,4580,1.0019113880007353,hog+resnet50+swin_t,
FMD,svm,123,2,full,random_018,0.8107409733914303,0.81,3,1170,0.6037192580006376,deit_s+glcm+mae_base,
FMD,svm,123,2,full,random_019,0.9647775617146008,0.965,3,1810,0.5138968210012536,convnext_v2_t+dinov2_large+glcm,
FMD,svm,123,2,full,random_020,0.29613531337248483,0.31,3,1892,1.9066549279996252,drlbp+gabor+hog,
FMD,svm,123,2,full,random_021,0.9799686834346655,0.98,3,3584,0.6475354510002944,convnext_v2_t+resnet50+siglip_base,
FMD,svm,123,2,full,random_022,0.9546524835407422,0.955,3,2176,0.6809259880028549,deit_s+dinov2_large+mae_base,
FMD,svm,123,2,full,random_023,0.9550286267872916,0.955,3,2128,0.5199081659993681,beitv2_base_final+drlbp+efficientnet_b0,
FMD,svm,123,2,full,random_024,0.9750579156342359,0.975,3,3584,0.6745870740014652,beitv2_base_final+dinov2+resnet101,
FMD,svm,123,2,full,random_025,0.9598708295934912,0.96,3,2432,0.6337094319969765,deit_s+dinov2+efficientnet_b0,
FMD,svm,123,2,full,random_026,0.9548937057331839,0.955,3,3584,1.1530289549991721,dinov2+mae_base+resnet50,
FMD,svm,123,2,full,random_027,0.979971810389012,0.98,3,3584,1.0149091339990264,resnet50+siglip_base+vit_b16,
FMD,svm,123,2,full,random_028,0.9550745061528116,0.955,3,1810,0.5897946299992327,beitv2_base_final+densenet121+glcm,
FMD,svm,123,2,full,random_029,0.9748306037137873,0.975,3,1616,0.5961679899992305,dinov2+drlbp+swin_t,
FMD,svm,123,2,full,random_030,0.9598113482580748,0.96,3,2834,0.8224460169985832,eva02_base+glcm+resnet101,
FMD,svm,123,2,full,random_031,0.9749686834346655,0.975,3,3300,1.3365160069988633,dinov2+hog+siglip_base,
FMD,svm,123,2,full,random_032,0.9699088937971524,0.97,3,1664,0.38128580000193324,dinov2_large+dinov2_small+rgb_ngram_svd,
FMD,svm,123,2,full,random_033,0.9799686834346655,0.98,3,1846,0.6156506189981883,dinov2_large+lbp+siglip_base,
FMD,svm,123,2,full,random_034,0.9247297323256365,0.925,3,4096,1.0410168439993868,efficientnet_b0+resnet50+vit_b16,
FMD,svm,123,2,full,random_035,0.9697977258952868,0.97,3,2896,0.6908210759975191,beitv2_base_final+drlbp+resnet50,
FMD,svm,123,2,full,random_036,0.9598144752124214,0.96,3,1554,0.5836495049989026,eva02_base+glcm+swin_t,
FMD,svm,123,2,full,random_037,0.9547789171473381,0.955,3,2432,0.5413140169985127,beitv2_base_final+deit_s+efficientnet_b0,
FMD,svm,123,2,full,random_038,0.874789546227287,0.875,3,6192,0.8759858020021056,gabor+resnet50+vgg16,
FMD,svm,123,2,full,random_039,0.979971810389012,0.98,3,1920,0.6869154119995073,dinov2_small+mae_base+siglip_base,
FMD,svm,123,2,full,random_040,0.9500145379592793,0.95,3,6528,0.6723377529997379,dinov2_small+resnet101+vgg16,
FMD,svm,123,2,full,random_041,0.8123389693401932,0.815,3,2806,1.610101409998606,densenet121+glcm+hog,
FMD,svm,123,2,full,random_042,0.9401089248315866,0.94,3,3456,0.769709795997187,densenet121+dinov2_small+resnet50,
FMD,svm,123,2,full,random_043,0.9550745061528116,0.955,3,2560,0.8379972459988494,beitv2_base_final+densenet121+mae_base,
FMD,svm,123,2,full,random_044,0.9799686834346655,0.98,3,1536,0.5646226980024949,deit_s+dinov2_small+vit_b16,
FMD,svm,123,2,full,random_045,0.9448708295934913,0.945,3,3200,0.6970824650015857,convnext_v2_t+dinov2_small+resnet50,
FMD,svm,123,2,full,random_046,0.9849718103890119,0.985,3,1616,0.5236497170008079,beitv2_base_final+drlbp+siglip_base,
FMD,svm,123,2,full,random_047,0.9600848274532483,0.96,3,1584,0.5196570930020243,beitv2_base_final+gabor+vit_b16,
FMD,svm,123,2,full,random_048,0.8738789665403989,0.875,3,1810,0.8033608250007092,densenet121+glcm+swin_t,
FMD,svm,123,2,full,random_049,0.9698373513521139,0.97,3,4096,1.1218411320005544,dinov2+efficientnet_b0+resnet101,
FMD,svm,123,2,full,random_050,0.9701897414464211,0.97,3,1920,0.5718287160016189,dinov2+dinov2_small+siglip_base,
FMD,svm,123,2,full,random_051,0.9748306037137873,0.975,3,1584,0.5831169960001716,dinov2+gabor+swin_t,
FMD,svm,123,2,full,random_052,0.9252237134174323,0.925,3,5248,0.7772428459975345,convnext_v2_t+deit_s+vgg16,
FMD,svm,123,2,full,random_053,0.26779975776845033,0.28,3,1866,2.3672031200003403,gabor+hog+lbp,
FMD,svm,123,2,full,random_054,0.7991566633549498,0.8,3,1090,1.0412168180009758,densenet121+gabor+glcm,
FMD,svm,123,2,full,random_055,0.969662773128755,0.97,3,2560,0.7159966830004123,densenet121+dinov2+swin_t,
FMD,svm,123,2,full,random_056,0.8202654471741255,0.82,3,1590,0.6253526319997036,efficientnet_b0+lbp+rgb_ngram_svd,
FMD,svm,123,2,full,random_057,0.9748337306681337,0.975,3,1170,0.3187060160016699,dinov2_small+eva02_base+glcm,
FMD,svm,123,2,full,random_058,0.9648838311405109,0.965,3,1920,0.40533010000217473,deit_s+dinov2+swin_t,
FMD,svm,123,2,full,random_059,0.9358088743432207,0.935,3,2096,0.5749783009996463,convnext_v2_t+efficientnet_b0+gabor,
FMD,svm,123,2,full,random_060,0.24780644359666604,0.26,3,1830,2.6334192130016163,gabor+glcm+hog,
FMD,svm,123,2,full,random_061,0.9748337306681337,0.975,3,3200,0.6107994209996832,dinov2_small+eva02_base+resnet50,
FMD,svm,123,2,full,random_062,0.9598708295934912,0.96,3,2176,0.7162471939991519,beitv2_base_final+densenet121+dinov2_small,
FMD,svm,123,2,full,random_063,0.9649436207780238,0.965,3,2816,0.7394541620014934,dinov2+efficientnet_b0+vit_b16,
FMD,svm,123,2,full,random_064,0.9749686834346655,0.975,3,2916,1.1597994000003382,deit_s+hog+siglip_base,
FMD,svm,123,2,full,random_065,0.9600848274532483,0.96,3,2304,0.6344670599974052,beitv2_base_final+mae_base+vit_b16,
FMD,svm,123,2,full,random_066,0.9597905315491966,0.96,3,1170,0.3722324890004529,dinov2_small+glcm+swin_t,
FMD,svm,123,2,full,random_067,0.9849718103890119,0.985,3,866,0.5007326939994527,drlbp+glcm+siglip_base,
FMD,svm,123,2,full,random_068,0.8788642123815421,0.88,3,3072,0.9854490649995569,densenet121+efficientnet_b0+swin_t,
FMD,svm,123,2,full,random_069,0.9649436207780238,0.965,3,1590,0.5067516439994506,dinov2+lbp+vit_b16,
FMD,svm,123,2,full,random_070,0.8733506960130241,0.875,3,1200,0.4478958019972197,deit_s+gabor+swin_t,
FMD,svm,123,2,full,random_071,0.949852673373735,0.95,3,3200,1.04139460299848,dinov2_small+mae_base+resnet101,
FMD,svm,123,2,full,random_072,0.9799686834346655,0.98,3,2304,0.9362677290009742,convnext_v2_t+mae_base+siglip_base,
FMD,svm,123,2,full,random_073,0.9799686834346655,0.98,3,3300,1.086640804001945,convnext_v2_t+hog+siglip_base,
FMD,svm,123,2,full,random_074,0.9551798668537481,0.955,3,5632,0.663523137998709,beitv2_base_final+convnext_v2_t+vgg16,
FMD,svm,123,2,full,random_075,0.9698306037137872,0.97,3,2304,0.861931267001637,dinov2+mae_base+vit_b16,
FMD,svm,123,2,full,random_076,0.884500089127817,0.885,3,6144,0.9350378720009758,efficientnet_b0+swin_t+vgg16,
FMD,svm,123,2,full,random_077,0.9549968482047474,0.955,3,3712,0.8440507970008184,dinov2_small+efficientnet_b0+resnet50,
FMD,svm,123,2,full,random_078,0.8107409733914303,0.81,3,1170,0.7680274900012591,deit_s+glcm+mae_base,
FMD,svm,123,2,full,random_079,0.9798337306681338,0.98,3,5888,1.1042784560013388,densenet121+siglip_base+vgg16,
FMD,svm,123,2,full,random_080,0.8608713169505927,0.86,3,2512,0.7041151720004564,deit_s+drlbp+resnet50,
FMD,svm,123,2,full,random_081,0.9450107584767405,0.945,3,1200,0.5188718979989062,dinov2_small+gabor+mae_base,
FMD,svm,123,2,full,random_082,0.9596377104721135,0.96,3,2432,0.9715221750011551,dinov2_small+efficientnet_b0+mae_base,
FMD,svm,123,2,full,random_083,0.949775343485228,0.95,3,6144,1.0994327270018402,efficientnet_b0+eva02_base+vgg16,
FMD,svm,123,2,full,random_084,0.884658538812136,0.885,3,2864,1.3559282070018526,gabor+mae_base+resnet50,
FMD,svm,123,2,full,random_085,0.8905208576333765,0.89,3,4864,1.5244494439975824,mae_base+resnet101+resnet50,
FMD,svm,123,2,full,random_086,0.764154781916684,0.765,3,4168,0.5225205500028096,glcm+lbp+vgg16,
FMD,svm,123,2,full,random_087,0.9600615363182159,0.96,3,2550,1.0302609219979786,dinov2+glcm+hog,
FMD,svm,123,2,full,random_088,0.8615604863115607,0.86,3,4196,1.4264106600021478,deit_s+hog+resnet50,
FMD,svm,123,2,full,random_089,0.9849718103890119,0.985,3,3556,1.1763077629984764,dinov2_large+eva02_base+hog,
FMD,svm,123,2,full,random_090,0.8543548483920755,0.855,3,4882,0.5943997739996121,glcm+swin_t+vgg16,
FMD,svm,123,2,full,random_091,0.9551745533824526,0.955,3,896,0.6280902960024832,dinov2+drlbp+gabor,
FMD,svm,123,2,full,random_092,0.841331970542497,0.84,3,1718,0.8221573730006639,deit_s+efficientnet_b0+lbp,
FMD,svm,123,2,full,random_093,0.9749686834346655,0.975,3,1206,0.45192244699865114,dinov2_small+lbp+siglip_base,
FMD,svm,123,2,full,random_094,0.874477194965,0.875,3,2048,0.7620445930006099,densenet121+rgb_ngram_svd+swin_t,
FMD,svm,123,2,full,random_095,0.9799686834346655,0.98,3,3584,1.433267086998967,mae_base+resnet50+siglip_base,
FMD,svm,123,2,full,random_096,0.9748306037137873,0.975,3,1554,0.6723275199983618,dinov2+glcm+swin_t,
FMD,svm,123,2,full,random_097,0.9501574844436892,0.95,3,2532,0.9210609999972803,deit_s+dinov2_small+hog,
FMD,svm,123,2,full,random_098,0.8552982438348291,0.855,3,2486,1.0271244169998681,deit_s+lbp+resnet101,
FMD,svm,123,2,full,random_099,0.24780644359666604,0.26,3,1830,2.457861678998597,gabor+glcm+hog,
FMD,svm,123,3,full,random_000,0.9599113954877158,0.96,4,3632,1.4643092570004228,eva02_base+gabor+resnet101+siglip_base,
FMD,svm,123,3,full,random_001,0.8951935431099237,0.895,4,3840,1.0222307199983334,beitv2_base_final+resnet50+rgb_ngram_svd+vit_b16,
FMD,svm,123,3,full,random_002,0.9450478005384415,0.945,4,3840,1.7425681070017163,eva02_base+resnet101+rgb_ngram_svd+siglip_base,
FMD,svm,123,3,full,random_003,0.9194947931198939,0.92,4,5302,1.1929524440020032,deit_s+lbp+siglip_base+vgg16,
FMD,svm,123,3,full,random_004,0.893931140332662,0.895,4,4068,1.8829618230010965,beitv2_base_final+hog+mae_base+vit_b16,
FMD,svm,123,3,full,random_005,0.9050044026873296,0.905,4,6912,1.3796610009994765,beitv2_base_final+efficientnet_b0+vgg16+vit_b16,
FMD,svm,123,3,full,random_006,0.939329280412661,0.94,4,6656,1.5510422389997984,densenet121+dinov2+siglip_base+vgg16,
FMD,svm,123,3,full,random_007,0.8602652473013025,0.86,4,3394,1.3896151289991394,efficientnet_b0+gabor+glcm+resnet50,
FMD,svm,123,3,full,random_008,0.934824843534728,0.935,4,3328,1.313571801998478,beitv2_base_final+densenet121+dinov2+swin_t,
FMD,svm,123,3,full,random_009,0.8173522172763545,0.815,4,2150,1.6722557729990513,efficientnet_b0+gabor+lbp+mae_base,
FMD,svm,123,3,full,random_010,0.9398556415295227,0.94,4,2000,0.6288991430010356,convnext_v2_t+deit_s+drlbp+eva02_base,
FMD,svm,123,3,full,random_011,0.9349351803523819,0.935,4,2914,1.2459465430001728,drlbp+eva02_base+glcm+resnet50,
FMD,svm,123,3,full,random_012,0.914657061242427,0.915,4,4608,1.5206260380000458,dinov2_large+efficientnet_b0+resnet101+rgb_ngram_svd,
FMD,svm,123,3,full,random_013,0.9599113954877158,0.96,4,2358,1.3722439699995448,dinov2+eva02_base+lbp+siglip_base,
FMD,svm,123,3,full,random_014,0.8443977407874176,0.845,4,2176,0.740033662001224,deit_s+mae_base+rgb_ngram_svd+vit_b16,
FMD,svm,123,3,full,random_015,0.8298222521906732,0.83,4,1426,0.8679193579991988,deit_s+glcm+rgb_ngram_svd+vit_b16,
FMD,svm,123,3,full,random_016,0.8839013524379379,0.885,4,1840,0.6712504389979586,beitv2_base_final+gabor+rgb_ngram_svd+vit_b16,
FMD,svm,123,3,full,random_017,0.9396045447444081,0.94,4,2688,0.7931523589977587,dinov2+dinov2_small+eva02_base+vit_b16,
FMD,svm,123,3,full,random_018,0.8403097623999496,0.84,4,2530,0.8835177780019876,deit_s+drlbp+glcm+resnet50,
FMD,svm,123,3,full,random_019,0.8663533981120631,0.865,4,4964,1.613884689999395,deit_s+hog+resnet50+vit_b16,
FMD,svm,123,3,full,random_020,0.8853049539249798,0.885,4,5168,1.2130022199999075,convnext_v2_t+gabor+rgb_ngram_svd+vgg16,
FMD,svm,123,3,full,random_021,0.9289542946153986,0.93,4,2944,1.1100566450004408,convnext_v2_t+densenet121+dinov2_small+mae_base,
FMD,svm,123,3,full,random_022,0.8320170940486193,0.83,4,1872,1.5415041230007773,drlbp+mae_base+rgb_ngram_svd+vit_b16,
FMD,svm,123,3,full,random_023,0.9195574044332142,0.92,4,4324,1.830451958001504,beitv2_base_final+densenet121+hog+swin_t,
FMD,svm,123,3,full,random_024,0.9406089001724431,0.94,4,2230,0.9296056290004344,deit_s+dinov2_large+lbp+mae_base,
FMD,svm,123,3,full,random_025,0.950053510887914,0.95,4,3318,1.2288013520010281,convnext_v2_t+eva02_base+glcm+hog,
FMD,svm,123,3,full,random_026,0.9399190518510159,0.94,4,4144,1.1274915750000218,dinov2+efficientnet_b0+gabor+resnet101,
FMD,svm,123,3,full,random_027,0.8846218042559506,0.885,4,1810,0.7628761199994187,convnext_v2_t+glcm+mae_base+rgb_ngram_svd,
FMD,svm,123,3,full,random_028,0.9204437926389145,0.92,4,1840,0.5687907020001148,eva02_base+gabor+rgb_ngram_svd+swin_t,
FMD,svm,123,3,full,random_029,0.9546726477214282,0.955,4,2560,0.5763986849997309,beitv2_base_final+deit_s+dinov2_large+dinov2_small,
FMD,svm,123,3,full,random_030,0.9145029042930348,0.915,4,2918,0.8459845129982568,convnext_v2_t+gabor+lbp+resnet101,
FMD,svm,123,3,full,random_031,0.9086070613070045,0.91,4,2706,0.6312480079977831,dinov2_small+glcm+resnet101+rgb_ngram_svd,
FMD,svm,123,3,full,random_032,0.9005744206203949,0.9,4,3456,0.6497058610002568,beitv2_base_final+deit_s+resnet50+rgb_ngram_svd,
FMD,svm,123,3,full,random_033,0.9192841312160953,0.92,4,4608,0.967128379001224,beitv2_base_final+convnext_v2_t+dinov2_large+resnet101,
FMD,svm,123,3,full,random_034,0.8988231224249376,0.9,4,3218,0.9379021640015708,dinov2_small+glcm+mae_base+resnet101,
FMD,svm,123,3,full,random_035,0.9399306326305759,0.94,4,1872,0.562029592001636,convnext_v2_t+drlbp+eva02_base+rgb_ngram_svd,
FMD,svm,123,3,full,random_036,0.8444988173999727,0.845,4,3138,1.2196399300009944,densenet121+gabor+glcm+resnet101,
FMD,svm,123,3,full,random_037,0.9346200479819909,0.935,4,1670,1.0623306800007413,dinov2+drlbp+lbp+mae_base,
FMD,svm,123,3,full,random_038,0.950053510887914,0.95,4,2358,0.927232833000744,beitv2_base_final+eva02_base+lbp+mae_base,
FMD,svm,123,3,full,random_039,0.9549082685333692,0.955,4,2896,1.0100271869996504,drlbp+efficientnet_b0+eva02_base+siglip_base,
FMD,svm,123,3,full,random_040,0.9291276019182997,0.93,4,4352,1.0205749180022394,eva02_base+resnet101+swin_t+vit_b16,
FMD,svm,123,3,full,random_041,0.8255053230662985,0.825,4,2224,1.2827693350009213,deit_s+densenet121+gabor+mae_base,
FMD,svm,123,3,full,random_042,0.9496242939297541,0.95,4,2688,0.7582047069990949,dinov2_small+eva02_base+mae_base+swin_t,
FMD,svm,123,3,full,random_043,0.9297170147028343,0.93,4,3968,0.8850676789988938,convnext_v2_t+dinov2+dinov2_small+resnet50,
FMD,svm,123,3,full,random_044,0.9242447525374354,0.925,4,3072,0.8364830489990709,convnext_v2_t+efficientnet_b0+rgb_ngram_svd+siglip_base,
FMD,svm,123,3,full,random_045,0.9000243400927044,0.9,4,4580,1.306357613997534,convnext_v2_t+efficientnet_b0+hog+swin_t,
FMD,svm,123,3,full,random_046,0.9342318900713682,0.935,4,3840,1.4097991130001901,dinov2_large+efficientnet_b0+mae_base+swin_t,
FMD,svm,123,3,full,random_047,0.7964428812042031,0.795,4,6292,1.4642609199981962,deit_s+gabor+hog+vgg16,
FMD,svm,123,3,full,random_048,0.9501080498448919,0.95,4,4864,1.109855147999042,beitv2_base_final+densenet121+dinov2_large+resnet50,
FMD,svm,123,3,full,random_049,0.9343268977594439,0.935,4,3584,0.967165001999092,convnext_v2_t+densenet121+dinov2_large+swin_t,
FMD,svm,123,3,full,random_050,0.9186131663131096,0.92,4,1286,0.5413163459998032,convnext_v2_t+dinov2_small+drlbp+lbp,
FMD,svm,123,3,full,random_051,0.9300732600732602,0.93,4,5348,1.2489541870018002,eva02_base+hog+resnet50+swin_t,
FMD,svm,123,3,full,random_052,0.9547825378313183,0.955,4,6656,1.1145886560007057,dinov2+dinov2_large+eva02_base+vgg16,
FMD,svm,123,3,full,random_053,0.89947514985802,0.9,4,1608,0.8457804530007706,convnext_v2_t+glcm+lbp+swin_t,
FMD,svm,123,3,full,random_054,0.9251936201743648,0.925,4,3636,2.1834527860009985,dinov2_large+drlbp+hog+vit_b16,
FMD,svm,123,3,full,random_055,0.8007560158491586,0.8,4,1894,1.988309754000511,densenet121+gabor+lbp+mae_base,
FMD,svm,123,3,full,random_056,0.9346878109444907,0.935,4,3072,1.354611382001167,eva02_base+mae_base+swin_t+vit_b16,
FMD,svm,123,3,full,random_057,0.9493110355626403,0.95,4,3328,1.0996927300002426,convnext_v2_t+dinov2_large+siglip_base+swin_t,
FMD,svm,123,3,full,random_058,0.9242052344491368,0.925,4,1938,0.5100661800024682,beitv2_base_final+convnext_v2_t+dinov2_small+glcm,
FMD,svm,123,3,full,random_059,0.8411277785199858,0.84,4,7680,0.9775544080002874,efficientnet_b0+resnet50+rgb_ngram_svd+vgg16,
FMD,svm,123,3,full,random_060,0.9549691771642991,0.955,4,4096,0.8588958250002179,dinov2+dinov2_large+resnet50+rgb_ngram_svd,
FMD,svm,123,3,full,random_061,0.949840972036094,0.95,4,5888,1.0454306890023872,dinov2+dinov2_large+resnet101+resnet50,
FMD,svm,123,3,full,random_062,0.8250125397463695,0.825,4,7926,1.458745280000585,glcm+hog+resnet50+vgg16,
FMD,svm,123,3,full,random_063,0.9101621685874008,0.91,4,1554,0.38336136100042495,deit_s+dinov2_small+glcm+swin_t,
FMD,svm,123,3,full,random_064,0.9344186698358714,0.935,4,2578,0.6044244910008274,beitv2_base_final+dinov2_large+glcm+swin_t,
FMD,svm,123,3,full,random_065,0.9234206272181315,0.925,4,1488,0.43269828199845506,convnext_v2_t+dinov2_small+drlbp+rgb_ngram_svd,
FMD,svm,123,3,full,random_066,0.929491904219641,0.93,4,1456,0.6344928260004963,deit_s+gabor+rgb_ngram_svd+siglip_base,
FMD,svm,123,3,full,random_067,0.8658099516789848,0.865,4,2950,0.7344978439978149,drlbp+lbp+resnet50+vit_b16,
FMD,svm,123,3,full,random_068,0.9186919678048735,0.92,4,2688,0.5590352040017024,beitv2_base_final+convnext_v2_t+dinov2_small+swin_t,
FMD,svm,123,3,full,random_069,0.8442291376180977,0.845,4,2114,0.7509576570009813,efficientnet_b0+gabor+glcm+swin_t,
FMD,svm,123,3,full,random_070,0.9494716514086905,0.95,4,4352,1.487874095000734,dinov2+mae_base+resnet101+siglip_base,
FMD,svm,123,3,full,random_071,0.9350085720139754,0.935,4,2000,0.7679901590017835,beitv2_base_final+deit_s+drlbp+siglip_base,
FMD,svm,123,3,full,random_072,0.9056973012461563,0.905,4,1872,0.6573746130015934,deit_s+densenet121+dinov2_small+drlbp,
FMD,svm,123,3,full,random_073,0.9047603734478677,0.905,4,6784,0.6924657550007396,dinov2_small+resnet50+rgb_ngram_svd+vgg16,
FMD,svm,123,3,full,random_074,0.9549082685333692,0.955,4,2608,0.8613999579974916,densenet121+dinov2+eva02_base+gabor,
FMD,svm,123,3,full,random_075,0.9136268576750343,0.915,4,3664,0.881750866999937,beitv2_base_final+drlbp+resnet101+vit_b16,
FMD,svm,123,3,full,random_076,0.924867295964857,0.925,4,1456,0.5772434760001488,deit_s+eva02_base+gabor+rgb_ngram_svd,
FMD,svm,123,3,full,random_077,0.9445993900716712,0.945,4,3584,0.7489068490031059,deit_s+dinov2_small+eva02_base+resnet101,
FMD,svm,123,3,full,random_078,0.9599113954877158,0.96,4,2608,0.8811221010000736,dinov2_large+eva02_base+gabor+siglip_base,
FMD,svm,123,3,full,random_079,0.9398556415295227,0.94,4,1938,0.658219963999727,convnext_v2_t+deit_s+eva02_base+glcm,
FMD,svm,123,3,full,random_080,0.9244356670287349,0.925,4,5328,0.5905838090002362,dinov2+dinov2_small+drlbp+vgg16,
FMD,svm,123,3,full,random_081,0.8358596415860466,0.84,4,3910,2.4124795740026457,drlbp+glcm+hog+resnet101,
FMD,svm,123,3,full,random_082,0.9245533785956809,0.925,4,2688,0.7468692059992463,deit_s+siglip_base+swin_t+vit_b16,
FMD,svm,123,3,full,random_083,0.929334130922333,0.93,4,3664,1.1962461600014649,drlbp+resnet101+siglip_base+swin_t,
FMD,svm,123,3,full,random_084,0.8661084171429095,0.865,4,3254,1.1844678449997446,deit_s+lbp+resnet101+swin_t,
FMD,svm,123,3,full,random_085,0.9399082368209454,0.94,4,2614,1.3137781549994543,dinov2_large+lbp+mae_base+vit_b16,
FMD,svm,123,3,full,random_086,0.8393850692801346,0.84,4,7936,1.494622573001834,densenet121+mae_base+resnet50+vgg16,
FMD,svm,123,3,full,random_087,0.928976866326032,0.93,4,2304,0.9266849279993039,beitv2_base_final+deit_s+dinov2_small+mae_base,
FMD,svm,123,3,full,random_088,0.8947721574550844,0.895,4,2970,1.3801622460014187,beitv2_base_final+deit_s+hog+lbp,
FMD,svm,123,3,full,random_089,0.9192316848814446,0.92,4,6400,1.0840168979993905,convnext_v2_t+mae_base+swin_t+vgg16,
FMD,svm,123,3,full,random_090,0.9299861326860761,0.93,4,4608,1.4254783649994351,densenet121+eva02_base+mae_base+resnet50,
FMD,svm,123,3,full,random_091,0.9545502497941524,0.955,4,2230,0.6015233520010952,dinov2_large+dinov2_small+eva02_base+lbp,
FMD,svm,123,3,full,random_092,0.7412727084252893,0.74,4,5138,1.3646473720000358,glcm+mae_base+rgb_ngram_svd+vgg16,
FMD,svm,123,3,full,random_093,0.9494654241880859,0.95,4,3840,1.202822848001233,dinov2_large+efficientnet_b0+siglip_base+swin_t,
FMD,svm,123,3,full,random_094,0.9396806483108241,0.94,4,4352,0.8471926789970894,dinov2+eva02_base+resnet101+vit_b16,
FMD,svm,123,3,full,random_095,0.8468125577704047,0.845,4,2128,0.7799623380014964,densenet121+drlbp+rgb_ngram_svd+swin_t,
FMD,svm,123,3,full,random_096,0.9053884946888797,0.905,4,6400,0.8338150599993241,efficientnet_b0+rgb_ngram_svd+siglip_base+vgg16,
FMD,svm,123,3,full,random_097,0.9696659000831017,0.97,4,3888,1.0011343609985488,dinov2_large+gabor+resnet101+siglip_base,
FMD,svm,123,3,full,random_098,0.9300066910849966,0.93,4,5120,1.0531836859991017,dinov2_large+efficientnet_b0+resnet101+vit_b16,
FMD,svm,123,3,full,random_099,0.9599463010246065,0.96,4,1920,0.7767325960012386,dinov2_large+drlbp+eva02_base+gabor,
FMD,svm,123,4,full,random_000,0.9160099464078924,0.915,3,1920,0.6012594380008522,beitv2_base_final+deit_s+vit_b16,
FMD,svm,123,4,full,random_001,0.9349422336328626,0.935,3,2176,1.199123870999756,deit_s+dinov2_large+swin_t,
FMD,svm,123,4,full,random_002,0.9304450652493761,0.93,3,1920,0.5532483419992786,beitv2_base_final+deit_s+swin_t,
FMD,svm,123,4,full,random_003,0.9249812382739211,0.925,3,2432,0.9228981680025754,deit_s+densenet121+dinov2_large,
FMD,svm,123,4,full,random_004,0.9449123042126892,0.945,3,1810,0.82517929900132,dinov2+dinov2_large+glcm,
FMD,svm,123,4,full,random_005,0.9598462855073896,0.96,3,2304,0.7712370810004359,dinov2+siglip_base+swin_t,
FMD,svm,123,4,full,random_006,0.8898862203034218,0.89,3,2834,0.9773768989980454,convnext_v2_t+glcm+resnet50,
FMD,svm,123,4,full,random_007,0.9304589378979624,0.93,3,6912,0.9927530169989041,beitv2_base_final+resnet101+vgg16,
FMD,svm,123,4,full,random_008,0.8953887751256173,0.895,3,3300,1.5283673189987894,convnext_v2_t+hog+swin_t,
FMD,svm,123,4,full,random_009,0.8967403513181266,0.895,3,1554,0.5608610400013276,convnext_v2_t+glcm+swin_t,
FMD,svm,123,4,full,random_010,0.8797874870235081,0.88,3,2432,1.02392469500046,convnext_v2_t+deit_s+efficientnet_b0,
FMD,svm,123,4,full,random_011,0.8998227231764563,0.9,3,3584,1.0296475850009301,resnet101+swin_t+vit_b16,
FMD,svm,123,4,full,random_012,0.8951585732073537,0.895,3,3584,0.9275552799990692,convnext_v2_t+resnet50+swin_t,
FMD,svm,123,4,full,random_013,0.8059020197344525,0.805,3,1090,0.9060727040014172,densenet121+gabor+glcm,
FMD,svm,123,4,full,random_014,0.9652099056271073,0.965,3,1920,0.4705514720008068,beitv2_base_final+dinov2_small+siglip_base,
FMD,svm,123,4,full,random_015,0.9352071589854077,0.935,3,5888,1.332138408000901,convnext_v2_t+dinov2_large+vgg16,
FMD,svm,123,4,full,random_016,0.9899749373433584,0.99,3,1554,0.7835775400017155,eva02_base+glcm+siglip_base,
FMD,svm,123,4,full,random_017,0.9650579156342358,0.965,3,2896,1.7961930190031126,drlbp+resnet101+siglip_base,
FMD,svm,123,4,full,random_018,0.9400848744751185,0.94,3,2816,1.148421498000971,densenet121+dinov2_large+vit_b16,
FMD,svm,123,4,full,random_019,0.8753386092186582,0.875,3,2816,1.0936844249990827,convnext_v2_t+efficientnet_b0+mae_base,
FMD,svm,123,4,full,random_020,0.9293436373924179,0.93,3,4352,1.3813438010001846,dinov2_large+efficientnet_b0+resnet50,
FMD,svm,123,4,full,random_021,0.9304312632168857,0.93,3,1840,0.8941113370019593,densenet121+dinov2+gabor,
FMD,svm,123,4,full,random_022,0.9700646632725624,0.97,3,2864,0.9889284140008385,gabor+resnet101+siglip_base,
FMD,svm,123,4,full,random_023,0.9351602740434577,0.935,3,1792,0.4600753030026681,dinov2+rgb_ngram_svd+vit_b16,
FMD,svm,123,4,full,random_024,0.8541346807637819,0.855,3,6162,0.8549173459978192,glcm+resnet101+vgg16,
FMD,svm,123,4,full,random_025,0.8641464252247306,0.865,3,1590,0.7710130490013398,lbp+mae_base+swin_t,
FMD,svm,123,4,full,random_026,0.7957869453006331,0.795,3,1346,0.7116712259994529,efficientnet_b0+gabor+glcm,
FMD,svm,123,4,full,random_027,0.9156290998929146,0.915,3,2432,0.6187859589990694,dinov2_small+efficientnet_b0+vit_b16,
FMD,svm,123,4,full,random_028,0.8342802120709099,0.835,3,2512,0.6899989069970616,deit_s+drlbp+resnet101,
FMD,svm,123,4,full,random_029,0.9399884077791055,0.94,3,1426,0.44552385700080777,dinov2_large+dinov2_small+glcm,
FMD,svm,123,4,full,random_030,0.9149044080014017,0.915,3,3812,0.9375897610007087,beitv2_base_final+efficientnet_b0+hog,
FMD,svm,123,4,full,random_031,0.9609440837297063,0.96,3,5632,0.5757037729999865,convnext_v2_t+eva02_base+vgg16,
FMD,svm,123,4,full,random_032,0.9351327096962528,0.935,3,2304,0.689329254997574,beitv2_base_final+mae_base+vit_b16,
FMD,svm,123,4,full,random_033,0.9449123042126892,0.945,3,1840,0.5413876399979927,dinov2+dinov2_large+gabor,
FMD,svm,123,4,full,random_034,0.9603412847315287,0.96,3,2304,0.511331596000673,dinov2+siglip_base+vit_b16,
FMD,svm,123,4,full,random_035,0.8645202123507645,0.865,3,2128,0.6039025059981213,drlbp+efficientnet_b0+swin_t,
FMD,svm,123,4,full,random_036,0.9849906191369605,0.985,3,2304,0.5845471960019495,dinov2+eva02_base+mae_base,
FMD,svm,123,4,full,random_037,0.8263600027014661,0.825,3,5174,0.7336165520027862,densenet121+lbp+vgg16,
FMD,svm,123,4,full,random_038,0.9602295073347704,0.96,3,5632,0.925188970999443,dinov2+eva02_base+vgg16,
FMD,svm,123,4,full,random_039,0.9547739410306209,0.955,3,2304,0.758431564001512,convnext_v2_t+dinov2+siglip_base,
FMD,svm,123,4,full,random_040,0.9009728226416287,0.9,3,2304,0.8861133160025929,mae_base+swin_t+vit_b16,
FMD,svm,123,4,full,random_041,0.9749744906355946,0.975,3,1840,0.6070267140021315,dinov2_large+eva02_base+gabor,
FMD,svm,123,4,full,random_042,0.9153963821519124,0.915,3,3072,0.8425997780032048,convnext_v2_t+dinov2_large+efficientnet_b0,
FMD,svm,123,4,full,random_043,0.9160281192791567,0.915,3,848,0.3989490730018588,deit_s+dinov2_small+drlbp,
FMD,svm,123,4,full,random_044,0.9407440226728522,0.94,3,1920,0.4630005159997381,beitv2_base_final+deit_s+dinov2,
FMD,svm,123,4,full,random_045,0.8590130588182653,0.86,3,4096,1.24836272599714,efficientnet_b0+resnet101+swin_t,
FMD,svm,123,4,full,random_046,0.5471629694931605,0.56,3,2612,3.0936216129994136,drlbp+hog+mae_base,
FMD,svm,123,4,full,random_047,0.9659660194320014,0.965,3,3584,0.6752000699998462,convnext_v2_t+eva02_base+resnet50,
FMD,svm,123,4,full,random_048,0.9752166532654337,0.975,3,1584,0.7023934530006954,gabor+siglip_base+vit_b16,
FMD,svm,123,4,full,random_049,0.9799718103890118,0.98,3,902,0.5126199449987325,drlbp+lbp+siglip_base,
FMD,svm,123,4,full,random_050,0.8243937143937146,0.825,3,3120,1.1627962230013509,densenet121+gabor+resnet101,
FMD,svm,123,4,full,random_051,0.8806946673357812,0.88,3,3072,0.7460181210008159,convnext_v2_t+densenet121+efficientnet_b0,
FMD,svm,123,4,full,random_052,0.9600718259062291,0.96,3,4580,1.398382544000924,hog+resnet101+siglip_base,
FMD,svm,123,4,full,random_053,0.8850459545196386,0.885,3,1200,0.5575656479995814,convnext_v2_t+deit_s+gabor,
FMD,svm,123,4,full,random_054,0.9146460095218192,0.915,3,2580,1.1349744840008498,dinov2+gabor+hog,
FMD,svm,123,4,full,random_055,0.9849906191369605,0.985,3,2304,0.9193057279990171,dinov2+eva02_base+mae_base,
FMD,svm,123,4,full,random_056,0.9299718574108817,0.93,3,1488,0.8241856479980925,deit_s+dinov2_large+drlbp,
FMD,svm,123,4,full,random_057,0.9254581523901164,0.925,3,2432,0.8257311230008781,beitv2_base_final+deit_s+efficientnet_b0,
FMD,svm,123,4,full,random_058,0.9600718259062291,0.96,3,4580,2.1672673290013336,hog+resnet101+siglip_base,
FMD,svm,123,4,full,random_059,0.8652215544161092,0.865,3,5888,0.768582017000881,densenet121+swin_t+vgg16,
FMD,svm,123,4,full,random_060,0.9750718259062289,0.975,3,1590,0.6121193210019555,dinov2+lbp+siglip_base,
FMD,svm,123,4,full,random_061,0.9250280015235086,0.925,3,2450,0.7017964459992072,dinov2_small+glcm+resnet101,
FMD,svm,123,4,full,random_062,0.8593445151339889,0.86,3,2096,0.7824116259980656,efficientnet_b0+gabor+swin_t,
FMD,svm,123,4,full,random_063,0.8114849669164983,0.81,3,2322,0.9981971720008005,densenet121+efficientnet_b0+glcm,
FMD,svm,123,4,full,random_064,0.8957665376985018,0.895,3,1584,0.5028594229988812,gabor+swin_t+vit_b16,
FMD,svm,123,4,full,random_065,0.9752067786727607,0.975,3,2896,0.5842962989991065,drlbp+eva02_base+resnet50,
FMD,svm,123,4,full,random_066,0.8796744503966046,0.88,3,2870,0.6550417830003425,convnext_v2_t+lbp+resnet101,
FMD,svm,123,4,full,random_067,0.9601201109545139,0.96,3,2834,0.7418443460010167,glcm+resnet50+siglip_base,
FMD,svm,123,4,full,random_068,0.8957203528063605,0.895,3,1170,0.37408167100147693,convnext_v2_t+deit_s+glcm,
FMD,svm,123,4,full,random_069,0.7598010831119766,0.76,3,1328,0.6026375729998108,densenet121+gabor+rgb_ngram_svd,
FMD,svm,123,4,full,random_070,0.9606882987370792,0.96,3,5888,0.6827951510022103,densenet121+eva02_base+vgg16,
FMD,svm,123,4,full,random_071,0.9851959953551142,0.985,3,2304,0.5970047539994994,beitv2_base_final+eva02_base+siglip_base,
FMD,svm,123,4,full,random_072,0.9649088937971525,0.965,3,2304,0.656654662998335,efficientnet_b0+rgb_ngram_svd+siglip_base,
FMD,svm,123,4,full,random_073,0.9849906191369605,0.985,3,1584,0.46111463499983074,dinov2+eva02_base+gabor,
FMD,svm,123,4,full,random_074,0.9609691463863479,0.96,3,3840,0.890094638998562,densenet121+eva02_base+resnet50,
FMD,svm,123,4,full,random_075,0.9701026957637998,0.97,3,3584,0.801987418999488,beitv2_base_final+eva02_base+resnet101,
FMD,svm,123,4,full,random_076,0.9159413370880068,0.915,3,2048,0.4629378550016554,deit_s+dinov2_small+efficientnet_b0,
FMD,svm,123,4,full,random_077,0.9606882987370792,0.96,3,5888,0.6814468430020497,densenet121+eva02_base+vgg16,
FMD,svm,123,4,full,random_078,0.8339801186680011,0.835,3,4352,1.0298831649997737,densenet121+efficientnet_b0+resnet101,
FMD,svm,123,4,full,random_079,0.8750506895757217,0.875,3,3072,0.7373653779977758,resnet101+rgb_ngram_svd+swin_t,
FMD,svm,123,4,full,random_080,0.9360489510489509,0.935,3,1920,0.4302356719999807,beitv2_base_final+convnext_v2_t+dinov2_small,
FMD,svm,123,4,full,random_081,0.9400467632495875,0.94,3,3456,0.8663135649985634,deit_s+dinov2_large+resnet50,
FMD,svm,123,4,full,random_082,0.9259071385194619,0.925,3,2916,0.7193502530026308,dinov2_small+hog+vit_b16,
FMD,svm,123,4,full,random_083,0.824348464298249,0.825,3,4196,1.4824425719998544,deit_s+hog+resnet101,
FMD,svm,123,4,full,random_084,0.8113178829691081,0.81,3,1382,0.8983530240002437,efficientnet_b0+gabor+lbp,
FMD,svm,123,4,full,random_085,0.9302515339614184,0.93,3,3584,0.7681898649971117,dinov2+resnet50+swin_t,
FMD,svm,123,4,full,random_086,0.9163842681406941,0.915,3,822,0.2575268610016792,deit_s+dinov2_small+lbp,
FMD,svm,123,4,full,random_087,0.8657788607210943,0.865,3,4882,0.6815284959993733,glcm+swin_t+vgg16,
FMD,svm,123,4,full,random_088,0.9307458608999045,0.93,3,4944,0.7596345250021841,dinov2+drlbp+vgg16,
FMD,svm,123,4,full,random_089,0.9205845306327438,0.92,3,6912,0.8505751680022513,beitv2_base_final+resnet50+vgg16,
FMD,svm,123,4,full,random_090,0.9104296719412999,0.91,3,4498,0.6525414600000659,dinov2_small+glcm+vgg16,
FMD,svm,123,4,full,random_091,0.8417996667498115,0.84,3,2688,0.7059940849976556,deit_s+densenet121+efficientnet_b0,
FMD,svm,123,4,full,random_092,0.7960326502003368,0.795,3,2066,1.1841406590028782,efficientnet_b0+glcm+mae_base,
FMD,svm,123,4,full,random_093,0.9702306263281871,0.97,3,1792,0.8761917289994017,mae_base+rgb_ngram_svd+siglip_base,
FMD,svm,123,4,full,random_094,0.9748404783064604,0.975,3,3584,0.9174587720008276,dinov2+resnet101+siglip_base,
FMD,svm,123,4,full,random_095,0.95532247598358,0.955,3,1298,0.5747123710025335,dinov2_large+glcm+rgb_ngram_svd,
FMD,svm,123,4,full,random_096,0.9506547226743065,0.95,3,5632,0.6982831409986829,siglip_base+vgg16+vit_b16,
FMD,svm,123,4,full,random_097,0.9755146009318023,0.975,3,2304,0.757503431999794,convnext_v2_t+eva02_base+mae_base,
FMD,svm,123,4,full,random_098,0.9702036517184143,0.97,3,1840,0.5954543070001819,densenet121+eva02_base+gabor,
FMD,svm,123,4,full,random_099,0.8865389415196863,0.885,3,5888,0.8163346040018951,convnext_v2_t+densenet121+vgg16,
FMD,svm,2026,0,full,random_000,0.9005922704689759,0.9,3,2916,1.262503778001701,beitv2_base_final+deit_s+hog,
FMD,svm,2026,0,full,random_001,0.9013978879639983,0.9,3,1792,0.5287078350011143,beitv2_base_final+rgb_ngram_svd+vit_b16,
FMD,svm,2026,0,full,random_002,0.8196042002227631,0.82,3,3860,1.688944375000574,gabor+hog+resnet50,
FMD,svm,2026,0,full,random_003,0.9597144596952042,0.96,3,1920,0.4234506009997858,beitv2_base_final+deit_s+eva02_base,
FMD,svm,2026,0,full,random_004,0.9544449307016103,0.955,3,3840,1.1592742150023696,dinov2+dinov2_large+resnet50,
FMD,svm,2026,0,full,random_005,0.9548243498050943,0.955,3,1584,0.8956805669986352,convnext_v2_t+gabor+siglip_base,
FMD,svm,2026,0,full,random_006,0.8667297242527352,0.865,3,3408,1.6289967419979803,drlbp+efficientnet_b0+resnet101,
FMD,svm,2026,0,full,random_007,0.9399042011416254,0.94,3,5632,0.9194442930020159,convnext_v2_t+eva02_base+vgg16,
FMD,svm,2026,0,full,random_008,0.8151378505037041,0.815,3,5138,1.144822768997983,densenet121+glcm+vgg16,
FMD,svm,2026,0,full,random_009,0.9354365739709204,0.935,3,3556,2.197180753999419,dinov2_large+hog+mae_base,
FMD,svm,2026,0,full,random_010,0.9647175866495508,0.965,3,1920,0.7513785400005872,dinov2_small+eva02_base+mae_base,
FMD,svm,2026,0,full,random_011,0.8809166900773613,0.88,3,1072,0.5763965760015708,beitv2_base_final+gabor+rgb_ngram_svd,
FMD,svm,2026,0,full,random_012,0.9492306203281814,0.95,3,2560,0.9283335250001983,beitv2_base_final+dinov2_large+vit_b16,
FMD,svm,2026,0,full,random_013,0.9305294268544708,0.93,3,2586,1.3166046350015677,dinov2+hog+lbp,
FMD,svm,2026,0,full,random_014,0.8593360590343903,0.86,3,3408,1.131183368001075,drlbp+efficientnet_b0+resnet50,
FMD,svm,2026,0,full,random_015,0.9597905315491966,0.96,3,870,0.48848231000010855,eva02_base+gabor+lbp,
FMD,svm,2026,0,full,random_016,0.9098051349591787,0.91,3,3300,1.3116652649987373,beitv2_base_final+hog+swin_t,
FMD,svm,2026,0,full,random_017,0.9546691156677125,0.955,3,4068,1.6043897410017962,dinov2_large+efficientnet_b0+hog,
FMD,svm,2026,0,full,random_018,0.9349224667687516,0.935,3,2304,0.6828716330019233,beitv2_base_final+dinov2+mae_base,
FMD,svm,2026,0,full,random_019,0.935138324092111,0.935,3,2096,0.5982224180006597,dinov2+efficientnet_b0+gabor,
FMD,svm,2026,0,full,random_020,0.8852391808787905,0.885,3,1792,0.9311101079983928,convnext_v2_t+mae_base+rgb_ngram_svd,
FMD,svm,2026,0,full,random_021,0.9200755092860355,0.92,3,1206,0.7310098439993453,dinov2_small+lbp+mae_base,
FMD,svm,2026,0,full,random_022,0.9546753279680109,0.955,3,1536,0.4880487699992955,deit_s+dinov2_small+eva02_base,
FMD,svm,2026,0,full,random_023,0.8706644201148187,0.87,3,2176,0.6983218990026216,deit_s+densenet121+swin_t,
FMD,svm,2026,0,full,random_024,0.8604071024897484,0.86,3,6912,1.285950434001279,mae_base+resnet101+vgg16,
FMD,svm,2026,0,full,random_025,0.9005651950388793,0.9,3,3840,0.9975487060000887,convnext_v2_t+densenet121+resnet101,
FMD,svm,2026,0,full,random_026,0.8509605069531332,0.85,3,5248,0.54382311000154,deit_s+swin_t+vgg16,
FMD,svm,2026,0,full,random_027,0.8653886849137171,0.865,3,3300,1.2851824169993051,hog+mae_base+swin_t,
FMD,svm,2026,0,full,random_028,0.9499185581213823,0.95,3,1584,0.6753102740003669,gabor+siglip_base+vit_b16,
FMD,svm,2026,0,full,random_029,0.8275427362353188,0.825,3,1382,0.8372649290031404,efficientnet_b0+gabor+lbp,
FMD,svm,2026,0,full,random_030,0.9150434695020777,0.915,3,1920,0.6507019429991487,beitv2_base_final+deit_s+vit_b16,
FMD,svm,2026,0,full,random_031,0.959672242622059,0.96,3,2358,0.7663144130019646,dinov2_large+efficientnet_b0+lbp,
FMD,svm,2026,0,full,random_032,0.9448056197914395,0.945,3,2816,0.8491846100005205,efficientnet_b0+siglip_base+vit_b16,
FMD,svm,2026,0,full,random_033,0.8706632382755618,0.87,3,2102,0.7306344359967625,efficientnet_b0+lbp+swin_t,
FMD,svm,2026,0,full,random_034,0.9444704553754619,0.945,3,3300,1.1185470830023405,dinov2+hog+swin_t,
FMD,svm,2026,0,full,random_035,0.9348337776900036,0.935,3,6912,0.9762122239990276,eva02_base+resnet101+vgg16,
FMD,svm,2026,0,full,random_036,0.9212134539990766,0.92,3,2560,1.2311201379998238,beitv2_base_final+densenet121+mae_base,
FMD,svm,2026,0,full,random_037,0.9493087001431032,0.95,3,2816,1.1381706870015478,efficientnet_b0+eva02_base+mae_base,
FMD,svm,2026,0,full,random_038,0.9345271950984403,0.935,3,2560,0.7806808889981767,beitv2_base_final+convnext_v2_t+dinov2_large,
FMD,svm,2026,0,full,random_039,0.944221239465142,0.945,3,2304,0.8478379720036173,beitv2_base_final+dinov2+swin_t,
FMD,svm,2026,0,full,random_040,0.9250342554322015,0.925,3,2916,0.9717021850010497,dinov2_small+hog+vit_b16,
FMD,svm,2026,0,full,random_041,0.8601045566899226,0.86,3,2480,0.7030385719990591,deit_s+gabor+resnet50,
FMD,svm,2026,0,full,random_042,0.9699718103890118,0.97,3,1584,0.5711369970013038,eva02_base+gabor+vit_b16,
FMD,svm,2026,0,full,random_043,0.9599196771147991,0.96,3,2176,0.5545282009989023,dinov2+dinov2_large+dinov2_small,
FMD,svm,2026,0,full,random_044,0.9849718103890119,0.985,3,1840,0.6796132710005622,dinov2_large+gabor+siglip_base,
FMD,svm,2026,0,full,random_045,0.8954804773033272,0.895,3,1590,0.6462446260011347,convnext_v2_t+lbp+mae_base,
FMD,svm,2026,0,full,random_046,0.9448256027561637,0.945,3,1200,0.3442575439985376,dinov2+dinov2_small+gabor,
FMD,svm,2026,0,full,random_047,0.9447543482203302,0.945,3,2176,0.5068279359984444,dinov2_large+dinov2_small+vit_b16,
FMD,svm,2026,0,full,random_048,0.9054574914459381,0.905,3,3812,1.1405367830011528,convnext_v2_t+efficientnet_b0+hog,
FMD,svm,2026,0,full,random_049,0.9549026398884595,0.955,3,1840,0.6470515860019077,densenet121+eva02_base+gabor,
FMD,svm,2026,0,full,random_050,0.8651971254410279,0.865,3,1206,0.4532378370022343,deit_s+lbp+swin_t,
FMD,svm,2026,0,full,random_051,0.914128313370426,0.915,3,688,0.3030174299965438,dinov2_small+gabor+rgb_ngram_svd,
FMD,svm,2026,0,full,random_052,0.9150280015235086,0.915,3,1206,0.3904768749998766,convnext_v2_t+dinov2_small+lbp,
FMD,svm,2026,0,full,random_053,0.9447165209732006,0.945,3,1872,0.5284769470017636,beitv2_base_final+dinov2_large+drlbp,
FMD,svm,2026,0,full,random_054,0.8655448325644164,0.865,3,870,0.376149465002527,gabor+lbp+swin_t,
FMD,svm,2026,0,full,random_055,0.8510461212370337,0.85,3,1792,0.6345642460000818,mae_base+rgb_ngram_svd+vit_b16,
FMD,svm,2026,0,full,random_056,0.9094654744654745,0.91,3,5248,0.6074228560028132,dinov2_small+mae_base+vgg16,
FMD,svm,2026,0,full,random_057,0.9547091462239086,0.955,3,2304,0.5468225730000995,convnext_v2_t+eva02_base+vit_b16,
FMD,svm,2026,0,full,random_058,0.979855666370429,0.98,3,1584,0.4347344500019972,beitv2_base_final+eva02_base+gabor,
FMD,svm,2026,0,full,random_059,0.8608430244384925,0.86,3,2486,0.6206333219997759,deit_s+lbp+resnet101,
FMD,svm,2026,0,full,random_060,0.9351386263045516,0.935,3,4580,1.0100703539974347,dinov2+hog+resnet50,
FMD,svm,2026,0,full,random_061,0.9301986844990695,0.93,3,1584,0.4711367550007708,beitv2_base_final+gabor+swin_t,
FMD,svm,2026,0,full,random_062,0.9305706748761351,0.93,3,1584,0.7559593680016405,dinov2+gabor+mae_base,
FMD,svm,2026,0,full,random_063,0.9849937460913072,0.985,3,2304,0.5504702949983766,beitv2_base_final+eva02_base+siglip_base,
FMD,svm,2026,0,full,random_064,0.9354845696309111,0.935,3,870,0.3679188590031117,dinov2+gabor+lbp,
FMD,svm,2026,0,full,random_065,0.9049705108755173,0.905,3,3072,0.6348743429989554,convnext_v2_t+resnet50+rgb_ngram_svd,
FMD,svm,2026,0,full,random_066,0.9395334490071331,0.94,3,3584,0.7338575430003402,resnet101+siglip_base+vit_b16,
FMD,svm,2026,0,full,random_067,0.9548243498050943,0.955,3,1554,0.5895001190001494,convnext_v2_t+glcm+siglip_base,
FMD,svm,2026,0,full,random_068,0.8182149497632001,0.82,3,2864,1.136944574998779,gabor+mae_base+resnet50,
FMD,svm,2026,0,full,random_069,0.9498024141027992,0.95,3,3200,0.801989831001265,deit_s+resnet101+siglip_base,
FMD,svm,2026,0,full,random_070,0.9396898907681962,0.94,3,2916,0.785523476999515,beitv2_base_final+dinov2_small+hog,
FMD,svm,2026,0,full,random_071,0.9546798989853592,0.955,3,2896,0.7782451790008054,drlbp+eva02_base+resnet50,
FMD,svm,2026,0,full,random_072,0.9398027020661885,0.94,3,3456,0.8184923820008407,deit_s+dinov2_large+resnet101,
FMD,svm,2026,0,full,random_073,0.8549858863323664,0.855,3,2864,1.2065065759998106,gabor+mae_base+resnet101,
FMD,svm,2026,0,full,random_074,0.9401624605604066,0.94,3,2432,0.6292027400013467,densenet121+dinov2_large+dinov2_small,
FMD,svm,2026,0,full,random_075,0.9551785890617726,0.955,3,1536,0.41302564299985534,deit_s+dinov2_small+siglip_base,
FMD,svm,2026,0,full,random_076,0.8705583847047261,0.87,3,2304,0.6417775199988682,efficientnet_b0+rgb_ngram_svd+vit_b16,
FMD,svm,2026,0,full,random_077,0.9447543482203302,0.945,3,2176,0.4741200949974882,dinov2_large+dinov2_small+vit_b16,
FMD,svm,2026,0,full,random_078,0.894880716836953,0.895,3,6628,0.9805216799977643,convnext_v2_t+hog+vgg16,
FMD,svm,2026,0,full,random_079,0.8311830467350365,0.83,3,5092,1.2204456520012172,efficientnet_b0+hog+resnet50,
FMD,svm,2026,0,full,random_080,0.959895892250133,0.96,3,2612,0.9184263200004352,drlbp+eva02_base+hog,
FMD,svm,2026,0,full,random_081,0.7738379878616148,0.775,3,5908,1.199833493999904,gabor+hog+vgg16,
FMD,svm,2026,0,full,random_082,0.9544677751288791,0.955,3,2870,0.6215582980003092,eva02_base+lbp+resnet50,
FMD,svm,2026,0,full,random_083,0.9154431165214222,0.915,3,5632,0.7772642259988061,beitv2_base_final+mae_base+vgg16,
FMD,svm,2026,0,full,random_084,0.9694668664039057,0.97,3,3072,0.7487591270000848,dinov2_large+efficientnet_b0+siglip_base,
FMD,svm,2026,0,full,random_085,0.8754505356720481,0.875,3,3584,0.6693786290015851,resnet50+swin_t+vit_b16,
FMD,svm,2026,0,full,random_086,0.8362196085687742,0.835,3,5394,0.7699197859983542,efficientnet_b0+glcm+vgg16,
FMD,svm,2026,0,full,random_087,0.9448775772318179,0.945,3,5504,0.5478493370028445,dinov2_large+dinov2_small+vgg16,
FMD,svm,2026,0,full,random_088,0.8562598804704068,0.855,3,2512,0.730165554999985,deit_s+drlbp+resnet101,
FMD,svm,2026,0,full,random_089,0.9393275088910518,0.94,3,1536,0.356826885999908,deit_s+dinov2+dinov2_small,
FMD,svm,2026,0,full,random_090,0.9346585271809917,0.935,3,2304,0.5851022400020156,dinov2+swin_t+vit_b16,
FMD,svm,2026,0,full,random_091,0.959987492182614,0.96,3,1584,0.624162502001127,gabor+siglip_base+swin_t,
FMD,svm,2026,0,full,random_092,0.7583843062745131,0.755,3,3044,1.3463123299989093,densenet121+hog+rgb_ngram_svd,
FMD,svm,2026,0,full,random_093,0.8709086035915303,0.87,3,2096,0.685801008999988,efficientnet_b0+gabor+vit_b16,
FMD,svm,2026,0,full,random_094,0.954620673245774,0.955,3,4096,0.8016220259996771,efficientnet_b0+eva02_base+resnet50,
FMD,svm,2026,0,full,random_095,0.9649843652282677,0.965,3,3584,0.7383424260005995,eva02_base+resnet101+vit_b16,
FMD,svm,2026,0,full,random_096,0.920374447416363,0.92,3,2560,0.6376210909984366,beitv2_base_final+convnext_v2_t+densenet121,
FMD,svm,2026,0,full,random_097,0.9058432351436203,0.905,3,1590,0.42925933199876454,beitv2_base_final+lbp+vit_b16,
FMD,svm,2026,0,full,random_098,0.8397639218499295,0.84,3,1488,0.6173276139998052,deit_s+densenet121+drlbp,
FMD,svm,2026,0,full,random_099,0.9145902200780249,0.915,3,1920,0.4996885900000052,dinov2_small+mae_base+swin_t,
FMD,svm,2026,1,full,random_000,0.844458609327105,0.845,4,5376,1.2077035370020894,densenet121+resnet101+resnet50+rgb_ngram_svd,
FMD,svm,2026,1,full,random_001,0.9492859729059985,0.95,4,4890,1.6900248339989048,dinov2_large+hog+lbp+resnet101,
FMD,svm,2026,1,full,random_002,0.9597342088805503,0.96,4,3968,1.1696631049999269,dinov2+dinov2_small+eva02_base+resnet50,
FMD,svm,2026,1,full,random_003,0.8245011569401814,0.825,4,1152,0.5941060940021998,drlbp+gabor+rgb_ngram_svd+vit_b16,
FMD,svm,2026,1,full,random_004,0.9499682367269017,0.95,4,4864,1.560449165001046,convnext_v2_t+efficientnet_b0+resnet101+siglip_base,
FMD,svm,2026,1,full,random_005,0.9395804943879398,0.94,4,3584,0.7569562230019073,deit_s+dinov2_small+eva02_base+resnet50,
FMD,svm,2026,1,full,random_006,0.8840312565304356,0.885,4,4944,1.1844420319976052,drlbp+resnet101+resnet50+vit_b16,
FMD,svm,2026,1,full,random_007,0.8999749843652284,0.9,4,2194,1.2224931899982039,convnext_v2_t+deit_s+densenet121+glcm,
FMD,svm,2026,1,full,random_008,0.9302005247640677,0.93,4,1426,0.6079135159998259,dinov2_small+glcm+rgb_ngram_svd+swin_t,
FMD,svm,2026,1,full,random_009,0.9303781165247864,0.93,4,3172,1.1726384020003024,deit_s+eva02_base+hog+rgb_ngram_svd,
FMD,svm,2026,1,full,random_010,0.7857509115877029,0.785,4,1712,0.8755492029995366,deit_s+densenet121+gabor+rgb_ngram_svd,
FMD,svm,2026,1,full,random_011,0.9595862545669991,0.96,4,2000,0.8666348810002091,deit_s+drlbp+eva02_base+siglip_base,
FMD,svm,2026,1,full,random_012,0.8849938558090035,0.885,4,5248,1.3496305790031329,deit_s+resnet101+resnet50+swin_t,
FMD,svm,2026,1,full,random_013,0.7804221674587808,0.78,4,4552,0.6866661659987585,deit_s+glcm+lbp+vgg16,
FMD,svm,2026,1,full,random_014,0.8740321287497155,0.875,4,2806,1.097308153002814,convnext_v2_t+glcm+hog+rgb_ngram_svd,
FMD,svm,2026,1,full,random_015,0.9495303220527868,0.95,4,3328,0.7495827519996965,beitv2_base_final+convnext_v2_t+dinov2_large+swin_t,
FMD,svm,2026,1,full,random_016,0.9748587933247753,0.975,4,2944,0.7338663689988607,deit_s+dinov2_large+eva02_base+siglip_base,
FMD,svm,2026,1,full,random_017,0.9235660070178087,0.925,4,3328,0.7953323369983991,dinov2_large+efficientnet_b0+rgb_ngram_svd+vit_b16,
FMD,svm,2026,1,full,random_018,0.9092393049710124,0.91,4,2944,0.8441218250009115,convnext_v2_t+drlbp+gabor+resnet50,
FMD,svm,2026,1,full,random_019,0.9049446082372912,0.905,4,3968,0.871766871001455,dinov2_small+efficientnet_b0+resnet50+rgb_ngram_svd,
FMD,svm,2026,1,full,random_020,0.9501156973108194,0.95,4,6400,0.8911451289968682,beitv2_base_final+eva02_base+swin_t+vgg16,
FMD,svm,2026,1,full,random_021,0.9396930177225429,0.94,4,2864,0.9289395370033162,convnext_v2_t+efficientnet_b0+gabor+siglip_base,
FMD,svm,2026,1,full,random_022,0.9291917645897104,0.93,4,3602,0.9044560350012034,beitv2_base_final+glcm+resnet101+vit_b16,
FMD,svm,2026,1,full,random_023,0.9648624140087554,0.965,4,2000,0.537356593998993,dinov2+dinov2_small+drlbp+eva02_base,
FMD,svm,2026,1,full,random_024,0.9549624295259725,0.955,4,4096,0.9282417770009488,dinov2_large+eva02_base+resnet50+rgb_ngram_svd,
FMD,svm,2026,1,full,random_025,0.9146733002496206,0.915,4,3684,1.1601487890002318,dinov2_small+hog+mae_base+vit_b16,
FMD,svm,2026,1,full,random_026,0.9391005579888165,0.94,4,2450,0.6746714959990641,dinov2+dinov2_small+efficientnet_b0+glcm,
FMD,svm,2026,1,full,random_027,0.9299409875533111,0.93,4,4480,0.9233838300024217,dinov2_small+efficientnet_b0+resnet50+vit_b16,
FMD,svm,2026,1,full,random_028,0.9445607452025937,0.945,4,3072,0.6649590960005298,convnext_v2_t+siglip_base+swin_t+vit_b16,
FMD,svm,2026,1,full,random_029,0.875534539417723,0.875,4,7296,0.9662067300014314,deit_s+resnet101+vgg16+vit_b16,
FMD,svm,2026,1,full,random_030,0.9550973822925043,0.955,4,6912,0.8515438899994479,beitv2_base_final+efficientnet_b0+vgg16+vit_b16,
FMD,svm,2026,1,full,random_031,0.9503463379422421,0.95,4,3604,1.25608914699842,convnext_v2_t+dinov2_large+gabor+hog,
FMD,svm,2026,1,full,random_032,0.8494361051655736,0.85,4,2640,1.1046555300017644,densenet121+drlbp+mae_base+vit_b16,
FMD,svm,2026,1,full,random_033,0.910105219059006,0.91,4,2530,0.5628619489980338,dinov2_small+drlbp+glcm+resnet101,
FMD,svm,2026,1,full,random_034,0.8647989876980533,0.865,4,2842,1.2764588720019674,convnext_v2_t+hog+lbp+rgb_ngram_svd,
FMD,svm,2026,1,full,random_035,0.8890201817865491,0.89,4,3894,0.9774249490001239,densenet121+lbp+resnet50+vit_b16,
FMD,svm,2026,1,full,random_036,0.9494784257351053,0.95,4,4608,1.3141629029996693,dinov2+dinov2_large+mae_base+resnet101,
FMD,svm,2026,1,full,random_037,0.8194078589811044,0.82,4,1798,0.7035831230023177,deit_s+drlbp+efficientnet_b0+lbp,
FMD,svm,2026,1,full,random_038,0.9293829396268422,0.93,4,2322,0.6670161199981521,beitv2_base_final+convnext_v2_t+glcm+vit_b16,
FMD,svm,2026,1,full,random_039,0.8947834954253441,0.895,4,8192,1.0423076750012115,convnext_v2_t+efficientnet_b0+resnet50+vgg16,
FMD,svm,2026,1,full,random_040,0.8899722909465574,0.89,4,3860,1.386218513998756,efficientnet_b0+gabor+hog+swin_t,
FMD,svm,2026,1,full,random_041,0.9499781113195747,0.95,4,3632,0.8502074799980619,beitv2_base_final+dinov2+gabor+resnet50,
FMD,svm,2026,1,full,random_042,0.9540228931692347,0.955,4,3072,0.9803431099971931,densenet121+dinov2_large+rgb_ngram_svd+siglip_base,
FMD,svm,2026,1,full,random_043,0.9447279549718575,0.945,4,6966,1.0590518930002872,dinov2+lbp+resnet101+vgg16,
FMD,svm,2026,1,full,random_044,0.9141323365713611,0.915,4,2000,0.6351975110010244,dinov2_small+drlbp+mae_base+vit_b16,
FMD,svm,2026,1,full,random_045,0.9445862545669991,0.945,4,2384,0.717776691999461,convnext_v2_t+drlbp+eva02_base+mae_base,
FMD,svm,2026,1,full,random_046,0.848035593084702,0.85,4,3878,1.946304675002466,gabor+glcm+hog+resnet101,
FMD,svm,2026,1,full,random_047,0.9451434153731375,0.945,4,1846,0.6148615990023245,lbp+rgb_ngram_svd+siglip_base+swin_t,
FMD,svm,2026,1,full,random_048,0.9304858299595141,0.93,4,5328,0.583706017001532,dinov2_small+drlbp+swin_t+vgg16,
FMD,svm,2026,1,full,random_049,0.8551603351603351,0.855,4,3090,0.7417446010003914,glcm+resnet50+rgb_ngram_svd+swin_t,
FMD,svm,2026,1,full,random_050,0.9448180958964014,0.945,4,3638,0.8482225610023306,convnext_v2_t+dinov2+lbp+resnet101,
FMD,svm,2026,1,full,random_051,0.9202153067300692,0.92,4,4224,0.9774622170007206,deit_s+dinov2_large+resnet101+vit_b16,
FMD,svm,2026,1,full,random_052,0.8490030457231997,0.85,4,3456,1.1240712520011584,drlbp+efficientnet_b0+gabor+resnet50,
FMD,svm,2026,1,full,random_053,0.9397275951998763,0.94,4,4352,1.0503352539999469,dinov2+efficientnet_b0+resnet101+rgb_ngram_svd,
FMD,svm,2026,1,full,random_054,0.9444397344204789,0.945,4,3280,0.8538805540010799,dinov2_small+drlbp+resnet50+siglip_base,
FMD,svm,2026,1,full,random_055,0.9354233750745378,0.935,4,7168,1.102566598001431,densenet121+dinov2+efficientnet_b0+vgg16,
FMD,svm,2026,1,full,random_056,0.9548113482580749,0.955,4,2864,0.7024898589988879,convnext_v2_t+dinov2+efficientnet_b0+gabor,
FMD,svm,2026,1,full,random_057,0.8546913249352274,0.855,4,3072,0.9189533759999904,efficientnet_b0+mae_base+rgb_ngram_svd+vit_b16,
FMD,svm,2026,1,full,random_058,0.9446634256569473,0.945,4,3280,0.6400569889992767,beitv2_base_final+dinov2_small+drlbp+resnet50,
FMD,svm,2026,1,full,random_059,0.7817476315831393,0.78,4,5430,0.7918340559990611,densenet121+lbp+rgb_ngram_svd+vgg16,
FMD,svm,2026,1,full,random_060,0.9139326492458117,0.915,4,2688,0.6625226600008318,deit_s+dinov2+efficientnet_b0+rgb_ngram_svd,
FMD,svm,2026,1,full,random_061,0.9499655564803188,0.95,4,3318,0.9571253470021475,eva02_base+glcm+hog+vit_b16,
FMD,svm,2026,1,full,random_062,0.9346549535188815,0.935,4,3456,0.8944657459978771,deit_s+dinov2_large+efficientnet_b0+mae_base,
FMD,svm,2026,1,full,random_063,0.9494777986241401,0.95,4,6628,1.3477297749996069,dinov2+hog+resnet101+resnet50,
FMD,svm,2026,1,full,random_064,0.9596936429863258,0.96,4,1670,0.5202332909975667,dinov2+drlbp+eva02_base+lbp,
FMD,svm,2026,1,full,random_065,0.9245704158220205,0.925,4,1488,0.35271326699876226,dinov2+dinov2_small+drlbp+rgb_ngram_svd,
FMD,svm,2026,1,full,random_066,0.9445205256180866,0.945,4,5168,0.6799676869995892,gabor+rgb_ngram_svd+siglip_base+vgg16,
FMD,svm,2026,1,full,random_067,0.9398395378690628,0.94,4,1858,0.7197752579995722,densenet121+eva02_base+gabor+glcm,
FMD,svm,2026,1,full,random_068,0.9349243653223113,0.935,4,3684,0.9810860210018291,beitv2_base_final+deit_s+dinov2+hog,
FMD,svm,2026,1,full,random_069,0.9342537476156905,0.935,4,1846,0.6630588209991402,dinov2+lbp+rgb_ngram_svd+vit_b16,
FMD,svm,2026,1,full,random_070,0.8496240871241618,0.85,4,1224,0.5991591259989946,deit_s+glcm+lbp+swin_t,
FMD,svm,2026,1,full,random_071,0.9392788567178811,0.94,4,1126,0.6278423340008885,gabor+lbp+rgb_ngram_svd+siglip_base,
FMD,svm,2026,1,full,random_072,0.9701005092468508,0.97,4,4864,1.205153095001151,beitv2_base_final+efficientnet_b0+resnet50+siglip_base,
FMD,svm,2026,1,full,random_073,0.8603409653409655,0.86,4,1122,0.5161311459996796,drlbp+glcm+rgb_ngram_svd+swin_t,
FMD,svm,2026,1,full,random_074,0.9243402678562542,0.925,4,3584,1.1131645599998592,convnext_v2_t+efficientnet_b0+mae_base+vit_b16,
FMD,svm,2026,1,full,random_075,0.9592274933738348,0.96,4,1462,0.5571615870030655,dinov2_small+lbp+rgb_ngram_svd+siglip_base,
FMD,svm,2026,1,full,random_076,0.9451125703564729,0.945,4,3840,1.0899301359968376,beitv2_base_final+convnext_v2_t+densenet121+efficientnet_b0,
FMD,svm,2026,1,full,random_077,0.8748572898380343,0.875,4,4964,1.401472487999854,deit_s+hog+resnet50+swin_t,
FMD,svm,2026,1,full,random_078,0.9152157598499062,0.915,4,5712,0.8565434470001492,drlbp+swin_t+vgg16+vit_b16,
FMD,svm,2026,1,full,random_079,0.9083446499300158,0.91,4,2608,0.8069541359982395,convnext_v2_t+densenet121+gabor+vit_b16,
FMD,svm,2026,1,full,random_080,0.9544450478917745,0.955,4,1488,0.48147938900001463,dinov2_small+drlbp+eva02_base+rgb_ngram_svd,
FMD,svm,2026,1,full,random_081,0.9294504019728667,0.93,4,2640,1.310799708000559,dinov2_large+drlbp+mae_base+vit_b16,
FMD,svm,2026,1,full,random_082,0.9495862545669992,0.95,4,2630,1.9539748429997417,drlbp+glcm+hog+siglip_base,
FMD,svm,2026,1,full,random_083,0.764882456724562,0.765,4,6500,1.3104219259985257,deit_s+hog+rgb_ngram_svd+vgg16,
FMD,svm,2026,1,full,random_084,0.914792586531996,0.915,4,5248,1.2193642560014268,dinov2_small+resnet101+resnet50+vit_b16,
FMD,svm,2026,1,full,random_085,0.9399124827687088,0.94,4,2352,1.0851977679994889,efficientnet_b0+gabor+rgb_ngram_svd+siglip_base,
FMD,svm,2026,1,full,random_086,0.8374306120319197,0.84,4,4406,1.5670319210003072,lbp+resnet101+resnet50+rgb_ngram_svd,
FMD,svm,2026,1,full,random_087,0.9496690740593181,0.95,4,3968,1.2216629889990145,deit_s+dinov2+resnet101+swin_t,
FMD,svm,2026,1,full,random_088,0.878976294708002,0.88,4,2176,0.8387083409979823,drlbp+efficientnet_b0+gabor+vit_b16,
FMD,svm,2026,1,full,random_089,0.9343439666982075,0.935,4,1968,0.6371788210017257,beitv2_base_final+dinov2+dinov2_small+gabor,
FMD,svm,2026,1,full,random_090,0.47990706906926794,0.49,4,1096,1.1994799169988255,glcm+lbp+mae_base+rgb_ngram_svd,
FMD,svm,2026,1,full,random_091,0.9399856519176162,0.94,4,2608,0.6151424470008351,convnext_v2_t+dinov2_large+gabor+vit_b16,
FMD,svm,2026,1,full,random_092,0.9547903529931772,0.955,4,4324,1.1667837500026508,convnext_v2_t+dinov2_large+hog+swin_t,
FMD,svm,2026,1,full,random_093,0.9395227127113565,0.94,4,1554,0.5005130879981152,deit_s+dinov2_small+glcm+swin_t,
FMD,svm,2026,1,full,random_094,0.9391197817321053,0.94,4,2000,0.6321924700023374,beitv2_base_final+dinov2+dinov2_small+drlbp,
FMD,svm,2026,1,full,random_095,0.9348301570060235,0.935,4,1974,0.5249130270021851,convnext_v2_t+deit_s+eva02_base+lbp,
FMD,svm,2026,1,full,random_096,0.8702448450137796,0.87,4,8192,1.3401363480006694,efficientnet_b0+resnet50+swin_t+vgg16,
FMD,svm,2026,1,full,random_097,0.9438979719467524,0.945,4,2870,1.259471676999965,densenet121+dinov2+dinov2_large+lbp,
FMD,svm,2026,1,full,random_098,0.955100062539087,0.955,4,4324,1.812380880001001,beitv2_base_final+densenet121+hog+siglip_base,
FMD,svm,2026,1,full,random_099,0.8252074959369642,0.825,4,5814,1.1439837850011827,deit_s+efficientnet_b0+lbp+vgg16,
FMD,svm,2026,2,full,random_000,0.9851067631555436,0.985,4,7680,1.1671231879990955,eva02_base+mae_base+resnet50+vgg16,
FMD,svm,2026,2,full,random_001,0.9798556663704288,0.98,4,4608,1.1054326710000169,densenet121+dinov2+mae_base+resnet50,
FMD,svm,2026,2,full,random_002,0.9849718103890119,0.985,4,4598,1.4854931840018253,glcm+hog+resnet101+siglip_base,
FMD,svm,2026,2,full,random_003,0.9695956354300386,0.97,4,3632,0.7498529469994537,beitv2_base_final+gabor+resnet50+swin_t,
FMD,svm,2026,2,full,random_004,0.9699785580273386,0.97,4,1616,0.4189183770031377,deit_s+dinov2_small+drlbp+vit_b16,
FMD,svm,2026,2,full,random_005,0.9801156973108192,0.98,4,2578,0.7387001800016151,beitv2_base_final+densenet121+eva02_base+glcm,
FMD,svm,2026,2,full,random_006,0.9849906191369605,0.985,4,7396,1.1956030589972215,dinov2+hog+siglip_base+vgg16,
FMD,svm,2026,2,full,random_007,0.9801156973108192,0.98,4,4352,0.802956710998842,beitv2_base_final+convnext_v2_t+eva02_base+resnet50,
FMD,svm,2026,2,full,random_008,0.9745748187211601,0.975,4,2384,0.899655860997882,beitv2_base_final+convnext_v2_t+drlbp+mae_base,
FMD,svm,2026,2,full,random_009,0.9851067631555436,0.985,4,2322,0.7233774550004455,convnext_v2_t+eva02_base+glcm+mae_base,
FMD,svm,2026,2,full,random_010,0.9799686834346654,0.98,4,3840,0.8264639520020864,deit_s+dinov2_large+dinov2_small+resnet50,
FMD,svm,2026,2,full,random_011,0.9799686834346655,0.98,4,1286,0.44308898899907945,deit_s+drlbp+eva02_base+lbp,
FMD,svm,2026,2,full,random_012,0.9799686834346654,0.98,4,2578,0.8028861550010333,densenet121+eva02_base+glcm+swin_t,
FMD,svm,2026,2,full,random_013,0.9799686834346655,0.98,4,1872,0.5194761670027219,beitv2_base_final+drlbp+eva02_base+rgb_ngram_svd,
FMD,svm,2026,2,full,random_014,0.9800937616085241,0.98,4,3328,1.0253605600009905,beitv2_base_final+dinov2_large+mae_base+vit_b16,
FMD,svm,2026,2,full,random_015,0.9500655719975362,0.95,4,5504,0.7272815000033006,convnext_v2_t+dinov2_small+rgb_ngram_svd+vgg16,
FMD,svm,2026,2,full,random_016,0.9347126180053008,0.935,4,2486,0.6565718990023015,convnext_v2_t+deit_s+efficientnet_b0+lbp,
FMD,svm,2026,2,full,random_017,0.9851067631555436,0.985,4,5120,1.2297875039985229,densenet121+efficientnet_b0+eva02_base+resnet101,
FMD,svm,2026,2,full,random_018,0.9495908156883768,0.95,4,2560,0.8002584409987321,convnext_v2_t+mae_base+rgb_ngram_svd+swin_t,
FMD,svm,2026,2,full,random_019,0.9749718103890117,0.975,4,1968,0.5404009070007305,beitv2_base_final+convnext_v2_t+dinov2_small+gabor,
FMD,svm,2026,2,full,random_020,0.9749686834346655,0.975,4,4836,1.3351824009987467,densenet121+dinov2+efficientnet_b0+hog,
FMD,svm,2026,2,full,random_021,0.964367759611662,0.965,4,3968,0.6734481409985165,beitv2_base_final+convnext_v2_t+dinov2_small+resnet50,
FMD,svm,2026,2,full,random_022,0.9495364172171051,0.95,4,2816,0.7354977480026719,convnext_v2_t+densenet121+rgb_ngram_svd+vit_b16,
FMD,svm,2026,2,full,random_023,0.9596835898376334,0.96,4,1712,0.5660626019998745,densenet121+dinov2_small+gabor+rgb_ngram_svd,
FMD,svm,2026,2,full,random_024,0.9598066600505625,0.96,4,3840,0.919099617000029,convnext_v2_t+densenet121+efficientnet_b0+swin_t,
FMD,svm,2026,2,full,random_025,0.9750848274532485,0.975,4,5348,1.178945190000377,dinov2+hog+resnet50+vit_b16,
FMD,svm,2026,2,full,random_026,0.9949968730456537,0.995,4,1920,0.782483795999724,beitv2_base_final+dinov2_large+drlbp+gabor,
FMD,svm,2026,2,full,random_027,0.9444240526268768,0.945,4,2322,0.8822166110003309,glcm+mae_base+swin_t+vit_b16,
FMD,svm,2026,2,full,random_028,0.9652094589193435,0.965,4,5552,0.6765124929988815,deit_s+dinov2_large+gabor+vgg16,
FMD,svm,2026,2,full,random_029,0.9748525394160822,0.975,4,1974,0.5232363830000395,convnext_v2_t+dinov2+dinov2_small+lbp,
FMD,svm,2026,2,full,random_030,0.9748556663704289,0.975,4,5248,0.9736993240003358,dinov2+dinov2_small+resnet101+resnet50,
FMD,svm,2026,2,full,random_031,0.9089614057200708,0.91,4,3200,1.1339270749995194,densenet121+drlbp+gabor+resnet50,
FMD,svm,2026,2,full,random_032,0.9799686834346655,0.98,4,2688,0.8735645840024517,convnext_v2_t+deit_s+mae_base+siglip_base,
FMD,svm,2026,2,full,random_033,0.8947772360288407,0.895,4,7168,1.1526196399972832,mae_base+resnet50+rgb_ngram_svd+vgg16,
FMD,svm,2026,2,full,random_034,0.9499471721422941,0.95,4,5504,1.09023323600195,densenet121+dinov2_small+resnet101+resnet50,
FMD,svm,2026,2,full,random_035,0.9849906191369605,0.985,4,3072,0.9186452389985789,densenet121+dinov2_large+eva02_base+rgb_ngram_svd,
FMD,svm,2026,2,full,random_036,0.9749718103890119,0.975,4,5394,0.6817023780022282,dinov2_large+glcm+rgb_ngram_svd+vgg16,
FMD,svm,2026,2,full,random_037,0.9243558956973592,0.925,4,6966,0.9083640730023035,lbp+resnet101+swin_t+vgg16,
FMD,svm,2026,2,full,random_038,0.9750817004989021,0.975,4,7012,0.9038636860022962,deit_s+eva02_base+hog+vgg16,
FMD,svm,2026,2,full,random_039,0.9799686834346654,0.98,4,1926,0.6323813529998006,densenet121+dinov2+drlbp+lbp,
FMD,svm,2026,2,full,random_040,0.9592882375809204,0.96,4,3072,0.7593566630021087,convnext_v2_t+efficientnet_b0+rgb_ngram_svd+swin_t,
FMD,svm,2026,2,full,random_041,0.9802197802197803,0.98,4,7396,1.0002483349999238,convnext_v2_t+eva02_base+hog+vgg16,
FMD,svm,2026,2,full,random_042,0.9851067631555436,0.985,4,1670,0.450345382996602,convnext_v2_t+drlbp+eva02_base+lbp,
FMD,svm,2026,2,full,random_043,0.9949968730456537,0.995,4,4608,0.9453412289985863,dinov2_large+eva02_base+resnet50+siglip_base,
FMD,svm,2026,2,full,random_044,0.8884958690478587,0.89,4,3382,1.0686325179995038,densenet121+lbp+resnet101+rgb_ngram_svd,
FMD,svm,2026,2,full,random_045,0.9752345215759851,0.975,4,2688,0.8241319919980015,deit_s+mae_base+siglip_base+vit_b16,
FMD,svm,2026,2,full,random_046,0.9699686834346654,0.97,4,2176,0.6191341600024316,dinov2+dinov2_small+mae_base+rgb_ngram_svd,
FMD,svm,2026,2,full,random_047,0.9033918518385784,0.905,4,8292,1.218665765998594,deit_s+hog+resnet50+vgg16,
FMD,svm,2026,2,full,random_048,0.9899937460913071,0.99,4,5632,1.1661344150015793,beitv2_base_final+resnet101+resnet50+siglip_base,
FMD,svm,2026,2,full,random_049,0.9347978921663131,0.935,4,4480,1.062809261999064,convnext_v2_t+deit_s+efficientnet_b0+resnet101,
FMD,svm,2026,2,full,random_050,0.9649624295259723,0.965,4,5302,0.7164841409976361,beitv2_base_final+dinov2_small+lbp+vgg16,
FMD,svm,2026,2,full,random_051,0.9649534953706966,0.965,4,3348,1.1718084120002459,dinov2+gabor+hog+vit_b16,
FMD,svm,2026,2,full,random_052,0.9545580649560111,0.955,4,1766,0.737608741997974,dinov2_small+efficientnet_b0+gabor+lbp,
FMD,svm,2026,2,full,random_053,0.9697175866495507,0.97,4,3456,0.7319619370027795,beitv2_base_final+dinov2_small+resnet50+rgb_ngram_svd,
FMD,svm,2026,2,full,random_054,0.9700995688094531,0.97,4,3968,0.9620041150010366,beitv2_base_final+deit_s+resnet50+siglip_base,
FMD,svm,2026,2,full,random_055,0.9352219528311417,0.935,4,4882,1.3242788239986112,glcm+resnet101+resnet50+vit_b16,
FMD,svm,2026,2,full,random_056,0.8668032465951683,0.87,4,4784,0.7594425729985232,deit_s+gabor+rgb_ngram_svd+vgg16,
FMD,svm,2026,2,full,random_057,0.9643708865660084,0.965,4,2834,1.0805186729994603,beitv2_base_final+convnext_v2_t+efficientnet_b0+glcm,
FMD,svm,2026,2,full,random_058,0.9344304282279324,0.935,4,6198,1.0128664119984023,convnext_v2_t+efficientnet_b0+lbp+vgg16,
FMD,svm,2026,2,full,random_059,0.9651798668537481,0.965,4,7680,0.9115109080012189,beitv2_base_final+resnet101+vgg16+vit_b16,
FMD,svm,2026,2,full,random_060,0.9489790217646444,0.95,4,3152,1.140652582002076,convnext_v2_t+drlbp+resnet101+rgb_ngram_svd,
FMD,svm,2026,2,full,random_061,0.95958044736607,0.96,4,3248,0.9447740130017337,beitv2_base_final+deit_s+gabor+resnet50,
FMD,svm,2026,2,full,random_062,0.9799686834346655,0.98,4,4836,1.6140782949987624,eva02_base+hog+resnet50+rgb_ngram_svd,
FMD,svm,2026,2,full,random_063,0.9702255874207093,0.97,4,3456,0.9443905520020053,deit_s+resnet50+rgb_ngram_svd+siglip_base,
FMD,svm,2026,2,full,random_064,0.9799776175899412,0.98,4,4608,1.2537273060006555,beitv2_base_final+dinov2_large+resnet101+vit_b16,
FMD,svm,2026,2,full,random_065,0.9702036517184143,0.97,4,3664,1.0650260479997087,dinov2+drlbp+resnet50+vit_b16,
FMD,svm,2026,2,full,random_066,0.9849718103890119,0.985,4,3602,2.0023074860000634,glcm+mae_base+resnet101+siglip_base,
FMD,svm,2026,2,full,random_067,0.9404893052037572,0.94,4,7680,1.4321470159993623,convnext_v2_t+resnet50+vgg16+vit_b16,
FMD,svm,2026,2,full,random_068,0.9849937460913072,0.985,4,3888,1.1654723589999776,dinov2_large+gabor+resnet50+vit_b16,
FMD,svm,2026,2,full,random_069,0.9899937460913071,0.99,4,4608,1.1592404829971201,dinov2_large+eva02_base+mae_base+resnet101,
FMD,svm,2026,2,full,random_070,0.9799968730456534,0.98,4,1840,0.5688345950002258,gabor+rgb_ngram_svd+siglip_base+vit_b16,
FMD,svm,2026,2,full,random_071,0.9899937460913071,0.99,4,4352,1.120185230000061,convnext_v2_t+eva02_base+resnet50+siglip_base,
FMD,svm,2026,2,full,random_072,0.9851067631555436,0.985,4,3866,1.5438607590003812,efficientnet_b0+eva02_base+hog+lbp,
FMD,svm,2026,2,full,random_073,0.9446952042394917,0.945,4,3858,1.3723659699971904,convnext_v2_t+densenet121+glcm+resnet50,
FMD,svm,2026,2,full,random_074,0.9699686834346654,0.97,4,7396,1.5433887459985272,dinov2+hog+mae_base+vgg16,
FMD,svm,2026,2,full,random_075,0.9849718103890119,0.985,4,2578,1.3787650699996448,densenet121+glcm+mae_base+siglip_base,
FMD,svm,2026,2,full,random_076,0.9849937460913072,0.985,4,3860,1.872326452001289,densenet121+dinov2_large+gabor+hog,
FMD,svm,2026,2,full,random_077,0.9849968730456535,0.985,4,3318,1.8423077539991937,glcm+hog+siglip_base+vit_b16,
FMD,svm,2026,2,full,random_078,0.9695716917668136,0.97,4,3968,1.0861061440009507,beitv2_base_final+deit_s+resnet101+swin_t,
FMD,svm,2026,2,full,random_079,0.8842847652773914,0.885,4,3456,1.1693004799999471,deit_s+densenet121+efficientnet_b0+mae_base,
FMD,svm,2026,2,full,random_080,0.9949968730456537,0.995,4,1602,0.950995975999831,gabor+glcm+mae_base+siglip_base,
FMD,svm,2026,2,full,random_081,0.9849906191369605,0.985,4,5888,1.5218692119997286,beitv2_base_final+dinov2_large+resnet101+resnet50,
FMD,svm,2026,2,full,random_082,0.9899937460913071,0.99,4,2834,1.036643440998887,efficientnet_b0+eva02_base+glcm+siglip_base,
FMD,svm,2026,2,full,random_083,0.9646685803296842,0.965,4,3072,1.1021693229995435,beitv2_base_final+convnext_v2_t+mae_base+vit_b16,
FMD,svm,2026,2,full,random_084,0.9949968730456537,0.995,4,3072,0.9009313570022641,beitv2_base_final+eva02_base+siglip_base+vit_b16,
FMD,svm,2026,2,full,random_085,0.9648534798534799,0.965,4,1488,0.4387184970000817,dinov2_small+drlbp+rgb_ngram_svd+vit_b16,
FMD,svm,2026,2,full,random_086,0.9899968730456535,0.99,4,3072,1.0653665290010395,beitv2_base_final+convnext_v2_t+siglip_base+vit_b16,
FMD,svm,2026,2,full,random_087,0.8997484528879294,0.9,4,3840,1.6364225569996051,mae_base+resnet101+rgb_ngram_svd+swin_t,
FMD,svm,2026,2,full,random_088,0.9748306037137873,0.975,4,1616,0.7743441310012713,deit_s+dinov2_small+drlbp+eva02_base,
FMD,svm,2026,2,full,random_089,0.9799686834346655,0.98,4,914,0.8634884589991998,drlbp+eva02_base+gabor+glcm,
FMD,svm,2026,2,full,random_090,0.9949968730456537,0.995,4,3840,1.097975756998494,convnext_v2_t+dinov2_large+efficientnet_b0+vit_b16,
FMD,svm,2026,2,full,random_091,0.9801036362011972,0.98,4,6016,0.9092904550016101,convnext_v2_t+dinov2_small+siglip_base+vgg16,
FMD,svm,2026,2,full,random_092,0.9801067631555437,0.98,4,3888,0.8221902539989969,beitv2_base_final+dinov2_large+gabor+resnet50,
FMD,svm,2026,2,full,random_093,0.979855666370429,0.98,4,3840,1.4298616870000842,dinov2+dinov2_large+efficientnet_b0+mae_base,
FMD,svm,2026,2,full,random_094,0.9745748187211601,0.975,4,3328,1.462252774002991,beitv2_base_final+densenet121+mae_base+swin_t,
FMD,svm,2026,2,full,random_095,0.9901098901098901,0.99,4,2666,2.6928649580004276,drlbp+hog+lbp+siglip_base,
FMD,svm,2026,2,full,random_096,0.9752099056271071,0.975,4,2352,0.8354918240002007,beitv2_base_final+eva02_base+gabor+swin_t,
FMD,svm,2026,2,full,random_097,0.9849906191369605,0.985,4,2688,0.806824636998499,dinov2+dinov2_small+eva02_base+vit_b16,
FMD,svm,2026,2,full,random_098,0.9749744906355946,0.975,4,2182,1.0114680389997375,dinov2+drlbp+efficientnet_b0+lbp,
FMD,svm,2026,2,full,random_099,0.9799686834346655,0.98,4,1206,1.182504289001372,dinov2_large+drlbp+gabor+lbp,
FMD,svm,2026,3,full,random_000,0.9349784997611085,0.935,3,2870,1.3256755620022886,convnext_v2_t+lbp+resnet50,
FMD,svm,2026,3,full,random_001,0.8641417524569748,0.865,3,3200,1.3963066390024323,deit_s+mae_base+resnet101,
FMD,svm,2026,3,full,random_002,0.9502368802368804,0.95,3,6912,1.1052059709982132,eva02_base+resnet50+vgg16,
FMD,svm,2026,3,full,random_003,0.9749807445442876,0.975,3,1584,0.8539790499999071,dinov2+eva02_base+gabor,
FMD,svm,2026,3,full,random_004,0.9299491360059472,0.93,3,1206,0.5632510830000683,beitv2_base_final+deit_s+lbp,
FMD,svm,2026,3,full,random_005,0.3120845031019974,0.345,3,182,0.1554149090006831,drlbp+gabor+lbp,
FMD,svm,2026,3,full,random_006,0.98010989010989,0.98,3,2560,1.0293393000029027,densenet121+dinov2+siglip_base,
FMD,svm,2026,3,full,random_007,0.9349168653340669,0.935,3,3812,1.6565063599991845,efficientnet_b0+hog+vit_b16,
FMD,svm,2026,3,full,random_008,0.98510989010989,0.985,3,2816,0.9444118400024308,densenet121+dinov2_large+siglip_base,
FMD,svm,2026,3,full,random_009,0.9349168653340669,0.935,3,3812,1.2546372849974432,efficientnet_b0+hog+vit_b16,
FMD,svm,2026,3,full,random_010,0.9500790672741892,0.95,3,1590,0.7470096699980786,eva02_base+lbp+mae_base,
FMD,svm,2026,3,full,random_011,0.9451414652955089,0.945,3,3072,0.9704389580001589,densenet121+dinov2+efficientnet_b0,
FMD,svm,2026,3,full,random_012,0.9009715915235812,0.9,3,1920,0.5568942959980632,deit_s+swin_t+vit_b16,
FMD,svm,2026,3,full,random_013,0.950363553724601,0.95,3,2560,0.7404380309999397,beitv2_base_final+convnext_v2_t+densenet121,
FMD,svm,2026,3,full,random_014,0.9603215672586064,0.96,3,3584,1.0016162110005098,convnext_v2_t+eva02_base+resnet101,
FMD,svm,2026,3,full,random_015,0.9750906346541777,0.975,3,2096,0.8310639569972409,efficientnet_b0+gabor+siglip_base,
FMD,svm,2026,3,full,random_016,0.8067016700894362,0.805,3,1334,0.6904518129995267,densenet121+lbp+rgb_ngram_svd,
FMD,svm,2026,3,full,random_017,0.8867461894291162,0.885,3,4196,1.0652790860003734,deit_s+hog+resnet101,
FMD,svm,2026,3,full,random_018,0.965234521575985,0.965,3,3456,0.7958155020023696,dinov2_large+dinov2_small+resnet50,
FMD,svm,2026,3,full,random_019,0.8535434268361097,0.855,3,3098,1.5529867479999666,efficientnet_b0+hog+lbp,
FMD,svm,2026,3,full,random_020,0.852342091194315,0.855,3,7140,1.3031240250020346,efficientnet_b0+hog+vgg16,
FMD,svm,2026,3,full,random_021,0.9552072724023943,0.955,3,1920,0.6110085619984602,convnext_v2_t+dinov2_small+vit_b16,
FMD,svm,2026,3,full,random_022,0.9651005092468508,0.965,3,2304,0.8178423470017151,eva02_base+mae_base+swin_t,
FMD,svm,2026,3,full,random_023,0.9347330650462273,0.935,3,3072,0.6232528500004264,beitv2_base_final+resnet50+rgb_ngram_svd,
FMD,svm,2026,3,full,random_024,0.9650964418551068,0.965,3,2916,0.6848477530002128,convnext_v2_t+dinov2_small+hog,
FMD,svm,2026,3,full,random_025,0.9600995688094531,0.96,3,1232,0.29838070000187145,dinov2_small+drlbp+vit_b16,
FMD,svm,2026,3,full,random_026,0.9600995688094531,0.96,3,1920,0.6266611749997537,dinov2_small+mae_base+vit_b16,
FMD,svm,2026,3,full,random_027,0.8581603133928717,0.855,3,4196,1.4697877770013292,deit_s+hog+resnet50,
FMD,svm,2026,3,full,random_028,0.9252274117421744,0.925,3,3584,1.0476208230029442,resnet101+swin_t+vit_b16,
FMD,svm,2026,3,full,random_029,0.9650995688094532,0.965,3,2896,0.8353316120010277,dinov2+drlbp+resnet50,
FMD,svm,2026,3,full,random_030,0.9549723041186455,0.955,3,1584,1.1277556940003706,eva02_base+gabor+mae_base,
FMD,svm,2026,3,full,random_031,0.896011316743024,0.895,3,2586,1.4843878789979499,hog+lbp+vit_b16,
FMD,svm,2026,3,full,random_032,0.9601915906087921,0.96,3,3584,1.1786396649986273,convnext_v2_t+dinov2+resnet50,
FMD,svm,2026,3,full,random_033,0.9257123909339035,0.925,3,1840,0.9492823079999653,beitv2_base_final+densenet121+gabor,
FMD,svm,2026,3,full,random_034,0.9748337306681337,0.975,3,2870,1.0483521430032852,lbp+resnet50+siglip_base,
FMD,svm,2026,3,full,random_035,0.9801188242651658,0.98,3,2304,1.188182305002556,beitv2_base_final+eva02_base+siglip_base,
FMD,svm,2026,3,full,random_036,0.878511658075201,0.88,3,3072,1.336863266002183,resnet101+rgb_ngram_svd+swin_t,
FMD,svm,2026,3,full,random_037,0.9605323247470305,0.96,3,2688,0.8037377129985543,dinov2_large+dinov2_small+efficientnet_b0,
FMD,svm,2026,3,full,random_038,0.9552456698968328,0.955,3,5120,0.9539281309989747,rgb_ngram_svd+siglip_base+vgg16,
FMD,svm,2026,3,full,random_039,0.9255768446160124,0.925,3,5504,0.9482884890021523,densenet121+dinov2_small+vgg16,
FMD,svm,2026,3,full,random_040,0.9802376485303315,0.98,3,1920,0.8173725560009188,beitv2_base_final+dinov2_small+eva02_base,
FMD,svm,2026,3,full,random_041,0.8886193857952523,0.89,3,2896,1.7593870060009067,drlbp+mae_base+resnet101,
FMD,svm,2026,3,full,random_042,0.9748039798039798,0.975,3,1840,0.8760891439997067,dinov2_large+gabor+siglip_base,
FMD,svm,2026,3,full,random_043,0.9702345215759849,0.97,3,3584,1.0131243579999136,beitv2_base_final+dinov2+resnet101,
FMD,svm,2026,3,full,random_044,0.965093761608524,0.965,3,3812,1.2783620199988945,efficientnet_b0+eva02_base+hog,
FMD,svm,2026,3,full,random_045,0.9597764427211841,0.96,3,1126,0.6689839579994441,dinov2_large+gabor+lbp,
FMD,svm,2026,3,full,random_046,0.8265226049570916,0.825,3,4912,1.127882487999159,gabor+mae_base+vgg16,
FMD,svm,2026,3,full,random_047,0.9802287143750558,0.98,3,3300,1.321405100999982,hog+siglip_base+vit_b16,
FMD,svm,2026,3,full,random_048,0.9801067631555437,0.98,3,866,0.5947682510013692,drlbp+glcm+siglip_base,
FMD,svm,2026,3,full,random_049,0.9448202824133505,0.945,3,3584,1.0055353839998133,beitv2_base_final+resnet101+vit_b16,
FMD,svm,2026,3,full,random_050,0.8510958353527837,0.85,3,2688,0.8046445959989796,deit_s+resnet50+rgb_ngram_svd,
FMD,svm,2026,3,full,random_051,0.8999060503039964,0.9,3,2128,0.9112035950020072,drlbp+efficientnet_b0+swin_t,
FMD,svm,2026,3,full,random_052,0.9652125858736899,0.965,3,1920,0.6603378250001697,convnext_v2_t+dinov2_small+mae_base,
FMD,svm,2026,3,full,random_053,0.891827628669734,0.89,3,1920,0.7213496010008384,convnext_v2_t+deit_s+mae_base,
FMD,svm,2026,3,full,random_054,0.8842192723835854,0.885,3,866,0.5127429759995721,drlbp+glcm+vit_b16,
FMD,svm,2026,3,full,random_055,0.9649718103890119,0.965,3,1792,0.6255127220028953,convnext_v2_t+rgb_ngram_svd+siglip_base,
FMD,svm,2026,3,full,random_056,0.868435848708709,0.87,3,7908,1.6259271029994125,hog+resnet101+vgg16,
FMD,svm,2026,3,full,random_057,0.9650995688094532,0.965,3,2864,0.8736333870001545,dinov2+gabor+resnet50,
FMD,svm,2026,3,full,random_058,0.9502451891283726,0.95,3,5632,0.9485999729986361,eva02_base+mae_base+vgg16,
FMD,svm,2026,3,full,random_059,0.9703386044849459,0.97,3,5632,0.9362726499966811,beitv2_base_final+siglip_base+vgg16,
FMD,svm,2026,3,full,random_060,0.9454391137317966,0.945,3,822,0.37455318800130044,deit_s+dinov2_small+lbp,
FMD,svm,2026,3,full,random_061,0.8896670616503736,0.89,3,2102,0.9820245250011794,efficientnet_b0+lbp+swin_t,
FMD,svm,2026,3,full,random_062,0.9604506811117851,0.96,3,482,0.27506367699970724,dinov2_small+drlbp+glcm,
FMD,svm,2026,3,full,random_063,0.9403104148739578,0.94,3,6144,1.096361292002257,beitv2_base_final+efficientnet_b0+vgg16,
FMD,svm,2026,3,full,random_064,0.9209937323128056,0.92,3,1554,0.626169511997432,glcm+swin_t+vit_b16,
FMD,svm,2026,3,full,random_065,0.9651928684007676,0.965,3,2304,0.8350720930029638,convnext_v2_t+siglip_base+swin_t,
FMD,svm,2026,3,full,random_066,0.9100122628662497,0.91,3,4864,1.2050674160018389,resnet101+resnet50+vit_b16,
FMD,svm,2026,3,full,random_067,0.9752345215759849,0.975,3,1462,0.5434858489970793,dinov2_large+dinov2_small+lbp,
FMD,svm,2026,3,full,random_068,0.9700937616085241,0.97,3,3584,0.854311240997049,eva02_base+resnet50+swin_t,
FMD,svm,2026,3,full,random_069,0.9451933621304013,0.945,3,5248,0.6890328310000768,deit_s+eva02_base+vgg16,
FMD,svm,2026,3,full,random_070,0.9699807445442875,0.97,3,1554,0.697868405997724,eva02_base+glcm+siglip_base,
FMD,svm,2026,3,full,random_071,0.9799718103890118,0.98,3,2560,0.9162426480033901,dinov2_large+eva02_base+mae_base,
FMD,svm,2026,3,full,random_072,0.7669881797954461,0.765,3,720,0.4999454699973285,deit_s+drlbp+rgb_ngram_svd,
FMD,svm,2026,3,full,random_073,0.9653148196202798,0.965,3,2896,0.862896255999658,drlbp+eva02_base+resnet50,
FMD,svm,2026,3,full,random_074,0.9748039798039798,0.975,3,2560,0.8449161790013022,dinov2_large+siglip_base+vit_b16,
FMD,svm,2026,3,full,random_075,0.9353319700271667,0.935,3,1590,0.6284312120005779,convnext_v2_t+lbp+vit_b16,
FMD,svm,2026,3,full,random_076,0.9095058014185101,0.91,3,1840,0.8805919699989317,densenet121+gabor+vit_b16,
FMD,svm,2026,3,full,random_077,0.8244559099437149,0.825,3,3556,2.327364905999275,densenet121+hog+mae_base,
FMD,svm,2026,3,full,random_078,0.9502027429934407,0.95,3,2896,0.8219197090002126,drlbp+eva02_base+resnet101,
FMD,svm,2026,3,full,random_079,0.9750906346541777,0.975,3,2128,0.8781258849994629,drlbp+efficientnet_b0+siglip_base,
FMD,svm,2026,3,full,random_080,0.9409633862072887,0.94,3,2432,0.93377953199888,dinov2_small+efficientnet_b0+mae_base,
FMD,svm,2026,3,full,random_081,0.9155135728627386,0.915,3,4096,1.0575644989985449,efficientnet_b0+resnet101+vit_b16,
FMD,svm,2026,3,full,random_082,0.8438201285859286,0.845,3,1078,0.5406587040015438,lbp+rgb_ngram_svd+swin_t,
FMD,svm,2026,3,full,random_083,0.9653148196202798,0.965,3,2304,0.7631887390016345,eva02_base+swin_t+vit_b16,
FMD,svm,2026,3,full,random_084,0.9750848274532485,0.975,3,5632,0.7063240919997043,eva02_base+vgg16+vit_b16,
FMD,svm,2026,3,full,random_085,0.8863829047549977,0.885,3,1206,0.5340597889990022,deit_s+lbp+swin_t,
FMD,svm,2026,3,full,random_086,0.970234521575985,0.97,3,4480,0.9622679180029081,dinov2_small+resnet101+resnet50,
FMD,svm,2026,3,full,random_087,0.8454159609486952,0.845,3,2788,1.3136795280006481,hog+rgb_ngram_svd+swin_t,
FMD,svm,2026,3,full,random_088,0.9601608993072407,0.96,3,1846,0.7224746800020512,dinov2_large+lbp+swin_t,
FMD,svm,2026,3,full,random_089,0.9356074561636254,0.935,3,1616,0.6962518910004292,beitv2_base_final+drlbp+swin_t,
FMD,svm,2026,3,full,random_090,0.9802376485303315,0.98,3,2304,0.7633453109992843,beitv2_base_final+dinov2+eva02_base,
FMD,svm,2026,3,full,random_091,0.9347278060692694,0.935,3,2896,0.879280049000954,beitv2_base_final+drlbp+resnet50,
FMD,svm,2026,3,full,random_092,0.9749686834346655,0.975,3,3584,1.3820965310005704,mae_base+resnet101+siglip_base,
FMD,svm,2026,3,full,random_093,0.8751904150620454,0.875,3,3408,1.1442597009991005,drlbp+efficientnet_b0+resnet101,
FMD,svm,2026,3,full,random_094,0.8098485411020991,0.805,3,518,0.3101780500001041,deit_s+drlbp+lbp,
FMD,svm,2026,3,full,random_095,0.9650995688094532,0.965,3,2896,0.8589006589972996,dinov2+drlbp+resnet50,
FMD,svm,2026,3,full,random_096,0.9702125858736899,0.97,3,2304,0.693207464999432,convnext_v2_t+eva02_base+vit_b16,
FMD,svm,2026,3,full,random_097,0.866064750397228,0.865,3,2560,1.094183052999142,densenet121+efficientnet_b0+rgb_ngram_svd,
FMD,svm,2026,3,full,random_098,0.9604506811117851,0.96,3,1206,0.7772464600020612,dinov2_small+lbp+mae_base,
FMD,svm,2026,3,full,random_099,0.912979764494527,0.915,3,2896,0.948829664997902,convnext_v2_t+drlbp+resnet101,
FMD,svm,2026,4,full,random_000,0.9548154156498188,0.955,3,2450,0.6302157779973641,dinov2_small+glcm+resnet50,
FMD,svm,2026,4,full,random_001,0.9393161544752733,0.94,3,2896,0.8193479860019579,beitv2_base_final+drlbp+resnet101,
FMD,svm,2026,4,full,random_002,0.9649297105060308,0.965,3,2304,0.8967379380010243,eva02_base+mae_base+swin_t,
FMD,svm,2026,4,full,random_003,0.9701125703564728,0.97,3,2586,1.0813088869981584,eva02_base+hog+lbp,
FMD,svm,2026,4,full,random_004,0.8771306079457556,0.875,3,896,0.5298952539997117,drlbp+gabor+swin_t,
FMD,svm,2026,4,full,random_005,0.980103636201197,0.98,3,896,0.5093697949996567,drlbp+gabor+siglip_base,
FMD,svm,2026,4,full,random_006,0.9196866163361672,0.92,3,902,0.5113381529990875,convnext_v2_t+drlbp+lbp,
FMD,svm,2026,4,full,random_007,0.9546238002001205,0.955,3,7168,1.2000669699991704,dinov2_large+resnet101+vgg16,
FMD,svm,2026,4,full,random_008,0.81919226544387,0.82,3,1664,0.7615149010016466,deit_s+densenet121+rgb_ngram_svd,
FMD,svm,2026,4,full,random_009,0.9502513380369606,0.95,3,5888,0.8924544280016562,dinov2_large+swin_t+vgg16,
FMD,svm,2026,4,full,random_010,0.9646903374759601,0.965,3,1840,0.6569736950004881,convnext_v2_t+dinov2_large+gabor,
FMD,svm,2026,4,full,random_011,0.2949315787916,0.305,3,328,0.34353197800010093,glcm+lbp+rgb_ngram_svd,
FMD,svm,2026,4,full,random_012,0.9499156097230552,0.95,3,3428,1.205678563001129,dinov2_small+efficientnet_b0+hog,
FMD,svm,2026,4,full,random_013,0.9651745533824526,0.965,3,3584,0.9118084449983144,beitv2_base_final+resnet101+siglip_base,
FMD,svm,2026,4,full,random_014,0.9045174475327922,0.905,3,2612,1.4510829279970494,convnext_v2_t+drlbp+hog,
FMD,svm,2026,4,full,random_015,0.9648592870544089,0.965,3,2836,1.685870271998283,dinov2_large+gabor+hog,
FMD,svm,2026,4,full,random_016,0.806926907584877,0.81,3,4432,0.6943341469996085,drlbp+rgb_ngram_svd+vgg16,
FMD,svm,2026,4,full,random_017,0.9752345215759849,0.975,3,2304,0.8992146819982736,dinov2+efficientnet_b0+rgb_ngram_svd,
FMD,svm,2026,4,full,random_018,0.9104156165645255,0.91,3,3584,1.2099205630001961,mae_base+resnet50+vit_b16,
FMD,svm,2026,4,full,random_019,0.9159982198814035,0.915,3,2304,0.765570949002722,mae_base+swin_t+vit_b16,
FMD,svm,2026,4,full,random_020,0.9447983784234791,0.945,3,1920,0.5437854010015144,convnext_v2_t+deit_s+eva02_base,
FMD,svm,2026,4,full,random_021,0.9648337306681336,0.965,3,1462,0.5536832839970884,densenet121+dinov2_small+lbp,
FMD,svm,2026,4,full,random_022,0.9704668096131511,0.97,3,1206,0.5071332000006805,deit_s+dinov2+lbp,
FMD,svm,2026,4,full,random_023,0.9546227009641644,0.955,3,1408,0.49370557200018084,deit_s+dinov2+rgb_ngram_svd,
FMD,svm,2026,4,full,random_024,0.8889496787215195,0.89,3,4912,0.6796201739998651,gabor+vgg16+vit_b16,
FMD,svm,2026,4,full,random_025,0.8283171479683109,0.83,3,2688,0.728321259997756,deit_s+resnet50+rgb_ngram_svd,
FMD,svm,2026,4,full,random_026,0.9697243342878774,0.97,3,1536,0.47268182399784564,deit_s+dinov2+dinov2_small,
FMD,svm,2026,4,full,random_027,0.9641694133157547,0.965,3,1846,0.6900585910007067,beitv2_base_final+dinov2_large+lbp,
FMD,svm,2026,4,full,random_028,0.9749816849816849,0.975,3,2870,0.9013604159990791,eva02_base+lbp+resnet101,
FMD,svm,2026,4,full,random_029,0.8598783521858723,0.86,3,6912,1.3817897510016337,mae_base+resnet50+vgg16,
FMD,svm,2026,4,full,random_030,0.9849937460913072,0.985,3,5888,0.8441058489988791,dinov2+dinov2_large+vgg16,
FMD,svm,2026,4,full,random_031,0.9699686834346654,0.97,3,1456,0.5783387880001101,dinov2_large+dinov2_small+gabor,
FMD,svm,2026,4,full,random_032,0.8483941762255653,0.85,3,2896,1.5554252729998552,drlbp+mae_base+resnet50,
FMD,svm,2026,4,full,random_033,0.9702027429934408,0.97,3,2864,1.0986101620001136,gabor+resnet101+siglip_base,
FMD,svm,2026,4,full,random_034,0.6681116502841026,0.675,3,866,1.3695635340009176,drlbp+glcm+mae_base,
FMD,svm,2026,4,full,random_035,0.7580223429024683,0.76,3,688,0.4978276440015179,deit_s+gabor+rgb_ngram_svd,
FMD,svm,2026,4,full,random_036,0.8230588033292168,0.825,3,2322,0.9380561340003624,glcm+resnet50+rgb_ngram_svd,
FMD,svm,2026,4,full,random_037,0.8759116011523627,0.875,3,2896,0.7845654079974338,drlbp+resnet50+swin_t,
FMD,svm,2026,4,full,random_038,0.9899937460913073,0.99,3,2560,0.9572647029999644,dinov2+dinov2_large+mae_base,
FMD,svm,2026,4,full,random_039,0.9395906667857888,0.94,3,5120,0.673205469000095,beitv2_base_final+rgb_ngram_svd+vgg16,
FMD,svm,2026,4,full,random_040,0.8900449115861854,0.89,3,2128,0.9272858840013214,drlbp+efficientnet_b0+vit_b16,
FMD,svm,2026,4,full,random_041,0.9498004061418696,0.95,3,2048,0.7032344099970942,deit_s+dinov2_small+efficientnet_b0,
FMD,svm,2026,4,full,random_042,0.9551973978097212,0.955,3,5120,0.6948460820021864,eva02_base+rgb_ngram_svd+vgg16,
FMD,svm,2026,4,full,random_043,0.8704868335356142,0.87,3,3408,1.3101405070010514,drlbp+efficientnet_b0+resnet101,
FMD,svm,2026,4,full,random_044,0.8636434575051467,0.865,3,8192,1.3373697819988593,resnet101+resnet50+vgg16,
FMD,svm,2026,4,full,random_045,0.8721171126691024,0.87,3,902,0.5366103589985869,drlbp+lbp+swin_t,
FMD,svm,2026,4,full,random_046,0.8639216099834961,0.865,3,6224,0.9750770079990616,drlbp+resnet101+vgg16,
FMD,svm,2026,4,full,random_047,0.9502637855820231,0.95,3,3584,0.9550601039991307,convnext_v2_t+resnet50+siglip_base,
FMD,svm,2026,4,full,random_048,0.969971810389012,0.97,3,1584,0.6591517890010437,dinov2+gabor+vit_b16,
FMD,svm,2026,4,full,random_049,0.969971810389012,0.97,3,1554,0.5504554500002996,dinov2+glcm+vit_b16,
FMD,svm,2026,4,full,random_050,0.8460882613321636,0.845,3,1104,0.6104648090004048,drlbp+rgb_ngram_svd+swin_t,
FMD,svm,2026,4,full,random_051,0.96042470973017,0.96,3,2816,0.8825794490003318,efficientnet_b0+eva02_base+vit_b16,
FMD,svm,2026,4,full,random_052,0.7580223429024683,0.76,3,688,0.46788055000070017,deit_s+gabor+rgb_ngram_svd,
FMD,svm,2026,4,full,random_053,0.9500420750420749,0.95,3,1718,0.5910850760010362,dinov2_small+efficientnet_b0+lbp,
FMD,svm,2026,4,full,random_054,0.8902480271203371,0.89,3,1232,0.4671502849996614,deit_s+drlbp+vit_b16,
FMD,svm,2026,4,full,random_055,0.9798525394160823,0.98,3,2304,0.7054432130025816,convnext_v2_t+dinov2+eva02_base,
FMD,svm,2026,4,full,random_056,0.9549203296429913,0.955,3,3840,0.9125764990021707,convnext_v2_t+dinov2_large+resnet50,
FMD,svm,2026,4,full,random_057,0.9649776175899412,0.965,3,2486,0.549883977000718,dinov2_small+lbp+resnet50,
FMD,svm,2026,4,full,random_058,0.9498282697191556,0.95,3,6912,1.0389909669975168,beitv2_base_final+resnet101+vgg16,
FMD,svm,2026,4,full,random_059,0.9391229086864517,0.94,3,4736,0.5600449369994749,dinov2_small+rgb_ngram_svd+vgg16,
FMD,svm,2026,4,full,random_060,0.9496165054559838,0.95,3,1554,0.6298752309994597,convnext_v2_t+glcm+siglip_base,
FMD,svm,2026,4,full,random_061,0.9103555950539262,0.91,3,2128,0.8503409369986912,convnext_v2_t+drlbp+efficientnet_b0,
FMD,svm,2026,4,full,random_062,0.9002938222963897,0.9,3,2096,0.8338558190007461,efficientnet_b0+gabor+vit_b16,
FMD,svm,2026,4,full,random_063,0.9849937460913072,0.985,3,5632,0.7927199169971573,dinov2+siglip_base+vgg16,
FMD,svm,2026,4,full,random_064,0.7778323869361873,0.78,3,2404,1.214054528001725,deit_s+hog+rgb_ngram_svd,
FMD,svm,2026,4,full,random_065,0.96042470973017,0.96,3,2816,0.8809024119982496,efficientnet_b0+eva02_base+vit_b16,
FMD,svm,2026,4,full,random_066,0.8887668653166267,0.89,3,6628,1.2952048469996953,hog+vgg16+vit_b16,
FMD,svm,2026,4,full,random_067,0.8434664736205173,0.845,3,2560,1.0880178829975193,densenet121+efficientnet_b0+rgb_ngram_svd,
FMD,svm,2026,4,full,random_068,0.965093761608524,0.965,3,2304,0.9656345060029707,dinov2+mae_base+swin_t,
FMD,svm,2026,4,full,random_069,0.9649297105060308,0.965,3,1590,0.5744158849993255,eva02_base+lbp+swin_t,
FMD,svm,2026,4,full,random_070,0.9444525870649108,0.945,3,694,0.6128557240008377,dinov2_small+lbp+rgb_ngram_svd,
FMD,svm,2026,4,full,random_071,0.9649525549332996,0.965,3,2560,1.540568696000264,densenet121+mae_base+siglip_base,
FMD,svm,2026,4,full,random_072,0.9599113954877158,0.96,3,2304,0.9078339679981582,beitv2_base_final+siglip_base+swin_t,
FMD,svm,2026,4,full,random_073,0.9453460400828823,0.945,3,1554,0.7621774649996951,beitv2_base_final+glcm+swin_t,
FMD,svm,2026,4,full,random_074,0.8709116011523627,0.87,3,2834,1.119023497998569,glcm+resnet50+swin_t,
FMD,svm,2026,4,full,random_075,0.9598274767594408,0.96,3,3200,0.9885479129989108,beitv2_base_final+dinov2_small+resnet50,
FMD,svm,2026,4,full,random_076,0.9100478468899521,0.91,3,1206,0.6762968670009286,convnext_v2_t+deit_s+lbp,
FMD,svm,2026,4,full,random_077,0.9450646632725623,0.945,3,1200,0.6552573240005586,deit_s+gabor+siglip_base,
FMD,svm,2026,4,full,random_078,0.8683377690630578,0.87,3,3456,1.0847434239985887,deit_s+densenet121+resnet50,
FMD,svm,2026,4,full,random_079,0.974865540963102,0.975,3,2176,1.0907762320020993,beitv2_base_final+dinov2_large+dinov2_small,
FMD,svm,2026,4,full,random_080,0.9550552824095231,0.955,3,2788,1.947123501002352,hog+rgb_ngram_svd+siglip_base,
FMD,svm,2026,4,full,random_081,0.9650615363182158,0.965,3,3584,1.1107775769996806,convnext_v2_t+dinov2+resnet50,
FMD,svm,2026,4,full,random_082,0.9650995688094532,0.965,3,1554,0.5300687320013822,eva02_base+glcm+vit_b16,
FMD,svm,2026,4,full,random_083,0.8759006889249118,0.875,3,2560,1.2025814999979048,densenet121+mae_base+swin_t,
FMD,svm,2026,4,full,random_084,0.9452191860343337,0.945,3,5632,0.8921568099976867,siglip_base+swin_t+vgg16,
FMD,svm,2026,4,full,random_085,0.8891623151507618,0.89,3,2480,1.0295487110015529,deit_s+gabor+resnet101,
FMD,svm,2026,4,full,random_086,0.9799785580273387,0.98,3,2896,1.357067212000402,drlbp+eva02_base+resnet101,
FMD,svm,2026,4,full,random_087,0.9451983382471187,0.945,3,4196,1.5153910969966091,dinov2_small+hog+resnet50,
FMD,svm,2026,4,full,random_088,0.9699718103890118,0.97,3,5888,1.4651117579996935,dinov2_large+mae_base+vgg16,
FMD,svm,2026,4,full,random_089,0.8995315974754432,0.9,3,3712,1.102316325999709,deit_s+efficientnet_b0+resnet50,
FMD,svm,2026,4,full,random_090,0.9143918743584386,0.915,3,896,0.8215180830011377,convnext_v2_t+drlbp+gabor,
FMD,svm,2026,4,full,random_091,0.9597055255399287,0.96,3,3072,1.5512548169972433,densenet121+efficientnet_b0+eva02_base,
FMD,svm,2026,4,full,random_092,0.8230341472287019,0.825,3,2916,2.304088838001917,deit_s+hog+mae_base,
FMD,svm,2026,4,full,random_093,0.9057442665859254,0.905,3,2870,0.9609151490003569,lbp+resnet50+vit_b16,
FMD,svm,2026,4,full,random_094,0.9748556663704289,0.975,3,3840,1.0631699840014335,densenet121+dinov2+resnet101,
FMD,svm,2026,4,full,random_095,0.8490875838244261,0.85,3,4736,0.6298086830029206,deit_s+rgb_ngram_svd+vgg16,
FMD,svm,2026,4,full,random_096,0.8596758459917847,0.86,3,3408,1.1868107610025618,drlbp+efficientnet_b0+resnet50,
FMD,svm,2026,4,full,random_097,0.9748587933247752,0.975,3,1872,0.8205511890009802,densenet121+dinov2+drlbp,
FMD,svm,2026,4,full,random_098,0.8596618005893465,0.86,3,6224,1.1627299440006027,drlbp+resnet50+vgg16,
FMD,svm,2026,4,full,random_099,0.802251668503273,0.805,3,450,0.3316926939987752,deit_s+gabor+glcm,
