dataset,classifier,seed,outer_fold,run_mode,method,macro_f1,accuracy,k,dimensions,fit_seconds,selected,inner_f1
SoilOriginal,resmlp,42,0,full,random_000,0.8705867508396719,0.9210526315789473,7,9654,1.1483330460032448,deit_s+densenet121+efficientnet_b0+eva02_base+lbp+resnet50+vgg16,
SoilOriginal,resmlp,42,0,full,random_001,0.8830500677469459,0.9429824561403509,7,5584,0.9997880090086255,dinov2_small+drlbp+efficientnet_b0+resnet101+rgb_ngram_svd+siglip_base+swin_t,
SoilOriginal,resmlp,42,0,full,random_002,0.9007566401304029,0.9385964912280702,7,5090,0.9047959900053684,dinov2_large+dinov2_small+drlbp+efficientnet_b0+glcm+resnet50+rgb_ngram_svd,
SoilOriginal,resmlp,42,0,full,random_003,0.8768876516025476,0.9166666666666666,7,8036,1.1161474189866567,convnext_v2_t+deit_s+dinov2_large+efficientnet_b0+eva02_base+hog+resnet101,
SoilOriginal,resmlp,42,0,full,random_004,0.8782309289107422,0.9385964912280702,7,3632,1.2411035229888512,beitv2_base_final+deit_s+densenet121+dinov2_small+gabor+mae_base+rgb_ngram_svd,
SoilOriginal,resmlp,42,0,full,random_005,0.9231958363380263,0.9473684210526315,7,7220,0.9810464269976364,beitv2_base_final+dinov2_large+drlbp+eva02_base+hog+resnet101+swin_t,
SoilOriginal,resmlp,42,0,full,random_006,0.9035542671021685,0.9385964912280702,7,2706,1.4511005420063157,convnext_v2_t+drlbp+eva02_base+gabor+glcm+rgb_ngram_svd+swin_t,
SoilOriginal,resmlp,42,0,full,random_007,0.917525468244448,0.9429824561403509,7,6162,1.1295532469957834,densenet121+dinov2+efficientnet_b0+eva02_base+glcm+resnet101+rgb_ngram_svd,
SoilOriginal,resmlp,42,0,full,random_008,0.9157308188425161,0.9473684210526315,7,4450,1.387776944990037,densenet121+dinov2_large+drlbp+efficientnet_b0+eva02_base+glcm+rgb_ngram_svd,
SoilOriginal,resmlp,42,0,full,random_009,0.8559514592184981,0.9166666666666666,7,10084,1.559510057006264,beitv2_base_final+convnext_v2_t+deit_s+densenet121+efficientnet_b0+hog+vgg16,
SoilOriginal,resmlp,42,0,full,random_010,0.8641906382582227,0.9210526315789473,7,5504,1.527290083002299,beitv2_base_final+dinov2+dinov2_large+drlbp+gabor+mae_base+resnet101,
SoilOriginal,resmlp,42,0,full,random_011,0.8953523222328855,0.9429824561403509,7,7094,1.4823643069976242,beitv2_base_final+deit_s+eva02_base+lbp+mae_base+rgb_ngram_svd+vgg16,
SoilOriginal,resmlp,42,0,full,random_012,0.8907356820761211,0.9342105263157895,7,9526,1.2585246470116545,beitv2_base_final+densenet121+eva02_base+lbp+resnet50+siglip_base+vgg16,
SoilOriginal,resmlp,42,0,full,random_013,0.8745735617662912,0.9342105263157895,7,5248,1.2358797850029077,convnext_v2_t+deit_s+densenet121+dinov2+eva02_base+siglip_base+swin_t,
SoilOriginal,resmlp,42,0,full,random_014,0.8539250570329334,0.9166666666666666,7,5632,1.4934413059963845,dinov2+dinov2_large+dinov2_small+drlbp+efficientnet_b0+gabor+resnet50,
SoilOriginal,resmlp,42,0,full,random_015,0.88572172227544,0.9342105263157895,7,6762,1.4649746140057687,drlbp+efficientnet_b0+eva02_base+hog+lbp+mae_base+resnet101,
SoilOriginal,resmlp,42,0,full,random_016,0.8552735363128269,0.9166666666666666,7,6856,1.238223399996059,beitv2_base_final+deit_s+dinov2+glcm+lbp+vgg16+vit_b16,
SoilOriginal,resmlp,42,0,full,random_017,0.8594722631690049,0.9166666666666666,7,4626,1.357515344992862,deit_s+dinov2+dinov2_large+dinov2_small+efficientnet_b0+eva02_base+glcm,
SoilOriginal,resmlp,42,0,full,random_018,0.8895790947345542,0.9473684210526315,7,6682,1.2835882500075968,dinov2_large+hog+lbp+mae_base+resnet50+rgb_ngram_svd+swin_t,
SoilOriginal,resmlp,42,0,full,random_019,0.914526393980057,0.9517543859649122,7,6426,1.7927781469916226,convnext_v2_t+dinov2+eva02_base+hog+lbp+resnet101+rgb_ngram_svd,
SoilOriginal,resmlp,42,0,full,random_020,0.8690959630130629,0.9298245614035088,7,8722,2.069868270002189,convnext_v2_t+densenet121+dinov2+efficientnet_b0+glcm+mae_base+vgg16,
SoilOriginal,resmlp,42,0,full,random_021,0.8585937669167897,0.9166666666666666,7,6170,1.23933405400021,convnext_v2_t+dinov2+efficientnet_b0+hog+lbp+mae_base+siglip_base,
SoilOriginal,resmlp,42,0,full,random_022,0.9082825474668608,0.9517543859649122,7,9136,1.3462999149924144,deit_s+densenet121+eva02_base+gabor+resnet101+siglip_base+vgg16,
SoilOriginal,resmlp,42,0,full,random_023,0.9000435721774952,0.9429824561403509,7,6372,1.2525911400007317,beitv2_base_final+convnext_v2_t+eva02_base+hog+mae_base+siglip_base+swin_t,
SoilOriginal,resmlp,42,0,full,random_024,0.9137661558187214,0.9473684210526315,7,3912,0.891782286009402,convnext_v2_t+dinov2+eva02_base+glcm+lbp+mae_base+vit_b16,
SoilOriginal,resmlp,42,0,full,random_025,0.8690815220708145,0.9078947368421053,7,4230,1.1214381309982855,beitv2_base_final+densenet121+dinov2+drlbp+eva02_base+lbp+siglip_base,
SoilOriginal,resmlp,42,0,full,random_026,0.8568990149419254,0.9078947368421053,7,3656,1.5503949980047764,convnext_v2_t+deit_s+dinov2_small+efficientnet_b0+glcm+lbp+siglip_base,
SoilOriginal,resmlp,42,0,full,random_027,0.8618897286261076,0.9210526315789473,7,6704,1.0140526339964708,dinov2+dinov2_large+efficientnet_b0+gabor+mae_base+resnet101+siglip_base,
SoilOriginal,resmlp,42,0,full,random_028,0.8328335021952042,0.8903508771929824,7,5780,1.2422271749965148,convnext_v2_t+deit_s+efficientnet_b0+gabor+hog+swin_t+vit_b16,
SoilOriginal,resmlp,42,0,full,random_029,0.8760374054797895,0.9210526315789473,7,6170,1.1867907590058167,beitv2_base_final+dinov2+efficientnet_b0+hog+lbp+swin_t+vit_b16,
SoilOriginal,resmlp,42,0,full,random_030,0.8751207433895164,0.9122807017543859,7,6400,1.2270783119893167,beitv2_base_final+deit_s+dinov2+dinov2_small+efficientnet_b0+eva02_base+resnet101,
SoilOriginal,resmlp,42,0,full,random_031,0.8592874682877308,0.9166666666666666,7,4352,0.8999762000021292,convnext_v2_t+dinov2_large+dinov2_small+drlbp+efficientnet_b0+gabor+siglip_base,
SoilOriginal,resmlp,42,0,full,random_032,0.8806142327210329,0.9166666666666666,7,5558,0.915755216992693,beitv2_base_final+convnext_v2_t+dinov2+dinov2_small+eva02_base+lbp+resnet50,
SoilOriginal,resmlp,42,0,full,random_033,0.8621168564134924,0.9166666666666666,7,7444,1.1837133189983433,convnext_v2_t+densenet121+dinov2+dinov2_large+gabor+hog+resnet50,
SoilOriginal,resmlp,42,0,full,random_034,0.8836988299917776,0.9385964912280702,7,6520,1.8211938140011625,efficientnet_b0+gabor+glcm+lbp+mae_base+rgb_ngram_svd+vgg16,
SoilOriginal,resmlp,42,0,full,random_035,0.8776083634378307,0.9342105263157895,7,8112,1.3462271769967629,densenet121+dinov2_large+dinov2_small+gabor+siglip_base+swin_t+vgg16,
SoilOriginal,resmlp,42,0,full,random_036,0.8369198437429828,0.8947368421052632,7,7110,1.188157972006593,dinov2_small+drlbp+glcm+hog+resnet101+resnet50+swin_t,
SoilOriginal,resmlp,42,0,full,random_037,0.8586600365064382,0.9342105263157895,7,7322,1.1898912239994388,densenet121+dinov2+dinov2_small+efficientnet_b0+hog+lbp+resnet50,
SoilOriginal,resmlp,42,0,full,random_038,0.8884891488588298,0.9298245614035088,7,5704,1.2894545980088878,deit_s+dinov2_large+drlbp+gabor+glcm+lbp+vgg16,
SoilOriginal,resmlp,42,0,full,random_039,0.8767609550158362,0.9254385964912281,7,5494,1.397162124994793,drlbp+eva02_base+gabor+glcm+hog+resnet50+vit_b16,
SoilOriginal,resmlp,42,0,full,random_040,0.9197101496011166,0.9429824561403509,7,6528,1.0783024029951775,dinov2+dinov2_large+dinov2_small+efficientnet_b0+resnet101+rgb_ngram_svd+siglip_base,
SoilOriginal,resmlp,42,0,full,random_041,0.8846153202124023,0.9166666666666666,7,8802,1.4772630709921941,beitv2_base_final+densenet121+drlbp+eva02_base+glcm+resnet101+vgg16,
SoilOriginal,resmlp,42,0,full,random_042,0.9167021905229421,0.956140350877193,7,3298,1.139102336994256,convnext_v2_t+dinov2_large+dinov2_small+drlbp+glcm+mae_base+rgb_ngram_svd,
SoilOriginal,resmlp,42,0,full,random_043,0.90077647176468,0.9342105263157895,7,4278,0.8253982339956565,deit_s+densenet121+dinov2+dinov2_large+lbp+rgb_ngram_svd+siglip_base,
SoilOriginal,resmlp,42,0,full,random_044,0.8735604120190585,0.9254385964912281,7,3656,1.3645591310050804,convnext_v2_t+densenet121+glcm+lbp+mae_base+rgb_ngram_svd+swin_t,
SoilOriginal,resmlp,42,0,full,random_045,0.8457686670887622,0.9078947368421053,7,6034,1.8509208129980834,beitv2_base_final+convnext_v2_t+deit_s+efficientnet_b0+glcm+mae_base+resnet50,
SoilOriginal,resmlp,42,0,full,random_046,0.894410948037662,0.9342105263157895,7,7760,1.6173890880018007,dinov2_large+drlbp+mae_base+rgb_ngram_svd+siglip_base+swin_t+vgg16,
SoilOriginal,resmlp,42,0,full,random_047,0.8669923361320974,0.9210526315789473,7,4120,1.6775673090014607,convnext_v2_t+dinov2_small+drlbp+eva02_base+glcm+lbp+resnet50,
SoilOriginal,resmlp,42,0,full,random_048,0.9020921565941203,0.9473684210526315,7,8036,1.7748586569941835,deit_s+dinov2+hog+mae_base+resnet101+resnet50+rgb_ngram_svd,
SoilOriginal,resmlp,42,0,full,random_049,0.8700273110924107,0.9078947368421053,7,6528,1.5281446509907255,convnext_v2_t+deit_s+densenet121+dinov2+resnet50+siglip_base+vit_b16,
SoilOriginal,resmlp,42,0,full,random_050,0.8644207019770296,0.9122807017543859,7,4102,1.4245999730046606,beitv2_base_final+convnext_v2_t+dinov2_small+drlbp+efficientnet_b0+lbp+vit_b16,
SoilOriginal,resmlp,42,0,full,random_051,0.8518310306778988,0.9122807017543859,7,5248,1.2206539250037167,beitv2_base_final+convnext_v2_t+deit_s+densenet121+dinov2+swin_t+vit_b16,
SoilOriginal,resmlp,42,0,full,random_052,0.8796971676302983,0.9385964912280702,7,8090,1.9071924640011275,densenet121+dinov2+dinov2_small+hog+lbp+resnet101+resnet50,
SoilOriginal,resmlp,42,0,full,random_053,0.8403559135041657,0.8947368421052632,7,9908,1.553311144001782,convnext_v2_t+dinov2_small+drlbp+hog+resnet50+swin_t+vgg16,
SoilOriginal,resmlp,42,0,full,random_054,0.8945660881174898,0.9298245614035088,7,7234,1.8014892680075718,beitv2_base_final+eva02_base+gabor+glcm+mae_base+vgg16+vit_b16,
SoilOriginal,resmlp,42,0,full,random_055,0.9366539199915257,0.9605263157894737,7,5222,1.2766106470080558,densenet121+dinov2_large+gabor+lbp+mae_base+resnet101+rgb_ngram_svd,
SoilOriginal,resmlp,42,0,full,random_056,0.8544673810188745,0.9122807017543859,7,5138,0.8972957649966702,convnext_v2_t+deit_s+dinov2_small+glcm+resnet101+swin_t+vit_b16,
SoilOriginal,resmlp,42,0,full,random_057,0.8500096375216656,0.8947368421052632,7,5712,0.7707915829960257,convnext_v2_t+deit_s+dinov2_small+drlbp+efficientnet_b0+resnet50+vit_b16,
SoilOriginal,resmlp,42,0,full,random_058,0.9099372436259693,0.9342105263157895,7,4278,1.0166741110006114,beitv2_base_final+deit_s+dinov2+eva02_base+lbp+mae_base+vit_b16,
SoilOriginal,resmlp,42,0,full,random_059,0.8618731290912666,0.9122807017543859,7,6272,1.0310812469979282,beitv2_base_final+convnext_v2_t+deit_s+mae_base+resnet50+siglip_base+swin_t,
SoilOriginal,resmlp,42,0,full,random_060,0.8624269439608019,0.9166666666666666,7,7826,1.4390862720028963,drlbp+gabor+glcm+resnet101+siglip_base+vgg16+vit_b16,
SoilOriginal,resmlp,42,0,full,random_061,0.8450137776065417,0.8991228070175439,7,7442,1.730617559995153,deit_s+drlbp+gabor+glcm+mae_base+resnet101+vgg16,
SoilOriginal,resmlp,42,0,full,random_062,0.8730264969110866,0.9298245614035088,7,5574,1.6474550860002637,deit_s+densenet121+drlbp+glcm+hog+resnet50+rgb_ngram_svd,
SoilOriginal,resmlp,42,0,full,random_063,0.8751293699941857,0.9342105263157895,7,5186,1.562450158991851,dinov2+eva02_base+gabor+glcm+mae_base+resnet101+siglip_base,
SoilOriginal,resmlp,42,0,full,random_064,0.8922028526515112,0.9517543859649122,7,5936,0.9586252860026434,beitv2_base_final+dinov2+efficientnet_b0+gabor+resnet50+rgb_ngram_svd+swin_t,
SoilOriginal,resmlp,42,0,full,random_065,0.9029227340785467,0.9429824561403509,7,3200,0.8580233030079398,deit_s+densenet121+dinov2_large+dinov2_small+drlbp+gabor+rgb_ngram_svd,
SoilOriginal,resmlp,42,0,full,random_066,0.8651712080229643,0.9254385964912281,7,9234,1.6622007919941097,beitv2_base_final+convnext_v2_t+dinov2+eva02_base+glcm+resnet50+vgg16,
SoilOriginal,resmlp,42,0,full,random_067,0.8714517091098984,0.9298245614035088,7,4114,1.386746737989597,deit_s+dinov2_large+dinov2_small+glcm+mae_base+siglip_base+swin_t,
SoilOriginal,resmlp,42,0,full,random_068,0.91740708985372,0.956140350877193,7,3016,1.1275671500043245,convnext_v2_t+dinov2_small+glcm+lbp+mae_base+rgb_ngram_svd+siglip_base,
SoilOriginal,resmlp,42,0,full,random_069,0.8876167487696404,0.9298245614035088,7,4176,0.8872943780006608,convnext_v2_t+dinov2+drlbp+mae_base+rgb_ngram_svd+swin_t+vit_b16,
SoilOriginal,resmlp,42,0,full,random_070,0.8784922378978196,0.9429824561403509,7,4838,1.7715086920070462,dinov2_small+efficientnet_b0+gabor+lbp+resnet50+rgb_ngram_svd+swin_t,
SoilOriginal,resmlp,42,0,full,random_071,0.9004324725236836,0.9605263157894737,7,5986,1.5973080080002546,dinov2+drlbp+glcm+resnet101+resnet50+rgb_ngram_svd+siglip_base,
SoilOriginal,resmlp,42,0,full,random_072,0.9028994323418162,0.9298245614035088,7,5738,1.6651530130038736,dinov2_large+drlbp+efficientnet_b0+eva02_base+hog+lbp+mae_base,
SoilOriginal,resmlp,42,0,full,random_073,0.9218778449230915,0.9517543859649122,7,5738,1.5499145479989238,drlbp+hog+lbp+mae_base+resnet50+rgb_ngram_svd+siglip_base,
SoilOriginal,resmlp,42,0,full,random_074,0.8979306570902217,0.9385964912280702,7,4422,1.9877497980050975,drlbp+eva02_base+glcm+hog+mae_base+rgb_ngram_svd+vit_b16,
SoilOriginal,resmlp,42,0,full,random_075,0.8624241779783083,0.9166666666666666,7,9748,1.3549031280126655,beitv2_base_final+densenet121+efficientnet_b0+gabor+hog+swin_t+vgg16,
SoilOriginal,resmlp,42,0,full,random_076,0.8637495325639913,0.9122807017543859,7,5686,2.027227149999817,deit_s+dinov2_small+efficientnet_b0+lbp+resnet50+siglip_base+vit_b16,
SoilOriginal,resmlp,42,0,full,random_077,0.9105260927449377,0.956140350877193,7,7396,1.3214848839998012,densenet121+hog+mae_base+resnet50+rgb_ngram_svd+siglip_base+swin_t,
SoilOriginal,resmlp,42,0,full,random_078,0.8594336647521496,0.9035087719298246,7,3810,1.480465621993062,convnext_v2_t+deit_s+densenet121+drlbp+eva02_base+glcm+siglip_base,
SoilOriginal,resmlp,42,0,full,random_079,0.9158129301746323,0.9517543859649122,7,4944,1.221783732995391,densenet121+drlbp+efficientnet_b0+eva02_base+mae_base+rgb_ngram_svd+swin_t,
SoilOriginal,resmlp,42,0,full,random_080,0.8909826263512899,0.9298245614035088,7,7060,1.1622242940065917,beitv2_base_final+dinov2_small+efficientnet_b0+gabor+hog+mae_base+resnet101,
SoilOriginal,resmlp,42,0,full,random_081,0.8528708019420093,0.9035087719298246,7,7600,1.513342227000976,beitv2_base_final+dinov2+dinov2_small+gabor+siglip_base+vgg16+vit_b16,
SoilOriginal,resmlp,42,0,full,random_082,0.8639854995004956,0.9210526315789473,7,10422,1.5254736309871078,deit_s+densenet121+dinov2+lbp+resnet101+resnet50+vgg16,
SoilOriginal,resmlp,42,0,full,random_083,0.8564815928085113,0.9166666666666666,7,9088,1.4102995959983673,beitv2_base_final+deit_s+dinov2_large+efficientnet_b0+siglip_base+vgg16+vit_b16,
SoilOriginal,resmlp,42,0,full,random_084,0.8753820726829318,0.9298245614035088,7,9188,1.4247036629967624,beitv2_base_final+densenet121+hog+mae_base+resnet101+resnet50+swin_t,
SoilOriginal,resmlp,42,0,full,random_085,0.8383784673966022,0.9035087719298246,7,7984,1.0117606689891545,beitv2_base_final+convnext_v2_t+gabor+mae_base+siglip_base+swin_t+vgg16,
SoilOriginal,resmlp,42,0,full,random_086,0.9017218770051257,0.9473684210526315,7,7808,1.4674321200000122,deit_s+dinov2+mae_base+rgb_ngram_svd+swin_t+vgg16+vit_b16,
SoilOriginal,resmlp,42,0,full,random_087,0.8791154080995686,0.9254385964912281,7,10082,2.106574281002395,dinov2+dinov2_large+drlbp+glcm+resnet101+resnet50+vgg16,
SoilOriginal,resmlp,42,0,full,random_088,0.878233321757347,0.9254385964912281,7,6474,1.295851140996092,beitv2_base_final+densenet121+dinov2+gabor+hog+lbp+resnet50,
SoilOriginal,resmlp,42,0,full,random_089,0.9026416774266216,0.9342105263157895,7,6250,1.79815392200544,convnext_v2_t+drlbp+eva02_base+hog+lbp+resnet50+vit_b16,
SoilOriginal,resmlp,42,0,full,random_090,0.8626272312906673,0.9035087719298246,7,9168,1.223231455005589,beitv2_base_final+densenet121+dinov2+dinov2_small+drlbp+resnet101+vgg16,
SoilOriginal,resmlp,42,0,full,random_091,0.8728729283174459,0.9122807017543859,7,5168,1.1500504440045916,beitv2_base_final+deit_s+dinov2+dinov2_small+gabor+resnet101+vit_b16,
SoilOriginal,resmlp,42,0,full,random_092,0.9047099985526968,0.9429824561403509,7,6272,1.7535310380044393,deit_s+efficientnet_b0+eva02_base+resnet50+rgb_ngram_svd+siglip_base+vit_b16,
SoilOriginal,resmlp,42,0,full,random_093,0.8525587729753273,0.9122807017543859,7,4114,1.743181440004264,beitv2_base_final+deit_s+dinov2+dinov2_large+dinov2_small+glcm+mae_base,
SoilOriginal,resmlp,42,0,full,random_094,0.8873033030308572,0.9298245614035088,7,7782,1.4758267690049252,deit_s+dinov2_small+gabor+lbp+mae_base+resnet101+vgg16,
SoilOriginal,resmlp,42,0,full,random_095,0.8737223711033234,0.9166666666666666,7,7754,1.106364179009688,dinov2+dinov2_large+gabor+hog+lbp+resnet101+resnet50,
SoilOriginal,resmlp,42,0,full,random_096,0.85022004542167,0.9166666666666666,7,12388,2.417862750997301,dinov2_small+efficientnet_b0+hog+resnet101+resnet50+swin_t+vgg16,
SoilOriginal,resmlp,42,0,full,random_097,0.8471703964709364,0.9078947368421053,7,8192,0.9218497930123704,convnext_v2_t+deit_s+densenet121+dinov2+dinov2_small+swin_t+vgg16,
SoilOriginal,resmlp,42,0,full,random_098,0.844611920289106,0.9078947368421053,7,5098,1.328868213997339,convnext_v2_t+deit_s+dinov2+drlbp+efficientnet_b0+hog+lbp,
SoilOriginal,resmlp,42,0,full,random_099,0.8946066520502765,0.9473684210526315,7,8210,1.3934186420083279,densenet121+dinov2+eva02_base+glcm+siglip_base+swin_t+vgg16,
SoilOriginal,resmlp,42,1,full,random_000,0.8402216656615957,0.9122807017543859,5,6418,1.4740205919952132,convnext_v2_t+glcm+siglip_base+swin_t+vgg16,
SoilOriginal,resmlp,42,1,full,random_001,0.8205508576546217,0.8947368421052632,5,3206,1.3280477719963528,beitv2_base_final+dinov2_large+drlbp+efficientnet_b0+lbp,
SoilOriginal,resmlp,42,1,full,random_002,0.7990188567247481,0.881578947368421,5,3840,1.163225180003792,beitv2_base_final+convnext_v2_t+eva02_base+siglip_base+swin_t,
SoilOriginal,resmlp,42,1,full,random_003,0.8320616871697359,0.8991228070175439,5,4370,1.0704477749968646,glcm+mae_base+resnet101+siglip_base+vit_b16,
SoilOriginal,resmlp,42,1,full,random_004,0.8301749561974285,0.8903508771929824,5,3126,1.0138115320005454,convnext_v2_t+efficientnet_b0+lbp+rgb_ngram_svd+vit_b16,
SoilOriginal,resmlp,42,1,full,random_005,0.8121250766136648,0.9035087719298246,5,8832,1.6973916499991901,dinov2_large+dinov2_small+efficientnet_b0+resnet101+vgg16,
SoilOriginal,resmlp,42,1,full,random_006,0.8381650799010357,0.9035087719298246,5,2736,0.6622199859993998,beitv2_base_final+deit_s+eva02_base+gabor+vit_b16,
SoilOriginal,resmlp,42,1,full,random_007,0.8507146347923592,0.9166666666666666,5,3126,1.3819150459894445,efficientnet_b0+eva02_base+lbp+rgb_ngram_svd+swin_t,
SoilOriginal,resmlp,42,1,full,random_008,0.8218191958775439,0.8903508771929824,5,3024,1.407302614999935,deit_s+densenet121+dinov2+drlbp+mae_base,
SoilOriginal,resmlp,42,1,full,random_009,0.7993245310849666,0.8991228070175439,5,6710,1.2570689109998057,densenet121+lbp+siglip_base+vgg16+vit_b16,
SoilOriginal,resmlp,42,1,full,random_010,0.8256729581611909,0.8991228070175439,5,2944,1.3018782550061587,beitv2_base_final+dinov2_small+mae_base+rgb_ngram_svd+vit_b16,
SoilOriginal,resmlp,42,1,full,random_011,0.799888285622779,0.8947368421052632,5,2054,1.6271159989992157,dinov2_small+drlbp+lbp+siglip_base+vit_b16,
SoilOriginal,resmlp,42,1,full,random_012,0.7955482492163043,0.8771929824561403,5,2406,1.4227061050041812,dinov2+eva02_base+gabor+lbp+mae_base,
SoilOriginal,resmlp,42,1,full,random_013,0.8038243694050449,0.8903508771929824,5,2406,1.0858720490068663,beitv2_base_final+dinov2+gabor+lbp+vit_b16,
SoilOriginal,resmlp,42,1,full,random_014,0.7613306089434324,0.8728070175438597,5,5376,0.6179351460014004,dinov2+dinov2_large+mae_base+resnet101+siglip_base,
SoilOriginal,resmlp,42,1,full,random_015,0.8561328121348423,0.9035087719298246,5,4372,0.8374071199941682,beitv2_base_final+convnext_v2_t+densenet121+gabor+hog,
SoilOriginal,resmlp,42,1,full,random_016,0.8259851309733345,0.9035087719298246,5,3328,1.3789353129977826,convnext_v2_t+dinov2+rgb_ngram_svd+swin_t+vit_b16,
SoilOriginal,resmlp,42,1,full,random_017,0.7979056444712272,0.8859649122807017,5,4736,1.176383038997301,beitv2_base_final+deit_s+resnet50+siglip_base+vit_b16,
SoilOriginal,resmlp,42,1,full,random_018,0.7972959301900604,0.8859649122807017,5,5320,1.1768371710059,deit_s+glcm+lbp+swin_t+vgg16,
SoilOriginal,resmlp,42,1,full,random_019,0.828810343677776,0.8947368421052632,5,2230,1.3350654469977599,drlbp+efficientnet_b0+gabor+lbp+vit_b16,
SoilOriginal,resmlp,42,1,full,random_020,0.8121789897826511,0.8991228070175439,5,5092,1.7262885099917185,beitv2_base_final+densenet121+hog+swin_t+vit_b16,
SoilOriginal,resmlp,42,1,full,random_021,0.805188442249779,0.8947368421052632,5,3888,1.527766804996645,dinov2_large+efficientnet_b0+gabor+swin_t+vit_b16,
SoilOriginal,resmlp,42,1,full,random_022,0.7956689551452533,0.8771929824561403,5,3556,1.8475072879955405,deit_s+drlbp+efficientnet_b0+gabor+hog,
SoilOriginal,resmlp,42,1,full,random_023,0.7826604554865424,0.8728070175438597,5,2578,1.4012269349914277,beitv2_base_final+dinov2+glcm+rgb_ngram_svd+siglip_base,
SoilOriginal,resmlp,42,1,full,random_024,0.8100490374765943,0.8903508771929824,5,5632,1.811191624001367,convnext_v2_t+efficientnet_b0+mae_base+resnet50+vit_b16,
SoilOriginal,resmlp,42,1,full,random_025,0.8048443792074575,0.8903508771929824,5,3504,1.3234965650044614,dinov2_small+eva02_base+gabor+resnet101+rgb_ngram_svd,
SoilOriginal,resmlp,42,1,full,random_026,0.8517183459376569,0.9122807017543859,5,7936,1.6365733190032188,eva02_base+resnet101+rgb_ngram_svd+swin_t+vgg16,
SoilOriginal,resmlp,42,1,full,random_027,0.7998641986580977,0.8903508771929824,5,7314,1.0427805490035098,beitv2_base_final+dinov2_small+glcm+resnet101+vgg16,
SoilOriginal,resmlp,42,1,full,random_028,0.8704241912484159,0.9122807017543859,5,2370,1.4104964809957892,beitv2_base_final+eva02_base+gabor+glcm+siglip_base,
SoilOriginal,resmlp,42,1,full,random_029,0.8125783170258988,0.8903508771929824,5,4224,1.3177152840071358,dinov2_small+eva02_base+mae_base+resnet50+rgb_ngram_svd,
SoilOriginal,resmlp,42,1,full,random_030,0.8173375665907636,0.8903508771929824,5,3894,0.9583201039931737,beitv2_base_final+dinov2_large+efficientnet_b0+lbp+swin_t,
SoilOriginal,resmlp,42,1,full,random_031,0.8650258785122488,0.9122807017543859,5,3712,1.2392595190030988,convnext_v2_t+deit_s+densenet121+siglip_base+vit_b16,
SoilOriginal,resmlp,42,1,full,random_032,0.8143874787313924,0.8947368421052632,5,4736,1.1225787319999654,deit_s+eva02_base+resnet101+siglip_base+vit_b16,
SoilOriginal,resmlp,42,1,full,random_033,0.797254871863517,0.8859649122807017,5,2120,1.0755724419868784,densenet121+dinov2+glcm+lbp+rgb_ngram_svd,
SoilOriginal,resmlp,42,1,full,random_034,0.7959683572170672,0.8859649122807017,5,4176,1.0522701770096319,dinov2_large+drlbp+resnet50+rgb_ngram_svd+vit_b16,
SoilOriginal,resmlp,42,1,full,random_035,0.8387948769425717,0.9078947368421053,5,3152,1.5953566870011855,beitv2_base_final+convnext_v2_t+drlbp+siglip_base+vit_b16,
SoilOriginal,resmlp,42,1,full,random_036,0.792987743620655,0.881578947368421,5,2640,1.2775645459914813,beitv2_base_final+drlbp+rgb_ngram_svd+siglip_base+swin_t,
SoilOriginal,resmlp,42,1,full,random_037,0.8133727508540102,0.8947368421052632,5,7652,1.5175935459992616,hog+rgb_ngram_svd+swin_t+vgg16+vit_b16,
SoilOriginal,resmlp,42,1,full,random_038,0.806302291234133,0.8903508771929824,5,4864,1.6121205819945317,dinov2_large+mae_base+resnet50+rgb_ngram_svd+siglip_base,
SoilOriginal,resmlp,42,1,full,random_039,0.8080498866213153,0.8947368421052632,5,5346,1.9895702060020994,deit_s+drlbp+glcm+vgg16+vit_b16,
SoilOriginal,resmlp,42,1,full,random_040,0.8540359758832182,0.9122807017543859,5,2018,1.6884581060003256,convnext_v2_t+deit_s+drlbp+eva02_base+glcm,
SoilOriginal,resmlp,42,1,full,random_041,0.8276673706518386,0.8903508771929824,5,1304,1.9057089790003374,beitv2_base_final+dinov2_small+drlbp+glcm+lbp,
SoilOriginal,resmlp,42,1,full,random_042,0.835032253608105,0.9166666666666666,5,6352,0.897150082004373,densenet121+dinov2_small+drlbp+vgg16+vit_b16,
SoilOriginal,resmlp,42,1,full,random_043,0.8370311252684921,0.9035087719298246,5,5906,0.6212459809903521,convnext_v2_t+dinov2+glcm+rgb_ngram_svd+vgg16,
SoilOriginal,resmlp,42,1,full,random_044,0.7982081985501958,0.8991228070175439,5,3456,0.8683145359973423,dinov2+dinov2_small+mae_base+swin_t+vit_b16,
SoilOriginal,resmlp,42,1,full,random_045,0.7868632135726088,0.8728070175438597,5,2224,1.2666159739892464,deit_s+dinov2+gabor+mae_base+rgb_ngram_svd,
SoilOriginal,resmlp,42,1,full,random_046,0.8335832097965467,0.8947368421052632,5,3402,1.955961325991666,beitv2_base_final+eva02_base+gabor+hog+lbp,
SoilOriginal,resmlp,42,1,full,random_047,0.8440682691003616,0.9035087719298246,5,3372,1.8683099979971303,convnext_v2_t+eva02_base+glcm+hog+lbp,
SoilOriginal,resmlp,42,1,full,random_048,0.8100594170303326,0.8859649122807017,5,3200,1.2358504129952053,convnext_v2_t+deit_s+dinov2_large+rgb_ngram_svd+vit_b16,
SoilOriginal,resmlp,42,1,full,random_049,0.8197914713790997,0.8991228070175439,5,2760,1.180767850994016,densenet121+dinov2_small+efficientnet_b0+glcm+lbp,
SoilOriginal,resmlp,42,1,full,random_050,0.7833706541188734,0.8771929824561403,5,5908,1.0834579359943746,densenet121+dinov2_large+gabor+hog+resnet101,
SoilOriginal,resmlp,42,1,full,random_051,0.8298271868770105,0.8991228070175439,5,4304,1.0024131670070346,beitv2_base_final+deit_s+densenet121+drlbp+resnet101,
SoilOriginal,resmlp,42,1,full,random_052,0.82532711649253,0.8947368421052632,5,4708,0.7758571279991884,beitv2_base_final+deit_s+densenet121+hog+mae_base,
SoilOriginal,resmlp,42,1,full,random_053,0.8206903688592853,0.8991228070175439,5,6984,1.2715514590090606,convnext_v2_t+glcm+lbp+resnet101+vgg16,
SoilOriginal,resmlp,42,1,full,random_054,0.8130273369892714,0.8859649122807017,5,3638,1.9234599329938646,convnext_v2_t+dinov2+efficientnet_b0+lbp+mae_base,
SoilOriginal,resmlp,42,1,full,random_055,0.862726281242083,0.9210526315789473,5,2736,1.3291295929957414,convnext_v2_t+dinov2_small+gabor+mae_base+siglip_base,
SoilOriginal,resmlp,42,1,full,random_056,0.8279771492099679,0.9035087719298246,5,7936,1.601873199993861,densenet121+efficientnet_b0+eva02_base+swin_t+vgg16,
SoilOriginal,resmlp,42,1,full,random_057,0.7939597866052754,0.8903508771929824,5,9444,1.915002428999287,dinov2+hog+resnet101+vgg16+vit_b16,
SoilOriginal,resmlp,42,1,full,random_058,0.7918680366443176,0.8947368421052632,5,7984,1.417830475998926,convnext_v2_t+dinov2_large+gabor+resnet50+vgg16,
SoilOriginal,resmlp,42,1,full,random_059,0.7731546474158818,0.8728070175438597,5,5496,1.2048752770060673,efficientnet_b0+gabor+glcm+lbp+vgg16,
SoilOriginal,resmlp,42,1,full,random_060,0.8105284283259352,0.8903508771929824,5,8724,1.640361067999038,beitv2_base_final+gabor+hog+resnet101+vgg16,
SoilOriginal,resmlp,42,1,full,random_061,0.8199063120957298,0.8903508771929824,5,3636,1.0317359899927396,drlbp+hog+mae_base+rgb_ngram_svd+siglip_base,
SoilOriginal,resmlp,42,1,full,random_062,0.7680318919372436,0.8771929824561403,5,7680,1.4245829970022896,densenet121+dinov2+dinov2_large+swin_t+vgg16,
SoilOriginal,resmlp,42,1,full,random_063,0.8132358057657016,0.8947368421052632,5,7780,1.7887623099959455,dinov2_small+eva02_base+hog+mae_base+vgg16,
SoilOriginal,resmlp,42,1,full,random_064,0.8311239858533452,0.9035087719298246,5,2706,0.95943627700035,deit_s+efficientnet_b0+glcm+rgb_ngram_svd+swin_t,
SoilOriginal,resmlp,42,1,full,random_065,0.8200836620886222,0.8903508771929824,5,4196,0.6159145690035075,densenet121+dinov2_small+hog+rgb_ngram_svd+vit_b16,
SoilOriginal,resmlp,42,1,full,random_066,0.8162663359462391,0.8903508771929824,5,4048,1.2155216359969927,deit_s+drlbp+resnet50+siglip_base+swin_t,
SoilOriginal,resmlp,42,1,full,random_067,0.8247121214285441,0.9035087719298246,5,2888,0.9327140810055425,efficientnet_b0+glcm+lbp+mae_base+vit_b16,
SoilOriginal,resmlp,42,1,full,random_068,0.8517183459376569,0.9122807017543859,5,7936,1.4802731119998498,eva02_base+resnet101+rgb_ngram_svd+swin_t+vgg16,
SoilOriginal,resmlp,42,1,full,random_069,0.8453061015517397,0.9078947368421053,5,4992,1.1773913689976325,densenet121+dinov2+dinov2_small+resnet101+siglip_base,
SoilOriginal,resmlp,42,1,full,random_070,0.8259903961584634,0.9035087719298246,5,1912,1.3530601230013417,densenet121+gabor+glcm+lbp+vit_b16,
SoilOriginal,resmlp,42,1,full,random_071,0.7396373835296558,0.8508771929824561,5,6216,1.2102811980003025,densenet121+dinov2_large+glcm+lbp+vgg16,
SoilOriginal,resmlp,42,1,full,random_072,0.8187035377755569,0.8991228070175439,5,2742,1.01912751000782,beitv2_base_final+dinov2+dinov2_small+lbp+vit_b16,
SoilOriginal,resmlp,42,1,full,random_073,0.8028817745174907,0.8771929824561403,5,2242,0.7548303759976989,beitv2_base_final+densenet121+dinov2_small+gabor+glcm,
SoilOriginal,resmlp,42,1,full,random_074,0.8346505606802059,0.9035087719298246,5,3712,0.7874199390062131,beitv2_base_final+convnext_v2_t+deit_s+densenet121+eva02_base,
SoilOriginal,resmlp,42,1,full,random_075,0.7994862876193122,0.8771929824561403,5,2736,1.2302999999956228,beitv2_base_final+deit_s+dinov2+gabor+mae_base,
SoilOriginal,resmlp,42,1,full,random_076,0.8149694693161794,0.881578947368421,5,3920,1.243381888998556,drlbp+eva02_base+mae_base+resnet50+rgb_ngram_svd,
SoilOriginal,resmlp,42,1,full,random_077,0.8054538194551085,0.8859649122807017,5,4736,1.8331845049979165,beitv2_base_final+convnext_v2_t+dinov2+dinov2_small+resnet50,
SoilOriginal,resmlp,42,1,full,random_078,0.7856286937467153,0.8771929824561403,5,4560,1.912923450989183,densenet121+dinov2_large+dinov2_small+drlbp+resnet101,
SoilOriginal,resmlp,42,1,full,random_079,0.802328739399947,0.8903508771929824,5,6960,2.257037846997264,densenet121+dinov2_large+gabor+siglip_base+vgg16,
SoilOriginal,resmlp,42,1,full,random_080,0.8074241777733399,0.8859649122807017,5,4096,1.3890405069978442,beitv2_base_final+convnext_v2_t+dinov2_large+mae_base+siglip_base,
SoilOriginal,resmlp,42,1,full,random_081,0.7850977881116855,0.8859649122807017,5,3968,1.3008470189961372,deit_s+densenet121+dinov2_large+siglip_base+swin_t,
SoilOriginal,resmlp,42,1,full,random_082,0.8226241094212526,0.8771929824561403,5,3974,0.8171137280005496,convnext_v2_t+densenet121+drlbp+lbp+resnet50,
SoilOriginal,resmlp,42,1,full,random_083,0.8389902218280199,0.9035087719298246,5,2944,1.8445428230043035,deit_s+mae_base+rgb_ngram_svd+siglip_base+swin_t,
SoilOriginal,resmlp,42,1,full,random_084,0.8179957400636474,0.8903508771929824,5,3376,1.6178666490013711,convnext_v2_t+dinov2+dinov2_large+gabor+siglip_base,
SoilOriginal,resmlp,42,1,full,random_085,0.820924417197709,0.8903508771929824,5,2384,1.5868079859938007,beitv2_base_final+deit_s+dinov2_small+drlbp+vit_b16,
SoilOriginal,resmlp,42,1,full,random_086,0.8409183034334207,0.9122807017543859,5,3376,1.3979186399956234,convnext_v2_t+densenet121+gabor+siglip_base+vit_b16,
SoilOriginal,resmlp,42,1,full,random_087,0.7718528732486065,0.8508771929824561,5,2456,1.3159473839914426,drlbp+glcm+lbp+resnet101+rgb_ngram_svd,
SoilOriginal,resmlp,42,1,full,random_088,0.8033768989284022,0.8771929824561403,5,3366,0.70573080900067,gabor+glcm+hog+mae_base+swin_t,
SoilOriginal,resmlp,42,1,full,random_089,0.8176922094394491,0.8947368421052632,5,5376,1.193584489999921,beitv2_base_final+convnext_v2_t+densenet121+resnet50+vit_b16,
SoilOriginal,resmlp,42,1,full,random_090,0.8483307236195554,0.9035087719298246,5,9472,1.131868519994896,densenet121+resnet101+resnet50+rgb_ngram_svd+vgg16,
SoilOriginal,resmlp,42,1,full,random_091,0.8091965065064061,0.881578947368421,5,4150,1.7006611039978452,densenet121+lbp+mae_base+resnet50+rgb_ngram_svd,
SoilOriginal,resmlp,42,1,full,random_092,0.8075012511692521,0.8947368421052632,5,1992,1.4525632599979872,deit_s+dinov2+glcm+lbp+vit_b16,
SoilOriginal,resmlp,42,1,full,random_093,0.8407663004705815,0.9122807017543859,5,4882,1.5063346399983857,beitv2_base_final+efficientnet_b0+eva02_base+glcm+resnet50,
SoilOriginal,resmlp,42,1,full,random_094,0.7991297704852692,0.8947368421052632,5,7760,1.5846176519989967,beitv2_base_final+drlbp+resnet50+vgg16+vit_b16,
SoilOriginal,resmlp,42,1,full,random_095,0.8129118718443181,0.8903508771929824,5,5712,1.682120154000586,drlbp+mae_base+resnet101+resnet50+swin_t,
SoilOriginal,resmlp,42,1,full,random_096,0.826631259055776,0.8991228070175439,5,4406,1.5903191110119224,lbp+mae_base+resnet50+siglip_base+swin_t,
SoilOriginal,resmlp,42,1,full,random_097,0.7873849468387071,0.8947368421052632,5,7552,1.0987508980033454,dinov2_large+dinov2_small+efficientnet_b0+mae_base+vgg16,
SoilOriginal,resmlp,42,1,full,random_098,0.8141082926170646,0.8903508771929824,5,4406,1.3932445779937552,beitv2_base_final+lbp+resnet101+swin_t+vit_b16,
SoilOriginal,resmlp,42,1,full,random_099,0.7663070852528916,0.881578947368421,5,7954,1.1288265059993137,dinov2_large+glcm+mae_base+resnet101+vgg16,
SoilOriginal,resmlp,42,2,full,random_000,0.8670342522974102,0.9166666666666666,4,3712,1.2144629919930594,deit_s+dinov2_large+resnet50+rgb_ngram_svd,
SoilOriginal,resmlp,42,2,full,random_001,0.8186694301306164,0.8771929824561403,4,2816,0.9165647070039995,dinov2+dinov2_large+rgb_ngram_svd+vit_b16,
SoilOriginal,resmlp,42,2,full,random_002,0.8552159383967164,0.8991228070175439,4,3456,1.7102776610117871,deit_s+densenet121+efficientnet_b0+eva02_base,
SoilOriginal,resmlp,42,2,full,random_003,0.8657433051051678,0.9078947368421053,4,7168,1.441410409999662,resnet101+rgb_ngram_svd+vgg16+vit_b16,
SoilOriginal,resmlp,42,2,full,random_004,0.770791495624615,0.8596491228070176,4,3200,1.4903291930095293,deit_s+dinov2+efficientnet_b0+eva02_base,
SoilOriginal,resmlp,42,2,full,random_005,0.7323937348427145,0.8157894736842105,4,4936,1.2322262050001882,glcm+lbp+mae_base+vgg16,
SoilOriginal,resmlp,42,2,full,random_006,0.8535805088020278,0.8947368421052632,4,2376,1.2375620669918135,glcm+lbp+resnet50+rgb_ngram_svd,
SoilOriginal,resmlp,42,2,full,random_007,0.7661947019637922,0.8552631578947368,4,2944,1.007480870001018,deit_s+dinov2_large+eva02_base+swin_t,
SoilOriginal,resmlp,42,2,full,random_008,0.8444029689712597,0.9035087719298246,4,3840,1.6918142060021637,resnet50+rgb_ngram_svd+siglip_base+swin_t,
SoilOriginal,resmlp,42,2,full,random_009,0.7415761291985465,0.8596491228070176,4,4608,1.4922128039906966,dinov2+dinov2_large+resnet50+siglip_base,
SoilOriginal,resmlp,42,2,full,random_010,0.7926315462788979,0.881578947368421,4,2384,0.9115447709918953,beitv2_base_final+convnext_v2_t+drlbp+swin_t,
SoilOriginal,resmlp,42,2,full,random_011,0.6935622977537766,0.8289473684210527,4,4964,1.3384675099950982,dinov2+dinov2_small+hog+resnet50,
SoilOriginal,resmlp,42,2,full,random_012,0.8326459057555526,0.8859649122807017,4,3072,0.9070532839978114,densenet121+dinov2+dinov2_large+rgb_ngram_svd,
SoilOriginal,resmlp,42,2,full,random_013,0.8082453413756687,0.868421052631579,4,4176,1.043878468000912,drlbp+efficientnet_b0+resnet50+vit_b16,
SoilOriginal,resmlp,42,2,full,random_014,0.8544026176714947,0.9078947368421053,4,3072,1.7026625459984643,convnext_v2_t+eva02_base+siglip_base+vit_b16,
SoilOriginal,resmlp,42,2,full,random_015,0.8440473871828326,0.8859649122807017,4,5686,1.6300718849961413,efficientnet_b0+lbp+rgb_ngram_svd+vgg16,
SoilOriginal,resmlp,42,2,full,random_016,0.8147408113857686,0.8859649122807017,4,3072,1.4440800930024125,dinov2+siglip_base+swin_t+vit_b16,
SoilOriginal,resmlp,42,2,full,random_017,0.8102117436809139,0.881578947368421,4,3328,1.5303066869964823,beitv2_base_final+densenet121+mae_base+siglip_base,
SoilOriginal,resmlp,42,2,full,random_018,0.8065627331844804,0.8771929824561403,4,4324,2.001568309002323,dinov2+dinov2_large+hog+vit_b16,
SoilOriginal,resmlp,42,2,full,random_019,0.8582232734766243,0.9078947368421053,4,3456,0.7653289720037719,convnext_v2_t+dinov2_small+resnet101+rgb_ngram_svd,
SoilOriginal,resmlp,42,2,full,random_020,0.8355588663197359,0.8859649122807017,4,6016,1.612992142996518,dinov2_small+efficientnet_b0+rgb_ngram_svd+vgg16,
SoilOriginal,resmlp,42,2,full,random_021,0.8065237261065427,0.8771929824561403,4,3968,1.5970232489926275,dinov2_small+mae_base+resnet101+siglip_base,
SoilOriginal,resmlp,42,2,full,random_022,0.8314364882255196,0.8859649122807017,4,2608,0.9239353580051102,convnext_v2_t+densenet121+gabor+mae_base,
SoilOriginal,resmlp,42,2,full,random_023,0.80578297118979,0.8903508771929824,4,4608,0.9816432020015782,beitv2_base_final+convnext_v2_t+dinov2_large+resnet101,
SoilOriginal,resmlp,42,2,full,random_024,0.8233608526442584,0.881578947368421,4,6016,1.8595277319982415,beitv2_base_final+deit_s+swin_t+vgg16,
SoilOriginal,resmlp,42,2,full,random_025,0.7481781012393258,0.8421052631578947,4,1974,0.8561398110032314,dinov2_small+lbp+mae_base+swin_t,
SoilOriginal,resmlp,42,2,full,random_026,0.7799903789686101,0.8640350877192983,4,2230,1.3847157109994441,deit_s+dinov2_large+eva02_base+lbp,
SoilOriginal,resmlp,42,2,full,random_027,0.8331310225361893,0.8991228070175439,4,3328,1.8897043079923606,convnext_v2_t+dinov2_large+eva02_base+siglip_base,
SoilOriginal,resmlp,42,2,full,random_028,0.8278519651246198,0.8771929824561403,4,3556,1.3442469150031684,hog+mae_base+rgb_ngram_svd+siglip_base,
SoilOriginal,resmlp,42,2,full,random_029,0.8353125223102734,0.8947368421052632,4,3328,1.0302208649954991,beitv2_base_final+dinov2_large+mae_base+vit_b16,
SoilOriginal,resmlp,42,2,full,random_030,0.8191382626925624,0.8947368421052632,4,6656,1.4781972420023521,densenet121+dinov2+siglip_base+vgg16,
SoilOriginal,resmlp,42,2,full,random_031,0.7910559612164628,0.8552631578947368,4,3200,1.2798010729893576,beitv2_base_final+dinov2_small+efficientnet_b0+siglip_base,
SoilOriginal,resmlp,42,2,full,random_032,0.8084441449759288,0.868421052631579,4,6992,1.7461641389963916,drlbp+resnet50+vgg16+vit_b16,
SoilOriginal,resmlp,42,2,full,random_033,0.8247162904988702,0.8859649122807017,4,4096,1.4609816409938503,dinov2_large+resnet101+rgb_ngram_svd+siglip_base,
SoilOriginal,resmlp,42,2,full,random_034,0.8623328010554967,0.8903508771929824,4,1968,1.4384367329912493,deit_s+efficientnet_b0+gabor+rgb_ngram_svd,
SoilOriginal,resmlp,42,2,full,random_035,0.733232338777679,0.8508771929824561,4,3920,1.155702410993399,dinov2_large+drlbp+resnet50+siglip_base,
SoilOriginal,resmlp,42,2,full,random_036,0.7913180368433247,0.8640350877192983,4,7186,1.3100053119997028,dinov2_large+glcm+resnet50+vgg16,
SoilOriginal,resmlp,42,2,full,random_037,0.7643936537385071,0.8508771929824561,4,4964,1.1372179000027245,dinov2_small+hog+resnet101+swin_t,
SoilOriginal,resmlp,42,2,full,random_038,0.7944176306706343,0.8640350877192983,4,1224,1.483283494002535,beitv2_base_final+deit_s+glcm+lbp,
SoilOriginal,resmlp,42,2,full,random_039,0.8183493515374896,0.8947368421052632,4,2688,0.7169035959959729,convnext_v2_t+dinov2_small+siglip_base+swin_t,
SoilOriginal,resmlp,42,2,full,random_040,0.7981378607435666,0.8859649122807017,4,2834,1.0515608779969625,convnext_v2_t+efficientnet_b0+eva02_base+glcm,
SoilOriginal,resmlp,42,2,full,random_041,0.7673403814331886,0.8640350877192983,4,6400,1.2809905670001172,dinov2+swin_t+vgg16+vit_b16,
SoilOriginal,resmlp,42,2,full,random_042,0.8475119479890453,0.8903508771929824,4,3556,0.6463257249997696,eva02_base+hog+mae_base+rgb_ngram_svd,
SoilOriginal,resmlp,42,2,full,random_043,0.8374205087440381,0.8903508771929824,4,2176,0.8371991089952644,convnext_v2_t+dinov2_small+mae_base+rgb_ngram_svd,
SoilOriginal,resmlp,42,2,full,random_044,0.7683439074359326,0.8596491228070176,4,5296,1.4216852779936744,convnext_v2_t+dinov2_small+gabor+vgg16,
SoilOriginal,resmlp,42,2,full,random_045,0.8415113971225762,0.8947368421052632,4,3200,1.3888384159945417,dinov2_small+efficientnet_b0+siglip_base+vit_b16,
SoilOriginal,resmlp,42,2,full,random_046,0.7180981425708816,0.8289473684210527,4,2256,0.8201935499964748,dinov2+dinov2_large+dinov2_small+drlbp,
SoilOriginal,resmlp,42,2,full,random_047,0.7707774607818836,0.8728070175438597,4,2870,1.4833804910012987,dinov2+efficientnet_b0+lbp+siglip_base,
SoilOriginal,resmlp,42,2,full,random_048,0.8626710827068772,0.9078947368421053,4,3348,0.9971343229990453,beitv2_base_final+gabor+hog+siglip_base,
SoilOriginal,resmlp,42,2,full,random_049,0.7892553761054606,0.8771929824561403,4,1616,1.5567475329880835,deit_s+dinov2_small+drlbp+siglip_base,
SoilOriginal,resmlp,42,2,full,random_050,0.7510877047448892,0.8421052631578947,4,5248,1.1511713090003468,dinov2_large+drlbp+gabor+vgg16,
SoilOriginal,resmlp,42,2,full,random_051,0.8035757892900751,0.881578947368421,4,5650,0.9905342509882757,glcm+siglip_base+swin_t+vgg16,
SoilOriginal,resmlp,42,2,full,random_052,0.7075759858599311,0.8114035087719298,4,2250,1.7650345709989779,dinov2_small+gabor+hog+lbp,
SoilOriginal,resmlp,42,2,full,random_053,0.828015454569288,0.8903508771929824,4,3602,1.3032869099988602,eva02_base+glcm+resnet101+vit_b16,
SoilOriginal,resmlp,42,2,full,random_054,0.8287409762721755,0.8991228070175439,4,6400,1.8227547959977528,eva02_base+siglip_base+swin_t+vgg16,
SoilOriginal,resmlp,42,2,full,random_055,0.8145717138702244,0.881578947368421,4,4224,1.5347074960009195,deit_s+dinov2_large+resnet101+siglip_base,
SoilOriginal,resmlp,42,2,full,random_056,0.7966450255047218,0.8728070175438597,4,3318,0.9591532780032139,convnext_v2_t+glcm+hog+mae_base,
SoilOriginal,resmlp,42,2,full,random_057,0.7594294196780728,0.8640350877192983,4,5604,1.92461085600371,dinov2_large+eva02_base+hog+resnet50,
SoilOriginal,resmlp,42,2,full,random_058,0.8584520360386082,0.9035087719298246,4,1846,1.5655805669957772,lbp+rgb_ngram_svd+siglip_base+swin_t,
SoilOriginal,resmlp,42,2,full,random_059,0.8357316194187728,0.8859649122807017,4,3632,1.205787295999471,beitv2_base_final+eva02_base+gabor+resnet101,
SoilOriginal,resmlp,42,2,full,random_060,0.7974282140461844,0.868421052631579,4,3152,1.9216461820033146,densenet121+drlbp+efficientnet_b0+swin_t,
SoilOriginal,resmlp,42,2,full,random_061,0.8341854294040616,0.8859649122807017,4,3840,0.9366409320064122,densenet121+efficientnet_b0+swin_t+vit_b16,
SoilOriginal,resmlp,42,2,full,random_062,0.7523466193514761,0.8640350877192983,4,4068,1.4924123819946544,dinov2+hog+siglip_base+swin_t,
SoilOriginal,resmlp,42,2,full,random_063,0.7521010122261964,0.868421052631579,4,2864,0.9232889109989628,densenet121+dinov2_large+gabor+siglip_base,
SoilOriginal,resmlp,42,2,full,random_064,0.8916457811194655,0.9166666666666666,4,2560,1.2567963159963256,eva02_base+rgb_ngram_svd+siglip_base+vit_b16,
SoilOriginal,resmlp,42,2,full,random_065,0.8190015545240168,0.8903508771929824,4,4962,1.5915027139999438,drlbp+glcm+siglip_base+vgg16,
SoilOriginal,resmlp,42,2,full,random_066,0.7871692277841873,0.8728070175438597,4,6884,0.8750470810045954,dinov2_large+hog+resnet101+resnet50,
SoilOriginal,resmlp,42,2,full,random_067,0.7729854729316216,0.8640350877192983,4,2322,0.7808880880038487,eva02_base+glcm+mae_base+swin_t,
SoilOriginal,resmlp,42,2,full,random_068,0.7666332182393842,0.8552631578947368,4,4608,0.998550175994751,dinov2+dinov2_large+mae_base+resnet101,
SoilOriginal,resmlp,42,2,full,random_069,0.8002411976381703,0.868421052631579,4,3684,1.8943537849991117,dinov2_small+eva02_base+hog+vit_b16,
SoilOriginal,resmlp,42,2,full,random_070,0.8484121135569651,0.8991228070175439,4,3280,1.610946804008563,deit_s+drlbp+resnet50+vit_b16,
SoilOriginal,resmlp,42,2,full,random_071,0.8083745881557828,0.868421052631579,4,2896,1.405781477005803,beitv2_base_final+convnext_v2_t+drlbp+efficientnet_b0,
SoilOriginal,resmlp,42,2,full,random_072,0.8127337555168699,0.8640350877192983,4,1474,1.0451256670057774,deit_s+densenet121+gabor+glcm,
SoilOriginal,resmlp,42,2,full,random_073,0.8020995236495505,0.8508771929824561,4,6262,1.7678979089978384,deit_s+glcm+hog+vgg16,
SoilOriginal,resmlp,42,2,full,random_074,0.8799733522758684,0.9035087719298246,4,5504,1.1741468910040567,convnext_v2_t+deit_s+rgb_ngram_svd+vgg16,
SoilOriginal,resmlp,42,2,full,random_075,0.8236948033072654,0.8859649122807017,4,6966,1.4359152039978653,lbp+resnet50+vgg16+vit_b16,
SoilOriginal,resmlp,42,2,full,random_076,0.8135370083348373,0.8859649122807017,4,1664,0.8674591149901971,beitv2_base_final+drlbp+gabor+swin_t,
SoilOriginal,resmlp,42,2,full,random_077,0.8092125270257658,0.8728070175438597,4,4480,0.7536982910096413,deit_s+densenet121+dinov2_large+resnet101,
SoilOriginal,resmlp,42,2,full,random_078,0.8829076552384824,0.9122807017543859,4,6480,1.718667937995633,drlbp+resnet101+rgb_ngram_svd+vgg16,
SoilOriginal,resmlp,42,2,full,random_079,0.813135169478331,0.8771929824561403,4,1218,1.6461795969953528,deit_s+eva02_base+gabor+glcm,
SoilOriginal,resmlp,42,2,full,random_080,0.8395926765889641,0.8859649122807017,4,3200,1.8879152320005232,beitv2_base_final+deit_s+efficientnet_b0+mae_base,
SoilOriginal,resmlp,42,2,full,random_081,0.8617448622352185,0.8991228070175439,4,3328,1.3893488440080546,densenet121+efficientnet_b0+rgb_ngram_svd+siglip_base,
SoilOriginal,resmlp,42,2,full,random_082,0.7630754039050384,0.8245614035087719,4,6932,1.4506051700009266,densenet121+gabor+hog+vgg16,
SoilOriginal,resmlp,42,2,full,random_083,0.7924742521457304,0.8596491228070176,4,8240,1.026628873005393,gabor+resnet101+resnet50+vgg16,
SoilOriginal,resmlp,42,2,full,random_084,0.8282233278252212,0.8728070175438597,4,4836,1.7786782309995033,beitv2_base_final+hog+resnet50+rgb_ngram_svd,
SoilOriginal,resmlp,42,2,full,random_085,0.8617045813474385,0.9078947368421053,4,2358,0.7581540990067879,convnext_v2_t+eva02_base+lbp+vit_b16,
SoilOriginal,resmlp,42,2,full,random_086,0.8236143057125168,0.8771929824561403,4,3888,1.9052753190044314,densenet121+gabor+resnet101+vit_b16,
SoilOriginal,resmlp,42,2,full,random_087,0.8453540264014973,0.8903508771929824,4,6912,1.8598786149959778,beitv2_base_final+efficientnet_b0+mae_base+vgg16,
SoilOriginal,resmlp,42,2,full,random_088,0.7426443424152668,0.8552631578947368,4,4224,1.0991560449911049,deit_s+dinov2_large+mae_base+resnet101,
SoilOriginal,resmlp,42,2,full,random_089,0.862767170178776,0.9035087719298246,4,6656,1.3580872680031462,dinov2_large+efficientnet_b0+rgb_ngram_svd+vgg16,
SoilOriginal,resmlp,42,2,full,random_090,0.8214744008851561,0.881578947368421,4,7808,2.284992988992599,deit_s+efficientnet_b0+resnet101+vgg16,
SoilOriginal,resmlp,42,2,full,random_091,0.805293742636972,0.881578947368421,4,7936,1.3660727309907088,dinov2_large+resnet101+siglip_base+vgg16,
SoilOriginal,resmlp,42,2,full,random_092,0.8161216936695054,0.8947368421052632,4,2358,1.4106987200066214,beitv2_base_final+lbp+siglip_base+swin_t,
SoilOriginal,resmlp,42,2,full,random_093,0.7110277559849766,0.7631578947368421,4,2118,1.1013590509974165,drlbp+glcm+hog+rgb_ngram_svd,
SoilOriginal,resmlp,42,2,full,random_094,0.8302329291494034,0.8859649122807017,4,5888,2.1755651499988744,densenet121+resnet101+resnet50+vit_b16,
SoilOriginal,resmlp,42,2,full,random_095,0.6584105952527005,0.793859649122807,4,1250,2.012993280994124,dinov2+dinov2_small+drlbp+glcm,
SoilOriginal,resmlp,42,2,full,random_096,0.7860971066931387,0.868421052631579,4,2864,1.3945553670055233,convnext_v2_t+dinov2+efficientnet_b0+gabor,
SoilOriginal,resmlp,42,2,full,random_097,0.7870458908685718,0.8728070175438597,4,2608,2.2687068759987596,convnext_v2_t+densenet121+dinov2+gabor,
SoilOriginal,resmlp,42,2,full,random_098,0.7975750502075379,0.8728070175438597,4,2834,2.072190741004306,beitv2_base_final+efficientnet_b0+eva02_base+glcm,
SoilOriginal,resmlp,42,2,full,random_099,0.7572221048287632,0.8508771929824561,4,7168,1.8535064790048636,dinov2+dinov2_large+efficientnet_b0+vgg16,
SoilOriginal,resmlp,42,3,full,random_000,0.9156748856081738,0.9473684210526315,7,7734,1.3767510579928057,convnext_v2_t+dinov2_large+lbp+mae_base+rgb_ngram_svd+swin_t+vgg16,
SoilOriginal,resmlp,42,3,full,random_001,0.9103436291076122,0.9429824561403509,7,5908,1.3370454999967478,beitv2_base_final+densenet121+gabor+hog+siglip_base+swin_t+vit_b16,
SoilOriginal,resmlp,42,3,full,random_002,0.9000564290261275,0.9385964912280702,7,7706,1.1436526990000857,beitv2_base_final+dinov2_large+efficientnet_b0+eva02_base+hog+lbp+resnet50,
SoilOriginal,resmlp,42,3,full,random_003,0.879689911026312,0.9254385964912281,7,5698,1.5693187809956726,dinov2+efficientnet_b0+eva02_base+gabor+glcm+mae_base+resnet50,
SoilOriginal,resmlp,42,3,full,random_004,0.8899186815631575,0.9210526315789473,7,9126,0.8794179769902257,deit_s+gabor+glcm+hog+resnet101+swin_t+vgg16,
SoilOriginal,resmlp,42,3,full,random_005,0.9273593226615496,0.9517543859649122,7,5500,1.5904280520044267,beitv2_base_final+drlbp+glcm+hog+lbp+mae_base+resnet50,
SoilOriginal,resmlp,42,3,full,random_006,0.8941322336727265,0.9385964912280702,7,5066,0.8401959570037434,dinov2_small+efficientnet_b0+gabor+hog+lbp+mae_base+swin_t,
SoilOriginal,resmlp,42,3,full,random_007,0.9022918199536053,0.9473684210526315,7,5442,1.156337248001364,beitv2_base_final+dinov2_large+eva02_base+gabor+glcm+resnet101+swin_t,
SoilOriginal,resmlp,42,3,full,random_008,0.8977235870424726,0.9473684210526315,7,4290,1.2800914689869387,dinov2_large+dinov2_small+efficientnet_b0+eva02_base+gabor+glcm+swin_t,
SoilOriginal,resmlp,42,3,full,random_009,0.8969149953552141,0.9342105263157895,7,8832,1.7951177549985005,dinov2_large+drlbp+efficientnet_b0+gabor+resnet50+rgb_ngram_svd+vgg16,
SoilOriginal,resmlp,42,3,full,random_010,0.8860564304173327,0.9166666666666666,7,5994,1.483120520002558,densenet121+dinov2+drlbp+hog+lbp+resnet101+rgb_ngram_svd,
SoilOriginal,resmlp,42,3,full,random_011,0.8843232733450126,0.9298245614035088,7,9136,1.4666783129941905,deit_s+dinov2+dinov2_large+gabor+resnet101+swin_t+vgg16,
SoilOriginal,resmlp,42,3,full,random_012,0.8938403296298033,0.9210526315789473,7,3974,1.177177687000949,beitv2_base_final+drlbp+efficientnet_b0+lbp+mae_base+rgb_ngram_svd+swin_t,
SoilOriginal,resmlp,42,3,full,random_013,0.8752934095229064,0.9298245614035088,7,6182,1.2442979639890837,convnext_v2_t+eva02_base+gabor+glcm+hog+resnet50+swin_t,
SoilOriginal,resmlp,42,3,full,random_014,0.9131275368931097,0.9517543859649122,7,7158,1.1047443419956835,beitv2_base_final+dinov2+dinov2_large+glcm+hog+resnet101+swin_t,
SoilOriginal,resmlp,42,3,full,random_015,0.8875441044613978,0.9298245614035088,7,6390,1.0790452990040649,beitv2_base_final+densenet121+efficientnet_b0+glcm+hog+mae_base+vit_b16,
SoilOriginal,resmlp,42,3,full,random_016,0.9062657174319309,0.9298245614035088,7,3334,0.7040964620100567,beitv2_base_final+dinov2_large+dinov2_small+drlbp+lbp+mae_base+rgb_ngram_svd,
SoilOriginal,resmlp,42,3,full,random_017,0.9179863439261935,0.9473684210526315,7,9654,1.4345401199971093,convnext_v2_t+dinov2_small+lbp+resnet101+resnet50+rgb_ngram_svd+vgg16,
SoilOriginal,resmlp,42,3,full,random_018,0.9012001692389362,0.9429824561403509,7,9398,1.4827466280112276,densenet121+dinov2_large+dinov2_small+eva02_base+lbp+resnet50+vgg16,
SoilOriginal,resmlp,42,3,full,random_019,0.8874234234040664,0.9429824561403509,7,5988,1.3646713140042266,dinov2+dinov2_small+eva02_base+hog+siglip_base+swin_t+vit_b16,
SoilOriginal,resmlp,42,3,full,random_020,0.8938625145005251,0.9342105263157895,7,3346,1.2654710690112552,deit_s+densenet121+dinov2_large+drlbp+eva02_base+gabor+glcm,
SoilOriginal,resmlp,42,3,full,random_021,0.8939449997255347,0.9298245614035088,7,7600,0.9497804560087388,deit_s+eva02_base+gabor+mae_base+siglip_base+vgg16+vit_b16,
SoilOriginal,resmlp,42,3,full,random_022,0.9274880577512157,0.9473684210526315,7,7954,1.1274037519906415,beitv2_base_final+densenet121+dinov2_large+eva02_base+glcm+rgb_ngram_svd+vgg16,
SoilOriginal,resmlp,42,3,full,random_023,0.9049062696619087,0.9342105263157895,7,7990,1.0239102209889097,beitv2_base_final+convnext_v2_t+efficientnet_b0+eva02_base+lbp+rgb_ngram_svd+vgg16,
SoilOriginal,resmlp,42,3,full,random_024,0.8595395779629229,0.9166666666666666,7,8778,0.9045253829972353,efficientnet_b0+gabor+hog+lbp+siglip_base+vgg16+vit_b16,
SoilOriginal,resmlp,42,3,full,random_025,0.8989525404695683,0.9342105263157895,7,7856,0.8756666569970548,beitv2_base_final+deit_s+densenet121+efficientnet_b0+gabor+rgb_ngram_svd+vgg16,
SoilOriginal,resmlp,42,3,full,random_026,0.8771651350598718,0.9254385964912281,7,5320,1.8502062400075374,beitv2_base_final+drlbp+gabor+glcm+lbp+rgb_ngram_svd+vgg16,
SoilOriginal,resmlp,42,3,full,random_027,0.9105199217069834,0.9385964912280702,7,5968,1.0421880610083463,densenet121+dinov2_large+drlbp+resnet101+rgb_ngram_svd+siglip_base+vit_b16,
SoilOriginal,resmlp,42,3,full,random_028,0.9044967494967496,0.9429824561403509,7,8474,1.2489758750016335,deit_s+densenet121+dinov2_small+hog+lbp+vgg16+vit_b16,
SoilOriginal,resmlp,42,3,full,random_029,0.8877842708669776,0.9429824561403509,7,8468,1.40928202100622,beitv2_base_final+dinov2_large+gabor+hog+mae_base+resnet101+resnet50,
SoilOriginal,resmlp,42,3,full,random_030,0.9260742269112285,0.9473684210526315,7,7158,1.4394753939996008,convnext_v2_t+densenet121+dinov2+glcm+hog+resnet50+vit_b16,
SoilOriginal,resmlp,42,3,full,random_031,0.8767239342152234,0.9210526315789473,7,5494,1.107015453002532,convnext_v2_t+dinov2+dinov2_large+dinov2_small+glcm+hog+mae_base,
SoilOriginal,resmlp,42,3,full,random_032,0.8943648488753252,0.9298245614035088,7,3480,0.8833858190046158,convnext_v2_t+dinov2_large+drlbp+glcm+lbp+mae_base+swin_t,
SoilOriginal,resmlp,42,3,full,random_033,0.9020323523642164,0.9342105263157895,7,7442,1.6839028390095336,beitv2_base_final+eva02_base+glcm+rgb_ngram_svd+siglip_base+swin_t+vgg16,
SoilOriginal,resmlp,42,3,full,random_034,0.8824147685676421,0.9342105263157895,7,5712,1.2490868019958725,dinov2_large+drlbp+eva02_base+resnet50+rgb_ngram_svd+swin_t+vit_b16,
SoilOriginal,resmlp,42,3,full,random_035,0.8734946779894514,0.9210526315789473,7,4938,0.9681664980016649,beitv2_base_final+gabor+hog+lbp+siglip_base+swin_t+vit_b16,
SoilOriginal,resmlp,42,3,full,random_036,0.8945131222705595,0.9473684210526315,7,4400,1.363256962999003,deit_s+dinov2_small+efficientnet_b0+gabor+mae_base+siglip_base+swin_t,
SoilOriginal,resmlp,42,3,full,random_037,0.9051820357935679,0.9473684210526315,7,5286,1.8984464990062406,densenet121+dinov2_small+efficientnet_b0+eva02_base+gabor+glcm+hog,
SoilOriginal,resmlp,42,3,full,random_038,0.9161984072173109,0.9429824561403509,7,3448,1.548840054005268,beitv2_base_final+dinov2_large+gabor+glcm+lbp+mae_base+vit_b16,
SoilOriginal,resmlp,42,3,full,random_039,0.853124540144205,0.9166666666666666,7,9334,1.6813325219991384,deit_s+densenet121+dinov2+efficientnet_b0+glcm+hog+vgg16,
SoilOriginal,resmlp,42,3,full,random_040,0.9221338227443212,0.9473684210526315,7,5010,1.3673019480047515,dinov2+dinov2_small+glcm+mae_base+resnet101+rgb_ngram_svd+swin_t,
SoilOriginal,resmlp,42,3,full,random_041,0.8770874648981967,0.9166666666666666,7,3650,1.5366066249989672,dinov2_large+eva02_base+gabor+glcm+rgb_ngram_svd+swin_t+vit_b16,
SoilOriginal,resmlp,42,3,full,random_042,0.8986502115885358,0.9429824561403509,7,8548,2.306238538993057,densenet121+drlbp+gabor+hog+mae_base+siglip_base+vgg16,
SoilOriginal,resmlp,42,3,full,random_043,0.8883284853201243,0.9298245614035088,7,9142,0.9018075269996189,convnext_v2_t+deit_s+dinov2_large+lbp+resnet101+swin_t+vgg16,
SoilOriginal,resmlp,42,3,full,random_044,0.9122714893171936,0.9473684210526315,7,7728,0.8400681360071758,densenet121+dinov2_large+gabor+mae_base+resnet101+resnet50+vit_b16,
SoilOriginal,resmlp,42,3,full,random_045,0.8858156109308183,0.9254385964912281,7,7680,1.3331440729962196,convnext_v2_t+dinov2_large+eva02_base+resnet101+resnet50+rgb_ngram_svd+siglip_base,
SoilOriginal,resmlp,42,3,full,random_046,0.9238112647088307,0.9473684210526315,7,3664,1.0162144920032006,deit_s+densenet121+dinov2+dinov2_small+drlbp+mae_base+rgb_ngram_svd,
SoilOriginal,resmlp,42,3,full,random_047,0.9074038024046024,0.9385964912280702,7,7194,1.5084804959915346,dinov2_large+efficientnet_b0+eva02_base+hog+lbp+resnet50+rgb_ngram_svd,
SoilOriginal,resmlp,42,3,full,random_048,0.8900469888031465,0.9385964912280702,7,8502,1.3248827219940722,deit_s+dinov2_small+lbp+mae_base+resnet50+siglip_base+vgg16,
SoilOriginal,resmlp,42,3,full,random_049,0.88548475961778,0.9254385964912281,7,5702,1.281928259995766,convnext_v2_t+drlbp+eva02_base+glcm+hog+resnet101+rgb_ngram_svd,
SoilOriginal,resmlp,42,3,full,random_050,0.8980054140677474,0.9166666666666666,7,6748,1.2720465640013572,gabor+glcm+hog+lbp+mae_base+resnet101+resnet50,
SoilOriginal,resmlp,42,3,full,random_051,0.8912396424046323,0.9342105263157895,7,4790,1.320839898995473,dinov2_large+drlbp+gabor+lbp+resnet50+swin_t+vit_b16,
SoilOriginal,resmlp,42,3,full,random_052,0.8843658291026711,0.9385964912280702,7,8454,1.264830397994956,beitv2_base_final+dinov2_large+dinov2_small+drlbp+lbp+resnet101+vgg16,
SoilOriginal,resmlp,42,3,full,random_053,0.8925527510033691,0.9385964912280702,7,4674,1.224847570003476,densenet121+dinov2+efficientnet_b0+gabor+glcm+mae_base+vit_b16,
SoilOriginal,resmlp,42,3,full,random_054,0.8833701585667175,0.9254385964912281,7,11510,1.6733546350005781,dinov2+glcm+hog+resnet101+resnet50+swin_t+vgg16,
SoilOriginal,resmlp,42,3,full,random_055,0.9186033945742039,0.9429824561403509,7,8438,0.9136100030009402,beitv2_base_final+convnext_v2_t+glcm+hog+rgb_ngram_svd+vgg16+vit_b16,
SoilOriginal,resmlp,42,3,full,random_056,0.9084759790089016,0.9342105263157895,7,9106,1.2981863909953972,drlbp+eva02_base+gabor+glcm+resnet101+resnet50+vgg16,
SoilOriginal,resmlp,42,3,full,random_057,0.8981687196437009,0.9385964912280702,7,9236,1.5203047230024822,convnext_v2_t+dinov2_large+eva02_base+gabor+hog+swin_t+vgg16,
SoilOriginal,resmlp,42,3,full,random_058,0.8695246532275146,0.9254385964912281,7,7188,1.1421463340084301,dinov2+dinov2_large+eva02_base+gabor+hog+resnet101+vit_b16,
SoilOriginal,resmlp,42,3,full,random_059,0.8625840410126919,0.9210526315789473,7,3510,1.1679965109942714,densenet121+drlbp+gabor+lbp+mae_base+siglip_base+swin_t,
SoilOriginal,resmlp,42,3,full,random_060,0.9047279454046372,0.9342105263157895,7,8978,1.6391350769990822,densenet121+glcm+mae_base+resnet101+rgb_ngram_svd+siglip_base+vgg16,
SoilOriginal,resmlp,42,3,full,random_061,0.8921535559809896,0.9298245614035088,7,5760,1.2518110319942934,dinov2_small+mae_base+resnet101+rgb_ngram_svd+siglip_base+swin_t+vit_b16,
SoilOriginal,resmlp,42,3,full,random_062,0.8960238962273015,0.9342105263157895,7,10230,1.9678941589954775,beitv2_base_final+glcm+hog+resnet50+siglip_base+vgg16+vit_b16,
SoilOriginal,resmlp,42,3,full,random_063,0.8772775283367666,0.9210526315789473,7,5814,1.0985902120009996,beitv2_base_final+convnext_v2_t+drlbp+gabor+lbp+resnet101+resnet50,
SoilOriginal,resmlp,42,3,full,random_064,0.896954733549366,0.9342105263157895,7,12516,1.4362160110031255,beitv2_base_final+convnext_v2_t+dinov2_large+hog+resnet101+resnet50+vgg16,
SoilOriginal,resmlp,42,3,full,random_065,0.9006177953864913,0.9342105263157895,7,7120,1.0635909660049947,densenet121+dinov2+dinov2_small+drlbp+eva02_base+resnet101+resnet50,
SoilOriginal,resmlp,42,3,full,random_066,0.9081541975307287,0.9342105263157895,7,8136,1.4621944469981827,dinov2_small+efficientnet_b0+glcm+lbp+resnet101+rgb_ngram_svd+vgg16,
SoilOriginal,resmlp,42,3,full,random_067,0.9019655534931109,0.9342105263157895,7,7092,1.387175437004771,convnext_v2_t+densenet121+dinov2_large+dinov2_small+drlbp+hog+resnet50,
SoilOriginal,resmlp,42,3,full,random_068,0.8872517025569687,0.9342105263157895,7,7362,1.3950833859998966,dinov2+dinov2_small+efficientnet_b0+gabor+glcm+swin_t+vgg16,
SoilOriginal,resmlp,42,3,full,random_069,0.8649794617506158,0.9298245614035088,7,6144,1.2143204040039564,deit_s+densenet121+dinov2+dinov2_small+resnet50+siglip_base+swin_t,
SoilOriginal,resmlp,42,3,full,random_070,0.8931308931822504,0.9254385964912281,7,4930,1.057777100999374,densenet121+eva02_base+gabor+glcm+resnet101+rgb_ngram_svd+swin_t,
SoilOriginal,resmlp,42,3,full,random_071,0.859833341405807,0.9210526315789473,7,5268,0.8103075550025096,beitv2_base_final+deit_s+gabor+hog+mae_base+siglip_base+vit_b16,
SoilOriginal,resmlp,42,3,full,random_072,0.8754600301370353,0.9342105263157895,7,4912,0.7431841380021069,deit_s+densenet121+dinov2_large+dinov2_small+efficientnet_b0+gabor+swin_t,
SoilOriginal,resmlp,42,3,full,random_073,0.9145200783475119,0.9429824561403509,7,8320,1.5501010599982692,dinov2_small+efficientnet_b0+eva02_base+rgb_ngram_svd+swin_t+vgg16+vit_b16,
SoilOriginal,resmlp,42,3,full,random_074,0.9094991824837877,0.9517543859649122,7,4560,1.12876287700783,convnext_v2_t+dinov2_large+dinov2_small+drlbp+eva02_base+mae_base+swin_t,
SoilOriginal,resmlp,42,3,full,random_075,0.8699881969210465,0.9342105263157895,7,5064,1.197518818997196,dinov2+dinov2_large+dinov2_small+glcm+lbp+resnet50+swin_t,
SoilOriginal,resmlp,42,3,full,random_076,0.9202529612581966,0.9429824561403509,7,6966,1.3808042770106113,deit_s+dinov2_large+dinov2_small+lbp+rgb_ngram_svd+siglip_base+vgg16,
SoilOriginal,resmlp,42,3,full,random_077,0.878225846431037,0.9166666666666666,7,4304,1.0106116560054943,deit_s+drlbp+efficientnet_b0+rgb_ngram_svd+siglip_base+swin_t+vit_b16,
SoilOriginal,resmlp,42,3,full,random_078,0.9465016625886191,0.9649122807017544,7,6832,1.3238130729878321,beitv2_base_final+dinov2_small+eva02_base+gabor+mae_base+resnet101+resnet50,
SoilOriginal,resmlp,42,3,full,random_079,0.8766468684415726,0.9078947368421053,7,6316,1.1806616980029503,drlbp+gabor+glcm+hog+lbp+rgb_ngram_svd+vgg16,
SoilOriginal,resmlp,42,3,full,random_080,0.9265804315428375,0.9473684210526315,7,9088,1.2573330260056537,convnext_v2_t+deit_s+dinov2+resnet101+rgb_ngram_svd+vgg16+vit_b16,
SoilOriginal,resmlp,42,3,full,random_081,0.9161514661934281,0.9429824561403509,7,5940,1.3363621559983585,beitv2_base_final+convnext_v2_t+dinov2+dinov2_large+drlbp+eva02_base+hog,
SoilOriginal,resmlp,42,3,full,random_082,0.9220677295905675,0.9517543859649122,7,8576,1.0669279120047577,beitv2_base_final+convnext_v2_t+dinov2_large+dinov2_small+swin_t+vgg16+vit_b16,
SoilOriginal,resmlp,42,3,full,random_083,0.9047078930537577,0.9473684210526315,7,7012,1.339558878011303,beitv2_base_final+deit_s+dinov2_large+hog+mae_base+resnet50+rgb_ngram_svd,
SoilOriginal,resmlp,42,3,full,random_084,0.8623322293270028,0.9254385964912281,7,5990,1.1083402679942083,dinov2+dinov2_large+efficientnet_b0+gabor+lbp+resnet50+vit_b16,
SoilOriginal,resmlp,42,3,full,random_085,0.8945934882409047,0.9473684210526315,7,5192,0.8390380999917397,beitv2_base_final+convnext_v2_t+dinov2+glcm+lbp+resnet50+siglip_base,
SoilOriginal,resmlp,42,3,full,random_086,0.8840680128131286,0.9342105263157895,7,6736,2.1273240900045494,dinov2_large+drlbp+efficientnet_b0+eva02_base+mae_base+resnet50+vit_b16,
SoilOriginal,resmlp,42,3,full,random_087,0.9259267006945026,0.9473684210526315,7,9856,1.2116859310044674,beitv2_base_final+drlbp+gabor+resnet101+resnet50+siglip_base+vgg16,
SoilOriginal,resmlp,42,3,full,random_088,0.9099972152603731,0.9429824561403509,7,5448,1.311288686003536,beitv2_base_final+dinov2_large+glcm+lbp+mae_base+resnet50+vit_b16,
SoilOriginal,resmlp,42,3,full,random_089,0.9044072949264578,0.9473684210526315,7,8752,1.7695097289979458,beitv2_base_final+dinov2+dinov2_large+efficientnet_b0+gabor+mae_base+vgg16,
SoilOriginal,resmlp,42,3,full,random_090,0.8701464659031026,0.9210526315789473,7,5638,1.56335420999676,deit_s+dinov2_large+drlbp+efficientnet_b0+lbp+resnet101+swin_t,
SoilOriginal,resmlp,42,3,full,random_091,0.9010454458765739,0.9298245614035088,7,4930,0.7220695699943462,convnext_v2_t+dinov2_large+gabor+glcm+resnet101+rgb_ngram_svd+vit_b16,
SoilOriginal,resmlp,42,3,full,random_092,0.9035308439286729,0.9342105263157895,7,5120,1.0047581830003764,deit_s+densenet121+dinov2+drlbp+eva02_base+gabor+resnet101,
SoilOriginal,resmlp,42,3,full,random_093,0.9125156967262231,0.9385964912280702,7,3766,0.8617731560079847,beitv2_base_final+convnext_v2_t+dinov2_small+lbp+mae_base+rgb_ngram_svd+swin_t,
SoilOriginal,resmlp,42,3,full,random_094,0.8851036140416281,0.9254385964912281,7,4992,1.692162195002311,dinov2_large+drlbp+gabor+mae_base+resnet101+rgb_ngram_svd+siglip_base,
SoilOriginal,resmlp,42,3,full,random_095,0.921696355686328,0.9473684210526315,7,11392,1.32418523299566,deit_s+efficientnet_b0+eva02_base+mae_base+resnet101+resnet50+vgg16,
SoilOriginal,resmlp,42,3,full,random_096,0.8778478637419468,0.9210526315789473,7,5584,1.4307944080064772,dinov2_small+drlbp+efficientnet_b0+eva02_base+resnet101+rgb_ngram_svd+vit_b16,
SoilOriginal,resmlp,42,3,full,random_097,0.9267659699917764,0.9473684210526315,7,7700,1.1829499480081722,convnext_v2_t+densenet121+dinov2+efficientnet_b0+gabor+hog+resnet101,
SoilOriginal,resmlp,42,3,full,random_098,0.9020518561317348,0.9429824561403509,7,5510,1.006218730006367,dinov2+dinov2_large+drlbp+eva02_base+lbp+mae_base+resnet50,
SoilOriginal,resmlp,42,3,full,random_099,0.8961067371954291,0.9298245614035088,7,7760,1.2631792900065193,dinov2_large+drlbp+mae_base+rgb_ngram_svd+siglip_base+vgg16+vit_b16,
SoilOriginal,resmlp,42,4,full,random_000,0.8715743547104136,0.9166666666666666,5,2918,0.4851669909985503,convnext_v2_t+dinov2+efficientnet_b0+gabor+lbp,
SoilOriginal,resmlp,42,4,full,random_001,0.8963347902287564,0.9210526315789473,5,5120,0.8046199529926525,beitv2_base_final+eva02_base+mae_base+resnet50+swin_t,
SoilOriginal,resmlp,42,4,full,random_002,0.8854183951789206,0.9210526315789473,5,4500,0.6278684090066236,deit_s+dinov2_large+efficientnet_b0+gabor+hog,
SoilOriginal,resmlp,42,4,full,random_003,0.8995259805828386,0.9342105263157895,5,2048,1.1239504489931278,dinov2_small+drlbp+eva02_base+gabor+swin_t,
SoilOriginal,resmlp,42,4,full,random_004,0.8708310655022978,0.9078947368421053,5,5314,0.8833904560015071,convnext_v2_t+dinov2_small+gabor+glcm+vgg16,
SoilOriginal,resmlp,42,4,full,random_005,0.891884182719514,0.9298245614035088,5,6838,1.0569831949978834,dinov2_large+dinov2_small+efficientnet_b0+lbp+vgg16,
SoilOriginal,resmlp,42,4,full,random_006,0.9016936402039099,0.9254385964912281,5,2054,1.209084358997643,beitv2_base_final+deit_s+drlbp+lbp+siglip_base,
SoilOriginal,resmlp,42,4,full,random_007,0.9050196637560116,0.9429824561403509,5,2018,0.946310554005322,dinov2_small+drlbp+eva02_base+glcm+siglip_base,
SoilOriginal,resmlp,42,4,full,random_008,0.8980160781528321,0.9429824561403509,5,4048,1.096517676996882,deit_s+dinov2+drlbp+eva02_base+resnet50,
SoilOriginal,resmlp,42,4,full,random_009,0.8731700226364306,0.9122807017543859,5,3428,1.5013782729947707,dinov2+drlbp+gabor+hog+siglip_base,
SoilOriginal,resmlp,42,4,full,random_010,0.8847378022615017,0.9298245614035088,5,5044,1.7354396650043782,dinov2_small+drlbp+hog+resnet101+siglip_base,
SoilOriginal,resmlp,42,4,full,random_011,0.8888523679031781,0.9122807017543859,5,3986,1.1251368329976685,beitv2_base_final+deit_s+glcm+resnet50+vit_b16,
SoilOriginal,resmlp,42,4,full,random_012,0.8632925792480555,0.9078947368421053,5,3602,1.1586147649941267,convnext_v2_t+dinov2+efficientnet_b0+glcm+swin_t,
SoilOriginal,resmlp,42,4,full,random_013,0.8854251717482361,0.9210526315789473,5,2944,1.4617788739997195,beitv2_base_final+dinov2_small+rgb_ngram_svd+swin_t+vit_b16,
SoilOriginal,resmlp,42,4,full,random_014,0.9014140379731777,0.9298245614035088,5,6352,1.1172855870099738,beitv2_base_final+densenet121+dinov2_small+drlbp+vgg16,
SoilOriginal,resmlp,42,4,full,random_015,0.8289246095553937,0.868421052631579,5,4964,1.447856335013057,densenet121+drlbp+gabor+hog+resnet50,
SoilOriginal,resmlp,42,4,full,random_016,0.8579766171852796,0.9122807017543859,5,3712,0.985757617992931,convnext_v2_t+deit_s+densenet121+mae_base+siglip_base,
SoilOriginal,resmlp,42,4,full,random_017,0.874123223340744,0.9122807017543859,5,5168,1.3834149129979778,densenet121+efficientnet_b0+gabor+resnet50+vit_b16,
SoilOriginal,resmlp,42,4,full,random_018,0.8648013012815453,0.9078947368421053,5,2944,1.2563958600076148,convnext_v2_t+densenet121+dinov2_large+drlbp+gabor,
SoilOriginal,resmlp,42,4,full,random_019,0.8608375449469013,0.9078947368421053,5,3638,1.1306527940032538,convnext_v2_t+dinov2+efficientnet_b0+lbp+siglip_base,
SoilOriginal,resmlp,42,4,full,random_020,0.8833889047660277,0.9122807017543859,5,2534,1.235136766001233,beitv2_base_final+dinov2_small+efficientnet_b0+gabor+lbp,
SoilOriginal,resmlp,42,4,full,random_021,0.8883085792584565,0.9298245614035088,5,8448,1.8429704539885279,dinov2+mae_base+resnet50+siglip_base+vgg16,
SoilOriginal,resmlp,42,4,full,random_022,0.8815619185880911,0.9254385964912281,5,3456,1.3104004640044877,convnext_v2_t+dinov2+dinov2_small+mae_base+siglip_base,
SoilOriginal,resmlp,42,4,full,random_023,0.8560867328115042,0.9122807017543859,5,2406,0.8736074500047835,convnext_v2_t+gabor+lbp+siglip_base+vit_b16,
SoilOriginal,resmlp,42,4,full,random_024,0.8405237984149766,0.8947368421052632,5,9600,1.7811586480092956,deit_s+densenet121+resnet101+resnet50+vgg16,
SoilOriginal,resmlp,42,4,full,random_025,0.8895861583674328,0.9254385964912281,5,7734,1.42163742298726,beitv2_base_final+dinov2+lbp+resnet50+vgg16,
SoilOriginal,resmlp,42,4,full,random_026,0.8679272120462131,0.9298245614035088,5,2438,1.1416395270061912,convnext_v2_t+drlbp+eva02_base+lbp+mae_base,
SoilOriginal,resmlp,42,4,full,random_027,0.8763030628094575,0.9166666666666666,5,6454,1.2039754739962518,beitv2_base_final+convnext_v2_t+eva02_base+lbp+vgg16,
SoilOriginal,resmlp,42,4,full,random_028,0.8833226875807993,0.9298245614035088,5,4096,1.0323122760019032,dinov2+dinov2_large+efficientnet_b0+mae_base+rgb_ngram_svd,
SoilOriginal,resmlp,42,4,full,random_029,0.8815507248205723,0.9122807017543859,5,4086,1.2709903049981222,beitv2_base_final+convnext_v2_t+glcm+hog+vit_b16,
SoilOriginal,resmlp,42,4,full,random_030,0.9077568560872368,0.9385964912280702,5,3638,1.0004924800014123,deit_s+dinov2+dinov2_small+lbp+resnet101,
SoilOriginal,resmlp,42,4,full,random_031,0.916330250508438,0.9473684210526315,5,3968,0.9174961100070504,dinov2+dinov2_large+drlbp+gabor+resnet101,
SoilOriginal,resmlp,42,4,full,random_032,0.8868044082134532,0.9385964912280702,5,7680,1.826750598003855,densenet121+dinov2_large+eva02_base+siglip_base+vgg16,
SoilOriginal,resmlp,42,4,full,random_033,0.8862446698819727,0.9298245614035088,5,3602,1.0851441920094658,convnext_v2_t+efficientnet_b0+eva02_base+glcm+vit_b16,
SoilOriginal,resmlp,42,4,full,random_034,0.8797271054681249,0.9210526315789473,5,3504,1.2412676770036342,deit_s+gabor+resnet50+rgb_ngram_svd+siglip_base,
SoilOriginal,resmlp,42,4,full,random_035,0.8678713282399918,0.9035087719298246,5,7698,1.2649158380081644,beitv2_base_final+glcm+mae_base+resnet101+vgg16,
SoilOriginal,resmlp,42,4,full,random_036,0.8444121441958712,0.8903508771929824,5,3280,1.0977051940135425,convnext_v2_t+deit_s+drlbp+efficientnet_b0+swin_t,
SoilOriginal,resmlp,42,4,full,random_037,0.8681212086331652,0.9166666666666666,5,5632,1.4324950169975637,beitv2_base_final+convnext_v2_t+efficientnet_b0+mae_base+resnet101,
SoilOriginal,resmlp,42,4,full,random_038,0.871991450948052,0.9122807017543859,5,4324,1.4271243550028885,dinov2+eva02_base+hog+mae_base+rgb_ngram_svd,
SoilOriginal,resmlp,42,4,full,random_039,0.8826016041394086,0.9298245614035088,5,3408,0.9420904309954494,convnext_v2_t+dinov2+dinov2_large+drlbp+siglip_base,
SoilOriginal,resmlp,42,4,full,random_040,0.8818112576854976,0.9122807017543859,5,4652,1.2934538150002481,beitv2_base_final+glcm+hog+lbp+resnet50,
SoilOriginal,resmlp,42,4,full,random_041,0.8709388564117602,0.9122807017543859,5,3380,1.1694400169944856,deit_s+dinov2_small+drlbp+hog+siglip_base,
SoilOriginal,resmlp,42,4,full,random_042,0.8970944065232206,0.9342105263157895,5,3664,1.6516005739977118,dinov2+drlbp+efficientnet_b0+eva02_base+vit_b16,
SoilOriginal,resmlp,42,4,full,random_043,0.8330122950730321,0.8859649122807017,5,9234,1.02011039100762,densenet121+glcm+resnet101+resnet50+vgg16,
SoilOriginal,resmlp,42,4,full,random_044,0.8605293803147023,0.8991228070175439,5,6016,1.2193404190038564,beitv2_base_final+deit_s+resnet101+resnet50+swin_t,
SoilOriginal,resmlp,42,4,full,random_045,0.8891548820042188,0.9298245614035088,5,7652,1.2545261339982972,dinov2_large+hog+resnet101+resnet50+siglip_base,
SoilOriginal,resmlp,42,4,full,random_046,0.8806080035333613,0.9254385964912281,5,3254,1.3261989020102192,deit_s+efficientnet_b0+eva02_base+lbp+siglip_base,
SoilOriginal,resmlp,42,4,full,random_047,0.8855079450165462,0.9254385964912281,5,3376,1.3168458650034154,convnext_v2_t+densenet121+eva02_base+gabor+mae_base,
SoilOriginal,resmlp,42,4,full,random_048,0.8993821215943656,0.9385964912280702,5,2944,1.6361369749938603,deit_s+dinov2+mae_base+rgb_ngram_svd+siglip_base,
SoilOriginal,resmlp,42,4,full,random_049,0.900273430077862,0.9342105263157895,5,4304,1.3607589780003764,dinov2_large+dinov2_small+drlbp+resnet101+swin_t,
SoilOriginal,resmlp,42,4,full,random_050,0.8311217063750022,0.881578947368421,5,4984,1.3074693649978144,gabor+glcm+lbp+swin_t+vgg16,
SoilOriginal,resmlp,42,4,full,random_051,0.8705592885170054,0.9166666666666666,5,6272,1.379217380002956,dinov2+dinov2_small+rgb_ngram_svd+swin_t+vgg16,
SoilOriginal,resmlp,42,4,full,random_052,0.9119472684992634,0.9385964912280702,5,4598,1.4348642609984381,densenet121+dinov2_large+glcm+hog+mae_base,
SoilOriginal,resmlp,42,4,full,random_053,0.8865508067286798,0.9210526315789473,5,3584,1.1832626489922404,beitv2_base_final+convnext_v2_t+deit_s+dinov2_small+efficientnet_b0,
SoilOriginal,resmlp,42,4,full,random_054,0.8807702469912977,0.9122807017543859,5,7344,1.3956730010104366,dinov2_small+gabor+resnet50+swin_t+vgg16,
SoilOriginal,resmlp,42,4,full,random_055,0.8958864652473676,0.9342105263157895,5,2834,0.9613335780013585,beitv2_base_final+dinov2_large+glcm+rgb_ngram_svd+vit_b16,
SoilOriginal,resmlp,42,4,full,random_056,0.888754898128779,0.9298245614035088,5,4224,1.4474649759940803,dinov2_large+dinov2_small+efficientnet_b0+eva02_base+swin_t,
SoilOriginal,resmlp,42,4,full,random_057,0.8850968539582583,0.9298245614035088,5,6528,0.7982018199982122,deit_s+dinov2_large+mae_base+rgb_ngram_svd+vgg16,
SoilOriginal,resmlp,42,4,full,random_058,0.8667685652445066,0.9122807017543859,5,7344,1.4225834500102792,deit_s+gabor+resnet50+siglip_base+vgg16,
SoilOriginal,resmlp,42,4,full,random_059,0.9004422517356172,0.9429824561403509,5,6784,1.4383941370033426,convnext_v2_t+deit_s+eva02_base+siglip_base+vgg16,
SoilOriginal,resmlp,42,4,full,random_060,0.8756453425576242,0.9122807017543859,5,7066,1.828969320995384,deit_s+hog+lbp+siglip_base+vgg16,
SoilOriginal,resmlp,42,4,full,random_061,0.8836180250704325,0.9210526315789473,5,3712,1.3990344360063318,convnext_v2_t+deit_s+densenet121+dinov2+mae_base,
SoilOriginal,resmlp,42,4,full,random_062,0.8528682369923946,0.9078947368421053,5,2998,1.319678689003922,deit_s+dinov2+dinov2_large+lbp+mae_base,
SoilOriginal,resmlp,42,4,full,random_063,0.8759753334597212,0.9342105263157895,5,7168,1.2010026979987742,dinov2_large+efficientnet_b0+eva02_base+resnet101+resnet50,
SoilOriginal,resmlp,42,4,full,random_064,0.8570114772651475,0.8947368421052632,5,7908,1.0234481520019472,densenet121+hog+rgb_ngram_svd+swin_t+vgg16,
SoilOriginal,resmlp,42,4,full,random_065,0.8242502203305185,0.8991228070175439,5,4372,1.0724952760065207,convnext_v2_t+densenet121+gabor+hog+vit_b16,
SoilOriginal,resmlp,42,4,full,random_066,0.8882303451923732,0.9254385964912281,5,4688,1.2724417010031175,convnext_v2_t+densenet121+drlbp+resnet50+vit_b16,
SoilOriginal,resmlp,42,4,full,random_067,0.8653216436139812,0.9210526315789473,5,2608,1.30883054700098,deit_s+dinov2+dinov2_large+dinov2_small+gabor,
SoilOriginal,resmlp,42,4,full,random_068,0.8720735941213051,0.9078947368421053,5,5734,1.2424005749926437,convnext_v2_t+gabor+lbp+siglip_base+vgg16,
SoilOriginal,resmlp,42,4,full,random_069,0.88995330434694,0.9385964912280702,5,2578,1.3971576019976055,beitv2_base_final+dinov2+eva02_base+glcm+rgb_ngram_svd,
SoilOriginal,resmlp,42,4,full,random_070,0.9191858245138199,0.9385964912280702,5,5146,1.5282216600026004,dinov2_large+hog+lbp+resnet101+rgb_ngram_svd,
SoilOriginal,resmlp,42,4,full,random_071,0.8920939961869301,0.9298245614035088,5,2278,1.1852324720093748,densenet121+dinov2_small+gabor+lbp+vit_b16,
SoilOriginal,resmlp,42,4,full,random_072,0.9022635200878681,0.9385964912280702,5,2998,1.5764820869953837,densenet121+dinov2_small+eva02_base+lbp+siglip_base,
SoilOriginal,resmlp,42,4,full,random_073,0.8820186009323746,0.9122807017543859,5,3522,1.2815568989899475,densenet121+dinov2_small+gabor+glcm+resnet101,
SoilOriginal,resmlp,42,4,full,random_074,0.8850968539582583,0.9298245614035088,5,6528,0.8101363010064233,deit_s+dinov2_large+mae_base+rgb_ngram_svd+vgg16,
SoilOriginal,resmlp,42,4,full,random_075,0.8886348826931358,0.9166666666666666,5,5248,1.1016204909974476,deit_s+efficientnet_b0+mae_base+resnet50+vit_b16,
SoilOriginal,resmlp,42,4,full,random_076,0.8646632108220862,0.9166666666666666,5,4864,0.8400620750035159,deit_s+dinov2_small+efficientnet_b0+resnet101+vit_b16,
SoilOriginal,resmlp,42,4,full,random_077,0.8953165305377954,0.9342105263157895,5,5760,1.0293863719998626,dinov2+drlbp+gabor+vgg16+vit_b16,
SoilOriginal,resmlp,42,4,full,random_078,0.8750400322307027,0.9166666666666666,5,2480,0.758765645994572,dinov2_large+dinov2_small+gabor+rgb_ngram_svd+siglip_base,
SoilOriginal,resmlp,42,4,full,random_079,0.8668611798345761,0.9122807017543859,5,2742,1.0898034790006932,deit_s+lbp+mae_base+swin_t+vit_b16,
SoilOriginal,resmlp,42,4,full,random_080,0.8742647779121944,0.9078947368421053,5,5174,1.3254877790022874,lbp+resnet101+resnet50+rgb_ngram_svd+swin_t,
SoilOriginal,resmlp,42,4,full,random_081,0.8934249580611306,0.9254385964912281,5,3408,1.8682214970031055,densenet121+drlbp+mae_base+siglip_base+vit_b16,
SoilOriginal,resmlp,42,4,full,random_082,0.8986630866333629,0.9342105263157895,5,7424,1.4558434430073248,dinov2_large+efficientnet_b0+eva02_base+rgb_ngram_svd+vgg16,
SoilOriginal,resmlp,42,4,full,random_083,0.9147340213687657,0.9517543859649122,5,5732,1.6150182849960402,deit_s+eva02_base+hog+resnet101+siglip_base,
SoilOriginal,resmlp,42,4,full,random_084,0.8878081755520716,0.9254385964912281,5,4608,0.9278525389963761,beitv2_base_final+dinov2_large+efficientnet_b0+mae_base+siglip_base,
SoilOriginal,resmlp,42,4,full,random_085,0.9099951092860937,0.9473684210526315,5,4372,1.3000211659964407,dinov2_large+eva02_base+gabor+hog+mae_base,
SoilOriginal,resmlp,42,4,full,random_086,0.8243545242425421,0.8771929824561403,5,9444,1.3792128180066356,convnext_v2_t+hog+resnet50+siglip_base+vgg16,
SoilOriginal,resmlp,42,4,full,random_087,0.9167155754516548,0.9517543859649122,5,6704,1.0449298699968494,dinov2_large+eva02_base+gabor+vgg16+vit_b16,
SoilOriginal,resmlp,42,4,full,random_088,0.8209153417099149,0.8728070175438597,5,7988,0.9797595799900591,drlbp+efficientnet_b0+hog+swin_t+vgg16,
SoilOriginal,resmlp,42,4,full,random_089,0.8617527517986631,0.9122807017543859,5,6064,1.3033329570025671,dinov2_small+gabor+mae_base+siglip_base+vgg16,
SoilOriginal,resmlp,42,4,full,random_090,0.9259172852584058,0.9473684210526315,5,2438,1.7265508849959588,drlbp+eva02_base+lbp+mae_base+siglip_base,
SoilOriginal,resmlp,42,4,full,random_091,0.8487691519949584,0.8947368421052632,5,4836,0.9600963000120828,beitv2_base_final+convnext_v2_t+dinov2+hog+swin_t,
SoilOriginal,resmlp,42,4,full,random_092,0.8862829058071559,0.9210526315789473,5,3994,1.2546524479985237,deit_s+densenet121+eva02_base+hog+lbp,
SoilOriginal,resmlp,42,4,full,random_093,0.8844576669607592,0.9210526315789473,5,4048,1.1671627379982965,deit_s+dinov2+drlbp+resnet101+swin_t,
SoilOriginal,resmlp,42,4,full,random_094,0.9174210723557021,0.9473684210526315,5,2274,1.4285881569958292,deit_s+densenet121+drlbp+eva02_base+glcm,
SoilOriginal,resmlp,42,4,full,random_095,0.9046993382830084,0.9342105263157895,5,4116,1.561459302000003,eva02_base+gabor+hog+siglip_base+swin_t,
SoilOriginal,resmlp,42,4,full,random_096,0.865634426429534,0.9122807017543859,5,4736,1.296649542011437,dinov2+dinov2_small+eva02_base+mae_base+resnet50,
SoilOriginal,resmlp,42,4,full,random_097,0.8635611085534088,0.9166666666666666,5,6912,1.8334757740085479,densenet121+mae_base+rgb_ngram_svd+siglip_base+vgg16,
SoilOriginal,resmlp,42,4,full,random_098,0.893148994617987,0.9210526315789473,5,4022,1.2084661859989865,beitv2_base_final+deit_s+lbp+resnet101+swin_t,
SoilOriginal,resmlp,42,4,full,random_099,0.9022131809669862,0.9342105263157895,5,7680,1.0845891329954611,beitv2_base_final+convnext_v2_t+efficientnet_b0+vgg16+vit_b16,
SoilOriginal,resmlp,123,0,full,random_000,0.8476985259686532,0.8991228070175439,8,5126,1.6053296250029234,convnext_v2_t+dinov2_large+dinov2_small+drlbp+efficientnet_b0+lbp+swin_t+vit_b16,
SoilOriginal,resmlp,123,0,full,random_001,0.8888241939986219,0.9254385964912281,8,7652,1.906185744999675,deit_s+dinov2+dinov2_small+efficientnet_b0+eva02_base+hog+resnet101+rgb_ngram_svd,
SoilOriginal,resmlp,123,0,full,random_002,0.8664787823561916,0.9122807017543859,8,4634,1.326279575994704,beitv2_base_final+convnext_v2_t+dinov2_small+drlbp+gabor+hog+lbp+swin_t,
SoilOriginal,resmlp,123,0,full,random_003,0.860729998279366,0.9078947368421053,8,10240,1.2847343330067815,convnext_v2_t+deit_s+densenet121+dinov2_small+eva02_base+resnet101+vgg16+vit_b16,
SoilOriginal,resmlp,123,0,full,random_004,0.8643214643127692,0.9122807017543859,8,7728,1.0317370389966527,beitv2_base_final+densenet121+dinov2_large+efficientnet_b0+gabor+mae_base+resnet50+vit_b16,
SoilOriginal,resmlp,123,0,full,random_005,0.869430845414127,0.9122807017543859,8,8770,1.0925317570072366,dinov2+dinov2_large+efficientnet_b0+gabor+glcm+siglip_base+vgg16+vit_b16,
SoilOriginal,resmlp,123,0,full,random_006,0.8567327567240619,0.9035087719298246,8,8244,1.0617514600016875,beitv2_base_final+dinov2+drlbp+efficientnet_b0+hog+mae_base+resnet50+vit_b16,
SoilOriginal,resmlp,123,0,full,random_007,0.8654402750700225,0.9210526315789473,8,7012,0.9090259019867517,dinov2+dinov2_large+dinov2_small+hog+mae_base+siglip_base+swin_t+vit_b16,
SoilOriginal,resmlp,123,0,full,random_008,0.861513320236389,0.9166666666666666,8,11666,1.4180463149969,deit_s+dinov2_large+efficientnet_b0+glcm+resnet101+resnet50+siglip_base+vgg16,
SoilOriginal,resmlp,123,0,full,random_009,0.8646622097798063,0.9078947368421053,8,5200,1.0031857669964666,beitv2_base_final+deit_s+densenet121+dinov2_large+dinov2_small+drlbp+mae_base+swin_t,
SoilOriginal,resmlp,123,0,full,random_010,0.8637762533839023,0.9122807017543859,8,6268,1.095588867989136,beitv2_base_final+drlbp+glcm+hog+lbp+mae_base+resnet101+siglip_base,
SoilOriginal,resmlp,123,0,full,random_011,0.8568140617610387,0.9122807017543859,8,5832,1.820319030986866,beitv2_base_final+densenet121+dinov2_small+glcm+lbp+resnet50+siglip_base+vit_b16,
SoilOriginal,resmlp,123,0,full,random_012,0.8626277830342938,0.9078947368421053,8,10002,1.838387313997373,deit_s+dinov2_small+glcm+resnet101+resnet50+rgb_ngram_svd+swin_t+vgg16,
SoilOriginal,resmlp,123,0,full,random_013,0.859895013951385,0.9210526315789473,8,6144,1.5483236619911622,densenet121+dinov2_large+dinov2_small+drlbp+eva02_base+gabor+resnet50+swin_t,
SoilOriginal,resmlp,123,0,full,random_014,0.8859113320202984,0.9166666666666666,8,6144,0.8703257720044348,beitv2_base_final+densenet121+dinov2+dinov2_large+eva02_base+rgb_ngram_svd+siglip_base+swin_t,
SoilOriginal,resmlp,123,0,full,random_015,0.9185838852728466,0.9429824561403509,8,6418,2.0543718590051867,dinov2+dinov2_large+eva02_base+glcm+mae_base+resnet50+rgb_ngram_svd+vit_b16,
SoilOriginal,resmlp,123,0,full,random_016,0.8203864406967342,0.881578947368421,8,9418,1.5486932130006608,deit_s+densenet121+efficientnet_b0+gabor+hog+lbp+vgg16+vit_b16,
SoilOriginal,resmlp,123,0,full,random_017,0.8948835148684156,0.9210526315789473,8,5908,2.0810555249918252,beitv2_base_final+convnext_v2_t+eva02_base+gabor+hog+rgb_ngram_svd+swin_t+vit_b16,
SoilOriginal,resmlp,123,0,full,random_018,0.8578661446032996,0.9122807017543859,8,3576,1.6459711639909074,convnext_v2_t+dinov2+dinov2_small+gabor+glcm+lbp+mae_base+swin_t,
SoilOriginal,resmlp,123,0,full,random_019,0.8688875451636263,0.9298245614035088,8,9828,1.0340936559950933,deit_s+densenet121+dinov2+dinov2_large+hog+resnet101+resnet50+siglip_base,
SoilOriginal,resmlp,123,0,full,random_020,0.8954584212578597,0.9342105263157895,8,7828,2.1926859139930457,dinov2_small+efficientnet_b0+eva02_base+gabor+hog+mae_base+resnet101+siglip_base,
SoilOriginal,resmlp,123,0,full,random_021,0.8903097508176459,0.9385964912280702,8,4614,0.9169919200066943,convnext_v2_t+deit_s+dinov2_large+drlbp+eva02_base+lbp+mae_base+swin_t,
SoilOriginal,resmlp,123,0,full,random_022,0.8852256546003776,0.9210526315789473,8,6932,1.9880073240055935,beitv2_base_final+convnext_v2_t+densenet121+dinov2_large+gabor+hog+siglip_base+vit_b16,
SoilOriginal,resmlp,123,0,full,random_023,0.8453861289293264,0.8947368421052632,8,4376,0.6508169750013622,deit_s+dinov2_large+drlbp+efficientnet_b0+glcm+lbp+siglip_base+swin_t,
SoilOriginal,resmlp,123,0,full,random_024,0.8743543257768918,0.9210526315789473,8,5254,1.4183895829919493,convnext_v2_t+deit_s+dinov2+dinov2_small+drlbp+lbp+resnet50+siglip_base,
SoilOriginal,resmlp,123,0,full,random_025,0.8724042470586248,0.9122807017543859,8,6144,1.255025061997003,convnext_v2_t+densenet121+dinov2+dinov2_large+dinov2_small+drlbp+gabor+resnet50,
SoilOriginal,resmlp,123,0,full,random_026,0.8104797409966525,0.868421052631579,8,11078,2.239057573999162,beitv2_base_final+densenet121+drlbp+efficientnet_b0+glcm+hog+resnet50+vgg16,
SoilOriginal,resmlp,123,0,full,random_027,0.881933252933992,0.9210526315789473,8,4936,1.6742869570007315,beitv2_base_final+convnext_v2_t+dinov2_large+eva02_base+glcm+lbp+mae_base+swin_t,
SoilOriginal,resmlp,123,0,full,random_028,0.8055063342824721,0.8771929824561403,8,5860,1.4333616130024893,deit_s+drlbp+efficientnet_b0+gabor+hog+siglip_base+swin_t+vit_b16,
SoilOriginal,resmlp,123,0,full,random_029,0.8723873276668884,0.9078947368421053,8,7956,1.069257759998436,deit_s+dinov2_large+dinov2_small+gabor+hog+resnet101+resnet50+rgb_ngram_svd,
SoilOriginal,resmlp,123,0,full,random_030,0.8795270878852433,0.9254385964912281,8,6034,1.0995576340064872,dinov2_large+drlbp+efficientnet_b0+eva02_base+gabor+glcm+resnet50+vit_b16,
SoilOriginal,resmlp,123,0,full,random_031,0.8566763437064189,0.9035087719298246,8,7414,1.0672937179915607,deit_s+dinov2_small+efficientnet_b0+eva02_base+glcm+hog+resnet101+vit_b16,
SoilOriginal,resmlp,123,0,full,random_032,0.9007940489384811,0.9298245614035088,8,5808,1.0479642729915213,beitv2_base_final+deit_s+gabor+mae_base+resnet50+rgb_ngram_svd+siglip_base+vit_b16,
SoilOriginal,resmlp,123,0,full,random_033,0.8475298489495424,0.8947368421052632,8,11126,1.3656624509894755,densenet121+dinov2_large+dinov2_small+glcm+hog+resnet50+swin_t+vgg16,
SoilOriginal,resmlp,123,0,full,random_034,0.9006167393918407,0.9254385964912281,8,4358,1.3944342409959063,beitv2_base_final+dinov2_small+drlbp+efficientnet_b0+eva02_base+lbp+rgb_ngram_svd+siglip_base,
SoilOriginal,resmlp,123,0,full,random_035,0.8835123419706673,0.9166666666666666,8,4582,1.8924129420047393,densenet121+dinov2+dinov2_small+efficientnet_b0+gabor+lbp+rgb_ngram_svd+vit_b16,
SoilOriginal,resmlp,123,0,full,random_036,0.882217886192816,0.9166666666666666,8,8704,1.6879094999894733,convnext_v2_t+dinov2+efficientnet_b0+mae_base+resnet101+resnet50+rgb_ngram_svd+vit_b16,
SoilOriginal,resmlp,123,0,full,random_037,0.876571914283571,0.9210526315789473,8,9444,1.8278318869997747,deit_s+drlbp+gabor+hog+resnet101+rgb_ngram_svd+siglip_base+vgg16,
SoilOriginal,resmlp,123,0,full,random_038,0.7957793852769688,0.868421052631579,8,10102,0.9392635999975028,convnext_v2_t+drlbp+efficientnet_b0+gabor+glcm+hog+resnet50+vgg16,
SoilOriginal,resmlp,123,0,full,random_039,0.8588042258174077,0.8947368421052632,8,9654,0.9892821410030592,convnext_v2_t+deit_s+efficientnet_b0+lbp+resnet101+rgb_ngram_svd+swin_t+vgg16,
SoilOriginal,resmlp,123,0,full,random_040,0.8698712919890272,0.9210526315789473,8,7524,1.367180539004039,deit_s+dinov2_large+efficientnet_b0+eva02_base+hog+mae_base+siglip_base+swin_t,
SoilOriginal,resmlp,123,0,full,random_041,0.8895273216550407,0.9298245614035088,8,5062,0.7291302550002001,convnext_v2_t+deit_s+dinov2_large+drlbp+eva02_base+glcm+hog+rgb_ngram_svd,
SoilOriginal,resmlp,123,0,full,random_042,0.8637632688908887,0.9035087719298246,8,8210,1.0423022159957327,convnext_v2_t+deit_s+densenet121+dinov2+dinov2_small+glcm+mae_base+vgg16,
SoilOriginal,resmlp,123,0,full,random_043,0.8655452979985848,0.8991228070175439,8,7066,1.2006742080120603,convnext_v2_t+deit_s+densenet121+hog+lbp+resnet50+rgb_ngram_svd+swin_t,
SoilOriginal,resmlp,123,0,full,random_044,0.8341261230662153,0.9078947368421053,8,7088,0.6091650799935451,beitv2_base_final+deit_s+densenet121+dinov2+efficientnet_b0+gabor+resnet50+swin_t,
SoilOriginal,resmlp,123,0,full,random_045,0.8774708825378823,0.9122807017543859,8,10084,1.6499475390010048,beitv2_base_final+dinov2_small+efficientnet_b0+eva02_base+hog+rgb_ngram_svd+siglip_base+vgg16,
SoilOriginal,resmlp,123,0,full,random_046,0.8600410305537596,0.9078947368421053,8,6070,1.291347124002641,beitv2_base_final+convnext_v2_t+deit_s+densenet121+dinov2_large+efficientnet_b0+lbp+vit_b16,
SoilOriginal,resmlp,123,0,full,random_047,0.8934530198911714,0.9210526315789473,8,7368,1.5379699160112068,deit_s+dinov2_large+glcm+lbp+rgb_ngram_svd+siglip_base+vgg16+vit_b16,
SoilOriginal,resmlp,123,0,full,random_048,0.8893150240905666,0.9210526315789473,8,5296,1.1182154180132784,beitv2_base_final+deit_s+dinov2+dinov2_large+efficientnet_b0+gabor+rgb_ngram_svd+siglip_base,
SoilOriginal,resmlp,123,0,full,random_049,0.8396874964713203,0.8859649122807017,8,9574,2.2774693809915334,densenet121+eva02_base+gabor+lbp+mae_base+resnet50+swin_t+vgg16,
SoilOriginal,resmlp,123,0,full,random_050,0.8625082484475011,0.9035087719298246,8,4902,2.04614885400224,beitv2_base_final+convnext_v2_t+deit_s+dinov2_small+gabor+glcm+hog+vit_b16,
SoilOriginal,resmlp,123,0,full,random_051,0.8456802387475165,0.9035087719298246,8,5174,1.463218635006342,deit_s+dinov2+dinov2_small+efficientnet_b0+lbp+mae_base+swin_t+vit_b16,
SoilOriginal,resmlp,123,0,full,random_052,0.8767750277115803,0.9210526315789473,8,5010,1.2903699090093141,convnext_v2_t+deit_s+dinov2+eva02_base+glcm+siglip_base+swin_t+vit_b16,
SoilOriginal,resmlp,123,0,full,random_053,0.8768430734643938,0.9254385964912281,8,6882,1.283047892007744,dinov2_small+drlbp+eva02_base+glcm+mae_base+resnet101+resnet50+swin_t,
SoilOriginal,resmlp,123,0,full,random_054,0.8925670742646414,0.9254385964912281,8,6966,1.771623348002322,beitv2_base_final+convnext_v2_t+dinov2_large+efficientnet_b0+lbp+resnet101+rgb_ngram_svd+siglip_base,
SoilOriginal,resmlp,123,0,full,random_055,0.8619467378976976,0.9078947368421053,8,8858,1.0522103229886852,deit_s+dinov2_large+eva02_base+hog+lbp+resnet101+resnet50+swin_t,
SoilOriginal,resmlp,123,0,full,random_056,0.8712080291986547,0.9254385964912281,8,6150,0.889413090000744,deit_s+densenet121+dinov2_large+drlbp+lbp+resnet101+swin_t+vit_b16,
SoilOriginal,resmlp,123,0,full,random_057,0.8914951008326414,0.9254385964912281,8,3456,1.2226022870017914,convnext_v2_t+deit_s+dinov2_small+drlbp+eva02_base+gabor+rgb_ngram_svd+swin_t,
SoilOriginal,resmlp,123,0,full,random_058,0.8723660118749298,0.9210526315789473,8,8116,1.5162867550097872,convnext_v2_t+deit_s+dinov2_large+drlbp+efficientnet_b0+eva02_base+hog+resnet101,
SoilOriginal,resmlp,123,0,full,random_059,0.8449155021357229,0.8991228070175439,8,7542,1.7805621899897233,beitv2_base_final+densenet121+dinov2_small+glcm+hog+mae_base+resnet101+swin_t,
SoilOriginal,resmlp,123,0,full,random_060,0.8786164720213563,0.9254385964912281,8,5376,1.2269497210072586,beitv2_base_final+convnext_v2_t+deit_s+dinov2+dinov2_small+eva02_base+siglip_base+vit_b16,
SoilOriginal,resmlp,123,0,full,random_061,0.9087384796896478,0.9342105263157895,8,4352,1.3060079099959694,beitv2_base_final+dinov2+dinov2_small+drlbp+efficientnet_b0+eva02_base+gabor+rgb_ngram_svd,
SoilOriginal,resmlp,123,0,full,random_062,0.89221339903847,0.9385964912280702,8,6438,0.9501343820011243,convnext_v2_t+dinov2+dinov2_large+efficientnet_b0+gabor+glcm+hog+vit_b16,
SoilOriginal,resmlp,123,0,full,random_063,0.8843737192322771,0.9166666666666666,8,7206,1.424405628000386,convnext_v2_t+dinov2_large+gabor+glcm+hog+mae_base+resnet101+siglip_base,
SoilOriginal,resmlp,123,0,full,random_064,0.8854343543965598,0.9210526315789473,8,4912,1.4049372320005205,convnext_v2_t+deit_s+dinov2_large+dinov2_small+eva02_base+gabor+siglip_base+vit_b16,
SoilOriginal,resmlp,123,0,full,random_065,0.8981344659944187,0.9298245614035088,8,8642,1.748116138012847,deit_s+dinov2_large+gabor+glcm+mae_base+resnet101+rgb_ngram_svd+vgg16,
SoilOriginal,resmlp,123,0,full,random_066,0.8901248169834064,0.9298245614035088,8,5350,0.995431485993322,beitv2_base_final+convnext_v2_t+deit_s+densenet121+dinov2_large+efficientnet_b0+gabor+lbp,
SoilOriginal,resmlp,123,0,full,random_067,0.8453477067964812,0.8947368421052632,8,9190,2.2289827370113926,deit_s+densenet121+eva02_base+gabor+lbp+mae_base+resnet50+vgg16,
SoilOriginal,resmlp,123,0,full,random_068,0.8600789661289061,0.9078947368421053,8,9520,2.0469419580040267,deit_s+densenet121+dinov2_small+gabor+resnet101+siglip_base+vgg16+vit_b16,
SoilOriginal,resmlp,123,0,full,random_069,0.8598828230583111,0.9078947368421053,8,11546,1.8097473359957803,densenet121+dinov2_large+hog+lbp+mae_base+resnet50+vgg16+vit_b16,
SoilOriginal,resmlp,123,0,full,random_070,0.868625175583624,0.9035087719298246,8,2680,1.5357340699993074,deit_s+dinov2_small+gabor+glcm+lbp+rgb_ngram_svd+siglip_base+vit_b16,
SoilOriginal,resmlp,123,0,full,random_071,0.8562205549743117,0.8991228070175439,8,5542,1.1309503090014914,densenet121+dinov2_small+efficientnet_b0+gabor+glcm+hog+rgb_ngram_svd+vit_b16,
SoilOriginal,resmlp,123,0,full,random_072,0.9085592029517057,0.9342105263157895,8,9472,1.3540866440016543,convnext_v2_t+densenet121+dinov2_large+eva02_base+mae_base+rgb_ngram_svd+swin_t+vgg16,
SoilOriginal,resmlp,123,0,full,random_073,0.8454986470342621,0.8903508771929824,8,7058,1.501441785992938,beitv2_base_final+convnext_v2_t+deit_s+densenet121+efficientnet_b0+glcm+mae_base+resnet101,
SoilOriginal,resmlp,123,0,full,random_074,0.8429064465842296,0.9035087719298246,8,10084,2.262698979000561,deit_s+dinov2_large+efficientnet_b0+hog+mae_base+resnet101+resnet50+swin_t,
SoilOriginal,resmlp,123,0,full,random_075,0.8960279012334988,0.9342105263157895,8,9544,1.1505745019967435,convnext_v2_t+densenet121+dinov2+eva02_base+glcm+lbp+resnet101+vgg16,
SoilOriginal,resmlp,123,0,full,random_076,0.8983084567715226,0.9254385964912281,8,5504,1.63857095700223,beitv2_base_final+dinov2+dinov2_large+dinov2_small+mae_base+rgb_ngram_svd+swin_t+vit_b16,
SoilOriginal,resmlp,123,0,full,random_077,0.8807467225282845,0.9122807017543859,8,5990,0.8210518400010187,efficientnet_b0+gabor+lbp+mae_base+resnet101+rgb_ngram_svd+siglip_base+vit_b16,
SoilOriginal,resmlp,123,0,full,random_078,0.8540307050817088,0.8991228070175439,8,8136,2.093757730006473,beitv2_base_final+deit_s+densenet121+dinov2_large+glcm+lbp+swin_t+vgg16,
SoilOriginal,resmlp,123,0,full,random_079,0.9085402554635408,0.9473684210526315,8,11574,1.0392178399924887,dinov2+dinov2_large+eva02_base+lbp+mae_base+resnet101+resnet50+vgg16,
SoilOriginal,resmlp,123,0,full,random_080,0.8778540223102101,0.9210526315789473,8,6582,1.3078643990011187,beitv2_base_final+convnext_v2_t+deit_s+densenet121+eva02_base+lbp+resnet50+swin_t,
SoilOriginal,resmlp,123,0,full,random_081,0.8700809254774137,0.9254385964912281,8,8182,1.4268124210066162,densenet121+dinov2_large+glcm+hog+mae_base+resnet50+siglip_base+swin_t,
SoilOriginal,resmlp,123,0,full,random_082,0.8779612070239058,0.9078947368421053,8,6978,1.3422517119906843,beitv2_base_final+convnext_v2_t+densenet121+gabor+glcm+resnet101+resnet50+rgb_ngram_svd,
SoilOriginal,resmlp,123,0,full,random_083,0.8433422772823694,0.8859649122807017,8,11282,1.46134268399328,convnext_v2_t+glcm+mae_base+resnet101+resnet50+siglip_base+swin_t+vgg16,
SoilOriginal,resmlp,123,0,full,random_084,0.8641782311389564,0.9122807017543859,8,6082,1.4273253989958903,dinov2+dinov2_small+efficientnet_b0+gabor+glcm+mae_base+resnet50+swin_t,
SoilOriginal,resmlp,123,0,full,random_085,0.879017235060866,0.9166666666666666,8,9040,1.0921640830056276,convnext_v2_t+densenet121+drlbp+efficientnet_b0+rgb_ngram_svd+siglip_base+swin_t+vgg16,
SoilOriginal,resmlp,123,0,full,random_086,0.8727421008865329,0.9166666666666666,8,11492,0.924884877007571,beitv2_base_final+densenet121+dinov2+dinov2_large+efficientnet_b0+hog+siglip_base+vgg16,
SoilOriginal,resmlp,123,0,full,random_087,0.8939518076767535,0.9166666666666666,8,4424,1.686135027994169,beitv2_base_final+densenet121+dinov2+glcm+lbp+rgb_ngram_svd+siglip_base+vit_b16,
SoilOriginal,resmlp,123,0,full,random_088,0.9060432183736971,0.9298245614035088,8,4784,1.5579094379936578,beitv2_base_final+dinov2+dinov2_large+dinov2_small+eva02_base+gabor+rgb_ngram_svd+siglip_base,
SoilOriginal,resmlp,123,0,full,random_089,0.8879311458191891,0.9298245614035088,8,6118,0.9475219830055721,convnext_v2_t+densenet121+dinov2_large+dinov2_small+gabor+lbp+mae_base+resnet50,
SoilOriginal,resmlp,123,0,full,random_090,0.8498935008605623,0.8947368421052632,8,11776,1.0431991310033482,convnext_v2_t+deit_s+dinov2_small+efficientnet_b0+eva02_base+resnet101+resnet50+vgg16,
SoilOriginal,resmlp,123,0,full,random_091,0.8688305720563784,0.9166666666666666,8,9618,1.424639983990346,deit_s+eva02_base+glcm+resnet101+siglip_base+swin_t+vgg16+vit_b16,
SoilOriginal,resmlp,123,0,full,random_092,0.8642564624821922,0.9035087719298246,8,4626,1.0241670019895537,beitv2_base_final+deit_s+dinov2_small+efficientnet_b0+glcm+rgb_ngram_svd+siglip_base+vit_b16,
SoilOriginal,resmlp,123,0,full,random_093,0.8804174563021249,0.9210526315789473,8,8326,1.7224090550007531,beitv2_base_final+dinov2+dinov2_large+drlbp+eva02_base+lbp+vgg16+vit_b16,
SoilOriginal,resmlp,123,0,full,random_094,0.8658422786312955,0.9210526315789473,8,5756,2.0478196470066905,dinov2_large+drlbp+efficientnet_b0+glcm+hog+lbp+siglip_base+swin_t,
SoilOriginal,resmlp,123,0,full,random_095,0.8684155431747703,0.9166666666666666,8,5926,1.8829286510008387,convnext_v2_t+densenet121+gabor+glcm+hog+siglip_base+swin_t+vit_b16,
SoilOriginal,resmlp,123,0,full,random_096,0.9098306849066727,0.9385964912280702,8,3992,0.7014369489916135,dinov2+drlbp+efficientnet_b0+eva02_base+glcm+lbp+rgb_ngram_svd+swin_t,
SoilOriginal,resmlp,123,0,full,random_097,0.9100054630371154,0.9385964912280702,8,6326,0.7782889950030949,dinov2_large+drlbp+gabor+lbp+resnet101+resnet50+rgb_ngram_svd+swin_t,
SoilOriginal,resmlp,123,0,full,random_098,0.8860239501960591,0.9254385964912281,8,5994,1.3182455060014036,convnext_v2_t+densenet121+drlbp+eva02_base+hog+lbp+swin_t+vit_b16,
SoilOriginal,resmlp,123,0,full,random_099,0.8797607064762719,0.9298245614035088,8,7206,0.8129651449999074,convnext_v2_t+densenet121+gabor+glcm+hog+resnet50+siglip_base+vit_b16,
SoilOriginal,resmlp,123,1,full,random_000,0.8113371235857745,0.8908296943231441,7,5778,0.8279712880030274,densenet121+dinov2+dinov2_small+eva02_base+glcm+mae_base+resnet50,
SoilOriginal,resmlp,123,1,full,random_001,0.789959228958902,0.8777292576419214,7,6272,0.791143602997181,beitv2_base_final+convnext_v2_t+deit_s+eva02_base+resnet50+siglip_base+vit_b16,
SoilOriginal,resmlp,123,1,full,random_002,0.7885334594305036,0.8951965065502183,7,9014,1.3419541010080138,convnext_v2_t+dinov2_large+lbp+resnet50+rgb_ngram_svd+vgg16+vit_b16,
SoilOriginal,resmlp,123,1,full,random_003,0.7976834170614076,0.8995633187772926,7,11392,1.5542754479974974,dinov2_small+efficientnet_b0+mae_base+resnet101+resnet50+siglip_base+vgg16,
SoilOriginal,resmlp,123,1,full,random_004,0.8322659388587781,0.8951965065502183,7,5092,1.858228547993349,convnext_v2_t+dinov2_small+drlbp+efficientnet_b0+gabor+hog+vit_b16,
SoilOriginal,resmlp,123,1,full,random_005,0.7796471914476577,0.8777292576419214,7,6986,1.0752588699979242,convnext_v2_t+densenet121+efficientnet_b0+gabor+hog+lbp+resnet50,
SoilOriginal,resmlp,123,1,full,random_006,0.8306487797865338,0.9082969432314411,7,7168,1.2562191050092224,convnext_v2_t+densenet121+dinov2+dinov2_large+mae_base+resnet101+swin_t,
SoilOriginal,resmlp,123,1,full,random_007,0.8272167319078074,0.9213973799126638,7,8796,0.9843689300032565,gabor+glcm+hog+lbp+resnet101+siglip_base+vgg16,
SoilOriginal,resmlp,123,1,full,random_008,0.8046991089860381,0.8864628820960698,7,5556,1.3466147800063482,beitv2_base_final+convnext_v2_t+deit_s+dinov2_large+drlbp+hog+vit_b16,
SoilOriginal,resmlp,123,1,full,random_009,0.8127755446060706,0.8995633187772926,7,5138,1.1335313230083557,deit_s+dinov2+dinov2_small+glcm+mae_base+resnet50+siglip_base,
SoilOriginal,resmlp,123,1,full,random_010,0.8186724574711588,0.8951965065502183,7,3382,0.8362279480061261,densenet121+dinov2_large+dinov2_small+drlbp+gabor+lbp+vit_b16,
SoilOriginal,resmlp,123,1,full,random_011,0.7901423364359751,0.8951965065502183,7,5456,1.3894966829975601,convnext_v2_t+densenet121+dinov2+drlbp+efficientnet_b0+siglip_base+swin_t,
SoilOriginal,resmlp,123,1,full,random_012,0.8061323167573474,0.8908296943231441,7,6182,1.4545548879978014,convnext_v2_t+gabor+glcm+hog+mae_base+resnet101+swin_t,
SoilOriginal,resmlp,123,1,full,random_013,0.7864331587663683,0.8908296943231441,7,9168,1.1578698149969568,deit_s+dinov2+dinov2_large+drlbp+resnet50+vgg16+vit_b16,
SoilOriginal,resmlp,123,1,full,random_014,0.8131439007484922,0.9039301310043668,7,5456,1.1298715410084696,deit_s+densenet121+dinov2_small+drlbp+eva02_base+resnet101+swin_t,
SoilOriginal,resmlp,123,1,full,random_015,0.8087255739166002,0.8820960698689956,7,3656,1.1233140570111573,deit_s+dinov2+dinov2_small+efficientnet_b0+glcm+lbp+swin_t,
SoilOriginal,resmlp,123,1,full,random_016,0.8391697614810205,0.9126637554585153,7,4754,0.9357698149979115,beitv2_base_final+densenet121+dinov2_large+dinov2_small+efficientnet_b0+glcm+rgb_ngram_svd,
SoilOriginal,resmlp,123,1,full,random_017,0.8439138023907468,0.9126637554585153,7,6400,0.7401207369985059,beitv2_base_final+convnext_v2_t+densenet121+eva02_base+mae_base+resnet101+rgb_ngram_svd,
SoilOriginal,resmlp,123,1,full,random_018,0.8150484907921979,0.8951965065502183,7,8400,1.2355055069929222,deit_s+drlbp+eva02_base+resnet101+rgb_ngram_svd+siglip_base+vgg16,
SoilOriginal,resmlp,123,1,full,random_019,0.8557605547486873,0.9126637554585153,7,3992,1.325831301001017,dinov2+drlbp+eva02_base+glcm+lbp+resnet101+rgb_ngram_svd,
SoilOriginal,resmlp,123,1,full,random_020,0.8364463763881214,0.8995633187772926,7,5812,1.712022028004867,beitv2_base_final+convnext_v2_t+deit_s+densenet121+dinov2_large+drlbp+hog,
SoilOriginal,resmlp,123,1,full,random_021,0.8072136361364538,0.8951965065502183,7,9334,2.0472663100081263,dinov2_large+dinov2_small+efficientnet_b0+glcm+hog+vgg16+vit_b16,
SoilOriginal,resmlp,123,1,full,random_022,0.8088382629307903,0.8864628820960698,7,6042,1.3406493340007728,convnext_v2_t+deit_s+densenet121+efficientnet_b0+eva02_base+hog+lbp,
SoilOriginal,resmlp,123,1,full,random_023,0.7856512591006546,0.8820960698689956,7,9142,0.9409392710076645,convnext_v2_t+dinov2_large+dinov2_small+lbp+mae_base+resnet50+vgg16,
SoilOriginal,resmlp,123,1,full,random_024,0.850535471212163,0.9213973799126638,7,4450,1.0421072489989456,convnext_v2_t+densenet121+dinov2_large+drlbp+efficientnet_b0+glcm+rgb_ngram_svd,
SoilOriginal,resmlp,123,1,full,random_025,0.8131748335230393,0.8951965065502183,7,4992,1.6798109609953826,dinov2_large+drlbp+gabor+resnet50+rgb_ngram_svd+siglip_base+vit_b16,
SoilOriginal,resmlp,123,1,full,random_026,0.8030463904958792,0.8864628820960698,7,5376,1.1241306390002137,beitv2_base_final+deit_s+dinov2_large+dinov2_small+efficientnet_b0+siglip_base+vit_b16,
SoilOriginal,resmlp,123,1,full,random_027,0.8045433268016721,0.8951965065502183,7,10132,1.6521110860048793,deit_s+densenet121+gabor+hog+resnet101+siglip_base+vgg16,
SoilOriginal,resmlp,123,1,full,random_028,0.8276172358607362,0.8995633187772926,7,6774,1.6288281969900709,convnext_v2_t+deit_s+dinov2_large+glcm+hog+resnet101+siglip_base,
SoilOriginal,resmlp,123,1,full,random_029,0.832113871376051,0.9170305676855895,7,6722,1.804673353995895,dinov2+gabor+glcm+mae_base+rgb_ngram_svd+swin_t+vgg16,
SoilOriginal,resmlp,123,1,full,random_030,0.7478449743996876,0.868995633187773,7,7094,1.173642158988514,convnext_v2_t+drlbp+efficientnet_b0+eva02_base+gabor+lbp+vgg16,
SoilOriginal,resmlp,123,1,full,random_031,0.8124584803916112,0.8995633187772926,7,5430,1.5876430429925676,convnext_v2_t+eva02_base+lbp+mae_base+resnet50+rgb_ngram_svd+swin_t,
SoilOriginal,resmlp,123,1,full,random_032,0.8418166135747215,0.9039301310043668,7,5522,1.5669438789918786,beitv2_base_final+convnext_v2_t+dinov2_small+glcm+resnet101+siglip_base+vit_b16,
SoilOriginal,resmlp,123,1,full,random_033,0.787425284500736,0.8864628820960698,7,5528,1.1395219499972882,densenet121+dinov2_large+drlbp+efficientnet_b0+glcm+lbp+resnet50,
SoilOriginal,resmlp,123,1,full,random_034,0.8385355902535435,0.9126637554585153,7,4272,1.4365490389900515,beitv2_base_final+convnext_v2_t+dinov2_small+eva02_base+gabor+mae_base+siglip_base,
SoilOriginal,resmlp,123,1,full,random_035,0.805931625490225,0.8908296943231441,7,6882,1.3548954480065731,deit_s+drlbp+eva02_base+glcm+siglip_base+vgg16+vit_b16,
SoilOriginal,resmlp,123,1,full,random_036,0.8231671959698074,0.9126637554585153,7,6708,0.7109663629962597,dinov2+dinov2_large+drlbp+hog+resnet50+rgb_ngram_svd+siglip_base,
SoilOriginal,resmlp,123,1,full,random_037,0.8213355823687569,0.8951965065502183,7,4034,1.0968972760019824,deit_s+densenet121+dinov2+dinov2_large+eva02_base+gabor+glcm,
SoilOriginal,resmlp,123,1,full,random_038,0.8003473309846346,0.8908296943231441,7,6656,1.4120915530074853,beitv2_base_final+convnext_v2_t+efficientnet_b0+resnet101+rgb_ngram_svd+swin_t+vit_b16,
SoilOriginal,resmlp,123,1,full,random_039,0.8002314237593383,0.8951965065502183,7,6710,1.0458368490071734,beitv2_base_final+convnext_v2_t+dinov2_large+efficientnet_b0+lbp+mae_base+resnet50,
SoilOriginal,resmlp,123,1,full,random_040,0.7982876187964513,0.8864628820960698,7,7908,1.650176962997648,densenet121+efficientnet_b0+hog+resnet101+rgb_ngram_svd+swin_t+vit_b16,
SoilOriginal,resmlp,123,1,full,random_041,0.7948384555049312,0.8864628820960698,7,5650,1.4728195589996176,deit_s+dinov2_small+efficientnet_b0+glcm+mae_base+resnet101+swin_t,
SoilOriginal,resmlp,123,1,full,random_042,0.78449108660392,0.8820960698689956,7,5110,1.6296903519978514,convnext_v2_t+deit_s+dinov2_large+dinov2_small+glcm+hog+swin_t,
SoilOriginal,resmlp,123,1,full,random_043,0.8236619836270489,0.9082969432314411,7,5168,1.2109568630112335,beitv2_base_final+deit_s+dinov2_small+gabor+mae_base+resnet101+siglip_base,
SoilOriginal,resmlp,123,1,full,random_044,0.8061941797995794,0.8995633187772926,7,7194,1.61881208900013,beitv2_base_final+convnext_v2_t+densenet121+hog+lbp+resnet50+swin_t,
SoilOriginal,resmlp,123,1,full,random_045,0.8145452709362485,0.9039301310043668,7,5220,1.148517139008618,beitv2_base_final+densenet121+drlbp+gabor+hog+mae_base+siglip_base,
SoilOriginal,resmlp,123,1,full,random_046,0.79001803450425,0.8864628820960698,7,6244,1.6402527029858902,convnext_v2_t+deit_s+densenet121+hog+mae_base+swin_t+vit_b16,
SoilOriginal,resmlp,123,1,full,random_047,0.8406107506195999,0.8995633187772926,7,4168,0.9480592059990158,beitv2_base_final+dinov2+dinov2_large+glcm+lbp+mae_base+siglip_base,
SoilOriginal,resmlp,123,1,full,random_048,0.8164063165780705,0.8995633187772926,7,8912,1.6191259929910302,convnext_v2_t+deit_s+drlbp+mae_base+resnet101+swin_t+vgg16,
SoilOriginal,resmlp,123,1,full,random_049,0.7910441658064543,0.8951965065502183,7,8784,1.0466398969874717,dinov2+drlbp+mae_base+resnet101+rgb_ngram_svd+vgg16+vit_b16,
SoilOriginal,resmlp,123,1,full,random_050,0.7936667370176556,0.9039301310043668,7,8218,1.0149296159943333,hog+lbp+mae_base+resnet101+resnet50+siglip_base+swin_t,
SoilOriginal,resmlp,123,1,full,random_051,0.8223821405861538,0.9039301310043668,7,7168,1.1676143950026017,beitv2_base_final+convnext_v2_t+densenet121+dinov2_large+eva02_base+resnet101+swin_t,
SoilOriginal,resmlp,123,1,full,random_052,0.8305631997644175,0.9039301310043668,7,5174,1.6717603040015092,beitv2_base_final+convnext_v2_t+deit_s+dinov2_small+lbp+mae_base+resnet50,
SoilOriginal,resmlp,123,1,full,random_053,0.745951841051248,0.868995633187773,7,7728,1.4475443720002659,dinov2+efficientnet_b0+gabor+mae_base+resnet101+resnet50+swin_t,
SoilOriginal,resmlp,123,1,full,random_054,0.8157483503265409,0.8908296943231441,7,5396,1.3556928859907202,beitv2_base_final+dinov2_large+eva02_base+gabor+hog+rgb_ngram_svd+siglip_base,
SoilOriginal,resmlp,123,1,full,random_055,0.8129793765132111,0.9126637554585153,7,4162,1.606894087002729,densenet121+eva02_base+gabor+glcm+mae_base+siglip_base+swin_t,
SoilOriginal,resmlp,123,1,full,random_056,0.8014290667723777,0.8908296943231441,7,8886,1.0525328299991088,beitv2_base_final+deit_s+lbp+mae_base+resnet101+swin_t+vgg16,
SoilOriginal,resmlp,123,1,full,random_057,0.815774556082315,0.8908296943231441,7,7670,1.658851065003546,dinov2_large+efficientnet_b0+glcm+hog+resnet101+siglip_base+vit_b16,
SoilOriginal,resmlp,123,1,full,random_058,0.7950019237712745,0.8908296943231441,7,7472,1.5841679699951783,dinov2_large+gabor+mae_base+resnet101+resnet50+swin_t+vit_b16,
SoilOriginal,resmlp,123,1,full,random_059,0.8072101892352695,0.8908296943231441,7,7158,1.6881899099971633,dinov2+dinov2_large+eva02_base+glcm+hog+resnet50+vit_b16,
SoilOriginal,resmlp,123,1,full,random_060,0.8004934441803154,0.8908296943231441,7,8980,1.7058291860012105,beitv2_base_final+convnext_v2_t+gabor+hog+swin_t+vgg16+vit_b16,
SoilOriginal,resmlp,123,1,full,random_061,0.798643126152116,0.8864628820960698,7,5652,1.1838562019984238,convnext_v2_t+efficientnet_b0+gabor+hog+rgb_ngram_svd+swin_t+vit_b16,
SoilOriginal,resmlp,123,1,full,random_062,0.8346217951376413,0.9082969432314411,7,3846,1.458572835996165,convnext_v2_t+dinov2_large+dinov2_small+drlbp+lbp+siglip_base+swin_t,
SoilOriginal,resmlp,123,1,full,random_063,0.8334081540848458,0.9082969432314411,7,6144,1.3958912700036308,beitv2_base_final+convnext_v2_t+dinov2+mae_base+resnet50+rgb_ngram_svd+vit_b16,
SoilOriginal,resmlp,123,1,full,random_064,0.8288667748716174,0.9126637554585153,7,8656,1.6711271319945809,densenet121+dinov2_small+drlbp+resnet101+rgb_ngram_svd+swin_t+vgg16,
SoilOriginal,resmlp,123,1,full,random_065,0.749426752389643,0.8646288209606987,7,10266,0.918131964004715,beitv2_base_final+convnext_v2_t+hog+lbp+resnet50+vgg16+vit_b16,
SoilOriginal,resmlp,123,1,full,random_066,0.82581774950196,0.8995633187772926,7,3858,0.9076131010078825,convnext_v2_t+deit_s+dinov2+dinov2_small+eva02_base+glcm+vit_b16,
SoilOriginal,resmlp,123,1,full,random_067,0.80500845701142,0.8995633187772926,7,5650,1.6404537519993028,beitv2_base_final+convnext_v2_t+densenet121+dinov2_large+efficientnet_b0+glcm+swin_t,
SoilOriginal,resmlp,123,1,full,random_068,0.8040414164987654,0.8951965065502183,7,8082,1.064219702995615,deit_s+efficientnet_b0+eva02_base+glcm+swin_t+vgg16+vit_b16,
SoilOriginal,resmlp,123,1,full,random_069,0.8260171240923783,0.8995633187772926,7,5300,1.0432370149937924,beitv2_base_final+convnext_v2_t+deit_s+drlbp+eva02_base+hog+vit_b16,
SoilOriginal,resmlp,123,1,full,random_070,0.820477086732156,0.8951965065502183,7,5240,1.488336188995163,beitv2_base_final+dinov2_large+efficientnet_b0+gabor+glcm+lbp+resnet50,
SoilOriginal,resmlp,123,1,full,random_071,0.8285905268577274,0.9039301310043668,7,5346,1.5390071319998242,beitv2_base_final+deit_s+densenet121+dinov2_large+drlbp+glcm+resnet101,
SoilOriginal,resmlp,123,1,full,random_072,0.8457443262347548,0.9039301310043668,7,5530,1.740379019989632,beitv2_base_final+deit_s+dinov2+dinov2_large+hog+lbp+mae_base,
SoilOriginal,resmlp,123,1,full,random_073,0.8301666240558075,0.9039301310043668,7,7058,1.810365986006218,beitv2_base_final+deit_s+densenet121+glcm+resnet101+resnet50+swin_t,
SoilOriginal,resmlp,123,1,full,random_074,0.7984980804759617,0.8908296943231441,7,7478,1.1602874340023845,dinov2+eva02_base+lbp+rgb_ngram_svd+siglip_base+vgg16+vit_b16,
SoilOriginal,resmlp,123,1,full,random_075,0.8225978749999152,0.9082969432314411,7,9234,1.6216526290081674,dinov2+efficientnet_b0+glcm+resnet101+rgb_ngram_svd+vgg16+vit_b16,
SoilOriginal,resmlp,123,1,full,random_076,0.7935859605873493,0.8951965065502183,7,11008,1.6113757979910588,beitv2_base_final+densenet121+dinov2_large+efficientnet_b0+resnet50+swin_t+vgg16,
SoilOriginal,resmlp,123,1,full,random_077,0.7987973052624765,0.8864628820960698,7,5448,1.5149951799976407,densenet121+eva02_base+glcm+lbp+resnet50+siglip_base+vit_b16,
SoilOriginal,resmlp,123,1,full,random_078,0.8441793942756716,0.9213973799126638,7,5632,1.1486875740083633,convnext_v2_t+deit_s+densenet121+dinov2_small+mae_base+resnet101+rgb_ngram_svd,
SoilOriginal,resmlp,123,1,full,random_079,0.804937179750729,0.8908296943231441,7,10522,1.4373454169981414,beitv2_base_final+dinov2+dinov2_large+hog+lbp+resnet50+vgg16,
SoilOriginal,resmlp,123,1,full,random_080,0.7554872552953309,0.868995633187773,7,4470,0.7242201620101696,dinov2+dinov2_large+drlbp+gabor+glcm+hog+siglip_base,
SoilOriginal,resmlp,123,1,full,random_081,0.7919253819930276,0.8908296943231441,7,6290,1.1171801330056041,beitv2_base_final+densenet121+dinov2_small+efficientnet_b0+eva02_base+glcm+resnet50,
SoilOriginal,resmlp,123,1,full,random_082,0.7958402886903629,0.8995633187772926,7,5808,0.7505754639860243,densenet121+dinov2_small+eva02_base+gabor+resnet101+siglip_base+swin_t,
SoilOriginal,resmlp,123,1,full,random_083,0.8755350834168567,0.9213973799126638,7,3590,0.9992849350092001,dinov2_small+drlbp+efficientnet_b0+eva02_base+lbp+rgb_ngram_svd+siglip_base,
SoilOriginal,resmlp,123,1,full,random_084,0.823466025206069,0.9039301310043668,7,5066,1.8393043469986878,beitv2_base_final+deit_s+efficientnet_b0+gabor+hog+lbp+siglip_base,
SoilOriginal,resmlp,123,1,full,random_085,0.8046323617374552,0.8864628820960698,7,5126,1.4397807549976278,convnext_v2_t+deit_s+dinov2_large+drlbp+lbp+resnet101+swin_t,
SoilOriginal,resmlp,123,1,full,random_086,0.8106865868877196,0.9039301310043668,7,5046,0.7116224149940535,convnext_v2_t+dinov2+dinov2_large+dinov2_small+efficientnet_b0+lbp+mae_base,
SoilOriginal,resmlp,123,1,full,random_087,0.8188482381602075,0.8995633187772926,7,7680,1.023992353992071,convnext_v2_t+densenet121+dinov2_large+efficientnet_b0+eva02_base+resnet101+vit_b16,
SoilOriginal,resmlp,123,1,full,random_088,0.8561443185007506,0.9213973799126638,7,7188,1.216882214997895,dinov2_large+efficientnet_b0+gabor+hog+mae_base+resnet50+rgb_ngram_svd,
SoilOriginal,resmlp,123,1,full,random_089,0.8288754626183563,0.9126637554585153,7,3206,0.9038419919961598,deit_s+dinov2_small+drlbp+efficientnet_b0+eva02_base+lbp+rgb_ngram_svd,
SoilOriginal,resmlp,123,1,full,random_090,0.8175405728479591,0.8908296943231441,7,8262,0.6724571390077472,dinov2+drlbp+glcm+hog+mae_base+siglip_base+vgg16,
SoilOriginal,resmlp,123,1,full,random_091,0.8389928279066018,0.9170305676855895,7,10724,0.8871780460031005,convnext_v2_t+densenet121+hog+mae_base+resnet101+rgb_ngram_svd+vgg16,
SoilOriginal,resmlp,123,1,full,random_092,0.8010525416365066,0.9039301310043668,7,5552,1.2982493810122833,dinov2_small+eva02_base+gabor+mae_base+resnet50+siglip_base+swin_t,
SoilOriginal,resmlp,123,1,full,random_093,0.8294238768239367,0.9082969432314411,7,9776,1.6709971069940366,beitv2_base_final+densenet121+dinov2_large+gabor+mae_base+resnet101+vgg16,
SoilOriginal,resmlp,123,1,full,random_094,0.7925180295541503,0.8951965065502183,7,7158,0.9233406910061603,densenet121+eva02_base+glcm+hog+resnet50+siglip_base+swin_t,
SoilOriginal,resmlp,123,1,full,random_095,0.8274610152185399,0.9039301310043668,7,7140,1.5741381379921222,beitv2_base_final+convnext_v2_t+hog+resnet101+rgb_ngram_svd+siglip_base+swin_t,
SoilOriginal,resmlp,123,1,full,random_096,0.8388837780625824,0.9126637554585153,7,5558,1.6835957750008674,beitv2_base_final+deit_s+efficientnet_b0+lbp+resnet50+rgb_ngram_svd+swin_t,
SoilOriginal,resmlp,123,1,full,random_097,0.8410141552649348,0.9126637554585153,7,8628,1.7905357730051037,convnext_v2_t+dinov2_small+drlbp+hog+siglip_base+swin_t+vgg16,
SoilOriginal,resmlp,123,1,full,random_098,0.8290442122985436,0.8951965065502183,7,3046,0.623662066005636,deit_s+dinov2+gabor+lbp+rgb_ngram_svd+swin_t+vit_b16,
SoilOriginal,resmlp,123,1,full,random_099,0.8245838908514773,0.8995633187772926,7,10038,0.6521047569985967,convnext_v2_t+densenet121+efficientnet_b0+lbp+resnet50+swin_t+vgg16,
SoilOriginal,resmlp,123,2,full,random_000,0.82672010189344,0.8903508771929824,5,4736,1.3994286990055116,dinov2_small+efficientnet_b0+resnet50+rgb_ngram_svd+vit_b16,
SoilOriginal,resmlp,123,2,full,random_001,0.8110075408462505,0.8771929824561403,5,8676,1.3669431029993575,efficientnet_b0+hog+swin_t+vgg16+vit_b16,
SoilOriginal,resmlp,123,2,full,random_002,0.8243363077663771,0.8947368421052632,5,2402,0.746324136009207,dinov2+drlbp+glcm+siglip_base+swin_t,
SoilOriginal,resmlp,123,2,full,random_003,0.8298174240614831,0.8991228070175439,5,4352,0.6900925999943865,beitv2_base_final+convnext_v2_t+dinov2+efficientnet_b0+vit_b16,
SoilOriginal,resmlp,123,2,full,random_004,0.8560309713962492,0.9122807017543859,5,4096,0.9636655799986329,densenet121+dinov2+eva02_base+swin_t+vit_b16,
SoilOriginal,resmlp,123,2,full,random_005,0.8290723770284144,0.8903508771929824,5,2736,0.6848058080067858,beitv2_base_final+dinov2_small+gabor+mae_base+swin_t,
SoilOriginal,resmlp,123,2,full,random_006,0.81700701554085,0.8903508771929824,5,2018,0.9521184649929637,convnext_v2_t+deit_s+drlbp+glcm+vit_b16,
SoilOriginal,resmlp,123,2,full,random_007,0.8151800401531872,0.8771929824561403,5,6884,0.9043020039971452,hog+mae_base+resnet101+resnet50+rgb_ngram_svd,
SoilOriginal,resmlp,123,2,full,random_008,0.806744779100438,0.8903508771929824,5,3968,0.9850459090084769,convnext_v2_t+dinov2_small+efficientnet_b0+mae_base+vit_b16,
SoilOriginal,resmlp,123,2,full,random_009,0.8122167342562147,0.868421052631579,5,7014,0.8232806729938602,gabor+lbp+resnet50+swin_t+vgg16,
SoilOriginal,resmlp,123,2,full,random_010,0.827633733500835,0.8903508771929824,5,2982,1.0912261829944327,beitv2_base_final+deit_s+gabor+glcm+hog,
SoilOriginal,resmlp,123,2,full,random_011,0.819147380010623,0.8728070175438597,5,3732,0.8602027910092147,dinov2_small+eva02_base+gabor+hog+siglip_base,
SoilOriginal,resmlp,123,2,full,random_012,0.800891284683049,0.8771929824561403,5,4480,1.1358152119937586,deit_s+densenet121+dinov2_large+efficientnet_b0+mae_base,
SoilOriginal,resmlp,123,2,full,random_013,0.8503458232538039,0.9035087719298246,5,3968,0.9379884710069746,beitv2_base_final+dinov2+dinov2_small+efficientnet_b0+siglip_base,
SoilOriginal,resmlp,123,2,full,random_014,0.8571309419996024,0.8991228070175439,5,6992,0.9739486540056532,densenet121+dinov2_large+drlbp+vgg16+vit_b16,
SoilOriginal,resmlp,123,2,full,random_015,0.8333661851103711,0.8991228070175439,5,4370,2.1128276149975136,glcm+mae_base+resnet50+siglip_base+swin_t,
SoilOriginal,resmlp,123,2,full,random_016,0.8822294628113524,0.9210526315789473,5,3024,0.8531479649973335,deit_s+densenet121+drlbp+siglip_base+vit_b16,
SoilOriginal,resmlp,123,2,full,random_017,0.8129455209302703,0.8859649122807017,5,4378,1.139812597000855,dinov2+dinov2_large+hog+lbp+siglip_base,
SoilOriginal,resmlp,123,2,full,random_018,0.8124239759503409,0.881578947368421,5,7908,0.9160564679914387,dinov2_large+hog+mae_base+rgb_ngram_svd+vgg16,
SoilOriginal,resmlp,123,2,full,random_019,0.8123843542406987,0.8991228070175439,5,2194,1.05924802699883,drlbp+efficientnet_b0+gabor+glcm+siglip_base,
SoilOriginal,resmlp,123,2,full,random_020,0.8239048520245463,0.9078947368421053,5,2498,1.2169811089988798,deit_s+efficientnet_b0+gabor+glcm+siglip_base,
SoilOriginal,resmlp,123,2,full,random_021,0.7841756259613402,0.8508771929824561,5,5396,1.1369355130009353,gabor+hog+mae_base+resnet101+swin_t,
SoilOriginal,resmlp,123,2,full,random_022,0.8178563876672387,0.8728070175438597,5,7552,1.834098235995043,dinov2_small+mae_base+resnet101+rgb_ngram_svd+vgg16,
SoilOriginal,resmlp,123,2,full,random_023,0.8299622918402009,0.8859649122807017,5,4992,0.8371428849932272,beitv2_base_final+densenet121+dinov2_small+resnet101+vit_b16,
SoilOriginal,resmlp,123,2,full,random_024,0.8538982890310398,0.9166666666666666,5,4148,1.8861781629966572,beitv2_base_final+drlbp+eva02_base+hog+vit_b16,
SoilOriginal,resmlp,123,2,full,random_025,0.8028569515370757,0.881578947368421,5,4096,1.0406322319904575,convnext_v2_t+dinov2_large+efficientnet_b0+mae_base+rgb_ngram_svd,
SoilOriginal,resmlp,123,2,full,random_026,0.8518496340125862,0.9035087719298246,5,5954,1.6295111020008335,beitv2_base_final+dinov2_large+gabor+glcm+vgg16,
SoilOriginal,resmlp,123,2,full,random_027,0.7996037809695664,0.8640350877192983,5,6400,1.5598885769868502,dinov2+efficientnet_b0+resnet101+resnet50+rgb_ngram_svd,
SoilOriginal,resmlp,123,2,full,random_028,0.801103317719185,0.8728070175438597,5,7680,1.2338877729926025,densenet121+dinov2+dinov2_large+mae_base+vgg16,
SoilOriginal,resmlp,123,2,full,random_029,0.8280759798514411,0.8903508771929824,5,2438,0.4978481979924254,beitv2_base_final+convnext_v2_t+drlbp+lbp+swin_t,
SoilOriginal,resmlp,123,2,full,random_030,0.8416404444779731,0.8991228070175439,5,3220,1.1722245020064292,deit_s+eva02_base+gabor+hog+rgb_ngram_svd,
SoilOriginal,resmlp,123,2,full,random_031,0.7960023249363785,0.8728070175438597,5,5914,1.7973453930026153,efficientnet_b0+hog+lbp+resnet50+vit_b16,
SoilOriginal,resmlp,123,2,full,random_032,0.8087023503057144,0.8771929824561403,5,2962,0.9561172289977549,deit_s+densenet121+dinov2+glcm+swin_t,
SoilOriginal,resmlp,123,2,full,random_033,0.7752331777661906,0.8640350877192983,5,7030,1.1392658599943388,beitv2_base_final+dinov2_small+glcm+hog+vgg16,
SoilOriginal,resmlp,123,2,full,random_034,0.7969794015144898,0.8771929824561403,5,7936,1.4496422420052113,convnext_v2_t+dinov2+dinov2_large+efficientnet_b0+vgg16,
SoilOriginal,resmlp,123,2,full,random_035,0.7963266965478376,0.881578947368421,5,4432,0.83489658999315,dinov2+drlbp+resnet50+swin_t+vit_b16,
SoilOriginal,resmlp,123,2,full,random_036,0.8349318637744779,0.8947368421052632,5,7350,1.4185816239914857,beitv2_base_final+deit_s+lbp+resnet101+vgg16,
SoilOriginal,resmlp,123,2,full,random_037,0.84171921074095,0.9254385964912281,5,2018,1.1795124439959181,convnext_v2_t+dinov2_small+drlbp+glcm+siglip_base,
SoilOriginal,resmlp,123,2,full,random_038,0.8207250312958212,0.8947368421052632,5,3632,1.272570701999939,densenet121+dinov2_large+efficientnet_b0+gabor+rgb_ngram_svd,
SoilOriginal,resmlp,123,2,full,random_039,0.8070729907906017,0.8903508771929824,5,4560,0.8949835140083451,deit_s+drlbp+efficientnet_b0+resnet50+siglip_base,
SoilOriginal,resmlp,123,2,full,random_040,0.8224282187624209,0.8771929824561403,5,5604,1.0042607439972926,convnext_v2_t+dinov2+hog+resnet50+rgb_ngram_svd,
SoilOriginal,resmlp,123,2,full,random_041,0.8436077838081558,0.8991228070175439,5,2706,0.5002310919953743,beitv2_base_final+convnext_v2_t+deit_s+glcm+swin_t,
SoilOriginal,resmlp,123,2,full,random_042,0.8109522750148405,0.8728070175438597,5,7680,0.8501923349977005,dinov2+efficientnet_b0+swin_t+vgg16+vit_b16,
SoilOriginal,resmlp,123,2,full,random_043,0.8051890286584164,0.8640350877192983,5,3400,0.7029626790026668,densenet121+glcm+lbp+resnet101+rgb_ngram_svd,
SoilOriginal,resmlp,123,2,full,random_044,0.8133377218078536,0.8859649122807017,5,3686,0.9056350890023168,gabor+lbp+resnet101+siglip_base+swin_t,
SoilOriginal,resmlp,123,2,full,random_045,0.8027456115920819,0.8903508771929824,5,5604,1.2043840609985637,dinov2_large+efficientnet_b0+eva02_base+hog+swin_t,
SoilOriginal,resmlp,123,2,full,random_046,0.8589752571637762,0.9166666666666666,5,2640,1.4640021020022687,drlbp+eva02_base+rgb_ngram_svd+siglip_base+swin_t,
SoilOriginal,resmlp,123,2,full,random_047,0.8308539680946726,0.8771929824561403,5,6016,0.7853409020026447,convnext_v2_t+dinov2_small+mae_base+resnet101+resnet50,
SoilOriginal,resmlp,123,2,full,random_048,0.8061626369137527,0.881578947368421,5,2552,0.7246516279992647,deit_s+gabor+glcm+lbp+resnet50,
SoilOriginal,resmlp,123,2,full,random_049,0.8181979231234472,0.8859649122807017,5,3610,1.0729622499929974,convnext_v2_t+hog+lbp+mae_base+rgb_ngram_svd,
SoilOriginal,resmlp,123,2,full,random_050,0.8081422324900586,0.8771929824561403,5,7216,1.3747182359948056,gabor+resnet50+rgb_ngram_svd+siglip_base+vgg16,
SoilOriginal,resmlp,123,2,full,random_051,0.8250603048692231,0.8991228070175439,5,4452,0.7048965319991112,beitv2_base_final+deit_s+efficientnet_b0+hog+rgb_ngram_svd,
SoilOriginal,resmlp,123,2,full,random_052,0.8066129860747885,0.881578947368421,5,3120,1.6033461280021584,densenet121+dinov2_large+gabor+rgb_ngram_svd+swin_t,
SoilOriginal,resmlp,123,2,full,random_053,0.7925473621508787,0.8640350877192983,5,7286,1.099410431997967,deit_s+dinov2_large+glcm+hog+vgg16,
SoilOriginal,resmlp,123,2,full,random_054,0.8247155371376156,0.8903508771929824,5,2310,0.9104369120032061,deit_s+dinov2_large+drlbp+lbp+mae_base,
SoilOriginal,resmlp,123,2,full,random_055,0.8230027525780209,0.881578947368421,5,1474,1.4065380940010073,dinov2_small+eva02_base+gabor+glcm+rgb_ngram_svd,
SoilOriginal,resmlp,123,2,full,random_056,0.830532405913336,0.9035087719298246,5,2530,1.015812231999007,dinov2_small+drlbp+efficientnet_b0+eva02_base+glcm,
SoilOriginal,resmlp,123,2,full,random_057,0.8304765465132791,0.8991228070175439,5,3226,1.2142214120103745,convnext_v2_t+dinov2_small+hog+lbp+rgb_ngram_svd,
SoilOriginal,resmlp,123,2,full,random_058,0.8103328789405273,0.8859649122807017,5,3510,1.033265781996306,dinov2_small+lbp+resnet50+rgb_ngram_svd+swin_t,
SoilOriginal,resmlp,123,2,full,random_059,0.7914247474042044,0.8728070175438597,5,6992,1.0949569869990228,dinov2+drlbp+efficientnet_b0+vgg16+vit_b16,
SoilOriginal,resmlp,123,2,full,random_060,0.8252028996383834,0.8947368421052632,5,5366,1.4142433619999792,beitv2_base_final+eva02_base+glcm+hog+resnet50,
SoilOriginal,resmlp,123,2,full,random_061,0.8636847301944476,0.9210526315789473,5,3254,0.7998013330070535,beitv2_base_final+dinov2_small+efficientnet_b0+eva02_base+lbp,
SoilOriginal,resmlp,123,2,full,random_062,0.8332370250778319,0.9078947368421053,5,4836,1.0593848760036053,dinov2+eva02_base+hog+mae_base+vit_b16,
SoilOriginal,resmlp,123,2,full,random_063,0.8418789245962516,0.9035087719298246,5,2706,0.965477033998468,beitv2_base_final+dinov2_small+glcm+swin_t+vit_b16,
SoilOriginal,resmlp,123,2,full,random_064,0.7930911901486178,0.8771929824561403,5,4944,1.0104846169997472,convnext_v2_t+dinov2+drlbp+efficientnet_b0+resnet50,
SoilOriginal,resmlp,123,2,full,random_065,0.833974549132032,0.9035087719298246,5,3664,1.0317850549909053,beitv2_base_final+convnext_v2_t+dinov2+drlbp+efficientnet_b0,
SoilOriginal,resmlp,123,2,full,random_066,0.8326320537329753,0.8947368421052632,5,3024,1.014440757004195,densenet121+dinov2_small+drlbp+eva02_base+vit_b16,
SoilOriginal,resmlp,123,2,full,random_067,0.7937599014395083,0.881578947368421,5,5200,1.3223610129934968,dinov2_large+drlbp+efficientnet_b0+resnet101+siglip_base,
SoilOriginal,resmlp,123,2,full,random_068,0.7527100892771752,0.8289473684210527,5,2294,1.2436398659920087,deit_s+drlbp+gabor+glcm+hog,
SoilOriginal,resmlp,123,2,full,random_069,0.8009044027661837,0.868421052631579,5,7066,1.2900555419910233,deit_s+dinov2+hog+lbp+vgg16,
SoilOriginal,resmlp,123,2,full,random_070,0.8171739666260198,0.8771929824561403,5,7040,1.0410304370016092,dinov2+dinov2_large+dinov2_small+vgg16+vit_b16,
SoilOriginal,resmlp,123,2,full,random_071,0.8200582541400996,0.8903508771929824,5,4096,0.7060996829968644,beitv2_base_final+convnext_v2_t+dinov2+dinov2_large+swin_t,
SoilOriginal,resmlp,123,2,full,random_072,0.7988200232882985,0.868421052631579,5,4864,0.6855329880054342,deit_s+densenet121+dinov2_large+dinov2_small+resnet101,
SoilOriginal,resmlp,123,2,full,random_073,0.7912908775175681,0.8728070175438597,5,3590,1.3378594810055802,dinov2_large+dinov2_small+drlbp+lbp+resnet50,
SoilOriginal,resmlp,123,2,full,random_074,0.8285547691829354,0.8903508771929824,5,1656,0.9806629959930433,beitv2_base_final+dinov2+gabor+glcm+lbp,
SoilOriginal,resmlp,123,2,full,random_075,0.8465133734039368,0.9078947368421053,5,3712,0.8905404100078158,convnext_v2_t+dinov2_large+dinov2_small+swin_t+vit_b16,
SoilOriginal,resmlp,123,2,full,random_076,0.7724902438889433,0.8508771929824561,5,3446,1.0318939220014727,dinov2_large+dinov2_small+glcm+hog+rgb_ngram_svd,
SoilOriginal,resmlp,123,2,full,random_077,0.8053842429102709,0.8903508771929824,5,3664,1.0666442399960943,beitv2_base_final+convnext_v2_t+drlbp+efficientnet_b0+vit_b16,
SoilOriginal,resmlp,123,2,full,random_078,0.8499891180884905,0.9122807017543859,5,3024,1.1319745860091643,densenet121+dinov2_small+drlbp+mae_base+siglip_base,
SoilOriginal,resmlp,123,2,full,random_079,0.8179009056926848,0.8947368421052632,5,9700,1.4834249889972853,dinov2_large+eva02_base+hog+resnet50+vgg16,
SoilOriginal,resmlp,123,2,full,random_080,0.8037354346392507,0.868421052631579,5,6342,1.0699534529994708,deit_s+drlbp+glcm+hog+vgg16,
SoilOriginal,resmlp,123,2,full,random_081,0.8438449768014132,0.8991228070175439,5,6372,1.0449717279989272,dinov2_large+eva02_base+hog+resnet101+swin_t,
SoilOriginal,resmlp,123,2,full,random_082,0.8416493599824816,0.9166666666666666,5,3376,1.1121820510015823,convnext_v2_t+densenet121+eva02_base+gabor+vit_b16,
SoilOriginal,resmlp,123,2,full,random_083,0.8086320523052564,0.8728070175438597,5,3402,1.0832669460069155,eva02_base+gabor+hog+lbp+swin_t,
SoilOriginal,resmlp,123,2,full,random_084,0.8152243151284712,0.8859649122807017,5,6912,1.0549072940048063,densenet121+dinov2+eva02_base+rgb_ngram_svd+vgg16,
SoilOriginal,resmlp,123,2,full,random_085,0.8217343775238511,0.881578947368421,5,3170,1.138293933996465,drlbp+glcm+resnet50+rgb_ngram_svd+swin_t,
SoilOriginal,resmlp,123,2,full,random_086,0.755213304893587,0.8421052631578947,5,3732,1.1583516310056439,dinov2+dinov2_small+gabor+hog+mae_base,
SoilOriginal,resmlp,123,2,full,random_087,0.8158274829385751,0.8771929824561403,5,5504,0.9765108499996131,convnext_v2_t+deit_s+resnet101+resnet50+rgb_ngram_svd,
SoilOriginal,resmlp,123,2,full,random_088,0.8206486403630118,0.8903508771929824,5,5522,1.220768089988269,beitv2_base_final+deit_s+glcm+rgb_ngram_svd+vgg16,
SoilOriginal,resmlp,123,2,full,random_089,0.7687258922809356,0.8596491228070176,5,4224,1.434715420997236,deit_s+dinov2+mae_base+resnet101+rgb_ngram_svd,
SoilOriginal,resmlp,123,2,full,random_090,0.8131495127360674,0.8771929824561403,5,2768,1.0546770049986662,deit_s+drlbp+mae_base+siglip_base+swin_t,
SoilOriginal,resmlp,123,2,full,random_091,0.8385559335517401,0.9035087719298246,5,3878,0.768861017000745,beitv2_base_final+efficientnet_b0+gabor+glcm+hog,
SoilOriginal,resmlp,123,2,full,random_092,0.8158093158093159,0.881578947368421,5,4708,1.1080188540072413,convnext_v2_t+dinov2_large+dinov2_small+hog+mae_base,
SoilOriginal,resmlp,123,2,full,random_093,0.8280090818697381,0.8991228070175439,5,3920,1.5120649239979684,drlbp+resnet101+rgb_ngram_svd+siglip_base+vit_b16,
SoilOriginal,resmlp,123,2,full,random_094,0.8146862354066583,0.8640350877192983,5,3224,1.009511262003798,densenet121+drlbp+glcm+lbp+resnet50,
SoilOriginal,resmlp,123,2,full,random_095,0.8308420386332864,0.8859649122807017,5,2450,1.0050401290063746,beitv2_base_final+deit_s+dinov2_large+glcm+rgb_ngram_svd,
SoilOriginal,resmlp,123,2,full,random_096,0.7953895070742666,0.8903508771929824,5,4854,1.0737371379946126,dinov2_large+efficientnet_b0+glcm+hog+swin_t,
SoilOriginal,resmlp,123,2,full,random_097,0.8522160239306673,0.8991228070175439,5,2322,0.6459747979970416,beitv2_base_final+deit_s+dinov2_small+glcm+swin_t,
SoilOriginal,resmlp,123,2,full,random_098,0.8324693183891806,0.8947368421052632,5,5174,1.1042420900048455,beitv2_base_final+densenet121+efficientnet_b0+lbp+resnet101,
SoilOriginal,resmlp,123,2,full,random_099,0.8540086732567936,0.9122807017543859,5,2278,0.6634358670125948,beitv2_base_final+deit_s+densenet121+gabor+lbp,
SoilOriginal,resmlp,123,3,full,random_000,0.8789575587470535,0.920704845814978,8,5500,1.4969922439922811,beitv2_base_final+drlbp+efficientnet_b0+eva02_base+glcm+hog+lbp+swin_t,
SoilOriginal,resmlp,123,3,full,random_001,0.9050396585695589,0.9427312775330396,8,11034,1.9490373750013532,densenet121+dinov2_large+hog+lbp+resnet101+rgb_ngram_svd+swin_t+vgg16,
SoilOriginal,resmlp,123,3,full,random_002,0.8818901446246403,0.9162995594713657,8,5706,1.7442849929939257,beitv2_base_final+efficientnet_b0+eva02_base+gabor+hog+lbp+rgb_ngram_svd+swin_t,
SoilOriginal,resmlp,123,3,full,random_003,0.8394921716588646,0.9118942731277533,8,8742,1.0777229750092374,dinov2+efficientnet_b0+gabor+glcm+hog+resnet101+resnet50+swin_t,
SoilOriginal,resmlp,123,3,full,random_004,0.9088909267042543,0.9295154185022027,8,4742,0.7331173279962968,beitv2_base_final+convnext_v2_t+drlbp+efficientnet_b0+eva02_base+lbp+rgb_ngram_svd+swin_t,
SoilOriginal,resmlp,123,3,full,random_005,0.8805680578647458,0.9118942731277533,8,6090,1.2413244060007855,beitv2_base_final+dinov2_large+dinov2_small+efficientnet_b0+gabor+hog+lbp+mae_base,
SoilOriginal,resmlp,123,3,full,random_006,0.8609416366143355,0.9074889867841409,8,10386,1.1164930519880727,dinov2+dinov2_large+dinov2_small+efficientnet_b0+glcm+mae_base+resnet101+vgg16,
SoilOriginal,resmlp,123,3,full,random_007,0.8998189052197867,0.9251101321585903,8,7040,1.2281108249881072,beitv2_base_final+convnext_v2_t+deit_s+efficientnet_b0+eva02_base+resnet50+rgb_ngram_svd+siglip_base,
SoilOriginal,resmlp,123,3,full,random_008,0.9167663449684662,0.933920704845815,8,3510,1.0528789469972253,deit_s+densenet121+dinov2_small+drlbp+efficientnet_b0+gabor+lbp+rgb_ngram_svd,
SoilOriginal,resmlp,123,3,full,random_009,0.892142532743626,0.9295154185022027,8,5504,0.6948666059906827,convnext_v2_t+dinov2+drlbp+eva02_base+gabor+resnet101+rgb_ngram_svd+vit_b16,
SoilOriginal,resmlp,123,3,full,random_010,0.9234787489558851,0.9427312775330396,8,7558,1.2138142690091627,beitv2_base_final+drlbp+lbp+mae_base+rgb_ngram_svd+swin_t+vgg16+vit_b16,
SoilOriginal,resmlp,123,3,full,random_011,0.8112312067136022,0.8898678414096917,8,7222,1.5117704279982718,deit_s+dinov2_large+drlbp+gabor+lbp+mae_base+swin_t+vgg16,
SoilOriginal,resmlp,123,3,full,random_012,0.8645322152524215,0.9162995594713657,8,9862,1.0651762269990286,beitv2_base_final+dinov2+drlbp+efficientnet_b0+eva02_base+lbp+resnet50+vgg16,
SoilOriginal,resmlp,123,3,full,random_013,0.9019821371898555,0.920704845814978,8,7314,1.021904002991505,densenet121+drlbp+efficientnet_b0+gabor+glcm+resnet101+resnet50+vit_b16,
SoilOriginal,resmlp,123,3,full,random_014,0.8923534689184847,0.920704845814978,8,7498,0.8207909009943251,beitv2_base_final+convnext_v2_t+efficientnet_b0+gabor+hog+lbp+resnet50+vit_b16,
SoilOriginal,resmlp,123,3,full,random_015,0.8664885167873573,0.9118942731277533,8,6810,0.8422757280059159,beitv2_base_final+dinov2_small+eva02_base+hog+lbp+resnet50+rgb_ngram_svd+vit_b16,
SoilOriginal,resmlp,123,3,full,random_016,0.8653494624099982,0.9118942731277533,8,5186,0.7102568080008496,convnext_v2_t+efficientnet_b0+eva02_base+gabor+glcm+mae_base+siglip_base+swin_t,
SoilOriginal,resmlp,123,3,full,random_017,0.8398607945573262,0.9074889867841409,8,7478,1.33153172499442,deit_s+dinov2+drlbp+efficientnet_b0+gabor+lbp+mae_base+vgg16,
SoilOriginal,resmlp,123,3,full,random_018,0.9000435089882999,0.9295154185022027,8,9856,1.1781850529951043,beitv2_base_final+drlbp+efficientnet_b0+eva02_base+gabor+resnet50+swin_t+vgg16,
SoilOriginal,resmlp,123,3,full,random_019,0.8775104010689744,0.9162995594713657,8,5194,1.7392219110042788,convnext_v2_t+deit_s+densenet121+dinov2_small+eva02_base+gabor+hog+lbp,
SoilOriginal,resmlp,123,3,full,random_020,0.8904547658438198,0.9251101321585903,8,6656,0.8327953330008313,beitv2_base_final+deit_s+densenet121+dinov2_large+dinov2_small+mae_base+resnet50+rgb_ngram_svd,
SoilOriginal,resmlp,123,3,full,random_021,0.9086570488238264,0.933920704845815,8,5424,1.0244643230107613,convnext_v2_t+deit_s+dinov2+dinov2_small+gabor+mae_base+resnet50+rgb_ngram_svd,
SoilOriginal,resmlp,123,3,full,random_022,0.9092330579810711,0.9295154185022027,8,8656,0.8147663069976261,beitv2_base_final+convnext_v2_t+dinov2_large+dinov2_small+drlbp+eva02_base+swin_t+vgg16,
SoilOriginal,resmlp,123,3,full,random_023,0.8871092579487279,0.9162995594713657,8,5906,0.729874764001579,convnext_v2_t+deit_s+dinov2+dinov2_small+glcm+mae_base+resnet50+siglip_base,
SoilOriginal,resmlp,123,3,full,random_024,0.8472543664135601,0.9074889867841409,8,8960,0.75844457000494,deit_s+dinov2+dinov2_large+dinov2_small+efficientnet_b0+eva02_base+rgb_ngram_svd+vgg16,
SoilOriginal,resmlp,123,3,full,random_025,0.8994941526393949,0.9295154185022027,8,11108,1.2211621530004777,beitv2_base_final+densenet121+dinov2+dinov2_small+hog+resnet101+rgb_ngram_svd+vgg16,
SoilOriginal,resmlp,123,3,full,random_026,0.8754246400811402,0.9251101321585903,8,9142,0.84652747400105,convnext_v2_t+densenet121+dinov2_small+efficientnet_b0+lbp+siglip_base+swin_t+vgg16,
SoilOriginal,resmlp,123,3,full,random_027,0.9119420394104069,0.933920704845815,8,8144,0.710713646010845,beitv2_base_final+convnext_v2_t+deit_s+dinov2_large+drlbp+eva02_base+rgb_ngram_svd+vgg16,
SoilOriginal,resmlp,123,3,full,random_028,0.8939207737570217,0.9251101321585903,8,5670,0.8079507359943818,densenet121+dinov2+dinov2_large+gabor+glcm+hog+rgb_ngram_svd+siglip_base,
SoilOriginal,resmlp,123,3,full,random_029,0.9099432866874728,0.9383259911894273,8,10084,0.908010180995916,dinov2+dinov2_small+efficientnet_b0+eva02_base+hog+mae_base+rgb_ngram_svd+vgg16,
SoilOriginal,resmlp,123,3,full,random_030,0.8710546810050094,0.9118942731277533,8,6452,1.2018984619935509,convnext_v2_t+deit_s+densenet121+dinov2_small+drlbp+efficientnet_b0+hog+swin_t,
SoilOriginal,resmlp,123,3,full,random_031,0.8952736624860247,0.9251101321585903,8,6022,1.2255236279888777,dinov2+drlbp+efficientnet_b0+lbp+mae_base+resnet50+rgb_ngram_svd+vit_b16,
SoilOriginal,resmlp,123,3,full,random_032,0.8923280212523563,0.9251101321585903,8,6210,1.4225634460017318,densenet121+dinov2+efficientnet_b0+gabor+glcm+resnet101+rgb_ngram_svd+siglip_base,
SoilOriginal,resmlp,123,3,full,random_033,0.8602999151348362,0.9118942731277533,8,5218,0.8896424970007502,beitv2_base_final+deit_s+dinov2+dinov2_small+drlbp+glcm+resnet101+vit_b16,
SoilOriginal,resmlp,123,3,full,random_034,0.8247797970537144,0.9030837004405287,8,11620,1.7697872209973866,convnext_v2_t+dinov2_large+dinov2_small+hog+mae_base+resnet50+swin_t+vgg16,
SoilOriginal,resmlp,123,3,full,random_035,0.8682413338176361,0.9074889867841409,8,6762,1.7113995700055966,beitv2_base_final+deit_s+dinov2_small+drlbp+efficientnet_b0+hog+lbp+resnet50,
SoilOriginal,resmlp,123,3,full,random_036,0.8349981090969861,0.9074889867841409,8,6546,1.551731051004026,deit_s+dinov2_small+drlbp+gabor+glcm+mae_base+swin_t+vgg16,
SoilOriginal,resmlp,123,3,full,random_037,0.8488440861841033,0.8986784140969163,8,9168,1.4192634810024174,beitv2_base_final+deit_s+dinov2+dinov2_large+drlbp+efficientnet_b0+vgg16+vit_b16,
SoilOriginal,resmlp,123,3,full,random_038,0.8811104948071076,0.920704845814978,8,8656,0.9217350949911634,deit_s+dinov2+dinov2_large+drlbp+siglip_base+swin_t+vgg16+vit_b16,
SoilOriginal,resmlp,123,3,full,random_039,0.8886939453799919,0.9251101321585903,8,5126,1.3838427539885743,deit_s+drlbp+eva02_base+lbp+mae_base+resnet50+rgb_ngram_svd+siglip_base,
SoilOriginal,resmlp,123,3,full,random_040,0.8772371599808768,0.920704845814978,8,4680,1.2623754500091309,deit_s+dinov2+dinov2_small+glcm+lbp+resnet101+rgb_ngram_svd+siglip_base,
SoilOriginal,resmlp,123,3,full,random_041,0.9030433601442881,0.9295154185022027,8,4546,1.3078100080019794,beitv2_base_final+deit_s+dinov2_large+eva02_base+gabor+glcm+siglip_base+vit_b16,
SoilOriginal,resmlp,123,3,full,random_042,0.9011914690813773,0.9251101321585903,8,5574,1.1797105339937843,convnext_v2_t+deit_s+densenet121+drlbp+efficientnet_b0+glcm+hog+rgb_ngram_svd,
SoilOriginal,resmlp,123,3,full,random_043,0.8728662724094617,0.920704845814978,8,4680,0.921207172999857,efficientnet_b0+eva02_base+glcm+lbp+mae_base+rgb_ngram_svd+swin_t+vit_b16,
SoilOriginal,resmlp,123,3,full,random_044,0.8948314162811403,0.9251101321585903,8,7906,1.1254959109937772,deit_s+densenet121+drlbp+efficientnet_b0+glcm+rgb_ngram_svd+vgg16+vit_b16,
SoilOriginal,resmlp,123,3,full,random_045,0.873311591588469,0.9162995594713657,8,10288,0.8153265670116525,convnext_v2_t+dinov2_large+gabor+mae_base+resnet101+siglip_base+swin_t+vgg16,
SoilOriginal,resmlp,123,3,full,random_046,0.8919264626147985,0.920704845814978,8,5808,1.2333590720081702,beitv2_base_final+dinov2_large+dinov2_small+efficientnet_b0+eva02_base+gabor+siglip_base+vit_b16,
SoilOriginal,resmlp,123,3,full,random_047,0.9078531597814473,0.933920704845815,8,9828,1.2605081679939758,convnext_v2_t+deit_s+dinov2_large+eva02_base+hog+rgb_ngram_svd+swin_t+vgg16,
SoilOriginal,resmlp,123,3,full,random_048,0.8656391862388118,0.9118942731277533,8,3254,0.8728125739871757,deit_s+dinov2_small+drlbp+gabor+lbp+mae_base+siglip_base+vit_b16,
SoilOriginal,resmlp,123,3,full,random_049,0.9126968231007399,0.933920704845815,8,11520,1.3666162519948557,beitv2_base_final+convnext_v2_t+densenet121+dinov2+efficientnet_b0+eva02_base+resnet101+vgg16,
SoilOriginal,resmlp,123,3,full,random_050,0.8829097333117508,0.9251101321585903,8,6466,0.7919999870064203,densenet121+dinov2+dinov2_large+gabor+glcm+mae_base+resnet101+vit_b16,
SoilOriginal,resmlp,123,3,full,random_051,0.8556760298241749,0.9074889867841409,8,11568,1.140105112004676,beitv2_base_final+dinov2_large+gabor+mae_base+resnet101+resnet50+swin_t+vgg16,
SoilOriginal,resmlp,123,3,full,random_052,0.87263393971078,0.9162995594713657,8,5058,1.3061867719952716,dinov2_large+dinov2_small+efficientnet_b0+eva02_base+gabor+glcm+swin_t+vit_b16,
SoilOriginal,resmlp,123,3,full,random_053,0.8746621757526729,0.9162995594713657,8,6040,1.019873658005963,dinov2_large+drlbp+efficientnet_b0+glcm+lbp+resnet101+swin_t+vit_b16,
SoilOriginal,resmlp,123,3,full,random_054,0.8725233183544888,0.9074889867841409,8,5522,0.9710505450057099,beitv2_base_final+convnext_v2_t+deit_s+densenet121+dinov2+dinov2_large+glcm+siglip_base,
SoilOriginal,resmlp,123,3,full,random_055,0.9036096431621011,0.9295154185022027,8,5570,0.8335746619995916,beitv2_base_final+convnext_v2_t+dinov2_small+efficientnet_b0+gabor+glcm+resnet101+rgb_ngram_svd,
SoilOriginal,resmlp,123,3,full,random_056,0.867988099390721,0.9118942731277533,8,6802,1.4726404230023036,convnext_v2_t+deit_s+densenet121+dinov2_large+eva02_base+glcm+mae_base+resnet50,
SoilOriginal,resmlp,123,3,full,random_057,0.8809596586150928,0.9251101321585903,8,5350,1.229461392009398,deit_s+dinov2+dinov2_large+eva02_base+gabor+lbp+resnet50+rgb_ngram_svd,
SoilOriginal,resmlp,123,3,full,random_058,0.8604231306377715,0.9074889867841409,8,10192,0.9756424510123907,beitv2_base_final+convnext_v2_t+densenet121+dinov2_large+dinov2_small+drlbp+resnet50+vgg16,
SoilOriginal,resmlp,123,3,full,random_059,0.8769545197675687,0.920704845814978,8,5734,1.4390315820055548,convnext_v2_t+densenet121+dinov2+gabor+lbp+resnet101+rgb_ngram_svd+vit_b16,
SoilOriginal,resmlp,123,3,full,random_060,0.8574562732523795,0.9162995594713657,8,8118,1.0213200979924295,dinov2_large+drlbp+efficientnet_b0+eva02_base+gabor+lbp+swin_t+vgg16,
SoilOriginal,resmlp,123,3,full,random_061,0.899098481484104,0.9251101321585903,8,7572,1.7307294190104585,beitv2_base_final+convnext_v2_t+densenet121+dinov2+dinov2_small+gabor+hog+resnet50,
SoilOriginal,resmlp,123,3,full,random_062,0.893065036188644,0.920704845814978,8,7168,1.3748350410023704,beitv2_base_final+convnext_v2_t+densenet121+dinov2+resnet50+rgb_ngram_svd+swin_t+vit_b16,
SoilOriginal,resmlp,123,3,full,random_063,0.8891629456480422,0.9251101321585903,8,6498,1.5732931120001012,beitv2_base_final+dinov2+drlbp+efficientnet_b0+glcm+mae_base+resnet50+siglip_base,
SoilOriginal,resmlp,123,3,full,random_064,0.8815164759475665,0.9162995594713657,8,8630,1.3078727719985181,beitv2_base_final+densenet121+dinov2_small+efficientnet_b0+lbp+mae_base+rgb_ngram_svd+vgg16,
SoilOriginal,resmlp,123,3,full,random_065,0.8749348092413777,0.9162995594713657,8,8240,1.5728728529938962,beitv2_base_final+convnext_v2_t+dinov2+dinov2_large+gabor+resnet101+resnet50+vit_b16,
SoilOriginal,resmlp,123,3,full,random_066,0.8401664012419738,0.9030837004405287,8,7826,0.918852609989699,dinov2+dinov2_large+dinov2_small+glcm+resnet101+resnet50+swin_t+vit_b16,
SoilOriginal,resmlp,123,3,full,random_067,0.8854475830689419,0.9162995594713657,8,8804,0.7763153749983758,deit_s+densenet121+dinov2+efficientnet_b0+hog+resnet50+siglip_base+vit_b16,
SoilOriginal,resmlp,123,3,full,random_068,0.914950619094186,0.9427312775330396,8,8386,1.0949027619935805,deit_s+dinov2+gabor+glcm+resnet50+rgb_ngram_svd+swin_t+vgg16,
SoilOriginal,resmlp,123,3,full,random_069,0.8694107309465536,0.9030837004405287,8,11190,1.8670845180022297,convnext_v2_t+deit_s+densenet121+lbp+resnet101+resnet50+swin_t+vgg16,
SoilOriginal,resmlp,123,3,full,random_070,0.8919791233546109,0.9251101321585903,8,5840,1.0822005240042927,convnext_v2_t+deit_s+drlbp+eva02_base+resnet101+rgb_ngram_svd+siglip_base+vit_b16,
SoilOriginal,resmlp,123,3,full,random_071,0.8953752720627586,0.9251101321585903,8,10576,1.6112346390000312,convnext_v2_t+dinov2+drlbp+efficientnet_b0+mae_base+resnet101+vgg16+vit_b16,
SoilOriginal,resmlp,123,3,full,random_072,0.8582756759311102,0.9118942731277533,8,7296,1.5894569029915147,beitv2_base_final+convnext_v2_t+densenet121+dinov2+dinov2_small+eva02_base+resnet101+vit_b16,
SoilOriginal,resmlp,123,3,full,random_073,0.8924473161719056,0.9295154185022027,8,5962,0.9904399100050796,beitv2_base_final+dinov2_large+eva02_base+gabor+hog+lbp+mae_base+siglip_base,
SoilOriginal,resmlp,123,3,full,random_074,0.8625006393534858,0.9162995594713657,8,8850,1.948652242004755,dinov2_large+drlbp+gabor+glcm+mae_base+resnet50+swin_t+vgg16,
SoilOriginal,resmlp,123,3,full,random_075,0.870380154028003,0.9118942731277533,8,4870,1.342440603999421,convnext_v2_t+deit_s+dinov2+drlbp+efficientnet_b0+lbp+mae_base+siglip_base,
SoilOriginal,resmlp,123,3,full,random_076,0.8802243881885493,0.9162995594713657,8,7106,1.460405346006155,convnext_v2_t+dinov2+dinov2_large+dinov2_small+gabor+glcm+resnet101+resnet50,
SoilOriginal,resmlp,123,3,full,random_077,0.8657041293010742,0.9162995594713657,8,5140,1.717101830014144,beitv2_base_final+deit_s+dinov2_small+gabor+hog+rgb_ngram_svd+swin_t+vit_b16,
SoilOriginal,resmlp,123,3,full,random_078,0.8957905134092566,0.920704845814978,8,5680,1.2661308579990873,beitv2_base_final+dinov2+dinov2_large+efficientnet_b0+gabor+rgb_ngram_svd+siglip_base+swin_t,
SoilOriginal,resmlp,123,3,full,random_079,0.8959861486491397,0.920704845814978,8,7206,1.2443828779942123,dinov2_large+efficientnet_b0+gabor+glcm+hog+resnet50+rgb_ngram_svd+siglip_base,
SoilOriginal,resmlp,123,3,full,random_080,0.9337485686113068,0.9515418502202643,8,9856,0.7342102569964482,beitv2_base_final+convnext_v2_t+deit_s+mae_base+resnet101+rgb_ngram_svd+vgg16+vit_b16,
SoilOriginal,resmlp,123,3,full,random_081,0.8542776772084906,0.9118942731277533,8,7248,1.1407665709994035,dinov2+drlbp+efficientnet_b0+eva02_base+mae_base+resnet101+swin_t+vit_b16,
SoilOriginal,resmlp,123,3,full,random_082,0.8684964379171731,0.9118942731277533,8,3254,1.3347931149910437,deit_s+dinov2_small+drlbp+gabor+lbp+mae_base+siglip_base+swin_t,
SoilOriginal,resmlp,123,3,full,random_083,0.8898652763380742,0.9251101321585903,8,6694,1.419889750002767,dinov2_large+gabor+glcm+hog+mae_base+resnet50+rgb_ngram_svd+siglip_base,
SoilOriginal,resmlp,123,3,full,random_084,0.8908773461400142,0.9251101321585903,8,5222,0.874158410995733,beitv2_base_final+densenet121+dinov2+dinov2_large+efficientnet_b0+gabor+lbp+rgb_ngram_svd,
SoilOriginal,resmlp,123,3,full,random_085,0.914752439303946,0.9383259911894273,8,4680,1.0575616659916705,densenet121+dinov2_large+glcm+lbp+rgb_ngram_svd+siglip_base+swin_t+vit_b16,
SoilOriginal,resmlp,123,3,full,random_086,0.9116492675249461,0.9383259911894273,8,9552,1.277684232001775,convnext_v2_t+drlbp+mae_base+resnet101+rgb_ngram_svd+siglip_base+vgg16+vit_b16,
SoilOriginal,resmlp,123,3,full,random_087,0.8781542688036428,0.9162995594713657,8,8090,1.246556458005216,beitv2_base_final+deit_s+dinov2_large+efficientnet_b0+hog+lbp+resnet101+swin_t,
SoilOriginal,resmlp,123,3,full,random_088,0.8911553490807101,0.9251101321585903,8,7874,1.3175351599929854,beitv2_base_final+dinov2_large+dinov2_small+gabor+glcm+siglip_base+swin_t+vgg16,
SoilOriginal,resmlp,123,3,full,random_089,0.8729240024535573,0.9162995594713657,8,6804,0.8282032520073699,deit_s+dinov2_large+efficientnet_b0+eva02_base+gabor+hog+mae_base+siglip_base,
SoilOriginal,resmlp,123,3,full,random_090,0.8678612475466064,0.9162995594713657,8,12004,1.4175486220046878,convnext_v2_t+dinov2_large+eva02_base+hog+resnet101+siglip_base+vgg16+vit_b16,
SoilOriginal,resmlp,123,3,full,random_091,0.8638574516708892,0.9162995594713657,8,11648,1.5813219850097084,convnext_v2_t+deit_s+dinov2+resnet101+resnet50+siglip_base+swin_t+vgg16,
SoilOriginal,resmlp,123,3,full,random_092,0.8680698392967022,0.9162995594713657,8,6292,1.063719809986651,beitv2_base_final+deit_s+dinov2+dinov2_large+gabor+hog+siglip_base+vit_b16,
SoilOriginal,resmlp,123,3,full,random_093,0.8292931440286864,0.9074889867841409,8,9746,1.240456532992539,densenet121+dinov2+dinov2_large+efficientnet_b0+glcm+siglip_base+swin_t+vgg16,
SoilOriginal,resmlp,123,3,full,random_094,0.8874722934571488,0.920704845814978,8,7220,0.8748749579972355,beitv2_base_final+convnext_v2_t+dinov2_large+drlbp+efficientnet_b0+hog+mae_base+siglip_base,
SoilOriginal,resmlp,123,3,full,random_095,0.8827529406355997,0.9295154185022027,8,6114,1.311250876999111,densenet121+dinov2_large+dinov2_small+drlbp+eva02_base+glcm+resnet101+vit_b16,
SoilOriginal,resmlp,123,3,full,random_096,0.84855097826368,0.9030837004405287,8,9956,1.6905583600018872,beitv2_base_final+convnext_v2_t+densenet121+hog+resnet101+resnet50+swin_t+vit_b16,
SoilOriginal,resmlp,123,3,full,random_097,0.8960578609054134,0.9295154185022027,8,4424,1.2666282799909823,dinov2+dinov2_large+eva02_base+glcm+lbp+rgb_ngram_svd+siglip_base+swin_t,
SoilOriginal,resmlp,123,3,full,random_098,0.9113847929183435,0.9383259911894273,8,7362,1.2908434200071497,deit_s+densenet121+gabor+glcm+rgb_ngram_svd+siglip_base+swin_t+vgg16,
SoilOriginal,resmlp,123,3,full,random_099,0.8864925691184652,0.920704845814978,8,4710,1.2712148020073073,beitv2_base_final+convnext_v2_t+eva02_base+gabor+lbp+mae_base+swin_t+vit_b16,
SoilOriginal,resmlp,123,4,full,random_000,0.8950180765838442,0.9342105263157895,5,4452,0.9367240839928854,beitv2_base_final+convnext_v2_t+dinov2_small+hog+swin_t,
SoilOriginal,resmlp,123,4,full,random_001,0.8970373982811876,0.9342105263157895,5,4016,2.0679669520031894,beitv2_base_final+deit_s+gabor+resnet50+siglip_base,
SoilOriginal,resmlp,123,4,full,random_002,0.9004050971037766,0.9385964912280702,5,2658,0.862871138000628,dinov2+dinov2_large+drlbp+glcm+mae_base,
SoilOriginal,resmlp,123,4,full,random_003,0.909465894692089,0.9429824561403509,5,4626,1.096920116993715,convnext_v2_t+dinov2+dinov2_large+glcm+resnet101,
SoilOriginal,resmlp,123,4,full,random_004,0.8901711565183191,0.9298245614035088,5,7606,0.855268152008648,deit_s+dinov2_large+lbp+resnet50+vgg16,
SoilOriginal,resmlp,123,4,full,random_005,0.9038314873204517,0.9429824561403509,5,2736,0.7060845880041597,convnext_v2_t+dinov2_small+eva02_base+gabor+siglip_base,
SoilOriginal,resmlp,123,4,full,random_006,0.8906104651420973,0.9342105263157895,5,6710,0.832660243002465,densenet121+lbp+mae_base+siglip_base+vgg16,
SoilOriginal,resmlp,123,4,full,random_007,0.8751235251235252,0.9385964912280702,5,3906,0.6049629359913524,densenet121+gabor+glcm+resnet50+vit_b16,
SoilOriginal,resmlp,123,4,full,random_008,0.8939324984287224,0.9385964912280702,5,7984,1.2505687160009984,dinov2_large+gabor+resnet50+vgg16+vit_b16,
SoilOriginal,resmlp,123,4,full,random_009,0.8981392659964088,0.9385964912280702,5,4560,1.175889416001155,dinov2_small+drlbp+efficientnet_b0+resnet101+siglip_base,
SoilOriginal,resmlp,123,4,full,random_010,0.9212682422155677,0.9473684210526315,5,4992,0.950781815990922,deit_s+dinov2_large+resnet101+swin_t+vit_b16,
SoilOriginal,resmlp,123,4,full,random_011,0.9324406387504813,0.9473684210526315,5,5376,1.1689505579997785,dinov2_large+efficientnet_b0+resnet101+rgb_ngram_svd+vit_b16,
SoilOriginal,resmlp,123,4,full,random_012,0.8655858485478406,0.9298245614035088,5,3328,1.199619974999223,deit_s+drlbp+gabor+resnet101+siglip_base,
SoilOriginal,resmlp,123,4,full,random_013,0.8773662509687353,0.9385964912280702,5,5044,1.4475238579907455,dinov2_small+drlbp+hog+resnet101+siglip_base,
SoilOriginal,resmlp,123,4,full,random_014,0.9064819108917355,0.9429824561403509,5,8932,1.2430985809915,eva02_base+hog+resnet50+rgb_ngram_svd+vgg16,
SoilOriginal,resmlp,123,4,full,random_015,0.9010127041028867,0.9429824561403509,5,3408,0.8896816580090672,dinov2_large+drlbp+efficientnet_b0+rgb_ngram_svd+swin_t,
SoilOriginal,resmlp,123,4,full,random_016,0.9101759753093474,0.9429824561403509,5,2450,1.3305307569971774,deit_s+dinov2_large+glcm+rgb_ngram_svd+vit_b16,
SoilOriginal,resmlp,123,4,full,random_017,0.8969745864072893,0.9473684210526315,5,6448,0.8851163130020723,convnext_v2_t+eva02_base+gabor+vgg16+vit_b16,
SoilOriginal,resmlp,123,4,full,random_018,0.8938242861887525,0.9385964912280702,5,2376,1.408363956012181,beitv2_base_final+dinov2+glcm+lbp+swin_t,
SoilOriginal,resmlp,123,4,full,random_019,0.8728380744637787,0.9298245614035088,5,2742,0.847245216005831,deit_s+dinov2+lbp+siglip_base+vit_b16,
SoilOriginal,resmlp,123,4,full,random_020,0.8854518842096483,0.9166666666666666,5,4506,1.6584334319923073,densenet121+dinov2_small+efficientnet_b0+hog+lbp,
SoilOriginal,resmlp,123,4,full,random_021,0.8737277388160213,0.9254385964912281,5,7186,1.3726899710018188,densenet121+efficientnet_b0+glcm+swin_t+vgg16,
SoilOriginal,resmlp,123,4,full,random_022,0.9020115403299904,0.9385964912280702,5,3408,1.238374770997325,densenet121+drlbp+mae_base+swin_t+vit_b16,
SoilOriginal,resmlp,123,4,full,random_023,0.8931901805050851,0.9342105263157895,5,7296,0.9432486809964757,convnext_v2_t+dinov2+dinov2_small+efficientnet_b0+vgg16,
SoilOriginal,resmlp,123,4,full,random_024,0.9019213404097711,0.9429824561403509,5,2096,0.5982919590023812,deit_s+dinov2_large+dinov2_small+gabor+rgb_ngram_svd,
SoilOriginal,resmlp,123,4,full,random_025,0.8558606466281099,0.8991228070175439,5,2968,1.0324191179970512,drlbp+glcm+lbp+resnet50+vit_b16,
SoilOriginal,resmlp,123,4,full,random_026,0.8923041156945021,0.9429824561403509,5,4912,1.205814384011319,beitv2_base_final+efficientnet_b0+gabor+resnet101+siglip_base,
SoilOriginal,resmlp,123,4,full,random_027,0.8849343729668274,0.9342105263157895,5,2438,1.1042516140005318,convnext_v2_t+drlbp+lbp+siglip_base+swin_t,
SoilOriginal,resmlp,123,4,full,random_028,0.9011914196765882,0.9385964912280702,5,5504,1.3582719570113113,convnext_v2_t+deit_s+dinov2_large+efficientnet_b0+resnet50,
SoilOriginal,resmlp,123,4,full,random_029,0.883396233450676,0.9298245614035088,5,4918,1.66725496800791,beitv2_base_final+convnext_v2_t+efficientnet_b0+lbp+resnet101,
SoilOriginal,resmlp,123,4,full,random_030,0.8936973598733319,0.9298245614035088,5,3682,1.5438443640014157,dinov2+drlbp+eva02_base+glcm+resnet101,
SoilOriginal,resmlp,123,4,full,random_031,0.9057347979064033,0.9473684210526315,5,3408,0.9736845750012435,convnext_v2_t+dinov2_large+drlbp+eva02_base+vit_b16,
SoilOriginal,resmlp,123,4,full,random_032,0.857217809871534,0.9122807017543859,5,4854,0.8875324560067384,glcm+hog+resnet101+rgb_ngram_svd+siglip_base,
SoilOriginal,resmlp,123,4,full,random_033,0.8669233998853921,0.9254385964912281,5,4406,0.6747681730048498,convnext_v2_t+dinov2+lbp+mae_base+resnet101,
SoilOriginal,resmlp,123,4,full,random_034,0.9140683479549505,0.9429824561403509,5,3602,0.8207660420011962,densenet121+dinov2_large+eva02_base+glcm+mae_base,
SoilOriginal,resmlp,123,4,full,random_035,0.9076127259113795,0.9385964912280702,5,4656,1.7269631270028185,densenet121+efficientnet_b0+gabor+resnet50+rgb_ngram_svd,
SoilOriginal,resmlp,123,4,full,random_036,0.9068536245384805,0.9429824561403509,5,4022,0.7447298659972148,dinov2_small+eva02_base+lbp+resnet101+swin_t,
SoilOriginal,resmlp,123,4,full,random_037,0.9028619987464069,0.9517543859649122,5,4370,0.8380789950024337,eva02_base+glcm+resnet50+siglip_base+vit_b16,
SoilOriginal,resmlp,123,4,full,random_038,0.8852038725539535,0.9342105263157895,5,3654,0.9622330959973624,densenet121+drlbp+eva02_base+glcm+hog,
SoilOriginal,resmlp,123,4,full,random_039,0.9143108121804863,0.9429824561403509,5,8960,1.4594422810041578,beitv2_base_final+efficientnet_b0+resnet50+vgg16+vit_b16,
SoilOriginal,resmlp,123,4,full,random_040,0.8736734625633531,0.9210526315789473,5,8372,1.488329084997531,dinov2_small+drlbp+hog+resnet101+vgg16,
SoilOriginal,resmlp,123,4,full,random_041,0.8718196369456873,0.9210526315789473,5,8576,1.2276040360011393,deit_s+efficientnet_b0+eva02_base+resnet101+vgg16,
SoilOriginal,resmlp,123,4,full,random_042,0.8814162373206381,0.9385964912280702,5,3584,1.211991752992617,deit_s+dinov2_small+efficientnet_b0+eva02_base+vit_b16,
SoilOriginal,resmlp,123,4,full,random_043,0.8868751938645371,0.9342105263157895,5,5968,1.7682566279981984,beitv2_base_final+densenet121+drlbp+resnet101+resnet50,
SoilOriginal,resmlp,123,4,full,random_044,0.8713047554560722,0.9122807017543859,5,5296,1.0643363990093349,deit_s+gabor+resnet101+resnet50+swin_t,
SoilOriginal,resmlp,123,4,full,random_045,0.8863005671347203,0.9254385964912281,5,4278,1.011028802007786,convnext_v2_t+deit_s+dinov2_large+lbp+resnet101,
SoilOriginal,resmlp,123,4,full,random_046,0.878251588268658,0.9166666666666666,5,5018,1.1672893159993691,deit_s+hog+lbp+resnet101+swin_t,
SoilOriginal,resmlp,123,4,full,random_047,0.9177045177045178,0.9473684210526315,5,6656,0.9478712850104785,densenet121+dinov2+resnet101+resnet50+swin_t,
SoilOriginal,resmlp,123,4,full,random_048,0.848250457494155,0.9254385964912281,5,5092,1.014038163004443,dinov2+dinov2_large+eva02_base+hog+vit_b16,
SoilOriginal,resmlp,123,4,full,random_049,0.9101847162105707,0.9517543859649122,5,3712,0.9102307850116631,beitv2_base_final+convnext_v2_t+densenet121+dinov2_small+siglip_base,
SoilOriginal,resmlp,123,4,full,random_050,0.8455555159183883,0.9078947368421053,5,5012,0.9589818569947965,dinov2_small+gabor+hog+resnet50+siglip_base,
SoilOriginal,resmlp,123,4,full,random_051,0.8971765237820284,0.9298245614035088,5,5016,1.198355704997084,beitv2_base_final+drlbp+glcm+lbp+vgg16,
SoilOriginal,resmlp,123,4,full,random_052,0.901493058469829,0.9429824561403509,5,4662,1.1390201100002741,densenet121+dinov2+lbp+resnet101+siglip_base,
SoilOriginal,resmlp,123,4,full,random_053,0.9080005567413133,0.9473684210526315,5,3840,0.8214626400003908,dinov2+eva02_base+mae_base+swin_t+vit_b16,
SoilOriginal,resmlp,123,4,full,random_054,0.8980582749900233,0.9342105263157895,5,4854,1.3319517749914667,convnext_v2_t+dinov2_large+efficientnet_b0+glcm+hog,
SoilOriginal,resmlp,123,4,full,random_055,0.8790076505707944,0.9298245614035088,5,4736,0.7109871029970236,convnext_v2_t+deit_s+resnet50+siglip_base+swin_t,
SoilOriginal,resmlp,123,4,full,random_056,0.897074568526976,0.9342105263157895,5,2992,0.6090677909960505,beitv2_base_final+deit_s+dinov2_large+gabor+siglip_base,
SoilOriginal,resmlp,123,4,full,random_057,0.8895665783390713,0.9298245614035088,5,2614,0.8721233260002919,deit_s+densenet121+dinov2_small+lbp+siglip_base,
SoilOriginal,resmlp,123,4,full,random_058,0.9260333536195605,0.956140350877193,5,2944,0.9530816619953839,convnext_v2_t+densenet121+dinov2_large+drlbp+gabor,
SoilOriginal,resmlp,123,4,full,random_059,0.8766809729130143,0.9210526315789473,5,7168,1.1215328489925014,mae_base+siglip_base+swin_t+vgg16+vit_b16,
SoilOriginal,resmlp,123,4,full,random_060,0.9053516982785014,0.9429824561403509,5,4352,0.7535700800071936,beitv2_base_final+efficientnet_b0+mae_base+siglip_base+swin_t,
SoilOriginal,resmlp,123,4,full,random_061,0.926088284776276,0.9517543859649122,5,6546,1.2952543519932078,dinov2_small+efficientnet_b0+glcm+vgg16+vit_b16,
SoilOriginal,resmlp,123,4,full,random_062,0.8977088393864278,0.9429824561403509,5,3298,1.3591446469945367,dinov2_small+drlbp+glcm+resnet50+swin_t,
SoilOriginal,resmlp,123,4,full,random_063,0.8360819402218772,0.9035087719298246,5,4688,0.7404026900039753,convnext_v2_t+dinov2_large+drlbp+resnet101+swin_t,
SoilOriginal,resmlp,123,4,full,random_064,0.8686081913656665,0.9342105263157895,5,3120,0.6347275809966959,efficientnet_b0+eva02_base+gabor+rgb_ngram_svd+swin_t,
SoilOriginal,resmlp,123,4,full,random_065,0.9020689388131249,0.9342105263157895,5,3434,1.5255852440022863,dinov2+drlbp+hog+lbp+siglip_base,
SoilOriginal,resmlp,123,4,full,random_066,0.9133502361036021,0.9517543859649122,5,5120,1.274142184003722,beitv2_base_final+convnext_v2_t+eva02_base+mae_base+resnet50,
SoilOriginal,resmlp,123,4,full,random_067,0.8799669891306332,0.9342105263157895,5,7680,0.9142864410096081,deit_s+dinov2_small+resnet50+siglip_base+vgg16,
SoilOriginal,resmlp,123,4,full,random_068,0.9310160933971717,0.9517543859649122,5,4352,1.4554749640083173,densenet121+dinov2_large+mae_base+swin_t+vit_b16,
SoilOriginal,resmlp,123,4,full,random_069,0.8293733155611143,0.8991228070175439,5,6656,1.543924095996772,dinov2_large+mae_base+resnet101+resnet50+vit_b16,
SoilOriginal,resmlp,123,4,full,random_070,0.8635042893003424,0.9254385964912281,5,3840,0.5577877479954623,convnext_v2_t+efficientnet_b0+rgb_ngram_svd+siglip_base+swin_t,
SoilOriginal,resmlp,123,4,full,random_071,0.8647040168048571,0.9254385964912281,5,3764,0.8532430570048746,deit_s+dinov2+drlbp+eva02_base+hog,
SoilOriginal,resmlp,123,4,full,random_072,0.886846684818358,0.9342105263157895,5,2614,0.7980090180062689,dinov2+eva02_base+lbp+rgb_ngram_svd+siglip_base,
SoilOriginal,resmlp,123,4,full,random_073,0.8774310519626842,0.9254385964912281,5,4882,1.3093604189925827,deit_s+dinov2_small+glcm+resnet101+resnet50,
SoilOriginal,resmlp,123,4,full,random_074,0.9167808865491346,0.9473684210526315,5,3138,0.9223328060033964,beitv2_base_final+densenet121+efficientnet_b0+gabor+glcm,
SoilOriginal,resmlp,123,4,full,random_075,0.886853879518499,0.9254385964912281,5,4784,1.091160440002568,deit_s+dinov2_large+efficientnet_b0+gabor+resnet50,
SoilOriginal,resmlp,123,4,full,random_076,0.8957434868363597,0.9298245614035088,5,5402,1.59789516699675,dinov2+hog+lbp+resnet101+siglip_base,
SoilOriginal,resmlp,123,4,full,random_077,0.8469118119460469,0.8991228070175439,5,1298,0.5233373170049163,deit_s+drlbp+gabor+glcm+vit_b16,
SoilOriginal,resmlp,123,4,full,random_078,0.9000489982958176,0.9385964912280702,5,4304,0.861388731005718,beitv2_base_final+deit_s+densenet121+drlbp+resnet50,
SoilOriginal,resmlp,123,4,full,random_079,0.8853920860415988,0.9298245614035088,5,5044,0.7515330539899878,dinov2_small+drlbp+hog+resnet50+vit_b16,
SoilOriginal,resmlp,123,4,full,random_080,0.837364209115133,0.9035087719298246,5,4404,0.9164648800069699,convnext_v2_t+densenet121+drlbp+hog+mae_base,
SoilOriginal,resmlp,123,4,full,random_081,0.8879414574580714,0.9342105263157895,5,4048,0.6697965759958606,convnext_v2_t+dinov2_small+drlbp+resnet50+vit_b16,
SoilOriginal,resmlp,123,4,full,random_082,0.9229769999058183,0.9517543859649122,5,2736,0.8697543010057416,beitv2_base_final+convnext_v2_t+dinov2_small+gabor+siglip_base,
SoilOriginal,resmlp,123,4,full,random_083,0.8814376376668734,0.9342105263157895,5,3434,0.8876351279905066,convnext_v2_t+drlbp+eva02_base+hog+lbp,
SoilOriginal,resmlp,123,4,full,random_084,0.8593163787453205,0.9210526315789473,5,5604,1.2712910599948373,hog+mae_base+resnet50+rgb_ngram_svd+vit_b16,
SoilOriginal,resmlp,123,4,full,random_085,0.8872750553639015,0.9298245614035088,5,6984,0.720871059995261,glcm+lbp+resnet50+siglip_base+vgg16,
SoilOriginal,resmlp,123,4,full,random_086,0.8677767838410274,0.9122807017543859,5,6694,0.8360319259954849,dinov2+gabor+glcm+hog+vgg16,
SoilOriginal,resmlp,123,4,full,random_087,0.8623232381423732,0.9210526315789473,5,2438,0.7260658200102625,convnext_v2_t+dinov2+drlbp+lbp+mae_base,
SoilOriginal,resmlp,123,4,full,random_088,0.8920538310517101,0.9342105263157895,5,7040,0.69317141600186,densenet121+dinov2_small+mae_base+swin_t+vgg16,
SoilOriginal,resmlp,123,4,full,random_089,0.8880143885511194,0.9342105263157895,5,4068,1.005777960002888,deit_s+dinov2_small+hog+siglip_base+vit_b16,
SoilOriginal,resmlp,123,4,full,random_090,0.8333639669447306,0.8903508771929824,5,4646,1.0764744709886145,gabor+glcm+hog+mae_base+resnet50,
SoilOriginal,resmlp,123,4,full,random_091,0.8851285757431936,0.9429824561403509,5,1840,0.6041430369950831,deit_s+dinov2_small+eva02_base+gabor+rgb_ngram_svd,
SoilOriginal,resmlp,123,4,full,random_092,0.8876537099922777,0.9342105263157895,5,4372,1.1746154749998823,dinov2_large+eva02_base+gabor+hog+mae_base,
SoilOriginal,resmlp,123,4,full,random_093,0.8412980535213626,0.9254385964912281,5,6016,0.863806025008671,dinov2_small+resnet101+resnet50+siglip_base+vit_b16,
SoilOriginal,resmlp,123,4,full,random_094,0.8982869029905419,0.9385964912280702,5,7350,1.1097335810045479,dinov2_small+eva02_base+lbp+resnet50+vgg16,
SoilOriginal,resmlp,123,4,full,random_095,0.9146426197265438,0.9473684210526315,5,6070,1.1561027449934045,dinov2_small+eva02_base+lbp+mae_base+vgg16,
SoilOriginal,resmlp,123,4,full,random_096,0.8374486766047156,0.9078947368421053,5,3656,0.6391818429983687,dinov2+glcm+lbp+mae_base+resnet50,
SoilOriginal,resmlp,123,4,full,random_097,0.9148189565732191,0.9473684210526315,5,2566,1.0793308459979016,densenet121+dinov2_large+dinov2_small+drlbp+lbp,
SoilOriginal,resmlp,123,4,full,random_098,0.8911508419892379,0.9385964912280702,5,5734,0.9118469130044105,convnext_v2_t+gabor+lbp+siglip_base+vgg16,
SoilOriginal,resmlp,123,4,full,random_099,0.8868288978399842,0.9342105263157895,5,4736,0.7797442979936022,beitv2_base_final+dinov2+dinov2_small+resnet50+vit_b16,
SoilOriginal,resmlp,2026,0,full,random_000,0.8276864625437451,0.8771929824561403,3,2916,1.304688222007826,beitv2_base_final+deit_s+hog,
SoilOriginal,resmlp,2026,0,full,random_001,0.8707774477961376,0.9210526315789473,3,1792,0.8867452010017587,beitv2_base_final+rgb_ngram_svd+vit_b16,
SoilOriginal,resmlp,2026,0,full,random_002,0.8477038024340834,0.8991228070175439,3,3860,0.9211627680051606,gabor+hog+resnet50,
SoilOriginal,resmlp,2026,0,full,random_003,0.8693025255254068,0.9122807017543859,3,1920,1.1633975250006188,beitv2_base_final+deit_s+eva02_base,
SoilOriginal,resmlp,2026,0,full,random_004,0.8208538510589006,0.8859649122807017,3,3840,1.128078285997617,dinov2+dinov2_large+resnet50,
SoilOriginal,resmlp,2026,0,full,random_005,0.8752451310949638,0.9254385964912281,3,1584,1.2723655439913273,convnext_v2_t+gabor+siglip_base,
SoilOriginal,resmlp,2026,0,full,random_006,0.8403131415368118,0.8991228070175439,3,3408,1.474832204010454,drlbp+efficientnet_b0+resnet101,
SoilOriginal,resmlp,2026,0,full,random_007,0.8690045375315144,0.9210526315789473,3,5632,1.7569441270024981,convnext_v2_t+eva02_base+vgg16,
SoilOriginal,resmlp,2026,0,full,random_008,0.8013571009638041,0.8771929824561403,3,5138,1.5655355780036189,densenet121+glcm+vgg16,
SoilOriginal,resmlp,2026,0,full,random_009,0.7556265049188032,0.8333333333333334,3,3556,0.9427914480038453,dinov2_large+hog+mae_base,
SoilOriginal,resmlp,2026,0,full,random_010,0.8504908783268897,0.9122807017543859,3,1920,1.6092164230067283,dinov2_small+eva02_base+mae_base,
SoilOriginal,resmlp,2026,0,full,random_011,0.8340037479831828,0.8947368421052632,3,1072,0.7955192270019324,beitv2_base_final+gabor+rgb_ngram_svd,
SoilOriginal,resmlp,2026,0,full,random_012,0.8782814933574812,0.9254385964912281,3,2560,1.2929844330064952,beitv2_base_final+dinov2_large+vit_b16,
SoilOriginal,resmlp,2026,0,full,random_013,0.7470157573222727,0.8377192982456141,3,2586,1.4382840489997761,dinov2+hog+lbp,
SoilOriginal,resmlp,2026,0,full,random_014,0.8452356602309935,0.9035087719298246,3,3408,1.208244805005961,drlbp+efficientnet_b0+resnet50,
SoilOriginal,resmlp,2026,0,full,random_015,0.828483046104665,0.8859649122807017,3,870,0.6461074109975016,eva02_base+gabor+lbp,
SoilOriginal,resmlp,2026,0,full,random_016,0.8012213248957284,0.8640350877192983,3,3300,1.3773446039995179,beitv2_base_final+hog+swin_t,
SoilOriginal,resmlp,2026,0,full,random_017,0.8420331893576677,0.9035087719298246,3,4068,0.7710120889969403,dinov2_large+efficientnet_b0+hog,
SoilOriginal,resmlp,2026,0,full,random_018,0.8357664444459522,0.8947368421052632,3,2304,1.7095187079976313,beitv2_base_final+dinov2+mae_base,
SoilOriginal,resmlp,2026,0,full,random_019,0.83030461260974,0.8903508771929824,3,2096,1.4491051229997538,dinov2+efficientnet_b0+gabor,
SoilOriginal,resmlp,2026,0,full,random_020,0.8343666793387331,0.8947368421052632,3,1792,1.0128363240073668,convnext_v2_t+mae_base+rgb_ngram_svd,
SoilOriginal,resmlp,2026,0,full,random_021,0.8382496394694862,0.8947368421052632,3,1206,1.887345123992418,dinov2_small+lbp+mae_base,
SoilOriginal,resmlp,2026,0,full,random_022,0.8552796172613385,0.9122807017543859,3,1536,1.8124950529891066,deit_s+dinov2_small+eva02_base,
SoilOriginal,resmlp,2026,0,full,random_023,0.831550205080339,0.8859649122807017,3,2176,1.660049098005402,deit_s+densenet121+swin_t,
SoilOriginal,resmlp,2026,0,full,random_024,0.855287294168758,0.9035087719298246,3,6912,1.2461729320057202,mae_base+resnet101+vgg16,
SoilOriginal,resmlp,2026,0,full,random_025,0.8463823344472118,0.8903508771929824,3,3840,2.19958420599869,convnext_v2_t+densenet121+resnet101,
SoilOriginal,resmlp,2026,0,full,random_026,0.8258707773696549,0.8859649122807017,3,5248,2.1726605000003474,deit_s+swin_t+vgg16,
SoilOriginal,resmlp,2026,0,full,random_027,0.8087134766624189,0.881578947368421,3,3300,2.1896863830043003,hog+mae_base+swin_t,
SoilOriginal,resmlp,2026,0,full,random_028,0.8562843399148014,0.9078947368421053,3,1584,1.82405623998784,gabor+siglip_base+vit_b16,
SoilOriginal,resmlp,2026,0,full,random_029,0.8087138278922827,0.8771929824561403,3,1382,1.327096402994357,efficientnet_b0+gabor+lbp,
SoilOriginal,resmlp,2026,0,full,random_030,0.8293546701263143,0.8728070175438597,3,1920,0.9730185630032793,beitv2_base_final+deit_s+vit_b16,
SoilOriginal,resmlp,2026,0,full,random_031,0.8211982731792448,0.8859649122807017,3,2358,1.3393706450005993,dinov2_large+efficientnet_b0+lbp,
SoilOriginal,resmlp,2026,0,full,random_032,0.8732752729106755,0.9210526315789473,3,2816,1.410519844997907,efficientnet_b0+siglip_base+vit_b16,
SoilOriginal,resmlp,2026,0,full,random_033,0.7940258681729576,0.8640350877192983,3,2102,1.7498509059951175,efficientnet_b0+lbp+swin_t,
SoilOriginal,resmlp,2026,0,full,random_034,0.8210056945752128,0.881578947368421,3,3300,1.8926185099990107,dinov2+hog+swin_t,
SoilOriginal,resmlp,2026,0,full,random_035,0.8850127800026184,0.9254385964912281,3,6912,1.4643986449955264,eva02_base+resnet101+vgg16,
SoilOriginal,resmlp,2026,0,full,random_036,0.8514783972653114,0.8947368421052632,3,2560,1.1704688879981404,beitv2_base_final+densenet121+mae_base,
SoilOriginal,resmlp,2026,0,full,random_037,0.8511787864657695,0.9035087719298246,3,2816,1.7821594839915633,efficientnet_b0+eva02_base+mae_base,
SoilOriginal,resmlp,2026,0,full,random_038,0.840336218435705,0.8991228070175439,3,2560,1.837366485997336,beitv2_base_final+convnext_v2_t+dinov2_large,
SoilOriginal,resmlp,2026,0,full,random_039,0.8339825259647891,0.8903508771929824,3,2304,1.2172828400071012,beitv2_base_final+dinov2+swin_t,
SoilOriginal,resmlp,2026,0,full,random_040,0.8264842030647502,0.881578947368421,3,2916,0.6601220209995518,dinov2_small+hog+vit_b16,
SoilOriginal,resmlp,2026,0,full,random_041,0.847922873528899,0.8991228070175439,3,2480,1.5084466519911075,deit_s+gabor+resnet50,
SoilOriginal,resmlp,2026,0,full,random_042,0.8604287515100755,0.9078947368421053,3,1584,1.3155819160019746,eva02_base+gabor+vit_b16,
SoilOriginal,resmlp,2026,0,full,random_043,0.7896154749613489,0.868421052631579,3,2176,1.6993005560070742,dinov2+dinov2_large+dinov2_small,
SoilOriginal,resmlp,2026,0,full,random_044,0.8575201520330299,0.9078947368421053,3,1840,1.2624331729894038,dinov2_large+gabor+siglip_base,
SoilOriginal,resmlp,2026,0,full,random_045,0.8077859733642401,0.8640350877192983,3,1590,1.7565700060076779,convnext_v2_t+lbp+mae_base,
SoilOriginal,resmlp,2026,0,full,random_046,0.7817348192348191,0.8596491228070176,3,1200,0.9552886440069415,dinov2+dinov2_small+gabor,
SoilOriginal,resmlp,2026,0,full,random_047,0.8456892191194517,0.9035087719298246,3,2176,0.9183849510009168,dinov2_large+dinov2_small+vit_b16,
SoilOriginal,resmlp,2026,0,full,random_048,0.8104577399516731,0.8640350877192983,3,3812,1.107726581991301,convnext_v2_t+efficientnet_b0+hog,
SoilOriginal,resmlp,2026,0,full,random_049,0.8805950806543653,0.9210526315789473,3,1840,1.9192865180084482,densenet121+eva02_base+gabor,
SoilOriginal,resmlp,2026,0,full,random_050,0.814636543580643,0.868421052631579,3,1206,1.8162983680085745,deit_s+lbp+swin_t,
SoilOriginal,resmlp,2026,0,full,random_051,0.8497541434971314,0.9078947368421053,3,688,1.1541509060043609,dinov2_small+gabor+rgb_ngram_svd,
SoilOriginal,resmlp,2026,0,full,random_052,0.8333404286245937,0.8903508771929824,3,1206,1.506866142997751,convnext_v2_t+dinov2_small+lbp,
SoilOriginal,resmlp,2026,0,full,random_053,0.8460848221911625,0.8859649122807017,3,1872,1.3686815240071155,beitv2_base_final+dinov2_large+drlbp,
SoilOriginal,resmlp,2026,0,full,random_054,0.8006236683406273,0.8771929824561403,3,870,1.1885372969991295,gabor+lbp+swin_t,
SoilOriginal,resmlp,2026,0,full,random_055,0.8257157779995234,0.8903508771929824,3,1792,1.3211681959946873,mae_base+rgb_ngram_svd+vit_b16,
SoilOriginal,resmlp,2026,0,full,random_056,0.8216436002071024,0.8903508771929824,3,5248,1.5527458189899335,dinov2_small+mae_base+vgg16,
SoilOriginal,resmlp,2026,0,full,random_057,0.8748488561304001,0.9210526315789473,3,2304,1.0749502459948417,convnext_v2_t+eva02_base+vit_b16,
SoilOriginal,resmlp,2026,0,full,random_058,0.8528870144921447,0.8947368421052632,3,1584,1.0297233539895387,beitv2_base_final+eva02_base+gabor,
SoilOriginal,resmlp,2026,0,full,random_059,0.8586780809002511,0.9035087719298246,3,2486,1.3852791110111866,deit_s+lbp+resnet101,
SoilOriginal,resmlp,2026,0,full,random_060,0.8420534942464285,0.8903508771929824,3,4580,0.9819631179998396,dinov2+hog+resnet50,
SoilOriginal,resmlp,2026,0,full,random_061,0.8234734584560824,0.8728070175438597,3,1584,0.7987737490038853,beitv2_base_final+gabor+swin_t,
SoilOriginal,resmlp,2026,0,full,random_062,0.8121840244798894,0.881578947368421,3,1584,1.6827625340083614,dinov2+gabor+mae_base,
SoilOriginal,resmlp,2026,0,full,random_063,0.854113462763485,0.8991228070175439,3,2304,1.134983183001168,beitv2_base_final+eva02_base+siglip_base,
SoilOriginal,resmlp,2026,0,full,random_064,0.7485797741100182,0.8508771929824561,3,870,1.8458399770024698,dinov2+gabor+lbp,
SoilOriginal,resmlp,2026,0,full,random_065,0.8694307387679611,0.9166666666666666,3,3072,1.9115202780085383,convnext_v2_t+resnet50+rgb_ngram_svd,
SoilOriginal,resmlp,2026,0,full,random_066,0.8978412214110155,0.9342105263157895,3,3584,2.0514152079995256,resnet101+siglip_base+vit_b16,
SoilOriginal,resmlp,2026,0,full,random_067,0.8602057814244063,0.9122807017543859,3,1554,1.2017674029921181,convnext_v2_t+glcm+siglip_base,
SoilOriginal,resmlp,2026,0,full,random_068,0.8412748790994907,0.8903508771929824,3,2864,1.6011454429972218,gabor+mae_base+resnet50,
SoilOriginal,resmlp,2026,0,full,random_069,0.8946535135793449,0.9254385964912281,3,3200,1.1943479449982988,deit_s+resnet101+siglip_base,
SoilOriginal,resmlp,2026,0,full,random_070,0.8471930471401988,0.8903508771929824,3,2916,1.4940377689927118,beitv2_base_final+dinov2_small+hog,
SoilOriginal,resmlp,2026,0,full,random_071,0.8715149082388044,0.9166666666666666,3,2896,1.1369134959968505,drlbp+eva02_base+resnet50,
SoilOriginal,resmlp,2026,0,full,random_072,0.8461360377699788,0.9035087719298246,3,3456,1.2847128980065463,deit_s+dinov2_large+resnet101,
SoilOriginal,resmlp,2026,0,full,random_073,0.8605886087817703,0.8991228070175439,3,2864,1.706396424997365,gabor+mae_base+resnet101,
SoilOriginal,resmlp,2026,0,full,random_074,0.8385886046038058,0.8991228070175439,3,2432,1.4348412959952839,densenet121+dinov2_large+dinov2_small,
SoilOriginal,resmlp,2026,0,full,random_075,0.8458592408628532,0.8991228070175439,3,1536,1.5832706470100675,deit_s+dinov2_small+siglip_base,
SoilOriginal,resmlp,2026,0,full,random_076,0.8516238048635164,0.9122807017543859,3,2304,1.5629701120051323,efficientnet_b0+rgb_ngram_svd+vit_b16,
SoilOriginal,resmlp,2026,0,full,random_077,0.8456892191194517,0.9035087719298246,3,2176,0.9306568129977677,dinov2_large+dinov2_small+vit_b16,
SoilOriginal,resmlp,2026,0,full,random_078,0.8335132398243191,0.8903508771929824,3,6628,2.0760754290095065,convnext_v2_t+hog+vgg16,
SoilOriginal,resmlp,2026,0,full,random_079,0.8382369224349434,0.8991228070175439,3,5092,1.6626154730038252,efficientnet_b0+hog+resnet50,
SoilOriginal,resmlp,2026,0,full,random_080,0.8506202498789538,0.8991228070175439,3,2612,1.1175466900022002,drlbp+eva02_base+hog,
SoilOriginal,resmlp,2026,0,full,random_081,0.7970716606677831,0.8640350877192983,3,5908,2.2055996819981374,gabor+hog+vgg16,
SoilOriginal,resmlp,2026,0,full,random_082,0.8571278251267813,0.9122807017543859,3,2870,1.3917823550000321,eva02_base+lbp+resnet50,
SoilOriginal,resmlp,2026,0,full,random_083,0.833546213588904,0.8859649122807017,3,5632,1.4394239589892095,beitv2_base_final+mae_base+vgg16,
SoilOriginal,resmlp,2026,0,full,random_084,0.8485398476886131,0.9078947368421053,3,3072,1.2877077189914417,dinov2_large+efficientnet_b0+siglip_base,
SoilOriginal,resmlp,2026,0,full,random_085,0.8528602004513676,0.8859649122807017,3,3584,1.2979970360029256,resnet50+swin_t+vit_b16,
SoilOriginal,resmlp,2026,0,full,random_086,0.8237243714690178,0.8947368421052632,3,5394,1.7703826429933542,efficientnet_b0+glcm+vgg16,
SoilOriginal,resmlp,2026,0,full,random_087,0.8107200597146476,0.8771929824561403,3,5504,0.9339869609975722,dinov2_large+dinov2_small+vgg16,
SoilOriginal,resmlp,2026,0,full,random_088,0.8671935764126505,0.9078947368421053,3,2512,1.6614734699978726,deit_s+drlbp+resnet101,
SoilOriginal,resmlp,2026,0,full,random_089,0.8134146468248818,0.8728070175438597,3,1536,1.337636559997918,deit_s+dinov2+dinov2_small,
SoilOriginal,resmlp,2026,0,full,random_090,0.8357972805664066,0.8859649122807017,3,2304,0.5491888980031945,dinov2+swin_t+vit_b16,
SoilOriginal,resmlp,2026,0,full,random_091,0.8642018512618673,0.9210526315789473,3,1584,1.4683903709956212,gabor+siglip_base+swin_t,
SoilOriginal,resmlp,2026,0,full,random_092,0.786461085973164,0.8552631578947368,3,3044,2.0048949110059766,densenet121+hog+rgb_ngram_svd,
SoilOriginal,resmlp,2026,0,full,random_093,0.8468507932212563,0.9035087719298246,3,2096,1.6876401729969075,efficientnet_b0+gabor+vit_b16,
SoilOriginal,resmlp,2026,0,full,random_094,0.8439381829044134,0.9078947368421053,3,4096,2.1896511779923458,efficientnet_b0+eva02_base+resnet50,
SoilOriginal,resmlp,2026,0,full,random_095,0.859841948220525,0.9122807017543859,3,3584,1.96922791399993,eva02_base+resnet101+vit_b16,
SoilOriginal,resmlp,2026,0,full,random_096,0.8513973861594627,0.8947368421052632,3,2560,1.8506205000012415,beitv2_base_final+convnext_v2_t+densenet121,
SoilOriginal,resmlp,2026,0,full,random_097,0.8480487222030512,0.8903508771929824,3,1590,1.2539774769975338,beitv2_base_final+lbp+vit_b16,
SoilOriginal,resmlp,2026,0,full,random_098,0.8279427350122186,0.8771929824561403,3,1488,1.123812074001762,deit_s+densenet121+drlbp,
SoilOriginal,resmlp,2026,0,full,random_099,0.8381939715831593,0.8991228070175439,3,1920,1.8965713890065672,dinov2_small+mae_base+swin_t,
SoilOriginal,resmlp,2026,1,full,random_000,0.835034769056364,0.881578947368421,4,5376,1.3507314000016777,densenet121+resnet101+resnet50+rgb_ngram_svd,
SoilOriginal,resmlp,2026,1,full,random_001,0.8625485847675778,0.9078947368421053,4,4890,1.6201304249989334,dinov2_large+hog+lbp+resnet101,
SoilOriginal,resmlp,2026,1,full,random_002,0.8369595772193176,0.8947368421052632,4,3968,1.4308732520003105,dinov2+dinov2_small+eva02_base+resnet50,
SoilOriginal,resmlp,2026,1,full,random_003,0.8381932645423318,0.8859649122807017,4,1152,1.2456333039881429,drlbp+gabor+rgb_ngram_svd+vit_b16,
SoilOriginal,resmlp,2026,1,full,random_004,0.8688302529150207,0.9210526315789473,4,4864,1.2434035320038674,convnext_v2_t+efficientnet_b0+resnet101+siglip_base,
SoilOriginal,resmlp,2026,1,full,random_005,0.8723057644110277,0.9078947368421053,4,3584,1.7362837190012215,deit_s+dinov2_small+eva02_base+resnet50,
SoilOriginal,resmlp,2026,1,full,random_006,0.7988415778437818,0.8903508771929824,4,4944,1.4479116089933086,drlbp+resnet101+resnet50+vit_b16,
SoilOriginal,resmlp,2026,1,full,random_007,0.8548202535717265,0.9122807017543859,4,2194,1.403285587002756,convnext_v2_t+deit_s+densenet121+glcm,
SoilOriginal,resmlp,2026,1,full,random_008,0.8513599213893455,0.9122807017543859,4,1426,0.9323221090016887,dinov2_small+glcm+rgb_ngram_svd+swin_t,
SoilOriginal,resmlp,2026,1,full,random_009,0.8516436557621979,0.8991228070175439,4,3172,1.368871690996457,deit_s+eva02_base+hog+rgb_ngram_svd,
SoilOriginal,resmlp,2026,1,full,random_010,0.8567808844814652,0.9078947368421053,4,1712,1.6209239609888755,deit_s+densenet121+gabor+rgb_ngram_svd,
SoilOriginal,resmlp,2026,1,full,random_011,0.8210049183326664,0.8903508771929824,4,2000,1.4613739469932625,deit_s+drlbp+eva02_base+siglip_base,
SoilOriginal,resmlp,2026,1,full,random_012,0.809187885680588,0.8728070175438597,4,5248,1.0813134929921944,deit_s+resnet101+resnet50+swin_t,
SoilOriginal,resmlp,2026,1,full,random_013,0.8358751639312462,0.9035087719298246,4,4552,1.3909201920032501,deit_s+glcm+lbp+vgg16,
SoilOriginal,resmlp,2026,1,full,random_014,0.8384823848238483,0.8859649122807017,4,2806,1.3231907919980586,convnext_v2_t+glcm+hog+rgb_ngram_svd,
SoilOriginal,resmlp,2026,1,full,random_015,0.8883882058216198,0.9298245614035088,4,3328,1.3416329809988383,beitv2_base_final+convnext_v2_t+dinov2_large+swin_t,
SoilOriginal,resmlp,2026,1,full,random_016,0.8609633260796051,0.9078947368421053,4,2944,1.372124592991895,deit_s+dinov2_large+eva02_base+siglip_base,
SoilOriginal,resmlp,2026,1,full,random_017,0.8728163836011241,0.9254385964912281,4,3328,1.677310587008833,dinov2_large+efficientnet_b0+rgb_ngram_svd+vit_b16,
SoilOriginal,resmlp,2026,1,full,random_018,0.7980642440690866,0.8903508771929824,4,2944,1.6970147379906848,convnext_v2_t+drlbp+gabor+resnet50,
SoilOriginal,resmlp,2026,1,full,random_019,0.8589833349731851,0.9122807017543859,4,3968,1.4777952050062595,dinov2_small+efficientnet_b0+resnet50+rgb_ngram_svd,
SoilOriginal,resmlp,2026,1,full,random_020,0.8471259253309957,0.9166666666666666,4,6400,1.2870227770035854,beitv2_base_final+eva02_base+swin_t+vgg16,
SoilOriginal,resmlp,2026,1,full,random_021,0.8630536799700117,0.9254385964912281,4,2864,1.5160993369936477,convnext_v2_t+efficientnet_b0+gabor+siglip_base,
SoilOriginal,resmlp,2026,1,full,random_022,0.8616117149483166,0.9122807017543859,4,3602,1.2510505340032978,beitv2_base_final+glcm+resnet101+vit_b16,
SoilOriginal,resmlp,2026,1,full,random_023,0.8588467378514357,0.8991228070175439,4,2000,0.9626003339944873,dinov2+dinov2_small+drlbp+eva02_base,
SoilOriginal,resmlp,2026,1,full,random_024,0.8724123736708282,0.9122807017543859,4,4096,0.8321385040035238,dinov2_large+eva02_base+resnet50+rgb_ngram_svd,
SoilOriginal,resmlp,2026,1,full,random_025,0.8627510749179076,0.9035087719298246,4,3684,1.238716462001321,dinov2_small+hog+mae_base+vit_b16,
SoilOriginal,resmlp,2026,1,full,random_026,0.8249683422300437,0.8903508771929824,4,2450,0.7444527280022157,dinov2+dinov2_small+efficientnet_b0+glcm,
SoilOriginal,resmlp,2026,1,full,random_027,0.842311274065794,0.9035087719298246,4,4480,0.9804167199908989,dinov2_small+efficientnet_b0+resnet50+vit_b16,
SoilOriginal,resmlp,2026,1,full,random_028,0.8965115386379544,0.9298245614035088,4,3072,1.5152483179990668,convnext_v2_t+siglip_base+swin_t+vit_b16,
SoilOriginal,resmlp,2026,1,full,random_029,0.872755290114094,0.9210526315789473,4,7296,1.0758562950068153,deit_s+resnet101+vgg16+vit_b16,
SoilOriginal,resmlp,2026,1,full,random_030,0.8837489541271053,0.9298245614035088,4,6912,1.0829607180057792,beitv2_base_final+efficientnet_b0+vgg16+vit_b16,
SoilOriginal,resmlp,2026,1,full,random_031,0.852015415624588,0.9122807017543859,4,3604,0.8689259130042046,convnext_v2_t+dinov2_large+gabor+hog,
SoilOriginal,resmlp,2026,1,full,random_032,0.8611297636690712,0.9078947368421053,4,2640,1.1489161040080944,densenet121+drlbp+mae_base+vit_b16,
SoilOriginal,resmlp,2026,1,full,random_033,0.8583563538831387,0.9078947368421053,4,2530,1.3431837179959984,dinov2_small+drlbp+glcm+resnet101,
SoilOriginal,resmlp,2026,1,full,random_034,0.8319558752342388,0.881578947368421,4,2842,1.4377340659993934,convnext_v2_t+hog+lbp+rgb_ngram_svd,
SoilOriginal,resmlp,2026,1,full,random_035,0.861487123048301,0.9078947368421053,4,3894,2.1197398780059302,densenet121+lbp+resnet50+vit_b16,
SoilOriginal,resmlp,2026,1,full,random_036,0.8580800120018991,0.9210526315789473,4,4608,1.584895862994017,dinov2+dinov2_large+mae_base+resnet101,
SoilOriginal,resmlp,2026,1,full,random_037,0.851992037055491,0.8991228070175439,4,1798,1.4042618390085408,deit_s+drlbp+efficientnet_b0+lbp,
SoilOriginal,resmlp,2026,1,full,random_038,0.8851225042429185,0.9298245614035088,4,2322,1.4506716940086335,beitv2_base_final+convnext_v2_t+glcm+vit_b16,
SoilOriginal,resmlp,2026,1,full,random_039,0.8328946360008969,0.9035087719298246,4,8192,1.2411747900041519,convnext_v2_t+efficientnet_b0+resnet50+vgg16,
SoilOriginal,resmlp,2026,1,full,random_040,0.8192780623651654,0.9078947368421053,4,3860,1.1833541980013251,efficientnet_b0+gabor+hog+swin_t,
SoilOriginal,resmlp,2026,1,full,random_041,0.8245481457630083,0.8947368421052632,4,3632,1.5685771339922212,beitv2_base_final+dinov2+gabor+resnet50,
SoilOriginal,resmlp,2026,1,full,random_042,0.8763087698906161,0.9254385964912281,4,3072,1.2211147560010431,densenet121+dinov2_large+rgb_ngram_svd+siglip_base,
SoilOriginal,resmlp,2026,1,full,random_043,0.842210385946335,0.9166666666666666,4,6966,2.06485529699421,dinov2+lbp+resnet101+vgg16,
SoilOriginal,resmlp,2026,1,full,random_044,0.8623951637153624,0.9035087719298246,4,2000,2.0864366659952793,dinov2_small+drlbp+mae_base+vit_b16,
SoilOriginal,resmlp,2026,1,full,random_045,0.8603261067272759,0.9122807017543859,4,2384,1.3352806710026925,convnext_v2_t+drlbp+eva02_base+mae_base,
SoilOriginal,resmlp,2026,1,full,random_046,0.8196124142541545,0.8859649122807017,4,3878,1.6658032389968866,gabor+glcm+hog+resnet101,
SoilOriginal,resmlp,2026,1,full,random_047,0.8561680450300305,0.9078947368421053,4,1846,1.2443397030001506,lbp+rgb_ngram_svd+siglip_base+swin_t,
SoilOriginal,resmlp,2026,1,full,random_048,0.8512411506375009,0.9078947368421053,4,5328,1.7770281519915443,dinov2_small+drlbp+swin_t+vgg16,
SoilOriginal,resmlp,2026,1,full,random_049,0.8545205934244856,0.9078947368421053,4,3090,1.29356380799436,glcm+resnet50+rgb_ngram_svd+swin_t,
SoilOriginal,resmlp,2026,1,full,random_050,0.8613640327926042,0.9210526315789473,4,3638,1.1980209559987998,convnext_v2_t+dinov2+lbp+resnet101,
SoilOriginal,resmlp,2026,1,full,random_051,0.8915852102266414,0.9342105263157895,4,4224,1.1932346179964952,deit_s+dinov2_large+resnet101+vit_b16,
SoilOriginal,resmlp,2026,1,full,random_052,0.79898144114011,0.8771929824561403,4,3456,1.371442677002051,drlbp+efficientnet_b0+gabor+resnet50,
SoilOriginal,resmlp,2026,1,full,random_053,0.8695335184000418,0.9298245614035088,4,4352,1.871406296006171,dinov2+efficientnet_b0+resnet101+rgb_ngram_svd,
SoilOriginal,resmlp,2026,1,full,random_054,0.8121080256418602,0.8991228070175439,4,3280,1.6805667820008239,dinov2_small+drlbp+resnet50+siglip_base,
SoilOriginal,resmlp,2026,1,full,random_055,0.8675924915420713,0.9254385964912281,4,7168,1.7363639440009138,densenet121+dinov2+efficientnet_b0+vgg16,
SoilOriginal,resmlp,2026,1,full,random_056,0.8409332797952652,0.9210526315789473,4,2864,1.0118074159981916,convnext_v2_t+dinov2+efficientnet_b0+gabor,
SoilOriginal,resmlp,2026,1,full,random_057,0.8608966833065982,0.9122807017543859,4,3072,1.17201808700338,efficientnet_b0+mae_base+rgb_ngram_svd+vit_b16,
SoilOriginal,resmlp,2026,1,full,random_058,0.8419713980175453,0.9035087719298246,4,3280,1.1091526339878328,beitv2_base_final+dinov2_small+drlbp+resnet50,
SoilOriginal,resmlp,2026,1,full,random_059,0.8627234192703505,0.9210526315789473,4,5430,1.9022710010031005,densenet121+lbp+rgb_ngram_svd+vgg16,
SoilOriginal,resmlp,2026,1,full,random_060,0.8694279554790495,0.9210526315789473,4,2688,0.8620757080061594,deit_s+dinov2+efficientnet_b0+rgb_ngram_svd,
SoilOriginal,resmlp,2026,1,full,random_061,0.8525009147275124,0.8991228070175439,4,3318,1.1000489389989525,eva02_base+glcm+hog+vit_b16,
SoilOriginal,resmlp,2026,1,full,random_062,0.8832621185745376,0.9254385964912281,4,3456,1.1400566689990228,deit_s+dinov2_large+efficientnet_b0+mae_base,
SoilOriginal,resmlp,2026,1,full,random_063,0.8248138416205644,0.9122807017543859,4,6628,1.6219297659990843,dinov2+hog+resnet101+resnet50,
SoilOriginal,resmlp,2026,1,full,random_064,0.8183345184362919,0.8771929824561403,4,1670,1.2988134360057302,dinov2+drlbp+eva02_base+lbp,
SoilOriginal,resmlp,2026,1,full,random_065,0.8194903926482873,0.8991228070175439,4,1488,1.0538212179963011,dinov2+dinov2_small+drlbp+rgb_ngram_svd,
SoilOriginal,resmlp,2026,1,full,random_066,0.8695559361019322,0.9298245614035088,4,5168,0.988557642995147,gabor+rgb_ngram_svd+siglip_base+vgg16,
SoilOriginal,resmlp,2026,1,full,random_067,0.841752749998627,0.9035087719298246,4,1858,1.3831273410032736,densenet121+eva02_base+gabor+glcm,
SoilOriginal,resmlp,2026,1,full,random_068,0.8606358799626455,0.9078947368421053,4,3684,1.3094443010049872,beitv2_base_final+deit_s+dinov2+hog,
SoilOriginal,resmlp,2026,1,full,random_069,0.8593929365480912,0.9166666666666666,4,1846,1.0876913810061524,dinov2+lbp+rgb_ngram_svd+vit_b16,
SoilOriginal,resmlp,2026,1,full,random_070,0.8571771261980912,0.9035087719298246,4,1224,1.0629811830003746,deit_s+glcm+lbp+swin_t,
SoilOriginal,resmlp,2026,1,full,random_071,0.8162010289347806,0.8728070175438597,4,1126,1.3069428439921467,gabor+lbp+rgb_ngram_svd+siglip_base,
SoilOriginal,resmlp,2026,1,full,random_072,0.8689280801977043,0.9122807017543859,4,4864,0.8844934899971122,beitv2_base_final+efficientnet_b0+resnet50+siglip_base,
SoilOriginal,resmlp,2026,1,full,random_073,0.8254568548067,0.8903508771929824,4,1122,0.6841636889876099,drlbp+glcm+rgb_ngram_svd+swin_t,
SoilOriginal,resmlp,2026,1,full,random_074,0.8643902316171224,0.9166666666666666,4,3584,1.443044543004362,convnext_v2_t+efficientnet_b0+mae_base+vit_b16,
SoilOriginal,resmlp,2026,1,full,random_075,0.8414651520169389,0.8947368421052632,4,1462,1.3204714430030435,dinov2_small+lbp+rgb_ngram_svd+siglip_base,
SoilOriginal,resmlp,2026,1,full,random_076,0.8725439948140113,0.9166666666666666,4,3840,1.5235570750082843,beitv2_base_final+convnext_v2_t+densenet121+efficientnet_b0,
SoilOriginal,resmlp,2026,1,full,random_077,0.83069701531899,0.8991228070175439,4,4964,1.0569686609960627,deit_s+hog+resnet50+swin_t,
SoilOriginal,resmlp,2026,1,full,random_078,0.8580335996534875,0.9166666666666666,4,5712,1.3256966360058868,drlbp+swin_t+vgg16+vit_b16,
SoilOriginal,resmlp,2026,1,full,random_079,0.8646260853996468,0.9166666666666666,4,2608,0.8324941399914678,convnext_v2_t+densenet121+gabor+vit_b16,
SoilOriginal,resmlp,2026,1,full,random_080,0.8771802886139756,0.9166666666666666,4,1488,1.6789806979941204,dinov2_small+drlbp+eva02_base+rgb_ngram_svd,
SoilOriginal,resmlp,2026,1,full,random_081,0.8605120288092232,0.9166666666666666,4,2640,1.0550911860045744,dinov2_large+drlbp+mae_base+vit_b16,
SoilOriginal,resmlp,2026,1,full,random_082,0.8648127243069028,0.9035087719298246,4,2630,1.0308575710078003,drlbp+glcm+hog+siglip_base,
SoilOriginal,resmlp,2026,1,full,random_083,0.8572776099366912,0.9122807017543859,4,6500,1.1054426729970146,deit_s+hog+rgb_ngram_svd+vgg16,
SoilOriginal,resmlp,2026,1,full,random_084,0.8354264347769144,0.9078947368421053,4,5248,1.11638810900331,dinov2_small+resnet101+resnet50+vit_b16,
SoilOriginal,resmlp,2026,1,full,random_085,0.8430517948185255,0.9035087719298246,4,2352,1.609985767994658,efficientnet_b0+gabor+rgb_ngram_svd+siglip_base,
SoilOriginal,resmlp,2026,1,full,random_086,0.8565828470139728,0.9035087719298246,4,4406,1.2293910500011407,lbp+resnet101+resnet50+rgb_ngram_svd,
SoilOriginal,resmlp,2026,1,full,random_087,0.8590523664994529,0.9210526315789473,4,3968,1.2654995609918842,deit_s+dinov2+resnet101+swin_t,
SoilOriginal,resmlp,2026,1,full,random_088,0.8431024776148872,0.9035087719298246,4,2176,0.7946105739974882,drlbp+efficientnet_b0+gabor+vit_b16,
SoilOriginal,resmlp,2026,1,full,random_089,0.8455352942738246,0.9035087719298246,4,1968,1.3072613069962244,beitv2_base_final+dinov2+dinov2_small+gabor,
SoilOriginal,resmlp,2026,1,full,random_090,0.8074944074542619,0.8640350877192983,4,1096,1.352798421998159,glcm+lbp+mae_base+rgb_ngram_svd,
SoilOriginal,resmlp,2026,1,full,random_091,0.8684272423646923,0.9254385964912281,4,2608,1.0387504600075772,convnext_v2_t+dinov2_large+gabor+vit_b16,
SoilOriginal,resmlp,2026,1,full,random_092,0.8591745618167472,0.9166666666666666,4,4324,1.6721839999954682,convnext_v2_t+dinov2_large+hog+swin_t,
SoilOriginal,resmlp,2026,1,full,random_093,0.8738158335201972,0.9210526315789473,4,1554,1.311434001007001,deit_s+dinov2_small+glcm+swin_t,
SoilOriginal,resmlp,2026,1,full,random_094,0.8042581496650598,0.8903508771929824,4,2000,1.3039729849988362,beitv2_base_final+dinov2+dinov2_small+drlbp,
SoilOriginal,resmlp,2026,1,full,random_095,0.8512953827228472,0.9122807017543859,4,1974,0.8422825320012635,convnext_v2_t+deit_s+eva02_base+lbp,
SoilOriginal,resmlp,2026,1,full,random_096,0.8344221837835073,0.9078947368421053,4,8192,1.0359986740077147,efficientnet_b0+resnet50+swin_t+vgg16,
SoilOriginal,resmlp,2026,1,full,random_097,0.863386928691076,0.9210526315789473,4,2870,1.1245759229932446,densenet121+dinov2+dinov2_large+lbp,
SoilOriginal,resmlp,2026,1,full,random_098,0.8770809659816781,0.9166666666666666,4,4324,1.0709469460125547,beitv2_base_final+densenet121+hog+siglip_base,
SoilOriginal,resmlp,2026,1,full,random_099,0.8082842752236876,0.8859649122807017,4,5814,1.4928754309949,deit_s+efficientnet_b0+lbp+vgg16,
SoilOriginal,resmlp,2026,2,full,random_000,0.8687709828401232,0.9166666666666666,7,6068,0.9373887930123601,deit_s+drlbp+hog+mae_base+resnet50+rgb_ngram_svd+vit_b16,
SoilOriginal,resmlp,2026,2,full,random_001,0.8686344202619221,0.9122807017543859,7,4674,0.5726041400048416,convnext_v2_t+gabor+glcm+mae_base+resnet101+rgb_ngram_svd+siglip_base,
SoilOriginal,resmlp,2026,2,full,random_002,0.8641019651186809,0.9254385964912281,7,5632,1.220136731993989,deit_s+dinov2_large+dinov2_small+resnet50+rgb_ngram_svd+swin_t+vit_b16,
SoilOriginal,resmlp,2026,2,full,random_003,0.8991941177849262,0.9342105263157895,7,8804,1.5923385110072559,dinov2+dinov2_small+hog+rgb_ngram_svd+siglip_base+vgg16+vit_b16,
SoilOriginal,resmlp,2026,2,full,random_004,0.8877308175011492,0.9254385964912281,7,5072,0.9855051769991405,beitv2_base_final+dinov2_small+drlbp+eva02_base+mae_base+resnet101+rgb_ngram_svd,
SoilOriginal,resmlp,2026,2,full,random_005,0.873603570504549,0.9254385964912281,7,4450,0.6444856540038018,deit_s+dinov2_small+drlbp+eva02_base+glcm+resnet101+swin_t,
SoilOriginal,resmlp,2026,2,full,random_006,0.8780640005802498,0.9210526315789473,7,5010,0.5900698480108986,convnext_v2_t+dinov2_small+eva02_base+glcm+resnet101+rgb_ngram_svd+swin_t,
SoilOriginal,resmlp,2026,2,full,random_007,0.9001342388807375,0.9342105263157895,7,9472,0.9942480019963114,beitv2_base_final+dinov2_large+efficientnet_b0+siglip_base+swin_t+vgg16+vit_b16,
SoilOriginal,resmlp,2026,2,full,random_008,0.9013467682338013,0.9342105263157895,7,9242,0.6725977240130305,convnext_v2_t+dinov2_large+hog+lbp+siglip_base+vgg16+vit_b16,
SoilOriginal,resmlp,2026,2,full,random_009,0.9017077531225179,0.9342105263157895,7,4930,0.9058818310004426,densenet121+dinov2_large+efficientnet_b0+eva02_base+gabor+glcm+mae_base,
SoilOriginal,resmlp,2026,2,full,random_010,0.8982626284841475,0.9342105263157895,7,4272,0.676631433001603,beitv2_base_final+convnext_v2_t+dinov2+dinov2_small+eva02_base+gabor+vit_b16,
SoilOriginal,resmlp,2026,2,full,random_011,0.8823248841345117,0.9298245614035088,7,7376,0.9210289129987359,beitv2_base_final+deit_s+densenet121+drlbp+rgb_ngram_svd+siglip_base+vgg16,
SoilOriginal,resmlp,2026,2,full,random_012,0.8620260730134399,0.9078947368421053,7,7524,1.8207243520009797,convnext_v2_t+densenet121+dinov2+dinov2_small+hog+resnet50+vit_b16,
SoilOriginal,resmlp,2026,2,full,random_013,0.8590853619439038,0.9166666666666666,7,7376,0.880239456993877,convnext_v2_t+deit_s+dinov2_large+drlbp+rgb_ngram_svd+swin_t+vgg16,
SoilOriginal,resmlp,2026,2,full,random_014,0.8889759847375821,0.9210526315789473,7,8832,1.8503937199857319,beitv2_base_final+dinov2+dinov2_small+efficientnet_b0+eva02_base+siglip_base+vgg16,
SoilOriginal,resmlp,2026,2,full,random_015,0.8530854698586898,0.9166666666666666,7,6272,0.8681403509981465,deit_s+dinov2+eva02_base+mae_base+resnet101+siglip_base+swin_t,
SoilOriginal,resmlp,2026,2,full,random_016,0.860377831790321,0.9122807017543859,7,7040,1.2976064260001294,convnext_v2_t+dinov2+dinov2_small+mae_base+resnet101+resnet50+rgb_ngram_svd,
SoilOriginal,resmlp,2026,2,full,random_017,0.8572121416359302,0.9122807017543859,7,5888,0.820277505001286,convnext_v2_t+deit_s+dinov2_small+mae_base+resnet101+siglip_base+swin_t,
SoilOriginal,resmlp,2026,2,full,random_018,0.861543603748136,0.9122807017543859,7,5680,1.253708859992912,densenet121+gabor+mae_base+resnet50+rgb_ngram_svd+swin_t+vit_b16,
SoilOriginal,resmlp,2026,2,full,random_019,0.8694939317698648,0.9298245614035088,7,4944,1.0748582199885277,deit_s+dinov2+dinov2_large+dinov2_small+drlbp+resnet50+rgb_ngram_svd,
SoilOriginal,resmlp,2026,2,full,random_020,0.8655274556918212,0.8991228070175439,7,7652,1.6232396449922817,convnext_v2_t+efficientnet_b0+hog+mae_base+resnet50+rgb_ngram_svd+vit_b16,
SoilOriginal,resmlp,2026,2,full,random_021,0.8824743056689645,0.9166666666666666,7,5058,1.481529155993485,densenet121+dinov2_small+gabor+glcm+resnet101+siglip_base+vit_b16,
SoilOriginal,resmlp,2026,2,full,random_022,0.8861341348621552,0.9254385964912281,7,5424,0.7491112339921528,convnext_v2_t+dinov2_large+efficientnet_b0+gabor+mae_base+siglip_base+vit_b16,
SoilOriginal,resmlp,2026,2,full,random_023,0.8789164834235722,0.9254385964912281,7,6192,0.7216696570103522,dinov2_large+efficientnet_b0+gabor+mae_base+resnet50+rgb_ngram_svd+vit_b16,
SoilOriginal,resmlp,2026,2,full,random_024,0.9001087143718246,0.9342105263157895,7,5120,0.7899783370085061,beitv2_base_final+deit_s+dinov2_small+efficientnet_b0+mae_base+siglip_base+vit_b16,
SoilOriginal,resmlp,2026,2,full,random_025,0.861542627499542,0.8991228070175439,7,4600,1.0723834939999506,deit_s+efficientnet_b0+gabor+glcm+lbp+resnet101+vit_b16,
SoilOriginal,resmlp,2026,2,full,random_026,0.8244124226267083,0.8771929824561403,7,5866,1.464023021995672,deit_s+drlbp+hog+lbp+mae_base+resnet101+siglip_base,
SoilOriginal,resmlp,2026,2,full,random_027,0.8963588540740498,0.9385964912280702,7,9846,1.2752288039919222,beitv2_base_final+dinov2_small+eva02_base+glcm+hog+resnet101+vgg16,
SoilOriginal,resmlp,2026,2,full,random_028,0.8706129616614906,0.9210526315789473,7,2962,1.8203188059997046,dinov2+dinov2_large+drlbp+eva02_base+gabor+glcm+rgb_ngram_svd,
SoilOriginal,resmlp,2026,2,full,random_029,0.8875160099197587,0.9210526315789473,7,5552,0.8200609630002873,beitv2_base_final+convnext_v2_t+deit_s+gabor+mae_base+resnet50+vit_b16,
SoilOriginal,resmlp,2026,2,full,random_030,0.884910473296527,0.9254385964912281,7,4656,1.0859152569901198,convnext_v2_t+efficientnet_b0+eva02_base+gabor+rgb_ngram_svd+siglip_base+swin_t,
SoilOriginal,resmlp,2026,2,full,random_031,0.8858201988834675,0.9210526315789473,7,8038,1.3130828809953528,convnext_v2_t+densenet121+efficientnet_b0+gabor+lbp+siglip_base+vgg16,
SoilOriginal,resmlp,2026,2,full,random_032,0.836336811716178,0.9035087719298246,7,8448,1.764408087998163,convnext_v2_t+dinov2+efficientnet_b0+mae_base+resnet101+resnet50+swin_t,
SoilOriginal,resmlp,2026,2,full,random_033,0.8644504598246094,0.9166666666666666,7,8164,1.292160134005826,beitv2_base_final+efficientnet_b0+hog+mae_base+resnet101+siglip_base+swin_t,
SoilOriginal,resmlp,2026,2,full,random_034,0.8578123790784772,0.9078947368421053,7,8602,1.0517497260007076,deit_s+hog+lbp+siglip_base+swin_t+vgg16+vit_b16,
SoilOriginal,resmlp,2026,2,full,random_035,0.9061747762428609,0.9429824561403509,7,5036,0.9454005320003489,densenet121+dinov2_large+dinov2_small+glcm+hog+lbp+siglip_base,
SoilOriginal,resmlp,2026,2,full,random_036,0.8774344824634153,0.9210526315789473,7,4608,0.7488349459890742,beitv2_base_final+convnext_v2_t+deit_s+dinov2_small+mae_base+siglip_base+swin_t,
SoilOriginal,resmlp,2026,2,full,random_037,0.8701089941568428,0.9166666666666666,7,3942,0.5958622670004843,dinov2+efficientnet_b0+eva02_base+gabor+lbp+mae_base+rgb_ngram_svd,
SoilOriginal,resmlp,2026,2,full,random_038,0.8830973562965093,0.9254385964912281,7,10496,1.1740768760064384,convnext_v2_t+densenet121+dinov2_large+eva02_base+resnet50+siglip_base+vgg16,
SoilOriginal,resmlp,2026,2,full,random_039,0.8892885564992767,0.9254385964912281,7,9188,1.8685212939890334,deit_s+densenet121+dinov2_small+eva02_base+hog+siglip_base+vgg16,
SoilOriginal,resmlp,2026,2,full,random_040,0.8757007230880988,0.9254385964912281,7,4936,0.9191162259958219,convnext_v2_t+densenet121+dinov2+glcm+lbp+resnet50+rgb_ngram_svd,
SoilOriginal,resmlp,2026,2,full,random_041,0.9020523796047643,0.9385964912280702,7,3888,0.9145470679941354,beitv2_base_final+deit_s+dinov2_small+efficientnet_b0+gabor+mae_base+rgb_ngram_svd,
SoilOriginal,resmlp,2026,2,full,random_042,0.8944367336687266,0.9298245614035088,7,6884,1.7910730310104555,beitv2_base_final+deit_s+dinov2_small+efficientnet_b0+hog+resnet101+rgb_ngram_svd,
SoilOriginal,resmlp,2026,2,full,random_043,0.8795021489441032,0.9166666666666666,7,5478,1.7071573919965886,convnext_v2_t+densenet121+eva02_base+gabor+lbp+resnet101+swin_t,
SoilOriginal,resmlp,2026,2,full,random_044,0.878783821437855,0.9166666666666666,7,9026,0.7924073689937359,efficientnet_b0+eva02_base+gabor+glcm+resnet50+vgg16+vit_b16,
SoilOriginal,resmlp,2026,2,full,random_045,0.8900124260463457,0.9298245614035088,7,5174,0.704391334002139,beitv2_base_final+efficientnet_b0+eva02_base+lbp+siglip_base+swin_t+vit_b16,
SoilOriginal,resmlp,2026,2,full,random_046,0.8608484074441352,0.9035087719298246,7,4480,0.7589296869991813,beitv2_base_final+convnext_v2_t+deit_s+mae_base+rgb_ngram_svd+swin_t+vit_b16,
SoilOriginal,resmlp,2026,2,full,random_047,0.8520802679175539,0.9035087719298246,7,4296,0.9081886939966353,drlbp+efficientnet_b0+gabor+glcm+lbp+resnet50+siglip_base,
SoilOriginal,resmlp,2026,2,full,random_048,0.8889414669086613,0.9298245614035088,7,7040,1.1862084370077355,convnext_v2_t+dinov2_large+dinov2_small+efficientnet_b0+eva02_base+resnet101+swin_t,
SoilOriginal,resmlp,2026,2,full,random_049,0.8583989726137019,0.9078947368421053,7,8192,1.3959769070061157,beitv2_base_final+dinov2_large+eva02_base+mae_base+resnet101+resnet50+vit_b16,
SoilOriginal,resmlp,2026,2,full,random_050,0.9028258324544008,0.9342105263157895,7,6196,1.2888984000019263,densenet121+dinov2_large+drlbp+efficientnet_b0+hog+rgb_ngram_svd+vit_b16,
SoilOriginal,resmlp,2026,2,full,random_051,0.8709131176491292,0.9254385964912281,7,7704,0.8307736349961488,densenet121+dinov2_small+drlbp+glcm+lbp+resnet50+vgg16,
SoilOriginal,resmlp,2026,2,full,random_052,0.8933965625269258,0.9342105263157895,7,7826,0.8968471489934018,dinov2+dinov2_large+dinov2_small+eva02_base+glcm+vgg16+vit_b16,
SoilOriginal,resmlp,2026,2,full,random_053,0.8868756187638731,0.9254385964912281,7,3394,0.8908668720105197,deit_s+dinov2_large+dinov2_small+eva02_base+gabor+glcm+mae_base,
SoilOriginal,resmlp,2026,2,full,random_054,0.8697374379078641,0.9166666666666666,7,7908,1.9060821140010376,beitv2_base_final+convnext_v2_t+dinov2_small+drlbp+gabor+hog+vgg16,
SoilOriginal,resmlp,2026,2,full,random_055,0.895286871398005,0.9429824561403509,7,6338,1.249257254996337,deit_s+dinov2+gabor+glcm+mae_base+rgb_ngram_svd+vgg16,
SoilOriginal,resmlp,2026,2,full,random_056,0.876705025105289,0.9166666666666666,7,3784,0.8791804729989963,dinov2_large+dinov2_small+glcm+lbp+mae_base+siglip_base+vit_b16,
SoilOriginal,resmlp,2026,2,full,random_057,0.87438049216665,0.9210526315789473,7,3558,0.6666920529969502,dinov2+dinov2_small+eva02_base+gabor+lbp+siglip_base+swin_t,
SoilOriginal,resmlp,2026,2,full,random_058,0.8839855916307593,0.9298245614035088,7,10752,1.2436517489986727,dinov2+mae_base+resnet101+resnet50+rgb_ngram_svd+siglip_base+vgg16,
SoilOriginal,resmlp,2026,2,full,random_059,0.8830973562965093,0.9254385964912281,7,7558,0.9042870190023677,beitv2_base_final+dinov2_large+drlbp+efficientnet_b0+lbp+rgb_ngram_svd+vgg16,
SoilOriginal,resmlp,2026,2,full,random_060,0.8693220773831047,0.9122807017543859,7,7424,0.774121964990627,beitv2_base_final+convnext_v2_t+dinov2_large+efficientnet_b0+resnet50+swin_t+vit_b16,
SoilOriginal,resmlp,2026,2,full,random_061,0.8260802918284419,0.8947368421052632,7,5456,0.6622708630020497,convnext_v2_t+deit_s+densenet121+dinov2_small+drlbp+eva02_base+resnet101,
SoilOriginal,resmlp,2026,2,full,random_062,0.8678431904007661,0.9166666666666666,7,3784,0.8780308719869936,deit_s+densenet121+eva02_base+glcm+lbp+swin_t+vit_b16,
SoilOriginal,resmlp,2026,2,full,random_063,0.86400557312838,0.9035087719298246,7,6630,0.7495853580039693,deit_s+efficientnet_b0+gabor+lbp+resnet101+resnet50+vit_b16,
SoilOriginal,resmlp,2026,2,full,random_064,0.8922133313667332,0.9385964912280702,7,7046,1.161883641994791,beitv2_base_final+dinov2_large+drlbp+lbp+rgb_ngram_svd+swin_t+vgg16,
SoilOriginal,resmlp,2026,2,full,random_065,0.8766653757503784,0.9254385964912281,7,3730,0.5243913960002828,beitv2_base_final+convnext_v2_t+deit_s+dinov2+glcm+rgb_ngram_svd+siglip_base,
SoilOriginal,resmlp,2026,2,full,random_066,0.8813483127241044,0.9298245614035088,7,10102,1.2495837620081147,beitv2_base_final+densenet121+dinov2_small+glcm+hog+resnet50+vgg16,
SoilOriginal,resmlp,2026,2,full,random_067,0.8588228241914481,0.9078947368421053,7,5652,0.6619999680115143,dinov2+efficientnet_b0+gabor+hog+mae_base+rgb_ngram_svd+vit_b16,
SoilOriginal,resmlp,2026,2,full,random_068,0.8745160063059506,0.9210526315789473,7,4352,0.8157340320030926,deit_s+drlbp+gabor+mae_base+resnet101+rgb_ngram_svd+siglip_base,
SoilOriginal,resmlp,2026,2,full,random_069,0.8885396601152078,0.9298245614035088,7,4944,1.562226534995716,beitv2_base_final+convnext_v2_t+dinov2_large+drlbp+eva02_base+swin_t+vit_b16,
SoilOriginal,resmlp,2026,2,full,random_070,0.8108935713471502,0.881578947368421,7,6250,1.0192546199978096,dinov2+drlbp+hog+lbp+resnet101+siglip_base+swin_t,
SoilOriginal,resmlp,2026,2,full,random_071,0.87149430318576,0.9078947368421053,7,8016,1.4315938409999944,convnext_v2_t+densenet121+drlbp+efficientnet_b0+resnet101+resnet50+siglip_base,
SoilOriginal,resmlp,2026,2,full,random_072,0.8776159363570308,0.9254385964912281,7,8070,1.1155272149917437,convnext_v2_t+dinov2+drlbp+lbp+resnet50+rgb_ngram_svd+vgg16,
SoilOriginal,resmlp,2026,2,full,random_073,0.8647568596635496,0.9078947368421053,7,7878,1.7444559389987262,dinov2_small+drlbp+glcm+hog+swin_t+vgg16+vit_b16,
SoilOriginal,resmlp,2026,2,full,random_074,0.8748497597823656,0.9166666666666666,7,6198,1.0757672610052396,beitv2_base_final+dinov2+dinov2_large+eva02_base+lbp+mae_base+resnet50,
SoilOriginal,resmlp,2026,2,full,random_075,0.8685649490038483,0.9122807017543859,7,10230,1.7785979330074042,convnext_v2_t+glcm+hog+resnet50+swin_t+vgg16+vit_b16,
SoilOriginal,resmlp,2026,2,full,random_076,0.8852411479262219,0.9298245614035088,7,6444,1.704504111999995,beitv2_base_final+densenet121+eva02_base+glcm+hog+lbp+resnet50,
SoilOriginal,resmlp,2026,2,full,random_077,0.8835911119854643,0.9254385964912281,7,9856,1.4670923560042866,deit_s+dinov2_large+mae_base+resnet50+siglip_base+vgg16+vit_b16,
SoilOriginal,resmlp,2026,2,full,random_078,0.8581722823336173,0.9254385964912281,7,8084,1.0779178910015617,deit_s+densenet121+eva02_base+gabor+hog+resnet101+resnet50,
SoilOriginal,resmlp,2026,2,full,random_079,0.8215838803349774,0.881578947368421,7,3866,0.8871612859948073,deit_s+drlbp+gabor+hog+lbp+siglip_base+vit_b16,
SoilOriginal,resmlp,2026,2,full,random_080,0.8781264116840635,0.9078947368421053,7,5168,1.1642470179940574,beitv2_base_final+convnext_v2_t+efficientnet_b0+gabor+mae_base+swin_t+vit_b16,
SoilOriginal,resmlp,2026,2,full,random_081,0.8988116200355355,0.9429824561403509,7,8502,1.5086854929977562,beitv2_base_final+dinov2+efficientnet_b0+lbp+mae_base+swin_t+vgg16,
SoilOriginal,resmlp,2026,2,full,random_082,0.8631336313789729,0.9035087719298246,7,6832,1.5115708020020975,beitv2_base_final+convnext_v2_t+deit_s+gabor+resnet101+resnet50+swin_t,
SoilOriginal,resmlp,2026,2,full,random_083,0.8696726469406881,0.9122807017543859,7,7856,0.9232331380044343,beitv2_base_final+deit_s+densenet121+dinov2+gabor+vgg16+vit_b16,
SoilOriginal,resmlp,2026,2,full,random_084,0.9056788416213636,0.9429824561403509,7,7396,1.3845855769905029,dinov2_small+drlbp+eva02_base+gabor+hog+rgb_ngram_svd+vgg16,
SoilOriginal,resmlp,2026,2,full,random_085,0.8489948653011382,0.9035087719298246,7,6656,1.0231813499995042,dinov2_small+drlbp+efficientnet_b0+gabor+resnet101+resnet50+vit_b16,
SoilOriginal,resmlp,2026,2,full,random_086,0.854214580012033,0.9122807017543859,7,7220,1.447361926009762,dinov2+dinov2_large+drlbp+hog+resnet50+swin_t+vit_b16,
SoilOriginal,resmlp,2026,2,full,random_087,0.8440681744964487,0.9078947368421053,7,4784,1.2585232129931683,beitv2_base_final+densenet121+dinov2_large+dinov2_small+gabor+mae_base+swin_t,
SoilOriginal,resmlp,2026,2,full,random_088,0.8853676522155254,0.9298245614035088,7,5778,0.8047513099882053,dinov2+dinov2_large+dinov2_small+eva02_base+glcm+mae_base+resnet50,
SoilOriginal,resmlp,2026,2,full,random_089,0.8800635247892751,0.9254385964912281,7,8016,1.6728664209949784,beitv2_base_final+drlbp+mae_base+siglip_base+swin_t+vgg16+vit_b16,
SoilOriginal,resmlp,2026,2,full,random_090,0.881290244938021,0.9210526315789473,7,10240,1.2980902060080552,convnext_v2_t+densenet121+dinov2+mae_base+resnet50+siglip_base+vgg16,
SoilOriginal,resmlp,2026,2,full,random_091,0.8668190185073741,0.9166666666666666,7,8210,1.5406434489996172,beitv2_base_final+dinov2_large+eva02_base+glcm+siglip_base+vgg16+vit_b16,
SoilOriginal,resmlp,2026,2,full,random_092,0.848749810395988,0.9122807017543859,7,4230,1.6155649959982838,deit_s+densenet121+dinov2_large+dinov2_small+drlbp+efficientnet_b0+lbp,
SoilOriginal,resmlp,2026,2,full,random_093,0.850670184365504,0.9078947368421053,7,9876,1.3142792549915612,deit_s+gabor+hog+mae_base+resnet50+vgg16+vit_b16,
SoilOriginal,resmlp,2026,2,full,random_094,0.8404392872542973,0.8991228070175439,7,5712,1.1262143070052844,deit_s+dinov2_small+drlbp+efficientnet_b0+resnet50+swin_t+vit_b16,
SoilOriginal,resmlp,2026,2,full,random_095,0.8777449971970371,0.9166666666666666,7,9828,1.401244544002111,beitv2_base_final+convnext_v2_t+dinov2_small+efficientnet_b0+hog+vgg16+vit_b16,
SoilOriginal,resmlp,2026,2,full,random_096,0.8573274927016424,0.9166666666666666,7,6784,1.7682002410001587,beitv2_base_final+deit_s+densenet121+dinov2_large+eva02_base+resnet101+swin_t,
SoilOriginal,resmlp,2026,2,full,random_097,0.8571131531998805,0.9122807017543859,7,7804,1.14161288899777,dinov2_large+drlbp+glcm+hog+lbp+siglip_base+vgg16,
SoilOriginal,resmlp,2026,2,full,random_098,0.8903212716216906,0.9298245614035088,7,5840,0.8874315139983082,beitv2_base_final+convnext_v2_t+dinov2_large+dinov2_small+drlbp+resnet50+swin_t,
SoilOriginal,resmlp,2026,2,full,random_099,0.8621277517284734,0.9078947368421053,7,3558,0.790608298004372,convnext_v2_t+deit_s+dinov2+gabor+lbp+siglip_base+vit_b16,
SoilOriginal,resmlp,2026,3,full,random_000,0.8296390757220251,0.881578947368421,8,7078,1.2839754180022283,convnext_v2_t+deit_s+efficientnet_b0+gabor+glcm+hog+mae_base+resnet101,
SoilOriginal,resmlp,2026,3,full,random_001,0.8741320358228482,0.9078947368421053,8,6150,0.9080442710110219,beitv2_base_final+deit_s+densenet121+dinov2_large+drlbp+lbp+resnet50+vit_b16,
SoilOriginal,resmlp,2026,3,full,random_002,0.9215574069827681,0.9342105263157895,8,5548,0.8650355259887874,deit_s+densenet121+efficientnet_b0+glcm+hog+lbp+rgb_ngram_svd+vit_b16,
SoilOriginal,resmlp,2026,3,full,random_003,0.8655039293612417,0.9035087719298246,8,9900,1.1866572050057584,dinov2_small+eva02_base+glcm+hog+lbp+mae_base+resnet101+vgg16,
SoilOriginal,resmlp,2026,3,full,random_004,0.8526262612690922,0.8947368421052632,8,7680,1.1705539420072455,beitv2_base_final+convnext_v2_t+densenet121+mae_base+resnet101+siglip_base+swin_t+vit_b16,
SoilOriginal,resmlp,2026,3,full,random_005,0.8875795479482116,0.9210526315789473,8,7430,0.6853129089868162,convnext_v2_t+densenet121+dinov2_small+drlbp+lbp+rgb_ngram_svd+vgg16+vit_b16,
SoilOriginal,resmlp,2026,3,full,random_006,0.9102567332187254,0.9298245614035088,8,7706,1.2393399010034045,beitv2_base_final+dinov2+efficientnet_b0+hog+lbp+resnet101+rgb_ngram_svd+siglip_base,
SoilOriginal,resmlp,2026,3,full,random_007,0.8660344558309404,0.8991228070175439,8,10368,1.3566796680097468,convnext_v2_t+deit_s+dinov2+eva02_base+mae_base+resnet101+swin_t+vgg16,
SoilOriginal,resmlp,2026,3,full,random_008,0.8717892180862895,0.9078947368421053,8,4578,1.192717427999014,convnext_v2_t+dinov2_large+dinov2_small+drlbp+eva02_base+glcm+mae_base+vit_b16,
SoilOriginal,resmlp,2026,3,full,random_009,0.8917543483817758,0.9122807017543859,8,6956,1.166679121000925,convnext_v2_t+eva02_base+glcm+hog+lbp+resnet101+swin_t+vit_b16,
SoilOriginal,resmlp,2026,3,full,random_010,0.8676505948893354,0.9035087719298246,8,4396,0.7842696640000213,dinov2_small+drlbp+efficientnet_b0+gabor+glcm+hog+lbp+vit_b16,
SoilOriginal,resmlp,2026,3,full,random_011,0.8731535109152829,0.8991228070175439,8,8966,1.1342305419966578,beitv2_base_final+deit_s+drlbp+lbp+resnet50+siglip_base+swin_t+vgg16,
SoilOriginal,resmlp,2026,3,full,random_012,0.865235512174854,0.8991228070175439,8,5624,1.3743038499960676,convnext_v2_t+dinov2_large+dinov2_small+efficientnet_b0+gabor+glcm+lbp+resnet50,
SoilOriginal,resmlp,2026,3,full,random_013,0.8718357115667684,0.9078947368421053,8,8246,1.0144669309956953,beitv2_base_final+deit_s+dinov2_large+dinov2_small+eva02_base+lbp+mae_base+vgg16,
SoilOriginal,resmlp,2026,3,full,random_014,0.8885336620569626,0.9166666666666666,8,5638,0.6461203459912213,beitv2_base_final+dinov2+dinov2_small+drlbp+eva02_base+lbp+resnet101+vit_b16,
SoilOriginal,resmlp,2026,3,full,random_015,0.8987216183753397,0.9210526315789473,8,10032,1.1634156560030533,dinov2+efficientnet_b0+gabor+mae_base+resnet101+rgb_ngram_svd+vgg16+vit_b16,
SoilOriginal,resmlp,2026,3,full,random_016,0.8562344950461982,0.8947368421052632,8,6838,1.2047715740045533,beitv2_base_final+dinov2+dinov2_small+efficientnet_b0+lbp+resnet101+siglip_base+vit_b16,
SoilOriginal,resmlp,2026,3,full,random_017,0.8582469899544958,0.8947368421052632,8,9654,1.6505374039988965,convnext_v2_t+dinov2_small+lbp+mae_base+resnet50+siglip_base+swin_t+vgg16,
SoilOriginal,resmlp,2026,3,full,random_018,0.8879167582086929,0.9122807017543859,8,7680,1.623895391006954,convnext_v2_t+dinov2_large+efficientnet_b0+eva02_base+mae_base+resnet101+rgb_ngram_svd+siglip_base,
SoilOriginal,resmlp,2026,3,full,random_019,0.8606190594643605,0.8903508771929824,8,10806,0.9814805680071004,densenet121+efficientnet_b0+eva02_base+lbp+mae_base+resnet50+vgg16+vit_b16,
SoilOriginal,resmlp,2026,3,full,random_020,0.85050750321507,0.8991228070175439,8,5478,0.8025670939969132,beitv2_base_final+convnext_v2_t+dinov2+dinov2_large+efficientnet_b0+gabor+lbp+swin_t,
SoilOriginal,resmlp,2026,3,full,random_021,0.886044385521563,0.9122807017543859,8,9618,1.5902894769969862,beitv2_base_final+dinov2_small+glcm+mae_base+resnet101+swin_t+vgg16+vit_b16,
SoilOriginal,resmlp,2026,3,full,random_022,0.8897532934669048,0.9166666666666666,8,6316,1.160746562993154,dinov2+dinov2_large+dinov2_small+glcm+hog+lbp+resnet101+rgb_ngram_svd,
SoilOriginal,resmlp,2026,3,full,random_023,0.9026442451557658,0.9254385964912281,8,5702,0.9383848839934217,convnext_v2_t+drlbp+eva02_base+glcm+hog+mae_base+siglip_base+vit_b16,
SoilOriginal,resmlp,2026,3,full,random_024,0.8744235847155194,0.9078947368421053,8,10320,1.3082326840085443,convnext_v2_t+dinov2_large+drlbp+eva02_base+resnet50+siglip_base+swin_t+vgg16,
SoilOriginal,resmlp,2026,3,full,random_025,0.9122244647353291,0.9342105263157895,8,8112,1.2706185440038098,beitv2_base_final+densenet121+dinov2_small+eva02_base+gabor+rgb_ngram_svd+vgg16+vit_b16,
SoilOriginal,resmlp,2026,3,full,random_026,0.8983870784832169,0.9210526315789473,8,5958,0.7667527519952273,dinov2_large+drlbp+efficientnet_b0+glcm+hog+rgb_ngram_svd+siglip_base+swin_t,
SoilOriginal,resmlp,2026,3,full,random_027,0.9028389646112274,0.9298245614035088,8,6344,0.7758479089970933,dinov2_small+glcm+lbp+resnet101+resnet50+rgb_ngram_svd+swin_t+vit_b16,
SoilOriginal,resmlp,2026,3,full,random_028,0.8630280197421982,0.8903508771929824,8,6198,1.4926399329997366,deit_s+drlbp+gabor+lbp+mae_base+resnet101+resnet50+swin_t,
SoilOriginal,resmlp,2026,3,full,random_029,0.8512017212777091,0.8947368421052632,8,7558,1.2328396480006631,dinov2_large+drlbp+eva02_base+lbp+mae_base+resnet101+resnet50+swin_t,
SoilOriginal,resmlp,2026,3,full,random_030,0.884076658642142,0.9122807017543859,8,9936,1.2295645890117157,beitv2_base_final+densenet121+dinov2+dinov2_small+drlbp+resnet50+vgg16+vit_b16,
SoilOriginal,resmlp,2026,3,full,random_031,0.9084760163052082,0.9254385964912281,8,2968,0.705759604999912,deit_s+dinov2_large+dinov2_small+drlbp+glcm+lbp+rgb_ngram_svd+siglip_base,
SoilOriginal,resmlp,2026,3,full,random_032,0.8792286731720129,0.9122807017543859,8,6992,1.662507379995077,beitv2_base_final+convnext_v2_t+densenet121+drlbp+efficientnet_b0+resnet101+rgb_ngram_svd+siglip_base,
SoilOriginal,resmlp,2026,3,full,random_033,0.8870771879269689,0.9122807017543859,8,10724,1.0449462469987338,convnext_v2_t+dinov2_large+eva02_base+hog+siglip_base+swin_t+vgg16+vit_b16,
SoilOriginal,resmlp,2026,3,full,random_034,0.8953292156946714,0.9166666666666666,8,7706,0.7007023899932392,beitv2_base_final+efficientnet_b0+eva02_base+hog+lbp+mae_base+resnet50+rgb_ngram_svd,
SoilOriginal,resmlp,2026,3,full,random_035,0.9028590633551917,0.9210526315789473,8,9004,0.8291684959986014,efficientnet_b0+glcm+hog+lbp+rgb_ngram_svd+swin_t+vgg16+vit_b16,
SoilOriginal,resmlp,2026,3,full,random_036,0.8297846084647903,0.881578947368421,8,5190,0.5683489470102359,beitv2_base_final+deit_s+dinov2+dinov2_large+dinov2_small+drlbp+glcm+hog,
SoilOriginal,resmlp,2026,3,full,random_037,0.8829168865210804,0.9078947368421053,8,5852,1.0535523220023606,deit_s+gabor+glcm+hog+lbp+mae_base+resnet101+vit_b16,
SoilOriginal,resmlp,2026,3,full,random_038,0.8492479231960914,0.8859649122807017,8,7350,1.1802368039934663,deit_s+densenet121+dinov2_large+efficientnet_b0+lbp+mae_base+resnet50+siglip_base,
SoilOriginal,resmlp,2026,3,full,random_039,0.8421897279945402,0.8859649122807017,8,7442,1.2173999190126779,deit_s+dinov2+dinov2_large+dinov2_small+glcm+resnet101+resnet50+swin_t,
SoilOriginal,resmlp,2026,3,full,random_040,0.9026910268941805,0.9210526315789473,8,6966,0.8667969980015187,beitv2_base_final+convnext_v2_t+dinov2_large+eva02_base+lbp+resnet50+siglip_base+vit_b16,
SoilOriginal,resmlp,2026,3,full,random_041,0.9108791995772231,0.9298245614035088,8,7430,0.8652433579991339,convnext_v2_t+deit_s+densenet121+drlbp+lbp+rgb_ngram_svd+siglip_base+vgg16,
SoilOriginal,resmlp,2026,3,full,random_042,0.8899929710788111,0.9166666666666666,8,7778,1.2171482909907354,convnext_v2_t+densenet121+drlbp+glcm+rgb_ngram_svd+siglip_base+vgg16+vit_b16,
SoilOriginal,resmlp,2026,3,full,random_043,0.9026228510141082,0.9210526315789473,8,5036,0.9540932870004326,beitv2_base_final+convnext_v2_t+deit_s+densenet121+glcm+hog+lbp+rgb_ngram_svd,
SoilOriginal,resmlp,2026,3,full,random_044,0.8627610151149906,0.9035087719298246,8,10164,1.0966791219980223,densenet121+dinov2_small+drlbp+efficientnet_b0+eva02_base+hog+siglip_base+vgg16,
SoilOriginal,resmlp,2026,3,full,random_045,0.9071084438596806,0.9342105263157895,8,5372,1.5338713800010737,dinov2_small+drlbp+glcm+hog+lbp+resnet50+rgb_ngram_svd+swin_t,
SoilOriginal,resmlp,2026,3,full,random_046,0.8492106334075693,0.8903508771929824,8,5346,1.2123737299989443,beitv2_base_final+densenet121+dinov2_large+dinov2_small+drlbp+efficientnet_b0+glcm+siglip_base,
SoilOriginal,resmlp,2026,3,full,random_047,0.8511748424124607,0.8903508771929824,8,11620,1.0409953100024723,convnext_v2_t+deit_s+densenet121+dinov2+hog+resnet101+siglip_base+vgg16,
SoilOriginal,resmlp,2026,3,full,random_048,0.8964323186993177,0.9166666666666666,8,5712,1.1748979749972932,deit_s+dinov2+dinov2_large+dinov2_small+drlbp+eva02_base+resnet50+rgb_ngram_svd,
SoilOriginal,resmlp,2026,3,full,random_049,0.8754385817810754,0.9035087719298246,8,5522,1.1134897070005536,beitv2_base_final+densenet121+dinov2+drlbp+gabor+glcm+resnet50+siglip_base,
SoilOriginal,resmlp,2026,3,full,random_050,0.8622367896130273,0.9078947368421053,8,3064,0.9724365089932689,deit_s+eva02_base+gabor+glcm+lbp+mae_base+rgb_ngram_svd+vit_b16,
SoilOriginal,resmlp,2026,3,full,random_051,0.877180227180227,0.9122807017543859,8,6118,1.1671618279942777,deit_s+efficientnet_b0+gabor+lbp+mae_base+resnet101+swin_t+vit_b16,
SoilOriginal,resmlp,2026,3,full,random_052,0.8541152145451685,0.8947368421052632,8,8246,0.9007856320095016,beitv2_base_final+dinov2_small+drlbp+gabor+lbp+resnet50+swin_t+vgg16,
SoilOriginal,resmlp,2026,3,full,random_053,0.885996663554765,0.9122807017543859,8,4918,1.4432848680007737,deit_s+dinov2+dinov2_large+dinov2_small+efficientnet_b0+lbp+rgb_ngram_svd+siglip_base,
SoilOriginal,resmlp,2026,3,full,random_054,0.9181072117582326,0.9254385964912281,8,6810,1.3627872840006603,deit_s+dinov2+eva02_base+hog+lbp+resnet101+rgb_ngram_svd+siglip_base,
SoilOriginal,resmlp,2026,3,full,random_055,0.8807458384852538,0.9078947368421053,8,5766,1.49214481600211,densenet121+dinov2_large+drlbp+efficientnet_b0+eva02_base+lbp+swin_t+vit_b16,
SoilOriginal,resmlp,2026,3,full,random_056,0.8583132073116957,0.8991228070175439,8,10166,1.405658529009088,beitv2_base_final+dinov2_large+drlbp+gabor+lbp+resnet101+resnet50+vgg16,
SoilOriginal,resmlp,2026,3,full,random_057,0.8821435645240321,0.9122807017543859,8,8292,1.290886227012379,beitv2_base_final+dinov2+dinov2_large+dinov2_small+eva02_base+hog+resnet101+swin_t,
SoilOriginal,resmlp,2026,3,full,random_058,0.8550290525914892,0.8903508771929824,8,6802,1.1518834290036466,densenet121+dinov2+dinov2_large+dinov2_small+eva02_base+glcm+resnet50+siglip_base,
SoilOriginal,resmlp,2026,3,full,random_059,0.839307720979148,0.8859649122807017,8,11820,1.4204525779932737,dinov2+dinov2_large+glcm+hog+lbp+resnet101+resnet50+vgg16,
SoilOriginal,resmlp,2026,3,full,random_060,0.8545989552748778,0.8991228070175439,8,4498,1.386158944995259,beitv2_base_final+dinov2+drlbp+efficientnet_b0+gabor+glcm+mae_base+swin_t,
SoilOriginal,resmlp,2026,3,full,random_061,0.8643296553070988,0.9078947368421053,8,6804,0.9129311129945563,beitv2_base_final+densenet121+dinov2_small+efficientnet_b0+gabor+hog+mae_base+swin_t,
SoilOriginal,resmlp,2026,3,full,random_062,0.8659539158419337,0.9035087719298246,8,6566,1.097508127000765,beitv2_base_final+deit_s+dinov2+gabor+glcm+hog+resnet101+swin_t,
SoilOriginal,resmlp,2026,3,full,random_063,0.8392186112845559,0.8903508771929824,8,10294,1.0185472259909147,beitv2_base_final+densenet121+eva02_base+lbp+mae_base+resnet101+siglip_base+vgg16,
SoilOriginal,resmlp,2026,3,full,random_064,0.8417689983217117,0.8947368421052632,8,10340,0.9673277700057952,convnext_v2_t+densenet121+dinov2+dinov2_small+hog+mae_base+vgg16+vit_b16,
SoilOriginal,resmlp,2026,3,full,random_065,0.8847242313644561,0.9166666666666666,8,9638,1.03854886899353,dinov2_large+dinov2_small+gabor+glcm+hog+resnet50+rgb_ngram_svd+vgg16,
SoilOriginal,resmlp,2026,3,full,random_066,0.9097396727471916,0.9254385964912281,8,6572,1.116045867005596,deit_s+efficientnet_b0+glcm+hog+lbp+resnet50+rgb_ngram_svd+swin_t,
SoilOriginal,resmlp,2026,3,full,random_067,0.8336155734516072,0.8771929824561403,8,7476,1.1299539710016688,convnext_v2_t+densenet121+dinov2_large+drlbp+efficientnet_b0+hog+mae_base+siglip_base,
SoilOriginal,resmlp,2026,3,full,random_068,0.8896902053220268,0.9122807017543859,8,4454,1.5908630810008617,convnext_v2_t+densenet121+dinov2+eva02_base+gabor+lbp+rgb_ngram_svd+vit_b16,
SoilOriginal,resmlp,2026,3,full,random_069,0.8575289464707913,0.8947368421052632,8,9516,1.1317027600016445,deit_s+dinov2_small+glcm+hog+lbp+mae_base+resnet50+vgg16,
SoilOriginal,resmlp,2026,3,full,random_070,0.849611636482335,0.8903508771929824,8,9398,1.1464723879907979,densenet121+drlbp+efficientnet_b0+eva02_base+gabor+lbp+resnet50+vgg16,
SoilOriginal,resmlp,2026,3,full,random_071,0.8719242237548873,0.9122807017543859,8,3320,1.110035074991174,dinov2+dinov2_large+dinov2_small+gabor+glcm+lbp+mae_base+rgb_ngram_svd,
SoilOriginal,resmlp,2026,3,full,random_072,0.885996081580692,0.9122807017543859,8,7724,1.2218170189880766,densenet121+efficientnet_b0+eva02_base+glcm+hog+lbp+resnet50+swin_t,
SoilOriginal,resmlp,2026,3,full,random_073,0.8852043539705566,0.9122807017543859,8,6272,1.1072866649919888,beitv2_base_final+dinov2+dinov2_large+drlbp+eva02_base+gabor+mae_base+resnet101,
SoilOriginal,resmlp,2026,3,full,random_074,0.926403143257076,0.9429824561403509,8,3986,1.2785243220132543,beitv2_base_final+densenet121+dinov2_large+drlbp+gabor+glcm+mae_base+rgb_ngram_svd,
SoilOriginal,resmlp,2026,3,full,random_075,0.8828403746376097,0.9122807017543859,8,5558,1.092404107999755,convnext_v2_t+densenet121+dinov2_large+dinov2_small+eva02_base+lbp+siglip_base+swin_t,
SoilOriginal,resmlp,2026,3,full,random_076,0.8630920781948461,0.8991228070175439,8,4728,1.028216221006005,beitv2_base_final+densenet121+dinov2+efficientnet_b0+gabor+glcm+lbp+mae_base,
SoilOriginal,resmlp,2026,3,full,random_077,0.8878316788446978,0.9166666666666666,8,5680,1.2042011329904199,convnext_v2_t+densenet121+eva02_base+gabor+mae_base+siglip_base+swin_t+vit_b16,
SoilOriginal,resmlp,2026,3,full,random_078,0.8781740722431158,0.9122807017543859,8,4754,0.8701557970052818,beitv2_base_final+densenet121+drlbp+efficientnet_b0+gabor+glcm+swin_t+vit_b16,
SoilOriginal,resmlp,2026,3,full,random_079,0.9033917210883978,0.9254385964912281,8,7058,1.1454861969978083,deit_s+densenet121+efficientnet_b0+eva02_base+glcm+mae_base+resnet50+swin_t,
SoilOriginal,resmlp,2026,3,full,random_080,0.8660344558309404,0.8991228070175439,8,5090,1.4615337130089756,convnext_v2_t+densenet121+dinov2+dinov2_small+drlbp+efficientnet_b0+eva02_base+glcm,
SoilOriginal,resmlp,2026,3,full,random_081,0.9045332987847655,0.9254385964912281,8,8998,1.60274389499682,dinov2+efficientnet_b0+eva02_base+gabor+glcm+hog+rgb_ngram_svd+vgg16,
SoilOriginal,resmlp,2026,3,full,random_082,0.9010348479178936,0.9254385964912281,8,9142,1.4512218270101584,beitv2_base_final+dinov2+dinov2_small+lbp+resnet50+rgb_ngram_svd+swin_t+vgg16,
SoilOriginal,resmlp,2026,3,full,random_083,0.870136783966185,0.9078947368421053,8,9618,1.2224327069998253,beitv2_base_final+dinov2_small+glcm+mae_base+resnet50+siglip_base+vgg16+vit_b16,
SoilOriginal,resmlp,2026,3,full,random_084,0.8666803257395592,0.9035087719298246,8,6502,0.8385400770057458,convnext_v2_t+deit_s+dinov2_small+gabor+lbp+resnet101+resnet50+vit_b16,
SoilOriginal,resmlp,2026,3,full,random_085,0.8833666466956345,0.9078947368421053,8,8338,2.1551873279968277,deit_s+densenet121+efficientnet_b0+eva02_base+glcm+resnet101+resnet50+swin_t,
SoilOriginal,resmlp,2026,3,full,random_086,0.9026319171824321,0.9254385964912281,8,8386,0.8278295540076215,deit_s+gabor+glcm+mae_base+resnet101+rgb_ngram_svd+siglip_base+vgg16,
SoilOriginal,resmlp,2026,3,full,random_087,0.8126715969040328,0.8771929824561403,8,7962,1.1171277750108857,beitv2_base_final+dinov2+dinov2_small+drlbp+gabor+hog+lbp+vgg16,
SoilOriginal,resmlp,2026,3,full,random_088,0.8459894234055313,0.8903508771929824,8,12004,0.9969355729990639,convnext_v2_t+dinov2+dinov2_large+hog+resnet101+siglip_base+swin_t+vgg16,
SoilOriginal,resmlp,2026,3,full,random_089,0.8336083038815546,0.881578947368421,8,7780,1.0431136019906262,convnext_v2_t+dinov2_large+drlbp+efficientnet_b0+gabor+hog+resnet101+siglip_base,
SoilOriginal,resmlp,2026,3,full,random_090,0.8683062215320279,0.9078947368421053,8,6932,1.0612973379902542,convnext_v2_t+deit_s+dinov2_small+gabor+hog+resnet50+siglip_base+swin_t,
SoilOriginal,resmlp,2026,3,full,random_091,0.8461445160761886,0.8947368421052632,8,11446,0.8612292930047261,beitv2_base_final+convnext_v2_t+deit_s+efficientnet_b0+lbp+resnet101+resnet50+vgg16,
SoilOriginal,resmlp,2026,3,full,random_092,0.8713008740119964,0.9035087719298246,8,10496,1.1341306630056351,convnext_v2_t+deit_s+dinov2_small+efficientnet_b0+mae_base+resnet101+swin_t+vgg16,
SoilOriginal,resmlp,2026,3,full,random_093,0.8613119750215034,0.8947368421052632,8,10240,0.8559282350033754,beitv2_base_final+convnext_v2_t+dinov2_small+drlbp+gabor+resnet101+resnet50+vgg16,
SoilOriginal,resmlp,2026,3,full,random_094,0.904855320118478,0.9298245614035088,8,8884,1.6374868530110689,beitv2_base_final+dinov2_small+drlbp+eva02_base+hog+mae_base+rgb_ngram_svd+vgg16,
SoilOriginal,resmlp,2026,3,full,random_095,0.888487616797818,0.9166666666666666,8,7988,1.3792242650088156,dinov2_large+drlbp+efficientnet_b0+eva02_base+hog+resnet101+rgb_ngram_svd+vit_b16,
SoilOriginal,resmlp,2026,3,full,random_096,0.9170257102515167,0.9342105263157895,8,9776,0.9700864439946599,beitv2_base_final+convnext_v2_t+dinov2_large+gabor+resnet101+rgb_ngram_svd+siglip_base+vgg16,
SoilOriginal,resmlp,2026,3,full,random_097,0.9057470605253913,0.9254385964912281,8,5712,1.1101961149979616,beitv2_base_final+deit_s+dinov2+dinov2_large+dinov2_small+drlbp+resnet101+rgb_ngram_svd,
SoilOriginal,resmlp,2026,3,full,random_098,0.8716950839801239,0.9035087719298246,8,7468,1.1533508800057461,beitv2_base_final+dinov2+efficientnet_b0+eva02_base+glcm+hog+lbp+resnet101,
SoilOriginal,resmlp,2026,3,full,random_099,0.895970221602043,0.9166666666666666,8,8704,1.5720209709979827,beitv2_base_final+dinov2+efficientnet_b0+eva02_base+mae_base+resnet101+resnet50+rgb_ngram_svd,
SoilOriginal,resmlp,2026,4,full,random_000,0.8075346477002793,0.8903508771929824,6,4938,1.4072733929933747,beitv2_base_final+dinov2_large+efficientnet_b0+gabor+hog+lbp,
SoilOriginal,resmlp,2026,4,full,random_001,0.8415127675145427,0.8991228070175439,6,7530,1.7537525709922193,convnext_v2_t+drlbp+eva02_base+hog+lbp+vgg16,
SoilOriginal,resmlp,2026,4,full,random_002,0.8125097249538058,0.8947368421052632,6,2816,1.391477577999467,convnext_v2_t+dinov2_small+drlbp+gabor+mae_base+siglip_base,
SoilOriginal,resmlp,2026,4,full,random_003,0.7908838990901289,0.8771929824561403,6,3632,1.8936238960013725,dinov2+dinov2_large+gabor+mae_base+rgb_ngram_svd+swin_t,
SoilOriginal,resmlp,2026,4,full,random_004,0.8061384541448665,0.8991228070175439,6,4736,1.4295736150088487,convnext_v2_t+deit_s+dinov2+efficientnet_b0+siglip_base+swin_t,
SoilOriginal,resmlp,2026,4,full,random_005,0.8194306565716933,0.8991228070175439,6,3266,1.6568104239995591,dinov2_small+efficientnet_b0+eva02_base+gabor+glcm+vit_b16,
SoilOriginal,resmlp,2026,4,full,random_006,0.8535817972593691,0.9254385964912281,6,6838,1.5820477919914993,beitv2_base_final+convnext_v2_t+dinov2_small+lbp+mae_base+vgg16,
SoilOriginal,resmlp,2026,4,full,random_007,0.8391377701523087,0.9078947368421053,6,7732,2.018529277003836,drlbp+eva02_base+hog+rgb_ngram_svd+siglip_base+vgg16,
SoilOriginal,resmlp,2026,4,full,random_008,0.7945140532508559,0.881578947368421,6,9984,1.4485169919935288,dinov2_large+efficientnet_b0+mae_base+resnet101+vgg16+vit_b16,
SoilOriginal,resmlp,2026,4,full,random_009,0.7737285997752867,0.8552631578947368,6,6016,1.2886456940032076,convnext_v2_t+deit_s+efficientnet_b0+mae_base+resnet101+swin_t,
SoilOriginal,resmlp,2026,4,full,random_010,0.7961878259230556,0.8947368421052632,6,3730,1.4769676650030306,convnext_v2_t+deit_s+densenet121+dinov2+glcm+swin_t,
SoilOriginal,resmlp,2026,4,full,random_011,0.8247661817794188,0.8903508771929824,6,4790,0.8492387400037842,deit_s+lbp+resnet50+siglip_base+swin_t+vit_b16,
SoilOriginal,resmlp,2026,4,full,random_012,0.8087192476086228,0.8903508771929824,6,4150,1.0554202170023927,beitv2_base_final+dinov2_large+lbp+mae_base+swin_t+vit_b16,
SoilOriginal,resmlp,2026,4,full,random_013,0.7876205780882579,0.8596491228070176,6,6418,2.4316982820018893,convnext_v2_t+glcm+mae_base+resnet101+resnet50+swin_t,
SoilOriginal,resmlp,2026,4,full,random_014,0.7878074508971641,0.881578947368421,6,6406,1.2862235030042939,deit_s+dinov2_large+drlbp+eva02_base+lbp+vgg16,
SoilOriginal,resmlp,2026,4,full,random_015,0.7829576558263395,0.8640350877192983,6,8326,1.3523216789908474,drlbp+efficientnet_b0+lbp+resnet101+vgg16+vit_b16,
SoilOriginal,resmlp,2026,4,full,random_016,0.8188892353028736,0.8991228070175439,6,5860,1.4028797420032788,convnext_v2_t+dinov2_large+efficientnet_b0+hog+rgb_ngram_svd+siglip_base,
SoilOriginal,resmlp,2026,4,full,random_017,0.7953745353688328,0.881578947368421,6,7442,1.2920887500076788,dinov2+dinov2_large+glcm+mae_base+swin_t+vgg16,
SoilOriginal,resmlp,2026,4,full,random_018,0.7969782749650597,0.8508771929824561,6,6784,1.2747747849934967,densenet121+drlbp+efficientnet_b0+gabor+rgb_ngram_svd+vgg16,
SoilOriginal,resmlp,2026,4,full,random_019,0.8008036847322562,0.8859649122807017,6,6646,1.7843781819974538,efficientnet_b0+glcm+hog+resnet50+siglip_base+swin_t,
SoilOriginal,resmlp,2026,4,full,random_020,0.7954349372006418,0.8552631578947368,6,6710,0.8791973420011345,convnext_v2_t+densenet121+lbp+mae_base+resnet101+resnet50,
SoilOriginal,resmlp,2026,4,full,random_021,0.8173570936859973,0.8771929824561403,6,7396,1.444466069995542,efficientnet_b0+eva02_base+hog+resnet101+siglip_base+swin_t,
SoilOriginal,resmlp,2026,4,full,random_022,0.8090191612035014,0.8947368421052632,6,5394,1.3979737120098434,dinov2+dinov2_large+glcm+resnet101+siglip_base+vit_b16,
SoilOriginal,resmlp,2026,4,full,random_023,0.87456091748823,0.9210526315789473,6,7046,1.3195172300038394,dinov2+drlbp+efficientnet_b0+lbp+siglip_base+vgg16,
SoilOriginal,resmlp,2026,4,full,random_024,0.8118234695349252,0.8859649122807017,6,5044,1.2523300430038944,densenet121+dinov2+dinov2_large+dinov2_small+drlbp+hog,
SoilOriginal,resmlp,2026,4,full,random_025,0.7700638747625932,0.868421052631579,6,6528,0.952747162009473,beitv2_base_final+deit_s+densenet121+dinov2_large+efficientnet_b0+resnet101,
SoilOriginal,resmlp,2026,4,full,random_026,0.8229808344610534,0.8947368421052632,6,5430,1.3539573800080689,beitv2_base_final+dinov2_large+lbp+mae_base+resnet101+vit_b16,
SoilOriginal,resmlp,2026,4,full,random_027,0.8190821260518627,0.9035087719298246,6,6674,1.25298061700596,convnext_v2_t+dinov2_large+glcm+resnet101+resnet50+siglip_base,
SoilOriginal,resmlp,2026,4,full,random_028,0.8190017625182382,0.881578947368421,6,8294,1.6221855360054178,efficientnet_b0+gabor+lbp+resnet101+siglip_base+vgg16,
SoilOriginal,resmlp,2026,4,full,random_029,0.8143520297016155,0.8903508771929824,6,6674,1.5958575319964439,convnext_v2_t+glcm+mae_base+rgb_ngram_svd+vgg16+vit_b16,
SoilOriginal,resmlp,2026,4,full,random_030,0.7967571547484659,0.8771929824561403,6,5780,1.093770516992663,dinov2_small+eva02_base+gabor+hog+resnet50+swin_t,
SoilOriginal,resmlp,2026,4,full,random_031,0.8243434689443084,0.8947368421052632,6,6082,1.2777930919983191,convnext_v2_t+dinov2_small+gabor+glcm+mae_base+vgg16,
SoilOriginal,resmlp,2026,4,full,random_032,0.8107111379308398,0.8771929824561403,6,4912,1.4250157610076712,densenet121+gabor+mae_base+resnet50+rgb_ngram_svd+siglip_base,
SoilOriginal,resmlp,2026,4,full,random_033,0.8352125827746312,0.8771929824561403,6,8724,2.074133008994977,beitv2_base_final+efficientnet_b0+gabor+hog+siglip_base+vgg16,
SoilOriginal,resmlp,2026,4,full,random_034,0.8423580341227399,0.9166666666666666,6,3682,1.6301194480038248,beitv2_base_final+densenet121+dinov2_large+drlbp+glcm+mae_base,
SoilOriginal,resmlp,2026,4,full,random_035,0.8129987236697181,0.8859649122807017,6,4708,1.4436478239949793,beitv2_base_final+deit_s+eva02_base+hog+mae_base+rgb_ngram_svd,
SoilOriginal,resmlp,2026,4,full,random_036,0.8103277586382301,0.8947368421052632,6,4202,1.4521399160003057,beitv2_base_final+dinov2+drlbp+hog+lbp+siglip_base,
SoilOriginal,resmlp,2026,4,full,random_037,0.8246314715166861,0.8991228070175439,6,3144,1.2004058619932039,beitv2_base_final+eva02_base+glcm+lbp+mae_base+vit_b16,
SoilOriginal,resmlp,2026,4,full,random_038,0.8125950126470126,0.881578947368421,6,5734,1.3491360309999436,gabor+lbp+resnet101+resnet50+siglip_base+swin_t,
SoilOriginal,resmlp,2026,4,full,random_039,0.8207217800656338,0.8859649122807017,6,3206,1.2432721829973161,beitv2_base_final+drlbp+efficientnet_b0+lbp+mae_base+rgb_ngram_svd,
SoilOriginal,resmlp,2026,4,full,random_040,0.8094979452393145,0.8859649122807017,6,6646,1.3542534989974229,densenet121+dinov2+dinov2_large+glcm+hog+resnet50,
SoilOriginal,resmlp,2026,4,full,random_041,0.8436883808186865,0.8947368421052632,6,3986,1.193799915999989,convnext_v2_t+densenet121+dinov2_large+dinov2_small+eva02_base+glcm,
SoilOriginal,resmlp,2026,4,full,random_042,0.8344537001704447,0.8991228070175439,6,5174,1.4166951899969717,convnext_v2_t+eva02_base+lbp+resnet50+siglip_base+vit_b16,
SoilOriginal,resmlp,2026,4,full,random_043,0.79844360928524,0.8596491228070176,6,7114,1.68346766900504,deit_s+gabor+hog+lbp+swin_t+vgg16,
SoilOriginal,resmlp,2026,4,full,random_044,0.8046658611810622,0.8991228070175439,6,5072,1.5433288680069381,densenet121+dinov2+dinov2_small+drlbp+resnet101+swin_t,
SoilOriginal,resmlp,2026,4,full,random_045,0.8174355533018147,0.8903508771929824,6,5012,1.6071355669992045,deit_s+dinov2+efficientnet_b0+eva02_base+gabor+hog,
SoilOriginal,resmlp,2026,4,full,random_046,0.8155405690971768,0.9035087719298246,6,6144,1.4394248750031693,densenet121+dinov2+eva02_base+mae_base+resnet50+swin_t,
SoilOriginal,resmlp,2026,4,full,random_047,0.8277122786652423,0.9122807017543859,6,5860,1.4317058879969409,convnext_v2_t+densenet121+eva02_base+hog+siglip_base+vit_b16,
SoilOriginal,resmlp,2026,4,full,random_048,0.785909132457734,0.8859649122807017,6,4930,1.3156289019971155,densenet121+dinov2_large+gabor+glcm+resnet101+swin_t,
SoilOriginal,resmlp,2026,4,full,random_049,0.8177206743384042,0.8947368421052632,6,6016,1.2553074580064276,beitv2_base_final+dinov2+dinov2_small+efficientnet_b0+resnet101+vit_b16,
SoilOriginal,resmlp,2026,4,full,random_050,0.8119298128644992,0.8903508771929824,6,2376,1.7154194620088674,deit_s+dinov2_small+eva02_base+glcm+lbp+vit_b16,
SoilOriginal,resmlp,2026,4,full,random_051,0.7960680582291519,0.8771929824561403,6,6736,2.0888510049990145,beitv2_base_final+densenet121+drlbp+resnet101+resnet50+vit_b16,
SoilOriginal,resmlp,2026,4,full,random_052,0.8235913127733665,0.8947368421052632,6,4022,2.3883812359999865,dinov2_large+drlbp+eva02_base+gabor+lbp+resnet50,
SoilOriginal,resmlp,2026,4,full,random_053,0.7933474269227446,0.8903508771929824,6,5504,1.2925550850050058,densenet121+dinov2+dinov2_large+dinov2_small+resnet50+rgb_ngram_svd,
SoilOriginal,resmlp,2026,4,full,random_054,0.7782950733611181,0.8552631578947368,6,7398,1.448495096003171,deit_s+gabor+lbp+mae_base+resnet50+vgg16,
SoilOriginal,resmlp,2026,4,full,random_055,0.7981697035186935,0.8728070175438597,6,4962,1.7713328810059465,densenet121+dinov2_large+drlbp+glcm+resnet50+siglip_base,
SoilOriginal,resmlp,2026,4,full,random_056,0.8342060297312397,0.8947368421052632,6,7120,1.3446639470057562,beitv2_base_final+deit_s+dinov2_large+drlbp+mae_base+vgg16,
SoilOriginal,resmlp,2026,4,full,random_057,0.810401429568162,0.881578947368421,6,8400,1.017308623995632,densenet121+dinov2_small+drlbp+resnet50+vgg16+vit_b16,
SoilOriginal,resmlp,2026,4,full,random_058,0.7998286771396016,0.8859649122807017,6,6144,1.4681176570011303,beitv2_base_final+dinov2_large+efficientnet_b0+eva02_base+resnet101+rgb_ngram_svd,
SoilOriginal,resmlp,2026,4,full,random_059,0.8417470218136179,0.8991228070175439,6,4506,1.8447424650075845,beitv2_base_final+dinov2_small+eva02_base+hog+lbp+mae_base,
SoilOriginal,resmlp,2026,4,full,random_060,0.8035067365372045,0.8903508771929824,6,6068,1.66372887599573,dinov2_large+dinov2_small+drlbp+hog+resnet101+swin_t,
SoilOriginal,resmlp,2026,4,full,random_061,0.7995547046077257,0.881578947368421,6,8064,1.6006013699952746,beitv2_base_final+dinov2_small+efficientnet_b0+mae_base+vgg16+vit_b16,
SoilOriginal,resmlp,2026,4,full,random_062,0.827710748851725,0.8903508771929824,6,2936,1.3837126599974,efficientnet_b0+gabor+glcm+lbp+siglip_base+swin_t,
SoilOriginal,resmlp,2026,4,full,random_063,0.8355091968123707,0.8947368421052632,6,4400,1.2095944620086811,convnext_v2_t+deit_s+dinov2_small+gabor+resnet101+swin_t,
SoilOriginal,resmlp,2026,4,full,random_064,0.7984888499651016,0.8771929824561403,6,9572,1.6017552600096678,densenet121+dinov2_small+hog+resnet101+rgb_ngram_svd+vgg16,
SoilOriginal,resmlp,2026,4,full,random_065,0.8253802357063227,0.8991228070175439,6,5200,1.22342933199252,dinov2+drlbp+eva02_base+resnet50+siglip_base+swin_t,
SoilOriginal,resmlp,2026,4,full,random_066,0.8022669868007191,0.8728070175438597,6,4944,1.417995444004191,densenet121+dinov2_large+drlbp+efficientnet_b0+eva02_base+vit_b16,
SoilOriginal,resmlp,2026,4,full,random_067,0.8211234805450217,0.8991228070175439,6,6710,2.4912730580108473,eva02_base+lbp+rgb_ngram_svd+swin_t+vgg16+vit_b16,
SoilOriginal,resmlp,2026,4,full,random_068,0.8110896473943914,0.8903508771929824,6,4710,1.398041923996061,densenet121+gabor+lbp+resnet50+siglip_base+vit_b16,
SoilOriginal,resmlp,2026,4,full,random_069,0.8271371925609028,0.8947368421052632,6,4400,1.4408572380052647,deit_s+dinov2_small+eva02_base+gabor+resnet50+siglip_base,
SoilOriginal,resmlp,2026,4,full,random_070,0.8212485264304163,0.8903508771929824,6,5302,1.1382159210043028,convnext_v2_t+dinov2_small+efficientnet_b0+lbp+mae_base+resnet101,
SoilOriginal,resmlp,2026,4,full,random_071,0.7884389884069936,0.8771929824561403,6,4608,1.4552478550031083,convnext_v2_t+dinov2+efficientnet_b0+mae_base+rgb_ngram_svd+siglip_base,
SoilOriginal,resmlp,2026,4,full,random_072,0.8382114452546346,0.9078947368421053,6,7442,1.7494584749947535,convnext_v2_t+densenet121+eva02_base+glcm+mae_base+vgg16,
SoilOriginal,resmlp,2026,4,full,random_073,0.8371916962888236,0.9078947368421053,6,2760,1.1540033229975961,beitv2_base_final+convnext_v2_t+dinov2_small+glcm+lbp+vit_b16,
SoilOriginal,resmlp,2026,4,full,random_074,0.8253392128439305,0.8991228070175439,6,4352,1.360625268003787,convnext_v2_t+deit_s+dinov2_small+efficientnet_b0+eva02_base+mae_base,
SoilOriginal,resmlp,2026,4,full,random_075,0.8241758277412826,0.8947368421052632,6,2274,1.537791192997247,convnext_v2_t+deit_s+drlbp+eva02_base+glcm+rgb_ngram_svd,
SoilOriginal,resmlp,2026,4,full,random_076,0.8201645687933398,0.8947368421052632,6,4150,1.5732913929969072,densenet121+eva02_base+lbp+mae_base+siglip_base+swin_t,
SoilOriginal,resmlp,2026,4,full,random_077,0.812118927292123,0.8771929824561403,6,7570,1.4986845380044542,convnext_v2_t+deit_s+dinov2_large+efficientnet_b0+glcm+vgg16,
SoilOriginal,resmlp,2026,4,full,random_078,0.8471036514869626,0.9078947368421053,6,7058,1.3136747569951694,convnext_v2_t+deit_s+densenet121+eva02_base+glcm+vgg16,
SoilOriginal,resmlp,2026,4,full,random_079,0.822874539776799,0.8859649122807017,6,8960,1.9896725410071667,beitv2_base_final+densenet121+resnet101+rgb_ngram_svd+siglip_base+vgg16,
SoilOriginal,resmlp,2026,4,full,random_080,0.8119693883538277,0.8991228070175439,6,4034,1.2829591619956773,dinov2+dinov2_small+gabor+glcm+resnet50+siglip_base,
SoilOriginal,resmlp,2026,4,full,random_081,0.7987339450084711,0.8903508771929824,6,3408,1.7064947960025165,beitv2_base_final+convnext_v2_t+drlbp+rgb_ngram_svd+siglip_base+vit_b16,
SoilOriginal,resmlp,2026,4,full,random_082,0.8083050786621975,0.8771929824561403,6,8320,1.640614794989233,beitv2_base_final+deit_s+resnet50+rgb_ngram_svd+swin_t+vgg16,
SoilOriginal,resmlp,2026,4,full,random_083,0.8131988067704642,0.8728070175438597,6,8294,1.3524118479981553,convnext_v2_t+efficientnet_b0+gabor+lbp+resnet101+vgg16,
SoilOriginal,resmlp,2026,4,full,random_084,0.8163023686204179,0.8903508771929824,6,9444,1.8002320439991308,dinov2+efficientnet_b0+hog+siglip_base+vgg16+vit_b16,
SoilOriginal,resmlp,2026,4,full,random_085,0.8102971102971104,0.8947368421052632,6,5424,1.7190338819928002,beitv2_base_final+densenet121+dinov2+eva02_base+gabor+resnet101,
SoilOriginal,resmlp,2026,4,full,random_086,0.8223332530867802,0.8903508771929824,6,2962,1.192728142006672,convnext_v2_t+densenet121+dinov2_large+drlbp+gabor+glcm,
SoilOriginal,resmlp,2026,4,full,random_087,0.8273484582288362,0.8859649122807017,6,7746,1.3845799639966572,beitv2_base_final+convnext_v2_t+gabor+glcm+resnet101+vgg16,
SoilOriginal,resmlp,2026,4,full,random_088,0.8309862947956633,0.9122807017543859,6,6884,2.1295394959888654,beitv2_base_final+eva02_base+hog+resnet101+siglip_base+vit_b16,
SoilOriginal,resmlp,2026,4,full,random_089,0.8274589504177828,0.9035087719298246,6,3346,0.995681387008517,convnext_v2_t+dinov2+eva02_base+glcm+rgb_ngram_svd+siglip_base,
SoilOriginal,resmlp,2026,4,full,random_090,0.7948819255814011,0.8991228070175439,6,3474,1.4624616829969455,dinov2+dinov2_small+glcm+mae_base+swin_t+vit_b16,
SoilOriginal,resmlp,2026,4,full,random_091,0.8315247984086566,0.881578947368421,6,4754,0.9002309049974428,beitv2_base_final+deit_s+glcm+mae_base+resnet101+vit_b16,
SoilOriginal,resmlp,2026,4,full,random_092,0.8158432027792263,0.8903508771929824,6,10032,2.6623089410131797,densenet121+dinov2+gabor+resnet101+resnet50+vgg16,
SoilOriginal,resmlp,2026,4,full,random_093,0.8115498110509227,0.8903508771929824,6,3408,1.77859081600036,deit_s+dinov2_large+dinov2_small+drlbp+eva02_base+vit_b16,
SoilOriginal,resmlp,2026,4,full,random_094,0.7875750119834909,0.8596491228070176,6,8118,1.5880262209975626,deit_s+lbp+mae_base+resnet50+swin_t+vgg16,
SoilOriginal,resmlp,2026,4,full,random_095,0.7737160931073132,0.8859649122807017,6,3718,1.3859568009938812,densenet121+dinov2_large+drlbp+eva02_base+lbp+siglip_base,
SoilOriginal,resmlp,2026,4,full,random_096,0.806981049947802,0.868421052631579,6,9088,1.9355560660042102,deit_s+dinov2+dinov2_large+resnet101+siglip_base+vgg16,
SoilOriginal,resmlp,2026,4,full,random_097,0.7989006194386625,0.8771929824561403,6,6500,2.0225007090048166,deit_s+dinov2+efficientnet_b0+hog+resnet101+rgb_ngram_svd,
SoilOriginal,resmlp,2026,4,full,random_098,0.8110751891741871,0.8903508771929824,6,5266,1.1440230699954554,dinov2+dinov2_small+efficientnet_b0+glcm+mae_base+resnet50,
SoilOriginal,resmlp,2026,4,full,random_099,0.8251770676239837,0.9078947368421053,6,6116,1.4006275290012127,beitv2_base_final+efficientnet_b0+eva02_base+hog+siglip_base+swin_t,
SoilOriginal,svm,42,0,full,random_000,0.8864293014119601,0.9254385964912281,6,3760,2.868981113002519,deit_s+densenet121+gabor+mae_base+siglip_base+vit_b16,
SoilOriginal,svm,42,0,full,random_001,0.8979246526757805,0.9429824561403509,6,2662,1.8214848400020855,convnext_v2_t+eva02_base+gabor+lbp+rgb_ngram_svd+vit_b16,
SoilOriginal,svm,42,0,full,random_002,0.863328719001599,0.9166666666666666,6,5046,2.9447752719934215,convnext_v2_t+dinov2_large+dinov2_small+lbp+resnet101+vit_b16,
SoilOriginal,svm,42,0,full,random_003,0.8611468937456779,0.9254385964912281,6,4662,3.969890337000834,beitv2_base_final+dinov2_large+efficientnet_b0+lbp+mae_base+siglip_base,
SoilOriginal,svm,42,0,full,random_004,0.8814455732024672,0.9166666666666666,6,7402,3.9922517400045763,deit_s+dinov2_large+drlbp+hog+lbp+vgg16,
SoilOriginal,svm,42,0,full,random_005,0.8991438507451884,0.9473684210526315,6,4224,2.455547896999633,beitv2_base_final+deit_s+densenet121+dinov2_large+eva02_base+rgb_ngram_svd,
SoilOriginal,svm,42,0,full,random_006,0.8939742893839936,0.9342105263157895,6,6196,4.104295958997682,beitv2_base_final+drlbp+eva02_base+hog+resnet101+swin_t,
SoilOriginal,svm,42,0,full,random_007,0.8552157135358615,0.9122807017543859,6,3192,2.7303161210002145,convnext_v2_t+densenet121+efficientnet_b0+gabor+glcm+lbp,
SoilOriginal,svm,42,0,full,random_008,0.8485373486626618,0.9122807017543859,6,5552,3.6696455999990576,dinov2+dinov2_large+dinov2_small+efficientnet_b0+gabor+resnet50,
SoilOriginal,svm,42,0,full,random_009,0.851477843400521,0.9122807017543859,6,4352,2.5028322270009085,beitv2_base_final+deit_s+dinov2_large+drlbp+gabor+resnet50,
SoilOriginal,svm,42,0,full,random_010,0.8931055214113229,0.9429824561403509,6,7040,2.3593941270009964,convnext_v2_t+dinov2_small+rgb_ngram_svd+siglip_base+swin_t+vgg16,
SoilOriginal,svm,42,0,full,random_011,0.8715841472575567,0.9342105263157895,6,6548,3.3258809390026727,deit_s+gabor+hog+resnet101+resnet50+rgb_ngram_svd,
SoilOriginal,svm,42,0,full,random_012,0.842229658533714,0.9078947368421053,6,8244,3.9218084329986596,beitv2_base_final+dinov2+drlbp+hog+mae_base+vgg16,
SoilOriginal,svm,42,0,full,random_013,0.8566143882052686,0.9122807017543859,6,6832,2.3414847489984822,beitv2_base_final+deit_s+gabor+mae_base+vgg16+vit_b16,
SoilOriginal,svm,42,0,full,random_014,0.8972616234964166,0.9385964912280702,6,4754,2.5653530019990285,beitv2_base_final+dinov2+dinov2_small+glcm+mae_base+resnet101,
SoilOriginal,svm,42,0,full,random_015,0.8497143470166304,0.9122807017543859,6,3638,2.3789347269994323,deit_s+densenet121+dinov2_large+dinov2_small+lbp+siglip_base,
SoilOriginal,svm,42,0,full,random_016,0.8946449454996313,0.9385964912280702,6,6950,2.5625804199953564,convnext_v2_t+gabor+glcm+hog+rgb_ngram_svd+vgg16,
SoilOriginal,svm,42,0,full,random_017,0.8969592951851016,0.956140350877193,6,4882,2.31111186400085,densenet121+dinov2+glcm+resnet101+rgb_ngram_svd+swin_t,
SoilOriginal,svm,42,0,full,random_018,0.8523911193077032,0.9035087719298246,6,4116,2.6686324830006924,deit_s+dinov2_small+gabor+hog+mae_base+vit_b16,
SoilOriginal,svm,42,0,full,random_019,0.896047039605506,0.9385964912280702,6,6472,2.1820888069996727,beitv2_base_final+dinov2+glcm+lbp+vgg16+vit_b16,
SoilOriginal,svm,42,0,full,random_020,0.8726589302170699,0.9298245614035088,6,5092,3.04462948100263,deit_s+dinov2_large+dinov2_small+eva02_base+hog+siglip_base,
SoilOriginal,svm,42,0,full,random_021,0.9290074322332387,0.9649122807017544,6,6704,2.1800371700010146,gabor+mae_base+rgb_ngram_svd+siglip_base+vgg16+vit_b16,
SoilOriginal,svm,42,0,full,random_022,0.8757994950557543,0.9210526315789473,6,4102,1.9149210510004195,dinov2_small+drlbp+eva02_base+lbp+resnet50+vit_b16,
SoilOriginal,svm,42,0,full,random_023,0.8549912455847047,0.9078947368421053,6,6498,2.2884301110025262,beitv2_base_final+convnext_v2_t+drlbp+glcm+mae_base+vgg16,
SoilOriginal,svm,42,0,full,random_024,0.8845022004694073,0.9342105263157895,6,4706,2.680065733002266,densenet121+drlbp+efficientnet_b0+glcm+resnet50+rgb_ngram_svd,
SoilOriginal,svm,42,0,full,random_025,0.8286773766743281,0.8947368421052632,6,5098,3.306494290998671,convnext_v2_t+dinov2_small+drlbp+hog+lbp+resnet50,
SoilOriginal,svm,42,0,full,random_026,0.8525266796785721,0.9122807017543859,6,7088,2.540589488002297,deit_s+densenet121+gabor+swin_t+vgg16+vit_b16,
SoilOriginal,svm,42,0,full,random_027,0.9019687154446218,0.9517543859649122,6,4626,2.4291401759983273,convnext_v2_t+glcm+mae_base+resnet50+rgb_ngram_svd+siglip_base,
SoilOriginal,svm,42,0,full,random_028,0.9168637085502024,0.9517543859649122,6,3712,2.491365065005084,beitv2_base_final+convnext_v2_t+dinov2+dinov2_small+rgb_ngram_svd+siglip_base,
SoilOriginal,svm,42,0,full,random_029,0.8914725937578062,0.9473684210526315,6,6372,3.708552932002931,eva02_base+hog+resnet50+rgb_ngram_svd+siglip_base+swin_t,
SoilOriginal,svm,42,0,full,random_030,0.8626001529352335,0.9166666666666666,6,7010,3.6675738570047542,densenet121+dinov2_large+drlbp+glcm+mae_base+vgg16,
SoilOriginal,svm,42,0,full,random_031,0.8678166758431629,0.9078947368421053,6,5780,3.4748539439970045,convnext_v2_t+deit_s+gabor+hog+resnet50+vit_b16,
SoilOriginal,svm,42,0,full,random_032,0.8865248226950354,0.9298245614035088,6,6656,4.563258062000386,dinov2+dinov2_large+efficientnet_b0+mae_base+resnet101+siglip_base,
SoilOriginal,svm,42,0,full,random_033,0.8842355167946726,0.9385964912280702,6,2962,1.9812407120043645,deit_s+eva02_base+glcm+mae_base+rgb_ngram_svd+vit_b16,
SoilOriginal,svm,42,0,full,random_034,0.8936080312760935,0.9298245614035088,6,6116,4.7104861619955045,densenet121+dinov2_large+eva02_base+hog+mae_base+siglip_base,
SoilOriginal,svm,42,0,full,random_035,0.8917881435496396,0.9385964912280702,6,4790,2.5159784810020938,convnext_v2_t+dinov2_small+efficientnet_b0+lbp+resnet101+rgb_ngram_svd,
SoilOriginal,svm,42,0,full,random_036,0.9284981114368307,0.9605263157894737,6,8420,3.555142261997389,beitv2_base_final+convnext_v2_t+dinov2+hog+rgb_ngram_svd+vgg16,
SoilOriginal,svm,42,0,full,random_037,0.8597745703759234,0.9122807017543859,6,5394,2.6219494489996578,dinov2+dinov2_small+drlbp+gabor+glcm+vgg16,
SoilOriginal,svm,42,0,full,random_038,0.8954916401407556,0.9385964912280702,6,4790,2.9147827429987956,beitv2_base_final+dinov2+dinov2_small+lbp+resnet101+siglip_base,
SoilOriginal,svm,42,0,full,random_039,0.8586556999320837,0.9122807017543859,6,3430,3.120260627998505,convnext_v2_t+dinov2+dinov2_large+gabor+lbp+siglip_base,
SoilOriginal,svm,42,0,full,random_040,0.8723558380703381,0.9210526315789473,6,5414,4.463273694003874,beitv2_base_final+gabor+glcm+hog+resnet101+siglip_base,
SoilOriginal,svm,42,0,full,random_041,0.8633751520553234,0.9122807017543859,6,3302,3.0064584350038785,deit_s+dinov2+efficientnet_b0+gabor+lbp+mae_base,
SoilOriginal,svm,42,0,full,random_042,0.8836321679743032,0.9385964912280702,6,5712,3.567749169000308,densenet121+dinov2_large+drlbp+resnet101+siglip_base+vit_b16,
SoilOriginal,svm,42,0,full,random_043,0.8593016504976619,0.9210526315789473,6,6758,3.217546427003981,convnext_v2_t+dinov2_large+gabor+lbp+mae_base+vgg16,
SoilOriginal,svm,42,0,full,random_044,0.8733650077267098,0.9342105263157895,6,8548,3.660000909003429,deit_s+dinov2+efficientnet_b0+hog+rgb_ngram_svd+vgg16,
SoilOriginal,svm,42,0,full,random_045,0.8787055883196252,0.9166666666666666,6,5656,2.5003910880041076,deit_s+dinov2_large+drlbp+glcm+lbp+vgg16,
SoilOriginal,svm,42,0,full,random_046,0.8377550967153968,0.8991228070175439,6,4682,4.057166858998244,convnext_v2_t+efficientnet_b0+gabor+hog+lbp+swin_t,
SoilOriginal,svm,42,0,full,random_047,0.8905514970143613,0.9429824561403509,6,4272,2.4922762800051714,beitv2_base_final+dinov2_small+gabor+resnet101+rgb_ngram_svd+vit_b16,
SoilOriginal,svm,42,0,full,random_048,0.8759959839528927,0.9298245614035088,6,7396,4.7309589789947495,beitv2_base_final+densenet121+dinov2_large+hog+resnet50+siglip_base,
SoilOriginal,svm,42,0,full,random_049,0.8782390739426186,0.9385964912280702,6,5248,3.3002582720000646,convnext_v2_t+densenet121+dinov2_large+dinov2_small+efficientnet_b0+eva02_base,
SoilOriginal,svm,42,0,full,random_050,0.8964270064588123,0.9517543859649122,6,3218,2.223620047006989,dinov2+dinov2_large+dinov2_small+glcm+rgb_ngram_svd+swin_t,
SoilOriginal,svm,42,0,full,random_051,0.8521388193376376,0.9122807017543859,6,5476,3.4834616410007584,beitv2_base_final+deit_s+densenet121+dinov2+hog+vit_b16,
SoilOriginal,svm,42,0,full,random_052,0.8585033219407088,0.9210526315789473,6,10468,5.384641299999203,convnext_v2_t+densenet121+hog+mae_base+resnet101+vgg16,
SoilOriginal,svm,42,0,full,random_053,0.8705486752491712,0.9210526315789473,6,6500,3.6319150760027696,beitv2_base_final+convnext_v2_t+deit_s+eva02_base+hog+resnet50,
SoilOriginal,svm,42,0,full,random_054,0.868627396915336,0.9298245614035088,6,8006,4.7339441849981085,drlbp+efficientnet_b0+glcm+hog+siglip_base+vgg16,
SoilOriginal,svm,42,0,full,random_055,0.8477463837791543,0.8991228070175439,6,3046,2.6588269999992917,convnext_v2_t+deit_s+dinov2_large+gabor+lbp+mae_base,
SoilOriginal,svm,42,0,full,random_056,0.922948508391782,0.9649122807017544,6,7424,2.826107642002171,convnext_v2_t+dinov2+eva02_base+rgb_ngram_svd+swin_t+vgg16,
SoilOriginal,svm,42,0,full,random_057,0.9116083140384604,0.9473684210526315,6,2888,2.588225491999765,dinov2+dinov2_large+glcm+lbp+mae_base+rgb_ngram_svd,
SoilOriginal,svm,42,0,full,random_058,0.8489686410865399,0.8991228070175439,6,5504,3.074358279001899,convnext_v2_t+deit_s+dinov2+resnet50+siglip_base+vit_b16,
SoilOriginal,svm,42,0,full,random_059,0.8758378185573035,0.9254385964912281,6,4816,2.6809462390010594,beitv2_base_final+convnext_v2_t+deit_s+drlbp+eva02_base+resnet101,
SoilOriginal,svm,42,0,full,random_060,0.8518325334376103,0.9122807017543859,6,6884,4.716289727999538,deit_s+densenet121+dinov2_small+efficientnet_b0+hog+resnet50,
SoilOriginal,svm,42,0,full,random_061,0.860475852490951,0.9166666666666666,6,6884,4.449980815996241,deit_s+dinov2_large+dinov2_small+efficientnet_b0+hog+resnet50,
SoilOriginal,svm,42,0,full,random_062,0.889131952429148,0.9429824561403509,6,5906,4.215961059999245,densenet121+efficientnet_b0+glcm+mae_base+resnet50+siglip_base,
SoilOriginal,svm,42,0,full,random_063,0.8576804144144129,0.9166666666666666,6,4546,2.690273359999992,beitv2_base_final+dinov2_small+efficientnet_b0+gabor+glcm+resnet50,
SoilOriginal,svm,42,0,full,random_064,0.8653544495240748,0.9254385964912281,6,6838,2.921761471996433,beitv2_base_final+dinov2_small+eva02_base+lbp+swin_t+vgg16,
SoilOriginal,svm,42,0,full,random_065,0.9007430342802228,0.9429824561403509,6,5650,3.644612383999629,densenet121+dinov2_large+glcm+mae_base+resnet101+vit_b16,
SoilOriginal,svm,42,0,full,random_066,0.8911885855856002,0.9429824561403509,6,5430,3.4340117829997325,densenet121+dinov2+lbp+resnet50+siglip_base+swin_t,
SoilOriginal,svm,42,0,full,random_067,0.8671296134405263,0.9342105263157895,6,2992,2.196970044002228,convnext_v2_t+deit_s+gabor+rgb_ngram_svd+siglip_base+swin_t,
SoilOriginal,svm,42,0,full,random_068,0.8611032363864852,0.9210526315789473,6,6116,4.751517844997579,convnext_v2_t+dinov2+efficientnet_b0+eva02_base+hog+mae_base,
SoilOriginal,svm,42,0,full,random_069,0.8637655119152539,0.9210526315789473,6,6912,3.3862176279944833,deit_s+densenet121+drlbp+efficientnet_b0+gabor+vgg16,
SoilOriginal,svm,42,0,full,random_070,0.9006743956815638,0.9517543859649122,6,8704,3.46162376999564,beitv2_base_final+convnext_v2_t+mae_base+resnet50+rgb_ngram_svd+vgg16,
SoilOriginal,svm,42,0,full,random_071,0.8875365006563617,0.9298245614035088,6,3730,2.6430775260014343,drlbp+gabor+glcm+resnet101+siglip_base+vit_b16,
SoilOriginal,svm,42,0,full,random_072,0.8792609447543681,0.9298245614035088,6,6298,4.611649207996379,deit_s+efficientnet_b0+hog+lbp+resnet50+siglip_base,
SoilOriginal,svm,42,0,full,random_073,0.8817400030509158,0.9342105263157895,6,6628,3.9995828219980467,convnext_v2_t+densenet121+hog+resnet50+rgb_ngram_svd+vit_b16,
SoilOriginal,svm,42,0,full,random_074,0.8623174122275792,0.9210526315789473,6,4998,4.033651805002592,dinov2+drlbp+efficientnet_b0+lbp+mae_base+resnet50,
SoilOriginal,svm,42,0,full,random_075,0.880145001126641,0.9298245614035088,6,3522,1.982842839002842,deit_s+gabor+glcm+resnet101+rgb_ngram_svd+vit_b16,
SoilOriginal,svm,42,0,full,random_076,0.8724142581183508,0.9342105263157895,6,7778,3.9548099980020197,beitv2_base_final+drlbp+glcm+mae_base+resnet101+vgg16,
SoilOriginal,svm,42,0,full,random_077,0.8922672111681076,0.9385964912280702,6,4370,3.0984783839958254,convnext_v2_t+densenet121+dinov2+dinov2_large+eva02_base+glcm,
SoilOriginal,svm,42,0,full,random_078,0.8475929112614535,0.9078947368421053,6,3858,2.573565820006479,beitv2_base_final+convnext_v2_t+dinov2+glcm+siglip_base+vit_b16,
SoilOriginal,svm,42,0,full,random_079,0.867412370779675,0.9166666666666666,6,6272,3.6575494130011066,deit_s+dinov2_large+efficientnet_b0+mae_base+resnet50+vit_b16,
SoilOriginal,svm,42,0,full,random_080,0.8560140430441182,0.9078947368421053,6,4048,3.074503921001451,convnext_v2_t+deit_s+densenet121+dinov2_large+drlbp+siglip_base,
SoilOriginal,svm,42,0,full,random_081,0.8666236796998759,0.9166666666666666,6,3046,3.0531741740051075,deit_s+densenet121+dinov2+gabor+lbp+mae_base,
SoilOriginal,svm,42,0,full,random_082,0.8523003275384227,0.9122807017543859,6,5760,3.5419176439972944,convnext_v2_t+dinov2+dinov2_large+dinov2_small+resnet50+swin_t,
SoilOriginal,svm,42,0,full,random_083,0.9111258639726391,0.9385964912280702,6,6144,3.3034443920041667,dinov2_large+eva02_base+mae_base+resnet50+siglip_base+vit_b16,
SoilOriginal,svm,42,0,full,random_084,0.9397963348397668,0.9649122807017544,6,3938,2.256560100002389,dinov2+drlbp+glcm+resnet101+rgb_ngram_svd+siglip_base,
SoilOriginal,svm,42,0,full,random_085,0.8978241710499775,0.9473684210526315,6,5504,2.8352928509993944,dinov2_small+efficientnet_b0+mae_base+resnet101+rgb_ngram_svd+vit_b16,
SoilOriginal,svm,42,0,full,random_086,0.907374435600242,0.956140350877193,6,7936,2.8349500140029704,beitv2_base_final+efficientnet_b0+eva02_base+rgb_ngram_svd+swin_t+vgg16,
SoilOriginal,svm,42,0,full,random_087,0.8782249420963127,0.9210526315789473,6,5766,2.5099459729972295,convnext_v2_t+drlbp+lbp+resnet101+resnet50+vit_b16,
SoilOriginal,svm,42,0,full,random_088,0.8832861265659276,0.9298245614035088,6,9088,3.1460173390005366,deit_s+dinov2_large+resnet101+siglip_base+swin_t+vgg16,
SoilOriginal,svm,42,0,full,random_089,0.8662188755121362,0.9122807017543859,6,5072,2.281455606003874,deit_s+dinov2+dinov2_large+drlbp+resnet50+vit_b16,
SoilOriginal,svm,42,0,full,random_090,0.8817645539022455,0.9429824561403509,6,8548,3.105811896995874,deit_s+efficientnet_b0+hog+rgb_ngram_svd+siglip_base+vgg16,
SoilOriginal,svm,42,0,full,random_091,0.869256812295803,0.9342105263157895,6,7478,3.032742794996011,densenet121+lbp+mae_base+siglip_base+swin_t+vgg16,
SoilOriginal,svm,42,0,full,random_092,0.8839009787340981,0.9254385964912281,6,6198,3.2859420879976824,densenet121+dinov2_large+efficientnet_b0+eva02_base+lbp+resnet101,
SoilOriginal,svm,42,0,full,random_093,0.9019742116233344,0.9385964912280702,6,3760,2.2813980350038037,convnext_v2_t+dinov2_large+dinov2_small+eva02_base+gabor+vit_b16,
SoilOriginal,svm,42,0,full,random_094,0.882345879933537,0.9210526315789473,6,4070,2.4911401179997483,deit_s+gabor+lbp+resnet101+siglip_base+vit_b16,
SoilOriginal,svm,42,0,full,random_095,0.8914320347206549,0.9298245614035088,6,5174,2.757196163998742,beitv2_base_final+dinov2+eva02_base+lbp+resnet50+vit_b16,
SoilOriginal,svm,42,0,full,random_096,0.9012150679060322,0.9385964912280702,6,5888,3.2560933450004086,beitv2_base_final+eva02_base+resnet101+siglip_base+swin_t+vit_b16,
SoilOriginal,svm,42,0,full,random_097,0.8696642833409983,0.9210526315789473,6,8374,3.07165974000236,deit_s+densenet121+dinov2+lbp+resnet50+vgg16,
SoilOriginal,svm,42,0,full,random_098,0.8768662463474455,0.9342105263157895,6,4480,3.011197334002645,beitv2_base_final+deit_s+dinov2_large+eva02_base+mae_base+swin_t,
SoilOriginal,svm,42,0,full,random_099,0.8968299768870344,0.9429824561403509,6,6400,3.4169120579972514,beitv2_base_final+dinov2+efficientnet_b0+eva02_base+resnet50+vit_b16,
SoilOriginal,svm,42,1,full,random_000,0.8230994152046784,0.9035087719298246,8,12308,6.360250359997735,convnext_v2_t+dinov2+gabor+hog+mae_base+resnet101+resnet50+vgg16,
SoilOriginal,svm,42,1,full,random_001,0.8691110177576756,0.9210526315789473,8,4656,2.9176800069981255,beitv2_base_final+convnext_v2_t+deit_s+dinov2_small+eva02_base+gabor+siglip_base+swin_t,
SoilOriginal,svm,42,1,full,random_002,0.8344615358104965,0.9078947368421053,8,5914,4.94402095300029,convnext_v2_t+dinov2_small+drlbp+gabor+hog+lbp+resnet101+siglip_base,
SoilOriginal,svm,42,1,full,random_003,0.8004235897905163,0.8903508771929824,8,5894,3.188061649998417,beitv2_base_final+deit_s+dinov2+dinov2_large+drlbp+lbp+resnet50+vit_b16,
SoilOriginal,svm,42,1,full,random_004,0.8781313612345197,0.9298245614035088,8,5046,3.1031062149995705,beitv2_base_final+convnext_v2_t+dinov2_small+efficientnet_b0+eva02_base+lbp+rgb_ngram_svd+swin_t,
SoilOriginal,svm,42,1,full,random_005,0.826150247060773,0.9035087719298246,8,11572,5.574139301003015,densenet121+dinov2_large+drlbp+hog+resnet101+siglip_base+vgg16+vit_b16,
SoilOriginal,svm,42,1,full,random_006,0.8438763197196971,0.9078947368421053,8,7186,4.574850955003058,beitv2_base_final+densenet121+dinov2_large+eva02_base+glcm+resnet101+siglip_base+swin_t,
SoilOriginal,svm,42,1,full,random_007,0.8236565527870562,0.8903508771929824,8,3126,2.879899764993752,dinov2+dinov2_small+drlbp+eva02_base+gabor+lbp+mae_base+rgb_ngram_svd,
SoilOriginal,svm,42,1,full,random_008,0.8012229534410399,0.8947368421052632,8,4278,3.454468588999589,deit_s+densenet121+dinov2_large+dinov2_small+drlbp+efficientnet_b0+gabor+lbp,
SoilOriginal,svm,42,1,full,random_009,0.8497116727250885,0.9122807017543859,8,5962,4.812436594998871,beitv2_base_final+convnext_v2_t+densenet121+eva02_base+gabor+hog+lbp+vit_b16,
SoilOriginal,svm,42,1,full,random_010,0.8022857803280382,0.8859649122807017,8,6576,3.714900471000874,beitv2_base_final+deit_s+dinov2_large+gabor+resnet50+siglip_base+swin_t+vit_b16,
SoilOriginal,svm,42,1,full,random_011,0.8515276998455306,0.9078947368421053,8,6246,4.057292771001812,densenet121+eva02_base+gabor+lbp+resnet101+siglip_base+swin_t+vit_b16,
SoilOriginal,svm,42,1,full,random_012,0.8518421339195555,0.9166666666666666,8,10288,4.78680081100174,beitv2_base_final+convnext_v2_t+densenet121+dinov2+gabor+resnet101+swin_t+vgg16,
SoilOriginal,svm,42,1,full,random_013,0.8157692991977867,0.881578947368421,8,5914,4.174178255998413,deit_s+drlbp+efficientnet_b0+gabor+hog+lbp+resnet101+rgb_ngram_svd,
SoilOriginal,svm,42,1,full,random_014,0.8224214335743157,0.8947368421052632,8,6474,5.194954941005562,beitv2_base_final+convnext_v2_t+dinov2_large+efficientnet_b0+gabor+hog+lbp+siglip_base,
SoilOriginal,svm,42,1,full,random_015,0.8105632783682559,0.8991228070175439,8,8326,4.237227056000847,dinov2_large+drlbp+efficientnet_b0+lbp+mae_base+rgb_ngram_svd+swin_t+vgg16,
SoilOriginal,svm,42,1,full,random_016,0.827996283494681,0.9035087719298246,8,10466,4.45763111999986,beitv2_base_final+dinov2_large+dinov2_small+drlbp+glcm+resnet101+resnet50+vgg16,
SoilOriginal,svm,42,1,full,random_017,0.8491535984515626,0.9078947368421053,8,8676,4.249438120998093,beitv2_base_final+dinov2_small+drlbp+gabor+hog+siglip_base+swin_t+vgg16,
SoilOriginal,svm,42,1,full,random_018,0.8357354425023598,0.9035087719298246,8,8418,3.700084333999257,beitv2_base_final+dinov2+dinov2_small+drlbp+glcm+resnet101+rgb_ngram_svd+vgg16,
SoilOriginal,svm,42,1,full,random_019,0.8480071216537796,0.9122807017543859,8,7040,4.08720447000087,convnext_v2_t+deit_s+dinov2+eva02_base+mae_base+resnet101+siglip_base+vit_b16,
SoilOriginal,svm,42,1,full,random_020,0.8528545688517608,0.9078947368421053,8,7046,3.058520872000372,deit_s+densenet121+dinov2_small+drlbp+lbp+rgb_ngram_svd+siglip_base+vgg16,
SoilOriginal,svm,42,1,full,random_021,0.8361770946540392,0.9078947368421053,8,9344,5.015761378002935,beitv2_base_final+convnext_v2_t+dinov2_large+dinov2_small+mae_base+siglip_base+vgg16+vit_b16,
SoilOriginal,svm,42,1,full,random_022,0.8023695812935647,0.8771929824561403,8,10486,5.453091766998114,beitv2_base_final+glcm+hog+resnet50+rgb_ngram_svd+swin_t+vgg16+vit_b16,
SoilOriginal,svm,42,1,full,random_023,0.8444391927925194,0.9078947368421053,8,3686,2.5907274290002533,convnext_v2_t+deit_s+densenet121+dinov2_small+gabor+lbp+rgb_ngram_svd+swin_t,
SoilOriginal,svm,42,1,full,random_024,0.8274039021553422,0.9035087719298246,8,3474,2.6763202380025177,convnext_v2_t+deit_s+dinov2_large+dinov2_small+drlbp+eva02_base+gabor+glcm,
SoilOriginal,svm,42,1,full,random_025,0.884769578230987,0.9254385964912281,8,8144,3.6022283019992756,densenet121+dinov2+dinov2_small+drlbp+eva02_base+rgb_ngram_svd+vgg16+vit_b16,
SoilOriginal,svm,42,1,full,random_026,0.8466282179839818,0.9078947368421053,8,7168,2.594641870004125,beitv2_base_final+convnext_v2_t+deit_s+drlbp+gabor+rgb_ngram_svd+swin_t+vgg16,
SoilOriginal,svm,42,1,full,random_027,0.8288501784878051,0.8991228070175439,8,8292,3.736412656995526,convnext_v2_t+deit_s+densenet121+eva02_base+hog+resnet50+swin_t+vit_b16,
SoilOriginal,svm,42,1,full,random_028,0.8611649304472584,0.9078947368421053,8,5292,3.010200912001892,convnext_v2_t+dinov2_small+efficientnet_b0+eva02_base+glcm+hog+lbp+rgb_ngram_svd,
SoilOriginal,svm,42,1,full,random_029,0.8105442072635076,0.8947368421052632,8,10064,4.21108133400412,densenet121+dinov2_large+drlbp+mae_base+resnet101+rgb_ngram_svd+swin_t+vgg16,
SoilOriginal,svm,42,1,full,random_030,0.800935376094904,0.8859649122807017,8,5990,3.6942020950009464,densenet121+dinov2+dinov2_large+eva02_base+gabor+lbp+resnet101+rgb_ngram_svd,
SoilOriginal,svm,42,1,full,random_031,0.8160936955550744,0.881578947368421,8,7092,4.2947885149988,beitv2_base_final+deit_s+densenet121+drlbp+hog+mae_base+resnet50+rgb_ngram_svd,
SoilOriginal,svm,42,1,full,random_032,0.8517157347131815,0.9078947368421053,8,6774,4.7957041499976185,convnext_v2_t+drlbp+efficientnet_b0+gabor+glcm+hog+resnet101+swin_t,
SoilOriginal,svm,42,1,full,random_033,0.822878638419203,0.8991228070175439,8,6500,3.808297153998865,convnext_v2_t+dinov2_large+dinov2_small+eva02_base+hog+mae_base+rgb_ngram_svd+vit_b16,
SoilOriginal,svm,42,1,full,random_034,0.8316485682308824,0.9035087719298246,8,11284,5.0822079940044205,densenet121+dinov2+eva02_base+gabor+hog+resnet101+vgg16+vit_b16,
SoilOriginal,svm,42,1,full,random_035,0.8489229609189828,0.9122807017543859,8,4808,3.076366692002921,convnext_v2_t+deit_s+dinov2+efficientnet_b0+eva02_base+glcm+lbp+siglip_base,
SoilOriginal,svm,42,1,full,random_036,0.8213326886670542,0.8947368421052632,8,6246,3.2137770379995345,beitv2_base_final+convnext_v2_t+dinov2_large+eva02_base+gabor+lbp+resnet50+vit_b16,
SoilOriginal,svm,42,1,full,random_037,0.82247659539457,0.9035087719298246,8,9984,4.257518589001847,densenet121+dinov2+dinov2_large+efficientnet_b0+rgb_ngram_svd+swin_t+vgg16+vit_b16,
SoilOriginal,svm,42,1,full,random_038,0.8394287917184755,0.9122807017543859,8,10230,4.773625566005649,convnext_v2_t+dinov2+efficientnet_b0+eva02_base+glcm+hog+mae_base+vgg16,
SoilOriginal,svm,42,1,full,random_039,0.8116750681238336,0.8947368421052632,8,5424,3.205034021004394,beitv2_base_final+convnext_v2_t+densenet121+dinov2_large+gabor+rgb_ngram_svd+siglip_base+swin_t,
SoilOriginal,svm,42,1,full,random_040,0.8289218377661204,0.8947368421052632,8,4296,2.72160628799611,deit_s+efficientnet_b0+eva02_base+glcm+lbp+mae_base+rgb_ngram_svd+vit_b16,
SoilOriginal,svm,42,1,full,random_041,0.8167564019851615,0.9035087719298246,8,5888,3.461760197998956,beitv2_base_final+densenet121+dinov2_small+drlbp+gabor+mae_base+resnet50+swin_t,
SoilOriginal,svm,42,1,full,random_042,0.8640347654881595,0.9166666666666666,8,5778,3.3883895949984435,deit_s+densenet121+efficientnet_b0+eva02_base+glcm+siglip_base+swin_t+vit_b16,
SoilOriginal,svm,42,1,full,random_043,0.8226916961715202,0.8947368421052632,8,7624,3.270219870006258,beitv2_base_final+dinov2+dinov2_small+eva02_base+glcm+lbp+vgg16+vit_b16,
SoilOriginal,svm,42,1,full,random_044,0.7998776785558616,0.8859649122807017,8,5778,3.71101748199726,convnext_v2_t+densenet121+dinov2_large+drlbp+gabor+glcm+resnet50+swin_t,
SoilOriginal,svm,42,1,full,random_045,0.8654086191701761,0.9210526315789473,8,9652,4.520121608999034,beitv2_base_final+deit_s+densenet121+drlbp+eva02_base+hog+siglip_base+vgg16,
SoilOriginal,svm,42,1,full,random_046,0.8426156103291467,0.9122807017543859,8,8548,4.42296690200601,beitv2_base_final+convnext_v2_t+dinov2+dinov2_small+efficientnet_b0+eva02_base+hog+resnet50,
SoilOriginal,svm,42,1,full,random_047,0.7846774193548386,0.8771929824561403,8,5804,5.235834874001739,densenet121+dinov2+dinov2_large+dinov2_small+glcm+hog+lbp+mae_base,
SoilOriginal,svm,42,1,full,random_048,0.8586482282739212,0.9166666666666666,8,11028,5.814224766996631,beitv2_base_final+dinov2+gabor+hog+mae_base+resnet101+siglip_base+vgg16,
SoilOriginal,svm,42,1,full,random_049,0.8423239388566864,0.9035087719298246,8,4808,3.142536981999001,convnext_v2_t+densenet121+drlbp+gabor+glcm+lbp+resnet50+vit_b16,
SoilOriginal,svm,42,1,full,random_050,0.8709563489888034,0.9254385964912281,8,8624,4.001347092998913,convnext_v2_t+densenet121+dinov2_small+efficientnet_b0+gabor+rgb_ngram_svd+siglip_base+vgg16,
SoilOriginal,svm,42,1,full,random_051,0.837080070564644,0.9078947368421053,8,8246,3.2302254979949794,beitv2_base_final+deit_s+dinov2_large+dinov2_small+lbp+siglip_base+vgg16+vit_b16,
SoilOriginal,svm,42,1,full,random_052,0.8453968964806403,0.9035087719298246,8,4632,2.7584772870031884,densenet121+dinov2_small+drlbp+glcm+lbp+resnet101+rgb_ngram_svd+swin_t,
SoilOriginal,svm,42,1,full,random_053,0.807669174005061,0.8947368421052632,8,8912,4.025357874001202,deit_s+dinov2+drlbp+efficientnet_b0+eva02_base+mae_base+swin_t+vgg16,
SoilOriginal,svm,42,1,full,random_054,0.8510657096110537,0.9122807017543859,8,8374,4.852149531005125,deit_s+densenet121+efficientnet_b0+lbp+resnet101+resnet50+siglip_base+swin_t,
SoilOriginal,svm,42,1,full,random_055,0.8139816230990197,0.8947368421052632,8,4120,3.3669758459946024,deit_s+dinov2+drlbp+efficientnet_b0+glcm+lbp+swin_t+vit_b16,
SoilOriginal,svm,42,1,full,random_056,0.850275683395888,0.9122807017543859,8,10790,5.741866646996641,beitv2_base_final+efficientnet_b0+gabor+glcm+hog+resnet101+vgg16+vit_b16,
SoilOriginal,svm,42,1,full,random_057,0.8211158071161341,0.8991228070175439,8,7578,4.976813365006819,beitv2_base_final+convnext_v2_t+dinov2_large+dinov2_small+hog+lbp+resnet101+swin_t,
SoilOriginal,svm,42,1,full,random_058,0.8317115151390476,0.9035087719298246,8,11392,5.85940098699939,convnext_v2_t+densenet121+dinov2_large+dinov2_small+efficientnet_b0+mae_base+resnet101+vgg16,
SoilOriginal,svm,42,1,full,random_059,0.8238382121260048,0.8859649122807017,8,5302,3.853954589998466,drlbp+efficientnet_b0+gabor+lbp+mae_base+resnet50+rgb_ngram_svd+vit_b16,
SoilOriginal,svm,42,1,full,random_060,0.7552296561201803,0.8728070175438597,8,5884,5.756502550000732,dinov2+dinov2_small+drlbp+glcm+hog+lbp+resnet101+siglip_base,
SoilOriginal,svm,42,1,full,random_061,0.8456853204469851,0.9122807017543859,8,8246,4.888664595004229,convnext_v2_t+dinov2_small+drlbp+gabor+lbp+mae_base+resnet101+vgg16,
SoilOriginal,svm,42,1,full,random_062,0.8611707721010047,0.9166666666666666,8,4742,3.2638775989980786,convnext_v2_t+dinov2+drlbp+efficientnet_b0+eva02_base+lbp+rgb_ngram_svd+siglip_base,
SoilOriginal,svm,42,1,full,random_063,0.829526488348262,0.9035087719298246,8,5884,5.151769875003083,convnext_v2_t+dinov2_small+drlbp+glcm+hog+lbp+mae_base+resnet101,
SoilOriginal,svm,42,1,full,random_064,0.8391883282721863,0.8991228070175439,8,4454,3.597954557997582,beitv2_base_final+densenet121+dinov2+eva02_base+gabor+lbp+mae_base+rgb_ngram_svd,
SoilOriginal,svm,42,1,full,random_065,0.8078249270109735,0.8903508771929824,8,3528,3.049681418997352,densenet121+dinov2+drlbp+gabor+glcm+lbp+swin_t+vit_b16,
SoilOriginal,svm,42,1,full,random_066,0.8638413551482734,0.9166666666666666,8,11392,4.847124427004019,densenet121+dinov2_small+mae_base+resnet101+resnet50+rgb_ngram_svd+swin_t+vgg16,
SoilOriginal,svm,42,1,full,random_067,0.8387250047296229,0.8991228070175439,8,7808,4.1051499159948435,beitv2_base_final+convnext_v2_t+deit_s+resnet101+resnet50+rgb_ngram_svd+siglip_base+vit_b16,
SoilOriginal,svm,42,1,full,random_068,0.8569334831319467,0.9078947368421053,8,5734,3.817071256999043,beitv2_base_final+densenet121+dinov2_large+efficientnet_b0+eva02_base+gabor+lbp+siglip_base,
SoilOriginal,svm,42,1,full,random_069,0.8262689634625701,0.9035087719298246,8,10852,6.416540017002262,dinov2+drlbp+efficientnet_b0+gabor+hog+mae_base+resnet101+vgg16,
SoilOriginal,svm,42,1,full,random_070,0.8281297726486897,0.8903508771929824,8,5570,2.852772227000969,deit_s+efficientnet_b0+gabor+glcm+resnet101+rgb_ngram_svd+swin_t+vit_b16,
SoilOriginal,svm,42,1,full,random_071,0.8295273479430864,0.8947368421052632,8,7140,4.03303465800127,beitv2_base_final+efficientnet_b0+eva02_base+hog+mae_base+rgb_ngram_svd+swin_t+vit_b16,
SoilOriginal,svm,42,1,full,random_072,0.831178378939959,0.8991228070175439,8,6198,2.7667758899988257,beitv2_base_final+convnext_v2_t+dinov2+lbp+resnet101+rgb_ngram_svd+swin_t+vit_b16,
SoilOriginal,svm,42,1,full,random_073,0.8137099555439052,0.8903508771929824,8,10548,5.614319041997078,beitv2_base_final+drlbp+hog+mae_base+resnet101+rgb_ngram_svd+swin_t+vgg16,
SoilOriginal,svm,42,1,full,random_074,0.8412953650316568,0.9078947368421053,8,7046,3.80119961300079,convnext_v2_t+dinov2+dinov2_large+drlbp+lbp+resnet101+resnet50+rgb_ngram_svd,
SoilOriginal,svm,42,1,full,random_075,0.8482986537543662,0.8991228070175439,8,4728,3.1328271539969137,beitv2_base_final+convnext_v2_t+eva02_base+gabor+glcm+lbp+resnet101+rgb_ngram_svd,
SoilOriginal,svm,42,1,full,random_076,0.8396851607701795,0.9122807017543859,8,9936,4.566668202998699,deit_s+dinov2_large+drlbp+eva02_base+mae_base+resnet101+swin_t+vgg16,
SoilOriginal,svm,42,1,full,random_077,0.8562949538488844,0.9122807017543859,8,7852,4.674007909998181,deit_s+eva02_base+glcm+hog+lbp+resnet101+resnet50+vit_b16,
SoilOriginal,svm,42,1,full,random_078,0.822878438081104,0.9078947368421053,8,10960,4.153594952003914,convnext_v2_t+deit_s+dinov2+drlbp+eva02_base+resnet101+resnet50+vgg16,
SoilOriginal,svm,42,1,full,random_079,0.8256807507692072,0.8947368421052632,8,5394,3.170525080000516,deit_s+dinov2+dinov2_small+glcm+mae_base+resnet101+rgb_ngram_svd+siglip_base,
SoilOriginal,svm,42,1,full,random_080,0.8217434194877804,0.8991228070175439,8,9542,5.554538294003578,densenet121+dinov2_large+drlbp+eva02_base+glcm+hog+siglip_base+vgg16,
SoilOriginal,svm,42,1,full,random_081,0.8216232368946651,0.8991228070175439,8,6144,3.8135016900050687,deit_s+dinov2_large+dinov2_small+efficientnet_b0+eva02_base+mae_base+siglip_base+swin_t,
SoilOriginal,svm,42,1,full,random_082,0.8517907008546669,0.9078947368421053,8,8682,3.9448410740005784,dinov2_small+drlbp+eva02_base+hog+lbp+mae_base+swin_t+vgg16,
SoilOriginal,svm,42,1,full,random_083,0.8661454288520483,0.9166666666666666,8,8210,3.1801027900000918,beitv2_base_final+deit_s+densenet121+dinov2_small+efficientnet_b0+glcm+rgb_ngram_svd+vgg16,
SoilOriginal,svm,42,1,full,random_084,0.848174964448523,0.9078947368421053,8,6546,2.9873557629980496,beitv2_base_final+densenet121+dinov2+dinov2_small+eva02_base+glcm+resnet101+vit_b16,
SoilOriginal,svm,42,1,full,random_085,0.8431932264060968,0.9078947368421053,8,8886,3.0569672899946454,convnext_v2_t+dinov2_large+drlbp+gabor+lbp+mae_base+resnet101+vgg16,
SoilOriginal,svm,42,1,full,random_086,0.772524478003434,0.8771929824561403,8,8090,3.8497281529998872,beitv2_base_final+dinov2+dinov2_large+dinov2_small+efficientnet_b0+hog+lbp+resnet50,
SoilOriginal,svm,42,1,full,random_087,0.8142021917215716,0.8947368421052632,8,10932,5.008519968003384,densenet121+dinov2_small+drlbp+hog+resnet50+siglip_base+vgg16+vit_b16,
SoilOriginal,svm,42,1,full,random_088,0.89720587395006,0.9298245614035088,8,9728,2.9488296679992345,beitv2_base_final+densenet121+dinov2+efficientnet_b0+eva02_base+rgb_ngram_svd+siglip_base+vgg16,
SoilOriginal,svm,42,1,full,random_089,0.8157004964575111,0.9035087719298246,8,4882,2.4714295960002346,convnext_v2_t+deit_s+drlbp+gabor+glcm+mae_base+resnet50+siglip_base,
SoilOriginal,svm,42,1,full,random_090,0.8128654441194743,0.8991228070175439,8,12150,3.5726025699987076,deit_s+dinov2+dinov2_large+glcm+hog+resnet101+resnet50+vgg16,
SoilOriginal,svm,42,1,full,random_091,0.8322367193698291,0.9035087719298246,8,8624,2.7429809459936223,densenet121+dinov2+dinov2_small+eva02_base+gabor+mae_base+vgg16+vit_b16,
SoilOriginal,svm,42,1,full,random_092,0.8440274583434711,0.8991228070175439,8,4836,2.6619126589939697,convnext_v2_t+dinov2+dinov2_small+drlbp+gabor+hog+mae_base+rgb_ngram_svd,
SoilOriginal,svm,42,1,full,random_093,0.8128374583392943,0.8991228070175439,8,9106,3.056591128995933,convnext_v2_t+dinov2+drlbp+efficientnet_b0+gabor+glcm+resnet50+vgg16,
SoilOriginal,svm,42,1,full,random_094,0.8492922316361728,0.9078947368421053,8,8116,4.047788575000595,beitv2_base_final+convnext_v2_t+densenet121+dinov2_small+drlbp+efficientnet_b0+hog+resnet101,
SoilOriginal,svm,42,1,full,random_095,0.8511910809373513,0.9035087719298246,8,4560,2.3965976019972004,beitv2_base_final+convnext_v2_t+deit_s+drlbp+eva02_base+mae_base+rgb_ngram_svd+siglip_base,
SoilOriginal,svm,42,1,full,random_096,0.8500462655025398,0.9035087719298246,8,5064,2.7893660199988517,beitv2_base_final+dinov2_small+glcm+lbp+mae_base+resnet50+rgb_ngram_svd+siglip_base,
SoilOriginal,svm,42,1,full,random_097,0.8559722069434642,0.9078947368421053,8,7476,5.284226007999678,beitv2_base_final+densenet121+drlbp+eva02_base+hog+resnet101+rgb_ngram_svd+swin_t,
SoilOriginal,svm,42,1,full,random_098,0.7974022229679226,0.8903508771929824,8,7504,4.123679924996395,deit_s+dinov2+dinov2_large+dinov2_small+drlbp+resnet101+resnet50+swin_t,
SoilOriginal,svm,42,1,full,random_099,0.8644190742016084,0.9166666666666666,8,5394,3.8962000790052116,beitv2_base_final+dinov2+efficientnet_b0+glcm+mae_base+rgb_ngram_svd+siglip_base+vit_b16,
SoilOriginal,svm,42,2,full,random_000,0.8040038775285195,0.8859649122807017,3,2176,0.8399656799956574,deit_s+dinov2_large+siglip_base,
SoilOriginal,svm,42,2,full,random_001,0.8038062188438128,0.881578947368421,3,4096,1.1157145200049854,densenet121+dinov2_large+resnet50,
SoilOriginal,svm,42,2,full,random_002,0.7916353112686643,0.868421052631579,3,2816,0.9814992579995305,convnext_v2_t+densenet121+dinov2_large,
SoilOriginal,svm,42,2,full,random_003,0.870622726029478,0.9078947368421053,3,2176,0.6778511020020233,deit_s+densenet121+eva02_base,
SoilOriginal,svm,42,2,full,random_004,0.801428504496314,0.8859649122807017,3,2834,0.8669073069977458,glcm+resnet50+siglip_base,
SoilOriginal,svm,42,2,full,random_005,0.8069857823803633,0.8771929824561403,3,1536,0.5107203689985909,deit_s+dinov2_small+siglip_base,
SoilOriginal,svm,42,2,full,random_006,0.854521983490428,0.8991228070175439,3,1408,0.4855359069988481,deit_s+dinov2+rgb_ngram_svd,
SoilOriginal,svm,42,2,full,random_007,0.8876456531609694,0.9166666666666666,3,4580,1.4686789199986379,hog+resnet101+vit_b16,
SoilOriginal,svm,42,2,full,random_008,0.8078675896656736,0.868421052631579,3,2486,0.6439554840035271,dinov2_small+lbp+resnet101,
SoilOriginal,svm,42,2,full,random_009,0.8613169286853498,0.9078947368421053,3,5632,0.825131063000299,beitv2_base_final+eva02_base+vgg16,
SoilOriginal,svm,42,2,full,random_010,0.816664701590122,0.8903508771929824,3,2560,0.7631977459968766,dinov2_large+eva02_base+swin_t,
SoilOriginal,svm,42,2,full,random_011,0.8566515779104252,0.9035087719298246,3,1616,0.5474473369977204,drlbp+swin_t+vit_b16,
SoilOriginal,svm,42,2,full,random_012,0.8666091698389484,0.9078947368421053,3,1920,0.6452058119975845,convnext_v2_t+deit_s+vit_b16,
SoilOriginal,svm,42,2,full,random_013,0.813633432805015,0.8859649122807017,3,3152,0.8812175519997254,dinov2_large+drlbp+resnet101,
SoilOriginal,svm,42,2,full,random_014,0.8259669054211655,0.881578947368421,3,4944,0.7195467819983605,convnext_v2_t+drlbp+vgg16,
SoilOriginal,svm,42,2,full,random_015,0.8357748123924852,0.8947368421052632,3,1616,0.6132431350051775,drlbp+eva02_base+swin_t,
SoilOriginal,svm,42,2,full,random_016,0.7818000149876353,0.8596491228070176,3,2834,1.0515650439992896,glcm+mae_base+resnet50,
SoilOriginal,svm,42,2,full,random_017,0.7947954795485199,0.868421052631579,3,2816,1.2664083290001145,densenet121+dinov2+dinov2_large,
SoilOriginal,svm,42,2,full,random_018,0.8500744465117476,0.8947368421052632,3,4096,1.2119794829995953,efficientnet_b0+resnet50+siglip_base,
SoilOriginal,svm,42,2,full,random_019,0.8629094634140893,0.9078947368421053,3,2304,0.9550932720012497,beitv2_base_final+mae_base+siglip_base,
SoilOriginal,svm,42,2,full,random_020,0.7848694538544162,0.881578947368421,3,5632,1.007303177000722,convnext_v2_t+dinov2+vgg16,
SoilOriginal,svm,42,2,full,random_021,0.8715944497339397,0.8947368421052632,3,2816,1.1630998180044116,efficientnet_b0+mae_base+vit_b16,
SoilOriginal,svm,42,2,full,random_022,0.7782519657864183,0.8771929824561403,3,2304,0.7580726520027383,beitv2_base_final+dinov2+swin_t,
SoilOriginal,svm,42,2,full,random_023,0.8756715821124688,0.9166666666666666,3,3584,0.9625011829994037,convnext_v2_t+mae_base+resnet101,
SoilOriginal,svm,42,2,full,random_024,0.8629094634140893,0.9078947368421053,3,2304,0.9033133920020191,beitv2_base_final+mae_base+siglip_base,
SoilOriginal,svm,42,2,full,random_025,0.8057142461504376,0.881578947368421,3,2560,0.9284788910008501,convnext_v2_t+dinov2_large+mae_base,
SoilOriginal,svm,42,2,full,random_026,0.7542733217157026,0.8157894736842105,3,4168,0.6764710630013724,glcm+lbp+vgg16,
SoilOriginal,svm,42,2,full,random_027,0.8629094634140893,0.9078947368421053,3,2304,0.8608670070025255,beitv2_base_final+mae_base+siglip_base,
SoilOriginal,svm,42,2,full,random_028,0.8478306678208389,0.8903508771929824,3,2432,0.838616198998352,dinov2_small+efficientnet_b0+vit_b16,
SoilOriginal,svm,42,2,full,random_029,0.7227621400745339,0.8289473684210527,3,1232,0.4726450699963607,dinov2+dinov2_small+drlbp,
SoilOriginal,svm,42,2,full,random_030,0.8611270133957667,0.9078947368421053,3,2304,0.9507607420018758,beitv2_base_final+convnext_v2_t+mae_base,
SoilOriginal,svm,42,2,full,random_031,0.8372882871763051,0.8859649122807017,3,1840,0.7737768990045879,convnext_v2_t+densenet121+gabor,
SoilOriginal,svm,42,2,full,random_032,0.8570471269648703,0.9035087719298246,3,2304,0.7881228590049432,beitv2_base_final+convnext_v2_t+swin_t,
SoilOriginal,svm,42,2,full,random_033,0.8762852432874261,0.9078947368421053,3,4352,0.9147449550000601,resnet101+resnet50+rgb_ngram_svd,
SoilOriginal,svm,42,2,full,random_034,0.888876928050356,0.9166666666666666,3,1408,0.5820928710018052,deit_s+rgb_ngram_svd+swin_t,
SoilOriginal,svm,42,2,full,random_035,0.8295092182310227,0.8903508771929824,3,6528,0.9507722719936282,dinov2_small+resnet101+vgg16,
SoilOriginal,svm,42,2,full,random_036,0.8510316321650612,0.8947368421052632,3,834,0.30228292100218823,gabor+glcm+siglip_base,
SoilOriginal,svm,42,2,full,random_037,0.7807501880644295,0.881578947368421,3,1920,0.5493091649987036,deit_s+dinov2+vit_b16,
SoilOriginal,svm,42,2,full,random_038,0.8004531796976585,0.8771929824561403,3,2560,1.0942190760033554,dinov2_large+eva02_base+siglip_base,
SoilOriginal,svm,42,2,full,random_039,0.833998484634379,0.881578947368421,3,2120,0.7195236859988654,glcm+lbp+resnet101,
SoilOriginal,svm,42,2,full,random_040,0.7597379079231551,0.868421052631579,3,3584,1.2650071530006244,dinov2+mae_base+resnet50,
SoilOriginal,svm,42,2,full,random_041,0.8586466283776854,0.9078947368421053,3,2560,0.928435930996784,dinov2_large+mae_base+vit_b16,
SoilOriginal,svm,42,2,full,random_042,0.779406914718578,0.868421052631579,3,2304,0.718172028005938,dinov2+swin_t+vit_b16,
SoilOriginal,svm,42,2,full,random_043,0.8382836161971056,0.8903508771929824,3,2816,1.0745727070025168,beitv2_base_final+efficientnet_b0+eva02_base,
SoilOriginal,svm,42,2,full,random_044,0.8305655790793153,0.8771929824561403,3,3866,1.5807278270003735,hog+lbp+resnet101,
SoilOriginal,svm,42,2,full,random_045,0.8365477673861302,0.8947368421052632,3,2896,0.6230363509966992,drlbp+resnet50+vit_b16,
SoilOriginal,svm,42,2,full,random_046,0.7986473655161503,0.868421052631579,3,6244,1.323602516000392,dinov2_small+hog+vgg16,
SoilOriginal,svm,42,2,full,random_047,0.8450958410700592,0.8991228070175439,3,4864,1.0984779600039474,eva02_base+resnet101+resnet50,
SoilOriginal,svm,42,2,full,random_048,0.8471922680881564,0.8947368421052632,3,2816,0.9395268369989935,efficientnet_b0+eva02_base+swin_t,
SoilOriginal,svm,42,2,full,random_049,0.7959971950518426,0.8771929824561403,3,1872,0.9646792279963847,dinov2_large+drlbp+siglip_base,
SoilOriginal,svm,42,2,full,random_050,0.8315556131708581,0.8859649122807017,3,1584,0.8493760569981532,convnext_v2_t+gabor+swin_t,
SoilOriginal,svm,42,2,full,random_051,0.8976278962548986,0.9298245614035088,3,1584,0.6472358650062233,gabor+siglip_base+vit_b16,
SoilOriginal,svm,42,2,full,random_052,0.8447124834026144,0.9035087719298246,3,4580,1.947623483996722,hog+resnet101+swin_t,
SoilOriginal,svm,42,2,full,random_053,0.8306982327478977,0.8903508771929824,3,3300,1.5885313469989342,beitv2_base_final+eva02_base+hog,
SoilOriginal,svm,42,2,full,random_054,0.8274253845682418,0.8903508771929824,3,4096,1.3011594190029427,efficientnet_b0+eva02_base+resnet50,
SoilOriginal,svm,42,2,full,random_055,0.8696018485898558,0.9166666666666666,3,1554,0.733935571006441,convnext_v2_t+glcm+siglip_base,
SoilOriginal,svm,42,2,full,random_056,0.8240182528286637,0.8991228070175439,3,1554,0.7090879019960994,convnext_v2_t+eva02_base+glcm,
SoilOriginal,svm,42,2,full,random_057,0.850157709860288,0.8903508771929824,3,1408,0.5463119729975006,beitv2_base_final+deit_s+rgb_ngram_svd,
SoilOriginal,svm,42,2,full,random_058,0.8150442990285865,0.8771929824561403,3,3072,1.474854789004894,dinov2_large+efficientnet_b0+siglip_base,
SoilOriginal,svm,42,2,full,random_059,0.8417407272986714,0.8903508771929824,3,3300,1.7772715460014297,eva02_base+hog+mae_base,
SoilOriginal,svm,42,2,full,random_060,0.8780438269333891,0.9122807017543859,3,3584,1.2112460950011155,beitv2_base_final+convnext_v2_t+resnet101,
SoilOriginal,svm,42,2,full,random_061,0.8521092068740258,0.8991228070175439,3,840,0.41178748700622236,beitv2_base_final+glcm+lbp,
SoilOriginal,svm,42,2,full,random_062,0.7910037205361241,0.868421052631579,3,3556,1.7123582710046321,convnext_v2_t+dinov2_large+hog,
SoilOriginal,svm,42,2,full,random_063,0.7645963362972453,0.8508771929824561,3,1232,0.5624884089993429,dinov2_small+drlbp+eva02_base,
SoilOriginal,svm,42,2,full,random_064,0.8415790674069349,0.8859649122807017,3,4352,1.4746609650028404,densenet121+efficientnet_b0+resnet101,
SoilOriginal,svm,42,2,full,random_065,0.7527229837172238,0.8508771929824561,3,1846,1.2591762409938383,dinov2_large+lbp+mae_base,
SoilOriginal,svm,42,2,full,random_066,0.7848005391066397,0.868421052631579,3,2816,1.0968342349951854,dinov2+efficientnet_b0+siglip_base,
SoilOriginal,svm,42,2,full,random_067,0.7932984934864634,0.8421052631578947,3,2916,1.9669673460011836,deit_s+hog+mae_base,
SoilOriginal,svm,42,2,full,random_068,0.7961077452654834,0.8728070175438597,3,1810,0.9162470399969607,convnext_v2_t+dinov2_large+glcm,
SoilOriginal,svm,42,2,full,random_069,0.8273719613069114,0.8903508771929824,3,2176,0.897431115998188,beitv2_base_final+deit_s+dinov2_large,
SoilOriginal,svm,42,2,full,random_070,0.8429978370087264,0.8991228070175439,3,1840,0.7847636680016876,dinov2_large+gabor+vit_b16,
SoilOriginal,svm,42,2,full,random_071,0.8055877874565548,0.8771929824561403,3,6198,1.2160390110002481,lbp+resnet50+vgg16,
SoilOriginal,svm,42,2,full,random_072,0.7969480510811762,0.868421052631579,3,2450,0.7467651650003972,deit_s+glcm+resnet50,
SoilOriginal,svm,42,2,full,random_073,0.7486133200288606,0.8421052631578947,3,2202,1.579982162998931,dinov2_small+hog+lbp,
SoilOriginal,svm,42,2,full,random_074,0.7216459055836383,0.8245614035087719,3,2836,1.900221939002222,dinov2_large+gabor+hog,
SoilOriginal,svm,42,2,full,random_075,0.8051953476765508,0.8421052631578947,3,4918,1.369846277993929,lbp+mae_base+vgg16,
SoilOriginal,svm,42,2,full,random_076,0.8548447589244405,0.9035087719298246,3,2304,0.9922522750057396,eva02_base+mae_base+swin_t,
SoilOriginal,svm,42,2,full,random_077,0.7992901788752819,0.8771929824561403,3,3200,0.97332883800118,deit_s+resnet50+siglip_base,
SoilOriginal,svm,42,2,full,random_078,0.8650014357759749,0.9122807017543859,3,3584,1.2065372119977837,convnext_v2_t+resnet50+siglip_base,
SoilOriginal,svm,42,2,full,random_079,0.8429978370087264,0.8991228070175439,3,1840,0.8735485299985157,dinov2_large+gabor+vit_b16,
SoilOriginal,svm,42,2,full,random_080,0.7734463829731614,0.868421052631579,3,4836,2.0069162849977147,dinov2_large+hog+resnet50,
SoilOriginal,svm,42,2,full,random_081,0.884726943733155,0.9122807017543859,3,2864,1.0200107209966518,gabor+resnet101+vit_b16,
SoilOriginal,svm,42,2,full,random_082,0.8595347552417648,0.8947368421052632,3,1810,0.7823138270032359,densenet121+glcm+vit_b16,
SoilOriginal,svm,42,2,full,random_083,0.8819602771297618,0.9122807017543859,3,3072,0.8993983499967726,eva02_base+resnet101+rgb_ngram_svd,
SoilOriginal,svm,42,2,full,random_084,0.8239210065297022,0.8728070175438597,3,6400,1.548622140995576,densenet121+efficientnet_b0+vgg16,
SoilOriginal,svm,42,2,full,random_085,0.8144105550660761,0.8859649122807017,3,1920,0.8204266949978773,convnext_v2_t+dinov2_small+eva02_base,
SoilOriginal,svm,42,2,full,random_086,0.882749253539527,0.9122807017543859,3,2176,0.8882845189946238,deit_s+densenet121+vit_b16,
SoilOriginal,svm,42,2,full,random_087,0.750621085052147,0.8552631578947368,3,3300,1.760256975001539,dinov2+hog+siglip_base,
SoilOriginal,svm,42,2,full,random_088,0.8425956475648183,0.8947368421052632,3,1846,0.8470672850016854,densenet121+lbp+swin_t,
SoilOriginal,svm,42,2,full,random_089,0.8516996652334999,0.8947368421052632,3,3840,1.1329439019973506,densenet121+resnet101+siglip_base,
SoilOriginal,svm,42,2,full,random_090,0.8774341604368104,0.9035087719298246,3,2128,0.9466016190053779,drlbp+efficientnet_b0+vit_b16,
SoilOriginal,svm,42,2,full,random_091,0.8464102094281752,0.8947368421052632,3,3300,1.2260774949972983,hog+swin_t+vit_b16,
SoilOriginal,svm,42,2,full,random_092,0.8295092182310227,0.8903508771929824,3,6528,1.080543691998173,dinov2_small+resnet101+vgg16,
SoilOriginal,svm,42,2,full,random_093,0.797025121730908,0.8728070175438597,3,1682,0.7979834430007031,deit_s+efficientnet_b0+glcm,
SoilOriginal,svm,42,2,full,random_094,0.8369297324177933,0.8947368421052632,3,1554,0.6338279069968848,eva02_base+glcm+swin_t,
SoilOriginal,svm,42,2,full,random_095,0.8194605002501341,0.8991228070175439,3,4864,1.2027291419944959,dinov2+resnet101+resnet50,
SoilOriginal,svm,42,2,full,random_096,0.8147799973886932,0.8728070175438597,3,3408,1.0820022499974584,drlbp+efficientnet_b0+resnet50,
SoilOriginal,svm,42,2,full,random_097,0.8907351519164693,0.9210526315789473,3,5120,0.7651077639966388,eva02_base+rgb_ngram_svd+vgg16,
SoilOriginal,svm,42,2,full,random_098,0.8743794983371612,0.9122807017543859,3,1408,0.5521270489989547,deit_s+rgb_ngram_svd+siglip_base,
SoilOriginal,svm,42,2,full,random_099,0.8505957684179101,0.9035087719298246,3,1616,0.5660484409963829,beitv2_base_final+drlbp+eva02_base,
SoilOriginal,svm,42,3,full,random_000,0.8840782282323635,0.9385964912280702,5,4480,1.4234903649994521,deit_s+dinov2_large+mae_base+resnet50+rgb_ngram_svd,
SoilOriginal,svm,42,3,full,random_001,0.9053430107140901,0.9385964912280702,5,6528,1.8541162320034346,beitv2_base_final+deit_s+efficientnet_b0+resnet101+resnet50,
SoilOriginal,svm,42,3,full,random_002,0.924448544073404,0.9429824561403509,5,4224,1.3211845620025997,deit_s+dinov2+eva02_base+resnet50+rgb_ngram_svd,
SoilOriginal,svm,42,3,full,random_003,0.9092118649010006,0.9429824561403509,5,4406,1.5090155200014124,beitv2_base_final+eva02_base+lbp+mae_base+resnet50,
SoilOriginal,svm,42,3,full,random_004,0.8915116544838542,0.9210526315789473,5,3858,1.3377424249993055,beitv2_base_final+glcm+mae_base+resnet50+rgb_ngram_svd,
SoilOriginal,svm,42,3,full,random_005,0.8809607700920575,0.9122807017543859,5,4966,1.5473580789985135,gabor+lbp+resnet101+resnet50+vit_b16,
SoilOriginal,svm,42,3,full,random_006,0.8550029638068976,0.9122807017543859,5,4646,2.2789271340006962,gabor+glcm+hog+resnet101+swin_t,
SoilOriginal,svm,42,3,full,random_007,0.9108688967523381,0.9429824561403509,5,5120,1.8296136850040057,beitv2_base_final+convnext_v2_t+resnet50+siglip_base+vit_b16,
SoilOriginal,svm,42,3,full,random_008,0.875501493196593,0.9166666666666666,5,8272,2.1176856189995306,convnext_v2_t+drlbp+efficientnet_b0+resnet50+vgg16,
SoilOriginal,svm,42,3,full,random_009,0.8774532535873538,0.9298245614035088,5,3738,1.631161504999909,dinov2_small+eva02_base+hog+lbp+siglip_base,
SoilOriginal,svm,42,3,full,random_010,0.9145478723678127,0.9473684210526315,5,1480,0.7327948020028998,dinov2+dinov2_small+glcm+lbp+rgb_ngram_svd,
SoilOriginal,svm,42,3,full,random_011,0.8850650167288537,0.9254385964912281,5,3474,0.9118818300048588,beitv2_base_final+dinov2_small+glcm+resnet50+rgb_ngram_svd,
SoilOriginal,svm,42,3,full,random_012,0.8980213887105244,0.9429824561403509,5,3632,1.398493366999901,dinov2+efficientnet_b0+gabor+swin_t+vit_b16,
SoilOriginal,svm,42,3,full,random_013,0.9031520097309571,0.9342105263157895,5,2706,0.9758107500019833,dinov2_small+efficientnet_b0+eva02_base+glcm+rgb_ngram_svd,
SoilOriginal,svm,42,3,full,random_014,0.9002202056688643,0.9473684210526315,5,4048,1.3368958880018909,dinov2_small+drlbp+eva02_base+mae_base+resnet50,
SoilOriginal,svm,42,3,full,random_015,0.9007786656431014,0.9429824561403509,5,6528,1.3229220089997398,densenet121+dinov2_small+rgb_ngram_svd+swin_t+vgg16,
SoilOriginal,svm,42,3,full,random_016,0.8741323948734073,0.9254385964912281,5,3888,1.3589814139995724,deit_s+densenet121+dinov2_small+gabor+resnet50,
SoilOriginal,svm,42,3,full,random_017,0.9126261519878541,0.9385964912280702,5,3840,1.460497291998763,beitv2_base_final+efficientnet_b0+eva02_base+rgb_ngram_svd+siglip_base,
SoilOriginal,svm,42,3,full,random_018,0.9158128398460998,0.9517543859649122,5,3382,1.5506565190007677,beitv2_base_final+dinov2+dinov2_large+eva02_base+lbp,
SoilOriginal,svm,42,3,full,random_019,0.9219327669744303,0.9473684210526315,5,4646,2.0539004969978123,eva02_base+gabor+glcm+hog+resnet50,
SoilOriginal,svm,42,3,full,random_020,0.9001718325109395,0.9473684210526315,5,3968,1.5592576970011578,beitv2_base_final+densenet121+dinov2_large+dinov2_small+siglip_base,
SoilOriginal,svm,42,3,full,random_021,0.8850152784666488,0.9254385964912281,5,7296,1.6691850839997642,beitv2_base_final+deit_s+efficientnet_b0+siglip_base+vgg16,
SoilOriginal,svm,42,3,full,random_022,0.8452538316247374,0.8903508771929824,5,5528,1.3544351439995808,drlbp+efficientnet_b0+glcm+lbp+vgg16,
SoilOriginal,svm,42,3,full,random_023,0.9090701241117874,0.9385964912280702,5,5712,1.6538528950040927,beitv2_base_final+drlbp+eva02_base+resnet101+resnet50,
SoilOriginal,svm,42,3,full,random_024,0.8935939294812819,0.9342105263157895,5,3328,1.2568701449999935,deit_s+dinov2+drlbp+gabor+resnet101,
SoilOriginal,svm,42,3,full,random_025,0.8817962840912658,0.9254385964912281,5,7728,2.4946053590028896,gabor+mae_base+resnet50+siglip_base+vgg16,
SoilOriginal,svm,42,3,full,random_026,0.8970330691312951,0.9254385964912281,5,3200,1.755781098996522,drlbp+gabor+resnet101+rgb_ngram_svd+swin_t,
SoilOriginal,svm,42,3,full,random_027,0.9030267012615821,0.9342105263157895,5,4534,2.0505200429979595,deit_s+efficientnet_b0+eva02_base+lbp+resnet50,
SoilOriginal,svm,42,3,full,random_028,0.9088911595125458,0.9473684210526315,5,4944,2.1557751189975534,dinov2+drlbp+efficientnet_b0+resnet101+siglip_base,
SoilOriginal,svm,42,3,full,random_029,0.8487862373928741,0.8991228070175439,5,4500,3.1134942569988198,deit_s+densenet121+efficientnet_b0+gabor+hog,
SoilOriginal,svm,42,3,full,random_030,0.865439933412686,0.9078947368421053,5,6454,2.35600534400146,efficientnet_b0+lbp+rgb_ngram_svd+swin_t+vgg16,
SoilOriginal,svm,42,3,full,random_031,0.874414557470166,0.9254385964912281,5,3434,2.5528516650010715,convnext_v2_t+drlbp+hog+lbp+swin_t,
SoilOriginal,svm,42,3,full,random_032,0.8994909895574811,0.9473684210526315,5,6930,1.742514678997395,beitv2_base_final+densenet121+dinov2_large+glcm+vgg16,
SoilOriginal,svm,42,3,full,random_033,0.881585476174605,0.9342105263157895,5,2736,1.1917211469990434,beitv2_base_final+deit_s+dinov2+gabor+siglip_base,
SoilOriginal,svm,42,3,full,random_034,0.8878724436348249,0.9298245614035088,5,4406,1.4072008939983789,convnext_v2_t+eva02_base+lbp+resnet101+swin_t,
SoilOriginal,svm,42,3,full,random_035,0.8742950495324326,0.9210526315789473,5,4918,1.574209828999301,efficientnet_b0+lbp+resnet50+siglip_base+swin_t,
SoilOriginal,svm,42,3,full,random_036,0.8931778345549978,0.9298245614035088,5,2992,1.285448686001473,beitv2_base_final+deit_s+densenet121+eva02_base+gabor,
SoilOriginal,svm,42,3,full,random_037,0.9004166890135318,0.9473684210526315,5,2626,1.3009692310006358,beitv2_base_final+dinov2_large+eva02_base+gabor+glcm,
SoilOriginal,svm,42,3,full,random_038,0.8959427534858048,0.9298245614035088,5,2224,0.8620565759993042,beitv2_base_final+dinov2_small+gabor+rgb_ngram_svd+vit_b16,
SoilOriginal,svm,42,3,full,random_039,0.8761697548851224,0.9429824561403509,5,6352,1.5855368740012636,densenet121+dinov2_small+drlbp+siglip_base+vgg16,
SoilOriginal,svm,42,3,full,random_040,0.908760688990119,0.9429824561403509,5,6884,2.4864852739992784,dinov2_large+efficientnet_b0+hog+resnet50+siglip_base,
SoilOriginal,svm,42,3,full,random_041,0.8761813213433643,0.9254385964912281,5,5346,1.1215370740028447,deit_s+drlbp+glcm+siglip_base+vgg16,
SoilOriginal,svm,42,3,full,random_042,0.8915116544838542,0.9210526315789473,5,3858,1.2989683320047334,beitv2_base_final+glcm+mae_base+resnet50+rgb_ngram_svd,
SoilOriginal,svm,42,3,full,random_043,0.8976433068001866,0.9429824561403509,5,3712,1.5686670180002693,beitv2_base_final+convnext_v2_t+deit_s+dinov2_large+swin_t,
SoilOriginal,svm,42,3,full,random_044,0.8694070578859765,0.9122807017543859,5,4166,1.9363866499988944,drlbp+glcm+hog+resnet50+rgb_ngram_svd,
SoilOriginal,svm,42,3,full,random_045,0.89147744249328,0.9385964912280702,5,4342,2.388963033001346,convnext_v2_t+dinov2_large+glcm+hog+mae_base,
SoilOriginal,svm,42,3,full,random_046,0.8583969856518909,0.9210526315789473,5,4992,1.9741273270046804,deit_s+densenet121+mae_base+resnet50+siglip_base,
SoilOriginal,svm,42,3,full,random_047,0.8947204551441905,0.9429824561403509,5,2918,1.6750473419961054,dinov2+efficientnet_b0+gabor+lbp+siglip_base,
SoilOriginal,svm,42,3,full,random_048,0.9091593730399062,0.9473684210526315,5,4656,1.508211692002078,beitv2_base_final+dinov2_large+gabor+resnet50+siglip_base,
SoilOriginal,svm,42,3,full,random_049,0.8943142901977315,0.9385964912280702,5,7314,1.3353120369938551,dinov2_small+eva02_base+glcm+resnet50+vgg16,
SoilOriginal,svm,42,3,full,random_050,0.8880456683899766,0.9298245614035088,5,3638,1.7096857950018602,beitv2_base_final+efficientnet_b0+lbp+mae_base+siglip_base,
SoilOriginal,svm,42,3,full,random_051,0.9009419225703565,0.9473684210526315,5,2706,1.166329751999001,beitv2_base_final+convnext_v2_t+dinov2_small+glcm+swin_t,
SoilOriginal,svm,42,3,full,random_052,0.8953891128335217,0.9298245614035088,5,2658,1.1640385060018161,densenet121+drlbp+eva02_base+glcm+vit_b16,
SoilOriginal,svm,42,3,full,random_053,0.8912380717229444,0.9385964912280702,5,2578,1.2246105869999155,convnext_v2_t+deit_s+dinov2_large+dinov2_small+glcm,
SoilOriginal,svm,42,3,full,random_054,0.8780648470371671,0.9166666666666666,5,6960,1.645279684002162,efficientnet_b0+gabor+mae_base+vgg16+vit_b16,
SoilOriginal,svm,42,3,full,random_055,0.8837368780060876,0.9254385964912281,5,3860,2.0212607069988735,dinov2_large+gabor+hog+mae_base+rgb_ngram_svd,
SoilOriginal,svm,42,3,full,random_056,0.8868139379417574,0.9385964912280702,5,6144,2.2714648760011187,densenet121+dinov2_large+efficientnet_b0+eva02_base+resnet101,
SoilOriginal,svm,42,3,full,random_057,0.8935537161873224,0.9298245614035088,5,3248,1.60618654400605,beitv2_base_final+deit_s+efficientnet_b0+gabor+mae_base,
SoilOriginal,svm,42,3,full,random_058,0.8664044452761267,0.9210526315789473,5,3474,1.1970638249986223,dinov2_small+glcm+resnet101+rgb_ngram_svd+swin_t,
SoilOriginal,svm,42,3,full,random_059,0.8522489197755808,0.8947368421052632,5,4598,2.531579795999278,efficientnet_b0+glcm+hog+mae_base+swin_t,
SoilOriginal,svm,42,3,full,random_060,0.8866339695368092,0.9254385964912281,5,6960,1.6048066229996039,beitv2_base_final+efficientnet_b0+gabor+swin_t+vgg16,
SoilOriginal,svm,42,3,full,random_061,0.869370810903069,0.9078947368421053,5,2146,0.9437346740014618,densenet121+drlbp+glcm+rgb_ngram_svd+swin_t,
SoilOriginal,svm,42,3,full,random_062,0.9024674900115085,0.9254385964912281,5,3888,1.1896065099936095,convnext_v2_t+gabor+resnet101+rgb_ngram_svd+swin_t,
SoilOriginal,svm,42,3,full,random_063,0.874414557470166,0.9254385964912281,5,4086,2.137169026005722,convnext_v2_t+glcm+hog+mae_base+swin_t,
SoilOriginal,svm,42,3,full,random_064,0.924448544073404,0.9429824561403509,5,4224,1.266167053996469,deit_s+dinov2+eva02_base+resnet101+rgb_ngram_svd,
SoilOriginal,svm,42,3,full,random_065,0.8908171150064034,0.9385964912280702,5,6064,1.6883897870065994,convnext_v2_t+dinov2_small+gabor+swin_t+vgg16,
SoilOriginal,svm,42,3,full,random_066,0.9007039823017093,0.9473684210526315,5,2632,1.5142814560022089,dinov2_large+eva02_base+glcm+lbp+swin_t,
SoilOriginal,svm,42,3,full,random_067,0.8688405518315659,0.9166666666666666,5,5248,1.5612229719990864,deit_s+efficientnet_b0+eva02_base+resnet101+swin_t,
SoilOriginal,svm,42,3,full,random_068,0.8930854369290573,0.9298245614035088,5,4918,1.9272309799998766,efficientnet_b0+eva02_base+lbp+mae_base+resnet50,
SoilOriginal,svm,42,3,full,random_069,0.8879829702921996,0.9298245614035088,5,8292,2.326760545001889,deit_s+dinov2+efficientnet_b0+hog+vgg16,
SoilOriginal,svm,42,3,full,random_070,0.8837787826454344,0.9254385964912281,5,4784,1.8175304289979977,densenet121+dinov2_small+efficientnet_b0+gabor+resnet101,
SoilOriginal,svm,42,3,full,random_071,0.8846670176287699,0.9254385964912281,5,4678,1.9824455169946305,drlbp+eva02_base+glcm+hog+resnet101,
SoilOriginal,svm,42,3,full,random_072,0.9161601909077365,0.9473684210526315,5,6372,2.476587228004064,beitv2_base_final+densenet121+hog+resnet50+siglip_base,
SoilOriginal,svm,42,3,full,random_073,0.8823441474495566,0.9298245614035088,5,3712,1.5381129239976872,drlbp+gabor+resnet101+siglip_base+swin_t,
SoilOriginal,svm,42,3,full,random_074,0.8790074438461122,0.9254385964912281,5,7092,2.0463519769982668,deit_s+drlbp+hog+siglip_base+vgg16,
SoilOriginal,svm,42,3,full,random_075,0.8946832775463263,0.9385964912280702,5,3152,1.2378422140027396,beitv2_base_final+drlbp+eva02_base+mae_base+swin_t,
SoilOriginal,svm,42,3,full,random_076,0.8867746818019551,0.9342105263157895,5,5658,2.4762866300006863,dinov2+dinov2_large+hog+lbp+resnet101,
SoilOriginal,svm,42,3,full,random_077,0.8887960660395837,0.9298245614035088,5,4400,1.6567671670054551,eva02_base+gabor+mae_base+resnet101+swin_t,
SoilOriginal,svm,42,3,full,random_078,0.8759335132455435,0.9210526315789473,5,2614,1.1432074660042417,lbp+rgb_ngram_svd+siglip_base+swin_t+vit_b16,
SoilOriginal,svm,42,3,full,random_079,0.9071483193050699,0.9342105263157895,5,5200,1.7746218640022562,dinov2+drlbp+resnet101+resnet50+rgb_ngram_svd,
SoilOriginal,svm,42,3,full,random_080,0.919203594091612,0.9517543859649122,5,4656,1.7021433410045574,convnext_v2_t+densenet121+gabor+resnet101+siglip_base,
SoilOriginal,svm,42,3,full,random_081,0.8711822241580903,0.9078947368421053,5,4224,1.6684586350020254,drlbp+efficientnet_b0+gabor+resnet50+siglip_base,
SoilOriginal,svm,42,3,full,random_082,0.8624184093089314,0.9210526315789473,5,3334,1.0549207770018256,convnext_v2_t+deit_s+drlbp+lbp+resnet50,
SoilOriginal,svm,42,3,full,random_083,0.8916415065059422,0.9385964912280702,5,6272,1.18271336700127,deit_s+dinov2+rgb_ngram_svd+swin_t+vgg16,
SoilOriginal,svm,42,3,full,random_084,0.8802012177925665,0.9385964912280702,5,3376,1.4751246840023668,dinov2+dinov2_large+eva02_base+gabor+vit_b16,
SoilOriginal,svm,42,3,full,random_085,0.8956491196340062,0.9429824561403509,5,4992,1.8872171030016034,deit_s+densenet121+dinov2+resnet50+siglip_base,
SoilOriginal,svm,42,3,full,random_086,0.8770263674166691,0.9254385964912281,5,5888,1.7495935019978788,convnext_v2_t+dinov2_large+efficientnet_b0+resnet101+vit_b16,
SoilOriginal,svm,42,3,full,random_087,0.8536616696694309,0.9166666666666666,5,1986,1.0522140379980556,deit_s+gabor+glcm+swin_t+vit_b16,
SoilOriginal,svm,42,3,full,random_088,0.8974527071266202,0.9298245614035088,5,2640,1.4493233019966283,drlbp+mae_base+rgb_ngram_svd+siglip_base+swin_t,
SoilOriginal,svm,42,3,full,random_089,0.9056282125040858,0.9385964912280702,5,4400,1.6549193949977052,densenet121+dinov2_large+gabor+resnet101+rgb_ngram_svd,
SoilOriginal,svm,42,3,full,random_090,0.846622299420494,0.9035087719298246,5,2652,1.9255239150006673,gabor+glcm+hog+lbp+swin_t,
SoilOriginal,svm,42,3,full,random_091,0.8646482079096429,0.9210526315789473,5,5732,1.8605865189965698,beitv2_base_final+deit_s+hog+resnet50+swin_t,
SoilOriginal,svm,42,3,full,random_092,0.8955960337351314,0.9342105263157895,5,3712,1.5514298279958894,deit_s+dinov2_large+efficientnet_b0+mae_base+rgb_ngram_svd,
SoilOriginal,svm,42,3,full,random_093,0.8742298392004484,0.9254385964912281,5,2534,1.3818728530022781,dinov2_small+efficientnet_b0+eva02_base+gabor+lbp,
SoilOriginal,svm,42,3,full,random_094,0.8863738129101596,0.9298245614035088,5,5504,2.0886365750047844,densenet121+dinov2_small+efficientnet_b0+resnet50+siglip_base,
SoilOriginal,svm,42,3,full,random_095,0.876723072169967,0.9166666666666666,5,3860,2.033110547999968,deit_s+dinov2_small+efficientnet_b0+gabor+hog,
SoilOriginal,svm,42,3,full,random_096,0.8843735866021333,0.9298245614035088,5,3840,1.3965680339970277,beitv2_base_final+eva02_base+mae_base+swin_t+vit_b16,
SoilOriginal,svm,42,3,full,random_097,0.8969904222856283,0.9385964912280702,5,4276,2.5729568530005054,densenet121+dinov2_large+dinov2_small+drlbp+hog,
SoilOriginal,svm,42,3,full,random_098,0.9059377720796599,0.9429824561403509,5,3632,1.739213586995902,dinov2+efficientnet_b0+gabor+mae_base+siglip_base,
SoilOriginal,svm,42,3,full,random_099,0.9021119951008955,0.9342105263157895,5,3632,1.4947119819989894,beitv2_base_final+efficientnet_b0+eva02_base+gabor+mae_base,
SoilOriginal,svm,42,4,full,random_000,0.8936489241303696,0.9254385964912281,7,5940,3.1715859019968775,convnext_v2_t+densenet121+dinov2+drlbp+eva02_base+hog+vit_b16,
SoilOriginal,svm,42,4,full,random_001,0.8956439076205067,0.9342105263157895,7,5064,2.2670039779986837,beitv2_base_final+deit_s+densenet121+eva02_base+glcm+lbp+resnet50,
SoilOriginal,svm,42,4,full,random_002,0.9082712311081105,0.9342105263157895,7,6882,2.174759196997911,dinov2_small+drlbp+eva02_base+glcm+siglip_base+swin_t+vgg16,
SoilOriginal,svm,42,4,full,random_003,0.9119938394958951,0.9473684210526315,7,5680,2.835258030994737,convnext_v2_t+densenet121+dinov2_large+efficientnet_b0+eva02_base+gabor+siglip_base,
SoilOriginal,svm,42,4,full,random_004,0.898040226426495,0.9210526315789473,7,3590,1.6333135820023017,beitv2_base_final+convnext_v2_t+deit_s+drlbp+lbp+siglip_base+swin_t,
SoilOriginal,svm,42,4,full,random_005,0.9344394912933031,0.9517543859649122,7,5556,2.4627642650011694,deit_s+dinov2_large+drlbp+eva02_base+hog+mae_base+vit_b16,
SoilOriginal,svm,42,4,full,random_006,0.8963991347690448,0.9210526315789473,7,6756,3.2346263279978302,drlbp+efficientnet_b0+gabor+hog+resnet50+siglip_base+swin_t,
SoilOriginal,svm,42,4,full,random_007,0.9280279924859719,0.9517543859649122,7,3430,2.7540008059950196,deit_s+dinov2_large+dinov2_small+eva02_base+gabor+lbp+siglip_base,
SoilOriginal,svm,42,4,full,random_008,0.866864578177676,0.9078947368421053,7,8298,3.1475026379994233,convnext_v2_t+drlbp+efficientnet_b0+hog+lbp+rgb_ngram_svd+vgg16,
SoilOriginal,svm,42,4,full,random_009,0.9118580693662987,0.9298245614035088,7,9520,2.7975083109995467,beitv2_base_final+dinov2_large+gabor+resnet50+swin_t+vgg16+vit_b16,
SoilOriginal,svm,42,4,full,random_010,0.9094992004324148,0.9385964912280702,7,7450,3.689250766998157,densenet121+dinov2+dinov2_large+hog+lbp+resnet101+swin_t,
SoilOriginal,svm,42,4,full,random_011,0.9003651616706849,0.9210526315789473,7,5814,2.4517872860014904,beitv2_base_final+convnext_v2_t+deit_s+densenet121+lbp+resnet50+swin_t,
SoilOriginal,svm,42,4,full,random_012,0.8608176089682276,0.9078947368421053,7,10340,2.885283718998835,densenet121+dinov2_small+hog+mae_base+resnet50+rgb_ngram_svd+vgg16,
SoilOriginal,svm,42,4,full,random_013,0.8830804416788991,0.9166666666666666,7,6070,2.3153724139992846,convnext_v2_t+dinov2+dinov2_small+efficientnet_b0+lbp+resnet50+siglip_base,
SoilOriginal,svm,42,4,full,random_014,0.8910961485681997,0.9342105263157895,7,4882,2.0881910160023835,beitv2_base_final+convnext_v2_t+densenet121+efficientnet_b0+glcm+rgb_ngram_svd+swin_t,
SoilOriginal,svm,42,4,full,random_015,0.8816297172053211,0.9210526315789473,7,5040,1.6945993460030877,convnext_v2_t+dinov2+dinov2_small+eva02_base+gabor+resnet101+rgb_ngram_svd,
SoilOriginal,svm,42,4,full,random_016,0.8863449606193002,0.9254385964912281,7,5010,1.9219470429961802,convnext_v2_t+dinov2_small+eva02_base+glcm+resnet101+rgb_ngram_svd+siglip_base,
SoilOriginal,svm,42,4,full,random_017,0.9157124572173768,0.9429824561403509,7,5632,2.5979872249954497,beitv2_base_final+convnext_v2_t+densenet121+eva02_base+mae_base+siglip_base+vit_b16,
SoilOriginal,svm,42,4,full,random_018,0.8945969779646283,0.9254385964912281,7,5684,2.859382392001862,convnext_v2_t+drlbp+efficientnet_b0+hog+rgb_ngram_svd+swin_t+vit_b16,
SoilOriginal,svm,42,4,full,random_019,0.8958641810176983,0.9210526315789473,7,4836,2.4794861909977044,beitv2_base_final+densenet121+dinov2_small+drlbp+gabor+hog+swin_t,
SoilOriginal,svm,42,4,full,random_020,0.8978102114265104,0.9298245614035088,7,8980,2.449537009000778,beitv2_base_final+convnext_v2_t+eva02_base+gabor+hog+vgg16+vit_b16,
SoilOriginal,svm,42,4,full,random_021,0.9082775448366845,0.9298245614035088,7,6548,2.5741698909987463,convnext_v2_t+deit_s+dinov2+gabor+hog+resnet101+vit_b16,
SoilOriginal,svm,42,4,full,random_022,0.903002873329273,0.9429824561403509,7,9492,2.985445302001608,densenet121+dinov2_large+eva02_base+gabor+hog+siglip_base+vgg16,
SoilOriginal,svm,42,4,full,random_023,0.883988088590218,0.9078947368421053,7,7448,1.5808744470050442,dinov2_small+drlbp+glcm+lbp+resnet50+vgg16+vit_b16,
SoilOriginal,svm,42,4,full,random_024,0.9142791723870376,0.9429824561403509,7,6774,3.162989110001945,beitv2_base_final+dinov2_large+dinov2_small+glcm+hog+resnet101+siglip_base,
SoilOriginal,svm,42,4,full,random_025,0.8918021895465504,0.9210526315789473,7,7814,2.303068893001182,deit_s+dinov2_small+drlbp+lbp+mae_base+resnet101+vgg16,
SoilOriginal,svm,42,4,full,random_026,0.921520554239416,0.9429824561403509,7,5424,2.830700739999884,dinov2+dinov2_large+efficientnet_b0+gabor+mae_base+siglip_base+vit_b16,
SoilOriginal,svm,42,4,full,random_027,0.8966205392079861,0.9254385964912281,7,9136,2.494091347005451,convnext_v2_t+densenet121+dinov2+dinov2_small+gabor+resnet101+vgg16,
SoilOriginal,svm,42,4,full,random_028,0.8973474742574912,0.9298245614035088,7,6480,2.43966148099571,convnext_v2_t+drlbp+efficientnet_b0+eva02_base+resnet101+siglip_base+vit_b16,
SoilOriginal,svm,42,4,full,random_029,0.9040268224781929,0.9342105263157895,7,4688,1.7532821860004333,beitv2_base_final+dinov2+drlbp+efficientnet_b0+eva02_base+rgb_ngram_svd+vit_b16,
SoilOriginal,svm,42,4,full,random_030,0.9117257720944357,0.9342105263157895,7,6912,2.251423915004125,beitv2_base_final+densenet121+eva02_base+mae_base+resnet101+swin_t+vit_b16,
SoilOriginal,svm,42,4,full,random_031,0.9134939853118278,0.9429824561403509,7,8804,3.4701721710007405,dinov2+dinov2_large+dinov2_small+hog+resnet101+resnet50+siglip_base,
SoilOriginal,svm,42,4,full,random_032,0.891945758618385,0.9210526315789473,7,6036,3.0119901220023166,densenet121+dinov2_small+efficientnet_b0+gabor+hog+siglip_base+swin_t,
SoilOriginal,svm,42,4,full,random_033,0.9181595641269495,0.9342105263157895,7,7424,2.824838517997705,densenet121+dinov2+efficientnet_b0+resnet101+siglip_base+swin_t+vit_b16,
SoilOriginal,svm,42,4,full,random_034,0.8967061854392382,0.9298245614035088,7,9014,2.4614911009994103,dinov2_large+lbp+mae_base+resnet101+rgb_ngram_svd+siglip_base+vgg16,
SoilOriginal,svm,42,4,full,random_035,0.8866560192241043,0.9210526315789473,7,4294,2.691799838001316,densenet121+dinov2+dinov2_small+drlbp+glcm+hog+rgb_ngram_svd,
SoilOriginal,svm,42,4,full,random_036,0.9323040428252937,0.956140350877193,7,4984,3.231191852995835,densenet121+dinov2_large+gabor+glcm+lbp+mae_base+resnet101,
SoilOriginal,svm,42,4,full,random_037,0.9388333515232251,0.9517543859649122,7,4736,2.425258050003322,beitv2_base_final+densenet121+dinov2+drlbp+efficientnet_b0+gabor+swin_t,
SoilOriginal,svm,42,4,full,random_038,0.9303365901889027,0.9473684210526315,7,8466,2.494103240002005,beitv2_base_final+densenet121+dinov2+dinov2_large+glcm+vgg16+vit_b16,
SoilOriginal,svm,42,4,full,random_039,0.8944843471271744,0.9298245614035088,7,7524,2.6277794319976238,convnext_v2_t+dinov2_large+dinov2_small+efficientnet_b0+hog+resnet101+rgb_ngram_svd,
SoilOriginal,svm,42,4,full,random_040,0.8787547274581501,0.9210526315789473,7,10160,2.796043185000599,deit_s+eva02_base+gabor+resnet101+resnet50+siglip_base+vgg16,
SoilOriginal,svm,42,4,full,random_041,0.9201206514689376,0.9429824561403509,7,5126,2.2556511990042054,convnext_v2_t+deit_s+dinov2_large+drlbp+eva02_base+lbp+resnet101,
SoilOriginal,svm,42,4,full,random_042,0.9100186489061803,0.9342105263157895,7,5552,2.3170274999938556,convnext_v2_t+deit_s+dinov2+eva02_base+gabor+resnet101+siglip_base,
SoilOriginal,svm,42,4,full,random_043,0.9027581055345634,0.9385964912280702,7,5750,4.038478638001834,deit_s+densenet121+dinov2+dinov2_large+glcm+hog+mae_base,
SoilOriginal,svm,42,4,full,random_044,0.8863449606193002,0.9254385964912281,7,3430,1.8662641880000592,convnext_v2_t+dinov2+eva02_base+gabor+lbp+rgb_ngram_svd+vit_b16,
SoilOriginal,svm,42,4,full,random_045,0.9028613070415143,0.9298245614035088,7,4272,2.0334391669966863,convnext_v2_t+deit_s+eva02_base+gabor+mae_base+swin_t+vit_b16,
SoilOriginal,svm,42,4,full,random_046,0.916767611850779,0.9385964912280702,7,4242,1.8212917240016395,convnext_v2_t+deit_s+dinov2+glcm+mae_base+siglip_base+vit_b16,
SoilOriginal,svm,42,4,full,random_047,0.8571193932536119,0.9035087719298246,7,7188,2.8114903650057386,convnext_v2_t+densenet121+eva02_base+gabor+hog+resnet50+swin_t,
SoilOriginal,svm,42,4,full,random_048,0.8980745836037094,0.9210526315789473,7,7908,2.2383483110024827,beitv2_base_final+dinov2_small+drlbp+gabor+hog+swin_t+vgg16,
SoilOriginal,svm,42,4,full,random_049,0.9074787251612293,0.9385964912280702,7,4070,2.0214366760046687,densenet121+dinov2+dinov2_large+dinov2_small+gabor+lbp+vit_b16,
SoilOriginal,svm,42,4,full,random_050,0.9145829066288539,0.9385964912280702,7,5016,2.123703591998492,beitv2_base_final+drlbp+efficientnet_b0+glcm+lbp+resnet101+vit_b16,
SoilOriginal,svm,42,4,full,random_051,0.9167488079341526,0.9429824561403509,7,8758,2.1677506899941363,deit_s+dinov2_large+dinov2_small+lbp+resnet101+vgg16+vit_b16,
SoilOriginal,svm,42,4,full,random_052,0.9198494127303916,0.9429824561403509,7,8602,2.9238525289983954,deit_s+dinov2+hog+lbp+siglip_base+vgg16+vit_b16,
SoilOriginal,svm,42,4,full,random_053,0.8762861799335963,0.9122807017543859,7,7494,3.2372438160018646,deit_s+dinov2_small+drlbp+glcm+hog+siglip_base+vgg16,
SoilOriginal,svm,42,4,full,random_054,0.913031031496953,0.9429824561403509,7,9856,2.918589945002168,beitv2_base_final+dinov2+dinov2_large+dinov2_small+eva02_base+resnet101+vgg16,
SoilOriginal,svm,42,4,full,random_055,0.8887726390318649,0.9210526315789473,7,9802,3.2405225920010707,densenet121+dinov2+gabor+hog+lbp+resnet101+vgg16,
SoilOriginal,svm,42,4,full,random_056,0.9054342883519176,0.9342105263157895,7,8582,1.9356192039995221,densenet121+dinov2_large+drlbp+lbp+resnet50+rgb_ngram_svd+vgg16,
SoilOriginal,svm,42,4,full,random_057,0.9102255564164272,0.9385964912280702,7,6912,2.5094491630006814,densenet121+dinov2+efficientnet_b0+mae_base+resnet101+rgb_ngram_svd+swin_t,
SoilOriginal,svm,42,4,full,random_058,0.9102657380318107,0.9342105263157895,7,5760,2.7274889800028177,beitv2_base_final+convnext_v2_t+deit_s+dinov2_large+efficientnet_b0+mae_base+siglip_base,
SoilOriginal,svm,42,4,full,random_059,0.8989468805180219,0.9210526315789473,7,4834,1.9411185040007695,dinov2+dinov2_small+drlbp+glcm+resnet50+swin_t+vit_b16,
SoilOriginal,svm,42,4,full,random_060,0.9191818094509605,0.9429824561403509,7,9008,2.1319993390061427,beitv2_base_final+dinov2_large+gabor+resnet101+rgb_ngram_svd+vgg16+vit_b16,
SoilOriginal,svm,42,4,full,random_061,0.873642691154212,0.9122807017543859,7,7350,1.5439362219985924,drlbp+gabor+lbp+resnet50+rgb_ngram_svd+swin_t+vgg16,
SoilOriginal,svm,42,4,full,random_062,0.876268630989807,0.9122807017543859,7,4022,1.363181380998867,drlbp+gabor+lbp+mae_base+resnet50+rgb_ngram_svd+vit_b16,
SoilOriginal,svm,42,4,full,random_063,0.9071742996674075,0.9298245614035088,7,4162,1.9984304839963443,beitv2_base_final+convnext_v2_t+densenet121+gabor+glcm+swin_t+vit_b16,
SoilOriginal,svm,42,4,full,random_064,0.926384564240424,0.9473684210526315,7,5328,1.7660443459972157,deit_s+dinov2+dinov2_large+drlbp+eva02_base+resnet50+rgb_ngram_svd,
SoilOriginal,svm,42,4,full,random_065,0.8509997392246287,0.8947368421052632,7,6930,2.2675850950035965,deit_s+densenet121+drlbp+efficientnet_b0+gabor+glcm+vgg16,
SoilOriginal,svm,42,4,full,random_066,0.935043384809562,0.9517543859649122,7,6912,3.1271024830057286,dinov2_large+eva02_base+mae_base+resnet101+siglip_base+swin_t+vit_b16,
SoilOriginal,svm,42,4,full,random_067,0.8718982286358633,0.9166666666666666,7,8576,2.238012580004579,densenet121+dinov2_small+efficientnet_b0+mae_base+rgb_ngram_svd+siglip_base+vgg16,
SoilOriginal,svm,42,4,full,random_068,0.9353392753981283,0.9517543859649122,7,8210,3.067909730001702,beitv2_base_final+densenet121+dinov2+glcm+mae_base+swin_t+vgg16,
SoilOriginal,svm,42,4,full,random_069,0.8871774157160495,0.9254385964912281,7,4486,2.576839977002237,densenet121+dinov2_large+drlbp+eva02_base+lbp+mae_base+swin_t,
SoilOriginal,svm,42,4,full,random_070,0.9253701616696162,0.9429824561403509,7,4918,1.9187624879996292,densenet121+dinov2+eva02_base+lbp+siglip_base+swin_t+vit_b16,
SoilOriginal,svm,42,4,full,random_071,0.9225380589121105,0.9429824561403509,7,5010,2.324471130996244,beitv2_base_final+deit_s+dinov2_large+efficientnet_b0+eva02_base+glcm+siglip_base,
SoilOriginal,svm,42,4,full,random_072,0.8806839038191756,0.9210526315789473,7,5476,2.1168447290037875,convnext_v2_t+dinov2_small+hog+mae_base+rgb_ngram_svd+siglip_base+vit_b16,
SoilOriginal,svm,42,4,full,random_073,0.876658996722818,0.9166666666666666,7,5906,2.567438668003888,convnext_v2_t+efficientnet_b0+glcm+mae_base+resnet101+rgb_ngram_svd+vit_b16,
SoilOriginal,svm,42,4,full,random_074,0.9223033495648981,0.9517543859649122,7,5686,2.7666748549963813,densenet121+dinov2_large+efficientnet_b0+eva02_base+lbp+mae_base+siglip_base,
SoilOriginal,svm,42,4,full,random_075,0.8993178594794837,0.9298245614035088,7,8010,2.9825307529972633,convnext_v2_t+dinov2_large+gabor+hog+lbp+rgb_ngram_svd+vgg16,
SoilOriginal,svm,42,4,full,random_076,0.905337486336819,0.9298245614035088,7,6704,2.8246222410016344,convnext_v2_t+densenet121+dinov2+efficientnet_b0+gabor+resnet101+vit_b16,
SoilOriginal,svm,42,4,full,random_077,0.9126081742088334,0.9298245614035088,7,7856,2.0038708380016033,beitv2_base_final+deit_s+dinov2_large+gabor+swin_t+vgg16+vit_b16,
SoilOriginal,svm,42,4,full,random_078,0.935043384809562,0.9517543859649122,7,4224,2.178320019003877,dinov2_large+drlbp+eva02_base+gabor+mae_base+swin_t+vit_b16,
SoilOriginal,svm,42,4,full,random_079,0.9184565981235073,0.9429824561403509,7,5510,2.348792182005127,dinov2+dinov2_large+drlbp+lbp+resnet101+siglip_base+vit_b16,
SoilOriginal,svm,42,4,full,random_080,0.9235789540545024,0.9473684210526315,7,4608,1.9859558480020496,deit_s+dinov2+dinov2_small+eva02_base+mae_base+siglip_base+vit_b16,
SoilOriginal,svm,42,4,full,random_081,0.9170547967009871,0.9429824561403509,7,5808,2.2380270730063785,beitv2_base_final+deit_s+dinov2_large+eva02_base+gabor+resnet50+siglip_base,
SoilOriginal,svm,42,4,full,random_082,0.9130557069871932,0.9342105263157895,7,6850,2.6066552930060425,beitv2_base_final+convnext_v2_t+deit_s+dinov2+gabor+glcm+vgg16,
SoilOriginal,svm,42,4,full,random_083,0.8844678214069004,0.9210526315789473,7,8368,2.0950275150025846,beitv2_base_final+dinov2_small+eva02_base+gabor+resnet101+rgb_ngram_svd+vgg16,
SoilOriginal,svm,42,4,full,random_084,0.9047662484044796,0.9342105263157895,7,7142,2.3129559109947877,convnext_v2_t+dinov2+dinov2_large+dinov2_small+gabor+lbp+vgg16,
SoilOriginal,svm,42,4,full,random_085,0.8969567306793351,0.9254385964912281,7,7476,3.424438296999142,dinov2+drlbp+efficientnet_b0+hog+resnet101+siglip_base+swin_t,
SoilOriginal,svm,42,4,full,random_086,0.8918493301437865,0.9254385964912281,7,3272,1.638904633000493,densenet121+dinov2_small+glcm+lbp+rgb_ngram_svd+siglip_base+vit_b16,
SoilOriginal,svm,42,4,full,random_087,0.8845093414670385,0.9166666666666666,7,9472,3.2285227079992183,dinov2+mae_base+resnet50+rgb_ngram_svd+siglip_base+swin_t+vgg16,
SoilOriginal,svm,42,4,full,random_088,0.9191818094509605,0.9429824561403509,7,10724,3.4801451449966407,beitv2_base_final+dinov2_large+hog+resnet50+rgb_ngram_svd+vgg16+vit_b16,
SoilOriginal,svm,42,4,full,random_089,0.9004596806950983,0.9298245614035088,7,9700,3.5404148800007533,convnext_v2_t+eva02_base+hog+siglip_base+swin_t+vgg16+vit_b16,
SoilOriginal,svm,42,4,full,random_090,0.9246356189487239,0.9429824561403509,7,4066,2.453022804002103,dinov2_small+drlbp+efficientnet_b0+eva02_base+glcm+mae_base+swin_t,
SoilOriginal,svm,42,4,full,random_091,0.9000155269449024,0.9254385964912281,7,7746,3.974218026996823,densenet121+dinov2_large+gabor+glcm+mae_base+swin_t+vgg16,
SoilOriginal,svm,42,4,full,random_092,0.9020333154987552,0.9385964912280702,7,8596,3.710711823005113,dinov2_small+eva02_base+gabor+hog+mae_base+swin_t+vgg16,
SoilOriginal,svm,42,4,full,random_093,0.9204784724847668,0.9385964912280702,7,2870,2.254195339999569,deit_s+dinov2+drlbp+gabor+lbp+mae_base+vit_b16,
SoilOriginal,svm,42,4,full,random_094,0.8775032194919156,0.9166666666666666,7,2834,1.8111312249966431,deit_s+drlbp+efficientnet_b0+gabor+glcm+rgb_ngram_svd+siglip_base,
SoilOriginal,svm,42,4,full,random_095,0.8876060116229263,0.9210526315789473,7,5676,3.8269321770058013,convnext_v2_t+dinov2_large+efficientnet_b0+glcm+hog+lbp+vit_b16,
SoilOriginal,svm,42,4,full,random_096,0.8640175164471263,0.9035087719298246,7,8704,3.1251794380004867,deit_s+drlbp+efficientnet_b0+gabor+resnet50+swin_t+vgg16,
SoilOriginal,svm,42,4,full,random_097,0.9186859018780823,0.9429824561403509,7,7424,3.5785569110012148,beitv2_base_final+dinov2+dinov2_large+efficientnet_b0+eva02_base+resnet101+vit_b16,
SoilOriginal,svm,42,4,full,random_098,0.8666103062759597,0.9078947368421053,7,6966,3.406944376001775,convnext_v2_t+densenet121+lbp+mae_base+resnet101+resnet50+rgb_ngram_svd,
SoilOriginal,svm,42,4,full,random_099,0.8798142005484672,0.9254385964912281,7,9776,3.71036561299843,convnext_v2_t+efficientnet_b0+eva02_base+gabor+resnet50+siglip_base+vgg16,
SoilOriginal,svm,123,0,full,random_000,0.7945248360096455,0.8464912280701754,2,402,0.24883448200125713,deit_s+glcm,
SoilOriginal,svm,123,0,full,random_001,0.8182265265598598,0.8771929824561403,2,1152,0.4044520210009068,convnext_v2_t+dinov2_small,
SoilOriginal,svm,123,0,full,random_002,0.8412583401438517,0.8991228070175439,2,1408,0.6363336909998907,dinov2_large+dinov2_small,
SoilOriginal,svm,123,0,full,random_003,0.8248246319265664,0.8771929824561403,2,4480,0.5934191979977186,dinov2_small+vgg16,
SoilOriginal,svm,123,0,full,random_004,0.8452851750901448,0.8947368421052632,2,2532,1.1644509069956257,beitv2_base_final+hog,
SoilOriginal,svm,123,0,full,random_005,0.852474075722821,0.9078947368421053,2,2048,0.9299442940027802,efficientnet_b0+siglip_base,
SoilOriginal,svm,123,0,full,random_006,0.8233437284853962,0.8859649122807017,2,816,0.4440445810032543,gabor+swin_t,
SoilOriginal,svm,123,0,full,random_007,0.8754132669253881,0.9078947368421053,2,1536,0.5252162609976949,efficientnet_b0+rgb_ngram_svd,
SoilOriginal,svm,123,0,full,random_008,0.8607543561787442,0.9035087719298246,2,1664,0.6075841209967621,dinov2_small+efficientnet_b0,
SoilOriginal,svm,123,0,full,random_009,0.8260644522945199,0.881578947368421,2,2532,1.3382321420067456,hog+swin_t,
SoilOriginal,svm,123,0,full,random_010,0.8663705978594839,0.9122807017543859,2,1536,0.6215711110053235,convnext_v2_t+eva02_base,
SoilOriginal,svm,123,0,full,random_011,0.8248168483170165,0.8771929824561403,2,3044,1.9430462179952883,efficientnet_b0+hog,
SoilOriginal,svm,123,0,full,random_012,0.8763632144873889,0.9210526315789473,2,1536,0.534894937001809,beitv2_base_final+swin_t,
SoilOriginal,svm,123,0,full,random_013,0.7989328303261567,0.8464912280701754,2,6144,0.9903583819977939,resnet50+vgg16,
SoilOriginal,svm,123,0,full,random_014,0.8233437284853962,0.8859649122807017,2,816,0.4901125910037081,gabor+swin_t,
SoilOriginal,svm,123,0,full,random_015,0.8750633931417432,0.9254385964912281,2,1536,0.5610538920009276,dinov2+vit_b16,
SoilOriginal,svm,123,0,full,random_016,0.7615966037541029,0.8508771929824561,2,848,0.5045106780016795,dinov2+drlbp,
SoilOriginal,svm,123,0,full,random_017,0.9011149604457028,0.9254385964912281,2,2816,0.8053702170000179,eva02_base+resnet101,
SoilOriginal,svm,123,0,full,random_018,0.8389988466329739,0.8991228070175439,2,1152,0.49762840299808886,dinov2_small+swin_t,
SoilOriginal,svm,123,0,full,random_019,0.8647018367278297,0.9035087719298246,2,2432,0.682636186000309,deit_s+resnet101,
SoilOriginal,svm,123,0,full,random_020,0.869153047186814,0.9166666666666666,2,2048,0.801523329995689,dinov2+efficientnet_b0,
SoilOriginal,svm,123,0,full,random_021,0.8876548212886284,0.9122807017543859,2,2532,1.2561384970031213,eva02_base+hog,
SoilOriginal,svm,123,0,full,random_022,0.876873060523908,0.9254385964912281,2,1792,0.9893053359992336,dinov2_large+mae_base,
SoilOriginal,svm,123,0,full,random_023,0.8075897569648535,0.8596491228070176,2,2096,0.637226864004333,gabor+resnet50,
SoilOriginal,svm,123,0,full,random_024,0.8707607524289168,0.8991228070175439,2,822,0.4399969050064101,lbp+vit_b16,
SoilOriginal,svm,123,0,full,random_025,0.8105910863325959,0.8596491228070176,2,2816,0.9084530100008124,mae_base+resnet50,
SoilOriginal,svm,123,0,full,random_026,0.8941317871345346,0.9254385964912281,2,1792,0.7487589820011635,dinov2_large+eva02_base,
SoilOriginal,svm,123,0,full,random_027,0.7833711942715006,0.868421052631579,2,1042,0.6917979249992641,dinov2_large+glcm,
SoilOriginal,svm,123,0,full,random_028,0.7476839055214848,0.8114035087719298,2,4114,0.6859058610061766,glcm+vgg16,
SoilOriginal,svm,123,0,full,random_029,0.8287682839999441,0.9035087719298246,2,1536,0.8382518279977376,dinov2+mae_base,
SoilOriginal,svm,123,0,full,random_030,0.8787478100078712,0.9254385964912281,2,1152,0.45536349499889184,dinov2_small+siglip_base,
SoilOriginal,svm,123,0,full,random_031,0.8664025707175439,0.9122807017543859,2,1536,0.6792648629998439,eva02_base+swin_t,
SoilOriginal,svm,123,0,full,random_032,0.8452851750901448,0.8947368421052632,2,2532,1.1831527550020837,beitv2_base_final+hog,
SoilOriginal,svm,123,0,full,random_033,0.8536885950099836,0.8859649122807017,2,2066,0.5973037850053515,glcm+resnet101,
SoilOriginal,svm,123,0,full,random_034,0.84509224915237,0.8947368421052632,2,1792,0.6084432780044153,convnext_v2_t+densenet121,
SoilOriginal,svm,123,0,full,random_035,0.8254979632635122,0.881578947368421,2,3328,0.9251834850001615,efficientnet_b0+resnet50,
SoilOriginal,svm,123,0,full,random_036,0.8664934030525426,0.8991228070175439,2,4864,0.6253866469996865,vgg16+vit_b16,
SoilOriginal,svm,123,0,full,random_037,0.8920049794611654,0.9298245614035088,2,1792,0.7052069830024266,dinov2_large+vit_b16,
SoilOriginal,svm,123,0,full,random_038,0.7986680873248426,0.8508771929824561,2,432,0.2180598060003831,deit_s+gabor,
SoilOriginal,svm,123,0,full,random_039,0.8903109870268479,0.9298245614035088,2,1792,0.6571628770034295,dinov2_large+siglip_base,
SoilOriginal,svm,123,0,full,random_040,0.8781045612841981,0.9122807017543859,2,2304,0.5079980739974417,resnet101+rgb_ngram_svd,
SoilOriginal,svm,123,0,full,random_041,0.8357328565835578,0.8991228070175439,2,768,0.3045890369976405,deit_s+dinov2_small,
SoilOriginal,svm,123,0,full,random_042,0.852474075722821,0.9078947368421053,2,2048,0.7611340389994439,efficientnet_b0+siglip_base,
SoilOriginal,svm,123,0,full,random_043,0.716690666460201,0.75,2,310,0.1478303740004776,lbp+rgb_ngram_svd,
SoilOriginal,svm,123,0,full,random_044,0.8932250813240904,0.9298245614035088,2,1152,0.2900847279961454,beitv2_base_final+dinov2_small,
SoilOriginal,svm,123,0,full,random_045,0.8333096926713949,0.881578947368421,2,2048,0.7166666249977425,convnext_v2_t+efficientnet_b0,
SoilOriginal,svm,123,0,full,random_046,0.8278982200034832,0.8771929824561403,2,1280,0.5773350300005404,densenet121+rgb_ngram_svd,
SoilOriginal,svm,123,0,full,random_047,0.7829256090435804,0.868421052631579,2,1104,0.634285556996474,dinov2_large+drlbp,
SoilOriginal,svm,123,0,full,random_048,0.8246934099724755,0.8771929824561403,2,2816,0.6537786080007209,convnext_v2_t+resnet50,
SoilOriginal,svm,123,0,full,random_049,0.890282044590167,0.9122807017543859,2,816,0.3579853620030917,eva02_base+gabor,
SoilOriginal,svm,123,0,full,random_050,0.821772942625328,0.8771929824561403,2,2816,0.6967765529989265,resnet50+swin_t,
SoilOriginal,svm,123,0,full,random_051,0.833503348313212,0.881578947368421,2,4096,0.9752237370048533,resnet101+resnet50,
SoilOriginal,svm,123,0,full,random_052,0.864493094343782,0.8947368421052632,2,2128,0.7897278300006292,drlbp+resnet101,
SoilOriginal,svm,123,0,full,random_053,0.8497988118526851,0.9122807017543859,2,1152,0.6248441220013774,dinov2_small+mae_base,
SoilOriginal,svm,123,0,full,random_054,0.84509224915237,0.8947368421052632,2,1792,0.7569618400011677,convnext_v2_t+densenet121,
SoilOriginal,svm,123,0,full,random_055,0.8763632144873889,0.9210526315789473,2,1536,0.560503462998895,beitv2_base_final+swin_t,
SoilOriginal,svm,123,0,full,random_056,0.8658094729834185,0.8947368421052632,2,848,0.40918267799861496,drlbp+vit_b16,
SoilOriginal,svm,123,0,full,random_057,0.8931044296032921,0.9210526315789473,2,1792,0.6716684630009695,densenet121+vit_b16,
SoilOriginal,svm,123,0,full,random_058,0.8916730750384428,0.9210526315789473,2,1792,0.7517298860038863,densenet121+eva02_base,
SoilOriginal,svm,123,0,full,random_059,0.803544215721564,0.8552631578947368,2,2128,0.6866033420010353,drlbp+resnet50,
SoilOriginal,svm,123,0,full,random_060,0.8514715506147207,0.8947368421052632,2,2816,0.6224414349999279,resnet50+vit_b16,
SoilOriginal,svm,123,0,full,random_061,0.866273123479827,0.9035087719298246,2,1152,0.4288149760031956,deit_s+vit_b16,
SoilOriginal,svm,123,0,full,random_062,0.7917883077131059,0.868421052631579,2,402,0.19946348099620081,dinov2_small+glcm,
SoilOriginal,svm,123,0,full,random_063,0.8547479752039022,0.8991228070175439,2,2816,0.6887897150008939,beitv2_base_final+resnet50,
SoilOriginal,svm,123,0,full,random_064,0.8260644522945199,0.881578947368421,2,2532,1.2563442809987464,hog+swin_t,
SoilOriginal,svm,123,0,full,random_065,0.9029505276382702,0.9210526315789473,2,1536,0.7614584519978962,eva02_base+mae_base,
SoilOriginal,svm,123,0,full,random_066,0.831906941266209,0.8771929824561403,2,1072,0.6934067299953313,densenet121+gabor,
SoilOriginal,svm,123,0,full,random_067,0.8627629698995894,0.9210526315789473,2,3072,0.8986533550050808,dinov2_large+resnet50,
SoilOriginal,svm,123,0,full,random_068,0.8562338846333848,0.8903508771929824,2,2048,0.7231488350007567,efficientnet_b0+vit_b16,
SoilOriginal,svm,123,0,full,random_069,0.8190959833816975,0.881578947368421,2,786,0.3930774750042474,convnext_v2_t+glcm,
SoilOriginal,svm,123,0,full,random_070,0.8561653058072641,0.9078947368421053,2,1792,0.5625260540036834,convnext_v2_t+dinov2_large,
SoilOriginal,svm,123,0,full,random_071,0.7791991322350652,0.8640350877192983,2,816,0.4269078580036876,dinov2+gabor,
SoilOriginal,svm,123,0,full,random_072,0.8620675742096849,0.8947368421052632,2,1024,0.4178315829994972,rgb_ngram_svd+siglip_base,
SoilOriginal,svm,123,0,full,random_073,0.8707607524289168,0.8991228070175439,2,822,0.38802638000197476,lbp+vit_b16,
SoilOriginal,svm,123,0,full,random_074,0.8317466877750564,0.881578947368421,2,786,0.3847162020028918,beitv2_base_final+glcm,
SoilOriginal,svm,123,0,full,random_075,0.8081410018044182,0.8596491228070176,2,2102,0.6098525159977726,lbp+resnet50,
SoilOriginal,svm,123,0,full,random_076,0.8624516513416555,0.9078947368421053,2,5120,0.9317349489938351,dinov2_large+vgg16,
SoilOriginal,svm,123,0,full,random_077,0.8883282253627199,0.9342105263157895,2,1536,0.6881336560036289,dinov2+eva02_base,
SoilOriginal,svm,123,0,full,random_078,0.7671670867697025,0.8070175438596491,2,1024,0.6606143809985952,mae_base+rgb_ngram_svd,
SoilOriginal,svm,123,0,full,random_079,0.8359420730348746,0.8947368421052632,2,2304,0.864064588000474,densenet121+efficientnet_b0,
SoilOriginal,svm,123,0,full,random_080,0.8873035496219231,0.9254385964912281,2,1792,0.7181076199995005,densenet121+dinov2,
SoilOriginal,svm,123,0,full,random_081,0.8809006648767275,0.9078947368421053,2,786,0.3301198029948864,eva02_base+glcm,
SoilOriginal,svm,123,0,full,random_082,0.8707607524289168,0.8991228070175439,2,822,0.41907161700510187,lbp+vit_b16,
SoilOriginal,svm,123,0,full,random_083,0.786560759737666,0.8508771929824561,2,822,0.5867806510068476,lbp+mae_base,
SoilOriginal,svm,123,0,full,random_084,0.782964178665691,0.8552631578947368,2,816,0.45044981799583184,gabor+mae_base,
SoilOriginal,svm,123,0,full,random_085,0.8105910863325959,0.8596491228070176,2,2816,0.972102324005391,mae_base+resnet50,
SoilOriginal,svm,123,0,full,random_086,0.8462520583654605,0.8947368421052632,2,2532,1.3864440600009402,convnext_v2_t+hog,
SoilOriginal,svm,123,0,full,random_087,0.875057742014386,0.8991228070175439,2,1024,0.4239332699944498,eva02_base+rgb_ngram_svd,
SoilOriginal,svm,123,0,full,random_088,0.8271035099107824,0.8859649122807017,2,848,0.381278464999923,drlbp+swin_t,
SoilOriginal,svm,123,0,full,random_089,0.8190959833816975,0.881578947368421,2,786,0.39550948399846675,convnext_v2_t+glcm,
SoilOriginal,svm,123,0,full,random_090,0.8257187785759214,0.8771929824561403,2,2432,0.6271832809943589,deit_s+resnet50,
SoilOriginal,svm,123,0,full,random_091,0.916648460599655,0.9429824561403509,2,3072,0.8698249750013929,dinov2_large+resnet101,
SoilOriginal,svm,123,0,full,random_092,0.8105793122653362,0.881578947368421,2,432,0.20380496100551682,dinov2_small+gabor,
SoilOriginal,svm,123,0,full,random_093,0.7791991322350652,0.8640350877192983,2,816,0.44575455699668964,dinov2+gabor,
SoilOriginal,svm,123,0,full,random_094,0.8408991478572005,0.8728070175438597,2,2304,0.5320707889986807,resnet50+rgb_ngram_svd,
SoilOriginal,svm,123,0,full,random_095,0.8903109870268479,0.9298245614035088,2,1792,0.7782752729981439,dinov2_large+siglip_base,
SoilOriginal,svm,123,0,full,random_096,0.8149718070095382,0.8771929824561403,2,1536,0.6863446550050867,mae_base+swin_t,
SoilOriginal,svm,123,0,full,random_097,0.916648460599655,0.9429824561403509,2,3072,0.9665158970019547,dinov2_large+resnet101,
SoilOriginal,svm,123,0,full,random_098,0.8389988466329739,0.8991228070175439,2,1152,0.5034495069994591,dinov2_small+swin_t,
SoilOriginal,svm,123,0,full,random_099,0.8598914313200027,0.8991228070175439,2,1024,0.39450380600464996,dinov2+rgb_ngram_svd,
SoilOriginal,svm,123,1,full,random_000,0.8648174998302961,0.9213973799126638,8,6630,3.7715601620002417,densenet121+dinov2_small+eva02_base+gabor+lbp+resnet101+resnet50+rgb_ngram_svd,
SoilOriginal,svm,123,1,full,random_001,0.7972178044393087,0.8908296943231441,8,10314,5.072157162001531,convnext_v2_t+gabor+hog+lbp+mae_base+resnet50+siglip_base+vgg16,
SoilOriginal,svm,123,1,full,random_002,0.8131760511169486,0.8951965065502183,8,13028,5.615529743998195,eva02_base+hog+mae_base+resnet101+resnet50+siglip_base+swin_t+vgg16,
SoilOriginal,svm,123,1,full,random_003,0.867116755916944,0.9213973799126638,8,5574,2.9358556410006713,dinov2_large+dinov2_small+drlbp+efficientnet_b0+eva02_base+glcm+hog+rgb_ngram_svd,
SoilOriginal,svm,123,1,full,random_004,0.8398604487447177,0.9082969432314411,8,11904,3.0444664870010456,convnext_v2_t+deit_s+dinov2+dinov2_large+resnet101+resnet50+siglip_base+vgg16,
SoilOriginal,svm,123,1,full,random_005,0.811300718703582,0.8951965065502183,8,7040,3.5329994299972896,convnext_v2_t+densenet121+dinov2+dinov2_large+drlbp+efficientnet_b0+gabor+resnet50,
SoilOriginal,svm,123,1,full,random_006,0.8205569984766202,0.9039301310043668,8,9564,3.9178227320007863,dinov2+gabor+glcm+hog+lbp+resnet101+siglip_base+vgg16,
SoilOriginal,svm,123,1,full,random_007,0.8286978552519046,0.9039301310043668,8,5858,2.881287292999332,beitv2_base_final+convnext_v2_t+deit_s+dinov2_large+drlbp+glcm+resnet101+swin_t,
SoilOriginal,svm,123,1,full,random_008,0.8452173435654844,0.8995633187772926,8,10230,4.187171111996577,densenet121+dinov2_large+eva02_base+glcm+hog+mae_base+vgg16+vit_b16,
SoilOriginal,svm,123,1,full,random_009,0.8235921845809834,0.8908296943231441,8,5058,2.679450750001706,beitv2_base_final+deit_s+dinov2_large+efficientnet_b0+eva02_base+gabor+glcm+mae_base,
SoilOriginal,svm,123,1,full,random_010,0.8465986834663993,0.9170305676855895,8,10752,2.531749490997754,deit_s+dinov2_small+eva02_base+resnet101+resnet50+rgb_ngram_svd+vgg16+vit_b16,
SoilOriginal,svm,123,1,full,random_011,0.7905241250645919,0.8995633187772926,8,11382,4.561805653000192,densenet121+dinov2_small+efficientnet_b0+eva02_base+glcm+hog+resnet101+vgg16,
SoilOriginal,svm,123,1,full,random_012,0.8269049977126791,0.9082969432314411,8,11312,3.34285302599892,deit_s+densenet121+dinov2_small+efficientnet_b0+gabor+resnet101+resnet50+vgg16,
SoilOriginal,svm,123,1,full,random_013,0.8555858876158448,0.9170305676855895,8,3912,1.920855845004553,deit_s+dinov2+dinov2_small+efficientnet_b0+glcm+lbp+rgb_ngram_svd+siglip_base,
SoilOriginal,svm,123,1,full,random_014,0.8367897611907169,0.9082969432314411,8,5750,3.196183470005053,deit_s+dinov2+dinov2_large+eva02_base+glcm+hog+rgb_ngram_svd+swin_t,
SoilOriginal,svm,123,1,full,random_015,0.8855814960485276,0.9301310043668122,8,9344,2.9976445409993175,beitv2_base_final+convnext_v2_t+deit_s+dinov2_large+efficientnet_b0+mae_base+rgb_ngram_svd+vgg16,
SoilOriginal,svm,123,1,full,random_016,0.8686122965216408,0.9213973799126638,8,5684,2.947726459999103,beitv2_base_final+deit_s+dinov2_small+drlbp+efficientnet_b0+hog+rgb_ngram_svd+siglip_base,
SoilOriginal,svm,123,1,full,random_017,0.8517152991361768,0.9170305676855895,8,6272,3.1507531280003604,densenet121+dinov2+dinov2_large+dinov2_small+efficientnet_b0+eva02_base+rgb_ngram_svd+siglip_base,
SoilOriginal,svm,123,1,full,random_018,0.8140270465354239,0.8908296943231441,8,8938,3.4461457110010087,convnext_v2_t+dinov2_large+dinov2_small+drlbp+hog+lbp+swin_t+vgg16,
SoilOriginal,svm,123,1,full,random_019,0.8445258019538295,0.9126637554585153,8,6810,3.3054026659956435,convnext_v2_t+deit_s+densenet121+dinov2+efficientnet_b0+eva02_base+hog+lbp,
SoilOriginal,svm,123,1,full,random_020,0.7999740714640723,0.8864628820960698,8,7322,3.5421536899957573,convnext_v2_t+dinov2_small+eva02_base+hog+lbp+mae_base+resnet101+vit_b16,
SoilOriginal,svm,123,1,full,random_021,0.8715266605091865,0.9170305676855895,8,4224,2.578101617000357,convnext_v2_t+deit_s+dinov2_large+dinov2_small+drlbp+gabor+mae_base+siglip_base,
SoilOriginal,svm,123,1,full,random_022,0.8406549799406944,0.9039301310043668,8,8420,4.0496410749983625,convnext_v2_t+efficientnet_b0+eva02_base+hog+resnet101+rgb_ngram_svd+siglip_base+vit_b16,
SoilOriginal,svm,123,1,full,random_023,0.8228161704420983,0.8908296943231441,8,5814,3.703451651999785,densenet121+dinov2+dinov2_large+drlbp+gabor+lbp+mae_base+resnet101,
SoilOriginal,svm,123,1,full,random_024,0.8370002154304892,0.9039301310043668,8,7990,2.7003522720042383,deit_s+dinov2_small+eva02_base+lbp+mae_base+swin_t+vgg16+vit_b16,
SoilOriginal,svm,123,1,full,random_025,0.8089009231237971,0.8908296943231441,8,10278,4.3466659909972805,dinov2+gabor+glcm+hog+mae_base+resnet101+vgg16+vit_b16,
SoilOriginal,svm,123,1,full,random_026,0.7785039138480044,0.8820960698689956,8,9578,3.7747937199965236,convnext_v2_t+drlbp+efficientnet_b0+eva02_base+hog+lbp+vgg16+vit_b16,
SoilOriginal,svm,123,1,full,random_027,0.8242774535957612,0.8995633187772926,8,8364,3.724865194002632,dinov2_small+efficientnet_b0+glcm+hog+lbp+resnet101+resnet50+vit_b16,
SoilOriginal,svm,123,1,full,random_028,0.8266695537631498,0.9082969432314411,8,9798,3.690456880001875,beitv2_base_final+drlbp+glcm+hog+resnet101+rgb_ngram_svd+siglip_base+vgg16,
SoilOriginal,svm,123,1,full,random_029,0.8296268397623437,0.8908296943231441,8,6828,3.391928677003307,deit_s+dinov2+dinov2_large+glcm+hog+lbp+resnet50+vit_b16,
SoilOriginal,svm,123,1,full,random_030,0.8545958786628275,0.9213973799126638,8,4998,2.577441399000236,densenet121+dinov2+drlbp+efficientnet_b0+eva02_base+lbp+rgb_ngram_svd+vit_b16,
SoilOriginal,svm,123,1,full,random_031,0.8137917151021414,0.8951965065502183,8,7478,3.378659157002403,convnext_v2_t+dinov2+dinov2_large+efficientnet_b0+lbp+mae_base+resnet50+swin_t,
SoilOriginal,svm,123,1,full,random_032,0.8335433041085497,0.8951965065502183,8,4802,2.5450136529980227,deit_s+densenet121+dinov2+dinov2_large+eva02_base+gabor+glcm+mae_base,
SoilOriginal,svm,123,1,full,random_033,0.8458425106185812,0.9213973799126638,8,9552,2.791060985997319,beitv2_base_final+convnext_v2_t+drlbp+resnet50+rgb_ngram_svd+siglip_base+swin_t+vgg16,
SoilOriginal,svm,123,1,full,random_034,0.8484750704052519,0.9126637554585153,8,5302,2.37978057199507,beitv2_base_final+convnext_v2_t+dinov2+drlbp+eva02_base+gabor+lbp+resnet101,
SoilOriginal,svm,123,1,full,random_035,0.8327759085933593,0.8995633187772926,8,10796,4.230378797001322,densenet121+dinov2_large+glcm+hog+lbp+resnet101+siglip_base+vgg16,
SoilOriginal,svm,123,1,full,random_036,0.8130946106888418,0.8908296943231441,8,6034,2.629632299001969,beitv2_base_final+convnext_v2_t+densenet121+dinov2_large+dinov2_small+efficientnet_b0+glcm+vit_b16,
SoilOriginal,svm,123,1,full,random_037,0.7910721562397602,0.8820960698689956,8,7296,2.785242357997049,convnext_v2_t+densenet121+dinov2_small+mae_base+resnet50+siglip_base+swin_t+vit_b16,
SoilOriginal,svm,123,1,full,random_038,0.8100880140795893,0.8995633187772926,8,10294,3.0672074249960133,beitv2_base_final+densenet121+dinov2+lbp+mae_base+resnet101+siglip_base+vgg16,
SoilOriginal,svm,123,1,full,random_039,0.7917813819717344,0.8908296943231441,8,7114,2.820266310001898,beitv2_base_final+densenet121+dinov2_large+dinov2_small+gabor+hog+lbp+resnet50,
SoilOriginal,svm,123,1,full,random_040,0.8986413623682274,0.9301310043668122,8,5030,2.6397270660017966,convnext_v2_t+deit_s+dinov2_large+gabor+glcm+hog+rgb_ngram_svd+siglip_base,
SoilOriginal,svm,123,1,full,random_041,0.8197275290004463,0.8908296943231441,8,8630,2.3169906640032423,beitv2_base_final+deit_s+dinov2+dinov2_large+lbp+siglip_base+swin_t+vgg16,
SoilOriginal,svm,123,1,full,random_042,0.8029258016095377,0.8864628820960698,8,5266,2.1844734589976724,drlbp+eva02_base+gabor+glcm+mae_base+resnet101+siglip_base+vit_b16,
SoilOriginal,svm,123,1,full,random_043,0.8049604982298499,0.8908296943231441,8,5192,2.53537938700174,beitv2_base_final+densenet121+dinov2_large+glcm+lbp+siglip_base+swin_t+vit_b16,
SoilOriginal,svm,123,1,full,random_044,0.8306102252875421,0.9039301310043668,8,3960,1.7648251249993336,beitv2_base_final+convnext_v2_t+dinov2+gabor+glcm+lbp+siglip_base+vit_b16,
SoilOriginal,svm,123,1,full,random_045,0.8160777058595761,0.9039301310043668,8,6198,3.001373011000396,beitv2_base_final+convnext_v2_t+deit_s+densenet121+dinov2_small+lbp+mae_base+resnet50,
SoilOriginal,svm,123,1,full,random_046,0.8054331431471086,0.8820960698689956,8,7018,3.130173488003493,dinov2+drlbp+eva02_base+hog+lbp+resnet50+siglip_base+vit_b16,
SoilOriginal,svm,123,1,full,random_047,0.8722674580044674,0.9213973799126638,8,4358,2.215125925002212,dinov2+dinov2_small+drlbp+efficientnet_b0+lbp+mae_base+rgb_ngram_svd+siglip_base,
SoilOriginal,svm,123,1,full,random_048,0.815362963820496,0.8908296943231441,8,10412,4.298007944998972,deit_s+densenet121+dinov2_large+glcm+hog+lbp+resnet50+vgg16,
SoilOriginal,svm,123,1,full,random_049,0.8507796356527244,0.925764192139738,8,7370,2.8596476989987423,deit_s+dinov2+gabor+hog+lbp+resnet101+resnet50+rgb_ngram_svd,
SoilOriginal,svm,123,1,full,random_050,0.8049760144701743,0.8951965065502183,8,6566,3.6409539619999123,beitv2_base_final+dinov2_small+eva02_base+gabor+glcm+hog+resnet50+siglip_base,
SoilOriginal,svm,123,1,full,random_051,0.8296941765087055,0.8908296943231441,8,7004,4.09623315600038,dinov2+dinov2_large+efficientnet_b0+gabor+glcm+hog+lbp+resnet50,
SoilOriginal,svm,123,1,full,random_052,0.857249783332561,0.9170305676855895,8,8614,3.574374445997819,beitv2_base_final+convnext_v2_t+deit_s+gabor+glcm+hog+siglip_base+vgg16,
SoilOriginal,svm,123,1,full,random_053,0.8119934159490086,0.8995633187772926,8,8850,2.9574767829981283,beitv2_base_final+convnext_v2_t+dinov2_small+efficientnet_b0+glcm+mae_base+swin_t+vgg16,
SoilOriginal,svm,123,1,full,random_054,0.8357771520825434,0.9039301310043668,8,5064,2.6129098150049686,convnext_v2_t+deit_s+dinov2_large+efficientnet_b0+glcm+lbp+mae_base+siglip_base,
SoilOriginal,svm,123,1,full,random_055,0.7765922804141988,0.8820960698689956,8,10516,4.387522180993983,beitv2_base_final+densenet121+efficientnet_b0+gabor+hog+mae_base+vgg16+vit_b16,
SoilOriginal,svm,123,1,full,random_056,0.8507403282718163,0.9170305676855895,8,10112,3.1086476180062164,deit_s+dinov2+dinov2_large+mae_base+resnet50+rgb_ngram_svd+vgg16+vit_b16,
SoilOriginal,svm,123,1,full,random_057,0.8072407540551741,0.8951965065502183,8,5860,3.2896314690005966,convnext_v2_t+dinov2+dinov2_small+drlbp+efficientnet_b0+eva02_base+gabor+hog,
SoilOriginal,svm,123,1,full,random_058,0.8017393795539333,0.8951965065502183,8,6418,3.4169916760001797,beitv2_base_final+convnext_v2_t+densenet121+dinov2_large+efficientnet_b0+glcm+mae_base+swin_t,
SoilOriginal,svm,123,1,full,random_059,0.8009578393166343,0.8908296943231441,8,10474,3.567530178006564,convnext_v2_t+deit_s+drlbp+efficientnet_b0+hog+lbp+resnet50+vgg16,
SoilOriginal,svm,123,1,full,random_060,0.8658493795274698,0.9170305676855895,8,5046,2.4079140260000713,beitv2_base_final+convnext_v2_t+dinov2_large+drlbp+gabor+lbp+resnet50+rgb_ngram_svd,
SoilOriginal,svm,123,1,full,random_061,0.826183286553392,0.8995633187772926,8,4248,2.5931924779943074,beitv2_base_final+densenet121+dinov2+drlbp+glcm+lbp+siglip_base+vit_b16,
SoilOriginal,svm,123,1,full,random_062,0.7837351962061422,0.8820960698689956,8,11316,4.767602193998755,convnext_v2_t+densenet121+drlbp+hog+resnet101+swin_t+vgg16+vit_b16,
SoilOriginal,svm,123,1,full,random_063,0.8512014076430736,0.9170305676855895,8,3960,2.116594913000881,beitv2_base_final+deit_s+dinov2_small+gabor+glcm+lbp+resnet101+rgb_ngram_svd,
SoilOriginal,svm,123,1,full,random_064,0.8419026891108098,0.9039301310043668,8,5814,3.647128429998702,dinov2+dinov2_small+eva02_base+lbp+mae_base+resnet50+rgb_ngram_svd+swin_t,
SoilOriginal,svm,123,1,full,random_065,0.8460503812480942,0.9082969432314411,8,4674,3.0077909590036143,dinov2+efficientnet_b0+gabor+glcm+mae_base+rgb_ngram_svd+swin_t+vit_b16,
SoilOriginal,svm,123,1,full,random_066,0.8222972917134793,0.9039301310043668,8,9234,2.3068633419970865,beitv2_base_final+deit_s+dinov2+dinov2_small+glcm+resnet101+swin_t+vgg16,
SoilOriginal,svm,123,1,full,random_067,0.8089133418493678,0.8951965065502183,8,6762,2.675802523997845,deit_s+dinov2_small+drlbp+efficientnet_b0+hog+lbp+resnet50+vit_b16,
SoilOriginal,svm,123,1,full,random_068,0.8094633215970793,0.8908296943231441,8,11312,3.002681060002942,beitv2_base_final+convnext_v2_t+gabor+resnet101+resnet50+swin_t+vgg16+vit_b16,
SoilOriginal,svm,123,1,full,random_069,0.9043524292308016,0.9388646288209607,8,4656,2.162200908998784,deit_s+densenet121+dinov2+dinov2_large+dinov2_small+gabor+rgb_ngram_svd+siglip_base,
SoilOriginal,svm,123,1,full,random_070,0.8463448902340736,0.9126637554585153,8,8804,3.043512189993635,beitv2_base_final+dinov2_large+drlbp+gabor+hog+rgb_ngram_svd+swin_t+vgg16,
SoilOriginal,svm,123,1,full,random_071,0.8033013443437188,0.8995633187772926,8,6576,2.8812465840019286,densenet121+dinov2_small+eva02_base+gabor+mae_base+resnet101+siglip_base+swin_t,
SoilOriginal,svm,123,1,full,random_072,0.8382298515838887,0.9170305676855895,8,10850,2.7574969710040023,dinov2_large+drlbp+efficientnet_b0+glcm+resnet101+resnet50+rgb_ngram_svd+vgg16,
SoilOriginal,svm,123,1,full,random_073,0.8010702736215424,0.8951965065502183,8,5192,2.4164954279985977,beitv2_base_final+convnext_v2_t+efficientnet_b0+eva02_base+glcm+lbp+siglip_base+swin_t,
SoilOriginal,svm,123,1,full,random_074,0.8565896999371991,0.9213973799126638,8,5430,1.617902794998372,beitv2_base_final+convnext_v2_t+deit_s+dinov2_small+lbp+resnet50+rgb_ngram_svd+swin_t,
SoilOriginal,svm,123,1,full,random_075,0.8060437481301526,0.8951965065502183,8,10260,3.7955146849999437,beitv2_base_final+densenet121+dinov2_large+eva02_base+gabor+hog+swin_t+vgg16,
SoilOriginal,svm,123,1,full,random_076,0.8238337690590029,0.8995633187772926,8,9984,3.316409802995622,deit_s+dinov2+dinov2_small+mae_base+resnet101+siglip_base+swin_t+vgg16,
SoilOriginal,svm,123,1,full,random_077,0.8014772281961203,0.8864628820960698,8,5174,2.732629714999348,deit_s+dinov2_small+efficientnet_b0+eva02_base+lbp+mae_base+swin_t+vit_b16,
SoilOriginal,svm,123,1,full,random_078,0.8180836577755747,0.8951965065502183,8,7266,3.3148296069994103,dinov2+drlbp+glcm+mae_base+resnet101+resnet50+swin_t+vit_b16,
SoilOriginal,svm,123,1,full,random_079,0.7875438076183511,0.8908296943231441,8,7206,4.682500065995555,densenet121+dinov2+gabor+glcm+hog+mae_base+resnet50+swin_t,
SoilOriginal,svm,123,1,full,random_080,0.8000360772534778,0.8820960698689956,8,5884,4.088378844004183,deit_s+drlbp+glcm+hog+lbp+mae_base+resnet50+swin_t,
SoilOriginal,svm,123,1,full,random_081,0.8363303666535696,0.8995633187772926,8,5936,2.578116577999026,beitv2_base_final+deit_s+dinov2_small+eva02_base+gabor+resnet50+siglip_base+swin_t,
SoilOriginal,svm,123,1,full,random_082,0.8206306736741518,0.8995633187772926,8,10388,3.932576131002861,deit_s+densenet121+gabor+hog+resnet101+rgb_ngram_svd+vgg16+vit_b16,
SoilOriginal,svm,123,1,full,random_083,0.8031748889348679,0.8951965065502183,8,7120,3.388963028002763,deit_s+dinov2_large+drlbp+efficientnet_b0+eva02_base+resnet101+siglip_base+vit_b16,
SoilOriginal,svm,123,1,full,random_084,0.8110853432561376,0.9082969432314411,8,8676,3.960042616999999,convnext_v2_t+dinov2_small+drlbp+gabor+hog+siglip_base+swin_t+vgg16,
SoilOriginal,svm,123,1,full,random_085,0.8542682818141026,0.9126637554585153,8,8210,2.6784436470043147,deit_s+densenet121+dinov2_small+eva02_base+glcm+siglip_base+swin_t+vgg16,
SoilOriginal,svm,123,1,full,random_086,0.842024085366873,0.8995633187772926,8,7962,4.513616534000903,convnext_v2_t+deit_s+drlbp+gabor+hog+lbp+mae_base+vgg16,
SoilOriginal,svm,123,1,full,random_087,0.8277699754118837,0.8995633187772926,8,7168,3.7651417359957122,beitv2_base_final+deit_s+dinov2+dinov2_small+efficientnet_b0+mae_base+resnet50+siglip_base,
SoilOriginal,svm,123,1,full,random_088,0.8715791137922982,0.925764192139738,8,5424,3.0226678190010716,convnext_v2_t+dinov2+efficientnet_b0+gabor+rgb_ngram_svd+siglip_base+swin_t+vit_b16,
SoilOriginal,svm,123,1,full,random_089,0.7897115017240381,0.8908296943231441,8,9846,4.51303415500297,beitv2_base_final+dinov2_small+efficientnet_b0+glcm+hog+swin_t+vgg16+vit_b16,
SoilOriginal,svm,123,1,full,random_090,0.815550651930736,0.8908296943231441,8,6242,3.463955306004209,dinov2+dinov2_large+drlbp+eva02_base+glcm+resnet101+siglip_base+swin_t,
SoilOriginal,svm,123,1,full,random_091,0.8731266951308204,0.925764192139738,8,8466,2.905783413996687,convnext_v2_t+dinov2_large+glcm+mae_base+rgb_ngram_svd+siglip_base+vgg16+vit_b16,
SoilOriginal,svm,123,1,full,random_092,0.8623181329948247,0.9213973799126638,8,6582,3.4526399669994134,deit_s+dinov2_large+efficientnet_b0+eva02_base+lbp+mae_base+resnet101+rgb_ngram_svd,
SoilOriginal,svm,123,1,full,random_093,0.8237720099775659,0.9039301310043668,8,4216,2.831987414996547,convnext_v2_t+densenet121+dinov2+eva02_base+gabor+glcm+lbp+siglip_base,
SoilOriginal,svm,123,1,full,random_094,0.7838991112220979,0.8820960698689956,8,4936,3.454640781004855,deit_s+densenet121+dinov2_large+dinov2_small+efficientnet_b0+glcm+lbp+vit_b16,
SoilOriginal,svm,123,1,full,random_095,0.8109217780498205,0.8908296943231441,8,8850,3.765898281999398,dinov2+dinov2_large+drlbp+gabor+glcm+resnet101+swin_t+vgg16,
SoilOriginal,svm,123,1,full,random_096,0.8377663523194409,0.8995633187772926,8,10032,3.86577399399539,beitv2_base_final+convnext_v2_t+dinov2+gabor+mae_base+resnet101+vgg16+vit_b16,
SoilOriginal,svm,123,1,full,random_097,0.7961275530217227,0.8820960698689956,8,11156,3.773035563994199,deit_s+efficientnet_b0+eva02_base+gabor+hog+resnet50+vgg16+vit_b16,
SoilOriginal,svm,123,1,full,random_098,0.836699488002159,0.8995633187772926,8,6864,3.633932286997151,dinov2+dinov2_small+drlbp+efficientnet_b0+mae_base+resnet50+siglip_base+vit_b16,
SoilOriginal,svm,123,1,full,random_099,0.808408913899912,0.8908296943231441,8,5442,2.9686108530004276,beitv2_base_final+convnext_v2_t+dinov2_large+efficientnet_b0+eva02_base+gabor+glcm+swin_t,
SoilOriginal,svm,123,2,full,random_000,0.8455422442499262,0.9035087719298246,7,6912,2.002932370000053,dinov2_small+drlbp+eva02_base+gabor+mae_base+swin_t+vgg16,
SoilOriginal,svm,123,2,full,random_001,0.8530411147233156,0.9122807017543859,7,9572,3.4056030530045973,deit_s+dinov2_large+eva02_base+hog+mae_base+vgg16+vit_b16,
SoilOriginal,svm,123,2,full,random_002,0.8529740901974262,0.9166666666666666,7,7808,2.5729627660039114,beitv2_base_final+convnext_v2_t+densenet121+dinov2_large+drlbp+gabor+vgg16,
SoilOriginal,svm,123,2,full,random_003,0.8157531468816324,0.8903508771929824,7,4406,2.933205289999023,densenet121+dinov2_small+drlbp+gabor+lbp+mae_base+resnet101,
SoilOriginal,svm,123,2,full,random_004,0.8554475622224809,0.9122807017543859,7,3810,2.6242403950018343,beitv2_base_final+convnext_v2_t+deit_s+densenet121+drlbp+glcm+vit_b16,
SoilOriginal,svm,123,2,full,random_005,0.8149370178693488,0.8728070175438597,7,8438,3.850918488999014,deit_s+drlbp+gabor+glcm+hog+resnet50+vgg16,
SoilOriginal,svm,123,2,full,random_006,0.820751255321276,0.881578947368421,7,8294,3.06897236599616,densenet121+gabor+lbp+resnet101+rgb_ngram_svd+siglip_base+vgg16,
SoilOriginal,svm,123,2,full,random_007,0.8495400864188687,0.9122807017543859,7,4370,2.4747959519954748,beitv2_base_final+convnext_v2_t+dinov2_large+eva02_base+glcm+rgb_ngram_svd+siglip_base,
SoilOriginal,svm,123,2,full,random_008,0.8473050579845776,0.8991228070175439,7,5686,3.1824259009954403,convnext_v2_t+densenet121+eva02_base+lbp+mae_base+resnet101+rgb_ngram_svd,
SoilOriginal,svm,123,2,full,random_009,0.8416864649138452,0.9122807017543859,7,6736,3.9967943809970166,beitv2_base_final+dinov2+dinov2_large+drlbp+efficientnet_b0+mae_base+resnet101,
SoilOriginal,svm,123,2,full,random_010,0.8060843833524246,0.868421052631579,7,2968,2.3752688169988687,densenet121+drlbp+glcm+lbp+mae_base+rgb_ngram_svd+swin_t,
SoilOriginal,svm,123,2,full,random_011,0.8261991813037258,0.881578947368421,7,9168,3.5489461780016427,convnext_v2_t+deit_s+densenet121+drlbp+resnet50+swin_t+vgg16,
SoilOriginal,svm,123,2,full,random_012,0.8412497702516522,0.8991228070175439,7,3888,2.2303692490022513,deit_s+densenet121+dinov2_large+dinov2_small+eva02_base+gabor+rgb_ngram_svd,
SoilOriginal,svm,123,2,full,random_013,0.8449530015067571,0.9078947368421053,7,3730,2.7867337339994265,beitv2_base_final+drlbp+efficientnet_b0+gabor+glcm+mae_base+siglip_base,
SoilOriginal,svm,123,2,full,random_014,0.8560200079503958,0.9166666666666666,7,6918,2.419086337002227,beitv2_base_final+deit_s+drlbp+eva02_base+lbp+vgg16+vit_b16,
SoilOriginal,svm,123,2,full,random_015,0.8181323549345576,0.8947368421052632,7,7058,3.460210493001796,dinov2_large+dinov2_small+glcm+mae_base+resnet101+resnet50+vit_b16,
SoilOriginal,svm,123,2,full,random_016,0.8535956488391925,0.9166666666666666,7,5430,2.9384322149999207,beitv2_base_final+deit_s+dinov2_large+dinov2_small+lbp+resnet101+vit_b16,
SoilOriginal,svm,123,2,full,random_017,0.8311843293977365,0.8991228070175439,7,6144,2.9530658419971587,convnext_v2_t+deit_s+densenet121+dinov2+dinov2_small+eva02_base+resnet50,
SoilOriginal,svm,123,2,full,random_018,0.8301608673074268,0.8903508771929824,7,5908,3.75570924099884,beitv2_base_final+dinov2+dinov2_large+eva02_base+gabor+hog+siglip_base,
SoilOriginal,svm,123,2,full,random_019,0.8234694268741366,0.8903508771929824,7,6016,2.748068280998268,densenet121+dinov2_small+eva02_base+resnet50+rgb_ngram_svd+siglip_base+swin_t,
SoilOriginal,svm,123,2,full,random_020,0.850398053838335,0.9166666666666666,7,5558,3.229190006000863,beitv2_base_final+convnext_v2_t+dinov2_small+lbp+mae_base+resnet101+siglip_base,
SoilOriginal,svm,123,2,full,random_021,0.8252486835034513,0.8859649122807017,7,5680,2.6772073039974202,densenet121+dinov2+eva02_base+gabor+resnet50+rgb_ngram_svd+siglip_base,
SoilOriginal,svm,123,2,full,random_022,0.8228837542247981,0.8903508771929824,7,7138,3.111594244997832,deit_s+densenet121+dinov2+drlbp+glcm+swin_t+vgg16,
SoilOriginal,svm,123,2,full,random_023,0.833387662626648,0.8991228070175439,7,5936,2.9967797540011816,beitv2_base_final+dinov2+eva02_base+gabor+resnet101+siglip_base+swin_t,
SoilOriginal,svm,123,2,full,random_024,0.8156231371975472,0.881578947368421,7,6034,2.0912981040019076,beitv2_base_final+dinov2+drlbp+gabor+glcm+rgb_ngram_svd+vgg16,
SoilOriginal,svm,123,2,full,random_025,0.8255050785383095,0.8903508771929824,7,8392,3.089025458000833,beitv2_base_final+densenet121+dinov2_small+glcm+lbp+resnet50+vgg16,
SoilOriginal,svm,123,2,full,random_026,0.8208190323921462,0.8903508771929824,7,5474,3.171609561002697,densenet121+drlbp+eva02_base+glcm+mae_base+resnet50+vit_b16,
SoilOriginal,svm,123,2,full,random_027,0.8130691920148615,0.881578947368421,7,4688,2.2618127170062508,deit_s+dinov2_small+drlbp+mae_base+resnet101+rgb_ngram_svd+vit_b16,
SoilOriginal,svm,123,2,full,random_028,0.8371449866945764,0.9035087719298246,7,3632,2.4653185560018755,convnext_v2_t+deit_s+densenet121+dinov2_small+gabor+mae_base+rgb_ngram_svd,
SoilOriginal,svm,123,2,full,random_029,0.8314474918986622,0.8947368421052632,7,8272,3.401056595001137,densenet121+dinov2+drlbp+siglip_base+swin_t+vgg16+vit_b16,
SoilOriginal,svm,123,2,full,random_030,0.8363017759000694,0.8991228070175439,7,5556,3.5809537789973547,deit_s+densenet121+drlbp+eva02_base+hog+swin_t+vit_b16,
SoilOriginal,svm,123,2,full,random_031,0.8411465698431825,0.9122807017543859,7,6390,4.321275547001278,convnext_v2_t+dinov2_large+efficientnet_b0+eva02_base+glcm+hog+swin_t,
SoilOriginal,svm,123,2,full,random_032,0.8185058289661231,0.8947368421052632,7,5376,3.661993839996285,dinov2_small+drlbp+efficientnet_b0+gabor+mae_base+resnet50+swin_t,
SoilOriginal,svm,123,2,full,random_033,0.8068304436399065,0.8903508771929824,7,5798,4.139615874002629,deit_s+dinov2+gabor+glcm+hog+resnet50+siglip_base,
SoilOriginal,svm,123,2,full,random_034,0.8239473830854013,0.8947368421052632,7,4774,3.9629078740035766,convnext_v2_t+dinov2_large+dinov2_small+eva02_base+gabor+glcm+hog,
SoilOriginal,svm,123,2,full,random_035,0.8468864170794449,0.9035087719298246,7,5650,4.276770017997478,beitv2_base_final+densenet121+dinov2_large+efficientnet_b0+eva02_base+glcm+mae_base,
SoilOriginal,svm,123,2,full,random_036,0.8267363821865931,0.8903508771929824,7,6736,3.9560121030008304,densenet121+dinov2+drlbp+efficientnet_b0+eva02_base+resnet50+siglip_base,
SoilOriginal,svm,123,2,full,random_037,0.8484760675378523,0.9122807017543859,7,6116,4.184589954995317,deit_s+densenet121+dinov2_large+dinov2_small+efficientnet_b0+hog+rgb_ngram_svd,
SoilOriginal,svm,123,2,full,random_038,0.7976593613762225,0.881578947368421,7,5808,3.658062100999814,dinov2_large+dinov2_small+eva02_base+gabor+resnet50+siglip_base+swin_t,
SoilOriginal,svm,123,2,full,random_039,0.8387502571017208,0.8991228070175439,7,5968,3.3221959240036085,beitv2_base_final+densenet121+dinov2_large+drlbp+resnet50+rgb_ngram_svd+siglip_base,
SoilOriginal,svm,123,2,full,random_040,0.8148624840685875,0.881578947368421,7,4326,2.5149765370006207,dinov2_small+gabor+lbp+resnet50+rgb_ngram_svd+siglip_base+swin_t,
SoilOriginal,svm,123,2,full,random_041,0.8355739021253807,0.9078947368421053,7,6546,3.428557979001198,dinov2_large+dinov2_small+glcm+resnet101+resnet50+rgb_ngram_svd+vit_b16,
SoilOriginal,svm,123,2,full,random_042,0.8280850209146559,0.8947368421052632,7,6042,5.445331235001504,beitv2_base_final+densenet121+dinov2_small+efficientnet_b0+hog+lbp+mae_base,
SoilOriginal,svm,123,2,full,random_043,0.8271038861158908,0.8991228070175439,7,7060,5.539205688997754,deit_s+efficientnet_b0+gabor+hog+mae_base+resnet101+siglip_base,
SoilOriginal,svm,123,2,full,random_044,0.8244058644451882,0.8991228070175439,7,11008,4.639414697005122,densenet121+dinov2_large+efficientnet_b0+resnet101+siglip_base+vgg16+vit_b16,
SoilOriginal,svm,123,2,full,random_045,0.8446112482824554,0.9122807017543859,7,5584,4.286362003003887,beitv2_base_final+convnext_v2_t+dinov2+dinov2_small+drlbp+resnet50+vit_b16,
SoilOriginal,svm,123,2,full,random_046,0.8320563905989679,0.8947368421052632,7,4150,4.180947804998141,convnext_v2_t+deit_s+dinov2_large+dinov2_small+eva02_base+lbp+mae_base,
SoilOriginal,svm,123,2,full,random_047,0.8349807731950588,0.9035087719298246,7,3346,4.961209950997727,deit_s+drlbp+efficientnet_b0+eva02_base+gabor+glcm+siglip_base,
SoilOriginal,svm,123,2,full,random_048,0.8302519552641151,0.8947368421052632,7,4806,5.022309750005661,deit_s+dinov2_large+drlbp+eva02_base+glcm+hog+swin_t,
SoilOriginal,svm,123,2,full,random_049,0.8261366795519004,0.8991228070175439,7,5200,4.371792780002579,beitv2_base_final+convnext_v2_t+densenet121+dinov2+dinov2_large+drlbp+swin_t,
SoilOriginal,svm,123,2,full,random_050,0.8401185444607515,0.9078947368421053,7,4352,3.5691941500044777,convnext_v2_t+deit_s+dinov2+dinov2_large+dinov2_small+rgb_ngram_svd+swin_t,
SoilOriginal,svm,123,2,full,random_051,0.8397664809310772,0.9078947368421053,7,5268,4.900769050997042,convnext_v2_t+deit_s+dinov2+gabor+hog+mae_base+siglip_base,
SoilOriginal,svm,123,2,full,random_052,0.8551252217551335,0.9166666666666666,7,5840,4.242132015002426,convnext_v2_t+deit_s+dinov2_large+drlbp+resnet50+siglip_base+vit_b16,
SoilOriginal,svm,123,2,full,random_053,0.8588193305562087,0.9122807017543859,7,3254,3.636518741004693,convnext_v2_t+drlbp+efficientnet_b0+eva02_base+gabor+lbp+rgb_ngram_svd,
SoilOriginal,svm,123,2,full,random_054,0.8221448678077935,0.8947368421052632,7,6804,5.781907957003568,beitv2_base_final+densenet121+dinov2_small+gabor+hog+resnet50+siglip_base,
SoilOriginal,svm,123,2,full,random_055,0.8214424472319208,0.881578947368421,7,6472,5.0967888820014196,efficientnet_b0+glcm+lbp+resnet101+resnet50+rgb_ngram_svd+swin_t,
SoilOriginal,svm,123,2,full,random_056,0.8529605213540662,0.9166666666666666,7,5878,4.876803456005291,dinov2_large+efficientnet_b0+glcm+hog+mae_base+rgb_ngram_svd+siglip_base,
SoilOriginal,svm,123,2,full,random_057,0.8231553502536436,0.8947368421052632,7,5302,2.714036885998212,beitv2_base_final+deit_s+dinov2_large+lbp+resnet101+rgb_ngram_svd+vit_b16,
SoilOriginal,svm,123,2,full,random_058,0.840847575921847,0.8991228070175439,7,9344,5.532012654002756,densenet121+dinov2+dinov2_small+eva02_base+resnet101+rgb_ngram_svd+vgg16,
SoilOriginal,svm,123,2,full,random_059,0.8570636717084513,0.9210526315789473,7,8960,4.579309795000881,dinov2+dinov2_large+eva02_base+siglip_base+swin_t+vgg16+vit_b16,
SoilOriginal,svm,123,2,full,random_060,0.8166947676515033,0.881578947368421,7,8374,2.706785330999992,convnext_v2_t+deit_s+lbp+resnet101+rgb_ngram_svd+siglip_base+vgg16,
SoilOriginal,svm,123,2,full,random_061,0.8264088009114224,0.8903508771929824,7,8420,6.109810210000433,convnext_v2_t+densenet121+efficientnet_b0+eva02_base+hog+resnet50+swin_t,
SoilOriginal,svm,123,2,full,random_062,0.8306541607603278,0.8947368421052632,7,8960,4.536012410004332,densenet121+efficientnet_b0+rgb_ngram_svd+siglip_base+swin_t+vgg16+vit_b16,
SoilOriginal,svm,123,2,full,random_063,0.8644922915130281,0.9210526315789473,7,3702,2.4391986139962683,beitv2_base_final+drlbp+eva02_base+gabor+glcm+hog+rgb_ngram_svd,
SoilOriginal,svm,123,2,full,random_064,0.8300891295327933,0.8947368421052632,7,9520,5.868693781005277,beitv2_base_final+densenet121+gabor+resnet50+siglip_base+swin_t+vgg16,
SoilOriginal,svm,123,2,full,random_065,0.8009076290982577,0.8728070175438597,7,6566,5.523597307001182,densenet121+dinov2_small+efficientnet_b0+gabor+glcm+hog+resnet50,
SoilOriginal,svm,123,2,full,random_066,0.8457274239256977,0.9078947368421053,7,7296,3.507526779998443,beitv2_base_final+convnext_v2_t+dinov2+drlbp+eva02_base+gabor+vgg16,
SoilOriginal,svm,123,2,full,random_067,0.8351930424878754,0.8991228070175439,7,5138,2.5152643580004224,beitv2_base_final+deit_s+dinov2_small+eva02_base+glcm+resnet101+swin_t,
SoilOriginal,svm,123,2,full,random_068,0.8362618998066441,0.8991228070175439,7,4034,2.7952881240053102,beitv2_base_final+dinov2_small+efficientnet_b0+gabor+glcm+swin_t+vit_b16,
SoilOriginal,svm,123,2,full,random_069,0.8004438932382502,0.8771929824561403,7,7700,4.51245972700417,densenet121+dinov2+efficientnet_b0+gabor+hog+mae_base+resnet101,
SoilOriginal,svm,123,2,full,random_070,0.8387527812217558,0.9078947368421053,7,7734,2.584469563997118,deit_s+dinov2+dinov2_small+efficientnet_b0+lbp+siglip_base+vgg16,
SoilOriginal,svm,123,2,full,random_071,0.8422570712794097,0.9122807017543859,7,4984,3.3603898539950023,convnext_v2_t+efficientnet_b0+eva02_base+gabor+glcm+lbp+resnet50,
SoilOriginal,svm,123,2,full,random_072,0.8482895424806446,0.9078947368421053,7,8880,2.5833682699958445,convnext_v2_t+deit_s+eva02_base+gabor+resnet50+siglip_base+vgg16,
SoilOriginal,svm,123,2,full,random_073,0.8439105885035969,0.9035087719298246,7,9776,2.709408574999543,deit_s+dinov2_small+gabor+resnet101+resnet50+vgg16+vit_b16,
SoilOriginal,svm,123,2,full,random_074,0.8359071652806944,0.8991228070175439,7,5988,3.713596678993781,dinov2_large+drlbp+gabor+hog+mae_base+resnet50+rgb_ngram_svd,
SoilOriginal,svm,123,2,full,random_075,0.8327340871615967,0.8947368421052632,7,5010,2.0313795399997616,convnext_v2_t+deit_s+glcm+resnet101+rgb_ngram_svd+siglip_base+swin_t,
SoilOriginal,svm,123,2,full,random_076,0.8267424043586834,0.8991228070175439,7,6790,2.396608027003822,convnext_v2_t+drlbp+eva02_base+lbp+rgb_ngram_svd+siglip_base+vgg16,
SoilOriginal,svm,123,2,full,random_077,0.8291070667362467,0.9035087719298246,7,7296,4.568879052996635,deit_s+densenet121+dinov2_large+efficientnet_b0+resnet101+swin_t+vit_b16,
SoilOriginal,svm,123,2,full,random_078,0.8168540719556103,0.8903508771929824,7,3558,4.026177154999459,beitv2_base_final+convnext_v2_t+dinov2+dinov2_small+gabor+lbp+mae_base,
SoilOriginal,svm,123,2,full,random_079,0.8228166363532987,0.8903508771929824,7,3480,2.789274547001696,beitv2_base_final+densenet121+dinov2+drlbp+glcm+lbp+vit_b16,
SoilOriginal,svm,123,2,full,random_080,0.7967478733780263,0.8771929824561403,7,9334,6.110556141000416,deit_s+dinov2+dinov2_large+efficientnet_b0+glcm+hog+vgg16,
SoilOriginal,svm,123,2,full,random_081,0.8508522766697271,0.9210526315789473,7,3846,3.7546510249958374,beitv2_base_final+deit_s+dinov2_large+drlbp+lbp+siglip_base+swin_t,
SoilOriginal,svm,123,2,full,random_082,0.8324322576533987,0.9035087719298246,7,4890,4.916883666999638,beitv2_base_final+convnext_v2_t+deit_s+dinov2+dinov2_small+hog+lbp,
SoilOriginal,svm,123,2,full,random_083,0.8209452249374041,0.881578947368421,7,10240,6.379177875998721,convnext_v2_t+densenet121+mae_base+resnet101+swin_t+vgg16+vit_b16,
SoilOriginal,svm,123,2,full,random_084,0.826005736390666,0.8947368421052632,7,5302,2.2688961399981054,beitv2_base_final+densenet121+dinov2_small+lbp+resnet101+rgb_ngram_svd+vit_b16,
SoilOriginal,svm,123,2,full,random_085,0.8621522799246177,0.9122807017543859,7,5140,3.9503703500013216,convnext_v2_t+eva02_base+gabor+hog+mae_base+rgb_ngram_svd+swin_t,
SoilOriginal,svm,123,2,full,random_086,0.841692613205896,0.8991228070175439,7,5302,4.402855077998538,beitv2_base_final+densenet121+drlbp+efficientnet_b0+gabor+lbp+resnet50,
SoilOriginal,svm,123,2,full,random_087,0.8258415161648365,0.8947368421052632,7,7600,3.2055813699989812,convnext_v2_t+deit_s+dinov2+gabor+mae_base+swin_t+vgg16,
SoilOriginal,svm,123,2,full,random_088,0.8123121718954289,0.8771929824561403,7,6520,3.6023563950002426,convnext_v2_t+dinov2+gabor+glcm+lbp+mae_base+vgg16,
SoilOriginal,svm,123,2,full,random_089,0.810137327952565,0.8859649122807017,7,5040,3.4080230359977577,dinov2_small+gabor+mae_base+resnet101+rgb_ngram_svd+siglip_base+swin_t,
SoilOriginal,svm,123,2,full,random_090,0.8181507956794167,0.8947368421052632,7,11802,5.729674541995337,dinov2_large+hog+lbp+resnet101+resnet50+siglip_base+vgg16,
SoilOriginal,svm,123,2,full,random_091,0.8283739652160705,0.8947368421052632,7,5350,3.31533078099892,beitv2_base_final+deit_s+efficientnet_b0+eva02_base+gabor+lbp+resnet101,
SoilOriginal,svm,123,2,full,random_092,0.7873336091193234,0.8640350877192983,7,9718,6.071101098001236,dinov2+dinov2_large+efficientnet_b0+glcm+hog+siglip_base+vgg16,
SoilOriginal,svm,123,2,full,random_093,0.8220856063326212,0.8947368421052632,7,4432,2.5342909330065595,dinov2+dinov2_large+drlbp+rgb_ngram_svd+siglip_base+swin_t+vit_b16,
SoilOriginal,svm,123,2,full,random_094,0.8221823216259853,0.8903508771929824,7,7046,4.663273076999758,beitv2_base_final+drlbp+efficientnet_b0+lbp+resnet101+resnet50+siglip_base,
SoilOriginal,svm,123,2,full,random_095,0.8178461149733446,0.8903508771929824,7,4316,4.199971647998609,deit_s+densenet121+dinov2_large+gabor+glcm+hog+lbp,
SoilOriginal,svm,123,2,full,random_096,0.8306966842681128,0.8991228070175439,7,6170,5.2913244520023,dinov2+efficientnet_b0+eva02_base+hog+lbp+siglip_base+swin_t,
SoilOriginal,svm,123,2,full,random_097,0.8055243273036624,0.881578947368421,7,7094,4.079243576001318,deit_s+dinov2_large+lbp+mae_base+resnet101+resnet50+swin_t,
SoilOriginal,svm,123,2,full,random_098,0.8165890269151138,0.8859649122807017,7,6022,2.2477035580013762,deit_s+dinov2_small+drlbp+lbp+rgb_ngram_svd+vgg16+vit_b16,
SoilOriginal,svm,123,2,full,random_099,0.8099085320410829,0.8903508771929824,7,6966,3.973801320003986,densenet121+dinov2+dinov2_large+efficientnet_b0+lbp+resnet50+swin_t,
SoilOriginal,svm,123,3,full,random_000,0.8968561271375617,0.9295154185022027,4,3632,1.697634680000192,eva02_base+gabor+resnet101+siglip_base,
SoilOriginal,svm,123,3,full,random_001,0.9121240562121835,0.9383259911894273,4,3840,1.7605358550063102,beitv2_base_final+resnet50+rgb_ngram_svd+vit_b16,
SoilOriginal,svm,123,3,full,random_002,0.9158146587888522,0.9427312775330396,4,3840,1.7882569130015327,eva02_base+resnet101+rgb_ngram_svd+siglip_base,
SoilOriginal,svm,123,3,full,random_003,0.9083215304169789,0.9251101321585903,4,5302,1.5879028370036394,deit_s+lbp+siglip_base+vgg16,
SoilOriginal,svm,123,3,full,random_004,0.8968237165722028,0.9251101321585903,4,4068,2.7390965149970725,beitv2_base_final+hog+mae_base+vit_b16,
SoilOriginal,svm,123,3,full,random_005,0.8845126358400694,0.920704845814978,4,6912,2.105817957002728,beitv2_base_final+efficientnet_b0+vgg16+vit_b16,
SoilOriginal,svm,123,3,full,random_006,0.910137119830685,0.9383259911894273,4,6656,2.4873609810019843,densenet121+dinov2+siglip_base+vgg16,
SoilOriginal,svm,123,3,full,random_007,0.8428497722775073,0.8986784140969163,4,3394,2.0185821729974123,efficientnet_b0+gabor+glcm+resnet50,
SoilOriginal,svm,123,3,full,random_008,0.8933603656626935,0.9295154185022027,4,3328,1.8102319879981223,beitv2_base_final+densenet121+dinov2+swin_t,
SoilOriginal,svm,123,3,full,random_009,0.8693451543296744,0.9030837004405287,4,2150,2.1145918909969623,efficientnet_b0+gabor+lbp+mae_base,
SoilOriginal,svm,123,3,full,random_010,0.9052777215816212,0.920704845814978,4,2000,1.101067237999814,convnext_v2_t+deit_s+drlbp+eva02_base,
SoilOriginal,svm,123,3,full,random_011,0.8483788115770855,0.9118942731277533,4,2914,1.051473220999469,drlbp+eva02_base+glcm+resnet50,
SoilOriginal,svm,123,3,full,random_012,0.9355341899198735,0.947136563876652,4,4608,2.38470996900287,dinov2_large+efficientnet_b0+resnet101+rgb_ngram_svd,
SoilOriginal,svm,123,3,full,random_013,0.9154148977155424,0.9383259911894273,4,2358,1.410523132995877,dinov2+eva02_base+lbp+siglip_base,
SoilOriginal,svm,123,3,full,random_014,0.89538359001493,0.920704845814978,4,2176,1.0330333430028986,deit_s+mae_base+rgb_ngram_svd+vit_b16,
SoilOriginal,svm,123,3,full,random_015,0.89538359001493,0.920704845814978,4,1426,0.5268510489986511,deit_s+glcm+rgb_ngram_svd+vit_b16,
SoilOriginal,svm,123,3,full,random_016,0.9005952341570457,0.933920704845815,4,1840,0.9595578389998991,beitv2_base_final+gabor+rgb_ngram_svd+vit_b16,
SoilOriginal,svm,123,3,full,random_017,0.8818462534143326,0.920704845814978,4,2688,1.1984016399946995,dinov2+dinov2_small+eva02_base+vit_b16,
SoilOriginal,svm,123,3,full,random_018,0.8048695535421387,0.8722466960352423,4,2530,0.965206514003512,deit_s+drlbp+glcm+resnet50,
SoilOriginal,svm,123,3,full,random_019,0.8694013650728796,0.9162995594713657,4,4964,1.9375264480040642,deit_s+hog+resnet50+vit_b16,
SoilOriginal,svm,123,3,full,random_020,0.8867918379101948,0.9295154185022027,4,5168,1.073052841995377,convnext_v2_t+gabor+rgb_ngram_svd+vgg16,
SoilOriginal,svm,123,3,full,random_021,0.8758733562523398,0.9118942731277533,4,2944,1.5054161739972187,convnext_v2_t+densenet121+dinov2_small+mae_base,
SoilOriginal,svm,123,3,full,random_022,0.8883413164428245,0.9162995594713657,4,1872,1.1031514019996393,drlbp+mae_base+rgb_ngram_svd+vit_b16,
SoilOriginal,svm,123,3,full,random_023,0.8948799243925089,0.920704845814978,4,4324,2.339862227992853,beitv2_base_final+densenet121+hog+swin_t,
SoilOriginal,svm,123,3,full,random_024,0.8396950448220866,0.8898678414096917,4,2230,1.3225047099986114,deit_s+dinov2_large+lbp+mae_base,
SoilOriginal,svm,123,3,full,random_025,0.9206747298295966,0.9383259911894273,4,3318,1.8538443839934189,convnext_v2_t+eva02_base+glcm+hog,
SoilOriginal,svm,123,3,full,random_026,0.8785680581609772,0.9251101321585903,4,4144,1.8394090000001597,dinov2+efficientnet_b0+gabor+resnet101,
SoilOriginal,svm,123,3,full,random_027,0.8931087627263412,0.920704845814978,4,1810,1.0506699479956296,convnext_v2_t+glcm+mae_base+rgb_ngram_svd,
SoilOriginal,svm,123,3,full,random_028,0.8879828224097033,0.9295154185022027,4,1840,0.8057571039971663,eva02_base+gabor+rgb_ngram_svd+swin_t,
SoilOriginal,svm,123,3,full,random_029,0.8707527139987602,0.9118942731277533,4,2560,1.1886544540029718,beitv2_base_final+deit_s+dinov2_large+dinov2_small,
SoilOriginal,svm,123,3,full,random_030,0.8625449185111648,0.8942731277533039,4,2918,1.3638030300062383,convnext_v2_t+gabor+lbp+resnet101,
SoilOriginal,svm,123,3,full,random_031,0.9200412680928608,0.9427312775330396,4,2706,1.0100040929974057,dinov2_small+glcm+resnet101+rgb_ngram_svd,
SoilOriginal,svm,123,3,full,random_032,0.908188640857812,0.933920704845815,4,3456,1.103758169003413,beitv2_base_final+deit_s+resnet50+rgb_ngram_svd,
SoilOriginal,svm,123,3,full,random_033,0.8857622533873323,0.9251101321585903,4,4608,1.636685054996633,beitv2_base_final+convnext_v2_t+dinov2_large+resnet101,
SoilOriginal,svm,123,3,full,random_034,0.8659981935357876,0.9118942731277533,4,3218,1.7006058789993403,dinov2_small+glcm+mae_base+resnet101,
SoilOriginal,svm,123,3,full,random_035,0.8889066467148102,0.9251101321585903,4,1872,1.019456619003904,convnext_v2_t+drlbp+eva02_base+rgb_ngram_svd,
SoilOriginal,svm,123,3,full,random_036,0.8602959567448659,0.9074889867841409,4,3138,1.7234016290021827,densenet121+gabor+glcm+resnet101,
SoilOriginal,svm,123,3,full,random_037,0.8394623699282082,0.8986784140969163,4,1670,1.455880931003776,dinov2+drlbp+lbp+mae_base,
SoilOriginal,svm,123,3,full,random_038,0.8957258935620537,0.9251101321585903,4,2358,1.492884100000083,beitv2_base_final+eva02_base+lbp+mae_base,
SoilOriginal,svm,123,3,full,random_039,0.9098992862759455,0.933920704845815,4,2896,1.5326278180000372,drlbp+efficientnet_b0+eva02_base+siglip_base,
SoilOriginal,svm,123,3,full,random_040,0.8913581499071258,0.9251101321585903,4,4352,1.7692617300053826,eva02_base+resnet101+swin_t+vit_b16,
SoilOriginal,svm,123,3,full,random_041,0.8790857839691465,0.9118942731277533,4,2224,1.5170346599988989,deit_s+densenet121+gabor+mae_base,
SoilOriginal,svm,123,3,full,random_042,0.8972992751549356,0.9251101321585903,4,2688,1.4079298700016807,dinov2_small+eva02_base+mae_base+swin_t,
SoilOriginal,svm,123,3,full,random_043,0.8429243715617049,0.8986784140969163,4,3968,1.4968662280007266,convnext_v2_t+dinov2+dinov2_small+resnet50,
SoilOriginal,svm,123,3,full,random_044,0.915178238512793,0.9295154185022027,4,3072,1.2720409599933191,convnext_v2_t+efficientnet_b0+rgb_ngram_svd+siglip_base,
SoilOriginal,svm,123,3,full,random_045,0.8938447196591255,0.920704845814978,4,4580,2.3105793080030708,convnext_v2_t+efficientnet_b0+hog+swin_t,
SoilOriginal,svm,123,3,full,random_046,0.8714909809830542,0.9162995594713657,4,3840,2.054606967001746,dinov2_large+efficientnet_b0+mae_base+swin_t,
SoilOriginal,svm,123,3,full,random_047,0.8460839902447842,0.8854625550660793,4,6292,2.175202946003992,deit_s+gabor+hog+vgg16,
SoilOriginal,svm,123,3,full,random_048,0.8780493191177003,0.9251101321585903,4,4864,2.3496244179987116,beitv2_base_final+densenet121+dinov2_large+resnet50,
SoilOriginal,svm,123,3,full,random_049,0.8666450431104119,0.9118942731277533,4,3584,2.1366867719989386,convnext_v2_t+densenet121+dinov2_large+swin_t,
SoilOriginal,svm,123,3,full,random_050,0.8863692955236814,0.9118942731277533,4,1286,1.1295609309963766,convnext_v2_t+dinov2_small+drlbp+lbp,
SoilOriginal,svm,123,3,full,random_051,0.86242851147521,0.9162995594713657,4,5348,2.2763480659996276,eva02_base+hog+resnet50+swin_t,
SoilOriginal,svm,123,3,full,random_052,0.9038499446715108,0.9295154185022027,4,6656,2.4612135589995887,dinov2+dinov2_large+eva02_base+vgg16,
SoilOriginal,svm,123,3,full,random_053,0.877411280042859,0.9074889867841409,4,1608,1.2580635850026738,convnext_v2_t+glcm+lbp+swin_t,
SoilOriginal,svm,123,3,full,random_054,0.8861817995802097,0.9251101321585903,4,3636,2.2380403950010077,dinov2_large+drlbp+hog+vit_b16,
SoilOriginal,svm,123,3,full,random_055,0.9111653289537343,0.9295154185022027,4,1894,1.710775845000171,densenet121+gabor+lbp+mae_base,
SoilOriginal,svm,123,3,full,random_056,0.9085466689920697,0.933920704845815,4,3072,1.5827152349957032,eva02_base+mae_base+swin_t+vit_b16,
SoilOriginal,svm,123,3,full,random_057,0.8917623169218727,0.9295154185022027,4,3328,1.7923028930017608,convnext_v2_t+dinov2_large+siglip_base+swin_t,
SoilOriginal,svm,123,3,full,random_058,0.8960160140611269,0.920704845814978,4,1938,1.4269513260005624,beitv2_base_final+convnext_v2_t+dinov2_small+glcm,
SoilOriginal,svm,123,3,full,random_059,0.915761945129686,0.9383259911894273,4,7680,2.3281528369989246,efficientnet_b0+resnet50+rgb_ngram_svd+vgg16,
SoilOriginal,svm,123,3,full,random_060,0.917455104440797,0.947136563876652,4,4096,1.8340552060035407,dinov2+dinov2_large+resnet50+rgb_ngram_svd,
SoilOriginal,svm,123,3,full,random_061,0.9028922611223907,0.9383259911894273,4,5888,2.3803392939953483,dinov2+dinov2_large+resnet101+resnet50,
SoilOriginal,svm,123,3,full,random_062,0.8644477909182618,0.9118942731277533,4,7926,3.2566955920046894,glcm+hog+resnet50+vgg16,
SoilOriginal,svm,123,3,full,random_063,0.8398635619022363,0.8986784140969163,4,1554,0.8548063960042782,deit_s+dinov2_small+glcm+swin_t,
SoilOriginal,svm,123,3,full,random_064,0.8562163352769045,0.9118942731277533,4,2578,1.5461063030015794,beitv2_base_final+dinov2_large+glcm+swin_t,
SoilOriginal,svm,123,3,full,random_065,0.9170679208294777,0.933920704845815,4,1488,0.7823263989994302,convnext_v2_t+dinov2_small+drlbp+rgb_ngram_svd,
SoilOriginal,svm,123,3,full,random_066,0.8952345272146914,0.920704845814978,4,1456,0.7080786540027475,deit_s+gabor+rgb_ngram_svd+siglip_base,
SoilOriginal,svm,123,3,full,random_067,0.8775856022918868,0.920704845814978,4,2950,1.4064578649995383,drlbp+lbp+resnet50+vit_b16,
SoilOriginal,svm,123,3,full,random_068,0.8877782229869345,0.920704845814978,4,2688,1.5142706359984004,beitv2_base_final+convnext_v2_t+dinov2_small+swin_t,
SoilOriginal,svm,123,3,full,random_069,0.8853344224734537,0.9162995594713657,4,2114,1.7403544100016006,efficientnet_b0+gabor+glcm+swin_t,
SoilOriginal,svm,123,3,full,random_070,0.8997569743307879,0.933920704845815,4,4352,1.9274678199944901,dinov2+mae_base+resnet101+siglip_base,
SoilOriginal,svm,123,3,full,random_071,0.8803374017202091,0.9074889867841409,4,2000,1.2370387010014383,beitv2_base_final+deit_s+drlbp+siglip_base,
SoilOriginal,svm,123,3,full,random_072,0.8771504221703724,0.9118942731277533,4,1872,1.1854463670024415,deit_s+densenet121+dinov2_small+drlbp,
SoilOriginal,svm,123,3,full,random_073,0.9298412458711462,0.9515418502202643,4,6784,1.4316226079972694,dinov2_small+resnet50+rgb_ngram_svd+vgg16,
SoilOriginal,svm,123,3,full,random_074,0.8995418818425266,0.933920704845815,4,2608,1.5065599070003373,densenet121+dinov2+eva02_base+gabor,
SoilOriginal,svm,123,3,full,random_075,0.8710980172068935,0.9074889867841409,4,3664,1.3468588790055946,beitv2_base_final+drlbp+resnet101+vit_b16,
SoilOriginal,svm,123,3,full,random_076,0.8879014637860264,0.9295154185022027,4,1456,0.7248349090004922,deit_s+eva02_base+gabor+rgb_ngram_svd,
SoilOriginal,svm,123,3,full,random_077,0.8794001213993905,0.9162995594713657,4,3584,1.5184890450036619,deit_s+dinov2_small+eva02_base+resnet101,
SoilOriginal,svm,123,3,full,random_078,0.9024013777904318,0.933920704845815,4,2608,1.880860548997589,dinov2_large+eva02_base+gabor+siglip_base,
SoilOriginal,svm,123,3,full,random_079,0.9052777215816212,0.920704845814978,4,1938,1.2812732770034927,convnext_v2_t+deit_s+eva02_base+glcm,
SoilOriginal,svm,123,3,full,random_080,0.8755376919548523,0.9162995594713657,4,5328,1.337244294998527,dinov2+dinov2_small+drlbp+vgg16,
SoilOriginal,svm,123,3,full,random_081,0.824524224837784,0.8678414096916299,4,3910,3.51279628300108,drlbp+glcm+hog+resnet101,
SoilOriginal,svm,123,3,full,random_082,0.8968888056541061,0.9251101321585903,4,2688,1.3477923649988952,deit_s+siglip_base+swin_t+vit_b16,
SoilOriginal,svm,123,3,full,random_083,0.8856887298747764,0.9251101321585903,4,3664,1.7962500380017445,drlbp+resnet101+siglip_base+swin_t,
SoilOriginal,svm,123,3,full,random_084,0.8338346161680316,0.8898678414096917,4,3254,1.9076191169951926,deit_s+lbp+resnet101+swin_t,
SoilOriginal,svm,123,3,full,random_085,0.9025800223088364,0.933920704845815,4,2614,1.5879996410003514,dinov2_large+lbp+mae_base+vit_b16,
SoilOriginal,svm,123,3,full,random_086,0.8520429584433383,0.9118942731277533,4,7936,2.5752642049992573,densenet121+mae_base+resnet50+vgg16,
SoilOriginal,svm,123,3,full,random_087,0.8490807451081849,0.8986784140969163,4,2304,2.1450821710022865,beitv2_base_final+deit_s+dinov2_small+mae_base,
SoilOriginal,svm,123,3,full,random_088,0.8658110818139837,0.8986784140969163,4,2970,2.8107969389966456,beitv2_base_final+deit_s+hog+lbp,
SoilOriginal,svm,123,3,full,random_089,0.8692777411884806,0.9030837004405287,4,6400,2.003963488001318,convnext_v2_t+mae_base+swin_t+vgg16,
SoilOriginal,svm,123,3,full,random_090,0.8785667288863629,0.920704845814978,4,4608,2.0566655340007856,densenet121+eva02_base+mae_base+resnet50,
SoilOriginal,svm,123,3,full,random_091,0.8937464297758416,0.9251101321585903,4,2230,1.23047883399704,dinov2_large+dinov2_small+eva02_base+lbp,
SoilOriginal,svm,123,3,full,random_092,0.8917598949106569,0.9251101321585903,4,5138,1.2858507379933144,glcm+mae_base+rgb_ngram_svd+vgg16,
SoilOriginal,svm,123,3,full,random_093,0.8879899922040158,0.9251101321585903,4,3840,1.9837506130061229,dinov2_large+efficientnet_b0+siglip_base+swin_t,
SoilOriginal,svm,123,3,full,random_094,0.8889140133632177,0.9251101321585903,4,4352,1.7292337120015873,dinov2+eva02_base+resnet101+vit_b16,
SoilOriginal,svm,123,3,full,random_095,0.8811178171499272,0.9162995594713657,4,2128,1.0955278639958124,densenet121+drlbp+rgb_ngram_svd+swin_t,
SoilOriginal,svm,123,3,full,random_096,0.9157618657618659,0.933920704845815,4,6400,1.6942538369985414,efficientnet_b0+rgb_ngram_svd+siglip_base+vgg16,
SoilOriginal,svm,123,3,full,random_097,0.8889975045001404,0.9295154185022027,4,3888,1.7292605900001945,dinov2_large+gabor+resnet101+siglip_base,
SoilOriginal,svm,123,3,full,random_098,0.8741646815748406,0.9118942731277533,4,5120,2.0494874700016226,dinov2_large+efficientnet_b0+resnet101+vit_b16,
SoilOriginal,svm,123,3,full,random_099,0.8952051039919908,0.9251101321585903,4,1920,1.2262496539988206,dinov2_large+drlbp+eva02_base+gabor,
SoilOriginal,svm,123,4,full,random_000,0.9056202240761025,0.9429824561403509,8,6576,3.5911686170002213,beitv2_base_final+convnext_v2_t+deit_s+dinov2_large+gabor+resnet50+swin_t+vit_b16,
SoilOriginal,svm,123,4,full,random_001,0.9055211010098229,0.9298245614035088,8,4834,3.8670441249996657,convnext_v2_t+deit_s+densenet121+dinov2+dinov2_large+drlbp+glcm+mae_base,
SoilOriginal,svm,123,4,full,random_002,0.8886221172665908,0.9298245614035088,8,11492,4.729380675998982,beitv2_base_final+convnext_v2_t+deit_s+dinov2_small+efficientnet_b0+hog+resnet101+vgg16,
SoilOriginal,svm,123,4,full,random_003,0.9104498605267669,0.9473684210526315,8,9344,4.011322221005685,convnext_v2_t+deit_s+dinov2_large+efficientnet_b0+mae_base+rgb_ngram_svd+siglip_base+vgg16,
SoilOriginal,svm,123,4,full,random_004,0.8885737073610738,0.9298245614035088,8,7206,4.137916451996716,convnext_v2_t+densenet121+gabor+glcm+hog+mae_base+resnet50+vit_b16,
SoilOriginal,svm,123,4,full,random_005,0.9231557772029274,0.9429824561403509,8,4882,2.5320546889997786,convnext_v2_t+deit_s+densenet121+dinov2_small+eva02_base+glcm+mae_base+siglip_base,
SoilOriginal,svm,123,4,full,random_006,0.885094408759047,0.9298245614035088,8,6838,3.419866374999401,convnext_v2_t+deit_s+dinov2+efficientnet_b0+lbp+mae_base+resnet101+siglip_base,
SoilOriginal,svm,123,4,full,random_007,0.8890514186589741,0.9298245614035088,8,6400,3.5984787800043705,deit_s+densenet121+drlbp+efficientnet_b0+gabor+resnet101+siglip_base+swin_t,
SoilOriginal,svm,123,4,full,random_008,0.9078284460637401,0.9429824561403509,8,6472,3.946646137999778,convnext_v2_t+efficientnet_b0+eva02_base+glcm+lbp+mae_base+resnet101+swin_t,
SoilOriginal,svm,123,4,full,random_009,0.8723512711317589,0.9254385964912281,8,7248,3.511107548001746,deit_s+dinov2+dinov2_small+drlbp+resnet101+resnet50+siglip_base+swin_t,
SoilOriginal,svm,123,4,full,random_010,0.9409437102529096,0.9649122807017544,8,7856,2.702519361002487,beitv2_base_final+convnext_v2_t+dinov2_small+eva02_base+gabor+rgb_ngram_svd+vgg16+vit_b16,
SoilOriginal,svm,123,4,full,random_011,0.8969555008706113,0.9385964912280702,8,6400,4.086587942998449,convnext_v2_t+densenet121+dinov2+efficientnet_b0+rgb_ngram_svd+siglip_base+swin_t+vit_b16,
SoilOriginal,svm,123,4,full,random_012,0.9241835067253309,0.9517543859649122,8,6600,3.504019594001875,densenet121+dinov2_large+drlbp+gabor+glcm+lbp+rgb_ngram_svd+vgg16,
SoilOriginal,svm,123,4,full,random_013,0.898418185209002,0.9385964912280702,8,4998,3.9756330519958283,convnext_v2_t+densenet121+drlbp+lbp+mae_base+siglip_base+swin_t+vit_b16,
SoilOriginal,svm,123,4,full,random_014,0.8770361266647855,0.9298245614035088,8,5968,3.3047266349967686,convnext_v2_t+deit_s+dinov2+dinov2_small+drlbp+resnet101+swin_t+vit_b16,
SoilOriginal,svm,123,4,full,random_015,0.8773445371898335,0.9429824561403509,8,3372,2.995981791995291,dinov2_small+drlbp+gabor+glcm+hog+lbp+mae_base+rgb_ngram_svd,
SoilOriginal,svm,123,4,full,random_016,0.9093490096842921,0.9429824561403509,8,9350,3.9910236060022726,convnext_v2_t+drlbp+lbp+resnet101+siglip_base+swin_t+vgg16+vit_b16,
SoilOriginal,svm,123,4,full,random_017,0.9187015729949836,0.9429824561403509,8,8420,4.841783757001394,beitv2_base_final+deit_s+densenet121+dinov2_small+efficientnet_b0+hog+resnet101+siglip_base,
SoilOriginal,svm,123,4,full,random_018,0.9240125781029394,0.9429824561403509,8,7942,4.5968825060044765,densenet121+dinov2+dinov2_small+drlbp+eva02_base+lbp+mae_base+vgg16,
SoilOriginal,svm,123,4,full,random_019,0.884432249350875,0.9342105263157895,8,6390,3.1495990609982982,beitv2_base_final+deit_s+dinov2_small+glcm+hog+resnet101+rgb_ngram_svd+siglip_base,
SoilOriginal,svm,123,4,full,random_020,0.9264503001194563,0.9473684210526315,8,5832,3.6605629199984833,beitv2_base_final+densenet121+dinov2_small+eva02_base+glcm+lbp+resnet101+siglip_base,
SoilOriginal,svm,123,4,full,random_021,0.9000690475741501,0.9385964912280702,8,7782,3.6160256399962236,deit_s+dinov2_small+efficientnet_b0+gabor+lbp+swin_t+vgg16+vit_b16,
SoilOriginal,svm,123,4,full,random_022,0.8917390224240952,0.9473684210526315,8,5442,3.4586513609974645,convnext_v2_t+eva02_base+gabor+glcm+resnet50+rgb_ngram_svd+siglip_base+vit_b16,
SoilOriginal,svm,123,4,full,random_023,0.9040089682905735,0.9429824561403509,8,10752,4.643121610999515,deit_s+densenet121+dinov2+dinov2_small+efficientnet_b0+eva02_base+resnet50+vgg16,
SoilOriginal,svm,123,4,full,random_024,0.9088267244110051,0.9429824561403509,8,9190,4.060936618996493,dinov2+dinov2_large+dinov2_small+eva02_base+gabor+lbp+resnet50+vgg16,
SoilOriginal,svm,123,4,full,random_025,0.9393928223006734,0.9517543859649122,8,4450,3.282860041996173,beitv2_base_final+deit_s+dinov2_small+drlbp+efficientnet_b0+eva02_base+glcm+vit_b16,
SoilOriginal,svm,123,4,full,random_026,0.8989146414261622,0.9385964912280702,8,5394,3.8394310349976877,deit_s+dinov2_small+glcm+mae_base+resnet101+rgb_ngram_svd+siglip_base+swin_t,
SoilOriginal,svm,123,4,full,random_027,0.9380329907961309,0.9517543859649122,8,8950,3.2761838610022096,beitv2_base_final+deit_s+dinov2+dinov2_small+glcm+hog+vgg16+vit_b16,
SoilOriginal,svm,123,4,full,random_028,0.9193290718996392,0.9473684210526315,8,7168,3.11886125899764,densenet121+dinov2+dinov2_small+drlbp+gabor+resnet101+resnet50+swin_t,
SoilOriginal,svm,123,4,full,random_029,0.8962595198334805,0.9342105263157895,8,9600,4.0637687139969785,densenet121+dinov2+drlbp+eva02_base+gabor+mae_base+resnet50+vgg16,
SoilOriginal,svm,123,4,full,random_030,0.9063355756047853,0.9342105263157895,8,6064,3.9065674180019414,deit_s+densenet121+dinov2_large+efficientnet_b0+gabor+mae_base+swin_t+vit_b16,
SoilOriginal,svm,123,4,full,random_031,0.8630001107903512,0.9254385964912281,8,7014,3.7621261140011484,densenet121+dinov2+gabor+lbp+resnet101+resnet50+rgb_ngram_svd+siglip_base,
SoilOriginal,svm,123,4,full,random_032,0.905541563476706,0.9473684210526315,8,11236,5.570175663000555,beitv2_base_final+convnext_v2_t+eva02_base+hog+mae_base+resnet101+rgb_ngram_svd+vgg16,
SoilOriginal,svm,123,4,full,random_033,0.880503446899905,0.9342105263157895,8,5840,3.6308134850041824,convnext_v2_t+deit_s+drlbp+mae_base+resnet101+rgb_ngram_svd+siglip_base+swin_t,
SoilOriginal,svm,123,4,full,random_034,0.9134861617193585,0.9385964912280702,8,6170,4.2139774299939745,deit_s+densenet121+dinov2_large+dinov2_small+eva02_base+hog+lbp+siglip_base,
SoilOriginal,svm,123,4,full,random_035,0.9058002080698454,0.9342105263157895,8,9094,2.9854558400038513,dinov2_large+drlbp+lbp+resnet101+rgb_ngram_svd+swin_t+vgg16+vit_b16,
SoilOriginal,svm,123,4,full,random_036,0.8843313103336798,0.9342105263157895,8,7732,5.0803796270047314,beitv2_base_final+drlbp+efficientnet_b0+hog+mae_base+resnet50+rgb_ngram_svd+siglip_base,
SoilOriginal,svm,123,4,full,random_037,0.9173831258344721,0.9517543859649122,8,5602,3.43443932000082,beitv2_base_final+convnext_v2_t+dinov2_small+drlbp+eva02_base+glcm+resnet50+swin_t,
SoilOriginal,svm,123,4,full,random_038,0.9383920598023182,0.956140350877193,8,4150,4.55874716299877,densenet121+dinov2_large+dinov2_small+drlbp+eva02_base+gabor+lbp+swin_t,
SoilOriginal,svm,123,4,full,random_039,0.9104879637483158,0.9517543859649122,8,3650,4.198151019998477,deit_s+densenet121+dinov2_small+gabor+glcm+mae_base+rgb_ngram_svd+vit_b16,
SoilOriginal,svm,123,4,full,random_040,0.9093540939793591,0.9385964912280702,8,9984,4.552132976001303,deit_s+dinov2_small+eva02_base+resnet50+siglip_base+swin_t+vgg16+vit_b16,
SoilOriginal,svm,123,4,full,random_041,0.8747027840619337,0.9210526315789473,8,9296,3.950676309999835,deit_s+dinov2_small+drlbp+mae_base+resnet101+siglip_base+swin_t+vgg16,
SoilOriginal,svm,123,4,full,random_042,0.9187574443205578,0.9517543859649122,8,9168,3.625250267003139,convnext_v2_t+dinov2_small+drlbp+mae_base+resnet101+rgb_ngram_svd+swin_t+vgg16,
SoilOriginal,svm,123,4,full,random_043,0.9155287191329131,0.9429824561403509,8,6966,3.4420124190000934,densenet121+dinov2+efficientnet_b0+eva02_base+lbp+resnet101+rgb_ngram_svd+siglip_base,
SoilOriginal,svm,123,4,full,random_044,0.9505169052530814,0.9649122807017544,8,6904,2.4464617210032884,beitv2_base_final+convnext_v2_t+dinov2_small+eva02_base+gabor+glcm+lbp+vgg16,
SoilOriginal,svm,123,4,full,random_045,0.8979551711663664,0.9429824561403509,8,5584,3.0264830290034297,convnext_v2_t+deit_s+dinov2+drlbp+efficientnet_b0+eva02_base+mae_base+swin_t,
SoilOriginal,svm,123,4,full,random_046,0.9102580862346796,0.9473684210526315,8,3346,2.483430865999253,deit_s+densenet121+drlbp+gabor+glcm+rgb_ngram_svd+siglip_base+vit_b16,
SoilOriginal,svm,123,4,full,random_047,0.9106535566817511,0.9385964912280702,8,7396,4.774065248995612,deit_s+dinov2_large+drlbp+efficientnet_b0+gabor+hog+resnet101+vit_b16,
SoilOriginal,svm,123,4,full,random_048,0.914547050548241,0.9429824561403509,8,3858,2.4585811700017075,convnext_v2_t+densenet121+dinov2_small+drlbp+gabor+glcm+siglip_base+vit_b16,
SoilOriginal,svm,123,4,full,random_049,0.9206708868980018,0.956140350877193,8,4784,2.736043208002229,beitv2_base_final+convnext_v2_t+densenet121+dinov2_small+gabor+rgb_ngram_svd+siglip_base+swin_t,
SoilOriginal,svm,123,4,full,random_050,0.92417240917875,0.9517543859649122,8,7808,4.040237868000986,beitv2_base_final+deit_s+dinov2_large+efficientnet_b0+eva02_base+mae_base+resnet50+swin_t,
SoilOriginal,svm,123,4,full,random_051,0.9084742619139095,0.9429824561403509,8,6418,2.959202768994146,dinov2_large+eva02_base+glcm+mae_base+resnet50+rgb_ngram_svd+siglip_base+vit_b16,
SoilOriginal,svm,123,4,full,random_052,0.8976777191062906,0.9342105263157895,8,4504,2.9007162030029576,convnext_v2_t+dinov2+drlbp+efficientnet_b0+eva02_base+glcm+lbp+mae_base,
SoilOriginal,svm,123,4,full,random_053,0.9247607201272263,0.9473684210526315,8,4614,3.041148192998662,convnext_v2_t+densenet121+dinov2+dinov2_small+drlbp+lbp+mae_base+swin_t,
SoilOriginal,svm,123,4,full,random_054,0.9208044779907671,0.9429824561403509,8,8770,3.6057689000008395,densenet121+efficientnet_b0+eva02_base+gabor+glcm+mae_base+vgg16+vit_b16,
SoilOriginal,svm,123,4,full,random_055,0.8902770422388572,0.9385964912280702,8,7956,5.017935070995009,convnext_v2_t+dinov2_large+eva02_base+gabor+hog+mae_base+resnet101+siglip_base,
SoilOriginal,svm,123,4,full,random_056,0.8874472462591416,0.9298245614035088,8,10240,3.431477973004803,beitv2_base_final+deit_s+dinov2+drlbp+gabor+resnet101+resnet50+vgg16,
SoilOriginal,svm,123,4,full,random_057,0.8763425614702464,0.9254385964912281,8,9926,4.733600348998152,dinov2+dinov2_small+drlbp+glcm+hog+resnet50+siglip_base+vgg16,
SoilOriginal,svm,123,4,full,random_058,0.9315553231919066,0.956140350877193,8,4358,2.8221651839994593,densenet121+dinov2_large+dinov2_small+drlbp+lbp+mae_base+rgb_ngram_svd+siglip_base,
SoilOriginal,svm,123,4,full,random_059,0.9291234990353135,0.9517543859649122,8,7570,3.0869919679971645,beitv2_base_final+densenet121+drlbp+eva02_base+gabor+glcm+mae_base+vgg16,
SoilOriginal,svm,123,4,full,random_060,0.9222473201169942,0.9429824561403509,8,9856,4.186961389001226,deit_s+densenet121+dinov2+efficientnet_b0+mae_base+siglip_base+vgg16+vit_b16,
SoilOriginal,svm,123,4,full,random_061,0.8781414640717172,0.9254385964912281,8,5164,3.5872645920026116,beitv2_base_final+dinov2_small+drlbp+gabor+glcm+hog+lbp+resnet50,
SoilOriginal,svm,123,4,full,random_062,0.9283070333009995,0.9605263157894737,8,9700,4.207372832999681,beitv2_base_final+convnext_v2_t+eva02_base+hog+resnet101+resnet50+swin_t+vit_b16,
SoilOriginal,svm,123,4,full,random_063,0.9359056556479617,0.9517543859649122,8,7604,4.455981534003513,beitv2_base_final+densenet121+dinov2_small+drlbp+hog+mae_base+resnet101+swin_t,
SoilOriginal,svm,123,4,full,random_064,0.9140903160652787,0.9517543859649122,8,8162,3.331660397001542,convnext_v2_t+deit_s+drlbp+efficientnet_b0+eva02_base+glcm+siglip_base+vgg16,
SoilOriginal,svm,123,4,full,random_065,0.9261208827195768,0.9517543859649122,8,7286,3.7802886979989125,beitv2_base_final+dinov2_small+glcm+hog+mae_base+resnet50+swin_t+vit_b16,
SoilOriginal,svm,123,4,full,random_066,0.9240509891843612,0.9473684210526315,8,10388,4.036833701997239,dinov2+dinov2_large+dinov2_small+gabor+hog+resnet101+rgb_ngram_svd+vgg16,
SoilOriginal,svm,123,4,full,random_067,0.907558319127771,0.9429824561403509,8,5638,2.9562360380004975,beitv2_base_final+dinov2_small+drlbp+efficientnet_b0+lbp+resnet50+rgb_ngram_svd+swin_t,
SoilOriginal,svm,123,4,full,random_068,0.9047771307194185,0.9473684210526315,8,7632,3.436742106001475,convnext_v2_t+dinov2+dinov2_small+drlbp+eva02_base+resnet101+resnet50+swin_t,
SoilOriginal,svm,123,4,full,random_069,0.9052844246171754,0.9473684210526315,8,6400,2.960189983001328,beitv2_base_final+convnext_v2_t+deit_s+densenet121+dinov2_small+resnet50+rgb_ngram_svd+siglip_base,
SoilOriginal,svm,123,4,full,random_070,0.8986970045068491,0.9385964912280702,8,9746,3.6373137199989287,deit_s+dinov2+dinov2_small+efficientnet_b0+eva02_base+glcm+resnet50+vgg16,
SoilOriginal,svm,123,4,full,random_071,0.9236386361711697,0.956140350877193,8,8822,4.014867696001602,dinov2+dinov2_small+eva02_base+glcm+hog+mae_base+rgb_ngram_svd+vgg16,
SoilOriginal,svm,123,4,full,random_072,0.9184293877621387,0.9517543859649122,8,4918,2.809231085004285,beitv2_base_final+deit_s+dinov2_large+dinov2_small+efficientnet_b0+lbp+rgb_ngram_svd+swin_t,
SoilOriginal,svm,123,4,full,random_073,0.9193949872646615,0.9385964912280702,8,8164,4.641715454003133,convnext_v2_t+deit_s+densenet121+dinov2+dinov2_large+dinov2_small+hog+resnet101,
SoilOriginal,svm,123,4,full,random_074,0.9153470505012223,0.9473684210526315,8,8082,3.413335799006745,dinov2+dinov2_large+dinov2_small+glcm+mae_base+rgb_ngram_svd+siglip_base+vgg16,
SoilOriginal,svm,123,4,full,random_075,0.9149189617465002,0.9429824561403509,8,8528,4.050245762999111,beitv2_base_final+dinov2+drlbp+efficientnet_b0+mae_base+resnet101+resnet50+vit_b16,
SoilOriginal,svm,123,4,full,random_076,0.884896664796997,0.9429824561403509,8,5254,2.607644984003855,deit_s+dinov2_small+drlbp+efficientnet_b0+eva02_base+lbp+resnet50+rgb_ngram_svd,
SoilOriginal,svm,123,4,full,random_077,0.9421210335547865,0.956140350877193,8,6534,3.635204423000687,beitv2_base_final+densenet121+dinov2+dinov2_large+drlbp+lbp+resnet101+vit_b16,
SoilOriginal,svm,123,4,full,random_078,0.9052463409606268,0.9429824561403509,8,6118,3.1476298550041975,deit_s+dinov2+efficientnet_b0+gabor+lbp+resnet101+siglip_base+vit_b16,
SoilOriginal,svm,123,4,full,random_079,0.8833805213870873,0.9254385964912281,8,8548,4.834127376001561,deit_s+densenet121+dinov2_large+efficientnet_b0+hog+mae_base+resnet101+rgb_ngram_svd,
SoilOriginal,svm,123,4,full,random_080,0.9189699797501157,0.9473684210526315,8,6418,3.223819097998785,beitv2_base_final+densenet121+eva02_base+glcm+mae_base+resnet50+rgb_ngram_svd+vit_b16,
SoilOriginal,svm,123,4,full,random_081,0.9400881366398608,0.9605263157894737,8,5558,3.782084358994325,beitv2_base_final+convnext_v2_t+deit_s+densenet121+dinov2_large+lbp+siglip_base+vit_b16,
SoilOriginal,svm,123,4,full,random_082,0.9024290959191502,0.9429824561403509,8,6346,3.692614172003232,beitv2_base_final+deit_s+densenet121+gabor+hog+lbp+resnet50+rgb_ngram_svd,
SoilOriginal,svm,123,4,full,random_083,0.884396907085361,0.9342105263157895,8,4472,1.980333294995944,deit_s+dinov2_small+eva02_base+gabor+glcm+lbp+mae_base+resnet50,
SoilOriginal,svm,123,4,full,random_084,0.9002599985975946,0.9342105263157895,8,6810,3.4842314920024364,convnext_v2_t+deit_s+dinov2+dinov2_large+efficientnet_b0+hog+lbp+vit_b16,
SoilOriginal,svm,123,4,full,random_085,0.9143598465027037,0.9342105263157895,8,7558,2.227680844000133,deit_s+densenet121+dinov2+dinov2_small+drlbp+lbp+vgg16+vit_b16,
SoilOriginal,svm,123,4,full,random_086,0.9000540046020264,0.9429824561403509,8,5200,2.331998759000271,convnext_v2_t+dinov2_large+drlbp+eva02_base+mae_base+rgb_ngram_svd+siglip_base+swin_t,
SoilOriginal,svm,123,4,full,random_087,0.9143504826065926,0.9429824561403509,8,8064,3.1334152429990354,deit_s+densenet121+dinov2+dinov2_large+efficientnet_b0+resnet101+siglip_base+vit_b16,
SoilOriginal,svm,123,4,full,random_088,0.9079376764604962,0.9385964912280702,8,6114,2.7355638569933944,deit_s+densenet121+dinov2_large+drlbp+eva02_base+glcm+mae_base+resnet101,
SoilOriginal,svm,123,4,full,random_089,0.9206163708291142,0.9517543859649122,8,11318,3.6819963110028766,beitv2_base_final+dinov2+lbp+resnet101+resnet50+siglip_base+vgg16+vit_b16,
SoilOriginal,svm,123,4,full,random_090,0.8979309821773389,0.9429824561403509,8,4736,2.344803638996382,beitv2_base_final+convnext_v2_t+dinov2+drlbp+efficientnet_b0+eva02_base+gabor+rgb_ngram_svd,
SoilOriginal,svm,123,4,full,random_091,0.8805078857387855,0.9298245614035088,8,5158,3.0586241130004055,convnext_v2_t+deit_s+densenet121+dinov2_small+gabor+glcm+hog+swin_t,
SoilOriginal,svm,123,4,full,random_092,0.8830286974323102,0.9298245614035088,8,5552,2.73869787100557,convnext_v2_t+deit_s+densenet121+dinov2_large+efficientnet_b0+gabor+mae_base+rgb_ngram_svd,
SoilOriginal,svm,123,4,full,random_093,0.9230034706029363,0.9429824561403509,8,5144,2.6818801459958195,beitv2_base_final+deit_s+densenet121+drlbp+glcm+lbp+mae_base+resnet101,
SoilOriginal,svm,123,4,full,random_094,0.9255745143699128,0.9517543859649122,8,5548,3.3067258770024637,beitv2_base_final+dinov2_large+dinov2_small+glcm+hog+lbp+mae_base+swin_t,
SoilOriginal,svm,123,4,full,random_095,0.9247979851148121,0.9517543859649122,8,8164,3.4645229520028806,beitv2_base_final+convnext_v2_t+densenet121+hog+mae_base+resnet50+rgb_ngram_svd+vit_b16,
SoilOriginal,svm,123,4,full,random_096,0.935688083928137,0.9473684210526315,8,7732,4.812643853998452,beitv2_base_final+deit_s+dinov2_large+dinov2_small+drlbp+efficientnet_b0+hog+resnet101,
SoilOriginal,svm,123,4,full,random_097,0.9083023325880468,0.9342105263157895,8,5314,3.6281822259988985,convnext_v2_t+densenet121+dinov2_large+dinov2_small+efficientnet_b0+gabor+glcm+mae_base,
SoilOriginal,svm,123,4,full,random_098,0.9316975778165517,0.956140350877193,8,6500,3.192489303997718,beitv2_base_final+densenet121+dinov2+dinov2_small+eva02_base+hog+rgb_ngram_svd+siglip_base,
SoilOriginal,svm,123,4,full,random_099,0.9277775655075026,0.9429824561403509,8,11418,5.218069682996429,dinov2_large+dinov2_small+efficientnet_b0+hog+lbp+mae_base+resnet101+vgg16,
SoilOriginal,svm,2026,0,full,random_000,0.8286887096568599,0.8859649122807017,5,4214,2.188229751001927,beitv2_base_final+deit_s+efficientnet_b0+glcm+hog,
SoilOriginal,svm,2026,0,full,random_001,0.8841200304425835,0.9254385964912281,5,4370,1.9375940780009842,beitv2_base_final+eva02_base+glcm+resnet101+siglip_base,
SoilOriginal,svm,2026,0,full,random_002,0.8434194181104936,0.9035087719298246,5,5504,1.9960081960016396,deit_s+dinov2+dinov2_large+efficientnet_b0+resnet50,
SoilOriginal,svm,2026,0,full,random_003,0.8452356602309935,0.9035087719298246,5,4224,1.5838854869944043,beitv2_base_final+drlbp+efficientnet_b0+gabor+resnet50,
SoilOriginal,svm,2026,0,full,random_004,0.8617368669056326,0.9210526315789473,5,3712,1.4695535940045374,convnext_v2_t+deit_s+dinov2+dinov2_large+siglip_base,
SoilOriginal,svm,2026,0,full,random_005,0.8702341071432843,0.9122807017543859,5,2376,1.2427476360026048,dinov2+eva02_base+glcm+lbp+vit_b16,
SoilOriginal,svm,2026,0,full,random_006,0.8667039123543422,0.9078947368421053,5,2736,1.0792004830000224,beitv2_base_final+dinov2_small+eva02_base+gabor+vit_b16,
SoilOriginal,svm,2026,0,full,random_007,0.8623899529275428,0.9166666666666666,5,4378,2.447644780004339,dinov2+dinov2_large+eva02_base+hog+lbp,
SoilOriginal,svm,2026,0,full,random_008,0.8301962358625635,0.8903508771929824,5,2278,1.1652032540005166,convnext_v2_t+densenet121+dinov2_small+gabor+lbp,
SoilOriginal,svm,2026,0,full,random_009,0.8730784692324974,0.9210526315789473,5,3376,1.4397564760001842,beitv2_base_final+densenet121+dinov2+eva02_base+gabor,
SoilOriginal,svm,2026,0,full,random_010,0.8400041062366743,0.8991228070175439,5,6966,1.803619369995431,beitv2_base_final+dinov2+efficientnet_b0+lbp+vgg16,
SoilOriginal,svm,2026,0,full,random_011,0.8491096676420957,0.8947368421052632,5,2376,1.1467996439969284,convnext_v2_t+glcm+lbp+siglip_base+vit_b16,
SoilOriginal,svm,2026,0,full,random_012,0.8576427347188019,0.9166666666666666,5,2578,1.2181626719975611,deit_s+dinov2_large+dinov2_small+eva02_base+glcm,
SoilOriginal,svm,2026,0,full,random_013,0.8347717616268465,0.8947368421052632,5,4498,1.547368629995617,deit_s+efficientnet_b0+glcm+resnet50+vit_b16,
SoilOriginal,svm,2026,0,full,random_014,0.8528904088909258,0.9122807017543859,5,3712,1.6107935289983288,convnext_v2_t+deit_s+densenet121+dinov2+mae_base,
SoilOriginal,svm,2026,0,full,random_015,0.8461256617594614,0.8947368421052632,5,7980,2.633838118999847,glcm+hog+lbp+resnet50+vgg16,
SoilOriginal,svm,2026,0,full,random_016,0.8408294624218258,0.8991228070175439,5,2054,0.8497278119975817,dinov2_small+drlbp+eva02_base+lbp+vit_b16,
SoilOriginal,svm,2026,0,full,random_017,0.8494928244300752,0.9078947368421053,5,3174,1.5600001100028749,dinov2_large+efficientnet_b0+gabor+lbp+siglip_base,
SoilOriginal,svm,2026,0,full,random_018,0.8353052799316414,0.9078947368421053,5,8246,2.401230243995087,efficientnet_b0+lbp+mae_base+resnet50+vgg16,
SoilOriginal,svm,2026,0,full,random_019,0.8903476859851491,0.9298245614035088,5,5968,2.0997850489948178,densenet121+drlbp+resnet101+resnet50+siglip_base,
SoilOriginal,svm,2026,0,full,random_020,0.8622958088346853,0.9122807017543859,5,2230,0.9829285969972261,beitv2_base_final+deit_s+lbp+rgb_ngram_svd+vit_b16,
SoilOriginal,svm,2026,0,full,random_021,0.856819276922354,0.9166666666666666,5,7424,1.8031624680006644,beitv2_base_final+convnext_v2_t+dinov2_large+siglip_base+vgg16,
SoilOriginal,svm,2026,0,full,random_022,0.8277238654790969,0.881578947368421,5,3702,2.0612572280006134,dinov2_small+glcm+hog+mae_base+vit_b16,
SoilOriginal,svm,2026,0,full,random_023,0.8378182613904899,0.9078947368421053,5,2790,0.9078504349963623,dinov2_small+gabor+lbp+resnet50+rgb_ngram_svd,
SoilOriginal,svm,2026,0,full,random_024,0.8718407162195982,0.9342105263157895,5,4096,1.7324682990001747,dinov2_large+efficientnet_b0+mae_base+rgb_ngram_svd+swin_t,
SoilOriginal,svm,2026,0,full,random_025,0.855196003402921,0.9122807017543859,5,3610,1.6860390479996568,convnext_v2_t+hog+lbp+rgb_ngram_svd+vit_b16,
SoilOriginal,svm,2026,0,full,random_026,0.868679305178161,0.9210526315789473,5,7424,1.9626735510028084,beitv2_base_final+dinov2+dinov2_large+eva02_base+vgg16,
SoilOriginal,svm,2026,0,full,random_027,0.8501225599051522,0.9078947368421053,5,3376,1.742396865003684,convnext_v2_t+densenet121+eva02_base+gabor+mae_base,
SoilOriginal,svm,2026,0,full,random_028,0.8426824465415496,0.8991228070175439,5,2530,1.2215172509968397,convnext_v2_t+dinov2_small+drlbp+efficientnet_b0+glcm,
SoilOriginal,svm,2026,0,full,random_029,0.8520650550157025,0.9078947368421053,5,3218,1.3555980219971389,beitv2_base_final+deit_s+dinov2+efficientnet_b0+glcm,
SoilOriginal,svm,2026,0,full,random_030,0.8681136098788317,0.9298245614035088,5,3858,1.0998807050054893,convnext_v2_t+eva02_base+glcm+resnet50+rgb_ngram_svd,
SoilOriginal,svm,2026,0,full,random_031,0.8603223618018506,0.9210526315789473,5,3584,1.218170405998535,convnext_v2_t+dinov2_large+mae_base+rgb_ngram_svd+swin_t,
SoilOriginal,svm,2026,0,full,random_032,0.8748050505321239,0.9166666666666666,5,4400,1.5934221900024568,beitv2_base_final+eva02_base+gabor+mae_base+resnet50,
SoilOriginal,svm,2026,0,full,random_033,0.8820779313566796,0.9254385964912281,5,6448,1.4851514300025883,dinov2+gabor+siglip_base+vgg16+vit_b16,
SoilOriginal,svm,2026,0,full,random_034,0.8568231229894463,0.9122807017543859,5,11236,3.1874195950003923,efficientnet_b0+hog+resnet101+resnet50+vgg16,
SoilOriginal,svm,2026,0,full,random_035,0.8664508040859688,0.9166666666666666,5,5888,1.943756795997615,beitv2_base_final+densenet121+dinov2+efficientnet_b0+resnet101,
SoilOriginal,svm,2026,0,full,random_036,0.8838123981974636,0.9254385964912281,5,5120,1.7665466219987138,convnext_v2_t+eva02_base+resnet101+siglip_base+vit_b16,
SoilOriginal,svm,2026,0,full,random_037,0.8801898138890971,0.9210526315789473,5,3090,1.339419130999886,convnext_v2_t+eva02_base+glcm+siglip_base+vit_b16,
SoilOriginal,svm,2026,0,full,random_038,0.8579720144260455,0.9122807017543859,5,5266,1.7366359890002059,deit_s+glcm+resnet101+resnet50+swin_t,
SoilOriginal,svm,2026,0,full,random_039,0.8426461271181768,0.8947368421052632,5,2736,1.421032512000238,beitv2_base_final+deit_s+gabor+mae_base+siglip_base,
SoilOriginal,svm,2026,0,full,random_040,0.836489589478388,0.8947368421052632,5,1992,1.4536835399994743,deit_s+dinov2+glcm+lbp+mae_base,
SoilOriginal,svm,2026,0,full,random_041,0.8446641601271822,0.9035087719298246,5,4498,1.9161044920037966,densenet121+dinov2_large+dinov2_small+glcm+resnet50,
SoilOriginal,svm,2026,0,full,random_042,0.8822970878993914,0.9298245614035088,5,5120,1.8922693000058644,beitv2_base_final+efficientnet_b0+resnet101+rgb_ngram_svd+vit_b16,
SoilOriginal,svm,2026,0,full,random_043,0.844982690681731,0.8947368421052632,5,2662,1.285874925000826,convnext_v2_t+dinov2_large+gabor+lbp+vit_b16,
SoilOriginal,svm,2026,0,full,random_044,0.8398173872617962,0.8947368421052632,5,1206,0.650024578004377,drlbp+gabor+lbp+rgb_ngram_svd+vit_b16,
SoilOriginal,svm,2026,0,full,random_045,0.85847877428844,0.9122807017543859,5,6418,1.4542531190018053,eva02_base+glcm+siglip_base+swin_t+vgg16,
SoilOriginal,svm,2026,0,full,random_046,0.8617821733970803,0.9122807017543859,5,3126,1.3851780199984205,beitv2_base_final+eva02_base+lbp+swin_t+vit_b16,
SoilOriginal,svm,2026,0,full,random_047,0.870498815427627,0.9122807017543859,5,8448,1.8818123910023132,resnet50+siglip_base+swin_t+vgg16+vit_b16,
SoilOriginal,svm,2026,0,full,random_048,0.8414113915928798,0.8991228070175439,5,4048,1.2884966010024073,dinov2_small+drlbp+resnet50+swin_t+vit_b16,
SoilOriginal,svm,2026,0,full,random_049,0.8357156391740578,0.8947368421052632,5,7552,1.9816237479972187,convnext_v2_t+dinov2_large+dinov2_small+efficientnet_b0+vgg16,
SoilOriginal,svm,2026,0,full,random_050,0.8701960286408006,0.9166666666666666,5,7954,2.0879266999982065,densenet121+glcm+resnet50+swin_t+vgg16,
SoilOriginal,svm,2026,0,full,random_051,0.8663826992784233,0.9166666666666666,5,2450,1.0789270579989534,deit_s+densenet121+glcm+rgb_ngram_svd+vit_b16,
SoilOriginal,svm,2026,0,full,random_052,0.8485743411808223,0.9122807017543859,5,10240,2.3664327320002485,efficientnet_b0+eva02_base+resnet101+resnet50+vgg16,
SoilOriginal,svm,2026,0,full,random_053,0.837857687607026,0.8903508771929824,5,2048,1.149348954000743,beitv2_base_final+convnext_v2_t+deit_s+drlbp+gabor,
SoilOriginal,svm,2026,0,full,random_054,0.8709122868148013,0.9210526315789473,5,4096,1.5489356640027836,beitv2_base_final+densenet121+dinov2+eva02_base+siglip_base,
SoilOriginal,svm,2026,0,full,random_055,0.8574476742644139,0.9166666666666666,5,4708,2.1232774739983142,densenet121+dinov2_small+eva02_base+hog+siglip_base,
SoilOriginal,svm,2026,0,full,random_056,0.8380300886603343,0.9078947368421053,5,2992,1.7255078189991764,deit_s+densenet121+gabor+mae_base+swin_t,
SoilOriginal,svm,2026,0,full,random_057,0.84904809899972,0.9078947368421053,5,4626,2.2540952429990284,densenet121+glcm+mae_base+resnet101+swin_t,
SoilOriginal,svm,2026,0,full,random_058,0.8742001633471688,0.9210526315789473,5,5248,1.803025892993901,densenet121+dinov2_large+dinov2_small+resnet101+vit_b16,
SoilOriginal,svm,2026,0,full,random_059,0.874477660466564,0.9254385964912281,5,5376,1.871554554993054,beitv2_base_final+dinov2+dinov2_large+resnet101+siglip_base,
SoilOriginal,svm,2026,0,full,random_060,0.8587058161349045,0.9122807017543859,5,4370,1.458062533994962,dinov2+eva02_base+glcm+resnet50+swin_t,
SoilOriginal,svm,2026,0,full,random_061,0.8668463414216124,0.9035087719298246,5,4432,1.7866796529997373,convnext_v2_t+drlbp+mae_base+resnet101+vit_b16,
SoilOriginal,svm,2026,0,full,random_062,0.8713051162250246,0.9210526315789473,5,5396,2.3325716969993664,beitv2_base_final+gabor+hog+resnet50+siglip_base,
SoilOriginal,svm,2026,0,full,random_063,0.8273160121635099,0.8859649122807017,5,3280,1.7095462729994324,beitv2_base_final+deit_s+drlbp+efficientnet_b0+swin_t,
SoilOriginal,svm,2026,0,full,random_064,0.8305308092272811,0.8859649122807017,5,5382,1.2243821539959754,dinov2_small+drlbp+lbp+mae_base+vgg16,
SoilOriginal,svm,2026,0,full,random_065,0.8636748612720478,0.9254385964912281,5,3766,1.204444078997767,deit_s+dinov2_large+lbp+resnet50+rgb_ngram_svd,
SoilOriginal,svm,2026,0,full,random_066,0.8860338219896936,0.9254385964912281,5,8064,1.6458570690010674,convnext_v2_t+dinov2_small+resnet101+vgg16+vit_b16,
SoilOriginal,svm,2026,0,full,random_067,0.8685467524974974,0.9166666666666666,5,6070,1.3633071279982687,beitv2_base_final+dinov2_small+eva02_base+lbp+vgg16,
SoilOriginal,svm,2026,0,full,random_068,0.8534462679118011,0.9122807017543859,5,2736,1.2190868990001036,convnext_v2_t+dinov2_small+gabor+siglip_base+swin_t,
SoilOriginal,svm,2026,0,full,random_069,0.8674398122766419,0.9298245614035088,5,5120,1.7722201950018643,densenet121+dinov2_large+eva02_base+resnet101+rgb_ngram_svd,
SoilOriginal,svm,2026,0,full,random_070,0.8678915538374179,0.9210526315789473,5,8164,2.552826068000286,eva02_base+hog+mae_base+swin_t+vgg16,
SoilOriginal,svm,2026,0,full,random_071,0.8558566308928522,0.9166666666666666,5,3376,1.5505925480028964,densenet121+efficientnet_b0+eva02_base+gabor+rgb_ngram_svd,
SoilOriginal,svm,2026,0,full,random_072,0.8433951539831617,0.8991228070175439,5,3426,1.3473840439983178,densenet121+drlbp+glcm+resnet50+rgb_ngram_svd,
SoilOriginal,svm,2026,0,full,random_073,0.886075253174459,0.9342105263157895,5,3712,1.6885080360007123,convnext_v2_t+deit_s+densenet121+siglip_base+vit_b16,
SoilOriginal,svm,2026,0,full,random_074,0.839852505464589,0.8991228070175439,5,3712,1.7640986859987606,deit_s+dinov2+dinov2_large+siglip_base+swin_t,
SoilOriginal,svm,2026,0,full,random_075,0.871289102642096,0.9122807017543859,5,8448,1.7181537439973908,eva02_base+resnet50+swin_t+vgg16+vit_b16,
SoilOriginal,svm,2026,0,full,random_076,0.8620575341987567,0.9210526315789473,5,4022,1.5576986610030872,beitv2_base_final+deit_s+dinov2+lbp+resnet101,
SoilOriginal,svm,2026,0,full,random_077,0.8538364085316735,0.9035087719298246,5,7424,1.711882257994148,dinov2_large+eva02_base+swin_t+vgg16+vit_b16,
SoilOriginal,svm,2026,0,full,random_078,0.8667148408238393,0.9166666666666666,5,3682,1.4185769649993745,convnext_v2_t+dinov2+drlbp+glcm+resnet101,
SoilOriginal,svm,2026,0,full,random_079,0.8710870382646129,0.9210526315789473,5,4370,1.7410290030020406,beitv2_base_final+dinov2+glcm+mae_base+resnet50,
SoilOriginal,svm,2026,0,full,random_080,0.8376580527372509,0.8947368421052632,5,3280,1.4492567110064556,convnext_v2_t+dinov2+dinov2_small+drlbp+efficientnet_b0,
SoilOriginal,svm,2026,0,full,random_081,0.8748179805077668,0.9298245614035088,5,6272,1.3716039559949422,deit_s+eva02_base+rgb_ngram_svd+siglip_base+vgg16,
SoilOriginal,svm,2026,0,full,random_082,0.8521221207406172,0.9166666666666666,5,2120,1.0823801229998935,convnext_v2_t+densenet121+glcm+lbp+rgb_ngram_svd,
SoilOriginal,svm,2026,0,full,random_083,0.8791518075581799,0.9166666666666666,5,4708,2.3433015619957587,drlbp+eva02_base+gabor+hog+resnet101,
SoilOriginal,svm,2026,0,full,random_084,0.8497864656491902,0.9122807017543859,5,2242,1.0557638140016934,densenet121+dinov2_small+eva02_base+gabor+glcm,
SoilOriginal,svm,2026,0,full,random_085,0.8580823183028299,0.9210526315789473,5,2870,1.2090396659987164,densenet121+lbp+rgb_ngram_svd+siglip_base+swin_t,
SoilOriginal,svm,2026,0,full,random_086,0.8604708345465143,0.9166666666666666,5,3120,1.4653908000036608,beitv2_base_final+gabor+mae_base+siglip_base+swin_t,
SoilOriginal,svm,2026,0,full,random_087,0.8693962542572208,0.9166666666666666,5,6736,1.65110389199981,convnext_v2_t+densenet121+drlbp+mae_base+vgg16,
SoilOriginal,svm,2026,0,full,random_088,0.8820779313566796,0.9254385964912281,5,6448,1.296395602003031,dinov2+gabor+siglip_base+vgg16+vit_b16,
SoilOriginal,svm,2026,0,full,random_089,0.8672160495094918,0.9254385964912281,5,3456,1.1230614530068124,densenet121+dinov2_large+dinov2_small+rgb_ngram_svd+swin_t,
SoilOriginal,svm,2026,0,full,random_090,0.860992600007939,0.9122807017543859,5,8704,1.766581297000812,beitv2_base_final+dinov2_large+mae_base+resnet50+vgg16,
SoilOriginal,svm,2026,0,full,random_091,0.822128975159858,0.8859649122807017,5,2274,1.0025451609981246,densenet121+dinov2_small+drlbp+glcm+swin_t,
SoilOriginal,svm,2026,0,full,random_092,0.8577442714301123,0.9210526315789473,5,3840,1.2160958530002972,efficientnet_b0+eva02_base+mae_base+rgb_ngram_svd+swin_t,
SoilOriginal,svm,2026,0,full,random_093,0.831089315710558,0.8903508771929824,5,2560,1.1665920670056948,deit_s+drlbp+efficientnet_b0+gabor+swin_t,
SoilOriginal,svm,2026,0,full,random_094,0.8925369856700741,0.9342105263157895,5,3266,1.1859661039998173,deit_s+gabor+glcm+resnet101+siglip_base,
SoilOriginal,svm,2026,0,full,random_095,0.8516621583138163,0.9122807017543859,5,2614,1.0547150089987554,eva02_base+lbp+mae_base+rgb_ngram_svd+swin_t,
SoilOriginal,svm,2026,0,full,random_096,0.8512748050610723,0.9122807017543859,5,3920,1.0248511729951133,dinov2+drlbp+resnet50+rgb_ngram_svd+siglip_base,
SoilOriginal,svm,2026,0,full,random_097,0.8450750655783853,0.9078947368421053,5,6272,1.2184187610037043,deit_s+dinov2+rgb_ngram_svd+siglip_base+vgg16,
SoilOriginal,svm,2026,0,full,random_098,0.8281915057624952,0.8903508771929824,5,2888,1.7090657420048956,efficientnet_b0+glcm+lbp+mae_base+swin_t,
SoilOriginal,svm,2026,0,full,random_099,0.873657539293368,0.9210526315789473,5,8292,2.2195124790014233,deit_s+densenet121+dinov2_large+hog+vgg16,
SoilOriginal,svm,2026,1,full,random_000,0.8399201148731699,0.9035087719298246,5,4626,2.510581223999907,densenet121+glcm+mae_base+resnet101+vit_b16,
SoilOriginal,svm,2026,1,full,random_001,0.8869832347647011,0.9210526315789473,5,3138,1.243541454001388,eva02_base+gabor+glcm+resnet50+rgb_ngram_svd,
SoilOriginal,svm,2026,1,full,random_002,0.857294755202148,0.9078947368421053,5,4168,2.0907745820004493,efficientnet_b0+eva02_base+glcm+lbp+resnet101,
SoilOriginal,svm,2026,1,full,random_003,0.8585668127948695,0.9122807017543859,5,4882,2.6577936989997397,convnext_v2_t+efficientnet_b0+glcm+resnet101+siglip_base,
SoilOriginal,svm,2026,1,full,random_004,0.8646561063787715,0.9166666666666666,5,4964,5.6217404900016845,deit_s+efficientnet_b0+hog+mae_base+swin_t,
SoilOriginal,svm,2026,1,full,random_005,0.8887947034682978,0.9210526315789473,5,4528,2.9409636560012586,deit_s+efficientnet_b0+eva02_base+gabor+resnet50,
SoilOriginal,svm,2026,1,full,random_006,0.8715364248211304,0.9122807017543859,5,5602,3.1454681569957756,deit_s+densenet121+drlbp+glcm+vgg16,
SoilOriginal,svm,2026,1,full,random_007,0.8907256946665815,0.9254385964912281,5,6034,2.657697370996175,deit_s+eva02_base+glcm+vgg16+vit_b16,
SoilOriginal,svm,2026,1,full,random_008,0.8876999987752962,0.9298245614035088,5,6784,3.438440844998695,deit_s+dinov2+siglip_base+swin_t+vgg16,
SoilOriginal,svm,2026,1,full,random_009,0.8476553412062501,0.9166666666666666,5,7680,2.798823009004991,convnext_v2_t+densenet121+dinov2_large+siglip_base+vgg16,
SoilOriginal,svm,2026,1,full,random_010,0.8894718935822782,0.9210526315789473,5,4632,1.8660952050049673,deit_s+drlbp+glcm+lbp+vgg16,
SoilOriginal,svm,2026,1,full,random_011,0.8700203827350338,0.9210526315789473,5,4162,2.9181293139990885,convnext_v2_t+efficientnet_b0+gabor+glcm+resnet50,
SoilOriginal,svm,2026,1,full,random_012,0.8496518723706318,0.9078947368421053,5,5402,4.489744739003072,hog+lbp+resnet101+siglip_base+vit_b16,
SoilOriginal,svm,2026,1,full,random_013,0.8482083113875445,0.9078947368421053,5,3712,3.2614920670021093,dinov2+dinov2_large+dinov2_small+eva02_base+siglip_base,
SoilOriginal,svm,2026,1,full,random_014,0.8718549787779806,0.9166666666666666,5,4992,3.72638274399651,convnext_v2_t+densenet121+dinov2_small+eva02_base+resnet101,
SoilOriginal,svm,2026,1,full,random_015,0.8802012740016495,0.9342105263157895,5,6224,2.9548483879989362,dinov2_large+drlbp+rgb_ngram_svd+swin_t+vgg16,
SoilOriginal,svm,2026,1,full,random_016,0.8820145394309945,0.9254385964912281,5,4688,3.092506304004928,convnext_v2_t+dinov2_large+drlbp+resnet101+swin_t,
SoilOriginal,svm,2026,1,full,random_017,0.8678302214844245,0.9166666666666666,5,3682,2.5127598960025352,beitv2_base_final+drlbp+glcm+resnet101+vit_b16,
SoilOriginal,svm,2026,1,full,random_018,0.8356844708693905,0.9078947368421053,5,7296,2.313199385003827,dinov2+dinov2_small+efficientnet_b0+vgg16+vit_b16,
SoilOriginal,svm,2026,1,full,random_019,0.8365857962155436,0.9035087719298246,5,4714,2.9815299839974614,drlbp+hog+lbp+resnet101+siglip_base,
SoilOriginal,svm,2026,1,full,random_020,0.8133561619418337,0.8903508771929824,5,2982,2.6223733200022252,dinov2+dinov2_small+gabor+glcm+hog,
SoilOriginal,svm,2026,1,full,random_021,0.8608418598659856,0.9166666666666666,5,8576,2.606494512001518,dinov2_small+efficientnet_b0+resnet101+siglip_base+vgg16,
SoilOriginal,svm,2026,1,full,random_022,0.8505441047892511,0.9078947368421053,5,4918,3.005095865999465,efficientnet_b0+lbp+mae_base+resnet101+siglip_base,
SoilOriginal,svm,2026,1,full,random_023,0.8601723855651514,0.9122807017543859,5,4086,3.057744072000787,beitv2_base_final+dinov2+eva02_base+glcm+hog,
SoilOriginal,svm,2026,1,full,random_024,0.857603243167622,0.9122807017543859,5,3860,1.883368866998353,convnext_v2_t+dinov2_large+gabor+hog+rgb_ngram_svd,
SoilOriginal,svm,2026,1,full,random_025,0.8275647012224013,0.9035087719298246,5,3562,3.6009178500025882,dinov2_small+drlbp+efficientnet_b0+hog+lbp,
SoilOriginal,svm,2026,1,full,random_026,0.8838338576537336,0.9210526315789473,5,5604,3.675550720996398,eva02_base+hog+resnet101+rgb_ngram_svd+swin_t,
SoilOriginal,svm,2026,1,full,random_027,0.8708753911545453,0.9298245614035088,5,6528,2.724633249999897,deit_s+densenet121+mae_base+rgb_ngram_svd+vgg16,
SoilOriginal,svm,2026,1,full,random_028,0.831675658769255,0.9122807017543859,5,5632,5.476435267999477,densenet121+dinov2+dinov2_large+mae_base+resnet101,
SoilOriginal,svm,2026,1,full,random_029,0.8226299137191759,0.8859649122807017,5,4324,3.6420786480011884,dinov2_small+drlbp+gabor+hog+resnet50,
SoilOriginal,svm,2026,1,full,random_030,0.8580476534237551,0.9122807017543859,5,3840,2.9775650150040747,convnext_v2_t+efficientnet_b0+rgb_ngram_svd+siglip_base+swin_t,
SoilOriginal,svm,2026,1,full,random_031,0.850211670563111,0.9210526315789473,5,7956,4.091851079996559,efficientnet_b0+gabor+hog+swin_t+vgg16,
SoilOriginal,svm,2026,1,full,random_032,0.859975889799312,0.9166666666666666,5,7396,3.6205984729967895,beitv2_base_final+dinov2+hog+resnet101+resnet50,
SoilOriginal,svm,2026,1,full,random_033,0.8770153911366919,0.9210526315789473,5,3248,2.3250997560026008,densenet121+dinov2_large+dinov2_small+gabor+swin_t,
SoilOriginal,svm,2026,1,full,random_034,0.858173317072187,0.9122807017543859,5,2768,2.2478040249989135,dinov2_small+drlbp+efficientnet_b0+rgb_ngram_svd+swin_t,
SoilOriginal,svm,2026,1,full,random_035,0.863257677653001,0.9166666666666666,5,4230,3.729749805002939,convnext_v2_t+drlbp+efficientnet_b0+lbp+resnet50,
SoilOriginal,svm,2026,1,full,random_036,0.8700121894386627,0.9210526315789473,5,6454,3.436986522996449,eva02_base+lbp+mae_base+vgg16+vit_b16,
SoilOriginal,svm,2026,1,full,random_037,0.8726860117726526,0.9122807017543859,5,3428,3.911421031996724,beitv2_base_final+drlbp+gabor+hog+vit_b16,
SoilOriginal,svm,2026,1,full,random_038,0.8657832558163896,0.9078947368421053,5,3144,2.146723795995058,glcm+lbp+resnet50+rgb_ngram_svd+swin_t,
SoilOriginal,svm,2026,1,full,random_039,0.8519785360322649,0.8991228070175439,5,3604,2.4731143940007314,convnext_v2_t+gabor+hog+mae_base+rgb_ngram_svd,
SoilOriginal,svm,2026,1,full,random_040,0.8757814042885794,0.9254385964912281,5,7040,2.393214828996861,deit_s+densenet121+siglip_base+swin_t+vgg16,
SoilOriginal,svm,2026,1,full,random_041,0.8370783326629431,0.9122807017543859,5,10496,3.8195067529959488,dinov2_large+efficientnet_b0+resnet101+resnet50+vgg16,
SoilOriginal,svm,2026,1,full,random_042,0.8805381112269269,0.9166666666666666,5,4816,2.0232028250029543,dinov2_small+drlbp+resnet101+resnet50+rgb_ngram_svd,
SoilOriginal,svm,2026,1,full,random_043,0.8746256058208991,0.9166666666666666,5,3536,2.27047845999914,deit_s+drlbp+resnet101+rgb_ngram_svd+vit_b16,
SoilOriginal,svm,2026,1,full,random_044,0.8664345668281165,0.9122807017543859,5,7728,2.5523860629982664,eva02_base+gabor+resnet50+swin_t+vgg16,
SoilOriginal,svm,2026,1,full,random_045,0.8803460589413236,0.9210526315789473,5,3664,1.2969497500016587,beitv2_base_final+deit_s+dinov2_small+drlbp+resnet50,
SoilOriginal,svm,2026,1,full,random_046,0.8543100032789782,0.9078947368421053,5,7476,2.82471299199824,drlbp+eva02_base+hog+siglip_base+vgg16,
SoilOriginal,svm,2026,1,full,random_047,0.8749622902403109,0.9210526315789473,5,2274,1.9902541619958356,convnext_v2_t+densenet121+dinov2_small+drlbp+glcm,
SoilOriginal,svm,2026,1,full,random_048,0.8760208011025831,0.9166666666666666,5,5504,2.767057200995623,deit_s+dinov2+dinov2_large+efficientnet_b0+resnet101,
SoilOriginal,svm,2026,1,full,random_049,0.8820085266123483,0.9254385964912281,5,7442,3.006820896996942,densenet121+glcm+resnet101+rgb_ngram_svd+vgg16,
SoilOriginal,svm,2026,1,full,random_050,0.8518745601997507,0.9035087719298246,5,2248,3.1094960550035466,densenet121+dinov2_small+glcm+lbp+siglip_base,
SoilOriginal,svm,2026,1,full,random_051,0.9019883256946503,0.9342105263157895,5,2450,2.834598986999481,deit_s+densenet121+glcm+rgb_ngram_svd+vit_b16,
SoilOriginal,svm,2026,1,full,random_052,0.8364660369193283,0.8991228070175439,5,2626,2.0423570040002232,densenet121+dinov2+eva02_base+gabor+glcm,
SoilOriginal,svm,2026,1,full,random_053,0.8538797799507715,0.9166666666666666,5,2486,2.266742782005167,beitv2_base_final+deit_s+densenet121+lbp+rgb_ngram_svd,
SoilOriginal,svm,2026,1,full,random_054,0.8787978534522313,0.9166666666666666,5,6016,3.189507779003179,deit_s+resnet101+resnet50+siglip_base+vit_b16,
SoilOriginal,svm,2026,1,full,random_055,0.8577339871815207,0.9035087719298246,5,2968,1.3635944050038233,drlbp+glcm+lbp+resnet50+swin_t,
SoilOriginal,svm,2026,1,full,random_056,0.8861026281186841,0.9254385964912281,5,6912,3.1833335159972194,beitv2_base_final+efficientnet_b0+resnet101+resnet50+vit_b16,
SoilOriginal,svm,2026,1,full,random_057,0.8521362842819514,0.9078947368421053,5,9270,3.1541973510029493,densenet121+lbp+resnet101+resnet50+vgg16,
SoilOriginal,svm,2026,1,full,random_058,0.8599915431735693,0.9078947368421053,5,3206,2.7485241399990628,drlbp+lbp+mae_base+resnet101+rgb_ngram_svd,
SoilOriginal,svm,2026,1,full,random_059,0.8812519498448869,0.9210526315789473,5,4864,4.136396428002627,beitv2_base_final+convnext_v2_t+densenet121+dinov2_large+efficientnet_b0,
SoilOriginal,svm,2026,1,full,random_060,0.881331981920933,0.9166666666666666,5,3266,2.6976933619953343,deit_s+gabor+glcm+resnet101+vit_b16,
SoilOriginal,svm,2026,1,full,random_061,0.8543650771345327,0.9122807017543859,5,5140,3.1136821000036434,dinov2_large+gabor+hog+resnet50+rgb_ngram_svd,
SoilOriginal,svm,2026,1,full,random_062,0.8694441179735298,0.9122807017543859,5,4020,2.2261549820032087,densenet121+dinov2_small+drlbp+eva02_base+hog,
SoilOriginal,svm,2026,1,full,random_063,0.8398353362552433,0.9078947368421053,5,5320,1.712426279002102,dinov2+dinov2_small+glcm+lbp+vgg16,
SoilOriginal,svm,2026,1,full,random_064,0.8732186287553596,0.9166666666666666,5,3632,2.5769890150040737,beitv2_base_final+densenet121+dinov2_large+gabor+mae_base,
SoilOriginal,svm,2026,1,full,random_065,0.8767336711359482,0.9166666666666666,5,5248,3.022853826005303,beitv2_base_final+densenet121+dinov2_large+dinov2_small+resnet50,
SoilOriginal,svm,2026,1,full,random_066,0.87257288575747,0.9210526315789473,5,3120,1.990384232994984,beitv2_base_final+efficientnet_b0+gabor+rgb_ngram_svd+siglip_base,
SoilOriginal,svm,2026,1,full,random_067,0.8713307583481091,0.9210526315789473,5,5942,1.8292540379989077,beitv2_base_final+lbp+mae_base+rgb_ngram_svd+vgg16,
SoilOriginal,svm,2026,1,full,random_068,0.8563038339033537,0.9078947368421053,5,4708,2.637587606004672,deit_s+densenet121+dinov2+eva02_base+hog,
SoilOriginal,svm,2026,1,full,random_069,0.8757050802928108,0.9166666666666666,5,3554,1.7816097739996621,deit_s+dinov2_large+drlbp+glcm+resnet50,
SoilOriginal,svm,2026,1,full,random_070,0.8595517988669543,0.9035087719298246,5,3604,2.4866611739998916,gabor+hog+mae_base+rgb_ngram_svd+vit_b16,
SoilOriginal,svm,2026,1,full,random_071,0.8789891525424004,0.9210526315789473,5,4992,2.2069592980042216,convnext_v2_t+dinov2_large+dinov2_small+resnet101+vit_b16,
SoilOriginal,svm,2026,1,full,random_072,0.9010546098419853,0.9385964912280702,5,7552,1.7135592100021313,dinov2_small+resnet101+rgb_ngram_svd+vgg16+vit_b16,
SoilOriginal,svm,2026,1,full,random_073,0.8665994310489397,0.9166666666666666,5,2768,1.498811837998801,beitv2_base_final+dinov2+dinov2_small+drlbp+eva02_base,
SoilOriginal,svm,2026,1,full,random_074,0.8794349742371972,0.9210526315789473,5,5348,2.950709057993663,beitv2_base_final+convnext_v2_t+efficientnet_b0+hog+vit_b16,
SoilOriginal,svm,2026,1,full,random_075,0.862511106195189,0.9035087719298246,5,5632,2.5739538879934116,beitv2_base_final+densenet121+dinov2_large+eva02_base+resnet101,
SoilOriginal,svm,2026,1,full,random_076,0.8541724075070534,0.9078947368421053,5,2870,1.573166123998817,beitv2_base_final+densenet121+lbp+rgb_ngram_svd+swin_t,
SoilOriginal,svm,2026,1,full,random_077,0.8570397856112141,0.9122807017543859,5,4250,3.069768680004927,deit_s+efficientnet_b0+eva02_base+hog+lbp,
SoilOriginal,svm,2026,1,full,random_078,0.8484044001611578,0.9078947368421053,5,8064,2.6753615380002884,deit_s+dinov2+resnet101+siglip_base+vgg16,
SoilOriginal,svm,2026,1,full,random_079,0.880933805883096,0.9254385964912281,5,3712,2.2721162809975795,convnext_v2_t+deit_s+dinov2+dinov2_large+eva02_base,
SoilOriginal,svm,2026,1,full,random_080,0.8599188742637625,0.9078947368421053,5,5044,2.7762770260014804,dinov2_small+drlbp+hog+resnet101+vit_b16,
SoilOriginal,svm,2026,1,full,random_081,0.8730178488025893,0.9254385964912281,5,4096,2.7270171139971353,convnext_v2_t+dinov2_large+siglip_base+swin_t+vit_b16,
SoilOriginal,svm,2026,1,full,random_082,0.7974458721002501,0.8947368421052632,5,4688,2.5734834789982415,dinov2+dinov2_large+drlbp+resnet50+siglip_base,
SoilOriginal,svm,2026,1,full,random_083,0.8277232218691253,0.8991228070175439,5,4378,3.0187005789994146,dinov2+dinov2_large+hog+lbp+vit_b16,
SoilOriginal,svm,2026,1,full,random_084,0.8727457787318836,0.9254385964912281,5,5120,2.1276175460006925,densenet121+dinov2_large+resnet50+rgb_ngram_svd+swin_t,
SoilOriginal,svm,2026,1,full,random_085,0.8615468317495061,0.9122807017543859,5,8832,2.9321241229990846,dinov2_large+dinov2_small+efficientnet_b0+resnet101+vgg16,
SoilOriginal,svm,2026,1,full,random_086,0.8554189457259503,0.9078947368421053,5,1974,1.2937287179956911,beitv2_base_final+dinov2_large+drlbp+gabor+lbp,
SoilOriginal,svm,2026,1,full,random_087,0.8487210529031908,0.9078947368421053,5,5428,2.455677521000325,drlbp+hog+resnet101+swin_t+vit_b16,
SoilOriginal,svm,2026,1,full,random_088,0.8854290748179068,0.9210526315789473,5,4022,1.5568941590026952,deit_s+lbp+resnet50+swin_t+vit_b16,
SoilOriginal,svm,2026,1,full,random_089,0.8965981523583008,0.9254385964912281,5,1474,0.8297525230009342,deit_s+gabor+glcm+rgb_ngram_svd+vit_b16,
SoilOriginal,svm,2026,1,full,random_090,0.8801377280390968,0.9254385964912281,5,3504,1.357828708998568,convnext_v2_t+deit_s+gabor+resnet101+rgb_ngram_svd,
SoilOriginal,svm,2026,1,full,random_091,0.8668200429560866,0.9210526315789473,5,7040,2.231252490004408,deit_s+densenet121+dinov2+siglip_base+vgg16,
SoilOriginal,svm,2026,1,full,random_092,0.879483576819892,0.9298245614035088,5,7504,1.8221378490052302,dinov2_large+drlbp+resnet50+rgb_ngram_svd+vgg16,
SoilOriginal,svm,2026,1,full,random_093,0.847690429925992,0.9035087719298246,5,5658,2.8732543750011246,dinov2_large+eva02_base+hog+lbp+resnet50,
SoilOriginal,svm,2026,1,full,random_094,0.8858474142928362,0.9254385964912281,5,4656,2.5191842519998318,beitv2_base_final+densenet121+gabor+resnet50+swin_t,
SoilOriginal,svm,2026,1,full,random_095,0.8671211760375847,0.9210526315789473,5,5376,2.6345424950050074,dinov2_large+efficientnet_b0+mae_base+resnet50+rgb_ngram_svd,
SoilOriginal,svm,2026,1,full,random_096,0.878486841009039,0.9166666666666666,5,4452,2.488399861002108,deit_s+eva02_base+hog+mae_base+swin_t,
SoilOriginal,svm,2026,1,full,random_097,0.8341044158234799,0.8991228070175439,5,4224,2.804683827002009,dinov2+dinov2_large+dinov2_small+efficientnet_b0+vit_b16,
SoilOriginal,svm,2026,1,full,random_098,0.8639168572679675,0.9166666666666666,5,3266,1.3172365529972012,convnext_v2_t+dinov2_small+gabor+glcm+resnet101,
SoilOriginal,svm,2026,1,full,random_099,0.8453115940080786,0.9078947368421053,5,4224,1.7064321270008804,beitv2_base_final+deit_s+mae_base+resnet50+rgb_ngram_svd,
SoilOriginal,svm,2026,2,full,random_000,0.8802359134436099,0.9166666666666666,7,6068,2.863556267002423,deit_s+drlbp+hog+mae_base+resnet50+rgb_ngram_svd+vit_b16,
SoilOriginal,svm,2026,2,full,random_001,0.885927245523798,0.9166666666666666,7,4674,2.734598096998525,convnext_v2_t+gabor+glcm+mae_base+resnet101+rgb_ngram_svd+siglip_base,
SoilOriginal,svm,2026,2,full,random_002,0.9024729710622486,0.9429824561403509,7,5632,2.7935322859993903,deit_s+dinov2_large+dinov2_small+resnet50+rgb_ngram_svd+swin_t+vit_b16,
SoilOriginal,svm,2026,2,full,random_003,0.8762356833821113,0.9210526315789473,7,8804,3.395536500000162,dinov2+dinov2_small+hog+rgb_ngram_svd+siglip_base+vgg16+vit_b16,
SoilOriginal,svm,2026,2,full,random_004,0.8940007395263336,0.9298245614035088,7,5072,2.8450556750030955,beitv2_base_final+dinov2_small+drlbp+eva02_base+mae_base+resnet101+rgb_ngram_svd,
SoilOriginal,svm,2026,2,full,random_005,0.8961739898640573,0.9210526315789473,7,4450,2.6345505040007993,deit_s+dinov2_small+drlbp+eva02_base+glcm+resnet101+swin_t,
SoilOriginal,svm,2026,2,full,random_006,0.9082414375776613,0.9385964912280702,7,5010,2.556673695995414,convnext_v2_t+dinov2_small+eva02_base+glcm+resnet101+rgb_ngram_svd+swin_t,
SoilOriginal,svm,2026,2,full,random_007,0.8937439914961463,0.9342105263157895,7,9472,3.7737714590039104,beitv2_base_final+dinov2_large+efficientnet_b0+siglip_base+swin_t+vgg16+vit_b16,
SoilOriginal,svm,2026,2,full,random_008,0.8892128749596069,0.9254385964912281,7,9242,4.326942643005168,convnext_v2_t+dinov2_large+hog+lbp+siglip_base+vgg16+vit_b16,
SoilOriginal,svm,2026,2,full,random_009,0.8846172200262367,0.9298245614035088,7,4930,4.005732438999985,densenet121+dinov2_large+efficientnet_b0+eva02_base+gabor+glcm+mae_base,
SoilOriginal,svm,2026,2,full,random_010,0.9079942544185409,0.9429824561403509,7,4272,2.7252364579981077,beitv2_base_final+convnext_v2_t+dinov2+dinov2_small+eva02_base+gabor+vit_b16,
SoilOriginal,svm,2026,2,full,random_011,0.9017373466816828,0.9385964912280702,7,7376,2.912864093996177,beitv2_base_final+deit_s+densenet121+drlbp+rgb_ngram_svd+siglip_base+vgg16,
SoilOriginal,svm,2026,2,full,random_012,0.8730114508623279,0.9166666666666666,7,7524,4.427879358998325,convnext_v2_t+densenet121+dinov2+dinov2_small+hog+resnet50+vit_b16,
SoilOriginal,svm,2026,2,full,random_013,0.894357467490799,0.9342105263157895,7,7376,3.0197086309999577,convnext_v2_t+deit_s+dinov2_large+drlbp+rgb_ngram_svd+swin_t+vgg16,
SoilOriginal,svm,2026,2,full,random_014,0.8843537887814996,0.9254385964912281,7,8832,3.03628906999802,beitv2_base_final+dinov2+dinov2_small+efficientnet_b0+eva02_base+siglip_base+vgg16,
SoilOriginal,svm,2026,2,full,random_015,0.8913589261587582,0.9254385964912281,7,6272,3.556918656002381,deit_s+dinov2+eva02_base+mae_base+resnet101+siglip_base+swin_t,
SoilOriginal,svm,2026,2,full,random_016,0.898079002422693,0.9342105263157895,7,7040,4.149570421002863,convnext_v2_t+dinov2+dinov2_small+mae_base+resnet101+resnet50+rgb_ngram_svd,
SoilOriginal,svm,2026,2,full,random_017,0.8832481984697172,0.9166666666666666,7,5888,4.752772164996713,convnext_v2_t+deit_s+dinov2_small+mae_base+resnet101+siglip_base+swin_t,
SoilOriginal,svm,2026,2,full,random_018,0.8932118599119999,0.9298245614035088,7,5680,3.9917739469965454,densenet121+gabor+mae_base+resnet50+rgb_ngram_svd+swin_t+vit_b16,
SoilOriginal,svm,2026,2,full,random_019,0.8732474948184469,0.9254385964912281,7,4944,2.547591303002264,deit_s+dinov2+dinov2_large+dinov2_small+drlbp+resnet50+rgb_ngram_svd,
SoilOriginal,svm,2026,2,full,random_020,0.8811148970139798,0.9166666666666666,7,7652,4.562220011001045,convnext_v2_t+efficientnet_b0+hog+mae_base+resnet50+rgb_ngram_svd+vit_b16,
SoilOriginal,svm,2026,2,full,random_021,0.8708101765430929,0.9078947368421053,7,5058,3.9461876989953453,densenet121+dinov2_small+gabor+glcm+resnet101+siglip_base+vit_b16,
SoilOriginal,svm,2026,2,full,random_022,0.8731015237660806,0.9078947368421053,7,5424,4.845082214000286,convnext_v2_t+dinov2_large+efficientnet_b0+gabor+mae_base+siglip_base+vit_b16,
SoilOriginal,svm,2026,2,full,random_023,0.8966568080528411,0.9342105263157895,7,6192,3.2283218480006326,dinov2_large+efficientnet_b0+gabor+mae_base+resnet50+rgb_ngram_svd+vit_b16,
SoilOriginal,svm,2026,2,full,random_024,0.8793695548394797,0.9166666666666666,7,5120,3.1047811940006795,beitv2_base_final+deit_s+dinov2_small+efficientnet_b0+mae_base+siglip_base+vit_b16,
SoilOriginal,svm,2026,2,full,random_025,0.867133073840391,0.8991228070175439,7,4600,3.517863434004539,deit_s+efficientnet_b0+gabor+glcm+lbp+resnet101+vit_b16,
SoilOriginal,svm,2026,2,full,random_026,0.8411765825964431,0.8859649122807017,7,5866,4.826842770999065,deit_s+drlbp+hog+lbp+mae_base+resnet101+siglip_base,
SoilOriginal,svm,2026,2,full,random_027,0.882440630761294,0.9210526315789473,7,9846,3.9296245639998233,beitv2_base_final+dinov2_small+eva02_base+glcm+hog+resnet101+vgg16,
SoilOriginal,svm,2026,2,full,random_028,0.9252966313770499,0.956140350877193,7,2962,2.1469155630038586,dinov2+dinov2_large+drlbp+eva02_base+gabor+glcm+rgb_ngram_svd,
SoilOriginal,svm,2026,2,full,random_029,0.8709363830750262,0.9122807017543859,7,5552,2.9306729130039457,beitv2_base_final+convnext_v2_t+deit_s+gabor+mae_base+resnet50+vit_b16,
SoilOriginal,svm,2026,2,full,random_030,0.8999241718697153,0.9342105263157895,7,4656,4.372031054997933,convnext_v2_t+efficientnet_b0+eva02_base+gabor+rgb_ngram_svd+siglip_base+swin_t,
SoilOriginal,svm,2026,2,full,random_031,0.8814006682641008,0.9210526315789473,7,8038,5.379971867994755,convnext_v2_t+densenet121+efficientnet_b0+gabor+lbp+siglip_base+vgg16,
SoilOriginal,svm,2026,2,full,random_032,0.8794955517739872,0.9166666666666666,7,8448,5.957268505000684,convnext_v2_t+dinov2+efficientnet_b0+mae_base+resnet101+resnet50+swin_t,
SoilOriginal,svm,2026,2,full,random_033,0.8841390341267408,0.9166666666666666,7,8164,6.339947570995719,beitv2_base_final+efficientnet_b0+hog+mae_base+resnet101+siglip_base+swin_t,
SoilOriginal,svm,2026,2,full,random_034,0.8791288963628091,0.9166666666666666,7,8602,4.643844976002583,deit_s+hog+lbp+siglip_base+swin_t+vgg16+vit_b16,
SoilOriginal,svm,2026,2,full,random_035,0.8813240132930512,0.9210526315789473,7,5036,6.407339821002097,densenet121+dinov2_large+dinov2_small+glcm+hog+lbp+siglip_base,
SoilOriginal,svm,2026,2,full,random_036,0.8830537325233557,0.9210526315789473,7,4608,3.3803785130003234,beitv2_base_final+convnext_v2_t+deit_s+dinov2_small+mae_base+siglip_base+swin_t,
SoilOriginal,svm,2026,2,full,random_037,0.9395975929999464,0.9605263157894737,7,3942,3.9279263819989865,dinov2+efficientnet_b0+eva02_base+gabor+lbp+mae_base+rgb_ngram_svd,
SoilOriginal,svm,2026,2,full,random_038,0.8973233694856064,0.9429824561403509,7,10496,4.322316215002502,convnext_v2_t+densenet121+dinov2_large+eva02_base+resnet50+siglip_base+vgg16,
SoilOriginal,svm,2026,2,full,random_039,0.9096594349214122,0.9429824561403509,7,9188,4.0248445170000196,deit_s+densenet121+dinov2_small+eva02_base+hog+siglip_base+vgg16,
SoilOriginal,svm,2026,2,full,random_040,0.8847402247173302,0.9298245614035088,7,4936,1.7871798229971319,convnext_v2_t+densenet121+dinov2+glcm+lbp+resnet50+rgb_ngram_svd,
SoilOriginal,svm,2026,2,full,random_041,0.8807284264051181,0.9210526315789473,7,3888,1.520240998994268,beitv2_base_final+deit_s+dinov2_small+efficientnet_b0+gabor+mae_base+rgb_ngram_svd,
SoilOriginal,svm,2026,2,full,random_042,0.8902423809519967,0.9210526315789473,7,6884,3.5288381810023566,beitv2_base_final+deit_s+dinov2_small+efficientnet_b0+hog+resnet101+rgb_ngram_svd,
SoilOriginal,svm,2026,2,full,random_043,0.8801649350360371,0.9122807017543859,7,5478,3.5960678979972727,convnext_v2_t+densenet121+eva02_base+gabor+lbp+resnet101+swin_t,
SoilOriginal,svm,2026,2,full,random_044,0.8771567717996289,0.9210526315789473,7,9026,2.9112455470021814,efficientnet_b0+eva02_base+gabor+glcm+resnet50+vgg16+vit_b16,
SoilOriginal,svm,2026,2,full,random_045,0.9042816426750063,0.9298245614035088,7,5174,3.4213360719950288,beitv2_base_final+efficientnet_b0+eva02_base+lbp+siglip_base+swin_t+vit_b16,
SoilOriginal,svm,2026,2,full,random_046,0.8863588701773361,0.9298245614035088,7,4480,2.9604382800025633,beitv2_base_final+convnext_v2_t+deit_s+mae_base+rgb_ngram_svd+swin_t+vit_b16,
SoilOriginal,svm,2026,2,full,random_047,0.8511143766549722,0.8947368421052632,7,4296,3.2288107380009023,drlbp+efficientnet_b0+gabor+glcm+lbp+resnet50+siglip_base,
SoilOriginal,svm,2026,2,full,random_048,0.8994911041339613,0.9342105263157895,7,7040,5.387720499995339,convnext_v2_t+dinov2_large+dinov2_small+efficientnet_b0+eva02_base+resnet101+swin_t,
SoilOriginal,svm,2026,2,full,random_049,0.9182534124761016,0.9517543859649122,7,8192,5.854175658001623,beitv2_base_final+dinov2_large+eva02_base+mae_base+resnet101+resnet50+vit_b16,
SoilOriginal,svm,2026,2,full,random_050,0.8845083248957369,0.9254385964912281,7,6196,4.223860293001053,densenet121+dinov2_large+drlbp+efficientnet_b0+hog+rgb_ngram_svd+vit_b16,
SoilOriginal,svm,2026,2,full,random_051,0.8665879314688839,0.9166666666666666,7,7704,2.443558815997676,densenet121+dinov2_small+drlbp+glcm+lbp+resnet50+vgg16,
SoilOriginal,svm,2026,2,full,random_052,0.89968326196323,0.9385964912280702,7,7826,2.7409299229984754,dinov2+dinov2_large+dinov2_small+eva02_base+glcm+vgg16+vit_b16,
SoilOriginal,svm,2026,2,full,random_053,0.915469639868374,0.9429824561403509,7,3394,2.410354022998945,deit_s+dinov2_large+dinov2_small+eva02_base+gabor+glcm+mae_base,
SoilOriginal,svm,2026,2,full,random_054,0.8831740444433392,0.9210526315789473,7,7908,3.2866144869985874,beitv2_base_final+convnext_v2_t+dinov2_small+drlbp+gabor+hog+vgg16,
SoilOriginal,svm,2026,2,full,random_055,0.8802432941623997,0.9298245614035088,7,6338,1.9673903009970672,deit_s+dinov2+gabor+glcm+mae_base+rgb_ngram_svd+vgg16,
SoilOriginal,svm,2026,2,full,random_056,0.9215278506275814,0.9429824561403509,7,3784,2.386781101995439,dinov2_large+dinov2_small+glcm+lbp+mae_base+siglip_base+vit_b16,
SoilOriginal,svm,2026,2,full,random_057,0.9113302152228561,0.9429824561403509,7,3558,2.6376454080018448,dinov2+dinov2_small+eva02_base+gabor+lbp+siglip_base+swin_t,
SoilOriginal,svm,2026,2,full,random_058,0.8865115293179039,0.9342105263157895,7,10752,5.007793935001246,dinov2+mae_base+resnet101+resnet50+rgb_ngram_svd+siglip_base+vgg16,
SoilOriginal,svm,2026,2,full,random_059,0.9014743138750302,0.9385964912280702,7,7558,3.221417496999493,beitv2_base_final+dinov2_large+drlbp+efficientnet_b0+lbp+rgb_ngram_svd+vgg16,
SoilOriginal,svm,2026,2,full,random_060,0.893908064409045,0.9342105263157895,7,7424,3.961551205997239,beitv2_base_final+convnext_v2_t+dinov2_large+efficientnet_b0+resnet50+swin_t+vit_b16,
SoilOriginal,svm,2026,2,full,random_061,0.8923338815005482,0.9298245614035088,7,5456,2.9461072189951665,convnext_v2_t+deit_s+densenet121+dinov2_small+drlbp+eva02_base+resnet101,
SoilOriginal,svm,2026,2,full,random_062,0.8737823983966126,0.9166666666666666,7,3784,3.244241216001683,deit_s+densenet121+eva02_base+glcm+lbp+swin_t+vit_b16,
SoilOriginal,svm,2026,2,full,random_063,0.8475778248365847,0.8903508771929824,7,6630,4.94964710399654,deit_s+efficientnet_b0+gabor+lbp+resnet101+resnet50+vit_b16,
SoilOriginal,svm,2026,2,full,random_064,0.89776572002049,0.9385964912280702,7,7046,3.663587283997913,beitv2_base_final+dinov2_large+drlbp+lbp+rgb_ngram_svd+swin_t+vgg16,
SoilOriginal,svm,2026,2,full,random_065,0.872136889261107,0.9254385964912281,7,3730,2.8135779349977383,beitv2_base_final+convnext_v2_t+deit_s+dinov2+glcm+rgb_ngram_svd+siglip_base,
SoilOriginal,svm,2026,2,full,random_066,0.8961559251025598,0.9342105263157895,7,10102,4.403952648994164,beitv2_base_final+densenet121+dinov2_small+glcm+hog+resnet50+vgg16,
SoilOriginal,svm,2026,2,full,random_067,0.8740293284543819,0.9210526315789473,7,5652,3.6840439880033955,dinov2+efficientnet_b0+gabor+hog+mae_base+rgb_ngram_svd+vit_b16,
SoilOriginal,svm,2026,2,full,random_068,0.8546612842020034,0.8991228070175439,7,4352,2.3517312299954938,deit_s+drlbp+gabor+mae_base+resnet101+rgb_ngram_svd+siglip_base,
SoilOriginal,svm,2026,2,full,random_069,0.914929740061319,0.9473684210526315,7,4944,2.9241475150047336,beitv2_base_final+convnext_v2_t+dinov2_large+drlbp+eva02_base+swin_t+vit_b16,
SoilOriginal,svm,2026,2,full,random_070,0.8810575176277206,0.9210526315789473,7,6250,5.0836242320001475,dinov2+drlbp+hog+lbp+resnet101+siglip_base+swin_t,
SoilOriginal,svm,2026,2,full,random_071,0.8760144755576649,0.9210526315789473,7,8016,5.1822355710028205,convnext_v2_t+densenet121+drlbp+efficientnet_b0+resnet101+resnet50+siglip_base,
SoilOriginal,svm,2026,2,full,random_072,0.8803541127925708,0.9298245614035088,7,8070,3.0418718889995944,convnext_v2_t+dinov2+drlbp+lbp+resnet50+rgb_ngram_svd+vgg16,
SoilOriginal,svm,2026,2,full,random_073,0.8848056877294325,0.9166666666666666,7,7878,4.044346645998303,dinov2_small+drlbp+glcm+hog+swin_t+vgg16+vit_b16,
SoilOriginal,svm,2026,2,full,random_074,0.9059807256235828,0.9429824561403509,7,6198,4.2727066410006955,beitv2_base_final+dinov2+dinov2_large+eva02_base+lbp+mae_base+resnet50,
SoilOriginal,svm,2026,2,full,random_075,0.8810811737583608,0.9210526315789473,7,10230,6.414628801001527,convnext_v2_t+glcm+hog+resnet50+swin_t+vgg16+vit_b16,
SoilOriginal,svm,2026,2,full,random_076,0.9013592934958848,0.9385964912280702,7,6444,4.925171048002085,beitv2_base_final+densenet121+eva02_base+glcm+hog+lbp+resnet50,
SoilOriginal,svm,2026,2,full,random_077,0.8684243999327642,0.9166666666666666,7,9856,2.9932895749952877,deit_s+dinov2_large+mae_base+resnet50+siglip_base+vgg16+vit_b16,
SoilOriginal,svm,2026,2,full,random_078,0.857701060275175,0.9035087719298246,7,8084,3.3254333719960414,deit_s+densenet121+eva02_base+gabor+hog+resnet101+resnet50,
SoilOriginal,svm,2026,2,full,random_079,0.8419046315470645,0.8947368421052632,7,3866,2.6164710029988782,deit_s+drlbp+gabor+hog+lbp+siglip_base+vit_b16,
SoilOriginal,svm,2026,2,full,random_080,0.8692213107419636,0.9078947368421053,7,5168,2.8152278880006634,beitv2_base_final+convnext_v2_t+efficientnet_b0+gabor+mae_base+swin_t+vit_b16,
SoilOriginal,svm,2026,2,full,random_081,0.8871233176508891,0.9298245614035088,7,8502,3.40140746999532,beitv2_base_final+dinov2+efficientnet_b0+lbp+mae_base+swin_t+vgg16,
SoilOriginal,svm,2026,2,full,random_082,0.8568280773569883,0.8991228070175439,7,6832,4.1175646249976126,beitv2_base_final+convnext_v2_t+deit_s+gabor+resnet101+resnet50+swin_t,
SoilOriginal,svm,2026,2,full,random_083,0.8900980332415094,0.9298245614035088,7,7856,2.9152579009969486,beitv2_base_final+deit_s+densenet121+dinov2+gabor+vgg16+vit_b16,
SoilOriginal,svm,2026,2,full,random_084,0.8977541065678308,0.9429824561403509,7,7396,2.5740288219967624,dinov2_small+drlbp+eva02_base+gabor+hog+rgb_ngram_svd+vgg16,
SoilOriginal,svm,2026,2,full,random_085,0.8658226852380307,0.8991228070175439,7,6656,3.1011227970011532,dinov2_small+drlbp+efficientnet_b0+gabor+resnet101+resnet50+vit_b16,
SoilOriginal,svm,2026,2,full,random_086,0.8831719641993804,0.9254385964912281,7,7220,4.006608525000047,dinov2+dinov2_large+drlbp+hog+resnet50+swin_t+vit_b16,
SoilOriginal,svm,2026,2,full,random_087,0.8998921460763565,0.9429824561403509,7,4784,2.9660315660003107,beitv2_base_final+densenet121+dinov2_large+dinov2_small+gabor+mae_base+swin_t,
SoilOriginal,svm,2026,2,full,random_088,0.8806113006694402,0.9342105263157895,7,5778,3.3255244820029475,dinov2+dinov2_large+dinov2_small+eva02_base+glcm+mae_base+resnet50,
SoilOriginal,svm,2026,2,full,random_089,0.909814347738287,0.9429824561403509,7,8016,3.137443997002265,beitv2_base_final+drlbp+mae_base+siglip_base+swin_t+vgg16+vit_b16,
SoilOriginal,svm,2026,2,full,random_090,0.8826612426816766,0.9298245614035088,7,10240,3.398874557002273,convnext_v2_t+densenet121+dinov2+mae_base+resnet50+siglip_base+vgg16,
SoilOriginal,svm,2026,2,full,random_091,0.907889938680572,0.9429824561403509,7,8210,2.929418072999397,beitv2_base_final+dinov2_large+eva02_base+glcm+siglip_base+vgg16+vit_b16,
SoilOriginal,svm,2026,2,full,random_092,0.8877768998525831,0.9298245614035088,7,4230,2.676394870999502,deit_s+densenet121+dinov2_large+dinov2_small+drlbp+efficientnet_b0+lbp,
SoilOriginal,svm,2026,2,full,random_093,0.8525176378615259,0.9035087719298246,7,9876,3.952935447996424,deit_s+gabor+hog+mae_base+resnet50+vgg16+vit_b16,
SoilOriginal,svm,2026,2,full,random_094,0.8582712865037421,0.8947368421052632,7,5712,2.6599005649986793,deit_s+dinov2_small+drlbp+efficientnet_b0+resnet50+swin_t+vit_b16,
SoilOriginal,svm,2026,2,full,random_095,0.8756900389791565,0.9166666666666666,7,9828,3.76889361099893,beitv2_base_final+convnext_v2_t+dinov2_small+efficientnet_b0+hog+vgg16+vit_b16,
SoilOriginal,svm,2026,2,full,random_096,0.8975684983868552,0.9342105263157895,7,6784,3.214583988999948,beitv2_base_final+deit_s+densenet121+dinov2_large+eva02_base+resnet101+swin_t,
SoilOriginal,svm,2026,2,full,random_097,0.8758264841096504,0.9166666666666666,7,7804,4.247524121004972,dinov2_large+drlbp+glcm+hog+lbp+siglip_base+vgg16,
SoilOriginal,svm,2026,2,full,random_098,0.9098852242839585,0.9429824561403509,7,5840,2.7783367640004144,beitv2_base_final+convnext_v2_t+dinov2_large+dinov2_small+drlbp+resnet50+swin_t,
SoilOriginal,svm,2026,2,full,random_099,0.8554921587188009,0.9078947368421053,7,3558,1.9582065009963117,convnext_v2_t+deit_s+dinov2+gabor+lbp+siglip_base+vit_b16,
SoilOriginal,svm,2026,3,full,random_000,0.8900183668707031,0.9078947368421053,3,2870,1.2741286700038472,convnext_v2_t+lbp+resnet50,
SoilOriginal,svm,2026,3,full,random_001,0.8459417381732288,0.8859649122807017,3,3200,1.3539496619996498,deit_s+mae_base+resnet101,
SoilOriginal,svm,2026,3,full,random_002,0.8439079473545837,0.8903508771929824,3,6912,1.6790941979998024,eva02_base+resnet50+vgg16,
SoilOriginal,svm,2026,3,full,random_003,0.8746312476858158,0.9035087719298246,3,1584,0.9203777330039884,dinov2+eva02_base+gabor,
SoilOriginal,svm,2026,3,full,random_004,0.8966216783821138,0.9254385964912281,3,1206,0.6473179329987033,beitv2_base_final+deit_s+lbp,
SoilOriginal,svm,2026,3,full,random_005,0.44468713777609753,0.5614035087719298,3,182,0.16933228400012013,drlbp+gabor+lbp,
SoilOriginal,svm,2026,3,full,random_006,0.8294978525523005,0.881578947368421,3,2560,1.0870017729976098,densenet121+dinov2+siglip_base,
SoilOriginal,svm,2026,3,full,random_007,0.8665478502614616,0.8903508771929824,3,3812,2.3814745499985293,efficientnet_b0+hog+vit_b16,
SoilOriginal,svm,2026,3,full,random_008,0.831984835632252,0.881578947368421,3,2816,2.227766233001603,densenet121+dinov2_large+siglip_base,
SoilOriginal,svm,2026,3,full,random_009,0.8665478502614616,0.8903508771929824,3,3812,2.1118409919945407,efficientnet_b0+hog+vit_b16,
SoilOriginal,svm,2026,3,full,random_010,0.8988452369584692,0.9166666666666666,3,1590,0.8602592409952194,eva02_base+lbp+mae_base,
SoilOriginal,svm,2026,3,full,random_011,0.8360412491310191,0.881578947368421,3,3072,1.2415990410008817,densenet121+dinov2+efficientnet_b0,
SoilOriginal,svm,2026,3,full,random_012,0.885234026696569,0.9122807017543859,3,1920,1.1199986619976698,deit_s+swin_t+vit_b16,
SoilOriginal,svm,2026,3,full,random_013,0.9001290604979892,0.9254385964912281,3,2560,1.6097755369992228,beitv2_base_final+convnext_v2_t+densenet121,
SoilOriginal,svm,2026,3,full,random_014,0.8845730254228065,0.9122807017543859,3,3584,1.2006109030044172,convnext_v2_t+eva02_base+resnet101,
SoilOriginal,svm,2026,3,full,random_015,0.8254673333771299,0.8728070175438597,3,2096,1.1367493090001517,efficientnet_b0+gabor+siglip_base,
SoilOriginal,svm,2026,3,full,random_016,0.8946889803236552,0.9122807017543859,3,1334,0.8189180570043391,densenet121+lbp+rgb_ngram_svd,
SoilOriginal,svm,2026,3,full,random_017,0.8241384627781557,0.868421052631579,3,4196,2.2353424219982116,deit_s+hog+resnet101,
SoilOriginal,svm,2026,3,full,random_018,0.8454106255767725,0.8947368421052632,3,3456,1.7461734199969214,dinov2_large+dinov2_small+resnet50,
SoilOriginal,svm,2026,3,full,random_019,0.8114577230714719,0.8596491228070176,3,3098,3.2019232279999414,efficientnet_b0+hog+lbp,
SoilOriginal,svm,2026,3,full,random_020,0.81143956572528,0.8596491228070176,3,7140,3.183040556999913,efficientnet_b0+hog+vgg16,
SoilOriginal,svm,2026,3,full,random_021,0.888966703753767,0.9166666666666666,3,1920,0.7973927830025787,convnext_v2_t+dinov2_small+vit_b16,
SoilOriginal,svm,2026,3,full,random_022,0.897913583370318,0.9210526315789473,3,2304,1.0397846120031318,eva02_base+mae_base+swin_t,
SoilOriginal,svm,2026,3,full,random_023,0.9391532426870773,0.9473684210526315,3,3072,1.3897368899997673,beitv2_base_final+resnet50+rgb_ngram_svd,
SoilOriginal,svm,2026,3,full,random_024,0.8621991779191853,0.9078947368421053,3,2916,1.9616891070036218,convnext_v2_t+dinov2_small+hog,
SoilOriginal,svm,2026,3,full,random_025,0.8691679748822605,0.9078947368421053,3,1232,0.7322091390014975,dinov2_small+drlbp+vit_b16,
SoilOriginal,svm,2026,3,full,random_026,0.8691679748822605,0.9078947368421053,3,1920,0.8641841429998749,dinov2_small+mae_base+vit_b16,
SoilOriginal,svm,2026,3,full,random_027,0.8550265003697923,0.8947368421052632,3,4196,2.038689027998771,deit_s+hog+resnet50,
SoilOriginal,svm,2026,3,full,random_028,0.8945680251470388,0.9122807017543859,3,3584,1.2880837359989528,resnet101+swin_t+vit_b16,
SoilOriginal,svm,2026,3,full,random_029,0.8205941928475086,0.8771929824561403,3,2896,1.382758368003124,dinov2+drlbp+resnet50,
SoilOriginal,svm,2026,3,full,random_030,0.8963926083699448,0.9166666666666666,3,1584,1.363348726001277,eva02_base+gabor+mae_base,
SoilOriginal,svm,2026,3,full,random_031,0.8832308986280871,0.9166666666666666,3,2586,2.4699441789998673,hog+lbp+vit_b16,
SoilOriginal,svm,2026,3,full,random_032,0.863071988184653,0.9035087719298246,3,3584,1.5916516289944411,convnext_v2_t+dinov2+resnet50,
SoilOriginal,svm,2026,3,full,random_033,0.8876755281288095,0.9210526315789473,3,1840,0.8181178619997809,beitv2_base_final+densenet121+gabor,
SoilOriginal,svm,2026,3,full,random_034,0.8942531180070893,0.9254385964912281,3,2870,0.9936218069997267,lbp+resnet50+siglip_base,
SoilOriginal,svm,2026,3,full,random_035,0.8908287609047487,0.9166666666666666,3,2304,1.3640133749941015,beitv2_base_final+eva02_base+siglip_base,
SoilOriginal,svm,2026,3,full,random_036,0.9129020603762736,0.9298245614035088,3,3072,1.537519389996305,resnet101+rgb_ngram_svd+swin_t,
SoilOriginal,svm,2026,3,full,random_037,0.8359530848214798,0.8859649122807017,3,2688,1.5843394429975888,dinov2_large+dinov2_small+efficientnet_b0,
SoilOriginal,svm,2026,3,full,random_038,0.8786524429079697,0.9122807017543859,3,5120,1.533342154994898,rgb_ngram_svd+siglip_base+vgg16,
SoilOriginal,svm,2026,3,full,random_039,0.830783588200653,0.881578947368421,3,5504,1.7100645789978444,densenet121+dinov2_small+vgg16,
SoilOriginal,svm,2026,3,full,random_040,0.8920088522011191,0.9166666666666666,3,1920,2.026195214006293,beitv2_base_final+dinov2_small+eva02_base,
SoilOriginal,svm,2026,3,full,random_041,0.8964963292463607,0.9035087719298246,3,2896,2.0018365470023127,drlbp+mae_base+resnet101,
SoilOriginal,svm,2026,3,full,random_042,0.8661778338004055,0.9035087719298246,3,1840,1.4200213479998638,dinov2_large+gabor+siglip_base,
SoilOriginal,svm,2026,3,full,random_043,0.8644073092228364,0.8991228070175439,3,3584,1.2714642860009917,beitv2_base_final+dinov2+resnet101,
SoilOriginal,svm,2026,3,full,random_044,0.8633269450563622,0.8903508771929824,3,3812,1.8615432790029445,efficientnet_b0+eva02_base+hog,
SoilOriginal,svm,2026,3,full,random_045,0.8132748865410139,0.8859649122807017,3,1126,0.8347440249999636,dinov2_large+gabor+lbp,
SoilOriginal,svm,2026,3,full,random_046,0.7782641267650756,0.8245614035087719,3,4912,1.2278525410001748,gabor+mae_base+vgg16,
SoilOriginal,svm,2026,3,full,random_047,0.8637208839447776,0.8991228070175439,3,3300,1.51143797399709,hog+siglip_base+vit_b16,
SoilOriginal,svm,2026,3,full,random_048,0.8744884674732462,0.9122807017543859,3,866,0.3360961040016264,drlbp+glcm+siglip_base,
SoilOriginal,svm,2026,3,full,random_049,0.9001976096992709,0.9210526315789473,3,3584,0.9605524680009694,beitv2_base_final+resnet101+vit_b16,
SoilOriginal,svm,2026,3,full,random_050,0.9115802114691862,0.9210526315789473,3,2688,0.8821123470042949,deit_s+resnet50+rgb_ngram_svd,
SoilOriginal,svm,2026,3,full,random_051,0.85036130725096,0.8859649122807017,3,2128,1.0743475550043513,drlbp+efficientnet_b0+swin_t,
SoilOriginal,svm,2026,3,full,random_052,0.8718251926192174,0.9122807017543859,3,1920,1.0743053969999892,convnext_v2_t+dinov2_small+mae_base,
SoilOriginal,svm,2026,3,full,random_053,0.8493835664240846,0.8903508771929824,3,1920,0.8202973770021345,convnext_v2_t+deit_s+mae_base,
SoilOriginal,svm,2026,3,full,random_054,0.9095065381286552,0.9298245614035088,3,866,0.3577825969987316,drlbp+glcm+vit_b16,
SoilOriginal,svm,2026,3,full,random_055,0.9304598693999616,0.9429824561403509,3,1792,0.6607638290006435,convnext_v2_t+rgb_ngram_svd+siglip_base,
SoilOriginal,svm,2026,3,full,random_056,0.8373116535147582,0.868421052631579,3,7908,1.9866778520008666,hog+resnet101+vgg16,
SoilOriginal,svm,2026,3,full,random_057,0.8205941928475086,0.8771929824561403,3,2864,0.85638984599791,dinov2+gabor+resnet50,
SoilOriginal,svm,2026,3,full,random_058,0.8674299117775739,0.9035087719298246,3,5632,1.1014784420040087,eva02_base+mae_base+vgg16,
SoilOriginal,svm,2026,3,full,random_059,0.8774974170916773,0.9078947368421053,3,5632,1.1002543209979194,beitv2_base_final+siglip_base+vgg16,
SoilOriginal,svm,2026,3,full,random_060,0.8279767588151863,0.8903508771929824,3,822,0.4508522850010195,deit_s+dinov2_small+lbp,
SoilOriginal,svm,2026,3,full,random_061,0.8509233336803218,0.8859649122807017,3,2102,1.3616787870050757,efficientnet_b0+lbp+swin_t,
SoilOriginal,svm,2026,3,full,random_062,0.780339456655246,0.868421052631579,3,482,0.2878821659978712,dinov2_small+drlbp+glcm,
SoilOriginal,svm,2026,3,full,random_063,0.8531756712400137,0.8903508771929824,3,6144,1.7312170790028176,beitv2_base_final+efficientnet_b0+vgg16,
SoilOriginal,svm,2026,3,full,random_064,0.8874647782682245,0.9122807017543859,3,1554,1.2214007019938435,glcm+swin_t+vit_b16,
SoilOriginal,svm,2026,3,full,random_065,0.8787481351981528,0.9078947368421053,3,2304,1.7195162310017622,convnext_v2_t+siglip_base+swin_t,
SoilOriginal,svm,2026,3,full,random_066,0.8944565487591404,0.9122807017543859,3,4864,1.6035826750012347,resnet101+resnet50+vit_b16,
SoilOriginal,svm,2026,3,full,random_067,0.8077992343579687,0.8771929824561403,3,1462,1.0524919089948526,dinov2_large+dinov2_small+lbp,
SoilOriginal,svm,2026,3,full,random_068,0.9043959818144284,0.9254385964912281,3,3584,1.5355136709986255,eva02_base+resnet50+swin_t,
SoilOriginal,svm,2026,3,full,random_069,0.865556251490781,0.9035087719298246,3,5248,1.4523617650047527,deit_s+eva02_base+vgg16,
SoilOriginal,svm,2026,3,full,random_070,0.8957151096605235,0.9166666666666666,3,1554,1.2882789909999701,eva02_base+glcm+siglip_base,
SoilOriginal,svm,2026,3,full,random_071,0.8908924839860769,0.9078947368421053,3,2560,1.7606739140028367,dinov2_large+eva02_base+mae_base,
SoilOriginal,svm,2026,3,full,random_072,0.8792064202901643,0.9078947368421053,3,720,0.5119603149942122,deit_s+drlbp+rgb_ngram_svd,
SoilOriginal,svm,2026,3,full,random_073,0.8705390642539141,0.9078947368421053,3,2896,0.8632113139974535,drlbp+eva02_base+resnet50,
SoilOriginal,svm,2026,3,full,random_074,0.8769851624910857,0.9122807017543859,3,2560,0.9317207860003691,dinov2_large+siglip_base+vit_b16,
SoilOriginal,svm,2026,3,full,random_075,0.8816896608929109,0.9078947368421053,3,1590,0.6751279720047023,convnext_v2_t+lbp+vit_b16,
SoilOriginal,svm,2026,3,full,random_076,0.8644335718190165,0.8947368421052632,3,1840,1.5674456350025139,densenet121+gabor+vit_b16,
SoilOriginal,svm,2026,3,full,random_077,0.8872433067141215,0.9035087719298246,3,3556,3.1921054650010774,densenet121+hog+mae_base,
SoilOriginal,svm,2026,3,full,random_078,0.8772137734077736,0.9035087719298246,3,2896,1.0227655859998777,drlbp+eva02_base+resnet101,
SoilOriginal,svm,2026,3,full,random_079,0.8254673333771299,0.8728070175438597,3,2128,1.3181168350056396,drlbp+efficientnet_b0+siglip_base,
SoilOriginal,svm,2026,3,full,random_080,0.8487242908446136,0.8903508771929824,3,2432,1.2220946899979026,dinov2_small+efficientnet_b0+mae_base,
SoilOriginal,svm,2026,3,full,random_081,0.8780024583711219,0.8991228070175439,3,4096,1.8216594389959937,efficientnet_b0+resnet101+vit_b16,
SoilOriginal,svm,2026,3,full,random_082,0.9042826618541607,0.9254385964912281,3,1078,0.5437656330032041,lbp+rgb_ngram_svd+swin_t,
SoilOriginal,svm,2026,3,full,random_083,0.896962263928096,0.9166666666666666,3,2304,1.0916922920005163,eva02_base+swin_t+vit_b16,
SoilOriginal,svm,2026,3,full,random_084,0.8825891421382211,0.9035087719298246,3,5632,1.9629383770006825,eva02_base+vgg16+vit_b16,
SoilOriginal,svm,2026,3,full,random_085,0.8675928081943118,0.9035087719298246,3,1206,0.9160541689998354,deit_s+lbp+swin_t,
SoilOriginal,svm,2026,3,full,random_086,0.8672552944888501,0.9035087719298246,3,4480,1.1910244059981778,dinov2_small+resnet101+resnet50,
SoilOriginal,svm,2026,3,full,random_087,0.9038930678685075,0.9254385964912281,3,2788,1.1703520319933887,hog+rgb_ngram_svd+swin_t,
SoilOriginal,svm,2026,3,full,random_088,0.861933238591592,0.9035087719298246,3,1846,0.9012975559962797,dinov2_large+lbp+swin_t,
SoilOriginal,svm,2026,3,full,random_089,0.876920073773065,0.9078947368421053,3,1616,0.8245510540000396,beitv2_base_final+drlbp+swin_t,
SoilOriginal,svm,2026,3,full,random_090,0.8860476002771343,0.9122807017543859,3,2304,1.3654299300033017,beitv2_base_final+dinov2+eva02_base,
SoilOriginal,svm,2026,3,full,random_091,0.8815437179765864,0.9078947368421053,3,2896,1.5384236830068403,beitv2_base_final+drlbp+resnet50,
SoilOriginal,svm,2026,3,full,random_092,0.8806959301818401,0.9035087719298246,3,3584,1.7170910260028904,mae_base+resnet101+siglip_base,
SoilOriginal,svm,2026,3,full,random_093,0.8610632017116345,0.8903508771929824,3,3408,1.6206706629964174,drlbp+efficientnet_b0+resnet101,
SoilOriginal,svm,2026,3,full,random_094,0.7774229029918633,0.8377192982456141,3,518,0.47582165300264023,deit_s+drlbp+lbp,
SoilOriginal,svm,2026,3,full,random_095,0.8205941928475086,0.8771929824561403,3,2896,1.2732209770038025,dinov2+drlbp+resnet50,
SoilOriginal,svm,2026,3,full,random_096,0.9102848796465818,0.9254385964912281,3,2304,1.1095059270010097,convnext_v2_t+eva02_base+vit_b16,
SoilOriginal,svm,2026,3,full,random_097,0.8891173754773963,0.9122807017543859,3,2560,1.6516377739972086,densenet121+efficientnet_b0+rgb_ngram_svd,
SoilOriginal,svm,2026,3,full,random_098,0.8577894011293212,0.9078947368421053,3,1206,0.8851292440012912,dinov2_small+lbp+mae_base,
SoilOriginal,svm,2026,3,full,random_099,0.8692458801702498,0.8991228070175439,3,2896,1.6088336619941401,convnext_v2_t+drlbp+resnet101,
SoilOriginal,svm,2026,4,full,random_000,0.8173456203025794,0.8903508771929824,5,3174,2.244596313998045,dinov2_large+efficientnet_b0+gabor+lbp+mae_base,
SoilOriginal,svm,2026,4,full,random_001,0.8561484343559166,0.9166666666666666,5,4352,2.175779037999746,convnext_v2_t+efficientnet_b0+eva02_base+mae_base+siglip_base,
SoilOriginal,svm,2026,4,full,random_002,0.8239061493459993,0.9035087719298246,5,2688,1.6143280830001459,dinov2_large+drlbp+gabor+swin_t+vit_b16,
SoilOriginal,svm,2026,4,full,random_003,0.8614557965523854,0.9210526315789473,5,2438,1.8623958280004445,convnext_v2_t+drlbp+lbp+mae_base+siglip_base,
SoilOriginal,svm,2026,4,full,random_004,0.7714646922162812,0.8728070175438597,5,2614,1.6404842079937225,deit_s+dinov2+dinov2_large+dinov2_small+lbp,
SoilOriginal,svm,2026,4,full,random_005,0.7937352560179657,0.8859649122807017,5,3968,2.0209111139993183,deit_s+dinov2+efficientnet_b0+siglip_base+swin_t,
SoilOriginal,svm,2026,4,full,random_006,0.8518159981142401,0.9166666666666666,5,2376,1.453325759001018,eva02_base+glcm+lbp+siglip_base+vit_b16,
SoilOriginal,svm,2026,4,full,random_007,0.8100367704602505,0.9035087719298246,5,5732,2.673401874002593,beitv2_base_final+dinov2_small+hog+resnet101+siglip_base,
SoilOriginal,svm,2026,4,full,random_008,0.8376463429361628,0.9078947368421053,5,2864,1.5158726469962858,dinov2_large+eva02_base+gabor+rgb_ngram_svd+siglip_base,
SoilOriginal,svm,2026,4,full,random_009,0.8441610142914923,0.9210526315789473,5,6784,1.8484706460003508,dinov2_small+eva02_base+swin_t+vgg16+vit_b16,
SoilOriginal,svm,2026,4,full,random_010,0.787545835030927,0.8771929824561403,5,2870,1.4964863290006178,dinov2_large+lbp+mae_base+rgb_ngram_svd+swin_t,
SoilOriginal,svm,2026,4,full,random_011,0.8422526701813781,0.9035087719298246,5,8064,1.8078419099983876,convnext_v2_t+deit_s+eva02_base+resnet50+vgg16,
SoilOriginal,svm,2026,4,full,random_012,0.7977779089826651,0.8771929824561403,5,3738,2.78809469800035,deit_s+dinov2+hog+lbp+mae_base,
SoilOriginal,svm,2026,4,full,random_013,0.7973562955705812,0.881578947368421,5,3574,2.140161146999162,dinov2+glcm+hog+rgb_ngram_svd+siglip_base,
SoilOriginal,svm,2026,4,full,random_014,0.8060264203881226,0.8991228070175439,5,4992,2.2308375030042953,convnext_v2_t+dinov2_large+dinov2_small+resnet50+swin_t,
SoilOriginal,svm,2026,4,full,random_015,0.8405339061685811,0.9078947368421053,5,7652,2.5825999259977834,beitv2_base_final+dinov2+hog+rgb_ngram_svd+vgg16,
SoilOriginal,svm,2026,4,full,random_016,0.8031660469239673,0.8728070175438597,5,4370,2.056889906001743,convnext_v2_t+glcm+mae_base+resnet101+swin_t,
SoilOriginal,svm,2026,4,full,random_017,0.7761858876772226,0.8771929824561403,5,2816,1.8258604419970652,dinov2_large+dinov2_small+drlbp+efficientnet_b0+gabor,
SoilOriginal,svm,2026,4,full,random_018,0.8190967135535979,0.8947368421052632,5,4198,1.8181949589998112,dinov2+efficientnet_b0+gabor+lbp+resnet50,
SoilOriginal,svm,2026,4,full,random_019,0.8286519375494531,0.9035087719298246,5,3190,1.7565434879943496,dinov2_small+eva02_base+glcm+hog+rgb_ngram_svd,
SoilOriginal,svm,2026,4,full,random_020,0.8412246165940748,0.9035087719298246,5,4400,1.8688563120012986,convnext_v2_t+gabor+mae_base+resnet101+vit_b16,
SoilOriginal,svm,2026,4,full,random_021,0.8172202342335907,0.8947368421052632,5,4378,3.3185382730007404,dinov2+dinov2_large+hog+lbp+siglip_base,
SoilOriginal,svm,2026,4,full,random_022,0.787839794636005,0.868421052631579,5,3200,2.124634353996953,densenet121+drlbp+efficientnet_b0+gabor+vit_b16,
SoilOriginal,svm,2026,4,full,random_023,0.8383931190816287,0.9122807017543859,5,3346,2.087388574000215,dinov2_large+eva02_base+glcm+mae_base+vit_b16,
SoilOriginal,svm,2026,4,full,random_024,0.768885497229439,0.8640350877192983,5,1766,0.9739841190021252,dinov2_large+dinov2_small+gabor+lbp+rgb_ngram_svd,
SoilOriginal,svm,2026,4,full,random_025,0.8248998370051002,0.8947368421052632,5,4916,2.2534583040032885,beitv2_base_final+drlbp+hog+resnet50+rgb_ngram_svd,
SoilOriginal,svm,2026,4,full,random_026,0.8298953735447752,0.8903508771929824,5,3920,1.9194436160032637,convnext_v2_t+drlbp+resnet101+rgb_ngram_svd+siglip_base,
SoilOriginal,svm,2026,4,full,random_027,0.8479356242320186,0.9122807017543859,5,4626,1.8637212539979373,dinov2+dinov2_large+glcm+resnet101+vit_b16,
SoilOriginal,svm,2026,4,full,random_028,0.8105308544087187,0.8771929824561403,5,7424,2.160206622997066,dinov2+dinov2_large+efficientnet_b0+rgb_ngram_svd+vgg16,
SoilOriginal,svm,2026,4,full,random_029,0.81195988476854,0.8903508771929824,5,3408,1.652386554997065,dinov2_large+drlbp+efficientnet_b0+rgb_ngram_svd+swin_t,
SoilOriginal,svm,2026,4,full,random_030,0.7846626429528529,0.868421052631579,5,2560,1.2122004289994948,deit_s+dinov2_small+mae_base+rgb_ngram_svd+swin_t,
SoilOriginal,svm,2026,4,full,random_031,0.824797634734849,0.8991228070175439,5,9444,2.8256619199964916,convnext_v2_t+dinov2+hog+resnet101+vgg16,
SoilOriginal,svm,2026,4,full,random_032,0.8373942543685917,0.9035087719298246,5,7734,2.2646418740041554,beitv2_base_final+lbp+mae_base+resnet101+vgg16,
SoilOriginal,svm,2026,4,full,random_033,0.8598234982766157,0.9210526315789473,5,4626,2.2008363050044863,convnext_v2_t+dinov2_large+glcm+resnet50+siglip_base,
SoilOriginal,svm,2026,4,full,random_034,0.8270775388592352,0.8947368421052632,5,3986,1.7512135040014982,convnext_v2_t+dinov2_small+glcm+resnet101+swin_t,
SoilOriginal,svm,2026,4,full,random_035,0.8059446038057009,0.8903508771929824,5,4608,1.7926445799967041,dinov2+resnet101+rgb_ngram_svd+siglip_base+swin_t,
SoilOriginal,svm,2026,4,full,random_036,0.8186308838522584,0.8903508771929824,5,8272,2.1475092570035486,drlbp+efficientnet_b0+eva02_base+resnet50+vgg16,
SoilOriginal,svm,2026,4,full,random_037,0.7938938272322789,0.881578947368421,5,3602,2.048073753998324,densenet121+dinov2_large+efficientnet_b0+glcm+rgb_ngram_svd,
SoilOriginal,svm,2026,4,full,random_038,0.8455704192475055,0.9122807017543859,5,5314,1.6575432120007463,convnext_v2_t+dinov2_small+gabor+glcm+vgg16,
SoilOriginal,svm,2026,4,full,random_039,0.787701182027037,0.8903508771929824,5,4882,2.0760164969979087,densenet121+dinov2_large+glcm+resnet101+swin_t,
SoilOriginal,svm,2026,4,full,random_040,0.8095708899838634,0.8771929824561403,5,5168,1.5832319519977318,beitv2_base_final+gabor+resnet101+resnet50+rgb_ngram_svd,
SoilOriginal,svm,2026,4,full,random_041,0.829919667033069,0.8991228070175439,5,3858,1.9304066729964688,dinov2+glcm+resnet101+rgb_ngram_svd+siglip_base,
SoilOriginal,svm,2026,4,full,random_042,0.8082495200877479,0.8903508771929824,5,2614,1.7760277550041792,convnext_v2_t+deit_s+densenet121+dinov2_small+lbp,
SoilOriginal,svm,2026,4,full,random_043,0.8220223187665047,0.9035087719298246,5,2706,1.7020379130044603,beitv2_base_final+deit_s+glcm+siglip_base+vit_b16,
SoilOriginal,svm,2026,4,full,random_044,0.8163298221219629,0.9078947368421053,5,4148,2.189025244995719,beitv2_base_final+dinov2+drlbp+hog+swin_t,
SoilOriginal,svm,2026,4,full,random_045,0.8206676557928398,0.8991228070175439,5,6400,2.065012374005164,convnext_v2_t+dinov2+resnet101+resnet50+siglip_base,
SoilOriginal,svm,2026,4,full,random_046,0.805887015937529,0.881578947368421,5,3866,2.2579337600036524,densenet121+hog+lbp+rgb_ngram_svd+siglip_base,
SoilOriginal,svm,2026,4,full,random_047,0.7858534792923397,0.8596491228070176,5,4324,2.700517855999351,deit_s+drlbp+gabor+hog+resnet101,
SoilOriginal,svm,2026,4,full,random_048,0.8392093563146196,0.9122807017543859,5,6272,1.7045089940002072,beitv2_base_final+dinov2_small+rgb_ngram_svd+siglip_base+vgg16,
SoilOriginal,svm,2026,4,full,random_049,0.8037770251951508,0.8947368421052632,5,5878,4.489292849997582,densenet121+dinov2_large+glcm+hog+resnet50,
SoilOriginal,svm,2026,4,full,random_050,0.8325987121231045,0.9122807017543859,5,4404,3.0200117339991266,convnext_v2_t+dinov2_large+drlbp+eva02_base+hog,
SoilOriginal,svm,2026,4,full,random_051,0.8446367297585923,0.9078947368421053,5,2706,2.0760033119950094,convnext_v2_t+deit_s+dinov2+glcm+mae_base,
SoilOriginal,svm,2026,4,full,random_052,0.80519952433325,0.9035087719298246,5,5376,2.6844206400055555,densenet121+dinov2+mae_base+resnet101+vit_b16,
SoilOriginal,svm,2026,4,full,random_053,0.8229007537157438,0.8903508771929824,5,3682,2.569865443998424,drlbp+glcm+mae_base+resnet50+siglip_base,
SoilOriginal,svm,2026,4,full,random_054,0.811071630898195,0.8947368421052632,5,4608,2.991761620003672,densenet121+dinov2+efficientnet_b0+mae_base+siglip_base,
SoilOriginal,svm,2026,4,full,random_055,0.8223243127522012,0.9122807017543859,5,2736,1.7205903549984214,deit_s+dinov2+eva02_base+gabor+vit_b16,
SoilOriginal,svm,2026,4,full,random_056,0.8260172488941159,0.9166666666666666,5,6116,2.2230199209952843,dinov2+hog+resnet50+siglip_base+swin_t,
SoilOriginal,svm,2026,4,full,random_057,0.783630132705763,0.8508771929824561,5,5226,3.0337231080047786,drlbp+efficientnet_b0+hog+lbp+resnet101,
SoilOriginal,svm,2026,4,full,random_058,0.8282909134731519,0.9035087719298246,5,5680,1.815122624997457,gabor+resnet101+resnet50+siglip_base+vit_b16,
SoilOriginal,svm,2026,4,full,random_059,0.8378498492657785,0.9078947368421053,5,4912,2.4426069169930997,dinov2+efficientnet_b0+eva02_base+gabor+resnet50,
SoilOriginal,svm,2026,4,full,random_060,0.8216569878610026,0.9078947368421053,5,3968,2.6978764180021244,beitv2_base_final+dinov2+dinov2_small+efficientnet_b0+vit_b16,
SoilOriginal,svm,2026,4,full,random_061,0.7852327024866996,0.8596491228070176,5,4916,3.826709924003808,densenet121+drlbp+efficientnet_b0+hog+mae_base,
SoilOriginal,svm,2026,4,full,random_062,0.8263506752228558,0.9166666666666666,5,3456,1.6846509120005067,beitv2_base_final+dinov2+dinov2_small+eva02_base+swin_t,
SoilOriginal,svm,2026,4,full,random_063,0.8413962036696399,0.9078947368421053,5,7168,1.8339621410050313,efficientnet_b0+eva02_base+rgb_ngram_svd+siglip_base+vgg16,
SoilOriginal,svm,2026,4,full,random_064,0.8857469066298662,0.9385964912280702,5,6418,1.4020930689948727,eva02_base+glcm+siglip_base+vgg16+vit_b16,
SoilOriginal,svm,2026,4,full,random_065,0.8208240254980819,0.8947368421052632,5,4480,1.480920084999525,densenet121+dinov2+dinov2_small+resnet101+rgb_ngram_svd,
SoilOriginal,svm,2026,4,full,random_066,0.8045562372244922,0.8859649122807017,5,3272,1.6603680219996022,deit_s+glcm+lbp+resnet101+siglip_base,
SoilOriginal,svm,2026,4,full,random_067,0.8207134111211193,0.9166666666666666,5,2706,1.553028322996397,dinov2+dinov2_small+glcm+siglip_base+vit_b16,
SoilOriginal,svm,2026,4,full,random_068,0.8560759043955033,0.9166666666666666,5,3664,1.8688658399987617,beitv2_base_final+drlbp+efficientnet_b0+eva02_base+swin_t,
SoilOriginal,svm,2026,4,full,random_069,0.8144471030565779,0.8947368421052632,5,4992,1.6978300209957524,beitv2_base_final+deit_s+densenet121+dinov2+resnet50,
SoilOriginal,svm,2026,4,full,random_070,0.8001277532289512,0.8859649122807017,5,3328,1.8884498740007984,deit_s+dinov2_large+dinov2_small+mae_base+vit_b16,
SoilOriginal,svm,2026,4,full,random_071,0.8529961579773611,0.9166666666666666,5,5120,2.3699623630018323,beitv2_base_final+efficientnet_b0+eva02_base+resnet101+rgb_ngram_svd,
SoilOriginal,svm,2026,4,full,random_072,0.8298642128285861,0.8947368421052632,5,4708,2.909080774996255,beitv2_base_final+drlbp+gabor+hog+resnet50,
SoilOriginal,svm,2026,4,full,random_073,0.8109817688163773,0.8859649122807017,5,3170,2.041906325997843,densenet121+drlbp+efficientnet_b0+glcm+siglip_base,
SoilOriginal,svm,2026,4,full,random_074,0.8200687683896862,0.8903508771929824,5,5914,2.9199224670010153,efficientnet_b0+eva02_base+hog+lbp+resnet101,
SoilOriginal,svm,2026,4,full,random_075,0.8423590490255604,0.9078947368421053,5,3152,1.8260289000027115,convnext_v2_t+drlbp+siglip_base+swin_t+vit_b16,
SoilOriginal,svm,2026,4,full,random_076,0.7956484847929222,0.868421052631579,5,3448,2.053752783998789,efficientnet_b0+gabor+glcm+lbp+resnet50,
SoilOriginal,svm,2026,4,full,random_077,0.8162120559195146,0.8771929824561403,5,7010,2.482848687999649,convnext_v2_t+drlbp+glcm+resnet50+vgg16,
SoilOriginal,svm,2026,4,full,random_078,0.8516084067203481,0.9122807017543859,5,7760,2.8068794540013187,dinov2+drlbp+mae_base+resnet50+vgg16,
SoilOriginal,svm,2026,4,full,random_079,0.8352628434008347,0.9078947368421053,5,3732,2.7423411659983685,deit_s+dinov2+gabor+hog+siglip_base,
SoilOriginal,svm,2026,4,full,random_080,0.8040281642101581,0.8859649122807017,5,6528,3.307280132001324,dinov2_small+efficientnet_b0+resnet101+resnet50+vit_b16,
SoilOriginal,svm,2026,4,full,random_081,0.7946684141735199,0.881578947368421,5,3712,2.3500973930058535,densenet121+dinov2_small+efficientnet_b0+rgb_ngram_svd+vit_b16,
SoilOriginal,svm,2026,4,full,random_082,0.7888934163693966,0.8771929824561403,5,5942,2.0680205239987117,lbp+rgb_ngram_svd+swin_t+vgg16+vit_b16,
SoilOriginal,svm,2026,4,full,random_083,0.8252789306104481,0.8991228070175439,5,6674,2.4036997360017267,beitv2_base_final+densenet121+glcm+swin_t+vgg16,
SoilOriginal,svm,2026,4,full,random_084,0.784658831359635,0.868421052631579,5,3940,2.6684157619965845,drlbp+efficientnet_b0+gabor+hog+swin_t,
SoilOriginal,svm,2026,4,full,random_085,0.8128701122761731,0.8947368421052632,5,4864,1.7301336999953492,beitv2_base_final+dinov2+dinov2_large+resnet50+rgb_ngram_svd,
SoilOriginal,svm,2026,4,full,random_086,0.8527412437186872,0.9210526315789473,5,3366,2.525718529999722,convnext_v2_t+gabor+glcm+hog+siglip_base,
SoilOriginal,svm,2026,4,full,random_087,0.8533213912524259,0.9210526315789473,5,4688,2.148791084997356,dinov2+dinov2_large+drlbp+resnet50+vit_b16,
SoilOriginal,svm,2026,4,full,random_088,0.8080890969947957,0.8947368421052632,5,3650,2.34170378199633,dinov2+gabor+glcm+mae_base+resnet101,
SoilOriginal,svm,2026,4,full,random_089,0.8248998370051002,0.8947368421052632,5,3206,1.33154196900432,beitv2_base_final+drlbp+lbp+resnet50+rgb_ngram_svd,
SoilOriginal,svm,2026,4,full,random_090,0.8226392385415752,0.9035087719298246,5,2992,1.7586982380016707,deit_s+densenet121+eva02_base+gabor+siglip_base,
SoilOriginal,svm,2026,4,full,random_091,0.8204263805826121,0.8947368421052632,5,2888,2.2913268850024906,efficientnet_b0+glcm+lbp+siglip_base+swin_t,
SoilOriginal,svm,2026,4,full,random_092,0.8579571993982429,0.9035087719298246,5,6064,2.114587151998421,beitv2_base_final+convnext_v2_t+deit_s+gabor+vgg16,
SoilOriginal,svm,2026,4,full,random_093,0.8388992525125436,0.9122807017543859,5,4096,2.7652032670011977,densenet121+eva02_base+mae_base+siglip_base+swin_t,
SoilOriginal,svm,2026,4,full,random_094,0.8521217621977499,0.9166666666666666,5,3738,2.9612775509958738,convnext_v2_t+deit_s+eva02_base+hog+lbp,
SoilOriginal,svm,2026,4,full,random_095,0.8203671214378075,0.8903508771929824,5,4086,3.3418364219978685,convnext_v2_t+glcm+hog+mae_base+vit_b16,
SoilOriginal,svm,2026,4,full,random_096,0.8446541719469085,0.9122807017543859,5,4122,2.126730060997943,eva02_base+hog+lbp+swin_t+vit_b16,
SoilOriginal,svm,2026,4,full,random_097,0.7718370435814287,0.8552631578947368,5,9444,3.544514553999761,hog+mae_base+resnet101+swin_t+vgg16,
SoilOriginal,svm,2026,4,full,random_098,0.847205497530022,0.9210526315789473,5,6016,1.9727131229956285,beitv2_base_final+dinov2+dinov2_small+resnet101+resnet50,
SoilOriginal,svm,2026,4,full,random_099,0.8125275948452652,0.8903508771929824,5,3152,1.5371190950027085,beitv2_base_final+convnext_v2_t+drlbp+efficientnet_b0+rgb_ngram_svd,
