budget,row_id,label,cheap_pred,topk_pred,adaptive_pred,margin,request_extra
0.25,108,0,0,0,0,1.7995263049383734,0
0.25,109,0,0,0,0,2.1146956895950826,0
0.25,110,0,0,0,0,1.7385788407231053,0
0.25,111,0,0,0,0,2.76566303821498,0
0.25,112,0,0,0,0,2.5379721712284984,0
0.25,113,0,0,0,0,2.752364366573583,0
0.25,114,0,0,0,0,2.6754285971464062,0
0.25,115,0,0,0,0,2.351687724322026,0
0.25,116,0,0,0,0,2.1837557895367623,0
0.25,117,0,0,0,0,2.621355231091129,0
0.25,118,0,0,0,0,2.6257240155280197,0
0.25,119,0,0,0,0,2.7918202692848864,0
0.25,120,0,0,0,0,1.8802133775688117,0
0.25,121,0,0,0,0,1.5176640506280825,1
0.25,122,0,0,0,0,1.7270380933803813,0
0.25,123,0,0,0,0,0.9170651574421009,1
0.25,124,0,0,0,0,0.5779323966175691,1
0.25,125,0,0,0,0,1.4808735462050584,1
0.25,126,0,0,0,0,2.0022817313659536,0
0.25,127,0,0,0,0,1.8618385630359324,0
0.25,128,0,0,0,0,1.633535268732631,1
0.25,129,0,0,0,0,1.4973755614806055,1
0.25,130,0,0,0,0,1.2835871824919285,1
0.25,131,0,0,0,0,0.558222756472764,1
0.25,132,0,0,0,0,1.7297847415018877,0
0.25,133,0,0,0,0,1.5711818350011226,1
0.25,134,0,0,0,0,2.031851343639049,0
0.25,135,0,0,0,0,1.5871998674217536,1
0.25,136,0,0,0,0,1.0039613912702106,1
0.25,137,0,0,0,0,2.0716815127815225,0
0.25,138,0,0,0,0,2.173791552743472,0
0.25,139,0,0,0,0,1.9420478290830179,0
0.25,140,0,0,0,0,2.0322897662598978,0
0.25,141,0,0,0,0,2.258468831724992,0
0.25,142,0,0,0,0,1.6975838301543065,0
0.25,143,0,0,0,0,2.3635715813453415,0
0.25,144,0,0,0,0,2.0691629327497316,0
0.25,145,0,0,0,0,1.7500473486338828,0
0.25,146,0,0,0,0,2.087771199044149,0
0.25,147,0,0,0,0,1.7083231085717547,0
0.25,148,0,0,0,0,1.125513758642626,1
0.25,149,0,0,0,0,2.518611712669246,0
0.25,150,0,0,0,0,2.3889370255318325,0
0.25,151,0,0,0,0,2.204704729901707,0
0.25,152,0,0,0,0,2.1833747743262255,0
0.25,153,0,0,0,0,2.2385043131179416,0
0.25,154,0,0,0,0,1.8976751026742251,0
0.25,155,0,0,0,0,2.207190208027956,0
0.25,156,0,0,0,0,2.1661454458464746,0
0.25,157,0,0,0,0,1.874710047040127,0
0.25,158,0,0,0,0,1.897694287759019,0
0.25,159,0,0,0,0,2.132821920998169,0
0.25,160,0,0,0,0,1.554508449157159,1
0.25,161,0,0,0,0,2.189656832105797,0
0.25,162,0,0,0,0,2.5411193345562157,0
0.25,163,0,0,0,0,2.2034231432514826,0
0.25,164,0,0,0,0,2.06553156205862,0
0.25,165,0,0,0,0,2.1310554928843475,0
0.25,166,0,0,0,0,1.470939045731655,1
0.25,167,0,0,0,0,2.346679739166862,0
0.25,168,0,0,0,0,2.1310313395908436,0
0.25,169,0,0,0,0,1.076651272088056,1
0.25,170,0,0,0,0,2.0013860822343617,0
0.25,171,0,0,0,0,2.2327446706514342,0
0.25,172,0,0,0,0,1.8424873470767547,0
0.25,173,0,0,0,0,2.6028304266483158,0
0.25,174,0,0,0,0,2.542687271396617,0
0.25,175,0,0,0,0,2.3957449578026013,0
0.25,176,0,0,0,0,2.3933800868221518,0
0.25,177,0,0,0,0,1.9838509933745687,0
0.25,178,0,0,0,0,2.010461567665117,0
0.25,179,0,0,0,0,2.4349131357762843,0
0.25,180,0,0,0,0,2.107548226125976,0
0.25,181,0,0,0,0,1.7497759188307604,0
0.25,182,0,0,0,0,1.7266187186473951,0
0.25,183,0,0,0,0,2.345277243366776,0
0.25,184,0,0,0,0,1.5733779809711392,1
0.25,185,0,0,0,0,2.478949160283448,0
0.25,186,0,0,0,0,2.8182542948189657,0
0.25,187,0,0,0,0,2.017359178973808,0
0.25,188,0,0,0,0,2.074609799582119,0
0.25,189,0,0,0,0,2.2898580546358396,0
0.25,190,0,0,0,0,1.8726150531546355,0
0.25,191,0,0,0,0,2.2751481034721976,0
0.25,192,0,0,0,0,2.11234508023251,0
0.25,193,0,0,0,0,1.9431702446180616,0
0.25,194,0,0,0,0,2.244499697334722,0
0.25,195,0,0,0,0,2.6358703114822815,0
0.25,196,0,0,0,0,2.159821033313662,0
0.25,197,0,0,0,0,2.726273847039395,0
0.25,198,0,0,0,0,2.6890994033348568,0
0.25,199,0,0,0,0,2.510667460206486,0
0.25,200,0,0,0,0,2.2480307319763844,0
0.25,201,0,0,0,0,2.8009622340920206,0
0.25,202,0,0,0,0,1.7228805274014931,0
0.25,203,0,0,0,0,2.6155691166443518,0
0.25,204,0,0,0,0,2.2155382908003087,0
0.25,205,0,0,0,0,1.6316488251910441,1
0.25,206,0,0,0,0,2.0850859447317296,0
0.25,207,0,0,0,0,2.3170178965314694,0
0.25,208,0,0,0,0,2.4196998078800545,0
0.25,209,0,0,0,0,2.503489117496787,0
0.25,210,0,0,0,0,2.6069427256726385,0
0.25,211,0,0,0,0,2.4920240003761935,0
0.25,212,0,0,0,0,2.4523293456514175,0
0.25,213,0,0,0,0,2.0213554888643466,0
0.25,214,0,0,0,0,2.6589878454293485,0
0.25,215,0,0,0,0,2.45981872865048,0
0.25,540,1,1,1,1,0.5589064007915331,1
0.25,541,1,1,1,1,0.6346249471900393,1
0.25,542,1,8,1,1,0.03736880753183236,1
0.25,543,1,1,1,1,1.4595629391569664,1
0.25,544,1,1,1,1,1.509760499997157,1
0.25,545,1,1,1,1,1.460903534230371,1
0.25,546,1,1,1,1,1.2414813637409665,1
0.25,547,1,1,1,1,1.2157410331828755,1
0.25,548,1,1,1,1,0.40770384596922027,1
0.25,549,1,1,1,1,0.7838568403485977,1
0.25,550,1,1,1,1,1.5348660246683772,1
0.25,551,1,1,1,1,1.1398806418478928,1
0.25,552,1,1,1,1,1.3453673835384672,1
0.25,553,1,1,8,8,0.4325536805473278,1
0.25,554,1,1,1,1,1.4350072043613284,1
0.25,555,1,8,1,1,0.13983799278988596,1
0.25,556,1,1,1,1,0.3769563953588836,1
0.25,557,1,1,1,1,0.04821229454683573,1
0.25,558,1,1,1,1,0.9546869012695156,1
0.25,559,1,1,1,1,1.0947447168361544,1
0.25,560,1,1,1,1,0.8769111198668785,1
0.25,561,1,1,8,8,0.5269864598896251,1
0.25,562,1,1,1,1,0.5509843162922531,1
0.25,563,1,1,1,1,1.2421205235831352,1
0.25,564,1,1,1,1,1.1358786061827928,1
0.25,565,1,1,1,1,0.9621938854958417,1
0.25,566,1,1,8,8,0.512642026278753,1
0.25,567,1,1,1,1,2.058179360308733,0
0.25,568,1,1,1,1,1.0721875163998948,1
0.25,569,1,1,1,1,1.4344060106868484,1
0.25,570,1,1,1,1,1.5957306289337663,1
0.25,571,1,1,1,1,1.2291348160811564,1
0.25,572,1,1,1,1,1.3455807371563522,1
0.25,573,1,1,1,1,1.1610101239206077,1
0.25,574,1,1,1,1,1.951660291814292,0
0.25,575,1,1,1,1,1.1122778376997742,1
0.25,576,1,1,1,1,0.25048121221700037,1
0.25,577,1,1,1,1,0.8462993946810583,1
0.25,578,1,1,1,1,1.3017101627321745,1
0.25,579,1,1,1,1,1.830438403067181,0
0.25,580,1,1,1,1,2.2648301629312195,0
0.25,581,1,1,1,1,1.248933063239397,1
0.25,582,1,1,1,1,1.128042788079052,1
0.25,583,1,1,1,1,0.35213571133600574,1
0.25,584,1,1,1,1,0.4099593117847087,1
0.25,585,1,1,1,1,0.6716686832236669,1
0.25,586,1,1,1,1,1.1612875200987613,1
0.25,587,1,1,1,1,1.2940910741923726,1
0.25,588,1,1,1,1,0.33927273849342865,1
0.25,589,1,1,1,1,0.761653536378104,1
0.25,590,1,1,1,1,1.7674511760952445,0
0.25,591,1,1,1,1,1.782578789193915,0
0.25,592,1,1,1,1,0.7657085564686714,1
0.25,593,1,1,1,1,2.1564021722933435,0
0.25,594,1,1,1,1,0.252423205780703,1
0.25,595,1,1,1,1,0.8030620732136974,1
0.25,596,1,1,1,1,0.9821617317706455,1
0.25,597,1,1,1,1,1.182791564284562,1
0.25,598,1,1,1,1,1.3809111805555523,1
0.25,599,1,1,1,1,0.9293981434661812,1
0.25,600,1,1,1,1,1.282048294589331,1
0.25,601,1,1,1,1,1.5802593741787407,1
0.25,602,1,1,1,1,0.8666482512633656,1
0.25,603,1,1,1,1,1.9322395960097971,0
0.25,604,1,1,1,1,1.2659740001974935,1
0.25,605,1,1,1,1,1.215425852426692,1
0.25,606,1,1,1,1,1.353439967058169,1
0.25,607,1,1,1,1,1.4446304962177765,1
0.25,608,1,1,1,1,1.371545782393243,1
0.25,609,1,1,1,1,1.4659932459674336,1
0.25,610,1,1,1,1,1.505998272670633,1
0.25,611,1,1,1,1,1.217996900909793,1
0.25,612,1,1,1,1,1.6195755151026223,1
0.25,613,1,1,1,1,1.7834213680858542,0
0.25,614,1,1,1,1,1.4207623074043056,1
0.25,615,1,1,1,1,1.8915529812766454,0
0.25,616,1,1,1,1,1.3253356282408146,1
0.25,617,1,1,1,1,1.0824153633351252,1
0.25,618,1,1,1,1,1.4390998187920538,1
0.25,619,1,1,1,1,1.2730357264350667,1
0.25,620,1,1,1,1,1.7474877511871414,0
0.25,621,1,1,1,1,1.341785030324765,1
0.25,622,1,1,1,1,1.981542055572087,0
0.25,623,1,1,1,1,1.4636259355275452,1
0.25,624,1,1,1,1,1.2568796570260306,1
0.25,625,1,1,1,1,0.7325112505194938,1
0.25,626,1,1,1,1,1.716853015911303,0
0.25,627,1,1,1,1,1.4182686002258382,1
0.25,628,1,1,1,1,1.9511948380365838,0
0.25,629,1,1,1,1,1.7397026904366588,0
0.25,630,1,1,1,1,1.6366574254849624,1
0.25,631,1,1,1,1,2.2099802865989844,0
0.25,632,1,1,1,1,1.6568745021170546,1
0.25,633,1,1,1,1,1.3110318997351942,1
0.25,634,1,1,1,1,1.5661978505661185,1
0.25,635,1,1,1,1,1.058634151464036,1
0.25,636,1,1,1,1,1.5174569708570949,1
0.25,637,1,1,1,1,1.4938149402184795,1
0.25,638,1,1,1,1,0.8860361958189066,1
0.25,639,1,1,1,1,1.6690425982975783,1
0.25,640,1,1,1,1,1.8262699076223097,0
0.25,641,1,1,1,1,1.143913331821919,1
0.25,642,1,1,1,1,1.7165385214103044,0
0.25,643,1,1,1,1,1.9315859924374361,0
0.25,644,1,1,1,1,1.2376322621853832,1
0.25,645,1,1,1,1,1.0878499250713272,1
0.25,646,1,1,1,1,1.2358502347314668,1
0.25,647,1,1,1,1,0.44236699043028416,1
0.25,972,2,4,9,9,0.5142237804091125,1
0.25,973,2,2,2,2,1.0051729218926,1
0.25,974,2,2,2,2,0.7533209397528657,1
0.25,975,2,4,2,2,0.3220747284642836,1
0.25,976,2,2,2,2,0.24988071999826944,1
0.25,977,2,7,2,2,0.07919574391371209,1
0.25,978,2,2,2,2,0.37456372327744003,1
0.25,979,2,2,4,4,0.32208278124174805,1
0.25,980,2,2,2,2,0.4039578766061983,1
0.25,981,2,2,2,2,0.3568206670058185,1
0.25,982,2,2,2,2,0.588525408471571,1
0.25,983,2,2,2,2,0.5881090227771162,1
0.25,984,2,2,2,2,0.737379748334432,1
0.25,985,2,2,2,2,1.0667641641119752,1
0.25,986,2,2,2,2,1.4499134131357998,1
0.25,987,2,2,2,2,0.8363361811919539,1
0.25,988,2,2,2,2,0.7968515997397875,1
0.25,989,2,2,2,2,1.2157766880105307,1
0.25,990,2,2,2,2,1.035633089444541,1
0.25,991,2,2,2,2,1.8137352877320092,0
0.25,992,2,2,2,2,1.1390921645090155,1
0.25,993,2,2,2,2,1.1251274822510853,1
0.25,994,2,2,2,2,1.3254082912123701,1
0.25,995,2,2,2,2,0.2843689410816662,1
0.25,996,2,2,2,2,0.4842372017646591,1
0.25,997,2,2,2,2,0.9356177455927904,1
0.25,998,2,2,2,2,1.3030116675610524,1
0.25,999,2,2,2,2,1.0660072924655088,1
0.25,1000,2,2,2,2,0.8327898143017982,1
0.25,1001,2,2,2,2,0.39191347564263646,1
0.25,1002,2,2,2,2,0.8543683838079434,1
0.25,1003,2,2,2,2,1.4900963697602103,1
0.25,1004,2,2,2,2,1.231173966467006,1
0.25,1005,2,2,2,2,0.9070490466420731,1
0.25,1006,2,2,2,2,1.2471459134421736,1
0.25,1007,2,2,2,2,0.3876710904798185,1
0.25,1008,2,2,2,2,1.0022376847605217,1
0.25,1009,2,2,2,2,1.4606058546830682,1
0.25,1010,2,2,2,2,1.6418089696743188,1
0.25,1011,2,2,2,2,0.9014229628841317,1
0.25,1012,2,2,2,2,1.2986386045724925,1
0.25,1013,2,2,2,2,0.0206634910905793,1
0.25,1014,2,2,2,2,1.4813856492619202,1
0.25,1015,2,2,2,2,1.7739319607385844,0
0.25,1016,2,2,2,2,1.7192156436095827,0
0.25,1017,2,2,2,2,1.368418638105465,1
0.25,1018,2,2,2,2,1.518984406869417,1
0.25,1019,2,2,2,2,0.7395362920689398,1
0.25,1020,2,2,2,2,1.251747849274949,1
0.25,1021,2,2,2,2,0.9017665427519802,1
0.25,1022,2,2,2,2,1.0617217743200613,1
0.25,1023,2,2,2,2,1.6538903783200842,1
0.25,1024,2,2,2,2,1.5545065210361249,1
0.25,1025,2,2,2,2,0.5238768848218035,1
0.25,1026,2,2,2,2,1.4863667323809664,1
0.25,1027,2,2,2,2,1.5556967696345483,1
0.25,1028,2,2,2,2,1.5495351652323452,1
0.25,1029,2,2,2,2,1.632415389494163,1
0.25,1030,2,2,2,2,2.002781134206099,0
0.25,1031,2,2,2,2,1.4002315518923596,1
0.25,1032,2,2,2,2,0.9655976550573268,1
0.25,1033,2,2,2,2,0.8387491227708187,1
0.25,1034,2,2,2,2,1.3134175846833598,1
0.25,1035,2,4,2,2,0.8704432289766846,1
0.25,1036,2,4,4,4,0.8535246939033475,1
0.25,1037,2,4,2,2,0.5371432709200709,1
0.25,1038,2,2,2,2,0.3080478665368007,1
0.25,1039,2,2,2,2,0.46437504902621063,1
0.25,1040,2,2,2,2,0.09367002770808941,1
0.25,1041,2,2,2,2,1.0125894526412966,1
0.25,1042,2,2,2,2,1.4504210558777593,1
0.25,1043,2,2,2,2,1.1633963938129277,1
0.25,1044,2,2,2,2,1.0719140956817257,1
0.25,1045,2,2,2,2,1.1936691039526752,1
0.25,1046,2,2,2,2,1.3996813927660754,1
0.25,1047,2,2,2,2,0.425772031911146,1
0.25,1048,2,2,2,2,0.5997896242461205,1
0.25,1049,2,2,2,2,0.7875560370564038,1
0.25,1050,2,2,2,2,1.3037604290215024,1
0.25,1051,2,2,2,2,1.0983088871506146,1
0.25,1052,2,2,2,2,1.200093317250948,1
0.25,1053,2,2,2,2,1.3242624182684157,1
0.25,1054,2,2,2,2,1.0728303886451958,1
0.25,1055,2,2,2,2,0.45165989646281596,1
0.25,1056,2,2,2,2,0.8407321837684906,1
0.25,1057,2,2,2,2,0.8509883632754295,1
0.25,1058,2,2,2,2,1.379110500588367,1
0.25,1059,2,4,4,4,1.051071981088608,1
0.25,1060,2,4,4,4,1.0065647602618635,1
0.25,1061,2,4,2,2,0.10081706368594523,1
0.25,1062,2,2,2,2,0.564519737800692,1
0.25,1063,2,2,2,2,0.721682393345052,1
0.25,1064,2,2,2,2,0.7738460301268493,1
0.25,1065,2,2,2,2,1.0175808065302256,1
0.25,1066,2,2,2,2,1.1711520590467153,1
0.25,1067,2,2,2,2,1.1759930487738113,1
0.25,1068,2,4,2,2,0.36253452550946474,1
0.25,1069,2,4,2,2,0.9644998135198735,1
0.25,1070,2,2,2,2,0.36612087346086297,1
0.25,1071,2,4,4,4,0.8441012108076084,1
0.25,1072,2,4,4,4,0.36493287640872407,1
0.25,1073,2,4,2,2,0.7865000248686244,1
0.25,1074,2,2,2,2,0.15799110711791253,1
0.25,1075,2,2,2,2,0.32123765918940983,1
0.25,1076,2,4,2,2,0.021690878866541252,1
0.25,1077,2,2,2,2,0.3600189767235833,1
0.25,1078,2,2,2,2,0.33092231065232036,1
0.25,1079,2,2,2,2,0.5579510289561672,1
0.25,1404,3,3,3,3,2.2637411042386586,0
0.25,1405,3,3,3,3,1.7329969068156306,0
0.25,1406,3,3,3,3,2.0644224351678546,0
0.25,1407,3,3,3,3,1.8216841598137132,0
0.25,1408,3,3,3,3,1.7615776728733443,0
0.25,1409,3,3,3,3,1.9637894749002431,0
0.25,1410,3,3,3,3,1.9703911241179302,0
0.25,1411,3,3,3,3,1.504395528388918,1
0.25,1412,3,3,3,3,1.6750777864657307,0
0.25,1413,3,3,3,3,1.8865005117106028,0
0.25,1414,3,3,3,3,1.7052970651435237,0
0.25,1415,3,3,3,3,1.6223938502017106,1
0.25,1416,3,3,3,3,0.9919336364699669,1
0.25,1417,3,3,3,3,0.7188449870231035,1
0.25,1418,3,3,3,3,1.6304826149859672,1
0.25,1419,3,3,3,3,0.5619414591166199,1
0.25,1420,3,3,3,3,0.4609108308858366,1
0.25,1421,3,3,3,3,0.6468110129417973,1
0.25,1422,3,3,3,3,0.09772586250818138,1
0.25,1423,3,3,3,3,0.6772938252521052,1
0.25,1424,3,3,3,3,0.8217000693934068,1
0.25,1425,3,3,3,3,1.1207854637317802,1
0.25,1426,3,3,3,3,0.28288107203493684,1
0.25,1427,3,3,3,3,1.6291768044894415,1
0.25,1428,3,3,3,3,1.9431411184231477,0
0.25,1429,3,3,3,3,1.7262802522330205,0
0.25,1430,3,3,3,3,1.7389056890762429,0
0.25,1431,3,3,3,3,1.1799049548215295,1
0.25,1432,3,3,3,3,1.1527271503361025,1
0.25,1433,3,3,3,3,1.1873300907934896,1
0.25,1434,3,3,3,3,1.283718494613086,1
0.25,1435,3,3,3,3,1.2194246033250904,1
0.25,1436,3,3,3,3,1.1873763603365524,1
0.25,1437,3,3,3,3,1.0445113676993425,1
0.25,1438,3,3,3,3,1.443329088871339,1
0.25,1439,3,3,3,3,0.6275741643983361,1
0.25,1440,3,3,3,3,1.8740590072903385,0
0.25,1441,3,3,3,3,2.148122183790304,0
0.25,1442,3,3,3,3,1.7096763728607018,0
0.25,1443,3,3,3,3,1.30327835441765,1
0.25,1444,3,3,3,3,1.421944447405477,1
0.25,1445,3,3,3,3,0.7866897180704465,1
0.25,1446,3,3,3,3,1.2013322339331742,1
0.25,1447,3,3,3,3,1.3690026323711644,1
0.25,1448,3,3,3,3,1.581955149638492,1
0.25,1449,3,3,3,3,1.1556166597333855,1
0.25,1450,3,3,3,3,1.6608116191778444,1
0.25,1451,3,3,3,3,1.4448565053041038,1
0.25,1452,3,3,3,3,2.2615695809510705,0
0.25,1453,3,3,3,3,1.9107095519749584,0
0.25,1454,3,3,3,3,1.7388363614463653,0
0.25,1455,3,3,3,3,1.0456690278805696,1
0.25,1456,3,3,3,3,1.5803498234656843,1
0.25,1457,3,3,3,3,1.7213093227123248,0
0.25,1458,3,3,3,3,1.1848088080452497,1
0.25,1459,3,3,3,3,1.374836079361363,1
0.25,1460,3,3,3,3,1.9407167207673837,0
0.25,1461,3,3,3,3,1.3911945669608599,1
0.25,1462,3,3,3,3,1.59453185680841,1
0.25,1463,3,3,3,3,1.83627589662275,0
0.25,1464,3,3,3,3,2.1599667197128585,0
0.25,1465,3,3,3,3,2.228433397916409,0
0.25,1466,3,3,3,3,2.080694730655937,0
0.25,1467,3,3,3,3,1.5659404839007434,1
0.25,1468,3,3,3,3,1.740541819325906,0
0.25,1469,3,3,3,3,1.833602801055263,0
0.25,1470,3,3,3,3,1.5455685789096076,1
0.25,1471,3,3,3,3,1.8748797917738906,0
0.25,1472,3,3,3,3,1.9559181394262752,0
0.25,1473,3,3,3,3,1.686234925243773,0
0.25,1474,3,3,3,3,1.2422884570411954,1
0.25,1475,3,3,3,3,1.4686816703381973,1
0.25,1476,3,3,3,3,2.095614454890271,0
0.25,1477,3,3,3,3,2.478707214246018,0
0.25,1478,3,3,3,3,2.144770130029609,0
0.25,1479,3,3,3,3,1.528264722888169,1
0.25,1480,3,3,3,3,1.267921809657424,1
0.25,1481,3,3,3,3,1.315700002872792,1
0.25,1482,3,3,3,3,1.5744213507625555,1
0.25,1483,3,3,3,3,1.7310283244898392,0
0.25,1484,3,3,3,3,1.5354953638561513,1
0.25,1485,3,3,3,3,1.9139776543727578,0
0.25,1486,3,3,3,3,1.6186807636505947,1
0.25,1487,3,3,3,3,1.7797693013664055,0
0.25,1488,3,3,3,3,2.1718794808949733,0
0.25,1489,3,3,3,3,2.1875509881328874,0
0.25,1490,3,3,3,3,2.0803765710643938,0
0.25,1491,3,3,3,3,1.6566883649852833,1
0.25,1492,3,3,3,3,1.5321537355061512,1
0.25,1493,3,3,3,3,1.9754792053133827,0
0.25,1494,3,3,3,3,2.013693155832186,0
0.25,1495,3,3,3,3,2.0234226229336585,0
0.25,1496,3,3,3,3,1.4359790654641025,1
0.25,1497,3,3,3,3,1.8148875859076559,0
0.25,1498,3,3,3,3,1.944803321462636,0
0.25,1499,3,3,3,3,2.3355988161965913,0
0.25,1500,3,3,3,3,2.2442251739162242,0
0.25,1501,3,3,3,3,2.0806030605212595,0
0.25,1502,3,3,3,3,2.3090521358774705,0
0.25,1503,3,3,3,3,1.6472586245667622,1
0.25,1504,3,3,3,3,1.6816776880218485,0
0.25,1505,3,3,3,3,1.8818166603651574,0
0.25,1506,3,3,3,3,1.9662241599208814,0
0.25,1507,3,3,3,3,1.8863856058548625,0
0.25,1508,3,3,3,3,1.7031285354442434,0
0.25,1509,3,3,3,3,1.7728931215219348,0
0.25,1510,3,3,3,3,1.9354002125059293,0
0.25,1511,3,3,3,3,1.940650428540707,0
0.25,1836,4,4,4,4,0.38510929323456833,1
0.25,1837,4,7,4,4,0.06194677920841918,1
0.25,1838,4,4,4,4,0.09933650895425794,1
0.25,1839,4,4,4,4,0.02508600391091198,1
0.25,1840,4,4,4,4,0.24255936647149534,1
0.25,1841,4,4,4,4,0.7328542452138322,1
0.25,1842,4,4,7,7,0.0007601806828714253,1
0.25,1843,4,4,4,4,0.9474880926713483,1
0.25,1844,4,4,4,4,0.9019697645259084,1
0.25,1845,4,7,4,4,0.12002921073281725,1
0.25,1846,4,4,4,4,0.33912491448206494,1
0.25,1847,4,4,4,4,0.017723511061865316,1
0.25,1848,4,7,7,7,0.8847136234761821,1
0.25,1849,4,7,7,7,0.7176841671223777,1
0.25,1850,4,7,7,7,0.8124943001991665,1
0.25,1851,4,7,7,7,0.27085785256124023,1
0.25,1852,4,7,7,7,0.640962765588751,1
0.25,1853,4,7,7,7,1.3222915768919812,1
0.25,1854,4,7,7,7,1.4532611675173381,1
0.25,1855,4,7,7,7,0.9343401964466319,1
0.25,1856,4,7,7,7,1.238029485467437,1
0.25,1857,4,7,7,7,1.2904503901187654,1
0.25,1858,4,7,7,7,0.7310916153990182,1
0.25,1859,4,7,7,7,1.1277510332548326,1
0.25,1860,4,7,7,7,0.7096861988712454,1
0.25,1861,4,7,7,7,0.8114953075638575,1
0.25,1862,4,7,7,7,0.7664272193240613,1
0.25,1863,4,7,7,7,0.2656055810587283,1
0.25,1864,4,7,7,7,0.39207553854105287,1
0.25,1865,4,7,7,7,1.0327229402740712,1
0.25,1866,4,7,7,7,1.0282979346297796,1
0.25,1867,4,7,7,7,0.8234009848441897,1
0.25,1868,4,7,7,7,0.8788961597265181,1
0.25,1869,4,7,7,7,0.9443702935391722,1
0.25,1870,4,7,7,7,0.5813511775585805,1
0.25,1871,4,7,7,7,1.1033148112878521,1
0.25,1872,4,7,7,7,0.29212876213145655,1
0.25,1873,4,7,7,7,0.3061624717218976,1
0.25,1874,4,7,7,7,0.7539300414348483,1
0.25,1875,4,2,7,7,0.10689127050259739,1
0.25,1876,4,2,7,7,0.03849594479024343,1
0.25,1877,4,7,7,7,0.5302053265112633,1
0.25,1878,4,7,7,7,0.5593730030375264,1
0.25,1879,4,7,7,7,0.3690545362984291,1
0.25,1880,4,7,7,7,0.4331611400274137,1
0.25,1881,4,7,7,7,0.7668303871060884,1
0.25,1882,4,7,7,7,0.48672739696909584,1
0.25,1883,4,7,7,7,0.4776793714676214,1
0.25,1884,4,7,7,7,0.08401574873797513,1
0.25,1885,4,4,7,7,0.14536667800226755,1
0.25,1886,4,7,7,7,0.15800962316186806,1
0.25,1887,4,7,7,7,0.11891734756021721,1
0.25,1888,4,7,7,7,0.17347903008829685,1
0.25,1889,4,7,7,7,0.26362931479627527,1
0.25,1890,4,7,7,7,0.5617090763023024,1
0.25,1891,4,7,7,7,0.7395068164098905,1
0.25,1892,4,4,7,7,0.26929239275277816,1
0.25,1893,4,7,7,7,0.9642158416726381,1
0.25,1894,4,7,7,7,0.3693496401690278,1
0.25,1895,4,7,7,7,1.043193682211599,1
0.25,1896,4,7,7,7,0.023858492953631294,1
0.25,1897,4,7,7,7,0.21251795653275907,1
0.25,1898,4,4,7,7,0.00840199732953073,1
0.25,1899,4,7,7,7,0.2949727652667289,1
0.25,1900,4,7,7,7,0.2530469846294004,1
0.25,1901,4,4,7,7,0.18428704946683083,1
0.25,1902,4,7,7,7,0.10157470812259228,1
0.25,1903,4,7,7,7,0.1469002063382523,1
0.25,1904,4,4,10,10,0.18008405370566694,1
0.25,1905,4,7,7,7,0.7543842224569253,1
0.25,1906,4,7,7,7,0.3615863763078544,1
0.25,1907,4,4,7,7,0.07877681956054872,1
0.25,1908,4,4,4,4,0.442597968038003,1
0.25,1909,4,4,7,7,0.47746156073569923,1
0.25,1910,4,4,4,4,0.5697131676112355,1
0.25,1911,4,4,7,7,0.19093960727903125,1
0.25,1912,4,4,7,7,0.2261058275195419,1
0.25,1913,4,4,7,7,0.3212770709615458,1
0.25,1914,4,4,7,7,0.10725704869993247,1
0.25,1915,4,4,7,7,0.6847127905671806,1
0.25,1916,4,4,10,10,0.38755835509692327,1
0.25,1917,4,4,7,7,0.03673306541816579,1
0.25,1918,4,4,7,7,0.2913750618742289,1
0.25,1919,4,4,7,7,0.587532949836596,1
0.25,1920,4,4,4,4,0.5690537067932466,1
0.25,1921,4,4,4,4,0.6034670026928588,1
0.25,1922,4,4,4,4,0.8993807889210225,1
0.25,1923,4,4,7,7,0.41084241739361227,1
0.25,1924,4,4,7,7,0.45633419167882394,1
0.25,1925,4,4,7,7,0.7929946410480173,1
0.25,1926,4,7,7,7,0.03917463374551855,1
0.25,1927,4,7,7,7,0.19362718456992045,1
0.25,1928,4,4,4,4,0.9427537262205646,1
0.25,1929,4,4,4,4,0.4456493223448771,1
0.25,1930,4,4,4,4,0.2785687761469362,1
0.25,1931,4,4,7,7,0.3564501898040088,1
0.25,1932,4,4,4,4,0.5871351122902972,1
0.25,1933,4,4,4,4,0.31637615815167686,1
0.25,1934,4,4,4,4,0.4063348469794832,1
0.25,1935,4,4,7,7,0.07354874249803023,1
0.25,1936,4,4,4,4,0.14996383420700898,1
0.25,1937,4,4,4,4,1.0923661919992107,1
0.25,1938,4,4,4,4,0.34750592272764136,1
0.25,1939,4,4,4,4,0.29312959379916825,1
0.25,1940,4,4,4,4,1.1395271348563205,1
0.25,1941,4,4,4,4,0.07335296807080594,1
0.25,1942,4,4,4,4,0.1310982156441597,1
0.25,1943,4,4,4,4,0.1769767779849033,1
0.25,2268,5,5,5,5,1.4147698216611462,1
0.25,2269,5,5,5,5,1.0724395666399362,1
0.25,2270,5,5,5,5,1.2970315995895816,1
0.25,2271,5,5,5,5,1.1480676124866505,1
0.25,2272,5,5,5,5,1.0354576788229282,1
0.25,2273,5,5,5,5,1.4667733595886272,1
0.25,2274,5,5,5,5,1.4142084453680372,1
0.25,2275,5,5,5,5,1.4053612956818615,1
0.25,2276,5,5,5,5,2.1140608377995687,0
0.25,2277,5,5,5,5,1.5877245801000195,1
0.25,2278,5,5,5,5,1.7918161148756666,0
0.25,2279,5,5,5,5,1.2826162630081197,1
0.25,2280,5,5,5,5,0.9432524112465535,1
0.25,2281,5,5,5,5,1.2520154810769197,1
0.25,2282,5,5,5,5,1.572397744533216,1
0.25,2283,5,5,5,5,1.4458804613533527,1
0.25,2284,5,5,5,5,1.7886668363310574,0
0.25,2285,5,5,5,5,2.418176189639378,0
0.25,2286,5,5,5,5,2.781731719286344,0
0.25,2287,5,5,5,5,2.6712901177313464,0
0.25,2288,5,5,5,5,2.680985036830804,0
0.25,2289,5,5,5,5,2.0824502958074382,0
0.25,2290,5,5,5,5,1.8357950603998114,0
0.25,2291,5,5,5,5,2.5062579002060783,0
0.25,2292,5,5,5,5,1.8713731611236724,0
0.25,2293,5,5,5,5,1.537262571031669,1
0.25,2294,5,5,5,5,1.9381013681926502,0
0.25,2295,5,5,5,5,3.0214690418883627,0
0.25,2296,5,5,5,5,3.0943300464986025,0
0.25,2297,5,5,5,5,2.9883285026552904,0
0.25,2298,5,5,5,5,2.8040419994019454,0
0.25,2299,5,5,5,5,2.8126648162543626,0
0.25,2300,5,5,5,5,3.2386582931278616,0
0.25,2301,5,5,5,5,2.0411920976302307,0
0.25,2302,5,5,5,5,2.6531444111364677,0
0.25,2303,5,5,5,5,2.873014801877143,0
0.25,2304,5,5,5,5,1.7618621278944055,0
0.25,2305,5,5,5,5,2.0495226831178863,0
0.25,2306,5,5,5,5,2.0938819668363218,0
0.25,2307,5,5,5,5,3.0182595955438103,0
0.25,2308,5,5,5,5,3.3548916154844046,0
0.25,2309,5,5,5,5,2.796812721076461,0
0.25,2310,5,5,5,5,2.417392573567554,0
0.25,2311,5,5,5,5,2.224261416855294,0
0.25,2312,5,5,5,5,2.804732607201561,0
0.25,2313,5,5,5,5,2.650806472813009,0
0.25,2314,5,5,5,5,3.0296510950125333,0
0.25,2315,5,5,5,5,2.4881904668125547,0
0.25,2316,5,5,5,5,1.974664715702223,0
0.25,2317,5,5,5,5,1.756351473981866,0
0.25,2318,5,5,5,5,1.846587265353146,0
0.25,2319,5,5,5,5,3.0450247475454058,0
0.25,2320,5,5,5,5,3.1809856967287784,0
0.25,2321,5,5,5,5,2.765670548542535,0
0.25,2322,5,5,5,5,2.730242811659726,0
0.25,2323,5,5,5,5,3.065408020707338,0
0.25,2324,5,5,5,5,2.864620645198582,0
0.25,2325,5,5,5,5,2.2950605175330643,0
0.25,2326,5,5,5,5,2.8154531468958197,0
0.25,2327,5,5,5,5,2.6227117148030374,0
0.25,2328,5,5,5,5,1.841521577566254,0
0.25,2329,5,5,5,5,1.8193484464114236,0
0.25,2330,5,5,5,5,2.106958645629219,0
0.25,2331,5,5,5,5,2.618415582252158,0
0.25,2332,5,5,5,5,3.3182610798834045,0
0.25,2333,5,5,5,5,2.8844776042360594,0
0.25,2334,5,5,5,5,1.7272299261919124,0
0.25,2335,5,5,5,5,3.023355764946816,0
0.25,2336,5,5,5,5,2.744863917060552,0
0.25,2337,5,5,5,5,2.2627434533746924,0
0.25,2338,5,5,5,5,2.8289952800317786,0
0.25,2339,5,5,5,5,2.5340636030211456,0
0.25,2340,5,5,5,5,2.1124969153087463,0
0.25,2341,5,5,5,5,1.7413237414561142,0
0.25,2342,5,5,5,5,2.1255686945687193,0
0.25,2343,5,5,5,5,2.109213351862767,0
0.25,2344,5,5,5,5,2.5479961124603165,0
0.25,2345,5,5,5,5,2.124605427902731,0
0.25,2346,5,5,5,5,2.305720849737618,0
0.25,2347,5,5,5,5,2.7178363059840684,0
0.25,2348,5,5,5,5,2.717079486944134,0
0.25,2349,5,5,5,5,2.0075996163372305,0
0.25,2350,5,5,5,5,2.3733237167063503,0
0.25,2351,5,5,5,5,2.744940723472494,0
0.25,2352,5,5,5,5,1.1886008089328972,1
0.25,2353,5,5,5,5,2.007708369445153,0
0.25,2354,5,5,5,5,1.690110762447625,0
0.25,2355,5,5,5,5,1.8515834108081815,0
0.25,2356,5,5,5,5,1.9536048536676724,0
0.25,2357,5,5,5,5,1.6637718364988023,1
0.25,2358,5,5,5,5,2.540246439959075,0
0.25,2359,5,5,5,5,1.8341771496096178,0
0.25,2360,5,5,5,5,2.5586111925166968,0
0.25,2361,5,5,5,5,2.036255311924415,0
0.25,2362,5,5,5,5,2.6269742033121943,0
0.25,2363,5,5,5,5,2.113908080792018,0
0.25,2364,5,5,5,5,1.8657876790950034,0
0.25,2365,5,5,5,5,1.296149167976348,1
0.25,2366,5,5,5,5,2.2273437797419327,0
0.25,2367,5,5,5,5,1.2795706611779387,1
0.25,2368,5,5,5,5,1.2729792423424289,1
0.25,2369,5,5,5,5,0.825269830266935,1
0.25,2370,5,5,5,5,1.5350736890168677,1
0.25,2371,5,5,5,5,1.1628929283305014,1
0.25,2372,5,5,5,5,2.3385793285923517,0
0.25,2373,5,5,5,5,1.5980321663524268,1
0.25,2374,5,5,5,5,1.614202072202091,1
0.25,2375,5,5,5,5,2.0629755966236947,0
0.25,2700,6,6,6,6,2.212407152015856,0
0.25,2701,6,6,6,6,2.6789555846188025,0
0.25,2702,6,6,6,6,2.1168735074901255,0
0.25,2703,6,6,6,6,2.5602665111094085,0
0.25,2704,6,6,6,6,2.359106531330702,0
0.25,2705,6,6,6,6,2.4203745780546724,0
0.25,2706,6,6,6,6,1.9244384379678565,0
0.25,2707,6,6,6,6,2.3626905282730886,0
0.25,2708,6,6,6,6,2.456353212734764,0
0.25,2709,6,6,6,6,2.499894573346329,0
0.25,2710,6,6,6,6,2.014267344206947,0
0.25,2711,6,6,6,6,2.6220996709771893,0
0.25,2712,6,6,6,6,2.39832681343813,0
0.25,2713,6,6,6,6,1.6537219725635763,1
0.25,2714,6,6,6,6,2.008557883481059,0
0.25,2715,6,6,6,6,2.2263035120739634,0
0.25,2716,6,6,6,6,2.301303637818525,0
0.25,2717,6,6,6,6,2.620163790557574,0
0.25,2718,6,6,6,6,1.4287183676608217,1
0.25,2719,6,6,6,6,0.8749779491419986,1
0.25,2720,6,6,6,6,2.4648427774268526,0
0.25,2721,6,6,6,6,1.795228421977486,0
0.25,2722,6,6,6,6,2.2860313006484074,0
0.25,2723,6,6,6,6,1.8072621733698089,0
0.25,2724,6,6,6,6,2.22207435462322,0
0.25,2725,6,6,6,6,2.2422442621763317,0
0.25,2726,6,6,6,6,2.416853934448829,0
0.25,2727,6,6,6,6,2.624735591088693,0
0.25,2728,6,6,6,6,2.4326767773596396,0
0.25,2729,6,6,6,6,2.582839338928628,0
0.25,2730,6,6,6,6,2.5247565555675795,0
0.25,2731,6,6,6,6,2.25812500777977,0
0.25,2732,6,6,6,6,2.007655023838721,0
0.25,2733,6,6,6,6,2.574137450506041,0
0.25,2734,6,6,6,6,2.274911561334753,0
0.25,2735,6,6,6,6,1.9829723563569737,0
0.25,2736,6,6,6,6,2.3112936588997206,0
0.25,2737,6,6,6,6,2.0933182188986015,0
0.25,2738,6,6,6,6,2.1651780619316536,0
0.25,2739,6,6,6,6,2.542340006824274,0
0.25,2740,6,6,6,6,2.315877179532392,0
0.25,2741,6,6,6,6,2.2280876517893944,0
0.25,2742,6,6,6,6,2.12159648815358,0
0.25,2743,6,6,6,6,2.3914673053199063,0
0.25,2744,6,6,6,6,2.703390429419734,0
0.25,2745,6,6,6,6,2.3097408421034924,0
0.25,2746,6,6,6,6,2.4645285025689385,0
0.25,2747,6,6,6,6,2.6223046848887046,0
0.25,2748,6,6,6,6,2.1826363970277654,0
0.25,2749,6,6,6,6,1.9680295785185582,0
0.25,2750,6,6,6,6,2.2047952277971525,0
0.25,2751,6,6,6,6,2.38061467564959,0
0.25,2752,6,6,6,6,2.4755909900223543,0
0.25,2753,6,6,6,6,2.4761980842122515,0
0.25,2754,6,6,6,6,2.6531794933080555,0
0.25,2755,6,6,6,6,2.6704435077080335,0
0.25,2756,6,6,6,6,2.6969874950063377,0
0.25,2757,6,6,6,6,2.5900621178288015,0
0.25,2758,6,6,6,6,2.6786797577791113,0
0.25,2759,6,6,6,6,2.6192272453300482,0
0.25,2760,6,6,6,6,1.8657252233787793,0
0.25,2761,6,6,6,6,1.9157435406414807,0
0.25,2762,6,6,6,6,2.277549453075098,0
0.25,2763,6,6,6,6,2.3680726327989543,0
0.25,2764,6,6,6,6,2.4189642487208936,0
0.25,2765,6,6,6,6,2.529296675498843,0
0.25,2766,6,6,6,6,2.3265670401045697,0
0.25,2767,6,6,6,6,2.5284590795864643,0
0.25,2768,6,6,6,6,2.43025874233824,0
0.25,2769,6,6,6,6,2.751938339231683,0
0.25,2770,6,6,6,6,2.4710522623139193,0
0.25,2771,6,6,6,6,2.289139657951445,0
0.25,2772,6,6,6,6,2.1791340474363206,0
0.25,2773,6,6,6,6,2.0002910183528613,0
0.25,2774,6,6,6,6,2.1346344768651146,0
0.25,2775,6,6,6,6,2.1459986856795923,0
0.25,2776,6,6,6,6,2.1277284710832354,0
0.25,2777,6,6,6,6,2.4872070238651207,0
0.25,2778,6,6,6,6,2.3216195131238386,0
0.25,2779,6,6,6,6,2.529928872265829,0
0.25,2780,6,6,6,6,2.4014511550510313,0
0.25,2781,6,6,6,6,2.586074418917357,0
0.25,2782,6,6,6,6,2.2786890386162213,0
0.25,2783,6,6,6,6,2.67224721037167,0
0.25,2784,6,6,6,6,2.169887793816822,0
0.25,2785,6,6,6,6,2.0285135404777774,0
0.25,2786,6,6,6,6,2.295373565345888,0
0.25,2787,6,6,6,6,2.237728307600877,0
0.25,2788,6,6,6,6,2.309219673559772,0
0.25,2789,6,6,6,6,2.405970404753319,0
0.25,2790,6,6,6,6,2.45078953663009,0
0.25,2791,6,6,6,6,2.434951911347799,0
0.25,2792,6,6,6,6,2.254350748143692,0
0.25,2793,6,6,6,6,2.324927434235864,0
0.25,2794,6,6,6,6,2.277407919368154,0
0.25,2795,6,6,6,6,2.493378337818613,0
0.25,2796,6,6,6,6,1.9451788907237644,0
0.25,2797,6,6,6,6,2.05429724215787,0
0.25,2798,6,6,6,6,2.3155706042571005,0
0.25,2799,6,6,6,6,2.100765725669178,0
0.25,2800,6,6,6,6,2.291403537554703,0
0.25,2801,6,6,6,6,2.2904549880243943,0
0.25,2802,6,6,6,6,2.5830287407924977,0
0.25,2803,6,6,6,6,2.614046990643947,0
0.25,2804,6,6,6,6,2.2273882973052794,0
0.25,2805,6,6,6,6,2.1649554955678045,0
0.25,2806,6,6,6,6,1.8949342853848234,0
0.25,2807,6,6,6,6,2.5124945265280747,0
0.25,3132,7,7,7,7,1.1937510114120744,1
0.25,3133,7,7,7,7,1.2694951372010777,1
0.25,3134,7,7,7,7,1.4988030463823465,1
0.25,3135,7,7,7,7,1.7244942890807464,0
0.25,3136,7,7,7,7,1.7129408032505922,0
0.25,3137,7,7,7,7,1.1592092804096008,1
0.25,3138,7,7,7,7,1.3669557241870802,1
0.25,3139,7,7,7,7,1.4159055892458148,1
0.25,3140,7,7,7,7,1.244492475025734,1
0.25,3141,7,7,7,7,0.9508804872573904,1
0.25,3142,7,7,7,7,1.6055470351830543,1
0.25,3143,7,7,7,7,1.6337185351976546,1
0.25,3144,7,7,7,7,0.6253793542234798,1
0.25,3145,7,7,7,7,1.1996230171101154,1
0.25,3146,7,7,7,7,0.9975086281925369,1
0.25,3147,7,7,7,7,1.3861594951115888,1
0.25,3148,7,7,7,7,1.040743747302227,1
0.25,3149,7,7,7,7,1.8831775307338083,0
0.25,3150,7,7,7,7,1.9265122389791571,0
0.25,3151,7,7,7,7,1.5416130923984552,1
0.25,3152,7,7,7,7,1.448177616050519,1
0.25,3153,7,7,7,7,1.9474038171576855,0
0.25,3154,7,7,7,7,1.9184695854315574,0
0.25,3155,7,7,7,7,1.8224538435356705,0
0.25,3156,7,7,7,7,0.6716808471091418,1
0.25,3157,7,7,7,7,1.4915883733103816,1
0.25,3158,7,7,7,7,1.5393901249686897,1
0.25,3159,7,7,7,7,1.960295069021548,0
0.25,3160,7,7,7,7,1.7318423531588754,0
0.25,3161,7,7,7,7,2.2975053595961787,0
0.25,3162,7,7,7,7,1.9997064399056614,0
0.25,3163,7,7,7,7,1.7791207802460014,0
0.25,3164,7,7,7,7,1.5431279726069242,1
0.25,3165,7,7,7,7,2.1288825240812104,0
0.25,3166,7,7,7,7,1.931870794308444,0
0.25,3167,7,7,7,7,2.4047165549911114,0
0.25,3168,7,7,7,7,1.2202976250817343,1
0.25,3169,7,7,7,7,1.4806293256107352,1
0.25,3170,7,7,7,7,1.4454040009716602,1
0.25,3171,7,7,7,7,1.89903958499423,0
0.25,3172,7,7,7,7,1.8429297313329918,0
0.25,3173,7,7,7,7,2.1311006467110403,0
0.25,3174,7,7,7,7,1.9499060034665405,0
0.25,3175,7,7,7,7,1.5212974594433732,1
0.25,3176,7,7,7,7,1.6103645641065047,1
0.25,3177,7,7,7,7,2.0656984121190742,0
0.25,3178,7,7,7,7,1.870502763405912,0
0.25,3179,7,7,7,7,2.2796674354385145,0
0.25,3180,7,7,7,7,1.3688104988307246,1
0.25,3181,7,7,7,7,1.5059698365207101,1
0.25,3182,7,7,7,7,1.7984419448494813,0
0.25,3183,7,7,7,7,1.676305326295994,0
0.25,3184,7,7,7,7,1.7146502944539337,0
0.25,3185,7,7,7,7,2.085433655461107,0
0.25,3186,7,7,7,7,1.7152401959392447,0
0.25,3187,7,7,7,7,1.7779055207466807,0
0.25,3188,7,7,7,7,1.5166896021855778,1
0.25,3189,7,7,7,7,1.9503721431309726,0
0.25,3190,7,7,7,7,1.8550981790203207,0
0.25,3191,7,7,7,7,2.2748794627403335,0
0.25,3192,7,7,7,7,0.7587749225124467,1
0.25,3193,7,7,7,7,1.4225085285724908,1
0.25,3194,7,7,7,7,1.4196232452955408,1
0.25,3195,7,7,7,7,1.548803234093317,1
0.25,3196,7,7,7,7,1.6634442391500484,1
0.25,3197,7,7,7,7,1.95734739573894,0
0.25,3198,7,7,7,7,1.6684198917674022,1
0.25,3199,7,7,7,7,1.6010185885267574,1
0.25,3200,7,7,7,7,1.3969981800692142,1
0.25,3201,7,7,7,7,1.6734793394461915,0
0.25,3202,7,7,7,7,1.7441508718224752,0
0.25,3203,7,7,7,7,1.969999250554601,0
0.25,3204,7,7,7,7,1.2249565720571827,1
0.25,3205,7,7,7,7,1.2245073610227177,1
0.25,3206,7,7,7,7,1.4375707545527119,1
0.25,3207,7,7,7,7,1.8965212416590962,0
0.25,3208,7,7,7,7,1.822939030289973,0
0.25,3209,7,7,7,7,1.514497603477968,1
0.25,3210,7,7,7,7,2.025060537548159,0
0.25,3211,7,7,7,7,2.014632603731968,0
0.25,3212,7,7,7,7,1.752302954024188,0
0.25,3213,7,7,7,7,1.6331543078328101,1
0.25,3214,7,7,7,7,1.8507986466733861,0
0.25,3215,7,7,7,7,1.1575363099561504,1
0.25,3216,7,7,7,7,0.6510416303923202,1
0.25,3217,7,7,7,7,0.7595219783025294,1
0.25,3218,7,7,7,7,1.0307742269333309,1
0.25,3219,7,7,7,7,1.849798602112269,0
0.25,3220,7,7,7,7,1.0914518560618758,1
0.25,3221,7,7,7,7,0.7348794110535076,1
0.25,3222,7,7,7,7,1.1238126392053873,1
0.25,3223,7,7,7,7,1.5347949741155447,1
0.25,3224,7,7,7,7,1.0037795032504306,1
0.25,3225,7,7,7,7,1.0620097581304524,1
0.25,3226,7,7,7,7,1.327593963124472,1
0.25,3227,7,7,7,7,0.6649423963314292,1
0.25,3228,7,7,7,7,0.9750619171064703,1
0.25,3229,7,7,7,7,0.5605227656247816,1
0.25,3230,7,7,7,7,0.9731628216797336,1
0.25,3231,7,7,7,7,1.6081384731341677,1
0.25,3232,7,7,7,7,1.2449594392948684,1
0.25,3233,7,7,7,7,0.8765725606814341,1
0.25,3234,7,7,7,7,0.5040905286078049,1
0.25,3235,7,7,7,7,1.1619025380920034,1
0.25,3236,7,7,7,7,0.40579048995439637,1
0.25,3237,7,7,7,7,0.9249932829586952,1
0.25,3238,7,7,7,7,1.2922942041436896,1
0.25,3239,7,7,7,7,0.6730407641488636,1
0.25,3564,8,8,8,8,0.2321864132648651,1
0.25,3565,8,8,8,8,1.3183494516875918,1
0.25,3566,8,8,8,8,0.6802326039940699,1
0.25,3567,8,8,8,8,0.7412033367537888,1
0.25,3568,8,8,8,8,0.44984506637218724,1
0.25,3569,8,8,8,8,0.7846468545260675,1
0.25,3570,8,8,8,8,2.0329794931790315,0
0.25,3571,8,8,8,8,1.4805050545466594,1
0.25,3572,8,8,8,8,1.7156407916005167,0
0.25,3573,8,8,8,8,0.9948720660107097,1
0.25,3574,8,8,8,8,0.5250894635023765,1
0.25,3575,8,8,8,8,1.3238751885753341,1
0.25,3576,8,8,8,8,0.1824011344133426,1
0.25,3577,8,8,8,8,1.4553583436863633,1
0.25,3578,8,1,8,8,0.13501251352672783,1
0.25,3579,8,8,8,8,1.4831527698680071,1
0.25,3580,8,8,8,8,1.1632396827903402,1
0.25,3581,8,8,8,8,1.0556961860148473,1
0.25,3582,8,8,8,8,1.851165439805115,0
0.25,3583,8,8,8,8,1.9742707739573135,0
0.25,3584,8,8,8,8,1.5171968174797277,1
0.25,3585,8,8,8,8,1.3119919099768138,1
0.25,3586,8,8,8,8,1.1132907801711707,1
0.25,3587,8,8,8,8,1.4988754097435086,1
0.25,3588,8,8,8,8,0.25035520963777935,1
0.25,3589,8,8,8,8,1.9929934788545105,0
0.25,3590,8,8,8,8,0.8320578811491853,1
0.25,3591,8,8,8,8,1.2779441311751065,1
0.25,3592,8,8,8,8,1.1964085016842438,1
0.25,3593,8,8,8,8,1.106454653813866,1
0.25,3594,8,8,8,8,2.1139239474463754,0
0.25,3595,8,8,8,8,1.1614525402092624,1
0.25,3596,8,8,8,8,1.242281451788015,1
0.25,3597,8,8,8,8,1.2227353813495743,1
0.25,3598,8,8,8,8,0.8746886954425553,1
0.25,3599,8,8,8,8,1.72297097158035,0
0.25,3600,8,8,8,8,0.851328311472109,1
0.25,3601,8,8,8,8,1.7937011915360888,0
0.25,3602,8,8,8,8,0.7267404144260635,1
0.25,3603,8,8,8,8,1.371676839938917,1
0.25,3604,8,8,8,8,1.4292739571456865,1
0.25,3605,8,8,8,8,1.2250701549145093,1
0.25,3606,8,8,8,8,1.3100132779220939,1
0.25,3607,8,8,8,8,1.6313438885247198,1
0.25,3608,8,8,8,8,1.2636790543531,1
0.25,3609,8,8,8,8,1.5816970210441808,1
0.25,3610,8,8,8,8,1.1662034982264196,1
0.25,3611,8,8,8,8,1.602159173067712,1
0.25,3612,8,8,8,8,0.6396709582135549,1
0.25,3613,8,8,8,8,0.7096435795126798,1
0.25,3614,8,8,8,8,0.8727112865181554,1
0.25,3615,8,8,8,8,1.2919534624243876,1
0.25,3616,8,8,8,8,1.0792608000350392,1
0.25,3617,8,8,8,8,1.2746449927408459,1
0.25,3618,8,8,8,8,0.5411270683718845,1
0.25,3619,8,8,8,8,1.0594774161283702,1
0.25,3620,8,8,8,8,0.5965160873311325,1
0.25,3621,8,8,8,8,0.6239062231330267,1
0.25,3622,8,8,8,8,0.32634446647572546,1
0.25,3623,8,8,8,8,1.1625211018005688,1
0.25,3624,8,8,8,8,0.39983533561690054,1
0.25,3625,8,8,8,8,0.907015160330366,1
0.25,3626,8,8,8,8,0.8164834156636543,1
0.25,3627,8,8,8,8,0.9973611684503055,1
0.25,3628,8,8,8,8,0.9867390467699034,1
0.25,3629,8,8,8,8,0.7902374383262591,1
0.25,3630,8,8,8,8,0.877223766583909,1
0.25,3631,8,8,8,8,1.2344124080424863,1
0.25,3632,8,8,8,8,0.9929543610277011,1
0.25,3633,8,8,8,8,0.9241751798595124,1
0.25,3634,8,8,8,8,1.1302371000930371,1
0.25,3635,8,8,8,8,0.9955946500429863,1
0.25,3636,8,8,8,8,0.39759544554863446,1
0.25,3637,8,8,8,8,0.8077593652141876,1
0.25,3638,8,8,8,8,0.27329045758422355,1
0.25,3639,8,8,8,8,1.0423935279424206,1
0.25,3640,8,8,8,8,0.6929610546398027,1
0.25,3641,8,8,8,8,0.9957020129193727,1
0.25,3642,8,8,8,8,1.272345027152849,1
0.25,3643,8,8,8,8,1.3149879491546437,1
0.25,3644,8,8,8,8,1.1799563553378647,1
0.25,3645,8,8,8,8,1.1150593391532448,1
0.25,3646,8,8,8,8,0.6616041689228719,1
0.25,3647,8,8,8,8,0.5135168020230686,1
0.25,3648,8,8,8,8,0.7059188781523346,1
0.25,3649,8,8,8,8,1.2606749120619618,1
0.25,3650,8,8,8,8,0.5227199610181247,1
0.25,3651,8,8,8,8,0.9499331100521804,1
0.25,3652,8,8,8,8,0.8730580691714903,1
0.25,3653,8,8,8,8,0.8936956000388276,1
0.25,3654,8,8,8,8,1.1231393549543025,1
0.25,3655,8,8,8,8,1.1935746220177608,1
0.25,3656,8,8,8,8,1.7906863706268372,0
0.25,3657,8,8,8,8,0.9540633121888044,1
0.25,3658,8,8,8,8,0.8667876679545756,1
0.25,3659,8,8,8,8,0.8178060316346751,1
0.25,3660,8,8,8,8,0.6571543322903487,1
0.25,3661,8,8,8,8,1.2138492194608004,1
0.25,3662,8,8,8,8,0.6923037358505747,1
0.25,3663,8,8,8,8,0.46592291618620874,1
0.25,3664,8,8,8,8,0.5971598962399877,1
0.25,3665,8,8,8,8,0.9273127853745141,1
0.25,3666,8,8,8,8,1.1917520651977034,1
0.25,3667,8,8,8,8,1.6252329856196757,1
0.25,3668,8,8,8,8,1.8363551967158358,0
0.25,3669,8,8,8,8,1.0535493665534843,1
0.25,3670,8,8,8,8,0.2834517150433066,1
0.25,3671,8,8,8,8,1.0325160261886621,1
0.25,3996,9,9,9,9,2.344026302972463,0
0.25,3997,9,9,9,9,2.026295545589017,0
0.25,3998,9,9,9,9,1.901560730382697,0
0.25,3999,9,9,9,9,2.6846111036262768,0
0.25,4000,9,9,9,9,2.733368275770271,0
0.25,4001,9,9,9,9,2.455818227762342,0
0.25,4002,9,9,9,9,2.5180446865258412,0
0.25,4003,9,9,9,9,2.3846659639098267,0
0.25,4004,9,9,9,9,2.4718408690387808,0
0.25,4005,9,9,9,9,2.4818301421091586,0
0.25,4006,9,9,9,9,2.293432838848298,0
0.25,4007,9,9,9,9,2.4157627562212864,0
0.25,4008,9,9,9,9,2.752593065453631,0
0.25,4009,9,9,9,9,2.341806880958896,0
0.25,4010,9,9,9,9,1.9213361599722842,0
0.25,4011,9,9,9,9,2.589118623725833,0
0.25,4012,9,9,9,9,2.2510276370087596,0
0.25,4013,9,9,9,9,2.6682381480861337,0
0.25,4014,9,9,9,9,2.3594982001112754,0
0.25,4015,9,9,9,9,2.775651097586635,0
0.25,4016,9,9,9,9,2.646697432807472,0
0.25,4017,9,9,9,9,2.442445216742746,0
0.25,4018,9,9,9,9,2.438908051223389,0
0.25,4019,9,9,9,9,1.9570928126885325,0
0.25,4020,9,9,9,9,2.353853517197145,0
0.25,4021,9,9,9,9,2.8417125193038233,0
0.25,4022,9,9,9,9,2.4954978740062,0
0.25,4023,9,9,9,9,2.763718219281503,0
0.25,4024,9,9,9,9,2.5607958604558245,0
0.25,4025,9,9,9,9,2.8983341331786843,0
0.25,4026,9,9,9,9,2.8492069422727546,0
0.25,4027,9,9,9,9,2.7260198654330328,0
0.25,4028,9,9,9,9,2.740329324773266,0
0.25,4029,9,9,9,9,2.1159285858359045,0
0.25,4030,9,9,9,9,2.3844026388450157,0
0.25,4031,9,9,9,9,2.419516044451048,0
0.25,4032,9,9,9,9,2.2475657304151966,0
0.25,4033,9,9,9,9,2.4841283438794592,0
0.25,4034,9,9,9,9,1.991711137908312,0
0.25,4035,9,9,9,9,1.6710255207390639,0
0.25,4036,9,9,9,9,2.0264404004271963,0
0.25,4037,9,9,9,9,2.4916106350917415,0
0.25,4038,9,9,9,9,2.2573707067854594,0
0.25,4039,9,9,9,9,1.9565554637674292,0
0.25,4040,9,9,9,9,2.325355843943128,0
0.25,4041,9,9,9,9,2.0974878797939835,0
0.25,4042,9,9,9,9,2.2139027406124385,0
0.25,4043,9,9,9,9,2.184501455800955,0
0.25,4044,9,9,9,9,2.6145514428688905,0
0.25,4045,9,9,9,9,2.43844341280423,0
0.25,4046,9,9,9,9,2.568944685143093,0
0.25,4047,9,9,9,9,2.7388904429431076,0
0.25,4048,9,9,9,9,2.529434089728865,0
0.25,4049,9,9,9,9,2.366065574828269,0
0.25,4050,9,9,9,9,2.918950386302501,0
0.25,4051,9,9,9,9,2.5993599598865043,0
0.25,4052,9,9,9,9,2.6094398816489885,0
0.25,4053,9,9,9,9,2.4576990858710928,0
0.25,4054,9,9,9,9,2.5603612371949414,0
0.25,4055,9,9,9,9,2.77613907495958,0
0.25,4056,9,9,9,9,2.553880559594436,0
0.25,4057,9,9,9,9,2.2929161135922307,0
0.25,4058,9,9,9,9,2.1682854291661386,0
0.25,4059,9,9,9,9,2.499020426952397,0
0.25,4060,9,9,9,9,2.6172105129633767,0
0.25,4061,9,9,9,9,2.693795400384328,0
0.25,4062,9,9,9,9,2.3292414721117414,0
0.25,4063,9,9,9,9,2.5995160398809523,0
0.25,4064,9,9,9,9,2.2654956339882366,0
0.25,4065,9,9,9,9,2.5490279418772452,0
0.25,4066,9,9,9,9,2.147304141044857,0
0.25,4067,9,9,9,9,2.4328527049718813,0
0.25,4068,9,9,9,9,2.091660358377392,0
0.25,4069,9,9,9,9,2.5140682539435097,0
0.25,4070,9,9,9,9,2.2899818441071225,0
0.25,4071,9,9,9,9,2.5370781396435813,0
0.25,4072,9,9,9,9,1.695702659496742,0
0.25,4073,9,9,9,9,2.9642365510771134,0
0.25,4074,9,9,9,9,2.616346527742234,0
0.25,4075,9,9,9,9,2.2284670211914515,0
0.25,4076,9,9,9,9,2.465216793638623,0
0.25,4077,9,9,9,9,2.6716364155023564,0
0.25,4078,9,9,9,9,2.3432255951229086,0
0.25,4079,9,9,9,9,1.8841583824105086,0
0.25,4080,9,9,9,9,2.322955628914489,0
0.25,4081,9,9,9,9,2.2856680627889636,0
0.25,4082,9,9,9,9,2.822998928635009,0
0.25,4083,9,9,9,9,2.5692779487976214,0
0.25,4084,9,9,9,9,2.8884056126520923,0
0.25,4085,9,9,9,9,1.9732020047866188,0
0.25,4086,9,9,9,9,2.4732988952991093,0
0.25,4087,9,9,9,9,2.568379501748017,0
0.25,4088,9,9,9,9,2.4135349388580285,0
0.25,4089,9,9,9,9,2.5453712126556387,0
0.25,4090,9,9,9,9,2.255186514423587,0
0.25,4091,9,9,9,9,2.567292695304297,0
0.25,4092,9,9,9,9,2.137160018118597,0
0.25,4093,9,9,9,9,2.1605318197192123,0
0.25,4094,9,9,9,9,2.408844811115406,0
0.25,4095,9,9,9,9,2.6199547092212327,0
0.25,4096,9,9,9,9,2.7015193454038506,0
0.25,4097,9,9,9,9,2.3487437607054735,0
0.25,4098,9,9,9,9,2.3270071223851456,0
0.25,4099,9,9,9,9,2.5079355069545155,0
0.25,4100,9,9,9,9,2.2643381281804382,0
0.25,4101,9,9,9,9,2.184786046105496,0
0.25,4102,9,9,9,9,2.1038993568719295,0
0.25,4103,9,9,9,9,2.347663501929795,0
0.25,4428,10,4,4,4,1.1087217865759433,1
0.25,4429,10,4,4,4,0.9537631483425777,1
0.25,4430,10,4,4,4,0.51986020413366,1
0.25,4431,10,4,4,4,0.8671737784575546,1
0.25,4432,10,4,4,4,1.0167032233420985,1
0.25,4433,10,4,4,4,0.9979330631268375,1
0.25,4434,10,4,4,4,1.0980037877389712,1
0.25,4435,10,4,4,4,1.2524032533558023,1
0.25,4436,10,4,4,4,1.0990526197427917,1
0.25,4437,10,4,4,4,1.0625977098177073,1
0.25,4438,10,4,4,4,0.8639723611917551,1
0.25,4439,10,4,4,4,0.9230770627848335,1
0.25,4440,10,7,10,10,0.3582722716070138,1
0.25,4441,10,2,10,10,0.07996301486805657,1
0.25,4442,10,7,7,7,0.6452550122222842,1
0.25,4443,10,7,10,10,0.13949895686807223,1
0.25,4444,10,7,10,10,0.3207082194085423,1
0.25,4445,10,7,10,10,0.2720328516225611,1
0.25,4446,10,7,10,10,0.12141360300330428,1
0.25,4447,10,10,10,10,0.241675069260478,1
0.25,4448,10,10,10,10,0.2130697343425747,1
0.25,4449,10,7,10,10,0.327403641790595,1
0.25,4450,10,7,10,10,0.4751945551705338,1
0.25,4451,10,7,10,10,0.24086999923383867,1
0.25,4452,10,7,10,10,0.38845527017736603,1
0.25,4453,10,7,10,10,0.015962465601540243,1
0.25,4454,10,7,10,10,0.3425778744609836,1
0.25,4455,10,7,10,10,0.15011885965289895,1
0.25,4456,10,7,10,10,0.06854440541406015,1
0.25,4457,10,7,10,10,0.08593257755276751,1
0.25,4458,10,2,10,10,0.10183569140963011,1
0.25,4459,10,10,10,10,0.020453392993651787,1
0.25,4460,10,10,10,10,0.05619577378470175,1
0.25,4461,10,10,10,10,0.021875295513431037,1
0.25,4462,10,7,10,10,0.22094137645903134,1
0.25,4463,10,2,10,10,0.07188216662704494,1
0.25,4464,10,7,10,10,0.010450333169232384,1
0.25,4465,10,2,10,10,0.2022131105597068,1
0.25,4466,10,4,10,10,0.03728176237062164,1
0.25,4467,10,2,10,10,0.012691199587149649,1
0.25,4468,10,2,10,10,0.04021813037381128,1
0.25,4469,10,2,10,10,0.0001470838672089636,1
0.25,4470,10,4,10,10,0.2078458975986488,1
0.25,4471,10,2,10,10,0.29389697679844373,1
0.25,4472,10,10,10,10,0.3036527181135019,1
0.25,4473,10,4,10,10,0.3010272677606175,1
0.25,4474,10,7,10,10,0.005460112678365325,1
0.25,4475,10,4,10,10,0.3505545808088455,1
0.25,4476,10,4,10,10,0.06711237453906382,1
0.25,4477,10,4,10,10,0.3145866594244099,1
0.25,4478,10,4,10,10,0.3301334564354138,1
0.25,4479,10,4,10,10,0.32776706970831987,1
0.25,4480,10,4,10,10,0.12634871366236095,1
0.25,4481,10,4,10,10,0.2759021207619621,1
0.25,4482,10,2,10,10,0.09577429054229769,1
0.25,4483,10,2,10,10,0.13324407435396746,1
0.25,4484,10,4,10,10,0.06298965540828882,1
0.25,4485,10,4,10,10,0.6870320583263999,1
0.25,4486,10,4,10,10,0.8398253823170709,1
0.25,4487,10,4,10,10,0.6338089019707992,1
0.25,4488,10,4,10,10,0.15484041369358814,1
0.25,4489,10,4,10,10,0.3646078317535685,1
0.25,4490,10,4,10,10,0.3231488931900013,1
0.25,4491,10,4,10,10,0.2328993837537391,1
0.25,4492,10,2,10,10,0.16072970408571102,1
0.25,4493,10,4,10,10,0.2938958544009107,1
0.25,4494,10,4,10,10,0.17701865956984697,1
0.25,4495,10,10,10,10,0.059833972010082115,1
0.25,4496,10,4,10,10,0.3150982611648592,1
0.25,4497,10,4,10,10,0.39759091940559765,1
0.25,4498,10,4,10,10,0.5930221625235705,1
0.25,4499,10,4,10,10,0.5029559067274453,1
0.25,4500,10,4,10,10,0.4996526340630758,1
0.25,4501,10,4,10,10,0.34913554745485675,1
0.25,4502,10,4,10,10,0.48434682968466836,1
0.25,4503,10,4,10,10,0.3418327827111672,1
0.25,4504,10,4,10,10,0.15892451812878666,1
0.25,4505,10,4,10,10,0.836444632951086,1
0.25,4506,10,4,10,10,0.76894747848843,1
0.25,4507,10,4,10,10,0.2005757084810159,1
0.25,4508,10,4,10,10,0.8604663273807691,1
0.25,4509,10,4,10,10,0.5169714172818423,1
0.25,4510,10,4,10,10,0.4417728077729466,1
0.25,4511,10,4,10,10,0.6690922509134136,1
0.25,4512,10,4,10,10,0.7394054864748923,1
0.25,4513,10,4,10,10,0.4202186671503879,1
0.25,4514,10,4,10,10,0.9157398386187797,1
0.25,4515,10,4,10,10,1.069461363028572,1
0.25,4516,10,4,10,10,0.8877061340223507,1
0.25,4517,10,4,10,10,1.109987534489629,1
0.25,4518,10,4,10,10,0.77859810563144,1
0.25,4519,10,4,10,10,0.4806744255717561,1
0.25,4520,10,4,10,10,1.2261891952011397,1
0.25,4521,10,4,10,10,1.1630002529007812,1
0.25,4522,10,4,10,10,0.6596560895688917,1
0.25,4523,10,4,10,10,1.0835056256878182,1
0.25,4524,10,4,4,4,0.38744483251711714,1
0.25,4525,10,4,4,4,0.29058723448863877,1
0.25,4526,10,4,4,4,0.4354597403446683,1
0.25,4527,10,4,10,10,0.670943770145457,1
0.25,4528,10,4,10,10,0.7905351632015822,1
0.25,4529,10,4,4,4,0.9371539583561079,1
0.25,4530,10,4,10,10,1.0474993400694337,1
0.25,4531,10,4,10,10,1.0413516683412047,1
0.25,4532,10,4,10,10,1.1425205613484002,1
0.25,4533,10,4,10,10,0.7580926250542888,1
0.25,4534,10,4,10,10,0.785407606777089,1
0.25,4535,10,4,4,4,0.9650647313415688,1
0.5,108,0,0,0,0,1.7995263049383734,1
0.5,109,0,0,0,0,2.1146956895950826,0
0.5,110,0,0,0,0,1.7385788407231053,1
0.5,111,0,0,0,0,2.76566303821498,0
0.5,112,0,0,0,0,2.5379721712284984,0
0.5,113,0,0,0,0,2.752364366573583,0
0.5,114,0,0,0,0,2.6754285971464062,0
0.5,115,0,0,0,0,2.351687724322026,0
0.5,116,0,0,0,0,2.1837557895367623,0
0.5,117,0,0,0,0,2.621355231091129,0
0.5,118,0,0,0,0,2.6257240155280197,0
0.5,119,0,0,0,0,2.7918202692848864,0
0.5,120,0,0,0,0,1.8802133775688117,1
0.5,121,0,0,0,0,1.5176640506280825,1
0.5,122,0,0,0,0,1.7270380933803813,1
0.5,123,0,0,0,0,0.9170651574421009,1
0.5,124,0,0,0,0,0.5779323966175691,1
0.5,125,0,0,0,0,1.4808735462050584,1
0.5,126,0,0,0,0,2.0022817313659536,1
0.5,127,0,0,0,0,1.8618385630359324,1
0.5,128,0,0,0,0,1.633535268732631,1
0.5,129,0,0,0,0,1.4973755614806055,1
0.5,130,0,0,0,0,1.2835871824919285,1
0.5,131,0,0,0,0,0.558222756472764,1
0.5,132,0,0,0,0,1.7297847415018877,1
0.5,133,0,0,0,0,1.5711818350011226,1
0.5,134,0,0,0,0,2.031851343639049,1
0.5,135,0,0,0,0,1.5871998674217536,1
0.5,136,0,0,0,0,1.0039613912702106,1
0.5,137,0,0,0,0,2.0716815127815225,0
0.5,138,0,0,0,0,2.173791552743472,0
0.5,139,0,0,0,0,1.9420478290830179,1
0.5,140,0,0,0,0,2.0322897662598978,1
0.5,141,0,0,0,0,2.258468831724992,0
0.5,142,0,0,0,0,1.6975838301543065,1
0.5,143,0,0,0,0,2.3635715813453415,0
0.5,144,0,0,0,0,2.0691629327497316,0
0.5,145,0,0,0,0,1.7500473486338828,1
0.5,146,0,0,0,0,2.087771199044149,0
0.5,147,0,0,0,0,1.7083231085717547,1
0.5,148,0,0,0,0,1.125513758642626,1
0.5,149,0,0,0,0,2.518611712669246,0
0.5,150,0,0,0,0,2.3889370255318325,0
0.5,151,0,0,0,0,2.204704729901707,0
0.5,152,0,0,0,0,2.1833747743262255,0
0.5,153,0,0,0,0,2.2385043131179416,0
0.5,154,0,0,0,0,1.8976751026742251,1
0.5,155,0,0,0,0,2.207190208027956,0
0.5,156,0,0,0,0,2.1661454458464746,0
0.5,157,0,0,0,0,1.874710047040127,1
0.5,158,0,0,0,0,1.897694287759019,1
0.5,159,0,0,0,0,2.132821920998169,0
0.5,160,0,0,0,0,1.554508449157159,1
0.5,161,0,0,0,0,2.189656832105797,0
0.5,162,0,0,0,0,2.5411193345562157,0
0.5,163,0,0,0,0,2.2034231432514826,0
0.5,164,0,0,0,0,2.06553156205862,0
0.5,165,0,0,0,0,2.1310554928843475,0
0.5,166,0,0,0,0,1.470939045731655,1
0.5,167,0,0,0,0,2.346679739166862,0
0.5,168,0,0,0,0,2.1310313395908436,0
0.5,169,0,0,0,0,1.076651272088056,1
0.5,170,0,0,0,0,2.0013860822343617,1
0.5,171,0,0,0,0,2.2327446706514342,0
0.5,172,0,0,0,0,1.8424873470767547,1
0.5,173,0,0,0,0,2.6028304266483158,0
0.5,174,0,0,0,0,2.542687271396617,0
0.5,175,0,0,0,0,2.3957449578026013,0
0.5,176,0,0,0,0,2.3933800868221518,0
0.5,177,0,0,0,0,1.9838509933745687,1
0.5,178,0,0,0,0,2.010461567665117,1
0.5,179,0,0,0,0,2.4349131357762843,0
0.5,180,0,0,0,0,2.107548226125976,0
0.5,181,0,0,0,0,1.7497759188307604,1
0.5,182,0,0,0,0,1.7266187186473951,1
0.5,183,0,0,0,0,2.345277243366776,0
0.5,184,0,0,0,0,1.5733779809711392,1
0.5,185,0,0,0,0,2.478949160283448,0
0.5,186,0,0,0,0,2.8182542948189657,0
0.5,187,0,0,0,0,2.017359178973808,1
0.5,188,0,0,0,0,2.074609799582119,0
0.5,189,0,0,0,0,2.2898580546358396,0
0.5,190,0,0,0,0,1.8726150531546355,1
0.5,191,0,0,0,0,2.2751481034721976,0
0.5,192,0,0,0,0,2.11234508023251,0
0.5,193,0,0,0,0,1.9431702446180616,1
0.5,194,0,0,0,0,2.244499697334722,0
0.5,195,0,0,0,0,2.6358703114822815,0
0.5,196,0,0,0,0,2.159821033313662,0
0.5,197,0,0,0,0,2.726273847039395,0
0.5,198,0,0,0,0,2.6890994033348568,0
0.5,199,0,0,0,0,2.510667460206486,0
0.5,200,0,0,0,0,2.2480307319763844,0
0.5,201,0,0,0,0,2.8009622340920206,0
0.5,202,0,0,0,0,1.7228805274014931,1
0.5,203,0,0,0,0,2.6155691166443518,0
0.5,204,0,0,0,0,2.2155382908003087,0
0.5,205,0,0,0,0,1.6316488251910441,1
0.5,206,0,0,0,0,2.0850859447317296,0
0.5,207,0,0,0,0,2.3170178965314694,0
0.5,208,0,0,0,0,2.4196998078800545,0
0.5,209,0,0,0,0,2.503489117496787,0
0.5,210,0,0,0,0,2.6069427256726385,0
0.5,211,0,0,0,0,2.4920240003761935,0
0.5,212,0,0,0,0,2.4523293456514175,0
0.5,213,0,0,0,0,2.0213554888643466,1
0.5,214,0,0,0,0,2.6589878454293485,0
0.5,215,0,0,0,0,2.45981872865048,0
0.5,540,1,1,1,1,0.5589064007915331,1
0.5,541,1,1,1,1,0.6346249471900393,1
0.5,542,1,8,1,1,0.03736880753183236,1
0.5,543,1,1,1,1,1.4595629391569664,1
0.5,544,1,1,1,1,1.509760499997157,1
0.5,545,1,1,1,1,1.460903534230371,1
0.5,546,1,1,1,1,1.2414813637409665,1
0.5,547,1,1,1,1,1.2157410331828755,1
0.5,548,1,1,1,1,0.40770384596922027,1
0.5,549,1,1,1,1,0.7838568403485977,1
0.5,550,1,1,1,1,1.5348660246683772,1
0.5,551,1,1,1,1,1.1398806418478928,1
0.5,552,1,1,1,1,1.3453673835384672,1
0.5,553,1,1,8,8,0.4325536805473278,1
0.5,554,1,1,1,1,1.4350072043613284,1
0.5,555,1,8,1,1,0.13983799278988596,1
0.5,556,1,1,1,1,0.3769563953588836,1
0.5,557,1,1,1,1,0.04821229454683573,1
0.5,558,1,1,1,1,0.9546869012695156,1
0.5,559,1,1,1,1,1.0947447168361544,1
0.5,560,1,1,1,1,0.8769111198668785,1
0.5,561,1,1,8,8,0.5269864598896251,1
0.5,562,1,1,1,1,0.5509843162922531,1
0.5,563,1,1,1,1,1.2421205235831352,1
0.5,564,1,1,1,1,1.1358786061827928,1
0.5,565,1,1,1,1,0.9621938854958417,1
0.5,566,1,1,8,8,0.512642026278753,1
0.5,567,1,1,1,1,2.058179360308733,0
0.5,568,1,1,1,1,1.0721875163998948,1
0.5,569,1,1,1,1,1.4344060106868484,1
0.5,570,1,1,1,1,1.5957306289337663,1
0.5,571,1,1,1,1,1.2291348160811564,1
0.5,572,1,1,1,1,1.3455807371563522,1
0.5,573,1,1,1,1,1.1610101239206077,1
0.5,574,1,1,1,1,1.951660291814292,1
0.5,575,1,1,1,1,1.1122778376997742,1
0.5,576,1,1,1,1,0.25048121221700037,1
0.5,577,1,1,1,1,0.8462993946810583,1
0.5,578,1,1,1,1,1.3017101627321745,1
0.5,579,1,1,1,1,1.830438403067181,1
0.5,580,1,1,1,1,2.2648301629312195,0
0.5,581,1,1,1,1,1.248933063239397,1
0.5,582,1,1,1,1,1.128042788079052,1
0.5,583,1,1,1,1,0.35213571133600574,1
0.5,584,1,1,1,1,0.4099593117847087,1
0.5,585,1,1,1,1,0.6716686832236669,1
0.5,586,1,1,1,1,1.1612875200987613,1
0.5,587,1,1,1,1,1.2940910741923726,1
0.5,588,1,1,1,1,0.33927273849342865,1
0.5,589,1,1,1,1,0.761653536378104,1
0.5,590,1,1,1,1,1.7674511760952445,1
0.5,591,1,1,1,1,1.782578789193915,1
0.5,592,1,1,1,1,0.7657085564686714,1
0.5,593,1,1,1,1,2.1564021722933435,0
0.5,594,1,1,1,1,0.252423205780703,1
0.5,595,1,1,1,1,0.8030620732136974,1
0.5,596,1,1,1,1,0.9821617317706455,1
0.5,597,1,1,1,1,1.182791564284562,1
0.5,598,1,1,1,1,1.3809111805555523,1
0.5,599,1,1,1,1,0.9293981434661812,1
0.5,600,1,1,1,1,1.282048294589331,1
0.5,601,1,1,1,1,1.5802593741787407,1
0.5,602,1,1,1,1,0.8666482512633656,1
0.5,603,1,1,1,1,1.9322395960097971,1
0.5,604,1,1,1,1,1.2659740001974935,1
0.5,605,1,1,1,1,1.215425852426692,1
0.5,606,1,1,1,1,1.353439967058169,1
0.5,607,1,1,1,1,1.4446304962177765,1
0.5,608,1,1,1,1,1.371545782393243,1
0.5,609,1,1,1,1,1.4659932459674336,1
0.5,610,1,1,1,1,1.505998272670633,1
0.5,611,1,1,1,1,1.217996900909793,1
0.5,612,1,1,1,1,1.6195755151026223,1
0.5,613,1,1,1,1,1.7834213680858542,1
0.5,614,1,1,1,1,1.4207623074043056,1
0.5,615,1,1,1,1,1.8915529812766454,1
0.5,616,1,1,1,1,1.3253356282408146,1
0.5,617,1,1,1,1,1.0824153633351252,1
0.5,618,1,1,1,1,1.4390998187920538,1
0.5,619,1,1,1,1,1.2730357264350667,1
0.5,620,1,1,1,1,1.7474877511871414,1
0.5,621,1,1,1,1,1.341785030324765,1
0.5,622,1,1,1,1,1.981542055572087,1
0.5,623,1,1,1,1,1.4636259355275452,1
0.5,624,1,1,1,1,1.2568796570260306,1
0.5,625,1,1,1,1,0.7325112505194938,1
0.5,626,1,1,1,1,1.716853015911303,1
0.5,627,1,1,1,1,1.4182686002258382,1
0.5,628,1,1,1,1,1.9511948380365838,1
0.5,629,1,1,1,1,1.7397026904366588,1
0.5,630,1,1,1,1,1.6366574254849624,1
0.5,631,1,1,1,1,2.2099802865989844,0
0.5,632,1,1,1,1,1.6568745021170546,1
0.5,633,1,1,1,1,1.3110318997351942,1
0.5,634,1,1,1,1,1.5661978505661185,1
0.5,635,1,1,1,1,1.058634151464036,1
0.5,636,1,1,1,1,1.5174569708570949,1
0.5,637,1,1,1,1,1.4938149402184795,1
0.5,638,1,1,1,1,0.8860361958189066,1
0.5,639,1,1,1,1,1.6690425982975783,1
0.5,640,1,1,1,1,1.8262699076223097,1
0.5,641,1,1,1,1,1.143913331821919,1
0.5,642,1,1,1,1,1.7165385214103044,1
0.5,643,1,1,1,1,1.9315859924374361,1
0.5,644,1,1,1,1,1.2376322621853832,1
0.5,645,1,1,1,1,1.0878499250713272,1
0.5,646,1,1,1,1,1.2358502347314668,1
0.5,647,1,1,1,1,0.44236699043028416,1
0.5,972,2,4,9,9,0.5142237804091125,1
0.5,973,2,2,2,2,1.0051729218926,1
0.5,974,2,2,2,2,0.7533209397528657,1
0.5,975,2,4,2,2,0.3220747284642836,1
0.5,976,2,2,2,2,0.24988071999826944,1
0.5,977,2,7,2,2,0.07919574391371209,1
0.5,978,2,2,2,2,0.37456372327744003,1
0.5,979,2,2,4,4,0.32208278124174805,1
0.5,980,2,2,2,2,0.4039578766061983,1
0.5,981,2,2,2,2,0.3568206670058185,1
0.5,982,2,2,2,2,0.588525408471571,1
0.5,983,2,2,2,2,0.5881090227771162,1
0.5,984,2,2,2,2,0.737379748334432,1
0.5,985,2,2,2,2,1.0667641641119752,1
0.5,986,2,2,2,2,1.4499134131357998,1
0.5,987,2,2,2,2,0.8363361811919539,1
0.5,988,2,2,2,2,0.7968515997397875,1
0.5,989,2,2,2,2,1.2157766880105307,1
0.5,990,2,2,2,2,1.035633089444541,1
0.5,991,2,2,2,2,1.8137352877320092,1
0.5,992,2,2,2,2,1.1390921645090155,1
0.5,993,2,2,2,2,1.1251274822510853,1
0.5,994,2,2,2,2,1.3254082912123701,1
0.5,995,2,2,2,2,0.2843689410816662,1
0.5,996,2,2,2,2,0.4842372017646591,1
0.5,997,2,2,2,2,0.9356177455927904,1
0.5,998,2,2,2,2,1.3030116675610524,1
0.5,999,2,2,2,2,1.0660072924655088,1
0.5,1000,2,2,2,2,0.8327898143017982,1
0.5,1001,2,2,2,2,0.39191347564263646,1
0.5,1002,2,2,2,2,0.8543683838079434,1
0.5,1003,2,2,2,2,1.4900963697602103,1
0.5,1004,2,2,2,2,1.231173966467006,1
0.5,1005,2,2,2,2,0.9070490466420731,1
0.5,1006,2,2,2,2,1.2471459134421736,1
0.5,1007,2,2,2,2,0.3876710904798185,1
0.5,1008,2,2,2,2,1.0022376847605217,1
0.5,1009,2,2,2,2,1.4606058546830682,1
0.5,1010,2,2,2,2,1.6418089696743188,1
0.5,1011,2,2,2,2,0.9014229628841317,1
0.5,1012,2,2,2,2,1.2986386045724925,1
0.5,1013,2,2,2,2,0.0206634910905793,1
0.5,1014,2,2,2,2,1.4813856492619202,1
0.5,1015,2,2,2,2,1.7739319607385844,1
0.5,1016,2,2,2,2,1.7192156436095827,1
0.5,1017,2,2,2,2,1.368418638105465,1
0.5,1018,2,2,2,2,1.518984406869417,1
0.5,1019,2,2,2,2,0.7395362920689398,1
0.5,1020,2,2,2,2,1.251747849274949,1
0.5,1021,2,2,2,2,0.9017665427519802,1
0.5,1022,2,2,2,2,1.0617217743200613,1
0.5,1023,2,2,2,2,1.6538903783200842,1
0.5,1024,2,2,2,2,1.5545065210361249,1
0.5,1025,2,2,2,2,0.5238768848218035,1
0.5,1026,2,2,2,2,1.4863667323809664,1
0.5,1027,2,2,2,2,1.5556967696345483,1
0.5,1028,2,2,2,2,1.5495351652323452,1
0.5,1029,2,2,2,2,1.632415389494163,1
0.5,1030,2,2,2,2,2.002781134206099,1
0.5,1031,2,2,2,2,1.4002315518923596,1
0.5,1032,2,2,2,2,0.9655976550573268,1
0.5,1033,2,2,2,2,0.8387491227708187,1
0.5,1034,2,2,2,2,1.3134175846833598,1
0.5,1035,2,4,2,2,0.8704432289766846,1
0.5,1036,2,4,4,4,0.8535246939033475,1
0.5,1037,2,4,2,2,0.5371432709200709,1
0.5,1038,2,2,2,2,0.3080478665368007,1
0.5,1039,2,2,2,2,0.46437504902621063,1
0.5,1040,2,2,2,2,0.09367002770808941,1
0.5,1041,2,2,2,2,1.0125894526412966,1
0.5,1042,2,2,2,2,1.4504210558777593,1
0.5,1043,2,2,2,2,1.1633963938129277,1
0.5,1044,2,2,2,2,1.0719140956817257,1
0.5,1045,2,2,2,2,1.1936691039526752,1
0.5,1046,2,2,2,2,1.3996813927660754,1
0.5,1047,2,2,2,2,0.425772031911146,1
0.5,1048,2,2,2,2,0.5997896242461205,1
0.5,1049,2,2,2,2,0.7875560370564038,1
0.5,1050,2,2,2,2,1.3037604290215024,1
0.5,1051,2,2,2,2,1.0983088871506146,1
0.5,1052,2,2,2,2,1.200093317250948,1
0.5,1053,2,2,2,2,1.3242624182684157,1
0.5,1054,2,2,2,2,1.0728303886451958,1
0.5,1055,2,2,2,2,0.45165989646281596,1
0.5,1056,2,2,2,2,0.8407321837684906,1
0.5,1057,2,2,2,2,0.8509883632754295,1
0.5,1058,2,2,2,2,1.379110500588367,1
0.5,1059,2,4,4,4,1.051071981088608,1
0.5,1060,2,4,4,4,1.0065647602618635,1
0.5,1061,2,4,2,2,0.10081706368594523,1
0.5,1062,2,2,2,2,0.564519737800692,1
0.5,1063,2,2,2,2,0.721682393345052,1
0.5,1064,2,2,2,2,0.7738460301268493,1
0.5,1065,2,2,2,2,1.0175808065302256,1
0.5,1066,2,2,2,2,1.1711520590467153,1
0.5,1067,2,2,2,2,1.1759930487738113,1
0.5,1068,2,4,2,2,0.36253452550946474,1
0.5,1069,2,4,2,2,0.9644998135198735,1
0.5,1070,2,2,2,2,0.36612087346086297,1
0.5,1071,2,4,4,4,0.8441012108076084,1
0.5,1072,2,4,4,4,0.36493287640872407,1
0.5,1073,2,4,2,2,0.7865000248686244,1
0.5,1074,2,2,2,2,0.15799110711791253,1
0.5,1075,2,2,2,2,0.32123765918940983,1
0.5,1076,2,4,2,2,0.021690878866541252,1
0.5,1077,2,2,2,2,0.3600189767235833,1
0.5,1078,2,2,2,2,0.33092231065232036,1
0.5,1079,2,2,2,2,0.5579510289561672,1
0.5,1404,3,3,3,3,2.2637411042386586,0
0.5,1405,3,3,3,3,1.7329969068156306,1
0.5,1406,3,3,3,3,2.0644224351678546,0
0.5,1407,3,3,3,3,1.8216841598137132,1
0.5,1408,3,3,3,3,1.7615776728733443,1
0.5,1409,3,3,3,3,1.9637894749002431,1
0.5,1410,3,3,3,3,1.9703911241179302,1
0.5,1411,3,3,3,3,1.504395528388918,1
0.5,1412,3,3,3,3,1.6750777864657307,1
0.5,1413,3,3,3,3,1.8865005117106028,1
0.5,1414,3,3,3,3,1.7052970651435237,1
0.5,1415,3,3,3,3,1.6223938502017106,1
0.5,1416,3,3,3,3,0.9919336364699669,1
0.5,1417,3,3,3,3,0.7188449870231035,1
0.5,1418,3,3,3,3,1.6304826149859672,1
0.5,1419,3,3,3,3,0.5619414591166199,1
0.5,1420,3,3,3,3,0.4609108308858366,1
0.5,1421,3,3,3,3,0.6468110129417973,1
0.5,1422,3,3,3,3,0.09772586250818138,1
0.5,1423,3,3,3,3,0.6772938252521052,1
0.5,1424,3,3,3,3,0.8217000693934068,1
0.5,1425,3,3,3,3,1.1207854637317802,1
0.5,1426,3,3,3,3,0.28288107203493684,1
0.5,1427,3,3,3,3,1.6291768044894415,1
0.5,1428,3,3,3,3,1.9431411184231477,1
0.5,1429,3,3,3,3,1.7262802522330205,1
0.5,1430,3,3,3,3,1.7389056890762429,1
0.5,1431,3,3,3,3,1.1799049548215295,1
0.5,1432,3,3,3,3,1.1527271503361025,1
0.5,1433,3,3,3,3,1.1873300907934896,1
0.5,1434,3,3,3,3,1.283718494613086,1
0.5,1435,3,3,3,3,1.2194246033250904,1
0.5,1436,3,3,3,3,1.1873763603365524,1
0.5,1437,3,3,3,3,1.0445113676993425,1
0.5,1438,3,3,3,3,1.443329088871339,1
0.5,1439,3,3,3,3,0.6275741643983361,1
0.5,1440,3,3,3,3,1.8740590072903385,1
0.5,1441,3,3,3,3,2.148122183790304,0
0.5,1442,3,3,3,3,1.7096763728607018,1
0.5,1443,3,3,3,3,1.30327835441765,1
0.5,1444,3,3,3,3,1.421944447405477,1
0.5,1445,3,3,3,3,0.7866897180704465,1
0.5,1446,3,3,3,3,1.2013322339331742,1
0.5,1447,3,3,3,3,1.3690026323711644,1
0.5,1448,3,3,3,3,1.581955149638492,1
0.5,1449,3,3,3,3,1.1556166597333855,1
0.5,1450,3,3,3,3,1.6608116191778444,1
0.5,1451,3,3,3,3,1.4448565053041038,1
0.5,1452,3,3,3,3,2.2615695809510705,0
0.5,1453,3,3,3,3,1.9107095519749584,1
0.5,1454,3,3,3,3,1.7388363614463653,1
0.5,1455,3,3,3,3,1.0456690278805696,1
0.5,1456,3,3,3,3,1.5803498234656843,1
0.5,1457,3,3,3,3,1.7213093227123248,1
0.5,1458,3,3,3,3,1.1848088080452497,1
0.5,1459,3,3,3,3,1.374836079361363,1
0.5,1460,3,3,3,3,1.9407167207673837,1
0.5,1461,3,3,3,3,1.3911945669608599,1
0.5,1462,3,3,3,3,1.59453185680841,1
0.5,1463,3,3,3,3,1.83627589662275,1
0.5,1464,3,3,3,3,2.1599667197128585,0
0.5,1465,3,3,3,3,2.228433397916409,0
0.5,1466,3,3,3,3,2.080694730655937,0
0.5,1467,3,3,3,3,1.5659404839007434,1
0.5,1468,3,3,3,3,1.740541819325906,1
0.5,1469,3,3,3,3,1.833602801055263,1
0.5,1470,3,3,3,3,1.5455685789096076,1
0.5,1471,3,3,3,3,1.8748797917738906,1
0.5,1472,3,3,3,3,1.9559181394262752,1
0.5,1473,3,3,3,3,1.686234925243773,1
0.5,1474,3,3,3,3,1.2422884570411954,1
0.5,1475,3,3,3,3,1.4686816703381973,1
0.5,1476,3,3,3,3,2.095614454890271,0
0.5,1477,3,3,3,3,2.478707214246018,0
0.5,1478,3,3,3,3,2.144770130029609,0
0.5,1479,3,3,3,3,1.528264722888169,1
0.5,1480,3,3,3,3,1.267921809657424,1
0.5,1481,3,3,3,3,1.315700002872792,1
0.5,1482,3,3,3,3,1.5744213507625555,1
0.5,1483,3,3,3,3,1.7310283244898392,1
0.5,1484,3,3,3,3,1.5354953638561513,1
0.5,1485,3,3,3,3,1.9139776543727578,1
0.5,1486,3,3,3,3,1.6186807636505947,1
0.5,1487,3,3,3,3,1.7797693013664055,1
0.5,1488,3,3,3,3,2.1718794808949733,0
0.5,1489,3,3,3,3,2.1875509881328874,0
0.5,1490,3,3,3,3,2.0803765710643938,0
0.5,1491,3,3,3,3,1.6566883649852833,1
0.5,1492,3,3,3,3,1.5321537355061512,1
0.5,1493,3,3,3,3,1.9754792053133827,1
0.5,1494,3,3,3,3,2.013693155832186,1
0.5,1495,3,3,3,3,2.0234226229336585,1
0.5,1496,3,3,3,3,1.4359790654641025,1
0.5,1497,3,3,3,3,1.8148875859076559,1
0.5,1498,3,3,3,3,1.944803321462636,1
0.5,1499,3,3,3,3,2.3355988161965913,0
0.5,1500,3,3,3,3,2.2442251739162242,0
0.5,1501,3,3,3,3,2.0806030605212595,0
0.5,1502,3,3,3,3,2.3090521358774705,0
0.5,1503,3,3,3,3,1.6472586245667622,1
0.5,1504,3,3,3,3,1.6816776880218485,1
0.5,1505,3,3,3,3,1.8818166603651574,1
0.5,1506,3,3,3,3,1.9662241599208814,1
0.5,1507,3,3,3,3,1.8863856058548625,1
0.5,1508,3,3,3,3,1.7031285354442434,1
0.5,1509,3,3,3,3,1.7728931215219348,1
0.5,1510,3,3,3,3,1.9354002125059293,1
0.5,1511,3,3,3,3,1.940650428540707,1
0.5,1836,4,4,4,4,0.38510929323456833,1
0.5,1837,4,7,4,4,0.06194677920841918,1
0.5,1838,4,4,4,4,0.09933650895425794,1
0.5,1839,4,4,4,4,0.02508600391091198,1
0.5,1840,4,4,4,4,0.24255936647149534,1
0.5,1841,4,4,4,4,0.7328542452138322,1
0.5,1842,4,4,7,7,0.0007601806828714253,1
0.5,1843,4,4,4,4,0.9474880926713483,1
0.5,1844,4,4,4,4,0.9019697645259084,1
0.5,1845,4,7,4,4,0.12002921073281725,1
0.5,1846,4,4,4,4,0.33912491448206494,1
0.5,1847,4,4,4,4,0.017723511061865316,1
0.5,1848,4,7,7,7,0.8847136234761821,1
0.5,1849,4,7,7,7,0.7176841671223777,1
0.5,1850,4,7,7,7,0.8124943001991665,1
0.5,1851,4,7,7,7,0.27085785256124023,1
0.5,1852,4,7,7,7,0.640962765588751,1
0.5,1853,4,7,7,7,1.3222915768919812,1
0.5,1854,4,7,7,7,1.4532611675173381,1
0.5,1855,4,7,7,7,0.9343401964466319,1
0.5,1856,4,7,7,7,1.238029485467437,1
0.5,1857,4,7,7,7,1.2904503901187654,1
0.5,1858,4,7,7,7,0.7310916153990182,1
0.5,1859,4,7,7,7,1.1277510332548326,1
0.5,1860,4,7,7,7,0.7096861988712454,1
0.5,1861,4,7,7,7,0.8114953075638575,1
0.5,1862,4,7,7,7,0.7664272193240613,1
0.5,1863,4,7,7,7,0.2656055810587283,1
0.5,1864,4,7,7,7,0.39207553854105287,1
0.5,1865,4,7,7,7,1.0327229402740712,1
0.5,1866,4,7,7,7,1.0282979346297796,1
0.5,1867,4,7,7,7,0.8234009848441897,1
0.5,1868,4,7,7,7,0.8788961597265181,1
0.5,1869,4,7,7,7,0.9443702935391722,1
0.5,1870,4,7,7,7,0.5813511775585805,1
0.5,1871,4,7,7,7,1.1033148112878521,1
0.5,1872,4,7,7,7,0.29212876213145655,1
0.5,1873,4,7,7,7,0.3061624717218976,1
0.5,1874,4,7,7,7,0.7539300414348483,1
0.5,1875,4,2,7,7,0.10689127050259739,1
0.5,1876,4,2,7,7,0.03849594479024343,1
0.5,1877,4,7,7,7,0.5302053265112633,1
0.5,1878,4,7,7,7,0.5593730030375264,1
0.5,1879,4,7,7,7,0.3690545362984291,1
0.5,1880,4,7,7,7,0.4331611400274137,1
0.5,1881,4,7,7,7,0.7668303871060884,1
0.5,1882,4,7,7,7,0.48672739696909584,1
0.5,1883,4,7,7,7,0.4776793714676214,1
0.5,1884,4,7,7,7,0.08401574873797513,1
0.5,1885,4,4,7,7,0.14536667800226755,1
0.5,1886,4,7,7,7,0.15800962316186806,1
0.5,1887,4,7,7,7,0.11891734756021721,1
0.5,1888,4,7,7,7,0.17347903008829685,1
0.5,1889,4,7,7,7,0.26362931479627527,1
0.5,1890,4,7,7,7,0.5617090763023024,1
0.5,1891,4,7,7,7,0.7395068164098905,1
0.5,1892,4,4,7,7,0.26929239275277816,1
0.5,1893,4,7,7,7,0.9642158416726381,1
0.5,1894,4,7,7,7,0.3693496401690278,1
0.5,1895,4,7,7,7,1.043193682211599,1
0.5,1896,4,7,7,7,0.023858492953631294,1
0.5,1897,4,7,7,7,0.21251795653275907,1
0.5,1898,4,4,7,7,0.00840199732953073,1
0.5,1899,4,7,7,7,0.2949727652667289,1
0.5,1900,4,7,7,7,0.2530469846294004,1
0.5,1901,4,4,7,7,0.18428704946683083,1
0.5,1902,4,7,7,7,0.10157470812259228,1
0.5,1903,4,7,7,7,0.1469002063382523,1
0.5,1904,4,4,10,10,0.18008405370566694,1
0.5,1905,4,7,7,7,0.7543842224569253,1
0.5,1906,4,7,7,7,0.3615863763078544,1
0.5,1907,4,4,7,7,0.07877681956054872,1
0.5,1908,4,4,4,4,0.442597968038003,1
0.5,1909,4,4,7,7,0.47746156073569923,1
0.5,1910,4,4,4,4,0.5697131676112355,1
0.5,1911,4,4,7,7,0.19093960727903125,1
0.5,1912,4,4,7,7,0.2261058275195419,1
0.5,1913,4,4,7,7,0.3212770709615458,1
0.5,1914,4,4,7,7,0.10725704869993247,1
0.5,1915,4,4,7,7,0.6847127905671806,1
0.5,1916,4,4,10,10,0.38755835509692327,1
0.5,1917,4,4,7,7,0.03673306541816579,1
0.5,1918,4,4,7,7,0.2913750618742289,1
0.5,1919,4,4,7,7,0.587532949836596,1
0.5,1920,4,4,4,4,0.5690537067932466,1
0.5,1921,4,4,4,4,0.6034670026928588,1
0.5,1922,4,4,4,4,0.8993807889210225,1
0.5,1923,4,4,7,7,0.41084241739361227,1
0.5,1924,4,4,7,7,0.45633419167882394,1
0.5,1925,4,4,7,7,0.7929946410480173,1
0.5,1926,4,7,7,7,0.03917463374551855,1
0.5,1927,4,7,7,7,0.19362718456992045,1
0.5,1928,4,4,4,4,0.9427537262205646,1
0.5,1929,4,4,4,4,0.4456493223448771,1
0.5,1930,4,4,4,4,0.2785687761469362,1
0.5,1931,4,4,7,7,0.3564501898040088,1
0.5,1932,4,4,4,4,0.5871351122902972,1
0.5,1933,4,4,4,4,0.31637615815167686,1
0.5,1934,4,4,4,4,0.4063348469794832,1
0.5,1935,4,4,7,7,0.07354874249803023,1
0.5,1936,4,4,4,4,0.14996383420700898,1
0.5,1937,4,4,4,4,1.0923661919992107,1
0.5,1938,4,4,4,4,0.34750592272764136,1
0.5,1939,4,4,4,4,0.29312959379916825,1
0.5,1940,4,4,4,4,1.1395271348563205,1
0.5,1941,4,4,4,4,0.07335296807080594,1
0.5,1942,4,4,4,4,0.1310982156441597,1
0.5,1943,4,4,4,4,0.1769767779849033,1
0.5,2268,5,5,5,5,1.4147698216611462,1
0.5,2269,5,5,5,5,1.0724395666399362,1
0.5,2270,5,5,5,5,1.2970315995895816,1
0.5,2271,5,5,5,5,1.1480676124866505,1
0.5,2272,5,5,5,5,1.0354576788229282,1
0.5,2273,5,5,5,5,1.4667733595886272,1
0.5,2274,5,5,5,5,1.4142084453680372,1
0.5,2275,5,5,5,5,1.4053612956818615,1
0.5,2276,5,5,5,5,2.1140608377995687,0
0.5,2277,5,5,5,5,1.5877245801000195,1
0.5,2278,5,5,5,5,1.7918161148756666,1
0.5,2279,5,5,5,5,1.2826162630081197,1
0.5,2280,5,5,5,5,0.9432524112465535,1
0.5,2281,5,5,5,5,1.2520154810769197,1
0.5,2282,5,5,5,5,1.572397744533216,1
0.5,2283,5,5,5,5,1.4458804613533527,1
0.5,2284,5,5,5,5,1.7886668363310574,1
0.5,2285,5,5,5,5,2.418176189639378,0
0.5,2286,5,5,5,5,2.781731719286344,0
0.5,2287,5,5,5,5,2.6712901177313464,0
0.5,2288,5,5,5,5,2.680985036830804,0
0.5,2289,5,5,5,5,2.0824502958074382,0
0.5,2290,5,5,5,5,1.8357950603998114,1
0.5,2291,5,5,5,5,2.5062579002060783,0
0.5,2292,5,5,5,5,1.8713731611236724,1
0.5,2293,5,5,5,5,1.537262571031669,1
0.5,2294,5,5,5,5,1.9381013681926502,1
0.5,2295,5,5,5,5,3.0214690418883627,0
0.5,2296,5,5,5,5,3.0943300464986025,0
0.5,2297,5,5,5,5,2.9883285026552904,0
0.5,2298,5,5,5,5,2.8040419994019454,0
0.5,2299,5,5,5,5,2.8126648162543626,0
0.5,2300,5,5,5,5,3.2386582931278616,0
0.5,2301,5,5,5,5,2.0411920976302307,1
0.5,2302,5,5,5,5,2.6531444111364677,0
0.5,2303,5,5,5,5,2.873014801877143,0
0.5,2304,5,5,5,5,1.7618621278944055,1
0.5,2305,5,5,5,5,2.0495226831178863,0
0.5,2306,5,5,5,5,2.0938819668363218,0
0.5,2307,5,5,5,5,3.0182595955438103,0
0.5,2308,5,5,5,5,3.3548916154844046,0
0.5,2309,5,5,5,5,2.796812721076461,0
0.5,2310,5,5,5,5,2.417392573567554,0
0.5,2311,5,5,5,5,2.224261416855294,0
0.5,2312,5,5,5,5,2.804732607201561,0
0.5,2313,5,5,5,5,2.650806472813009,0
0.5,2314,5,5,5,5,3.0296510950125333,0
0.5,2315,5,5,5,5,2.4881904668125547,0
0.5,2316,5,5,5,5,1.974664715702223,1
0.5,2317,5,5,5,5,1.756351473981866,1
0.5,2318,5,5,5,5,1.846587265353146,1
0.5,2319,5,5,5,5,3.0450247475454058,0
0.5,2320,5,5,5,5,3.1809856967287784,0
0.5,2321,5,5,5,5,2.765670548542535,0
0.5,2322,5,5,5,5,2.730242811659726,0
0.5,2323,5,5,5,5,3.065408020707338,0
0.5,2324,5,5,5,5,2.864620645198582,0
0.5,2325,5,5,5,5,2.2950605175330643,0
0.5,2326,5,5,5,5,2.8154531468958197,0
0.5,2327,5,5,5,5,2.6227117148030374,0
0.5,2328,5,5,5,5,1.841521577566254,1
0.5,2329,5,5,5,5,1.8193484464114236,1
0.5,2330,5,5,5,5,2.106958645629219,0
0.5,2331,5,5,5,5,2.618415582252158,0
0.5,2332,5,5,5,5,3.3182610798834045,0
0.5,2333,5,5,5,5,2.8844776042360594,0
0.5,2334,5,5,5,5,1.7272299261919124,1
0.5,2335,5,5,5,5,3.023355764946816,0
0.5,2336,5,5,5,5,2.744863917060552,0
0.5,2337,5,5,5,5,2.2627434533746924,0
0.5,2338,5,5,5,5,2.8289952800317786,0
0.5,2339,5,5,5,5,2.5340636030211456,0
0.5,2340,5,5,5,5,2.1124969153087463,0
0.5,2341,5,5,5,5,1.7413237414561142,1
0.5,2342,5,5,5,5,2.1255686945687193,0
0.5,2343,5,5,5,5,2.109213351862767,0
0.5,2344,5,5,5,5,2.5479961124603165,0
0.5,2345,5,5,5,5,2.124605427902731,0
0.5,2346,5,5,5,5,2.305720849737618,0
0.5,2347,5,5,5,5,2.7178363059840684,0
0.5,2348,5,5,5,5,2.717079486944134,0
0.5,2349,5,5,5,5,2.0075996163372305,1
0.5,2350,5,5,5,5,2.3733237167063503,0
0.5,2351,5,5,5,5,2.744940723472494,0
0.5,2352,5,5,5,5,1.1886008089328972,1
0.5,2353,5,5,5,5,2.007708369445153,1
0.5,2354,5,5,5,5,1.690110762447625,1
0.5,2355,5,5,5,5,1.8515834108081815,1
0.5,2356,5,5,5,5,1.9536048536676724,1
0.5,2357,5,5,5,5,1.6637718364988023,1
0.5,2358,5,5,5,5,2.540246439959075,0
0.5,2359,5,5,5,5,1.8341771496096178,1
0.5,2360,5,5,5,5,2.5586111925166968,0
0.5,2361,5,5,5,5,2.036255311924415,1
0.5,2362,5,5,5,5,2.6269742033121943,0
0.5,2363,5,5,5,5,2.113908080792018,0
0.5,2364,5,5,5,5,1.8657876790950034,1
0.5,2365,5,5,5,5,1.296149167976348,1
0.5,2366,5,5,5,5,2.2273437797419327,0
0.5,2367,5,5,5,5,1.2795706611779387,1
0.5,2368,5,5,5,5,1.2729792423424289,1
0.5,2369,5,5,5,5,0.825269830266935,1
0.5,2370,5,5,5,5,1.5350736890168677,1
0.5,2371,5,5,5,5,1.1628929283305014,1
0.5,2372,5,5,5,5,2.3385793285923517,0
0.5,2373,5,5,5,5,1.5980321663524268,1
0.5,2374,5,5,5,5,1.614202072202091,1
0.5,2375,5,5,5,5,2.0629755966236947,0
0.5,2700,6,6,6,6,2.212407152015856,0
0.5,2701,6,6,6,6,2.6789555846188025,0
0.5,2702,6,6,6,6,2.1168735074901255,0
0.5,2703,6,6,6,6,2.5602665111094085,0
0.5,2704,6,6,6,6,2.359106531330702,0
0.5,2705,6,6,6,6,2.4203745780546724,0
0.5,2706,6,6,6,6,1.9244384379678565,1
0.5,2707,6,6,6,6,2.3626905282730886,0
0.5,2708,6,6,6,6,2.456353212734764,0
0.5,2709,6,6,6,6,2.499894573346329,0
0.5,2710,6,6,6,6,2.014267344206947,1
0.5,2711,6,6,6,6,2.6220996709771893,0
0.5,2712,6,6,6,6,2.39832681343813,0
0.5,2713,6,6,6,6,1.6537219725635763,1
0.5,2714,6,6,6,6,2.008557883481059,1
0.5,2715,6,6,6,6,2.2263035120739634,0
0.5,2716,6,6,6,6,2.301303637818525,0
0.5,2717,6,6,6,6,2.620163790557574,0
0.5,2718,6,6,6,6,1.4287183676608217,1
0.5,2719,6,6,6,6,0.8749779491419986,1
0.5,2720,6,6,6,6,2.4648427774268526,0
0.5,2721,6,6,6,6,1.795228421977486,1
0.5,2722,6,6,6,6,2.2860313006484074,0
0.5,2723,6,6,6,6,1.8072621733698089,1
0.5,2724,6,6,6,6,2.22207435462322,0
0.5,2725,6,6,6,6,2.2422442621763317,0
0.5,2726,6,6,6,6,2.416853934448829,0
0.5,2727,6,6,6,6,2.624735591088693,0
0.5,2728,6,6,6,6,2.4326767773596396,0
0.5,2729,6,6,6,6,2.582839338928628,0
0.5,2730,6,6,6,6,2.5247565555675795,0
0.5,2731,6,6,6,6,2.25812500777977,0
0.5,2732,6,6,6,6,2.007655023838721,1
0.5,2733,6,6,6,6,2.574137450506041,0
0.5,2734,6,6,6,6,2.274911561334753,0
0.5,2735,6,6,6,6,1.9829723563569737,1
0.5,2736,6,6,6,6,2.3112936588997206,0
0.5,2737,6,6,6,6,2.0933182188986015,0
0.5,2738,6,6,6,6,2.1651780619316536,0
0.5,2739,6,6,6,6,2.542340006824274,0
0.5,2740,6,6,6,6,2.315877179532392,0
0.5,2741,6,6,6,6,2.2280876517893944,0
0.5,2742,6,6,6,6,2.12159648815358,0
0.5,2743,6,6,6,6,2.3914673053199063,0
0.5,2744,6,6,6,6,2.703390429419734,0
0.5,2745,6,6,6,6,2.3097408421034924,0
0.5,2746,6,6,6,6,2.4645285025689385,0
0.5,2747,6,6,6,6,2.6223046848887046,0
0.5,2748,6,6,6,6,2.1826363970277654,0
0.5,2749,6,6,6,6,1.9680295785185582,1
0.5,2750,6,6,6,6,2.2047952277971525,0
0.5,2751,6,6,6,6,2.38061467564959,0
0.5,2752,6,6,6,6,2.4755909900223543,0
0.5,2753,6,6,6,6,2.4761980842122515,0
0.5,2754,6,6,6,6,2.6531794933080555,0
0.5,2755,6,6,6,6,2.6704435077080335,0
0.5,2756,6,6,6,6,2.6969874950063377,0
0.5,2757,6,6,6,6,2.5900621178288015,0
0.5,2758,6,6,6,6,2.6786797577791113,0
0.5,2759,6,6,6,6,2.6192272453300482,0
0.5,2760,6,6,6,6,1.8657252233787793,1
0.5,2761,6,6,6,6,1.9157435406414807,1
0.5,2762,6,6,6,6,2.277549453075098,0
0.5,2763,6,6,6,6,2.3680726327989543,0
0.5,2764,6,6,6,6,2.4189642487208936,0
0.5,2765,6,6,6,6,2.529296675498843,0
0.5,2766,6,6,6,6,2.3265670401045697,0
0.5,2767,6,6,6,6,2.5284590795864643,0
0.5,2768,6,6,6,6,2.43025874233824,0
0.5,2769,6,6,6,6,2.751938339231683,0
0.5,2770,6,6,6,6,2.4710522623139193,0
0.5,2771,6,6,6,6,2.289139657951445,0
0.5,2772,6,6,6,6,2.1791340474363206,0
0.5,2773,6,6,6,6,2.0002910183528613,1
0.5,2774,6,6,6,6,2.1346344768651146,0
0.5,2775,6,6,6,6,2.1459986856795923,0
0.5,2776,6,6,6,6,2.1277284710832354,0
0.5,2777,6,6,6,6,2.4872070238651207,0
0.5,2778,6,6,6,6,2.3216195131238386,0
0.5,2779,6,6,6,6,2.529928872265829,0
0.5,2780,6,6,6,6,2.4014511550510313,0
0.5,2781,6,6,6,6,2.586074418917357,0
0.5,2782,6,6,6,6,2.2786890386162213,0
0.5,2783,6,6,6,6,2.67224721037167,0
0.5,2784,6,6,6,6,2.169887793816822,0
0.5,2785,6,6,6,6,2.0285135404777774,1
0.5,2786,6,6,6,6,2.295373565345888,0
0.5,2787,6,6,6,6,2.237728307600877,0
0.5,2788,6,6,6,6,2.309219673559772,0
0.5,2789,6,6,6,6,2.405970404753319,0
0.5,2790,6,6,6,6,2.45078953663009,0
0.5,2791,6,6,6,6,2.434951911347799,0
0.5,2792,6,6,6,6,2.254350748143692,0
0.5,2793,6,6,6,6,2.324927434235864,0
0.5,2794,6,6,6,6,2.277407919368154,0
0.5,2795,6,6,6,6,2.493378337818613,0
0.5,2796,6,6,6,6,1.9451788907237644,1
0.5,2797,6,6,6,6,2.05429724215787,0
0.5,2798,6,6,6,6,2.3155706042571005,0
0.5,2799,6,6,6,6,2.100765725669178,0
0.5,2800,6,6,6,6,2.291403537554703,0
0.5,2801,6,6,6,6,2.2904549880243943,0
0.5,2802,6,6,6,6,2.5830287407924977,0
0.5,2803,6,6,6,6,2.614046990643947,0
0.5,2804,6,6,6,6,2.2273882973052794,0
0.5,2805,6,6,6,6,2.1649554955678045,0
0.5,2806,6,6,6,6,1.8949342853848234,1
0.5,2807,6,6,6,6,2.5124945265280747,0
0.5,3132,7,7,7,7,1.1937510114120744,1
0.5,3133,7,7,7,7,1.2694951372010777,1
0.5,3134,7,7,7,7,1.4988030463823465,1
0.5,3135,7,7,7,7,1.7244942890807464,1
0.5,3136,7,7,7,7,1.7129408032505922,1
0.5,3137,7,7,7,7,1.1592092804096008,1
0.5,3138,7,7,7,7,1.3669557241870802,1
0.5,3139,7,7,7,7,1.4159055892458148,1
0.5,3140,7,7,7,7,1.244492475025734,1
0.5,3141,7,7,7,7,0.9508804872573904,1
0.5,3142,7,7,7,7,1.6055470351830543,1
0.5,3143,7,7,7,7,1.6337185351976546,1
0.5,3144,7,7,7,7,0.6253793542234798,1
0.5,3145,7,7,7,7,1.1996230171101154,1
0.5,3146,7,7,7,7,0.9975086281925369,1
0.5,3147,7,7,7,7,1.3861594951115888,1
0.5,3148,7,7,7,7,1.040743747302227,1
0.5,3149,7,7,7,7,1.8831775307338083,1
0.5,3150,7,7,7,7,1.9265122389791571,1
0.5,3151,7,7,7,7,1.5416130923984552,1
0.5,3152,7,7,7,7,1.448177616050519,1
0.5,3153,7,7,7,7,1.9474038171576855,1
0.5,3154,7,7,7,7,1.9184695854315574,1
0.5,3155,7,7,7,7,1.8224538435356705,1
0.5,3156,7,7,7,7,0.6716808471091418,1
0.5,3157,7,7,7,7,1.4915883733103816,1
0.5,3158,7,7,7,7,1.5393901249686897,1
0.5,3159,7,7,7,7,1.960295069021548,1
0.5,3160,7,7,7,7,1.7318423531588754,1
0.5,3161,7,7,7,7,2.2975053595961787,0
0.5,3162,7,7,7,7,1.9997064399056614,1
0.5,3163,7,7,7,7,1.7791207802460014,1
0.5,3164,7,7,7,7,1.5431279726069242,1
0.5,3165,7,7,7,7,2.1288825240812104,0
0.5,3166,7,7,7,7,1.931870794308444,1
0.5,3167,7,7,7,7,2.4047165549911114,0
0.5,3168,7,7,7,7,1.2202976250817343,1
0.5,3169,7,7,7,7,1.4806293256107352,1
0.5,3170,7,7,7,7,1.4454040009716602,1
0.5,3171,7,7,7,7,1.89903958499423,1
0.5,3172,7,7,7,7,1.8429297313329918,1
0.5,3173,7,7,7,7,2.1311006467110403,0
0.5,3174,7,7,7,7,1.9499060034665405,1
0.5,3175,7,7,7,7,1.5212974594433732,1
0.5,3176,7,7,7,7,1.6103645641065047,1
0.5,3177,7,7,7,7,2.0656984121190742,0
0.5,3178,7,7,7,7,1.870502763405912,1
0.5,3179,7,7,7,7,2.2796674354385145,0
0.5,3180,7,7,7,7,1.3688104988307246,1
0.5,3181,7,7,7,7,1.5059698365207101,1
0.5,3182,7,7,7,7,1.7984419448494813,1
0.5,3183,7,7,7,7,1.676305326295994,1
0.5,3184,7,7,7,7,1.7146502944539337,1
0.5,3185,7,7,7,7,2.085433655461107,0
0.5,3186,7,7,7,7,1.7152401959392447,1
0.5,3187,7,7,7,7,1.7779055207466807,1
0.5,3188,7,7,7,7,1.5166896021855778,1
0.5,3189,7,7,7,7,1.9503721431309726,1
0.5,3190,7,7,7,7,1.8550981790203207,1
0.5,3191,7,7,7,7,2.2748794627403335,0
0.5,3192,7,7,7,7,0.7587749225124467,1
0.5,3193,7,7,7,7,1.4225085285724908,1
0.5,3194,7,7,7,7,1.4196232452955408,1
0.5,3195,7,7,7,7,1.548803234093317,1
0.5,3196,7,7,7,7,1.6634442391500484,1
0.5,3197,7,7,7,7,1.95734739573894,1
0.5,3198,7,7,7,7,1.6684198917674022,1
0.5,3199,7,7,7,7,1.6010185885267574,1
0.5,3200,7,7,7,7,1.3969981800692142,1
0.5,3201,7,7,7,7,1.6734793394461915,1
0.5,3202,7,7,7,7,1.7441508718224752,1
0.5,3203,7,7,7,7,1.969999250554601,1
0.5,3204,7,7,7,7,1.2249565720571827,1
0.5,3205,7,7,7,7,1.2245073610227177,1
0.5,3206,7,7,7,7,1.4375707545527119,1
0.5,3207,7,7,7,7,1.8965212416590962,1
0.5,3208,7,7,7,7,1.822939030289973,1
0.5,3209,7,7,7,7,1.514497603477968,1
0.5,3210,7,7,7,7,2.025060537548159,1
0.5,3211,7,7,7,7,2.014632603731968,1
0.5,3212,7,7,7,7,1.752302954024188,1
0.5,3213,7,7,7,7,1.6331543078328101,1
0.5,3214,7,7,7,7,1.8507986466733861,1
0.5,3215,7,7,7,7,1.1575363099561504,1
0.5,3216,7,7,7,7,0.6510416303923202,1
0.5,3217,7,7,7,7,0.7595219783025294,1
0.5,3218,7,7,7,7,1.0307742269333309,1
0.5,3219,7,7,7,7,1.849798602112269,1
0.5,3220,7,7,7,7,1.0914518560618758,1
0.5,3221,7,7,7,7,0.7348794110535076,1
0.5,3222,7,7,7,7,1.1238126392053873,1
0.5,3223,7,7,7,7,1.5347949741155447,1
0.5,3224,7,7,7,7,1.0037795032504306,1
0.5,3225,7,7,7,7,1.0620097581304524,1
0.5,3226,7,7,7,7,1.327593963124472,1
0.5,3227,7,7,7,7,0.6649423963314292,1
0.5,3228,7,7,7,7,0.9750619171064703,1
0.5,3229,7,7,7,7,0.5605227656247816,1
0.5,3230,7,7,7,7,0.9731628216797336,1
0.5,3231,7,7,7,7,1.6081384731341677,1
0.5,3232,7,7,7,7,1.2449594392948684,1
0.5,3233,7,7,7,7,0.8765725606814341,1
0.5,3234,7,7,7,7,0.5040905286078049,1
0.5,3235,7,7,7,7,1.1619025380920034,1
0.5,3236,7,7,7,7,0.40579048995439637,1
0.5,3237,7,7,7,7,0.9249932829586952,1
0.5,3238,7,7,7,7,1.2922942041436896,1
0.5,3239,7,7,7,7,0.6730407641488636,1
0.5,3564,8,8,8,8,0.2321864132648651,1
0.5,3565,8,8,8,8,1.3183494516875918,1
0.5,3566,8,8,8,8,0.6802326039940699,1
0.5,3567,8,8,8,8,0.7412033367537888,1
0.5,3568,8,8,8,8,0.44984506637218724,1
0.5,3569,8,8,8,8,0.7846468545260675,1
0.5,3570,8,8,8,8,2.0329794931790315,1
0.5,3571,8,8,8,8,1.4805050545466594,1
0.5,3572,8,8,8,8,1.7156407916005167,1
0.5,3573,8,8,8,8,0.9948720660107097,1
0.5,3574,8,8,8,8,0.5250894635023765,1
0.5,3575,8,8,8,8,1.3238751885753341,1
0.5,3576,8,8,8,8,0.1824011344133426,1
0.5,3577,8,8,8,8,1.4553583436863633,1
0.5,3578,8,1,8,8,0.13501251352672783,1
0.5,3579,8,8,8,8,1.4831527698680071,1
0.5,3580,8,8,8,8,1.1632396827903402,1
0.5,3581,8,8,8,8,1.0556961860148473,1
0.5,3582,8,8,8,8,1.851165439805115,1
0.5,3583,8,8,8,8,1.9742707739573135,1
0.5,3584,8,8,8,8,1.5171968174797277,1
0.5,3585,8,8,8,8,1.3119919099768138,1
0.5,3586,8,8,8,8,1.1132907801711707,1
0.5,3587,8,8,8,8,1.4988754097435086,1
0.5,3588,8,8,8,8,0.25035520963777935,1
0.5,3589,8,8,8,8,1.9929934788545105,1
0.5,3590,8,8,8,8,0.8320578811491853,1
0.5,3591,8,8,8,8,1.2779441311751065,1
0.5,3592,8,8,8,8,1.1964085016842438,1
0.5,3593,8,8,8,8,1.106454653813866,1
0.5,3594,8,8,8,8,2.1139239474463754,0
0.5,3595,8,8,8,8,1.1614525402092624,1
0.5,3596,8,8,8,8,1.242281451788015,1
0.5,3597,8,8,8,8,1.2227353813495743,1
0.5,3598,8,8,8,8,0.8746886954425553,1
0.5,3599,8,8,8,8,1.72297097158035,1
0.5,3600,8,8,8,8,0.851328311472109,1
0.5,3601,8,8,8,8,1.7937011915360888,1
0.5,3602,8,8,8,8,0.7267404144260635,1
0.5,3603,8,8,8,8,1.371676839938917,1
0.5,3604,8,8,8,8,1.4292739571456865,1
0.5,3605,8,8,8,8,1.2250701549145093,1
0.5,3606,8,8,8,8,1.3100132779220939,1
0.5,3607,8,8,8,8,1.6313438885247198,1
0.5,3608,8,8,8,8,1.2636790543531,1
0.5,3609,8,8,8,8,1.5816970210441808,1
0.5,3610,8,8,8,8,1.1662034982264196,1
0.5,3611,8,8,8,8,1.602159173067712,1
0.5,3612,8,8,8,8,0.6396709582135549,1
0.5,3613,8,8,8,8,0.7096435795126798,1
0.5,3614,8,8,8,8,0.8727112865181554,1
0.5,3615,8,8,8,8,1.2919534624243876,1
0.5,3616,8,8,8,8,1.0792608000350392,1
0.5,3617,8,8,8,8,1.2746449927408459,1
0.5,3618,8,8,8,8,0.5411270683718845,1
0.5,3619,8,8,8,8,1.0594774161283702,1
0.5,3620,8,8,8,8,0.5965160873311325,1
0.5,3621,8,8,8,8,0.6239062231330267,1
0.5,3622,8,8,8,8,0.32634446647572546,1
0.5,3623,8,8,8,8,1.1625211018005688,1
0.5,3624,8,8,8,8,0.39983533561690054,1
0.5,3625,8,8,8,8,0.907015160330366,1
0.5,3626,8,8,8,8,0.8164834156636543,1
0.5,3627,8,8,8,8,0.9973611684503055,1
0.5,3628,8,8,8,8,0.9867390467699034,1
0.5,3629,8,8,8,8,0.7902374383262591,1
0.5,3630,8,8,8,8,0.877223766583909,1
0.5,3631,8,8,8,8,1.2344124080424863,1
0.5,3632,8,8,8,8,0.9929543610277011,1
0.5,3633,8,8,8,8,0.9241751798595124,1
0.5,3634,8,8,8,8,1.1302371000930371,1
0.5,3635,8,8,8,8,0.9955946500429863,1
0.5,3636,8,8,8,8,0.39759544554863446,1
0.5,3637,8,8,8,8,0.8077593652141876,1
0.5,3638,8,8,8,8,0.27329045758422355,1
0.5,3639,8,8,8,8,1.0423935279424206,1
0.5,3640,8,8,8,8,0.6929610546398027,1
0.5,3641,8,8,8,8,0.9957020129193727,1
0.5,3642,8,8,8,8,1.272345027152849,1
0.5,3643,8,8,8,8,1.3149879491546437,1
0.5,3644,8,8,8,8,1.1799563553378647,1
0.5,3645,8,8,8,8,1.1150593391532448,1
0.5,3646,8,8,8,8,0.6616041689228719,1
0.5,3647,8,8,8,8,0.5135168020230686,1
0.5,3648,8,8,8,8,0.7059188781523346,1
0.5,3649,8,8,8,8,1.2606749120619618,1
0.5,3650,8,8,8,8,0.5227199610181247,1
0.5,3651,8,8,8,8,0.9499331100521804,1
0.5,3652,8,8,8,8,0.8730580691714903,1
0.5,3653,8,8,8,8,0.8936956000388276,1
0.5,3654,8,8,8,8,1.1231393549543025,1
0.5,3655,8,8,8,8,1.1935746220177608,1
0.5,3656,8,8,8,8,1.7906863706268372,1
0.5,3657,8,8,8,8,0.9540633121888044,1
0.5,3658,8,8,8,8,0.8667876679545756,1
0.5,3659,8,8,8,8,0.8178060316346751,1
0.5,3660,8,8,8,8,0.6571543322903487,1
0.5,3661,8,8,8,8,1.2138492194608004,1
0.5,3662,8,8,8,8,0.6923037358505747,1
0.5,3663,8,8,8,8,0.46592291618620874,1
0.5,3664,8,8,8,8,0.5971598962399877,1
0.5,3665,8,8,8,8,0.9273127853745141,1
0.5,3666,8,8,8,8,1.1917520651977034,1
0.5,3667,8,8,8,8,1.6252329856196757,1
0.5,3668,8,8,8,8,1.8363551967158358,1
0.5,3669,8,8,8,8,1.0535493665534843,1
0.5,3670,8,8,8,8,0.2834517150433066,1
0.5,3671,8,8,8,8,1.0325160261886621,1
0.5,3996,9,9,9,9,2.344026302972463,0
0.5,3997,9,9,9,9,2.026295545589017,1
0.5,3998,9,9,9,9,1.901560730382697,1
0.5,3999,9,9,9,9,2.6846111036262768,0
0.5,4000,9,9,9,9,2.733368275770271,0
0.5,4001,9,9,9,9,2.455818227762342,0
0.5,4002,9,9,9,9,2.5180446865258412,0
0.5,4003,9,9,9,9,2.3846659639098267,0
0.5,4004,9,9,9,9,2.4718408690387808,0
0.5,4005,9,9,9,9,2.4818301421091586,0
0.5,4006,9,9,9,9,2.293432838848298,0
0.5,4007,9,9,9,9,2.4157627562212864,0
0.5,4008,9,9,9,9,2.752593065453631,0
0.5,4009,9,9,9,9,2.341806880958896,0
0.5,4010,9,9,9,9,1.9213361599722842,1
0.5,4011,9,9,9,9,2.589118623725833,0
0.5,4012,9,9,9,9,2.2510276370087596,0
0.5,4013,9,9,9,9,2.6682381480861337,0
0.5,4014,9,9,9,9,2.3594982001112754,0
0.5,4015,9,9,9,9,2.775651097586635,0
0.5,4016,9,9,9,9,2.646697432807472,0
0.5,4017,9,9,9,9,2.442445216742746,0
0.5,4018,9,9,9,9,2.438908051223389,0
0.5,4019,9,9,9,9,1.9570928126885325,1
0.5,4020,9,9,9,9,2.353853517197145,0
0.5,4021,9,9,9,9,2.8417125193038233,0
0.5,4022,9,9,9,9,2.4954978740062,0
0.5,4023,9,9,9,9,2.763718219281503,0
0.5,4024,9,9,9,9,2.5607958604558245,0
0.5,4025,9,9,9,9,2.8983341331786843,0
0.5,4026,9,9,9,9,2.8492069422727546,0
0.5,4027,9,9,9,9,2.7260198654330328,0
0.5,4028,9,9,9,9,2.740329324773266,0
0.5,4029,9,9,9,9,2.1159285858359045,0
0.5,4030,9,9,9,9,2.3844026388450157,0
0.5,4031,9,9,9,9,2.419516044451048,0
0.5,4032,9,9,9,9,2.2475657304151966,0
0.5,4033,9,9,9,9,2.4841283438794592,0
0.5,4034,9,9,9,9,1.991711137908312,1
0.5,4035,9,9,9,9,1.6710255207390639,1
0.5,4036,9,9,9,9,2.0264404004271963,1
0.5,4037,9,9,9,9,2.4916106350917415,0
0.5,4038,9,9,9,9,2.2573707067854594,0
0.5,4039,9,9,9,9,1.9565554637674292,1
0.5,4040,9,9,9,9,2.325355843943128,0
0.5,4041,9,9,9,9,2.0974878797939835,0
0.5,4042,9,9,9,9,2.2139027406124385,0
0.5,4043,9,9,9,9,2.184501455800955,0
0.5,4044,9,9,9,9,2.6145514428688905,0
0.5,4045,9,9,9,9,2.43844341280423,0
0.5,4046,9,9,9,9,2.568944685143093,0
0.5,4047,9,9,9,9,2.7388904429431076,0
0.5,4048,9,9,9,9,2.529434089728865,0
0.5,4049,9,9,9,9,2.366065574828269,0
0.5,4050,9,9,9,9,2.918950386302501,0
0.5,4051,9,9,9,9,2.5993599598865043,0
0.5,4052,9,9,9,9,2.6094398816489885,0
0.5,4053,9,9,9,9,2.4576990858710928,0
0.5,4054,9,9,9,9,2.5603612371949414,0
0.5,4055,9,9,9,9,2.77613907495958,0
0.5,4056,9,9,9,9,2.553880559594436,0
0.5,4057,9,9,9,9,2.2929161135922307,0
0.5,4058,9,9,9,9,2.1682854291661386,0
0.5,4059,9,9,9,9,2.499020426952397,0
0.5,4060,9,9,9,9,2.6172105129633767,0
0.5,4061,9,9,9,9,2.693795400384328,0
0.5,4062,9,9,9,9,2.3292414721117414,0
0.5,4063,9,9,9,9,2.5995160398809523,0
0.5,4064,9,9,9,9,2.2654956339882366,0
0.5,4065,9,9,9,9,2.5490279418772452,0
0.5,4066,9,9,9,9,2.147304141044857,0
0.5,4067,9,9,9,9,2.4328527049718813,0
0.5,4068,9,9,9,9,2.091660358377392,0
0.5,4069,9,9,9,9,2.5140682539435097,0
0.5,4070,9,9,9,9,2.2899818441071225,0
0.5,4071,9,9,9,9,2.5370781396435813,0
0.5,4072,9,9,9,9,1.695702659496742,1
0.5,4073,9,9,9,9,2.9642365510771134,0
0.5,4074,9,9,9,9,2.616346527742234,0
0.5,4075,9,9,9,9,2.2284670211914515,0
0.5,4076,9,9,9,9,2.465216793638623,0
0.5,4077,9,9,9,9,2.6716364155023564,0
0.5,4078,9,9,9,9,2.3432255951229086,0
0.5,4079,9,9,9,9,1.8841583824105086,1
0.5,4080,9,9,9,9,2.322955628914489,0
0.5,4081,9,9,9,9,2.2856680627889636,0
0.5,4082,9,9,9,9,2.822998928635009,0
0.5,4083,9,9,9,9,2.5692779487976214,0
0.5,4084,9,9,9,9,2.8884056126520923,0
0.5,4085,9,9,9,9,1.9732020047866188,1
0.5,4086,9,9,9,9,2.4732988952991093,0
0.5,4087,9,9,9,9,2.568379501748017,0
0.5,4088,9,9,9,9,2.4135349388580285,0
0.5,4089,9,9,9,9,2.5453712126556387,0
0.5,4090,9,9,9,9,2.255186514423587,0
0.5,4091,9,9,9,9,2.567292695304297,0
0.5,4092,9,9,9,9,2.137160018118597,0
0.5,4093,9,9,9,9,2.1605318197192123,0
0.5,4094,9,9,9,9,2.408844811115406,0
0.5,4095,9,9,9,9,2.6199547092212327,0
0.5,4096,9,9,9,9,2.7015193454038506,0
0.5,4097,9,9,9,9,2.3487437607054735,0
0.5,4098,9,9,9,9,2.3270071223851456,0
0.5,4099,9,9,9,9,2.5079355069545155,0
0.5,4100,9,9,9,9,2.2643381281804382,0
0.5,4101,9,9,9,9,2.184786046105496,0
0.5,4102,9,9,9,9,2.1038993568719295,0
0.5,4103,9,9,9,9,2.347663501929795,0
0.5,4428,10,4,4,4,1.1087217865759433,1
0.5,4429,10,4,4,4,0.9537631483425777,1
0.5,4430,10,4,4,4,0.51986020413366,1
0.5,4431,10,4,4,4,0.8671737784575546,1
0.5,4432,10,4,4,4,1.0167032233420985,1
0.5,4433,10,4,4,4,0.9979330631268375,1
0.5,4434,10,4,4,4,1.0980037877389712,1
0.5,4435,10,4,4,4,1.2524032533558023,1
0.5,4436,10,4,4,4,1.0990526197427917,1
0.5,4437,10,4,4,4,1.0625977098177073,1
0.5,4438,10,4,4,4,0.8639723611917551,1
0.5,4439,10,4,4,4,0.9230770627848335,1
0.5,4440,10,7,10,10,0.3582722716070138,1
0.5,4441,10,2,10,10,0.07996301486805657,1
0.5,4442,10,7,7,7,0.6452550122222842,1
0.5,4443,10,7,10,10,0.13949895686807223,1
0.5,4444,10,7,10,10,0.3207082194085423,1
0.5,4445,10,7,10,10,0.2720328516225611,1
0.5,4446,10,7,10,10,0.12141360300330428,1
0.5,4447,10,10,10,10,0.241675069260478,1
0.5,4448,10,10,10,10,0.2130697343425747,1
0.5,4449,10,7,10,10,0.327403641790595,1
0.5,4450,10,7,10,10,0.4751945551705338,1
0.5,4451,10,7,10,10,0.24086999923383867,1
0.5,4452,10,7,10,10,0.38845527017736603,1
0.5,4453,10,7,10,10,0.015962465601540243,1
0.5,4454,10,7,10,10,0.3425778744609836,1
0.5,4455,10,7,10,10,0.15011885965289895,1
0.5,4456,10,7,10,10,0.06854440541406015,1
0.5,4457,10,7,10,10,0.08593257755276751,1
0.5,4458,10,2,10,10,0.10183569140963011,1
0.5,4459,10,10,10,10,0.020453392993651787,1
0.5,4460,10,10,10,10,0.05619577378470175,1
0.5,4461,10,10,10,10,0.021875295513431037,1
0.5,4462,10,7,10,10,0.22094137645903134,1
0.5,4463,10,2,10,10,0.07188216662704494,1
0.5,4464,10,7,10,10,0.010450333169232384,1
0.5,4465,10,2,10,10,0.2022131105597068,1
0.5,4466,10,4,10,10,0.03728176237062164,1
0.5,4467,10,2,10,10,0.012691199587149649,1
0.5,4468,10,2,10,10,0.04021813037381128,1
0.5,4469,10,2,10,10,0.0001470838672089636,1
0.5,4470,10,4,10,10,0.2078458975986488,1
0.5,4471,10,2,10,10,0.29389697679844373,1
0.5,4472,10,10,10,10,0.3036527181135019,1
0.5,4473,10,4,10,10,0.3010272677606175,1
0.5,4474,10,7,10,10,0.005460112678365325,1
0.5,4475,10,4,10,10,0.3505545808088455,1
0.5,4476,10,4,10,10,0.06711237453906382,1
0.5,4477,10,4,10,10,0.3145866594244099,1
0.5,4478,10,4,10,10,0.3301334564354138,1
0.5,4479,10,4,10,10,0.32776706970831987,1
0.5,4480,10,4,10,10,0.12634871366236095,1
0.5,4481,10,4,10,10,0.2759021207619621,1
0.5,4482,10,2,10,10,0.09577429054229769,1
0.5,4483,10,2,10,10,0.13324407435396746,1
0.5,4484,10,4,10,10,0.06298965540828882,1
0.5,4485,10,4,10,10,0.6870320583263999,1
0.5,4486,10,4,10,10,0.8398253823170709,1
0.5,4487,10,4,10,10,0.6338089019707992,1
0.5,4488,10,4,10,10,0.15484041369358814,1
0.5,4489,10,4,10,10,0.3646078317535685,1
0.5,4490,10,4,10,10,0.3231488931900013,1
0.5,4491,10,4,10,10,0.2328993837537391,1
0.5,4492,10,2,10,10,0.16072970408571102,1
0.5,4493,10,4,10,10,0.2938958544009107,1
0.5,4494,10,4,10,10,0.17701865956984697,1
0.5,4495,10,10,10,10,0.059833972010082115,1
0.5,4496,10,4,10,10,0.3150982611648592,1
0.5,4497,10,4,10,10,0.39759091940559765,1
0.5,4498,10,4,10,10,0.5930221625235705,1
0.5,4499,10,4,10,10,0.5029559067274453,1
0.5,4500,10,4,10,10,0.4996526340630758,1
0.5,4501,10,4,10,10,0.34913554745485675,1
0.5,4502,10,4,10,10,0.48434682968466836,1
0.5,4503,10,4,10,10,0.3418327827111672,1
0.5,4504,10,4,10,10,0.15892451812878666,1
0.5,4505,10,4,10,10,0.836444632951086,1
0.5,4506,10,4,10,10,0.76894747848843,1
0.5,4507,10,4,10,10,0.2005757084810159,1
0.5,4508,10,4,10,10,0.8604663273807691,1
0.5,4509,10,4,10,10,0.5169714172818423,1
0.5,4510,10,4,10,10,0.4417728077729466,1
0.5,4511,10,4,10,10,0.6690922509134136,1
0.5,4512,10,4,10,10,0.7394054864748923,1
0.5,4513,10,4,10,10,0.4202186671503879,1
0.5,4514,10,4,10,10,0.9157398386187797,1
0.5,4515,10,4,10,10,1.069461363028572,1
0.5,4516,10,4,10,10,0.8877061340223507,1
0.5,4517,10,4,10,10,1.109987534489629,1
0.5,4518,10,4,10,10,0.77859810563144,1
0.5,4519,10,4,10,10,0.4806744255717561,1
0.5,4520,10,4,10,10,1.2261891952011397,1
0.5,4521,10,4,10,10,1.1630002529007812,1
0.5,4522,10,4,10,10,0.6596560895688917,1
0.5,4523,10,4,10,10,1.0835056256878182,1
0.5,4524,10,4,4,4,0.38744483251711714,1
0.5,4525,10,4,4,4,0.29058723448863877,1
0.5,4526,10,4,4,4,0.4354597403446683,1
0.5,4527,10,4,10,10,0.670943770145457,1
0.5,4528,10,4,10,10,0.7905351632015822,1
0.5,4529,10,4,4,4,0.9371539583561079,1
0.5,4530,10,4,10,10,1.0474993400694337,1
0.5,4531,10,4,10,10,1.0413516683412047,1
0.5,4532,10,4,10,10,1.1425205613484002,1
0.5,4533,10,4,10,10,0.7580926250542888,1
0.5,4534,10,4,10,10,0.785407606777089,1
0.5,4535,10,4,4,4,0.9650647313415688,1
0.75,108,0,0,0,0,1.7995263049383734,1
0.75,109,0,0,0,0,2.1146956895950826,1
0.75,110,0,0,0,0,1.7385788407231053,1
0.75,111,0,0,0,0,2.76566303821498,0
0.75,112,0,0,0,0,2.5379721712284984,0
0.75,113,0,0,0,0,2.752364366573583,0
0.75,114,0,0,0,0,2.6754285971464062,0
0.75,115,0,0,0,0,2.351687724322026,1
0.75,116,0,0,0,0,2.1837557895367623,1
0.75,117,0,0,0,0,2.621355231091129,0
0.75,118,0,0,0,0,2.6257240155280197,0
0.75,119,0,0,0,0,2.7918202692848864,0
0.75,120,0,0,0,0,1.8802133775688117,1
0.75,121,0,0,0,0,1.5176640506280825,1
0.75,122,0,0,0,0,1.7270380933803813,1
0.75,123,0,0,0,0,0.9170651574421009,1
0.75,124,0,0,0,0,0.5779323966175691,1
0.75,125,0,0,0,0,1.4808735462050584,1
0.75,126,0,0,0,0,2.0022817313659536,1
0.75,127,0,0,0,0,1.8618385630359324,1
0.75,128,0,0,0,0,1.633535268732631,1
0.75,129,0,0,0,0,1.4973755614806055,1
0.75,130,0,0,0,0,1.2835871824919285,1
0.75,131,0,0,0,0,0.558222756472764,1
0.75,132,0,0,0,0,1.7297847415018877,1
0.75,133,0,0,0,0,1.5711818350011226,1
0.75,134,0,0,0,0,2.031851343639049,1
0.75,135,0,0,0,0,1.5871998674217536,1
0.75,136,0,0,0,0,1.0039613912702106,1
0.75,137,0,0,0,0,2.0716815127815225,1
0.75,138,0,0,0,0,2.173791552743472,1
0.75,139,0,0,0,0,1.9420478290830179,1
0.75,140,0,0,0,0,2.0322897662598978,1
0.75,141,0,0,0,0,2.258468831724992,1
0.75,142,0,0,0,0,1.6975838301543065,1
0.75,143,0,0,0,0,2.3635715813453415,0
0.75,144,0,0,0,0,2.0691629327497316,1
0.75,145,0,0,0,0,1.7500473486338828,1
0.75,146,0,0,0,0,2.087771199044149,1
0.75,147,0,0,0,0,1.7083231085717547,1
0.75,148,0,0,0,0,1.125513758642626,1
0.75,149,0,0,0,0,2.518611712669246,0
0.75,150,0,0,0,0,2.3889370255318325,0
0.75,151,0,0,0,0,2.204704729901707,1
0.75,152,0,0,0,0,2.1833747743262255,1
0.75,153,0,0,0,0,2.2385043131179416,1
0.75,154,0,0,0,0,1.8976751026742251,1
0.75,155,0,0,0,0,2.207190208027956,1
0.75,156,0,0,0,0,2.1661454458464746,1
0.75,157,0,0,0,0,1.874710047040127,1
0.75,158,0,0,0,0,1.897694287759019,1
0.75,159,0,0,0,0,2.132821920998169,1
0.75,160,0,0,0,0,1.554508449157159,1
0.75,161,0,0,0,0,2.189656832105797,1
0.75,162,0,0,0,0,2.5411193345562157,0
0.75,163,0,0,0,0,2.2034231432514826,1
0.75,164,0,0,0,0,2.06553156205862,1
0.75,165,0,0,0,0,2.1310554928843475,1
0.75,166,0,0,0,0,1.470939045731655,1
0.75,167,0,0,0,0,2.346679739166862,1
0.75,168,0,0,0,0,2.1310313395908436,1
0.75,169,0,0,0,0,1.076651272088056,1
0.75,170,0,0,0,0,2.0013860822343617,1
0.75,171,0,0,0,0,2.2327446706514342,1
0.75,172,0,0,0,0,1.8424873470767547,1
0.75,173,0,0,0,0,2.6028304266483158,0
0.75,174,0,0,0,0,2.542687271396617,0
0.75,175,0,0,0,0,2.3957449578026013,0
0.75,176,0,0,0,0,2.3933800868221518,0
0.75,177,0,0,0,0,1.9838509933745687,1
0.75,178,0,0,0,0,2.010461567665117,1
0.75,179,0,0,0,0,2.4349131357762843,0
0.75,180,0,0,0,0,2.107548226125976,1
0.75,181,0,0,0,0,1.7497759188307604,1
0.75,182,0,0,0,0,1.7266187186473951,1
0.75,183,0,0,0,0,2.345277243366776,1
0.75,184,0,0,0,0,1.5733779809711392,1
0.75,185,0,0,0,0,2.478949160283448,0
0.75,186,0,0,0,0,2.8182542948189657,0
0.75,187,0,0,0,0,2.017359178973808,1
0.75,188,0,0,0,0,2.074609799582119,1
0.75,189,0,0,0,0,2.2898580546358396,1
0.75,190,0,0,0,0,1.8726150531546355,1
0.75,191,0,0,0,0,2.2751481034721976,1
0.75,192,0,0,0,0,2.11234508023251,1
0.75,193,0,0,0,0,1.9431702446180616,1
0.75,194,0,0,0,0,2.244499697334722,1
0.75,195,0,0,0,0,2.6358703114822815,0
0.75,196,0,0,0,0,2.159821033313662,1
0.75,197,0,0,0,0,2.726273847039395,0
0.75,198,0,0,0,0,2.6890994033348568,0
0.75,199,0,0,0,0,2.510667460206486,0
0.75,200,0,0,0,0,2.2480307319763844,1
0.75,201,0,0,0,0,2.8009622340920206,0
0.75,202,0,0,0,0,1.7228805274014931,1
0.75,203,0,0,0,0,2.6155691166443518,0
0.75,204,0,0,0,0,2.2155382908003087,1
0.75,205,0,0,0,0,1.6316488251910441,1
0.75,206,0,0,0,0,2.0850859447317296,1
0.75,207,0,0,0,0,2.3170178965314694,1
0.75,208,0,0,0,0,2.4196998078800545,0
0.75,209,0,0,0,0,2.503489117496787,0
0.75,210,0,0,0,0,2.6069427256726385,0
0.75,211,0,0,0,0,2.4920240003761935,0
0.75,212,0,0,0,0,2.4523293456514175,0
0.75,213,0,0,0,0,2.0213554888643466,1
0.75,214,0,0,0,0,2.6589878454293485,0
0.75,215,0,0,0,0,2.45981872865048,0
0.75,540,1,1,1,1,0.5589064007915331,1
0.75,541,1,1,1,1,0.6346249471900393,1
0.75,542,1,8,1,1,0.03736880753183236,1
0.75,543,1,1,1,1,1.4595629391569664,1
0.75,544,1,1,1,1,1.509760499997157,1
0.75,545,1,1,1,1,1.460903534230371,1
0.75,546,1,1,1,1,1.2414813637409665,1
0.75,547,1,1,1,1,1.2157410331828755,1
0.75,548,1,1,1,1,0.40770384596922027,1
0.75,549,1,1,1,1,0.7838568403485977,1
0.75,550,1,1,1,1,1.5348660246683772,1
0.75,551,1,1,1,1,1.1398806418478928,1
0.75,552,1,1,1,1,1.3453673835384672,1
0.75,553,1,1,8,8,0.4325536805473278,1
0.75,554,1,1,1,1,1.4350072043613284,1
0.75,555,1,8,1,1,0.13983799278988596,1
0.75,556,1,1,1,1,0.3769563953588836,1
0.75,557,1,1,1,1,0.04821229454683573,1
0.75,558,1,1,1,1,0.9546869012695156,1
0.75,559,1,1,1,1,1.0947447168361544,1
0.75,560,1,1,1,1,0.8769111198668785,1
0.75,561,1,1,8,8,0.5269864598896251,1
0.75,562,1,1,1,1,0.5509843162922531,1
0.75,563,1,1,1,1,1.2421205235831352,1
0.75,564,1,1,1,1,1.1358786061827928,1
0.75,565,1,1,1,1,0.9621938854958417,1
0.75,566,1,1,8,8,0.512642026278753,1
0.75,567,1,1,1,1,2.058179360308733,1
0.75,568,1,1,1,1,1.0721875163998948,1
0.75,569,1,1,1,1,1.4344060106868484,1
0.75,570,1,1,1,1,1.5957306289337663,1
0.75,571,1,1,1,1,1.2291348160811564,1
0.75,572,1,1,1,1,1.3455807371563522,1
0.75,573,1,1,1,1,1.1610101239206077,1
0.75,574,1,1,1,1,1.951660291814292,1
0.75,575,1,1,1,1,1.1122778376997742,1
0.75,576,1,1,1,1,0.25048121221700037,1
0.75,577,1,1,1,1,0.8462993946810583,1
0.75,578,1,1,1,1,1.3017101627321745,1
0.75,579,1,1,1,1,1.830438403067181,1
0.75,580,1,1,1,1,2.2648301629312195,1
0.75,581,1,1,1,1,1.248933063239397,1
0.75,582,1,1,1,1,1.128042788079052,1
0.75,583,1,1,1,1,0.35213571133600574,1
0.75,584,1,1,1,1,0.4099593117847087,1
0.75,585,1,1,1,1,0.6716686832236669,1
0.75,586,1,1,1,1,1.1612875200987613,1
0.75,587,1,1,1,1,1.2940910741923726,1
0.75,588,1,1,1,1,0.33927273849342865,1
0.75,589,1,1,1,1,0.761653536378104,1
0.75,590,1,1,1,1,1.7674511760952445,1
0.75,591,1,1,1,1,1.782578789193915,1
0.75,592,1,1,1,1,0.7657085564686714,1
0.75,593,1,1,1,1,2.1564021722933435,1
0.75,594,1,1,1,1,0.252423205780703,1
0.75,595,1,1,1,1,0.8030620732136974,1
0.75,596,1,1,1,1,0.9821617317706455,1
0.75,597,1,1,1,1,1.182791564284562,1
0.75,598,1,1,1,1,1.3809111805555523,1
0.75,599,1,1,1,1,0.9293981434661812,1
0.75,600,1,1,1,1,1.282048294589331,1
0.75,601,1,1,1,1,1.5802593741787407,1
0.75,602,1,1,1,1,0.8666482512633656,1
0.75,603,1,1,1,1,1.9322395960097971,1
0.75,604,1,1,1,1,1.2659740001974935,1
0.75,605,1,1,1,1,1.215425852426692,1
0.75,606,1,1,1,1,1.353439967058169,1
0.75,607,1,1,1,1,1.4446304962177765,1
0.75,608,1,1,1,1,1.371545782393243,1
0.75,609,1,1,1,1,1.4659932459674336,1
0.75,610,1,1,1,1,1.505998272670633,1
0.75,611,1,1,1,1,1.217996900909793,1
0.75,612,1,1,1,1,1.6195755151026223,1
0.75,613,1,1,1,1,1.7834213680858542,1
0.75,614,1,1,1,1,1.4207623074043056,1
0.75,615,1,1,1,1,1.8915529812766454,1
0.75,616,1,1,1,1,1.3253356282408146,1
0.75,617,1,1,1,1,1.0824153633351252,1
0.75,618,1,1,1,1,1.4390998187920538,1
0.75,619,1,1,1,1,1.2730357264350667,1
0.75,620,1,1,1,1,1.7474877511871414,1
0.75,621,1,1,1,1,1.341785030324765,1
0.75,622,1,1,1,1,1.981542055572087,1
0.75,623,1,1,1,1,1.4636259355275452,1
0.75,624,1,1,1,1,1.2568796570260306,1
0.75,625,1,1,1,1,0.7325112505194938,1
0.75,626,1,1,1,1,1.716853015911303,1
0.75,627,1,1,1,1,1.4182686002258382,1
0.75,628,1,1,1,1,1.9511948380365838,1
0.75,629,1,1,1,1,1.7397026904366588,1
0.75,630,1,1,1,1,1.6366574254849624,1
0.75,631,1,1,1,1,2.2099802865989844,1
0.75,632,1,1,1,1,1.6568745021170546,1
0.75,633,1,1,1,1,1.3110318997351942,1
0.75,634,1,1,1,1,1.5661978505661185,1
0.75,635,1,1,1,1,1.058634151464036,1
0.75,636,1,1,1,1,1.5174569708570949,1
0.75,637,1,1,1,1,1.4938149402184795,1
0.75,638,1,1,1,1,0.8860361958189066,1
0.75,639,1,1,1,1,1.6690425982975783,1
0.75,640,1,1,1,1,1.8262699076223097,1
0.75,641,1,1,1,1,1.143913331821919,1
0.75,642,1,1,1,1,1.7165385214103044,1
0.75,643,1,1,1,1,1.9315859924374361,1
0.75,644,1,1,1,1,1.2376322621853832,1
0.75,645,1,1,1,1,1.0878499250713272,1
0.75,646,1,1,1,1,1.2358502347314668,1
0.75,647,1,1,1,1,0.44236699043028416,1
0.75,972,2,4,9,9,0.5142237804091125,1
0.75,973,2,2,2,2,1.0051729218926,1
0.75,974,2,2,2,2,0.7533209397528657,1
0.75,975,2,4,2,2,0.3220747284642836,1
0.75,976,2,2,2,2,0.24988071999826944,1
0.75,977,2,7,2,2,0.07919574391371209,1
0.75,978,2,2,2,2,0.37456372327744003,1
0.75,979,2,2,4,4,0.32208278124174805,1
0.75,980,2,2,2,2,0.4039578766061983,1
0.75,981,2,2,2,2,0.3568206670058185,1
0.75,982,2,2,2,2,0.588525408471571,1
0.75,983,2,2,2,2,0.5881090227771162,1
0.75,984,2,2,2,2,0.737379748334432,1
0.75,985,2,2,2,2,1.0667641641119752,1
0.75,986,2,2,2,2,1.4499134131357998,1
0.75,987,2,2,2,2,0.8363361811919539,1
0.75,988,2,2,2,2,0.7968515997397875,1
0.75,989,2,2,2,2,1.2157766880105307,1
0.75,990,2,2,2,2,1.035633089444541,1
0.75,991,2,2,2,2,1.8137352877320092,1
0.75,992,2,2,2,2,1.1390921645090155,1
0.75,993,2,2,2,2,1.1251274822510853,1
0.75,994,2,2,2,2,1.3254082912123701,1
0.75,995,2,2,2,2,0.2843689410816662,1
0.75,996,2,2,2,2,0.4842372017646591,1
0.75,997,2,2,2,2,0.9356177455927904,1
0.75,998,2,2,2,2,1.3030116675610524,1
0.75,999,2,2,2,2,1.0660072924655088,1
0.75,1000,2,2,2,2,0.8327898143017982,1
0.75,1001,2,2,2,2,0.39191347564263646,1
0.75,1002,2,2,2,2,0.8543683838079434,1
0.75,1003,2,2,2,2,1.4900963697602103,1
0.75,1004,2,2,2,2,1.231173966467006,1
0.75,1005,2,2,2,2,0.9070490466420731,1
0.75,1006,2,2,2,2,1.2471459134421736,1
0.75,1007,2,2,2,2,0.3876710904798185,1
0.75,1008,2,2,2,2,1.0022376847605217,1
0.75,1009,2,2,2,2,1.4606058546830682,1
0.75,1010,2,2,2,2,1.6418089696743188,1
0.75,1011,2,2,2,2,0.9014229628841317,1
0.75,1012,2,2,2,2,1.2986386045724925,1
0.75,1013,2,2,2,2,0.0206634910905793,1
0.75,1014,2,2,2,2,1.4813856492619202,1
0.75,1015,2,2,2,2,1.7739319607385844,1
0.75,1016,2,2,2,2,1.7192156436095827,1
0.75,1017,2,2,2,2,1.368418638105465,1
0.75,1018,2,2,2,2,1.518984406869417,1
0.75,1019,2,2,2,2,0.7395362920689398,1
0.75,1020,2,2,2,2,1.251747849274949,1
0.75,1021,2,2,2,2,0.9017665427519802,1
0.75,1022,2,2,2,2,1.0617217743200613,1
0.75,1023,2,2,2,2,1.6538903783200842,1
0.75,1024,2,2,2,2,1.5545065210361249,1
0.75,1025,2,2,2,2,0.5238768848218035,1
0.75,1026,2,2,2,2,1.4863667323809664,1
0.75,1027,2,2,2,2,1.5556967696345483,1
0.75,1028,2,2,2,2,1.5495351652323452,1
0.75,1029,2,2,2,2,1.632415389494163,1
0.75,1030,2,2,2,2,2.002781134206099,1
0.75,1031,2,2,2,2,1.4002315518923596,1
0.75,1032,2,2,2,2,0.9655976550573268,1
0.75,1033,2,2,2,2,0.8387491227708187,1
0.75,1034,2,2,2,2,1.3134175846833598,1
0.75,1035,2,4,2,2,0.8704432289766846,1
0.75,1036,2,4,4,4,0.8535246939033475,1
0.75,1037,2,4,2,2,0.5371432709200709,1
0.75,1038,2,2,2,2,0.3080478665368007,1
0.75,1039,2,2,2,2,0.46437504902621063,1
0.75,1040,2,2,2,2,0.09367002770808941,1
0.75,1041,2,2,2,2,1.0125894526412966,1
0.75,1042,2,2,2,2,1.4504210558777593,1
0.75,1043,2,2,2,2,1.1633963938129277,1
0.75,1044,2,2,2,2,1.0719140956817257,1
0.75,1045,2,2,2,2,1.1936691039526752,1
0.75,1046,2,2,2,2,1.3996813927660754,1
0.75,1047,2,2,2,2,0.425772031911146,1
0.75,1048,2,2,2,2,0.5997896242461205,1
0.75,1049,2,2,2,2,0.7875560370564038,1
0.75,1050,2,2,2,2,1.3037604290215024,1
0.75,1051,2,2,2,2,1.0983088871506146,1
0.75,1052,2,2,2,2,1.200093317250948,1
0.75,1053,2,2,2,2,1.3242624182684157,1
0.75,1054,2,2,2,2,1.0728303886451958,1
0.75,1055,2,2,2,2,0.45165989646281596,1
0.75,1056,2,2,2,2,0.8407321837684906,1
0.75,1057,2,2,2,2,0.8509883632754295,1
0.75,1058,2,2,2,2,1.379110500588367,1
0.75,1059,2,4,4,4,1.051071981088608,1
0.75,1060,2,4,4,4,1.0065647602618635,1
0.75,1061,2,4,2,2,0.10081706368594523,1
0.75,1062,2,2,2,2,0.564519737800692,1
0.75,1063,2,2,2,2,0.721682393345052,1
0.75,1064,2,2,2,2,0.7738460301268493,1
0.75,1065,2,2,2,2,1.0175808065302256,1
0.75,1066,2,2,2,2,1.1711520590467153,1
0.75,1067,2,2,2,2,1.1759930487738113,1
0.75,1068,2,4,2,2,0.36253452550946474,1
0.75,1069,2,4,2,2,0.9644998135198735,1
0.75,1070,2,2,2,2,0.36612087346086297,1
0.75,1071,2,4,4,4,0.8441012108076084,1
0.75,1072,2,4,4,4,0.36493287640872407,1
0.75,1073,2,4,2,2,0.7865000248686244,1
0.75,1074,2,2,2,2,0.15799110711791253,1
0.75,1075,2,2,2,2,0.32123765918940983,1
0.75,1076,2,4,2,2,0.021690878866541252,1
0.75,1077,2,2,2,2,0.3600189767235833,1
0.75,1078,2,2,2,2,0.33092231065232036,1
0.75,1079,2,2,2,2,0.5579510289561672,1
0.75,1404,3,3,3,3,2.2637411042386586,1
0.75,1405,3,3,3,3,1.7329969068156306,1
0.75,1406,3,3,3,3,2.0644224351678546,1
0.75,1407,3,3,3,3,1.8216841598137132,1
0.75,1408,3,3,3,3,1.7615776728733443,1
0.75,1409,3,3,3,3,1.9637894749002431,1
0.75,1410,3,3,3,3,1.9703911241179302,1
0.75,1411,3,3,3,3,1.504395528388918,1
0.75,1412,3,3,3,3,1.6750777864657307,1
0.75,1413,3,3,3,3,1.8865005117106028,1
0.75,1414,3,3,3,3,1.7052970651435237,1
0.75,1415,3,3,3,3,1.6223938502017106,1
0.75,1416,3,3,3,3,0.9919336364699669,1
0.75,1417,3,3,3,3,0.7188449870231035,1
0.75,1418,3,3,3,3,1.6304826149859672,1
0.75,1419,3,3,3,3,0.5619414591166199,1
0.75,1420,3,3,3,3,0.4609108308858366,1
0.75,1421,3,3,3,3,0.6468110129417973,1
0.75,1422,3,3,3,3,0.09772586250818138,1
0.75,1423,3,3,3,3,0.6772938252521052,1
0.75,1424,3,3,3,3,0.8217000693934068,1
0.75,1425,3,3,3,3,1.1207854637317802,1
0.75,1426,3,3,3,3,0.28288107203493684,1
0.75,1427,3,3,3,3,1.6291768044894415,1
0.75,1428,3,3,3,3,1.9431411184231477,1
0.75,1429,3,3,3,3,1.7262802522330205,1
0.75,1430,3,3,3,3,1.7389056890762429,1
0.75,1431,3,3,3,3,1.1799049548215295,1
0.75,1432,3,3,3,3,1.1527271503361025,1
0.75,1433,3,3,3,3,1.1873300907934896,1
0.75,1434,3,3,3,3,1.283718494613086,1
0.75,1435,3,3,3,3,1.2194246033250904,1
0.75,1436,3,3,3,3,1.1873763603365524,1
0.75,1437,3,3,3,3,1.0445113676993425,1
0.75,1438,3,3,3,3,1.443329088871339,1
0.75,1439,3,3,3,3,0.6275741643983361,1
0.75,1440,3,3,3,3,1.8740590072903385,1
0.75,1441,3,3,3,3,2.148122183790304,1
0.75,1442,3,3,3,3,1.7096763728607018,1
0.75,1443,3,3,3,3,1.30327835441765,1
0.75,1444,3,3,3,3,1.421944447405477,1
0.75,1445,3,3,3,3,0.7866897180704465,1
0.75,1446,3,3,3,3,1.2013322339331742,1
0.75,1447,3,3,3,3,1.3690026323711644,1
0.75,1448,3,3,3,3,1.581955149638492,1
0.75,1449,3,3,3,3,1.1556166597333855,1
0.75,1450,3,3,3,3,1.6608116191778444,1
0.75,1451,3,3,3,3,1.4448565053041038,1
0.75,1452,3,3,3,3,2.2615695809510705,1
0.75,1453,3,3,3,3,1.9107095519749584,1
0.75,1454,3,3,3,3,1.7388363614463653,1
0.75,1455,3,3,3,3,1.0456690278805696,1
0.75,1456,3,3,3,3,1.5803498234656843,1
0.75,1457,3,3,3,3,1.7213093227123248,1
0.75,1458,3,3,3,3,1.1848088080452497,1
0.75,1459,3,3,3,3,1.374836079361363,1
0.75,1460,3,3,3,3,1.9407167207673837,1
0.75,1461,3,3,3,3,1.3911945669608599,1
0.75,1462,3,3,3,3,1.59453185680841,1
0.75,1463,3,3,3,3,1.83627589662275,1
0.75,1464,3,3,3,3,2.1599667197128585,1
0.75,1465,3,3,3,3,2.228433397916409,1
0.75,1466,3,3,3,3,2.080694730655937,1
0.75,1467,3,3,3,3,1.5659404839007434,1
0.75,1468,3,3,3,3,1.740541819325906,1
0.75,1469,3,3,3,3,1.833602801055263,1
0.75,1470,3,3,3,3,1.5455685789096076,1
0.75,1471,3,3,3,3,1.8748797917738906,1
0.75,1472,3,3,3,3,1.9559181394262752,1
0.75,1473,3,3,3,3,1.686234925243773,1
0.75,1474,3,3,3,3,1.2422884570411954,1
0.75,1475,3,3,3,3,1.4686816703381973,1
0.75,1476,3,3,3,3,2.095614454890271,1
0.75,1477,3,3,3,3,2.478707214246018,0
0.75,1478,3,3,3,3,2.144770130029609,1
0.75,1479,3,3,3,3,1.528264722888169,1
0.75,1480,3,3,3,3,1.267921809657424,1
0.75,1481,3,3,3,3,1.315700002872792,1
0.75,1482,3,3,3,3,1.5744213507625555,1
0.75,1483,3,3,3,3,1.7310283244898392,1
0.75,1484,3,3,3,3,1.5354953638561513,1
0.75,1485,3,3,3,3,1.9139776543727578,1
0.75,1486,3,3,3,3,1.6186807636505947,1
0.75,1487,3,3,3,3,1.7797693013664055,1
0.75,1488,3,3,3,3,2.1718794808949733,1
0.75,1489,3,3,3,3,2.1875509881328874,1
0.75,1490,3,3,3,3,2.0803765710643938,1
0.75,1491,3,3,3,3,1.6566883649852833,1
0.75,1492,3,3,3,3,1.5321537355061512,1
0.75,1493,3,3,3,3,1.9754792053133827,1
0.75,1494,3,3,3,3,2.013693155832186,1
0.75,1495,3,3,3,3,2.0234226229336585,1
0.75,1496,3,3,3,3,1.4359790654641025,1
0.75,1497,3,3,3,3,1.8148875859076559,1
0.75,1498,3,3,3,3,1.944803321462636,1
0.75,1499,3,3,3,3,2.3355988161965913,1
0.75,1500,3,3,3,3,2.2442251739162242,1
0.75,1501,3,3,3,3,2.0806030605212595,1
0.75,1502,3,3,3,3,2.3090521358774705,1
0.75,1503,3,3,3,3,1.6472586245667622,1
0.75,1504,3,3,3,3,1.6816776880218485,1
0.75,1505,3,3,3,3,1.8818166603651574,1
0.75,1506,3,3,3,3,1.9662241599208814,1
0.75,1507,3,3,3,3,1.8863856058548625,1
0.75,1508,3,3,3,3,1.7031285354442434,1
0.75,1509,3,3,3,3,1.7728931215219348,1
0.75,1510,3,3,3,3,1.9354002125059293,1
0.75,1511,3,3,3,3,1.940650428540707,1
0.75,1836,4,4,4,4,0.38510929323456833,1
0.75,1837,4,7,4,4,0.06194677920841918,1
0.75,1838,4,4,4,4,0.09933650895425794,1
0.75,1839,4,4,4,4,0.02508600391091198,1
0.75,1840,4,4,4,4,0.24255936647149534,1
0.75,1841,4,4,4,4,0.7328542452138322,1
0.75,1842,4,4,7,7,0.0007601806828714253,1
0.75,1843,4,4,4,4,0.9474880926713483,1
0.75,1844,4,4,4,4,0.9019697645259084,1
0.75,1845,4,7,4,4,0.12002921073281725,1
0.75,1846,4,4,4,4,0.33912491448206494,1
0.75,1847,4,4,4,4,0.017723511061865316,1
0.75,1848,4,7,7,7,0.8847136234761821,1
0.75,1849,4,7,7,7,0.7176841671223777,1
0.75,1850,4,7,7,7,0.8124943001991665,1
0.75,1851,4,7,7,7,0.27085785256124023,1
0.75,1852,4,7,7,7,0.640962765588751,1
0.75,1853,4,7,7,7,1.3222915768919812,1
0.75,1854,4,7,7,7,1.4532611675173381,1
0.75,1855,4,7,7,7,0.9343401964466319,1
0.75,1856,4,7,7,7,1.238029485467437,1
0.75,1857,4,7,7,7,1.2904503901187654,1
0.75,1858,4,7,7,7,0.7310916153990182,1
0.75,1859,4,7,7,7,1.1277510332548326,1
0.75,1860,4,7,7,7,0.7096861988712454,1
0.75,1861,4,7,7,7,0.8114953075638575,1
0.75,1862,4,7,7,7,0.7664272193240613,1
0.75,1863,4,7,7,7,0.2656055810587283,1
0.75,1864,4,7,7,7,0.39207553854105287,1
0.75,1865,4,7,7,7,1.0327229402740712,1
0.75,1866,4,7,7,7,1.0282979346297796,1
0.75,1867,4,7,7,7,0.8234009848441897,1
0.75,1868,4,7,7,7,0.8788961597265181,1
0.75,1869,4,7,7,7,0.9443702935391722,1
0.75,1870,4,7,7,7,0.5813511775585805,1
0.75,1871,4,7,7,7,1.1033148112878521,1
0.75,1872,4,7,7,7,0.29212876213145655,1
0.75,1873,4,7,7,7,0.3061624717218976,1
0.75,1874,4,7,7,7,0.7539300414348483,1
0.75,1875,4,2,7,7,0.10689127050259739,1
0.75,1876,4,2,7,7,0.03849594479024343,1
0.75,1877,4,7,7,7,0.5302053265112633,1
0.75,1878,4,7,7,7,0.5593730030375264,1
0.75,1879,4,7,7,7,0.3690545362984291,1
0.75,1880,4,7,7,7,0.4331611400274137,1
0.75,1881,4,7,7,7,0.7668303871060884,1
0.75,1882,4,7,7,7,0.48672739696909584,1
0.75,1883,4,7,7,7,0.4776793714676214,1
0.75,1884,4,7,7,7,0.08401574873797513,1
0.75,1885,4,4,7,7,0.14536667800226755,1
0.75,1886,4,7,7,7,0.15800962316186806,1
0.75,1887,4,7,7,7,0.11891734756021721,1
0.75,1888,4,7,7,7,0.17347903008829685,1
0.75,1889,4,7,7,7,0.26362931479627527,1
0.75,1890,4,7,7,7,0.5617090763023024,1
0.75,1891,4,7,7,7,0.7395068164098905,1
0.75,1892,4,4,7,7,0.26929239275277816,1
0.75,1893,4,7,7,7,0.9642158416726381,1
0.75,1894,4,7,7,7,0.3693496401690278,1
0.75,1895,4,7,7,7,1.043193682211599,1
0.75,1896,4,7,7,7,0.023858492953631294,1
0.75,1897,4,7,7,7,0.21251795653275907,1
0.75,1898,4,4,7,7,0.00840199732953073,1
0.75,1899,4,7,7,7,0.2949727652667289,1
0.75,1900,4,7,7,7,0.2530469846294004,1
0.75,1901,4,4,7,7,0.18428704946683083,1
0.75,1902,4,7,7,7,0.10157470812259228,1
0.75,1903,4,7,7,7,0.1469002063382523,1
0.75,1904,4,4,10,10,0.18008405370566694,1
0.75,1905,4,7,7,7,0.7543842224569253,1
0.75,1906,4,7,7,7,0.3615863763078544,1
0.75,1907,4,4,7,7,0.07877681956054872,1
0.75,1908,4,4,4,4,0.442597968038003,1
0.75,1909,4,4,7,7,0.47746156073569923,1
0.75,1910,4,4,4,4,0.5697131676112355,1
0.75,1911,4,4,7,7,0.19093960727903125,1
0.75,1912,4,4,7,7,0.2261058275195419,1
0.75,1913,4,4,7,7,0.3212770709615458,1
0.75,1914,4,4,7,7,0.10725704869993247,1
0.75,1915,4,4,7,7,0.6847127905671806,1
0.75,1916,4,4,10,10,0.38755835509692327,1
0.75,1917,4,4,7,7,0.03673306541816579,1
0.75,1918,4,4,7,7,0.2913750618742289,1
0.75,1919,4,4,7,7,0.587532949836596,1
0.75,1920,4,4,4,4,0.5690537067932466,1
0.75,1921,4,4,4,4,0.6034670026928588,1
0.75,1922,4,4,4,4,0.8993807889210225,1
0.75,1923,4,4,7,7,0.41084241739361227,1
0.75,1924,4,4,7,7,0.45633419167882394,1
0.75,1925,4,4,7,7,0.7929946410480173,1
0.75,1926,4,7,7,7,0.03917463374551855,1
0.75,1927,4,7,7,7,0.19362718456992045,1
0.75,1928,4,4,4,4,0.9427537262205646,1
0.75,1929,4,4,4,4,0.4456493223448771,1
0.75,1930,4,4,4,4,0.2785687761469362,1
0.75,1931,4,4,7,7,0.3564501898040088,1
0.75,1932,4,4,4,4,0.5871351122902972,1
0.75,1933,4,4,4,4,0.31637615815167686,1
0.75,1934,4,4,4,4,0.4063348469794832,1
0.75,1935,4,4,7,7,0.07354874249803023,1
0.75,1936,4,4,4,4,0.14996383420700898,1
0.75,1937,4,4,4,4,1.0923661919992107,1
0.75,1938,4,4,4,4,0.34750592272764136,1
0.75,1939,4,4,4,4,0.29312959379916825,1
0.75,1940,4,4,4,4,1.1395271348563205,1
0.75,1941,4,4,4,4,0.07335296807080594,1
0.75,1942,4,4,4,4,0.1310982156441597,1
0.75,1943,4,4,4,4,0.1769767779849033,1
0.75,2268,5,5,5,5,1.4147698216611462,1
0.75,2269,5,5,5,5,1.0724395666399362,1
0.75,2270,5,5,5,5,1.2970315995895816,1
0.75,2271,5,5,5,5,1.1480676124866505,1
0.75,2272,5,5,5,5,1.0354576788229282,1
0.75,2273,5,5,5,5,1.4667733595886272,1
0.75,2274,5,5,5,5,1.4142084453680372,1
0.75,2275,5,5,5,5,1.4053612956818615,1
0.75,2276,5,5,5,5,2.1140608377995687,1
0.75,2277,5,5,5,5,1.5877245801000195,1
0.75,2278,5,5,5,5,1.7918161148756666,1
0.75,2279,5,5,5,5,1.2826162630081197,1
0.75,2280,5,5,5,5,0.9432524112465535,1
0.75,2281,5,5,5,5,1.2520154810769197,1
0.75,2282,5,5,5,5,1.572397744533216,1
0.75,2283,5,5,5,5,1.4458804613533527,1
0.75,2284,5,5,5,5,1.7886668363310574,1
0.75,2285,5,5,5,5,2.418176189639378,0
0.75,2286,5,5,5,5,2.781731719286344,0
0.75,2287,5,5,5,5,2.6712901177313464,0
0.75,2288,5,5,5,5,2.680985036830804,0
0.75,2289,5,5,5,5,2.0824502958074382,1
0.75,2290,5,5,5,5,1.8357950603998114,1
0.75,2291,5,5,5,5,2.5062579002060783,0
0.75,2292,5,5,5,5,1.8713731611236724,1
0.75,2293,5,5,5,5,1.537262571031669,1
0.75,2294,5,5,5,5,1.9381013681926502,1
0.75,2295,5,5,5,5,3.0214690418883627,0
0.75,2296,5,5,5,5,3.0943300464986025,0
0.75,2297,5,5,5,5,2.9883285026552904,0
0.75,2298,5,5,5,5,2.8040419994019454,0
0.75,2299,5,5,5,5,2.8126648162543626,0
0.75,2300,5,5,5,5,3.2386582931278616,0
0.75,2301,5,5,5,5,2.0411920976302307,1
0.75,2302,5,5,5,5,2.6531444111364677,0
0.75,2303,5,5,5,5,2.873014801877143,0
0.75,2304,5,5,5,5,1.7618621278944055,1
0.75,2305,5,5,5,5,2.0495226831178863,1
0.75,2306,5,5,5,5,2.0938819668363218,1
0.75,2307,5,5,5,5,3.0182595955438103,0
0.75,2308,5,5,5,5,3.3548916154844046,0
0.75,2309,5,5,5,5,2.796812721076461,0
0.75,2310,5,5,5,5,2.417392573567554,0
0.75,2311,5,5,5,5,2.224261416855294,1
0.75,2312,5,5,5,5,2.804732607201561,0
0.75,2313,5,5,5,5,2.650806472813009,0
0.75,2314,5,5,5,5,3.0296510950125333,0
0.75,2315,5,5,5,5,2.4881904668125547,0
0.75,2316,5,5,5,5,1.974664715702223,1
0.75,2317,5,5,5,5,1.756351473981866,1
0.75,2318,5,5,5,5,1.846587265353146,1
0.75,2319,5,5,5,5,3.0450247475454058,0
0.75,2320,5,5,5,5,3.1809856967287784,0
0.75,2321,5,5,5,5,2.765670548542535,0
0.75,2322,5,5,5,5,2.730242811659726,0
0.75,2323,5,5,5,5,3.065408020707338,0
0.75,2324,5,5,5,5,2.864620645198582,0
0.75,2325,5,5,5,5,2.2950605175330643,1
0.75,2326,5,5,5,5,2.8154531468958197,0
0.75,2327,5,5,5,5,2.6227117148030374,0
0.75,2328,5,5,5,5,1.841521577566254,1
0.75,2329,5,5,5,5,1.8193484464114236,1
0.75,2330,5,5,5,5,2.106958645629219,1
0.75,2331,5,5,5,5,2.618415582252158,0
0.75,2332,5,5,5,5,3.3182610798834045,0
0.75,2333,5,5,5,5,2.8844776042360594,0
0.75,2334,5,5,5,5,1.7272299261919124,1
0.75,2335,5,5,5,5,3.023355764946816,0
0.75,2336,5,5,5,5,2.744863917060552,0
0.75,2337,5,5,5,5,2.2627434533746924,1
0.75,2338,5,5,5,5,2.8289952800317786,0
0.75,2339,5,5,5,5,2.5340636030211456,0
0.75,2340,5,5,5,5,2.1124969153087463,1
0.75,2341,5,5,5,5,1.7413237414561142,1
0.75,2342,5,5,5,5,2.1255686945687193,1
0.75,2343,5,5,5,5,2.109213351862767,1
0.75,2344,5,5,5,5,2.5479961124603165,0
0.75,2345,5,5,5,5,2.124605427902731,1
0.75,2346,5,5,5,5,2.305720849737618,1
0.75,2347,5,5,5,5,2.7178363059840684,0
0.75,2348,5,5,5,5,2.717079486944134,0
0.75,2349,5,5,5,5,2.0075996163372305,1
0.75,2350,5,5,5,5,2.3733237167063503,0
0.75,2351,5,5,5,5,2.744940723472494,0
0.75,2352,5,5,5,5,1.1886008089328972,1
0.75,2353,5,5,5,5,2.007708369445153,1
0.75,2354,5,5,5,5,1.690110762447625,1
0.75,2355,5,5,5,5,1.8515834108081815,1
0.75,2356,5,5,5,5,1.9536048536676724,1
0.75,2357,5,5,5,5,1.6637718364988023,1
0.75,2358,5,5,5,5,2.540246439959075,0
0.75,2359,5,5,5,5,1.8341771496096178,1
0.75,2360,5,5,5,5,2.5586111925166968,0
0.75,2361,5,5,5,5,2.036255311924415,1
0.75,2362,5,5,5,5,2.6269742033121943,0
0.75,2363,5,5,5,5,2.113908080792018,1
0.75,2364,5,5,5,5,1.8657876790950034,1
0.75,2365,5,5,5,5,1.296149167976348,1
0.75,2366,5,5,5,5,2.2273437797419327,1
0.75,2367,5,5,5,5,1.2795706611779387,1
0.75,2368,5,5,5,5,1.2729792423424289,1
0.75,2369,5,5,5,5,0.825269830266935,1
0.75,2370,5,5,5,5,1.5350736890168677,1
0.75,2371,5,5,5,5,1.1628929283305014,1
0.75,2372,5,5,5,5,2.3385793285923517,1
0.75,2373,5,5,5,5,1.5980321663524268,1
0.75,2374,5,5,5,5,1.614202072202091,1
0.75,2375,5,5,5,5,2.0629755966236947,1
0.75,2700,6,6,6,6,2.212407152015856,1
0.75,2701,6,6,6,6,2.6789555846188025,0
0.75,2702,6,6,6,6,2.1168735074901255,1
0.75,2703,6,6,6,6,2.5602665111094085,0
0.75,2704,6,6,6,6,2.359106531330702,0
0.75,2705,6,6,6,6,2.4203745780546724,0
0.75,2706,6,6,6,6,1.9244384379678565,1
0.75,2707,6,6,6,6,2.3626905282730886,0
0.75,2708,6,6,6,6,2.456353212734764,0
0.75,2709,6,6,6,6,2.499894573346329,0
0.75,2710,6,6,6,6,2.014267344206947,1
0.75,2711,6,6,6,6,2.6220996709771893,0
0.75,2712,6,6,6,6,2.39832681343813,0
0.75,2713,6,6,6,6,1.6537219725635763,1
0.75,2714,6,6,6,6,2.008557883481059,1
0.75,2715,6,6,6,6,2.2263035120739634,1
0.75,2716,6,6,6,6,2.301303637818525,1
0.75,2717,6,6,6,6,2.620163790557574,0
0.75,2718,6,6,6,6,1.4287183676608217,1
0.75,2719,6,6,6,6,0.8749779491419986,1
0.75,2720,6,6,6,6,2.4648427774268526,0
0.75,2721,6,6,6,6,1.795228421977486,1
0.75,2722,6,6,6,6,2.2860313006484074,1
0.75,2723,6,6,6,6,1.8072621733698089,1
0.75,2724,6,6,6,6,2.22207435462322,1
0.75,2725,6,6,6,6,2.2422442621763317,1
0.75,2726,6,6,6,6,2.416853934448829,0
0.75,2727,6,6,6,6,2.624735591088693,0
0.75,2728,6,6,6,6,2.4326767773596396,0
0.75,2729,6,6,6,6,2.582839338928628,0
0.75,2730,6,6,6,6,2.5247565555675795,0
0.75,2731,6,6,6,6,2.25812500777977,1
0.75,2732,6,6,6,6,2.007655023838721,1
0.75,2733,6,6,6,6,2.574137450506041,0
0.75,2734,6,6,6,6,2.274911561334753,1
0.75,2735,6,6,6,6,1.9829723563569737,1
0.75,2736,6,6,6,6,2.3112936588997206,1
0.75,2737,6,6,6,6,2.0933182188986015,1
0.75,2738,6,6,6,6,2.1651780619316536,1
0.75,2739,6,6,6,6,2.542340006824274,0
0.75,2740,6,6,6,6,2.315877179532392,1
0.75,2741,6,6,6,6,2.2280876517893944,1
0.75,2742,6,6,6,6,2.12159648815358,1
0.75,2743,6,6,6,6,2.3914673053199063,0
0.75,2744,6,6,6,6,2.703390429419734,0
0.75,2745,6,6,6,6,2.3097408421034924,1
0.75,2746,6,6,6,6,2.4645285025689385,0
0.75,2747,6,6,6,6,2.6223046848887046,0
0.75,2748,6,6,6,6,2.1826363970277654,1
0.75,2749,6,6,6,6,1.9680295785185582,1
0.75,2750,6,6,6,6,2.2047952277971525,1
0.75,2751,6,6,6,6,2.38061467564959,0
0.75,2752,6,6,6,6,2.4755909900223543,0
0.75,2753,6,6,6,6,2.4761980842122515,0
0.75,2754,6,6,6,6,2.6531794933080555,0
0.75,2755,6,6,6,6,2.6704435077080335,0
0.75,2756,6,6,6,6,2.6969874950063377,0
0.75,2757,6,6,6,6,2.5900621178288015,0
0.75,2758,6,6,6,6,2.6786797577791113,0
0.75,2759,6,6,6,6,2.6192272453300482,0
0.75,2760,6,6,6,6,1.8657252233787793,1
0.75,2761,6,6,6,6,1.9157435406414807,1
0.75,2762,6,6,6,6,2.277549453075098,1
0.75,2763,6,6,6,6,2.3680726327989543,0
0.75,2764,6,6,6,6,2.4189642487208936,0
0.75,2765,6,6,6,6,2.529296675498843,0
0.75,2766,6,6,6,6,2.3265670401045697,1
0.75,2767,6,6,6,6,2.5284590795864643,0
0.75,2768,6,6,6,6,2.43025874233824,0
0.75,2769,6,6,6,6,2.751938339231683,0
0.75,2770,6,6,6,6,2.4710522623139193,0
0.75,2771,6,6,6,6,2.289139657951445,1
0.75,2772,6,6,6,6,2.1791340474363206,1
0.75,2773,6,6,6,6,2.0002910183528613,1
0.75,2774,6,6,6,6,2.1346344768651146,1
0.75,2775,6,6,6,6,2.1459986856795923,1
0.75,2776,6,6,6,6,2.1277284710832354,1
0.75,2777,6,6,6,6,2.4872070238651207,0
0.75,2778,6,6,6,6,2.3216195131238386,1
0.75,2779,6,6,6,6,2.529928872265829,0
0.75,2780,6,6,6,6,2.4014511550510313,0
0.75,2781,6,6,6,6,2.586074418917357,0
0.75,2782,6,6,6,6,2.2786890386162213,1
0.75,2783,6,6,6,6,2.67224721037167,0
0.75,2784,6,6,6,6,2.169887793816822,1
0.75,2785,6,6,6,6,2.0285135404777774,1
0.75,2786,6,6,6,6,2.295373565345888,1
0.75,2787,6,6,6,6,2.237728307600877,1
0.75,2788,6,6,6,6,2.309219673559772,1
0.75,2789,6,6,6,6,2.405970404753319,0
0.75,2790,6,6,6,6,2.45078953663009,0
0.75,2791,6,6,6,6,2.434951911347799,0
0.75,2792,6,6,6,6,2.254350748143692,1
0.75,2793,6,6,6,6,2.324927434235864,1
0.75,2794,6,6,6,6,2.277407919368154,1
0.75,2795,6,6,6,6,2.493378337818613,0
0.75,2796,6,6,6,6,1.9451788907237644,1
0.75,2797,6,6,6,6,2.05429724215787,1
0.75,2798,6,6,6,6,2.3155706042571005,1
0.75,2799,6,6,6,6,2.100765725669178,1
0.75,2800,6,6,6,6,2.291403537554703,1
0.75,2801,6,6,6,6,2.2904549880243943,1
0.75,2802,6,6,6,6,2.5830287407924977,0
0.75,2803,6,6,6,6,2.614046990643947,0
0.75,2804,6,6,6,6,2.2273882973052794,1
0.75,2805,6,6,6,6,2.1649554955678045,1
0.75,2806,6,6,6,6,1.8949342853848234,1
0.75,2807,6,6,6,6,2.5124945265280747,0
0.75,3132,7,7,7,7,1.1937510114120744,1
0.75,3133,7,7,7,7,1.2694951372010777,1
0.75,3134,7,7,7,7,1.4988030463823465,1
0.75,3135,7,7,7,7,1.7244942890807464,1
0.75,3136,7,7,7,7,1.7129408032505922,1
0.75,3137,7,7,7,7,1.1592092804096008,1
0.75,3138,7,7,7,7,1.3669557241870802,1
0.75,3139,7,7,7,7,1.4159055892458148,1
0.75,3140,7,7,7,7,1.244492475025734,1
0.75,3141,7,7,7,7,0.9508804872573904,1
0.75,3142,7,7,7,7,1.6055470351830543,1
0.75,3143,7,7,7,7,1.6337185351976546,1
0.75,3144,7,7,7,7,0.6253793542234798,1
0.75,3145,7,7,7,7,1.1996230171101154,1
0.75,3146,7,7,7,7,0.9975086281925369,1
0.75,3147,7,7,7,7,1.3861594951115888,1
0.75,3148,7,7,7,7,1.040743747302227,1
0.75,3149,7,7,7,7,1.8831775307338083,1
0.75,3150,7,7,7,7,1.9265122389791571,1
0.75,3151,7,7,7,7,1.5416130923984552,1
0.75,3152,7,7,7,7,1.448177616050519,1
0.75,3153,7,7,7,7,1.9474038171576855,1
0.75,3154,7,7,7,7,1.9184695854315574,1
0.75,3155,7,7,7,7,1.8224538435356705,1
0.75,3156,7,7,7,7,0.6716808471091418,1
0.75,3157,7,7,7,7,1.4915883733103816,1
0.75,3158,7,7,7,7,1.5393901249686897,1
0.75,3159,7,7,7,7,1.960295069021548,1
0.75,3160,7,7,7,7,1.7318423531588754,1
0.75,3161,7,7,7,7,2.2975053595961787,1
0.75,3162,7,7,7,7,1.9997064399056614,1
0.75,3163,7,7,7,7,1.7791207802460014,1
0.75,3164,7,7,7,7,1.5431279726069242,1
0.75,3165,7,7,7,7,2.1288825240812104,1
0.75,3166,7,7,7,7,1.931870794308444,1
0.75,3167,7,7,7,7,2.4047165549911114,0
0.75,3168,7,7,7,7,1.2202976250817343,1
0.75,3169,7,7,7,7,1.4806293256107352,1
0.75,3170,7,7,7,7,1.4454040009716602,1
0.75,3171,7,7,7,7,1.89903958499423,1
0.75,3172,7,7,7,7,1.8429297313329918,1
0.75,3173,7,7,7,7,2.1311006467110403,1
0.75,3174,7,7,7,7,1.9499060034665405,1
0.75,3175,7,7,7,7,1.5212974594433732,1
0.75,3176,7,7,7,7,1.6103645641065047,1
0.75,3177,7,7,7,7,2.0656984121190742,1
0.75,3178,7,7,7,7,1.870502763405912,1
0.75,3179,7,7,7,7,2.2796674354385145,1
0.75,3180,7,7,7,7,1.3688104988307246,1
0.75,3181,7,7,7,7,1.5059698365207101,1
0.75,3182,7,7,7,7,1.7984419448494813,1
0.75,3183,7,7,7,7,1.676305326295994,1
0.75,3184,7,7,7,7,1.7146502944539337,1
0.75,3185,7,7,7,7,2.085433655461107,1
0.75,3186,7,7,7,7,1.7152401959392447,1
0.75,3187,7,7,7,7,1.7779055207466807,1
0.75,3188,7,7,7,7,1.5166896021855778,1
0.75,3189,7,7,7,7,1.9503721431309726,1
0.75,3190,7,7,7,7,1.8550981790203207,1
0.75,3191,7,7,7,7,2.2748794627403335,1
0.75,3192,7,7,7,7,0.7587749225124467,1
0.75,3193,7,7,7,7,1.4225085285724908,1
0.75,3194,7,7,7,7,1.4196232452955408,1
0.75,3195,7,7,7,7,1.548803234093317,1
0.75,3196,7,7,7,7,1.6634442391500484,1
0.75,3197,7,7,7,7,1.95734739573894,1
0.75,3198,7,7,7,7,1.6684198917674022,1
0.75,3199,7,7,7,7,1.6010185885267574,1
0.75,3200,7,7,7,7,1.3969981800692142,1
0.75,3201,7,7,7,7,1.6734793394461915,1
0.75,3202,7,7,7,7,1.7441508718224752,1
0.75,3203,7,7,7,7,1.969999250554601,1
0.75,3204,7,7,7,7,1.2249565720571827,1
0.75,3205,7,7,7,7,1.2245073610227177,1
0.75,3206,7,7,7,7,1.4375707545527119,1
0.75,3207,7,7,7,7,1.8965212416590962,1
0.75,3208,7,7,7,7,1.822939030289973,1
0.75,3209,7,7,7,7,1.514497603477968,1
0.75,3210,7,7,7,7,2.025060537548159,1
0.75,3211,7,7,7,7,2.014632603731968,1
0.75,3212,7,7,7,7,1.752302954024188,1
0.75,3213,7,7,7,7,1.6331543078328101,1
0.75,3214,7,7,7,7,1.8507986466733861,1
0.75,3215,7,7,7,7,1.1575363099561504,1
0.75,3216,7,7,7,7,0.6510416303923202,1
0.75,3217,7,7,7,7,0.7595219783025294,1
0.75,3218,7,7,7,7,1.0307742269333309,1
0.75,3219,7,7,7,7,1.849798602112269,1
0.75,3220,7,7,7,7,1.0914518560618758,1
0.75,3221,7,7,7,7,0.7348794110535076,1
0.75,3222,7,7,7,7,1.1238126392053873,1
0.75,3223,7,7,7,7,1.5347949741155447,1
0.75,3224,7,7,7,7,1.0037795032504306,1
0.75,3225,7,7,7,7,1.0620097581304524,1
0.75,3226,7,7,7,7,1.327593963124472,1
0.75,3227,7,7,7,7,0.6649423963314292,1
0.75,3228,7,7,7,7,0.9750619171064703,1
0.75,3229,7,7,7,7,0.5605227656247816,1
0.75,3230,7,7,7,7,0.9731628216797336,1
0.75,3231,7,7,7,7,1.6081384731341677,1
0.75,3232,7,7,7,7,1.2449594392948684,1
0.75,3233,7,7,7,7,0.8765725606814341,1
0.75,3234,7,7,7,7,0.5040905286078049,1
0.75,3235,7,7,7,7,1.1619025380920034,1
0.75,3236,7,7,7,7,0.40579048995439637,1
0.75,3237,7,7,7,7,0.9249932829586952,1
0.75,3238,7,7,7,7,1.2922942041436896,1
0.75,3239,7,7,7,7,0.6730407641488636,1
0.75,3564,8,8,8,8,0.2321864132648651,1
0.75,3565,8,8,8,8,1.3183494516875918,1
0.75,3566,8,8,8,8,0.6802326039940699,1
0.75,3567,8,8,8,8,0.7412033367537888,1
0.75,3568,8,8,8,8,0.44984506637218724,1
0.75,3569,8,8,8,8,0.7846468545260675,1
0.75,3570,8,8,8,8,2.0329794931790315,1
0.75,3571,8,8,8,8,1.4805050545466594,1
0.75,3572,8,8,8,8,1.7156407916005167,1
0.75,3573,8,8,8,8,0.9948720660107097,1
0.75,3574,8,8,8,8,0.5250894635023765,1
0.75,3575,8,8,8,8,1.3238751885753341,1
0.75,3576,8,8,8,8,0.1824011344133426,1
0.75,3577,8,8,8,8,1.4553583436863633,1
0.75,3578,8,1,8,8,0.13501251352672783,1
0.75,3579,8,8,8,8,1.4831527698680071,1
0.75,3580,8,8,8,8,1.1632396827903402,1
0.75,3581,8,8,8,8,1.0556961860148473,1
0.75,3582,8,8,8,8,1.851165439805115,1
0.75,3583,8,8,8,8,1.9742707739573135,1
0.75,3584,8,8,8,8,1.5171968174797277,1
0.75,3585,8,8,8,8,1.3119919099768138,1
0.75,3586,8,8,8,8,1.1132907801711707,1
0.75,3587,8,8,8,8,1.4988754097435086,1
0.75,3588,8,8,8,8,0.25035520963777935,1
0.75,3589,8,8,8,8,1.9929934788545105,1
0.75,3590,8,8,8,8,0.8320578811491853,1
0.75,3591,8,8,8,8,1.2779441311751065,1
0.75,3592,8,8,8,8,1.1964085016842438,1
0.75,3593,8,8,8,8,1.106454653813866,1
0.75,3594,8,8,8,8,2.1139239474463754,1
0.75,3595,8,8,8,8,1.1614525402092624,1
0.75,3596,8,8,8,8,1.242281451788015,1
0.75,3597,8,8,8,8,1.2227353813495743,1
0.75,3598,8,8,8,8,0.8746886954425553,1
0.75,3599,8,8,8,8,1.72297097158035,1
0.75,3600,8,8,8,8,0.851328311472109,1
0.75,3601,8,8,8,8,1.7937011915360888,1
0.75,3602,8,8,8,8,0.7267404144260635,1
0.75,3603,8,8,8,8,1.371676839938917,1
0.75,3604,8,8,8,8,1.4292739571456865,1
0.75,3605,8,8,8,8,1.2250701549145093,1
0.75,3606,8,8,8,8,1.3100132779220939,1
0.75,3607,8,8,8,8,1.6313438885247198,1
0.75,3608,8,8,8,8,1.2636790543531,1
0.75,3609,8,8,8,8,1.5816970210441808,1
0.75,3610,8,8,8,8,1.1662034982264196,1
0.75,3611,8,8,8,8,1.602159173067712,1
0.75,3612,8,8,8,8,0.6396709582135549,1
0.75,3613,8,8,8,8,0.7096435795126798,1
0.75,3614,8,8,8,8,0.8727112865181554,1
0.75,3615,8,8,8,8,1.2919534624243876,1
0.75,3616,8,8,8,8,1.0792608000350392,1
0.75,3617,8,8,8,8,1.2746449927408459,1
0.75,3618,8,8,8,8,0.5411270683718845,1
0.75,3619,8,8,8,8,1.0594774161283702,1
0.75,3620,8,8,8,8,0.5965160873311325,1
0.75,3621,8,8,8,8,0.6239062231330267,1
0.75,3622,8,8,8,8,0.32634446647572546,1
0.75,3623,8,8,8,8,1.1625211018005688,1
0.75,3624,8,8,8,8,0.39983533561690054,1
0.75,3625,8,8,8,8,0.907015160330366,1
0.75,3626,8,8,8,8,0.8164834156636543,1
0.75,3627,8,8,8,8,0.9973611684503055,1
0.75,3628,8,8,8,8,0.9867390467699034,1
0.75,3629,8,8,8,8,0.7902374383262591,1
0.75,3630,8,8,8,8,0.877223766583909,1
0.75,3631,8,8,8,8,1.2344124080424863,1
0.75,3632,8,8,8,8,0.9929543610277011,1
0.75,3633,8,8,8,8,0.9241751798595124,1
0.75,3634,8,8,8,8,1.1302371000930371,1
0.75,3635,8,8,8,8,0.9955946500429863,1
0.75,3636,8,8,8,8,0.39759544554863446,1
0.75,3637,8,8,8,8,0.8077593652141876,1
0.75,3638,8,8,8,8,0.27329045758422355,1
0.75,3639,8,8,8,8,1.0423935279424206,1
0.75,3640,8,8,8,8,0.6929610546398027,1
0.75,3641,8,8,8,8,0.9957020129193727,1
0.75,3642,8,8,8,8,1.272345027152849,1
0.75,3643,8,8,8,8,1.3149879491546437,1
0.75,3644,8,8,8,8,1.1799563553378647,1
0.75,3645,8,8,8,8,1.1150593391532448,1
0.75,3646,8,8,8,8,0.6616041689228719,1
0.75,3647,8,8,8,8,0.5135168020230686,1
0.75,3648,8,8,8,8,0.7059188781523346,1
0.75,3649,8,8,8,8,1.2606749120619618,1
0.75,3650,8,8,8,8,0.5227199610181247,1
0.75,3651,8,8,8,8,0.9499331100521804,1
0.75,3652,8,8,8,8,0.8730580691714903,1
0.75,3653,8,8,8,8,0.8936956000388276,1
0.75,3654,8,8,8,8,1.1231393549543025,1
0.75,3655,8,8,8,8,1.1935746220177608,1
0.75,3656,8,8,8,8,1.7906863706268372,1
0.75,3657,8,8,8,8,0.9540633121888044,1
0.75,3658,8,8,8,8,0.8667876679545756,1
0.75,3659,8,8,8,8,0.8178060316346751,1
0.75,3660,8,8,8,8,0.6571543322903487,1
0.75,3661,8,8,8,8,1.2138492194608004,1
0.75,3662,8,8,8,8,0.6923037358505747,1
0.75,3663,8,8,8,8,0.46592291618620874,1
0.75,3664,8,8,8,8,0.5971598962399877,1
0.75,3665,8,8,8,8,0.9273127853745141,1
0.75,3666,8,8,8,8,1.1917520651977034,1
0.75,3667,8,8,8,8,1.6252329856196757,1
0.75,3668,8,8,8,8,1.8363551967158358,1
0.75,3669,8,8,8,8,1.0535493665534843,1
0.75,3670,8,8,8,8,0.2834517150433066,1
0.75,3671,8,8,8,8,1.0325160261886621,1
0.75,3996,9,9,9,9,2.344026302972463,1
0.75,3997,9,9,9,9,2.026295545589017,1
0.75,3998,9,9,9,9,1.901560730382697,1
0.75,3999,9,9,9,9,2.6846111036262768,0
0.75,4000,9,9,9,9,2.733368275770271,0
0.75,4001,9,9,9,9,2.455818227762342,0
0.75,4002,9,9,9,9,2.5180446865258412,0
0.75,4003,9,9,9,9,2.3846659639098267,0
0.75,4004,9,9,9,9,2.4718408690387808,0
0.75,4005,9,9,9,9,2.4818301421091586,0
0.75,4006,9,9,9,9,2.293432838848298,1
0.75,4007,9,9,9,9,2.4157627562212864,0
0.75,4008,9,9,9,9,2.752593065453631,0
0.75,4009,9,9,9,9,2.341806880958896,1
0.75,4010,9,9,9,9,1.9213361599722842,1
0.75,4011,9,9,9,9,2.589118623725833,0
0.75,4012,9,9,9,9,2.2510276370087596,1
0.75,4013,9,9,9,9,2.6682381480861337,0
0.75,4014,9,9,9,9,2.3594982001112754,0
0.75,4015,9,9,9,9,2.775651097586635,0
0.75,4016,9,9,9,9,2.646697432807472,0
0.75,4017,9,9,9,9,2.442445216742746,0
0.75,4018,9,9,9,9,2.438908051223389,0
0.75,4019,9,9,9,9,1.9570928126885325,1
0.75,4020,9,9,9,9,2.353853517197145,0
0.75,4021,9,9,9,9,2.8417125193038233,0
0.75,4022,9,9,9,9,2.4954978740062,0
0.75,4023,9,9,9,9,2.763718219281503,0
0.75,4024,9,9,9,9,2.5607958604558245,0
0.75,4025,9,9,9,9,2.8983341331786843,0
0.75,4026,9,9,9,9,2.8492069422727546,0
0.75,4027,9,9,9,9,2.7260198654330328,0
0.75,4028,9,9,9,9,2.740329324773266,0
0.75,4029,9,9,9,9,2.1159285858359045,1
0.75,4030,9,9,9,9,2.3844026388450157,0
0.75,4031,9,9,9,9,2.419516044451048,0
0.75,4032,9,9,9,9,2.2475657304151966,1
0.75,4033,9,9,9,9,2.4841283438794592,0
0.75,4034,9,9,9,9,1.991711137908312,1
0.75,4035,9,9,9,9,1.6710255207390639,1
0.75,4036,9,9,9,9,2.0264404004271963,1
0.75,4037,9,9,9,9,2.4916106350917415,0
0.75,4038,9,9,9,9,2.2573707067854594,1
0.75,4039,9,9,9,9,1.9565554637674292,1
0.75,4040,9,9,9,9,2.325355843943128,1
0.75,4041,9,9,9,9,2.0974878797939835,1
0.75,4042,9,9,9,9,2.2139027406124385,1
0.75,4043,9,9,9,9,2.184501455800955,1
0.75,4044,9,9,9,9,2.6145514428688905,0
0.75,4045,9,9,9,9,2.43844341280423,0
0.75,4046,9,9,9,9,2.568944685143093,0
0.75,4047,9,9,9,9,2.7388904429431076,0
0.75,4048,9,9,9,9,2.529434089728865,0
0.75,4049,9,9,9,9,2.366065574828269,0
0.75,4050,9,9,9,9,2.918950386302501,0
0.75,4051,9,9,9,9,2.5993599598865043,0
0.75,4052,9,9,9,9,2.6094398816489885,0
0.75,4053,9,9,9,9,2.4576990858710928,0
0.75,4054,9,9,9,9,2.5603612371949414,0
0.75,4055,9,9,9,9,2.77613907495958,0
0.75,4056,9,9,9,9,2.553880559594436,0
0.75,4057,9,9,9,9,2.2929161135922307,1
0.75,4058,9,9,9,9,2.1682854291661386,1
0.75,4059,9,9,9,9,2.499020426952397,0
0.75,4060,9,9,9,9,2.6172105129633767,0
0.75,4061,9,9,9,9,2.693795400384328,0
0.75,4062,9,9,9,9,2.3292414721117414,1
0.75,4063,9,9,9,9,2.5995160398809523,0
0.75,4064,9,9,9,9,2.2654956339882366,1
0.75,4065,9,9,9,9,2.5490279418772452,0
0.75,4066,9,9,9,9,2.147304141044857,1
0.75,4067,9,9,9,9,2.4328527049718813,0
0.75,4068,9,9,9,9,2.091660358377392,1
0.75,4069,9,9,9,9,2.5140682539435097,0
0.75,4070,9,9,9,9,2.2899818441071225,1
0.75,4071,9,9,9,9,2.5370781396435813,0
0.75,4072,9,9,9,9,1.695702659496742,1
0.75,4073,9,9,9,9,2.9642365510771134,0
0.75,4074,9,9,9,9,2.616346527742234,0
0.75,4075,9,9,9,9,2.2284670211914515,1
0.75,4076,9,9,9,9,2.465216793638623,0
0.75,4077,9,9,9,9,2.6716364155023564,0
0.75,4078,9,9,9,9,2.3432255951229086,1
0.75,4079,9,9,9,9,1.8841583824105086,1
0.75,4080,9,9,9,9,2.322955628914489,1
0.75,4081,9,9,9,9,2.2856680627889636,1
0.75,4082,9,9,9,9,2.822998928635009,0
0.75,4083,9,9,9,9,2.5692779487976214,0
0.75,4084,9,9,9,9,2.8884056126520923,0
0.75,4085,9,9,9,9,1.9732020047866188,1
0.75,4086,9,9,9,9,2.4732988952991093,0
0.75,4087,9,9,9,9,2.568379501748017,0
0.75,4088,9,9,9,9,2.4135349388580285,0
0.75,4089,9,9,9,9,2.5453712126556387,0
0.75,4090,9,9,9,9,2.255186514423587,1
0.75,4091,9,9,9,9,2.567292695304297,0
0.75,4092,9,9,9,9,2.137160018118597,1
0.75,4093,9,9,9,9,2.1605318197192123,1
0.75,4094,9,9,9,9,2.408844811115406,0
0.75,4095,9,9,9,9,2.6199547092212327,0
0.75,4096,9,9,9,9,2.7015193454038506,0
0.75,4097,9,9,9,9,2.3487437607054735,1
0.75,4098,9,9,9,9,2.3270071223851456,1
0.75,4099,9,9,9,9,2.5079355069545155,0
0.75,4100,9,9,9,9,2.2643381281804382,1
0.75,4101,9,9,9,9,2.184786046105496,1
0.75,4102,9,9,9,9,2.1038993568719295,1
0.75,4103,9,9,9,9,2.347663501929795,1
0.75,4428,10,4,4,4,1.1087217865759433,1
0.75,4429,10,4,4,4,0.9537631483425777,1
0.75,4430,10,4,4,4,0.51986020413366,1
0.75,4431,10,4,4,4,0.8671737784575546,1
0.75,4432,10,4,4,4,1.0167032233420985,1
0.75,4433,10,4,4,4,0.9979330631268375,1
0.75,4434,10,4,4,4,1.0980037877389712,1
0.75,4435,10,4,4,4,1.2524032533558023,1
0.75,4436,10,4,4,4,1.0990526197427917,1
0.75,4437,10,4,4,4,1.0625977098177073,1
0.75,4438,10,4,4,4,0.8639723611917551,1
0.75,4439,10,4,4,4,0.9230770627848335,1
0.75,4440,10,7,10,10,0.3582722716070138,1
0.75,4441,10,2,10,10,0.07996301486805657,1
0.75,4442,10,7,7,7,0.6452550122222842,1
0.75,4443,10,7,10,10,0.13949895686807223,1
0.75,4444,10,7,10,10,0.3207082194085423,1
0.75,4445,10,7,10,10,0.2720328516225611,1
0.75,4446,10,7,10,10,0.12141360300330428,1
0.75,4447,10,10,10,10,0.241675069260478,1
0.75,4448,10,10,10,10,0.2130697343425747,1
0.75,4449,10,7,10,10,0.327403641790595,1
0.75,4450,10,7,10,10,0.4751945551705338,1
0.75,4451,10,7,10,10,0.24086999923383867,1
0.75,4452,10,7,10,10,0.38845527017736603,1
0.75,4453,10,7,10,10,0.015962465601540243,1
0.75,4454,10,7,10,10,0.3425778744609836,1
0.75,4455,10,7,10,10,0.15011885965289895,1
0.75,4456,10,7,10,10,0.06854440541406015,1
0.75,4457,10,7,10,10,0.08593257755276751,1
0.75,4458,10,2,10,10,0.10183569140963011,1
0.75,4459,10,10,10,10,0.020453392993651787,1
0.75,4460,10,10,10,10,0.05619577378470175,1
0.75,4461,10,10,10,10,0.021875295513431037,1
0.75,4462,10,7,10,10,0.22094137645903134,1
0.75,4463,10,2,10,10,0.07188216662704494,1
0.75,4464,10,7,10,10,0.010450333169232384,1
0.75,4465,10,2,10,10,0.2022131105597068,1
0.75,4466,10,4,10,10,0.03728176237062164,1
0.75,4467,10,2,10,10,0.012691199587149649,1
0.75,4468,10,2,10,10,0.04021813037381128,1
0.75,4469,10,2,10,10,0.0001470838672089636,1
0.75,4470,10,4,10,10,0.2078458975986488,1
0.75,4471,10,2,10,10,0.29389697679844373,1
0.75,4472,10,10,10,10,0.3036527181135019,1
0.75,4473,10,4,10,10,0.3010272677606175,1
0.75,4474,10,7,10,10,0.005460112678365325,1
0.75,4475,10,4,10,10,0.3505545808088455,1
0.75,4476,10,4,10,10,0.06711237453906382,1
0.75,4477,10,4,10,10,0.3145866594244099,1
0.75,4478,10,4,10,10,0.3301334564354138,1
0.75,4479,10,4,10,10,0.32776706970831987,1
0.75,4480,10,4,10,10,0.12634871366236095,1
0.75,4481,10,4,10,10,0.2759021207619621,1
0.75,4482,10,2,10,10,0.09577429054229769,1
0.75,4483,10,2,10,10,0.13324407435396746,1
0.75,4484,10,4,10,10,0.06298965540828882,1
0.75,4485,10,4,10,10,0.6870320583263999,1
0.75,4486,10,4,10,10,0.8398253823170709,1
0.75,4487,10,4,10,10,0.6338089019707992,1
0.75,4488,10,4,10,10,0.15484041369358814,1
0.75,4489,10,4,10,10,0.3646078317535685,1
0.75,4490,10,4,10,10,0.3231488931900013,1
0.75,4491,10,4,10,10,0.2328993837537391,1
0.75,4492,10,2,10,10,0.16072970408571102,1
0.75,4493,10,4,10,10,0.2938958544009107,1
0.75,4494,10,4,10,10,0.17701865956984697,1
0.75,4495,10,10,10,10,0.059833972010082115,1
0.75,4496,10,4,10,10,0.3150982611648592,1
0.75,4497,10,4,10,10,0.39759091940559765,1
0.75,4498,10,4,10,10,0.5930221625235705,1
0.75,4499,10,4,10,10,0.5029559067274453,1
0.75,4500,10,4,10,10,0.4996526340630758,1
0.75,4501,10,4,10,10,0.34913554745485675,1
0.75,4502,10,4,10,10,0.48434682968466836,1
0.75,4503,10,4,10,10,0.3418327827111672,1
0.75,4504,10,4,10,10,0.15892451812878666,1
0.75,4505,10,4,10,10,0.836444632951086,1
0.75,4506,10,4,10,10,0.76894747848843,1
0.75,4507,10,4,10,10,0.2005757084810159,1
0.75,4508,10,4,10,10,0.8604663273807691,1
0.75,4509,10,4,10,10,0.5169714172818423,1
0.75,4510,10,4,10,10,0.4417728077729466,1
0.75,4511,10,4,10,10,0.6690922509134136,1
0.75,4512,10,4,10,10,0.7394054864748923,1
0.75,4513,10,4,10,10,0.4202186671503879,1
0.75,4514,10,4,10,10,0.9157398386187797,1
0.75,4515,10,4,10,10,1.069461363028572,1
0.75,4516,10,4,10,10,0.8877061340223507,1
0.75,4517,10,4,10,10,1.109987534489629,1
0.75,4518,10,4,10,10,0.77859810563144,1
0.75,4519,10,4,10,10,0.4806744255717561,1
0.75,4520,10,4,10,10,1.2261891952011397,1
0.75,4521,10,4,10,10,1.1630002529007812,1
0.75,4522,10,4,10,10,0.6596560895688917,1
0.75,4523,10,4,10,10,1.0835056256878182,1
0.75,4524,10,4,4,4,0.38744483251711714,1
0.75,4525,10,4,4,4,0.29058723448863877,1
0.75,4526,10,4,4,4,0.4354597403446683,1
0.75,4527,10,4,10,10,0.670943770145457,1
0.75,4528,10,4,10,10,0.7905351632015822,1
0.75,4529,10,4,4,4,0.9371539583561079,1
0.75,4530,10,4,10,10,1.0474993400694337,1
0.75,4531,10,4,10,10,1.0413516683412047,1
0.75,4532,10,4,10,10,1.1425205613484002,1
0.75,4533,10,4,10,10,0.7580926250542888,1
0.75,4534,10,4,10,10,0.785407606777089,1
0.75,4535,10,4,4,4,0.9650647313415688,1
