budget,row_id,label,cheap_pred,topk_pred,adaptive_pred,margin,request_extra
0.25,324,0,0,0,0,0.7493270688085745,1
0.25,325,0,3,0,0,0.5793249285547946,1
0.25,326,0,0,0,0,0.7556915521503156,1
0.25,327,0,0,0,0,0.9684924241494284,1
0.25,328,0,0,0,0,1.805870473531528,0
0.25,329,0,0,0,0,1.4123305348212312,1
0.25,330,0,0,0,0,1.3947035569127015,1
0.25,331,0,0,0,0,1.6308963407584132,1
0.25,332,0,0,0,0,1.4249440507159163,1
0.25,333,0,0,0,0,0.8721537950247642,1
0.25,334,0,0,0,0,1.678841479236563,1
0.25,335,0,0,0,0,1.632803468349389,1
0.25,336,0,0,0,0,2.048192163889979,0
0.25,337,0,0,0,0,2.247223857621756,0
0.25,338,0,0,0,0,2.3261010379286677,0
0.25,339,0,0,0,0,2.086758821069052,0
0.25,340,0,0,0,0,1.784662095877448,0
0.25,341,0,0,0,0,1.852560006774996,0
0.25,342,0,0,0,0,1.995001466581207,0
0.25,343,0,0,0,0,2.140615337690115,0
0.25,344,0,0,0,0,2.0525419022594837,0
0.25,345,0,0,0,0,1.6757549386224864,1
0.25,346,0,0,0,0,1.766859320447217,0
0.25,347,0,0,0,0,1.7064312057084425,1
0.25,348,0,0,0,0,2.1197349564056167,0
0.25,349,0,0,0,0,1.9490084624319173,0
0.25,350,0,0,0,0,2.4153652029134087,0
0.25,351,0,0,0,0,2.394840406840041,0
0.25,352,0,0,0,0,2.1733208932989125,0
0.25,353,0,0,0,0,1.6972852740797213,1
0.25,354,0,0,0,0,1.8310908937735386,0
0.25,355,0,0,0,0,1.985750083067393,0
0.25,356,0,0,0,0,1.6007345583798316,1
0.25,357,0,0,0,0,2.237461593247432,0
0.25,358,0,0,0,0,2.164307908992372,0
0.25,359,0,0,0,0,1.9609780765408922,0
0.25,360,0,0,0,0,1.8329002808614678,0
0.25,361,0,0,0,0,2.091766618008246,0
0.25,362,0,0,0,0,2.4014040446216605,0
0.25,363,0,0,0,0,2.119722746827895,0
0.25,364,0,0,0,0,2.0971371836909087,0
0.25,365,0,0,0,0,1.692705103405137,1
0.25,366,0,0,0,0,1.9475017241256165,0
0.25,367,0,0,0,0,1.8903267396877252,0
0.25,368,0,0,0,0,1.5821223675699976,1
0.25,369,0,0,0,0,2.0068272574165213,0
0.25,370,0,0,0,0,2.0025108292546134,0
0.25,371,0,0,0,0,1.5398545219918116,1
0.25,372,0,0,0,0,2.152922711569563,0
0.25,373,0,0,0,0,1.6519548100416008,1
0.25,374,0,0,0,0,2.516140822587653,0
0.25,375,0,0,0,0,2.1006429445032446,0
0.25,376,0,0,0,0,1.724475573577898,0
0.25,377,0,0,0,0,1.7515206671975814,0
0.25,378,0,0,0,0,1.6663690067547474,1
0.25,379,0,0,0,0,1.9525804792310357,0
0.25,380,0,0,0,0,1.5349564055863554,1
0.25,381,0,0,0,0,1.8064624423298152,0
0.25,382,0,0,0,0,1.9822002516855437,0
0.25,383,0,0,0,0,1.5604682695179206,1
0.25,384,0,0,0,0,1.996575398039759,0
0.25,385,0,0,0,0,2.1519645684495226,0
0.25,386,0,0,0,0,2.1695552503946773,0
0.25,387,0,0,0,0,1.5121698530015202,1
0.25,388,0,0,0,0,1.4311810073639335,1
0.25,389,0,0,0,0,1.6313421722665924,1
0.25,390,0,0,0,0,1.438141922813245,1
0.25,391,0,0,0,0,1.4972192390976669,1
0.25,392,0,0,0,0,1.5832762101644615,1
0.25,393,0,0,0,0,1.6168221621154235,1
0.25,394,0,0,0,0,1.6144668261870954,1
0.25,395,0,0,0,0,1.6701864780557425,1
0.25,396,0,0,0,0,2.0029934572598327,0
0.25,397,0,0,0,0,2.037404174577193,0
0.25,398,0,0,0,0,2.0112872760746145,0
0.25,399,0,0,0,0,1.2050723974938822,1
0.25,400,0,0,0,0,1.245332738035679,1
0.25,401,0,0,0,0,1.3144785905103973,1
0.25,402,0,0,0,0,1.1429033435178264,1
0.25,403,0,0,0,0,0.9604034924472233,1
0.25,404,0,0,0,0,1.3332006324266168,1
0.25,405,0,0,0,0,1.2728578292704973,1
0.25,406,0,0,0,0,1.370347473931358,1
0.25,407,0,0,0,0,1.3227047666382927,1
0.25,408,0,0,0,0,1.8460338511255965,0
0.25,409,0,0,0,0,1.8244346720351854,0
0.25,410,0,0,0,0,2.0343710860427837,0
0.25,411,0,0,0,0,0.8564028210346495,1
0.25,412,0,0,0,0,0.6181114658503863,1
0.25,413,0,0,0,0,0.725712144179331,1
0.25,414,0,0,0,0,0.662397235251823,1
0.25,415,0,0,0,0,0.5573726375011437,1
0.25,416,0,0,10,10,1.0177288883298878,1
0.25,417,0,0,0,0,0.9497685614657547,1
0.25,418,0,0,0,0,0.7384773901210333,1
0.25,419,0,0,0,0,1.1308615797112864,1
0.25,420,0,0,0,0,1.6866778751137295,1
0.25,421,0,0,0,0,0.748208163535595,1
0.25,422,0,0,0,0,1.8678114211167434,0
0.25,423,0,0,0,0,0.5900659754445199,1
0.25,424,0,0,0,0,0.5084304183380417,1
0.25,425,0,0,0,0,0.31139421562362757,1
0.25,426,0,0,10,10,0.24613033793501554,1
0.25,427,0,2,0,0,0.013944397826084476,1
0.25,428,0,0,0,0,0.49217934561024224,1
0.25,429,0,10,0,0,0.11023454390919851,1
0.25,430,0,0,0,0,0.1671175495135112,1
0.25,431,0,0,0,0,0.09746326172702113,1
0.25,756,1,5,1,1,0.08800529099809162,1
0.25,757,1,1,1,1,1.3770115413252444,1
0.25,758,1,5,1,1,0.13146624608177593,1
0.25,759,1,3,1,1,0.13571352424713035,1
0.25,760,1,3,1,1,0.03256075088620869,1
0.25,761,1,3,1,1,0.2904222371869536,1
0.25,762,1,1,1,1,0.04336430634874189,1
0.25,763,1,1,1,1,0.05326461398049831,1
0.25,764,1,1,1,1,0.14016061014925052,1
0.25,765,1,3,1,1,0.05695701590747915,1
0.25,766,1,1,1,1,0.20630752397946728,1
0.25,767,1,3,1,1,0.05759310510746429,1
0.25,768,1,1,1,1,1.5137763867776952,1
0.25,769,1,1,1,1,0.5554126510944729,1
0.25,770,1,1,1,1,1.2168077325502538,1
0.25,771,1,1,1,1,1.2980369027312662,1
0.25,772,1,1,1,1,1.5459961652273757,1
0.25,773,1,1,1,1,1.5557017465814873,1
0.25,774,1,1,1,1,1.1787323918350154,1
0.25,775,1,1,1,1,1.9895680250477326,0
0.25,776,1,1,1,1,0.5084603054440993,1
0.25,777,1,1,1,1,0.913458419623097,1
0.25,778,1,1,1,1,1.8455470616341005,0
0.25,779,1,1,1,1,2.103874301430089,0
0.25,780,1,1,1,1,1.5537255157981802,1
0.25,781,1,1,1,1,1.3015902827991876,1
0.25,782,1,1,1,1,1.7112900636555668,1
0.25,783,1,1,1,1,1.9945567716639239,0
0.25,784,1,1,1,1,2.0163568650588717,0
0.25,785,1,1,1,1,2.093705560596491,0
0.25,786,1,1,1,1,0.8921834215346787,1
0.25,787,1,1,1,1,2.190469214939304,0
0.25,788,1,1,1,1,1.3378480067222838,1
0.25,789,1,1,1,1,1.890853316170536,0
0.25,790,1,1,1,1,2.127067445536082,0
0.25,791,1,1,1,1,2.366192836353451,0
0.25,792,1,1,1,1,1.158419535781349,1
0.25,793,1,1,1,1,1.6070744859233188,1
0.25,794,1,1,1,1,1.7865859579990113,0
0.25,795,1,1,1,1,1.855597840128135,0
0.25,796,1,1,1,1,1.7502824783597961,0
0.25,797,1,1,1,1,1.9940726672795213,0
0.25,798,1,1,1,1,1.8675562785807265,0
0.25,799,1,1,1,1,1.946198810516377,0
0.25,800,1,1,1,1,2.1282514592710404,0
0.25,801,1,1,1,1,0.7612495880321862,1
0.25,802,1,1,1,1,1.9313189902588372,0
0.25,803,1,1,1,1,1.5109944944230171,1
0.25,804,1,1,1,1,1.1858963286545832,1
0.25,805,1,1,1,1,0.8147046213283065,1
0.25,806,1,1,1,1,1.7998405133415605,0
0.25,807,1,1,1,1,1.077142096301383,1
0.25,808,1,1,1,1,1.8170904920193143,0
0.25,809,1,1,1,1,1.5633479825319712,1
0.25,810,1,1,1,1,2.3444712422701284,0
0.25,811,1,1,1,1,1.7890619329739705,0
0.25,812,1,1,1,1,1.1878683252807154,1
0.25,813,1,1,1,1,0.7835039699322169,1
0.25,814,1,1,1,1,1.7374271695883625,0
0.25,815,1,1,1,1,1.683922125694534,1
0.25,816,1,1,1,1,1.9583643506762538,0
0.25,817,1,1,1,1,1.1631013870288796,1
0.25,818,1,1,1,1,1.527367666366775,1
0.25,819,1,1,1,1,1.628690643956704,1
0.25,820,1,1,1,1,1.8090343337746355,0
0.25,821,1,1,1,1,1.716201227056311,1
0.25,822,1,1,1,1,1.294762684373277,1
0.25,823,1,1,1,1,1.3289827540115149,1
0.25,824,1,1,5,5,1.196735331279241,1
0.25,825,1,1,1,1,0.5292069389961792,1
0.25,826,1,1,1,1,0.31254348504475304,1
0.25,827,1,1,1,1,0.9060198471747276,1
0.25,828,1,1,1,1,2.0501515649506157,0
0.25,829,1,1,1,1,1.2622767144565257,1
0.25,830,1,1,1,1,2.513435617822804,0
0.25,831,1,1,1,1,1.056883549651547,1
0.25,832,1,1,1,1,1.2345573311501026,1
0.25,833,1,1,1,1,0.624171305419007,1
0.25,834,1,1,1,1,0.03948484257734619,1
0.25,835,1,1,1,1,0.7209652605190897,1
0.25,836,1,1,1,1,0.015141921162884486,1
0.25,837,1,1,1,1,0.4498272979195477,1
0.25,838,1,1,1,1,1.0646251233505457,1
0.25,839,1,1,1,1,0.7423944795032651,1
0.25,840,1,1,1,1,1.6967796464443292,1
0.25,841,1,1,1,1,1.3889039110806727,1
0.25,842,1,1,1,1,2.225258511289615,0
0.25,843,1,1,1,1,0.8686247933281749,1
0.25,844,1,1,1,1,1.5210414945190263,1
0.25,845,1,1,1,1,0.3904375322924596,1
0.25,846,1,5,1,1,0.21694160093279313,1
0.25,847,1,1,1,1,0.4684945623568397,1
0.25,848,1,5,1,1,0.10668476956346162,1
0.25,849,1,5,1,1,0.1962233846300765,1
0.25,850,1,1,1,1,1.002375808886111,1
0.25,851,1,1,1,1,0.0417572106358961,1
0.25,852,1,5,1,1,0.3174330449016225,1
0.25,853,1,5,1,1,0.12160302025833458,1
0.25,854,1,1,1,1,0.047852057283836125,1
0.25,855,1,1,1,1,0.5493701512402926,1
0.25,856,1,1,1,1,0.9873272795238841,1
0.25,857,1,5,1,1,0.09302725191766537,1
0.25,858,1,1,1,1,0.7357202380375854,1
0.25,859,1,1,1,1,0.7819889869905362,1
0.25,860,1,1,1,1,1.3249784091743928,1
0.25,861,1,5,1,1,0.37137479607367274,1
0.25,862,1,5,1,1,0.31865239675710577,1
0.25,863,1,1,1,1,0.4310023384875603,1
0.25,1188,2,2,2,2,1.908345780861806,0
0.25,1189,2,2,2,2,1.5002009649675698,1
0.25,1190,2,2,2,2,1.8376608545602084,0
0.25,1191,2,2,2,2,2.603373434731119,0
0.25,1192,2,2,2,2,1.648268868866674,1
0.25,1193,2,2,2,2,2.759331202020339,0
0.25,1194,2,2,2,2,2.4373032675627635,0
0.25,1195,2,2,2,2,2.689008254374949,0
0.25,1196,2,2,2,2,3.103438260739829,0
0.25,1197,2,2,2,2,2.7736341814969308,0
0.25,1198,2,2,2,2,1.503284731205781,1
0.25,1199,2,2,2,2,3.042532173222128,0
0.25,1200,2,10,2,2,0.7007774441698713,1
0.25,1201,2,10,2,2,0.6001288474307985,1
0.25,1202,2,2,2,2,0.4317455472833258,1
0.25,1203,2,10,2,2,0.18289002705877605,1
0.25,1204,2,10,2,2,0.4082506866618526,1
0.25,1205,2,5,2,2,0.34990329524209873,1
0.25,1206,2,2,2,2,0.07153824015121724,1
0.25,1207,2,2,2,2,0.21801626938380692,1
0.25,1208,2,10,2,2,0.2641221705425504,1
0.25,1209,2,2,2,2,0.5136730727472817,1
0.25,1210,2,2,2,2,0.23910032591823904,1
0.25,1211,2,10,2,2,0.3147103145622723,1
0.25,1212,2,10,2,2,0.9909270985473004,1
0.25,1213,2,10,2,2,0.43110658391956536,1
0.25,1214,2,2,2,2,0.9151983086870787,1
0.25,1215,2,2,2,2,0.4041966913326278,1
0.25,1216,2,2,2,2,0.659545575560136,1
0.25,1217,2,2,2,2,0.6522089227810416,1
0.25,1218,2,2,2,2,0.6143868923208439,1
0.25,1219,2,2,2,2,0.2561599567939957,1
0.25,1220,2,2,2,2,1.02251681555863,1
0.25,1221,2,2,2,2,0.7988047675303755,1
0.25,1222,2,2,2,2,0.7689456237354079,1
0.25,1223,2,2,2,2,0.720430359806827,1
0.25,1224,2,10,2,2,0.13246151427486352,1
0.25,1225,2,2,2,2,0.9889085808108029,1
0.25,1226,2,2,2,2,1.0543389369110385,1
0.25,1227,2,2,2,2,1.0495040649133776,1
0.25,1228,2,2,2,2,0.8052069336596918,1
0.25,1229,2,2,2,2,1.2017974854291071,1
0.25,1230,2,2,2,2,0.9915648131510205,1
0.25,1231,2,2,2,2,1.2408160216285085,1
0.25,1232,2,2,2,2,1.0208209447698673,1
0.25,1233,2,2,2,2,0.7399865770801562,1
0.25,1234,2,2,2,2,1.6241473085129445,1
0.25,1235,2,2,2,2,1.0636253495542871,1
0.25,1236,2,2,2,2,0.3095168112661595,1
0.25,1237,2,2,2,2,0.5481142574215189,1
0.25,1238,2,2,2,2,0.6455074300158418,1
0.25,1239,2,2,2,2,1.270234630336005,1
0.25,1240,2,2,2,2,1.620468198902211,1
0.25,1241,2,2,2,2,1.8183576760223628,0
0.25,1242,2,2,2,2,1.6984237311150494,1
0.25,1243,2,2,2,2,1.5920136881515798,1
0.25,1244,2,2,2,2,0.8370039301590169,1
0.25,1245,2,2,2,2,1.1703924629139055,1
0.25,1246,2,2,2,2,1.5491115773685267,1
0.25,1247,2,2,2,2,1.5648779197586662,1
0.25,1248,2,2,2,2,0.12942953467079565,1
0.25,1249,2,2,2,2,0.5380526618786974,1
0.25,1250,2,2,2,2,0.8513459029078484,1
0.25,1251,2,2,2,2,0.9631164736039234,1
0.25,1252,2,2,2,2,0.9083473017969362,1
0.25,1253,2,2,2,2,1.6616899623567294,1
0.25,1254,2,2,2,2,1.8749324420170752,0
0.25,1255,2,2,2,2,2.0083818249977234,0
0.25,1256,2,2,2,2,1.8402634398083138,0
0.25,1257,2,2,2,2,0.7798847857968826,1
0.25,1258,2,2,2,2,0.724363689624015,1
0.25,1259,2,2,2,2,1.16310055396306,1
0.25,1260,2,2,2,2,0.7225365117912153,1
0.25,1261,2,2,2,2,0.23987842709901686,1
0.25,1262,2,2,2,2,1.149062389135703,1
0.25,1263,2,2,2,2,1.0779089134668354,1
0.25,1264,2,2,2,2,0.8570506893092394,1
0.25,1265,2,2,2,2,1.3772739472302833,1
0.25,1266,2,2,2,2,1.5423380281823016,1
0.25,1267,2,2,2,2,2.124332577824939,0
0.25,1268,2,2,2,2,2.095463672278724,0
0.25,1269,2,2,2,2,1.4429808663964967,1
0.25,1270,2,2,2,2,1.293525937446753,1
0.25,1271,2,2,2,2,1.2062047413027037,1
0.25,1272,2,2,2,2,1.0915209395625498,1
0.25,1273,2,2,2,2,0.4228471227202292,1
0.25,1274,2,2,2,2,1.6726376246068009,1
0.25,1275,2,2,2,2,1.0453616326388784,1
0.25,1276,2,2,2,2,1.2390530335818464,1
0.25,1277,2,2,2,2,1.608888691273498,1
0.25,1278,2,2,2,2,1.357772808917363,1
0.25,1279,2,2,2,2,1.6526487735244466,1
0.25,1280,2,2,2,2,2.2247460955960396,0
0.25,1281,2,2,2,2,1.4147938780278424,1
0.25,1282,2,2,2,2,1.6805858359325598,1
0.25,1283,2,2,2,2,1.7178878532667299,1
0.25,1284,2,2,2,2,1.355738457600741,1
0.25,1285,2,2,2,2,0.6263743284810414,1
0.25,1286,2,2,2,2,2.698689614332958,0
0.25,1287,2,2,2,2,1.6715224879396504,1
0.25,1288,2,2,2,2,1.6183458702437505,1
0.25,1289,2,2,2,2,2.4611965897053576,0
0.25,1290,2,2,2,2,2.122163840014764,0
0.25,1291,2,2,2,2,1.630643196383462,1
0.25,1292,2,2,2,2,2.703531095444829,0
0.25,1293,2,2,2,2,2.7721994042892466,0
0.25,1294,2,2,2,2,2.0964779885613787,0
0.25,1295,2,2,2,2,2.387141587309195,0
0.25,1620,3,3,3,3,0.21840026044583916,1
0.25,1621,3,4,3,3,0.3056875822544084,1
0.25,1622,3,4,3,3,0.052569598048246124,1
0.25,1623,3,3,3,3,0.9228525893152973,1
0.25,1624,3,3,3,3,1.1918047432705898,1
0.25,1625,3,3,3,3,1.2440168163762706,1
0.25,1626,3,3,3,3,0.47651976286128284,1
0.25,1627,3,3,3,3,0.7042407136111973,1
0.25,1628,3,3,3,3,0.6875452932556317,1
0.25,1629,3,3,3,3,0.9584608170277069,1
0.25,1630,3,3,3,3,1.2012743231578518,1
0.25,1631,3,3,3,3,0.9167429265695686,1
0.25,1632,3,3,3,3,1.5340400299619554,1
0.25,1633,3,3,3,3,1.7371617831196917,0
0.25,1634,3,3,3,3,1.2447442884713595,1
0.25,1635,3,3,3,3,1.2374732355423483,1
0.25,1636,3,3,3,3,1.2695751465631055,1
0.25,1637,3,3,3,3,1.6641160128832029,1
0.25,1638,3,3,3,3,1.6026684853269009,1
0.25,1639,3,3,3,3,1.7111447762640362,1
0.25,1640,3,3,3,3,0.5415927580534055,1
0.25,1641,3,3,3,3,1.3040508107056525,1
0.25,1642,3,3,3,3,1.4444953007837413,1
0.25,1643,3,3,3,3,1.732792332639024,0
0.25,1644,3,3,3,3,1.5219486878748612,1
0.25,1645,3,3,3,3,1.6013705408673435,1
0.25,1646,3,3,3,3,1.2215862067752516,1
0.25,1647,3,3,3,3,1.6145472535227534,1
0.25,1648,3,3,3,3,1.6641320479726218,1
0.25,1649,3,3,3,3,1.9206166108018004,0
0.25,1650,3,3,3,3,1.819696469768966,0
0.25,1651,3,3,3,3,1.673280722147673,1
0.25,1652,3,3,3,3,1.342591238228831,1
0.25,1653,3,3,3,3,1.613628364057143,1
0.25,1654,3,3,3,3,1.5636807512966455,1
0.25,1655,3,3,3,3,1.8794138059621606,0
0.25,1656,3,3,3,3,1.5605579034647463,1
0.25,1657,3,3,3,3,1.2105311548134732,1
0.25,1658,3,3,3,3,1.3704685343912573,1
0.25,1659,3,3,3,3,2.051693820547966,0
0.25,1660,3,3,3,3,2.048458353673615,0
0.25,1661,3,3,3,3,1.7598194264886482,0
0.25,1662,3,3,3,3,1.8027103246742504,0
0.25,1663,3,3,3,3,1.9180545557874895,0
0.25,1664,3,3,3,3,0.8218861212183954,1
0.25,1665,3,3,3,3,0.9336292854430179,1
0.25,1666,3,3,3,3,1.8002101835866084,0
0.25,1667,3,3,3,3,1.7036492714988802,1
0.25,1668,3,3,3,3,0.8373210425551596,1
0.25,1669,3,3,3,3,0.2262145421160815,1
0.25,1670,3,3,3,3,1.0821064619990381,1
0.25,1671,3,3,3,3,1.9913378954799232,0
0.25,1672,3,3,3,3,1.4817844068564798,1
0.25,1673,3,3,3,3,1.5411041360910434,1
0.25,1674,3,3,3,3,1.444834595989851,1
0.25,1675,3,3,3,3,1.640403667257019,1
0.25,1676,3,3,3,3,0.6583741984242559,1
0.25,1677,3,3,3,3,1.205822809524371,1
0.25,1678,3,3,3,3,1.7199639472443313,1
0.25,1679,3,3,3,3,1.2636474478412327,1
0.25,1680,3,3,3,3,0.9631328284964747,1
0.25,1681,3,3,3,3,1.3902725465139403,1
0.25,1682,3,3,3,3,0.7129144832742009,1
0.25,1683,3,3,3,3,1.5532867468866296,1
0.25,1684,3,3,3,3,1.8225956372706533,0
0.25,1685,3,3,3,3,1.4730325170902856,1
0.25,1686,3,3,3,3,1.893970012592261,0
0.25,1687,3,3,3,3,1.5635528678271124,1
0.25,1688,3,3,3,3,0.9883255542900763,1
0.25,1689,3,3,3,3,0.9978258386383579,1
0.25,1690,3,3,3,3,1.1863840543449677,1
0.25,1691,3,3,3,3,1.6752213904373021,1
0.25,1692,3,3,3,3,1.230726396132554,1
0.25,1693,3,3,3,3,0.8994681668550997,1
0.25,1694,3,3,3,3,0.9833878387443524,1
0.25,1695,3,3,3,3,1.5252485341446476,1
0.25,1696,3,3,3,3,1.3279678102127976,1
0.25,1697,3,3,3,3,0.9988275935533775,1
0.25,1698,3,3,3,3,0.9798505075283689,1
0.25,1699,3,3,3,3,1.5491508010012682,1
0.25,1700,3,3,3,3,0.44860569873918377,1
0.25,1701,3,3,3,3,0.872509040834444,1
0.25,1702,3,3,3,3,1.8952670014326902,0
0.25,1703,3,3,3,3,0.9523062511281268,1
0.25,1704,3,3,3,3,0.5476568715456549,1
0.25,1705,3,3,3,3,0.7055909275715764,1
0.25,1706,3,3,3,3,0.00973151263167682,1
0.25,1707,3,3,3,3,2.1488809119930785,0
0.25,1708,3,3,3,3,0.9528541256427896,1
0.25,1709,3,3,3,3,0.8001183260382443,1
0.25,1710,3,3,3,3,1.2113771182059847,1
0.25,1711,3,3,3,3,1.371357091599216,1
0.25,1712,3,3,3,3,0.7817944821879272,1
0.25,1713,3,3,3,3,0.9519812410807011,1
0.25,1714,3,3,3,3,1.2085105897190878,1
0.25,1715,3,3,3,3,1.5512080087550615,1
0.25,1716,3,3,3,3,0.45907732978411964,1
0.25,1717,3,3,3,3,0.6169542201052963,1
0.25,1718,3,3,3,3,0.313600300688857,1
0.25,1719,3,3,3,3,0.7905444359059008,1
0.25,1720,3,3,3,3,0.9371990583014547,1
0.25,1721,3,3,3,3,1.3339022882344143,1
0.25,1722,3,3,3,3,0.8237816323604807,1
0.25,1723,3,3,3,3,1.0420665586485371,1
0.25,1724,3,3,3,3,0.6780346031539445,1
0.25,1725,3,3,3,3,0.576089652176429,1
0.25,1726,3,3,3,3,1.194344707482091,1
0.25,1727,3,3,3,3,0.5725622432477825,1
0.25,2052,4,9,4,4,0.6615501404491198,1
0.25,2053,4,4,4,4,0.08624433258788222,1
0.25,2054,4,9,4,4,0.10302478863680864,1
0.25,2055,4,4,4,4,0.44822726900342014,1
0.25,2056,4,9,9,9,1.4881828349977129,1
0.25,2057,4,4,8,8,0.38436744661529665,1
0.25,2058,4,4,4,4,1.0309713621730694,1
0.25,2059,4,9,9,9,1.2915330351178018,1
0.25,2060,4,2,4,4,0.19971390265290684,1
0.25,2061,4,4,4,4,0.5676842070914785,1
0.25,2062,4,9,9,9,0.8978106541591044,1
0.25,2063,4,4,4,4,0.18429865609616314,1
0.25,2064,4,4,4,4,1.3426398950574037,1
0.25,2065,4,4,4,4,1.2077878014897128,1
0.25,2066,4,4,4,4,0.6546691086791476,1
0.25,2067,4,7,2,2,0.39006907850612216,1
0.25,2068,4,10,2,2,0.5035270431544694,1
0.25,2069,4,7,7,7,2.586214238131002,0
0.25,2070,4,7,4,4,1.278874522851868,1
0.25,2071,4,7,7,7,0.9026055760802065,1
0.25,2072,4,7,7,7,1.6642319998739086,1
0.25,2073,4,7,4,4,0.5975432005005117,1
0.25,2074,4,2,4,4,0.014408004484587511,1
0.25,2075,4,7,7,7,2.144386368103404,0
0.25,2076,4,4,4,4,0.70352345140739,1
0.25,2077,4,4,4,4,1.5217952611458525,1
0.25,2078,4,4,4,4,0.47424660179220574,1
0.25,2079,4,7,2,2,0.03142821244091232,1
0.25,2080,4,10,4,4,0.25788937229410747,1
0.25,2081,4,7,7,7,1.6945016980671945,1
0.25,2082,4,7,4,4,0.08204095748079104,1
0.25,2083,4,10,5,5,0.2870624213224945,1
0.25,2084,4,7,7,7,0.993689712552055,1
0.25,2085,4,7,4,4,0.13665536532916367,1
0.25,2086,4,10,4,4,0.0201723393281108,1
0.25,2087,4,7,7,7,1.6852415002761931,1
0.25,2088,4,4,4,4,1.4205121429706926,1
0.25,2089,4,4,4,4,2.0954309706377634,0
0.25,2090,4,4,4,4,0.5266088642099298,1
0.25,2091,4,2,4,4,0.17125347760166443,1
0.25,2092,4,2,2,2,0.6368533019117706,1
0.25,2093,4,7,7,7,1.2678443779689048,1
0.25,2094,4,4,4,4,0.1595286089203224,1
0.25,2095,4,2,2,2,0.1399145794132567,1
0.25,2096,4,7,7,7,0.9232969326834866,1
0.25,2097,4,2,4,4,0.0971150087504099,1
0.25,2098,4,2,4,4,0.8627708777878816,1
0.25,2099,4,7,7,7,0.919599768540884,1
0.25,2100,4,4,4,4,1.0647106085086397,1
0.25,2101,4,4,4,4,2.0874146824255444,0
0.25,2102,4,4,4,4,0.5775326075683154,1
0.25,2103,4,2,4,4,0.3009811389827016,1
0.25,2104,4,2,2,2,1.3685514596204333,1
0.25,2105,4,7,7,7,0.5473357510159107,1
0.25,2106,4,4,4,4,0.008203711676923464,1
0.25,2107,4,2,2,2,0.7248317141276843,1
0.25,2108,4,7,7,7,0.7736568677679272,1
0.25,2109,4,2,2,2,0.36644734358126185,1
0.25,2110,4,2,4,4,0.8397557376025844,1
0.25,2111,4,7,7,7,0.5278493585981094,1
0.25,2112,4,4,4,4,1.0362996447708839,1
0.25,2113,4,4,4,4,1.8024248642891625,0
0.25,2114,4,7,2,2,0.1432237311051161,1
0.25,2115,4,2,2,2,0.226067803857816,1
0.25,2116,4,2,2,2,1.3316681276090192,1
0.25,2117,4,7,10,10,0.7513284877209264,1
0.25,2118,4,2,4,4,0.14730201269490883,1
0.25,2119,4,2,2,2,0.9061430058350691,1
0.25,2120,4,7,7,7,0.8844722350808742,1
0.25,2121,4,2,2,2,1.1190905403046423,1
0.25,2122,4,2,2,2,0.8776556782709708,1
0.25,2123,4,7,4,4,1.374024524779083,1
0.25,2124,4,7,4,4,0.20646046101321724,1
0.25,2125,4,4,4,4,0.5203068345922807,1
0.25,2126,4,7,4,4,0.4936718601768506,1
0.25,2127,4,2,2,2,1.0785472842436836,1
0.25,2128,4,2,9,9,1.5620973447379185,1
0.25,2129,4,7,7,7,1.2792679862780236,1
0.25,2130,4,2,4,4,0.7863519161272577,1
0.25,2131,4,2,2,2,1.4763494392223273,1
0.25,2132,4,7,4,4,0.8843905071781514,1
0.25,2133,4,2,2,2,0.8971017234381086,1
0.25,2134,4,2,2,2,1.2695159610185867,1
0.25,2135,4,7,4,4,1.3936723890574125,1
0.25,2136,4,7,4,4,0.09798557954814857,1
0.25,2137,4,9,4,4,0.10588394217348562,1
0.25,2138,4,7,4,4,0.5087593291070818,1
0.25,2139,4,2,2,2,0.8469567735352159,1
0.25,2140,4,2,9,9,1.7038088436246475,1
0.25,2141,4,7,2,2,1.4501631152007644,1
0.25,2142,4,2,2,2,0.5534650268025381,1
0.25,2143,4,2,2,2,0.3416636354699688,1
0.25,2144,4,4,4,4,0.33298426820187166,1
0.25,2145,4,2,2,2,0.66278999551515,1
0.25,2146,4,2,2,2,0.32759779494137686,1
0.25,2147,4,7,2,2,1.1780937569080852,1
0.25,2148,4,9,4,4,0.5471698200945321,1
0.25,2149,4,9,2,2,0.4991331275868841,1
0.25,2150,4,7,4,4,0.3829546692608822,1
0.25,2151,4,2,2,2,0.5704146228214887,1
0.25,2152,4,2,9,9,1.4396764558683364,1
0.25,2153,4,4,2,2,0.46569672537724516,1
0.25,2154,4,2,2,2,0.723710891179837,1
0.25,2155,4,2,2,2,0.29080813122377047,1
0.25,2156,4,4,2,2,0.04351126620940865,1
0.25,2157,4,2,2,2,0.7894041862130409,1
0.25,2158,4,4,2,2,0.06156560989323434,1
0.25,2159,4,2,2,2,0.047733268934212925,1
0.25,2484,5,5,5,5,0.7110383364026639,1
0.25,2485,5,5,5,5,0.43621943909278305,1
0.25,2486,5,5,5,5,0.9915787010987518,1
0.25,2487,5,5,5,5,1.4097064084253668,1
0.25,2488,5,5,5,5,1.4468501804179783,1
0.25,2489,5,5,5,5,0.8088264611712608,1
0.25,2490,5,5,3,3,0.6292421383930205,1
0.25,2491,5,5,5,5,1.619071246551605,1
0.25,2492,5,5,5,5,1.7879800318576473,0
0.25,2493,5,5,5,5,1.2081073587472093,1
0.25,2494,5,5,5,5,1.502987950146323,1
0.25,2495,5,5,5,5,1.0937257408059418,1
0.25,2496,5,5,5,5,0.9089697160670749,1
0.25,2497,5,5,5,5,0.9632853632117083,1
0.25,2498,5,5,5,5,1.143822533383203,1
0.25,2499,5,1,5,5,0.11641186582884688,1
0.25,2500,5,5,5,5,1.14386611929746,1
0.25,2501,5,5,5,5,0.26640783714098637,1
0.25,2502,5,5,5,5,0.4786130107178499,1
0.25,2503,5,5,5,5,0.6367387358770382,1
0.25,2504,5,5,5,5,0.7548721421914902,1
0.25,2505,5,5,5,5,0.4399981300380864,1
0.25,2506,5,5,5,5,0.4541478017838315,1
0.25,2507,5,5,5,5,0.27391093988514914,1
0.25,2508,5,5,5,5,0.9002086828941711,1
0.25,2509,5,5,5,5,0.824950583163645,1
0.25,2510,5,5,5,5,0.4295103461239771,1
0.25,2511,5,1,5,5,1.115984255781092,1
0.25,2512,5,5,5,5,0.32902629040439413,1
0.25,2513,5,5,5,5,0.8313993460380483,1
0.25,2514,5,1,5,5,0.4341565601534664,1
0.25,2515,5,5,5,5,0.04971822572859941,1
0.25,2516,5,1,5,5,0.5891191882069696,1
0.25,2517,5,1,5,5,0.33819283812357215,1
0.25,2518,5,3,5,5,0.26237487198085463,1
0.25,2519,5,5,5,5,0.5374310812165536,1
0.25,2520,5,5,5,5,0.4317133952119091,1
0.25,2521,5,5,5,5,0.6741156494444105,1
0.25,2522,5,5,5,5,0.033933279105072545,1
0.25,2523,5,5,5,5,0.21087478632575252,1
0.25,2524,5,5,5,5,0.6311567109782996,1
0.25,2525,5,5,5,5,0.45069549254772934,1
0.25,2526,5,5,5,5,0.38391747423935163,1
0.25,2527,5,5,5,5,0.12907300390661636,1
0.25,2528,5,1,5,5,0.31573051554815834,1
0.25,2529,5,5,5,5,0.2529467042502638,1
0.25,2530,5,5,5,5,0.0723556385416626,1
0.25,2531,5,1,5,5,0.5728150655018448,1
0.25,2532,5,5,5,5,0.8214247853373378,1
0.25,2533,5,5,5,5,0.47985637859370434,1
0.25,2534,5,5,5,5,0.35043833537770197,1
0.25,2535,5,5,5,5,0.568436231885177,1
0.25,2536,5,5,5,5,0.7791390799554598,1
0.25,2537,5,5,5,5,0.33959822662463257,1
0.25,2538,5,1,5,5,0.2121320274163896,1
0.25,2539,5,5,5,5,0.8219794563702973,1
0.25,2540,5,1,5,5,0.16550323730966532,1
0.25,2541,5,1,5,5,0.03558353568450001,1
0.25,2542,5,3,5,5,0.30745473583746064,1
0.25,2543,5,5,5,5,0.4531712700771734,1
0.25,2544,5,5,5,5,0.5202639903665829,1
0.25,2545,5,5,5,5,0.5833836673820811,1
0.25,2546,5,5,5,5,0.6020196130270365,1
0.25,2547,5,5,5,5,0.588855825896601,1
0.25,2548,5,5,5,5,1.5568269072868837,1
0.25,2549,5,5,5,5,0.6779855742694709,1
0.25,2550,5,5,5,5,1.641374611820868,1
0.25,2551,5,5,5,5,1.453833931530724,1
0.25,2552,5,1,5,5,0.43912594174158237,1
0.25,2553,5,5,5,5,0.8047115407714833,1
0.25,2554,5,5,5,5,0.1580949092583157,1
0.25,2555,5,5,5,5,0.07957275182875923,1
0.25,2556,5,5,5,5,0.9100206126357683,1
0.25,2557,5,5,5,5,0.3856386936485652,1
0.25,2558,5,5,5,5,1.013078790704442,1
0.25,2559,5,5,5,5,1.7899768294142944,0
0.25,2560,5,5,5,5,2.051453367147373,0
0.25,2561,5,5,5,5,0.3669617773104208,1
0.25,2562,5,5,5,5,2.4624621056029254,0
0.25,2563,5,5,5,5,1.8066946843271667,0
0.25,2564,5,5,5,5,0.07495810945993808,1
0.25,2565,5,5,5,5,1.462581395560218,1
0.25,2566,5,5,5,5,0.811961425665477,1
0.25,2567,5,5,5,5,0.2918333182300421,1
0.25,2568,5,5,5,5,0.6683055101604003,1
0.25,2569,5,5,5,5,0.26278365901871775,1
0.25,2570,5,5,5,5,0.9504139270997886,1
0.25,2571,5,5,5,5,1.7308904124661406,0
0.25,2572,5,5,5,5,2.2637479961139064,0
0.25,2573,5,5,5,5,0.728343924204316,1
0.25,2574,5,5,5,5,2.6505967065390696,0
0.25,2575,5,5,5,5,2.1902137392563303,0
0.25,2576,5,5,5,5,1.0083671742748304,1
0.25,2577,5,5,5,5,2.282204427750831,0
0.25,2578,5,5,5,5,2.3081208531222606,0
0.25,2579,5,5,5,5,1.2904624582984658,1
0.25,2580,5,5,5,5,1.3601226393860437,1
0.25,2581,5,5,5,5,0.4768984324106479,1
0.25,2582,5,5,5,5,0.7456543944295569,1
0.25,2583,5,5,5,5,2.3539334333880557,0
0.25,2584,5,5,5,5,2.127401036545476,0
0.25,2585,5,5,5,5,0.7334109467493637,1
0.25,2586,5,5,5,5,2.5760356919456306,0
0.25,2587,5,5,5,5,1.7966395047662773,0
0.25,2588,5,5,5,5,2.106217648695724,0
0.25,2589,5,5,5,5,2.6432097138481367,0
0.25,2590,5,5,5,5,1.590791525984236,1
0.25,2591,5,5,5,5,1.9041243566017636,0
0.25,2916,6,6,6,6,1.3779433502788945,1
0.25,2917,6,6,6,6,1.3339872571252827,1
0.25,2918,6,6,6,6,1.3305961210536785,1
0.25,2919,6,6,6,6,0.7585411725402443,1
0.25,2920,6,6,6,6,0.9038559535737554,1
0.25,2921,6,6,6,6,0.9818917470391406,1
0.25,2922,6,6,6,6,2.1578384191638853,0
0.25,2923,6,6,6,6,1.0845644342710565,1
0.25,2924,6,6,6,6,1.010445354268571,1
0.25,2925,6,6,6,6,0.7446892294346208,1
0.25,2926,6,6,6,6,1.0786495193528518,1
0.25,2927,6,6,6,6,0.901510989272665,1
0.25,2928,6,6,6,6,0.3999680276003223,1
0.25,2929,6,6,6,6,0.9278024971324881,1
0.25,2930,6,6,6,6,1.8472987619723065,0
0.25,2931,6,6,6,6,0.4475655222540063,1
0.25,2932,6,6,6,6,0.29316197510282976,1
0.25,2933,6,6,6,6,0.6556484356534903,1
0.25,2934,6,6,6,6,1.0983393537664763,1
0.25,2935,6,6,6,6,0.8639247723006672,1
0.25,2936,6,6,6,6,0.34742600295168785,1
0.25,2937,6,6,6,6,1.4939766727431465,1
0.25,2938,6,6,6,6,2.1288426776271416,0
0.25,2939,6,6,6,6,1.8704872497622187,0
0.25,2940,6,6,6,6,1.3791950244119788,1
0.25,2941,6,6,6,6,1.5801507321540829,1
0.25,2942,6,6,6,6,1.9053851360091725,0
0.25,2943,6,6,6,6,1.2009799867376987,1
0.25,2944,6,6,6,6,1.203358140169454,1
0.25,2945,6,6,6,6,1.552669777771048,1
0.25,2946,6,6,6,6,1.7931365804206336,0
0.25,2947,6,6,6,6,0.34766262657813846,1
0.25,2948,6,6,6,6,1.8507646091229053,0
0.25,2949,6,6,6,6,1.650360189337789,1
0.25,2950,6,6,6,6,1.2653100646404118,1
0.25,2951,6,6,6,6,1.4887251347906505,1
0.25,2952,6,6,6,6,1.3267016323304404,1
0.25,2953,6,6,6,6,1.5910220075501385,1
0.25,2954,6,6,6,6,1.2935775250128707,1
0.25,2955,6,6,6,6,1.2521984715968988,1
0.25,2956,6,6,6,6,1.1084825352681957,1
0.25,2957,6,6,6,6,1.2611604090329207,1
0.25,2958,6,6,6,6,1.761748981722628,0
0.25,2959,6,6,6,6,1.5162672106049264,1
0.25,2960,6,6,6,6,1.33677453556618,1
0.25,2961,6,6,6,6,1.5826857386223978,1
0.25,2962,6,6,6,6,1.0604310359368987,1
0.25,2963,6,6,6,6,1.6394589676429014,1
0.25,2964,6,6,6,6,0.8320409962332457,1
0.25,2965,6,6,6,6,1.5867894646581937,1
0.25,2966,6,6,6,6,1.613937391086858,1
0.25,2967,6,6,6,6,1.269560137271896,1
0.25,2968,6,6,6,6,0.7679070794268239,1
0.25,2969,6,6,6,6,1.3369765482723726,1
0.25,2970,6,6,6,6,1.0830072087677645,1
0.25,2971,6,6,6,6,2.3815659046163313,0
0.25,2972,6,6,6,6,1.2909937713638993,1
0.25,2973,6,6,6,6,1.8383401589291102,0
0.25,2974,6,6,6,6,1.7929277679773503,0
0.25,2975,6,6,6,6,1.892444686580012,0
0.25,2976,6,6,6,6,1.645714174699937,1
0.25,2977,6,6,6,6,1.7438694769380554,0
0.25,2978,6,6,6,6,1.921104348115756,0
0.25,2979,6,6,6,6,1.5664207120707683,1
0.25,2980,6,6,6,6,1.6044424671472304,1
0.25,2981,6,6,6,6,1.6144995195668936,1
0.25,2982,6,6,6,6,1.7117301199745882,1
0.25,2983,6,6,6,6,1.4762482367027605,1
0.25,2984,6,6,6,6,1.7178073070939068,1
0.25,2985,6,6,6,6,1.6298249911134561,1
0.25,2986,6,6,6,6,1.5289920894399476,1
0.25,2987,6,6,6,6,1.7059955050101738,1
0.25,2988,6,6,6,6,1.4608862520642396,1
0.25,2989,6,6,6,6,1.2719118508539287,1
0.25,2990,6,6,6,6,2.0441268076411303,0
0.25,2991,6,6,6,6,1.299858570394336,1
0.25,2992,6,6,6,6,1.7057000507209963,1
0.25,2993,6,6,6,6,1.5234564366200412,1
0.25,2994,6,6,6,6,1.6327340268525312,1
0.25,2995,6,6,6,6,1.8484181328354343,0
0.25,2996,6,6,6,6,2.0364203982746547,0
0.25,2997,6,6,6,6,1.7878784211887122,0
0.25,2998,6,6,6,6,1.7647722862216715,0
0.25,2999,6,6,6,6,1.0347768083180622,1
0.25,3000,6,6,6,6,1.4407825647922854,1
0.25,3001,6,6,6,6,1.4348520984727853,1
0.25,3002,6,6,6,6,1.4156513761946294,1
0.25,3003,6,6,6,6,1.7437166573678429,0
0.25,3004,6,6,6,6,1.1312029770850895,1
0.25,3005,6,6,6,6,1.4172436348368023,1
0.25,3006,6,6,6,6,1.687796065982578,1
0.25,3007,6,6,6,6,1.0824130029348535,1
0.25,3008,6,6,6,6,1.6157102096402896,1
0.25,3009,6,6,6,6,1.5571220991682266,1
0.25,3010,6,6,6,6,1.5058900934721404,1
0.25,3011,6,6,6,6,1.4376890289909614,1
0.25,3012,6,6,6,6,1.876181861468588,0
0.25,3013,6,6,6,6,1.771221985133054,0
0.25,3014,6,6,6,6,1.3900364077317515,1
0.25,3015,6,6,6,6,0.946257379321371,1
0.25,3016,6,6,6,6,0.969771881418424,1
0.25,3017,6,6,6,6,1.4985666774539839,1
0.25,3018,6,6,6,6,1.0706069241647733,1
0.25,3019,6,6,6,6,1.6613634402633208,1
0.25,3020,6,6,6,6,1.5074439328624551,1
0.25,3021,6,6,6,6,2.0535791932002962,0
0.25,3022,6,6,6,6,1.6136997341210078,1
0.25,3023,6,6,6,6,1.5119218746252516,1
0.25,3348,7,7,2,2,0.44313442960901606,1
0.25,3349,7,7,7,7,0.25164154639588965,1
0.25,3350,7,7,7,7,0.7829241644525635,1
0.25,3351,7,7,2,2,0.5955913288053182,1
0.25,3352,7,7,2,2,0.26265108123353276,1
0.25,3353,7,2,2,2,0.16941929465149141,1
0.25,3354,7,7,4,4,0.6620939731921012,1
0.25,3355,7,7,7,7,0.9489558591444689,1
0.25,3356,7,7,2,2,0.8331473194234167,1
0.25,3357,7,7,2,2,0.6980581274356752,1
0.25,3358,7,9,2,2,0.36294974356953924,1
0.25,3359,7,7,7,7,0.6142831500606085,1
0.25,3360,7,4,4,4,1.307457095448279,1
0.25,3361,7,4,4,4,0.8828178701586904,1
0.25,3362,7,4,4,4,2.096211856341111,0
0.25,3363,7,7,7,7,2.824424205055397,0
0.25,3364,7,7,7,7,3.0164704782147718,0
0.25,3365,7,7,7,7,1.2138804511627699,1
0.25,3366,7,7,7,7,1.558306560896382,1
0.25,3367,7,7,7,7,2.466309164075242,0
0.25,3368,7,7,7,7,0.9147082550347088,1
0.25,3369,7,7,7,7,2.214724674931338,0
0.25,3370,7,7,7,7,2.3977070209562488,0
0.25,3371,7,7,7,7,1.508231177821113,1
0.25,3372,7,4,4,4,1.3717991090984099,1
0.25,3373,7,4,4,4,0.7892693356250589,1
0.25,3374,7,4,4,4,1.6026400800766758,1
0.25,3375,7,7,7,7,2.8686135851082053,0
0.25,3376,7,7,7,7,3.1040968078764957,0
0.25,3377,7,7,7,7,1.6797682544539432,1
0.25,3378,7,7,7,7,2.33559171195348,0
0.25,3379,7,7,7,7,2.0487955848306987,0
0.25,3380,7,7,7,7,1.3008058255824846,1
0.25,3381,7,7,7,7,2.7246623913464703,0
0.25,3382,7,7,7,7,2.804176728504115,0
0.25,3383,7,7,7,7,1.332757424868896,1
0.25,3384,7,7,4,4,0.18351678691942364,1
0.25,3385,7,7,4,4,0.12973659457962095,1
0.25,3386,7,4,4,4,0.5233238054337666,1
0.25,3387,7,7,7,7,2.252675133361283,0
0.25,3388,7,7,7,7,2.633889315606212,0
0.25,3389,7,7,7,7,2.4151084986256284,0
0.25,3390,7,7,7,7,2.3963138743027783,0
0.25,3391,7,7,7,7,1.5942032035567402,1
0.25,3392,7,7,7,7,2.2018792849470854,0
0.25,3393,7,7,7,7,2.4573982346602223,0
0.25,3394,7,7,7,7,2.2507250560633443,0
0.25,3395,7,7,7,7,2.338990543056503,0
0.25,3396,7,7,4,4,0.6059844786539195,1
0.25,3397,7,7,4,4,0.4102817487074151,1
0.25,3398,7,4,4,4,0.14091651736410227,1
0.25,3399,7,7,7,7,2.5248841163939604,0
0.25,3400,7,7,7,7,2.3299353999733583,0
0.25,3401,7,7,7,7,2.22324165839343,0
0.25,3402,7,7,4,7,2.1740809701299986,0
0.25,3403,7,7,7,7,1.2983482743647778,1
0.25,3404,7,7,7,7,2.3320500423334187,0
0.25,3405,7,7,7,7,2.2305994531504383,0
0.25,3406,7,7,7,7,2.218680062271873,0
0.25,3407,7,7,7,7,2.1482166923846133,0
0.25,3408,7,4,4,4,0.5688379353692907,1
0.25,3409,7,4,4,4,0.18160347465118032,1
0.25,3410,7,4,4,4,0.40034264286507026,1
0.25,3411,7,7,7,7,2.1224205394790623,0
0.25,3412,7,7,7,7,1.859261087686206,0
0.25,3413,7,7,4,7,2.2179153150008175,0
0.25,3414,7,7,4,7,2.020230068972099,0
0.25,3415,7,7,7,7,0.9630895621662896,1
0.25,3416,7,7,7,7,2.102314003464939,0
0.25,3417,7,7,7,7,1.9223299144615684,0
0.25,3418,7,7,7,7,1.6732341169580984,1
0.25,3419,7,7,7,7,1.9187984604692354,0
0.25,3420,7,4,4,4,0.48624045592094234,1
0.25,3421,7,4,4,4,0.4133389157746803,1
0.25,3422,7,4,4,4,0.34971517850062783,1
0.25,3423,7,7,7,7,1.6829592275443441,1
0.25,3424,7,7,7,7,0.9111424950203384,1
0.25,3425,7,7,4,7,1.8095607220765615,0
0.25,3426,7,7,7,7,0.9134936420176233,1
0.25,3427,7,7,7,7,0.004088885503184425,1
0.25,3428,7,7,7,7,1.2019912799246733,1
0.25,3429,7,7,4,4,1.4199341766981317,1
0.25,3430,7,7,7,7,1.141731752910732,1
0.25,3431,7,7,7,7,1.1448129086243182,1
0.25,3432,7,4,4,4,0.6623019207926422,1
0.25,3433,7,4,4,4,0.9111182334154078,1
0.25,3434,7,4,4,4,0.14408036188942663,1
0.25,3435,7,7,7,7,1.3948632162647008,1
0.25,3436,7,7,7,7,0.6862268749735834,1
0.25,3437,7,7,7,7,0.6871631128482458,1
0.25,3438,7,7,4,4,0.04130258363769257,1
0.25,3439,7,4,2,2,0.4162484271706033,1
0.25,3440,7,7,7,7,1.1605680882668588,1
0.25,3441,7,7,4,4,0.8351275186185835,1
0.25,3442,7,7,7,7,0.8069223368970443,1
0.25,3443,7,7,7,7,0.8223371453410009,1
0.25,3444,7,7,2,2,0.31075781156661497,1
0.25,3445,7,4,2,2,0.20192685661317045,1
0.25,3446,7,7,4,4,0.6011762132447274,1
0.25,3447,7,7,4,4,0.7804878188646498,1
0.25,3448,7,7,4,4,0.43192572002631524,1
0.25,3449,7,7,7,7,0.2613154470284301,1
0.25,3450,7,7,4,4,0.34275859096872385,1
0.25,3451,7,7,2,2,0.2078590779382279,1
0.25,3452,7,7,7,7,0.8815102282931935,1
0.25,3453,7,7,4,4,0.9942962110578586,1
0.25,3454,7,7,4,4,0.8445864260165521,1
0.25,3455,7,7,4,4,0.5197635615580198,1
0.25,3780,8,8,8,8,1.174549468370891,1
0.25,3781,8,8,8,8,1.3407740685764344,1
0.25,3782,8,8,8,8,1.86496544982378,0
0.25,3783,8,8,8,8,2.2507936712919125,0
0.25,3784,8,8,8,8,1.4395303369662893,1
0.25,3785,8,8,8,8,2.2057971016241473,0
0.25,3786,8,8,8,8,1.2927219656794242,1
0.25,3787,8,8,8,8,1.4294807796533822,1
0.25,3788,8,8,8,8,2.0422484902270908,0
0.25,3789,8,8,8,8,1.5287267000147078,1
0.25,3790,8,8,8,8,1.8585453537163161,0
0.25,3791,8,8,8,8,2.0368762651454375,0
0.25,3792,8,8,8,8,1.4280572143077088,1
0.25,3793,8,8,8,8,1.5723472087402337,1
0.25,3794,8,8,8,8,1.0431162616964267,1
0.25,3795,8,8,8,8,2.425506545147197,0
0.25,3796,8,8,8,8,2.3624443582882773,0
0.25,3797,8,8,8,8,2.838585330861836,0
0.25,3798,8,8,8,8,2.32719282351592,0
0.25,3799,8,8,8,8,2.678487190476524,0
0.25,3800,8,8,8,8,2.6530823866233244,0
0.25,3801,8,8,8,8,0.13111036578580043,1
0.25,3802,8,8,8,8,1.040725555438876,1
0.25,3803,8,8,8,8,1.822504725560813,0
0.25,3804,8,8,8,8,1.0186848486406572,1
0.25,3805,8,8,8,8,1.6812428911148967,1
0.25,3806,8,8,8,8,1.8431376604393495,0
0.25,3807,8,8,8,8,2.4195648733974027,0
0.25,3808,8,8,8,8,2.3051811065111485,0
0.25,3809,8,8,8,8,2.2340213362436834,0
0.25,3810,8,8,8,8,1.8000968476546042,0
0.25,3811,8,8,8,8,2.3057420497514935,0
0.25,3812,8,8,8,8,1.976971697724142,0
0.25,3813,8,8,8,8,2.1235526789497867,0
0.25,3814,8,8,8,8,2.195604649412649,0
0.25,3815,8,8,8,8,2.4763983363812785,0
0.25,3816,8,8,8,8,1.1776246245751045,1
0.25,3817,8,8,8,8,1.8014249435207457,0
0.25,3818,8,8,8,8,0.7182728603521412,1
0.25,3819,8,8,8,8,2.5009105893348185,0
0.25,3820,8,8,8,8,2.253883248832315,0
0.25,3821,8,8,8,8,2.3965512934038182,0
0.25,3822,8,8,8,8,1.9294129229976777,0
0.25,3823,8,8,8,8,2.631611892943689,0
0.25,3824,8,8,8,8,1.982171370594406,0
0.25,3825,8,8,8,8,2.0031598851932295,0
0.25,3826,8,8,8,8,2.3520684771364584,0
0.25,3827,8,8,8,8,2.460608517171586,0
0.25,3828,8,8,8,8,1.491744637185239,1
0.25,3829,8,8,8,8,1.6058669825080942,1
0.25,3830,8,8,8,8,1.758106727463985,0
0.25,3831,8,8,8,8,2.4439128889187414,0
0.25,3832,8,8,8,8,2.0402893512541755,0
0.25,3833,8,8,8,8,2.4801195390305337,0
0.25,3834,8,8,8,8,1.842231921748979,0
0.25,3835,8,8,8,8,2.2956722042359217,0
0.25,3836,8,8,8,8,1.865807229037713,0
0.25,3837,8,8,8,8,2.020932763091392,0
0.25,3838,8,8,8,8,2.3842056725709426,0
0.25,3839,8,8,8,8,2.452028735527437,0
0.25,3840,8,8,8,8,1.4154455874009426,1
0.25,3841,8,8,8,8,1.6407323725236183,1
0.25,3842,8,8,8,8,1.2175311744087784,1
0.25,3843,8,8,8,8,2.0700287508563484,0
0.25,3844,8,8,8,8,2.1065720358652387,0
0.25,3845,8,8,8,8,2.217631047186111,0
0.25,3846,8,8,8,8,2.2365182746581183,0
0.25,3847,8,8,8,8,1.7784463835371564,0
0.25,3848,8,8,8,8,2.02708470180497,0
0.25,3849,8,8,8,8,2.2397514332339057,0
0.25,3850,8,8,8,8,2.325321116902996,0
0.25,3851,8,8,8,8,2.3626555123265933,0
0.25,3852,8,8,8,8,1.1921472864488722,1
0.25,3853,8,8,8,8,1.645394019547299,1
0.25,3854,8,8,8,8,1.5936667274327023,1
0.25,3855,8,8,8,8,2.0030653286141207,0
0.25,3856,8,8,8,8,1.8928811270724626,0
0.25,3857,8,8,8,8,2.415770180710703,0
0.25,3858,8,8,8,8,1.8292249416368807,0
0.25,3859,8,8,8,8,2.2718494037051795,0
0.25,3860,8,8,8,8,2.1130543883021633,0
0.25,3861,8,8,8,8,2.0477826085369855,0
0.25,3862,8,8,8,8,2.0497097985809623,0
0.25,3863,8,8,8,8,2.5411755816640857,0
0.25,3864,8,8,8,8,1.5294413415525754,1
0.25,3865,8,8,8,8,2.187320094060584,0
0.25,3866,8,8,8,8,1.8623683467989103,0
0.25,3867,8,8,8,8,2.2819428927290994,0
0.25,3868,8,8,8,8,1.813416104057449,0
0.25,3869,8,8,8,8,2.1673777698487857,0
0.25,3870,8,8,8,8,1.8569286258148416,0
0.25,3871,8,8,8,8,2.495561237635838,0
0.25,3872,8,8,8,8,2.3513499926014934,0
0.25,3873,8,8,8,8,1.9905916165338968,0
0.25,3874,8,8,8,8,2.0098401916558686,0
0.25,3875,8,8,8,8,2.3581778464886303,0
0.25,3876,8,8,8,8,1.4700824546830629,1
0.25,3877,8,8,8,8,1.8303103276065142,0
0.25,3878,8,8,8,8,1.557089929012728,1
0.25,3879,8,8,8,8,2.1544750743842704,0
0.25,3880,8,8,8,8,2.0298006416253607,0
0.25,3881,8,8,8,8,2.080463451290921,0
0.25,3882,8,8,8,8,1.8513873933289315,0
0.25,3883,8,8,8,8,1.9821899028998677,0
0.25,3884,8,8,8,8,2.2056328484995857,0
0.25,3885,8,8,8,8,1.9016329951935105,0
0.25,3886,8,8,8,8,2.2453349398565905,0
0.25,3887,8,8,8,8,2.1367231426665327,0
0.25,4212,9,9,9,9,2.3458773302838054,0
0.25,4213,9,9,9,9,2.2540408812797756,0
0.25,4214,9,9,9,9,2.7154306459716695,0
0.25,4215,9,9,9,9,2.3505840315239217,0
0.25,4216,9,9,9,9,2.6118526189121876,0
0.25,4217,9,9,9,9,2.4392051960037273,0
0.25,4218,9,9,9,9,2.2230833333719797,0
0.25,4219,9,9,9,9,2.420018992623504,0
0.25,4220,9,9,9,9,2.3754987441880817,0
0.25,4221,9,9,9,9,2.4954605046984355,0
0.25,4222,9,9,9,9,2.2786136363539775,0
0.25,4223,9,9,9,9,2.392108156625719,0
0.25,4224,9,9,9,9,1.6381855928964195,1
0.25,4225,9,9,9,9,1.9081015744926226,0
0.25,4226,9,9,9,9,1.9783640071943989,0
0.25,4227,9,9,9,9,1.9783188023709362,0
0.25,4228,9,9,9,9,1.5767514715001698,1
0.25,4229,9,9,9,9,0.39550727136963215,1
0.25,4230,9,9,9,9,1.7324494744926808,0
0.25,4231,9,9,9,9,1.445777166544896,1
0.25,4232,9,9,9,9,0.38009434171992673,1
0.25,4233,9,9,2,2,1.1366823678465514,1
0.25,4234,9,9,9,9,0.7195353242052062,1
0.25,4235,9,9,9,9,0.7095889060731644,1
0.25,4236,9,9,9,9,2.291147154716043,0
0.25,4237,9,9,9,9,0.9408073266904362,1
0.25,4238,9,9,9,9,2.394000090859852,0
0.25,4239,9,9,9,9,0.6518759186902846,1
0.25,4240,9,9,9,9,0.701987776530867,1
0.25,4241,9,9,9,9,1.2883723856886617,1
0.25,4242,9,9,9,9,1.5870587727069003,1
0.25,4243,9,9,9,9,1.2689860929123626,1
0.25,4244,9,9,9,9,1.0387331803880424,1
0.25,4245,9,9,9,9,2.4854606382069946,0
0.25,4246,9,9,9,9,1.6699222482768068,1
0.25,4247,9,9,9,9,2.4733387155419857,0
0.25,4248,9,9,9,9,2.702666205769006,0
0.25,4249,9,9,9,9,2.112538217996588,0
0.25,4250,9,9,9,9,2.546900637970465,0
0.25,4251,9,9,9,9,0.3890993629257501,1
0.25,4252,9,9,9,9,0.48408771249236504,1
0.25,4253,9,9,9,9,0.7804018935243551,1
0.25,4254,9,9,9,9,2.412392539702266,0
0.25,4255,9,9,8,8,0.11229383886591682,1
0.25,4256,9,9,9,9,2.110333853208589,0
0.25,4257,9,9,9,9,2.4827407737050353,0
0.25,4258,9,9,9,9,0.9916080929515533,1
0.25,4259,9,9,9,9,2.965658109664896,0
0.25,4260,9,9,9,9,1.8616067330640838,0
0.25,4261,9,9,9,9,1.5424001462982704,1
0.25,4262,9,9,9,9,1.0258472176216824,1
0.25,4263,9,9,9,9,2.5112522014981042,0
0.25,4264,9,9,9,9,2.48284238852845,0
0.25,4265,9,9,9,9,0.9906165771123366,1
0.25,4266,9,9,9,9,2.380156750612352,0
0.25,4267,9,9,9,9,1.364329983197713,1
0.25,4268,9,9,9,9,0.7533670402983871,1
0.25,4269,9,9,9,9,1.0551497862289954,1
0.25,4270,9,9,9,9,0.5652315058174141,1
0.25,4271,9,9,9,9,0.076683202013347,1
0.25,4272,9,9,2,2,1.352843608458667,1
0.25,4273,9,9,9,9,2.3329463722964965,0
0.25,4274,9,9,9,9,1.1309185976380136,1
0.25,4275,9,9,9,9,1.0583453560438936,1
0.25,4276,9,9,9,9,1.4557018193490219,1
0.25,4277,9,9,9,9,1.4187195326779283,1
0.25,4278,9,9,9,9,2.214046573989464,0
0.25,4279,9,9,9,9,2.1874999805783135,0
0.25,4280,9,9,9,9,1.8360769420234795,0
0.25,4281,9,9,9,9,1.2123344916315832,1
0.25,4282,9,9,9,9,0.8293021879171197,1
0.25,4283,9,9,9,9,0.15385296057181486,1
0.25,4284,9,9,9,9,0.8864836639001688,1
0.25,4285,9,9,9,9,1.5153084019301546,1
0.25,4286,9,9,9,9,1.086081533364816,1
0.25,4287,9,9,9,9,2.4707620928447156,0
0.25,4288,9,9,9,9,0.9722087295414319,1
0.25,4289,9,9,9,9,0.8158615256537529,1
0.25,4290,9,9,9,9,2.3717379289879195,0
0.25,4291,9,9,9,9,0.8462747069402504,1
0.25,4292,9,9,9,9,0.9548639220866562,1
0.25,4293,9,9,9,9,1.1439368806037749,1
0.25,4294,9,9,9,9,0.884635377025851,1
0.25,4295,9,9,9,9,1.2199025635393848,1
0.25,4296,9,9,9,9,2.3804417714596493,0
0.25,4297,9,9,9,9,1.5691038719888697,1
0.25,4298,9,9,9,9,1.3485560086332433,1
0.25,4299,9,9,9,9,2.5429987036606554,0
0.25,4300,9,9,9,9,1.8153532575217683,0
0.25,4301,9,9,9,9,2.3842329759365812,0
0.25,4302,9,9,9,9,1.6111323693246598,1
0.25,4303,9,9,9,9,1.8047936123160881,0
0.25,4304,9,9,9,9,1.2271015008208952,1
0.25,4305,9,9,9,9,1.564952057830713,1
0.25,4306,9,9,9,9,1.4557498490768155,1
0.25,4307,9,9,9,9,0.8855921808929683,1
0.25,4308,9,9,9,9,2.6012430413354792,0
0.25,4309,9,9,9,9,1.9878722027786373,0
0.25,4310,9,9,9,9,1.957893795521839,0
0.25,4311,9,9,9,9,2.3199132851847537,0
0.25,4312,9,9,9,9,2.101674042681962,0
0.25,4313,9,9,9,9,2.037972476002244,0
0.25,4314,9,9,9,9,2.0324430250725944,0
0.25,4315,9,9,9,9,2.2028620071060114,0
0.25,4316,9,9,9,9,2.0342496535451127,0
0.25,4317,9,9,9,9,2.14523369371857,0
0.25,4318,9,9,9,9,2.014614046071841,0
0.25,4319,9,9,2,2,0.9617106948477679,1
0.25,4644,10,4,4,4,1.6539357270971298,1
0.25,4645,10,4,4,4,1.6167026360366488,1
0.25,4646,10,4,4,4,1.6196447947987802,1
0.25,4647,10,7,4,4,0.36338646084504567,1
0.25,4648,10,10,10,10,0.17626874854087504,1
0.25,4649,10,4,2,2,0.09012575133300693,1
0.25,4650,10,4,10,10,0.31790610238508865,1
0.25,4651,10,10,2,2,0.023952412456547667,1
0.25,4652,10,4,2,2,0.20329404427768588,1
0.25,4653,10,4,10,10,0.13567224651855203,1
0.25,4654,10,10,10,10,0.11492342663694294,1
0.25,4655,10,4,2,2,0.3515566551510845,1
0.25,4656,10,4,4,4,0.19960668036115192,1
0.25,4657,10,2,10,10,0.31863117099433547,1
0.25,4658,10,10,10,10,0.1766666244536369,1
0.25,4659,10,10,10,10,0.32720499049652896,1
0.25,4660,10,7,10,10,0.18418912935444193,1
0.25,4661,10,10,10,10,0.19534716642314898,1
0.25,4662,10,10,10,10,0.4556734243578281,1
0.25,4663,10,10,10,10,0.6504760904202205,1
0.25,4664,10,10,10,10,0.9339423563223183,1
0.25,4665,10,10,10,10,0.1089542767792312,1
0.25,4666,10,10,10,10,0.7374622546869981,1
0.25,4667,10,2,10,10,0.31863117099433547,1
0.25,4668,10,4,10,10,0.2237487793414321,1
0.25,4669,10,10,4,4,0.3559081899627411,1
0.25,4670,10,4,10,10,0.46274620356233165,1
0.25,4671,10,10,10,10,0.2896405476424848,1
0.25,4672,10,10,10,10,0.37762733640879764,1
0.25,4673,10,10,10,10,1.2190662483551096,1
0.25,4674,10,2,10,10,0.5241429486541621,1
0.25,4675,10,10,10,10,0.557990235581721,1
0.25,4676,10,10,10,10,1.063156648203416,1
0.25,4677,10,10,10,10,0.2310316885368512,1
0.25,4678,10,10,10,10,0.30754934975335735,1
0.25,4679,10,10,10,10,0.2903108631442992,1
0.25,4680,10,4,10,10,0.7038703319300895,1
0.25,4681,10,2,2,2,0.06860448110135564,1
0.25,4682,10,4,10,10,0.07458979012329103,1
0.25,4683,10,10,10,10,0.6264109503493116,1
0.25,4684,10,10,10,10,0.9671854430382919,1
0.25,4685,10,10,2,2,0.12722999041202654,1
0.25,4686,10,2,2,2,0.7066425238176562,1
0.25,4687,10,2,10,10,1.0838356876497697,1
0.25,4688,10,10,2,2,0.12894436270500342,1
0.25,4689,10,10,10,10,0.2106094174187061,1
0.25,4690,10,2,2,2,0.27894741258770495,1
0.25,4691,10,4,10,10,1.3181154133475563,1
0.25,4692,10,2,10,10,0.0159306654437954,1
0.25,4693,10,10,10,10,0.2479021639181902,1
0.25,4694,10,4,10,10,1.1669513182124238,1
0.25,4695,10,10,10,10,0.8775407623693116,1
0.25,4696,10,10,2,2,0.8657128001935337,1
0.25,4697,10,10,10,10,0.8702914222891794,1
0.25,4698,10,2,10,10,0.22677299258907724,1
0.25,4699,10,10,10,10,0.13708394670736523,1
0.25,4700,10,10,10,10,0.5338834583934918,1
0.25,4701,10,10,10,10,0.7325469376543754,1
0.25,4702,10,4,10,10,1.130574293683388,1
0.25,4703,10,4,4,4,0.6365860660084792,1
0.25,4704,10,4,10,10,1.2926695548623885,1
0.25,4705,10,4,2,2,0.68160302924584,1
0.25,4706,10,4,10,10,0.9277211209641162,1
0.25,4707,10,10,10,10,1.2365693947955312,1
0.25,4708,10,10,10,10,0.8687887058137449,1
0.25,4709,10,10,10,10,0.5999213946661812,1
0.25,4710,10,10,10,10,0.5226288174208245,1
0.25,4711,10,10,10,10,0.06835812102047789,1
0.25,4712,10,10,2,2,0.2377653599799957,1
0.25,4713,10,10,10,10,0.6375025380992051,1
0.25,4714,10,10,10,10,0.5155827295208919,1
0.25,4715,10,10,10,10,0.5683629965120252,1
0.25,4716,10,10,2,2,0.2663054448801962,1
0.25,4717,10,10,10,10,0.7312026575321805,1
0.25,4718,10,4,10,10,0.9230150183103658,1
0.25,4719,10,10,10,10,0.6177985808287346,1
0.25,4720,10,10,10,10,0.8669281782788897,1
0.25,4721,10,10,10,10,0.5466046028012836,1
0.25,4722,10,2,2,2,0.2882699349232799,1
0.25,4723,10,10,2,2,0.1927397766405189,1
0.25,4724,10,4,4,4,0.6667117681384116,1
0.25,4725,10,4,4,4,0.10125856143184608,1
0.25,4726,10,10,2,2,0.1695994480079307,1
0.25,4727,10,4,2,2,1.21437105331121,1
0.25,4728,10,4,2,2,0.734136281657771,1
0.25,4729,10,4,4,4,1.3327739744684184,1
0.25,4730,10,4,2,2,1.3117866477104845,1
0.25,4731,10,10,10,10,1.0215864523337248,1
0.25,4732,10,10,2,2,0.7766702402242691,1
0.25,4733,10,10,2,2,0.3259381916854309,1
0.25,4734,10,2,10,10,0.15643540517814825,1
0.25,4735,10,2,10,10,0.41748482390569497,1
0.25,4736,10,10,2,2,0.1274551539067964,1
0.25,4737,10,10,2,2,0.4332555877877675,1
0.25,4738,10,10,10,10,0.5184590470300462,1
0.25,4739,10,4,2,2,0.12765295701751683,1
0.25,4740,10,4,10,10,1.1258798493481081,1
0.25,4741,10,4,4,4,1.5750180388008888,1
0.25,4742,10,4,10,10,1.6709860244336803,1
0.25,4743,10,10,4,4,0.45453006208616076,1
0.25,4744,10,10,2,2,0.3156410259607656,1
0.25,4745,10,10,2,2,0.04505027670514439,1
0.25,4746,10,4,2,2,0.06421552422258608,1
0.25,4747,10,2,2,2,0.0631783849458431,1
0.25,4748,10,2,2,2,0.05286104527188212,1
0.25,4749,10,10,2,2,0.41201536406804906,1
0.25,4750,10,10,10,10,0.0614874635464665,1
0.25,4751,10,4,10,10,0.33062273487887617,1
0.5,324,0,0,0,0,0.7493270688085745,1
0.5,325,0,3,0,0,0.5793249285547946,1
0.5,326,0,0,0,0,0.7556915521503156,1
0.5,327,0,0,0,0,0.9684924241494284,1
0.5,328,0,0,0,0,1.805870473531528,1
0.5,329,0,0,0,0,1.4123305348212312,1
0.5,330,0,0,0,0,1.3947035569127015,1
0.5,331,0,0,0,0,1.6308963407584132,1
0.5,332,0,0,0,0,1.4249440507159163,1
0.5,333,0,0,0,0,0.8721537950247642,1
0.5,334,0,0,0,0,1.678841479236563,1
0.5,335,0,0,0,0,1.632803468349389,1
0.5,336,0,0,0,0,2.048192163889979,1
0.5,337,0,0,0,0,2.247223857621756,0
0.5,338,0,0,0,0,2.3261010379286677,0
0.5,339,0,0,0,0,2.086758821069052,1
0.5,340,0,0,0,0,1.784662095877448,1
0.5,341,0,0,0,0,1.852560006774996,1
0.5,342,0,0,0,0,1.995001466581207,1
0.5,343,0,0,0,0,2.140615337690115,0
0.5,344,0,0,0,0,2.0525419022594837,1
0.5,345,0,0,0,0,1.6757549386224864,1
0.5,346,0,0,0,0,1.766859320447217,1
0.5,347,0,0,0,0,1.7064312057084425,1
0.5,348,0,0,0,0,2.1197349564056167,0
0.5,349,0,0,0,0,1.9490084624319173,1
0.5,350,0,0,0,0,2.4153652029134087,0
0.5,351,0,0,0,0,2.394840406840041,0
0.5,352,0,0,0,0,2.1733208932989125,0
0.5,353,0,0,0,0,1.6972852740797213,1
0.5,354,0,0,0,0,1.8310908937735386,1
0.5,355,0,0,0,0,1.985750083067393,1
0.5,356,0,0,0,0,1.6007345583798316,1
0.5,357,0,0,0,0,2.237461593247432,0
0.5,358,0,0,0,0,2.164307908992372,0
0.5,359,0,0,0,0,1.9609780765408922,1
0.5,360,0,0,0,0,1.8329002808614678,1
0.5,361,0,0,0,0,2.091766618008246,1
0.5,362,0,0,0,0,2.4014040446216605,0
0.5,363,0,0,0,0,2.119722746827895,0
0.5,364,0,0,0,0,2.0971371836909087,1
0.5,365,0,0,0,0,1.692705103405137,1
0.5,366,0,0,0,0,1.9475017241256165,1
0.5,367,0,0,0,0,1.8903267396877252,1
0.5,368,0,0,0,0,1.5821223675699976,1
0.5,369,0,0,0,0,2.0068272574165213,1
0.5,370,0,0,0,0,2.0025108292546134,1
0.5,371,0,0,0,0,1.5398545219918116,1
0.5,372,0,0,0,0,2.152922711569563,0
0.5,373,0,0,0,0,1.6519548100416008,1
0.5,374,0,0,0,0,2.516140822587653,0
0.5,375,0,0,0,0,2.1006429445032446,1
0.5,376,0,0,0,0,1.724475573577898,1
0.5,377,0,0,0,0,1.7515206671975814,1
0.5,378,0,0,0,0,1.6663690067547474,1
0.5,379,0,0,0,0,1.9525804792310357,1
0.5,380,0,0,0,0,1.5349564055863554,1
0.5,381,0,0,0,0,1.8064624423298152,1
0.5,382,0,0,0,0,1.9822002516855437,1
0.5,383,0,0,0,0,1.5604682695179206,1
0.5,384,0,0,0,0,1.996575398039759,1
0.5,385,0,0,0,0,2.1519645684495226,0
0.5,386,0,0,0,0,2.1695552503946773,0
0.5,387,0,0,0,0,1.5121698530015202,1
0.5,388,0,0,0,0,1.4311810073639335,1
0.5,389,0,0,0,0,1.6313421722665924,1
0.5,390,0,0,0,0,1.438141922813245,1
0.5,391,0,0,0,0,1.4972192390976669,1
0.5,392,0,0,0,0,1.5832762101644615,1
0.5,393,0,0,0,0,1.6168221621154235,1
0.5,394,0,0,0,0,1.6144668261870954,1
0.5,395,0,0,0,0,1.6701864780557425,1
0.5,396,0,0,0,0,2.0029934572598327,1
0.5,397,0,0,0,0,2.037404174577193,1
0.5,398,0,0,0,0,2.0112872760746145,1
0.5,399,0,0,0,0,1.2050723974938822,1
0.5,400,0,0,0,0,1.245332738035679,1
0.5,401,0,0,0,0,1.3144785905103973,1
0.5,402,0,0,0,0,1.1429033435178264,1
0.5,403,0,0,0,0,0.9604034924472233,1
0.5,404,0,0,0,0,1.3332006324266168,1
0.5,405,0,0,0,0,1.2728578292704973,1
0.5,406,0,0,0,0,1.370347473931358,1
0.5,407,0,0,0,0,1.3227047666382927,1
0.5,408,0,0,0,0,1.8460338511255965,1
0.5,409,0,0,0,0,1.8244346720351854,1
0.5,410,0,0,0,0,2.0343710860427837,1
0.5,411,0,0,0,0,0.8564028210346495,1
0.5,412,0,0,0,0,0.6181114658503863,1
0.5,413,0,0,0,0,0.725712144179331,1
0.5,414,0,0,0,0,0.662397235251823,1
0.5,415,0,0,0,0,0.5573726375011437,1
0.5,416,0,0,10,10,1.0177288883298878,1
0.5,417,0,0,0,0,0.9497685614657547,1
0.5,418,0,0,0,0,0.7384773901210333,1
0.5,419,0,0,0,0,1.1308615797112864,1
0.5,420,0,0,0,0,1.6866778751137295,1
0.5,421,0,0,0,0,0.748208163535595,1
0.5,422,0,0,0,0,1.8678114211167434,1
0.5,423,0,0,0,0,0.5900659754445199,1
0.5,424,0,0,0,0,0.5084304183380417,1
0.5,425,0,0,0,0,0.31139421562362757,1
0.5,426,0,0,10,10,0.24613033793501554,1
0.5,427,0,2,0,0,0.013944397826084476,1
0.5,428,0,0,0,0,0.49217934561024224,1
0.5,429,0,10,0,0,0.11023454390919851,1
0.5,430,0,0,0,0,0.1671175495135112,1
0.5,431,0,0,0,0,0.09746326172702113,1
0.5,756,1,5,1,1,0.08800529099809162,1
0.5,757,1,1,1,1,1.3770115413252444,1
0.5,758,1,5,1,1,0.13146624608177593,1
0.5,759,1,3,1,1,0.13571352424713035,1
0.5,760,1,3,1,1,0.03256075088620869,1
0.5,761,1,3,1,1,0.2904222371869536,1
0.5,762,1,1,1,1,0.04336430634874189,1
0.5,763,1,1,1,1,0.05326461398049831,1
0.5,764,1,1,1,1,0.14016061014925052,1
0.5,765,1,3,1,1,0.05695701590747915,1
0.5,766,1,1,1,1,0.20630752397946728,1
0.5,767,1,3,1,1,0.05759310510746429,1
0.5,768,1,1,1,1,1.5137763867776952,1
0.5,769,1,1,1,1,0.5554126510944729,1
0.5,770,1,1,1,1,1.2168077325502538,1
0.5,771,1,1,1,1,1.2980369027312662,1
0.5,772,1,1,1,1,1.5459961652273757,1
0.5,773,1,1,1,1,1.5557017465814873,1
0.5,774,1,1,1,1,1.1787323918350154,1
0.5,775,1,1,1,1,1.9895680250477326,1
0.5,776,1,1,1,1,0.5084603054440993,1
0.5,777,1,1,1,1,0.913458419623097,1
0.5,778,1,1,1,1,1.8455470616341005,1
0.5,779,1,1,1,1,2.103874301430089,1
0.5,780,1,1,1,1,1.5537255157981802,1
0.5,781,1,1,1,1,1.3015902827991876,1
0.5,782,1,1,1,1,1.7112900636555668,1
0.5,783,1,1,1,1,1.9945567716639239,1
0.5,784,1,1,1,1,2.0163568650588717,1
0.5,785,1,1,1,1,2.093705560596491,1
0.5,786,1,1,1,1,0.8921834215346787,1
0.5,787,1,1,1,1,2.190469214939304,0
0.5,788,1,1,1,1,1.3378480067222838,1
0.5,789,1,1,1,1,1.890853316170536,1
0.5,790,1,1,1,1,2.127067445536082,0
0.5,791,1,1,1,1,2.366192836353451,0
0.5,792,1,1,1,1,1.158419535781349,1
0.5,793,1,1,1,1,1.6070744859233188,1
0.5,794,1,1,1,1,1.7865859579990113,1
0.5,795,1,1,1,1,1.855597840128135,1
0.5,796,1,1,1,1,1.7502824783597961,1
0.5,797,1,1,1,1,1.9940726672795213,1
0.5,798,1,1,1,1,1.8675562785807265,1
0.5,799,1,1,1,1,1.946198810516377,1
0.5,800,1,1,1,1,2.1282514592710404,0
0.5,801,1,1,1,1,0.7612495880321862,1
0.5,802,1,1,1,1,1.9313189902588372,1
0.5,803,1,1,1,1,1.5109944944230171,1
0.5,804,1,1,1,1,1.1858963286545832,1
0.5,805,1,1,1,1,0.8147046213283065,1
0.5,806,1,1,1,1,1.7998405133415605,1
0.5,807,1,1,1,1,1.077142096301383,1
0.5,808,1,1,1,1,1.8170904920193143,1
0.5,809,1,1,1,1,1.5633479825319712,1
0.5,810,1,1,1,1,2.3444712422701284,0
0.5,811,1,1,1,1,1.7890619329739705,1
0.5,812,1,1,1,1,1.1878683252807154,1
0.5,813,1,1,1,1,0.7835039699322169,1
0.5,814,1,1,1,1,1.7374271695883625,1
0.5,815,1,1,1,1,1.683922125694534,1
0.5,816,1,1,1,1,1.9583643506762538,1
0.5,817,1,1,1,1,1.1631013870288796,1
0.5,818,1,1,1,1,1.527367666366775,1
0.5,819,1,1,1,1,1.628690643956704,1
0.5,820,1,1,1,1,1.8090343337746355,1
0.5,821,1,1,1,1,1.716201227056311,1
0.5,822,1,1,1,1,1.294762684373277,1
0.5,823,1,1,1,1,1.3289827540115149,1
0.5,824,1,1,5,5,1.196735331279241,1
0.5,825,1,1,1,1,0.5292069389961792,1
0.5,826,1,1,1,1,0.31254348504475304,1
0.5,827,1,1,1,1,0.9060198471747276,1
0.5,828,1,1,1,1,2.0501515649506157,1
0.5,829,1,1,1,1,1.2622767144565257,1
0.5,830,1,1,1,1,2.513435617822804,0
0.5,831,1,1,1,1,1.056883549651547,1
0.5,832,1,1,1,1,1.2345573311501026,1
0.5,833,1,1,1,1,0.624171305419007,1
0.5,834,1,1,1,1,0.03948484257734619,1
0.5,835,1,1,1,1,0.7209652605190897,1
0.5,836,1,1,1,1,0.015141921162884486,1
0.5,837,1,1,1,1,0.4498272979195477,1
0.5,838,1,1,1,1,1.0646251233505457,1
0.5,839,1,1,1,1,0.7423944795032651,1
0.5,840,1,1,1,1,1.6967796464443292,1
0.5,841,1,1,1,1,1.3889039110806727,1
0.5,842,1,1,1,1,2.225258511289615,0
0.5,843,1,1,1,1,0.8686247933281749,1
0.5,844,1,1,1,1,1.5210414945190263,1
0.5,845,1,1,1,1,0.3904375322924596,1
0.5,846,1,5,1,1,0.21694160093279313,1
0.5,847,1,1,1,1,0.4684945623568397,1
0.5,848,1,5,1,1,0.10668476956346162,1
0.5,849,1,5,1,1,0.1962233846300765,1
0.5,850,1,1,1,1,1.002375808886111,1
0.5,851,1,1,1,1,0.0417572106358961,1
0.5,852,1,5,1,1,0.3174330449016225,1
0.5,853,1,5,1,1,0.12160302025833458,1
0.5,854,1,1,1,1,0.047852057283836125,1
0.5,855,1,1,1,1,0.5493701512402926,1
0.5,856,1,1,1,1,0.9873272795238841,1
0.5,857,1,5,1,1,0.09302725191766537,1
0.5,858,1,1,1,1,0.7357202380375854,1
0.5,859,1,1,1,1,0.7819889869905362,1
0.5,860,1,1,1,1,1.3249784091743928,1
0.5,861,1,5,1,1,0.37137479607367274,1
0.5,862,1,5,1,1,0.31865239675710577,1
0.5,863,1,1,1,1,0.4310023384875603,1
0.5,1188,2,2,2,2,1.908345780861806,1
0.5,1189,2,2,2,2,1.5002009649675698,1
0.5,1190,2,2,2,2,1.8376608545602084,1
0.5,1191,2,2,2,2,2.603373434731119,0
0.5,1192,2,2,2,2,1.648268868866674,1
0.5,1193,2,2,2,2,2.759331202020339,0
0.5,1194,2,2,2,2,2.4373032675627635,0
0.5,1195,2,2,2,2,2.689008254374949,0
0.5,1196,2,2,2,2,3.103438260739829,0
0.5,1197,2,2,2,2,2.7736341814969308,0
0.5,1198,2,2,2,2,1.503284731205781,1
0.5,1199,2,2,2,2,3.042532173222128,0
0.5,1200,2,10,2,2,0.7007774441698713,1
0.5,1201,2,10,2,2,0.6001288474307985,1
0.5,1202,2,2,2,2,0.4317455472833258,1
0.5,1203,2,10,2,2,0.18289002705877605,1
0.5,1204,2,10,2,2,0.4082506866618526,1
0.5,1205,2,5,2,2,0.34990329524209873,1
0.5,1206,2,2,2,2,0.07153824015121724,1
0.5,1207,2,2,2,2,0.21801626938380692,1
0.5,1208,2,10,2,2,0.2641221705425504,1
0.5,1209,2,2,2,2,0.5136730727472817,1
0.5,1210,2,2,2,2,0.23910032591823904,1
0.5,1211,2,10,2,2,0.3147103145622723,1
0.5,1212,2,10,2,2,0.9909270985473004,1
0.5,1213,2,10,2,2,0.43110658391956536,1
0.5,1214,2,2,2,2,0.9151983086870787,1
0.5,1215,2,2,2,2,0.4041966913326278,1
0.5,1216,2,2,2,2,0.659545575560136,1
0.5,1217,2,2,2,2,0.6522089227810416,1
0.5,1218,2,2,2,2,0.6143868923208439,1
0.5,1219,2,2,2,2,0.2561599567939957,1
0.5,1220,2,2,2,2,1.02251681555863,1
0.5,1221,2,2,2,2,0.7988047675303755,1
0.5,1222,2,2,2,2,0.7689456237354079,1
0.5,1223,2,2,2,2,0.720430359806827,1
0.5,1224,2,10,2,2,0.13246151427486352,1
0.5,1225,2,2,2,2,0.9889085808108029,1
0.5,1226,2,2,2,2,1.0543389369110385,1
0.5,1227,2,2,2,2,1.0495040649133776,1
0.5,1228,2,2,2,2,0.8052069336596918,1
0.5,1229,2,2,2,2,1.2017974854291071,1
0.5,1230,2,2,2,2,0.9915648131510205,1
0.5,1231,2,2,2,2,1.2408160216285085,1
0.5,1232,2,2,2,2,1.0208209447698673,1
0.5,1233,2,2,2,2,0.7399865770801562,1
0.5,1234,2,2,2,2,1.6241473085129445,1
0.5,1235,2,2,2,2,1.0636253495542871,1
0.5,1236,2,2,2,2,0.3095168112661595,1
0.5,1237,2,2,2,2,0.5481142574215189,1
0.5,1238,2,2,2,2,0.6455074300158418,1
0.5,1239,2,2,2,2,1.270234630336005,1
0.5,1240,2,2,2,2,1.620468198902211,1
0.5,1241,2,2,2,2,1.8183576760223628,1
0.5,1242,2,2,2,2,1.6984237311150494,1
0.5,1243,2,2,2,2,1.5920136881515798,1
0.5,1244,2,2,2,2,0.8370039301590169,1
0.5,1245,2,2,2,2,1.1703924629139055,1
0.5,1246,2,2,2,2,1.5491115773685267,1
0.5,1247,2,2,2,2,1.5648779197586662,1
0.5,1248,2,2,2,2,0.12942953467079565,1
0.5,1249,2,2,2,2,0.5380526618786974,1
0.5,1250,2,2,2,2,0.8513459029078484,1
0.5,1251,2,2,2,2,0.9631164736039234,1
0.5,1252,2,2,2,2,0.9083473017969362,1
0.5,1253,2,2,2,2,1.6616899623567294,1
0.5,1254,2,2,2,2,1.8749324420170752,1
0.5,1255,2,2,2,2,2.0083818249977234,1
0.5,1256,2,2,2,2,1.8402634398083138,1
0.5,1257,2,2,2,2,0.7798847857968826,1
0.5,1258,2,2,2,2,0.724363689624015,1
0.5,1259,2,2,2,2,1.16310055396306,1
0.5,1260,2,2,2,2,0.7225365117912153,1
0.5,1261,2,2,2,2,0.23987842709901686,1
0.5,1262,2,2,2,2,1.149062389135703,1
0.5,1263,2,2,2,2,1.0779089134668354,1
0.5,1264,2,2,2,2,0.8570506893092394,1
0.5,1265,2,2,2,2,1.3772739472302833,1
0.5,1266,2,2,2,2,1.5423380281823016,1
0.5,1267,2,2,2,2,2.124332577824939,0
0.5,1268,2,2,2,2,2.095463672278724,1
0.5,1269,2,2,2,2,1.4429808663964967,1
0.5,1270,2,2,2,2,1.293525937446753,1
0.5,1271,2,2,2,2,1.2062047413027037,1
0.5,1272,2,2,2,2,1.0915209395625498,1
0.5,1273,2,2,2,2,0.4228471227202292,1
0.5,1274,2,2,2,2,1.6726376246068009,1
0.5,1275,2,2,2,2,1.0453616326388784,1
0.5,1276,2,2,2,2,1.2390530335818464,1
0.5,1277,2,2,2,2,1.608888691273498,1
0.5,1278,2,2,2,2,1.357772808917363,1
0.5,1279,2,2,2,2,1.6526487735244466,1
0.5,1280,2,2,2,2,2.2247460955960396,0
0.5,1281,2,2,2,2,1.4147938780278424,1
0.5,1282,2,2,2,2,1.6805858359325598,1
0.5,1283,2,2,2,2,1.7178878532667299,1
0.5,1284,2,2,2,2,1.355738457600741,1
0.5,1285,2,2,2,2,0.6263743284810414,1
0.5,1286,2,2,2,2,2.698689614332958,0
0.5,1287,2,2,2,2,1.6715224879396504,1
0.5,1288,2,2,2,2,1.6183458702437505,1
0.5,1289,2,2,2,2,2.4611965897053576,0
0.5,1290,2,2,2,2,2.122163840014764,0
0.5,1291,2,2,2,2,1.630643196383462,1
0.5,1292,2,2,2,2,2.703531095444829,0
0.5,1293,2,2,2,2,2.7721994042892466,0
0.5,1294,2,2,2,2,2.0964779885613787,1
0.5,1295,2,2,2,2,2.387141587309195,0
0.5,1620,3,3,3,3,0.21840026044583916,1
0.5,1621,3,4,3,3,0.3056875822544084,1
0.5,1622,3,4,3,3,0.052569598048246124,1
0.5,1623,3,3,3,3,0.9228525893152973,1
0.5,1624,3,3,3,3,1.1918047432705898,1
0.5,1625,3,3,3,3,1.2440168163762706,1
0.5,1626,3,3,3,3,0.47651976286128284,1
0.5,1627,3,3,3,3,0.7042407136111973,1
0.5,1628,3,3,3,3,0.6875452932556317,1
0.5,1629,3,3,3,3,0.9584608170277069,1
0.5,1630,3,3,3,3,1.2012743231578518,1
0.5,1631,3,3,3,3,0.9167429265695686,1
0.5,1632,3,3,3,3,1.5340400299619554,1
0.5,1633,3,3,3,3,1.7371617831196917,1
0.5,1634,3,3,3,3,1.2447442884713595,1
0.5,1635,3,3,3,3,1.2374732355423483,1
0.5,1636,3,3,3,3,1.2695751465631055,1
0.5,1637,3,3,3,3,1.6641160128832029,1
0.5,1638,3,3,3,3,1.6026684853269009,1
0.5,1639,3,3,3,3,1.7111447762640362,1
0.5,1640,3,3,3,3,0.5415927580534055,1
0.5,1641,3,3,3,3,1.3040508107056525,1
0.5,1642,3,3,3,3,1.4444953007837413,1
0.5,1643,3,3,3,3,1.732792332639024,1
0.5,1644,3,3,3,3,1.5219486878748612,1
0.5,1645,3,3,3,3,1.6013705408673435,1
0.5,1646,3,3,3,3,1.2215862067752516,1
0.5,1647,3,3,3,3,1.6145472535227534,1
0.5,1648,3,3,3,3,1.6641320479726218,1
0.5,1649,3,3,3,3,1.9206166108018004,1
0.5,1650,3,3,3,3,1.819696469768966,1
0.5,1651,3,3,3,3,1.673280722147673,1
0.5,1652,3,3,3,3,1.342591238228831,1
0.5,1653,3,3,3,3,1.613628364057143,1
0.5,1654,3,3,3,3,1.5636807512966455,1
0.5,1655,3,3,3,3,1.8794138059621606,1
0.5,1656,3,3,3,3,1.5605579034647463,1
0.5,1657,3,3,3,3,1.2105311548134732,1
0.5,1658,3,3,3,3,1.3704685343912573,1
0.5,1659,3,3,3,3,2.051693820547966,1
0.5,1660,3,3,3,3,2.048458353673615,1
0.5,1661,3,3,3,3,1.7598194264886482,1
0.5,1662,3,3,3,3,1.8027103246742504,1
0.5,1663,3,3,3,3,1.9180545557874895,1
0.5,1664,3,3,3,3,0.8218861212183954,1
0.5,1665,3,3,3,3,0.9336292854430179,1
0.5,1666,3,3,3,3,1.8002101835866084,1
0.5,1667,3,3,3,3,1.7036492714988802,1
0.5,1668,3,3,3,3,0.8373210425551596,1
0.5,1669,3,3,3,3,0.2262145421160815,1
0.5,1670,3,3,3,3,1.0821064619990381,1
0.5,1671,3,3,3,3,1.9913378954799232,1
0.5,1672,3,3,3,3,1.4817844068564798,1
0.5,1673,3,3,3,3,1.5411041360910434,1
0.5,1674,3,3,3,3,1.444834595989851,1
0.5,1675,3,3,3,3,1.640403667257019,1
0.5,1676,3,3,3,3,0.6583741984242559,1
0.5,1677,3,3,3,3,1.205822809524371,1
0.5,1678,3,3,3,3,1.7199639472443313,1
0.5,1679,3,3,3,3,1.2636474478412327,1
0.5,1680,3,3,3,3,0.9631328284964747,1
0.5,1681,3,3,3,3,1.3902725465139403,1
0.5,1682,3,3,3,3,0.7129144832742009,1
0.5,1683,3,3,3,3,1.5532867468866296,1
0.5,1684,3,3,3,3,1.8225956372706533,1
0.5,1685,3,3,3,3,1.4730325170902856,1
0.5,1686,3,3,3,3,1.893970012592261,1
0.5,1687,3,3,3,3,1.5635528678271124,1
0.5,1688,3,3,3,3,0.9883255542900763,1
0.5,1689,3,3,3,3,0.9978258386383579,1
0.5,1690,3,3,3,3,1.1863840543449677,1
0.5,1691,3,3,3,3,1.6752213904373021,1
0.5,1692,3,3,3,3,1.230726396132554,1
0.5,1693,3,3,3,3,0.8994681668550997,1
0.5,1694,3,3,3,3,0.9833878387443524,1
0.5,1695,3,3,3,3,1.5252485341446476,1
0.5,1696,3,3,3,3,1.3279678102127976,1
0.5,1697,3,3,3,3,0.9988275935533775,1
0.5,1698,3,3,3,3,0.9798505075283689,1
0.5,1699,3,3,3,3,1.5491508010012682,1
0.5,1700,3,3,3,3,0.44860569873918377,1
0.5,1701,3,3,3,3,0.872509040834444,1
0.5,1702,3,3,3,3,1.8952670014326902,1
0.5,1703,3,3,3,3,0.9523062511281268,1
0.5,1704,3,3,3,3,0.5476568715456549,1
0.5,1705,3,3,3,3,0.7055909275715764,1
0.5,1706,3,3,3,3,0.00973151263167682,1
0.5,1707,3,3,3,3,2.1488809119930785,0
0.5,1708,3,3,3,3,0.9528541256427896,1
0.5,1709,3,3,3,3,0.8001183260382443,1
0.5,1710,3,3,3,3,1.2113771182059847,1
0.5,1711,3,3,3,3,1.371357091599216,1
0.5,1712,3,3,3,3,0.7817944821879272,1
0.5,1713,3,3,3,3,0.9519812410807011,1
0.5,1714,3,3,3,3,1.2085105897190878,1
0.5,1715,3,3,3,3,1.5512080087550615,1
0.5,1716,3,3,3,3,0.45907732978411964,1
0.5,1717,3,3,3,3,0.6169542201052963,1
0.5,1718,3,3,3,3,0.313600300688857,1
0.5,1719,3,3,3,3,0.7905444359059008,1
0.5,1720,3,3,3,3,0.9371990583014547,1
0.5,1721,3,3,3,3,1.3339022882344143,1
0.5,1722,3,3,3,3,0.8237816323604807,1
0.5,1723,3,3,3,3,1.0420665586485371,1
0.5,1724,3,3,3,3,0.6780346031539445,1
0.5,1725,3,3,3,3,0.576089652176429,1
0.5,1726,3,3,3,3,1.194344707482091,1
0.5,1727,3,3,3,3,0.5725622432477825,1
0.5,2052,4,9,4,4,0.6615501404491198,1
0.5,2053,4,4,4,4,0.08624433258788222,1
0.5,2054,4,9,4,4,0.10302478863680864,1
0.5,2055,4,4,4,4,0.44822726900342014,1
0.5,2056,4,9,9,9,1.4881828349977129,1
0.5,2057,4,4,8,8,0.38436744661529665,1
0.5,2058,4,4,4,4,1.0309713621730694,1
0.5,2059,4,9,9,9,1.2915330351178018,1
0.5,2060,4,2,4,4,0.19971390265290684,1
0.5,2061,4,4,4,4,0.5676842070914785,1
0.5,2062,4,9,9,9,0.8978106541591044,1
0.5,2063,4,4,4,4,0.18429865609616314,1
0.5,2064,4,4,4,4,1.3426398950574037,1
0.5,2065,4,4,4,4,1.2077878014897128,1
0.5,2066,4,4,4,4,0.6546691086791476,1
0.5,2067,4,7,2,2,0.39006907850612216,1
0.5,2068,4,10,2,2,0.5035270431544694,1
0.5,2069,4,7,7,7,2.586214238131002,0
0.5,2070,4,7,4,4,1.278874522851868,1
0.5,2071,4,7,7,7,0.9026055760802065,1
0.5,2072,4,7,7,7,1.6642319998739086,1
0.5,2073,4,7,4,4,0.5975432005005117,1
0.5,2074,4,2,4,4,0.014408004484587511,1
0.5,2075,4,7,7,7,2.144386368103404,0
0.5,2076,4,4,4,4,0.70352345140739,1
0.5,2077,4,4,4,4,1.5217952611458525,1
0.5,2078,4,4,4,4,0.47424660179220574,1
0.5,2079,4,7,2,2,0.03142821244091232,1
0.5,2080,4,10,4,4,0.25788937229410747,1
0.5,2081,4,7,7,7,1.6945016980671945,1
0.5,2082,4,7,4,4,0.08204095748079104,1
0.5,2083,4,10,5,5,0.2870624213224945,1
0.5,2084,4,7,7,7,0.993689712552055,1
0.5,2085,4,7,4,4,0.13665536532916367,1
0.5,2086,4,10,4,4,0.0201723393281108,1
0.5,2087,4,7,7,7,1.6852415002761931,1
0.5,2088,4,4,4,4,1.4205121429706926,1
0.5,2089,4,4,4,4,2.0954309706377634,1
0.5,2090,4,4,4,4,0.5266088642099298,1
0.5,2091,4,2,4,4,0.17125347760166443,1
0.5,2092,4,2,2,2,0.6368533019117706,1
0.5,2093,4,7,7,7,1.2678443779689048,1
0.5,2094,4,4,4,4,0.1595286089203224,1
0.5,2095,4,2,2,2,0.1399145794132567,1
0.5,2096,4,7,7,7,0.9232969326834866,1
0.5,2097,4,2,4,4,0.0971150087504099,1
0.5,2098,4,2,4,4,0.8627708777878816,1
0.5,2099,4,7,7,7,0.919599768540884,1
0.5,2100,4,4,4,4,1.0647106085086397,1
0.5,2101,4,4,4,4,2.0874146824255444,1
0.5,2102,4,4,4,4,0.5775326075683154,1
0.5,2103,4,2,4,4,0.3009811389827016,1
0.5,2104,4,2,2,2,1.3685514596204333,1
0.5,2105,4,7,7,7,0.5473357510159107,1
0.5,2106,4,4,4,4,0.008203711676923464,1
0.5,2107,4,2,2,2,0.7248317141276843,1
0.5,2108,4,7,7,7,0.7736568677679272,1
0.5,2109,4,2,2,2,0.36644734358126185,1
0.5,2110,4,2,4,4,0.8397557376025844,1
0.5,2111,4,7,7,7,0.5278493585981094,1
0.5,2112,4,4,4,4,1.0362996447708839,1
0.5,2113,4,4,4,4,1.8024248642891625,1
0.5,2114,4,7,2,2,0.1432237311051161,1
0.5,2115,4,2,2,2,0.226067803857816,1
0.5,2116,4,2,2,2,1.3316681276090192,1
0.5,2117,4,7,10,10,0.7513284877209264,1
0.5,2118,4,2,4,4,0.14730201269490883,1
0.5,2119,4,2,2,2,0.9061430058350691,1
0.5,2120,4,7,7,7,0.8844722350808742,1
0.5,2121,4,2,2,2,1.1190905403046423,1
0.5,2122,4,2,2,2,0.8776556782709708,1
0.5,2123,4,7,4,4,1.374024524779083,1
0.5,2124,4,7,4,4,0.20646046101321724,1
0.5,2125,4,4,4,4,0.5203068345922807,1
0.5,2126,4,7,4,4,0.4936718601768506,1
0.5,2127,4,2,2,2,1.0785472842436836,1
0.5,2128,4,2,9,9,1.5620973447379185,1
0.5,2129,4,7,7,7,1.2792679862780236,1
0.5,2130,4,2,4,4,0.7863519161272577,1
0.5,2131,4,2,2,2,1.4763494392223273,1
0.5,2132,4,7,4,4,0.8843905071781514,1
0.5,2133,4,2,2,2,0.8971017234381086,1
0.5,2134,4,2,2,2,1.2695159610185867,1
0.5,2135,4,7,4,4,1.3936723890574125,1
0.5,2136,4,7,4,4,0.09798557954814857,1
0.5,2137,4,9,4,4,0.10588394217348562,1
0.5,2138,4,7,4,4,0.5087593291070818,1
0.5,2139,4,2,2,2,0.8469567735352159,1
0.5,2140,4,2,9,9,1.7038088436246475,1
0.5,2141,4,7,2,2,1.4501631152007644,1
0.5,2142,4,2,2,2,0.5534650268025381,1
0.5,2143,4,2,2,2,0.3416636354699688,1
0.5,2144,4,4,4,4,0.33298426820187166,1
0.5,2145,4,2,2,2,0.66278999551515,1
0.5,2146,4,2,2,2,0.32759779494137686,1
0.5,2147,4,7,2,2,1.1780937569080852,1
0.5,2148,4,9,4,4,0.5471698200945321,1
0.5,2149,4,9,2,2,0.4991331275868841,1
0.5,2150,4,7,4,4,0.3829546692608822,1
0.5,2151,4,2,2,2,0.5704146228214887,1
0.5,2152,4,2,9,9,1.4396764558683364,1
0.5,2153,4,4,2,2,0.46569672537724516,1
0.5,2154,4,2,2,2,0.723710891179837,1
0.5,2155,4,2,2,2,0.29080813122377047,1
0.5,2156,4,4,2,2,0.04351126620940865,1
0.5,2157,4,2,2,2,0.7894041862130409,1
0.5,2158,4,4,2,2,0.06156560989323434,1
0.5,2159,4,2,2,2,0.047733268934212925,1
0.5,2484,5,5,5,5,0.7110383364026639,1
0.5,2485,5,5,5,5,0.43621943909278305,1
0.5,2486,5,5,5,5,0.9915787010987518,1
0.5,2487,5,5,5,5,1.4097064084253668,1
0.5,2488,5,5,5,5,1.4468501804179783,1
0.5,2489,5,5,5,5,0.8088264611712608,1
0.5,2490,5,5,3,3,0.6292421383930205,1
0.5,2491,5,5,5,5,1.619071246551605,1
0.5,2492,5,5,5,5,1.7879800318576473,1
0.5,2493,5,5,5,5,1.2081073587472093,1
0.5,2494,5,5,5,5,1.502987950146323,1
0.5,2495,5,5,5,5,1.0937257408059418,1
0.5,2496,5,5,5,5,0.9089697160670749,1
0.5,2497,5,5,5,5,0.9632853632117083,1
0.5,2498,5,5,5,5,1.143822533383203,1
0.5,2499,5,1,5,5,0.11641186582884688,1
0.5,2500,5,5,5,5,1.14386611929746,1
0.5,2501,5,5,5,5,0.26640783714098637,1
0.5,2502,5,5,5,5,0.4786130107178499,1
0.5,2503,5,5,5,5,0.6367387358770382,1
0.5,2504,5,5,5,5,0.7548721421914902,1
0.5,2505,5,5,5,5,0.4399981300380864,1
0.5,2506,5,5,5,5,0.4541478017838315,1
0.5,2507,5,5,5,5,0.27391093988514914,1
0.5,2508,5,5,5,5,0.9002086828941711,1
0.5,2509,5,5,5,5,0.824950583163645,1
0.5,2510,5,5,5,5,0.4295103461239771,1
0.5,2511,5,1,5,5,1.115984255781092,1
0.5,2512,5,5,5,5,0.32902629040439413,1
0.5,2513,5,5,5,5,0.8313993460380483,1
0.5,2514,5,1,5,5,0.4341565601534664,1
0.5,2515,5,5,5,5,0.04971822572859941,1
0.5,2516,5,1,5,5,0.5891191882069696,1
0.5,2517,5,1,5,5,0.33819283812357215,1
0.5,2518,5,3,5,5,0.26237487198085463,1
0.5,2519,5,5,5,5,0.5374310812165536,1
0.5,2520,5,5,5,5,0.4317133952119091,1
0.5,2521,5,5,5,5,0.6741156494444105,1
0.5,2522,5,5,5,5,0.033933279105072545,1
0.5,2523,5,5,5,5,0.21087478632575252,1
0.5,2524,5,5,5,5,0.6311567109782996,1
0.5,2525,5,5,5,5,0.45069549254772934,1
0.5,2526,5,5,5,5,0.38391747423935163,1
0.5,2527,5,5,5,5,0.12907300390661636,1
0.5,2528,5,1,5,5,0.31573051554815834,1
0.5,2529,5,5,5,5,0.2529467042502638,1
0.5,2530,5,5,5,5,0.0723556385416626,1
0.5,2531,5,1,5,5,0.5728150655018448,1
0.5,2532,5,5,5,5,0.8214247853373378,1
0.5,2533,5,5,5,5,0.47985637859370434,1
0.5,2534,5,5,5,5,0.35043833537770197,1
0.5,2535,5,5,5,5,0.568436231885177,1
0.5,2536,5,5,5,5,0.7791390799554598,1
0.5,2537,5,5,5,5,0.33959822662463257,1
0.5,2538,5,1,5,5,0.2121320274163896,1
0.5,2539,5,5,5,5,0.8219794563702973,1
0.5,2540,5,1,5,5,0.16550323730966532,1
0.5,2541,5,1,5,5,0.03558353568450001,1
0.5,2542,5,3,5,5,0.30745473583746064,1
0.5,2543,5,5,5,5,0.4531712700771734,1
0.5,2544,5,5,5,5,0.5202639903665829,1
0.5,2545,5,5,5,5,0.5833836673820811,1
0.5,2546,5,5,5,5,0.6020196130270365,1
0.5,2547,5,5,5,5,0.588855825896601,1
0.5,2548,5,5,5,5,1.5568269072868837,1
0.5,2549,5,5,5,5,0.6779855742694709,1
0.5,2550,5,5,5,5,1.641374611820868,1
0.5,2551,5,5,5,5,1.453833931530724,1
0.5,2552,5,1,5,5,0.43912594174158237,1
0.5,2553,5,5,5,5,0.8047115407714833,1
0.5,2554,5,5,5,5,0.1580949092583157,1
0.5,2555,5,5,5,5,0.07957275182875923,1
0.5,2556,5,5,5,5,0.9100206126357683,1
0.5,2557,5,5,5,5,0.3856386936485652,1
0.5,2558,5,5,5,5,1.013078790704442,1
0.5,2559,5,5,5,5,1.7899768294142944,1
0.5,2560,5,5,5,5,2.051453367147373,1
0.5,2561,5,5,5,5,0.3669617773104208,1
0.5,2562,5,5,5,5,2.4624621056029254,0
0.5,2563,5,5,5,5,1.8066946843271667,1
0.5,2564,5,5,5,5,0.07495810945993808,1
0.5,2565,5,5,5,5,1.462581395560218,1
0.5,2566,5,5,5,5,0.811961425665477,1
0.5,2567,5,5,5,5,0.2918333182300421,1
0.5,2568,5,5,5,5,0.6683055101604003,1
0.5,2569,5,5,5,5,0.26278365901871775,1
0.5,2570,5,5,5,5,0.9504139270997886,1
0.5,2571,5,5,5,5,1.7308904124661406,1
0.5,2572,5,5,5,5,2.2637479961139064,0
0.5,2573,5,5,5,5,0.728343924204316,1
0.5,2574,5,5,5,5,2.6505967065390696,0
0.5,2575,5,5,5,5,2.1902137392563303,0
0.5,2576,5,5,5,5,1.0083671742748304,1
0.5,2577,5,5,5,5,2.282204427750831,0
0.5,2578,5,5,5,5,2.3081208531222606,0
0.5,2579,5,5,5,5,1.2904624582984658,1
0.5,2580,5,5,5,5,1.3601226393860437,1
0.5,2581,5,5,5,5,0.4768984324106479,1
0.5,2582,5,5,5,5,0.7456543944295569,1
0.5,2583,5,5,5,5,2.3539334333880557,0
0.5,2584,5,5,5,5,2.127401036545476,0
0.5,2585,5,5,5,5,0.7334109467493637,1
0.5,2586,5,5,5,5,2.5760356919456306,0
0.5,2587,5,5,5,5,1.7966395047662773,1
0.5,2588,5,5,5,5,2.106217648695724,1
0.5,2589,5,5,5,5,2.6432097138481367,0
0.5,2590,5,5,5,5,1.590791525984236,1
0.5,2591,5,5,5,5,1.9041243566017636,1
0.5,2916,6,6,6,6,1.3779433502788945,1
0.5,2917,6,6,6,6,1.3339872571252827,1
0.5,2918,6,6,6,6,1.3305961210536785,1
0.5,2919,6,6,6,6,0.7585411725402443,1
0.5,2920,6,6,6,6,0.9038559535737554,1
0.5,2921,6,6,6,6,0.9818917470391406,1
0.5,2922,6,6,6,6,2.1578384191638853,0
0.5,2923,6,6,6,6,1.0845644342710565,1
0.5,2924,6,6,6,6,1.010445354268571,1
0.5,2925,6,6,6,6,0.7446892294346208,1
0.5,2926,6,6,6,6,1.0786495193528518,1
0.5,2927,6,6,6,6,0.901510989272665,1
0.5,2928,6,6,6,6,0.3999680276003223,1
0.5,2929,6,6,6,6,0.9278024971324881,1
0.5,2930,6,6,6,6,1.8472987619723065,1
0.5,2931,6,6,6,6,0.4475655222540063,1
0.5,2932,6,6,6,6,0.29316197510282976,1
0.5,2933,6,6,6,6,0.6556484356534903,1
0.5,2934,6,6,6,6,1.0983393537664763,1
0.5,2935,6,6,6,6,0.8639247723006672,1
0.5,2936,6,6,6,6,0.34742600295168785,1
0.5,2937,6,6,6,6,1.4939766727431465,1
0.5,2938,6,6,6,6,2.1288426776271416,0
0.5,2939,6,6,6,6,1.8704872497622187,1
0.5,2940,6,6,6,6,1.3791950244119788,1
0.5,2941,6,6,6,6,1.5801507321540829,1
0.5,2942,6,6,6,6,1.9053851360091725,1
0.5,2943,6,6,6,6,1.2009799867376987,1
0.5,2944,6,6,6,6,1.203358140169454,1
0.5,2945,6,6,6,6,1.552669777771048,1
0.5,2946,6,6,6,6,1.7931365804206336,1
0.5,2947,6,6,6,6,0.34766262657813846,1
0.5,2948,6,6,6,6,1.8507646091229053,1
0.5,2949,6,6,6,6,1.650360189337789,1
0.5,2950,6,6,6,6,1.2653100646404118,1
0.5,2951,6,6,6,6,1.4887251347906505,1
0.5,2952,6,6,6,6,1.3267016323304404,1
0.5,2953,6,6,6,6,1.5910220075501385,1
0.5,2954,6,6,6,6,1.2935775250128707,1
0.5,2955,6,6,6,6,1.2521984715968988,1
0.5,2956,6,6,6,6,1.1084825352681957,1
0.5,2957,6,6,6,6,1.2611604090329207,1
0.5,2958,6,6,6,6,1.761748981722628,1
0.5,2959,6,6,6,6,1.5162672106049264,1
0.5,2960,6,6,6,6,1.33677453556618,1
0.5,2961,6,6,6,6,1.5826857386223978,1
0.5,2962,6,6,6,6,1.0604310359368987,1
0.5,2963,6,6,6,6,1.6394589676429014,1
0.5,2964,6,6,6,6,0.8320409962332457,1
0.5,2965,6,6,6,6,1.5867894646581937,1
0.5,2966,6,6,6,6,1.613937391086858,1
0.5,2967,6,6,6,6,1.269560137271896,1
0.5,2968,6,6,6,6,0.7679070794268239,1
0.5,2969,6,6,6,6,1.3369765482723726,1
0.5,2970,6,6,6,6,1.0830072087677645,1
0.5,2971,6,6,6,6,2.3815659046163313,0
0.5,2972,6,6,6,6,1.2909937713638993,1
0.5,2973,6,6,6,6,1.8383401589291102,1
0.5,2974,6,6,6,6,1.7929277679773503,1
0.5,2975,6,6,6,6,1.892444686580012,1
0.5,2976,6,6,6,6,1.645714174699937,1
0.5,2977,6,6,6,6,1.7438694769380554,1
0.5,2978,6,6,6,6,1.921104348115756,1
0.5,2979,6,6,6,6,1.5664207120707683,1
0.5,2980,6,6,6,6,1.6044424671472304,1
0.5,2981,6,6,6,6,1.6144995195668936,1
0.5,2982,6,6,6,6,1.7117301199745882,1
0.5,2983,6,6,6,6,1.4762482367027605,1
0.5,2984,6,6,6,6,1.7178073070939068,1
0.5,2985,6,6,6,6,1.6298249911134561,1
0.5,2986,6,6,6,6,1.5289920894399476,1
0.5,2987,6,6,6,6,1.7059955050101738,1
0.5,2988,6,6,6,6,1.4608862520642396,1
0.5,2989,6,6,6,6,1.2719118508539287,1
0.5,2990,6,6,6,6,2.0441268076411303,1
0.5,2991,6,6,6,6,1.299858570394336,1
0.5,2992,6,6,6,6,1.7057000507209963,1
0.5,2993,6,6,6,6,1.5234564366200412,1
0.5,2994,6,6,6,6,1.6327340268525312,1
0.5,2995,6,6,6,6,1.8484181328354343,1
0.5,2996,6,6,6,6,2.0364203982746547,1
0.5,2997,6,6,6,6,1.7878784211887122,1
0.5,2998,6,6,6,6,1.7647722862216715,1
0.5,2999,6,6,6,6,1.0347768083180622,1
0.5,3000,6,6,6,6,1.4407825647922854,1
0.5,3001,6,6,6,6,1.4348520984727853,1
0.5,3002,6,6,6,6,1.4156513761946294,1
0.5,3003,6,6,6,6,1.7437166573678429,1
0.5,3004,6,6,6,6,1.1312029770850895,1
0.5,3005,6,6,6,6,1.4172436348368023,1
0.5,3006,6,6,6,6,1.687796065982578,1
0.5,3007,6,6,6,6,1.0824130029348535,1
0.5,3008,6,6,6,6,1.6157102096402896,1
0.5,3009,6,6,6,6,1.5571220991682266,1
0.5,3010,6,6,6,6,1.5058900934721404,1
0.5,3011,6,6,6,6,1.4376890289909614,1
0.5,3012,6,6,6,6,1.876181861468588,1
0.5,3013,6,6,6,6,1.771221985133054,1
0.5,3014,6,6,6,6,1.3900364077317515,1
0.5,3015,6,6,6,6,0.946257379321371,1
0.5,3016,6,6,6,6,0.969771881418424,1
0.5,3017,6,6,6,6,1.4985666774539839,1
0.5,3018,6,6,6,6,1.0706069241647733,1
0.5,3019,6,6,6,6,1.6613634402633208,1
0.5,3020,6,6,6,6,1.5074439328624551,1
0.5,3021,6,6,6,6,2.0535791932002962,1
0.5,3022,6,6,6,6,1.6136997341210078,1
0.5,3023,6,6,6,6,1.5119218746252516,1
0.5,3348,7,7,2,2,0.44313442960901606,1
0.5,3349,7,7,7,7,0.25164154639588965,1
0.5,3350,7,7,7,7,0.7829241644525635,1
0.5,3351,7,7,2,2,0.5955913288053182,1
0.5,3352,7,7,2,2,0.26265108123353276,1
0.5,3353,7,2,2,2,0.16941929465149141,1
0.5,3354,7,7,4,4,0.6620939731921012,1
0.5,3355,7,7,7,7,0.9489558591444689,1
0.5,3356,7,7,2,2,0.8331473194234167,1
0.5,3357,7,7,2,2,0.6980581274356752,1
0.5,3358,7,9,2,2,0.36294974356953924,1
0.5,3359,7,7,7,7,0.6142831500606085,1
0.5,3360,7,4,4,4,1.307457095448279,1
0.5,3361,7,4,4,4,0.8828178701586904,1
0.5,3362,7,4,4,4,2.096211856341111,1
0.5,3363,7,7,7,7,2.824424205055397,0
0.5,3364,7,7,7,7,3.0164704782147718,0
0.5,3365,7,7,7,7,1.2138804511627699,1
0.5,3366,7,7,7,7,1.558306560896382,1
0.5,3367,7,7,7,7,2.466309164075242,0
0.5,3368,7,7,7,7,0.9147082550347088,1
0.5,3369,7,7,7,7,2.214724674931338,0
0.5,3370,7,7,7,7,2.3977070209562488,0
0.5,3371,7,7,7,7,1.508231177821113,1
0.5,3372,7,4,4,4,1.3717991090984099,1
0.5,3373,7,4,4,4,0.7892693356250589,1
0.5,3374,7,4,4,4,1.6026400800766758,1
0.5,3375,7,7,7,7,2.8686135851082053,0
0.5,3376,7,7,7,7,3.1040968078764957,0
0.5,3377,7,7,7,7,1.6797682544539432,1
0.5,3378,7,7,7,7,2.33559171195348,0
0.5,3379,7,7,7,7,2.0487955848306987,1
0.5,3380,7,7,7,7,1.3008058255824846,1
0.5,3381,7,7,7,7,2.7246623913464703,0
0.5,3382,7,7,7,7,2.804176728504115,0
0.5,3383,7,7,7,7,1.332757424868896,1
0.5,3384,7,7,4,4,0.18351678691942364,1
0.5,3385,7,7,4,4,0.12973659457962095,1
0.5,3386,7,4,4,4,0.5233238054337666,1
0.5,3387,7,7,7,7,2.252675133361283,0
0.5,3388,7,7,7,7,2.633889315606212,0
0.5,3389,7,7,7,7,2.4151084986256284,0
0.5,3390,7,7,7,7,2.3963138743027783,0
0.5,3391,7,7,7,7,1.5942032035567402,1
0.5,3392,7,7,7,7,2.2018792849470854,0
0.5,3393,7,7,7,7,2.4573982346602223,0
0.5,3394,7,7,7,7,2.2507250560633443,0
0.5,3395,7,7,7,7,2.338990543056503,0
0.5,3396,7,7,4,4,0.6059844786539195,1
0.5,3397,7,7,4,4,0.4102817487074151,1
0.5,3398,7,4,4,4,0.14091651736410227,1
0.5,3399,7,7,7,7,2.5248841163939604,0
0.5,3400,7,7,7,7,2.3299353999733583,0
0.5,3401,7,7,7,7,2.22324165839343,0
0.5,3402,7,7,4,7,2.1740809701299986,0
0.5,3403,7,7,7,7,1.2983482743647778,1
0.5,3404,7,7,7,7,2.3320500423334187,0
0.5,3405,7,7,7,7,2.2305994531504383,0
0.5,3406,7,7,7,7,2.218680062271873,0
0.5,3407,7,7,7,7,2.1482166923846133,0
0.5,3408,7,4,4,4,0.5688379353692907,1
0.5,3409,7,4,4,4,0.18160347465118032,1
0.5,3410,7,4,4,4,0.40034264286507026,1
0.5,3411,7,7,7,7,2.1224205394790623,0
0.5,3412,7,7,7,7,1.859261087686206,1
0.5,3413,7,7,4,7,2.2179153150008175,0
0.5,3414,7,7,4,4,2.020230068972099,1
0.5,3415,7,7,7,7,0.9630895621662896,1
0.5,3416,7,7,7,7,2.102314003464939,1
0.5,3417,7,7,7,7,1.9223299144615684,1
0.5,3418,7,7,7,7,1.6732341169580984,1
0.5,3419,7,7,7,7,1.9187984604692354,1
0.5,3420,7,4,4,4,0.48624045592094234,1
0.5,3421,7,4,4,4,0.4133389157746803,1
0.5,3422,7,4,4,4,0.34971517850062783,1
0.5,3423,7,7,7,7,1.6829592275443441,1
0.5,3424,7,7,7,7,0.9111424950203384,1
0.5,3425,7,7,4,4,1.8095607220765615,1
0.5,3426,7,7,7,7,0.9134936420176233,1
0.5,3427,7,7,7,7,0.004088885503184425,1
0.5,3428,7,7,7,7,1.2019912799246733,1
0.5,3429,7,7,4,4,1.4199341766981317,1
0.5,3430,7,7,7,7,1.141731752910732,1
0.5,3431,7,7,7,7,1.1448129086243182,1
0.5,3432,7,4,4,4,0.6623019207926422,1
0.5,3433,7,4,4,4,0.9111182334154078,1
0.5,3434,7,4,4,4,0.14408036188942663,1
0.5,3435,7,7,7,7,1.3948632162647008,1
0.5,3436,7,7,7,7,0.6862268749735834,1
0.5,3437,7,7,7,7,0.6871631128482458,1
0.5,3438,7,7,4,4,0.04130258363769257,1
0.5,3439,7,4,2,2,0.4162484271706033,1
0.5,3440,7,7,7,7,1.1605680882668588,1
0.5,3441,7,7,4,4,0.8351275186185835,1
0.5,3442,7,7,7,7,0.8069223368970443,1
0.5,3443,7,7,7,7,0.8223371453410009,1
0.5,3444,7,7,2,2,0.31075781156661497,1
0.5,3445,7,4,2,2,0.20192685661317045,1
0.5,3446,7,7,4,4,0.6011762132447274,1
0.5,3447,7,7,4,4,0.7804878188646498,1
0.5,3448,7,7,4,4,0.43192572002631524,1
0.5,3449,7,7,7,7,0.2613154470284301,1
0.5,3450,7,7,4,4,0.34275859096872385,1
0.5,3451,7,7,2,2,0.2078590779382279,1
0.5,3452,7,7,7,7,0.8815102282931935,1
0.5,3453,7,7,4,4,0.9942962110578586,1
0.5,3454,7,7,4,4,0.8445864260165521,1
0.5,3455,7,7,4,4,0.5197635615580198,1
0.5,3780,8,8,8,8,1.174549468370891,1
0.5,3781,8,8,8,8,1.3407740685764344,1
0.5,3782,8,8,8,8,1.86496544982378,1
0.5,3783,8,8,8,8,2.2507936712919125,0
0.5,3784,8,8,8,8,1.4395303369662893,1
0.5,3785,8,8,8,8,2.2057971016241473,0
0.5,3786,8,8,8,8,1.2927219656794242,1
0.5,3787,8,8,8,8,1.4294807796533822,1
0.5,3788,8,8,8,8,2.0422484902270908,1
0.5,3789,8,8,8,8,1.5287267000147078,1
0.5,3790,8,8,8,8,1.8585453537163161,1
0.5,3791,8,8,8,8,2.0368762651454375,1
0.5,3792,8,8,8,8,1.4280572143077088,1
0.5,3793,8,8,8,8,1.5723472087402337,1
0.5,3794,8,8,8,8,1.0431162616964267,1
0.5,3795,8,8,8,8,2.425506545147197,0
0.5,3796,8,8,8,8,2.3624443582882773,0
0.5,3797,8,8,8,8,2.838585330861836,0
0.5,3798,8,8,8,8,2.32719282351592,0
0.5,3799,8,8,8,8,2.678487190476524,0
0.5,3800,8,8,8,8,2.6530823866233244,0
0.5,3801,8,8,8,8,0.13111036578580043,1
0.5,3802,8,8,8,8,1.040725555438876,1
0.5,3803,8,8,8,8,1.822504725560813,1
0.5,3804,8,8,8,8,1.0186848486406572,1
0.5,3805,8,8,8,8,1.6812428911148967,1
0.5,3806,8,8,8,8,1.8431376604393495,1
0.5,3807,8,8,8,8,2.4195648733974027,0
0.5,3808,8,8,8,8,2.3051811065111485,0
0.5,3809,8,8,8,8,2.2340213362436834,0
0.5,3810,8,8,8,8,1.8000968476546042,1
0.5,3811,8,8,8,8,2.3057420497514935,0
0.5,3812,8,8,8,8,1.976971697724142,1
0.5,3813,8,8,8,8,2.1235526789497867,0
0.5,3814,8,8,8,8,2.195604649412649,0
0.5,3815,8,8,8,8,2.4763983363812785,0
0.5,3816,8,8,8,8,1.1776246245751045,1
0.5,3817,8,8,8,8,1.8014249435207457,1
0.5,3818,8,8,8,8,0.7182728603521412,1
0.5,3819,8,8,8,8,2.5009105893348185,0
0.5,3820,8,8,8,8,2.253883248832315,0
0.5,3821,8,8,8,8,2.3965512934038182,0
0.5,3822,8,8,8,8,1.9294129229976777,1
0.5,3823,8,8,8,8,2.631611892943689,0
0.5,3824,8,8,8,8,1.982171370594406,1
0.5,3825,8,8,8,8,2.0031598851932295,1
0.5,3826,8,8,8,8,2.3520684771364584,0
0.5,3827,8,8,8,8,2.460608517171586,0
0.5,3828,8,8,8,8,1.491744637185239,1
0.5,3829,8,8,8,8,1.6058669825080942,1
0.5,3830,8,8,8,8,1.758106727463985,1
0.5,3831,8,8,8,8,2.4439128889187414,0
0.5,3832,8,8,8,8,2.0402893512541755,1
0.5,3833,8,8,8,8,2.4801195390305337,0
0.5,3834,8,8,8,8,1.842231921748979,1
0.5,3835,8,8,8,8,2.2956722042359217,0
0.5,3836,8,8,8,8,1.865807229037713,1
0.5,3837,8,8,8,8,2.020932763091392,1
0.5,3838,8,8,8,8,2.3842056725709426,0
0.5,3839,8,8,8,8,2.452028735527437,0
0.5,3840,8,8,8,8,1.4154455874009426,1
0.5,3841,8,8,8,8,1.6407323725236183,1
0.5,3842,8,8,8,8,1.2175311744087784,1
0.5,3843,8,8,8,8,2.0700287508563484,1
0.5,3844,8,8,8,8,2.1065720358652387,1
0.5,3845,8,8,8,8,2.217631047186111,0
0.5,3846,8,8,8,8,2.2365182746581183,0
0.5,3847,8,8,8,8,1.7784463835371564,1
0.5,3848,8,8,8,8,2.02708470180497,1
0.5,3849,8,8,8,8,2.2397514332339057,0
0.5,3850,8,8,8,8,2.325321116902996,0
0.5,3851,8,8,8,8,2.3626555123265933,0
0.5,3852,8,8,8,8,1.1921472864488722,1
0.5,3853,8,8,8,8,1.645394019547299,1
0.5,3854,8,8,8,8,1.5936667274327023,1
0.5,3855,8,8,8,8,2.0030653286141207,1
0.5,3856,8,8,8,8,1.8928811270724626,1
0.5,3857,8,8,8,8,2.415770180710703,0
0.5,3858,8,8,8,8,1.8292249416368807,1
0.5,3859,8,8,8,8,2.2718494037051795,0
0.5,3860,8,8,8,8,2.1130543883021633,1
0.5,3861,8,8,8,8,2.0477826085369855,1
0.5,3862,8,8,8,8,2.0497097985809623,1
0.5,3863,8,8,8,8,2.5411755816640857,0
0.5,3864,8,8,8,8,1.5294413415525754,1
0.5,3865,8,8,8,8,2.187320094060584,0
0.5,3866,8,8,8,8,1.8623683467989103,1
0.5,3867,8,8,8,8,2.2819428927290994,0
0.5,3868,8,8,8,8,1.813416104057449,1
0.5,3869,8,8,8,8,2.1673777698487857,0
0.5,3870,8,8,8,8,1.8569286258148416,1
0.5,3871,8,8,8,8,2.495561237635838,0
0.5,3872,8,8,8,8,2.3513499926014934,0
0.5,3873,8,8,8,8,1.9905916165338968,1
0.5,3874,8,8,8,8,2.0098401916558686,1
0.5,3875,8,8,8,8,2.3581778464886303,0
0.5,3876,8,8,8,8,1.4700824546830629,1
0.5,3877,8,8,8,8,1.8303103276065142,1
0.5,3878,8,8,8,8,1.557089929012728,1
0.5,3879,8,8,8,8,2.1544750743842704,0
0.5,3880,8,8,8,8,2.0298006416253607,1
0.5,3881,8,8,8,8,2.080463451290921,1
0.5,3882,8,8,8,8,1.8513873933289315,1
0.5,3883,8,8,8,8,1.9821899028998677,1
0.5,3884,8,8,8,8,2.2056328484995857,0
0.5,3885,8,8,8,8,1.9016329951935105,1
0.5,3886,8,8,8,8,2.2453349398565905,0
0.5,3887,8,8,8,8,2.1367231426665327,0
0.5,4212,9,9,9,9,2.3458773302838054,0
0.5,4213,9,9,9,9,2.2540408812797756,0
0.5,4214,9,9,9,9,2.7154306459716695,0
0.5,4215,9,9,9,9,2.3505840315239217,0
0.5,4216,9,9,9,9,2.6118526189121876,0
0.5,4217,9,9,9,9,2.4392051960037273,0
0.5,4218,9,9,9,9,2.2230833333719797,0
0.5,4219,9,9,9,9,2.420018992623504,0
0.5,4220,9,9,9,9,2.3754987441880817,0
0.5,4221,9,9,9,9,2.4954605046984355,0
0.5,4222,9,9,9,9,2.2786136363539775,0
0.5,4223,9,9,9,9,2.392108156625719,0
0.5,4224,9,9,9,9,1.6381855928964195,1
0.5,4225,9,9,9,9,1.9081015744926226,1
0.5,4226,9,9,9,9,1.9783640071943989,1
0.5,4227,9,9,9,9,1.9783188023709362,1
0.5,4228,9,9,9,9,1.5767514715001698,1
0.5,4229,9,9,9,9,0.39550727136963215,1
0.5,4230,9,9,9,9,1.7324494744926808,1
0.5,4231,9,9,9,9,1.445777166544896,1
0.5,4232,9,9,9,9,0.38009434171992673,1
0.5,4233,9,9,2,2,1.1366823678465514,1
0.5,4234,9,9,9,9,0.7195353242052062,1
0.5,4235,9,9,9,9,0.7095889060731644,1
0.5,4236,9,9,9,9,2.291147154716043,0
0.5,4237,9,9,9,9,0.9408073266904362,1
0.5,4238,9,9,9,9,2.394000090859852,0
0.5,4239,9,9,9,9,0.6518759186902846,1
0.5,4240,9,9,9,9,0.701987776530867,1
0.5,4241,9,9,9,9,1.2883723856886617,1
0.5,4242,9,9,9,9,1.5870587727069003,1
0.5,4243,9,9,9,9,1.2689860929123626,1
0.5,4244,9,9,9,9,1.0387331803880424,1
0.5,4245,9,9,9,9,2.4854606382069946,0
0.5,4246,9,9,9,9,1.6699222482768068,1
0.5,4247,9,9,9,9,2.4733387155419857,0
0.5,4248,9,9,9,9,2.702666205769006,0
0.5,4249,9,9,9,9,2.112538217996588,1
0.5,4250,9,9,9,9,2.546900637970465,0
0.5,4251,9,9,9,9,0.3890993629257501,1
0.5,4252,9,9,9,9,0.48408771249236504,1
0.5,4253,9,9,9,9,0.7804018935243551,1
0.5,4254,9,9,9,9,2.412392539702266,0
0.5,4255,9,9,8,8,0.11229383886591682,1
0.5,4256,9,9,9,9,2.110333853208589,1
0.5,4257,9,9,9,9,2.4827407737050353,0
0.5,4258,9,9,9,9,0.9916080929515533,1
0.5,4259,9,9,9,9,2.965658109664896,0
0.5,4260,9,9,9,9,1.8616067330640838,1
0.5,4261,9,9,9,9,1.5424001462982704,1
0.5,4262,9,9,9,9,1.0258472176216824,1
0.5,4263,9,9,9,9,2.5112522014981042,0
0.5,4264,9,9,9,9,2.48284238852845,0
0.5,4265,9,9,9,9,0.9906165771123366,1
0.5,4266,9,9,9,9,2.380156750612352,0
0.5,4267,9,9,9,9,1.364329983197713,1
0.5,4268,9,9,9,9,0.7533670402983871,1
0.5,4269,9,9,9,9,1.0551497862289954,1
0.5,4270,9,9,9,9,0.5652315058174141,1
0.5,4271,9,9,9,9,0.076683202013347,1
0.5,4272,9,9,2,2,1.352843608458667,1
0.5,4273,9,9,9,9,2.3329463722964965,0
0.5,4274,9,9,9,9,1.1309185976380136,1
0.5,4275,9,9,9,9,1.0583453560438936,1
0.5,4276,9,9,9,9,1.4557018193490219,1
0.5,4277,9,9,9,9,1.4187195326779283,1
0.5,4278,9,9,9,9,2.214046573989464,0
0.5,4279,9,9,9,9,2.1874999805783135,0
0.5,4280,9,9,9,9,1.8360769420234795,1
0.5,4281,9,9,9,9,1.2123344916315832,1
0.5,4282,9,9,9,9,0.8293021879171197,1
0.5,4283,9,9,9,9,0.15385296057181486,1
0.5,4284,9,9,9,9,0.8864836639001688,1
0.5,4285,9,9,9,9,1.5153084019301546,1
0.5,4286,9,9,9,9,1.086081533364816,1
0.5,4287,9,9,9,9,2.4707620928447156,0
0.5,4288,9,9,9,9,0.9722087295414319,1
0.5,4289,9,9,9,9,0.8158615256537529,1
0.5,4290,9,9,9,9,2.3717379289879195,0
0.5,4291,9,9,9,9,0.8462747069402504,1
0.5,4292,9,9,9,9,0.9548639220866562,1
0.5,4293,9,9,9,9,1.1439368806037749,1
0.5,4294,9,9,9,9,0.884635377025851,1
0.5,4295,9,9,9,9,1.2199025635393848,1
0.5,4296,9,9,9,9,2.3804417714596493,0
0.5,4297,9,9,9,9,1.5691038719888697,1
0.5,4298,9,9,9,9,1.3485560086332433,1
0.5,4299,9,9,9,9,2.5429987036606554,0
0.5,4300,9,9,9,9,1.8153532575217683,1
0.5,4301,9,9,9,9,2.3842329759365812,0
0.5,4302,9,9,9,9,1.6111323693246598,1
0.5,4303,9,9,9,9,1.8047936123160881,1
0.5,4304,9,9,9,9,1.2271015008208952,1
0.5,4305,9,9,9,9,1.564952057830713,1
0.5,4306,9,9,9,9,1.4557498490768155,1
0.5,4307,9,9,9,9,0.8855921808929683,1
0.5,4308,9,9,9,9,2.6012430413354792,0
0.5,4309,9,9,9,9,1.9878722027786373,1
0.5,4310,9,9,9,9,1.957893795521839,1
0.5,4311,9,9,9,9,2.3199132851847537,0
0.5,4312,9,9,9,9,2.101674042681962,1
0.5,4313,9,9,9,9,2.037972476002244,1
0.5,4314,9,9,9,9,2.0324430250725944,1
0.5,4315,9,9,9,9,2.2028620071060114,0
0.5,4316,9,9,9,9,2.0342496535451127,1
0.5,4317,9,9,9,9,2.14523369371857,0
0.5,4318,9,9,9,9,2.014614046071841,1
0.5,4319,9,9,2,2,0.9617106948477679,1
0.5,4644,10,4,4,4,1.6539357270971298,1
0.5,4645,10,4,4,4,1.6167026360366488,1
0.5,4646,10,4,4,4,1.6196447947987802,1
0.5,4647,10,7,4,4,0.36338646084504567,1
0.5,4648,10,10,10,10,0.17626874854087504,1
0.5,4649,10,4,2,2,0.09012575133300693,1
0.5,4650,10,4,10,10,0.31790610238508865,1
0.5,4651,10,10,2,2,0.023952412456547667,1
0.5,4652,10,4,2,2,0.20329404427768588,1
0.5,4653,10,4,10,10,0.13567224651855203,1
0.5,4654,10,10,10,10,0.11492342663694294,1
0.5,4655,10,4,2,2,0.3515566551510845,1
0.5,4656,10,4,4,4,0.19960668036115192,1
0.5,4657,10,2,10,10,0.31863117099433547,1
0.5,4658,10,10,10,10,0.1766666244536369,1
0.5,4659,10,10,10,10,0.32720499049652896,1
0.5,4660,10,7,10,10,0.18418912935444193,1
0.5,4661,10,10,10,10,0.19534716642314898,1
0.5,4662,10,10,10,10,0.4556734243578281,1
0.5,4663,10,10,10,10,0.6504760904202205,1
0.5,4664,10,10,10,10,0.9339423563223183,1
0.5,4665,10,10,10,10,0.1089542767792312,1
0.5,4666,10,10,10,10,0.7374622546869981,1
0.5,4667,10,2,10,10,0.31863117099433547,1
0.5,4668,10,4,10,10,0.2237487793414321,1
0.5,4669,10,10,4,4,0.3559081899627411,1
0.5,4670,10,4,10,10,0.46274620356233165,1
0.5,4671,10,10,10,10,0.2896405476424848,1
0.5,4672,10,10,10,10,0.37762733640879764,1
0.5,4673,10,10,10,10,1.2190662483551096,1
0.5,4674,10,2,10,10,0.5241429486541621,1
0.5,4675,10,10,10,10,0.557990235581721,1
0.5,4676,10,10,10,10,1.063156648203416,1
0.5,4677,10,10,10,10,0.2310316885368512,1
0.5,4678,10,10,10,10,0.30754934975335735,1
0.5,4679,10,10,10,10,0.2903108631442992,1
0.5,4680,10,4,10,10,0.7038703319300895,1
0.5,4681,10,2,2,2,0.06860448110135564,1
0.5,4682,10,4,10,10,0.07458979012329103,1
0.5,4683,10,10,10,10,0.6264109503493116,1
0.5,4684,10,10,10,10,0.9671854430382919,1
0.5,4685,10,10,2,2,0.12722999041202654,1
0.5,4686,10,2,2,2,0.7066425238176562,1
0.5,4687,10,2,10,10,1.0838356876497697,1
0.5,4688,10,10,2,2,0.12894436270500342,1
0.5,4689,10,10,10,10,0.2106094174187061,1
0.5,4690,10,2,2,2,0.27894741258770495,1
0.5,4691,10,4,10,10,1.3181154133475563,1
0.5,4692,10,2,10,10,0.0159306654437954,1
0.5,4693,10,10,10,10,0.2479021639181902,1
0.5,4694,10,4,10,10,1.1669513182124238,1
0.5,4695,10,10,10,10,0.8775407623693116,1
0.5,4696,10,10,2,2,0.8657128001935337,1
0.5,4697,10,10,10,10,0.8702914222891794,1
0.5,4698,10,2,10,10,0.22677299258907724,1
0.5,4699,10,10,10,10,0.13708394670736523,1
0.5,4700,10,10,10,10,0.5338834583934918,1
0.5,4701,10,10,10,10,0.7325469376543754,1
0.5,4702,10,4,10,10,1.130574293683388,1
0.5,4703,10,4,4,4,0.6365860660084792,1
0.5,4704,10,4,10,10,1.2926695548623885,1
0.5,4705,10,4,2,2,0.68160302924584,1
0.5,4706,10,4,10,10,0.9277211209641162,1
0.5,4707,10,10,10,10,1.2365693947955312,1
0.5,4708,10,10,10,10,0.8687887058137449,1
0.5,4709,10,10,10,10,0.5999213946661812,1
0.5,4710,10,10,10,10,0.5226288174208245,1
0.5,4711,10,10,10,10,0.06835812102047789,1
0.5,4712,10,10,2,2,0.2377653599799957,1
0.5,4713,10,10,10,10,0.6375025380992051,1
0.5,4714,10,10,10,10,0.5155827295208919,1
0.5,4715,10,10,10,10,0.5683629965120252,1
0.5,4716,10,10,2,2,0.2663054448801962,1
0.5,4717,10,10,10,10,0.7312026575321805,1
0.5,4718,10,4,10,10,0.9230150183103658,1
0.5,4719,10,10,10,10,0.6177985808287346,1
0.5,4720,10,10,10,10,0.8669281782788897,1
0.5,4721,10,10,10,10,0.5466046028012836,1
0.5,4722,10,2,2,2,0.2882699349232799,1
0.5,4723,10,10,2,2,0.1927397766405189,1
0.5,4724,10,4,4,4,0.6667117681384116,1
0.5,4725,10,4,4,4,0.10125856143184608,1
0.5,4726,10,10,2,2,0.1695994480079307,1
0.5,4727,10,4,2,2,1.21437105331121,1
0.5,4728,10,4,2,2,0.734136281657771,1
0.5,4729,10,4,4,4,1.3327739744684184,1
0.5,4730,10,4,2,2,1.3117866477104845,1
0.5,4731,10,10,10,10,1.0215864523337248,1
0.5,4732,10,10,2,2,0.7766702402242691,1
0.5,4733,10,10,2,2,0.3259381916854309,1
0.5,4734,10,2,10,10,0.15643540517814825,1
0.5,4735,10,2,10,10,0.41748482390569497,1
0.5,4736,10,10,2,2,0.1274551539067964,1
0.5,4737,10,10,2,2,0.4332555877877675,1
0.5,4738,10,10,10,10,0.5184590470300462,1
0.5,4739,10,4,2,2,0.12765295701751683,1
0.5,4740,10,4,10,10,1.1258798493481081,1
0.5,4741,10,4,4,4,1.5750180388008888,1
0.5,4742,10,4,10,10,1.6709860244336803,1
0.5,4743,10,10,4,4,0.45453006208616076,1
0.5,4744,10,10,2,2,0.3156410259607656,1
0.5,4745,10,10,2,2,0.04505027670514439,1
0.5,4746,10,4,2,2,0.06421552422258608,1
0.5,4747,10,2,2,2,0.0631783849458431,1
0.5,4748,10,2,2,2,0.05286104527188212,1
0.5,4749,10,10,2,2,0.41201536406804906,1
0.5,4750,10,10,10,10,0.0614874635464665,1
0.5,4751,10,4,10,10,0.33062273487887617,1
0.75,324,0,0,0,0,0.7493270688085745,1
0.75,325,0,3,0,0,0.5793249285547946,1
0.75,326,0,0,0,0,0.7556915521503156,1
0.75,327,0,0,0,0,0.9684924241494284,1
0.75,328,0,0,0,0,1.805870473531528,1
0.75,329,0,0,0,0,1.4123305348212312,1
0.75,330,0,0,0,0,1.3947035569127015,1
0.75,331,0,0,0,0,1.6308963407584132,1
0.75,332,0,0,0,0,1.4249440507159163,1
0.75,333,0,0,0,0,0.8721537950247642,1
0.75,334,0,0,0,0,1.678841479236563,1
0.75,335,0,0,0,0,1.632803468349389,1
0.75,336,0,0,0,0,2.048192163889979,1
0.75,337,0,0,0,0,2.247223857621756,1
0.75,338,0,0,0,0,2.3261010379286677,1
0.75,339,0,0,0,0,2.086758821069052,1
0.75,340,0,0,0,0,1.784662095877448,1
0.75,341,0,0,0,0,1.852560006774996,1
0.75,342,0,0,0,0,1.995001466581207,1
0.75,343,0,0,0,0,2.140615337690115,1
0.75,344,0,0,0,0,2.0525419022594837,1
0.75,345,0,0,0,0,1.6757549386224864,1
0.75,346,0,0,0,0,1.766859320447217,1
0.75,347,0,0,0,0,1.7064312057084425,1
0.75,348,0,0,0,0,2.1197349564056167,1
0.75,349,0,0,0,0,1.9490084624319173,1
0.75,350,0,0,0,0,2.4153652029134087,0
0.75,351,0,0,0,0,2.394840406840041,0
0.75,352,0,0,0,0,2.1733208932989125,1
0.75,353,0,0,0,0,1.6972852740797213,1
0.75,354,0,0,0,0,1.8310908937735386,1
0.75,355,0,0,0,0,1.985750083067393,1
0.75,356,0,0,0,0,1.6007345583798316,1
0.75,357,0,0,0,0,2.237461593247432,1
0.75,358,0,0,0,0,2.164307908992372,1
0.75,359,0,0,0,0,1.9609780765408922,1
0.75,360,0,0,0,0,1.8329002808614678,1
0.75,361,0,0,0,0,2.091766618008246,1
0.75,362,0,0,0,0,2.4014040446216605,0
0.75,363,0,0,0,0,2.119722746827895,1
0.75,364,0,0,0,0,2.0971371836909087,1
0.75,365,0,0,0,0,1.692705103405137,1
0.75,366,0,0,0,0,1.9475017241256165,1
0.75,367,0,0,0,0,1.8903267396877252,1
0.75,368,0,0,0,0,1.5821223675699976,1
0.75,369,0,0,0,0,2.0068272574165213,1
0.75,370,0,0,0,0,2.0025108292546134,1
0.75,371,0,0,0,0,1.5398545219918116,1
0.75,372,0,0,0,0,2.152922711569563,1
0.75,373,0,0,0,0,1.6519548100416008,1
0.75,374,0,0,0,0,2.516140822587653,0
0.75,375,0,0,0,0,2.1006429445032446,1
0.75,376,0,0,0,0,1.724475573577898,1
0.75,377,0,0,0,0,1.7515206671975814,1
0.75,378,0,0,0,0,1.6663690067547474,1
0.75,379,0,0,0,0,1.9525804792310357,1
0.75,380,0,0,0,0,1.5349564055863554,1
0.75,381,0,0,0,0,1.8064624423298152,1
0.75,382,0,0,0,0,1.9822002516855437,1
0.75,383,0,0,0,0,1.5604682695179206,1
0.75,384,0,0,0,0,1.996575398039759,1
0.75,385,0,0,0,0,2.1519645684495226,1
0.75,386,0,0,0,0,2.1695552503946773,1
0.75,387,0,0,0,0,1.5121698530015202,1
0.75,388,0,0,0,0,1.4311810073639335,1
0.75,389,0,0,0,0,1.6313421722665924,1
0.75,390,0,0,0,0,1.438141922813245,1
0.75,391,0,0,0,0,1.4972192390976669,1
0.75,392,0,0,0,0,1.5832762101644615,1
0.75,393,0,0,0,0,1.6168221621154235,1
0.75,394,0,0,0,0,1.6144668261870954,1
0.75,395,0,0,0,0,1.6701864780557425,1
0.75,396,0,0,0,0,2.0029934572598327,1
0.75,397,0,0,0,0,2.037404174577193,1
0.75,398,0,0,0,0,2.0112872760746145,1
0.75,399,0,0,0,0,1.2050723974938822,1
0.75,400,0,0,0,0,1.245332738035679,1
0.75,401,0,0,0,0,1.3144785905103973,1
0.75,402,0,0,0,0,1.1429033435178264,1
0.75,403,0,0,0,0,0.9604034924472233,1
0.75,404,0,0,0,0,1.3332006324266168,1
0.75,405,0,0,0,0,1.2728578292704973,1
0.75,406,0,0,0,0,1.370347473931358,1
0.75,407,0,0,0,0,1.3227047666382927,1
0.75,408,0,0,0,0,1.8460338511255965,1
0.75,409,0,0,0,0,1.8244346720351854,1
0.75,410,0,0,0,0,2.0343710860427837,1
0.75,411,0,0,0,0,0.8564028210346495,1
0.75,412,0,0,0,0,0.6181114658503863,1
0.75,413,0,0,0,0,0.725712144179331,1
0.75,414,0,0,0,0,0.662397235251823,1
0.75,415,0,0,0,0,0.5573726375011437,1
0.75,416,0,0,10,10,1.0177288883298878,1
0.75,417,0,0,0,0,0.9497685614657547,1
0.75,418,0,0,0,0,0.7384773901210333,1
0.75,419,0,0,0,0,1.1308615797112864,1
0.75,420,0,0,0,0,1.6866778751137295,1
0.75,421,0,0,0,0,0.748208163535595,1
0.75,422,0,0,0,0,1.8678114211167434,1
0.75,423,0,0,0,0,0.5900659754445199,1
0.75,424,0,0,0,0,0.5084304183380417,1
0.75,425,0,0,0,0,0.31139421562362757,1
0.75,426,0,0,10,10,0.24613033793501554,1
0.75,427,0,2,0,0,0.013944397826084476,1
0.75,428,0,0,0,0,0.49217934561024224,1
0.75,429,0,10,0,0,0.11023454390919851,1
0.75,430,0,0,0,0,0.1671175495135112,1
0.75,431,0,0,0,0,0.09746326172702113,1
0.75,756,1,5,1,1,0.08800529099809162,1
0.75,757,1,1,1,1,1.3770115413252444,1
0.75,758,1,5,1,1,0.13146624608177593,1
0.75,759,1,3,1,1,0.13571352424713035,1
0.75,760,1,3,1,1,0.03256075088620869,1
0.75,761,1,3,1,1,0.2904222371869536,1
0.75,762,1,1,1,1,0.04336430634874189,1
0.75,763,1,1,1,1,0.05326461398049831,1
0.75,764,1,1,1,1,0.14016061014925052,1
0.75,765,1,3,1,1,0.05695701590747915,1
0.75,766,1,1,1,1,0.20630752397946728,1
0.75,767,1,3,1,1,0.05759310510746429,1
0.75,768,1,1,1,1,1.5137763867776952,1
0.75,769,1,1,1,1,0.5554126510944729,1
0.75,770,1,1,1,1,1.2168077325502538,1
0.75,771,1,1,1,1,1.2980369027312662,1
0.75,772,1,1,1,1,1.5459961652273757,1
0.75,773,1,1,1,1,1.5557017465814873,1
0.75,774,1,1,1,1,1.1787323918350154,1
0.75,775,1,1,1,1,1.9895680250477326,1
0.75,776,1,1,1,1,0.5084603054440993,1
0.75,777,1,1,1,1,0.913458419623097,1
0.75,778,1,1,1,1,1.8455470616341005,1
0.75,779,1,1,1,1,2.103874301430089,1
0.75,780,1,1,1,1,1.5537255157981802,1
0.75,781,1,1,1,1,1.3015902827991876,1
0.75,782,1,1,1,1,1.7112900636555668,1
0.75,783,1,1,1,1,1.9945567716639239,1
0.75,784,1,1,1,1,2.0163568650588717,1
0.75,785,1,1,1,1,2.093705560596491,1
0.75,786,1,1,1,1,0.8921834215346787,1
0.75,787,1,1,1,1,2.190469214939304,1
0.75,788,1,1,1,1,1.3378480067222838,1
0.75,789,1,1,1,1,1.890853316170536,1
0.75,790,1,1,1,1,2.127067445536082,1
0.75,791,1,1,1,1,2.366192836353451,1
0.75,792,1,1,1,1,1.158419535781349,1
0.75,793,1,1,1,1,1.6070744859233188,1
0.75,794,1,1,1,1,1.7865859579990113,1
0.75,795,1,1,1,1,1.855597840128135,1
0.75,796,1,1,1,1,1.7502824783597961,1
0.75,797,1,1,1,1,1.9940726672795213,1
0.75,798,1,1,1,1,1.8675562785807265,1
0.75,799,1,1,1,1,1.946198810516377,1
0.75,800,1,1,1,1,2.1282514592710404,1
0.75,801,1,1,1,1,0.7612495880321862,1
0.75,802,1,1,1,1,1.9313189902588372,1
0.75,803,1,1,1,1,1.5109944944230171,1
0.75,804,1,1,1,1,1.1858963286545832,1
0.75,805,1,1,1,1,0.8147046213283065,1
0.75,806,1,1,1,1,1.7998405133415605,1
0.75,807,1,1,1,1,1.077142096301383,1
0.75,808,1,1,1,1,1.8170904920193143,1
0.75,809,1,1,1,1,1.5633479825319712,1
0.75,810,1,1,1,1,2.3444712422701284,1
0.75,811,1,1,1,1,1.7890619329739705,1
0.75,812,1,1,1,1,1.1878683252807154,1
0.75,813,1,1,1,1,0.7835039699322169,1
0.75,814,1,1,1,1,1.7374271695883625,1
0.75,815,1,1,1,1,1.683922125694534,1
0.75,816,1,1,1,1,1.9583643506762538,1
0.75,817,1,1,1,1,1.1631013870288796,1
0.75,818,1,1,1,1,1.527367666366775,1
0.75,819,1,1,1,1,1.628690643956704,1
0.75,820,1,1,1,1,1.8090343337746355,1
0.75,821,1,1,1,1,1.716201227056311,1
0.75,822,1,1,1,1,1.294762684373277,1
0.75,823,1,1,1,1,1.3289827540115149,1
0.75,824,1,1,5,5,1.196735331279241,1
0.75,825,1,1,1,1,0.5292069389961792,1
0.75,826,1,1,1,1,0.31254348504475304,1
0.75,827,1,1,1,1,0.9060198471747276,1
0.75,828,1,1,1,1,2.0501515649506157,1
0.75,829,1,1,1,1,1.2622767144565257,1
0.75,830,1,1,1,1,2.513435617822804,0
0.75,831,1,1,1,1,1.056883549651547,1
0.75,832,1,1,1,1,1.2345573311501026,1
0.75,833,1,1,1,1,0.624171305419007,1
0.75,834,1,1,1,1,0.03948484257734619,1
0.75,835,1,1,1,1,0.7209652605190897,1
0.75,836,1,1,1,1,0.015141921162884486,1
0.75,837,1,1,1,1,0.4498272979195477,1
0.75,838,1,1,1,1,1.0646251233505457,1
0.75,839,1,1,1,1,0.7423944795032651,1
0.75,840,1,1,1,1,1.6967796464443292,1
0.75,841,1,1,1,1,1.3889039110806727,1
0.75,842,1,1,1,1,2.225258511289615,1
0.75,843,1,1,1,1,0.8686247933281749,1
0.75,844,1,1,1,1,1.5210414945190263,1
0.75,845,1,1,1,1,0.3904375322924596,1
0.75,846,1,5,1,1,0.21694160093279313,1
0.75,847,1,1,1,1,0.4684945623568397,1
0.75,848,1,5,1,1,0.10668476956346162,1
0.75,849,1,5,1,1,0.1962233846300765,1
0.75,850,1,1,1,1,1.002375808886111,1
0.75,851,1,1,1,1,0.0417572106358961,1
0.75,852,1,5,1,1,0.3174330449016225,1
0.75,853,1,5,1,1,0.12160302025833458,1
0.75,854,1,1,1,1,0.047852057283836125,1
0.75,855,1,1,1,1,0.5493701512402926,1
0.75,856,1,1,1,1,0.9873272795238841,1
0.75,857,1,5,1,1,0.09302725191766537,1
0.75,858,1,1,1,1,0.7357202380375854,1
0.75,859,1,1,1,1,0.7819889869905362,1
0.75,860,1,1,1,1,1.3249784091743928,1
0.75,861,1,5,1,1,0.37137479607367274,1
0.75,862,1,5,1,1,0.31865239675710577,1
0.75,863,1,1,1,1,0.4310023384875603,1
0.75,1188,2,2,2,2,1.908345780861806,1
0.75,1189,2,2,2,2,1.5002009649675698,1
0.75,1190,2,2,2,2,1.8376608545602084,1
0.75,1191,2,2,2,2,2.603373434731119,0
0.75,1192,2,2,2,2,1.648268868866674,1
0.75,1193,2,2,2,2,2.759331202020339,0
0.75,1194,2,2,2,2,2.4373032675627635,0
0.75,1195,2,2,2,2,2.689008254374949,0
0.75,1196,2,2,2,2,3.103438260739829,0
0.75,1197,2,2,2,2,2.7736341814969308,0
0.75,1198,2,2,2,2,1.503284731205781,1
0.75,1199,2,2,2,2,3.042532173222128,0
0.75,1200,2,10,2,2,0.7007774441698713,1
0.75,1201,2,10,2,2,0.6001288474307985,1
0.75,1202,2,2,2,2,0.4317455472833258,1
0.75,1203,2,10,2,2,0.18289002705877605,1
0.75,1204,2,10,2,2,0.4082506866618526,1
0.75,1205,2,5,2,2,0.34990329524209873,1
0.75,1206,2,2,2,2,0.07153824015121724,1
0.75,1207,2,2,2,2,0.21801626938380692,1
0.75,1208,2,10,2,2,0.2641221705425504,1
0.75,1209,2,2,2,2,0.5136730727472817,1
0.75,1210,2,2,2,2,0.23910032591823904,1
0.75,1211,2,10,2,2,0.3147103145622723,1
0.75,1212,2,10,2,2,0.9909270985473004,1
0.75,1213,2,10,2,2,0.43110658391956536,1
0.75,1214,2,2,2,2,0.9151983086870787,1
0.75,1215,2,2,2,2,0.4041966913326278,1
0.75,1216,2,2,2,2,0.659545575560136,1
0.75,1217,2,2,2,2,0.6522089227810416,1
0.75,1218,2,2,2,2,0.6143868923208439,1
0.75,1219,2,2,2,2,0.2561599567939957,1
0.75,1220,2,2,2,2,1.02251681555863,1
0.75,1221,2,2,2,2,0.7988047675303755,1
0.75,1222,2,2,2,2,0.7689456237354079,1
0.75,1223,2,2,2,2,0.720430359806827,1
0.75,1224,2,10,2,2,0.13246151427486352,1
0.75,1225,2,2,2,2,0.9889085808108029,1
0.75,1226,2,2,2,2,1.0543389369110385,1
0.75,1227,2,2,2,2,1.0495040649133776,1
0.75,1228,2,2,2,2,0.8052069336596918,1
0.75,1229,2,2,2,2,1.2017974854291071,1
0.75,1230,2,2,2,2,0.9915648131510205,1
0.75,1231,2,2,2,2,1.2408160216285085,1
0.75,1232,2,2,2,2,1.0208209447698673,1
0.75,1233,2,2,2,2,0.7399865770801562,1
0.75,1234,2,2,2,2,1.6241473085129445,1
0.75,1235,2,2,2,2,1.0636253495542871,1
0.75,1236,2,2,2,2,0.3095168112661595,1
0.75,1237,2,2,2,2,0.5481142574215189,1
0.75,1238,2,2,2,2,0.6455074300158418,1
0.75,1239,2,2,2,2,1.270234630336005,1
0.75,1240,2,2,2,2,1.620468198902211,1
0.75,1241,2,2,2,2,1.8183576760223628,1
0.75,1242,2,2,2,2,1.6984237311150494,1
0.75,1243,2,2,2,2,1.5920136881515798,1
0.75,1244,2,2,2,2,0.8370039301590169,1
0.75,1245,2,2,2,2,1.1703924629139055,1
0.75,1246,2,2,2,2,1.5491115773685267,1
0.75,1247,2,2,2,2,1.5648779197586662,1
0.75,1248,2,2,2,2,0.12942953467079565,1
0.75,1249,2,2,2,2,0.5380526618786974,1
0.75,1250,2,2,2,2,0.8513459029078484,1
0.75,1251,2,2,2,2,0.9631164736039234,1
0.75,1252,2,2,2,2,0.9083473017969362,1
0.75,1253,2,2,2,2,1.6616899623567294,1
0.75,1254,2,2,2,2,1.8749324420170752,1
0.75,1255,2,2,2,2,2.0083818249977234,1
0.75,1256,2,2,2,2,1.8402634398083138,1
0.75,1257,2,2,2,2,0.7798847857968826,1
0.75,1258,2,2,2,2,0.724363689624015,1
0.75,1259,2,2,2,2,1.16310055396306,1
0.75,1260,2,2,2,2,0.7225365117912153,1
0.75,1261,2,2,2,2,0.23987842709901686,1
0.75,1262,2,2,2,2,1.149062389135703,1
0.75,1263,2,2,2,2,1.0779089134668354,1
0.75,1264,2,2,2,2,0.8570506893092394,1
0.75,1265,2,2,2,2,1.3772739472302833,1
0.75,1266,2,2,2,2,1.5423380281823016,1
0.75,1267,2,2,2,2,2.124332577824939,1
0.75,1268,2,2,2,2,2.095463672278724,1
0.75,1269,2,2,2,2,1.4429808663964967,1
0.75,1270,2,2,2,2,1.293525937446753,1
0.75,1271,2,2,2,2,1.2062047413027037,1
0.75,1272,2,2,2,2,1.0915209395625498,1
0.75,1273,2,2,2,2,0.4228471227202292,1
0.75,1274,2,2,2,2,1.6726376246068009,1
0.75,1275,2,2,2,2,1.0453616326388784,1
0.75,1276,2,2,2,2,1.2390530335818464,1
0.75,1277,2,2,2,2,1.608888691273498,1
0.75,1278,2,2,2,2,1.357772808917363,1
0.75,1279,2,2,2,2,1.6526487735244466,1
0.75,1280,2,2,2,2,2.2247460955960396,1
0.75,1281,2,2,2,2,1.4147938780278424,1
0.75,1282,2,2,2,2,1.6805858359325598,1
0.75,1283,2,2,2,2,1.7178878532667299,1
0.75,1284,2,2,2,2,1.355738457600741,1
0.75,1285,2,2,2,2,0.6263743284810414,1
0.75,1286,2,2,2,2,2.698689614332958,0
0.75,1287,2,2,2,2,1.6715224879396504,1
0.75,1288,2,2,2,2,1.6183458702437505,1
0.75,1289,2,2,2,2,2.4611965897053576,0
0.75,1290,2,2,2,2,2.122163840014764,1
0.75,1291,2,2,2,2,1.630643196383462,1
0.75,1292,2,2,2,2,2.703531095444829,0
0.75,1293,2,2,2,2,2.7721994042892466,0
0.75,1294,2,2,2,2,2.0964779885613787,1
0.75,1295,2,2,2,2,2.387141587309195,1
0.75,1620,3,3,3,3,0.21840026044583916,1
0.75,1621,3,4,3,3,0.3056875822544084,1
0.75,1622,3,4,3,3,0.052569598048246124,1
0.75,1623,3,3,3,3,0.9228525893152973,1
0.75,1624,3,3,3,3,1.1918047432705898,1
0.75,1625,3,3,3,3,1.2440168163762706,1
0.75,1626,3,3,3,3,0.47651976286128284,1
0.75,1627,3,3,3,3,0.7042407136111973,1
0.75,1628,3,3,3,3,0.6875452932556317,1
0.75,1629,3,3,3,3,0.9584608170277069,1
0.75,1630,3,3,3,3,1.2012743231578518,1
0.75,1631,3,3,3,3,0.9167429265695686,1
0.75,1632,3,3,3,3,1.5340400299619554,1
0.75,1633,3,3,3,3,1.7371617831196917,1
0.75,1634,3,3,3,3,1.2447442884713595,1
0.75,1635,3,3,3,3,1.2374732355423483,1
0.75,1636,3,3,3,3,1.2695751465631055,1
0.75,1637,3,3,3,3,1.6641160128832029,1
0.75,1638,3,3,3,3,1.6026684853269009,1
0.75,1639,3,3,3,3,1.7111447762640362,1
0.75,1640,3,3,3,3,0.5415927580534055,1
0.75,1641,3,3,3,3,1.3040508107056525,1
0.75,1642,3,3,3,3,1.4444953007837413,1
0.75,1643,3,3,3,3,1.732792332639024,1
0.75,1644,3,3,3,3,1.5219486878748612,1
0.75,1645,3,3,3,3,1.6013705408673435,1
0.75,1646,3,3,3,3,1.2215862067752516,1
0.75,1647,3,3,3,3,1.6145472535227534,1
0.75,1648,3,3,3,3,1.6641320479726218,1
0.75,1649,3,3,3,3,1.9206166108018004,1
0.75,1650,3,3,3,3,1.819696469768966,1
0.75,1651,3,3,3,3,1.673280722147673,1
0.75,1652,3,3,3,3,1.342591238228831,1
0.75,1653,3,3,3,3,1.613628364057143,1
0.75,1654,3,3,3,3,1.5636807512966455,1
0.75,1655,3,3,3,3,1.8794138059621606,1
0.75,1656,3,3,3,3,1.5605579034647463,1
0.75,1657,3,3,3,3,1.2105311548134732,1
0.75,1658,3,3,3,3,1.3704685343912573,1
0.75,1659,3,3,3,3,2.051693820547966,1
0.75,1660,3,3,3,3,2.048458353673615,1
0.75,1661,3,3,3,3,1.7598194264886482,1
0.75,1662,3,3,3,3,1.8027103246742504,1
0.75,1663,3,3,3,3,1.9180545557874895,1
0.75,1664,3,3,3,3,0.8218861212183954,1
0.75,1665,3,3,3,3,0.9336292854430179,1
0.75,1666,3,3,3,3,1.8002101835866084,1
0.75,1667,3,3,3,3,1.7036492714988802,1
0.75,1668,3,3,3,3,0.8373210425551596,1
0.75,1669,3,3,3,3,0.2262145421160815,1
0.75,1670,3,3,3,3,1.0821064619990381,1
0.75,1671,3,3,3,3,1.9913378954799232,1
0.75,1672,3,3,3,3,1.4817844068564798,1
0.75,1673,3,3,3,3,1.5411041360910434,1
0.75,1674,3,3,3,3,1.444834595989851,1
0.75,1675,3,3,3,3,1.640403667257019,1
0.75,1676,3,3,3,3,0.6583741984242559,1
0.75,1677,3,3,3,3,1.205822809524371,1
0.75,1678,3,3,3,3,1.7199639472443313,1
0.75,1679,3,3,3,3,1.2636474478412327,1
0.75,1680,3,3,3,3,0.9631328284964747,1
0.75,1681,3,3,3,3,1.3902725465139403,1
0.75,1682,3,3,3,3,0.7129144832742009,1
0.75,1683,3,3,3,3,1.5532867468866296,1
0.75,1684,3,3,3,3,1.8225956372706533,1
0.75,1685,3,3,3,3,1.4730325170902856,1
0.75,1686,3,3,3,3,1.893970012592261,1
0.75,1687,3,3,3,3,1.5635528678271124,1
0.75,1688,3,3,3,3,0.9883255542900763,1
0.75,1689,3,3,3,3,0.9978258386383579,1
0.75,1690,3,3,3,3,1.1863840543449677,1
0.75,1691,3,3,3,3,1.6752213904373021,1
0.75,1692,3,3,3,3,1.230726396132554,1
0.75,1693,3,3,3,3,0.8994681668550997,1
0.75,1694,3,3,3,3,0.9833878387443524,1
0.75,1695,3,3,3,3,1.5252485341446476,1
0.75,1696,3,3,3,3,1.3279678102127976,1
0.75,1697,3,3,3,3,0.9988275935533775,1
0.75,1698,3,3,3,3,0.9798505075283689,1
0.75,1699,3,3,3,3,1.5491508010012682,1
0.75,1700,3,3,3,3,0.44860569873918377,1
0.75,1701,3,3,3,3,0.872509040834444,1
0.75,1702,3,3,3,3,1.8952670014326902,1
0.75,1703,3,3,3,3,0.9523062511281268,1
0.75,1704,3,3,3,3,0.5476568715456549,1
0.75,1705,3,3,3,3,0.7055909275715764,1
0.75,1706,3,3,3,3,0.00973151263167682,1
0.75,1707,3,3,3,3,2.1488809119930785,1
0.75,1708,3,3,3,3,0.9528541256427896,1
0.75,1709,3,3,3,3,0.8001183260382443,1
0.75,1710,3,3,3,3,1.2113771182059847,1
0.75,1711,3,3,3,3,1.371357091599216,1
0.75,1712,3,3,3,3,0.7817944821879272,1
0.75,1713,3,3,3,3,0.9519812410807011,1
0.75,1714,3,3,3,3,1.2085105897190878,1
0.75,1715,3,3,3,3,1.5512080087550615,1
0.75,1716,3,3,3,3,0.45907732978411964,1
0.75,1717,3,3,3,3,0.6169542201052963,1
0.75,1718,3,3,3,3,0.313600300688857,1
0.75,1719,3,3,3,3,0.7905444359059008,1
0.75,1720,3,3,3,3,0.9371990583014547,1
0.75,1721,3,3,3,3,1.3339022882344143,1
0.75,1722,3,3,3,3,0.8237816323604807,1
0.75,1723,3,3,3,3,1.0420665586485371,1
0.75,1724,3,3,3,3,0.6780346031539445,1
0.75,1725,3,3,3,3,0.576089652176429,1
0.75,1726,3,3,3,3,1.194344707482091,1
0.75,1727,3,3,3,3,0.5725622432477825,1
0.75,2052,4,9,4,4,0.6615501404491198,1
0.75,2053,4,4,4,4,0.08624433258788222,1
0.75,2054,4,9,4,4,0.10302478863680864,1
0.75,2055,4,4,4,4,0.44822726900342014,1
0.75,2056,4,9,9,9,1.4881828349977129,1
0.75,2057,4,4,8,8,0.38436744661529665,1
0.75,2058,4,4,4,4,1.0309713621730694,1
0.75,2059,4,9,9,9,1.2915330351178018,1
0.75,2060,4,2,4,4,0.19971390265290684,1
0.75,2061,4,4,4,4,0.5676842070914785,1
0.75,2062,4,9,9,9,0.8978106541591044,1
0.75,2063,4,4,4,4,0.18429865609616314,1
0.75,2064,4,4,4,4,1.3426398950574037,1
0.75,2065,4,4,4,4,1.2077878014897128,1
0.75,2066,4,4,4,4,0.6546691086791476,1
0.75,2067,4,7,2,2,0.39006907850612216,1
0.75,2068,4,10,2,2,0.5035270431544694,1
0.75,2069,4,7,7,7,2.586214238131002,0
0.75,2070,4,7,4,4,1.278874522851868,1
0.75,2071,4,7,7,7,0.9026055760802065,1
0.75,2072,4,7,7,7,1.6642319998739086,1
0.75,2073,4,7,4,4,0.5975432005005117,1
0.75,2074,4,2,4,4,0.014408004484587511,1
0.75,2075,4,7,7,7,2.144386368103404,1
0.75,2076,4,4,4,4,0.70352345140739,1
0.75,2077,4,4,4,4,1.5217952611458525,1
0.75,2078,4,4,4,4,0.47424660179220574,1
0.75,2079,4,7,2,2,0.03142821244091232,1
0.75,2080,4,10,4,4,0.25788937229410747,1
0.75,2081,4,7,7,7,1.6945016980671945,1
0.75,2082,4,7,4,4,0.08204095748079104,1
0.75,2083,4,10,5,5,0.2870624213224945,1
0.75,2084,4,7,7,7,0.993689712552055,1
0.75,2085,4,7,4,4,0.13665536532916367,1
0.75,2086,4,10,4,4,0.0201723393281108,1
0.75,2087,4,7,7,7,1.6852415002761931,1
0.75,2088,4,4,4,4,1.4205121429706926,1
0.75,2089,4,4,4,4,2.0954309706377634,1
0.75,2090,4,4,4,4,0.5266088642099298,1
0.75,2091,4,2,4,4,0.17125347760166443,1
0.75,2092,4,2,2,2,0.6368533019117706,1
0.75,2093,4,7,7,7,1.2678443779689048,1
0.75,2094,4,4,4,4,0.1595286089203224,1
0.75,2095,4,2,2,2,0.1399145794132567,1
0.75,2096,4,7,7,7,0.9232969326834866,1
0.75,2097,4,2,4,4,0.0971150087504099,1
0.75,2098,4,2,4,4,0.8627708777878816,1
0.75,2099,4,7,7,7,0.919599768540884,1
0.75,2100,4,4,4,4,1.0647106085086397,1
0.75,2101,4,4,4,4,2.0874146824255444,1
0.75,2102,4,4,4,4,0.5775326075683154,1
0.75,2103,4,2,4,4,0.3009811389827016,1
0.75,2104,4,2,2,2,1.3685514596204333,1
0.75,2105,4,7,7,7,0.5473357510159107,1
0.75,2106,4,4,4,4,0.008203711676923464,1
0.75,2107,4,2,2,2,0.7248317141276843,1
0.75,2108,4,7,7,7,0.7736568677679272,1
0.75,2109,4,2,2,2,0.36644734358126185,1
0.75,2110,4,2,4,4,0.8397557376025844,1
0.75,2111,4,7,7,7,0.5278493585981094,1
0.75,2112,4,4,4,4,1.0362996447708839,1
0.75,2113,4,4,4,4,1.8024248642891625,1
0.75,2114,4,7,2,2,0.1432237311051161,1
0.75,2115,4,2,2,2,0.226067803857816,1
0.75,2116,4,2,2,2,1.3316681276090192,1
0.75,2117,4,7,10,10,0.7513284877209264,1
0.75,2118,4,2,4,4,0.14730201269490883,1
0.75,2119,4,2,2,2,0.9061430058350691,1
0.75,2120,4,7,7,7,0.8844722350808742,1
0.75,2121,4,2,2,2,1.1190905403046423,1
0.75,2122,4,2,2,2,0.8776556782709708,1
0.75,2123,4,7,4,4,1.374024524779083,1
0.75,2124,4,7,4,4,0.20646046101321724,1
0.75,2125,4,4,4,4,0.5203068345922807,1
0.75,2126,4,7,4,4,0.4936718601768506,1
0.75,2127,4,2,2,2,1.0785472842436836,1
0.75,2128,4,2,9,9,1.5620973447379185,1
0.75,2129,4,7,7,7,1.2792679862780236,1
0.75,2130,4,2,4,4,0.7863519161272577,1
0.75,2131,4,2,2,2,1.4763494392223273,1
0.75,2132,4,7,4,4,0.8843905071781514,1
0.75,2133,4,2,2,2,0.8971017234381086,1
0.75,2134,4,2,2,2,1.2695159610185867,1
0.75,2135,4,7,4,4,1.3936723890574125,1
0.75,2136,4,7,4,4,0.09798557954814857,1
0.75,2137,4,9,4,4,0.10588394217348562,1
0.75,2138,4,7,4,4,0.5087593291070818,1
0.75,2139,4,2,2,2,0.8469567735352159,1
0.75,2140,4,2,9,9,1.7038088436246475,1
0.75,2141,4,7,2,2,1.4501631152007644,1
0.75,2142,4,2,2,2,0.5534650268025381,1
0.75,2143,4,2,2,2,0.3416636354699688,1
0.75,2144,4,4,4,4,0.33298426820187166,1
0.75,2145,4,2,2,2,0.66278999551515,1
0.75,2146,4,2,2,2,0.32759779494137686,1
0.75,2147,4,7,2,2,1.1780937569080852,1
0.75,2148,4,9,4,4,0.5471698200945321,1
0.75,2149,4,9,2,2,0.4991331275868841,1
0.75,2150,4,7,4,4,0.3829546692608822,1
0.75,2151,4,2,2,2,0.5704146228214887,1
0.75,2152,4,2,9,9,1.4396764558683364,1
0.75,2153,4,4,2,2,0.46569672537724516,1
0.75,2154,4,2,2,2,0.723710891179837,1
0.75,2155,4,2,2,2,0.29080813122377047,1
0.75,2156,4,4,2,2,0.04351126620940865,1
0.75,2157,4,2,2,2,0.7894041862130409,1
0.75,2158,4,4,2,2,0.06156560989323434,1
0.75,2159,4,2,2,2,0.047733268934212925,1
0.75,2484,5,5,5,5,0.7110383364026639,1
0.75,2485,5,5,5,5,0.43621943909278305,1
0.75,2486,5,5,5,5,0.9915787010987518,1
0.75,2487,5,5,5,5,1.4097064084253668,1
0.75,2488,5,5,5,5,1.4468501804179783,1
0.75,2489,5,5,5,5,0.8088264611712608,1
0.75,2490,5,5,3,3,0.6292421383930205,1
0.75,2491,5,5,5,5,1.619071246551605,1
0.75,2492,5,5,5,5,1.7879800318576473,1
0.75,2493,5,5,5,5,1.2081073587472093,1
0.75,2494,5,5,5,5,1.502987950146323,1
0.75,2495,5,5,5,5,1.0937257408059418,1
0.75,2496,5,5,5,5,0.9089697160670749,1
0.75,2497,5,5,5,5,0.9632853632117083,1
0.75,2498,5,5,5,5,1.143822533383203,1
0.75,2499,5,1,5,5,0.11641186582884688,1
0.75,2500,5,5,5,5,1.14386611929746,1
0.75,2501,5,5,5,5,0.26640783714098637,1
0.75,2502,5,5,5,5,0.4786130107178499,1
0.75,2503,5,5,5,5,0.6367387358770382,1
0.75,2504,5,5,5,5,0.7548721421914902,1
0.75,2505,5,5,5,5,0.4399981300380864,1
0.75,2506,5,5,5,5,0.4541478017838315,1
0.75,2507,5,5,5,5,0.27391093988514914,1
0.75,2508,5,5,5,5,0.9002086828941711,1
0.75,2509,5,5,5,5,0.824950583163645,1
0.75,2510,5,5,5,5,0.4295103461239771,1
0.75,2511,5,1,5,5,1.115984255781092,1
0.75,2512,5,5,5,5,0.32902629040439413,1
0.75,2513,5,5,5,5,0.8313993460380483,1
0.75,2514,5,1,5,5,0.4341565601534664,1
0.75,2515,5,5,5,5,0.04971822572859941,1
0.75,2516,5,1,5,5,0.5891191882069696,1
0.75,2517,5,1,5,5,0.33819283812357215,1
0.75,2518,5,3,5,5,0.26237487198085463,1
0.75,2519,5,5,5,5,0.5374310812165536,1
0.75,2520,5,5,5,5,0.4317133952119091,1
0.75,2521,5,5,5,5,0.6741156494444105,1
0.75,2522,5,5,5,5,0.033933279105072545,1
0.75,2523,5,5,5,5,0.21087478632575252,1
0.75,2524,5,5,5,5,0.6311567109782996,1
0.75,2525,5,5,5,5,0.45069549254772934,1
0.75,2526,5,5,5,5,0.38391747423935163,1
0.75,2527,5,5,5,5,0.12907300390661636,1
0.75,2528,5,1,5,5,0.31573051554815834,1
0.75,2529,5,5,5,5,0.2529467042502638,1
0.75,2530,5,5,5,5,0.0723556385416626,1
0.75,2531,5,1,5,5,0.5728150655018448,1
0.75,2532,5,5,5,5,0.8214247853373378,1
0.75,2533,5,5,5,5,0.47985637859370434,1
0.75,2534,5,5,5,5,0.35043833537770197,1
0.75,2535,5,5,5,5,0.568436231885177,1
0.75,2536,5,5,5,5,0.7791390799554598,1
0.75,2537,5,5,5,5,0.33959822662463257,1
0.75,2538,5,1,5,5,0.2121320274163896,1
0.75,2539,5,5,5,5,0.8219794563702973,1
0.75,2540,5,1,5,5,0.16550323730966532,1
0.75,2541,5,1,5,5,0.03558353568450001,1
0.75,2542,5,3,5,5,0.30745473583746064,1
0.75,2543,5,5,5,5,0.4531712700771734,1
0.75,2544,5,5,5,5,0.5202639903665829,1
0.75,2545,5,5,5,5,0.5833836673820811,1
0.75,2546,5,5,5,5,0.6020196130270365,1
0.75,2547,5,5,5,5,0.588855825896601,1
0.75,2548,5,5,5,5,1.5568269072868837,1
0.75,2549,5,5,5,5,0.6779855742694709,1
0.75,2550,5,5,5,5,1.641374611820868,1
0.75,2551,5,5,5,5,1.453833931530724,1
0.75,2552,5,1,5,5,0.43912594174158237,1
0.75,2553,5,5,5,5,0.8047115407714833,1
0.75,2554,5,5,5,5,0.1580949092583157,1
0.75,2555,5,5,5,5,0.07957275182875923,1
0.75,2556,5,5,5,5,0.9100206126357683,1
0.75,2557,5,5,5,5,0.3856386936485652,1
0.75,2558,5,5,5,5,1.013078790704442,1
0.75,2559,5,5,5,5,1.7899768294142944,1
0.75,2560,5,5,5,5,2.051453367147373,1
0.75,2561,5,5,5,5,0.3669617773104208,1
0.75,2562,5,5,5,5,2.4624621056029254,0
0.75,2563,5,5,5,5,1.8066946843271667,1
0.75,2564,5,5,5,5,0.07495810945993808,1
0.75,2565,5,5,5,5,1.462581395560218,1
0.75,2566,5,5,5,5,0.811961425665477,1
0.75,2567,5,5,5,5,0.2918333182300421,1
0.75,2568,5,5,5,5,0.6683055101604003,1
0.75,2569,5,5,5,5,0.26278365901871775,1
0.75,2570,5,5,5,5,0.9504139270997886,1
0.75,2571,5,5,5,5,1.7308904124661406,1
0.75,2572,5,5,5,5,2.2637479961139064,1
0.75,2573,5,5,5,5,0.728343924204316,1
0.75,2574,5,5,5,5,2.6505967065390696,0
0.75,2575,5,5,5,5,2.1902137392563303,1
0.75,2576,5,5,5,5,1.0083671742748304,1
0.75,2577,5,5,5,5,2.282204427750831,1
0.75,2578,5,5,5,5,2.3081208531222606,1
0.75,2579,5,5,5,5,1.2904624582984658,1
0.75,2580,5,5,5,5,1.3601226393860437,1
0.75,2581,5,5,5,5,0.4768984324106479,1
0.75,2582,5,5,5,5,0.7456543944295569,1
0.75,2583,5,5,5,5,2.3539334333880557,1
0.75,2584,5,5,5,5,2.127401036545476,1
0.75,2585,5,5,5,5,0.7334109467493637,1
0.75,2586,5,5,5,5,2.5760356919456306,0
0.75,2587,5,5,5,5,1.7966395047662773,1
0.75,2588,5,5,5,5,2.106217648695724,1
0.75,2589,5,5,5,5,2.6432097138481367,0
0.75,2590,5,5,5,5,1.590791525984236,1
0.75,2591,5,5,5,5,1.9041243566017636,1
0.75,2916,6,6,6,6,1.3779433502788945,1
0.75,2917,6,6,6,6,1.3339872571252827,1
0.75,2918,6,6,6,6,1.3305961210536785,1
0.75,2919,6,6,6,6,0.7585411725402443,1
0.75,2920,6,6,6,6,0.9038559535737554,1
0.75,2921,6,6,6,6,0.9818917470391406,1
0.75,2922,6,6,6,6,2.1578384191638853,1
0.75,2923,6,6,6,6,1.0845644342710565,1
0.75,2924,6,6,6,6,1.010445354268571,1
0.75,2925,6,6,6,6,0.7446892294346208,1
0.75,2926,6,6,6,6,1.0786495193528518,1
0.75,2927,6,6,6,6,0.901510989272665,1
0.75,2928,6,6,6,6,0.3999680276003223,1
0.75,2929,6,6,6,6,0.9278024971324881,1
0.75,2930,6,6,6,6,1.8472987619723065,1
0.75,2931,6,6,6,6,0.4475655222540063,1
0.75,2932,6,6,6,6,0.29316197510282976,1
0.75,2933,6,6,6,6,0.6556484356534903,1
0.75,2934,6,6,6,6,1.0983393537664763,1
0.75,2935,6,6,6,6,0.8639247723006672,1
0.75,2936,6,6,6,6,0.34742600295168785,1
0.75,2937,6,6,6,6,1.4939766727431465,1
0.75,2938,6,6,6,6,2.1288426776271416,1
0.75,2939,6,6,6,6,1.8704872497622187,1
0.75,2940,6,6,6,6,1.3791950244119788,1
0.75,2941,6,6,6,6,1.5801507321540829,1
0.75,2942,6,6,6,6,1.9053851360091725,1
0.75,2943,6,6,6,6,1.2009799867376987,1
0.75,2944,6,6,6,6,1.203358140169454,1
0.75,2945,6,6,6,6,1.552669777771048,1
0.75,2946,6,6,6,6,1.7931365804206336,1
0.75,2947,6,6,6,6,0.34766262657813846,1
0.75,2948,6,6,6,6,1.8507646091229053,1
0.75,2949,6,6,6,6,1.650360189337789,1
0.75,2950,6,6,6,6,1.2653100646404118,1
0.75,2951,6,6,6,6,1.4887251347906505,1
0.75,2952,6,6,6,6,1.3267016323304404,1
0.75,2953,6,6,6,6,1.5910220075501385,1
0.75,2954,6,6,6,6,1.2935775250128707,1
0.75,2955,6,6,6,6,1.2521984715968988,1
0.75,2956,6,6,6,6,1.1084825352681957,1
0.75,2957,6,6,6,6,1.2611604090329207,1
0.75,2958,6,6,6,6,1.761748981722628,1
0.75,2959,6,6,6,6,1.5162672106049264,1
0.75,2960,6,6,6,6,1.33677453556618,1
0.75,2961,6,6,6,6,1.5826857386223978,1
0.75,2962,6,6,6,6,1.0604310359368987,1
0.75,2963,6,6,6,6,1.6394589676429014,1
0.75,2964,6,6,6,6,0.8320409962332457,1
0.75,2965,6,6,6,6,1.5867894646581937,1
0.75,2966,6,6,6,6,1.613937391086858,1
0.75,2967,6,6,6,6,1.269560137271896,1
0.75,2968,6,6,6,6,0.7679070794268239,1
0.75,2969,6,6,6,6,1.3369765482723726,1
0.75,2970,6,6,6,6,1.0830072087677645,1
0.75,2971,6,6,6,6,2.3815659046163313,1
0.75,2972,6,6,6,6,1.2909937713638993,1
0.75,2973,6,6,6,6,1.8383401589291102,1
0.75,2974,6,6,6,6,1.7929277679773503,1
0.75,2975,6,6,6,6,1.892444686580012,1
0.75,2976,6,6,6,6,1.645714174699937,1
0.75,2977,6,6,6,6,1.7438694769380554,1
0.75,2978,6,6,6,6,1.921104348115756,1
0.75,2979,6,6,6,6,1.5664207120707683,1
0.75,2980,6,6,6,6,1.6044424671472304,1
0.75,2981,6,6,6,6,1.6144995195668936,1
0.75,2982,6,6,6,6,1.7117301199745882,1
0.75,2983,6,6,6,6,1.4762482367027605,1
0.75,2984,6,6,6,6,1.7178073070939068,1
0.75,2985,6,6,6,6,1.6298249911134561,1
0.75,2986,6,6,6,6,1.5289920894399476,1
0.75,2987,6,6,6,6,1.7059955050101738,1
0.75,2988,6,6,6,6,1.4608862520642396,1
0.75,2989,6,6,6,6,1.2719118508539287,1
0.75,2990,6,6,6,6,2.0441268076411303,1
0.75,2991,6,6,6,6,1.299858570394336,1
0.75,2992,6,6,6,6,1.7057000507209963,1
0.75,2993,6,6,6,6,1.5234564366200412,1
0.75,2994,6,6,6,6,1.6327340268525312,1
0.75,2995,6,6,6,6,1.8484181328354343,1
0.75,2996,6,6,6,6,2.0364203982746547,1
0.75,2997,6,6,6,6,1.7878784211887122,1
0.75,2998,6,6,6,6,1.7647722862216715,1
0.75,2999,6,6,6,6,1.0347768083180622,1
0.75,3000,6,6,6,6,1.4407825647922854,1
0.75,3001,6,6,6,6,1.4348520984727853,1
0.75,3002,6,6,6,6,1.4156513761946294,1
0.75,3003,6,6,6,6,1.7437166573678429,1
0.75,3004,6,6,6,6,1.1312029770850895,1
0.75,3005,6,6,6,6,1.4172436348368023,1
0.75,3006,6,6,6,6,1.687796065982578,1
0.75,3007,6,6,6,6,1.0824130029348535,1
0.75,3008,6,6,6,6,1.6157102096402896,1
0.75,3009,6,6,6,6,1.5571220991682266,1
0.75,3010,6,6,6,6,1.5058900934721404,1
0.75,3011,6,6,6,6,1.4376890289909614,1
0.75,3012,6,6,6,6,1.876181861468588,1
0.75,3013,6,6,6,6,1.771221985133054,1
0.75,3014,6,6,6,6,1.3900364077317515,1
0.75,3015,6,6,6,6,0.946257379321371,1
0.75,3016,6,6,6,6,0.969771881418424,1
0.75,3017,6,6,6,6,1.4985666774539839,1
0.75,3018,6,6,6,6,1.0706069241647733,1
0.75,3019,6,6,6,6,1.6613634402633208,1
0.75,3020,6,6,6,6,1.5074439328624551,1
0.75,3021,6,6,6,6,2.0535791932002962,1
0.75,3022,6,6,6,6,1.6136997341210078,1
0.75,3023,6,6,6,6,1.5119218746252516,1
0.75,3348,7,7,2,2,0.44313442960901606,1
0.75,3349,7,7,7,7,0.25164154639588965,1
0.75,3350,7,7,7,7,0.7829241644525635,1
0.75,3351,7,7,2,2,0.5955913288053182,1
0.75,3352,7,7,2,2,0.26265108123353276,1
0.75,3353,7,2,2,2,0.16941929465149141,1
0.75,3354,7,7,4,4,0.6620939731921012,1
0.75,3355,7,7,7,7,0.9489558591444689,1
0.75,3356,7,7,2,2,0.8331473194234167,1
0.75,3357,7,7,2,2,0.6980581274356752,1
0.75,3358,7,9,2,2,0.36294974356953924,1
0.75,3359,7,7,7,7,0.6142831500606085,1
0.75,3360,7,4,4,4,1.307457095448279,1
0.75,3361,7,4,4,4,0.8828178701586904,1
0.75,3362,7,4,4,4,2.096211856341111,1
0.75,3363,7,7,7,7,2.824424205055397,0
0.75,3364,7,7,7,7,3.0164704782147718,0
0.75,3365,7,7,7,7,1.2138804511627699,1
0.75,3366,7,7,7,7,1.558306560896382,1
0.75,3367,7,7,7,7,2.466309164075242,0
0.75,3368,7,7,7,7,0.9147082550347088,1
0.75,3369,7,7,7,7,2.214724674931338,1
0.75,3370,7,7,7,7,2.3977070209562488,0
0.75,3371,7,7,7,7,1.508231177821113,1
0.75,3372,7,4,4,4,1.3717991090984099,1
0.75,3373,7,4,4,4,0.7892693356250589,1
0.75,3374,7,4,4,4,1.6026400800766758,1
0.75,3375,7,7,7,7,2.8686135851082053,0
0.75,3376,7,7,7,7,3.1040968078764957,0
0.75,3377,7,7,7,7,1.6797682544539432,1
0.75,3378,7,7,7,7,2.33559171195348,1
0.75,3379,7,7,7,7,2.0487955848306987,1
0.75,3380,7,7,7,7,1.3008058255824846,1
0.75,3381,7,7,7,7,2.7246623913464703,0
0.75,3382,7,7,7,7,2.804176728504115,0
0.75,3383,7,7,7,7,1.332757424868896,1
0.75,3384,7,7,4,4,0.18351678691942364,1
0.75,3385,7,7,4,4,0.12973659457962095,1
0.75,3386,7,4,4,4,0.5233238054337666,1
0.75,3387,7,7,7,7,2.252675133361283,1
0.75,3388,7,7,7,7,2.633889315606212,0
0.75,3389,7,7,7,7,2.4151084986256284,0
0.75,3390,7,7,7,7,2.3963138743027783,0
0.75,3391,7,7,7,7,1.5942032035567402,1
0.75,3392,7,7,7,7,2.2018792849470854,1
0.75,3393,7,7,7,7,2.4573982346602223,0
0.75,3394,7,7,7,7,2.2507250560633443,1
0.75,3395,7,7,7,7,2.338990543056503,1
0.75,3396,7,7,4,4,0.6059844786539195,1
0.75,3397,7,7,4,4,0.4102817487074151,1
0.75,3398,7,4,4,4,0.14091651736410227,1
0.75,3399,7,7,7,7,2.5248841163939604,0
0.75,3400,7,7,7,7,2.3299353999733583,1
0.75,3401,7,7,7,7,2.22324165839343,1
0.75,3402,7,7,4,4,2.1740809701299986,1
0.75,3403,7,7,7,7,1.2983482743647778,1
0.75,3404,7,7,7,7,2.3320500423334187,1
0.75,3405,7,7,7,7,2.2305994531504383,1
0.75,3406,7,7,7,7,2.218680062271873,1
0.75,3407,7,7,7,7,2.1482166923846133,1
0.75,3408,7,4,4,4,0.5688379353692907,1
0.75,3409,7,4,4,4,0.18160347465118032,1
0.75,3410,7,4,4,4,0.40034264286507026,1
0.75,3411,7,7,7,7,2.1224205394790623,1
0.75,3412,7,7,7,7,1.859261087686206,1
0.75,3413,7,7,4,4,2.2179153150008175,1
0.75,3414,7,7,4,4,2.020230068972099,1
0.75,3415,7,7,7,7,0.9630895621662896,1
0.75,3416,7,7,7,7,2.102314003464939,1
0.75,3417,7,7,7,7,1.9223299144615684,1
0.75,3418,7,7,7,7,1.6732341169580984,1
0.75,3419,7,7,7,7,1.9187984604692354,1
0.75,3420,7,4,4,4,0.48624045592094234,1
0.75,3421,7,4,4,4,0.4133389157746803,1
0.75,3422,7,4,4,4,0.34971517850062783,1
0.75,3423,7,7,7,7,1.6829592275443441,1
0.75,3424,7,7,7,7,0.9111424950203384,1
0.75,3425,7,7,4,4,1.8095607220765615,1
0.75,3426,7,7,7,7,0.9134936420176233,1
0.75,3427,7,7,7,7,0.004088885503184425,1
0.75,3428,7,7,7,7,1.2019912799246733,1
0.75,3429,7,7,4,4,1.4199341766981317,1
0.75,3430,7,7,7,7,1.141731752910732,1
0.75,3431,7,7,7,7,1.1448129086243182,1
0.75,3432,7,4,4,4,0.6623019207926422,1
0.75,3433,7,4,4,4,0.9111182334154078,1
0.75,3434,7,4,4,4,0.14408036188942663,1
0.75,3435,7,7,7,7,1.3948632162647008,1
0.75,3436,7,7,7,7,0.6862268749735834,1
0.75,3437,7,7,7,7,0.6871631128482458,1
0.75,3438,7,7,4,4,0.04130258363769257,1
0.75,3439,7,4,2,2,0.4162484271706033,1
0.75,3440,7,7,7,7,1.1605680882668588,1
0.75,3441,7,7,4,4,0.8351275186185835,1
0.75,3442,7,7,7,7,0.8069223368970443,1
0.75,3443,7,7,7,7,0.8223371453410009,1
0.75,3444,7,7,2,2,0.31075781156661497,1
0.75,3445,7,4,2,2,0.20192685661317045,1
0.75,3446,7,7,4,4,0.6011762132447274,1
0.75,3447,7,7,4,4,0.7804878188646498,1
0.75,3448,7,7,4,4,0.43192572002631524,1
0.75,3449,7,7,7,7,0.2613154470284301,1
0.75,3450,7,7,4,4,0.34275859096872385,1
0.75,3451,7,7,2,2,0.2078590779382279,1
0.75,3452,7,7,7,7,0.8815102282931935,1
0.75,3453,7,7,4,4,0.9942962110578586,1
0.75,3454,7,7,4,4,0.8445864260165521,1
0.75,3455,7,7,4,4,0.5197635615580198,1
0.75,3780,8,8,8,8,1.174549468370891,1
0.75,3781,8,8,8,8,1.3407740685764344,1
0.75,3782,8,8,8,8,1.86496544982378,1
0.75,3783,8,8,8,8,2.2507936712919125,1
0.75,3784,8,8,8,8,1.4395303369662893,1
0.75,3785,8,8,8,8,2.2057971016241473,1
0.75,3786,8,8,8,8,1.2927219656794242,1
0.75,3787,8,8,8,8,1.4294807796533822,1
0.75,3788,8,8,8,8,2.0422484902270908,1
0.75,3789,8,8,8,8,1.5287267000147078,1
0.75,3790,8,8,8,8,1.8585453537163161,1
0.75,3791,8,8,8,8,2.0368762651454375,1
0.75,3792,8,8,8,8,1.4280572143077088,1
0.75,3793,8,8,8,8,1.5723472087402337,1
0.75,3794,8,8,8,8,1.0431162616964267,1
0.75,3795,8,8,8,8,2.425506545147197,0
0.75,3796,8,8,8,8,2.3624443582882773,1
0.75,3797,8,8,8,8,2.838585330861836,0
0.75,3798,8,8,8,8,2.32719282351592,1
0.75,3799,8,8,8,8,2.678487190476524,0
0.75,3800,8,8,8,8,2.6530823866233244,0
0.75,3801,8,8,8,8,0.13111036578580043,1
0.75,3802,8,8,8,8,1.040725555438876,1
0.75,3803,8,8,8,8,1.822504725560813,1
0.75,3804,8,8,8,8,1.0186848486406572,1
0.75,3805,8,8,8,8,1.6812428911148967,1
0.75,3806,8,8,8,8,1.8431376604393495,1
0.75,3807,8,8,8,8,2.4195648733974027,0
0.75,3808,8,8,8,8,2.3051811065111485,1
0.75,3809,8,8,8,8,2.2340213362436834,1
0.75,3810,8,8,8,8,1.8000968476546042,1
0.75,3811,8,8,8,8,2.3057420497514935,1
0.75,3812,8,8,8,8,1.976971697724142,1
0.75,3813,8,8,8,8,2.1235526789497867,1
0.75,3814,8,8,8,8,2.195604649412649,1
0.75,3815,8,8,8,8,2.4763983363812785,0
0.75,3816,8,8,8,8,1.1776246245751045,1
0.75,3817,8,8,8,8,1.8014249435207457,1
0.75,3818,8,8,8,8,0.7182728603521412,1
0.75,3819,8,8,8,8,2.5009105893348185,0
0.75,3820,8,8,8,8,2.253883248832315,1
0.75,3821,8,8,8,8,2.3965512934038182,0
0.75,3822,8,8,8,8,1.9294129229976777,1
0.75,3823,8,8,8,8,2.631611892943689,0
0.75,3824,8,8,8,8,1.982171370594406,1
0.75,3825,8,8,8,8,2.0031598851932295,1
0.75,3826,8,8,8,8,2.3520684771364584,1
0.75,3827,8,8,8,8,2.460608517171586,0
0.75,3828,8,8,8,8,1.491744637185239,1
0.75,3829,8,8,8,8,1.6058669825080942,1
0.75,3830,8,8,8,8,1.758106727463985,1
0.75,3831,8,8,8,8,2.4439128889187414,0
0.75,3832,8,8,8,8,2.0402893512541755,1
0.75,3833,8,8,8,8,2.4801195390305337,0
0.75,3834,8,8,8,8,1.842231921748979,1
0.75,3835,8,8,8,8,2.2956722042359217,1
0.75,3836,8,8,8,8,1.865807229037713,1
0.75,3837,8,8,8,8,2.020932763091392,1
0.75,3838,8,8,8,8,2.3842056725709426,1
0.75,3839,8,8,8,8,2.452028735527437,0
0.75,3840,8,8,8,8,1.4154455874009426,1
0.75,3841,8,8,8,8,1.6407323725236183,1
0.75,3842,8,8,8,8,1.2175311744087784,1
0.75,3843,8,8,8,8,2.0700287508563484,1
0.75,3844,8,8,8,8,2.1065720358652387,1
0.75,3845,8,8,8,8,2.217631047186111,1
0.75,3846,8,8,8,8,2.2365182746581183,1
0.75,3847,8,8,8,8,1.7784463835371564,1
0.75,3848,8,8,8,8,2.02708470180497,1
0.75,3849,8,8,8,8,2.2397514332339057,1
0.75,3850,8,8,8,8,2.325321116902996,1
0.75,3851,8,8,8,8,2.3626555123265933,1
0.75,3852,8,8,8,8,1.1921472864488722,1
0.75,3853,8,8,8,8,1.645394019547299,1
0.75,3854,8,8,8,8,1.5936667274327023,1
0.75,3855,8,8,8,8,2.0030653286141207,1
0.75,3856,8,8,8,8,1.8928811270724626,1
0.75,3857,8,8,8,8,2.415770180710703,0
0.75,3858,8,8,8,8,1.8292249416368807,1
0.75,3859,8,8,8,8,2.2718494037051795,1
0.75,3860,8,8,8,8,2.1130543883021633,1
0.75,3861,8,8,8,8,2.0477826085369855,1
0.75,3862,8,8,8,8,2.0497097985809623,1
0.75,3863,8,8,8,8,2.5411755816640857,0
0.75,3864,8,8,8,8,1.5294413415525754,1
0.75,3865,8,8,8,8,2.187320094060584,1
0.75,3866,8,8,8,8,1.8623683467989103,1
0.75,3867,8,8,8,8,2.2819428927290994,1
0.75,3868,8,8,8,8,1.813416104057449,1
0.75,3869,8,8,8,8,2.1673777698487857,1
0.75,3870,8,8,8,8,1.8569286258148416,1
0.75,3871,8,8,8,8,2.495561237635838,0
0.75,3872,8,8,8,8,2.3513499926014934,1
0.75,3873,8,8,8,8,1.9905916165338968,1
0.75,3874,8,8,8,8,2.0098401916558686,1
0.75,3875,8,8,8,8,2.3581778464886303,1
0.75,3876,8,8,8,8,1.4700824546830629,1
0.75,3877,8,8,8,8,1.8303103276065142,1
0.75,3878,8,8,8,8,1.557089929012728,1
0.75,3879,8,8,8,8,2.1544750743842704,1
0.75,3880,8,8,8,8,2.0298006416253607,1
0.75,3881,8,8,8,8,2.080463451290921,1
0.75,3882,8,8,8,8,1.8513873933289315,1
0.75,3883,8,8,8,8,1.9821899028998677,1
0.75,3884,8,8,8,8,2.2056328484995857,1
0.75,3885,8,8,8,8,1.9016329951935105,1
0.75,3886,8,8,8,8,2.2453349398565905,1
0.75,3887,8,8,8,8,2.1367231426665327,1
0.75,4212,9,9,9,9,2.3458773302838054,1
0.75,4213,9,9,9,9,2.2540408812797756,1
0.75,4214,9,9,9,9,2.7154306459716695,0
0.75,4215,9,9,9,9,2.3505840315239217,1
0.75,4216,9,9,9,9,2.6118526189121876,0
0.75,4217,9,9,9,9,2.4392051960037273,0
0.75,4218,9,9,9,9,2.2230833333719797,1
0.75,4219,9,9,9,9,2.420018992623504,0
0.75,4220,9,9,9,9,2.3754987441880817,1
0.75,4221,9,9,9,9,2.4954605046984355,0
0.75,4222,9,9,9,9,2.2786136363539775,1
0.75,4223,9,9,9,9,2.392108156625719,0
0.75,4224,9,9,9,9,1.6381855928964195,1
0.75,4225,9,9,9,9,1.9081015744926226,1
0.75,4226,9,9,9,9,1.9783640071943989,1
0.75,4227,9,9,9,9,1.9783188023709362,1
0.75,4228,9,9,9,9,1.5767514715001698,1
0.75,4229,9,9,9,9,0.39550727136963215,1
0.75,4230,9,9,9,9,1.7324494744926808,1
0.75,4231,9,9,9,9,1.445777166544896,1
0.75,4232,9,9,9,9,0.38009434171992673,1
0.75,4233,9,9,2,2,1.1366823678465514,1
0.75,4234,9,9,9,9,0.7195353242052062,1
0.75,4235,9,9,9,9,0.7095889060731644,1
0.75,4236,9,9,9,9,2.291147154716043,1
0.75,4237,9,9,9,9,0.9408073266904362,1
0.75,4238,9,9,9,9,2.394000090859852,0
0.75,4239,9,9,9,9,0.6518759186902846,1
0.75,4240,9,9,9,9,0.701987776530867,1
0.75,4241,9,9,9,9,1.2883723856886617,1
0.75,4242,9,9,9,9,1.5870587727069003,1
0.75,4243,9,9,9,9,1.2689860929123626,1
0.75,4244,9,9,9,9,1.0387331803880424,1
0.75,4245,9,9,9,9,2.4854606382069946,0
0.75,4246,9,9,9,9,1.6699222482768068,1
0.75,4247,9,9,9,9,2.4733387155419857,0
0.75,4248,9,9,9,9,2.702666205769006,0
0.75,4249,9,9,9,9,2.112538217996588,1
0.75,4250,9,9,9,9,2.546900637970465,0
0.75,4251,9,9,9,9,0.3890993629257501,1
0.75,4252,9,9,9,9,0.48408771249236504,1
0.75,4253,9,9,9,9,0.7804018935243551,1
0.75,4254,9,9,9,9,2.412392539702266,0
0.75,4255,9,9,8,8,0.11229383886591682,1
0.75,4256,9,9,9,9,2.110333853208589,1
0.75,4257,9,9,9,9,2.4827407737050353,0
0.75,4258,9,9,9,9,0.9916080929515533,1
0.75,4259,9,9,9,9,2.965658109664896,0
0.75,4260,9,9,9,9,1.8616067330640838,1
0.75,4261,9,9,9,9,1.5424001462982704,1
0.75,4262,9,9,9,9,1.0258472176216824,1
0.75,4263,9,9,9,9,2.5112522014981042,0
0.75,4264,9,9,9,9,2.48284238852845,0
0.75,4265,9,9,9,9,0.9906165771123366,1
0.75,4266,9,9,9,9,2.380156750612352,1
0.75,4267,9,9,9,9,1.364329983197713,1
0.75,4268,9,9,9,9,0.7533670402983871,1
0.75,4269,9,9,9,9,1.0551497862289954,1
0.75,4270,9,9,9,9,0.5652315058174141,1
0.75,4271,9,9,9,9,0.076683202013347,1
0.75,4272,9,9,2,2,1.352843608458667,1
0.75,4273,9,9,9,9,2.3329463722964965,1
0.75,4274,9,9,9,9,1.1309185976380136,1
0.75,4275,9,9,9,9,1.0583453560438936,1
0.75,4276,9,9,9,9,1.4557018193490219,1
0.75,4277,9,9,9,9,1.4187195326779283,1
0.75,4278,9,9,9,9,2.214046573989464,1
0.75,4279,9,9,9,9,2.1874999805783135,1
0.75,4280,9,9,9,9,1.8360769420234795,1
0.75,4281,9,9,9,9,1.2123344916315832,1
0.75,4282,9,9,9,9,0.8293021879171197,1
0.75,4283,9,9,9,9,0.15385296057181486,1
0.75,4284,9,9,9,9,0.8864836639001688,1
0.75,4285,9,9,9,9,1.5153084019301546,1
0.75,4286,9,9,9,9,1.086081533364816,1
0.75,4287,9,9,9,9,2.4707620928447156,0
0.75,4288,9,9,9,9,0.9722087295414319,1
0.75,4289,9,9,9,9,0.8158615256537529,1
0.75,4290,9,9,9,9,2.3717379289879195,1
0.75,4291,9,9,9,9,0.8462747069402504,1
0.75,4292,9,9,9,9,0.9548639220866562,1
0.75,4293,9,9,9,9,1.1439368806037749,1
0.75,4294,9,9,9,9,0.884635377025851,1
0.75,4295,9,9,9,9,1.2199025635393848,1
0.75,4296,9,9,9,9,2.3804417714596493,1
0.75,4297,9,9,9,9,1.5691038719888697,1
0.75,4298,9,9,9,9,1.3485560086332433,1
0.75,4299,9,9,9,9,2.5429987036606554,0
0.75,4300,9,9,9,9,1.8153532575217683,1
0.75,4301,9,9,9,9,2.3842329759365812,1
0.75,4302,9,9,9,9,1.6111323693246598,1
0.75,4303,9,9,9,9,1.8047936123160881,1
0.75,4304,9,9,9,9,1.2271015008208952,1
0.75,4305,9,9,9,9,1.564952057830713,1
0.75,4306,9,9,9,9,1.4557498490768155,1
0.75,4307,9,9,9,9,0.8855921808929683,1
0.75,4308,9,9,9,9,2.6012430413354792,0
0.75,4309,9,9,9,9,1.9878722027786373,1
0.75,4310,9,9,9,9,1.957893795521839,1
0.75,4311,9,9,9,9,2.3199132851847537,1
0.75,4312,9,9,9,9,2.101674042681962,1
0.75,4313,9,9,9,9,2.037972476002244,1
0.75,4314,9,9,9,9,2.0324430250725944,1
0.75,4315,9,9,9,9,2.2028620071060114,1
0.75,4316,9,9,9,9,2.0342496535451127,1
0.75,4317,9,9,9,9,2.14523369371857,1
0.75,4318,9,9,9,9,2.014614046071841,1
0.75,4319,9,9,2,2,0.9617106948477679,1
0.75,4644,10,4,4,4,1.6539357270971298,1
0.75,4645,10,4,4,4,1.6167026360366488,1
0.75,4646,10,4,4,4,1.6196447947987802,1
0.75,4647,10,7,4,4,0.36338646084504567,1
0.75,4648,10,10,10,10,0.17626874854087504,1
0.75,4649,10,4,2,2,0.09012575133300693,1
0.75,4650,10,4,10,10,0.31790610238508865,1
0.75,4651,10,10,2,2,0.023952412456547667,1
0.75,4652,10,4,2,2,0.20329404427768588,1
0.75,4653,10,4,10,10,0.13567224651855203,1
0.75,4654,10,10,10,10,0.11492342663694294,1
0.75,4655,10,4,2,2,0.3515566551510845,1
0.75,4656,10,4,4,4,0.19960668036115192,1
0.75,4657,10,2,10,10,0.31863117099433547,1
0.75,4658,10,10,10,10,0.1766666244536369,1
0.75,4659,10,10,10,10,0.32720499049652896,1
0.75,4660,10,7,10,10,0.18418912935444193,1
0.75,4661,10,10,10,10,0.19534716642314898,1
0.75,4662,10,10,10,10,0.4556734243578281,1
0.75,4663,10,10,10,10,0.6504760904202205,1
0.75,4664,10,10,10,10,0.9339423563223183,1
0.75,4665,10,10,10,10,0.1089542767792312,1
0.75,4666,10,10,10,10,0.7374622546869981,1
0.75,4667,10,2,10,10,0.31863117099433547,1
0.75,4668,10,4,10,10,0.2237487793414321,1
0.75,4669,10,10,4,4,0.3559081899627411,1
0.75,4670,10,4,10,10,0.46274620356233165,1
0.75,4671,10,10,10,10,0.2896405476424848,1
0.75,4672,10,10,10,10,0.37762733640879764,1
0.75,4673,10,10,10,10,1.2190662483551096,1
0.75,4674,10,2,10,10,0.5241429486541621,1
0.75,4675,10,10,10,10,0.557990235581721,1
0.75,4676,10,10,10,10,1.063156648203416,1
0.75,4677,10,10,10,10,0.2310316885368512,1
0.75,4678,10,10,10,10,0.30754934975335735,1
0.75,4679,10,10,10,10,0.2903108631442992,1
0.75,4680,10,4,10,10,0.7038703319300895,1
0.75,4681,10,2,2,2,0.06860448110135564,1
0.75,4682,10,4,10,10,0.07458979012329103,1
0.75,4683,10,10,10,10,0.6264109503493116,1
0.75,4684,10,10,10,10,0.9671854430382919,1
0.75,4685,10,10,2,2,0.12722999041202654,1
0.75,4686,10,2,2,2,0.7066425238176562,1
0.75,4687,10,2,10,10,1.0838356876497697,1
0.75,4688,10,10,2,2,0.12894436270500342,1
0.75,4689,10,10,10,10,0.2106094174187061,1
0.75,4690,10,2,2,2,0.27894741258770495,1
0.75,4691,10,4,10,10,1.3181154133475563,1
0.75,4692,10,2,10,10,0.0159306654437954,1
0.75,4693,10,10,10,10,0.2479021639181902,1
0.75,4694,10,4,10,10,1.1669513182124238,1
0.75,4695,10,10,10,10,0.8775407623693116,1
0.75,4696,10,10,2,2,0.8657128001935337,1
0.75,4697,10,10,10,10,0.8702914222891794,1
0.75,4698,10,2,10,10,0.22677299258907724,1
0.75,4699,10,10,10,10,0.13708394670736523,1
0.75,4700,10,10,10,10,0.5338834583934918,1
0.75,4701,10,10,10,10,0.7325469376543754,1
0.75,4702,10,4,10,10,1.130574293683388,1
0.75,4703,10,4,4,4,0.6365860660084792,1
0.75,4704,10,4,10,10,1.2926695548623885,1
0.75,4705,10,4,2,2,0.68160302924584,1
0.75,4706,10,4,10,10,0.9277211209641162,1
0.75,4707,10,10,10,10,1.2365693947955312,1
0.75,4708,10,10,10,10,0.8687887058137449,1
0.75,4709,10,10,10,10,0.5999213946661812,1
0.75,4710,10,10,10,10,0.5226288174208245,1
0.75,4711,10,10,10,10,0.06835812102047789,1
0.75,4712,10,10,2,2,0.2377653599799957,1
0.75,4713,10,10,10,10,0.6375025380992051,1
0.75,4714,10,10,10,10,0.5155827295208919,1
0.75,4715,10,10,10,10,0.5683629965120252,1
0.75,4716,10,10,2,2,0.2663054448801962,1
0.75,4717,10,10,10,10,0.7312026575321805,1
0.75,4718,10,4,10,10,0.9230150183103658,1
0.75,4719,10,10,10,10,0.6177985808287346,1
0.75,4720,10,10,10,10,0.8669281782788897,1
0.75,4721,10,10,10,10,0.5466046028012836,1
0.75,4722,10,2,2,2,0.2882699349232799,1
0.75,4723,10,10,2,2,0.1927397766405189,1
0.75,4724,10,4,4,4,0.6667117681384116,1
0.75,4725,10,4,4,4,0.10125856143184608,1
0.75,4726,10,10,2,2,0.1695994480079307,1
0.75,4727,10,4,2,2,1.21437105331121,1
0.75,4728,10,4,2,2,0.734136281657771,1
0.75,4729,10,4,4,4,1.3327739744684184,1
0.75,4730,10,4,2,2,1.3117866477104845,1
0.75,4731,10,10,10,10,1.0215864523337248,1
0.75,4732,10,10,2,2,0.7766702402242691,1
0.75,4733,10,10,2,2,0.3259381916854309,1
0.75,4734,10,2,10,10,0.15643540517814825,1
0.75,4735,10,2,10,10,0.41748482390569497,1
0.75,4736,10,10,2,2,0.1274551539067964,1
0.75,4737,10,10,2,2,0.4332555877877675,1
0.75,4738,10,10,10,10,0.5184590470300462,1
0.75,4739,10,4,2,2,0.12765295701751683,1
0.75,4740,10,4,10,10,1.1258798493481081,1
0.75,4741,10,4,4,4,1.5750180388008888,1
0.75,4742,10,4,10,10,1.6709860244336803,1
0.75,4743,10,10,4,4,0.45453006208616076,1
0.75,4744,10,10,2,2,0.3156410259607656,1
0.75,4745,10,10,2,2,0.04505027670514439,1
0.75,4746,10,4,2,2,0.06421552422258608,1
0.75,4747,10,2,2,2,0.0631783849458431,1
0.75,4748,10,2,2,2,0.05286104527188212,1
0.75,4749,10,10,2,2,0.41201536406804906,1
0.75,4750,10,10,10,10,0.0614874635464665,1
0.75,4751,10,4,10,10,0.33062273487887617,1
