row_id,label,group,source_path,source_sha256,pixel_sha256,width,height,format,official_split,source_version
0,Alluvial_Soil,Alluvial_Soil:1,results/confirmatory/recovery/soil/staging/original/Alluvial_Soil/1.jpg,4ed9b4c226ee211738c29a187074b6dae93290e2b94b33457c68f3748165ba3b,a521176ea2bcc172db7cd3977eb12988263f72ef1173597940bb6b1b7e156eb4,1000,316,JPEG,NONE_DEFINED_BY_ARCHIVE,Kaggle ai4a-lab/comprehensive-soil-classification-datasets v1
1,Alluvial_Soil,Alluvial_Soil:10,results/confirmatory/recovery/soil/staging/original/Alluvial_Soil/10.jpg,f655434672603bfd45e205e5f86a9b1631d4a8af358959269fcf838b970d2310,474384d697803eb7829535eb3acd3f8f7f998b1bcf84011f8acd89598907ad2c,264,550,JPEG,NONE_DEFINED_BY_ARCHIVE,Kaggle ai4a-lab/comprehensive-soil-classification-datasets v1
2,Alluvial_Soil,Alluvial_Soil:100,results/confirmatory/recovery/soil/staging/original/Alluvial_Soil/100.jpg,af2d59e98c499c7f858bd30a675f9ac227368d8b2be4c087d665e8d75535c04e,1ae80a01ceb02b5e42a2b22fcbca2022309cfc2ccb7a8d8bf088048c432b55a5,961,667,JPEG,NONE_DEFINED_BY_ARCHIVE,Kaggle ai4a-lab/comprehensive-soil-classification-datasets v1
3,Alluvial_Soil,Alluvial_Soil:101,results/confirmatory/recovery/soil/staging/original/Alluvial_Soil/101.jpg,b05f3e2d99423da2b0435cf9c00d1663f55b59360e02b9c41b08f7af637cbdfc,57032527118dc9ae61babba4d07aaa651d35574939acc279c360a8f52868a8a9,626,417,JPEG,NONE_DEFINED_BY_ARCHIVE,Kaggle ai4a-lab/comprehensive-soil-classification-datasets v1
4,Alluvial_Soil,Alluvial_Soil:103,results/confirmatory/recovery/soil/staging/original/Alluvial_Soil/103.jpg,8d82739b8b2364f45d6478829b34a6ea39aa5e3dd9cc2e9b3deadc0267310d41,410e6180a3c6db481851508148a223a4166d8c7c64c06c8ce95526b46b5df314,1300,846,JPEG,NONE_DEFINED_BY_ARCHIVE,Kaggle ai4a-lab/comprehensive-soil-classification-datasets v1
5,Alluvial_Soil,Alluvial_Soil:104,results/confirmatory/recovery/soil/staging/original/Alluvial_Soil/104.jpg,c42e69a8f12fdee8df9e78925c9821ed1bdb30dade83f2850036c9897d4ddde9,427b96750846030f7014754cd4c12813af1db1f9181b210e91d3da36f51d7549,540,360,JPEG,NONE_DEFINED_BY_ARCHIVE,Kaggle ai4a-lab/comprehensive-soil-classification-datasets v1
6,Alluvial_Soil,Alluvial_Soil:105,results/confirmatory/recovery/soil/staging/original/Alluvial_Soil/105.jpg,2bbd3023f7b7c246b7586fd6204dffdfb5deb6f1fa454e90239ba973c4e651f7,fdc2a05b507300436abbbe9c571f4aaca4b12a054050013cfe511c2e221f190b,390,252,JPEG,NONE_DEFINED_BY_ARCHIVE,Kaggle ai4a-lab/comprehensive-soil-classification-datasets v1
7,Alluvial_Soil,Alluvial_Soil:11,results/confirmatory/recovery/soil/staging/original/Alluvial_Soil/11.jpg,9e247eab3fae575c630382347758fb939ba2e794bda193f2e494a7b6d09f65ff,3192b8d546e38c701ae2ea66698eb8460b373609762abb420a0a9472ba3bedf2,273,511,JPEG,NONE_DEFINED_BY_ARCHIVE,Kaggle ai4a-lab/comprehensive-soil-classification-datasets v1
8,Alluvial_Soil,Alluvial_Soil:12,results/confirmatory/recovery/soil/staging/original/Alluvial_Soil/12.jpg,65422199430a7ef294d6c03a9d5a63df3da97b03e9664be11afff2ad73d77c7c,683f0fa1c588c1e07a3b77cc48003c2474a8cdad8d4907d951474bfb4c1767d1,482,421,JPEG,NONE_DEFINED_BY_ARCHIVE,Kaggle ai4a-lab/comprehensive-soil-classification-datasets v1
9,Alluvial_Soil,Alluvial_Soil:13,results/confirmatory/recovery/soil/staging/original/Alluvial_Soil/13.jpg,a720a3f0b0a41c5835dde601b2c7f38e129a2eafe234293700cb2926f29d6eb0,bd5476dfd6feef70110cf312b798e453d7a60e91f832b2c1a1dc1186ebff33dd,644,648,JPEG,NONE_DEFINED_BY_ARCHIVE,Kaggle ai4a-lab/comprehensive-soil-classification-datasets v1
10,Alluvial_Soil,Alluvial_Soil:14,results/confirmatory/recovery/soil/staging/original/Alluvial_Soil/14.jpg,58f85c88516f32b3db57d7d74ba7f856c5870f888428f807a59cccdfcc3596d3,b69c4a27e5c3c3ecfc61f5af48d7658a30be160d9ff814169785dddb5013430a,532,264,JPEG,NONE_DEFINED_BY_ARCHIVE,Kaggle ai4a-lab/comprehensive-soil-classification-datasets v1
11,Alluvial_Soil,Alluvial_Soil:15,results/confirmatory/recovery/soil/staging/original/Alluvial_Soil/15.jpg,782aa2e6c4938078c91b55cf9d6b2dca9b41290111af70574718a5518a3bf3a8,34275bc3c74d607403e4c3d1d2d8f89d0ec8be65a9e885f7c57ff01e685d20e2,561,307,JPEG,NONE_DEFINED_BY_ARCHIVE,Kaggle ai4a-lab/comprehensive-soil-classification-datasets v1
12,Alluvial_Soil,Alluvial_Soil:16,results/confirmatory/recovery/soil/staging/original/Alluvial_Soil/16.jpg,e830f2ca2da8b858a7991f38b9e9d73be43637fc84c19df8ad39e1c6953c9a82,6e453ed93bc2446ae76a7593b8e27fcc457458243f9deed5f700282cb7a6624e,842,360,JPEG,NONE_DEFINED_BY_ARCHIVE,Kaggle ai4a-lab/comprehensive-soil-classification-datasets v1
13,Alluvial_Soil,Alluvial_Soil:17,results/confirmatory/recovery/soil/staging/original/Alluvial_Soil/17.jpg,d37aca0895fd757aef7924c81b2db8bb6f53ca4de2e12a81a52dd3096d52729e,0e916269867be4174bd0b8214ce9e36dd4941c68b41d326d5a90d2898539ec5a,140,217,JPEG,NONE_DEFINED_BY_ARCHIVE,Kaggle ai4a-lab/comprehensive-soil-classification-datasets v1
14,Alluvial_Soil,Alluvial_Soil:18,results/confirmatory/recovery/soil/staging/original/Alluvial_Soil/18.jpg,aaead9921421d13220e8e2f6a9b8465d2c1f688a0f976099224c02cb17ed9f1e,514d353974d5fb76b31b0d10d4a24ca642c9360a6632deb8db821a4b0f343f4d,1024,714,JPEG,NONE_DEFINED_BY_ARCHIVE,Kaggle ai4a-lab/comprehensive-soil-classification-datasets v1
15,Alluvial_Soil,Alluvial_Soil:180,results/confirmatory/recovery/soil/staging/original/Alluvial_Soil/180.jpg,a8b63b60eebb01a3e19f158f78ea9c1a17990cd21e369366d7657ecea645bf79,70760e955f76a740eaf8511f801c53a3fa52bcccd8adbe8e246ae9fd81408ca0,569,630,JPEG,NONE_DEFINED_BY_ARCHIVE,Kaggle ai4a-lab/comprehensive-soil-classification-datasets v1
16,Alluvial_Soil,Alluvial_Soil:19,results/confirmatory/recovery/soil/staging/original/Alluvial_Soil/19.jpg,5568bc2f0c5f1d72d067f7000c355ad8f51234fd081d22732bfcb91b16907bb6,ac6432e593f47605977b0a7cd5f12097ec05c51902cf3f9a942177e84e4c97d2,1000,466,JPEG,NONE_DEFINED_BY_ARCHIVE,Kaggle ai4a-lab/comprehensive-soil-classification-datasets v1
17,Alluvial_Soil,Alluvial_Soil:2,results/confirmatory/recovery/soil/staging/original/Alluvial_Soil/2.jpg,5b32360d4a7b0a5a167caacc7432b5b195a00acee578061fc200be1dd9be7587,283b379a08c1664eaf3c6413996dd1c96d7fe4140ac2dd3dc3064523f61bf547,850,781,JPEG,NONE_DEFINED_BY_ARCHIVE,Kaggle ai4a-lab/comprehensive-soil-classification-datasets v1
18,Alluvial_Soil,Alluvial_Soil:20,results/confirmatory/recovery/soil/staging/original/Alluvial_Soil/20.jpg,c49df2cbfdd13386241b0e89b003f78ecb419ef89aed8764c96cd2f39940f841,534e59d18b7a53fa13dcd19cb269bbe8b3b287e913356e0ab619dd727c49c151,1000,600,JPEG,NONE_DEFINED_BY_ARCHIVE,Kaggle ai4a-lab/comprehensive-soil-classification-datasets v1
19,Alluvial_Soil,Alluvial_Soil:200,results/confirmatory/recovery/soil/staging/original/Alluvial_Soil/200.jpg,a4a0a50f58a71a5f2d47e6e4b448a45a5c51438e1acb351d682d400fab6ede5f,cd35467c5b2eecd9ed6acd46a52c70db120089f683c3d77fb6507d0831eafafe,1425,1200,JPEG,NONE_DEFINED_BY_ARCHIVE,Kaggle ai4a-lab/comprehensive-soil-classification-datasets v1
20,Alluvial_Soil,Alluvial_Soil:21,results/confirmatory/recovery/soil/staging/original/Alluvial_Soil/21.jpg,bc3bb9f45ce97756d71fd5ee1de41f0da13201aebd37d582b49277afd80a4fa0,ec69c7f3665be059dccee89ede8c05d64d3636d7b9bca0f7bad2872fc37713aa,800,516,JPEG,NONE_DEFINED_BY_ARCHIVE,Kaggle ai4a-lab/comprehensive-soil-classification-datasets v1
21,Alluvial_Soil,Alluvial_Soil:22,results/confirmatory/recovery/soil/staging/original/Alluvial_Soil/22.jpg,0be56133c23f1bdb082d9ba11635e055ca5dd5dfd51d647995aab38ddb312ae1,b53f9ce1a79017aa3164af7705808d56b7585a1798efb96ada6e29bd9f959770,389,258,JPEG,NONE_DEFINED_BY_ARCHIVE,Kaggle ai4a-lab/comprehensive-soil-classification-datasets v1
22,Alluvial_Soil,Alluvial_Soil:23,results/confirmatory/recovery/soil/staging/original/Alluvial_Soil/23.jpg,dd77392cfc6395d087145592cc25b26f121d7bec929a7bc3ce9b9a66dc802718,d9b6b7699d90f323c835328627354ddc2b51032b0a55d1d69e375eb7bd218ddb,650,293,JPEG,NONE_DEFINED_BY_ARCHIVE,Kaggle ai4a-lab/comprehensive-soil-classification-datasets v1
23,Alluvial_Soil,Alluvial_Soil:24,results/confirmatory/recovery/soil/staging/original/Alluvial_Soil/24.jpg,7ba3e76ce8fbb27daac0dc25ab2cd0f8b9a1bf1cdcac0f4bc035c8024df54898,a34d48813a9ce9e9480eb8867a35d4ebf2697f02a2666df0405f50161932cd57,1300,854,JPEG,NONE_DEFINED_BY_ARCHIVE,Kaggle ai4a-lab/comprehensive-soil-classification-datasets v1
24,Alluvial_Soil,Alluvial_Soil:26,results/confirmatory/recovery/soil/staging/original/Alluvial_Soil/26.jpg,f74ce06315ae26e63c49608432432e3978eb9cb2099596e4e98ea5965f9dedd9,548111ffc81bfbca1201a3e98176b96d7b720328698bd707f80befb92302cf05,900,993,JPEG,NONE_DEFINED_BY_ARCHIVE,Kaggle ai4a-lab/comprehensive-soil-classification-datasets v1
25,Alluvial_Soil,Alluvial_Soil:27,results/confirmatory/recovery/soil/staging/original/Alluvial_Soil/27.jpg,ad5549fc648e81817b960b2064a4849ccef218b212fcd92d309d55b4d2a0bf87,1061eaea46dc36266c39231688703a502893aa35b05697a4097597f60eda1707,577,199,JPEG,NONE_DEFINED_BY_ARCHIVE,Kaggle ai4a-lab/comprehensive-soil-classification-datasets v1
26,Alluvial_Soil,Alluvial_Soil:28,results/confirmatory/recovery/soil/staging/original/Alluvial_Soil/28.jpg,0c97c7eed8c36afbe050cfe496c39f91fb69f4d3915117683ca0af853b373345,76075ff05500f9aa17cc1072239664bcc34c1002055d9341a5ba95d19f4d55a9,960,540,JPEG,NONE_DEFINED_BY_ARCHIVE,Kaggle ai4a-lab/comprehensive-soil-classification-datasets v1
27,Alluvial_Soil,Alluvial_Soil:28,results/confirmatory/recovery/soil/staging/original/Alluvial_Soil/28a.jpg,471006ba27f39bbd6fa96ab08c9d8b6e31d5668dd51f728e2290ce5d3d6dac5e,b0a8e82772e8a7f4d3eea5edb124570e81f757ff53db43f7f984651db276e504,399,313,JPEG,NONE_DEFINED_BY_ARCHIVE,Kaggle ai4a-lab/comprehensive-soil-classification-datasets v1
28,Alluvial_Soil,Alluvial_Soil:28,results/confirmatory/recovery/soil/staging/original/Alluvial_Soil/28b.jpg,9897527b8fb0586d759534b827286a9a8f4b16955e05584620ef1721343b0699,db9d17b347196ca71d16562901baed4ee5c4fddeeb5eda2d23d34d66c9b3ce34,296,325,JPEG,NONE_DEFINED_BY_ARCHIVE,Kaggle ai4a-lab/comprehensive-soil-classification-datasets v1
29,Alluvial_Soil,Alluvial_Soil:29,results/confirmatory/recovery/soil/staging/original/Alluvial_Soil/29.jpg,15b2224d60cae1716dde9d8a62fae91268cda2112e16ff589e67d040de0d81c3,9d31f090cc91b87517f937a9e21bf5006e653458e9c6f37917e613e7a580fce7,600,378,JPEG,NONE_DEFINED_BY_ARCHIVE,Kaggle ai4a-lab/comprehensive-soil-classification-datasets v1
30,Alluvial_Soil,Alluvial_Soil:30,results/confirmatory/recovery/soil/staging/original/Alluvial_Soil/30.jpg,cfb9a54ca91dc2e3941defac8dfd3c531171b93002ff24c5345fde2176f9012b,4118e81bf02ddd543bfa18aa0dcec6d5e038d0912501ea7efce2d667e2825b4a,308,150,JPEG,NONE_DEFINED_BY_ARCHIVE,Kaggle ai4a-lab/comprehensive-soil-classification-datasets v1
31,Alluvial_Soil,Alluvial_Soil:30,results/confirmatory/recovery/soil/staging/original/Alluvial_Soil/30a.jpg,b5606ec0a1c55a6f428bb480b1da8c1ee15938c0e105252b9d1584137b573332,6a2811c50259a2fc603f374dee544bdbcf9fb138678d3846e9097260d46fa218,357,199,JPEG,NONE_DEFINED_BY_ARCHIVE,Kaggle ai4a-lab/comprehensive-soil-classification-datasets v1
32,Alluvial_Soil,Alluvial_Soil:31,results/confirmatory/recovery/soil/staging/original/Alluvial_Soil/31.jpg,6936c6de7252eaeb16f8653c035332084f0398a25331e34d9386ceb2ed246c1e,a3e4fb1ed4064d5a4ea80aa17343988d1fcb861ba1b8b4c3f4faaf6663bd06c3,600,450,JPEG,NONE_DEFINED_BY_ARCHIVE,Kaggle ai4a-lab/comprehensive-soil-classification-datasets v1
33,Alluvial_Soil,Alluvial_Soil:32,results/confirmatory/recovery/soil/staging/original/Alluvial_Soil/32.jpg,a7d06b24ae85196574f9081ce972d12e8e78cdb4ea40331830695c88686484b3,4d0cdbf04037a2271b78026f44da806ed0b3d0494aa3d7db54afc0b35b49b8ef,1188,240,JPEG,NONE_DEFINED_BY_ARCHIVE,Kaggle ai4a-lab/comprehensive-soil-classification-datasets v1
34,Alluvial_Soil,Alluvial_Soil:33,results/confirmatory/recovery/soil/staging/original/Alluvial_Soil/33.jpg,01a60d86329dee42ce523bee720a3df2ba78a262833fe3fe4a3f21bc4ff17936,026f9fcb3d26c47b26186e27fdca22ead8bbfd62757e29f9d2097990a9a7f755,533,334,JPEG,NONE_DEFINED_BY_ARCHIVE,Kaggle ai4a-lab/comprehensive-soil-classification-datasets v1
35,Alluvial_Soil,Alluvial_Soil:35,results/confirmatory/recovery/soil/staging/original/Alluvial_Soil/35.jpg,d064fc7e59e42de5a0d360d8d93d44055f3d4e06675d100730dcd523b20cf952,5a5c0d5f2cb2068483cd038ea893ebd25a2d4c3690a63a76e2aa8141ef58f147,450,600,JPEG,NONE_DEFINED_BY_ARCHIVE,Kaggle ai4a-lab/comprehensive-soil-classification-datasets v1
36,Alluvial_Soil,Alluvial_Soil:37,results/confirmatory/recovery/soil/staging/original/Alluvial_Soil/37.jpg,e57f0de33a9c6dff8b118a9ab0f8fed7cace3825dae8a374866a58027e450d95,eba9fb6ced70e7b09435f65ec9138eb32ea46d8d785544e1bde1afc1f9eb3b25,450,338,JPEG,NONE_DEFINED_BY_ARCHIVE,Kaggle ai4a-lab/comprehensive-soil-classification-datasets v1
37,Alluvial_Soil,Alluvial_Soil:38,results/confirmatory/recovery/soil/staging/original/Alluvial_Soil/38.jpg,d162b8034c8b2f989ff5d32f9b62804b2b1179c976ba9e1c08bc0ea0e2a12f48,62a1a16caaebea346fe87b9f2abef45372940364ae2604d4d5704af60d1f8827,611,415,JPEG,NONE_DEFINED_BY_ARCHIVE,Kaggle ai4a-lab/comprehensive-soil-classification-datasets v1
38,Alluvial_Soil,Alluvial_Soil:39,results/confirmatory/recovery/soil/staging/original/Alluvial_Soil/39.jpg,1e0106f0438eef7d36cf54dab19042afe706449837302bea7002cecf3e42a3e7,692759192ab6038abcacb223547bda11538ecaa6c276b440bc7c4940adf046b6,563,255,JPEG,NONE_DEFINED_BY_ARCHIVE,Kaggle ai4a-lab/comprehensive-soil-classification-datasets v1
39,Alluvial_Soil,Alluvial_Soil:40,results/confirmatory/recovery/soil/staging/original/Alluvial_Soil/40.jpg,0bc9e503add2fae7bd4c1e92c46118ba16de212b10de0b3d89675018025c6988,efafdc8007b5171877f22e0678edecabe6ecd181dffb26ff373d3afbfb0a0bd7,286,239,JPEG,NONE_DEFINED_BY_ARCHIVE,Kaggle ai4a-lab/comprehensive-soil-classification-datasets v1
40,Alluvial_Soil,Alluvial_Soil:42,results/confirmatory/recovery/soil/staging/original/Alluvial_Soil/42.jpg,ad3b38d5c716b82b31367aaea945cb869f0d1da3bcc8798fc0d38d8680af0d8d,4a7e6390afe641e1f8daa2323e6548df9ba4d15b063386c4e2b9b9a133bfc922,354,379,JPEG,NONE_DEFINED_BY_ARCHIVE,Kaggle ai4a-lab/comprehensive-soil-classification-datasets v1
41,Alluvial_Soil,Alluvial_Soil:43,results/confirmatory/recovery/soil/staging/original/Alluvial_Soil/43.webp,3b06254413c269e0fa0f252aaebcf0f301ee2670a6a14cbf1dde8e6b16286dd8,c914f28d37c6c557f376e59f3a3fb912ad599b1efd37e2746a98473d18734785,600,374,WEBP,NONE_DEFINED_BY_ARCHIVE,Kaggle ai4a-lab/comprehensive-soil-classification-datasets v1
42,Alluvial_Soil,Alluvial_Soil:44,results/confirmatory/recovery/soil/staging/original/Alluvial_Soil/44.jpg,58c546fcb98721ed8a9d772f0262671552749421e739a30994f18eaafd3cb32e,5756999834a96868e01f08c294c03707302e0e96883686e7b8e5c7486dc3f54c,600,450,WEBP,NONE_DEFINED_BY_ARCHIVE,Kaggle ai4a-lab/comprehensive-soil-classification-datasets v1
43,Alluvial_Soil,Alluvial_Soil:45,results/confirmatory/recovery/soil/staging/original/Alluvial_Soil/45.jpg,23134a76ef4e835e1bedeae3e462b98f6e081dbb5c51903074de60e2feed7df0,2c6ca0a0005504c524d94652686a409e88fa91148d6a86e3023e21da08b6b6b8,352,373,JPEG,NONE_DEFINED_BY_ARCHIVE,Kaggle ai4a-lab/comprehensive-soil-classification-datasets v1
44,Alluvial_Soil,Alluvial_Soil:45,results/confirmatory/recovery/soil/staging/original/Alluvial_Soil/45a.jpg,c140d9041cba6bc01d2c235156a7fedfdaa9bc2189113afda8b9d0927e0925d0,c73d5896dad5b28fa80424b04a6de9eb8fc40524c119f6a03614951603221937,612,233,JPEG,NONE_DEFINED_BY_ARCHIVE,Kaggle ai4a-lab/comprehensive-soil-classification-datasets v1
45,Alluvial_Soil,Alluvial_Soil:46,results/confirmatory/recovery/soil/staging/original/Alluvial_Soil/46.jpeg,8a77b461547053f8cfc3e267b47e24cd015750bd8abbeee95c365fb4c6e364b1,1e20cfc792db5789dd38b9862e97acf41f7a68179a04556cc18c61505c17cb0b,800,521,JPEG,NONE_DEFINED_BY_ARCHIVE,Kaggle ai4a-lab/comprehensive-soil-classification-datasets v1
46,Alluvial_Soil,Alluvial_Soil:5,results/confirmatory/recovery/soil/staging/original/Alluvial_Soil/5.jpg,07cd27b381dd0cba7d47badb2f8e1aa9c9cb3c97f60452f626825f2f40b8edb2,f861edb053012d05ace3d7f611891442bc712343b0adefd38c7699a90fd73507,1310,1242,JPEG,NONE_DEFINED_BY_ARCHIVE,Kaggle ai4a-lab/comprehensive-soil-classification-datasets v1
47,Alluvial_Soil,Alluvial_Soil:7,results/confirmatory/recovery/soil/staging/original/Alluvial_Soil/7.jpg,6d2755d94b82c5570ee35647d9eb819925359d2236333af1f8007ece90c35d54,35cd9a64db45de2839e63fc88ef4d4beef3ca5f1ced3865250bb53013861614d,300,299,JPEG,NONE_DEFINED_BY_ARCHIVE,Kaggle ai4a-lab/comprehensive-soil-classification-datasets v1
48,Alluvial_Soil,Alluvial_Soil:8,results/confirmatory/recovery/soil/staging/original/Alluvial_Soil/8.jpg,c0c4708ad2e14bc11acfcc166d0403083bba1d98f6b5e6275edfdf8a7b410cc8,6a188ddc28be81a73bb7db32f231199a83264ca7beba3271e8a38a372fba9ba4,216,216,JPEG,NONE_DEFINED_BY_ARCHIVE,Kaggle ai4a-lab/comprehensive-soil-classification-datasets v1
49,Alluvial_Soil,Alluvial_Soil:80,results/confirmatory/recovery/soil/staging/original/Alluvial_Soil/80.jpg,c972f6d0294f818bad85e1a665427bfeedb263cb2ffbf19242fdca63439b73f8,04de06bd42a28a6e030ebbb83fcf251d2686a2265abdc0c128710ed10a993e4e,390,218,JPEG,NONE_DEFINED_BY_ARCHIVE,Kaggle ai4a-lab/comprehensive-soil-classification-datasets v1
50,Arid_Soil,Arid_Soil:1,results/confirmatory/recovery/soil/staging/original/Arid_Soil/1.jpg,f21621ceb894bda395c9db3677d6e8b806ad84b1337efe91a2ce8f7370f70be2,8b2c8aa203650c4195988acda66a83ce0e49fafedcaf5677ad0285ac39bbdf70,588,364,JPEG,NONE_DEFINED_BY_ARCHIVE,Kaggle ai4a-lab/comprehensive-soil-classification-datasets v1
51,Arid_Soil,Arid_Soil:10,results/confirmatory/recovery/soil/staging/original/Arid_Soil/10.jpg,02924f60f2bdbb648b6ca08a63137ae9614d82fac356eee9f66d2c33c30e6419,b9ab00bbb6716f002c85f9d7d12fa23ef20b8d331f8dbffe1f75d354f83a9917,450,296,JPEG,NONE_DEFINED_BY_ARCHIVE,Kaggle ai4a-lab/comprehensive-soil-classification-datasets v1
52,Arid_Soil,Arid_Soil:100,results/confirmatory/recovery/soil/staging/original/Arid_Soil/100.jpg,af363407ea3db2851b81e412a4463f1ce28bfdcfba6937a64742c2309b134599,a62904dbe6f022f4770898e5b5ae50dbe5acfaa4f7af75e484d3ce838e8882eb,296,352,JPEG,NONE_DEFINED_BY_ARCHIVE,Kaggle ai4a-lab/comprehensive-soil-classification-datasets v1
53,Arid_Soil,Arid_Soil:101,results/confirmatory/recovery/soil/staging/original/Arid_Soil/101.jpg,3cf891f63a9c79c68147d9543da9267066ba80c43346a8cf38e8917aa5145554,53154178f3697ae2e26d0f25b1988dcb63c2fc9cf31856940f8664bccbf2c913,600,215,JPEG,NONE_DEFINED_BY_ARCHIVE,Kaggle ai4a-lab/comprehensive-soil-classification-datasets v1
54,Arid_Soil,Arid_Soil:103,results/confirmatory/recovery/soil/staging/original/Arid_Soil/103.jpg,ba8470e5d7a42b31b6c29978bd02bed6d60cb9020b4b45c91e556f98325ccb70,4bfca315c8f307b27bfed2d02dd289d6dedb389e7145d063092fece4be06e641,1600,1200,JPEG,NONE_DEFINED_BY_ARCHIVE,Kaggle ai4a-lab/comprehensive-soil-classification-datasets v1
55,Arid_Soil,Arid_Soil:104,results/confirmatory/recovery/soil/staging/original/Arid_Soil/104.jpg,32340fb0b420d2d63ce2fd94880eb8089770b6334ea06db9ba935f0f8547b5ee,0f09dbc7012f0452f50cacf02771594c5948e1fe610269e7856453e9e8ebccdf,477,314,JPEG,NONE_DEFINED_BY_ARCHIVE,Kaggle ai4a-lab/comprehensive-soil-classification-datasets v1
56,Arid_Soil,Arid_Soil:104,results/confirmatory/recovery/soil/staging/original/Arid_Soil/104a.jpg,a1acfcf982361e8a5dc3ae094b906ca10d710eab23b6c7913143953de85a904b,74d37998417e31e192a01a968b00d8b8f20d9b3cae6a58464a42cfbbaac668d2,348,496,JPEG,NONE_DEFINED_BY_ARCHIVE,Kaggle ai4a-lab/comprehensive-soil-classification-datasets v1
57,Arid_Soil,Arid_Soil:106,results/confirmatory/recovery/soil/staging/original/Arid_Soil/106.jpg,95d551902d7e7d430f390e7ceae27fefb8237e9b767d76b44cdb703b06d8c22b,ebf6d6521e5c12ca1f8f8a8eb0bc4434a995f5b1dd89e265da0ab839e10712d4,1600,1054,JPEG,NONE_DEFINED_BY_ARCHIVE,Kaggle ai4a-lab/comprehensive-soil-classification-datasets v1
58,Arid_Soil,Arid_Soil:107,results/confirmatory/recovery/soil/staging/original/Arid_Soil/107.jpg,662859653ea6d1a87e77ea365f2bb7a0527ffbb689053b109095760dd61ccd1d,133563392986e1fa08f0aa93182e237585026c1d2b59afd930497b3564046072,370,698,JPEG,NONE_DEFINED_BY_ARCHIVE,Kaggle ai4a-lab/comprehensive-soil-classification-datasets v1
59,Arid_Soil,Arid_Soil:108,results/confirmatory/recovery/soil/staging/original/Arid_Soil/108.jpg,fd2de10893dc1a215013f977e995e0e7162e8c7dd503a1456acde3f7909d2793,7e54c36ce930b9d16a784a3a3750663733a43e2593bb9363e4beb8a7cd23340b,602,401,JPEG,NONE_DEFINED_BY_ARCHIVE,Kaggle ai4a-lab/comprehensive-soil-classification-datasets v1
60,Arid_Soil,Arid_Soil:109,results/confirmatory/recovery/soil/staging/original/Arid_Soil/109.jpg,ee36165dd3578b63fc327c36c84b16a4a6f447415c769f460d36341a795fa4f8,4f0cd9e29dd45435e6b2e796c6c1059834d153286e911a05a04674332c0dd8dd,400,198,JPEG,NONE_DEFINED_BY_ARCHIVE,Kaggle ai4a-lab/comprehensive-soil-classification-datasets v1
61,Arid_Soil,Arid_Soil:11,results/confirmatory/recovery/soil/staging/original/Arid_Soil/11.jpg,50e008d1bfd2771a6eb37eb9ee41b361d45f95191ec20a17de92685c23cdc1c6,1a66fbfba7c2e92fdd921f268b3086feb3b8fc333d437312f069ef67319db839,201,356,JPEG,NONE_DEFINED_BY_ARCHIVE,Kaggle ai4a-lab/comprehensive-soil-classification-datasets v1
62,Arid_Soil,Arid_Soil:111,results/confirmatory/recovery/soil/staging/original/Arid_Soil/111.jpg,f0f7ef2f40fd50a30f25cb8df2c1b5622669d472651e4ecd65fbb859617afc19,8437e1b2bfbaec0313e0a81815a850c99d22e62ed4426c60295131c4c0ab8e8b,1600,699,JPEG,NONE_DEFINED_BY_ARCHIVE,Kaggle ai4a-lab/comprehensive-soil-classification-datasets v1
63,Arid_Soil,Arid_Soil:112,results/confirmatory/recovery/soil/staging/original/Arid_Soil/112.jpg,2a99fafe33b5b263d2632e8028ddddbb25a2cc4bcea8fcc8706b34a62f46ee75,bd30ec75eff5c71a5b419c5f321529fd2cfd5d960e33fbabbd68f0dfb5dfca3d,359,215,JPEG,NONE_DEFINED_BY_ARCHIVE,Kaggle ai4a-lab/comprehensive-soil-classification-datasets v1
64,Arid_Soil,Arid_Soil:113,results/confirmatory/recovery/soil/staging/original/Arid_Soil/113.jpg,7036291f147769be9de2bf731f7fed8a8dd1f6444018a3daa5802e7151ed2f4e,5812f610eb5b3c358cfe79628e82d7a8874b80e1d0108fdb09b5583e35a29847,290,317,JPEG,NONE_DEFINED_BY_ARCHIVE,Kaggle ai4a-lab/comprehensive-soil-classification-datasets v1
65,Arid_Soil,Arid_Soil:114,results/confirmatory/recovery/soil/staging/original/Arid_Soil/114.jpg,ff3ed5fa5a81cc95091e617f8d206806d215718690d535f5bf2c3243ed5e189c,3072eb9df0c8cc19cd2468c1f874aadd477327f4090804c7db48bc5217a93270,626,417,JPEG,NONE_DEFINED_BY_ARCHIVE,Kaggle ai4a-lab/comprehensive-soil-classification-datasets v1
66,Arid_Soil,Arid_Soil:115,results/confirmatory/recovery/soil/staging/original/Arid_Soil/115.jpg,8916574d8bc59cd1f4aa5dd9ac951316c2f2791b8345d9b48e59060af5eb56df,e7b052b19598131871bb73a254dae78f3f5cbb0c62a3d350daf7e08efc3e6864,768,396,JPEG,NONE_DEFINED_BY_ARCHIVE,Kaggle ai4a-lab/comprehensive-soil-classification-datasets v1
67,Arid_Soil,Arid_Soil:116,results/confirmatory/recovery/soil/staging/original/Arid_Soil/116.jpg,ee7544138db0c54333c21e0e95a3e9bd9b2fa696e7842615d05ec952a52a0bfd,5fcfc8d4b5e040ee263168ffe87193cfde5a5c0b1407319db7c5bb29a65e8cc3,531,573,JPEG,NONE_DEFINED_BY_ARCHIVE,Kaggle ai4a-lab/comprehensive-soil-classification-datasets v1
68,Arid_Soil,Arid_Soil:117,results/confirmatory/recovery/soil/staging/original/Arid_Soil/117.jpg,a96a8067f0846fbf01047f3971c710baa92004ba147a5f7fe8522af125506ae8,94c1320c8bd8826388f43537941d878ef2f190e33654b2513b0e0c62ee69c6c5,271,335,JPEG,NONE_DEFINED_BY_ARCHIVE,Kaggle ai4a-lab/comprehensive-soil-classification-datasets v1
69,Arid_Soil,Arid_Soil:118,results/confirmatory/recovery/soil/staging/original/Arid_Soil/118.jpg,a707b407b1225ea03bee397c34d5ad5657db707e2b47222f5442250e9b26fe17,8db8d4f3ff560f0e163cf4c3bd7c60a492b35dfdc02408c3080459e64b096405,300,196,JPEG,NONE_DEFINED_BY_ARCHIVE,Kaggle ai4a-lab/comprehensive-soil-classification-datasets v1
70,Arid_Soil,Arid_Soil:119,results/confirmatory/recovery/soil/staging/original/Arid_Soil/119.jpg,2ffd692afa496f7d887348f422a4209a37618a9a89b5b3b92af06ca3268f639b,2010519ad7754bf8e079709e67458e4ac6c93588d12945d683e77d63e5207bba,439,184,JPEG,NONE_DEFINED_BY_ARCHIVE,Kaggle ai4a-lab/comprehensive-soil-classification-datasets v1
71,Arid_Soil,Arid_Soil:12,results/confirmatory/recovery/soil/staging/original/Arid_Soil/12.jpg,326d554dcec34f22e6664a218efc74b7b8102a84295c862e276ff38a73f26d23,2ae91fdf04c3837959156e9ceeb7b9b09fc98d33d21034704aa29fd7c23e917e,2613,1960,JPEG,NONE_DEFINED_BY_ARCHIVE,Kaggle ai4a-lab/comprehensive-soil-classification-datasets v1
72,Arid_Soil,Arid_Soil:120,results/confirmatory/recovery/soil/staging/original/Arid_Soil/120.jpg,e559b5670c3a26c764b15af35dd3dfb2cf8beb70f376e7d9704e4f72bbc8fb54,ffd14ce7eaf2d375db8855177599f111ac0c36dbf5d2ef6a4a71230fb9003a00,640,428,JPEG,NONE_DEFINED_BY_ARCHIVE,Kaggle ai4a-lab/comprehensive-soil-classification-datasets v1
73,Arid_Soil,Arid_Soil:121,results/confirmatory/recovery/soil/staging/original/Arid_Soil/121.jpg,47883f8b9b983f6f04ef2e08253ba3c5cb6dc45e53dad2ede4b0754696c66a02,d8c216d4aa1bb2d5f4a96c2b02a0746919d3e734c1b1ab01c7c8d9ff5f9ec383,2000,1333,JPEG,NONE_DEFINED_BY_ARCHIVE,Kaggle ai4a-lab/comprehensive-soil-classification-datasets v1
74,Arid_Soil,Arid_Soil:122,results/confirmatory/recovery/soil/staging/original/Arid_Soil/122.jpg,34e27f647f8ac94878a8f998d9be6acdf3b703f56bb0908de9b28a735503db71,6a5f066c29d8ea9668eccef28e117eb2d4cc77b3e8a366b4f574515cb1db3d76,800,534,JPEG,NONE_DEFINED_BY_ARCHIVE,Kaggle ai4a-lab/comprehensive-soil-classification-datasets v1
75,Arid_Soil,Arid_Soil:123,results/confirmatory/recovery/soil/staging/original/Arid_Soil/123.jpg,cd9db9ed88fd483d130b1513e395ebf27374459b52da6213cfc922ded2f0cc90,335d10941398f21531fd81e50fb3d355b95faca617d34519905daab770578ac3,600,600,JPEG,NONE_DEFINED_BY_ARCHIVE,Kaggle ai4a-lab/comprehensive-soil-classification-datasets v1
76,Arid_Soil,Arid_Soil:124,results/confirmatory/recovery/soil/staging/original/Arid_Soil/124.jpg,21abe4b053de3f859b618868ea02d2412daa9e130ba3832ef689e2e9b1667118,c00d07812c4f39fa70a18c7a138d09e4835973f32b07890c7da0cfda82ebb11a,640,425,JPEG,NONE_DEFINED_BY_ARCHIVE,Kaggle ai4a-lab/comprehensive-soil-classification-datasets v1
77,Arid_Soil,Arid_Soil:125,results/confirmatory/recovery/soil/staging/original/Arid_Soil/125.jpg,c2a46175342ded84d2ef93e65e41c023b723171e994bb8e6be8498136bdaf32a,c22fed64b3ef3c227af1d0b4f13d8d8df4b3a29169971dff1a0d137e1d4fd9d0,900,600,JPEG,NONE_DEFINED_BY_ARCHIVE,Kaggle ai4a-lab/comprehensive-soil-classification-datasets v1
78,Arid_Soil,Arid_Soil:126,results/confirmatory/recovery/soil/staging/original/Arid_Soil/126.jpg,1d4b3d48e933d1ea8a0503d551a0a3a8a5c83e6396a216243f6f4e59201abe58,4942bb9a11ddbf1e8c4c28d3939e9cefb4b76a46d0ae0f2632cd07dee38b7871,480,270,JPEG,NONE_DEFINED_BY_ARCHIVE,Kaggle ai4a-lab/comprehensive-soil-classification-datasets v1
79,Arid_Soil,Arid_Soil:127,results/confirmatory/recovery/soil/staging/original/Arid_Soil/127.jpg,08008aaf52fc9fd9a1d73662a8373dd330e307ca1f08d1dd96c192a6a717e6a7,cf4cef0d0d7f9ffd4ca549c5d23499358b7d7ed6bcf16b5168cbc812a848b66f,1300,634,JPEG,NONE_DEFINED_BY_ARCHIVE,Kaggle ai4a-lab/comprehensive-soil-classification-datasets v1
80,Arid_Soil,Arid_Soil:128,results/confirmatory/recovery/soil/staging/original/Arid_Soil/128.jpg,584c24a1e00c15668566858667be66db4313aa90a075fb162f894c2b3d971295,180f7bbf7148d3ed35b120025e321599bdb52fa05c078b2c72aa81e6b7d4491c,626,470,JPEG,NONE_DEFINED_BY_ARCHIVE,Kaggle ai4a-lab/comprehensive-soil-classification-datasets v1
81,Arid_Soil,Arid_Soil:129,results/confirmatory/recovery/soil/staging/original/Arid_Soil/129.jpg,b1adc9cac62072418afd5a782e56841942a7a22440f9dba639daa9275f31887e,d2daa84a06da0177b958bed634fde5c1a12fc0a6cc47971476375fe7af951c52,1024,768,JPEG,NONE_DEFINED_BY_ARCHIVE,Kaggle ai4a-lab/comprehensive-soil-classification-datasets v1
82,Arid_Soil,Arid_Soil:13,results/confirmatory/recovery/soil/staging/original/Arid_Soil/13.jpg,3ae8dd075013513ff1021ef7fa47e161fb69f9c2a5c05b9b07f344069d8fb64f,4cf79c24b50dc46bce4cf7da745298c6506440ddd98929283b9fdd635545e37c,626,416,JPEG,NONE_DEFINED_BY_ARCHIVE,Kaggle ai4a-lab/comprehensive-soil-classification-datasets v1
83,Arid_Soil,Arid_Soil:130,results/confirmatory/recovery/soil/staging/original/Arid_Soil/130.jpg,fde3263678c70e831ebc0b966e342ac24f43542305ace441b6b7e6d19691f232,9b539ba0f5e505a372abccd59d06b4f217a48930ff389395cefdc665061f3297,494,326,JPEG,NONE_DEFINED_BY_ARCHIVE,Kaggle ai4a-lab/comprehensive-soil-classification-datasets v1
84,Arid_Soil,Arid_Soil:131,results/confirmatory/recovery/soil/staging/original/Arid_Soil/131.jpg,51089eb3e654e3bc51bab6c53e9545213e4a96a60959e85f4aab0beb54a23522,1496267bc8289c254301eadfa297e2f29d220908b9b164847ef438f5babe546d,390,259,JPEG,NONE_DEFINED_BY_ARCHIVE,Kaggle ai4a-lab/comprehensive-soil-classification-datasets v1
85,Arid_Soil,Arid_Soil:132,results/confirmatory/recovery/soil/staging/original/Arid_Soil/132.jpg,b5c14c00454dff9b5176c57604dd9a5107c25ccc16b33adef485566155be5901,7d392ffbaf596e4760178bbb254888b61259957932340183890c1275f457c31d,736,456,JPEG,NONE_DEFINED_BY_ARCHIVE,Kaggle ai4a-lab/comprehensive-soil-classification-datasets v1
86,Arid_Soil,Arid_Soil:133,results/confirmatory/recovery/soil/staging/original/Arid_Soil/133.jpg,a2590f0068a006511020b349c8b74c9ebf2011daf7fb17324131ba0bd01ca5cc,97b5e11690b2835ce1ab1eb3bff29c32ae82ecb573e39995054fe87d7c7751bb,320,240,JPEG,NONE_DEFINED_BY_ARCHIVE,Kaggle ai4a-lab/comprehensive-soil-classification-datasets v1
87,Arid_Soil,Arid_Soil:134,results/confirmatory/recovery/soil/staging/original/Arid_Soil/134.jpg,2aab7fa7407107ea5a58049a961337d75a9407b926af363999b3b13b6c001a61,3a76928530671775c7044d5a092e8c07483c8b0bd523643a596262f5a7bf7e60,1024,443,JPEG,NONE_DEFINED_BY_ARCHIVE,Kaggle ai4a-lab/comprehensive-soil-classification-datasets v1
88,Arid_Soil,Arid_Soil:135,results/confirmatory/recovery/soil/staging/original/Arid_Soil/135.jpg,943164ff1b3059b51cb0a7749a82277284f60c470d4a3ba48f3810babb685295,b56bf48a6ac2c570489a31ba54e1a20d41edca8a30fada4f80713341fca01c94,302,584,JPEG,NONE_DEFINED_BY_ARCHIVE,Kaggle ai4a-lab/comprehensive-soil-classification-datasets v1
89,Arid_Soil,Arid_Soil:135,results/confirmatory/recovery/soil/staging/original/Arid_Soil/135a.jpg,c765528601f93cae5178f384e21970d261caada3a35adfb6164069c8e698feeb,8ca23c64080e0906d8e8da9beb55b32efa32d487b03c594c5157e9a6e6ade594,551,370,JPEG,NONE_DEFINED_BY_ARCHIVE,Kaggle ai4a-lab/comprehensive-soil-classification-datasets v1
90,Arid_Soil,Arid_Soil:136,results/confirmatory/recovery/soil/staging/original/Arid_Soil/136.jpg,9a8fdc859002713a35ed460fc915db4dd64c5b8cec85aafdf15645cfaf312988,bb48f610fe31b24da7d305ab534ae2572153a57681e1ec4d27daeaa771c7da39,742,1000,JPEG,NONE_DEFINED_BY_ARCHIVE,Kaggle ai4a-lab/comprehensive-soil-classification-datasets v1
91,Arid_Soil,Arid_Soil:137,results/confirmatory/recovery/soil/staging/original/Arid_Soil/137.jpg,3c8ccb05bdedeff15f9ae07649a5603509b6d1dfc39f23d18ba950bec95c2f97,27ec8506853b6342a613e858db82a89c2ad215d050949d8494779a54e14e5c2a,747,858,JPEG,NONE_DEFINED_BY_ARCHIVE,Kaggle ai4a-lab/comprehensive-soil-classification-datasets v1
92,Arid_Soil,Arid_Soil:138,results/confirmatory/recovery/soil/staging/original/Arid_Soil/138.jpg,59b6077d72977b01c99202bd9d92c4547401b9eff0e7581702a5302489e647eb,cf46231308afbb6fbda01a341f3931ce6a04521e4f5b9916313341644191c457,220,165,JPEG,NONE_DEFINED_BY_ARCHIVE,Kaggle ai4a-lab/comprehensive-soil-classification-datasets v1
93,Arid_Soil,Arid_Soil:139,results/confirmatory/recovery/soil/staging/original/Arid_Soil/139.jpg,34c8807dc3ded3788d9ba03c2352aec71047bc4da139cbce7b4dab3db429c280,ead91d6fde61bc72af18e53ca49a98b353e89c13c10c244d13cb33fa411b52e6,760,443,JPEG,NONE_DEFINED_BY_ARCHIVE,Kaggle ai4a-lab/comprehensive-soil-classification-datasets v1
94,Arid_Soil,Arid_Soil:14,results/confirmatory/recovery/soil/staging/original/Arid_Soil/14.jpg,f657667ff4c9cebe85815bdaed3dd4a74c72551380c97cea6de07d38cb1ac687,4b8c31006da3ebabb9dd333bc88a77d94c0c1f6069f5ccc34a3620a03dd3a8de,800,530,JPEG,NONE_DEFINED_BY_ARCHIVE,Kaggle ai4a-lab/comprehensive-soil-classification-datasets v1
95,Arid_Soil,Arid_Soil:140,results/confirmatory/recovery/soil/staging/original/Arid_Soil/140.jpg,d976204f05298c77dcb90c680f7688b8b4f0d4d503acc68bc283e62205156dea,77b09c3d8bdfd0803f18905db47e49bd738c124693bd3ef0dce526776e978641,1600,200,JPEG,NONE_DEFINED_BY_ARCHIVE,Kaggle ai4a-lab/comprehensive-soil-classification-datasets v1
96,Arid_Soil,Arid_Soil:140,results/confirmatory/recovery/soil/staging/original/Arid_Soil/140a.jpg,4acdbe01e9ee13857c555a41a0c2b4ebeccd501d8aa117b45e6600a8d3af0cfc,92a119222ec062ec6919b9e9b4a39dea7a03d0f01a69720f3c0456d571730d56,437,763,JPEG,NONE_DEFINED_BY_ARCHIVE,Kaggle ai4a-lab/comprehensive-soil-classification-datasets v1
97,Arid_Soil,Arid_Soil:141,results/confirmatory/recovery/soil/staging/original/Arid_Soil/141.jpg,b48d5c3bccad7416bf7e9acb28878c63f71dfa3dde947ba8c8c4aed90f72fcb5,1a400909cdb0d25c3ba7419659575a6313ff362e8abfd0efbcdf182246497cdc,626,418,JPEG,NONE_DEFINED_BY_ARCHIVE,Kaggle ai4a-lab/comprehensive-soil-classification-datasets v1
98,Arid_Soil,Arid_Soil:142,results/confirmatory/recovery/soil/staging/original/Arid_Soil/142.jpg,cf6a8766eb3c835a15f13e99bb216eef7f828d4e6e8936394d2809bb0a7c5705,8b506d64c3d7197ef0e8b2c1c1cc85ab5f830a9e57c4338c3dd2f7b40bea0f47,600,400,JPEG,NONE_DEFINED_BY_ARCHIVE,Kaggle ai4a-lab/comprehensive-soil-classification-datasets v1
99,Arid_Soil,Arid_Soil:143,results/confirmatory/recovery/soil/staging/original/Arid_Soil/143.jpg,f999bf185865de741bf0661d6114cfe47d4e51b478b423b77879703272715f82,29caba83809887846721bc34ac478a21fb8bad88599337248b0cd6928a322cf9,620,537,JPEG,NONE_DEFINED_BY_ARCHIVE,Kaggle ai4a-lab/comprehensive-soil-classification-datasets v1
100,Arid_Soil,Arid_Soil:144,results/confirmatory/recovery/soil/staging/original/Arid_Soil/144.jpg,c28620c70c15f611388566ec4b94f39b0c5c69bba005aeb900b5049bb9e6de14,5c064fbf2cbfaa572b3a2adbac09bbbae8bd16cb3aaf88501d1c8774e0f9cdf8,1600,886,JPEG,NONE_DEFINED_BY_ARCHIVE,Kaggle ai4a-lab/comprehensive-soil-classification-datasets v1
101,Arid_Soil,Arid_Soil:144,results/confirmatory/recovery/soil/staging/original/Arid_Soil/144a.jpg,59e9bf1dca29c475b6270df53973a0f82d98dbbe971318c53baec300503dc047,412e5b154958eef8b21d7aa713494f9c27b41a888716c2d0c719f27540e2c961,1600,640,JPEG,NONE_DEFINED_BY_ARCHIVE,Kaggle ai4a-lab/comprehensive-soil-classification-datasets v1
102,Arid_Soil,Arid_Soil:145,results/confirmatory/recovery/soil/staging/original/Arid_Soil/145.jpg,1a1664a7f5bf5b1386647decb37904ae34971ca0f50668bf03e6925e5cf1cf40,33d55fed51bb5c132c1941ee6f4695236fa5785a2b0e53d4ffc6d64f34bb10b3,1024,424,JPEG,NONE_DEFINED_BY_ARCHIVE,Kaggle ai4a-lab/comprehensive-soil-classification-datasets v1
103,Arid_Soil,Arid_Soil:146,results/confirmatory/recovery/soil/staging/original/Arid_Soil/146.jpg,7b72deec09dd77c67faac605e18d1af6b7a06d2cec6d36ad0986821a357a41da,896298e59198c27eeeb61ce51e23a1cf13acf6d348cabbcf8540aaba8c63537a,850,319,JPEG,NONE_DEFINED_BY_ARCHIVE,Kaggle ai4a-lab/comprehensive-soil-classification-datasets v1
104,Arid_Soil,Arid_Soil:147,results/confirmatory/recovery/soil/staging/original/Arid_Soil/147.jpg,952910c8a091eae09b9de22bcba4848929e8829f005c262acdaae59ad42b631c,202b5e87c7548a342703044279f79b8b89f6f5e6d9e9cc65fea55d44d9d1b8a9,347,420,JPEG,NONE_DEFINED_BY_ARCHIVE,Kaggle ai4a-lab/comprehensive-soil-classification-datasets v1
105,Arid_Soil,Arid_Soil:148,results/confirmatory/recovery/soil/staging/original/Arid_Soil/148.jpg,7dc2385ea1af48bee6ceaef2bd074aadb6c47aa1d7099bbfccf835beb96e60f8,3e4e4432b75cca4008a538ed7b195b34700826efa3da45c4480481152708b5ba,1300,870,JPEG,NONE_DEFINED_BY_ARCHIVE,Kaggle ai4a-lab/comprehensive-soil-classification-datasets v1
106,Arid_Soil,Arid_Soil:149,results/confirmatory/recovery/soil/staging/original/Arid_Soil/149.jpg,2dd5ff067130711f0aba18ffb1ceeb438c7eed76a978684fe5e370f10bde37b6,f2b61514008759f50558c6a04c7a4eab52810ebef3381a7124ec53f5589245e6,800,480,JPEG,NONE_DEFINED_BY_ARCHIVE,Kaggle ai4a-lab/comprehensive-soil-classification-datasets v1
107,Arid_Soil,Arid_Soil:15,results/confirmatory/recovery/soil/staging/original/Arid_Soil/15.jpg,c78d8de09701736261475305572784d95e6138536c4a1b81021b85ce1aa0f02c,93baea49f83ff51fdbf25ce42fe1988a21b6427ecd4c1f8106235a4b042eed30,1504,1568,JPEG,NONE_DEFINED_BY_ARCHIVE,Kaggle ai4a-lab/comprehensive-soil-classification-datasets v1
108,Arid_Soil,Arid_Soil:150,results/confirmatory/recovery/soil/staging/original/Arid_Soil/150.jpg,08cf76785d5251ce3597e06478333b03f2931faa8b624ef49323249a722a749b,e04a3982094946534d6c90248347be6d6aa762e60f5baf37aca9eddc55d0013a,1435,1154,JPEG,NONE_DEFINED_BY_ARCHIVE,Kaggle ai4a-lab/comprehensive-soil-classification-datasets v1
109,Arid_Soil,Arid_Soil:151,results/confirmatory/recovery/soil/staging/original/Arid_Soil/151.jpg,6ba7116168c79a4e335d156c53086fe5bd24844334c9416d66a72b8ed4b96cd4,ae4442d38455fa7000c007b38b91e4d564f045a3c70ecd1351ab6bf87e2471cd,626,416,JPEG,NONE_DEFINED_BY_ARCHIVE,Kaggle ai4a-lab/comprehensive-soil-classification-datasets v1
110,Arid_Soil,Arid_Soil:152,results/confirmatory/recovery/soil/staging/original/Arid_Soil/152.jpg,3a264e92d65a17ed2a24ee9ed55a519bc7567eb2128506cd6854452b996de77f,03b2b1a9e6d691d398e8c25a8e500d9587b9fd729dde6a9dfe65f41f73405976,1000,334,JPEG,NONE_DEFINED_BY_ARCHIVE,Kaggle ai4a-lab/comprehensive-soil-classification-datasets v1
111,Arid_Soil,Arid_Soil:153,results/confirmatory/recovery/soil/staging/original/Arid_Soil/153.jpg,b664a6e2b69364c651c98e12e7f517fe5913fc4c645ef27db4cf2c8ddef97e74,4bced705de0dc9a00ab7d688d9f092ea1f9a6ece0726aaae1541e8df8fe7c6d1,1600,1064,JPEG,NONE_DEFINED_BY_ARCHIVE,Kaggle ai4a-lab/comprehensive-soil-classification-datasets v1
112,Arid_Soil,Arid_Soil:154,results/confirmatory/recovery/soil/staging/original/Arid_Soil/154.jpg,9a8cf5e1ce7402a4c126aea194eaaadec9b388aa72815d2abbd7a3223eb8db5e,228a1bfe0e773a322f85ed82ddaa222f07c60d0f44379aeb057f679c1f32590d,1300,859,JPEG,NONE_DEFINED_BY_ARCHIVE,Kaggle ai4a-lab/comprehensive-soil-classification-datasets v1
113,Arid_Soil,Arid_Soil:155,results/confirmatory/recovery/soil/staging/original/Arid_Soil/155.jpg,0463abc8d519bcbbac848e015958b66459da4ba96be66a1349e4df5a4b218eba,f0074fe0eff180ff53f66d81e984a3358538dc9829020c19132a654954a8682f,2400,1600,JPEG,NONE_DEFINED_BY_ARCHIVE,Kaggle ai4a-lab/comprehensive-soil-classification-datasets v1
114,Arid_Soil,Arid_Soil:156,results/confirmatory/recovery/soil/staging/original/Arid_Soil/156.jpg,d3ce26fda084dcc7df3332fb5e0050d44bb5427f612550ffc495bf4802baa219,1fc6bafa4fd5ac8c6576dff44f5059dfd65a07cc63b281c1e803a0b55fb99c2b,800,519,JPEG,NONE_DEFINED_BY_ARCHIVE,Kaggle ai4a-lab/comprehensive-soil-classification-datasets v1
115,Arid_Soil,Arid_Soil:157,results/confirmatory/recovery/soil/staging/original/Arid_Soil/157.jpg,8d6c8d4ae6dcbc96a94d46d7de267a13cc438c132025602d702840f5ed517b02,2230b223cbf059bce8a30154ce0c6b67978f9e6538e6371a3e6b1c3265c1d603,477,349,JPEG,NONE_DEFINED_BY_ARCHIVE,Kaggle ai4a-lab/comprehensive-soil-classification-datasets v1
116,Arid_Soil,Arid_Soil:158,results/confirmatory/recovery/soil/staging/original/Arid_Soil/158.jpg,c1ea1b29ad09f8753acb6fdef70de0f793762f14f0f7b318e7c95d4c9da1a0cc,050ea9fad2ff3b0b0d5591df7537acd25ff1161334defb27614a65e75df9e130,465,279,JPEG,NONE_DEFINED_BY_ARCHIVE,Kaggle ai4a-lab/comprehensive-soil-classification-datasets v1
117,Arid_Soil,Arid_Soil:159,results/confirmatory/recovery/soil/staging/original/Arid_Soil/159.jpg,f2c48657326886d743ae0a8a41bf238c5508b34add49e7e493eae4cc3f23da53,d1fe9886377695fba3a8add1edd3c46d8933163f14442c445003e8d25ddfb4a7,626,417,JPEG,NONE_DEFINED_BY_ARCHIVE,Kaggle ai4a-lab/comprehensive-soil-classification-datasets v1
118,Arid_Soil,Arid_Soil:16,results/confirmatory/recovery/soil/staging/original/Arid_Soil/16.jpg,412a3c18dbfc9d9356d775553edc7b492669957bce7e56d0d3c886af38c42054,7fe4402935ae7a18450cf3d3b03bb986fd7f02996072fa4df28dcfec6a04612c,605,644,JPEG,NONE_DEFINED_BY_ARCHIVE,Kaggle ai4a-lab/comprehensive-soil-classification-datasets v1
119,Arid_Soil,Arid_Soil:161,results/confirmatory/recovery/soil/staging/original/Arid_Soil/161.jpg,0db75ffbf0c3acb15ec1561452b4f9dfff86f41dc3406027da20b71e8ccdc232,e7647b068d4c026985c12f952a4265b6170fb484f17403a39e9212be65014cce,960,636,JPEG,NONE_DEFINED_BY_ARCHIVE,Kaggle ai4a-lab/comprehensive-soil-classification-datasets v1
120,Arid_Soil,Arid_Soil:162,results/confirmatory/recovery/soil/staging/original/Arid_Soil/162.jpg,c59e66309be7bf9f2d4df667a9f2cae83c252f9149f0325f8edcfccfc12908e4,05a7fab584c9205690d0b274ec1487389a7810637422d7ad3e40f67cc938d6ad,584,389,JPEG,NONE_DEFINED_BY_ARCHIVE,Kaggle ai4a-lab/comprehensive-soil-classification-datasets v1
121,Arid_Soil,Arid_Soil:163,results/confirmatory/recovery/soil/staging/original/Arid_Soil/163.jpg,02941cdab3f65e75c676e8bc3f507e525ccd066b48e6028757ebf6e686ae9716,21bd32ab9f1896207e3bb67a05e94b3c03e1ee517f20a2d564a0605b19ce56d2,814,283,JPEG,NONE_DEFINED_BY_ARCHIVE,Kaggle ai4a-lab/comprehensive-soil-classification-datasets v1
122,Arid_Soil,Arid_Soil:163,results/confirmatory/recovery/soil/staging/original/Arid_Soil/163a.jpg,ad0934a651bc3bc3aaff82b9ea9a99564092706dbf338badda81f0cd51fde4a6,908a97607ffa1241d86ae577f2f91bb975f9eee377c3236bc596f168f7c57f47,735,303,JPEG,NONE_DEFINED_BY_ARCHIVE,Kaggle ai4a-lab/comprehensive-soil-classification-datasets v1
123,Arid_Soil,Arid_Soil:164,results/confirmatory/recovery/soil/staging/original/Arid_Soil/164.jpg,1728e21219d417609c4802fdd8ecd997dc29ed547804c448f10390262263ac40,01baaee86f7115498b32e2b8a738f9f48ec8cf2ee05c634719f3b75702e1aa46,1600,1200,JPEG,NONE_DEFINED_BY_ARCHIVE,Kaggle ai4a-lab/comprehensive-soil-classification-datasets v1
124,Arid_Soil,Arid_Soil:165,results/confirmatory/recovery/soil/staging/original/Arid_Soil/165.jpg,2f13336eb96792af08b37c924f7015c79d3794bdcd0668928a5fd30c3e511bc1,f12e0f3bfbe21622f8d6072b1a370c68f41a7dfb99285ce29cd968cbb4e8820b,600,227,JPEG,NONE_DEFINED_BY_ARCHIVE,Kaggle ai4a-lab/comprehensive-soil-classification-datasets v1
125,Arid_Soil,Arid_Soil:166,results/confirmatory/recovery/soil/staging/original/Arid_Soil/166.jpg,82ebc616fc2d8742734cd7234f03465f826e7e1c8a877493de7b8428e7f16543,07268c8cfdce2f624f36096b8a630caacdfd4ae2a51ee8208b11049e3debebf7,600,399,JPEG,NONE_DEFINED_BY_ARCHIVE,Kaggle ai4a-lab/comprehensive-soil-classification-datasets v1
126,Arid_Soil,Arid_Soil:167,results/confirmatory/recovery/soil/staging/original/Arid_Soil/167.jpg,3a704f269e5591a8e8f640f0857f3739969e17c45dab0745bab8bcfeded02205,87b0d3df739d524152a0d4ad1ef2f224a26026b252beb2f8b661bd65aa8d7fd3,384,224,JPEG,NONE_DEFINED_BY_ARCHIVE,Kaggle ai4a-lab/comprehensive-soil-classification-datasets v1
127,Arid_Soil,Arid_Soil:168,results/confirmatory/recovery/soil/staging/original/Arid_Soil/168.jpg,0c3b73357a3648127d4a5cab39c47e5af8136aeb2d4111d4a2c9644ecd34857a,ef599752d927072a8e20a5c2d17df3a3dc69c3d2700594286ca74baf47c6c060,209,152,JPEG,NONE_DEFINED_BY_ARCHIVE,Kaggle ai4a-lab/comprehensive-soil-classification-datasets v1
128,Arid_Soil,Arid_Soil:169,results/confirmatory/recovery/soil/staging/original/Arid_Soil/169.jpg,d5fbfc1b60c3cac3e20aa385836c583a579cb0c0592eedb3d84b94bcadd59249,678a6104fa2ed552260f6a1227dc76dc8be84e99e5bd7acac77badbc5429d2f3,640,261,JPEG,NONE_DEFINED_BY_ARCHIVE,Kaggle ai4a-lab/comprehensive-soil-classification-datasets v1
129,Arid_Soil,Arid_Soil:16,results/confirmatory/recovery/soil/staging/original/Arid_Soil/16a.jpg,ec7c9ba61087983d27dbc06e3fb0ca765eaeda1a3412a6262f5c1c6237faa906,abe78651d4d60bb3dcc46e5e4449ed7b4d413f3a190854534cb0d43d7a98e572,1024,415,JPEG,NONE_DEFINED_BY_ARCHIVE,Kaggle ai4a-lab/comprehensive-soil-classification-datasets v1
130,Arid_Soil,Arid_Soil:16,results/confirmatory/recovery/soil/staging/original/Arid_Soil/16b.jpg,775096fef02f367af5d070e8cc0fa1b6d7ef5cd44117e2bf4e947c0d0c27a20b,738b5d370e26dc978c3b26bbb99c82703bab69e6dffd272897011f86fdc9b96b,565,407,JPEG,NONE_DEFINED_BY_ARCHIVE,Kaggle ai4a-lab/comprehensive-soil-classification-datasets v1
131,Arid_Soil,Arid_Soil:17,results/confirmatory/recovery/soil/staging/original/Arid_Soil/17.jpg,5be1c4f4fd03a4a28e7eb248887ceb966f75b1b043794e879414735781407ea3,7439ec0cb62c4f76439c1ae5b21dfa5e33689b459070fc3a76b9d17cd44c196f,200,200,JPEG,NONE_DEFINED_BY_ARCHIVE,Kaggle ai4a-lab/comprehensive-soil-classification-datasets v1
132,Arid_Soil,Arid_Soil:170,results/confirmatory/recovery/soil/staging/original/Arid_Soil/170.jpg,5cea2faeae6cd233b45cf729d0863df248d5a674cbb7df9ad765fad6aefd534e,0fd9bab73322708be6aae27a6eb49784af0b51252a6afa1e79fed4e8b37ccd5d,350,217,JPEG,NONE_DEFINED_BY_ARCHIVE,Kaggle ai4a-lab/comprehensive-soil-classification-datasets v1
133,Arid_Soil,Arid_Soil:171,results/confirmatory/recovery/soil/staging/original/Arid_Soil/171.jpg,7f79a06cd9279b4c9a2271143d75006cd77406c92a684153e865e5eab8eca02a,7f6f60fadeb6d7a27f905429f24aa3494a5f33627cb3394cb127a07e5cd8337b,1280,720,JPEG,NONE_DEFINED_BY_ARCHIVE,Kaggle ai4a-lab/comprehensive-soil-classification-datasets v1
134,Arid_Soil,Arid_Soil:172,results/confirmatory/recovery/soil/staging/original/Arid_Soil/172.jpg,81ad25227c48bd3b8efaa112001a96662fefc4bc60c2032a9262a35f0902c08d,70edd68981c45540970b96fd2d15f3805ff7a7bcdc0bcca5e90319120000b4b5,400,147,JPEG,NONE_DEFINED_BY_ARCHIVE,Kaggle ai4a-lab/comprehensive-soil-classification-datasets v1
135,Arid_Soil,Arid_Soil:173,results/confirmatory/recovery/soil/staging/original/Arid_Soil/173.jpg,593acefb3b462cf6dc2b7f102d4a59c50b684a4ad438649f6169e7cdc27acb73,1937705701a51e6061fde2a3b91c3467f1d4789fdb182f9875f0c3c3a84e1d75,800,432,JPEG,NONE_DEFINED_BY_ARCHIVE,Kaggle ai4a-lab/comprehensive-soil-classification-datasets v1
136,Arid_Soil,Arid_Soil:174,results/confirmatory/recovery/soil/staging/original/Arid_Soil/174.jpg,68836e39d86cf330b18c4f38afeb41968326000f63769e3238e8effb86c3c802,ed84705d42b3879d3a40f3d974e2c7dc4210c4599e2fcda6ad14ca6eef523efb,600,429,JPEG,NONE_DEFINED_BY_ARCHIVE,Kaggle ai4a-lab/comprehensive-soil-classification-datasets v1
137,Arid_Soil,Arid_Soil:175,results/confirmatory/recovery/soil/staging/original/Arid_Soil/175.jpg,b78fb7d6b4beb085f28e20c9102a28f6122f32437ac8b5d0eb57f0555ae528b3,2acd61aa0963f2a0170df4a26dd751a6042d9c7aad090bcd0db59aeebc9d1e1f,2940,1151,JPEG,NONE_DEFINED_BY_ARCHIVE,Kaggle ai4a-lab/comprehensive-soil-classification-datasets v1
138,Arid_Soil,Arid_Soil:176,results/confirmatory/recovery/soil/staging/original/Arid_Soil/176.jpg,ca442e2714300ffa2bacd872eb352de8352277847817772aae73776bf560d748,b8e1fcb1a9b2ac5dec75283b8e41021903c1bc2dae25902ba23c0f58715657fe,1460,586,JPEG,NONE_DEFINED_BY_ARCHIVE,Kaggle ai4a-lab/comprehensive-soil-classification-datasets v1
139,Arid_Soil,Arid_Soil:177,results/confirmatory/recovery/soil/staging/original/Arid_Soil/177.jpg,06d2981709778f134ef5fdcdcd585572ac11730e4bdd7f929b5e0c877c68ddfd,870b442b7ff71e6daf8000ab78d31e72335f9a0273f5359d56f69906f3bbc7c5,540,263,JPEG,NONE_DEFINED_BY_ARCHIVE,Kaggle ai4a-lab/comprehensive-soil-classification-datasets v1
140,Arid_Soil,Arid_Soil:178,results/confirmatory/recovery/soil/staging/original/Arid_Soil/178.jpg,155cb8680c0367d8090e6ca0d6ccd2bb75f6d419b9ce1bc08aec8666dc179a81,9778927fe938067c631898d546e293b612656e2bc65a8b5130af0be8d0587b80,177,300,JPEG,NONE_DEFINED_BY_ARCHIVE,Kaggle ai4a-lab/comprehensive-soil-classification-datasets v1
141,Arid_Soil,Arid_Soil:179,results/confirmatory/recovery/soil/staging/original/Arid_Soil/179.jpg,e10b58b0d60f1d956a9625c7aa115f1480e193a09a7c53c4117a96ef3e305333,bfdb28057377e0c479abe805d1833432a54539e9746077b3392aeeb22e8f5d9e,640,214,JPEG,NONE_DEFINED_BY_ARCHIVE,Kaggle ai4a-lab/comprehensive-soil-classification-datasets v1
142,Arid_Soil,Arid_Soil:18,results/confirmatory/recovery/soil/staging/original/Arid_Soil/18.jpg,1a31a8de1681fd20b02df589b5846c6e420f05d91601c8f3a308f4660778fc31,a387c00d65d4105aa531e87a716e6d3c0809e707098c24070da938cd0019ac36,610,650,JPEG,NONE_DEFINED_BY_ARCHIVE,Kaggle ai4a-lab/comprehensive-soil-classification-datasets v1
143,Arid_Soil,Arid_Soil:180,results/confirmatory/recovery/soil/staging/original/Arid_Soil/180.jpg,0da48782834542a2bd4b930a2a6605e36463d40d620f0b7e857c22c3d148dd29,17be7d5c6b5945c1ced293cc04a3799698bef7e5ea7bfa07092e1e66738874e0,309,269,JPEG,NONE_DEFINED_BY_ARCHIVE,Kaggle ai4a-lab/comprehensive-soil-classification-datasets v1
144,Arid_Soil,Arid_Soil:181,results/confirmatory/recovery/soil/staging/original/Arid_Soil/181.jpg,d06fafb8cddfedb8a548d3c66e21fe155004e9d3e989611faf2606097409b37b,bbc2f742dec768261b0b9d26c7de87d6ac096413d856b255eefdea4cda0df125,600,287,JPEG,NONE_DEFINED_BY_ARCHIVE,Kaggle ai4a-lab/comprehensive-soil-classification-datasets v1
145,Arid_Soil,Arid_Soil:182,results/confirmatory/recovery/soil/staging/original/Arid_Soil/182.jpg,581284dfb689d25bde7205c4bf29622c766a2b36c063037c851d0bc98dc26b6b,ffd636ff7f03e05a7578c899c5482280b4d1f64703318835377d016ae38c0d3d,600,274,JPEG,NONE_DEFINED_BY_ARCHIVE,Kaggle ai4a-lab/comprehensive-soil-classification-datasets v1
146,Arid_Soil,Arid_Soil:183,results/confirmatory/recovery/soil/staging/original/Arid_Soil/183.jpg,d69a8025288f13f9b176115a0a8ef9eded07fc67f03fc04fa93daa7b9b435683,e17f4f2c3b02142aac26855c601b875f99dc22bc4271ec4b8c3331b1ba7ca5b7,2560,1052,JPEG,NONE_DEFINED_BY_ARCHIVE,Kaggle ai4a-lab/comprehensive-soil-classification-datasets v1
147,Arid_Soil,Arid_Soil:183,results/confirmatory/recovery/soil/staging/original/Arid_Soil/183a.jpg,18df358b20ccff3872e59d10d68499e94d25ff33214a875f6b9e91028e69ea2b,5d7d8c31539995af95f49a29306f46108ece54563cbea67b975761b86b5d3bee,1126,798,JPEG,NONE_DEFINED_BY_ARCHIVE,Kaggle ai4a-lab/comprehensive-soil-classification-datasets v1
148,Arid_Soil,Arid_Soil:183,results/confirmatory/recovery/soil/staging/original/Arid_Soil/183b.jpg,392c5a1a15eb90052fe4cd0475e59d633b4c98d7bc4c6bfef23899e4c43bf30d,aebc89ef733f72ba9197404fc002e15163eaa9f81839cedb366585c9ee21ad3f,2560,821,JPEG,NONE_DEFINED_BY_ARCHIVE,Kaggle ai4a-lab/comprehensive-soil-classification-datasets v1
149,Arid_Soil,Arid_Soil:183,results/confirmatory/recovery/soil/staging/original/Arid_Soil/183c.jpg,09e4d1d71abd809a3510ca8dad4e9e0c8d8d694854d2504e729c3c82efb51aa4,193c0c40213d97a5e16314249869ff9baf1ef35460f30431b3ea99ef5e9bce11,1291,715,JPEG,NONE_DEFINED_BY_ARCHIVE,Kaggle ai4a-lab/comprehensive-soil-classification-datasets v1
150,Arid_Soil,Arid_Soil:184,results/confirmatory/recovery/soil/staging/original/Arid_Soil/184.jpg,d3e3457d5a9846fe8920cc6d1f825e56d5fa674151e0b64f94cd4847e418d622,8f4b0fcff618a1103720cda8387b0425de6f5330f364ba19ebd7b1916622150c,240,180,JPEG,NONE_DEFINED_BY_ARCHIVE,Kaggle ai4a-lab/comprehensive-soil-classification-datasets v1
151,Arid_Soil,Arid_Soil:185,results/confirmatory/recovery/soil/staging/original/Arid_Soil/185.jpg,ffda930bc2a9d681fba7fcfbf46192a883e122981600d77107073004c670501e,551e90e24104b5a0ec4ef2cfd4aec378b35162f6db001756a8f1c0448e759467,417,285,JPEG,NONE_DEFINED_BY_ARCHIVE,Kaggle ai4a-lab/comprehensive-soil-classification-datasets v1
152,Arid_Soil,Arid_Soil:186,results/confirmatory/recovery/soil/staging/original/Arid_Soil/186.jpg,40d8e92615f40489b86cbaba4cc184db6e18520ad8e107302126e08e15a7e70e,7a577c062812f3420ce129ffc62ddd2e4f64269eeabe9671af0f93e91e9a3720,1600,677,JPEG,NONE_DEFINED_BY_ARCHIVE,Kaggle ai4a-lab/comprehensive-soil-classification-datasets v1
153,Arid_Soil,Arid_Soil:187,results/confirmatory/recovery/soil/staging/original/Arid_Soil/187.jpg,dadf7fb89f1fbe5fa2345ac5aae528d6ea25ce15490af3ed0f652e369f8e2a06,146d2e670f365ce47367032ebbea257338ab534d4519d0ed64fae8674d5b90fc,720,742,JPEG,NONE_DEFINED_BY_ARCHIVE,Kaggle ai4a-lab/comprehensive-soil-classification-datasets v1
154,Arid_Soil,Arid_Soil:188,results/confirmatory/recovery/soil/staging/original/Arid_Soil/188.jpg,433974d51cb09ca264121eed9ecc8961da958d36f4a689800a4f0300ec99a7c6,b5e40852d3a41549f5ab8ace258d2f990474de514b1480cf6320bccd9bddf110,602,321,JPEG,NONE_DEFINED_BY_ARCHIVE,Kaggle ai4a-lab/comprehensive-soil-classification-datasets v1
155,Arid_Soil,Arid_Soil:189,results/confirmatory/recovery/soil/staging/original/Arid_Soil/189.jpg,848e1aea38e9396b19173bbc5dea00f373a365eda729566165510279e4dccc2b,6a4b47ae1b610d56c7e38898e9490cb6690e3443abb26cd876211c66d62b7800,640,448,JPEG,NONE_DEFINED_BY_ARCHIVE,Kaggle ai4a-lab/comprehensive-soil-classification-datasets v1
156,Arid_Soil,Arid_Soil:18,results/confirmatory/recovery/soil/staging/original/Arid_Soil/18a.jpg,b968b2074511618e4cb279b60c8e1fa268c3849f3f70119ab5ee6ea5f2b33847,070cc399f1e67211ef0abbac098be84503e8d780465cd3f584282fb0fd6664b0,1024,413,JPEG,NONE_DEFINED_BY_ARCHIVE,Kaggle ai4a-lab/comprehensive-soil-classification-datasets v1
157,Arid_Soil,Arid_Soil:18,results/confirmatory/recovery/soil/staging/original/Arid_Soil/18b.jpg,3e3a651c6290d0aafb1914cf678e54cf453705e425405d45d6ae7d5a24e58af6,76e524e0b8a862b3b5a05a40596c0147dcddd86d0c99f3b8bdd1f7eb382ad9e0,442,412,JPEG,NONE_DEFINED_BY_ARCHIVE,Kaggle ai4a-lab/comprehensive-soil-classification-datasets v1
158,Arid_Soil,Arid_Soil:19,results/confirmatory/recovery/soil/staging/original/Arid_Soil/19.jpg,8cd73bade9b9c04b8b9e4fda11763064e9d240fcc69c32aa9aa0391d79da78f4,c78e16c6209bd366dd0fc767fded65e4178c43861b8a4e9ad4a6ae7313164267,1300,589,JPEG,NONE_DEFINED_BY_ARCHIVE,Kaggle ai4a-lab/comprehensive-soil-classification-datasets v1
159,Arid_Soil,Arid_Soil:190,results/confirmatory/recovery/soil/staging/original/Arid_Soil/190.jpg,c3ffe99cfa536289e4afc127f2b72d96886af17df330e01c9e99a1e61bf653d5,25cee460a03ae3555bd50a4849889cf5ba7b4883ab2524c068a28e6099e07024,844,411,JPEG,NONE_DEFINED_BY_ARCHIVE,Kaggle ai4a-lab/comprehensive-soil-classification-datasets v1
160,Arid_Soil,Arid_Soil:191,results/confirmatory/recovery/soil/staging/original/Arid_Soil/191.jpg,c60d4694103323385b041de4679b935a64217c4d67cd1e0acf753e55b612d700,8e1f6105c1310258afb66f58d1dab79fddada881e353e669e114821cf8dc3eac,900,311,JPEG,NONE_DEFINED_BY_ARCHIVE,Kaggle ai4a-lab/comprehensive-soil-classification-datasets v1
161,Arid_Soil,Arid_Soil:191,results/confirmatory/recovery/soil/staging/original/Arid_Soil/191a.jpg,8a37a92ca2404ac34cef4258946e20c1d642e3c6d1a607169e3fa1c2fc99695b,c4d9b348190ea37b16b8baddf6f8002525532fbdc4c5177bb127b7d4cdea2446,405,618,JPEG,NONE_DEFINED_BY_ARCHIVE,Kaggle ai4a-lab/comprehensive-soil-classification-datasets v1
162,Arid_Soil,Arid_Soil:192,results/confirmatory/recovery/soil/staging/original/Arid_Soil/192.jpg,bde8d0f5d607116666144035fc20dfc37b4ecd1ce6b54827a9065b75d4a76609,d2de048a01fa0c689b78865d6b1461116045b6b1aaf8cc5409c64ab021cee92c,2160,1155,JPEG,NONE_DEFINED_BY_ARCHIVE,Kaggle ai4a-lab/comprehensive-soil-classification-datasets v1
163,Arid_Soil,Arid_Soil:193,results/confirmatory/recovery/soil/staging/original/Arid_Soil/193.jpg,e39f4c0738e59e345fc39744f36a5290a8552b4b93fc6ee43eacf9b86cb07e89,61ab159da72cb5c8b45eab2f999f42346a7d244747f2e26301249db7982768c9,1030,480,JPEG,NONE_DEFINED_BY_ARCHIVE,Kaggle ai4a-lab/comprehensive-soil-classification-datasets v1
164,Arid_Soil,Arid_Soil:194,results/confirmatory/recovery/soil/staging/original/Arid_Soil/194.jpg,1593d97be97356045e5fa5ff5755c1b5049b4a3e9d049948eeefb8c518ccf5bd,85b107924a061f829fea80349bcf533358e4bfe011102cd8cda698cf081a8672,200,115,JPEG,NONE_DEFINED_BY_ARCHIVE,Kaggle ai4a-lab/comprehensive-soil-classification-datasets v1
165,Arid_Soil,Arid_Soil:195,results/confirmatory/recovery/soil/staging/original/Arid_Soil/195.jpg,90ff13e9fb4e97c2db0e1eb649fef863b6f4285c98c44c27efd14b18e2051639,a24b42ee1d0a618cd43a6482a57d28c85842e83c601eb265bab9b4156cd7dc98,2568,2048,JPEG,NONE_DEFINED_BY_ARCHIVE,Kaggle ai4a-lab/comprehensive-soil-classification-datasets v1
166,Arid_Soil,Arid_Soil:196,results/confirmatory/recovery/soil/staging/original/Arid_Soil/196.jpg,c33e90b1e3ddcbd5045907b0985bf2859b6ac012e439e69984a5058b3fb49b42,5f804cb694824da633c60c780f94ab74ea9987e6260022387fc5bfeb69a4a377,480,318,JPEG,NONE_DEFINED_BY_ARCHIVE,Kaggle ai4a-lab/comprehensive-soil-classification-datasets v1
167,Arid_Soil,Arid_Soil:197,results/confirmatory/recovery/soil/staging/original/Arid_Soil/197.jpg,0440c798b8c8f643cf205b7fb1c9f3779283b0a2356ca224c69413ff0300b9c0,035895a04c09f1fba019e8c6e70aaba5a8386dba871dfa6a70b22a8e4bd22aad,381,235,JPEG,NONE_DEFINED_BY_ARCHIVE,Kaggle ai4a-lab/comprehensive-soil-classification-datasets v1
168,Arid_Soil,Arid_Soil:198,results/confirmatory/recovery/soil/staging/original/Arid_Soil/198.jpg,8fa01e4660754bb5204cbb3df106ca75a894a8b8d2a2e6efa934c2bccf306d34,9ec69fbc295b383d5274e6caff1b71b10022da94c22cd489d7f780dd03709b21,800,278,JPEG,NONE_DEFINED_BY_ARCHIVE,Kaggle ai4a-lab/comprehensive-soil-classification-datasets v1
169,Arid_Soil,Arid_Soil:198,results/confirmatory/recovery/soil/staging/original/Arid_Soil/198a.jpg,510a8a248afd099f2ac5e5de3ef460ed6e4ff035bfd5bf9f2fffc32a4b80dab5,0b5fedc75d4e1f5953da6020281bc6b19e2358a7766dbafefe89542598c74a5b,800,335,JPEG,NONE_DEFINED_BY_ARCHIVE,Kaggle ai4a-lab/comprehensive-soil-classification-datasets v1
170,Arid_Soil,Arid_Soil:199,results/confirmatory/recovery/soil/staging/original/Arid_Soil/199.jpg,c31170e6149e0b02143fc9e1fb0719ae65881af01dc6ec63346939e64da1220c,b7c2f7119b3273e6aefd6dcea9a1f19d9b108592f0f803b035b9b5022817d493,626,418,JPEG,NONE_DEFINED_BY_ARCHIVE,Kaggle ai4a-lab/comprehensive-soil-classification-datasets v1
171,Arid_Soil,Arid_Soil:2,results/confirmatory/recovery/soil/staging/original/Arid_Soil/2.jpg,b517f5474137f24a1c0e4a09227a953ae2ed827ba3bbfbc536e3baf317f425e9,c99ad892c843aba91646f75a6466864f305fda872124f460d95eb791611f9720,320,170,JPEG,NONE_DEFINED_BY_ARCHIVE,Kaggle ai4a-lab/comprehensive-soil-classification-datasets v1
172,Arid_Soil,Arid_Soil:20,results/confirmatory/recovery/soil/staging/original/Arid_Soil/20.jpg,ee62d7be87dd22e4297b3dbe124b143177b6865a126d634957e26419e1b8739d,b2643dc68406fe5054555c9d625f9580331fa5963b687780aed4cbca1584772e,405,249,JPEG,NONE_DEFINED_BY_ARCHIVE,Kaggle ai4a-lab/comprehensive-soil-classification-datasets v1
173,Arid_Soil,Arid_Soil:201,results/confirmatory/recovery/soil/staging/original/Arid_Soil/201.jpg,21fb4a710b65917bc0a84d3674710d06c35d76bcd062812bbcffe08df72ff3d0,e2922bad9b5e0da2a811994e4a6dc5441d93141cdf06c2189482d0a6adf8e736,700,358,JPEG,NONE_DEFINED_BY_ARCHIVE,Kaggle ai4a-lab/comprehensive-soil-classification-datasets v1
174,Arid_Soil,Arid_Soil:203,results/confirmatory/recovery/soil/staging/original/Arid_Soil/203.jpg,3bf6dffa44708eb805d1d8e83b6ea2a9cc5e8dd4ab324efc5791a6868c59962c,24d72e3e38831f97764bb8bf45468489ccf21b45453e188a960b87f7c3dbee89,626,390,JPEG,NONE_DEFINED_BY_ARCHIVE,Kaggle ai4a-lab/comprehensive-soil-classification-datasets v1
175,Arid_Soil,Arid_Soil:204,results/confirmatory/recovery/soil/staging/original/Arid_Soil/204.jpg,da5d2d29d6d05d07acd3d0c3f0b737d206541f0945e1720d2acada16f81cbe5f,df8a16d44dcf49a3649a25134942523560ed02f0224565dd56bfd654e8d815e3,929,1290,JPEG,NONE_DEFINED_BY_ARCHIVE,Kaggle ai4a-lab/comprehensive-soil-classification-datasets v1
176,Arid_Soil,Arid_Soil:205,results/confirmatory/recovery/soil/staging/original/Arid_Soil/205.jpg,3fe9c3274865abc03172fc377b376b31d9345399d92e8e3f1251c4b2b6c6cb05,3986b32ca3fbca81c494f2fdd4d319a0b400b830a247967203f333ca0686fd60,1300,857,JPEG,NONE_DEFINED_BY_ARCHIVE,Kaggle ai4a-lab/comprehensive-soil-classification-datasets v1
177,Arid_Soil,Arid_Soil:207,results/confirmatory/recovery/soil/staging/original/Arid_Soil/207.jpg,b0c40906467c8035e08a3122740849d9daafbb4d7794d3252ad46810598a016b,b30614830f3280c0207ff6f8aefaf3afa04df4d79d689d60449bd264e2b9eb88,1024,434,JPEG,NONE_DEFINED_BY_ARCHIVE,Kaggle ai4a-lab/comprehensive-soil-classification-datasets v1
178,Arid_Soil,Arid_Soil:207,results/confirmatory/recovery/soil/staging/original/Arid_Soil/207a.jpg,ef0188eade84f8bed110a9c1ad9334cd31497007087558470bf09342e49a96bf,95c20e163b00f61eea54e67ad4b39f20736f7da77cf3fa3b3a1e640e3f918847,1024,278,JPEG,NONE_DEFINED_BY_ARCHIVE,Kaggle ai4a-lab/comprehensive-soil-classification-datasets v1
179,Arid_Soil,Arid_Soil:208,results/confirmatory/recovery/soil/staging/original/Arid_Soil/208.jpg,c97acdafc18aa89775baf70165fe44ee83d8396ac2321fd88b35bc6e40fa7bb8,c0660a0fae16841a3ee175ee16791df8b7c575a4df90b87aeda4bf9970f96280,860,580,JPEG,NONE_DEFINED_BY_ARCHIVE,Kaggle ai4a-lab/comprehensive-soil-classification-datasets v1
180,Arid_Soil,Arid_Soil:209,results/confirmatory/recovery/soil/staging/original/Arid_Soil/209.jpg,947c22eee7e3c2d24dd921c3d66bf92fc85052b72380f81382c24f7bc66ffe70,74e9e4d73db852ee9bf725bdc2e1cc88c08e5f3036eb85b7a838c85455e9a47d,1024,341,JPEG,NONE_DEFINED_BY_ARCHIVE,Kaggle ai4a-lab/comprehensive-soil-classification-datasets v1
181,Arid_Soil,Arid_Soil:21,results/confirmatory/recovery/soil/staging/original/Arid_Soil/21.jpg,6721632642dbbf7ea12eb70ab19872c5e5a03972d168810cd0d0e4cefce9d47c,5c88960c8543f14b8b89ade09696585a91fd9250d3d25869e75ec4dd14a25582,1024,438,JPEG,NONE_DEFINED_BY_ARCHIVE,Kaggle ai4a-lab/comprehensive-soil-classification-datasets v1
182,Arid_Soil,Arid_Soil:210,results/confirmatory/recovery/soil/staging/original/Arid_Soil/210.jpg,6b6f15fbf53d40e54032b7f42e00ca594bf3bd1319d62d55d6b22cdea056a9dd,7c910d7da1c5ed1cc8ccac238c3e60bc657ca18cacc56b4819346b5dbde05020,1300,636,JPEG,NONE_DEFINED_BY_ARCHIVE,Kaggle ai4a-lab/comprehensive-soil-classification-datasets v1
183,Arid_Soil,Arid_Soil:211,results/confirmatory/recovery/soil/staging/original/Arid_Soil/211.jpg,802298234bc09c17f51d031787000faae1c3ad76d55e931427d81c8ca552aa29,88083c2b5bba506ab7695a29afce685111146959b11da8bfd43200e4af3bacab,1920,1085,JPEG,NONE_DEFINED_BY_ARCHIVE,Kaggle ai4a-lab/comprehensive-soil-classification-datasets v1
184,Arid_Soil,Arid_Soil:212,results/confirmatory/recovery/soil/staging/original/Arid_Soil/212.jpg,f8691de859679fcb404b1596286b59d675f6dcf3b18f996fbd600ca747e97524,53a4c7be22ca9c5e6f6d60b4a8984326d6bf3a7a3f676d37e7df0c83988f3be7,347,420,JPEG,NONE_DEFINED_BY_ARCHIVE,Kaggle ai4a-lab/comprehensive-soil-classification-datasets v1
185,Arid_Soil,Arid_Soil:213,results/confirmatory/recovery/soil/staging/original/Arid_Soil/213.jpg,a6cf9a19858b68795b55c1e344812030855bfa7e7882731931bf5ca2f60d12f8,c7c6cf675fd633bdf93a8a27be79b27d20c43a9a87bdffdc34991646995fa5f1,636,224,JPEG,NONE_DEFINED_BY_ARCHIVE,Kaggle ai4a-lab/comprehensive-soil-classification-datasets v1
186,Arid_Soil,Arid_Soil:213,results/confirmatory/recovery/soil/staging/original/Arid_Soil/213a.jpg,a066c9e7557356fca098182572b5b3770483bdde13412d229d057a0ced93a84e,fbefe0b1f0e19d0afe0cc0a21c2b4d7ef9223f4ed01f535caf3152d4b38276bb,557,193,JPEG,NONE_DEFINED_BY_ARCHIVE,Kaggle ai4a-lab/comprehensive-soil-classification-datasets v1
187,Arid_Soil,Arid_Soil:213,results/confirmatory/recovery/soil/staging/original/Arid_Soil/213b.jpg,e7070f20d2c83d1eca8654dd2c14275fb4982d67060bf71be3f52cedc8f61a13,187f608b21ed11cdd1f7bf40db87aae5feba215e08a73634ddf034a1f3adf709,587,191,JPEG,NONE_DEFINED_BY_ARCHIVE,Kaggle ai4a-lab/comprehensive-soil-classification-datasets v1
188,Arid_Soil,Arid_Soil:213,results/confirmatory/recovery/soil/staging/original/Arid_Soil/213c.jpg,28f8ed9ec4b4224d2e6c3c40b461f86ae1a07c6de51f3e9e4981a00db20a7e86,d510ff7f0a770c61ee19a0536e48e51aa58404de39c57089063af15212f9f55c,655,218,JPEG,NONE_DEFINED_BY_ARCHIVE,Kaggle ai4a-lab/comprehensive-soil-classification-datasets v1
189,Arid_Soil,Arid_Soil:214,results/confirmatory/recovery/soil/staging/original/Arid_Soil/214.jpg,fccffcb47a0bbb7a22e91e639464f524bb810b6b2aa608ed75c62fd58bd261a1,51ffa54433b4e129f5722b4f59da5d164818525f0f87bfd5b89eabf23961ba8b,283,155,JPEG,NONE_DEFINED_BY_ARCHIVE,Kaggle ai4a-lab/comprehensive-soil-classification-datasets v1
190,Arid_Soil,Arid_Soil:215,results/confirmatory/recovery/soil/staging/original/Arid_Soil/215.jpg,ec9badf5eecc32f4afbd679c5e50f79a60ad3050e422f0e1b0062343a10317c0,cebe091d4a685c1cfeb8aaa43af26e7051dbb100b74016c87ea9c9856d780573,285,260,JPEG,NONE_DEFINED_BY_ARCHIVE,Kaggle ai4a-lab/comprehensive-soil-classification-datasets v1
191,Arid_Soil,Arid_Soil:216,results/confirmatory/recovery/soil/staging/original/Arid_Soil/216.jpg,2af4fd87f7ed6b629b94df6f3c7e463264baa36510b15de6f3c05288ec3a8ef0,6873e97f633907709360b3c33023b975b706fc06d88326cedc9c75c02edd0288,800,339,JPEG,NONE_DEFINED_BY_ARCHIVE,Kaggle ai4a-lab/comprehensive-soil-classification-datasets v1
192,Arid_Soil,Arid_Soil:217,results/confirmatory/recovery/soil/staging/original/Arid_Soil/217.jpg,3cfb5b0ea69cafbb2485532c34ea0a5f3bf0474ed07cb68cda1c4caa77b35e05,ce5a08fd14054d2ca73d355e49514af5e780ea654f4251ba896bdfb1063a0f58,600,226,JPEG,NONE_DEFINED_BY_ARCHIVE,Kaggle ai4a-lab/comprehensive-soil-classification-datasets v1
193,Arid_Soil,Arid_Soil:218,results/confirmatory/recovery/soil/staging/original/Arid_Soil/218.jpg,36be3800bca5984f2118bb0ef2a646e6cd39c6a9d56626a43befd7242653500a,00ef2b65228d97f45796c4b3a5d52904323e033e851565fbd91c0601d4155dab,600,364,JPEG,NONE_DEFINED_BY_ARCHIVE,Kaggle ai4a-lab/comprehensive-soil-classification-datasets v1
194,Arid_Soil,Arid_Soil:219,results/confirmatory/recovery/soil/staging/original/Arid_Soil/219.jpg,5fa23657a25b5f0038c35f345a6efc4e34ef8e62bbd99bc9409ef08c94de675e,4ab3a794e16257c08e6268fdc654ecf86c9ebebe6510a38982c0664e4f4e1dea,320,105,JPEG,NONE_DEFINED_BY_ARCHIVE,Kaggle ai4a-lab/comprehensive-soil-classification-datasets v1
195,Arid_Soil,Arid_Soil:22,results/confirmatory/recovery/soil/staging/original/Arid_Soil/22.jpg,45fd9e8333f7be746eaa9045fefb0235788240c99431fbfcab62305d1c119723,9603cea9d7aa0bc63b80d94e2f488bc70ed4b564f9a9edd751a7fffed4cdaf15,462,254,JPEG,NONE_DEFINED_BY_ARCHIVE,Kaggle ai4a-lab/comprehensive-soil-classification-datasets v1
196,Arid_Soil,Arid_Soil:220,results/confirmatory/recovery/soil/staging/original/Arid_Soil/220.jpg,341f5e43f9b6c45bf29876a672c004dad51788a77fba652ab9d34fb9ccc595b4,2e0d0fbb6c4213f2716cc9a16ffd57102bc6bcea42bb961000dff551b0d38384,1300,637,JPEG,NONE_DEFINED_BY_ARCHIVE,Kaggle ai4a-lab/comprehensive-soil-classification-datasets v1
197,Arid_Soil,Arid_Soil:221,results/confirmatory/recovery/soil/staging/original/Arid_Soil/221.jpg,4e9600b431effbbc45a556e10d3fdf91d112983314f851b42726b19f09727a31,fc79df6eaf42601ce1e44542ba0ed1fe565ef9e65b359eba95036649c48523b3,800,436,JPEG,NONE_DEFINED_BY_ARCHIVE,Kaggle ai4a-lab/comprehensive-soil-classification-datasets v1
198,Arid_Soil,Arid_Soil:223,results/confirmatory/recovery/soil/staging/original/Arid_Soil/223.jpg,d49f32554ae3a70da0e8f603bb89dea8c7a30b77b0c4ed23450b341a1efac459,d50c0e64931c6c79b8930da23a8bcc54cd14501fdf82539756edded550555194,800,506,JPEG,NONE_DEFINED_BY_ARCHIVE,Kaggle ai4a-lab/comprehensive-soil-classification-datasets v1
199,Arid_Soil,Arid_Soil:224,results/confirmatory/recovery/soil/staging/original/Arid_Soil/224.jpg,4a96230a784fad3f613d66171c5308f1e1d3057a136bd1b7f9dedc3af27fca47,c0b2eb317916b2c812216a4a6ffbd2184f239c741770b84bd93836fd0a38cfd0,1200,621,JPEG,NONE_DEFINED_BY_ARCHIVE,Kaggle ai4a-lab/comprehensive-soil-classification-datasets v1
200,Arid_Soil,Arid_Soil:225,results/confirmatory/recovery/soil/staging/original/Arid_Soil/225.jpg,dc82be0304024012e68ed30a42ec0886ca1c9e797082603fd00807cb7aa326c7,8213c629705032bae293b24e2289631b26ddec028b7dc93ca3889d81f36ad523,580,408,JPEG,NONE_DEFINED_BY_ARCHIVE,Kaggle ai4a-lab/comprehensive-soil-classification-datasets v1
201,Arid_Soil,Arid_Soil:226,results/confirmatory/recovery/soil/staging/original/Arid_Soil/226.jpg,a9f21622f7981a24fb424e1c37b4cbe7dda2dc4455d8b26d041a61067e067ec3,f0d3199d5667284dd5a7e129ddf9a35c9ac6b739b9e357b0feea2d220b81b2db,360,350,JPEG,NONE_DEFINED_BY_ARCHIVE,Kaggle ai4a-lab/comprehensive-soil-classification-datasets v1
202,Arid_Soil,Arid_Soil:227,results/confirmatory/recovery/soil/staging/original/Arid_Soil/227.jpg,ccbe2a6ad1d26e1d93ea0ca2815818807f91332046084be3e5b1a6ce5a9e24af,ea098d10e7b913cdb9be387bf9743dba8cecd380e075badad0e30e6617993d9f,612,209,JPEG,NONE_DEFINED_BY_ARCHIVE,Kaggle ai4a-lab/comprehensive-soil-classification-datasets v1
203,Arid_Soil,Arid_Soil:228,results/confirmatory/recovery/soil/staging/original/Arid_Soil/228.jpg,6f6bc79a8d490e13fb07a8516bad5af2a98b30621e6551fe7790cbef1825bca3,762d4406a5d270f62d9354c03f0d4091e36a4f2b1afde7d88202f68f0e68104d,1300,858,JPEG,NONE_DEFINED_BY_ARCHIVE,Kaggle ai4a-lab/comprehensive-soil-classification-datasets v1
204,Arid_Soil,Arid_Soil:229,results/confirmatory/recovery/soil/staging/original/Arid_Soil/229.jpg,57130435f72e54d5e50b7681ec1319c720636e2130d9efeefa22c8a7a2fbb0d4,748794af1db9b3816a0ba9c0a19d56788022f34ae232b139fd47e66ec2844407,612,418,JPEG,NONE_DEFINED_BY_ARCHIVE,Kaggle ai4a-lab/comprehensive-soil-classification-datasets v1
205,Arid_Soil,Arid_Soil:23,results/confirmatory/recovery/soil/staging/original/Arid_Soil/23.jpg,446105297e75e8cebf4acffe40886c0d2d03bf9c2e8c3e25ce7174aa15493f1a,c698c5c3b6af57b862076f16d72e46852cc8eafbcf9bb5c1ccb1e3901e8de5d8,305,171,JPEG,NONE_DEFINED_BY_ARCHIVE,Kaggle ai4a-lab/comprehensive-soil-classification-datasets v1
206,Arid_Soil,Arid_Soil:230,results/confirmatory/recovery/soil/staging/original/Arid_Soil/230.jpg,10f12fabad770f318ee2c7d8f8d831e91919fba6e8a0daed3fb3839e544d007e,ef6abbd83320a2af41cb0009107235af2f19e4c771976ad51157f108c125fb7a,2375,1133,JPEG,NONE_DEFINED_BY_ARCHIVE,Kaggle ai4a-lab/comprehensive-soil-classification-datasets v1
207,Arid_Soil,Arid_Soil:230,results/confirmatory/recovery/soil/staging/original/Arid_Soil/230a.jpg,8e53f575dd9b19f96fe5a51c98b0f921e435962c71d9544ff84e06be0a605f43,f9c41847c5adde8c74b65adf637b163817c20b1e419a5d13acf9a66ac8ade8f3,1702,1069,JPEG,NONE_DEFINED_BY_ARCHIVE,Kaggle ai4a-lab/comprehensive-soil-classification-datasets v1
208,Arid_Soil,Arid_Soil:231,results/confirmatory/recovery/soil/staging/original/Arid_Soil/231.jpg,0e62cd0d3e39c22437ba1ac12a1de093b49f7e4f8e889b73049b1c92bcf44176,e300416e8ee3636ed48632ca0ccd06e229e66bef3f84a865ea44f46cdda28e95,345,188,JPEG,NONE_DEFINED_BY_ARCHIVE,Kaggle ai4a-lab/comprehensive-soil-classification-datasets v1
209,Arid_Soil,Arid_Soil:232,results/confirmatory/recovery/soil/staging/original/Arid_Soil/232.jpg,94fa7308200eb480ced81dd6aa75737b973169de8b512a67320ad4887fcb34d8,bb5adf82731eba9a864291ab2362a7c1d9b13464c08b8aa4e7485ccdae5fc39d,1200,468,JPEG,NONE_DEFINED_BY_ARCHIVE,Kaggle ai4a-lab/comprehensive-soil-classification-datasets v1
210,Arid_Soil,Arid_Soil:233,results/confirmatory/recovery/soil/staging/original/Arid_Soil/233.jpg,d6bedb1d5c2d497e0fb7b82001c5b5dd8d97e8aee890f801fea401422080d063,bc91ea20e58e6517ed413a795d5d0f8273818a0540050496c194f83acb2c0d53,800,334,JPEG,NONE_DEFINED_BY_ARCHIVE,Kaggle ai4a-lab/comprehensive-soil-classification-datasets v1
211,Arid_Soil,Arid_Soil:234,results/confirmatory/recovery/soil/staging/original/Arid_Soil/234.jpg,6b772c0a100a9e1b8ce911dbdb747759f3a295c1de5ce1da47041c03b4dd86ef,e54284597cc1d4048d8e242e6b36a6454aea74c707403c21e3340dad98271331,849,374,JPEG,NONE_DEFINED_BY_ARCHIVE,Kaggle ai4a-lab/comprehensive-soil-classification-datasets v1
212,Arid_Soil,Arid_Soil:235,results/confirmatory/recovery/soil/staging/original/Arid_Soil/235.jpg,2d9b6b72f4ab436b1adfedb599747177f473c0c66872187feae160c4a605340b,d9577671d1c1add6fcfddf34dfd28b77fba6631611de5be69b1c617c329c6c70,156,117,JPEG,NONE_DEFINED_BY_ARCHIVE,Kaggle ai4a-lab/comprehensive-soil-classification-datasets v1
213,Arid_Soil,Arid_Soil:236,results/confirmatory/recovery/soil/staging/original/Arid_Soil/236.jpg,34676465c6288fa6f41f25abce2389eab30e74c143c807b9bd69cff0983e9ddb,84b28cdc3ea6e6fe7ee612e457892f2c2c5c06340ef0516438bb2dd0bcae0ba6,685,457,JPEG,NONE_DEFINED_BY_ARCHIVE,Kaggle ai4a-lab/comprehensive-soil-classification-datasets v1
214,Arid_Soil,Arid_Soil:237,results/confirmatory/recovery/soil/staging/original/Arid_Soil/237.jpg,70d4af59928fad57ecb84ae565fc9cceac233eb76f62afbef958632351b40885,aafa55aa24b50c78fba384cf1bdf9bede8f200afcbb3fa38bed29205326a470d,570,290,JPEG,NONE_DEFINED_BY_ARCHIVE,Kaggle ai4a-lab/comprehensive-soil-classification-datasets v1
215,Arid_Soil,Arid_Soil:238,results/confirmatory/recovery/soil/staging/original/Arid_Soil/238.jpg,b78cbbfbe435c77d1173340fa6331df3ee30acc437729ef48a1336b986de9c59,d0b24c6612184aed6ff688b7bc6712ce81c88ffcb65b200db0a8fe41063d682b,200,126,JPEG,NONE_DEFINED_BY_ARCHIVE,Kaggle ai4a-lab/comprehensive-soil-classification-datasets v1
216,Arid_Soil,Arid_Soil:239,results/confirmatory/recovery/soil/staging/original/Arid_Soil/239.jpg,27759e032b19002c3252c6f8aedd53073f4b763992835f50fe85843d2627b4e1,0263ab4bcfbd750ac7ef3bc53052120e9d13a6adac3532dbe317f1835771c7c1,900,506,JPEG,NONE_DEFINED_BY_ARCHIVE,Kaggle ai4a-lab/comprehensive-soil-classification-datasets v1
217,Arid_Soil,Arid_Soil:24,results/confirmatory/recovery/soil/staging/original/Arid_Soil/24.jpg,1a4a1aa3724aeb5d0f1edce4eed32b8edcd67cf6fd129987b08b8ac3cb9e6a7c,4cd331ab0eeea2759bd803cfcc5535a5f29cd16e08c61fef269b89e62c1ce14a,612,408,JPEG,NONE_DEFINED_BY_ARCHIVE,Kaggle ai4a-lab/comprehensive-soil-classification-datasets v1
218,Arid_Soil,Arid_Soil:240,results/confirmatory/recovery/soil/staging/original/Arid_Soil/240.jpg,80b07d9c2f09dc0ee92c9eee2418968115925cd30778467c1d2b4126b5c8ed6c,f12deb418deb2bc05dc22af9ef63d7badebd6b8efce04e0b56091e30809a5e29,597,372,JPEG,NONE_DEFINED_BY_ARCHIVE,Kaggle ai4a-lab/comprehensive-soil-classification-datasets v1
219,Arid_Soil,Arid_Soil:241,results/confirmatory/recovery/soil/staging/original/Arid_Soil/241.jpg,ec049ebdb0f7e183f3b1a683fb7bfa3e0cdbe5f2aa393b6157aa4ae4986b0f7c,2158dd56f125a81a9a40999ff123c9ae9c2686b995816c20c1757736e2699c9b,354,427,JPEG,NONE_DEFINED_BY_ARCHIVE,Kaggle ai4a-lab/comprehensive-soil-classification-datasets v1
220,Arid_Soil,Arid_Soil:241,results/confirmatory/recovery/soil/staging/original/Arid_Soil/241a.jpg,c7ab977da1c4e21908df5334138c993175778b3825b3422ef2d3dbe84406fe54,0823deba7009016b2fd33c2d4b18cb69aa4b7a88a0eb20f4e5659a37779563dc,354,230,JPEG,NONE_DEFINED_BY_ARCHIVE,Kaggle ai4a-lab/comprehensive-soil-classification-datasets v1
221,Arid_Soil,Arid_Soil:241,results/confirmatory/recovery/soil/staging/original/Arid_Soil/241b.jpg,9f34d36f3a2cf3734485948a619a8a2c6f6148a1bd6737cdc61fdad836a66a34,da8d766929bfb8309590f8b8a367083020fc9c0256b858fc5265b33cb171f85c,612,227,JPEG,NONE_DEFINED_BY_ARCHIVE,Kaggle ai4a-lab/comprehensive-soil-classification-datasets v1
222,Arid_Soil,Arid_Soil:243,results/confirmatory/recovery/soil/staging/original/Arid_Soil/243.jpg,f553c96f4750b775ca0374af7a0a62477df22005225d43a221c54d35901f981d,0bb410da40981f0627a0dc18a9362c3b64b72ad0559a9427441ce42ca3ca8890,296,267,JPEG,NONE_DEFINED_BY_ARCHIVE,Kaggle ai4a-lab/comprehensive-soil-classification-datasets v1
223,Arid_Soil,Arid_Soil:243,results/confirmatory/recovery/soil/staging/original/Arid_Soil/243a.jpg,e26e246752b278ebcadcd0e83ab379ed75bfefe91c5e8c48f2f031c57e1c98e3,623da8b1c06c1e9ef360eff9fcc83de0bf1aad3c9e593e70e4ea8b232a1a8491,281,239,JPEG,NONE_DEFINED_BY_ARCHIVE,Kaggle ai4a-lab/comprehensive-soil-classification-datasets v1
224,Arid_Soil,Arid_Soil:243,results/confirmatory/recovery/soil/staging/original/Arid_Soil/243b.jpg,2c0a2cc8a35aaf118b4954695d006cbf3125a2112d7a3f1e286f5a1c73a14a30,3796e284c0d971b2f6948d50288694f666f39c828a53f09c03ccc9fffe999b00,237,351,JPEG,NONE_DEFINED_BY_ARCHIVE,Kaggle ai4a-lab/comprehensive-soil-classification-datasets v1
225,Arid_Soil,Arid_Soil:244,results/confirmatory/recovery/soil/staging/original/Arid_Soil/244.jpg,f96a2137e00a8bc2e1ccc84c01e4457638231260ff5b78dc6e7d6ce319eff9b6,60d0ca20bfb732e5e21b5c9a8315c722f21972820f7f02cdf1f4d81a29c9d065,398,206,JPEG,NONE_DEFINED_BY_ARCHIVE,Kaggle ai4a-lab/comprehensive-soil-classification-datasets v1
226,Arid_Soil,Arid_Soil:244,results/confirmatory/recovery/soil/staging/original/Arid_Soil/244a.jpg,0c67edd9edb9f12244b3efa03bc33458a1f2e47c88b3d2d4d74d7de4a567ea81,aba76894ee4a0503ce944e1e4fc497a6b7109335bb9cba827e44674fca57af9e,396,241,JPEG,NONE_DEFINED_BY_ARCHIVE,Kaggle ai4a-lab/comprehensive-soil-classification-datasets v1
227,Arid_Soil,Arid_Soil:245,results/confirmatory/recovery/soil/staging/original/Arid_Soil/245.jpg,a30b0a22dc0562964782a4d6cf4f9bbce513b254eb7adccbf582a878e58d528f,11f8e078794578f41bbadf297487cab3af3defb7a20ed3880f6afbc687b1ee94,1600,863,JPEG,NONE_DEFINED_BY_ARCHIVE,Kaggle ai4a-lab/comprehensive-soil-classification-datasets v1
228,Arid_Soil,Arid_Soil:246,results/confirmatory/recovery/soil/staging/original/Arid_Soil/246.jpg,69f8f0a7fdc1b8ef6e30e75076e818b940d29422ec686b5469f70843b31f0575,b765b7bc719a8bb6d9defda392922b71253ecb6dfbdcac3c310148b46f6571a4,1300,597,JPEG,NONE_DEFINED_BY_ARCHIVE,Kaggle ai4a-lab/comprehensive-soil-classification-datasets v1
229,Arid_Soil,Arid_Soil:247,results/confirmatory/recovery/soil/staging/original/Arid_Soil/247.jpg,1e19b58e33567a36bacca4bd3f0609707b7fd2ec71e1c8cdff5d50c1cc90e5c2,9a380d9c98ef5f878b80aee4011090f8eec16099d331d188c502926f0de3474c,414,230,JPEG,NONE_DEFINED_BY_ARCHIVE,Kaggle ai4a-lab/comprehensive-soil-classification-datasets v1
230,Arid_Soil,Arid_Soil:248,results/confirmatory/recovery/soil/staging/original/Arid_Soil/248.jpg,fcf3b083acde503b6416c2b9fc6c65ad5d268242035660352f1c9280cbf4bcb5,8fc20b0b5ee50311ddba3c31cf191691fa8129019855cf98e6396c7300567526,612,408,JPEG,NONE_DEFINED_BY_ARCHIVE,Kaggle ai4a-lab/comprehensive-soil-classification-datasets v1
231,Arid_Soil,Arid_Soil:249,results/confirmatory/recovery/soil/staging/original/Arid_Soil/249.jpg,352d52221e1482cdf4a7af5f2c188a8fdc9ad40896f27d2083cf05c7348f6696,2c66357028c7631d5ea352298aa9bce7e8bd247cdbd00abb2f8c63c7113dbb57,313,132,JPEG,NONE_DEFINED_BY_ARCHIVE,Kaggle ai4a-lab/comprehensive-soil-classification-datasets v1
232,Arid_Soil,Arid_Soil:25,results/confirmatory/recovery/soil/staging/original/Arid_Soil/25.jpg,11e38007602ab06bb711229fa2f9ea23ed0d6793992ffbd26159910c5af6a406,c3829df67c7575b86ed5d57dca9f669acc8ebf7ca3b6232b271fe651ac0ec096,450,293,JPEG,NONE_DEFINED_BY_ARCHIVE,Kaggle ai4a-lab/comprehensive-soil-classification-datasets v1
233,Arid_Soil,Arid_Soil:250,results/confirmatory/recovery/soil/staging/original/Arid_Soil/250.jpg,e600595c5d98ff3915a901e997790dd6db1f494a9a83403dfacd79f0b78972c3,e3b294e853d408bf3fd496253f4c676ad060498ae5cb04b86dc450e38433ed54,480,270,JPEG,NONE_DEFINED_BY_ARCHIVE,Kaggle ai4a-lab/comprehensive-soil-classification-datasets v1
234,Arid_Soil,Arid_Soil:251,results/confirmatory/recovery/soil/staging/original/Arid_Soil/251.jpg,af9ec45f8950682e527b92a710370bcc87ff6b16b8bbe6b225126a71da96dcc2,e06f1377755b1d7c457bbfab6e79804c478d212a1d59d3c5755324dc6831bbf5,360,178,JPEG,NONE_DEFINED_BY_ARCHIVE,Kaggle ai4a-lab/comprehensive-soil-classification-datasets v1
235,Arid_Soil,Arid_Soil:251,results/confirmatory/recovery/soil/staging/original/Arid_Soil/251a.jpg,c32414076f8a7bf899d2cdf3762c5a3483f61cf093c9795f3c696f0759e576a0,a2d672def379d34b0c8c58bb9d4bd1b2eaaaf735f2f254c03b8c6ffd919fe434,361,301,JPEG,NONE_DEFINED_BY_ARCHIVE,Kaggle ai4a-lab/comprehensive-soil-classification-datasets v1
236,Arid_Soil,Arid_Soil:252,results/confirmatory/recovery/soil/staging/original/Arid_Soil/252.jpg,1a35bfd9a79a3335ef75cdf60d2b231a81a2d77c3afdca1cea2945e0f0698bbc,a5438872aebd0266db3489ea76f3e25166902f583c4f4707cd4531a54e47bd2f,1600,894,JPEG,NONE_DEFINED_BY_ARCHIVE,Kaggle ai4a-lab/comprehensive-soil-classification-datasets v1
237,Arid_Soil,Arid_Soil:252,results/confirmatory/recovery/soil/staging/original/Arid_Soil/252a.jpg,f1675bdf60cc8e9e1faace7d3c1fc6ce1df657bfdfd14a5f2e1d0437157b849e,e8699cb3d25a42b79262e2cdf7c8d514a8a2d09c83da7c37a758288401b73297,985,611,JPEG,NONE_DEFINED_BY_ARCHIVE,Kaggle ai4a-lab/comprehensive-soil-classification-datasets v1
238,Arid_Soil,Arid_Soil:253,results/confirmatory/recovery/soil/staging/original/Arid_Soil/253.jpg,d852a880ab9891b10f5e653d582dc3c0549e1ed77c9fd8e1788c1b75a6f6d325,49844106f15e69ee3b0e4d3efec53eeae47fcb434c88a33939d0d390ddd45bec,976,489,JPEG,NONE_DEFINED_BY_ARCHIVE,Kaggle ai4a-lab/comprehensive-soil-classification-datasets v1
239,Arid_Soil,Arid_Soil:26,results/confirmatory/recovery/soil/staging/original/Arid_Soil/26.jpg,81be12d8d882dbb8d3650df3c71bd78a6ec3132bc6a1d1c3649c6df31c5c8590,5ebec3a2deb343dfdb7b426ba63cfd1a54e31710cd8912711f10678f070f786f,1300,866,JPEG,NONE_DEFINED_BY_ARCHIVE,Kaggle ai4a-lab/comprehensive-soil-classification-datasets v1
240,Arid_Soil,Arid_Soil:27,results/confirmatory/recovery/soil/staging/original/Arid_Soil/27.jpg,e49a5784e9889556ce8d7dc29b948a456f02891e5a8749fff749782c02f1065f,0053725fe610affd67177bc0b4fdbe65537f22ed61213896b1cd502b12b6814c,480,270,JPEG,NONE_DEFINED_BY_ARCHIVE,Kaggle ai4a-lab/comprehensive-soil-classification-datasets v1
241,Arid_Soil,Arid_Soil:28,results/confirmatory/recovery/soil/staging/original/Arid_Soil/28.jpg,402eb93d3dd09029cdd2a429e38473354bd6da70b7f7a9890d99a65a9a3634b8,1afb5bc1cfc80daae12c584c85e0a2a00942c1315dea6d0e757145c363251023,820,667,JPEG,NONE_DEFINED_BY_ARCHIVE,Kaggle ai4a-lab/comprehensive-soil-classification-datasets v1
242,Arid_Soil,Arid_Soil:29,results/confirmatory/recovery/soil/staging/original/Arid_Soil/29.jpg,6dbb29645869177432ae2b9008c918e59aa3edd33c2f6c23c3b45122ea30dedd,b63fefce42685ea7d4d3582e377e1fef9bba4a666edf07ad523403475c0451ac,814,871,JPEG,NONE_DEFINED_BY_ARCHIVE,Kaggle ai4a-lab/comprehensive-soil-classification-datasets v1
243,Arid_Soil,Arid_Soil:29,results/confirmatory/recovery/soil/staging/original/Arid_Soil/29a.jpg,4acfa058b05da651904b7ad6526fb03edab4ba88479c51a0395b85fa99e3429b,03d6a1d57fb63bd4bae52012c75701b2a5dc47477c0943defa500897597236d3,889,487,JPEG,NONE_DEFINED_BY_ARCHIVE,Kaggle ai4a-lab/comprehensive-soil-classification-datasets v1
244,Arid_Soil,Arid_Soil:29,results/confirmatory/recovery/soil/staging/original/Arid_Soil/29b.jpg,f91e1266a1739e493a3e8b5b0de325175ce603a2955cc521a912791e7f29d7ed,1768a84b637b38b2b26fa984de2bd18a627cdbf52b4cc494631b99ab28bf8508,795,1055,JPEG,NONE_DEFINED_BY_ARCHIVE,Kaggle ai4a-lab/comprehensive-soil-classification-datasets v1
245,Arid_Soil,Arid_Soil:29,results/confirmatory/recovery/soil/staging/original/Arid_Soil/29c.jpg,223c5eeb6e4b17dce4a587d7f960273c9d7efab17adfa9e50a7828082ccce67f,de9b1638e554abc58d2907f6b8481eb99498805a5bc43d24f7226fb9e01f9a69,1600,1051,JPEG,NONE_DEFINED_BY_ARCHIVE,Kaggle ai4a-lab/comprehensive-soil-classification-datasets v1
246,Arid_Soil,Arid_Soil:3,results/confirmatory/recovery/soil/staging/original/Arid_Soil/3.jpg,f477bb5cb6787ff56f97b948c653441ccef6acb103280b8f6cbdbca3deeb9568,856eaf2650efed2d0dbb1f03023985af07840ef2a12156a4e3c2e5a4cab97b60,740,235,JPEG,NONE_DEFINED_BY_ARCHIVE,Kaggle ai4a-lab/comprehensive-soil-classification-datasets v1
247,Arid_Soil,Arid_Soil:30,results/confirmatory/recovery/soil/staging/original/Arid_Soil/30.jpg,6e97eaa3160951016aa99f69b445781bce8981c40ce6ce171156dfe7ce13da4f,333e40d38804294602617d28b9b7bedf250af8aa1950ad8e4a81e1b8b0819957,408,378,JPEG,NONE_DEFINED_BY_ARCHIVE,Kaggle ai4a-lab/comprehensive-soil-classification-datasets v1
248,Arid_Soil,Arid_Soil:31,results/confirmatory/recovery/soil/staging/original/Arid_Soil/31.jpg,01de0d9fca34825eeed3afb18d5fc185584c4bee212f4f6a0f4a2ce89bcbf81a,8396f2d54f7c5afb859006ec5e641dd9b7eca3bc8ed0a41fcaa2769dce973525,320,240,JPEG,NONE_DEFINED_BY_ARCHIVE,Kaggle ai4a-lab/comprehensive-soil-classification-datasets v1
249,Arid_Soil,Arid_Soil:32,results/confirmatory/recovery/soil/staging/original/Arid_Soil/32.jpg,b3d410715bcf20d4cad563cd828412da87af1e60211395faaeff0af0070a122d,c7fdcb89532368944dc562aaa9c36b8beddf63abb7b1ed4ce25be9fac77e8765,600,366,JPEG,NONE_DEFINED_BY_ARCHIVE,Kaggle ai4a-lab/comprehensive-soil-classification-datasets v1
250,Arid_Soil,Arid_Soil:33,results/confirmatory/recovery/soil/staging/original/Arid_Soil/33.jpg,12be880927f22ebb61845ee624d22f014a48d0613fcc4dbabd01a592d27db2fe,03be442dcfa8c41e353b3f088f7cc533d9aea70f476183cafb74e5c4053fb9f7,1300,866,JPEG,NONE_DEFINED_BY_ARCHIVE,Kaggle ai4a-lab/comprehensive-soil-classification-datasets v1
251,Arid_Soil,Arid_Soil:34,results/confirmatory/recovery/soil/staging/original/Arid_Soil/34.jpg,d35abe5271d709fc68d42e540b2ced7e82ad30a3dea54c00e017fc6b2d8d5d13,b0a7400de8316badd4303be268bbde1681e5d73c79d94be87892c1944985fe8e,1024,683,JPEG,NONE_DEFINED_BY_ARCHIVE,Kaggle ai4a-lab/comprehensive-soil-classification-datasets v1
252,Arid_Soil,Arid_Soil:35,results/confirmatory/recovery/soil/staging/original/Arid_Soil/35.jpg,2a3b53d37f1e60fefc33a7450690e07c59cf78e4aaff7cffa17025e7643c768f,88baa8d4c4fe2da4fc497f5a05cea289ef4fab099314d213b9c83e5c44189922,272,204,JPEG,NONE_DEFINED_BY_ARCHIVE,Kaggle ai4a-lab/comprehensive-soil-classification-datasets v1
253,Arid_Soil,Arid_Soil:36,results/confirmatory/recovery/soil/staging/original/Arid_Soil/36.jpg,727937541a685c5b1c8052752a12f59aa0cbc94eb98df19f09664acba6d58efb,06759d2c90eb9297963c92ce0b5ea1f8799a0ccb345b95fef403c36815d3cd1b,358,581,JPEG,NONE_DEFINED_BY_ARCHIVE,Kaggle ai4a-lab/comprehensive-soil-classification-datasets v1
254,Arid_Soil,Arid_Soil:36,results/confirmatory/recovery/soil/staging/original/Arid_Soil/36a.jpg,04f00bd783f1214a0d34842e76add3286fad75ed074f6adc39e28704cbf8e6f1,da0a7c10c6a63795c0431b0d3f9e54fea725b3ab5c88cb0e6a29b9222155289b,612,371,JPEG,NONE_DEFINED_BY_ARCHIVE,Kaggle ai4a-lab/comprehensive-soil-classification-datasets v1
255,Arid_Soil,Arid_Soil:37,results/confirmatory/recovery/soil/staging/original/Arid_Soil/37.jpg,597a2698e21955a55ba3507c8c0b70e39b0c7520947cccbb6ea54f82804bdbda,0fa999666f1121b4e23d9283785797b9c24b0dc4a73cab90e41551f1937f0a76,626,417,JPEG,NONE_DEFINED_BY_ARCHIVE,Kaggle ai4a-lab/comprehensive-soil-classification-datasets v1
256,Arid_Soil,Arid_Soil:38,results/confirmatory/recovery/soil/staging/original/Arid_Soil/38.jpg,4b534940ebe46fc4d395365fa2875a7dc8a2e47c3b1b3764b5a28c14187e518a,d0022e9c0445b6205bedb3654f416243db14e24917d88c9ca9ff5a987333774c,1024,680,JPEG,NONE_DEFINED_BY_ARCHIVE,Kaggle ai4a-lab/comprehensive-soil-classification-datasets v1
257,Arid_Soil,Arid_Soil:39,results/confirmatory/recovery/soil/staging/original/Arid_Soil/39.jpg,4f598a30ad351f8a401a8dc89732ec77c82d1ea3e7e89e5f62813d6d337f281c,8716f1c9eca27283a3ef2831dcc06e8f652c69f356a8bc2170cc1ff766f0870b,590,394,JPEG,NONE_DEFINED_BY_ARCHIVE,Kaggle ai4a-lab/comprehensive-soil-classification-datasets v1
258,Arid_Soil,Arid_Soil:4,results/confirmatory/recovery/soil/staging/original/Arid_Soil/4.jpg,ae000beafb36c2f402b88fddcf5f4c0396d04d4f721cb3f84dc0f1bc144a7635,d5537ae72d23e5bbdbef169a3961b1883b3d8e79a82f549e52a1b2dab2295a51,700,392,JPEG,NONE_DEFINED_BY_ARCHIVE,Kaggle ai4a-lab/comprehensive-soil-classification-datasets v1
259,Arid_Soil,Arid_Soil:40,results/confirmatory/recovery/soil/staging/original/Arid_Soil/40.jpg,8ea71eda9e0118576d4a591329b801c7427b56dfebf79b1d5009eeaf10c3b3a7,882287a4a858bbcc44b2c93b534265947944e4b7ff204649e58e6b400156ec00,305,171,JPEG,NONE_DEFINED_BY_ARCHIVE,Kaggle ai4a-lab/comprehensive-soil-classification-datasets v1
260,Arid_Soil,Arid_Soil:41,results/confirmatory/recovery/soil/staging/original/Arid_Soil/41.jpg,cddf9554920e264eae041fa4fc07d37eaa9b36264aed3c5706ea149a6ef9c77b,84a3457cafd4ed41e20d82efcb4e59d69a5264e7e6f4113511e65eb7c02eea1a,606,649,JPEG,NONE_DEFINED_BY_ARCHIVE,Kaggle ai4a-lab/comprehensive-soil-classification-datasets v1
261,Arid_Soil,Arid_Soil:41,results/confirmatory/recovery/soil/staging/original/Arid_Soil/41a.jpg,ac1e89e8797a0145a9a371b16dd51f37febee58d51ba3ce9c5f650f4184d8798,b5889ad18585591dd29ba93908798de1d17d46fd6506290fc253a4235aaf128b,1024,410,JPEG,NONE_DEFINED_BY_ARCHIVE,Kaggle ai4a-lab/comprehensive-soil-classification-datasets v1
262,Arid_Soil,Arid_Soil:42,results/confirmatory/recovery/soil/staging/original/Arid_Soil/42.jpg,5926a45b07a7ff79901276739e071be74a973bc88fd4b85f970d58a96b79a90d,eb17bf4c98715006edecced568a4b9f194b29702946b82288fb2daef9794007f,1600,1058,JPEG,NONE_DEFINED_BY_ARCHIVE,Kaggle ai4a-lab/comprehensive-soil-classification-datasets v1
263,Arid_Soil,Arid_Soil:43,results/confirmatory/recovery/soil/staging/original/Arid_Soil/43.jpg,90f9e3e1a87411460acfc21adc6303ac49d1054a5e49ed4d20ec074290cb7acf,812bec78bb10b01cf5ec927df011b9e2d308ce3f80fe8a318da93b59b65ff817,590,393,JPEG,NONE_DEFINED_BY_ARCHIVE,Kaggle ai4a-lab/comprehensive-soil-classification-datasets v1
264,Arid_Soil,Arid_Soil:44,results/confirmatory/recovery/soil/staging/original/Arid_Soil/44.jpg,3c7ca3d6d56472c19cb056ad1712cb9dc4a53e25dfa1a3c36b42c0832ad39da0,486b70a40c4e8f56f6a4367ca43d3e1e80098d2da3c45b576cab50058c0211f4,296,195,JPEG,NONE_DEFINED_BY_ARCHIVE,Kaggle ai4a-lab/comprehensive-soil-classification-datasets v1
265,Arid_Soil,Arid_Soil:45,results/confirmatory/recovery/soil/staging/original/Arid_Soil/45.jpg,8bf131c546585dc2d50e4bcbdaece0b82f166c9ef04edd4cc61526f5b71afd25,9c2cf7bbd3ab927cf093658e9e1fbbff4d27d303a40723189dbab54de58b1596,300,197,JPEG,NONE_DEFINED_BY_ARCHIVE,Kaggle ai4a-lab/comprehensive-soil-classification-datasets v1
266,Arid_Soil,Arid_Soil:46,results/confirmatory/recovery/soil/staging/original/Arid_Soil/46.jpg,0d26688d5b5be4fe41629a2cd152b959a9c4729e31b9b123b9204748d70a1255,b49c415f7107f2b1044c09d5fe553aac247b90864569329f4ea8c9d0cd829318,1300,852,JPEG,NONE_DEFINED_BY_ARCHIVE,Kaggle ai4a-lab/comprehensive-soil-classification-datasets v1
267,Arid_Soil,Arid_Soil:47,results/confirmatory/recovery/soil/staging/original/Arid_Soil/47.jpg,5235e72b579cb3506f0728f275165ce5358db05435b46a9499d07cd254e514bd,8bebff05ae8fcf55b74bec930ef6855a2ec7563e9487db13c8bf1845e1735368,1500,992,JPEG,NONE_DEFINED_BY_ARCHIVE,Kaggle ai4a-lab/comprehensive-soil-classification-datasets v1
268,Arid_Soil,Arid_Soil:48,results/confirmatory/recovery/soil/staging/original/Arid_Soil/48.jpg,4c1da2a6a79e57c5509f2d2550de1f92b39306979c4b060280b3239b059484af,95e66c4229062d7da3e3af37702432bc9d3908f62d876806eaa4175a34583efc,600,400,JPEG,NONE_DEFINED_BY_ARCHIVE,Kaggle ai4a-lab/comprehensive-soil-classification-datasets v1
269,Arid_Soil,Arid_Soil:49,results/confirmatory/recovery/soil/staging/original/Arid_Soil/49.jpg,ef58f57c3080058699971760fc296968a654e8549298a6d9b6b57b1f4242f7d4,74e53a3fac18dd09c2233d7fc0ad03d1025ec222eaa250f5e70eca6e5e392d9a,966,667,JPEG,NONE_DEFINED_BY_ARCHIVE,Kaggle ai4a-lab/comprehensive-soil-classification-datasets v1
270,Arid_Soil,Arid_Soil:5,results/confirmatory/recovery/soil/staging/original/Arid_Soil/5.jpg,f5aa0a9ebb08236ecd1dd92cb43b550c4240fe93938af82ef06c03b1b44e699a,d6e241e203efabe6abd01309a5b35ab915b3dd94a03227dcb216050b6a895864,3372,1018,JPEG,NONE_DEFINED_BY_ARCHIVE,Kaggle ai4a-lab/comprehensive-soil-classification-datasets v1
271,Arid_Soil,Arid_Soil:50,results/confirmatory/recovery/soil/staging/original/Arid_Soil/50.jpg,f759957fbf101a49ae35cdf605cd858d7404123a5daeb03b4e6d967bf14e85b2,d112470478d5435383f8ffe54c8b17bdd347b5b1a02a02e89ff82ba10b4a9498,455,297,JPEG,NONE_DEFINED_BY_ARCHIVE,Kaggle ai4a-lab/comprehensive-soil-classification-datasets v1
272,Arid_Soil,Arid_Soil:51,results/confirmatory/recovery/soil/staging/original/Arid_Soil/51.jpg,a149d8aa979cfc150ff9db1b7dfe34770320a94ac51e3c3bae95b586e3a55da8,e61f4b82ee356073e9f90e449baf75d7041b2c6761c0128a39b02b0a30e56d57,600,400,JPEG,NONE_DEFINED_BY_ARCHIVE,Kaggle ai4a-lab/comprehensive-soil-classification-datasets v1
273,Arid_Soil,Arid_Soil:52,results/confirmatory/recovery/soil/staging/original/Arid_Soil/52.jpg,6bb894e3b8875a9d0e836bb896977ddfc5939a957e30d35c804daa3ca1d11e11,a76df2a926bd707589a7372ff755c5f701e384914521575b4bdcd27d8bea90f1,608,456,JPEG,NONE_DEFINED_BY_ARCHIVE,Kaggle ai4a-lab/comprehensive-soil-classification-datasets v1
274,Arid_Soil,Arid_Soil:53,results/confirmatory/recovery/soil/staging/original/Arid_Soil/53.jpg,71334615bf4dc3793aafbe4431131d59ab70a32845b9c665f4d2029734e2f478,969ea253c65c535f0bc01d5b940a9bfc806851455e8b5739b852861e386c37b4,450,294,JPEG,NONE_DEFINED_BY_ARCHIVE,Kaggle ai4a-lab/comprehensive-soil-classification-datasets v1
275,Arid_Soil,Arid_Soil:54,results/confirmatory/recovery/soil/staging/original/Arid_Soil/54.jpg,9edc45d067fe64faadcebc8fe6cd444c39bdc62a70ac40686f681ba99d3474a8,1de683b966d6fd615acfb6a640ca9fdea4619db5051393ae289dc656004d2807,590,393,JPEG,NONE_DEFINED_BY_ARCHIVE,Kaggle ai4a-lab/comprehensive-soil-classification-datasets v1
276,Arid_Soil,Arid_Soil:55,results/confirmatory/recovery/soil/staging/original/Arid_Soil/55.jpg,e897ad354cdfbc3d1c16c53b955a2c5842e933b638631b1fad709baa3ce940e3,1b60e60f8ceace98440cdcc7420153412ea1a75a7c6030ae4e8ad4162efd9617,1300,844,JPEG,NONE_DEFINED_BY_ARCHIVE,Kaggle ai4a-lab/comprehensive-soil-classification-datasets v1
277,Arid_Soil,Arid_Soil:57,results/confirmatory/recovery/soil/staging/original/Arid_Soil/57.jpg,9f7d53f941cf38c76b3fbfe8b1d8bf0e2efa36525f2206ff3bd0c34f5efe9666,966253ba98229951a5b6f91efffbf19d16dd3559ada5c632e1978d92e6c06c7f,357,383,JPEG,NONE_DEFINED_BY_ARCHIVE,Kaggle ai4a-lab/comprehensive-soil-classification-datasets v1
278,Arid_Soil,Arid_Soil:57,results/confirmatory/recovery/soil/staging/original/Arid_Soil/57a.jpg,264a5a70c3f30dc271061ccc9cd4c6dc8b77356562aa7f23451d5b447024d616,9a6653c9a454f278c385dac5e2b15549fa807980d713378d6c7eedf3d009faca,612,234,JPEG,NONE_DEFINED_BY_ARCHIVE,Kaggle ai4a-lab/comprehensive-soil-classification-datasets v1
279,Arid_Soil,Arid_Soil:58,results/confirmatory/recovery/soil/staging/original/Arid_Soil/58.jpg,7f569456f1da36a2c4ce1568444970f8d800a0f8916c3a4d372cba60f8f6853e,3a2ba262370e19bcc3ec2ff371782caaae868c1479e2bacb5dccf72686b05fb5,608,727,JPEG,NONE_DEFINED_BY_ARCHIVE,Kaggle ai4a-lab/comprehensive-soil-classification-datasets v1
280,Arid_Soil,Arid_Soil:58,results/confirmatory/recovery/soil/staging/original/Arid_Soil/58a.jpg,0a36be548033f9db9c9437410da35c8c3319d55d2eab0bb48bbceb55181f03cc,78de31d7fd36cebcde1061b7a306f0693fffad1c756f0aea7aa3ebc7998bed6d,1024,466,JPEG,NONE_DEFINED_BY_ARCHIVE,Kaggle ai4a-lab/comprehensive-soil-classification-datasets v1
281,Arid_Soil,Arid_Soil:59,results/confirmatory/recovery/soil/staging/original/Arid_Soil/59.jpg,b6dcfb6d169c7c7df19f59b79d84d2e0d86dd7aa2ffbcaf39efee5b8eca2b227,8a4cc338f3e74681a8c304a964c8d1b7729c4843b92a0f3bea2573917971f0ac,450,293,JPEG,NONE_DEFINED_BY_ARCHIVE,Kaggle ai4a-lab/comprehensive-soil-classification-datasets v1
282,Arid_Soil,Arid_Soil:6,results/confirmatory/recovery/soil/staging/original/Arid_Soil/6.jpg,19dec21e336e02a6505c049b54c90202f10e5ca49553d957a5868030eb016dc2,02bd98f1aaa7ba6f23ba2009f5cd57c8d72d6a5c65ba057076e5247a9768c9f0,505,438,JPEG,NONE_DEFINED_BY_ARCHIVE,Kaggle ai4a-lab/comprehensive-soil-classification-datasets v1
283,Arid_Soil,Arid_Soil:60,results/confirmatory/recovery/soil/staging/original/Arid_Soil/60.jpg,8285d6c71de5761f877fec0fdc5203f5abd1d71fdb70ef5f88ca21080800f535,9edd16abf00d6c796ef89cb16c1917b653b5a2bc956acc960075e294fc92b8ff,714,182,JPEG,NONE_DEFINED_BY_ARCHIVE,Kaggle ai4a-lab/comprehensive-soil-classification-datasets v1
284,Arid_Soil,Arid_Soil:61,results/confirmatory/recovery/soil/staging/original/Arid_Soil/61.jpg,21671f661cd3d488256168f263bba5bc0be495687fce2b381e8f4c35d53973e7,33f7e5f41578f69e92d811c922a710ed0ebb4ea2f531e8914148fed3d792d432,600,450,JPEG,NONE_DEFINED_BY_ARCHIVE,Kaggle ai4a-lab/comprehensive-soil-classification-datasets v1
285,Arid_Soil,Arid_Soil:62,results/confirmatory/recovery/soil/staging/original/Arid_Soil/62.jpg,1332589a58b632e3e54526c66ffc265cf51339b27f45b24776c49fcc233407d6,ead5ac403af4864f5c664cd05d8d7f17c76eca757ec5ff930ea7b614cd68451d,1067,1588,JPEG,NONE_DEFINED_BY_ARCHIVE,Kaggle ai4a-lab/comprehensive-soil-classification-datasets v1
286,Arid_Soil,Arid_Soil:63,results/confirmatory/recovery/soil/staging/original/Arid_Soil/63.jpg,7b2d27dac99e55b3a56b933e084462f15008919737fb85138a37e01d4559a7d6,4400081e1d0b1c9bb2bd6afb0da3b57a58e0a701e7981342e7f6c839aeb6ac88,960,667,JPEG,NONE_DEFINED_BY_ARCHIVE,Kaggle ai4a-lab/comprehensive-soil-classification-datasets v1
287,Arid_Soil,Arid_Soil:64,results/confirmatory/recovery/soil/staging/original/Arid_Soil/64.jpg,92a51c826c9da441e4337d9ee35ad4085295bae47514047e57a31b22356977e6,0bb596ec8ab71a3e176a4a39fc47a44defeda921acf5c224bbf90ccb924e6877,550,271,JPEG,NONE_DEFINED_BY_ARCHIVE,Kaggle ai4a-lab/comprehensive-soil-classification-datasets v1
288,Arid_Soil,Arid_Soil:65,results/confirmatory/recovery/soil/staging/original/Arid_Soil/65.jpg,e5b12346abdb03c05c11143715d21845bc52a710be6f403fd9dab031b7ea9ff5,10af9ce84e33bda3ca1548ae58ea35d313c4d295d2a993f6c303e1d77241ae89,608,456,JPEG,NONE_DEFINED_BY_ARCHIVE,Kaggle ai4a-lab/comprehensive-soil-classification-datasets v1
289,Arid_Soil,Arid_Soil:66,results/confirmatory/recovery/soil/staging/original/Arid_Soil/66.jpg,40df3d26f9cd076684306834a7a123282963b82461b070d402ead2567dc84ea5,c1b7f43067250d1ab7df045ef55bfe7c4fdb3f089cf13fda7748a99300aa00c3,1300,860,JPEG,NONE_DEFINED_BY_ARCHIVE,Kaggle ai4a-lab/comprehensive-soil-classification-datasets v1
290,Arid_Soil,Arid_Soil:67,results/confirmatory/recovery/soil/staging/original/Arid_Soil/67.jpg,11e5529dd453cbe56ba56b77d6100d472165cc64d4a884b35723d12d429086e0,cc5f5a6bd138f36700c5e66c27360f954cb208450ae5cff177c62977d7bd1c6f,626,418,JPEG,NONE_DEFINED_BY_ARCHIVE,Kaggle ai4a-lab/comprehensive-soil-classification-datasets v1
291,Arid_Soil,Arid_Soil:68,results/confirmatory/recovery/soil/staging/original/Arid_Soil/68.jpg,249fdcb54f2493aa54f03f0fc58aea90b7b037a8415f1a902a140f224f950d51,78d7f9ac52c5ad4ce14f632cc44c4efd5e4a2538b02d5ba5d5aeb9c7f148b2ef,358,384,JPEG,NONE_DEFINED_BY_ARCHIVE,Kaggle ai4a-lab/comprehensive-soil-classification-datasets v1
292,Arid_Soil,Arid_Soil:68,results/confirmatory/recovery/soil/staging/original/Arid_Soil/68a.jpg,230107233b2e3b694f61a9dd5d42033875c09aae28eba8b5c0f826bf1e05fa78,11c66c70d4fbcf75993d94ab1f718f024d0e98feaeba2e14a2282df30d72095f,612,239,JPEG,NONE_DEFINED_BY_ARCHIVE,Kaggle ai4a-lab/comprehensive-soil-classification-datasets v1
293,Arid_Soil,Arid_Soil:69,results/confirmatory/recovery/soil/staging/original/Arid_Soil/69.jpg,7d927870df07d3a48db00c238b9888b46b092ea6ccdfc056fada61e6313e83c5,58bab89037aabf35676ad68ec904ac2a8a08879044cf498577d2b8eca3ff7dd9,800,534,JPEG,NONE_DEFINED_BY_ARCHIVE,Kaggle ai4a-lab/comprehensive-soil-classification-datasets v1
294,Arid_Soil,Arid_Soil:6,results/confirmatory/recovery/soil/staging/original/Arid_Soil/6a.jpg,565addba23334686fc482611be6556f690cd0d2c3aed7822eb4c781ddc773f82,a4514e1847fd20f1d15f4a51714a1f65159ef49c5d3b862ea47edff59b064349,505,213,JPEG,NONE_DEFINED_BY_ARCHIVE,Kaggle ai4a-lab/comprehensive-soil-classification-datasets v1
295,Arid_Soil,Arid_Soil:7,results/confirmatory/recovery/soil/staging/original/Arid_Soil/7.jpg,a7007a806dd3f9829adb551cd39036cb7a4787b265d39dd00c7f0b404bfe0d32,6692d8453a824f54243240c2b998a391eb42dd2c78ac393ae67be525950eec8d,1600,1056,JPEG,NONE_DEFINED_BY_ARCHIVE,Kaggle ai4a-lab/comprehensive-soil-classification-datasets v1
296,Arid_Soil,Arid_Soil:70,results/confirmatory/recovery/soil/staging/original/Arid_Soil/70.jpg,0f3f3dd00c1abacccf7a144f9e56c23b2b0fbcf61f11ba7ee57afcc74b461967,99af8a991136e0a9f19b193fdcb490b291124138e2907df0789373fffb29badd,1300,866,JPEG,NONE_DEFINED_BY_ARCHIVE,Kaggle ai4a-lab/comprehensive-soil-classification-datasets v1
297,Arid_Soil,Arid_Soil:71,results/confirmatory/recovery/soil/staging/original/Arid_Soil/71.jpg,2a14a694997ca2d2d70217b79102fbff9462254af3661c8429e4bd42e78c3abd,e09027d142381873d2a299076442c49a73b09de48787e39da2fd8c1f7cb7f0da,367,218,JPEG,NONE_DEFINED_BY_ARCHIVE,Kaggle ai4a-lab/comprehensive-soil-classification-datasets v1
298,Arid_Soil,Arid_Soil:72,results/confirmatory/recovery/soil/staging/original/Arid_Soil/72.jpg,1b0da7ee64631dae3be963085f204fcd9f60d28d63f81ca226b0a54b87e02545,c90cb1618d5ec391e2ff70e0d865771b50bd1dcbedb2f75ec0f8c2b0669f97ae,1300,866,JPEG,NONE_DEFINED_BY_ARCHIVE,Kaggle ai4a-lab/comprehensive-soil-classification-datasets v1
299,Arid_Soil,Arid_Soil:73,results/confirmatory/recovery/soil/staging/original/Arid_Soil/73.jpg,202a1d0e41e645f96f9e4e035819083c2d5e61fc2ae14da5748836c00f489894,053649d46babba7ae2d93f230fe51b1747fc52ea250347be65c49dc60153eff4,382,433,JPEG,NONE_DEFINED_BY_ARCHIVE,Kaggle ai4a-lab/comprehensive-soil-classification-datasets v1
300,Arid_Soil,Arid_Soil:74,results/confirmatory/recovery/soil/staging/original/Arid_Soil/74.jpg,a77abe5fb633587c3f48b21075b06ce9fbedfedaa820495faf84e8dcd41ec174,0056c71b79b99aa8eb006a4700d8f43c94b284ddf825e470fee31076c61b809a,888,1290,JPEG,NONE_DEFINED_BY_ARCHIVE,Kaggle ai4a-lab/comprehensive-soil-classification-datasets v1
301,Arid_Soil,Arid_Soil:75,results/confirmatory/recovery/soil/staging/original/Arid_Soil/75.jpg,ca8a64cd2c410e3bf62edaf056d692b7cc461619b9a63e2d409e1b6df77436aa,efd8683cc0f10266689b7f85859f72c71e7c2e3adca2394cb0e212968ad8b60e,480,270,JPEG,NONE_DEFINED_BY_ARCHIVE,Kaggle ai4a-lab/comprehensive-soil-classification-datasets v1
302,Arid_Soil,Arid_Soil:76,results/confirmatory/recovery/soil/staging/original/Arid_Soil/76.jpg,614939c462aac147ac299e05d7370626ad59b5cae9cbba0fa482aa5b1b572583,977b892d5e6ad8fc41adb7455491d4705ff3c893aeb98a14134632f81e7ecd67,612,459,JPEG,NONE_DEFINED_BY_ARCHIVE,Kaggle ai4a-lab/comprehensive-soil-classification-datasets v1
303,Arid_Soil,Arid_Soil:77,results/confirmatory/recovery/soil/staging/original/Arid_Soil/77.jpg,823a17fd2204fed738e7dd7c3c0a95621674db3b9d0e861bfb4a50ed09465afa,2eed2ce15ea5eda237b4186f3ab402e2d89868f517b82e898c06d998f93d0ba1,1500,985,JPEG,NONE_DEFINED_BY_ARCHIVE,Kaggle ai4a-lab/comprehensive-soil-classification-datasets v1
304,Arid_Soil,Arid_Soil:78,results/confirmatory/recovery/soil/staging/original/Arid_Soil/78.jpg,d4e7a06474b4201a76f649cdcf67ae4d9db28ed3c209008d8e873193dbc78646,0dde54500b5d465c766646ae92c214dba80ea99d2903bd69abaf30b1919d0a1b,1600,1055,JPEG,NONE_DEFINED_BY_ARCHIVE,Kaggle ai4a-lab/comprehensive-soil-classification-datasets v1
305,Arid_Soil,Arid_Soil:79,results/confirmatory/recovery/soil/staging/original/Arid_Soil/79.jpg,3b210993e2927ea114f6082508f5c74a17c9df1e9fb534d221c3078c4e10b97e,a49a50dcb1a01223939251110286c00b06c610bb254e1d133e3b1d2d9830d1f5,450,252,JPEG,NONE_DEFINED_BY_ARCHIVE,Kaggle ai4a-lab/comprehensive-soil-classification-datasets v1
306,Arid_Soil,Arid_Soil:8,results/confirmatory/recovery/soil/staging/original/Arid_Soil/8.jpg,1865796f363ba97dae2d04f9d7a523b59716a18314dfdf46670d1cacc2085c12,2b6d8e9cf8891a8f91c3b6145a27480c3992e971b63beedc850ebbb1c3bb6738,650,433,JPEG,NONE_DEFINED_BY_ARCHIVE,Kaggle ai4a-lab/comprehensive-soil-classification-datasets v1
307,Arid_Soil,Arid_Soil:80,results/confirmatory/recovery/soil/staging/original/Arid_Soil/80.jpg,3d21416323d96466a8d8f4b89fadbe3950dc54ee97d2cfee65ba4b422e8a2353,a86ce8ffb63d24473728afa24b6f17cea9fcd7625cdcb04a177552ae38657a5b,742,750,JPEG,NONE_DEFINED_BY_ARCHIVE,Kaggle ai4a-lab/comprehensive-soil-classification-datasets v1
308,Arid_Soil,Arid_Soil:81,results/confirmatory/recovery/soil/staging/original/Arid_Soil/81.jpg,d7b0620d6a5e9ccf6747c9b3d0394f4aecea5bc67894e741905fdcb1cb8c6b8e,a1fbc6e8128c4f616bf4d02d34ad2240cfad10474d0cf455885f442ef1ab7344,962,667,JPEG,NONE_DEFINED_BY_ARCHIVE,Kaggle ai4a-lab/comprehensive-soil-classification-datasets v1
309,Arid_Soil,Arid_Soil:82,results/confirmatory/recovery/soil/staging/original/Arid_Soil/82.jpg,2e1191bee9b14e04f3804cb88538567abf1ada5da83c3f85dde5044788fd7df8,f32a97150716ce2033635c3bfba262f3af2c4d91a38c6426470da1aa74519645,522,649,JPEG,NONE_DEFINED_BY_ARCHIVE,Kaggle ai4a-lab/comprehensive-soil-classification-datasets v1
310,Arid_Soil,Arid_Soil:83,results/confirmatory/recovery/soil/staging/original/Arid_Soil/83.jpg,0f40af78e246fa3643b4170dfc2e68551730a91a1adc668359d49b9d50c3ee1d,4159f9225c27aef2e16191ea708e2776eb89453b6c77eb13f6b9d1e1f6e7800b,600,600,JPEG,NONE_DEFINED_BY_ARCHIVE,Kaggle ai4a-lab/comprehensive-soil-classification-datasets v1
311,Arid_Soil,Arid_Soil:84,results/confirmatory/recovery/soil/staging/original/Arid_Soil/84.jpg,171af4bd203c0a1f2db5999806b14b30c5c5116e772c7ed7927b267ea7960996,b67375ca91e4037658abfa570b116950efbf5152529e2c746b45e3fb456d1498,612,344,JPEG,NONE_DEFINED_BY_ARCHIVE,Kaggle ai4a-lab/comprehensive-soil-classification-datasets v1
312,Arid_Soil,Arid_Soil:85,results/confirmatory/recovery/soil/staging/original/Arid_Soil/85.jpg,eecb304908aa9779fe8936202f87d7c7f4effbe18e00c30364d22fc025a04518,5a46db6bcc61a02d3322eb2e80329af5e6793c9b3311fa0b1267ea5b6d497f51,800,600,JPEG,NONE_DEFINED_BY_ARCHIVE,Kaggle ai4a-lab/comprehensive-soil-classification-datasets v1
313,Arid_Soil,Arid_Soil:86,results/confirmatory/recovery/soil/staging/original/Arid_Soil/86.jpg,6f658480821da5861e22a3280b3aa8e825de8b2c4771b009a5622363d60e4849,3ad410fe435b32619c80bd81224546746a41fd591c8b5be15c205131860bbf79,1024,733,JPEG,NONE_DEFINED_BY_ARCHIVE,Kaggle ai4a-lab/comprehensive-soil-classification-datasets v1
314,Arid_Soil,Arid_Soil:87,results/confirmatory/recovery/soil/staging/original/Arid_Soil/87.jpg,fa2d4a2d7ab63afbd6dce931f1211ff7a779baacf0bc255fdb9b56f5439a9bd8,f6215c007ef7cd22cab4745a0f29058394d16c0dbdb70ad7d337f67c462876c5,1068,1585,JPEG,NONE_DEFINED_BY_ARCHIVE,Kaggle ai4a-lab/comprehensive-soil-classification-datasets v1
315,Arid_Soil,Arid_Soil:9,results/confirmatory/recovery/soil/staging/original/Arid_Soil/9.jpg,2fafa2ff1109e37f5c9d7eda2b767481176593f3fcf1a8edbc66c70904e803a5,f2b13515d13ee118896e310b74b54cbff22dd2a736bd452050cb408ade552fa2,1600,1050,JPEG,NONE_DEFINED_BY_ARCHIVE,Kaggle ai4a-lab/comprehensive-soil-classification-datasets v1
316,Arid_Soil,Arid_Soil:90,results/confirmatory/recovery/soil/staging/original/Arid_Soil/90.jpg,8011d961bc9f294722af9e32dab9f83d297d7d4948dfca3f088afbf6b5468439,cabd31902e814b7249806cd8c7107fe8596a5a0d5dc74d68aa8f03b60312cd8e,3888,2592,JPEG,NONE_DEFINED_BY_ARCHIVE,Kaggle ai4a-lab/comprehensive-soil-classification-datasets v1
317,Arid_Soil,Arid_Soil:91,results/confirmatory/recovery/soil/staging/original/Arid_Soil/91.jpg,6329a7f914cf3a460b2ff5fff3a0e665337230f65f6e25d71d740ea093b8a4d4,b31e50b88d791f249cbc995f8714e0c13ef344d7da4ed750d19e58bf523aa50b,1024,475,JPEG,NONE_DEFINED_BY_ARCHIVE,Kaggle ai4a-lab/comprehensive-soil-classification-datasets v1
318,Arid_Soil,Arid_Soil:92,results/confirmatory/recovery/soil/staging/original/Arid_Soil/92.jpg,f0b34c9bc4f08ca3c25f9b1a97c38a6fe1575e8695ec4c2d8a1c7d4afdf14918,066bb5ecaa10df5dbad42522e4ddb0e4669249dbc651d66264888217dd81fbab,221,255,JPEG,NONE_DEFINED_BY_ARCHIVE,Kaggle ai4a-lab/comprehensive-soil-classification-datasets v1
319,Arid_Soil,Arid_Soil:93,results/confirmatory/recovery/soil/staging/original/Arid_Soil/93.jpg,4e436726ed8c5d5e87ace67c6406a4144df51449ae73c41c70dc58af29a54cef,650fafa2a8f9a750bf2cbe1dae9fb4784f19cd8ff7446852b9f0064effb6e6b9,2560,650,JPEG,NONE_DEFINED_BY_ARCHIVE,Kaggle ai4a-lab/comprehensive-soil-classification-datasets v1
320,Arid_Soil,Arid_Soil:93,results/confirmatory/recovery/soil/staging/original/Arid_Soil/93a.jpg,9e9e52d01877107021594193ddbd16b13572d8a05acfac583d443e007511aac0,fd3601049a64d617921cf33d15e000799e192e6b4fcc1cd30cfa2c2ceaa1c441,2560,1203,JPEG,NONE_DEFINED_BY_ARCHIVE,Kaggle ai4a-lab/comprehensive-soil-classification-datasets v1
321,Arid_Soil,Arid_Soil:94,results/confirmatory/recovery/soil/staging/original/Arid_Soil/94.jpg,c4da5d52415105f0563ed5ab438ee2a10e52eb42f05a35bae04bb20831e1e530,5f739962e14f85277b68937a44ea816aca5f63e21fb75fc01186aacafaf131b4,540,360,JPEG,NONE_DEFINED_BY_ARCHIVE,Kaggle ai4a-lab/comprehensive-soil-classification-datasets v1
322,Arid_Soil,Arid_Soil:95,results/confirmatory/recovery/soil/staging/original/Arid_Soil/95.jpg,223b267fbb9efda0a9cd9ad8e712babbdade6869f803bc111a452cf768646f3c,45ec05746b3fb6f5a233622f47f49c84f3158a6bad95fba1101259b4ca0aa972,810,504,JPEG,NONE_DEFINED_BY_ARCHIVE,Kaggle ai4a-lab/comprehensive-soil-classification-datasets v1
323,Arid_Soil,Arid_Soil:96,results/confirmatory/recovery/soil/staging/original/Arid_Soil/96.jpg,52bb4b9f3f0c2297777356e643fa224c6019939dd50396181653f8570e21876d,be1c9fd036ec2f4742799ad424182fbb629a18071c824eb6d096782c60c6f9c3,1173,1600,JPEG,NONE_DEFINED_BY_ARCHIVE,Kaggle ai4a-lab/comprehensive-soil-classification-datasets v1
324,Arid_Soil,Arid_Soil:97,results/confirmatory/recovery/soil/staging/original/Arid_Soil/97.jpg,b708ca74a95c75f777fe48e26634417374886ffc99abb9686df30ba1111f28a4,56f5c69396c2a3eedadc86e772ebae148cbf187c715243b7c76640cb561041e3,915,277,JPEG,NONE_DEFINED_BY_ARCHIVE,Kaggle ai4a-lab/comprehensive-soil-classification-datasets v1
325,Arid_Soil,Arid_Soil:97,results/confirmatory/recovery/soil/staging/original/Arid_Soil/97a.jpg,dd22fb4dedceaa15c1c1216dc540f98d04a4f14275a2c5b8288bb9ab8382bc6c,07d9aef97ca39a5b5ff3860adbcac8f7f3a6ba331d5b908b469a48c1c0f1094e,748,277,JPEG,NONE_DEFINED_BY_ARCHIVE,Kaggle ai4a-lab/comprehensive-soil-classification-datasets v1
326,Arid_Soil,Arid_Soil:97,results/confirmatory/recovery/soil/staging/original/Arid_Soil/97b.jpg,acaaae56e059ce2e3f943a0bb113f1a5c6f592840fda18d5efa4773357800e09,e844fe1c21f8ac347f863d821f191341a687f56c7a11ba1c0609ac0e3582378e,1200,387,JPEG,NONE_DEFINED_BY_ARCHIVE,Kaggle ai4a-lab/comprehensive-soil-classification-datasets v1
327,Arid_Soil,Arid_Soil:98,results/confirmatory/recovery/soil/staging/original/Arid_Soil/98.jpg,0a3ca0a1a68ef038a4a234b7d1bb7e90d6f999fb4ceb9f7c8f72c59fda0f2f81,3db35c0c15d07c04cf6b48d113358e7308bb3e886e515c12eb608072c57c214c,591,348,JPEG,NONE_DEFINED_BY_ARCHIVE,Kaggle ai4a-lab/comprehensive-soil-classification-datasets v1
328,Arid_Soil,Arid_Soil:99,results/confirmatory/recovery/soil/staging/original/Arid_Soil/99.jpg,43f2164312139409d15218b473f2ce62aca52d8719917f89aa11ed5647672cb0,2b7a50c0b5d17a37ab031d26b39b6f8621172dd18af66859f614ac1d8de8fdb0,685,250,JPEG,NONE_DEFINED_BY_ARCHIVE,Kaggle ai4a-lab/comprehensive-soil-classification-datasets v1
329,Black_Soil,Black_Soil:1,results/confirmatory/recovery/soil/staging/original/Black_Soil/1.jpg,b0c7b5a63e2315524b5e95961c1271f6b892da09416a1f4a75556ceb989b9c67,8ab0530eda5ac3c639bf79bf9d22d6efd5f073586f9b10b2f6d003e7b86857eb,1000,544,JPEG,NONE_DEFINED_BY_ARCHIVE,Kaggle ai4a-lab/comprehensive-soil-classification-datasets v1
330,Black_Soil,Black_Soil:10,results/confirmatory/recovery/soil/staging/original/Black_Soil/10.jpg,51b22b7d0d5d16cd4da3ba73f3f053090871c8fd695669a011f510766aa6a535,7f3bc28defbe5a1fcf6f48d5bd1c532b23365dde4882cf1900638a67e6d687e3,1200,900,JPEG,NONE_DEFINED_BY_ARCHIVE,Kaggle ai4a-lab/comprehensive-soil-classification-datasets v1
331,Black_Soil,Black_Soil:100,results/confirmatory/recovery/soil/staging/original/Black_Soil/100.jpg,fc62f4f52656ccd915feb32615951e08571a17df54a6b5a85632194279173f83,cdc3decd888c063100e0d2db4bc8291b0a5e095fdf4f0f4c6615d4134c0b7523,215,210,JPEG,NONE_DEFINED_BY_ARCHIVE,Kaggle ai4a-lab/comprehensive-soil-classification-datasets v1
332,Black_Soil,Black_Soil:102,results/confirmatory/recovery/soil/staging/original/Black_Soil/102.jpg,89d974891b37f072a634c0a2f4a9fcf90e1221bbc3593b0bc047ca7ab700dd7b,8224981bef1d8f9d63ed3a5e06f8df1c72b0ebef5d06a42e2c617280057a4cd5,391,234,JPEG,NONE_DEFINED_BY_ARCHIVE,Kaggle ai4a-lab/comprehensive-soil-classification-datasets v1
333,Black_Soil,Black_Soil:102,results/confirmatory/recovery/soil/staging/original/Black_Soil/102a.jpg,8b0f9d5f7e0bf1f008cb16c505cf7a5b951d06691b0a1653d2f167ac6bdd1dfc,b4378c2e85d241b489ea86081f61575f6159bb0f2bb1ba57ad1dc1d1eae5238e,438,241,JPEG,NONE_DEFINED_BY_ARCHIVE,Kaggle ai4a-lab/comprehensive-soil-classification-datasets v1
334,Black_Soil,Black_Soil:103,results/confirmatory/recovery/soil/staging/original/Black_Soil/103.jpg,6f60fd6f2db8edf8e753cecc5076b1c457d04bd0d380a266505e438fb7da7ea1,515ca9a4264ffe3dd1f9192bd3105577b1270398a3f74401f3496b9a5f114f9f,343,258,JPEG,NONE_DEFINED_BY_ARCHIVE,Kaggle ai4a-lab/comprehensive-soil-classification-datasets v1
335,Black_Soil,Black_Soil:104,results/confirmatory/recovery/soil/staging/original/Black_Soil/104.jpg,01444611baf82a1689106d4d24cbca8d2efc858d8d064f4879c8f3e0ab6096dc,2fc48d3a02d50ba699dbf2f1da41a053a27ddb2ef8d86bf757abcec46da35dc2,540,360,JPEG,NONE_DEFINED_BY_ARCHIVE,Kaggle ai4a-lab/comprehensive-soil-classification-datasets v1
336,Black_Soil,Black_Soil:104,results/confirmatory/recovery/soil/staging/original/Black_Soil/104a.jpg,5d52393900014fe974c3990f5644ed12e2263f2b59df4bc8975254608c93877a,fc3e8006686284420e98d7b2f34ce0d0455492bf8bc84f5d452ede870752bb57,333,360,JPEG,NONE_DEFINED_BY_ARCHIVE,Kaggle ai4a-lab/comprehensive-soil-classification-datasets v1
337,Black_Soil,Black_Soil:106,results/confirmatory/recovery/soil/staging/original/Black_Soil/106.jpg,36f83ebca521db33d7311215d71f9614a42d2f1385c393cec520acc5337a93f2,8cae69242dcaccf099ab2edd115f25a2273cf1a4374d25e484e87d0a857f9957,894,596,JPEG,NONE_DEFINED_BY_ARCHIVE,Kaggle ai4a-lab/comprehensive-soil-classification-datasets v1
338,Black_Soil,Black_Soil:107,results/confirmatory/recovery/soil/staging/original/Black_Soil/107.jpg,cabd644006b4e6414d5d5198a34ec5e9b391019564b0bbb2165ddf6e8c870703,e20a4e7a1d694c69bbb61ad8c8df76085627c6aa5503aaaf026390697b0d9b3f,249,130,JPEG,NONE_DEFINED_BY_ARCHIVE,Kaggle ai4a-lab/comprehensive-soil-classification-datasets v1
339,Black_Soil,Black_Soil:108,results/confirmatory/recovery/soil/staging/original/Black_Soil/108.jpg,845d051a59d8e574eaff2946810e87528b19ebe6c5f335e1d4820db110e59f25,c81421ea3d0053757946ed1b71bf1debc06040fe404455c68087ab079ea1b057,612,318,JPEG,NONE_DEFINED_BY_ARCHIVE,Kaggle ai4a-lab/comprehensive-soil-classification-datasets v1
340,Black_Soil,Black_Soil:109,results/confirmatory/recovery/soil/staging/original/Black_Soil/109.jpg,a194d7209363fbb38f538a3d975e4cf0b1ebb842cbf8cd2be5611a4a234bbf8c,6d64083d08a191e5fe1426b6a8b372678073bd9f75cba3cbf1a36746b6282cd6,1200,1200,JPEG,NONE_DEFINED_BY_ARCHIVE,Kaggle ai4a-lab/comprehensive-soil-classification-datasets v1
341,Black_Soil,Black_Soil:11,results/confirmatory/recovery/soil/staging/original/Black_Soil/11.jpg,f4b06d172843931397ce289129155e64db9fa2287526dace81536e5ffdaf98ea,12af1a3564080692b063679e2a5054163f8a41947a6c7128fa56c317cec2ac4b,894,596,JPEG,NONE_DEFINED_BY_ARCHIVE,Kaggle ai4a-lab/comprehensive-soil-classification-datasets v1
342,Black_Soil,Black_Soil:110,results/confirmatory/recovery/soil/staging/original/Black_Soil/110.jpg,04403c69a356a71d03213446349d2b6f97a3968a8b72fac2922b17c2d6aeb725,a1f5f6dd882b5c229036a4a3fd0d595ae6f5009a3094b956af55843ec2110c45,662,453,JPEG,NONE_DEFINED_BY_ARCHIVE,Kaggle ai4a-lab/comprehensive-soil-classification-datasets v1
343,Black_Soil,Black_Soil:111,results/confirmatory/recovery/soil/staging/original/Black_Soil/111.jpg,bdf2637aa81f6c6dd2c6ba54a0a6ac40ebd3782bd0e6be9163ad20c596085037,bee2e2278f0044344e62a1c1241ab6dfb2821a82aaa6947cd8f34b07e4b1e78c,928,948,JPEG,NONE_DEFINED_BY_ARCHIVE,Kaggle ai4a-lab/comprehensive-soil-classification-datasets v1
344,Black_Soil,Black_Soil:112,results/confirmatory/recovery/soil/staging/original/Black_Soil/112.jpg,4cdc0db02178cf61928a0ca83b46c4ea446fa003941ccc886d1e77ad2b9402f2,a003b2e925d5794369df8bf0a2b9b090109350a8e2760b97824b95700c4bacca,527,540,JPEG,NONE_DEFINED_BY_ARCHIVE,Kaggle ai4a-lab/comprehensive-soil-classification-datasets v1
345,Black_Soil,Black_Soil:113,results/confirmatory/recovery/soil/staging/original/Black_Soil/113.jpg,15c5fd52c8a2a2c260b4bfc059607b03919935452fcfac57a3c98479b84b75a8,5e3f5760b585aa7127672b11f90f07057d05c09d6b0ec65d726ce6536c60cf75,262,365,JPEG,NONE_DEFINED_BY_ARCHIVE,Kaggle ai4a-lab/comprehensive-soil-classification-datasets v1
346,Black_Soil,Black_Soil:114,results/confirmatory/recovery/soil/staging/original/Black_Soil/114.jpg,44d780c110248d0c803100df6be5a4461edff8f8822af29408eaca8b05eb5813,b4a7d9d84692b979a4a52f9a7307fb380c89201927187f031ee86198a4de00ff,1300,630,JPEG,NONE_DEFINED_BY_ARCHIVE,Kaggle ai4a-lab/comprehensive-soil-classification-datasets v1
347,Black_Soil,Black_Soil:115,results/confirmatory/recovery/soil/staging/original/Black_Soil/115.jpg,0fb4eee3f9ca5a4e40539460483384da2a34e57b96367c1108d1d1c1e751103f,664b92b7fe79847b62d8115c58d5a65df76683ecafb04dd8d9174e82e71d5d8a,800,386,JPEG,NONE_DEFINED_BY_ARCHIVE,Kaggle ai4a-lab/comprehensive-soil-classification-datasets v1
348,Black_Soil,Black_Soil:115,results/confirmatory/recovery/soil/staging/original/Black_Soil/115a.jpg,79f973c9e1237c5706c6f782d87f0ac67573d2a7c2847b21d8ab0959a7fbf67d,4c8004c31002997837a0c6dbfa3fe9962110f041256a82c9a28010c79abe364a,440,217,JPEG,NONE_DEFINED_BY_ARCHIVE,Kaggle ai4a-lab/comprehensive-soil-classification-datasets v1
349,Black_Soil,Black_Soil:116,results/confirmatory/recovery/soil/staging/original/Black_Soil/116.jpg,87dd89f1a1f7dab8ae6a6ad155469a70ca45202010afc0c60b35e6b0f92059f8,a22a23583ed0224d0e171b44239889b48b87bc336c1108abafc58c30d4bd4452,600,400,JPEG,NONE_DEFINED_BY_ARCHIVE,Kaggle ai4a-lab/comprehensive-soil-classification-datasets v1
350,Black_Soil,Black_Soil:117,results/confirmatory/recovery/soil/staging/original/Black_Soil/117.jpg,8dae3cd6d3b09dcba5b82a76541d55ff0c244b4ae5ec84d222553fd6dbe592cb,acadf43f0249f7e72d1e543c9c4670abac936d7dfaaf0c637a2dc47d521449ca,1072,720,JPEG,NONE_DEFINED_BY_ARCHIVE,Kaggle ai4a-lab/comprehensive-soil-classification-datasets v1
351,Black_Soil,Black_Soil:118,results/confirmatory/recovery/soil/staging/original/Black_Soil/118.jpg,a3ec41e35cae30040df57f14f97f0a6ef8ea2c0105610ed298066451392beb6f,8a706e84b36b8a3bbbd25972fa5be97dd04b551b9678e2340a911963e3d67c95,626,417,JPEG,NONE_DEFINED_BY_ARCHIVE,Kaggle ai4a-lab/comprehensive-soil-classification-datasets v1
352,Black_Soil,Black_Soil:119,results/confirmatory/recovery/soil/staging/original/Black_Soil/119.jpg,f12ce7f758da45c1700b361295df976fecdf859c834f77c4bd13b31b1d1e6462,74c171f6d2d82dc12a646aa55d6ca2e0476568365d64d6cbbd4c6a4a45294cf6,509,339,JPEG,NONE_DEFINED_BY_ARCHIVE,Kaggle ai4a-lab/comprehensive-soil-classification-datasets v1
353,Black_Soil,Black_Soil:12,results/confirmatory/recovery/soil/staging/original/Black_Soil/12.jpg,c011d714b9e35c818017dc98e976b2d19e573b7ce9d7b7a3ee1710fbacd7edea,bbd4bd8c4909273978ec41253cfc29b33d43564bb74784077d493b52bb9a1f35,259,194,JPEG,NONE_DEFINED_BY_ARCHIVE,Kaggle ai4a-lab/comprehensive-soil-classification-datasets v1
354,Black_Soil,Black_Soil:120,results/confirmatory/recovery/soil/staging/original/Black_Soil/120.jpg,12710a3c65b25449d0d3a05f41f79c41682082fe8f115f0f697d20ab5e66f6ac,fec8c41ab16d929b2329c2ec1aec0788dbf90ff54b825a2760789f7282928d05,390,255,JPEG,NONE_DEFINED_BY_ARCHIVE,Kaggle ai4a-lab/comprehensive-soil-classification-datasets v1
355,Black_Soil,Black_Soil:121,results/confirmatory/recovery/soil/staging/original/Black_Soil/121.jpg,d388c5cfcebc3640407afc483c6cd3abc68ae4d310a4517b1b652cdbef4ab305,a8a1ab1d86e62f87f902effdc68a735c551a507ec80283281591c77f4c83ecd3,360,239,JPEG,NONE_DEFINED_BY_ARCHIVE,Kaggle ai4a-lab/comprehensive-soil-classification-datasets v1
356,Black_Soil,Black_Soil:122,results/confirmatory/recovery/soil/staging/original/Black_Soil/122.jpg,35d10c6b780c62216393da223dfd54a72678c64150f9cd0a6964a7ce0430469c,9bcc631f9d6597bfd76c5804aacf8e0daa6cb7fa20e11285aa524646b9c6aeeb,226,141,JPEG,NONE_DEFINED_BY_ARCHIVE,Kaggle ai4a-lab/comprehensive-soil-classification-datasets v1
357,Black_Soil,Black_Soil:123,results/confirmatory/recovery/soil/staging/original/Black_Soil/123.jpg,d8c5545d1f6c3102cb5cb02773a37969b52c540dba0462f1d269d9ce96005b05,66aad09d7a61169080ee2ae5784b4f0be73beeebe50387db46323b8a5e5d0e56,280,240,JPEG,NONE_DEFINED_BY_ARCHIVE,Kaggle ai4a-lab/comprehensive-soil-classification-datasets v1
358,Black_Soil,Black_Soil:124,results/confirmatory/recovery/soil/staging/original/Black_Soil/124.jpg,fc92660dbae7f9a1bddd833d54d83622f440d9c0e7146b83a8d7aba999048f0c,aa1b2b9beb6c80f0fcf5d81a09659f698793ad140c594579cf3307a41ee35669,540,252,JPEG,NONE_DEFINED_BY_ARCHIVE,Kaggle ai4a-lab/comprehensive-soil-classification-datasets v1
359,Black_Soil,Black_Soil:125,results/confirmatory/recovery/soil/staging/original/Black_Soil/125.jpg,a196eb0abcbeaad034da058dec2e301d71516bf531b5e54452e6e569dd9b8925,6c0e7a13a3e912683024fe1c2ca7d5932de37b79da35d01161abed032bda83d5,488,285,JPEG,NONE_DEFINED_BY_ARCHIVE,Kaggle ai4a-lab/comprehensive-soil-classification-datasets v1
360,Black_Soil,Black_Soil:126,results/confirmatory/recovery/soil/staging/original/Black_Soil/126.jpg,15b074be8e77087860ef41a041023753624344d27f03d374ac04ce8ef473bf6f,d5416624b8299e535ecfd66c7bd5d25f1ee2b1cf1d9e906f284cc64a9e7658fc,500,500,JPEG,NONE_DEFINED_BY_ARCHIVE,Kaggle ai4a-lab/comprehensive-soil-classification-datasets v1
361,Black_Soil,Black_Soil:127,results/confirmatory/recovery/soil/staging/original/Black_Soil/127.jpg,2ae0437ce1e2a788fcec82150f36c15cb71ae37b49737a15cc5665cc9b5c7575,ea5475529197ab12f600ab39aff774345a81f5b155cc117cc9996959fd19a925,365,135,JPEG,NONE_DEFINED_BY_ARCHIVE,Kaggle ai4a-lab/comprehensive-soil-classification-datasets v1
362,Black_Soil,Black_Soil:127,results/confirmatory/recovery/soil/staging/original/Black_Soil/127a.jpg,6a041ce5822d4164cac93e5378b8fbc83f0a0569e3c948a705f05d42e5257843,cd8d1a0d931ca84f3b40dd94e50fd640bd690c4f8bc53acddbbefb7d257087ec,391,138,JPEG,NONE_DEFINED_BY_ARCHIVE,Kaggle ai4a-lab/comprehensive-soil-classification-datasets v1
363,Black_Soil,Black_Soil:128,results/confirmatory/recovery/soil/staging/original/Black_Soil/128.jpg,3d1969012c2af85e9adebe26e1abd2573aed1ff90ffe6b25b4fd4fee521364c2,0cbb73ac67ca41559083c7ae73f175988b12415cc14c14d7be42235c26baf548,789,817,JPEG,NONE_DEFINED_BY_ARCHIVE,Kaggle ai4a-lab/comprehensive-soil-classification-datasets v1
364,Black_Soil,Black_Soil:128,results/confirmatory/recovery/soil/staging/original/Black_Soil/128a.jpg,6ef02a2319ec70a795e77bfc0ea65176f59758b19083c932d2d0918c12fd7ff6,a3bd42ffe5f1015c7f5948fdc7032e2208529a36a268333ee2b3a7bdf0020398,915,1075,JPEG,NONE_DEFINED_BY_ARCHIVE,Kaggle ai4a-lab/comprehensive-soil-classification-datasets v1
365,Black_Soil,Black_Soil:128,results/confirmatory/recovery/soil/staging/original/Black_Soil/128b.jpg,5399e8339c7f955d2dc543207a222c93f375ecf5478c7b5fcadd5f4621abd138,ad946540261dcf7717db87be05724d620b1558a905b4a387e468f3964d3fc484,464,722,JPEG,NONE_DEFINED_BY_ARCHIVE,Kaggle ai4a-lab/comprehensive-soil-classification-datasets v1
366,Black_Soil,Black_Soil:128,results/confirmatory/recovery/soil/staging/original/Black_Soil/128c.jpg,b6f03da597afe4d4781ac73248ba1df0727601615d606d569985f99a5241ea04,5d970f605005995a9b9f7e32118a7f5a09970de534e53de7fb8802be035e201b,465,563,JPEG,NONE_DEFINED_BY_ARCHIVE,Kaggle ai4a-lab/comprehensive-soil-classification-datasets v1
367,Black_Soil,Black_Soil:129,results/confirmatory/recovery/soil/staging/original/Black_Soil/129.jpg,0211b8ae5f9c4bde3b22e3c6bf2aaa9e9ef6ba4b311c5e4f9aa5e177033ad45d,5fd26d9c9e6b611d08877023c1eee2a6ec7e2ed6ba0e9913ac0b6b94db538ccf,300,200,JPEG,NONE_DEFINED_BY_ARCHIVE,Kaggle ai4a-lab/comprehensive-soil-classification-datasets v1
368,Black_Soil,Black_Soil:13,results/confirmatory/recovery/soil/staging/original/Black_Soil/13.jpg,f8c0dbc30df8be8cfcb418f7af3c40ea8d1980b659f3df6a4ef9111d018d75a0,743be4f3d90fbe91ec9fe1d238713eba0a59c5dd4ab45fd78f561e51b6adbc9f,1470,579,JPEG,NONE_DEFINED_BY_ARCHIVE,Kaggle ai4a-lab/comprehensive-soil-classification-datasets v1
369,Black_Soil,Black_Soil:130,results/confirmatory/recovery/soil/staging/original/Black_Soil/130.jpg,45fd520af84816cea7d8f616126d119da7540503064a92f4396f60e69b7a9e37,022c797ed4a8dad7e1096c43a2b904c61102a6edc24d2ea12e1afc3d6dcfe9f7,612,301,JPEG,NONE_DEFINED_BY_ARCHIVE,Kaggle ai4a-lab/comprehensive-soil-classification-datasets v1
370,Black_Soil,Black_Soil:131,results/confirmatory/recovery/soil/staging/original/Black_Soil/131.jpg,6ba6e37c216bb3335b43bec2f054a5b6f04fa02d5cafdbda9dc6d48c9c40cc02,284e147d74709199e43c6d406e47d59516c6acdcbf3e7ec064b2384abdb130ff,651,536,JPEG,NONE_DEFINED_BY_ARCHIVE,Kaggle ai4a-lab/comprehensive-soil-classification-datasets v1
371,Black_Soil,Black_Soil:132,results/confirmatory/recovery/soil/staging/original/Black_Soil/132.jpg,cb2bcd1e919ef5ed15844e1485ff86977b45f51bbf7e1b772dbd4fad9a118fe3,589d81539189ac9ed1ddc8462e4d8bef98235e4f1d8fbc8fcd378bf42b2595c5,720,720,JPEG,NONE_DEFINED_BY_ARCHIVE,Kaggle ai4a-lab/comprehensive-soil-classification-datasets v1
372,Black_Soil,Black_Soil:133,results/confirmatory/recovery/soil/staging/original/Black_Soil/133.jpg,a120c5aedb2b110b9a700183fbb435eab901e38ad7571dff294d2fb0710f37a1,e1756a71a88554fd03c9365d5a2d924e2fb77c7e7333197645949a7efaddce46,1300,831,JPEG,NONE_DEFINED_BY_ARCHIVE,Kaggle ai4a-lab/comprehensive-soil-classification-datasets v1
373,Black_Soil,Black_Soil:134,results/confirmatory/recovery/soil/staging/original/Black_Soil/134.jpg,69b0a622b55fbdf90fd357d65f7301c35d7361d1b643202004be7eef3a32d381,42f38c12a7b63b066ab0c82356201c07e48bcb8179c1411cf61b6746c01b30ca,894,504,JPEG,NONE_DEFINED_BY_ARCHIVE,Kaggle ai4a-lab/comprehensive-soil-classification-datasets v1
374,Black_Soil,Black_Soil:134,results/confirmatory/recovery/soil/staging/original/Black_Soil/134a.jpg,ff8cce8dc1378070d8a273e4739c7410dcd22f513cabee091235b555a3004300,d4b91eada605cdd64f225ddc3d06c17a735da647ee2637e44161158b6e748334,312,311,JPEG,NONE_DEFINED_BY_ARCHIVE,Kaggle ai4a-lab/comprehensive-soil-classification-datasets v1
375,Black_Soil,Black_Soil:135,results/confirmatory/recovery/soil/staging/original/Black_Soil/135.jpg,1e81bfa6a891f9b4baafcec9109a6b8aebf49e60c5cae64f026d66fbbdee73bb,544a001c95f7d400a79949b5a27178d42ca6157b0ead807f7f817d68733414b6,440,361,JPEG,NONE_DEFINED_BY_ARCHIVE,Kaggle ai4a-lab/comprehensive-soil-classification-datasets v1
376,Black_Soil,Black_Soil:136,results/confirmatory/recovery/soil/staging/original/Black_Soil/136.jpg,e55f27345c5c5b767c373ac1d45665b06438c94b743ad962ad38d5e3ab11d2ad,2e9a005822556f5becad7e9d83d76c58e98734ac7fc10c4b3598b357f2b1683d,360,238,JPEG,NONE_DEFINED_BY_ARCHIVE,Kaggle ai4a-lab/comprehensive-soil-classification-datasets v1
377,Black_Soil,Black_Soil:137,results/confirmatory/recovery/soil/staging/original/Black_Soil/137.jpg,95843d9944dca60db404ba667857f37cccc24f552190acb640094135bef6d867,a8996e7b67ca9740873e7d654b9ada6cc41450f8a868e807aa98feb20bdb82ec,612,408,JPEG,NONE_DEFINED_BY_ARCHIVE,Kaggle ai4a-lab/comprehensive-soil-classification-datasets v1
378,Black_Soil,Black_Soil:138,results/confirmatory/recovery/soil/staging/original/Black_Soil/138.jpg,85dfd5bc66f21c4d9499ff1554050d152e0d1b163d756d344e9dc467ec8e4d74,df50a11966f96826e6e5cd3a0274aa61a800cacc5b7a55b9cbaee062f364e9cd,690,374,JPEG,NONE_DEFINED_BY_ARCHIVE,Kaggle ai4a-lab/comprehensive-soil-classification-datasets v1
379,Black_Soil,Black_Soil:139,results/confirmatory/recovery/soil/staging/original/Black_Soil/139.jpg,0602615e14a1d9ac129a8b90c224c089c7e0fa4476edab414866d53fefcaebd1,b7593dd251d4f9010553c897d4917aa622f10aea1578239bcefee44c4d3c93a9,600,537,JPEG,NONE_DEFINED_BY_ARCHIVE,Kaggle ai4a-lab/comprehensive-soil-classification-datasets v1
380,Black_Soil,Black_Soil:13,results/confirmatory/recovery/soil/staging/original/Black_Soil/13a.jpg,b90061bf18b6bbc85fd04124e55793915f8be6cbf4bd2a8e88e341c1c196891d,e9717e5d27d4178cf6f3370157ed03e353a5b4805797415b5eadbbc564182880,904,462,JPEG,NONE_DEFINED_BY_ARCHIVE,Kaggle ai4a-lab/comprehensive-soil-classification-datasets v1
381,Black_Soil,Black_Soil:14,results/confirmatory/recovery/soil/staging/original/Black_Soil/14.jpg,65a36c4bd52a3ee9aeb51d73a4122e757b384597a780845fc1d48062e2966682,0c51f39e7640e1d1037b821e797145580dedbd23bc693038890f97fd6584ef84,800,600,JPEG,NONE_DEFINED_BY_ARCHIVE,Kaggle ai4a-lab/comprehensive-soil-classification-datasets v1
382,Black_Soil,Black_Soil:140,results/confirmatory/recovery/soil/staging/original/Black_Soil/140.jpg,129e45a0e3e100baae6ff63c9856934246d6abe438b09c4b490eebfcf6ac5b1b,bbc93e70f0c216e790a35b636bfcee20f3ab42df30ac445eaeb2313fdd8588bf,367,600,JPEG,NONE_DEFINED_BY_ARCHIVE,Kaggle ai4a-lab/comprehensive-soil-classification-datasets v1
383,Black_Soil,Black_Soil:140,results/confirmatory/recovery/soil/staging/original/Black_Soil/140a.jpg,ad03004cffb7f41d4a68b5250928f79b5d92fec0e3fe32dacad23927c524a947,4591bd88301856f719bc9f344a859a21b74ac166da3beb48064dd6ff5c494175,328,372,JPEG,NONE_DEFINED_BY_ARCHIVE,Kaggle ai4a-lab/comprehensive-soil-classification-datasets v1
384,Black_Soil,Black_Soil:141,results/confirmatory/recovery/soil/staging/original/Black_Soil/141.jpg,6244c678d620bc3e6dedec49105d70c3b5767d8ed7cf339c1e1e388c691bb9c4,35f4cc49bc06c0b2a3442e8f8e8a564d74f539ff3d4390e79bebc48dff79fe10,850,607,JPEG,NONE_DEFINED_BY_ARCHIVE,Kaggle ai4a-lab/comprehensive-soil-classification-datasets v1
385,Black_Soil,Black_Soil:142,results/confirmatory/recovery/soil/staging/original/Black_Soil/142.jpg,dce36235cf09b55dd810b60d15a4545aa6fa9155fd7ff63d00611c1893810732,b756a8da0b87a28ddb5972a6ae0d3b854c59ab72c00a08cb2bb74899d4641f0e,764,421,JPEG,NONE_DEFINED_BY_ARCHIVE,Kaggle ai4a-lab/comprehensive-soil-classification-datasets v1
386,Black_Soil,Black_Soil:143,results/confirmatory/recovery/soil/staging/original/Black_Soil/143.jpg,fd6dd8be31420d894662d70ef026593b42fb5ed28556efc878ed33f3aa303629,b224a0decda4eb4d292fac57135588daf7e9d24d40b773070e0515b13b1a7ab8,803,701,JPEG,NONE_DEFINED_BY_ARCHIVE,Kaggle ai4a-lab/comprehensive-soil-classification-datasets v1
387,Black_Soil,Black_Soil:144,results/confirmatory/recovery/soil/staging/original/Black_Soil/144.jpg,89b25e9cfa23a631a66fb4c67119f7a293dc5a5866eff06576dcfe582d8b9672,ba7a70f44885aaafc68faa557415d00ceab02dc283f9cd24a00f700de0928a29,390,251,JPEG,NONE_DEFINED_BY_ARCHIVE,Kaggle ai4a-lab/comprehensive-soil-classification-datasets v1
388,Black_Soil,Black_Soil:146,results/confirmatory/recovery/soil/staging/original/Black_Soil/146.jpg,b527580f0845632877d7294e2c246e8830bb62921b6c58aca0e4a56d505cacd3,a608f49a4cf8903bd54487c76a55bdbffed4c77a5219e8ebdd0e2d672966c1c4,725,424,JPEG,NONE_DEFINED_BY_ARCHIVE,Kaggle ai4a-lab/comprehensive-soil-classification-datasets v1
389,Black_Soil,Black_Soil:147,results/confirmatory/recovery/soil/staging/original/Black_Soil/147.jpg,e0fa4119c421c3a4f927eee223bcc600378e9a170c5edb455ca31600107521f5,dcad7996f5c05fe39204eba7d669772f0ae12ba806d82c34b0e0284af44f918b,264,191,JPEG,NONE_DEFINED_BY_ARCHIVE,Kaggle ai4a-lab/comprehensive-soil-classification-datasets v1
390,Black_Soil,Black_Soil:148,results/confirmatory/recovery/soil/staging/original/Black_Soil/148.jpg,0f44fda66d8c37ed283cf17a9f0436d1655083d2b5f211389454eef841c25979,074cddecd61f696ac960cfc7eb865dc10c34aa6c3573a51de901a90edd7e6d2f,360,239,JPEG,NONE_DEFINED_BY_ARCHIVE,Kaggle ai4a-lab/comprehensive-soil-classification-datasets v1
391,Black_Soil,Black_Soil:149,results/confirmatory/recovery/soil/staging/original/Black_Soil/149.jpg,a863fa7d9aed51ef0947dfef33c1a60a7e546e32a8ae3afd39f410a391e589e7,950bc1c2f21d56a398d81b142c049f5b49dd1442ef5bf70494717cbb5e538b27,1600,1047,JPEG,NONE_DEFINED_BY_ARCHIVE,Kaggle ai4a-lab/comprehensive-soil-classification-datasets v1
392,Black_Soil,Black_Soil:15,results/confirmatory/recovery/soil/staging/original/Black_Soil/15.jpg,f3daf8cce456a207e032fa5a38344af67312973f662e660b54e89c1157c2c077,532fe823603627bf2b7badd260b4704665ca8cd6ea37dbcfd52d9fde75f66dd6,935,508,JPEG,NONE_DEFINED_BY_ARCHIVE,Kaggle ai4a-lab/comprehensive-soil-classification-datasets v1
393,Black_Soil,Black_Soil:150,results/confirmatory/recovery/soil/staging/original/Black_Soil/150.jpg,fa023f44689de344ec82d1f11466a44bab59d5b898c860efa482a51094f38810,c3011f8ada102068889366b9f9e194488866522a1d98bd5cf71334b63b30045f,350,219,JPEG,NONE_DEFINED_BY_ARCHIVE,Kaggle ai4a-lab/comprehensive-soil-classification-datasets v1
394,Black_Soil,Black_Soil:151,results/confirmatory/recovery/soil/staging/original/Black_Soil/151.jpg,7fe2359b7fbffefc92f3947930c5658357c4c2589dd614a3998ea4337c82c618,e9781ec1f1896e05eb781741012d5eadb0a01c3bc3a47ad76f7af943d8ea8207,1464,1067,JPEG,NONE_DEFINED_BY_ARCHIVE,Kaggle ai4a-lab/comprehensive-soil-classification-datasets v1
395,Black_Soil,Black_Soil:152,results/confirmatory/recovery/soil/staging/original/Black_Soil/152.jpg,a0657fda0b89f093454ac63f5b9379a40e6b2666c16a00bf0b4b09d8cacea9fe,c56fa36ac4c93a5d6102d5349209fd414f44c01d9dbc8ca661b00179cf6a45ee,500,301,JPEG,NONE_DEFINED_BY_ARCHIVE,Kaggle ai4a-lab/comprehensive-soil-classification-datasets v1
396,Black_Soil,Black_Soil:153,results/confirmatory/recovery/soil/staging/original/Black_Soil/153.jpg,e6dcdeb1c912343ca35568fa78905af8ef303bde7aa691f7e64b2feb831f1db7,1b6eb2726ba6681520595af066ac18d62ac19d15f95383ff089cc9caf7410795,396,323,JPEG,NONE_DEFINED_BY_ARCHIVE,Kaggle ai4a-lab/comprehensive-soil-classification-datasets v1
397,Black_Soil,Black_Soil:154,results/confirmatory/recovery/soil/staging/original/Black_Soil/154.jpg,63bcc3816444ad0edc3599fba4b98138a7eb06545b9e9f5c02959c80419d450b,e584372b58337a17e8571409718cd707d127cf03da483de27b5f9517518590b1,600,571,JPEG,NONE_DEFINED_BY_ARCHIVE,Kaggle ai4a-lab/comprehensive-soil-classification-datasets v1
398,Black_Soil,Black_Soil:155,results/confirmatory/recovery/soil/staging/original/Black_Soil/155.jpg,61919b403cbfab937b06f9cfe49031d8cd30ba260a135f09cfa6c87d450ee185,fec8cadbebe1671708d52a4dcfe7bfb69388c6cfb0996238f51168755e12b6a8,626,417,JPEG,NONE_DEFINED_BY_ARCHIVE,Kaggle ai4a-lab/comprehensive-soil-classification-datasets v1
399,Black_Soil,Black_Soil:156,results/confirmatory/recovery/soil/staging/original/Black_Soil/156.jpg,1f8a2fbe964042f0bf5f2e457f3aa12e2c951f3ddcbcc0b5cafee8594780f0fc,2f2699731589548db8991aae8eaed08c316ef867d76fe87a6d8137ea29487c76,626,379,JPEG,NONE_DEFINED_BY_ARCHIVE,Kaggle ai4a-lab/comprehensive-soil-classification-datasets v1
400,Black_Soil,Black_Soil:157,results/confirmatory/recovery/soil/staging/original/Black_Soil/157.jpg,e55165817d7d1dc08bcf7df91dba086f125f160b05f711cfd9002c98bc2bfb0c,259b94cc44ac31c3af3b677e319b2a24af6266ef6a611f27a07d9785df67a44b,408,277,JPEG,NONE_DEFINED_BY_ARCHIVE,Kaggle ai4a-lab/comprehensive-soil-classification-datasets v1
401,Black_Soil,Black_Soil:157,results/confirmatory/recovery/soil/staging/original/Black_Soil/157a.jpg,2a7e0b53c0b442558d99373f73750599951193fb7657535d57626b2a48189f5f,3c32bb84b34e88f157662a1549627b83655cb720e9fa2e04160190c9a08d4a25,408,370,JPEG,NONE_DEFINED_BY_ARCHIVE,Kaggle ai4a-lab/comprehensive-soil-classification-datasets v1
402,Black_Soil,Black_Soil:158,results/confirmatory/recovery/soil/staging/original/Black_Soil/158.jpg,72ea26445eb3eebdcbf9c5d50440ea9f400c4d2990a5f157bf6ec5337dd61bf2,4b2e2853f978da222ba3730fb2eef978c58d8aece68d61f9881ee19b9d191ba9,653,419,JPEG,NONE_DEFINED_BY_ARCHIVE,Kaggle ai4a-lab/comprehensive-soil-classification-datasets v1
403,Black_Soil,Black_Soil:159,results/confirmatory/recovery/soil/staging/original/Black_Soil/159.jpg,31f9db9a1682924a571c57c2aa7333e1d0de851a39e9b1b078ff27e5232ade6b,98d0e6395c5ffd692dc72a4e9cb44dabd88d08409c5cbad7ee21ad0dade538b6,415,311,JPEG,NONE_DEFINED_BY_ARCHIVE,Kaggle ai4a-lab/comprehensive-soil-classification-datasets v1
404,Black_Soil,Black_Soil:159,results/confirmatory/recovery/soil/staging/original/Black_Soil/159a.jpg,bf1124a5d76a95e37cf5807e49aaa26ddbfc633dc89b925fc0c2445137b8c76f,29d5cc6f9a50b6ff4710635bf6431c5a594c323f184e770996359960dd07e5ca,227,258,JPEG,NONE_DEFINED_BY_ARCHIVE,Kaggle ai4a-lab/comprehensive-soil-classification-datasets v1
405,Black_Soil,Black_Soil:16,results/confirmatory/recovery/soil/staging/original/Black_Soil/16.jpg,bdfcbef7d1f8d14368a96d0d7a2c23671bd39cd2d0aaf346be68212a10435761,a967d7dcb3bcfeee2b4a745c25639c8231e5e961cf95696df2992136ba3dba41,1016,424,JPEG,NONE_DEFINED_BY_ARCHIVE,Kaggle ai4a-lab/comprehensive-soil-classification-datasets v1
406,Black_Soil,Black_Soil:160,results/confirmatory/recovery/soil/staging/original/Black_Soil/160.jpg,f6eb8703c0b65ac6ef4de05b74d20668bd6048c294264472cc48fbda2951ac17,e6ceb03c5f396d44b87be490cb70bde5a0a9eea5e023805eeedf34e6e8b35307,416,146,JPEG,NONE_DEFINED_BY_ARCHIVE,Kaggle ai4a-lab/comprehensive-soil-classification-datasets v1
407,Black_Soil,Black_Soil:162,results/confirmatory/recovery/soil/staging/original/Black_Soil/162.jpg,c059fe441e60b4e4494aa01d74b749cbfc9b64fc4ce07b5968b6558bdf469702,28e4e3ec730976ea737de04259adade6d482ac711ef26acfcf305a43fd0d0ea8,626,351,JPEG,NONE_DEFINED_BY_ARCHIVE,Kaggle ai4a-lab/comprehensive-soil-classification-datasets v1
408,Black_Soil,Black_Soil:163,results/confirmatory/recovery/soil/staging/original/Black_Soil/163.jpg,ab0fcdeba31edfd98d44bbedf36dafbc95d2be0d51e246f35617f7de8a56463d,e20b574cee66b3bd4cc028ef3a9362e052420cb459984b2d83b6379a222c3635,604,702,JPEG,NONE_DEFINED_BY_ARCHIVE,Kaggle ai4a-lab/comprehensive-soil-classification-datasets v1
409,Black_Soil,Black_Soil:164,results/confirmatory/recovery/soil/staging/original/Black_Soil/164.jpg,d249e6d451d1775217fa75445e11b418b04ae2ef115fcf7b6bf895fcadf567c6,1b60c1792e959a0b712d832969f7b05b886dcb9ad1eb98a00742cf126716c057,359,381,JPEG,NONE_DEFINED_BY_ARCHIVE,Kaggle ai4a-lab/comprehensive-soil-classification-datasets v1
410,Black_Soil,Black_Soil:164,results/confirmatory/recovery/soil/staging/original/Black_Soil/164a.jpg,2fa012b38e1fbaf93296fe6c7856ed1c8809dd7287373f23c115f80c5dc5fd9b,429ca208d5ae46c68952f66778c2887d389f62e33e43f685ed2b6cfe9b4202ef,612,242,JPEG,NONE_DEFINED_BY_ARCHIVE,Kaggle ai4a-lab/comprehensive-soil-classification-datasets v1
411,Black_Soil,Black_Soil:165,results/confirmatory/recovery/soil/staging/original/Black_Soil/165.jpg,44323d0c4e875ac48c8bd3498958152615e038d7db3c1ab261884d52df0ee48f,e78069d85329feb8bdb95c52b46bb789c8e24d8746102b65c59306853d30b1c9,320,293,JPEG,NONE_DEFINED_BY_ARCHIVE,Kaggle ai4a-lab/comprehensive-soil-classification-datasets v1
412,Black_Soil,Black_Soil:166,results/confirmatory/recovery/soil/staging/original/Black_Soil/166.jpg,7c6dce933b0f6e743ad3cd9ff4d10f0038fcb1394a420797a050abfaea5f4a8e,c60246392ae3c874f8c9b2a9d1c66d2b39b7793d2887c24b58a22d6a5754e18b,1500,1060,JPEG,NONE_DEFINED_BY_ARCHIVE,Kaggle ai4a-lab/comprehensive-soil-classification-datasets v1
413,Black_Soil,Black_Soil:167,results/confirmatory/recovery/soil/staging/original/Black_Soil/167.jpg,b4483f6cc7fb827ee0cd2d1ba7b116c774e9b00729d9403be032f8d482891eb9,3b91b9b8b546bd0143b4cbddb4d423960733548d871056cd6bdf22ffaa18898a,2798,1472,JPEG,NONE_DEFINED_BY_ARCHIVE,Kaggle ai4a-lab/comprehensive-soil-classification-datasets v1
414,Black_Soil,Black_Soil:167,results/confirmatory/recovery/soil/staging/original/Black_Soil/167a.jpg,0e733d7ed01641d9fd91d3bb52d0d29358a0a3107b27621be3cdc785da9dee20,68a04c4d9cef94462e0a3b75e42e94b41e122e070d451d4748357a00b7bcbb69,1965,1063,JPEG,NONE_DEFINED_BY_ARCHIVE,Kaggle ai4a-lab/comprehensive-soil-classification-datasets v1
415,Black_Soil,Black_Soil:168,results/confirmatory/recovery/soil/staging/original/Black_Soil/168.jpg,a50884de0b544c291f8a859ef2658b1248aa2601f77969340cb3d8c8b6166c34,232a723c60f8aa21f4349fd7a09b2268598efe89ced4a4d916f2b37e25c430e4,900,1200,JPEG,NONE_DEFINED_BY_ARCHIVE,Kaggle ai4a-lab/comprehensive-soil-classification-datasets v1
416,Black_Soil,Black_Soil:169,results/confirmatory/recovery/soil/staging/original/Black_Soil/169.jpg,1941ac450e918b61f5dcc5ef0954cfba1cddd00d1b8eeee410d797d14953acd4,7ca596a9d6668da0d0052394b39801aac127b0a350de01da6b4d9c477ba9e1b0,850,850,JPEG,NONE_DEFINED_BY_ARCHIVE,Kaggle ai4a-lab/comprehensive-soil-classification-datasets v1
417,Black_Soil,Black_Soil:17,results/confirmatory/recovery/soil/staging/original/Black_Soil/17.jpg,0f7f9b0d68110e0fa7724c66b03f999e746252b47999e21efbba602e9e605072,37f8547014d9f47960a1bde9bb32866a17931b836ac16b55f3af176fbe467728,640,287,JPEG,NONE_DEFINED_BY_ARCHIVE,Kaggle ai4a-lab/comprehensive-soil-classification-datasets v1
418,Black_Soil,Black_Soil:170,results/confirmatory/recovery/soil/staging/original/Black_Soil/170.jpg,22559f6705932ea6274dced7786760e06cd266a7e3619828577cd68cf347f26d,f6509c3ed97d7cbc9703ad551c378a6c0b3822e4d38af5e95aaf259a7754d021,700,540,JPEG,NONE_DEFINED_BY_ARCHIVE,Kaggle ai4a-lab/comprehensive-soil-classification-datasets v1
419,Black_Soil,Black_Soil:171,results/confirmatory/recovery/soil/staging/original/Black_Soil/171.jpg,abfd128232128a5f9408301d1b699cf8646de42a0b2e22899ee171071c2207b0,42ee0dd029c90ee425f99686dadd3f1703a2bae67360922ad6229314bd925e25,300,200,JPEG,NONE_DEFINED_BY_ARCHIVE,Kaggle ai4a-lab/comprehensive-soil-classification-datasets v1
420,Black_Soil,Black_Soil:171,results/confirmatory/recovery/soil/staging/original/Black_Soil/171a.jpg,ee2c101c97a8f1400489eadfd84bfe7a0857cd665123230bc30bc87f9ea9667d,876b275a87827738af9b03556e416402a85840aeac2da440c40aa96921e4d9ba,167,200,JPEG,NONE_DEFINED_BY_ARCHIVE,Kaggle ai4a-lab/comprehensive-soil-classification-datasets v1
421,Black_Soil,Black_Soil:172,results/confirmatory/recovery/soil/staging/original/Black_Soil/172.jpg,5a02340b64941fb131d6a6ed84d9ca11748c317067546dccfde1d3c6a36f7507,0b54be81f2494574815ed61365fc67f4c98bc20c963870b457887d8b00117927,390,257,JPEG,NONE_DEFINED_BY_ARCHIVE,Kaggle ai4a-lab/comprehensive-soil-classification-datasets v1
422,Black_Soil,Black_Soil:174,results/confirmatory/recovery/soil/staging/original/Black_Soil/174.jpg,42f9b67d317cfaaca778f298c776a64c9bd11b752b9f2f6833d2746dbc63e9d1,50b9490dd5ce280461f4fa30e0f2dd0825e748c41f8af0eb1f4109abb1ac6c4f,612,408,JPEG,NONE_DEFINED_BY_ARCHIVE,Kaggle ai4a-lab/comprehensive-soil-classification-datasets v1
423,Black_Soil,Black_Soil:174,results/confirmatory/recovery/soil/staging/original/Black_Soil/174a.jpg,480e9e6fdb4252067b2a3bd661f4629846c19e2a89b30582fcb364f55c5db1cc,64db42c5d55bd36d410615ac8a5f931146abe71a9e6a37c5f55f9f7a93762df1,612,311,JPEG,NONE_DEFINED_BY_ARCHIVE,Kaggle ai4a-lab/comprehensive-soil-classification-datasets v1
424,Black_Soil,Black_Soil:175,results/confirmatory/recovery/soil/staging/original/Black_Soil/175.jpg,79469bff8fdaa76a5c96dc9fdb3bc9ea63e101aef7788822bbc72bebe3de078f,bb298d2c0f4c012633b1eddb4072e11310503ae8ac75d58d587f10615d193235,390,253,JPEG,NONE_DEFINED_BY_ARCHIVE,Kaggle ai4a-lab/comprehensive-soil-classification-datasets v1
425,Black_Soil,Black_Soil:176,results/confirmatory/recovery/soil/staging/original/Black_Soil/176.jpg,77b29ec2ea461ddd40043964b4077cf475d017d3cea9745370e60270cec3cf22,60a7144ea1a7f76b4c167169b085df85738ccd4f5c81d70f1642953148f19e11,686,400,JPEG,NONE_DEFINED_BY_ARCHIVE,Kaggle ai4a-lab/comprehensive-soil-classification-datasets v1
426,Black_Soil,Black_Soil:176,results/confirmatory/recovery/soil/staging/original/Black_Soil/176a.jpg,f0925430a4156b390aacc346ed6684ee555c9528ca469836ea91c9ee9491e32e,9405904c674638045f512fdef4d7b98e568d23f97116450a966501035b0daff1,306,264,JPEG,NONE_DEFINED_BY_ARCHIVE,Kaggle ai4a-lab/comprehensive-soil-classification-datasets v1
427,Black_Soil,Black_Soil:177,results/confirmatory/recovery/soil/staging/original/Black_Soil/177.jpg,ea9ebf47705995d7234d755ae3dccb23e5eba4a95369cdf6a5c364a5ae5327a8,5867b58e4c7156f5759b782dd54cef2843b45fa920bfeb8f62a8aedd229101cb,700,540,JPEG,NONE_DEFINED_BY_ARCHIVE,Kaggle ai4a-lab/comprehensive-soil-classification-datasets v1
428,Black_Soil,Black_Soil:178,results/confirmatory/recovery/soil/staging/original/Black_Soil/178.jpg,8c525bb47336ad809361829aeb6674c2d1c7513959cbc575a5ba058f16327772,828112dbac46b942917798eb9cd249537b8576b650bfdfda466a944c9c060d67,1200,819,JPEG,NONE_DEFINED_BY_ARCHIVE,Kaggle ai4a-lab/comprehensive-soil-classification-datasets v1
429,Black_Soil,Black_Soil:179,results/confirmatory/recovery/soil/staging/original/Black_Soil/179.jpg,2937ccf1f0c7d9cd46a574414b25523de184bf834c350b5ce6b278633a1b3d20,6d6f009e05b0620ffe345929cf44a24550ae1a70dfcb8ae2ecc046bd54515b06,418,263,JPEG,NONE_DEFINED_BY_ARCHIVE,Kaggle ai4a-lab/comprehensive-soil-classification-datasets v1
430,Black_Soil,Black_Soil:18,results/confirmatory/recovery/soil/staging/original/Black_Soil/18.jpg,2ad082a5f24e4a6e6d9b30a53e0039f497a0492b32254461422018bbfab2fb16,cf9163753b60460c011958f21bc1b20a159da95fa07398867f25874940c8574d,626,326,JPEG,NONE_DEFINED_BY_ARCHIVE,Kaggle ai4a-lab/comprehensive-soil-classification-datasets v1
431,Black_Soil,Black_Soil:180,results/confirmatory/recovery/soil/staging/original/Black_Soil/180.jpg,dc94e564c2dac8f12e2ad4ff838cf4a51b2554b21a0a29d9eaa232ead690c59d,ee4d388a8654eff287392f75c8e27cce82d44826109266ab2f858ed6a3e4202a,390,278,JPEG,NONE_DEFINED_BY_ARCHIVE,Kaggle ai4a-lab/comprehensive-soil-classification-datasets v1
432,Black_Soil,Black_Soil:181,results/confirmatory/recovery/soil/staging/original/Black_Soil/181.jpg,152178b2caa918ab935a8fbf2f4825019a80bfcbf8abfc1f4a0dd87e97a5609b,a5286626e147f7be6585afa762998a584a36065e9a4a800d48f871df60e67fd2,509,339,JPEG,NONE_DEFINED_BY_ARCHIVE,Kaggle ai4a-lab/comprehensive-soil-classification-datasets v1
433,Black_Soil,Black_Soil:182,results/confirmatory/recovery/soil/staging/original/Black_Soil/182.jpg,6dbcdc1044ad8ad03435c81f9e4f90762b303f62fe2d517aa851c8753423dc26,de5d594f4045a0acb32065333f4c428d9160cf9cf0dbe5cc8d4124101e48e169,439,580,JPEG,NONE_DEFINED_BY_ARCHIVE,Kaggle ai4a-lab/comprehensive-soil-classification-datasets v1
434,Black_Soil,Black_Soil:183,results/confirmatory/recovery/soil/staging/original/Black_Soil/183.jpg,1acf49bf40b4876add4ff8c8b4a95b0795849d745e65996a5c2421e0098eef56,2ae40cb76503f55cb0488edf878b34665993115f5c1e750d84a35b3fe5709a43,1089,699,JPEG,NONE_DEFINED_BY_ARCHIVE,Kaggle ai4a-lab/comprehensive-soil-classification-datasets v1
435,Black_Soil,Black_Soil:183,results/confirmatory/recovery/soil/staging/original/Black_Soil/183a.jpg,bf46a6a70b76fef6c2a55574cfbe457115a5dd25d863e8c2a6e11dab2d96d528,2e8cf4be8b7919cbae161ff2f01d8f24ac9681237a5ecd7459415ceed6969862,462,483,JPEG,NONE_DEFINED_BY_ARCHIVE,Kaggle ai4a-lab/comprehensive-soil-classification-datasets v1
436,Black_Soil,Black_Soil:183,results/confirmatory/recovery/soil/staging/original/Black_Soil/183b.jpg,3422af3044648187b80f12372731c888f1f1b52b154668c24afe9a7346b224e2,fafea5fd3ca5c59985832cb53ad86b904a4d268c3068a82b67ee1f2e246b97a8,714,326,JPEG,NONE_DEFINED_BY_ARCHIVE,Kaggle ai4a-lab/comprehensive-soil-classification-datasets v1
437,Black_Soil,Black_Soil:184,results/confirmatory/recovery/soil/staging/original/Black_Soil/184a.jpg,121180eb71a97e623c20d418b3a0b4d487d8016a49bb127fd0fb3dca5875b64d,93c1fdf628b105200aaf67147c4f4e07f507f81c62c5215e8a51aec99a1a5004,459,374,JPEG,NONE_DEFINED_BY_ARCHIVE,Kaggle ai4a-lab/comprehensive-soil-classification-datasets v1
438,Black_Soil,Black_Soil:185,results/confirmatory/recovery/soil/staging/original/Black_Soil/185.jpg,d4f0f4b8379bae15273edadff0665e3747877528103456de0162e730b4c998b1,8f38bb96180f5bd6ac214adb6b820909b437bf541ad61f209708e12de34be728,1280,960,JPEG,NONE_DEFINED_BY_ARCHIVE,Kaggle ai4a-lab/comprehensive-soil-classification-datasets v1
439,Black_Soil,Black_Soil:186,results/confirmatory/recovery/soil/staging/original/Black_Soil/186.jpg,b0b3dbe5fecef9496dccf4dcd44101cd0d36d757b5e7bbe7232d0ceb288a33dc,f033da9072f36acda79bed46a62b55836f3b8d4002f9041127279488df657850,458,267,JPEG,NONE_DEFINED_BY_ARCHIVE,Kaggle ai4a-lab/comprehensive-soil-classification-datasets v1
440,Black_Soil,Black_Soil:188,results/confirmatory/recovery/soil/staging/original/Black_Soil/188.jpg,ae9b489d1f0513d017beb667a3706cc592922ca68213463c1adc883c33fcc68d,d70d8d5088ec0dfcbd81df64176490391cc02b66344de0aa3092736afe7c63b6,776,265,JPEG,NONE_DEFINED_BY_ARCHIVE,Kaggle ai4a-lab/comprehensive-soil-classification-datasets v1
441,Black_Soil,Black_Soil:188,results/confirmatory/recovery/soil/staging/original/Black_Soil/188a.jpg,a7d69e2275afda896a4ff32954f070735cd92bd9876ea51063f64713a742fe0a,54e240b245e3c6c4138aaaf21f817fb13f2a27967f90e656532a5e5b1ed09dc0,555,265,JPEG,NONE_DEFINED_BY_ARCHIVE,Kaggle ai4a-lab/comprehensive-soil-classification-datasets v1
442,Black_Soil,Black_Soil:188,results/confirmatory/recovery/soil/staging/original/Black_Soil/188b.jpg,5dc0c949baeb9e76577d6a323f08406f2513ba9d8cb1b4bb46f75ee207fcd610,49bdbc9f95241861dfc7217e8b3ab8f345aba45d6168adba77ffaf5de0550aea,637,263,JPEG,NONE_DEFINED_BY_ARCHIVE,Kaggle ai4a-lab/comprehensive-soil-classification-datasets v1
443,Black_Soil,Black_Soil:188,results/confirmatory/recovery/soil/staging/original/Black_Soil/188c.jpg,af985782cd7c07193b5b23a6505799adc6d5c530139006d626b1d07f7d03447b,32fdaf2f80c1dc8050139d00e0338bc98fc0eaa4fc11e0582dbc9d92c33e2050,597,267,JPEG,NONE_DEFINED_BY_ARCHIVE,Kaggle ai4a-lab/comprehensive-soil-classification-datasets v1
444,Black_Soil,Black_Soil:189,results/confirmatory/recovery/soil/staging/original/Black_Soil/189.jpg,1d42b8576dc0b866370091393965228f8d2f5c63715b48d9decb5bf068dbd863,976f3631e4a52d64c864eb2183fd254bc15435e4c3b2379a67b419b3bf0d9637,250,371,JPEG,NONE_DEFINED_BY_ARCHIVE,Kaggle ai4a-lab/comprehensive-soil-classification-datasets v1
445,Black_Soil,Black_Soil:19,results/confirmatory/recovery/soil/staging/original/Black_Soil/19.jpg,6550d132c6e67d7a54983c201182d02c47f1b708672cbd543dac15079781673f,6b9e62a8cc692c878f85187badbb8403dd10d14d1bb97e2c53dd772120219356,1600,900,JPEG,NONE_DEFINED_BY_ARCHIVE,Kaggle ai4a-lab/comprehensive-soil-classification-datasets v1
446,Black_Soil,Black_Soil:190,results/confirmatory/recovery/soil/staging/original/Black_Soil/190.jpg,adbea8dfceca896762dba1776bdf4dfbcdfcb0b020cf86c94f2f0247952514d4,ea8d8d33e82af4a196b239cf0bf3aadb005754544e6220a1cc829a78485dff6f,274,459,JPEG,NONE_DEFINED_BY_ARCHIVE,Kaggle ai4a-lab/comprehensive-soil-classification-datasets v1
447,Black_Soil,Black_Soil:191,results/confirmatory/recovery/soil/staging/original/Black_Soil/191.jpg,d88bc8a9aa4699eaee539d7e2db7587913a116969d4a34882b93fa7771f3b7b9,4fdc6df28d90eb2f266e6408dd5822c506f14ef3c0bcb85a0a1d49975d65861b,480,480,JPEG,NONE_DEFINED_BY_ARCHIVE,Kaggle ai4a-lab/comprehensive-soil-classification-datasets v1
448,Black_Soil,Black_Soil:192,results/confirmatory/recovery/soil/staging/original/Black_Soil/192.jpg,990a46612a109ae4033b91a22f62396be3c6129824642c59b1c14ebffccccece,5e33de0cdc4cd92b44642fd8710b1dafc8f8b18ce482f28131274344a6a1f265,3264,1836,JPEG,NONE_DEFINED_BY_ARCHIVE,Kaggle ai4a-lab/comprehensive-soil-classification-datasets v1
449,Black_Soil,Black_Soil:193,results/confirmatory/recovery/soil/staging/original/Black_Soil/193.jpg,19373c24be9ca78aca27f949a1cf13a20bca962b0e78ddb0b285dc31adc75c64,38d61b40377d38512b968646adcd64debac1754f897d36b6a4572b1eacb48c9e,1300,858,JPEG,NONE_DEFINED_BY_ARCHIVE,Kaggle ai4a-lab/comprehensive-soil-classification-datasets v1
450,Black_Soil,Black_Soil:194,results/confirmatory/recovery/soil/staging/original/Black_Soil/194.jpg,30959fbb9adb7f8537d02bcda3c5efbbf79adbe3a096b78c389544d168b495b8,7c84b2e94c10064223ffb151911f9869815a94f8a14a3a05ce8787eb7342a81c,1889,1343,JPEG,NONE_DEFINED_BY_ARCHIVE,Kaggle ai4a-lab/comprehensive-soil-classification-datasets v1
451,Black_Soil,Black_Soil:195,results/confirmatory/recovery/soil/staging/original/Black_Soil/195.jpg,47927370a1cbc937a3ac3ce289d1badf4b262453ae5b7d6d0aa46864449c5e3a,d3f889f70b8d3b7645621c61b0000eb52c38ede3d79c8c5d5b62f0d93656fbc6,1000,750,JPEG,NONE_DEFINED_BY_ARCHIVE,Kaggle ai4a-lab/comprehensive-soil-classification-datasets v1
452,Black_Soil,Black_Soil:196,results/confirmatory/recovery/soil/staging/original/Black_Soil/196.jpg,78c04ac8ffccdd03c9fd84e9fb2e2c375a3ce2d6ed337274ddd6c2541ce05632,f56da1ebabc2da5aee3845faf84eb2f0b3fe2e4a4655a512112f9386570fbb41,250,188,JPEG,NONE_DEFINED_BY_ARCHIVE,Kaggle ai4a-lab/comprehensive-soil-classification-datasets v1
453,Black_Soil,Black_Soil:197,results/confirmatory/recovery/soil/staging/original/Black_Soil/197.jpg,639b7a5a67d64cb60dbbfbe478380952cbae00b0c309fd076ee6680dfd220a22,9378d05ed004d7532f91a0bd272d855f72ba91d43635d4715999c9201059edf9,866,1290,JPEG,NONE_DEFINED_BY_ARCHIVE,Kaggle ai4a-lab/comprehensive-soil-classification-datasets v1
454,Black_Soil,Black_Soil:199,results/confirmatory/recovery/soil/staging/original/Black_Soil/199.jpg,7d874bd908cb0bebf0c447551c51f5c43f4d16c668188e8ad90de37da5d50dfd,97b83d3e9c8fb88087ad4bd2f64ca4d6b018604a919f566550834d90726b05a6,984,436,JPEG,NONE_DEFINED_BY_ARCHIVE,Kaggle ai4a-lab/comprehensive-soil-classification-datasets v1
455,Black_Soil,Black_Soil:1,results/confirmatory/recovery/soil/staging/original/Black_Soil/1a.jpg,c1fce11ad05c3b0f627ed23c6e5fdb5477ce149829697af18b4acc4cb25757d4,7e795fd05cc4357c73b145d8b622601f889a13e25f18577d27cbf45722f2c614,1000,353,JPEG,NONE_DEFINED_BY_ARCHIVE,Kaggle ai4a-lab/comprehensive-soil-classification-datasets v1
456,Black_Soil,Black_Soil:2,results/confirmatory/recovery/soil/staging/original/Black_Soil/2.jpg,86f9c25e8f60da9bbdc03d3bb253963fbb1b1584884aa6c7740cf77d0b84b9e7,e4f599ef13db171d15f06f1aecb8d3889731527cf4e7e9e45092afc9c3d36dd2,512,286,JPEG,NONE_DEFINED_BY_ARCHIVE,Kaggle ai4a-lab/comprehensive-soil-classification-datasets v1
457,Black_Soil,Black_Soil:20,results/confirmatory/recovery/soil/staging/original/Black_Soil/20.jpg,7b3b28a77d6f80755331b9296d6f4d8e6a3c81c91f2175702521ebf14ff957c7,e23001c3f00348e99299fe5ad6b39761457f4888652063d1e2ee043236e39688,800,351,JPEG,NONE_DEFINED_BY_ARCHIVE,Kaggle ai4a-lab/comprehensive-soil-classification-datasets v1
458,Black_Soil,Black_Soil:200,results/confirmatory/recovery/soil/staging/original/Black_Soil/200.jpg,d0e0e9bb0f04d83585ab4a8ea00a0c203368035dd7774d39670b488400ff12b9,2f33c6eefc427c7f17f4ae709b5d2a41e9cb5355b303ebb002d8c38d9fbe72c4,439,292,JPEG,NONE_DEFINED_BY_ARCHIVE,Kaggle ai4a-lab/comprehensive-soil-classification-datasets v1
459,Black_Soil,Black_Soil:201,results/confirmatory/recovery/soil/staging/original/Black_Soil/201.jpg,d0da760b9d491a7e7a8bc30bdba11bc16922b7c327266dda29d2f4f0fd25860c,a756c9ee0ffa1289d67f9245d7b1abf3642c8523c35abb365f489f229b1338ed,1000,700,JPEG,NONE_DEFINED_BY_ARCHIVE,Kaggle ai4a-lab/comprehensive-soil-classification-datasets v1
460,Black_Soil,Black_Soil:202,results/confirmatory/recovery/soil/staging/original/Black_Soil/202.jpg,163cbf311ff5214a4d21c7b27368f40510caaff6f48015fa3b52711874e636c7,a4cd45b9f4485c2224b80c040db82e9e2e90df43044da77a252bc26b0972e5dc,500,350,JPEG,NONE_DEFINED_BY_ARCHIVE,Kaggle ai4a-lab/comprehensive-soil-classification-datasets v1
461,Black_Soil,Black_Soil:203,results/confirmatory/recovery/soil/staging/original/Black_Soil/203.jpg,9f968cfdf94a18ea04536a5229975bf984c4b4f5691915162adcf76c74db065d,ce69e6282f63e9ab2f60983dd11a33c4c006748fa4d9a20cb6e7462b0b1a6ae8,800,532,JPEG,NONE_DEFINED_BY_ARCHIVE,Kaggle ai4a-lab/comprehensive-soil-classification-datasets v1
462,Black_Soil,Black_Soil:205,results/confirmatory/recovery/soil/staging/original/Black_Soil/205.jpg,01ad3372f3474abcf1f98fb9540ff042d1cb21a791bdb974c3a81238643e957b,485ba4018f502811f69709d9081d5eaab56b57cf390cc2e45e9c8e9361639840,612,476,JPEG,NONE_DEFINED_BY_ARCHIVE,Kaggle ai4a-lab/comprehensive-soil-classification-datasets v1
463,Black_Soil,Black_Soil:206,results/confirmatory/recovery/soil/staging/original/Black_Soil/206.jpg,1af0e12077245294c6b04c1fc81a5a069a286b2be108a43518689b2526835ecd,ce49f079d1a14621333b1dbe0c139a9f9082957c4c1ce0cec731e90b315fff4c,800,533,JPEG,NONE_DEFINED_BY_ARCHIVE,Kaggle ai4a-lab/comprehensive-soil-classification-datasets v1
464,Black_Soil,Black_Soil:207,results/confirmatory/recovery/soil/staging/original/Black_Soil/207.jpg,edc9d33f16df01a2c81cb402d03df7ca508903f3fdef20fe44084605d0b427c0,17dfc46d88f24ffc5fce41f50328cc4ae31edbc92ce4e519bd56b423d29131a1,894,596,JPEG,NONE_DEFINED_BY_ARCHIVE,Kaggle ai4a-lab/comprehensive-soil-classification-datasets v1
465,Black_Soil,Black_Soil:208,results/confirmatory/recovery/soil/staging/original/Black_Soil/208.jpg,b92cd0e7827e988d9dd37321717d73196f8dabdb4497e1c7cb07c664bb1b8b9e,6cc2e533aefee3919c72405b15f94023b7b65d59f8fb02f2ab03a8e459fc4dc8,626,418,JPEG,NONE_DEFINED_BY_ARCHIVE,Kaggle ai4a-lab/comprehensive-soil-classification-datasets v1
466,Black_Soil,Black_Soil:209,results/confirmatory/recovery/soil/staging/original/Black_Soil/209.jpg,a3b2a64ada5ef9acd6daee4a2ef8c9cebea97c8cad82e3c02ca78fdccf1a1da8,ded2204cb4a48f42d579f0b437644da1e3c4c80418ed23b250b149050cd4d0c7,340,216,JPEG,NONE_DEFINED_BY_ARCHIVE,Kaggle ai4a-lab/comprehensive-soil-classification-datasets v1
467,Black_Soil,Black_Soil:20,results/confirmatory/recovery/soil/staging/original/Black_Soil/20a.jpg,9b179e6e0fdcaa040b358887fa488187b19f6ae3564b66aee5451153ebf5858a,436f64f3484e0676f01e7d0d5036507aa499e45c910dd2c3e9ee7ed1df7a50cb,538,331,JPEG,NONE_DEFINED_BY_ARCHIVE,Kaggle ai4a-lab/comprehensive-soil-classification-datasets v1
468,Black_Soil,Black_Soil:21,results/confirmatory/recovery/soil/staging/original/Black_Soil/21.jpg,1ae8374349045de5b44273740f85ff5b23b180aa8e37645eceb4176a452ba58d,83aed906aaf1021b8e0e922b16d7f64d30553c3ad4de0b557d58b3fb9eb0ce1f,960,540,JPEG,NONE_DEFINED_BY_ARCHIVE,Kaggle ai4a-lab/comprehensive-soil-classification-datasets v1
469,Black_Soil,Black_Soil:210,results/confirmatory/recovery/soil/staging/original/Black_Soil/210.jpg,3a0f12958dd2d0edafa56b4421832bdcaa0330f39333dd216ae5604b3534f00f,fc4a849aa5c0199b486c687d2e12dfead13173fc008a421738b10f7907fa0b94,508,339,JPEG,NONE_DEFINED_BY_ARCHIVE,Kaggle ai4a-lab/comprehensive-soil-classification-datasets v1
470,Black_Soil,Black_Soil:211,results/confirmatory/recovery/soil/staging/original/Black_Soil/211.jpg,7678a08ff1b73407792e9ff58f1f0c9edc11722c0cf35adae6fb560c060e9d41,65fc17e6c3bdaf8eff2a9474a4b6b7e8139871b3cbc3ef9d17d4c6e982e594cd,300,173,JPEG,NONE_DEFINED_BY_ARCHIVE,Kaggle ai4a-lab/comprehensive-soil-classification-datasets v1
471,Black_Soil,Black_Soil:212,results/confirmatory/recovery/soil/staging/original/Black_Soil/212.jpg,29b8e7bd8ff50b8e0fb213565f9534164e8ce2c724e8f52ad548551d2880af87,7610f1bbf4a9d67fc92849b8e8d7e28e0900a2a077529812d99b31a371d8e895,1300,1022,JPEG,NONE_DEFINED_BY_ARCHIVE,Kaggle ai4a-lab/comprehensive-soil-classification-datasets v1
472,Black_Soil,Black_Soil:213,results/confirmatory/recovery/soil/staging/original/Black_Soil/213.jpg,4b9358e9aaa449646325c8181ed0e374eaf4651a6b107f63d562cdf2b8c8768a,b873f52c080b8d433ffe4f6fa5ac2913f4686086070673ad3d0f53b0a466d2ef,540,360,JPEG,NONE_DEFINED_BY_ARCHIVE,Kaggle ai4a-lab/comprehensive-soil-classification-datasets v1
473,Black_Soil,Black_Soil:214,results/confirmatory/recovery/soil/staging/original/Black_Soil/214.jpg,9a6f1ced098a81cac70a35152e75fd077e7dd77addd6c34832ee3bc7f233e1e8,63f3263c3f41cf4520296a9e77b22004240bf1140e21a3cd3d356b0f1b5c4920,600,400,JPEG,NONE_DEFINED_BY_ARCHIVE,Kaggle ai4a-lab/comprehensive-soil-classification-datasets v1
474,Black_Soil,Black_Soil:215,results/confirmatory/recovery/soil/staging/original/Black_Soil/215.jpg,9a49caa71f1952c9cba7afc044ad19025b7ccc3b8fc262440e70e478a77a5f5b,a89f682a290fef58f63fd12f2116ee2faf3a5ad8dbfdeb7cbacf358d95488abe,869,694,JPEG,NONE_DEFINED_BY_ARCHIVE,Kaggle ai4a-lab/comprehensive-soil-classification-datasets v1
475,Black_Soil,Black_Soil:216,results/confirmatory/recovery/soil/staging/original/Black_Soil/216.jpg,a0e24d048d6cbc0a0156cb3a9354e34e77b25e040f5e0d4dec0888418b0fcb08,5ed121b854cbc100ef0bf860edc35a41d16e0ef6f8fdbb13486171a3ff008376,540,360,JPEG,NONE_DEFINED_BY_ARCHIVE,Kaggle ai4a-lab/comprehensive-soil-classification-datasets v1
476,Black_Soil,Black_Soil:217,results/confirmatory/recovery/soil/staging/original/Black_Soil/217.jpg,c190401060bcc94b3897709c05bf5cf532f37df6d633834b92d64fa61bb234d1,4ee20f3e159fabe65c2cfba6ccdf4790b163095de66efeb9945c3104dd7c3885,1200,681,JPEG,NONE_DEFINED_BY_ARCHIVE,Kaggle ai4a-lab/comprehensive-soil-classification-datasets v1
477,Black_Soil,Black_Soil:218,results/confirmatory/recovery/soil/staging/original/Black_Soil/218.jpg,52a69f1bc15d7d90cc6e18782f765eef5e4226c23a76f6d03ff0c4ed8b892026,726c0eedb7d5eee8ce346ae6f53a9c0ea93df80d79e2a90dda239300967ecb49,367,268,JPEG,NONE_DEFINED_BY_ARCHIVE,Kaggle ai4a-lab/comprehensive-soil-classification-datasets v1
478,Black_Soil,Black_Soil:218,results/confirmatory/recovery/soil/staging/original/Black_Soil/218a.jpg,f64d0e5001a5b3399045bd7ece9d87e854236d0d5acdd83e5ab5c66912a91579,d511247e6d908d10c79a65e49cb5698b7b7dd6a17fb0b2aaef0cd709bb0a5e49,666,270,JPEG,NONE_DEFINED_BY_ARCHIVE,Kaggle ai4a-lab/comprehensive-soil-classification-datasets v1
479,Black_Soil,Black_Soil:218,results/confirmatory/recovery/soil/staging/original/Black_Soil/218b.jpg,ec0dc1749fe73f3d483885f8a869ab1c7d8653cb1ad557a352e753a716e20862,3bc144d0f22fd2bbbad461b8b8a2f629833fc88a858d263aa0d5a1da5413f31b,562,267,JPEG,NONE_DEFINED_BY_ARCHIVE,Kaggle ai4a-lab/comprehensive-soil-classification-datasets v1
480,Black_Soil,Black_Soil:218,results/confirmatory/recovery/soil/staging/original/Black_Soil/218c.jpg,fd7148180492f7afaff6980ce0ee8c18418c79155e4679b713163000abf3b1ea,5f92ef26420f60efdb1bc0f1b3df7fd44b661ac9cc270dc348fedfaadc470528,541,264,JPEG,NONE_DEFINED_BY_ARCHIVE,Kaggle ai4a-lab/comprehensive-soil-classification-datasets v1
481,Black_Soil,Black_Soil:21,results/confirmatory/recovery/soil/staging/original/Black_Soil/21a.jpg,05e418a2a26181c8f5593a606a41af2765bef3fd526a08cbcaa9206c5d123273,f7b9a38d68473f94c81030dd7ad1d46cec8a3132e2ee611f35c57bd89a4d44b9,643,449,JPEG,NONE_DEFINED_BY_ARCHIVE,Kaggle ai4a-lab/comprehensive-soil-classification-datasets v1
482,Black_Soil,Black_Soil:22,results/confirmatory/recovery/soil/staging/original/Black_Soil/22.jpg,a806659a7cf3304b0e58fbe1f1b49f802d1cf9df5828455dee26dff9cfbd0538,bf0da8ec16a75b3f07cfec74466ef167ef50b7b9e19377e151201c2d9f4ac25c,720,392,JPEG,NONE_DEFINED_BY_ARCHIVE,Kaggle ai4a-lab/comprehensive-soil-classification-datasets v1
483,Black_Soil,Black_Soil:220,results/confirmatory/recovery/soil/staging/original/Black_Soil/220.jpg,3fde518ef974f185eada197e62a7fc72d900853b3ff1269cd5b5fbb257deb852,cb114ed6339dc5aa3edaa3fc8864cffdf8ffd6d92731a5231e1bfddfd91138b6,1080,625,JPEG,NONE_DEFINED_BY_ARCHIVE,Kaggle ai4a-lab/comprehensive-soil-classification-datasets v1
484,Black_Soil,Black_Soil:221,results/confirmatory/recovery/soil/staging/original/Black_Soil/221.jpg,81002510ed8bd1db3aa06befada8eede1dfb423ed33786bbdc252e3e1f9da492,b7749cf2b5b64dc6a981ea9cb16a7cdaf827090669e347b439fd9dc7eb7f660c,360,360,JPEG,NONE_DEFINED_BY_ARCHIVE,Kaggle ai4a-lab/comprehensive-soil-classification-datasets v1
485,Black_Soil,Black_Soil:222,results/confirmatory/recovery/soil/staging/original/Black_Soil/222.jpg,9176f765c3c0316bb5059166440029e2858d924e42888b836a354a88f18cc49a,d4821b2184078e109a7aea21a89c2ea20351531924f363a0a18f7ee3890345ca,389,252,JPEG,NONE_DEFINED_BY_ARCHIVE,Kaggle ai4a-lab/comprehensive-soil-classification-datasets v1
486,Black_Soil,Black_Soil:223,results/confirmatory/recovery/soil/staging/original/Black_Soil/223.jpg,27dfe58981d3ef45a00f91cd815bcf9b5fea33a4e1caf6f4d0c07ac6c047a8b5,ff823201868b42f6cbcb45c133bc3d6f59b1dc99d8a7999777141bf03182d554,1023,682,JPEG,NONE_DEFINED_BY_ARCHIVE,Kaggle ai4a-lab/comprehensive-soil-classification-datasets v1
487,Black_Soil,Black_Soil:224,results/confirmatory/recovery/soil/staging/original/Black_Soil/224.jpg,f6aaeceb649a7f7a50bdfd6c8d576fd09be4c872264ea01762d92d2321b6b82d,963b2cbc3170d52f805d1af80b4436bad69b9bbd95198255b343dc1f9e0b85eb,950,780,JPEG,NONE_DEFINED_BY_ARCHIVE,Kaggle ai4a-lab/comprehensive-soil-classification-datasets v1
488,Black_Soil,Black_Soil:24,results/confirmatory/recovery/soil/staging/original/Black_Soil/24.jpg,280b92bbe610cc2c942c9b14c18b70174dcb295fa1eb5c398c8b86980ee50d70,c368ed12bf1ab44a49aae284945ee37230e051110116bcf548dac6ab2d0a8c72,430,446,JPEG,NONE_DEFINED_BY_ARCHIVE,Kaggle ai4a-lab/comprehensive-soil-classification-datasets v1
489,Black_Soil,Black_Soil:24,results/confirmatory/recovery/soil/staging/original/Black_Soil/24a.jpg,e6cccdc51d73fdfba6692c7cb6860e62b08d0eef87b1413aea28047bcaacae65,b09d75d83cf0aa795e3e9fe2ea7a5c3348e15b629d7da37c464b5e558e23e1f7,290,325,JPEG,NONE_DEFINED_BY_ARCHIVE,Kaggle ai4a-lab/comprehensive-soil-classification-datasets v1
490,Black_Soil,Black_Soil:25,results/confirmatory/recovery/soil/staging/original/Black_Soil/25.jpg,869f977e9c034e8118a3e66ad1bca6382c3ddc76827c4c430e1b4c930e431b59,4c6fb7449d8418b2d850b71e829b346732c312de14a3c834ceab0f3b10ce3c49,507,279,JPEG,NONE_DEFINED_BY_ARCHIVE,Kaggle ai4a-lab/comprehensive-soil-classification-datasets v1
491,Black_Soil,Black_Soil:26,results/confirmatory/recovery/soil/staging/original/Black_Soil/26.jpg,a616e1691ef15d3f8b89f615c1428ee921ca54bf5f8b702257d12f820bd5fc93,e2b795ad9eb6737d38a4e450799ddc0fe913b8298643758f27015854850f783e,1200,486,JPEG,NONE_DEFINED_BY_ARCHIVE,Kaggle ai4a-lab/comprehensive-soil-classification-datasets v1
492,Black_Soil,Black_Soil:268,results/confirmatory/recovery/soil/staging/original/Black_Soil/268.jpg,d3ed6f7d46f417aaf36022638a850ef5e6ba139ffb955fa77c136661b960d96a,55bb8a379c112ea3278abed3e34318d6abd6018ade84aa2e589cf34d07ce5870,800,534,JPEG,NONE_DEFINED_BY_ARCHIVE,Kaggle ai4a-lab/comprehensive-soil-classification-datasets v1
493,Black_Soil,Black_Soil:26,results/confirmatory/recovery/soil/staging/original/Black_Soil/26a.jpg,8e880e3b9d387d8373bcc9ce41dd0c18bd42fcfe4f0c7a7f7a3e17a0865e4bfd,f2b1f69b997ebe1e4771e044f71b1bc1b9e256de8b4c83289810fdb0f82c8d16,792,335,JPEG,NONE_DEFINED_BY_ARCHIVE,Kaggle ai4a-lab/comprehensive-soil-classification-datasets v1
494,Black_Soil,Black_Soil:27,results/confirmatory/recovery/soil/staging/original/Black_Soil/27.jpg,e598336f63ab1b5b4b50726531ea963efce345b7ab3b771e2d61894d8eaa7190,88411730b576184755dc2c4f1d1eaeb561102c935ecb721823795b1fccef7ca1,2250,1500,JPEG,NONE_DEFINED_BY_ARCHIVE,Kaggle ai4a-lab/comprehensive-soil-classification-datasets v1
495,Black_Soil,Black_Soil:28,results/confirmatory/recovery/soil/staging/original/Black_Soil/28.jpg,e4120dd449114e0eb06e098c77ceaa3106060cb4c775a75ba21820aea9f0178b,bef87dadca8fdcb1b23446b9b624175d06df83e1784f4d4cb3874d360bd11934,675,322,JPEG,NONE_DEFINED_BY_ARCHIVE,Kaggle ai4a-lab/comprehensive-soil-classification-datasets v1
496,Black_Soil,Black_Soil:29,results/confirmatory/recovery/soil/staging/original/Black_Soil/29.jpg,964f81d67e1a67076510072e70e50007998069531dade03be4359952d800ceea,ccef9b963cfc7ca986b154bca5aec5f50da300c77aea1bf32ceb115afebfba9e,500,332,JPEG,NONE_DEFINED_BY_ARCHIVE,Kaggle ai4a-lab/comprehensive-soil-classification-datasets v1
497,Black_Soil,Black_Soil:30,results/confirmatory/recovery/soil/staging/original/Black_Soil/30.jpg,687aa7ac0b7793c827d624ca7579060940182d0038dab325c3a12f51f2c5ca48,57f88e4d8eb75331189506c999263ae9b8a3ba886fabe4c8e83622b2b90b9d6a,650,520,JPEG,NONE_DEFINED_BY_ARCHIVE,Kaggle ai4a-lab/comprehensive-soil-classification-datasets v1
498,Black_Soil,Black_Soil:31,results/confirmatory/recovery/soil/staging/original/Black_Soil/31.jpg,bb7b59c3dc04b5c326d57b05d7e7744045d038f905d14c3dfeec9b9155822c53,cf47b8ba530e7db31c6ef9b134a7564ff3a671fbc9b791ea4b8f5220dbabdecb,750,750,JPEG,NONE_DEFINED_BY_ARCHIVE,Kaggle ai4a-lab/comprehensive-soil-classification-datasets v1
499,Black_Soil,Black_Soil:32,results/confirmatory/recovery/soil/staging/original/Black_Soil/32.jpg,89912ff834bd5e150b1a4b4c6c5d8c2441d4eadd26e3735e04f55cd4e4ddfdf9,28a1f025067aafa89292e5132922234a692b0f2137a32edfb45a45050c2a6cb4,226,138,JPEG,NONE_DEFINED_BY_ARCHIVE,Kaggle ai4a-lab/comprehensive-soil-classification-datasets v1
500,Black_Soil,Black_Soil:34,results/confirmatory/recovery/soil/staging/original/Black_Soil/34.jpg,7e96dd2f6d93a7caf0f4d34a62049d3407d93f8611961d4ec5985262c71364f6,ef6b0bd426000f31cde8ed5b0c5b13e673945ae6df0af25ec89c2d1473a6c079,390,257,JPEG,NONE_DEFINED_BY_ARCHIVE,Kaggle ai4a-lab/comprehensive-soil-classification-datasets v1
501,Black_Soil,Black_Soil:35,results/confirmatory/recovery/soil/staging/original/Black_Soil/35.jpg,12cfebf6f12d4191abaf43d054349fc68fcc90dc3afbac3f1e3834a16004bd9d,411c55229786c19a155dc757821d03a890faf9c1f99f22ecc62aa4c87c6746ac,1030,579,JPEG,NONE_DEFINED_BY_ARCHIVE,Kaggle ai4a-lab/comprehensive-soil-classification-datasets v1
502,Black_Soil,Black_Soil:36,results/confirmatory/recovery/soil/staging/original/Black_Soil/36.jpg,29b7b441fa989071d7a358111650fbe6f2bf436497f9db6ba2e21ce612d6994c,bcb59731f2733a6e005afab9979858704a5fd50ccc6c8712f4d9c507ab6af253,500,288,JPEG,NONE_DEFINED_BY_ARCHIVE,Kaggle ai4a-lab/comprehensive-soil-classification-datasets v1
503,Black_Soil,Black_Soil:36,results/confirmatory/recovery/soil/staging/original/Black_Soil/36a.jpg,93d98fbf8ed516f387b8510a4d6487033d3c931a5fa6ee259bef16bd280c9022,a6177c2062abb00feac6df8d96ff9809dc247af9c7583e3e3cb31be6ed70d58a,380,201,JPEG,NONE_DEFINED_BY_ARCHIVE,Kaggle ai4a-lab/comprehensive-soil-classification-datasets v1
504,Black_Soil,Black_Soil:37,results/confirmatory/recovery/soil/staging/original/Black_Soil/37.jpg,f7559bec5fd00e142b40912844ad55e1036901e35ec5a70dbb4080ca54b16aaf,6b1c4f0deb07ec80d3f4e66dca6227a5359b288007851752df5da1b18a9db608,760,361,JPEG,NONE_DEFINED_BY_ARCHIVE,Kaggle ai4a-lab/comprehensive-soil-classification-datasets v1
505,Black_Soil,Black_Soil:39,results/confirmatory/recovery/soil/staging/original/Black_Soil/39.jpg,a0e3c9311fa1a271de098b821279f609f55e6a361d6e7e5d13125f4a39113415,08f4aba61708d220ebe8d7659f11d115c6b9cd8fc48a2a3499cc7cd086f491e2,360,239,JPEG,NONE_DEFINED_BY_ARCHIVE,Kaggle ai4a-lab/comprehensive-soil-classification-datasets v1
506,Black_Soil,Black_Soil:4,results/confirmatory/recovery/soil/staging/original/Black_Soil/4.jpg,7b5a70af64cdb5c96a6d58a581eceb75320d9cf8535d522c14cf9d840d123c65,9c726e5fcc563c84bcb2a2fdb789e10c038c52212bde830630440fa360edceb3,471,291,JPEG,NONE_DEFINED_BY_ARCHIVE,Kaggle ai4a-lab/comprehensive-soil-classification-datasets v1
507,Black_Soil,Black_Soil:42,results/confirmatory/recovery/soil/staging/original/Black_Soil/42.jpg,25d8f04193cee908f217f4b47f050cf05047a3c4368aa786cd5e8fc11ab3fc63,a6657abb8c577221eb009ec72f76232f5d67b569f0ec07441dbfded1eab31d20,389,256,JPEG,NONE_DEFINED_BY_ARCHIVE,Kaggle ai4a-lab/comprehensive-soil-classification-datasets v1
508,Black_Soil,Black_Soil:43,results/confirmatory/recovery/soil/staging/original/Black_Soil/43.jpg,9dbfe853db12b81a02455a2ce6e3ff7de0993f5749ffd7fe28c8f747fc1cabc7,c6a4826b066dee967920a5bc3f026e48bf14d1d8dd4f71ab5cd547e391b10caf,950,498,JPEG,NONE_DEFINED_BY_ARCHIVE,Kaggle ai4a-lab/comprehensive-soil-classification-datasets v1
509,Black_Soil,Black_Soil:44,results/confirmatory/recovery/soil/staging/original/Black_Soil/44.jpg,a00cb67c8d6e9b68a780d8fbada1ae811002a4a5f4376260f159d791d82c1ba4,41417ad8cc0294c7e89b29d93a70c22eeff41a2cf1590b4cec9b5348a436f6dd,300,200,JPEG,NONE_DEFINED_BY_ARCHIVE,Kaggle ai4a-lab/comprehensive-soil-classification-datasets v1
510,Black_Soil,Black_Soil:47,results/confirmatory/recovery/soil/staging/original/Black_Soil/47.jpg,70e6db377a86a0cf89dad989cbb39fa197d9c66857e41febdb19c7a60bffa0cf,484e52080bb66a133ebad275579170d2576cb6a5ac8dc046d9f5b6d964323fe6,1300,1024,JPEG,NONE_DEFINED_BY_ARCHIVE,Kaggle ai4a-lab/comprehensive-soil-classification-datasets v1
511,Black_Soil,Black_Soil:49,results/confirmatory/recovery/soil/staging/original/Black_Soil/49.jpg,9818f61d863ac78a86bfb3a8655bc40d805738b43cf93e6aa2b56223c8ee6e8d,6b59ac9ede940c6e6db352df7bfa74725fc4b7c700ac88c7c9a4d412da40bb0c,1300,865,JPEG,NONE_DEFINED_BY_ARCHIVE,Kaggle ai4a-lab/comprehensive-soil-classification-datasets v1
512,Black_Soil,Black_Soil:5,results/confirmatory/recovery/soil/staging/original/Black_Soil/5.jpg,9df650073e17780600d938be33c65278cc82eae8c6cd68fbdb5056af4b6216de,8ac90656920b3e0a7584d47ddca531fc6b6c3a6aad6cc5a1da6d1bc9ef7d2ab9,564,846,JPEG,NONE_DEFINED_BY_ARCHIVE,Kaggle ai4a-lab/comprehensive-soil-classification-datasets v1
513,Black_Soil,Black_Soil:50,results/confirmatory/recovery/soil/staging/original/Black_Soil/50.jpg,a663347e44a09d9415ec0f774c7848b027b193c6a5c313a63e714ac7372a5d9d,1f263247cb790f3db8daa866b5fe1c66c44fbc6252d166bd8f40243163eabd50,681,296,JPEG,NONE_DEFINED_BY_ARCHIVE,Kaggle ai4a-lab/comprehensive-soil-classification-datasets v1
514,Black_Soil,Black_Soil:50,results/confirmatory/recovery/soil/staging/original/Black_Soil/50a.jpg,49eddb6b31927df72e79867698834db4b978284d4ba2ca086d64c3c8f67b787b,047185c82fae9229d848c72c72d0d7c180cb6c0c97d91cb5a957ad21b1d321b5,259,228,JPEG,NONE_DEFINED_BY_ARCHIVE,Kaggle ai4a-lab/comprehensive-soil-classification-datasets v1
515,Black_Soil,Black_Soil:51,results/confirmatory/recovery/soil/staging/original/Black_Soil/51.jpg,618dbdd6c200607823a189afdc6c9fbbc95f01c24240ce8c1025d582a2315307,4e8b091ea10692d688f2b8327f3d455b9f4279be7770833f51e2042399acf471,612,407,JPEG,NONE_DEFINED_BY_ARCHIVE,Kaggle ai4a-lab/comprehensive-soil-classification-datasets v1
516,Black_Soil,Black_Soil:53,results/confirmatory/recovery/soil/staging/original/Black_Soil/53.jpg,1ed8e313b3a42affbf681d8ab92e54d344f2ae296c214eaca8c3b067e58fca94,1a0f7c1a7479e0f1de8dac6f07bdbd7d30fc114619845acae6b0077331ba5744,600,342,JPEG,NONE_DEFINED_BY_ARCHIVE,Kaggle ai4a-lab/comprehensive-soil-classification-datasets v1
517,Black_Soil,Black_Soil:53,results/confirmatory/recovery/soil/staging/original/Black_Soil/53a.jpg,6f6ad69269ac0ca918523fe5e9cdd497711cfef5ef7cf75244e5a55c7e48e657,69f4d22a99e48a4855ea6f1c0d24c60a9c816276814e5da8185dcd9027a73b07,600,246,JPEG,NONE_DEFINED_BY_ARCHIVE,Kaggle ai4a-lab/comprehensive-soil-classification-datasets v1
518,Black_Soil,Black_Soil:53,results/confirmatory/recovery/soil/staging/original/Black_Soil/53b.jpg,a9c3bda7e858c1146a03de7e3720be23b319bc343f365a867e67c86d6773aa6e,395cd5ff154fc71f56c3292a516b2e7dbc35ed902689ea96c6e5d1227b239064,491,195,JPEG,NONE_DEFINED_BY_ARCHIVE,Kaggle ai4a-lab/comprehensive-soil-classification-datasets v1
519,Black_Soil,Black_Soil:54,results/confirmatory/recovery/soil/staging/original/Black_Soil/54.jpg,89861ae279e501d9d8564bfa4e5e6401ecd78c68372a24f706a1aa6c18b655be,e7371cdb975b4551460ce3d490c9a17728ae55eeeb46a91b41e6993c91e7f18f,512,335,JPEG,NONE_DEFINED_BY_ARCHIVE,Kaggle ai4a-lab/comprehensive-soil-classification-datasets v1
520,Black_Soil,Black_Soil:56,results/confirmatory/recovery/soil/staging/original/Black_Soil/56.jpg,a82972131169bd38733d1ed245ea6b366313a48e27ec99924d32ca6e714c6724,1412cd0857deabeb6ead29154c1b18c70d710ada75900bef49080fee9683e182,640,216,JPEG,NONE_DEFINED_BY_ARCHIVE,Kaggle ai4a-lab/comprehensive-soil-classification-datasets v1
521,Black_Soil,Black_Soil:58,results/confirmatory/recovery/soil/staging/original/Black_Soil/58.jpg,a4dd0993da67cbea8cfc6c63d83065b9a5320808fbd0f3451ce694c1f43c2991,f8a4fd4216aceac69de1019e9591bb1073b8581f20725d252f2094b338a37e20,750,500,JPEG,NONE_DEFINED_BY_ARCHIVE,Kaggle ai4a-lab/comprehensive-soil-classification-datasets v1
522,Black_Soil,Black_Soil:59,results/confirmatory/recovery/soil/staging/original/Black_Soil/59.jpg,4aa5aafdf952c4f95064ca5bfc09fd0378977e79fc15eeebc242fbe6f4a23346,3e258c601c6e23cfbaddd716fe287cb2dc68fbacedc33200962a545e445c9dc2,1200,603,JPEG,NONE_DEFINED_BY_ARCHIVE,Kaggle ai4a-lab/comprehensive-soil-classification-datasets v1
523,Black_Soil,Black_Soil:59,results/confirmatory/recovery/soil/staging/original/Black_Soil/59a.jpg,5267a4a761eb8cfb92067bca4c33c9bf4c7468a663d4bf4c9dcdae3cc8cf22f9,adba6383f5c9a2e1e04f016f34f04d1b17798d03c4c6c42f7657723801b9eab9,776,439,JPEG,NONE_DEFINED_BY_ARCHIVE,Kaggle ai4a-lab/comprehensive-soil-classification-datasets v1
524,Black_Soil,Black_Soil:6,results/confirmatory/recovery/soil/staging/original/Black_Soil/6.jpg,74340a8c9ddf0dc3ba69fa22bdafac334bdca2a7fddebfc86e7bf1bc135f5c9f,bf57d4461e0a29a655d5af4332ba2a6b81f0c9f6bde1f860728dd94a4d1cb892,569,202,JPEG,NONE_DEFINED_BY_ARCHIVE,Kaggle ai4a-lab/comprehensive-soil-classification-datasets v1
525,Black_Soil,Black_Soil:60,results/confirmatory/recovery/soil/staging/original/Black_Soil/60.jpg,d1f0db5bbf986157e4b0f6f50d5d0276f04b0089b1266663af83cb8410e31405,69509c51f31c2d7279f0b040122135bd7ef5029d2d60fcee599131a2fd49447e,320,320,JPEG,NONE_DEFINED_BY_ARCHIVE,Kaggle ai4a-lab/comprehensive-soil-classification-datasets v1
526,Black_Soil,Black_Soil:61,results/confirmatory/recovery/soil/staging/original/Black_Soil/61.jpg,14c94a5a85217dfc55436cf6fdc65f0c130a8f4dbcc6fc8823e7b4777b49b518,8dd366501ab15d62c570751c730bb950cb63e84f5dac560a009db352674deb3b,501,502,JPEG,NONE_DEFINED_BY_ARCHIVE,Kaggle ai4a-lab/comprehensive-soil-classification-datasets v1
527,Black_Soil,Black_Soil:62,results/confirmatory/recovery/soil/staging/original/Black_Soil/62.jpg,e063816ef0a4122e524a2a9d25da52b8bdc3b70b007952979b44f7d43f0f89d3,49d1d985e682d05507eca3fafc776750ace71bc83fc6a16062e50f6ffff942ca,970,834,JPEG,NONE_DEFINED_BY_ARCHIVE,Kaggle ai4a-lab/comprehensive-soil-classification-datasets v1
528,Black_Soil,Black_Soil:64,results/confirmatory/recovery/soil/staging/original/Black_Soil/64.jpg,e6b9fcf8f331a33b7dc486823016e23e4c8e5f5355c0754688866bbe8c629abf,d5cca7e5c23e111dd9c73b7a10f46d6488c8cbd373a380f9b0b0421b2cd8a9eb,1721,1279,JPEG,NONE_DEFINED_BY_ARCHIVE,Kaggle ai4a-lab/comprehensive-soil-classification-datasets v1
529,Black_Soil,Black_Soil:64,results/confirmatory/recovery/soil/staging/original/Black_Soil/64a.jpg,b28bce53c33b5334ad781f26d453268892895554b87e84e399285ca29ce2f4c7,ce2c85981505acf6763ef51b20d7f5fb0007128ce742aa53ebc8a999842abdb5,551,434,JPEG,NONE_DEFINED_BY_ARCHIVE,Kaggle ai4a-lab/comprehensive-soil-classification-datasets v1
530,Black_Soil,Black_Soil:66,results/confirmatory/recovery/soil/staging/original/Black_Soil/66.jpg,9d170fc6e4b1da52df1394382b278dd1f46f6095fded28f16131214d828f1fdd,5472cca3264b4834844be911cf73d5cdcbb245d3b4e692bc625260336b0947f1,1080,613,JPEG,NONE_DEFINED_BY_ARCHIVE,Kaggle ai4a-lab/comprehensive-soil-classification-datasets v1
531,Black_Soil,Black_Soil:68,results/confirmatory/recovery/soil/staging/original/Black_Soil/68.jpg,c2eb5e2ace03bc5e3e28ab9065c84e65e8612d2a975f5941973c72c1e1ff064a,894db940e5f16e80c182b5a096d5d35e048c0331428edc44fe42500145aec65d,389,289,JPEG,NONE_DEFINED_BY_ARCHIVE,Kaggle ai4a-lab/comprehensive-soil-classification-datasets v1
532,Black_Soil,Black_Soil:7,results/confirmatory/recovery/soil/staging/original/Black_Soil/7.jpg,f6fb0010cbb8d6687fbc9ce0acded1e2e1416c43e6835cdebff85bafa426bb10,23b7571a6c43618df2e28bc0ea533c8663342915d9d8541f83d128f07a0eff65,564,846,JPEG,NONE_DEFINED_BY_ARCHIVE,Kaggle ai4a-lab/comprehensive-soil-classification-datasets v1
533,Black_Soil,Black_Soil:70,results/confirmatory/recovery/soil/staging/original/Black_Soil/70.jpg,a2d58396970139cf79869dcf3001cc981d2f3bcf07d9881950e61e81590248d8,316d414cfffe9107b4d56fc411ff913521826d261d5c70f728160c11eed65dec,332,390,JPEG,NONE_DEFINED_BY_ARCHIVE,Kaggle ai4a-lab/comprehensive-soil-classification-datasets v1
534,Black_Soil,Black_Soil:71,results/confirmatory/recovery/soil/staging/original/Black_Soil/71.jpg,4861cfbd4c6894982439712a10ecaa049d189f16cd5e829a51ccda81917a8aa2,8d4321bf07a73c7313c8cdf7a74afe3190918ac9eba1a1e37a62e103072c6129,250,439,JPEG,NONE_DEFINED_BY_ARCHIVE,Kaggle ai4a-lab/comprehensive-soil-classification-datasets v1
535,Black_Soil,Black_Soil:73,results/confirmatory/recovery/soil/staging/original/Black_Soil/73.jpg,fc13c26c164499f14394e4e62d4330b942c7101e5ac2a02622502fa05131039f,cbb175ffddcf00f801cc185df7f95cac7937cd536d0896c7cdbb4104db2f9bd9,946,667,JPEG,NONE_DEFINED_BY_ARCHIVE,Kaggle ai4a-lab/comprehensive-soil-classification-datasets v1
536,Black_Soil,Black_Soil:74,results/confirmatory/recovery/soil/staging/original/Black_Soil/74.jpg,b5a9b8b376d14138bd57634f0b86e3e55fd535fdb07dd6984cf47f6602dfbd86,61eddcb811cd2c6cea4bd01224417f2855e71a90c60c240d13f82c540e6995ea,575,240,JPEG,NONE_DEFINED_BY_ARCHIVE,Kaggle ai4a-lab/comprehensive-soil-classification-datasets v1
537,Black_Soil,Black_Soil:75,results/confirmatory/recovery/soil/staging/original/Black_Soil/75.jpg,ddce5fcf6d46e2002058315da7f31e2b370ee89a4ca10e156bb0675aee535085,6832f3c56dc3bb21f0e5c8e5756f2810487781ba1ff9c4bb23228763ad12ec0c,476,463,JPEG,NONE_DEFINED_BY_ARCHIVE,Kaggle ai4a-lab/comprehensive-soil-classification-datasets v1
538,Black_Soil,Black_Soil:75,results/confirmatory/recovery/soil/staging/original/Black_Soil/75a.jpg,439878d9b1d8f5d6f11356a9fa686007f0f0c07999654432e5d87168a8a0de1f,4df541674dc9c69e6bb0c66e20d83b180e7f70ee6c31c60fe0eed513f1765148,311,306,JPEG,NONE_DEFINED_BY_ARCHIVE,Kaggle ai4a-lab/comprehensive-soil-classification-datasets v1
539,Black_Soil,Black_Soil:76,results/confirmatory/recovery/soil/staging/original/Black_Soil/76.jpg,df4f8d7083f98f2892708aad7fc488ce92443a8d8667d5814731223fc80b06d1,5e075d298dece4233225134538ae41c3297e6dbbe701097d414e9fc68a314a17,940,543,JPEG,NONE_DEFINED_BY_ARCHIVE,Kaggle ai4a-lab/comprehensive-soil-classification-datasets v1
540,Black_Soil,Black_Soil:76,results/confirmatory/recovery/soil/staging/original/Black_Soil/76a.jpg,9ad78201f5f47eec520be5aefb7d8edcdd84320686494c7d047ff04b2c404efc,c1e34e18d1aea65598b551eafae1db868edf226d9bdb660f071f128384e4bbf0,441,543,JPEG,NONE_DEFINED_BY_ARCHIVE,Kaggle ai4a-lab/comprehensive-soil-classification-datasets v1
541,Black_Soil,Black_Soil:77,results/confirmatory/recovery/soil/staging/original/Black_Soil/77.jpg,fdd5ad01b7424242a8d385c9f104ac7180fdb4e7e89bedf738bae670b82387b2,8f5b51e54c5dade799908b03adda2e7744cd320984e3202c25caf0c79c414b58,1434,971,JPEG,NONE_DEFINED_BY_ARCHIVE,Kaggle ai4a-lab/comprehensive-soil-classification-datasets v1
542,Black_Soil,Black_Soil:77,results/confirmatory/recovery/soil/staging/original/Black_Soil/77a.jpg,1196c4c8a5e0907431a4a8bfaee157ce87243181e716f82a4f43156ee4afa555,fa9b75ba9b4cf5fb235ffb077037827587f8ca5111dffdac8026784dcf34f0ed,542,403,JPEG,NONE_DEFINED_BY_ARCHIVE,Kaggle ai4a-lab/comprehensive-soil-classification-datasets v1
543,Black_Soil,Black_Soil:78,results/confirmatory/recovery/soil/staging/original/Black_Soil/78.jpg,90c638be2b8b51cefee213439fe3c518d6682f08679140b5dbfcd5572e0eaf36,cc0e8e887f34563a7f765c0858a1de0dde6168c1fa6812bac2f75144be3dd368,626,414,JPEG,NONE_DEFINED_BY_ARCHIVE,Kaggle ai4a-lab/comprehensive-soil-classification-datasets v1
544,Black_Soil,Black_Soil:79,results/confirmatory/recovery/soil/staging/original/Black_Soil/79.jpg,c93ca074f3ba7d67e3b6a3e9d86542ece46cbca143ddfb2be50fdaad49f778a8,c017341f9e84fdd8f4ecb7c85fa3e64e04d996e1f7079508fcbeace96a4e1f25,934,878,JPEG,NONE_DEFINED_BY_ARCHIVE,Kaggle ai4a-lab/comprehensive-soil-classification-datasets v1
545,Black_Soil,Black_Soil:8,results/confirmatory/recovery/soil/staging/original/Black_Soil/8.jpg,d47fb78801b0f0f590b4acc5d746a845c964006b0efc424d0c4b534b31129460,ea9979730c3bfeb4539b3204eab37cd649c670732c29bc183026e212c97a58c5,1200,395,JPEG,NONE_DEFINED_BY_ARCHIVE,Kaggle ai4a-lab/comprehensive-soil-classification-datasets v1
546,Black_Soil,Black_Soil:80,results/confirmatory/recovery/soil/staging/original/Black_Soil/80.jpg,147faaf9aa42dcee4ff53332495e2a49c227a77110fcc44257ba15b77b7b0244,712ff0af1feb1473e41e7813d44a890b09fb02715a05d4cc599bd5f11db08be7,512,285,JPEG,NONE_DEFINED_BY_ARCHIVE,Kaggle ai4a-lab/comprehensive-soil-classification-datasets v1
547,Black_Soil,Black_Soil:80,results/confirmatory/recovery/soil/staging/original/Black_Soil/80a.jpg,6c0f84fc0c3ba80403edd5db552d82681f780d8b0cc920705b8c1288bf004adc,b54bf2fbbe2b08dff920001da685e1413042d310b163368360f07932a4473c9a,310,285,JPEG,NONE_DEFINED_BY_ARCHIVE,Kaggle ai4a-lab/comprehensive-soil-classification-datasets v1
548,Black_Soil,Black_Soil:81,results/confirmatory/recovery/soil/staging/original/Black_Soil/81.jpg,8012255c7c22d6e99a2542aee5f01305cbda72fa39e606db26e398665a0f4482,0e33c07871464bb096f44e8295eb688157df02940f25f769d8d789188e5eb657,1000,665,JPEG,NONE_DEFINED_BY_ARCHIVE,Kaggle ai4a-lab/comprehensive-soil-classification-datasets v1
549,Black_Soil,Black_Soil:82,results/confirmatory/recovery/soil/staging/original/Black_Soil/82.jpg,fcb9a10dc9a084ebdc4ec079c14a51928bee537ad0c8d18cf9de7aff326d31c7,b611ea97097dccca67ef7c5f1a622129595f9189dd7eba49e3a648694229e3f1,491,559,JPEG,NONE_DEFINED_BY_ARCHIVE,Kaggle ai4a-lab/comprehensive-soil-classification-datasets v1
550,Black_Soil,Black_Soil:83,results/confirmatory/recovery/soil/staging/original/Black_Soil/83.jpg,6d95e52ed72ec4a01a0a51a7d72a15c61231a311c9604e25ab477203e1b8c574,a443e5d4bdfe55d51520c0b76bb2eb401fe888106d0b433795a3a2f2e1ab4a78,626,328,JPEG,NONE_DEFINED_BY_ARCHIVE,Kaggle ai4a-lab/comprehensive-soil-classification-datasets v1
551,Black_Soil,Black_Soil:84,results/confirmatory/recovery/soil/staging/original/Black_Soil/84.jpg,cf885b3964ceb8f04553c94050725eee4f2a65566fd7b58daa93f94d87f06326,6342b896fcde515c925d0422164dabb3da500c944827ceb8ae1a59c26a5a21b7,707,483,JPEG,NONE_DEFINED_BY_ARCHIVE,Kaggle ai4a-lab/comprehensive-soil-classification-datasets v1
552,Black_Soil,Black_Soil:84,results/confirmatory/recovery/soil/staging/original/Black_Soil/84a.jpg,4ce891135cf507983705c48fafda613f689c0c13169ed19c9b54ee2ca204db64,ceef11b3aa25ba2b1b415266e37e8d87d1cb8882efe8cc74251335357b4b67ce,370,345,JPEG,NONE_DEFINED_BY_ARCHIVE,Kaggle ai4a-lab/comprehensive-soil-classification-datasets v1
553,Black_Soil,Black_Soil:85,results/confirmatory/recovery/soil/staging/original/Black_Soil/85.jpg,2f3bee4cd2290c1335cd66817cfaed70a05e0620348667f8408c74093e081863,45ee516ec911198bd747f6514c213574be3afdb57297fef27746432500218169,564,502,JPEG,NONE_DEFINED_BY_ARCHIVE,Kaggle ai4a-lab/comprehensive-soil-classification-datasets v1
554,Black_Soil,Black_Soil:87,results/confirmatory/recovery/soil/staging/original/Black_Soil/87.jpg,0f0b1b44f55203d407233bb4a8691ea44acd00bd5dde0f33f2617d5348c9e962,94fe96383ee01b5aae6affeadd36a3775601702b6ab73996b142a2efdc9a1fc1,663,277,JPEG,NONE_DEFINED_BY_ARCHIVE,Kaggle ai4a-lab/comprehensive-soil-classification-datasets v1
555,Black_Soil,Black_Soil:88,results/confirmatory/recovery/soil/staging/original/Black_Soil/88.jpg,1730f4025d577b62323b2bce72148713230c8452d9eff3b1ed4c455fe4fede75,742b051b2edcae7cf90ffffb0cb4e9a530eae37893fe9bd5539922725b286f71,3484,1960,JPEG,NONE_DEFINED_BY_ARCHIVE,Kaggle ai4a-lab/comprehensive-soil-classification-datasets v1
556,Black_Soil,Black_Soil:89,results/confirmatory/recovery/soil/staging/original/Black_Soil/89.jpg,987252f399ff80254175923b23e609685071d6e246da43b848d03e9caa2356d3,8a9fa85ede4ef4446ef6d77b9ddb5c2088c2a1cc17d40368a17f9a50af68b656,497,707,JPEG,NONE_DEFINED_BY_ARCHIVE,Kaggle ai4a-lab/comprehensive-soil-classification-datasets v1
557,Black_Soil,Black_Soil:9,results/confirmatory/recovery/soil/staging/original/Black_Soil/9.jpg,6025e4537a6eab995db78c9fec4c23c0ef37ca89a1b9716e9aa06c645dec30cb,2c4faa6873945f14511dae22da953f8d04021743398a1b123834872a312a65c8,587,675,JPEG,NONE_DEFINED_BY_ARCHIVE,Kaggle ai4a-lab/comprehensive-soil-classification-datasets v1
558,Black_Soil,Black_Soil:91,results/confirmatory/recovery/soil/staging/original/Black_Soil/91.jpg,689ca0b819d5779fe89ca3eb13681d50232de981c5ca55e19c2874269cdad395,68967b877cef358bc061260847f55325573b2bc902aa9cd135b7c8aa3495d45c,600,254,JPEG,NONE_DEFINED_BY_ARCHIVE,Kaggle ai4a-lab/comprehensive-soil-classification-datasets v1
559,Black_Soil,Black_Soil:93,results/confirmatory/recovery/soil/staging/original/Black_Soil/93.jpg,2b9a93c1abd173d979855f8124c65e30400a3f77e0da7cd8eab840be28ca841f,ca1096fcaeb68a0cfc5cfd964ad7636c0c19302226952bbf05854c7afbe65121,540,360,JPEG,NONE_DEFINED_BY_ARCHIVE,Kaggle ai4a-lab/comprehensive-soil-classification-datasets v1
560,Black_Soil,Black_Soil:95,results/confirmatory/recovery/soil/staging/original/Black_Soil/95.jpg,a6673ee1bae59863fd26bf76a6d210fbc114eb0767f0f2de513655d61011899e,fc791f262e1bc03b0be4b523693be7920c401a90b37bbbef088471f01e52e16a,357,158,JPEG,NONE_DEFINED_BY_ARCHIVE,Kaggle ai4a-lab/comprehensive-soil-classification-datasets v1
561,Black_Soil,Black_Soil:97,results/confirmatory/recovery/soil/staging/original/Black_Soil/97.jpg,66b44261ec682ef6fcbbd252890d14ce1666e8ec99e405cf67c0ee6aae0300c0,6be841a3be28dbd6f3eafa4f3f8adab391b06331766fc480852747020f3e9d8d,1300,810,JPEG,NONE_DEFINED_BY_ARCHIVE,Kaggle ai4a-lab/comprehensive-soil-classification-datasets v1
562,Black_Soil,Black_Soil:98,results/confirmatory/recovery/soil/staging/original/Black_Soil/98.jpg,90c51ffe48a803ed1ed3b87578de6c8daada46a1c458050752f90f6dccf300dc,ec6b1572c0a353176b64eb4c1fac886b4e4d15846c95a4b8dfa4f67237db533d,263,340,JPEG,NONE_DEFINED_BY_ARCHIVE,Kaggle ai4a-lab/comprehensive-soil-classification-datasets v1
563,Laterite_Soil,Laterite_Soil:1,results/confirmatory/recovery/soil/staging/original/Laterite_Soil/1.jpg,10a6c664603052358539a7a9bcccc10ee4e2945380703c8ae97f40e1f3312a20,30dfc2f30f158ff70d6ec35b0efb78ca4594bd70d97eb3eafa354ec7398c7ba0,960,864,JPEG,NONE_DEFINED_BY_ARCHIVE,Kaggle ai4a-lab/comprehensive-soil-classification-datasets v1
564,Laterite_Soil,Laterite_Soil:10,results/confirmatory/recovery/soil/staging/original/Laterite_Soil/10.jpg,29a546ff6319e299947dc3b733d42b99a7ef8876f59ab561e960db834ea85c64,21b180ee48f1d22cfff36e1dc39afcd521ad1732507a973cf5e8b2184aa3eaba,356,380,JPEG,NONE_DEFINED_BY_ARCHIVE,Kaggle ai4a-lab/comprehensive-soil-classification-datasets v1
565,Laterite_Soil,Laterite_Soil:101,results/confirmatory/recovery/soil/staging/original/Laterite_Soil/101.jpg,e8cb74e1587240fa1e859b588c8e85cd511716d3f07c5915144c46dc6f269aab,60df5d2c7431b44e37b0d888969865ca930c58f87279d734aac5caf631190093,1300,867,JPEG,NONE_DEFINED_BY_ARCHIVE,Kaggle ai4a-lab/comprehensive-soil-classification-datasets v1
566,Laterite_Soil,Laterite_Soil:102,results/confirmatory/recovery/soil/staging/original/Laterite_Soil/102.jpg,a27676226bdc2b9f8ba08e5c21bf7548e40c4b1b4f923e5a36bb4769d38a8bd9,6447d05ffc7473834e6ec03a19b03e1d44b4dd85d528ec9967a8bb6a6863bea2,608,644,JPEG,NONE_DEFINED_BY_ARCHIVE,Kaggle ai4a-lab/comprehensive-soil-classification-datasets v1
567,Laterite_Soil,Laterite_Soil:102,results/confirmatory/recovery/soil/staging/original/Laterite_Soil/102a.jpg,7025bd49baf2c14665a9875d9fd1666b150b2e7fe7618da50186373c25569b9f,4e6aa5a5699b373b9f9498db1b5f7a4ff3171ff8883c7e2f2ab7311a6f0e2554,1024,412,JPEG,NONE_DEFINED_BY_ARCHIVE,Kaggle ai4a-lab/comprehensive-soil-classification-datasets v1
568,Laterite_Soil,Laterite_Soil:103,results/confirmatory/recovery/soil/staging/original/Laterite_Soil/103.jpg,881162229cf804603dcaa3123bb3e7f7f6cb03862c3527ec3cb65bae74b1b9e8,81be23d1cd05047c70d321c009951472ca014217fa21581bfe438a89c4e5004f,360,203,JPEG,NONE_DEFINED_BY_ARCHIVE,Kaggle ai4a-lab/comprehensive-soil-classification-datasets v1
569,Laterite_Soil,Laterite_Soil:104,results/confirmatory/recovery/soil/staging/original/Laterite_Soil/104.jpg,07af07f05a3ce32b68beef32566619c8b71d46155c5554a70f7f8a390c532061,0ad2ee533450889a467ec943626cc89fb1781bc9e58ae75c8beb80a5c943388e,600,399,JPEG,NONE_DEFINED_BY_ARCHIVE,Kaggle ai4a-lab/comprehensive-soil-classification-datasets v1
570,Laterite_Soil,Laterite_Soil:106,results/confirmatory/recovery/soil/staging/original/Laterite_Soil/106.jpg,e41cedb69b21c7d3d1dadc2c73ee6e68c3706b01cf3ffdfceb1add617c28ce40,ca259a4eb7a1c85183dfeaf60042e574324242dd66fa85ceda31d1bb72b11773,260,257,JPEG,NONE_DEFINED_BY_ARCHIVE,Kaggle ai4a-lab/comprehensive-soil-classification-datasets v1
571,Laterite_Soil,Laterite_Soil:108,results/confirmatory/recovery/soil/staging/original/Laterite_Soil/108.jpg,7695bb3b5b5b723165e1b32e2839b4f9245852483b4c9f318816bfe6b85273e3,fdf2a028288220cf05abe03895db4b3bf795dccd73839cdacf92a256305a659c,683,260,JPEG,NONE_DEFINED_BY_ARCHIVE,Kaggle ai4a-lab/comprehensive-soil-classification-datasets v1
572,Laterite_Soil,Laterite_Soil:108,results/confirmatory/recovery/soil/staging/original/Laterite_Soil/108a.jpg,b7569b36bae87c6c638176d79aae3d5712df4dff387ebc8bbd1333f29bdc8d7c,2aebbaa01d426eb4d495e5bb56e2a6b2ce5de64a7b1d7f4cc765e246c5f2f351,683,642,JPEG,NONE_DEFINED_BY_ARCHIVE,Kaggle ai4a-lab/comprehensive-soil-classification-datasets v1
573,Laterite_Soil,Laterite_Soil:109,results/confirmatory/recovery/soil/staging/original/Laterite_Soil/109.jpg,29dc5868e71f451c733f56961db2954b08f8d3448360fc88b274d96b253cb226,02a9c9df28b10b4aab111d677312a02071975b4f21ea51a298b9b0e5d7c548f9,626,417,JPEG,NONE_DEFINED_BY_ARCHIVE,Kaggle ai4a-lab/comprehensive-soil-classification-datasets v1
574,Laterite_Soil,Laterite_Soil:10,results/confirmatory/recovery/soil/staging/original/Laterite_Soil/10a.jpg,97e6544167d6be93b264d9f60cb291ce7918359f1143a8c2aa846eaccabb7c6e,1c4907c85a96b3cfe65e4bfc5b6fb87314341ac629bf73a3c0b012eeb143d590,612,241,JPEG,NONE_DEFINED_BY_ARCHIVE,Kaggle ai4a-lab/comprehensive-soil-classification-datasets v1
575,Laterite_Soil,Laterite_Soil:11,results/confirmatory/recovery/soil/staging/original/Laterite_Soil/11.jpg,577c1316aa2e781436b45b05ba4c3b0782db77b67d194ccb371037204605ab03,d0da5e52c6dfe19623d5c847fe512d06118b0ac63f9f42148af0184b062d7f53,347,156,JPEG,NONE_DEFINED_BY_ARCHIVE,Kaggle ai4a-lab/comprehensive-soil-classification-datasets v1
576,Laterite_Soil,Laterite_Soil:110,results/confirmatory/recovery/soil/staging/original/Laterite_Soil/110.jpg,493ed500d030b241aaa20d539f1f409ee09168bb2883a853c2a1840a35464a30,7bd90bb1c72d97ede903ba645f0bf3b5a9d1ed79dad55587e6ff648068f0d4fb,2940,1642,JPEG,NONE_DEFINED_BY_ARCHIVE,Kaggle ai4a-lab/comprehensive-soil-classification-datasets v1
577,Laterite_Soil,Laterite_Soil:111,results/confirmatory/recovery/soil/staging/original/Laterite_Soil/111.jpg,eb63ba7743079edc074ecb1cf136f5118de6502dfaf01dc5cf63ac5a140fad5f,45db9d0eaa2c110d7893bc45cf459d72755d71f58510dc152949b54ecca194eb,819,667,JPEG,NONE_DEFINED_BY_ARCHIVE,Kaggle ai4a-lab/comprehensive-soil-classification-datasets v1
578,Laterite_Soil,Laterite_Soil:114,results/confirmatory/recovery/soil/staging/original/Laterite_Soil/114.jpg,d9342f2595553dcf841e6fbd7a89abf677032bb9a8177fd2304e66c3434146d3,f2258ab00cf01e8a401eee775992e61c653d6b0de41b3056977afd1743c22859,357,385,JPEG,NONE_DEFINED_BY_ARCHIVE,Kaggle ai4a-lab/comprehensive-soil-classification-datasets v1
579,Laterite_Soil,Laterite_Soil:114,results/confirmatory/recovery/soil/staging/original/Laterite_Soil/114a.jpg,8464d49cbcfdfcb49ecb8a4be675d89064d33e9f41a67a3ee86370f0f2685e4d,cdf379bc4de5f13e787d4656b165f81fb45a14944c6125ba7d9fec2548afbefc,612,238,JPEG,NONE_DEFINED_BY_ARCHIVE,Kaggle ai4a-lab/comprehensive-soil-classification-datasets v1
580,Laterite_Soil,Laterite_Soil:116,results/confirmatory/recovery/soil/staging/original/Laterite_Soil/116.jpg,9d50da36caad67d419e5389a8e99cfd5bb2a85f7453a4b832a38c539523d2e0a,352ab072c7073d72f4cf994388cb259d224fbfceb25b4049d24a6a7a546c3c15,463,203,JPEG,NONE_DEFINED_BY_ARCHIVE,Kaggle ai4a-lab/comprehensive-soil-classification-datasets v1
581,Laterite_Soil,Laterite_Soil:117,results/confirmatory/recovery/soil/staging/original/Laterite_Soil/117.jpg,641ea18a3a436ac5d2c56f51c533fd69f8b91eeb5364e569aaeded71a03d8ace,9ac90cd2164d2cdf8d440764eb94ad58bf811e288dc57d4a9b3ee4609d3769d2,390,254,JPEG,NONE_DEFINED_BY_ARCHIVE,Kaggle ai4a-lab/comprehensive-soil-classification-datasets v1
582,Laterite_Soil,Laterite_Soil:12,results/confirmatory/recovery/soil/staging/original/Laterite_Soil/12.jpg,4ede910e4e3c4dce109dea54c2e03f15c950a566501e0b9b09b2f2e829d27e6a,8f6efa2210c50ca8bb57023686dabb3092cadfbd6c8e5b59dbdec46333e688d5,270,308,JPEG,NONE_DEFINED_BY_ARCHIVE,Kaggle ai4a-lab/comprehensive-soil-classification-datasets v1
583,Laterite_Soil,Laterite_Soil:120,results/confirmatory/recovery/soil/staging/original/Laterite_Soil/120.jpg,e3dc9f0efa450ee9765463f8de90ee32af06d659c528eb1917f449a90c01e9ef,2821d59806879eba903e6dbe1944a1fe8f96ad022ff949d3b3da9fb65ba2c3ad,390,255,JPEG,NONE_DEFINED_BY_ARCHIVE,Kaggle ai4a-lab/comprehensive-soil-classification-datasets v1
584,Laterite_Soil,Laterite_Soil:121,results/confirmatory/recovery/soil/staging/original/Laterite_Soil/121.jpg,7213d4a3454e135e5e0eb41b81742e4d2f395210355702a18d7e8bad3d102c8f,57339a335f0cd947877888bc364756ef3c614cf65036835a553dc9a177d666d5,954,667,JPEG,NONE_DEFINED_BY_ARCHIVE,Kaggle ai4a-lab/comprehensive-soil-classification-datasets v1
585,Laterite_Soil,Laterite_Soil:122,results/confirmatory/recovery/soil/staging/original/Laterite_Soil/122.jpg,a5c6e993d7187862f8f471a9c600471654964320d48a7179d3bf1f8081968ee7,f1141d5e790a6269cd9dd22cf7483f44d07699bae67812213d9c2772316ed7ee,281,500,JPEG,NONE_DEFINED_BY_ARCHIVE,Kaggle ai4a-lab/comprehensive-soil-classification-datasets v1
586,Laterite_Soil,Laterite_Soil:123,results/confirmatory/recovery/soil/staging/original/Laterite_Soil/123.jpg,65d5fe4f9a51355de1f9cf060f1c7b4fdcc7147007d81426b12fc8176d21dcfe,633f7d96d706aa2d5528c4cfafb0f279822c3bbf0a0054cfb37f1453c35a1f91,358,382,JPEG,NONE_DEFINED_BY_ARCHIVE,Kaggle ai4a-lab/comprehensive-soil-classification-datasets v1
587,Laterite_Soil,Laterite_Soil:123,results/confirmatory/recovery/soil/staging/original/Laterite_Soil/123a.jpg,29b8e6cdf09c4ff9e87efe66d1c7ec6d5f3bdc379174fadb8ccb3aa3883bea65,8e7c98a9f6077e3a8c0e077193a81d9d4a3128ede7efffab4a02fde183644fac,612,237,JPEG,NONE_DEFINED_BY_ARCHIVE,Kaggle ai4a-lab/comprehensive-soil-classification-datasets v1
588,Laterite_Soil,Laterite_Soil:124,results/confirmatory/recovery/soil/staging/original/Laterite_Soil/124.jpg,95ded6f8bc68c5475b454c05163883b9489c1b821f71492b7b9df46475f5527d,8ab3e9a53358cd673b95672c973cd2f5b43358d470f93bbd9ba085ee4889f3b6,1600,1041,JPEG,NONE_DEFINED_BY_ARCHIVE,Kaggle ai4a-lab/comprehensive-soil-classification-datasets v1
589,Laterite_Soil,Laterite_Soil:125,results/confirmatory/recovery/soil/staging/original/Laterite_Soil/125.jpg,c1a8b8663db1f4b320fe5aa25ca3e04e290453554a6817927f7f2732f21da355,adbfc917c15991e2a4ec2cc912abe431fb84b537aab242280a3a196fa8910d8f,626,221,JPEG,NONE_DEFINED_BY_ARCHIVE,Kaggle ai4a-lab/comprehensive-soil-classification-datasets v1
590,Laterite_Soil,Laterite_Soil:127,results/confirmatory/recovery/soil/staging/original/Laterite_Soil/127.jpg,9d8eb8086d6a16e0c5cfe77554e44bf2bff309e1e909a2883ec2b75069f8b238,a593a3cfc920169b164cd70563f912d211c55b4d04368d6725111a8d50c8ff5f,1300,866,JPEG,NONE_DEFINED_BY_ARCHIVE,Kaggle ai4a-lab/comprehensive-soil-classification-datasets v1
591,Laterite_Soil,Laterite_Soil:128,results/confirmatory/recovery/soil/staging/original/Laterite_Soil/128.jpg,56300caaf02c05be52e98c2a253b08a3c97823035bddaac06fe40218a8cbb029,defe1b6592fda631b77b17abfbe77e2e0708b57975f29250c59f7afc834096dd,598,640,JPEG,NONE_DEFINED_BY_ARCHIVE,Kaggle ai4a-lab/comprehensive-soil-classification-datasets v1
592,Laterite_Soil,Laterite_Soil:128,results/confirmatory/recovery/soil/staging/original/Laterite_Soil/128a.jpg,08866e702da2420143527312f414b7d37a994df3e574bb6bb5b0e4668c996d3b,dc6ada7eee9c1f6b46a1054f0f708075f8bcd0844dbb663d7462f159d9bce0bb,1024,410,JPEG,NONE_DEFINED_BY_ARCHIVE,Kaggle ai4a-lab/comprehensive-soil-classification-datasets v1
593,Laterite_Soil,Laterite_Soil:129,results/confirmatory/recovery/soil/staging/original/Laterite_Soil/129.jpg,a469f09c0b30b758fd172e2331db3d51ae3f9b32c9484a0738d1fd66c53e595f,c8dfcc798a2fbe195ab8c250fa94ac6bde7944c1a817c6386c2b2a502bf70e46,1470,629,JPEG,NONE_DEFINED_BY_ARCHIVE,Kaggle ai4a-lab/comprehensive-soil-classification-datasets v1
594,Laterite_Soil,Laterite_Soil:130,results/confirmatory/recovery/soil/staging/original/Laterite_Soil/130.jpg,0c13815bd22d10f7ebac4270420f0d0c72d6994e6c83516c3725a47e62b821b5,00117718c62ee3e6db4e1260410c8ed1bceb79edabf86c3d416dbb6cfa9a7511,1300,867,JPEG,NONE_DEFINED_BY_ARCHIVE,Kaggle ai4a-lab/comprehensive-soil-classification-datasets v1
595,Laterite_Soil,Laterite_Soil:131,results/confirmatory/recovery/soil/staging/original/Laterite_Soil/131.jpg,397160710ad325e202a15c994c241eccb4e4b6030120e300909828653fe95666,21510ea97f34b3f175b5e2cb49de1e33cf1a5e222cd5fb346035a0cdf4b01efd,953,667,JPEG,NONE_DEFINED_BY_ARCHIVE,Kaggle ai4a-lab/comprehensive-soil-classification-datasets v1
596,Laterite_Soil,Laterite_Soil:132,results/confirmatory/recovery/soil/staging/original/Laterite_Soil/132.jpg,285282040f38d37a8835dfa3561a9598f58458927e9aa767d503fece741be116,69e9f424fa64ef0708711409bd63912ec1e95aefe4ca33ca7df0cf89d809ea17,612,408,JPEG,NONE_DEFINED_BY_ARCHIVE,Kaggle ai4a-lab/comprehensive-soil-classification-datasets v1
597,Laterite_Soil,Laterite_Soil:133,results/confirmatory/recovery/soil/staging/original/Laterite_Soil/133.jpg,1db05990653aebbabdfb5ccd92570a2fac788c747584dda271ddeddcca9781de,994b818eafb10f375814725c44236d2003b562890fa78ef0f4f2ebda92c28096,1600,1054,JPEG,NONE_DEFINED_BY_ARCHIVE,Kaggle ai4a-lab/comprehensive-soil-classification-datasets v1
598,Laterite_Soil,Laterite_Soil:134,results/confirmatory/recovery/soil/staging/original/Laterite_Soil/134.jpg,163509a98edb94fd6f6e449a0488b0ff7525e4c5d3e22773c71233a709b58f3b,17e346a4db50b135ef6b02b6a72a3f0713200fd159b578d133d41313faf512c9,626,417,JPEG,NONE_DEFINED_BY_ARCHIVE,Kaggle ai4a-lab/comprehensive-soil-classification-datasets v1
599,Laterite_Soil,Laterite_Soil:136,results/confirmatory/recovery/soil/staging/original/Laterite_Soil/136.jpg,b3e0249748c9313f647cbdff68c85ebca1484300569af7b782158509d9ab09ba,20d2a18435d57f0281e6b8b088f0f62b64a223f41852e99ce041c9483bca1b43,1300,867,JPEG,NONE_DEFINED_BY_ARCHIVE,Kaggle ai4a-lab/comprehensive-soil-classification-datasets v1
600,Laterite_Soil,Laterite_Soil:138,results/confirmatory/recovery/soil/staging/original/Laterite_Soil/138.jpg,addb7c25f035cf502bd451a176de06be27e1ba27fa04ca78c1bd84192085bc63,574bc8678c7d804760b76bbd83e4b79002b1577f8069323586bab4a6f8c6395f,626,417,JPEG,NONE_DEFINED_BY_ARCHIVE,Kaggle ai4a-lab/comprehensive-soil-classification-datasets v1
601,Laterite_Soil,Laterite_Soil:139,results/confirmatory/recovery/soil/staging/original/Laterite_Soil/139.jpg,b39b454742169a767f01a66b1a1d54e6ec7eb0d9968f317ef674b9cbcf1ce413,1e29e5091ac068ae4d7df79e00da5dbe4001481382e4c1e96556c6a2faa62ab6,390,255,JPEG,NONE_DEFINED_BY_ARCHIVE,Kaggle ai4a-lab/comprehensive-soil-classification-datasets v1
602,Laterite_Soil,Laterite_Soil:14,results/confirmatory/recovery/soil/staging/original/Laterite_Soil/14.jpg,0178d2994213e465a2ad826361edda3ae018ae75d9c770c0ad9f71fa566138ef,69b0cfa0315e5b5a0031d3a05406de09b87735bcbe7c757b792f4f1048ebd5ab,300,400,JPEG,NONE_DEFINED_BY_ARCHIVE,Kaggle ai4a-lab/comprehensive-soil-classification-datasets v1
603,Laterite_Soil,Laterite_Soil:140,results/confirmatory/recovery/soil/staging/original/Laterite_Soil/140.jpg,53002c422b73fe4a4f896ff45fa085eb86074a68ff305654e06cf95a7ae7b9ed,ec56e100e0b94813abeb52e31365fcbb7a8002f480ede5b22b7ab4e31a576cab,800,534,JPEG,NONE_DEFINED_BY_ARCHIVE,Kaggle ai4a-lab/comprehensive-soil-classification-datasets v1
604,Laterite_Soil,Laterite_Soil:141,results/confirmatory/recovery/soil/staging/original/Laterite_Soil/141.jpg,75ff95f2bc00e58ea8868d5b927129821ed77b4fb75bf9c667c046d9712a50c7,b68f23d62542f337d4ed3ebca3b489cf0b5cb908516451ea64a3bb946da1cdf5,1300,846,JPEG,NONE_DEFINED_BY_ARCHIVE,Kaggle ai4a-lab/comprehensive-soil-classification-datasets v1
605,Laterite_Soil,Laterite_Soil:142,results/confirmatory/recovery/soil/staging/original/Laterite_Soil/142.jpg,80f1f793e2a59f7671e352f4001dd323e0279d2fbcf23688d5c325231f0ec219,f5118cc71f190a4c4bdd967517f5773564b257bbf07754e449811f2cec82f6e8,450,300,JPEG,NONE_DEFINED_BY_ARCHIVE,Kaggle ai4a-lab/comprehensive-soil-classification-datasets v1
606,Laterite_Soil,Laterite_Soil:143,results/confirmatory/recovery/soil/staging/original/Laterite_Soil/143.jpg,86bd7d75dd55caa9c0a1fb8a0586c4e92bb7fdf959ac5c1a6dc67834b8f3cb17,3db0fb924a3aac88dad915dbe49c1aa4db4e8d1aca980677f5892347b1913fbc,390,252,JPEG,NONE_DEFINED_BY_ARCHIVE,Kaggle ai4a-lab/comprehensive-soil-classification-datasets v1
607,Laterite_Soil,Laterite_Soil:146,results/confirmatory/recovery/soil/staging/original/Laterite_Soil/146.jpg,b0f7c84667b5df8c8f8322c6278a1c944eca36de6824bd70eb720ca51ccbe8b7,c8cf2f891bec46e6813ba7a5cad4fdf35eed17d7ff5ffa61369a8ac3a7929d16,1300,502,JPEG,NONE_DEFINED_BY_ARCHIVE,Kaggle ai4a-lab/comprehensive-soil-classification-datasets v1
608,Laterite_Soil,Laterite_Soil:147,results/confirmatory/recovery/soil/staging/original/Laterite_Soil/147.jpg,2ba8e321b7ef5f81d4f2a6d5ebe54231a508567f4fecccbc69966af37fab761e,362a51f09cc7a1223016a852f92067ef2bbae2058230cb28f3d768af83a23a17,626,417,JPEG,NONE_DEFINED_BY_ARCHIVE,Kaggle ai4a-lab/comprehensive-soil-classification-datasets v1
609,Laterite_Soil,Laterite_Soil:148,results/confirmatory/recovery/soil/staging/original/Laterite_Soil/148.jpg,9306eeb9eaede790ec1d886421b31e59d0fd29b50bb5324b1c9224d75819150e,ff72121cf78359a9d11efc682d538a9b6230c650365588a75911f4f6752079aa,952,667,JPEG,NONE_DEFINED_BY_ARCHIVE,Kaggle ai4a-lab/comprehensive-soil-classification-datasets v1
610,Laterite_Soil,Laterite_Soil:149,results/confirmatory/recovery/soil/staging/original/Laterite_Soil/149.jpg,fb183d9c32cafc67f2571ee2e4473dd5c16b70789a31c6bf8e92529a98b0a0e4,e1a99e1a65fe7dce9516d56508f3594845de44555cc5d534cbe4556d503f636a,178,127,JPEG,NONE_DEFINED_BY_ARCHIVE,Kaggle ai4a-lab/comprehensive-soil-classification-datasets v1
611,Laterite_Soil,Laterite_Soil:15,results/confirmatory/recovery/soil/staging/original/Laterite_Soil/15.jpg,0f68dc467d8df7eac10760103cd4d3d96deb696c3a205b2a65bd5aaa0d6913b0,d74a46ef9e28d2544932c48bfbc2b23adcb97c387d882d71ca23e54f02d84505,500,228,JPEG,NONE_DEFINED_BY_ARCHIVE,Kaggle ai4a-lab/comprehensive-soil-classification-datasets v1
612,Laterite_Soil,Laterite_Soil:150,results/confirmatory/recovery/soil/staging/original/Laterite_Soil/150.jpg,874e83c18900b3afedbbd8122a95e9da408716fae214b9d096de623cef253978,e284d7b210221b4bb2a3b36c1135da83fe4700b34419e009f049fc9a2c75c0b4,390,255,JPEG,NONE_DEFINED_BY_ARCHIVE,Kaggle ai4a-lab/comprehensive-soil-classification-datasets v1
613,Laterite_Soil,Laterite_Soil:151,results/confirmatory/recovery/soil/staging/original/Laterite_Soil/151.jpg,fbd9577fcc28c12e1b2a09919d99c9314423cfb39de6221774f900dc21a19ffb,15934fdba3ae9488bd07f776761e699fda9960a04901f9471cd56b8267c60fa8,1138,1033,JPEG,NONE_DEFINED_BY_ARCHIVE,Kaggle ai4a-lab/comprehensive-soil-classification-datasets v1
614,Laterite_Soil,Laterite_Soil:153,results/confirmatory/recovery/soil/staging/original/Laterite_Soil/153.jpg,03dde610f5aa7b713931d0ebf6a2e5b297a8ab2d1224bc3dcdef57a717bf724c,e2bb1f8e949da13588a08a905b35b62a8a890ba5bce6b9e9a22b0747ef84ac5f,1600,1253,JPEG,NONE_DEFINED_BY_ARCHIVE,Kaggle ai4a-lab/comprehensive-soil-classification-datasets v1
615,Laterite_Soil,Laterite_Soil:154,results/confirmatory/recovery/soil/staging/original/Laterite_Soil/154.jpg,d4340525fe7cba761282245c59ea72636c91e8cd3c401fb748bdc39dea5b4995,bf14e46e7b7b8e4cb27be7b25f0ff4bdff7d470092e8a67ca960fa3ea58cf107,287,163,JPEG,NONE_DEFINED_BY_ARCHIVE,Kaggle ai4a-lab/comprehensive-soil-classification-datasets v1
616,Laterite_Soil,Laterite_Soil:155,results/confirmatory/recovery/soil/staging/original/Laterite_Soil/155.jpg,7a2d0ccbc86404e5ab364327fa5facc092c054da791a26febd0637fa9442341d,b6f0e27d4a45a8442533ebd60274f81d9ca0bd2194947ff2884daeb95c690e5a,390,254,JPEG,NONE_DEFINED_BY_ARCHIVE,Kaggle ai4a-lab/comprehensive-soil-classification-datasets v1
617,Laterite_Soil,Laterite_Soil:156,results/confirmatory/recovery/soil/staging/original/Laterite_Soil/156.jpg,491bbe08d282c980b805a7615185ea815208930ce4e823d818cd36e88102df81,4fb9f9b40331d4c7eb423e3be2c2ec2a7776a6eede5111dacc77cd92ffc88717,500,331,JPEG,NONE_DEFINED_BY_ARCHIVE,Kaggle ai4a-lab/comprehensive-soil-classification-datasets v1
618,Laterite_Soil,Laterite_Soil:157,results/confirmatory/recovery/soil/staging/original/Laterite_Soil/157.jpg,8b70374f3c872a79a22a7946c75e68703372a9ad647ccc95fa73b27469e43393,5cd3e0356df8090bee3dc02b003879cc91be355c17ce7ef910e8a8c0eeb83133,390,253,JPEG,NONE_DEFINED_BY_ARCHIVE,Kaggle ai4a-lab/comprehensive-soil-classification-datasets v1
619,Laterite_Soil,Laterite_Soil:160,results/confirmatory/recovery/soil/staging/original/Laterite_Soil/160.jpg,f1600ee237d29b09a0f2d0cdf2d7949cfad9a92008734c54a3ca0a1d44e15ccc,9a27d889a247365f6be1922d460e3a81584296a94bdb7c4138c85b4ae483a1e6,1600,1050,JPEG,NONE_DEFINED_BY_ARCHIVE,Kaggle ai4a-lab/comprehensive-soil-classification-datasets v1
620,Laterite_Soil,Laterite_Soil:161,results/confirmatory/recovery/soil/staging/original/Laterite_Soil/161.jpg,fc277ed0f08e10c230d32cf32c4704217390dafab2496392ee1418b05352ae76,128029033c639be0a8891ce642be614f617f41ef070b09d0c81811dd5160fb17,800,534,JPEG,NONE_DEFINED_BY_ARCHIVE,Kaggle ai4a-lab/comprehensive-soil-classification-datasets v1
621,Laterite_Soil,Laterite_Soil:162,results/confirmatory/recovery/soil/staging/original/Laterite_Soil/162.jpg,ebfcbb8d31965636bc1f238fea2d0356574857651ca4dd8588dd88a5afc6c861,b3caa0062c4daf094477694804e3c0d88cfc1c4bd11ec65e5511510c4d026b98,534,254,JPEG,NONE_DEFINED_BY_ARCHIVE,Kaggle ai4a-lab/comprehensive-soil-classification-datasets v1
622,Laterite_Soil,Laterite_Soil:162,results/confirmatory/recovery/soil/staging/original/Laterite_Soil/162a.jpg,b7cf2b3f677e4cc49292545cf5e8cef0a96a6ed38b197674a33972b2720bb2f1,a1500ec27485ec0f693b6a71b37039b3b00c699d88e43bd64c5ddf6d3417ec79,502,253,JPEG,NONE_DEFINED_BY_ARCHIVE,Kaggle ai4a-lab/comprehensive-soil-classification-datasets v1
623,Laterite_Soil,Laterite_Soil:162,results/confirmatory/recovery/soil/staging/original/Laterite_Soil/162b.jpg,8220e92019e476ef688ca31df0b60a40e0586acfab942e149c368bf2fec969a2,8fc9c1fb1bc161ff49e210f83ef37c9a592c8d47eb0bc054da0f0e39116ff836,508,255,JPEG,NONE_DEFINED_BY_ARCHIVE,Kaggle ai4a-lab/comprehensive-soil-classification-datasets v1
624,Laterite_Soil,Laterite_Soil:163,results/confirmatory/recovery/soil/staging/original/Laterite_Soil/163.jpg,6127af2063dd3841c0ed956d6ad0b1edea02632d7049829d3ceb318c513f5f27,65139b641ee2a65755a07fcba842a8a2d87d08bf275f6094f2410833dffc705a,606,643,JPEG,NONE_DEFINED_BY_ARCHIVE,Kaggle ai4a-lab/comprehensive-soil-classification-datasets v1
625,Laterite_Soil,Laterite_Soil:163,results/confirmatory/recovery/soil/staging/original/Laterite_Soil/163a.jpg,1074f56ff4b2700b42904b4f5660ce39eac414a0be30e65564e4b8ea8e583928,90e1a1b796424db056be065f3ec86e84e7f224671efe7915955ff10cbd54e542,1024,407,JPEG,NONE_DEFINED_BY_ARCHIVE,Kaggle ai4a-lab/comprehensive-soil-classification-datasets v1
626,Laterite_Soil,Laterite_Soil:163,results/confirmatory/recovery/soil/staging/original/Laterite_Soil/163b.jpg,d6e51aa5082972d9f762ee34e6b427e62540bc4c4f56eb42ad9e23bddbf14a78,c487d89a475ab77871666f53826fc100d3f505e7530a7059dde89699f8663fed,646,188,JPEG,NONE_DEFINED_BY_ARCHIVE,Kaggle ai4a-lab/comprehensive-soil-classification-datasets v1
627,Laterite_Soil,Laterite_Soil:164,results/confirmatory/recovery/soil/staging/original/Laterite_Soil/164.jpg,fdd9d806af29a5b816c72095f2008fc47b9dbddb46eb83c140519014b3dbf9fb,3c8721966505405d74528ed67652dc7b5bb75c4dee143cbb625b95c0aa7922d9,1600,1054,JPEG,NONE_DEFINED_BY_ARCHIVE,Kaggle ai4a-lab/comprehensive-soil-classification-datasets v1
628,Laterite_Soil,Laterite_Soil:165,results/confirmatory/recovery/soil/staging/original/Laterite_Soil/165.jpg,915d694f64571d03a627a6d141f3dfe02e6d2296884b5f4e5ee47b6acadedd0f,c1fd495915985a8ab68ca1ef398567036ff535d56d391f82cc13d7c4f12fb815,500,334,JPEG,NONE_DEFINED_BY_ARCHIVE,Kaggle ai4a-lab/comprehensive-soil-classification-datasets v1
629,Laterite_Soil,Laterite_Soil:166,results/confirmatory/recovery/soil/staging/original/Laterite_Soil/166.jpg,12fb170b630fea23484d3dd87520d6e250fd4bb62ad7f052afec54a6982b8f42,2e1e69ff1b39202ae94928bea3f3fc5771a9b9e17caaf93f55ba1e58992f6036,768,512,JPEG,NONE_DEFINED_BY_ARCHIVE,Kaggle ai4a-lab/comprehensive-soil-classification-datasets v1
630,Laterite_Soil,Laterite_Soil:167,results/confirmatory/recovery/soil/staging/original/Laterite_Soil/167.jpg,e4454bae22629178e016457a716c2ddc9a6305df0efd2d9ab0795a1e87a2c660,19b71a5eb7614ced68e97a8eb132acc20ef095386fd5eddfce1b3ebdf75eae02,318,299,JPEG,NONE_DEFINED_BY_ARCHIVE,Kaggle ai4a-lab/comprehensive-soil-classification-datasets v1
631,Laterite_Soil,Laterite_Soil:168,results/confirmatory/recovery/soil/staging/original/Laterite_Soil/168.jpg,7bf68e955d1d054e433adf9c68a98e150bf473610584315202eaa9ff09593a91,785447e488193191d50c7b8ece9d26e3009c75e3c01ee757b3993c80fec74ed3,430,851,JPEG,NONE_DEFINED_BY_ARCHIVE,Kaggle ai4a-lab/comprehensive-soil-classification-datasets v1
632,Laterite_Soil,Laterite_Soil:169,results/confirmatory/recovery/soil/staging/original/Laterite_Soil/169.jpg,57c2feb6b45ce4f56ba5002990efff67e47a5230569d13b42cb4097716f7972a,cc3a0d3f0b44fc96b5635c756503649ce6caa9a136660c7c15464b83cbb37231,1024,404,JPEG,NONE_DEFINED_BY_ARCHIVE,Kaggle ai4a-lab/comprehensive-soil-classification-datasets v1
633,Laterite_Soil,Laterite_Soil:172,results/confirmatory/recovery/soil/staging/original/Laterite_Soil/172.jpg,1406fb1b801134a72aeee212fb5864a22304f6e720053254246b448e15a79d76,dc2d0895a05fded8fcb43b312ad897ffd5f200679cf0774dd8a16121793f24be,181,159,JPEG,NONE_DEFINED_BY_ARCHIVE,Kaggle ai4a-lab/comprehensive-soil-classification-datasets v1
634,Laterite_Soil,Laterite_Soil:173,results/confirmatory/recovery/soil/staging/original/Laterite_Soil/173.jpg,a89b969d3ca580fa980d2d064cc2a5ee89aeaa2ac796ba3aeb7b035046f1f119,453b53cc03c165f3c518af86d91efc4d5ebe39cea7240a784c59d86ed70a9ea5,626,417,JPEG,NONE_DEFINED_BY_ARCHIVE,Kaggle ai4a-lab/comprehensive-soil-classification-datasets v1
635,Laterite_Soil,Laterite_Soil:176,results/confirmatory/recovery/soil/staging/original/Laterite_Soil/176.jpg,a7480b68414d994dd2017c53728c6c54ccfe248423347e884571b16309ccc63d,05a39c62082bc424da00882ab60ac601e795d3fc7d5fb24dad5beaed36cbdc71,375,500,JPEG,NONE_DEFINED_BY_ARCHIVE,Kaggle ai4a-lab/comprehensive-soil-classification-datasets v1
636,Laterite_Soil,Laterite_Soil:179,results/confirmatory/recovery/soil/staging/original/Laterite_Soil/179.jpg,59973e46af6b10cecedde4ac97723506b9aabe4211797ed2e8ee93797a483fc0,b387e413cf054ed015a33d61ff73b7b4d7d68f841f163bf7ee79230e86012077,612,406,JPEG,NONE_DEFINED_BY_ARCHIVE,Kaggle ai4a-lab/comprehensive-soil-classification-datasets v1
637,Laterite_Soil,Laterite_Soil:18,results/confirmatory/recovery/soil/staging/original/Laterite_Soil/18.jpg,9aab75b64ddac4929d5a4510ad78e036ec19dff9f06b8a78fec1dff0f2d0f31b,6ad662233f9ddc441ff7eeec9014b91a365e552efdab596a793dc09581716d60,390,258,JPEG,NONE_DEFINED_BY_ARCHIVE,Kaggle ai4a-lab/comprehensive-soil-classification-datasets v1
638,Laterite_Soil,Laterite_Soil:182,results/confirmatory/recovery/soil/staging/original/Laterite_Soil/182.jpg,64451a4458de82f74a97740132496b812264abec6cf2a73255c377eb7079d1f5,21a20306a9f8ff9781d053c88d08aab2a6428ddf6e68a89874c533dc30d2d544,540,360,JPEG,NONE_DEFINED_BY_ARCHIVE,Kaggle ai4a-lab/comprehensive-soil-classification-datasets v1
639,Laterite_Soil,Laterite_Soil:183,results/confirmatory/recovery/soil/staging/original/Laterite_Soil/183.jpg,a15051cb46f18fbd482168037abbb0a590508e246a26a0a0539e306a77d77071,5efbeb28029dcb0cc0a8ba8f083a1ff1e2ffc2cfa4aee275ba13e870783ce876,1300,848,JPEG,NONE_DEFINED_BY_ARCHIVE,Kaggle ai4a-lab/comprehensive-soil-classification-datasets v1
640,Laterite_Soil,Laterite_Soil:184,results/confirmatory/recovery/soil/staging/original/Laterite_Soil/184.jpg,2c658599841ae3d709887925f5bb0cc21af52729e31a0aac3e5ef365433b342c,92df91d88e62479fa190929112d55f788278e87df33fd4d2ed3122f3a927779f,602,591,JPEG,NONE_DEFINED_BY_ARCHIVE,Kaggle ai4a-lab/comprehensive-soil-classification-datasets v1
641,Laterite_Soil,Laterite_Soil:184,results/confirmatory/recovery/soil/staging/original/Laterite_Soil/184a.jpg,01461e837632d0fa309a0af0cd9455ba890e1fe55b5e608a0b67e863791b09ed,d31bcd73c8297a8ac1dd0587533db443a2067957929cd2569153209c77381cf1,1024,410,JPEG,NONE_DEFINED_BY_ARCHIVE,Kaggle ai4a-lab/comprehensive-soil-classification-datasets v1
642,Laterite_Soil,Laterite_Soil:184,results/confirmatory/recovery/soil/staging/original/Laterite_Soil/184b.jpg,c5e77003de2ffcbcf77a06a8d6236c88b15c632f4da971cf292e62bb2b1d83f6,8a5dcbd8957a0dc770f4925c414906ee4f7be182e9471457fe50a3b9c0bfcf90,574,188,JPEG,NONE_DEFINED_BY_ARCHIVE,Kaggle ai4a-lab/comprehensive-soil-classification-datasets v1
643,Laterite_Soil,Laterite_Soil:19,results/confirmatory/recovery/soil/staging/original/Laterite_Soil/19.jpg,106a7a785e542797b8f78746eae474f311d1ad8ac77cdf35f6b60d7f7e3af8a5,f282d2e9dfea23cb5fd9efc700ea9e98e879183f35d06484cd08514ddd3ea8b7,264,198,JPEG,NONE_DEFINED_BY_ARCHIVE,Kaggle ai4a-lab/comprehensive-soil-classification-datasets v1
644,Laterite_Soil,Laterite_Soil:190,results/confirmatory/recovery/soil/staging/original/Laterite_Soil/190.jpg,4aea44227dba82c7693081c940f65992a5e9d9b9224d3b58012959a17cac5de8,e7397df358285938f4706c323c97f254899504c7b8e849dea0be77bab41ba79b,649,690,JPEG,NONE_DEFINED_BY_ARCHIVE,Kaggle ai4a-lab/comprehensive-soil-classification-datasets v1
645,Laterite_Soil,Laterite_Soil:193,results/confirmatory/recovery/soil/staging/original/Laterite_Soil/193.jpg,50017d650577816d0aee7b753be72a2c7477f3ecbb52af086d2491994e08407e,baaf848e5a5c2015dccc163571973b7e610b682aa8caa59d4d455cca64b31763,1336,915,JPEG,NONE_DEFINED_BY_ARCHIVE,Kaggle ai4a-lab/comprehensive-soil-classification-datasets v1
646,Laterite_Soil,Laterite_Soil:20,results/confirmatory/recovery/soil/staging/original/Laterite_Soil/20.jpg,e202d07efad31c8c8becc8762fdc0e12aeaffb0e106894c1915329e940f20a65,7e0da8c4beba627e33e97dd2bcaca92455ebb66cb596d3813e9ca9274685471a,509,338,JPEG,NONE_DEFINED_BY_ARCHIVE,Kaggle ai4a-lab/comprehensive-soil-classification-datasets v1
647,Laterite_Soil,Laterite_Soil:206,results/confirmatory/recovery/soil/staging/original/Laterite_Soil/206.jpg,7f483e356c34585b52d8438a056b10591a3b1aba0f2c0415cbf57f27880c6210,9b5222103fd782fdf6c7c3fe4547c7ba852d6a0ae4a28d9e80362901ef7430b2,1300,863,JPEG,NONE_DEFINED_BY_ARCHIVE,Kaggle ai4a-lab/comprehensive-soil-classification-datasets v1
648,Laterite_Soil,Laterite_Soil:207,results/confirmatory/recovery/soil/staging/original/Laterite_Soil/207.jpg,9195c30413507a21fd2844d1003cc8373399432ba3dd5593c24f5c5ee72b2748,1c576d54ce6d322841f935ed63c501a240ed87ad5db0f889727eb88669096b7d,224,257,JPEG,NONE_DEFINED_BY_ARCHIVE,Kaggle ai4a-lab/comprehensive-soil-classification-datasets v1
649,Laterite_Soil,Laterite_Soil:21,results/confirmatory/recovery/soil/staging/original/Laterite_Soil/21.jpg,2dd35feba4d9a1700004e5201883ff2831f60c6693aa7222964a1d0067abeb16,668752bb4d57fb3d0b9a3c57f90ef7ed7c462cc154f263f85e4295a5517515a4,699,690,JPEG,NONE_DEFINED_BY_ARCHIVE,Kaggle ai4a-lab/comprehensive-soil-classification-datasets v1
650,Laterite_Soil,Laterite_Soil:210,results/confirmatory/recovery/soil/staging/original/Laterite_Soil/210.jpg,72dd1e9a264c105fd26f517a557b3f22d57a3a615af5077a494cb90505e923cd,a11a0829639fc5c17040b9e491784abb712c6877e5a860bf70dde09386869a34,600,375,JPEG,NONE_DEFINED_BY_ARCHIVE,Kaggle ai4a-lab/comprehensive-soil-classification-datasets v1
651,Laterite_Soil,Laterite_Soil:212,results/confirmatory/recovery/soil/staging/original/Laterite_Soil/212.jpg,02fed5be07c7d9accb5167f74552cd1de20beacdc88e72bfe90770c18ee7b7a7,10ee6678bb2c3ce26294cd0642622a0b1fb7abcbe19f1fd6df26546cd138d1ce,958,667,JPEG,NONE_DEFINED_BY_ARCHIVE,Kaggle ai4a-lab/comprehensive-soil-classification-datasets v1
652,Laterite_Soil,Laterite_Soil:216,results/confirmatory/recovery/soil/staging/original/Laterite_Soil/216.jpg,63958d3cdaeecb918c1ea569806e05dd3f3572cf346af79df8ee1b9b8ea9c4c1,b37f575dbd6e5cd897d8001793812d0ecbd4819c168d0f7701001b428cdc752d,963,1050,JPEG,NONE_DEFINED_BY_ARCHIVE,Kaggle ai4a-lab/comprehensive-soil-classification-datasets v1
653,Laterite_Soil,Laterite_Soil:219,results/confirmatory/recovery/soil/staging/original/Laterite_Soil/219.jpg,737e0c70f45d93af4e143f54bc09c7b493c87b3734bf80b0ff99058bbda5755a,97f1f0f8cba1a8d777fe0b36d126049bb3e8440eb05e8af9938a869d6909ea8f,1300,866,JPEG,NONE_DEFINED_BY_ARCHIVE,Kaggle ai4a-lab/comprehensive-soil-classification-datasets v1
654,Laterite_Soil,Laterite_Soil:222,results/confirmatory/recovery/soil/staging/original/Laterite_Soil/222.jpg,dd7aca0cadea2c0ba913260f4ac3271d0b0b4f444237a8ef77d6c3b2598c0155,cba403322d8045d15cc1ab5b79042d4df9cdda5ecf6a307c0032082becb2d348,1300,866,JPEG,NONE_DEFINED_BY_ARCHIVE,Kaggle ai4a-lab/comprehensive-soil-classification-datasets v1
655,Laterite_Soil,Laterite_Soil:223,results/confirmatory/recovery/soil/staging/original/Laterite_Soil/223.jpg,41a8ab8fc44c05ae07958dee449f98deef29463a5cb5ca23ba0cbbea986e2448,28946e1a613a98a393b4e8cfed9ea0ae2f929fc3f5269cc0e013ff0904e863b3,342,337,JPEG,NONE_DEFINED_BY_ARCHIVE,Kaggle ai4a-lab/comprehensive-soil-classification-datasets v1
656,Laterite_Soil,Laterite_Soil:224,results/confirmatory/recovery/soil/staging/original/Laterite_Soil/224.jpg,5c08d39eae35200512dbc7555c7a33dbf843af9ac439758145064aa0f123c46f,0598afba9f70c668bf2c935dc66710e7fc14376e5b698e987d241a585dae9973,1600,1047,JPEG,NONE_DEFINED_BY_ARCHIVE,Kaggle ai4a-lab/comprehensive-soil-classification-datasets v1
657,Laterite_Soil,Laterite_Soil:225,results/confirmatory/recovery/soil/staging/original/Laterite_Soil/225.jpg,536f14dd225f844d3e7db9534ea5e5e32b8dae457159eac69b6d750f581a2763,8e62f03057857f7179eb11c69da22789c7add38172009bd601e83be3d3eb290e,1300,863,JPEG,NONE_DEFINED_BY_ARCHIVE,Kaggle ai4a-lab/comprehensive-soil-classification-datasets v1
658,Laterite_Soil,Laterite_Soil:226,results/confirmatory/recovery/soil/staging/original/Laterite_Soil/226.jpg,1a37a7b71a33172c2100bf4f744d93d39137d12a94a62c2c24a34bba60f01f69,d7c3c8fb265152780f735e9da3435a46078bbe17db3539b09d8983ff9d5be137,1471,1110,JPEG,NONE_DEFINED_BY_ARCHIVE,Kaggle ai4a-lab/comprehensive-soil-classification-datasets v1
659,Laterite_Soil,Laterite_Soil:226,results/confirmatory/recovery/soil/staging/original/Laterite_Soil/226a.jpg,13cb520229d21acacc714b4931a8bcfdccf4fa0349dcc84fbadaf0d2511fc62e,a99d5e46bcb94f14bfac3d0d6ef35dfb78d5eb0df006c4338744c0e64679c15c,1490,1017,JPEG,NONE_DEFINED_BY_ARCHIVE,Kaggle ai4a-lab/comprehensive-soil-classification-datasets v1
660,Laterite_Soil,Laterite_Soil:226,results/confirmatory/recovery/soil/staging/original/Laterite_Soil/226b.jpg,219e8eb3354eba0732825d6c125e5ec8bb7bb27c0f9bf1a9d6751793a0bfdb9a,f153687e5650a7237be50fde3a079e4d44504fb88278badbc1e1d6a4959e76af,1748,965,JPEG,NONE_DEFINED_BY_ARCHIVE,Kaggle ai4a-lab/comprehensive-soil-classification-datasets v1
661,Laterite_Soil,Laterite_Soil:227,results/confirmatory/recovery/soil/staging/original/Laterite_Soil/227.jpg,3a21bb818eed1f5ff70a24a85031be618292e46bbe4e473105d84838e9c55b05,d4251a088102f827b5749b00e3a1eef052f6f49ff7c32074853b34e4cdd79746,600,389,JPEG,NONE_DEFINED_BY_ARCHIVE,Kaggle ai4a-lab/comprehensive-soil-classification-datasets v1
662,Laterite_Soil,Laterite_Soil:228,results/confirmatory/recovery/soil/staging/original/Laterite_Soil/228.jpg,9f1f45eb2f274b707be0e3c1ec89ff2c41cffd3aeaaf21d55a2c29e642c95763,68f9c1201fd068615af17e7d5eb63662ac3e6d6118296735bc7383382e0e35a3,626,626,JPEG,NONE_DEFINED_BY_ARCHIVE,Kaggle ai4a-lab/comprehensive-soil-classification-datasets v1
663,Laterite_Soil,Laterite_Soil:229,results/confirmatory/recovery/soil/staging/original/Laterite_Soil/229.jpg,68e1b085f3491b41688a136d10ede515511645aedd13c72960b28273e528adc7,75b2ad455b0e765b897d1763d8a414c4db66e59a41f88d6a2094ad40963e30d7,1300,867,JPEG,NONE_DEFINED_BY_ARCHIVE,Kaggle ai4a-lab/comprehensive-soil-classification-datasets v1
664,Laterite_Soil,Laterite_Soil:23,results/confirmatory/recovery/soil/staging/original/Laterite_Soil/23.jpg,d7c6ee7621a5bda9e0f12453d96529a304d9a221e783ac8e41efc1be08a10f6d,54ad59081185b694a32a4844fd1631661ccc3bbed2bde83eb288cc99db62cd68,626,417,JPEG,NONE_DEFINED_BY_ARCHIVE,Kaggle ai4a-lab/comprehensive-soil-classification-datasets v1
665,Laterite_Soil,Laterite_Soil:230,results/confirmatory/recovery/soil/staging/original/Laterite_Soil/230.jpg,d374382bf510f4ee0094f41c6b36a979979e160cfb43b3e29612dc9076d80407,f137dc4682066b1541dd111f2bf9bc6dc8b2d42f7bbc28e5ba3cd0b818dc9698,432,432,JPEG,NONE_DEFINED_BY_ARCHIVE,Kaggle ai4a-lab/comprehensive-soil-classification-datasets v1
666,Laterite_Soil,Laterite_Soil:232,results/confirmatory/recovery/soil/staging/original/Laterite_Soil/232.jpg,60d709ae292604e66aad80340395f6b91b2b7f73c7c88f9d39266989d4de2a0e,b280bc47ae5560e6bd2ff4b5c1da35dc1c463a41114fec0e76f5cb83950c92b7,1300,866,JPEG,NONE_DEFINED_BY_ARCHIVE,Kaggle ai4a-lab/comprehensive-soil-classification-datasets v1
667,Laterite_Soil,Laterite_Soil:234,results/confirmatory/recovery/soil/staging/original/Laterite_Soil/234.jpg,bcd5bd127f925ab72a365f7ae8ee3ad3b2084502e22d74cda145f8afbd5ccf98,b790c167d4912bca8a613b258175ee7364699140523dc8b75387216b49b85806,602,401,JPEG,NONE_DEFINED_BY_ARCHIVE,Kaggle ai4a-lab/comprehensive-soil-classification-datasets v1
668,Laterite_Soil,Laterite_Soil:235,results/confirmatory/recovery/soil/staging/original/Laterite_Soil/235.jpg,b90b48892873d39cbd675a61c9551926a4cdbddb241ad79965022ec66d23d2b4,59a832689ffbdc967728d116d81be8174946fe530c57f6d1339436245817445f,250,187,JPEG,NONE_DEFINED_BY_ARCHIVE,Kaggle ai4a-lab/comprehensive-soil-classification-datasets v1
669,Laterite_Soil,Laterite_Soil:238,results/confirmatory/recovery/soil/staging/original/Laterite_Soil/238.jpg,4765287672345be08f43182959148c2296eaa63ead731c46fba730c27d727288,8c0c0851bc77a92455a25d19eba67c10b2be76bfbc00558cf105084293dc18fe,626,205,JPEG,NONE_DEFINED_BY_ARCHIVE,Kaggle ai4a-lab/comprehensive-soil-classification-datasets v1
670,Laterite_Soil,Laterite_Soil:24,results/confirmatory/recovery/soil/staging/original/Laterite_Soil/24.jpg,b941862d8ca629dcd4f8de54f647836ce2f25f265eab30a6e11a99330706f4b6,eb630c4f6df94c669e7813e75b2b6b75fe57e710434a74c2bf019da5a30a2671,500,262,JPEG,NONE_DEFINED_BY_ARCHIVE,Kaggle ai4a-lab/comprehensive-soil-classification-datasets v1
671,Laterite_Soil,Laterite_Soil:240,results/confirmatory/recovery/soil/staging/original/Laterite_Soil/240.jpg,c6314f4bbc905e6e5162ef1e1ac9c55ed29dcff2cf76a5d94951656cd7359e9d,2055d8a8563f09066793d89d08227b412f18e6e522d2dc50b01f70e8554688c9,701,482,JPEG,NONE_DEFINED_BY_ARCHIVE,Kaggle ai4a-lab/comprehensive-soil-classification-datasets v1
672,Laterite_Soil,Laterite_Soil:243,results/confirmatory/recovery/soil/staging/original/Laterite_Soil/243.jpg,6282cb63ffa64209bf169a6d10d930e9b6e5fc02f187d39eccb4d93e5e321f40,97a39c7003bedc36d2bdbe7734148a46f7a87c473390dab3eee6c20c93fb204c,540,360,JPEG,NONE_DEFINED_BY_ARCHIVE,Kaggle ai4a-lab/comprehensive-soil-classification-datasets v1
673,Laterite_Soil,Laterite_Soil:244,results/confirmatory/recovery/soil/staging/original/Laterite_Soil/244.jpg,98d6985e7dc5135ae276e54078865e0164bbcb98111a65f851a2128d3f536081,164d44e4edd30014c2729f135d49aeb1cb35d6f2bcd56252c62e70992082b81f,1300,866,JPEG,NONE_DEFINED_BY_ARCHIVE,Kaggle ai4a-lab/comprehensive-soil-classification-datasets v1
674,Laterite_Soil,Laterite_Soil:248,results/confirmatory/recovery/soil/staging/original/Laterite_Soil/248.jpg,1eca9e3832136a7da9cff8a4af0ef23e572d4a3e29b6a753a4f6928c2c132262,23a31846d35ddc94c13c60582ef669ad3168b339b9c7b13135ee52c789750910,800,530,JPEG,NONE_DEFINED_BY_ARCHIVE,Kaggle ai4a-lab/comprehensive-soil-classification-datasets v1
675,Laterite_Soil,Laterite_Soil:249,results/confirmatory/recovery/soil/staging/original/Laterite_Soil/249.jpg,c173a178957e2c1663412b4dc9d9c107f11c6695d361e8d766b876d423463203,1b90abb1e19fa6dd2be614c35694de752f9cfd1d66ef3be36544c8758ce5646e,450,300,JPEG,NONE_DEFINED_BY_ARCHIVE,Kaggle ai4a-lab/comprehensive-soil-classification-datasets v1
676,Laterite_Soil,Laterite_Soil:25,results/confirmatory/recovery/soil/staging/original/Laterite_Soil/25.jpg,87ba1d1f8606bd132d880bda612912abef25c31a991fdbf00ecf72f5873fb686,6ef4abe6de31ffe4e8fe2f087c8bbe0f2b0cbd355ff05adf89fe7986bbed2647,1600,1043,JPEG,NONE_DEFINED_BY_ARCHIVE,Kaggle ai4a-lab/comprehensive-soil-classification-datasets v1
677,Laterite_Soil,Laterite_Soil:250,results/confirmatory/recovery/soil/staging/original/Laterite_Soil/250.jpg,e459152f288a65ecc57948a53b35eee9d98556c539e742b065be7b8869958917,ff9391e09c90cdabd48e7bc8901b24d5fe07d0e3850a3d90f264fda056f11bd0,450,450,JPEG,NONE_DEFINED_BY_ARCHIVE,Kaggle ai4a-lab/comprehensive-soil-classification-datasets v1
678,Laterite_Soil,Laterite_Soil:252,results/confirmatory/recovery/soil/staging/original/Laterite_Soil/252.jpg,b90ad5785ffcd1fb863879578b65e124e2e84c9f670fa0ef43a2bfc28ebdfd74,a7c7b241054e3e58051a3da351f22cfa27fa28664a61d2fd1274083e93fc3468,2940,1960,JPEG,NONE_DEFINED_BY_ARCHIVE,Kaggle ai4a-lab/comprehensive-soil-classification-datasets v1
679,Laterite_Soil,Laterite_Soil:258,results/confirmatory/recovery/soil/staging/original/Laterite_Soil/258.jpg,483d99b51686f63bce2a87e1bf09b27177ed1484498234b91f5c635e027ad3cd,c7aa7e7a9e8470dbbd0ee5abef3262a5523b55cbd23f3b75e323a7da9245a5b7,391,256,JPEG,NONE_DEFINED_BY_ARCHIVE,Kaggle ai4a-lab/comprehensive-soil-classification-datasets v1
680,Laterite_Soil,Laterite_Soil:260,results/confirmatory/recovery/soil/staging/original/Laterite_Soil/260.jpg,2563252dbd4b3e42a4b875087ef5208daba2c89e997cf81aca1c3c3c23a38bce,0d7522291303612aac472beef0e2034dbf8b3c30c934f8e9400b812139e2f26b,450,300,JPEG,NONE_DEFINED_BY_ARCHIVE,Kaggle ai4a-lab/comprehensive-soil-classification-datasets v1
681,Laterite_Soil,Laterite_Soil:262,results/confirmatory/recovery/soil/staging/original/Laterite_Soil/262.jpg,dad75fcaa07a67b13101ac5ae48593a88b9218aefce0d5ee51a2bbae2808b352,614b6eb85fd448deda04c6c1d8824fe118651d5a70439da8041c011ef7432dd9,161,229,JPEG,NONE_DEFINED_BY_ARCHIVE,Kaggle ai4a-lab/comprehensive-soil-classification-datasets v1
682,Laterite_Soil,Laterite_Soil:269,results/confirmatory/recovery/soil/staging/original/Laterite_Soil/269.jpg,7218d0eedf780e35e41fd1b6c794758461a3af053960bca17b16cf5ad9ec8593,426b7ac70c6f93c8e82b54d1d0700357e938230b9354ed68d687b0fccfa6642b,408,612,JPEG,NONE_DEFINED_BY_ARCHIVE,Kaggle ai4a-lab/comprehensive-soil-classification-datasets v1
683,Laterite_Soil,Laterite_Soil:27,results/confirmatory/recovery/soil/staging/original/Laterite_Soil/27.jpg,51924825295ffa261fb6bc195ce6194bb8182f2e621a5fad539f50c690ec8db5,b5d4c3a8421dd00e4d8aeca32e1a89d38fab8239a4de53e9ae705977c174295d,626,417,JPEG,NONE_DEFINED_BY_ARCHIVE,Kaggle ai4a-lab/comprehensive-soil-classification-datasets v1
684,Laterite_Soil,Laterite_Soil:270,results/confirmatory/recovery/soil/staging/original/Laterite_Soil/270.jpg,9b494e9505d3e3c0a34f884ddf878d7b3b99b1dd7e72b03ca65e9a4b7c0b42c5,059e4a1ab014ea277278075a82ea77a85e27ab0107d285ab21e7809c69d3e7bf,344,450,JPEG,NONE_DEFINED_BY_ARCHIVE,Kaggle ai4a-lab/comprehensive-soil-classification-datasets v1
685,Laterite_Soil,Laterite_Soil:271,results/confirmatory/recovery/soil/staging/original/Laterite_Soil/271.jpg,1e12c2c4408c052f33b88806bc384c21e419f696a446c4f9e9f1695ee5b6dd77,d31c352762baa64af0e2a2e3806d3ce295bfd80836238cc904d313d6c9d09e61,612,269,JPEG,NONE_DEFINED_BY_ARCHIVE,Kaggle ai4a-lab/comprehensive-soil-classification-datasets v1
686,Laterite_Soil,Laterite_Soil:279,results/confirmatory/recovery/soil/staging/original/Laterite_Soil/279.jpg,8c2d1980bd855bbd6b923e16cbddd90122737856bac0a6415adbd574fef0192b,307636deede47f9e00fefc529f0bb81d0aa1b6d052af79395e9885b04e03e50b,1300,866,JPEG,NONE_DEFINED_BY_ARCHIVE,Kaggle ai4a-lab/comprehensive-soil-classification-datasets v1
687,Laterite_Soil,Laterite_Soil:28,results/confirmatory/recovery/soil/staging/original/Laterite_Soil/28.jpg,f9332cca1fe4fe2a73718d2843bd094d96c62d1378a549220ec7e795a870f45b,6fe2330379c58b1e49e9ce6ef305c51dbd0c058dac97a69dac73828766b8bf84,376,535,JPEG,NONE_DEFINED_BY_ARCHIVE,Kaggle ai4a-lab/comprehensive-soil-classification-datasets v1
688,Laterite_Soil,Laterite_Soil:285,results/confirmatory/recovery/soil/staging/original/Laterite_Soil/285.jpg,8eb1d6500c56bb40d6c64e05134ecb9769c748f08fb095da7f6401be6ba31373,5ba167141eab075e102767887e6ec1c0733da42755c88e5204d2732fdc5cffa9,250,200,JPEG,NONE_DEFINED_BY_ARCHIVE,Kaggle ai4a-lab/comprehensive-soil-classification-datasets v1
689,Laterite_Soil,Laterite_Soil:288,results/confirmatory/recovery/soil/staging/original/Laterite_Soil/288.jpg,9377779b391d9963fb50a0c74ceac87b5b1105d8f5723c9d62784a654c466b39,29f53d5750ba0273a323908dc3782ab48c6ee1c0d781ed72291635db69e8aab3,603,643,JPEG,NONE_DEFINED_BY_ARCHIVE,Kaggle ai4a-lab/comprehensive-soil-classification-datasets v1
690,Laterite_Soil,Laterite_Soil:288,results/confirmatory/recovery/soil/staging/original/Laterite_Soil/288a.jpg,988e733715488d33e69b457b12cfe4c9a3ad7b011413090ed1d7cbfa30b4d6ae,1c319b8b984c93e589f92d5ebb1cc27a3a9d172da9df42496aaa80dc43c568ac,1024,395,JPEG,NONE_DEFINED_BY_ARCHIVE,Kaggle ai4a-lab/comprehensive-soil-classification-datasets v1
691,Laterite_Soil,Laterite_Soil:288,results/confirmatory/recovery/soil/staging/original/Laterite_Soil/288b.jpg,eadb84d87e59fc758f672ba29054ca94bd16de4f81449d13d69087dacc368dad,58beb2968b71f53faa2b76448d94837ba15f1db255427b83c8158c63987358cd,429,185,JPEG,NONE_DEFINED_BY_ARCHIVE,Kaggle ai4a-lab/comprehensive-soil-classification-datasets v1
692,Laterite_Soil,Laterite_Soil:29,results/confirmatory/recovery/soil/staging/original/Laterite_Soil/29.jpg,bfead53d4e6ab38b7902d33fa10463a1db1c040948078c16605588198c32a928,8bd5d66c58351a1518fcb945e7d7bfb53adee3efc4f1fe397ba4b11e65bd7d08,1300,867,JPEG,NONE_DEFINED_BY_ARCHIVE,Kaggle ai4a-lab/comprehensive-soil-classification-datasets v1
693,Laterite_Soil,Laterite_Soil:291,results/confirmatory/recovery/soil/staging/original/Laterite_Soil/291.jpg,3a219619e14e658f095bffaf3de20c83ef2fe4d049af1f47c451308458323f4f,4d28f471fcff6febfb9e36d8e7d63bccbf1f3e46e0f838374a00582645427008,1236,878,JPEG,NONE_DEFINED_BY_ARCHIVE,Kaggle ai4a-lab/comprehensive-soil-classification-datasets v1
694,Laterite_Soil,Laterite_Soil:3,results/confirmatory/recovery/soil/staging/original/Laterite_Soil/3.jpg,f5381be1aa94d5517ea4a2f310aa85043d770520ae7106c9f8c51bcc11165790,fd8462f16568acf3e55547c1e26cb5578aa95e3f91d51f50dbd1bc9ed801560f,744,225,JPEG,NONE_DEFINED_BY_ARCHIVE,Kaggle ai4a-lab/comprehensive-soil-classification-datasets v1
695,Laterite_Soil,Laterite_Soil:30,results/confirmatory/recovery/soil/staging/original/Laterite_Soil/30.jpg,23d492d96701e5179391259d39bc2a708216918a4bc53d7c80884125b3c83aca,bacae36ec5025414b85fe8801f515cdde3f8ee844462d4048cda553466b9e8e2,218,199,JPEG,NONE_DEFINED_BY_ARCHIVE,Kaggle ai4a-lab/comprehensive-soil-classification-datasets v1
696,Laterite_Soil,Laterite_Soil:30,results/confirmatory/recovery/soil/staging/original/Laterite_Soil/30a.jpg,623022e74e8e5742d9f520dcaa8c40954487b3a2ce820e3b6ee262dc789dd138,da941f85d929f4961a2a17ecbff8f1ddbf42660d0802ea4b22e87bc7b2521382,350,186,JPEG,NONE_DEFINED_BY_ARCHIVE,Kaggle ai4a-lab/comprehensive-soil-classification-datasets v1
697,Laterite_Soil,Laterite_Soil:30,results/confirmatory/recovery/soil/staging/original/Laterite_Soil/30b.jpg,0684d870a5d705b7f0f8111f5291b8ffc7846398aa0f9b123df0427a65a90e4b,e7ef2006d337008f4e10b00de476aa9da29885798d67abf975543a5e5052ffe1,450,168,JPEG,NONE_DEFINED_BY_ARCHIVE,Kaggle ai4a-lab/comprehensive-soil-classification-datasets v1
698,Laterite_Soil,Laterite_Soil:31,results/confirmatory/recovery/soil/staging/original/Laterite_Soil/31.jpg,d6429c518f907ef509a32cddf887d4ce029fe1197eb922de6971a3789a648a8a,fab6da1d5421598f002514fddc302b43773cf3a4c3472612830d403ba1de57eb,500,282,JPEG,NONE_DEFINED_BY_ARCHIVE,Kaggle ai4a-lab/comprehensive-soil-classification-datasets v1
699,Laterite_Soil,Laterite_Soil:32,results/confirmatory/recovery/soil/staging/original/Laterite_Soil/32.jpg,746d9a92c7c5111024b26f1dc38d63839d3d9154ede9d8084494788d5e92a758,b4b99131011a60bb84d23f733b9fd08890e7d7b8e03405a6d389c7040603213b,327,198,JPEG,NONE_DEFINED_BY_ARCHIVE,Kaggle ai4a-lab/comprehensive-soil-classification-datasets v1
700,Laterite_Soil,Laterite_Soil:32,results/confirmatory/recovery/soil/staging/original/Laterite_Soil/32a.jpg,0e2210d11a125957392fe5eaf8959e98765243b77305cf33e4ca614da5b6ffe8,fdd4d035543cef31a8c136c3d8c3da55efc6612e801b737f068597974e655c80,219,234,JPEG,NONE_DEFINED_BY_ARCHIVE,Kaggle ai4a-lab/comprehensive-soil-classification-datasets v1
701,Laterite_Soil,Laterite_Soil:33,results/confirmatory/recovery/soil/staging/original/Laterite_Soil/33.jpg,f54d63138bcdd129df0d405711d6df22981bb22b5ebb68cd35b7ed9275ac7311,e1364b4c3dc1599e5cb6d3bc9d5218b6b4c274ce7d5f9e8fa413b754d4322505,274,302,JPEG,NONE_DEFINED_BY_ARCHIVE,Kaggle ai4a-lab/comprehensive-soil-classification-datasets v1
702,Laterite_Soil,Laterite_Soil:34,results/confirmatory/recovery/soil/staging/original/Laterite_Soil/34.jpg,6888b0352c7b4be02f686f7e0bb0ad6b74d4350c8ee53148f6711f58d4290d5c,a020ecc05de8e8f4063c8c3a8ab3bd18086b18cd3cf85ddf4642c1241d67a581,836,355,JPEG,NONE_DEFINED_BY_ARCHIVE,Kaggle ai4a-lab/comprehensive-soil-classification-datasets v1
703,Laterite_Soil,Laterite_Soil:35,results/confirmatory/recovery/soil/staging/original/Laterite_Soil/35.jpg,f43da59b757cc4dff756d8ffc601f5c36ea8adde0e699561033b3daef362e8de,e5ca2974243031976008156ad0defd1203239bf04a579fbbe367447ed6b20ff6,458,476,JPEG,NONE_DEFINED_BY_ARCHIVE,Kaggle ai4a-lab/comprehensive-soil-classification-datasets v1
704,Laterite_Soil,Laterite_Soil:35,results/confirmatory/recovery/soil/staging/original/Laterite_Soil/35a.jpg,d2945a4c78ae8056eabe4f71a8948ec933facc502f80ff06542c439f0793d655,02c3bfc8528e9a8af2738ea0092d642337ab1d90801e12e3635e2958515b9b0f,631,385,JPEG,NONE_DEFINED_BY_ARCHIVE,Kaggle ai4a-lab/comprehensive-soil-classification-datasets v1
705,Laterite_Soil,Laterite_Soil:35,results/confirmatory/recovery/soil/staging/original/Laterite_Soil/35b.jpg,df26ee39f0002d5579aa5293fb7c8309c4944d0c5bc3eafbb2d277b8af764586,47ee82c71c971e5c4c25b89e1080f4c8e6ff1c400b614ea748bc5ef5b0bd7925,561,396,JPEG,NONE_DEFINED_BY_ARCHIVE,Kaggle ai4a-lab/comprehensive-soil-classification-datasets v1
706,Laterite_Soil,Laterite_Soil:37,results/confirmatory/recovery/soil/staging/original/Laterite_Soil/37.jpg,b7efef52eb4a5e89b84fc2442a165d04eb14083668a3e0468b258f853c2f66fe,5ddb4d6f08daf06e1551f47436d22a3476b48d19bec4d2f675a2427c265e660d,1600,1048,JPEG,NONE_DEFINED_BY_ARCHIVE,Kaggle ai4a-lab/comprehensive-soil-classification-datasets v1
707,Laterite_Soil,Laterite_Soil:38,results/confirmatory/recovery/soil/staging/original/Laterite_Soil/38.jpg,dd38ef8101708e5284265a820fddf2fcbced48cf5ecc0b5121656cc797ab0ea1,534e59619767ea79450681636fb37490f2f2d57930b88749f7c1e095a41a543a,439,292,JPEG,NONE_DEFINED_BY_ARCHIVE,Kaggle ai4a-lab/comprehensive-soil-classification-datasets v1
708,Laterite_Soil,Laterite_Soil:3,results/confirmatory/recovery/soil/staging/original/Laterite_Soil/3a.jpg,eae514d81cb0dca9dff47e3a88d630e3ede66380ca2051c393c8b175e0cae186,07edadfbebed19044631f63d34ff7c2d9bc400d59c8c45ad4bfaace9bbe026f4,505,199,JPEG,NONE_DEFINED_BY_ARCHIVE,Kaggle ai4a-lab/comprehensive-soil-classification-datasets v1
709,Laterite_Soil,Laterite_Soil:3,results/confirmatory/recovery/soil/staging/original/Laterite_Soil/3b.jpg,c52dbff91804d80adadcf7a69b82ec0c202df28b3ba324e478709acfd8853953,3cd8eb7b22d67136ac050e976f0364ae5ec745180c01a49c02d2571e9c21a244,576,192,JPEG,NONE_DEFINED_BY_ARCHIVE,Kaggle ai4a-lab/comprehensive-soil-classification-datasets v1
710,Laterite_Soil,Laterite_Soil:4,results/confirmatory/recovery/soil/staging/original/Laterite_Soil/4.jpg,a51ceea394c8369db5c0978f97f7659952bcc79cbfc9988af6fd45a3349a263c,0e8bb4646fa21116554cf17218a6c9c26a8e7bb392237ed4d01d9db3ce697cfb,534,408,JPEG,NONE_DEFINED_BY_ARCHIVE,Kaggle ai4a-lab/comprehensive-soil-classification-datasets v1
711,Laterite_Soil,Laterite_Soil:40,results/confirmatory/recovery/soil/staging/original/Laterite_Soil/40.jpg,c832271fe8dd011df1714cb3ed02e3648a2d8e6b232766a3178f8c8a962efb6c,8df1487888914ee7c5108fddfade39f75f75db5a526b3f3ff116ff2512e8b6c1,472,707,JPEG,NONE_DEFINED_BY_ARCHIVE,Kaggle ai4a-lab/comprehensive-soil-classification-datasets v1
712,Laterite_Soil,Laterite_Soil:41,results/confirmatory/recovery/soil/staging/original/Laterite_Soil/41.jpg,accb897fa03ecdb676306f6677ff34f149355d2c93e82229961674e9c8001090,8038ec1da1ee134e995201d21b14089d9d80303c75376d6ab8c364fdbcbeddca,220,165,JPEG,NONE_DEFINED_BY_ARCHIVE,Kaggle ai4a-lab/comprehensive-soil-classification-datasets v1
713,Laterite_Soil,Laterite_Soil:42,results/confirmatory/recovery/soil/staging/original/Laterite_Soil/42.jpg,7de3f2338e5fbbe44791c571ddd3e6ff9686067354948b0433ba3047979123a1,03c47a0e8301f0fc4209576ec64e6bb746ed4879d2c73da83ded64e4f916c6aa,347,253,JPEG,NONE_DEFINED_BY_ARCHIVE,Kaggle ai4a-lab/comprehensive-soil-classification-datasets v1
714,Laterite_Soil,Laterite_Soil:44,results/confirmatory/recovery/soil/staging/original/Laterite_Soil/44.jpg,56799de9c3955905bd016a3b4d111f64fc7790a0f4117af69b72f9ac0a7c4084,7192c6b0c9306d68999697aca48d39f99aeb4b585443769c389e493a6c38d55c,1300,914,JPEG,NONE_DEFINED_BY_ARCHIVE,Kaggle ai4a-lab/comprehensive-soil-classification-datasets v1
715,Laterite_Soil,Laterite_Soil:45,results/confirmatory/recovery/soil/staging/original/Laterite_Soil/45.jpg,3811b1aa43a77876189fa90e18053aa7cb0ec9fe55c0c9984ab4598e328b4a0f,a6a57f18a4b2f195d6665107fd6c766f7448271b75a85ac5ba49ddf008157d0a,1600,1054,JPEG,NONE_DEFINED_BY_ARCHIVE,Kaggle ai4a-lab/comprehensive-soil-classification-datasets v1
716,Laterite_Soil,Laterite_Soil:46,results/confirmatory/recovery/soil/staging/original/Laterite_Soil/46.jpg,b96790fdb6aeac7f5bcf8d4a2ed6933ec206e0bd31c85ed5310b0ff15359a4a6,361609ffa5116b4c116d89d44708e77151905001c025ad2d9c4793bdc02f619e,1300,850,JPEG,NONE_DEFINED_BY_ARCHIVE,Kaggle ai4a-lab/comprehensive-soil-classification-datasets v1
717,Laterite_Soil,Laterite_Soil:47,results/confirmatory/recovery/soil/staging/original/Laterite_Soil/47.jpg,35adaa7e00baf7b09be0de1b327c4580a018b6186c28001fbf4d88cb3cf65912,c8328912ac32765a6ebb00e084099b0bf798fb17989f8fe01107f8516dd90df1,1600,1050,JPEG,NONE_DEFINED_BY_ARCHIVE,Kaggle ai4a-lab/comprehensive-soil-classification-datasets v1
718,Laterite_Soil,Laterite_Soil:48,results/confirmatory/recovery/soil/staging/original/Laterite_Soil/48.jpg,b899a40e042b7dd01bb4d21cdd4562d10eaf00fbb124df735e6d9cf355f4412a,e4fddcbff98b2547fd449bd0da73ef9ae89e9b39e7589ad44392fc7a86259e66,1300,868,JPEG,NONE_DEFINED_BY_ARCHIVE,Kaggle ai4a-lab/comprehensive-soil-classification-datasets v1
719,Laterite_Soil,Laterite_Soil:49,results/confirmatory/recovery/soil/staging/original/Laterite_Soil/49.jpg,b9e58146e6eff29647451353b77605fecff0d2c0317ba88b288c7ce282b61907,9d68f62f78b348158497a94a76d15dc36cc4f78a9507c2cb15d342a6e595edab,324,257,JPEG,NONE_DEFINED_BY_ARCHIVE,Kaggle ai4a-lab/comprehensive-soil-classification-datasets v1
720,Laterite_Soil,Laterite_Soil:5,results/confirmatory/recovery/soil/staging/original/Laterite_Soil/5.jpg,14049111b88bdd481aa9802119553b28c181f21a10cc4923500372631e752002,828fb16f26638aea2bf97c15f3b3836a9c34f0ecb778f9bf33dcb2862dc3b40c,640,235,JPEG,NONE_DEFINED_BY_ARCHIVE,Kaggle ai4a-lab/comprehensive-soil-classification-datasets v1
721,Laterite_Soil,Laterite_Soil:51,results/confirmatory/recovery/soil/staging/original/Laterite_Soil/51.jpg,3c2fb700f1bc5189467ceeda4fbf1da6403f9312042b33e0f8baf76c4e0ba2b9,28e65ae560f67d16deefa5dae1cae65247753b1bf8024c764d1c0f3b50fb4824,1600,1045,JPEG,NONE_DEFINED_BY_ARCHIVE,Kaggle ai4a-lab/comprehensive-soil-classification-datasets v1
722,Laterite_Soil,Laterite_Soil:52,results/confirmatory/recovery/soil/staging/original/Laterite_Soil/52.jpg,124c3645aa9abaf79fef0dbf82ae646aab4573b2bfb5d2eb149e2c93fcbde7ab,8e6ca778298215cf1b95ed45ee5062955178011782171185bc796891dda56425,322,500,JPEG,NONE_DEFINED_BY_ARCHIVE,Kaggle ai4a-lab/comprehensive-soil-classification-datasets v1
723,Laterite_Soil,Laterite_Soil:53,results/confirmatory/recovery/soil/staging/original/Laterite_Soil/53.jpg,37def1c44a19ea6d6a24b25f8fe6f6fea6feb0ed17baa9d79314055c41a0e8fb,968a2e256b02ebd092387171e9ceb4fdccd4e2cd7f8701d5c83cba296477655e,243,195,JPEG,NONE_DEFINED_BY_ARCHIVE,Kaggle ai4a-lab/comprehensive-soil-classification-datasets v1
724,Laterite_Soil,Laterite_Soil:54,results/confirmatory/recovery/soil/staging/original/Laterite_Soil/54.jpg,2bf036995f09970a952aff72b47b64505fa25c7fc60f513bf09a036e004c454b,2629d92c57e8f688dad69f4c99ac5c5bf94405c4c837f94d92f81b577f1783c7,464,271,JPEG,NONE_DEFINED_BY_ARCHIVE,Kaggle ai4a-lab/comprehensive-soil-classification-datasets v1
725,Laterite_Soil,Laterite_Soil:55,results/confirmatory/recovery/soil/staging/original/Laterite_Soil/55.jpg,8164ecdf551fd808fc64038f66411f130a0c68e1af2b6336c48a16945c435d2c,5281d3808f31c05093c44ae3bcf180c283b7cf5264cf648226acf9d4e11aa4db,866,1300,JPEG,NONE_DEFINED_BY_ARCHIVE,Kaggle ai4a-lab/comprehensive-soil-classification-datasets v1
726,Laterite_Soil,Laterite_Soil:59,results/confirmatory/recovery/soil/staging/original/Laterite_Soil/59.jpg,1ed458dcb87fe1dd296036035da45ce079ce7628fe091f833423a3974060006e,9faf3eb8206f32ae26b667b8d2df84eed2671e9dde08dc5d77dedd5fa409a917,696,325,JPEG,NONE_DEFINED_BY_ARCHIVE,Kaggle ai4a-lab/comprehensive-soil-classification-datasets v1
727,Laterite_Soil,Laterite_Soil:59,results/confirmatory/recovery/soil/staging/original/Laterite_Soil/59a.jpg,7e2a664686506dd86537c915b4484e7167b8cda0ca173df488f250c0ce7212c5,a5f6b84968430e312ce1aee89e0e9d5b09ead79b968cfedb2289cc6a3d3810b0,826,342,JPEG,NONE_DEFINED_BY_ARCHIVE,Kaggle ai4a-lab/comprehensive-soil-classification-datasets v1
728,Laterite_Soil,Laterite_Soil:59,results/confirmatory/recovery/soil/staging/original/Laterite_Soil/59b.jpg,40f33a93a350f8b0b06ec9ce7cd5dcf6aa55d5fc992292a610ea62aacc3de616,3ff62a639474bb76499fbab2d52454d7bb2b725249d28cec5cd4b5bd7f452ebd,683,331,JPEG,NONE_DEFINED_BY_ARCHIVE,Kaggle ai4a-lab/comprehensive-soil-classification-datasets v1
729,Laterite_Soil,Laterite_Soil:6,results/confirmatory/recovery/soil/staging/original/Laterite_Soil/6.jpg,c6267889009596a077ea146cb491ef0827c8fa4ec660fadd4dc9e985d584ce56,30781547ecdd1386615729b1572a29c19789492ae19912564145a8791a6f59d8,405,256,JPEG,NONE_DEFINED_BY_ARCHIVE,Kaggle ai4a-lab/comprehensive-soil-classification-datasets v1
730,Laterite_Soil,Laterite_Soil:60,results/confirmatory/recovery/soil/staging/original/Laterite_Soil/60.jpg,6f6c22c45651e6bd6a4d5898318d307e6957977ddddb38152c249e3758b37257,f103ef725fd3c6034e291a75411e16fc9d1916c5cc0392524aaed872d3e01359,846,457,JPEG,NONE_DEFINED_BY_ARCHIVE,Kaggle ai4a-lab/comprehensive-soil-classification-datasets v1
731,Laterite_Soil,Laterite_Soil:61,results/confirmatory/recovery/soil/staging/original/Laterite_Soil/61.jpg,f26676985650af089a93d228294aa84760cf2f92f7b2234961b557ddfa6bd89f,2c052abfc88c26b298e0f0cf387dae627ae80b3c8cd1087285a62fbf06c05e73,185,340,JPEG,NONE_DEFINED_BY_ARCHIVE,Kaggle ai4a-lab/comprehensive-soil-classification-datasets v1
732,Laterite_Soil,Laterite_Soil:61,results/confirmatory/recovery/soil/staging/original/Laterite_Soil/61a.jpg,d4c98631e5b64daf20004a8897a6f71ed34eccd65b54446489ef362fab2405f7,df2fb0335d8eb4661092f318956b229026e568a235353086c4d3f77e2260be24,246,255,JPEG,NONE_DEFINED_BY_ARCHIVE,Kaggle ai4a-lab/comprehensive-soil-classification-datasets v1
733,Laterite_Soil,Laterite_Soil:61,results/confirmatory/recovery/soil/staging/original/Laterite_Soil/61b.jpg,9b91d5ea2e78e82056f680d42aa5598a6ae68b3493a5c8c766b5b2e57280b364,e734f337aec4360c1df14ee917888a4e92d11fcc5bd07c3acb90aa611e981f82,241,255,JPEG,NONE_DEFINED_BY_ARCHIVE,Kaggle ai4a-lab/comprehensive-soil-classification-datasets v1
734,Laterite_Soil,Laterite_Soil:62,results/confirmatory/recovery/soil/staging/original/Laterite_Soil/62.jpg,31e4015d086328ecb1086df841338b4c04176e9f8a72bbd85761d8a6e5f0917b,e23be8e10a5799371d5579535c2ea8ad9180a9f8338a87aa97b82329048bc943,1500,989,JPEG,NONE_DEFINED_BY_ARCHIVE,Kaggle ai4a-lab/comprehensive-soil-classification-datasets v1
735,Laterite_Soil,Laterite_Soil:63,results/confirmatory/recovery/soil/staging/original/Laterite_Soil/63.jpg,1dea561f84dffacae752fdf3fd44a90ab531203241138617740f2a7ee25014c6,91a28ad2da7a025b767f6128d9073d6864d073e91a32b102cd3cf3318c8db529,352,135,JPEG,NONE_DEFINED_BY_ARCHIVE,Kaggle ai4a-lab/comprehensive-soil-classification-datasets v1
736,Laterite_Soil,Laterite_Soil:64,results/confirmatory/recovery/soil/staging/original/Laterite_Soil/64.jpg,5714c5c1804ad4f7a87f2da2a67736b27f1d7bd8208ceaab2e2e8a96e448a606,631aa65170e188c82760318d66ba4d11453c2eda4d4a2da060efeb5fa429c306,1000,649,JPEG,NONE_DEFINED_BY_ARCHIVE,Kaggle ai4a-lab/comprehensive-soil-classification-datasets v1
737,Laterite_Soil,Laterite_Soil:65,results/confirmatory/recovery/soil/staging/original/Laterite_Soil/65.jpg,a42a7b7747bbee72cca012517599c0478b4d8d926350436b224d40279d6dd2f0,155cf98a9dec9a7f290701f90309bdb3546d4ce62546e4fe80af883bc0eb4609,337,564,JPEG,NONE_DEFINED_BY_ARCHIVE,Kaggle ai4a-lab/comprehensive-soil-classification-datasets v1
738,Laterite_Soil,Laterite_Soil:66,results/confirmatory/recovery/soil/staging/original/Laterite_Soil/66.jpg,03c020a34cc0af856f5b580d1da9722fc07826a9f1ad9552d66f0cb6edb35820,617355c09b572cabeef9b4233ff8b50ccfedea7165911f5f6d98b97a333f6383,540,360,JPEG,NONE_DEFINED_BY_ARCHIVE,Kaggle ai4a-lab/comprehensive-soil-classification-datasets v1
739,Laterite_Soil,Laterite_Soil:67,results/confirmatory/recovery/soil/staging/original/Laterite_Soil/67.jpg,2335cd72cda82f4f8c42ff612e892dbda1f4f66fa90c58ee1b5e0bffcd790f2b,47fdd459b13fea8b883f38645e46d799a7b919182da5448fdfa0805ce4715502,800,600,JPEG,NONE_DEFINED_BY_ARCHIVE,Kaggle ai4a-lab/comprehensive-soil-classification-datasets v1
740,Laterite_Soil,Laterite_Soil:68,results/confirmatory/recovery/soil/staging/original/Laterite_Soil/68.jpg,5d5b87a17524a3b9ce8482ad8cfebf9ea97cd4623de26a688c85709ab8d1a581,ae55d7db35792564226621cd3b036155e74f489939740ec9ae6adafc14e97c61,332,329,JPEG,NONE_DEFINED_BY_ARCHIVE,Kaggle ai4a-lab/comprehensive-soil-classification-datasets v1
741,Laterite_Soil,Laterite_Soil:7,results/confirmatory/recovery/soil/staging/original/Laterite_Soil/7.jpg,4aed91f18172c4a17a05694889b32fa1738e09e149e015f15c03dfd2396570a0,6f0a0e8476d21d95b79a14df50c99641b528768a19f87bbfa5283efbf8550762,498,470,JPEG,NONE_DEFINED_BY_ARCHIVE,Kaggle ai4a-lab/comprehensive-soil-classification-datasets v1
742,Laterite_Soil,Laterite_Soil:70,results/confirmatory/recovery/soil/staging/original/Laterite_Soil/70.jpg,2610fc3507eda5539b07a261126ebb04d383d92772f5442691b26b47c07edc3a,542d96e06ad5c62e430fcf8a27a108b5b84a0c7777bcba7473dcaa3dd3552a7f,500,413,JPEG,NONE_DEFINED_BY_ARCHIVE,Kaggle ai4a-lab/comprehensive-soil-classification-datasets v1
743,Laterite_Soil,Laterite_Soil:71,results/confirmatory/recovery/soil/staging/original/Laterite_Soil/71.jpg,8eea604e84853442b18620d843ac934eb77652ded0db367effa2db254517a43a,ffd55f3ad80dddf971f4c808f8ceba8c90aad675276cae69cba1f9fd7e5be044,425,109,JPEG,NONE_DEFINED_BY_ARCHIVE,Kaggle ai4a-lab/comprehensive-soil-classification-datasets v1
744,Laterite_Soil,Laterite_Soil:71,results/confirmatory/recovery/soil/staging/original/Laterite_Soil/71a.jpg,689c77eb5cc44fbef766f9fbc7821f69b03b1f12cc97006e443c1bfadb162512,634ab6c6583c8f10e09723849904d1668ee270d1a9852fceeafd0fbfcba915fb,364,274,JPEG,NONE_DEFINED_BY_ARCHIVE,Kaggle ai4a-lab/comprehensive-soil-classification-datasets v1
745,Laterite_Soil,Laterite_Soil:72,results/confirmatory/recovery/soil/staging/original/Laterite_Soil/72.jpg,7328bc0a1a82fef0bf235d55c6aa91bded85cc8ad81391f0df06d9d5453ad3f2,a5fb2fb80bb784fe8a41b534598196f5978fa1b1e15169ab23dd05fc11321830,1023,498,JPEG,NONE_DEFINED_BY_ARCHIVE,Kaggle ai4a-lab/comprehensive-soil-classification-datasets v1
746,Laterite_Soil,Laterite_Soil:73,results/confirmatory/recovery/soil/staging/original/Laterite_Soil/73.jpg,a47a44a9b19950aead3b98c5cbd2a68c1e7e30bbf519b80b3ef330ed3317d4f0,97e045f14371ca9aaa8570f1e57e1115b075bddbf8fcae6e6feb14dbef54fe5e,612,407,JPEG,NONE_DEFINED_BY_ARCHIVE,Kaggle ai4a-lab/comprehensive-soil-classification-datasets v1
747,Laterite_Soil,Laterite_Soil:74,results/confirmatory/recovery/soil/staging/original/Laterite_Soil/74.jpg,77aa49b07289fca388052c00a6c562b10e89db5ef0abe74d94a4dad40eb3ac3e,c27b598311d46b0c03f54360d354453aafdd84deb56b6d77ffcc74f9496430c3,331,235,JPEG,NONE_DEFINED_BY_ARCHIVE,Kaggle ai4a-lab/comprehensive-soil-classification-datasets v1
748,Laterite_Soil,Laterite_Soil:75,results/confirmatory/recovery/soil/staging/original/Laterite_Soil/75.jpg,5d8679c74daf06742dba3852e1fc1f13d8e5172930847e58c4732a7c21701ee6,6c99d750d7f50b7c5a7c90af5d069315b32d41e797573a3edf91e551fc5f7f11,960,836,JPEG,NONE_DEFINED_BY_ARCHIVE,Kaggle ai4a-lab/comprehensive-soil-classification-datasets v1
749,Laterite_Soil,Laterite_Soil:75,results/confirmatory/recovery/soil/staging/original/Laterite_Soil/75a.jpg,acb9972eb776e3e880a41f14a2fb8966df88b956d8d975d77035466856ee1461,cdd8856428d661244d64ee3f8ae57bf48186917601560d689b87baaa916c639b,649,532,JPEG,NONE_DEFINED_BY_ARCHIVE,Kaggle ai4a-lab/comprehensive-soil-classification-datasets v1
750,Laterite_Soil,Laterite_Soil:75,results/confirmatory/recovery/soil/staging/original/Laterite_Soil/75b.jpg,dc0bcc5de49b794a3ba4f4d053a258bccd577463e90a45706fb5fdb5b1991fb0,0fae21bc159e873fab5549c49ada4c029434ef2df1ecd0e018fc287eb9e546bf,568,558,JPEG,NONE_DEFINED_BY_ARCHIVE,Kaggle ai4a-lab/comprehensive-soil-classification-datasets v1
751,Laterite_Soil,Laterite_Soil:76,results/confirmatory/recovery/soil/staging/original/Laterite_Soil/76.jpg,9745019e13f79d039c27508b01f463b759eb67f504d1cc27a618e825d845c5b6,74f216d81923407273e996529d80f219a08fa366398f40c2bf9a01b1f7d137c1,800,534,JPEG,NONE_DEFINED_BY_ARCHIVE,Kaggle ai4a-lab/comprehensive-soil-classification-datasets v1
752,Laterite_Soil,Laterite_Soil:78,results/confirmatory/recovery/soil/staging/original/Laterite_Soil/78.jpg,9c1ddcb963c4670bee23bfa45d8e67b4f10f03c5eedcd19b942ffdc7d9973367,24d9c002f1cac5ab842f5be6a4b241188901b370d477c5c2debfa56b0e50ce2b,333,500,JPEG,NONE_DEFINED_BY_ARCHIVE,Kaggle ai4a-lab/comprehensive-soil-classification-datasets v1
753,Laterite_Soil,Laterite_Soil:79,results/confirmatory/recovery/soil/staging/original/Laterite_Soil/79.jpg,88ad7db5dc68c9d3f8ad1d6abc944fafae697a6681638a0ebfd7a6f8bc8bf448,c90a06cb7a3a165ff3d7a7f69dd09a6b60a0a003c14cff2642d7cadef55f6625,600,395,JPEG,NONE_DEFINED_BY_ARCHIVE,Kaggle ai4a-lab/comprehensive-soil-classification-datasets v1
754,Laterite_Soil,Laterite_Soil:8,results/confirmatory/recovery/soil/staging/original/Laterite_Soil/8.jpg,2a618e01b85ea9f3768714a1364be1fff60414bd6a8c83ef6e93c65b150794f6,0b50ec1aff713d51adcf4991bac681d1c169524eff26703c0e709e81e32f0573,493,233,JPEG,NONE_DEFINED_BY_ARCHIVE,Kaggle ai4a-lab/comprehensive-soil-classification-datasets v1
755,Laterite_Soil,Laterite_Soil:80,results/confirmatory/recovery/soil/staging/original/Laterite_Soil/80.jpg,113203e129145d2715df59857770d369c81601de8557a124c039e6ed82a23682,351a80b62c006b33fa5d9bbed71844b4809d7e5109d7dff26442e30963fb9d4b,347,255,JPEG,NONE_DEFINED_BY_ARCHIVE,Kaggle ai4a-lab/comprehensive-soil-classification-datasets v1
756,Laterite_Soil,Laterite_Soil:82,results/confirmatory/recovery/soil/staging/original/Laterite_Soil/82.jpg,72cb57f95da6529246b61bd5f74eae59c760ecbe394253d188b4ccfc7421e5b3,29a88b54beb2afd47e6c56629caabc70c58e29eaf5fcedda834a15479bc0427f,626,298,JPEG,NONE_DEFINED_BY_ARCHIVE,Kaggle ai4a-lab/comprehensive-soil-classification-datasets v1
757,Laterite_Soil,Laterite_Soil:83,results/confirmatory/recovery/soil/staging/original/Laterite_Soil/83.jpg,022b332f76bbdd2478a29484fa110da26b94f4106f9776cb95ff0715a226aa05,4bf65999cf381fd46925301ca966a93fa0128531fca12582726ae28e45a11215,957,867,JPEG,NONE_DEFINED_BY_ARCHIVE,Kaggle ai4a-lab/comprehensive-soil-classification-datasets v1
758,Laterite_Soil,Laterite_Soil:84,results/confirmatory/recovery/soil/staging/original/Laterite_Soil/84.jpg,182d59ee8a11a266ad8508493c28afb787bb7776bde92f8de40ac77627442565,3d6c31b036bbbca5b4e01b92b58b3606e30fffcb49b8e4f1aa47e039cd22f94c,1300,857,JPEG,NONE_DEFINED_BY_ARCHIVE,Kaggle ai4a-lab/comprehensive-soil-classification-datasets v1
759,Laterite_Soil,Laterite_Soil:85,results/confirmatory/recovery/soil/staging/original/Laterite_Soil/85.jpg,990a1629a2b81c38afc743af30389a9f5ed883b9272158e312cbc659b62eaaf5,8c3403b49e10d89d038151c20d5be6739dc6fb0be5c4519dd99bc61b97449fc4,347,255,JPEG,NONE_DEFINED_BY_ARCHIVE,Kaggle ai4a-lab/comprehensive-soil-classification-datasets v1
760,Laterite_Soil,Laterite_Soil:86,results/confirmatory/recovery/soil/staging/original/Laterite_Soil/86.jpg,75b7ee4dd203a89526dc328634a509bc9e8403dd1783bc2f52eb1495bbe271e3,93b28e6a466c7f8720e8a25a8d8fcd56d6feb0003e947d41d2a9f26a3d6d9950,604,649,JPEG,NONE_DEFINED_BY_ARCHIVE,Kaggle ai4a-lab/comprehensive-soil-classification-datasets v1
761,Laterite_Soil,Laterite_Soil:87,results/confirmatory/recovery/soil/staging/original/Laterite_Soil/87.jpg,41d66006edda299ae46d1c8ffbe3a82485553a901c119110c7f3e46a9a902e4a,f67bfa353ac10466a6b107e8d5f4255370eeec8f1a57be148eec311f64e6b1cd,389,256,JPEG,NONE_DEFINED_BY_ARCHIVE,Kaggle ai4a-lab/comprehensive-soil-classification-datasets v1
762,Laterite_Soil,Laterite_Soil:88,results/confirmatory/recovery/soil/staging/original/Laterite_Soil/88.jpg,75bede89ac27afc2ba237f9f11c46d6ae19758f9cefbcf2631ad3155fe8dcc2b,193fb0d53a921a8d11b514b905927575185f0ce14b85a91caa2b9dd7cd4e6b4c,963,666,JPEG,NONE_DEFINED_BY_ARCHIVE,Kaggle ai4a-lab/comprehensive-soil-classification-datasets v1
763,Laterite_Soil,Laterite_Soil:89,results/confirmatory/recovery/soil/staging/original/Laterite_Soil/89.jpg,d6a1dba4026ac5135d3882b4ffc179a4db7e3d4e6bd7e552a6d08282b18bc633,70203683ed8ac067c9bac2242b4f2522943b48d8e38d4dd144a2a64549afc14e,1600,1058,JPEG,NONE_DEFINED_BY_ARCHIVE,Kaggle ai4a-lab/comprehensive-soil-classification-datasets v1
764,Laterite_Soil,Laterite_Soil:9,results/confirmatory/recovery/soil/staging/original/Laterite_Soil/9.jpg,6f0b9c7107f1737bc3dc2d66665482a1c23f64379bb57c3b332084402ece06ae,e8cf160ec0edeef5309d71924c520239c71f26f310dcc70f066d6afe3487ccc5,244,176,JPEG,NONE_DEFINED_BY_ARCHIVE,Kaggle ai4a-lab/comprehensive-soil-classification-datasets v1
765,Laterite_Soil,Laterite_Soil:90,results/confirmatory/recovery/soil/staging/original/Laterite_Soil/90.jpg,a553a093854925e7ea20b427889c2365ef9093590cecd26d24ba099d6ae07e7c,794ff1d323184c42e4ab805f9aabc122d451baac7bad2481ae12cf3b6f1da45a,600,399,JPEG,NONE_DEFINED_BY_ARCHIVE,Kaggle ai4a-lab/comprehensive-soil-classification-datasets v1
766,Laterite_Soil,Laterite_Soil:91,results/confirmatory/recovery/soil/staging/original/Laterite_Soil/91.jpg,ed3b30c31ae1985d7398b18e3a1196874e2a013fd5f2edc58fefa6f3abc8cb4d,564d6fde304eff6682c5e6acfea5f1b4983359cd71d63baa1867e16f9437f0f1,390,254,JPEG,NONE_DEFINED_BY_ARCHIVE,Kaggle ai4a-lab/comprehensive-soil-classification-datasets v1
767,Laterite_Soil,Laterite_Soil:92,results/confirmatory/recovery/soil/staging/original/Laterite_Soil/92.jpg,84f2692203267a2990811ac18d3c83c712191c4efe43ebe505678b8a46668bae,4386eb60cfee9af6cbba6e58fe6723043ffa7236fc3e96290e675af72c0a0196,606,650,JPEG,NONE_DEFINED_BY_ARCHIVE,Kaggle ai4a-lab/comprehensive-soil-classification-datasets v1
768,Laterite_Soil,Laterite_Soil:92,results/confirmatory/recovery/soil/staging/original/Laterite_Soil/92a.jpg,b8eec5d0eac0ee971221c4fcc675883589e4ef5101424023d6048f410ee05b6e,28da14a9e73fa96e617256c2ad52c47368a69b528a91de55f5dc630af8aac981,1024,407,JPEG,NONE_DEFINED_BY_ARCHIVE,Kaggle ai4a-lab/comprehensive-soil-classification-datasets v1
769,Laterite_Soil,Laterite_Soil:93,results/confirmatory/recovery/soil/staging/original/Laterite_Soil/93.jpg,3c7fdf2dc5b633eb78c4259fcb7c617e5d5af6aed35694af55caa51fbb5a1fd8,5da6ba7f892cd269447d1cd2d32ad162648ccb5291a57edf62bd91ee02a491a1,961,667,JPEG,NONE_DEFINED_BY_ARCHIVE,Kaggle ai4a-lab/comprehensive-soil-classification-datasets v1
770,Laterite_Soil,Laterite_Soil:94,results/confirmatory/recovery/soil/staging/original/Laterite_Soil/94.jpg,49f7c336d8c8b405fcef8f353e842aed0bc5db7572cf32621c975e719d958a0e,e9a5c7ba0653e2310659462aa17ae4cd794ff18f2e730c05b0ba307104a4810e,915,1585,JPEG,NONE_DEFINED_BY_ARCHIVE,Kaggle ai4a-lab/comprehensive-soil-classification-datasets v1
771,Laterite_Soil,Laterite_Soil:95,results/confirmatory/recovery/soil/staging/original/Laterite_Soil/95.jpg,959077c5e3713b00ab938004c478c642d9fd447291b7e239920571c35fbf9f4c,702ec9b95a26923c4797b3bae50ac7d3adbe4a585e2608bcb9d6d40fd57c2cc9,1300,867,JPEG,NONE_DEFINED_BY_ARCHIVE,Kaggle ai4a-lab/comprehensive-soil-classification-datasets v1
772,Laterite_Soil,Laterite_Soil:96,results/confirmatory/recovery/soil/staging/original/Laterite_Soil/96.jpg,bdbd64f502030303c95d050384cccd2ab293308be1d77739226e75826d08b39b,952239d2538b4b076c30feced0b7b9e3b43db612896cd69abd04c3efd2466bf5,609,645,JPEG,NONE_DEFINED_BY_ARCHIVE,Kaggle ai4a-lab/comprehensive-soil-classification-datasets v1
773,Laterite_Soil,Laterite_Soil:96,results/confirmatory/recovery/soil/staging/original/Laterite_Soil/96a.jpg,e876188e13db5995bd61c6167d2b4eb9dfc3ad6073b50204e5b6c5a3a2db96fd,66fcade782cc0596ebb69a26d10ea4714d06f0a3876b7052dc94ecde172a74c5,1024,412,JPEG,NONE_DEFINED_BY_ARCHIVE,Kaggle ai4a-lab/comprehensive-soil-classification-datasets v1
774,Laterite_Soil,Laterite_Soil:97,results/confirmatory/recovery/soil/staging/original/Laterite_Soil/97.jpg,45abd5dfaa9e427f5a987eb8d81e5866798aabe376c35503f649df3b4c648f82,c51662eb4d40f5bdff8117f3ac1602a56e1d0a88054d33b74e5125d25834100d,1600,864,JPEG,NONE_DEFINED_BY_ARCHIVE,Kaggle ai4a-lab/comprehensive-soil-classification-datasets v1
775,Laterite_Soil,Laterite_Soil:98,results/confirmatory/recovery/soil/staging/original/Laterite_Soil/98.jpg,515550384533ec779b2305b6773405bb865a2a440e5ab48d8d25594deea777eb,94d23bad65a776fbcd3e4d29bdc3eaab48680c03a0294f955a35e37a98f9a84f,626,417,JPEG,NONE_DEFINED_BY_ARCHIVE,Kaggle ai4a-lab/comprehensive-soil-classification-datasets v1
776,Laterite_Soil,Laterite_Soil:99,results/confirmatory/recovery/soil/staging/original/Laterite_Soil/99.jpg,041a2cc9578125d4188ffd8fe563f5ae80040df50b7dfe337e43a45090c5ee1e,8c769a8566c658b27b471287f91d077c2d775932bb184c63676da396b76aa166,949,572,JPEG,NONE_DEFINED_BY_ARCHIVE,Kaggle ai4a-lab/comprehensive-soil-classification-datasets v1
777,Mountain_Soil,Mountain_Soil:1,results/confirmatory/recovery/soil/staging/original/Mountain_Soil/1.jpg,abaf200174ae228a6c4fc6937d874f2e30be0aa3551d626a9ab1c008e4f3c118,72a2d34fe498540e8a88b6b825a163ceb9e5f7871fb1b9c6e447297baedd0384,355,258,JPEG,NONE_DEFINED_BY_ARCHIVE,Kaggle ai4a-lab/comprehensive-soil-classification-datasets v1
778,Mountain_Soil,Mountain_Soil:10,results/confirmatory/recovery/soil/staging/original/Mountain_Soil/10.jpg,e84bffd3dba0881a92a0de7b825b7e77c955f92a4826e8d40c2c0e86cb55fcb1,9b7ba7d3db29b7537b38e64e3f22231604a85e437b378da4863aab6264a488a3,220,165,JPEG,NONE_DEFINED_BY_ARCHIVE,Kaggle ai4a-lab/comprehensive-soil-classification-datasets v1
779,Mountain_Soil,Mountain_Soil:100,results/confirmatory/recovery/soil/staging/original/Mountain_Soil/100.jpg,3c4ab9c87a85842c4887135361bf09185ff9f977fe0a2ed95aea82791911a40e,efa771b50b39b828b9e07a7e1fedd8f0a37e59a66612181a6ba124b9c0f27da8,760,1079,JPEG,NONE_DEFINED_BY_ARCHIVE,Kaggle ai4a-lab/comprehensive-soil-classification-datasets v1
780,Mountain_Soil,Mountain_Soil:102,results/confirmatory/recovery/soil/staging/original/Mountain_Soil/102.jpg,ca8f60f56d337afb5fa8b912928211e82e9bc9ed8c75b4dd5aa67ece976a8d6d,f69b24169ca2d6bc03f1ed271d1a16e598d4fb953f0c7f421f0c9d2946b1731f,1200,542,JPEG,NONE_DEFINED_BY_ARCHIVE,Kaggle ai4a-lab/comprehensive-soil-classification-datasets v1
781,Mountain_Soil,Mountain_Soil:103,results/confirmatory/recovery/soil/staging/original/Mountain_Soil/103.jpg,0735703dffa272a08883941f0197eb501ffb2ab8215bf3fb9854e5c94383efb1,f976b5af65fa3f1ca73236d9ec4f23d012249bdf088af645d1835c841f69f972,900,500,JPEG,NONE_DEFINED_BY_ARCHIVE,Kaggle ai4a-lab/comprehensive-soil-classification-datasets v1
782,Mountain_Soil,Mountain_Soil:104,results/confirmatory/recovery/soil/staging/original/Mountain_Soil/104.jpg,477af468d88d0bef3204fd6c0865a6e4352ca161de30ef52f47f5702e39e510f,be3e78c6c648c2e9aa09f794231267049f301ddddacb4e5300a1ea051cc453c1,294,352,JPEG,NONE_DEFINED_BY_ARCHIVE,Kaggle ai4a-lab/comprehensive-soil-classification-datasets v1
783,Mountain_Soil,Mountain_Soil:104,results/confirmatory/recovery/soil/staging/original/Mountain_Soil/104a.jpg,c72d151bff092422747dc8c6fc0167cbe929718cc4a7e3b22fce4ef25f4f773c,1a35f48dad59235095bd2e1f85bae7b5bc7e1dc4833ffa336df4959b3fc68b10,396,352,JPEG,NONE_DEFINED_BY_ARCHIVE,Kaggle ai4a-lab/comprehensive-soil-classification-datasets v1
784,Mountain_Soil,Mountain_Soil:105,results/confirmatory/recovery/soil/staging/original/Mountain_Soil/105.jpg,5aac34ca444ac487c4d3a4d4e1b884917e02779621e2f0bd7ebf72e7fd88ce3c,92d94662c55d436f7bc123ac0bc4cf10211df6334ed657dd4a9234995197aacf,244,414,JPEG,NONE_DEFINED_BY_ARCHIVE,Kaggle ai4a-lab/comprehensive-soil-classification-datasets v1
785,Mountain_Soil,Mountain_Soil:106,results/confirmatory/recovery/soil/staging/original/Mountain_Soil/106.jpg,e3b690022eac5b8b86811de89de97b94ad3c892857827d51375b8af639c78d1e,3e6d5764b5865d7a9411c92330a8157fb8a789e6999348739db9fce467c761f4,375,151,JPEG,NONE_DEFINED_BY_ARCHIVE,Kaggle ai4a-lab/comprehensive-soil-classification-datasets v1
786,Mountain_Soil,Mountain_Soil:107,results/confirmatory/recovery/soil/staging/original/Mountain_Soil/107.jpg,6726d912c9645d157cc006470047500449c788b90bd5f192861895392e7d39b1,f9667355e6ef95cefb98aa28cf49079fd0104616a319ab8254f6243758fe65d0,443,491,JPEG,NONE_DEFINED_BY_ARCHIVE,Kaggle ai4a-lab/comprehensive-soil-classification-datasets v1
787,Mountain_Soil,Mountain_Soil:107,results/confirmatory/recovery/soil/staging/original/Mountain_Soil/107a.jpg,7b682e55a6f83d4d496648ca72315dfeef473edbddccf29cfa1d41348dfb404e,8865b16fc5c26c9d1b006c798d7bb89993a52fb7ea3836387abe518c855e9e48,564,900,JPEG,NONE_DEFINED_BY_ARCHIVE,Kaggle ai4a-lab/comprehensive-soil-classification-datasets v1
788,Mountain_Soil,Mountain_Soil:107,results/confirmatory/recovery/soil/staging/original/Mountain_Soil/107b.jpg,a365027ac35268cdb639baa2a4fd0600bf187752d935b41358923567698a515c,fceaaecd7c7f4f98a61ee465c6d969060d333ad06239d38bc2dd91e59545d097,377,900,JPEG,NONE_DEFINED_BY_ARCHIVE,Kaggle ai4a-lab/comprehensive-soil-classification-datasets v1
789,Mountain_Soil,Mountain_Soil:109,results/confirmatory/recovery/soil/staging/original/Mountain_Soil/109.jpg,98dfb3281ea3df85b7f69177334a1868185f3958b68db1c0bdbc285c26c6953f,bba439f1c6b7aa8dcdc52b029c6ca21914a148003bd021deeebd5caf57da2709,200,200,JPEG,NONE_DEFINED_BY_ARCHIVE,Kaggle ai4a-lab/comprehensive-soil-classification-datasets v1
790,Mountain_Soil,Mountain_Soil:11,results/confirmatory/recovery/soil/staging/original/Mountain_Soil/11.jpg,b05c46e849d5e8f49e1fafbf44e6b9770f55e50f4c9ba8a7f033399edfdf3476,36c1f7644bceb2c2977a832b1dbe70951569612e5b9b2e85a8346bfcb54b64ca,330,220,JPEG,NONE_DEFINED_BY_ARCHIVE,Kaggle ai4a-lab/comprehensive-soil-classification-datasets v1
791,Mountain_Soil,Mountain_Soil:110,results/confirmatory/recovery/soil/staging/original/Mountain_Soil/110.jpg,3e992ced0a6ffb86494cca4c9d6bcbf5ba524b9cb8cee19f57cc808478b6df26,c374231d4005097df141ae07b6cea89e606edcb51cb9d491a892a773817bb555,686,245,JPEG,NONE_DEFINED_BY_ARCHIVE,Kaggle ai4a-lab/comprehensive-soil-classification-datasets v1
792,Mountain_Soil,Mountain_Soil:111,results/confirmatory/recovery/soil/staging/original/Mountain_Soil/111.jpg,fadc00d077a5cf48c578b1013814dabb9acd80daefbd018d2447942362fbf857,bec3966bdb26c69ac2af984e1703d314fc5548e81eea2eaae7487f528a88a3b7,1280,720,JPEG,NONE_DEFINED_BY_ARCHIVE,Kaggle ai4a-lab/comprehensive-soil-classification-datasets v1
793,Mountain_Soil,Mountain_Soil:112,results/confirmatory/recovery/soil/staging/original/Mountain_Soil/112.jpg,5a530996e0bda33e0b8cab23518455ba1cdc1f124e32ed022450ec10d3bea5ee,38b5754c1bcc17c5cde80568b631d03cafb7d2dec10fc1eb6490fe961adcc3d9,720,950,JPEG,NONE_DEFINED_BY_ARCHIVE,Kaggle ai4a-lab/comprehensive-soil-classification-datasets v1
794,Mountain_Soil,Mountain_Soil:113,results/confirmatory/recovery/soil/staging/original/Mountain_Soil/113.jpg,4b416ff15b332444821176449b2cf5f9bf09501918999269745abfeb76fb3fd8,4a1af7f05d6d398281bd7c7dde46320f9b622b074589ce080074dcb4a5032614,422,248,JPEG,NONE_DEFINED_BY_ARCHIVE,Kaggle ai4a-lab/comprehensive-soil-classification-datasets v1
795,Mountain_Soil,Mountain_Soil:113,results/confirmatory/recovery/soil/staging/original/Mountain_Soil/113a.jpg,0b55b1862a82ea2f791ef26a7b62148a2d1466db27635f77c9bedbdb0f916776,1db7e63226f103cb3730ee6fb6d92aeaf79447be7ac52ac99569242f12e4845f,438,284,JPEG,NONE_DEFINED_BY_ARCHIVE,Kaggle ai4a-lab/comprehensive-soil-classification-datasets v1
796,Mountain_Soil,Mountain_Soil:114,results/confirmatory/recovery/soil/staging/original/Mountain_Soil/114.jpg,e0f419846e6035d5b6f8be677160c606ba15e3be78757076bfe7ea2cfc1a7605,56d977ae92644ddeab64c43389fca59dc09e9070fce4265ed8d2a715496c3695,1300,858,JPEG,NONE_DEFINED_BY_ARCHIVE,Kaggle ai4a-lab/comprehensive-soil-classification-datasets v1
797,Mountain_Soil,Mountain_Soil:116,results/confirmatory/recovery/soil/staging/original/Mountain_Soil/116.jpg,95d92fa3d027701e75fd0cb48a9a97cf4b8bf0f22c01d2108309d138dc9c24b5,36fe77ba6c62ec6aff8accd434e3e4432b157279d8da4086b423fef86710e169,353,374,JPEG,NONE_DEFINED_BY_ARCHIVE,Kaggle ai4a-lab/comprehensive-soil-classification-datasets v1
798,Mountain_Soil,Mountain_Soil:116,results/confirmatory/recovery/soil/staging/original/Mountain_Soil/116a.jpg,6f9423f85c19b464dec15fad53fe50453ce1e5b19b8143c210d5b9537efd3e39,15d7da1ca31444791b22dfdc9dd2ec4be5b440f20275e04e2e983af73235c745,602,243,JPEG,NONE_DEFINED_BY_ARCHIVE,Kaggle ai4a-lab/comprehensive-soil-classification-datasets v1
799,Mountain_Soil,Mountain_Soil:117,results/confirmatory/recovery/soil/staging/original/Mountain_Soil/117.jpg,83bf94d3088625d47174e4fa2ff665110301891c00631cca966d810eee0537d8,21991ce0dab2ec7e57c8fe60002477bd855dde348bddfa9ea59d521006f1668f,800,300,JPEG,NONE_DEFINED_BY_ARCHIVE,Kaggle ai4a-lab/comprehensive-soil-classification-datasets v1
800,Mountain_Soil,Mountain_Soil:118,results/confirmatory/recovery/soil/staging/original/Mountain_Soil/118.jpg,301dd5a14547a2ef04fd6a98ab6e62f7526b2ef85f4c3adce333512942950645,292724ffc3c2ac341090cac01aa818e41c4384c3a166f39a537ed4da974489bb,700,540,JPEG,NONE_DEFINED_BY_ARCHIVE,Kaggle ai4a-lab/comprehensive-soil-classification-datasets v1
801,Mountain_Soil,Mountain_Soil:12,results/confirmatory/recovery/soil/staging/original/Mountain_Soil/12.jpg,9d0c9c81d311d4cf5d77132f45d0c3d6b34aaac1cc400fc78cec345d4b28f14f,3832337c753ca8031d20699606daf02abd293716208fced9c039425194649f6e,1151,845,JPEG,NONE_DEFINED_BY_ARCHIVE,Kaggle ai4a-lab/comprehensive-soil-classification-datasets v1
802,Mountain_Soil,Mountain_Soil:122,results/confirmatory/recovery/soil/staging/original/Mountain_Soil/122.jpg,e1e0755c1f31b79c4f5805d974868f5eaa06574212ee617dfff51a44f9c8ad8e,b343841c1008153c5023714c40262fae031f2af20624f5cf0106ef4302f8ef14,541,298,JPEG,NONE_DEFINED_BY_ARCHIVE,Kaggle ai4a-lab/comprehensive-soil-classification-datasets v1
803,Mountain_Soil,Mountain_Soil:123,results/confirmatory/recovery/soil/staging/original/Mountain_Soil/123.jpg,d96d9a2608d67381344b8db2082351fe3b616c0aba55ae4779a9f7af4a3cddc1,f722b4e9d46c2d0be311701a334077c9346c8312a06609b89746d9c57ff5c80d,416,420,JPEG,NONE_DEFINED_BY_ARCHIVE,Kaggle ai4a-lab/comprehensive-soil-classification-datasets v1
804,Mountain_Soil,Mountain_Soil:125,results/confirmatory/recovery/soil/staging/original/Mountain_Soil/125.jpg,16a7dd34f7e6bd70b27f27677b8e67234ed4334bc41333b042804fc1f1da1241,731dbd340568b0abf40b04930528442ec8e4bc6667f142fecac383f84761b9c8,753,818,JPEG,NONE_DEFINED_BY_ARCHIVE,Kaggle ai4a-lab/comprehensive-soil-classification-datasets v1
805,Mountain_Soil,Mountain_Soil:126,results/confirmatory/recovery/soil/staging/original/Mountain_Soil/126.jpg,cc696250df66181ca8b18ca1da0d9a2a702f10619648c9e0506953be1ccfe92c,7e3da3ea3924d45f1ff91ac15fdb6dd83473999e7064d1b05ee5f92bc16777a1,587,345,JPEG,NONE_DEFINED_BY_ARCHIVE,Kaggle ai4a-lab/comprehensive-soil-classification-datasets v1
806,Mountain_Soil,Mountain_Soil:127,results/confirmatory/recovery/soil/staging/original/Mountain_Soil/127.jpg,2cd636329231a206b4effa55c67d27afd3bd4f549e4655800e80bfc4172925a6,043b6e5215a04df5bfb69d55a7a0d865adb3b798cf03d76e4432a8391ea1e3f3,564,752,JPEG,NONE_DEFINED_BY_ARCHIVE,Kaggle ai4a-lab/comprehensive-soil-classification-datasets v1
807,Mountain_Soil,Mountain_Soil:13,results/confirmatory/recovery/soil/staging/original/Mountain_Soil/13.jpg,232ba4f05a69f3db53e112d0588e3f4ce21c6adcbd0fa58d029b46c5dbf72028,1f5f6f33351269a208284b2b32f079c25d32e5c70da5080be269ef94f66917c8,1024,768,JPEG,NONE_DEFINED_BY_ARCHIVE,Kaggle ai4a-lab/comprehensive-soil-classification-datasets v1
808,Mountain_Soil,Mountain_Soil:130,results/confirmatory/recovery/soil/staging/original/Mountain_Soil/130.jpg,ead75ebaa840455adb227e3a1bf634a1a5054a460385082559d3007419c7bbe1,b3eb0e9e9fbf6caa7644b67040410d72a8ba7159e1b01262821434deb6283491,366,378,JPEG,NONE_DEFINED_BY_ARCHIVE,Kaggle ai4a-lab/comprehensive-soil-classification-datasets v1
809,Mountain_Soil,Mountain_Soil:131,results/confirmatory/recovery/soil/staging/original/Mountain_Soil/131.jpg,da7e1922c8cd8b7f4b8f17e22b40dcfb00063135d11464c4cbe5a2e16b91b056,fc023ea9c3e538c5f83162513d138f8c8be475354262f2e5186385fa0bf92409,370,278,JPEG,NONE_DEFINED_BY_ARCHIVE,Kaggle ai4a-lab/comprehensive-soil-classification-datasets v1
810,Mountain_Soil,Mountain_Soil:133,results/confirmatory/recovery/soil/staging/original/Mountain_Soil/133.jpg,539b5899fd612566c712219c8bd6c13a11f4b5669ecaac897067e2687ce52f05,dfef11368f4eea47b8d5eb24f9c53f860d34af149ea6aa1248d38121ea7b2e6a,536,231,JPEG,NONE_DEFINED_BY_ARCHIVE,Kaggle ai4a-lab/comprehensive-soil-classification-datasets v1
811,Mountain_Soil,Mountain_Soil:137,results/confirmatory/recovery/soil/staging/original/Mountain_Soil/137.jpg,d271ed136a122c7fdc78a468d204bbdaa6403932f650f3678a29ec31c4d6e504,ff48ca9eebbaf68008146d7129434651a471c1916387d96df4f97099f79cc6ca,1200,725,JPEG,NONE_DEFINED_BY_ARCHIVE,Kaggle ai4a-lab/comprehensive-soil-classification-datasets v1
812,Mountain_Soil,Mountain_Soil:14,results/confirmatory/recovery/soil/staging/original/Mountain_Soil/14.jpg,644b4c3ebed044cf9cf410e48659558709cab9b4f5fd7e2f0090932784c5636a,d06e8779ea71319df97b1be6e1373a9b238f61d31daac1f82bb306b24180f384,1300,866,JPEG,NONE_DEFINED_BY_ARCHIVE,Kaggle ai4a-lab/comprehensive-soil-classification-datasets v1
813,Mountain_Soil,Mountain_Soil:140,results/confirmatory/recovery/soil/staging/original/Mountain_Soil/140.jpg,40b75258b60bc88389fb2214c5854e6aada4c81f877460ac5ced2c666bfefb36,21c8cc7ebd6eb6b4dc7146831f6643831d04cc022c59f3d7bca21126d38b40e1,612,408,JPEG,NONE_DEFINED_BY_ARCHIVE,Kaggle ai4a-lab/comprehensive-soil-classification-datasets v1
814,Mountain_Soil,Mountain_Soil:143,results/confirmatory/recovery/soil/staging/original/Mountain_Soil/143.jpg,de71b47226a2feae16023c3e6eb565c384d75d801ca62e5acde423fd68ba518f,e20ee2bf2e19d1de2fb3025b56bfcb410b44e4f4db25cb896bb13d7b1c203dcc,456,304,JPEG,NONE_DEFINED_BY_ARCHIVE,Kaggle ai4a-lab/comprehensive-soil-classification-datasets v1
815,Mountain_Soil,Mountain_Soil:144,results/confirmatory/recovery/soil/staging/original/Mountain_Soil/144.jpg,afe51770d262258edcf850bc9625f6917f8aea5b61bf7b0a6190185592b026c8,24f84d7e2b9b7de98699463e2a7f3b430405f24121e99cfb90a12f6e62f864e6,800,534,JPEG,NONE_DEFINED_BY_ARCHIVE,Kaggle ai4a-lab/comprehensive-soil-classification-datasets v1
816,Mountain_Soil,Mountain_Soil:145,results/confirmatory/recovery/soil/staging/original/Mountain_Soil/145.jpg,1592ed90f39657a1a010826f4172f992d121fe82f3bd1da0af585e078dd70d23,2d339b6dbc51819b426d6b87ef652bd9f15ff6d4491ed8dd39714348dc88650c,1200,588,JPEG,NONE_DEFINED_BY_ARCHIVE,Kaggle ai4a-lab/comprehensive-soil-classification-datasets v1
817,Mountain_Soil,Mountain_Soil:147,results/confirmatory/recovery/soil/staging/original/Mountain_Soil/147.jpg,d34a2e8bf8dee12a709d673297175d3e966e30f3976d47206aa20182d6d52567,43604c7c154b979c17a687efb53adebcf2b268b2d58f64c0d064cdb1938fc1c7,754,566,JPEG,NONE_DEFINED_BY_ARCHIVE,Kaggle ai4a-lab/comprehensive-soil-classification-datasets v1
818,Mountain_Soil,Mountain_Soil:148,results/confirmatory/recovery/soil/staging/original/Mountain_Soil/148.jpg,5794ab26d9ae25f78caa037e2a7c23daf17561b1fc30019cc6979a2b2abb5d54,664bbd2a50344e9f1a185f110fd09bd9ba15e6f9d9bc3167e33231fbb87c5e24,1200,766,JPEG,NONE_DEFINED_BY_ARCHIVE,Kaggle ai4a-lab/comprehensive-soil-classification-datasets v1
819,Mountain_Soil,Mountain_Soil:149,results/confirmatory/recovery/soil/staging/original/Mountain_Soil/149.jpg,211d30a8f63c670c7a6a1c0b80d9f6dccf12e35bf5219cff17853ea893866fbe,1d3dada2c49d82dc988d0a7f2974bf6d1bdfe6a2b5f502e87e43d6af1c8ad97f,345,250,JPEG,NONE_DEFINED_BY_ARCHIVE,Kaggle ai4a-lab/comprehensive-soil-classification-datasets v1
820,Mountain_Soil,Mountain_Soil:15,results/confirmatory/recovery/soil/staging/original/Mountain_Soil/15.jpg,fe310d3321fe7126e4d6f5b97c2933c687b9472d80b8a3569820ba61f620efd6,1be3a63d427997776435578ec86c7422d004873a49ee0894655102850a0e7a30,445,297,JPEG,NONE_DEFINED_BY_ARCHIVE,Kaggle ai4a-lab/comprehensive-soil-classification-datasets v1
821,Mountain_Soil,Mountain_Soil:150,results/confirmatory/recovery/soil/staging/original/Mountain_Soil/150.jpg,19f48153a01c994781d5b5d5e436ed04bf4d8c1381d30ee217f75933b1e46ec8,d587b5caf1d384dd88dff329e0912011225bf3f1ea58db4e8a9c2866de26fbc2,2500,1667,JPEG,NONE_DEFINED_BY_ARCHIVE,Kaggle ai4a-lab/comprehensive-soil-classification-datasets v1
822,Mountain_Soil,Mountain_Soil:152,results/confirmatory/recovery/soil/staging/original/Mountain_Soil/152.jpg,5e1ab6497e84e9ccb73fe8b857065d1e351b8429769fdb3ea01710c53eeedf5b,3fff40dfd76c331065803a5c41d476a4718a75171005610647b8265e9eb252ca,276,245,JPEG,NONE_DEFINED_BY_ARCHIVE,Kaggle ai4a-lab/comprehensive-soil-classification-datasets v1
823,Mountain_Soil,Mountain_Soil:153,results/confirmatory/recovery/soil/staging/original/Mountain_Soil/153.jpg,860c00ea10b7a97b712d51849ff3e848fe9cfec5d5783ea4301ebd45c6c5a7b0,559e54a6b4563663ca87b94bec1ea9423e2c7ad1551a2368e3f4de77a77133fe,1200,800,JPEG,NONE_DEFINED_BY_ARCHIVE,Kaggle ai4a-lab/comprehensive-soil-classification-datasets v1
824,Mountain_Soil,Mountain_Soil:154,results/confirmatory/recovery/soil/staging/original/Mountain_Soil/154.jpg,0f6ed1f946b28f297b7821ede55cad83e3a73a80ceec5c403c8638ac4d773aeb,d060ca4a4fc59cf7f64403f0486c724518bc7492eed92bd464be096026167469,690,388,JPEG,NONE_DEFINED_BY_ARCHIVE,Kaggle ai4a-lab/comprehensive-soil-classification-datasets v1
825,Mountain_Soil,Mountain_Soil:155,results/confirmatory/recovery/soil/staging/original/Mountain_Soil/155.jpg,66a1e891e8379670fbfe9cbc49b2bd88006cf285769b047c6f85c75ed0b9da64,e72a575f34821191ddbf4648db2ad3419e804d2d1f0179c86eac198150657fd8,391,248,JPEG,NONE_DEFINED_BY_ARCHIVE,Kaggle ai4a-lab/comprehensive-soil-classification-datasets v1
826,Mountain_Soil,Mountain_Soil:156,results/confirmatory/recovery/soil/staging/original/Mountain_Soil/156.jpg,34cb2b1c4489dfdd69ba2973e430096c56c04d06ede058e556fe06dd4721a7f7,6a74f62b755a76559e677b981151d4f162de6e3df194569f091f56a4b8af86f0,350,215,JPEG,NONE_DEFINED_BY_ARCHIVE,Kaggle ai4a-lab/comprehensive-soil-classification-datasets v1
827,Mountain_Soil,Mountain_Soil:157,results/confirmatory/recovery/soil/staging/original/Mountain_Soil/157.jpg,175c35a05e5369472aa0b5e82681ce208f041c9797997bab8aa986d588e0ea1e,acd4e1cee8808420e3fce34523bdd3373df7ec07491a04d167cb2b666c1f9dd9,2592,1728,JPEG,NONE_DEFINED_BY_ARCHIVE,Kaggle ai4a-lab/comprehensive-soil-classification-datasets v1
828,Mountain_Soil,Mountain_Soil:158,results/confirmatory/recovery/soil/staging/original/Mountain_Soil/158.jpg,d2fbe03a01fb9acd5bd0793e56671e89e6a721e8be8b02887c32ce010cf8218d,5b0cd792c92a90abab769dff169dc8ac13d57b7cb4cc3c3efb9d44cb4bbb8594,800,534,JPEG,NONE_DEFINED_BY_ARCHIVE,Kaggle ai4a-lab/comprehensive-soil-classification-datasets v1
829,Mountain_Soil,Mountain_Soil:159,results/confirmatory/recovery/soil/staging/original/Mountain_Soil/159.jpg,2f4cdaf7207e9537e9783ea74fd495f52e331ebd393568a26c27285748f22a9a,bd38a988bf4a2a2212f58aa1b74aaf0b3907d20720236884003fa6a810142ea7,490,272,JPEG,NONE_DEFINED_BY_ARCHIVE,Kaggle ai4a-lab/comprehensive-soil-classification-datasets v1
830,Mountain_Soil,Mountain_Soil:16,results/confirmatory/recovery/soil/staging/original/Mountain_Soil/16.jpg,53ea8f1fbd61fdc7ba3d66bcf706dde0c0b589958c7fedba2497923951185352,41f315e92610b9a31ecf31a13ee6271576b7177c1d6e53541c85e2038aa9a30e,538,299,JPEG,NONE_DEFINED_BY_ARCHIVE,Kaggle ai4a-lab/comprehensive-soil-classification-datasets v1
831,Mountain_Soil,Mountain_Soil:161,results/confirmatory/recovery/soil/staging/original/Mountain_Soil/161.jpg,f45941d4031e50b9a19ffe93bf17fb7eb42645e86935269cf9d0f540808b2d4f,f533a5b5d4d3b23c4e5a75938463071d1665f0e0c7930a0dc08a2f67a114dcf0,1387,1496,JPEG,NONE_DEFINED_BY_ARCHIVE,Kaggle ai4a-lab/comprehensive-soil-classification-datasets v1
832,Mountain_Soil,Mountain_Soil:162,results/confirmatory/recovery/soil/staging/original/Mountain_Soil/162.jpg,ff329654d0493978935bc10ff53763e53a4b5424ac84771ac7e4c8fbf15fb00d,9a0d6d7583cb7fee7aac2541455b0395a56837f1b9186e1209528410c8dbf3db,2560,1662,JPEG,NONE_DEFINED_BY_ARCHIVE,Kaggle ai4a-lab/comprehensive-soil-classification-datasets v1
833,Mountain_Soil,Mountain_Soil:163,results/confirmatory/recovery/soil/staging/original/Mountain_Soil/163.jpg,6bf67de64f0319795ed8531c83a4cf5aa938a0145c7baf6f2c9492a19b73282c,c50309d6d2e2a80bf33294f5a1beffd540a6ded88ebd197b03543041d1223bd7,960,720,JPEG,NONE_DEFINED_BY_ARCHIVE,Kaggle ai4a-lab/comprehensive-soil-classification-datasets v1
834,Mountain_Soil,Mountain_Soil:165,results/confirmatory/recovery/soil/staging/original/Mountain_Soil/165.jpg,b346fefc4b1ebe3090538e9337f5d07c2fdc9ce4130a430c493ddeb5c711e487,8fc79ab1c589e12166b2e11a0a49a8c8ef36701aa757b12954964ed0747f417f,1900,1267,JPEG,NONE_DEFINED_BY_ARCHIVE,Kaggle ai4a-lab/comprehensive-soil-classification-datasets v1
835,Mountain_Soil,Mountain_Soil:166,results/confirmatory/recovery/soil/staging/original/Mountain_Soil/166.jpg,4d8624a12560567cd612c2d201adb87277dddabbb21deaa1d5af55b628d80d11,84d4160ecb81549ca37d992c199b176e3b11362c63c3b9849784c5ed0df16cfc,700,540,JPEG,NONE_DEFINED_BY_ARCHIVE,Kaggle ai4a-lab/comprehensive-soil-classification-datasets v1
836,Mountain_Soil,Mountain_Soil:167,results/confirmatory/recovery/soil/staging/original/Mountain_Soil/167.jpg,1122710d2974c3ab215e33d193ed1ef4375054a96f29ce5f94a2b6c61e6c5c92,25dd015c806bf2e24606fd6f969aff3713ce16620cf30fd5cdf4c30ca41c56f5,620,412,JPEG,NONE_DEFINED_BY_ARCHIVE,Kaggle ai4a-lab/comprehensive-soil-classification-datasets v1
837,Mountain_Soil,Mountain_Soil:168,results/confirmatory/recovery/soil/staging/original/Mountain_Soil/168.jpg,a119cfa309903d9ec184d72af8c28c15d8f11a45c1b7b90bf5a7097f05e0cece,e93ccf5c8cf4a821a99efe60c57f53b821e6b32f9918d4091bbcaef71f209b15,390,253,JPEG,NONE_DEFINED_BY_ARCHIVE,Kaggle ai4a-lab/comprehensive-soil-classification-datasets v1
838,Mountain_Soil,Mountain_Soil:17,results/confirmatory/recovery/soil/staging/original/Mountain_Soil/17.jpg,e751e62820c1f98f158be741b213b898cf266054773f388b002c3e863b6d74ff,1c94137d9661ea382aee4c93d7596c0e43eedfed42a44403332b153fa90d0866,1024,458,JPEG,NONE_DEFINED_BY_ARCHIVE,Kaggle ai4a-lab/comprehensive-soil-classification-datasets v1
839,Mountain_Soil,Mountain_Soil:170,results/confirmatory/recovery/soil/staging/original/Mountain_Soil/170.jpg,ac545a8961d97e0fa5704a6d7d333cbd8e6422d55e615c9bcc8d33a290419c17,68a3e9916fa4234f368386d76b1fef9b9d4190b6a46b8011ee0506ff6cd4dcf7,400,227,JPEG,NONE_DEFINED_BY_ARCHIVE,Kaggle ai4a-lab/comprehensive-soil-classification-datasets v1
840,Mountain_Soil,Mountain_Soil:171,results/confirmatory/recovery/soil/staging/original/Mountain_Soil/171.jpg,5f04eb41cd61f2055172cd23bbd749335a7928ca629eb478741b339406d5157f,6f00a12cb1353171da15dd40a0437341bcf39aab0f9c26184a2d74138f6f876c,2500,1875,JPEG,NONE_DEFINED_BY_ARCHIVE,Kaggle ai4a-lab/comprehensive-soil-classification-datasets v1
841,Mountain_Soil,Mountain_Soil:172,results/confirmatory/recovery/soil/staging/original/Mountain_Soil/172.jpg,69f409c0c3f53cbac4a8814cc44cf28c954c5a4fa4efd49c9014f2076bc790b8,9980e5eee1285409934416b61760c68c6a5689b3a990b7953671cfcd712ce316,634,327,JPEG,NONE_DEFINED_BY_ARCHIVE,Kaggle ai4a-lab/comprehensive-soil-classification-datasets v1
842,Mountain_Soil,Mountain_Soil:173,results/confirmatory/recovery/soil/staging/original/Mountain_Soil/173.jpg,d242e10e913671ab59eed750462592e08e4a5fd99568de77fae53903123b6235,dbda01f8e31196d0f0a6f869172dec8096d4f18be854646a778159b9b786b2cd,489,408,JPEG,NONE_DEFINED_BY_ARCHIVE,Kaggle ai4a-lab/comprehensive-soil-classification-datasets v1
843,Mountain_Soil,Mountain_Soil:174,results/confirmatory/recovery/soil/staging/original/Mountain_Soil/174.jpg,b8a5b22d1fb0e6176226230e16df1488b06136544e58653c8f8ddbbe59b3e501,a0d3d6a98d51cde178b55e71937ec14629b4e9534ceecdf43c07e13545b143bb,435,340,JPEG,NONE_DEFINED_BY_ARCHIVE,Kaggle ai4a-lab/comprehensive-soil-classification-datasets v1
844,Mountain_Soil,Mountain_Soil:175,results/confirmatory/recovery/soil/staging/original/Mountain_Soil/175.jpg,dc23effea1860c628463bef813e5a33d6b74ee9fd0f3c25bf9b77989cebb4512,22be76e716a61bd7fe987804c3a218a115bed7798093ee53a1f124f3d65cd846,202,450,JPEG,NONE_DEFINED_BY_ARCHIVE,Kaggle ai4a-lab/comprehensive-soil-classification-datasets v1
845,Mountain_Soil,Mountain_Soil:175,results/confirmatory/recovery/soil/staging/original/Mountain_Soil/175a.jpg,253ee94a5457993d7f58451bca245ed25ef32a829a9d03d5a806ff1f3108181a,20a833175028f47c2610a8d978995557d1e9a3b6ec6512f1e14db9f617dd65d2,445,450,JPEG,NONE_DEFINED_BY_ARCHIVE,Kaggle ai4a-lab/comprehensive-soil-classification-datasets v1
846,Mountain_Soil,Mountain_Soil:176,results/confirmatory/recovery/soil/staging/original/Mountain_Soil/176.jpg,fda993cbac840d659e1f5b18c2b70d0db6e38b46444fb04410c9617407ee7179,c3e1c9860d103c6cdde2d7a5a47f11bcb17e705c374fb1a461c5ccaa98964978,1017,797,JPEG,NONE_DEFINED_BY_ARCHIVE,Kaggle ai4a-lab/comprehensive-soil-classification-datasets v1
847,Mountain_Soil,Mountain_Soil:177,results/confirmatory/recovery/soil/staging/original/Mountain_Soil/177.jpg,7fd68496584b363602d94a672cb1f9c788211d7334dce2c90d52a364498ee001,e402bb805ce36e727e24314dc30d46b371b9e791b4be6bb318aaac7c5c769514,267,292,JPEG,NONE_DEFINED_BY_ARCHIVE,Kaggle ai4a-lab/comprehensive-soil-classification-datasets v1
848,Mountain_Soil,Mountain_Soil:177,results/confirmatory/recovery/soil/staging/original/Mountain_Soil/177a.jpg,d1ca74107932b34e55765fa5b2985cdbe5510694aaa457e24759ce002fce9c79,c40665d9aaf734daabf228797eba109d35ae049a5e7685e72b010ebe336b1046,533,630,JPEG,NONE_DEFINED_BY_ARCHIVE,Kaggle ai4a-lab/comprehensive-soil-classification-datasets v1
849,Mountain_Soil,Mountain_Soil:177,results/confirmatory/recovery/soil/staging/original/Mountain_Soil/177b.jpg,27b51012e416477c475a0c35c0c090fac7df5e9e053f2b5051bb12e4eb8460f9,503a70f3ef9b0a7d18e76a1ef9da633354999688a33c731c04cfdaad8fb04a0e,352,207,JPEG,NONE_DEFINED_BY_ARCHIVE,Kaggle ai4a-lab/comprehensive-soil-classification-datasets v1
850,Mountain_Soil,Mountain_Soil:178,results/confirmatory/recovery/soil/staging/original/Mountain_Soil/178.jpg,fd79170f8d85e38e45de8f91c723de1c5ccf1375365070989380dcdad5765c28,c84f6b69838db3b079cb59d64931d2e4d9441b8c0c0beffe70ecadf8f153a438,640,360,JPEG,NONE_DEFINED_BY_ARCHIVE,Kaggle ai4a-lab/comprehensive-soil-classification-datasets v1
851,Mountain_Soil,Mountain_Soil:179,results/confirmatory/recovery/soil/staging/original/Mountain_Soil/179.jpg,5599554716439ba4e209c6bed9f47340f5b5753e937bc2c601ccb890488a937b,633c33da7e63033a54b146d4a207696401ef9b466873d8e84c1e638edc18aeb0,287,322,JPEG,NONE_DEFINED_BY_ARCHIVE,Kaggle ai4a-lab/comprehensive-soil-classification-datasets v1
852,Mountain_Soil,Mountain_Soil:179,results/confirmatory/recovery/soil/staging/original/Mountain_Soil/179a.jpg,55eb4e136668ea7e7c5ec2f1bbec01692b6ebde03bfbbb7880cf70caf3d1a4b1,57f6257fde63ee534463c0e37257bcc3f75b2edcc32b82edad1924e6c61ab1d9,335,536,JPEG,NONE_DEFINED_BY_ARCHIVE,Kaggle ai4a-lab/comprehensive-soil-classification-datasets v1
853,Mountain_Soil,Mountain_Soil:18,results/confirmatory/recovery/soil/staging/original/Mountain_Soil/18.jpg,9b9297c4109ed4f5860b9875417885095f2bf12ec7dfc8e8e370364adaa8acc7,60835e22b72a54921a2a42d433df62fe754f57747c7c095436c6a23ddcba92bf,606,253,JPEG,NONE_DEFINED_BY_ARCHIVE,Kaggle ai4a-lab/comprehensive-soil-classification-datasets v1
854,Mountain_Soil,Mountain_Soil:180,results/confirmatory/recovery/soil/staging/original/Mountain_Soil/180.jpg,8759e2400b89238a2531a0fb65fb11353312b2b49269683fbe5759bd0f241865,a846b99a0294a0479876d382fc3f475d18b277e4f4f6a4c0bdd4aeb7d2ece4ba,1000,666,JPEG,NONE_DEFINED_BY_ARCHIVE,Kaggle ai4a-lab/comprehensive-soil-classification-datasets v1
855,Mountain_Soil,Mountain_Soil:181,results/confirmatory/recovery/soil/staging/original/Mountain_Soil/181.jpg,becdd5b42745e46973c9bc8b4356f211bb5f87c9fd5503415e0a54b311704d3b,d77a12418f2a1b380c21c21d5cb44268606e85502a30c46a6c79df7c8e87f7e7,434,384,JPEG,NONE_DEFINED_BY_ARCHIVE,Kaggle ai4a-lab/comprehensive-soil-classification-datasets v1
856,Mountain_Soil,Mountain_Soil:182,results/confirmatory/recovery/soil/staging/original/Mountain_Soil/182.jpg,7e246bdedb74c0772d645971340fe893d29955f28b61c1ebe25221410b21e7d9,4439f38a5695940fb40310393e3a9e7cd1259152ab92907f6e617463a119feaf,626,417,JPEG,NONE_DEFINED_BY_ARCHIVE,Kaggle ai4a-lab/comprehensive-soil-classification-datasets v1
857,Mountain_Soil,Mountain_Soil:183,results/confirmatory/recovery/soil/staging/original/Mountain_Soil/183.jpg,cecf7eb49d9961b398b7c5c4e1352a0baede39ab2e9127e902d057794c28353d,428c1a92dba2e5a53d18f57779c0b6ee67cf77a3b8d0e9bd3d59d762ea7224fe,360,267,JPEG,NONE_DEFINED_BY_ARCHIVE,Kaggle ai4a-lab/comprehensive-soil-classification-datasets v1
858,Mountain_Soil,Mountain_Soil:185,results/confirmatory/recovery/soil/staging/original/Mountain_Soil/185.jpg,dc1c3b4b1ff8a5a04233c71b84c6dd4266cc6f5f0cb88102bff3d1f0990847fa,e8ac59247002906a012e5c2d1b5015783b0e05a468a300f1b7ec6d1b10d2eee2,419,667,JPEG,NONE_DEFINED_BY_ARCHIVE,Kaggle ai4a-lab/comprehensive-soil-classification-datasets v1
859,Mountain_Soil,Mountain_Soil:185,results/confirmatory/recovery/soil/staging/original/Mountain_Soil/185a.jpg,14a86083c93af5522fdb8984ba0936904f5d502014795c1475a2ab6e8a464ae5,af3108d06008ccf73e972a62e3501bdc6a9f130b167b9fa5ffa9c6ff4ccd7ca5,438,529,JPEG,NONE_DEFINED_BY_ARCHIVE,Kaggle ai4a-lab/comprehensive-soil-classification-datasets v1
860,Mountain_Soil,Mountain_Soil:186,results/confirmatory/recovery/soil/staging/original/Mountain_Soil/186.jpg,8a79d3158c7ea195af2d4aa74fb83693ac3f490a3ced326bbce63ce3916c4b94,e4ea3269cebfea8a207be69f33a3efae4b373e4d3ef12512dd0787d5ca5e452d,572,378,JPEG,NONE_DEFINED_BY_ARCHIVE,Kaggle ai4a-lab/comprehensive-soil-classification-datasets v1
861,Mountain_Soil,Mountain_Soil:189,results/confirmatory/recovery/soil/staging/original/Mountain_Soil/189.jpg,76b78e76a4c22d878508cb4304f7389d7da1d6fec88ca067c2c0065c20aba76d,5729aa8d335eca08ad4a8ad1fa1c86e1131deaf378aaeec8289cff82cb82c63b,1500,1000,JPEG,NONE_DEFINED_BY_ARCHIVE,Kaggle ai4a-lab/comprehensive-soil-classification-datasets v1
862,Mountain_Soil,Mountain_Soil:19,results/confirmatory/recovery/soil/staging/original/Mountain_Soil/19.jpg,b6ed22e160ef121c7b463bcabd48f90e5d692df101cae376e7cbec2ea6ac0c9e,8165d2c8a2fcc7a29a29be946f3f92fa6a0d4ce07e2984e8cc95634c438a2f74,483,290,JPEG,NONE_DEFINED_BY_ARCHIVE,Kaggle ai4a-lab/comprehensive-soil-classification-datasets v1
863,Mountain_Soil,Mountain_Soil:190,results/confirmatory/recovery/soil/staging/original/Mountain_Soil/190.jpg,d82930142815dea39ba4151280db3e69243df1a100d0c655c57102b020a82b68,dd9681775c201292ce992a5015cfc4745f0cc7b2ccdcb811b8779cefa776bdb6,618,1107,JPEG,NONE_DEFINED_BY_ARCHIVE,Kaggle ai4a-lab/comprehensive-soil-classification-datasets v1
864,Mountain_Soil,Mountain_Soil:190,results/confirmatory/recovery/soil/staging/original/Mountain_Soil/190a.jpg,588ed461ee077f3a6d3149f11f11387113dc530e97659c149c60f5ba9ba11db7,c4774ba16c4cfa00e281e92dde2b4d309d09d1138bf0cbc8cdd59b5ef004388f,993,1333,JPEG,NONE_DEFINED_BY_ARCHIVE,Kaggle ai4a-lab/comprehensive-soil-classification-datasets v1
865,Mountain_Soil,Mountain_Soil:194,results/confirmatory/recovery/soil/staging/original/Mountain_Soil/194.jpg,45cbd68b8de2347afc1dff3367304c900fd47251d2a3a08c40c2b0e9c99fce18,cf6453f89978e32488815bb031922fb069f573f85103ab384dd0435c7a477568,1300,717,JPEG,NONE_DEFINED_BY_ARCHIVE,Kaggle ai4a-lab/comprehensive-soil-classification-datasets v1
866,Mountain_Soil,Mountain_Soil:195,results/confirmatory/recovery/soil/staging/original/Mountain_Soil/195.jpg,ecb0c107895d45765884b3735e9851ac8e402c27565f2b2ed1db49c202bcba3e,35fa12b80372ea27cc31d65f98d267bb8f779786a88bd27390e54912bd3f2aca,612,408,JPEG,NONE_DEFINED_BY_ARCHIVE,Kaggle ai4a-lab/comprehensive-soil-classification-datasets v1
867,Mountain_Soil,Mountain_Soil:196,results/confirmatory/recovery/soil/staging/original/Mountain_Soil/196.jpg,0f4657a0e7cbe82dc5aa8b2d5f97f9a40594a5c465d22514e3b3b4127be57b38,785aa6a2c1eec4fcb4c4d0ffaff9540e861aaabfc1dd35baa21acb48fad88596,700,540,JPEG,NONE_DEFINED_BY_ARCHIVE,Kaggle ai4a-lab/comprehensive-soil-classification-datasets v1
868,Mountain_Soil,Mountain_Soil:197,results/confirmatory/recovery/soil/staging/original/Mountain_Soil/197.jpg,bd3e70f3e6c77d28046436758fc242d50569f0c51d9d1623c19a34ef1cea8f77,1b4ada35794983dfc6643bb590527e58c0cb5826a16c04bbf4668df2c3b36dc2,480,270,JPEG,NONE_DEFINED_BY_ARCHIVE,Kaggle ai4a-lab/comprehensive-soil-classification-datasets v1
869,Mountain_Soil,Mountain_Soil:198,results/confirmatory/recovery/soil/staging/original/Mountain_Soil/198.jpg,f381d8c2e7fd8ab96b840c0fe2a0c40b8746409e140664121656b6c69b9db4ed,84c59301b1d2911b3a0641a17a1db8b77b087bbabe9631022b6a3c361b0270ab,757,729,JPEG,NONE_DEFINED_BY_ARCHIVE,Kaggle ai4a-lab/comprehensive-soil-classification-datasets v1
870,Mountain_Soil,Mountain_Soil:199,results/confirmatory/recovery/soil/staging/original/Mountain_Soil/199.jpg,3cc5c7263cf4c8013c7a8bc21d4882295e92b8a12f117f6c88f7d874c64bf5ce,182b56701147c2b1daa90fa4e95565dd9c86370d0608cf7317642e5ed2aa7d11,612,408,JPEG,NONE_DEFINED_BY_ARCHIVE,Kaggle ai4a-lab/comprehensive-soil-classification-datasets v1
871,Mountain_Soil,Mountain_Soil:2,results/confirmatory/recovery/soil/staging/original/Mountain_Soil/2.jpg,31064ac26733e0548aaf2cd1480ac7c372e788da347af957654b507e6b34a1b7,204fdf230a7c68ec56647499529aa20241b8035763936ae92d3f8886d372191b,1600,1200,JPEG,NONE_DEFINED_BY_ARCHIVE,Kaggle ai4a-lab/comprehensive-soil-classification-datasets v1
872,Mountain_Soil,Mountain_Soil:20,results/confirmatory/recovery/soil/staging/original/Mountain_Soil/20.jpg,496227c687054059d1c0e176c333dd831b168ab34d32499b28a90479775516e8,0518bbf4854864ae053ef3c19cbe9e0a6d95eb86f071ef9f93eae74fd8f728b4,930,479,JPEG,NONE_DEFINED_BY_ARCHIVE,Kaggle ai4a-lab/comprehensive-soil-classification-datasets v1
873,Mountain_Soil,Mountain_Soil:201,results/confirmatory/recovery/soil/staging/original/Mountain_Soil/201.jpg,0c0cafa0759986daeb7925b169ce48e88f20514bd68697a0b4f6fad49238277c,a479c4da831f95e73f08d1cfdaa463ab68370d823591bb1ed536ae11002b9233,1300,721,JPEG,NONE_DEFINED_BY_ARCHIVE,Kaggle ai4a-lab/comprehensive-soil-classification-datasets v1
874,Mountain_Soil,Mountain_Soil:202,results/confirmatory/recovery/soil/staging/original/Mountain_Soil/202.jpg,255cc58e19b74f1f5770c97eb48620895c88d10840d97a2f76e09f435b7b7e37,67f9eadbf9a1eead4bb3519bce90a88f58a9de7c2bcad483f56625685014f26d,612,459,JPEG,NONE_DEFINED_BY_ARCHIVE,Kaggle ai4a-lab/comprehensive-soil-classification-datasets v1
875,Mountain_Soil,Mountain_Soil:203,results/confirmatory/recovery/soil/staging/original/Mountain_Soil/203.jpg,d09216e0cfea19317d70d6e3260734acb7c8ec53f7f3c849c5679936e74f7e99,80a13dc5bd4a4c3d0494993e5d4c97bec304ff3ed46046b976c2b2ec8b96283e,1300,851,JPEG,NONE_DEFINED_BY_ARCHIVE,Kaggle ai4a-lab/comprehensive-soil-classification-datasets v1
876,Mountain_Soil,Mountain_Soil:204,results/confirmatory/recovery/soil/staging/original/Mountain_Soil/204.jpg,6937e498237ee720c18a4fd6a0f4c74b37af25ac00712ee4e47739f04402be2a,d9aa413f40eb686f9ea1d95006f18623ae37c4ac920c21c3012254e87e915aee,807,861,JPEG,NONE_DEFINED_BY_ARCHIVE,Kaggle ai4a-lab/comprehensive-soil-classification-datasets v1
877,Mountain_Soil,Mountain_Soil:207,results/confirmatory/recovery/soil/staging/original/Mountain_Soil/207.jpg,69f6a780e6ba8531b4c69ad019fc3f71157813b840de8fc713b30c504509f0e2,31d40e2f8f039a6dde9e0a52940defad04d339a4f24fe7c0683658b7dac03eaa,612,408,JPEG,NONE_DEFINED_BY_ARCHIVE,Kaggle ai4a-lab/comprehensive-soil-classification-datasets v1
878,Mountain_Soil,Mountain_Soil:208,results/confirmatory/recovery/soil/staging/original/Mountain_Soil/208.jpg,a0985b4586bcbc2e35712ff6992e007e567f8f5f0bf1f57f4b4669dbda14e791,2ad8b43904cad735603d54b1f158a3dbe9eba00e24fbc22ab7ac1364ee010fb3,612,408,JPEG,NONE_DEFINED_BY_ARCHIVE,Kaggle ai4a-lab/comprehensive-soil-classification-datasets v1
879,Mountain_Soil,Mountain_Soil:209,results/confirmatory/recovery/soil/staging/original/Mountain_Soil/209.jpg,14dd4e267aadf2fa9a9907a2f92693b79101a0c1e463efdf617541fc60f38806,ad095a877e2186bcc1344ef8f4029445ebba11f810f83bd02ca6dc47c3383941,612,408,JPEG,NONE_DEFINED_BY_ARCHIVE,Kaggle ai4a-lab/comprehensive-soil-classification-datasets v1
880,Mountain_Soil,Mountain_Soil:21,results/confirmatory/recovery/soil/staging/original/Mountain_Soil/21.jpg,83918c641be0ee1b91af049091482c85b59a1db7f8e5832c753af2767aed5bb8,da272ef9c12876e7288a37bce11a30d49d922ef4b029247094ac19f9af5b9449,740,228,JPEG,NONE_DEFINED_BY_ARCHIVE,Kaggle ai4a-lab/comprehensive-soil-classification-datasets v1
881,Mountain_Soil,Mountain_Soil:210,results/confirmatory/recovery/soil/staging/original/Mountain_Soil/210.jpg,1066ed3a118d7c49d6b0c29e82719ec3588c8b95a2cbddf7769ff23d360ad951,148c5046a86d2c69264a5ecb7b562c08a172def0712e3f92dbb78f897a97d162,389,250,JPEG,NONE_DEFINED_BY_ARCHIVE,Kaggle ai4a-lab/comprehensive-soil-classification-datasets v1
882,Mountain_Soil,Mountain_Soil:211,results/confirmatory/recovery/soil/staging/original/Mountain_Soil/211.jpg,c407546c3492451d582f275d0eac15aa2efba826cf1f3a87297a8ce84f4ba758,32c02f807518944745212e17a013eeafb2075872c6dde57186028350fc6aed6f,612,408,JPEG,NONE_DEFINED_BY_ARCHIVE,Kaggle ai4a-lab/comprehensive-soil-classification-datasets v1
883,Mountain_Soil,Mountain_Soil:212,results/confirmatory/recovery/soil/staging/original/Mountain_Soil/212.jpg,325c6655aecb15a843d1fddb68327712544e5f0a79cecbf501369a6156656172,0c3c873e68d3789144529b73de81977dfd5d7d0a5db19630f5e88f7f3faeeef2,1300,849,JPEG,NONE_DEFINED_BY_ARCHIVE,Kaggle ai4a-lab/comprehensive-soil-classification-datasets v1
884,Mountain_Soil,Mountain_Soil:213,results/confirmatory/recovery/soil/staging/original/Mountain_Soil/213.jpg,d7c794e0ae4cd2c759ef6e77a3a5f8831a529b6701e89d2289ed1b12ad784892,c73f6e99552d081e9422afa99eb6931dea1c527e3eb842901c04d76cf90d0f7b,1429,1064,JPEG,NONE_DEFINED_BY_ARCHIVE,Kaggle ai4a-lab/comprehensive-soil-classification-datasets v1
885,Mountain_Soil,Mountain_Soil:214,results/confirmatory/recovery/soil/staging/original/Mountain_Soil/214.jpg,4e834a89bb3022a43ad22f289d147b4a2d3222529faf7a4f2c9f2ed98f245cf8,7fe66d14fd57e5c248dba4ce58e89afe8f79306cd19708a24fc6565b1f8110ea,599,800,JPEG,NONE_DEFINED_BY_ARCHIVE,Kaggle ai4a-lab/comprehensive-soil-classification-datasets v1
886,Mountain_Soil,Mountain_Soil:215,results/confirmatory/recovery/soil/staging/original/Mountain_Soil/215.jpg,1495faea4adf2e1adf6596a5e2b00480fa21ee4587f1ccf85b9f5eb447414e49,f5877662e38d93f9eb695f9a9640529bfe6ca06d4d22eaafc678452148d5a643,800,600,JPEG,NONE_DEFINED_BY_ARCHIVE,Kaggle ai4a-lab/comprehensive-soil-classification-datasets v1
887,Mountain_Soil,Mountain_Soil:216,results/confirmatory/recovery/soil/staging/original/Mountain_Soil/216.jpg,d687a847e426ee379f787526b2882ead15f1a5a7211d54932955d3dcea131553,8fbcfcccadd16eed19ec22cf5065c8d4b55f27ef84a5bb0d3756eacbc5e54b76,612,408,JPEG,NONE_DEFINED_BY_ARCHIVE,Kaggle ai4a-lab/comprehensive-soil-classification-datasets v1
888,Mountain_Soil,Mountain_Soil:217,results/confirmatory/recovery/soil/staging/original/Mountain_Soil/217.jpg,da01f2cb3b0c75a075029bf89e3879808a929b9731da44bbcd9d1c5583ade182,56b6c9b95191b46ad9188293633502d783fe7cab33b47c27ce3bf95af984f651,612,408,JPEG,NONE_DEFINED_BY_ARCHIVE,Kaggle ai4a-lab/comprehensive-soil-classification-datasets v1
889,Mountain_Soil,Mountain_Soil:219,results/confirmatory/recovery/soil/staging/original/Mountain_Soil/219.jpg,f18e2d76ab921f7b6dc1fea61a20094fcb6d282b4f829ad520515e2221231dcf,230ea313328b36e70458720ce162b16a441f850ec3e0073f782353662e32aaa7,547,305,JPEG,NONE_DEFINED_BY_ARCHIVE,Kaggle ai4a-lab/comprehensive-soil-classification-datasets v1
890,Mountain_Soil,Mountain_Soil:220,results/confirmatory/recovery/soil/staging/original/Mountain_Soil/220.jpg,67977ef640ff024f8fc6cc1d209e390d5aad4ddebd5489ecd85a40424b4d68d2,41092f9ae0f4113bc02d59c777cd3c8faf9886e45483c931f17779a4f5f0bb15,612,408,JPEG,NONE_DEFINED_BY_ARCHIVE,Kaggle ai4a-lab/comprehensive-soil-classification-datasets v1
891,Mountain_Soil,Mountain_Soil:221,results/confirmatory/recovery/soil/staging/original/Mountain_Soil/221.jpg,6f1b8e65ffdbca4ba9dd38e2ac6d2dea1289762ea819fb83777ca3adb0b14b74,dbbd3269bc75614db02605b5a70b6aab9ebcae8ed26142bcf4b65c26a2ef5e4c,1600,1057,JPEG,NONE_DEFINED_BY_ARCHIVE,Kaggle ai4a-lab/comprehensive-soil-classification-datasets v1
892,Mountain_Soil,Mountain_Soil:223,results/confirmatory/recovery/soil/staging/original/Mountain_Soil/223.jpg,424f8f0013bf0cda7a4334c5446a8fbe9e62390a27d5771dcfe1519f90360e75,33ee603c5ff90cfc7b0ffedeea388892eb315b425e55446d761fa45a7f1abc96,300,200,JPEG,NONE_DEFINED_BY_ARCHIVE,Kaggle ai4a-lab/comprehensive-soil-classification-datasets v1
893,Mountain_Soil,Mountain_Soil:225,results/confirmatory/recovery/soil/staging/original/Mountain_Soil/225.jpg,f559ab06da9a966f22ee07ac3bdfa9fdd9ea5db10e5cc373134d5790316c5dae,c6e9acb1a02a9ceb655175656e8e30d2f787a31fcc62dea39373dd6ce9cdbd20,465,279,JPEG,NONE_DEFINED_BY_ARCHIVE,Kaggle ai4a-lab/comprehensive-soil-classification-datasets v1
894,Mountain_Soil,Mountain_Soil:23,results/confirmatory/recovery/soil/staging/original/Mountain_Soil/23.jpg,897c7549f54f2a9d1b16b753780c6683d7518a33b9e46b66592144853f9c515f,c95c110ae1413bce8a9444da42fd646b00e6b27119e61b2a1d4f6238b2eb2393,320,240,JPEG,NONE_DEFINED_BY_ARCHIVE,Kaggle ai4a-lab/comprehensive-soil-classification-datasets v1
895,Mountain_Soil,Mountain_Soil:24,results/confirmatory/recovery/soil/staging/original/Mountain_Soil/24.jpg,be5825205fbea745d701117add73fe9d84c8b5c6255252f068220acc44fa960e,f5e7bc30aba57df780133188e96a926d0723519c37254654ba490cf077bc9b70,1000,750,JPEG,NONE_DEFINED_BY_ARCHIVE,Kaggle ai4a-lab/comprehensive-soil-classification-datasets v1
896,Mountain_Soil,Mountain_Soil:25,results/confirmatory/recovery/soil/staging/original/Mountain_Soil/25.jpg,d5a1031cf501f9c5fd6b09207467a157cefdd0273a43433afe82738d1257077c,3a1dbf1c11d2ae539227d6a5bc0d7f393ef75b83deff4dd58c30ee115bc3281e,366,309,JPEG,NONE_DEFINED_BY_ARCHIVE,Kaggle ai4a-lab/comprehensive-soil-classification-datasets v1
897,Mountain_Soil,Mountain_Soil:26,results/confirmatory/recovery/soil/staging/original/Mountain_Soil/26.jpg,d0792e2bac73ca072cbeaaf565174c480f65d029d3ce91ca01f8de9267b5f468,493dace7dec20ee059c7eb1ce7d3181010f60f74aad8623515dba3f1a681a435,359,378,JPEG,NONE_DEFINED_BY_ARCHIVE,Kaggle ai4a-lab/comprehensive-soil-classification-datasets v1
898,Mountain_Soil,Mountain_Soil:27,results/confirmatory/recovery/soil/staging/original/Mountain_Soil/27.jpg,6b5f8e55eb5a3b48602cd689cb2aeb4a1fe33bffa0b6c07658b543ff93bbda66,3d250f81cbc07b6c332545e89f02121ba53d272ca3339e981721482f3be4a893,1075,1079,JPEG,NONE_DEFINED_BY_ARCHIVE,Kaggle ai4a-lab/comprehensive-soil-classification-datasets v1
899,Mountain_Soil,Mountain_Soil:28,results/confirmatory/recovery/soil/staging/original/Mountain_Soil/28.jpg,cb77f86a5704175ead2b1d1c88d099fe00938e463a07a24bdeaa423f6f4b4d4f,14633c648d2c2cd791c7f84d9c58e86dac4393919b680b183568a145c0421598,360,267,JPEG,NONE_DEFINED_BY_ARCHIVE,Kaggle ai4a-lab/comprehensive-soil-classification-datasets v1
900,Mountain_Soil,Mountain_Soil:29,results/confirmatory/recovery/soil/staging/original/Mountain_Soil/29.jpg,ef124c5ee5c9816998ec3bcd2ba657c1fe0339f5845999e76350c77724b08fbf,7dfdea20a6d9a5a6ffe837d7807731d32ef886c774161b03627ce9eb62a71dc2,2500,1396,JPEG,NONE_DEFINED_BY_ARCHIVE,Kaggle ai4a-lab/comprehensive-soil-classification-datasets v1
901,Mountain_Soil,Mountain_Soil:3,results/confirmatory/recovery/soil/staging/original/Mountain_Soil/3.jpg,6c258a16f91c3cff559c6b56c9d72b07d1269464fa5ad0d589bd5c40563042e2,0eec62cf57ae1186b7d6f2937e847fc4a36eec18b5a14bef5bda5d1ceee767bf,298,206,JPEG,NONE_DEFINED_BY_ARCHIVE,Kaggle ai4a-lab/comprehensive-soil-classification-datasets v1
902,Mountain_Soil,Mountain_Soil:32,results/confirmatory/recovery/soil/staging/original/Mountain_Soil/32.jpg,0afa2a036fb8d9cf028f252e2b2c10dae0f56611db084dcbda627662efe97c6d,f68c34832220e11c5266d32eae326900d5970f8cea16da15eb04524fdff1680d,700,470,JPEG,NONE_DEFINED_BY_ARCHIVE,Kaggle ai4a-lab/comprehensive-soil-classification-datasets v1
903,Mountain_Soil,Mountain_Soil:33,results/confirmatory/recovery/soil/staging/original/Mountain_Soil/33.jpg,ab1d47cebd5d60fa640980a24762944599cf367ef8ad2cfc8c043248cd476277,fc7bbc9d3732ed211bb8c424a8547564e8d49fe4903cfa6271afe2c23b0891ff,400,200,JPEG,NONE_DEFINED_BY_ARCHIVE,Kaggle ai4a-lab/comprehensive-soil-classification-datasets v1
904,Mountain_Soil,Mountain_Soil:35,results/confirmatory/recovery/soil/staging/original/Mountain_Soil/35.jpg,41ab86c4e8368975aedadb72d8c1f524826d44843f595f8e961db6088e8b7613,5425b5f593b831a68602c48f466ac4cb115592bcd1d357d7d050da94c5c96446,480,269,JPEG,NONE_DEFINED_BY_ARCHIVE,Kaggle ai4a-lab/comprehensive-soil-classification-datasets v1
905,Mountain_Soil,Mountain_Soil:36,results/confirmatory/recovery/soil/staging/original/Mountain_Soil/36.jpg,80233e600912b31758dd63ede36ea47600b5555b914c4a4d363343e616aa6cae,ed064aa1fd976bb59d75d651a057e7bcae41ca40d9baec589c7b57c2e7f270b4,1024,768,JPEG,NONE_DEFINED_BY_ARCHIVE,Kaggle ai4a-lab/comprehensive-soil-classification-datasets v1
906,Mountain_Soil,Mountain_Soil:3,results/confirmatory/recovery/soil/staging/original/Mountain_Soil/3a.jpg,ba474f74ed8cd59f0bcc7263f7fcb6774abe78d06024b1ecb025fe80d34076f6,922c2859adf254b7df3f0b0a43552fb4f8110371ec0f1889b90acbf92437fde0,294,206,JPEG,NONE_DEFINED_BY_ARCHIVE,Kaggle ai4a-lab/comprehensive-soil-classification-datasets v1
907,Mountain_Soil,Mountain_Soil:4,results/confirmatory/recovery/soil/staging/original/Mountain_Soil/4.jpg,8280785872d10da5afac0c544ee94e810fda501f447aa0356473034d47cca16d,9f105f9fa6d7fb5c5cfec3d6c9ac522f08277918c50619fa2d09b7f36ec5558c,685,347,JPEG,NONE_DEFINED_BY_ARCHIVE,Kaggle ai4a-lab/comprehensive-soil-classification-datasets v1
908,Mountain_Soil,Mountain_Soil:40,results/confirmatory/recovery/soil/staging/original/Mountain_Soil/40.jpg,6b3e3abc9e985da9b669a3f47392b6b00f90fc2266a6649e8e59ff06c92e50df,104a2fc859eea3fcc0698f29a01fc385468d59fe81780dbea9531640baa34ff3,1421,1067,JPEG,NONE_DEFINED_BY_ARCHIVE,Kaggle ai4a-lab/comprehensive-soil-classification-datasets v1
909,Mountain_Soil,Mountain_Soil:41,results/confirmatory/recovery/soil/staging/original/Mountain_Soil/41.jpg,147de2cb5316bf49b06c14385ec1c3c4f4f5cd0f3393ce58ad518fb91b1fb832,1a73809872eadbcb90d49ee02b566ec30b946a3a9cb731ffafd627d075be984d,1200,900,JPEG,NONE_DEFINED_BY_ARCHIVE,Kaggle ai4a-lab/comprehensive-soil-classification-datasets v1
910,Mountain_Soil,Mountain_Soil:43,results/confirmatory/recovery/soil/staging/original/Mountain_Soil/43.jpg,47f097c4999a9e15fa8b310115a2f73136e64610f1b3e604cc11248c7a7d810c,c641bb6b386977184ac2679ee80939a9720565c59af05b35f4a3c45d3b843447,1200,628,JPEG,NONE_DEFINED_BY_ARCHIVE,Kaggle ai4a-lab/comprehensive-soil-classification-datasets v1
911,Mountain_Soil,Mountain_Soil:44,results/confirmatory/recovery/soil/staging/original/Mountain_Soil/44.jpg,cc943f06ab506360a48810ee4af45097722a7ec17c86010c1d7646902201470e,e206e9ff6f0e8a4afa22fec7751f00f571856417c211fcf78e8953e510eee549,512,257,JPEG,NONE_DEFINED_BY_ARCHIVE,Kaggle ai4a-lab/comprehensive-soil-classification-datasets v1
912,Mountain_Soil,Mountain_Soil:45,results/confirmatory/recovery/soil/staging/original/Mountain_Soil/45.jpg,7736f75d79a23f941dc0e3fa7f0e5964493e216df81c2353c1141da526bee4a2,c341638da1b5a8cde825af06a47bb6a5cff3ae8aa9bfc3d06637ee144a181471,706,442,JPEG,NONE_DEFINED_BY_ARCHIVE,Kaggle ai4a-lab/comprehensive-soil-classification-datasets v1
913,Mountain_Soil,Mountain_Soil:46,results/confirmatory/recovery/soil/staging/original/Mountain_Soil/46.jpg,0ab4511b87732feaceb946006228867301c44dcfc4615ea70f8bdb7a01eb3f93,f897b41261ec72d0b4aecc55aef404e26e4c7778838cec142a0f00c91411cf6b,1600,1043,JPEG,NONE_DEFINED_BY_ARCHIVE,Kaggle ai4a-lab/comprehensive-soil-classification-datasets v1
914,Mountain_Soil,Mountain_Soil:47,results/confirmatory/recovery/soil/staging/original/Mountain_Soil/47.jpg,fd0cae69d23f068cc6d79a460df9c85ce4365464636f113fcfd1ebe30533bd75,955d734e6c4a74695b91c86ac602d045021771ef422e4b4f6207478f5d1fa43d,300,261,JPEG,NONE_DEFINED_BY_ARCHIVE,Kaggle ai4a-lab/comprehensive-soil-classification-datasets v1
915,Mountain_Soil,Mountain_Soil:48,results/confirmatory/recovery/soil/staging/original/Mountain_Soil/48.jpg,23401997826c0b2f041800bf2b8471c6c544e6da658eeffd6562460ef323367b,81b08332625f5bfefcbe114b4c8904688beb381feaf666b57ecde360a2a5a32d,612,612,JPEG,NONE_DEFINED_BY_ARCHIVE,Kaggle ai4a-lab/comprehensive-soil-classification-datasets v1
916,Mountain_Soil,Mountain_Soil:49,results/confirmatory/recovery/soil/staging/original/Mountain_Soil/49.jpg,6d5dc1992b57ede5461016c7709091d1645ba473142852251d10d3dbf005b3b4,f10ad4c3f15247fa7e744c427f7ada2ed5ced96948b27ebe6ae6414b36bfd06a,1300,852,JPEG,NONE_DEFINED_BY_ARCHIVE,Kaggle ai4a-lab/comprehensive-soil-classification-datasets v1
917,Mountain_Soil,Mountain_Soil:5,results/confirmatory/recovery/soil/staging/original/Mountain_Soil/5.jpg,c3031998d73ece411e0c86e0fc140452d41e3534fb09690d891d0cf9da6bc7ab,880612780e32a96083a3103f8564b2774f806abc6a6bf8eb2de253ef32601fc4,390,255,JPEG,NONE_DEFINED_BY_ARCHIVE,Kaggle ai4a-lab/comprehensive-soil-classification-datasets v1
918,Mountain_Soil,Mountain_Soil:50,results/confirmatory/recovery/soil/staging/original/Mountain_Soil/50.jpg,1d2601f03801bf094a0901710374fff57c4a798524961e1f5906d7e9ac21c5df,e27399148e0ee431677dbf020747bf343e3f585807a4960cd52b73cc5be6fddc,884,350,JPEG,NONE_DEFINED_BY_ARCHIVE,Kaggle ai4a-lab/comprehensive-soil-classification-datasets v1
919,Mountain_Soil,Mountain_Soil:51,results/confirmatory/recovery/soil/staging/original/Mountain_Soil/51.jpg,4db56dbe9cc29537925dc87d9cc3b8bf0c8466f5abd23998ef166dd39e04689f,d6ba1be8337cb49d98ed3e8b85db582b3b0f5ba3934dd66264975dee8cd76c8f,589,420,JPEG,NONE_DEFINED_BY_ARCHIVE,Kaggle ai4a-lab/comprehensive-soil-classification-datasets v1
920,Mountain_Soil,Mountain_Soil:54,results/confirmatory/recovery/soil/staging/original/Mountain_Soil/54.jpg,2be7c52c07ae6f0646381a44f7105fb05f8509ee32c4266b7238464c18251e96,bcd03853e746a91afba5dc1892db4b50964b372e807bf9a7b7d4dbf9b6400e37,975,1285,JPEG,NONE_DEFINED_BY_ARCHIVE,Kaggle ai4a-lab/comprehensive-soil-classification-datasets v1
921,Mountain_Soil,Mountain_Soil:55,results/confirmatory/recovery/soil/staging/original/Mountain_Soil/55.jpg,0cf0e0d5ab7180cb6984bf877fdd483653a28daecc8ac300b9f573985ccc44eb,c33775d93f924c24fdfcaa00217d981c024c0f87a8d6f3b01f1ad39fcdfc2eb4,458,500,JPEG,NONE_DEFINED_BY_ARCHIVE,Kaggle ai4a-lab/comprehensive-soil-classification-datasets v1
922,Mountain_Soil,Mountain_Soil:56,results/confirmatory/recovery/soil/staging/original/Mountain_Soil/56.jpg,ae7dad65d8d945076312be32744f602a377ba40f8006458a8cce6a4fcee2770c,5621c6ba23675a7394c945d3a83233dfdaf4d1c1beb3323b3fa16393482e39eb,1107,525,JPEG,NONE_DEFINED_BY_ARCHIVE,Kaggle ai4a-lab/comprehensive-soil-classification-datasets v1
923,Mountain_Soil,Mountain_Soil:58,results/confirmatory/recovery/soil/staging/original/Mountain_Soil/58.jpg,49e55ef04e9d9c2878e938c35da8477ca3cf25c309db12f3aee25ceb07b71d66,3a78fc3a4ab9db5f63e28da8e822c788f88cb2758e8f87e744259c750146c139,532,235,JPEG,NONE_DEFINED_BY_ARCHIVE,Kaggle ai4a-lab/comprehensive-soil-classification-datasets v1
924,Mountain_Soil,Mountain_Soil:58,results/confirmatory/recovery/soil/staging/original/Mountain_Soil/58a.jpg,546c69672e039668568edc270c441bdad0771a321a6c4141baa1356d0042443d,0ca79315e95fb571cc74d7d9348f0ea100cdf541b1733dd727837c6ee66f61f4,354,378,JPEG,NONE_DEFINED_BY_ARCHIVE,Kaggle ai4a-lab/comprehensive-soil-classification-datasets v1
925,Mountain_Soil,Mountain_Soil:59,results/confirmatory/recovery/soil/staging/original/Mountain_Soil/59.jpg,f3546f27be5e68fd7d33b177fdad6d8760729880617acf9fbca139dcd5797d2e,eff7485be22af9446a23fa1de259a26e77a9da3e86ec936562942bf74d4f7a01,600,400,JPEG,NONE_DEFINED_BY_ARCHIVE,Kaggle ai4a-lab/comprehensive-soil-classification-datasets v1
926,Mountain_Soil,Mountain_Soil:6,results/confirmatory/recovery/soil/staging/original/Mountain_Soil/6.jpg,4b385ae743d8c189bedb35f9c3bc719f68e395d5b1011e1bccf0c9c8ffd37360,9d393a61b3e1794d7904d6fe846d6de7eef721eba8b92e24efb79a157e6970f7,166,110,JPEG,NONE_DEFINED_BY_ARCHIVE,Kaggle ai4a-lab/comprehensive-soil-classification-datasets v1
927,Mountain_Soil,Mountain_Soil:60,results/confirmatory/recovery/soil/staging/original/Mountain_Soil/60.jpg,8e5a216d59cb86cec51210dbaa6321dfdf7ba2fd0feef5ac7c8e150b4211aaf1,fd7dc1a26e817e2cb2da9adbdeb7a672b05857d4e6b1e5e8e8595d2737ae792e,428,249,JPEG,NONE_DEFINED_BY_ARCHIVE,Kaggle ai4a-lab/comprehensive-soil-classification-datasets v1
928,Mountain_Soil,Mountain_Soil:60,results/confirmatory/recovery/soil/staging/original/Mountain_Soil/60a.jpg,f27b8f2cea3c56dffa488aa916240883c3b37408da09fedb64e4d4d712a3293f,b8647d209e1bfc9ee57611ab2207cba0948d4e2ed7b303f0857cba0b4e29f60d,438,278,JPEG,NONE_DEFINED_BY_ARCHIVE,Kaggle ai4a-lab/comprehensive-soil-classification-datasets v1
929,Mountain_Soil,Mountain_Soil:62,results/confirmatory/recovery/soil/staging/original/Mountain_Soil/62.jpg,1d30022dc4b197d64ce4d759a03cd673e03b61eefcd1735f95540ab15694c20f,dbb623b3957d12925d95e9534d7b371a0509be5b017edcf6dcecf1cad8b566a8,845,620,JPEG,NONE_DEFINED_BY_ARCHIVE,Kaggle ai4a-lab/comprehensive-soil-classification-datasets v1
930,Mountain_Soil,Mountain_Soil:63,results/confirmatory/recovery/soil/staging/original/Mountain_Soil/63.jpg,53e6be1ee80223ad37a2f6035c45041cfca0cd5b355f985bcd4a2caf66041946,aa60e0f1024f107a7f3ae2e5a29b194d0e02b0cb8a8abb1461e4651f423cbf01,1531,802,JPEG,NONE_DEFINED_BY_ARCHIVE,Kaggle ai4a-lab/comprehensive-soil-classification-datasets v1
931,Mountain_Soil,Mountain_Soil:65,results/confirmatory/recovery/soil/staging/original/Mountain_Soil/65.jpg,5c524fa4270222e07780f8323193f5aba8807f78df6fd5b20b447d938533681c,e05cc50f85bc41d7b24d9018bff038a693d6652c4e200ead61eabbd5710a8952,1500,900,JPEG,NONE_DEFINED_BY_ARCHIVE,Kaggle ai4a-lab/comprehensive-soil-classification-datasets v1
932,Mountain_Soil,Mountain_Soil:66,results/confirmatory/recovery/soil/staging/original/Mountain_Soil/66.jpg,ec732315d4d14818eeffa50ec7b33beac6d7820848d5b1cd225b90b26d83029a,a4190f9632628efbeceb601157ba0f48cf13a022f1c7d0d5ddb5531c58e806d8,640,360,JPEG,NONE_DEFINED_BY_ARCHIVE,Kaggle ai4a-lab/comprehensive-soil-classification-datasets v1
933,Mountain_Soil,Mountain_Soil:67,results/confirmatory/recovery/soil/staging/original/Mountain_Soil/67.jpg,3acb59213c7cc1f9d798276dcfd1f8a0ca1ee69beb47a9fe6380d1df2f4d7962,851a9170068236621f6790b4c8d6532e4c1a4ea0402145e4f9ecc4a72bc90408,1280,309,JPEG,NONE_DEFINED_BY_ARCHIVE,Kaggle ai4a-lab/comprehensive-soil-classification-datasets v1
934,Mountain_Soil,Mountain_Soil:68,results/confirmatory/recovery/soil/staging/original/Mountain_Soil/68.jpg,75d51e053d48f332e7a3bf61b61c0f86d04977113437329ddaa58f491e23722b,9b5cc042101bbf9e5a17e652ab3a15ddc72d185398ed07606c19f333c4928b95,2075,1318,JPEG,NONE_DEFINED_BY_ARCHIVE,Kaggle ai4a-lab/comprehensive-soil-classification-datasets v1
935,Mountain_Soil,Mountain_Soil:69,results/confirmatory/recovery/soil/staging/original/Mountain_Soil/69.jpg,6b33a7716fa1c7b23741eabf1b765e82d9ee36a5dbc90e7532a16cb41eb0a052,091fc1f8240df39af32ffdcd550f0f182bea99f7cbae2775f3f7f921de095718,320,240,JPEG,NONE_DEFINED_BY_ARCHIVE,Kaggle ai4a-lab/comprehensive-soil-classification-datasets v1
936,Mountain_Soil,Mountain_Soil:70,results/confirmatory/recovery/soil/staging/original/Mountain_Soil/70.jpg,edbf2e13f97feb5a47f58ce32f2120df43897763a3622ed722e9a66039c4a751,db4ffa0af4b20dab397ff2b103dbd28f7c4c62d250237b724f145664fe0d85aa,320,240,JPEG,NONE_DEFINED_BY_ARCHIVE,Kaggle ai4a-lab/comprehensive-soil-classification-datasets v1
937,Mountain_Soil,Mountain_Soil:71,results/confirmatory/recovery/soil/staging/original/Mountain_Soil/71.jpg,8c9e44a60152a528ea2f4bad4b47281ee220c83ae3a4b9549e6dc2b78c38d899,e9ca3d91f0ba0649fcff0ded276c12718e40c17e4d127c833a526252e32d1074,502,374,JPEG,NONE_DEFINED_BY_ARCHIVE,Kaggle ai4a-lab/comprehensive-soil-classification-datasets v1
938,Mountain_Soil,Mountain_Soil:71,results/confirmatory/recovery/soil/staging/original/Mountain_Soil/71a.jpg,4332d54136b6f7a68d6b6442022aade8d115002c19e8d49aaf8ca0a3b27ab400,55df3303f4072b8a4d5db3fd260794d5eba702d2a26df5ac4d0151237ba14c19,500,368,JPEG,NONE_DEFINED_BY_ARCHIVE,Kaggle ai4a-lab/comprehensive-soil-classification-datasets v1
939,Mountain_Soil,Mountain_Soil:71,results/confirmatory/recovery/soil/staging/original/Mountain_Soil/71b.jpg,0c223ecbb668fc16e84fe42730cd49cba7a3e43c3d97548bd26586c30fa58f8d,0a64a8cf323516c7ee8e368183dde5d39fc0bf8f204d08fac9e1b3e53b4b4771,506,374,JPEG,NONE_DEFINED_BY_ARCHIVE,Kaggle ai4a-lab/comprehensive-soil-classification-datasets v1
940,Mountain_Soil,Mountain_Soil:71,results/confirmatory/recovery/soil/staging/original/Mountain_Soil/71c.jpg,6cb17f6d38ed4b76c948ad3c33880fea608419cee14fcbdbcd265007b8ced9c3,8b01269fbbe77724e200c382edfaf5df1de8d7577401d0b009cc9a9978a1a9ab,502,372,JPEG,NONE_DEFINED_BY_ARCHIVE,Kaggle ai4a-lab/comprehensive-soil-classification-datasets v1
941,Mountain_Soil,Mountain_Soil:72,results/confirmatory/recovery/soil/staging/original/Mountain_Soil/72.jpg,a625c745f79d4c7423cbcb8f854eb71256d6392d80502ac154cb52e2cad9de01,5def971195176c646a1e3b4842693a94890b2f8155bfe8cc4a2528a1c15261c8,635,420,JPEG,NONE_DEFINED_BY_ARCHIVE,Kaggle ai4a-lab/comprehensive-soil-classification-datasets v1
942,Mountain_Soil,Mountain_Soil:75,results/confirmatory/recovery/soil/staging/original/Mountain_Soil/75.jpg,aaf565717bb06bcaf5c85e721d5723ef4b8528d585df9abf7ea13c74bbcab3d8,a5cdeeebe1ca719d1cab481ad753a5cf469ab2188c62aaef2be48793d20648ad,700,525,JPEG,NONE_DEFINED_BY_ARCHIVE,Kaggle ai4a-lab/comprehensive-soil-classification-datasets v1
943,Mountain_Soil,Mountain_Soil:76,results/confirmatory/recovery/soil/staging/original/Mountain_Soil/76.jpg,e68ebccf10a0b79b65eb808032be0d20862abd658c91e96b03eab566441a8aa0,70c026404c648e2fbb74cc8a46ecf8d910a30267a14d4ec5239e8116950ed7c8,500,250,JPEG,NONE_DEFINED_BY_ARCHIVE,Kaggle ai4a-lab/comprehensive-soil-classification-datasets v1
944,Mountain_Soil,Mountain_Soil:77,results/confirmatory/recovery/soil/staging/original/Mountain_Soil/77.jpg,5bafab79d094c5b844202bb193b5bbc6989b09cc3a3bd2e53063d56b1c119d6f,9698e3a2a3f7da6e03b91dd95a33880a90f9773f842bf9f7b84d6d3097f0f28c,650,400,JPEG,NONE_DEFINED_BY_ARCHIVE,Kaggle ai4a-lab/comprehensive-soil-classification-datasets v1
945,Mountain_Soil,Mountain_Soil:78,results/confirmatory/recovery/soil/staging/original/Mountain_Soil/78.jpg,70182c5ed06457d17d2c291fd6b4cf34ee287a0b8eade698a922a5f5830cb1a7,743d2a1237ba1a3a3e3e45443d7d7330e27a29a71d3d4979e035aa145e5998dd,858,412,JPEG,NONE_DEFINED_BY_ARCHIVE,Kaggle ai4a-lab/comprehensive-soil-classification-datasets v1
946,Mountain_Soil,Mountain_Soil:79,results/confirmatory/recovery/soil/staging/original/Mountain_Soil/79.jpg,40b9d8d476dcef0aac691fca16e31bc32b3019557f59ca3ff963053fb68d32eb,aa825755463b96db0756630cba2d61925f7582f976fe297c9c84d20d66a04237,3000,2000,JPEG,NONE_DEFINED_BY_ARCHIVE,Kaggle ai4a-lab/comprehensive-soil-classification-datasets v1
947,Mountain_Soil,Mountain_Soil:8,results/confirmatory/recovery/soil/staging/original/Mountain_Soil/8.jpg,a1c210ea0e83003dcff3d394e7e4896adbc488418d723cf831c624937c6cd0ed,359ffb4a0c6181a89f2defc950529afcc7ac5881af32d5d2121a075e68fa1664,552,583,JPEG,NONE_DEFINED_BY_ARCHIVE,Kaggle ai4a-lab/comprehensive-soil-classification-datasets v1
948,Mountain_Soil,Mountain_Soil:80,results/confirmatory/recovery/soil/staging/original/Mountain_Soil/80.jpg,ee8e7df0d0edc1ff35ba691a24585ec1c69733d3f9e9921aafd9fce1ecfcbcb8,598be31d1707d6d992562a07cc9b21e2bd59631881ea767bd730b7387fc7fe98,300,300,JPEG,NONE_DEFINED_BY_ARCHIVE,Kaggle ai4a-lab/comprehensive-soil-classification-datasets v1
949,Mountain_Soil,Mountain_Soil:81,results/confirmatory/recovery/soil/staging/original/Mountain_Soil/81.jpg,ab43ca08c4888ec562d40ac4ee16bd5dbf18e1561e882b758c4ba60e56a09af7,5dc46a5585a354babede892bde68b9eb69fb67b8cc1ca5694a30a4e94d1e8b80,800,812,JPEG,NONE_DEFINED_BY_ARCHIVE,Kaggle ai4a-lab/comprehensive-soil-classification-datasets v1
950,Mountain_Soil,Mountain_Soil:82,results/confirmatory/recovery/soil/staging/original/Mountain_Soil/82.jpg,1bd91023f252c7b021a7bbc172a1deab91d270b0061dd194380ba8b7437dc51b,8ad11c3e220320e56faa66d2000276cc495b11acca23cbc796a7ce83ec114f55,357,251,JPEG,NONE_DEFINED_BY_ARCHIVE,Kaggle ai4a-lab/comprehensive-soil-classification-datasets v1
951,Mountain_Soil,Mountain_Soil:83,results/confirmatory/recovery/soil/staging/original/Mountain_Soil/83.jpg,0d5900d034450a2cc92091fabf0bc825746db34b846c0a4159c6615fbb8d72f9,efca20e5dd027798e78705ad255d0c7ccf1c8f4ee5c9d84a477f512e4e5fa6cc,2526,2226,JPEG,NONE_DEFINED_BY_ARCHIVE,Kaggle ai4a-lab/comprehensive-soil-classification-datasets v1
952,Mountain_Soil,Mountain_Soil:84,results/confirmatory/recovery/soil/staging/original/Mountain_Soil/84.jpg,f436751c5240526bb89c609f4f6486d80a38ca16beb1b7162ef053816ff53375,db7b78c76e8950fe002ce38b2214f77d1c952f73b3039b56028a39d79b728a36,372,278,JPEG,NONE_DEFINED_BY_ARCHIVE,Kaggle ai4a-lab/comprehensive-soil-classification-datasets v1
953,Mountain_Soil,Mountain_Soil:85,results/confirmatory/recovery/soil/staging/original/Mountain_Soil/85.jpg,6a8f92a25008563b0c4544e751b0a11fe24c378607df17314d3686020c6c784f,6c603a054a0731f696198f891f046daac63ebf6e064d25c877c38ff847ddecbf,300,169,JPEG,NONE_DEFINED_BY_ARCHIVE,Kaggle ai4a-lab/comprehensive-soil-classification-datasets v1
954,Mountain_Soil,Mountain_Soil:86,results/confirmatory/recovery/soil/staging/original/Mountain_Soil/86.jpg,5d122b3a8186aa743695edd5f44921c1b2ea23ca1f7a15c7d321b8f13b67983a,296c385afef5240f0561d80ce415f27291bbe445987629f57ed8a6cb9575b0ff,754,500,JPEG,NONE_DEFINED_BY_ARCHIVE,Kaggle ai4a-lab/comprehensive-soil-classification-datasets v1
955,Mountain_Soil,Mountain_Soil:87,results/confirmatory/recovery/soil/staging/original/Mountain_Soil/87.jpg,0f580f063bb9d57a64a912ad76a0160bf631c880d69adb5f7b36d9a945870dda,02e426d18086556b7732f82b968c19e1851b0c302ae79066f012eb052ee3b1a9,537,830,JPEG,NONE_DEFINED_BY_ARCHIVE,Kaggle ai4a-lab/comprehensive-soil-classification-datasets v1
956,Mountain_Soil,Mountain_Soil:87,results/confirmatory/recovery/soil/staging/original/Mountain_Soil/87a.jpg,fb31c6861616ce3f7959d499e444efaa3e6073c7c4579b4d89dcd033289f45a6,6c1551331a3567cf63fbf269536f28844fb94467e5e3f50ee45e2bde8659e9f1,1043,830,JPEG,NONE_DEFINED_BY_ARCHIVE,Kaggle ai4a-lab/comprehensive-soil-classification-datasets v1
957,Mountain_Soil,Mountain_Soil:89,results/confirmatory/recovery/soil/staging/original/Mountain_Soil/89.jpg,eca246434222b3c3c4060a37279117e6e090510d93a21a7064f0a88d6b355827,881de3d52d8895bd8776721a3067a42883882a5a367906c05a026e2b1c2a947e,398,221,JPEG,NONE_DEFINED_BY_ARCHIVE,Kaggle ai4a-lab/comprehensive-soil-classification-datasets v1
958,Mountain_Soil,Mountain_Soil:9,results/confirmatory/recovery/soil/staging/original/Mountain_Soil/9.jpg,2635f1ff216700456ee4f700b8221860f7b8d2d82ce7df3f617a85b4e7c2d49a,12d184701a2c70352de1ed36b1eb2236c6d5e897c81c35ed7c697c4f378e8575,636,410,JPEG,NONE_DEFINED_BY_ARCHIVE,Kaggle ai4a-lab/comprehensive-soil-classification-datasets v1
959,Mountain_Soil,Mountain_Soil:91,results/confirmatory/recovery/soil/staging/original/Mountain_Soil/91.jpg,5ba8377960fbf298555bcd19238bebb03fd2c9004362a06efd28530684dbc2e1,2227df1c2af35f8f341e602a81d3b6ca73fa388cc26d7d73ee8b0b14c38f49da,2000,1333,JPEG,NONE_DEFINED_BY_ARCHIVE,Kaggle ai4a-lab/comprehensive-soil-classification-datasets v1
960,Mountain_Soil,Mountain_Soil:92,results/confirmatory/recovery/soil/staging/original/Mountain_Soil/92.jpg,03b36c3cebfb5d8d911d87444dc847342c83015be01f4f8166d5bd18a65a1270,a5d26ee2ea480d0fdf1aeb5369093702d00950cf0677316e36e548bcbf0e1f08,480,270,JPEG,NONE_DEFINED_BY_ARCHIVE,Kaggle ai4a-lab/comprehensive-soil-classification-datasets v1
961,Mountain_Soil,Mountain_Soil:95,results/confirmatory/recovery/soil/staging/original/Mountain_Soil/95.jpg,2d304c9654ec258a22b76056a6ae8eea70bdae7de8413b0a08d54878c95a102a,e89983eb186e4e1cb2645c93bcff65eaa5c92ef27a37552b7dc67a2819cd65d0,1724,878,JPEG,NONE_DEFINED_BY_ARCHIVE,Kaggle ai4a-lab/comprehensive-soil-classification-datasets v1
962,Mountain_Soil,Mountain_Soil:95,results/confirmatory/recovery/soil/staging/original/Mountain_Soil/95a.jpg,7054474570e9af844945c88f82d4fad406c3cbec81dc13e809da9aaf342efff1,448cca10ac767807d78de00f11ed315cf811c3b74a09ec8b115e42fea0566470,1444,1920,JPEG,NONE_DEFINED_BY_ARCHIVE,Kaggle ai4a-lab/comprehensive-soil-classification-datasets v1
963,Mountain_Soil,Mountain_Soil:96,results/confirmatory/recovery/soil/staging/original/Mountain_Soil/96.jpg,55749166de8d232453c6846ce505dee24225f59fc55eb67b2f3f54341193f865,6900e8b6021ccba7eb84deb575c6c1a1605ef15014c855a1a495d3befeb8c051,915,371,JPEG,NONE_DEFINED_BY_ARCHIVE,Kaggle ai4a-lab/comprehensive-soil-classification-datasets v1
964,Mountain_Soil,Mountain_Soil:97,results/confirmatory/recovery/soil/staging/original/Mountain_Soil/97.jpg,2f64b37e3dc4176d170eaca4341ca6c39e58bc2dff60241c42e68b4f38754646,2cf3cfbf2ade0f3cd46b1fe679a68ccd12a71f0643e5da567b9ce70ef08269f2,755,1013,JPEG,NONE_DEFINED_BY_ARCHIVE,Kaggle ai4a-lab/comprehensive-soil-classification-datasets v1
965,Mountain_Soil,Mountain_Soil:97,results/confirmatory/recovery/soil/staging/original/Mountain_Soil/97a.jpg,e28cb5aaf4bd5aca538bf63db9dea5f0e5fef72c70311ae8a734a76caf634659,804a5a895479526acc1281296ed46adc0dc40ed1b08d8b198d744aa74c23ed65,1131,1559,JPEG,NONE_DEFINED_BY_ARCHIVE,Kaggle ai4a-lab/comprehensive-soil-classification-datasets v1
966,Mountain_Soil,Mountain_Soil:98,results/confirmatory/recovery/soil/staging/original/Mountain_Soil/98.jpg,3936bac41744243a63862284ee744dac2ccec0330d8cf33e2f508350bc99b2d7,b616b92470690d3ec7468221ef01bf214af87b381835df4c2eb8ba15852c2985,800,600,JPEG,NONE_DEFINED_BY_ARCHIVE,Kaggle ai4a-lab/comprehensive-soil-classification-datasets v1
967,Mountain_Soil,Mountain_Soil:99,results/confirmatory/recovery/soil/staging/original/Mountain_Soil/99.jpg,30a5e4edbfce263fbe6a2f153a548d898db7bb83f7453d226be0dbea7e359d1b,b4179d451d7ffccffa0df574b52c08f00e908be561f912ba1c44c5b04dfc6a4a,825,326,JPEG,NONE_DEFINED_BY_ARCHIVE,Kaggle ai4a-lab/comprehensive-soil-classification-datasets v1
968,Red_Soil,Red_Soil:1,results/confirmatory/recovery/soil/staging/original/Red_Soil/1.jpg,6f3271028e440c150461509445365aaa17cfc729e0cad5688fdbbe96810daa32,d78bb234f663eccf422bfa208f6b8b1d965ff7ac88266b6d7ae29fa111be8300,500,331,JPEG,NONE_DEFINED_BY_ARCHIVE,Kaggle ai4a-lab/comprehensive-soil-classification-datasets v1
969,Red_Soil,Red_Soil:11,results/confirmatory/recovery/soil/staging/original/Red_Soil/11.jpg,c91a8542706233891eacba6e18ef5cb067da60d158dfdcc72bda9c68a237e8ae,fc134bec18f3f62087b463283816bd13c2690b7fda736cace251b2e31cb20afb,750,500,JPEG,NONE_DEFINED_BY_ARCHIVE,Kaggle ai4a-lab/comprehensive-soil-classification-datasets v1
970,Red_Soil,Red_Soil:12,results/confirmatory/recovery/soil/staging/original/Red_Soil/12.jpg,684f0cbd30734273a3784990b98f6d3553e1f00abe1d8cfd71c7426c5f44cd25,50b29b248f344c5ca128d16b3c03c5eaf5667eb6e9fb18964d47add0529a9e37,1300,841,JPEG,NONE_DEFINED_BY_ARCHIVE,Kaggle ai4a-lab/comprehensive-soil-classification-datasets v1
971,Red_Soil,Red_Soil:13,results/confirmatory/recovery/soil/staging/original/Red_Soil/13.jpg,ac5d1eb5c144794585a0effe86a86638d6b1f52695c12629fb0af589a5cf5313,e7103499969f6944f0090f5242eecc279ef9c081c9badd0b32c74ffa13d7d189,850,566,JPEG,NONE_DEFINED_BY_ARCHIVE,Kaggle ai4a-lab/comprehensive-soil-classification-datasets v1
972,Red_Soil,Red_Soil:13,results/confirmatory/recovery/soil/staging/original/Red_Soil/13a.jpg,29ee7ee3629e9f054e8ac1ff97d34751a7838d7acb1daa6d6f4f338a9abd5a10,4397cebab5b6c12899cbcad0017d325c1acf6ed58e8747790809d98549249a30,481,324,JPEG,NONE_DEFINED_BY_ARCHIVE,Kaggle ai4a-lab/comprehensive-soil-classification-datasets v1
973,Red_Soil,Red_Soil:14,results/confirmatory/recovery/soil/staging/original/Red_Soil/14.jpg,b8cde7764d878ece58df594579246dff5df6d5c4726c623c1853d019f001a5cd,78540789999c79b2907b5831a33b188ba1f76e5d4561d91ac8fa997473d3779f,1280,1085,JPEG,NONE_DEFINED_BY_ARCHIVE,Kaggle ai4a-lab/comprehensive-soil-classification-datasets v1
974,Red_Soil,Red_Soil:15,results/confirmatory/recovery/soil/staging/original/Red_Soil/15.jpg,39c13c371328ae1c01e33ea93ca9df6f904c52292b8bf0fa61dd67fa23226e43,0723f7dfe101671e71fadf2bb50eccb879a2a52ee8dd8f1df3da7f0cdb96122b,281,349,JPEG,NONE_DEFINED_BY_ARCHIVE,Kaggle ai4a-lab/comprehensive-soil-classification-datasets v1
975,Red_Soil,Red_Soil:16,results/confirmatory/recovery/soil/staging/original/Red_Soil/16.jpg,05886fdc1493394b0836caf775b3e75e91a7f17ca88a16eebda9fef469b7fd57,3a82ee49c70a65f170230a0760829046c0d7e742dd225095dc136e0c9e068352,600,384,JPEG,NONE_DEFINED_BY_ARCHIVE,Kaggle ai4a-lab/comprehensive-soil-classification-datasets v1
976,Red_Soil,Red_Soil:17,results/confirmatory/recovery/soil/staging/original/Red_Soil/17.jpg,2da1f2ac0ef225ea01e0bfa17364a49f5ef5ffce10c80a0f0d4b78541456fcd2,e7e753f3503af8b13770ee31fd718c8a86fdee0a537aa41a37a57c9cfaeea32c,460,272,JPEG,NONE_DEFINED_BY_ARCHIVE,Kaggle ai4a-lab/comprehensive-soil-classification-datasets v1
977,Red_Soil,Red_Soil:18,results/confirmatory/recovery/soil/staging/original/Red_Soil/18.jpg,35d45c67cb8deeef635c9c946c3413c6a527d03d3db1a6a1af729294f6b307bf,45544186700b164be6686613e1017085ca507402fe9394caeb25c6b305f780b7,500,353,JPEG,NONE_DEFINED_BY_ARCHIVE,Kaggle ai4a-lab/comprehensive-soil-classification-datasets v1
978,Red_Soil,Red_Soil:18,results/confirmatory/recovery/soil/staging/original/Red_Soil/18a.jpg,8299557611d690ac350c466376819b41f84e964105645fce250898a60c4a4e5b,dfc051c7f6969c0d0124523e1be5bc1efb6e75e1d977006da90985acb2ef34b6,259,222,JPEG,NONE_DEFINED_BY_ARCHIVE,Kaggle ai4a-lab/comprehensive-soil-classification-datasets v1
979,Red_Soil,Red_Soil:18,results/confirmatory/recovery/soil/staging/original/Red_Soil/18b.jpg,f8de27fa077bdd88c3c2e946cb12aa24ebef6679e21da74e14e3123b21776182,66061de8c1d3fd6c5df4fe5f52b832923319c657f97c9f82bd2e611e116a6edf,258,232,JPEG,NONE_DEFINED_BY_ARCHIVE,Kaggle ai4a-lab/comprehensive-soil-classification-datasets v1
980,Red_Soil,Red_Soil:18,results/confirmatory/recovery/soil/staging/original/Red_Soil/18c.jpg,f0ba62edde1c5db5ec2e091db2171356782c8f3d641be6ad2ff48a7300b6b570,88883cc68833a6c49072d5eebd3eaad8af6f2be03471a49d82ee75823300e20d,221,232,JPEG,NONE_DEFINED_BY_ARCHIVE,Kaggle ai4a-lab/comprehensive-soil-classification-datasets v1
981,Red_Soil,Red_Soil:19,results/confirmatory/recovery/soil/staging/original/Red_Soil/19.jpg,216a3b4cb8b91b48c522922dd2cf44546818a29186228c540f55af95190482a3,6522f7eab8bf9c430cb8bdf07df5e103a8915651d542296babac54a4050bda72,750,614,JPEG,NONE_DEFINED_BY_ARCHIVE,Kaggle ai4a-lab/comprehensive-soil-classification-datasets v1
982,Red_Soil,Red_Soil:1,results/confirmatory/recovery/soil/staging/original/Red_Soil/1a.jpg,a3bc1006a169f5d02277af0e95ae6403d41fe4afb92a87e92b9edb9b8a6e5742,4f5f965913edbdca71035d949baff253094278e179d9b93071aaa788b7aba9e8,418,291,JPEG,NONE_DEFINED_BY_ARCHIVE,Kaggle ai4a-lab/comprehensive-soil-classification-datasets v1
983,Red_Soil,Red_Soil:2,results/confirmatory/recovery/soil/staging/original/Red_Soil/2.jpg,196201d6b59d31111a7fe24d22c402f169050e57085683e8db905099bc56d514,e4daaa103e95d68b2fb971f44b754ca1084d2bdef7abd3b560fda00e726b8638,880,1139,JPEG,NONE_DEFINED_BY_ARCHIVE,Kaggle ai4a-lab/comprehensive-soil-classification-datasets v1
984,Red_Soil,Red_Soil:20,results/confirmatory/recovery/soil/staging/original/Red_Soil/20.jpg,cbcbe476befebd73d50f042980279c676f96b86baa3f0fe00b07e1cd99d670f0,5a0b24d0ac4e70b985888e876f6b8431be2e92189e42fc890af15e84e7620fd6,1200,567,JPEG,NONE_DEFINED_BY_ARCHIVE,Kaggle ai4a-lab/comprehensive-soil-classification-datasets v1
985,Red_Soil,Red_Soil:20,results/confirmatory/recovery/soil/staging/original/Red_Soil/20a.jpg,fc5fa25b3649e3bb463e335aff6579a05703165df78fbda9c3dc9d3e68b13236,07c3b89158585766e2c58959bfc5714ecb207bd7161266f27e6a0f2eb31b8ad8,477,450,JPEG,NONE_DEFINED_BY_ARCHIVE,Kaggle ai4a-lab/comprehensive-soil-classification-datasets v1
986,Red_Soil,Red_Soil:20,results/confirmatory/recovery/soil/staging/original/Red_Soil/20b.jpg,181f64cd1adb979579f31c09a87c67318a189758cef613b0181370bf2074ea8b,1bb8d756c3c5e158395a09851aef9243b00f91e1022aaf4ca787e2abd37b1eca,442,284,JPEG,NONE_DEFINED_BY_ARCHIVE,Kaggle ai4a-lab/comprehensive-soil-classification-datasets v1
987,Red_Soil,Red_Soil:20,results/confirmatory/recovery/soil/staging/original/Red_Soil/20c.jpg,57747dacbea1d5ed7adc4fd4bd35bfaeaf6ff80420fde08fb55f9dd1758802de,a948e22b9fa0acd31c98f0f092cf48f76ecd24304749cd828b8113a40f7dc803,682,431,JPEG,NONE_DEFINED_BY_ARCHIVE,Kaggle ai4a-lab/comprehensive-soil-classification-datasets v1
988,Red_Soil,Red_Soil:21,results/confirmatory/recovery/soil/staging/original/Red_Soil/21.jpg,54c6040346451449f6b032125e0579b529280e1bd00fc6f701f5334378471d23,516cf13ad55c2487cc7cc17d758623847deb2f402b94fcd9f25e9d68023a6e19,750,500,JPEG,NONE_DEFINED_BY_ARCHIVE,Kaggle ai4a-lab/comprehensive-soil-classification-datasets v1
989,Red_Soil,Red_Soil:22,results/confirmatory/recovery/soil/staging/original/Red_Soil/22.jpg,92573ef9776711791f654aee4a6cae5f8c7ba7cd9da904fbe3f62676d4ca6888,e49991b19e991c925fc9fe462941f3460a0921f3bc3b446addc33f0c97a3733b,460,262,JPEG,NONE_DEFINED_BY_ARCHIVE,Kaggle ai4a-lab/comprehensive-soil-classification-datasets v1
990,Red_Soil,Red_Soil:23,results/confirmatory/recovery/soil/staging/original/Red_Soil/23.jpg,10f3bdbc388f0acfb42bb577cdcb71ecf02f05cdd08c9f4dd8b01f4e1a9674db,d5a4c7095eb39b246e3ab05eb179bd91e4604db46dfa346f43f095b0b8dd919b,361,260,JPEG,NONE_DEFINED_BY_ARCHIVE,Kaggle ai4a-lab/comprehensive-soil-classification-datasets v1
991,Red_Soil,Red_Soil:24,results/confirmatory/recovery/soil/staging/original/Red_Soil/24.jpg,f248d6099414185f6d0c61e625fd64f81e6b3af0023db52867a93511c4cef353,c2bf6ce2fc21c43fee63d56e5e81b44f6818085f8e8bcdddbaab6a7243119d22,500,333,JPEG,NONE_DEFINED_BY_ARCHIVE,Kaggle ai4a-lab/comprehensive-soil-classification-datasets v1
992,Red_Soil,Red_Soil:25,results/confirmatory/recovery/soil/staging/original/Red_Soil/25.jpg,39d7b0944477c48f904ca1ddfa99ff5fa8e7197ef033640ad59e7ff9dca6eb21,d6d33084d11cfd6bab748d7e3d2c630a2d94160313f478f6fb58cf0bc1f6ff00,320,394,JPEG,NONE_DEFINED_BY_ARCHIVE,Kaggle ai4a-lab/comprehensive-soil-classification-datasets v1
993,Red_Soil,Red_Soil:26,results/confirmatory/recovery/soil/staging/original/Red_Soil/26.jpg,b077c4a077d0043201f2a9664b1bece9179359c23634cce152af7e493933c571,d6b1f36d90dcf5190fefd3367fd4928c546be918f02dacc117c4997f251f40f8,1240,1230,JPEG,NONE_DEFINED_BY_ARCHIVE,Kaggle ai4a-lab/comprehensive-soil-classification-datasets v1
994,Red_Soil,Red_Soil:27,results/confirmatory/recovery/soil/staging/original/Red_Soil/27.jpg,f7fa5271622339ac824cfc7370741d82e17b4883ee2ab09722879d842ebd3fb7,60d61f93c69acab46c4bb8b6a284de9bf750d6540ced188277e63fe76a9c029a,753,511,JPEG,NONE_DEFINED_BY_ARCHIVE,Kaggle ai4a-lab/comprehensive-soil-classification-datasets v1
995,Red_Soil,Red_Soil:28,results/confirmatory/recovery/soil/staging/original/Red_Soil/28.jpg,b38523015e2be1573f111342d3a2856893a06c3212d94c830ce06daf6e19686e,783ec36afa4fad9916e94d136259d50d047f240acd436f2e076fd2bb8447ad25,850,567,JPEG,NONE_DEFINED_BY_ARCHIVE,Kaggle ai4a-lab/comprehensive-soil-classification-datasets v1
996,Red_Soil,Red_Soil:28,results/confirmatory/recovery/soil/staging/original/Red_Soil/28a.jpg,5ef5e603c5dc58816e49f0cca61084c2fd1d93ca18c22c924e4035a3fb3113d8,87c067ca2e9891a573dc431493032d902c477e49f80dd4a32f1f8a15d32f3afd,588,435,JPEG,NONE_DEFINED_BY_ARCHIVE,Kaggle ai4a-lab/comprehensive-soil-classification-datasets v1
997,Red_Soil,Red_Soil:29,results/confirmatory/recovery/soil/staging/original/Red_Soil/29.jpg,9c39cff9b909ae249e35ade3c985fb826b40e0df89d983cbbe6cdc8b8eacc3c9,11af4ba6427fff3f51b9110c60cd9fbe7f79dfcfe606e3ce649f7928b7268543,940,578,JPEG,NONE_DEFINED_BY_ARCHIVE,Kaggle ai4a-lab/comprehensive-soil-classification-datasets v1
998,Red_Soil,Red_Soil:2,results/confirmatory/recovery/soil/staging/original/Red_Soil/2a.jpg,9ad04fc2c5d33a106c4b85dba6eb869739e22b7f049b44d0a870681b2b10f5bc,ea4f1a45a878da00194352c5228155ab9cf7ca382d6da5be4eed6f29989e0c24,628,641,JPEG,NONE_DEFINED_BY_ARCHIVE,Kaggle ai4a-lab/comprehensive-soil-classification-datasets v1
999,Red_Soil,Red_Soil:3,results/confirmatory/recovery/soil/staging/original/Red_Soil/3.jpg,0fd80b1c79e84a257d38e73265cc4cfc93f0d1878c85fd854f69c3de911054e6,cea0e593b6f697c5496497593175ff8f5e745a11fb2be0d63c829b9aa2408924,800,800,JPEG,NONE_DEFINED_BY_ARCHIVE,Kaggle ai4a-lab/comprehensive-soil-classification-datasets v1
1000,Red_Soil,Red_Soil:31,results/confirmatory/recovery/soil/staging/original/Red_Soil/31.jpg,5a47cb3e5de104a2e7dd389ac10ef90aab85c6788988bc88a36e0e785cebe37f,e381da395a8a7addf8ce53c990883c66b021321b4731bee2e7ec6448982c9d4d,500,382,JPEG,NONE_DEFINED_BY_ARCHIVE,Kaggle ai4a-lab/comprehensive-soil-classification-datasets v1
1001,Red_Soil,Red_Soil:31,results/confirmatory/recovery/soil/staging/original/Red_Soil/31a.jpg,431cdc759036520c41cf4be8d28caf211933b48a3c1061453e46c8e8027fb3c3,8cff04c7ec5e6277be44b40a01ffda60f85d60b27bbca7eeaf114bb36b93d420,233,245,JPEG,NONE_DEFINED_BY_ARCHIVE,Kaggle ai4a-lab/comprehensive-soil-classification-datasets v1
1002,Red_Soil,Red_Soil:32,results/confirmatory/recovery/soil/staging/original/Red_Soil/32.jpg,f15e6870a2f5325472aa0e1b5babcdb33454ed3c161bd8a2c85c7a42d692a28c,b3ef4ef95d3d7a202a6c60894d50663ab57d4258ae03bc191beb5fc96e27467e,419,441,JPEG,NONE_DEFINED_BY_ARCHIVE,Kaggle ai4a-lab/comprehensive-soil-classification-datasets v1
1003,Red_Soil,Red_Soil:32,results/confirmatory/recovery/soil/staging/original/Red_Soil/32a.jpg,8968047e7687d1e4af209b5a4d5d13881d898678960c771e206514526310aae5,33736680141e6917694582fa8a6505f28bb71d9eb592b856b2ead2a1eb7b4194,354,339,JPEG,NONE_DEFINED_BY_ARCHIVE,Kaggle ai4a-lab/comprehensive-soil-classification-datasets v1
1004,Red_Soil,Red_Soil:33,results/confirmatory/recovery/soil/staging/original/Red_Soil/33.jpg,175bac2b17b03b9507f44d7b2ff8891ef3dd7d3bcfd608196cfe8d851831adbc,3a64bad65fe9ef834014f623c560f7bfc193dbdf7294c33f6ca85b143cbb2de5,410,409,JPEG,NONE_DEFINED_BY_ARCHIVE,Kaggle ai4a-lab/comprehensive-soil-classification-datasets v1
1005,Red_Soil,Red_Soil:34,results/confirmatory/recovery/soil/staging/original/Red_Soil/34.jpg,967c72cb6d7bea375d7059d9ae19c6601c01b2135bfe01b6c9093b8fd5e9ae42,3fa7b1b23ccf4e9e6ed4ce9b7c48d4c693a8a9fde450ec70599fbc2f4c16dd63,312,205,JPEG,NONE_DEFINED_BY_ARCHIVE,Kaggle ai4a-lab/comprehensive-soil-classification-datasets v1
1006,Red_Soil,Red_Soil:35,results/confirmatory/recovery/soil/staging/original/Red_Soil/35.jpg,c2b3bb7ca83c0a71211e3886a8199add25c3b288a8a313aeee52ed6bc8934ac3,cab763cac54872486b1eeff597024b9309253c9572b7f1d49168d73df23cf148,520,374,JPEG,NONE_DEFINED_BY_ARCHIVE,Kaggle ai4a-lab/comprehensive-soil-classification-datasets v1
1007,Red_Soil,Red_Soil:36,results/confirmatory/recovery/soil/staging/original/Red_Soil/36.jpg,b40bb5c90c5c278acad787d6b62f7d385f4d91406e929de5e52d3e293d8522a6,7ef9497befe69912c4f563b2e6097c16680770e90cdd47f0963c62853cca38c9,800,600,JPEG,NONE_DEFINED_BY_ARCHIVE,Kaggle ai4a-lab/comprehensive-soil-classification-datasets v1
1008,Red_Soil,Red_Soil:37,results/confirmatory/recovery/soil/staging/original/Red_Soil/37.jpg,5db61e9ccf2cefb48b79a7e9bd405d0ffa1d4e2a36c096a0dccdd3935183be67,24b8dedf1da973f43610d43861491766643ae9a668b3c694af7516753988b30b,834,837,JPEG,NONE_DEFINED_BY_ARCHIVE,Kaggle ai4a-lab/comprehensive-soil-classification-datasets v1
1009,Red_Soil,Red_Soil:38,results/confirmatory/recovery/soil/staging/original/Red_Soil/38.jpg,8c8e286eab94b0e67df20d2820cd9b53276852be5b776eab4dd405c61a7fa4f2,b677e02e1342198b592deea1117e819167a116c6157bdc44b45e6f459bc22fd4,867,1212,JPEG,NONE_DEFINED_BY_ARCHIVE,Kaggle ai4a-lab/comprehensive-soil-classification-datasets v1
1010,Red_Soil,Red_Soil:39,results/confirmatory/recovery/soil/staging/original/Red_Soil/39.jpg,65ab244b1a714ce3582676164a522b70def351705cf7019742b70f30e725bd30,5b046d38158d02971db480b5195703a7e2d4358d1f33bb1e946a1ed5874a4fbd,500,202,JPEG,NONE_DEFINED_BY_ARCHIVE,Kaggle ai4a-lab/comprehensive-soil-classification-datasets v1
1011,Red_Soil,Red_Soil:4,results/confirmatory/recovery/soil/staging/original/Red_Soil/4.jpg,a5ccac9557a3abd2926598633f5b33500d5912f389c1f55b11dc93dca4a500d9,a1204b75b3d128cd444d76854974e96acdb00a3b5a6e251ee156230184f4e0e7,371,500,JPEG,NONE_DEFINED_BY_ARCHIVE,Kaggle ai4a-lab/comprehensive-soil-classification-datasets v1
1012,Red_Soil,Red_Soil:41,results/confirmatory/recovery/soil/staging/original/Red_Soil/41.jpg,a6e8164cc4d70422399f11b0dab3678f04556f1965248fa6ba2c09d7ce84b99a,28a8309878ab03f736bd6d22e9ec8dd0f4e13059a8d0c13a7247811cfe61c4c1,224,220,JPEG,NONE_DEFINED_BY_ARCHIVE,Kaggle ai4a-lab/comprehensive-soil-classification-datasets v1
1013,Red_Soil,Red_Soil:41,results/confirmatory/recovery/soil/staging/original/Red_Soil/41a.jpg,3db233383e33dce94f4d6a0b42f883868e1106ca253df866378448686f73ac79,562d74b46c157fbab676e527373360569e037308bc4767f363a03fd74acff645,273,303,JPEG,NONE_DEFINED_BY_ARCHIVE,Kaggle ai4a-lab/comprehensive-soil-classification-datasets v1
1014,Red_Soil,Red_Soil:41,results/confirmatory/recovery/soil/staging/original/Red_Soil/41c.jpeg,0d8223c6d70edbe1c9c597f423507a84670be8b999e52e5fac286998f8656f20,8e149fea794cbe305223cfbaa854e16b3bce767fe5de2174d01c1a712cfaa3ca,371,500,JPEG,NONE_DEFINED_BY_ARCHIVE,Kaggle ai4a-lab/comprehensive-soil-classification-datasets v1
1015,Red_Soil,Red_Soil:42,results/confirmatory/recovery/soil/staging/original/Red_Soil/42.jpg,a8aa83eff1d10231c4acf9ffc9242c6e8bd3749255d09f68d8f5c2ee0aead931,69a2fd40ea3a4c865c9721a9c85fe23aee4748a1c98ef47ec5493a562390f913,360,270,JPEG,NONE_DEFINED_BY_ARCHIVE,Kaggle ai4a-lab/comprehensive-soil-classification-datasets v1
1016,Red_Soil,Red_Soil:43,results/confirmatory/recovery/soil/staging/original/Red_Soil/43.jpg,0d54cb6e4824ad3fcf33f94d1119d8bf3518088557b049c716173e6fe0a5d97d,c9523171c84f58ccc6492baa833ec66e52ba157f88bf7cbadd40acc88acf03b2,417,293,JPEG,NONE_DEFINED_BY_ARCHIVE,Kaggle ai4a-lab/comprehensive-soil-classification-datasets v1
1017,Red_Soil,Red_Soil:44,results/confirmatory/recovery/soil/staging/original/Red_Soil/44.jpg,46d0f4274a740e6b04dcdda4a711b6d43a4bfbb73f28240b3d393ec1a09e8902,75006a37e53f3c1848877741ebaadeabaa920ee89d179c9b3e392027004e7ec2,612,408,JPEG,NONE_DEFINED_BY_ARCHIVE,Kaggle ai4a-lab/comprehensive-soil-classification-datasets v1
1018,Red_Soil,Red_Soil:45,results/confirmatory/recovery/soil/staging/original/Red_Soil/45.jpg,1b6ec8f25adceb76bb675fadc225d70a686deb796179b3ad7820670ce93437c6,75e5890d540dc85384afece307ed71a501f4eef9a6d12d2f07177a33459af8af,500,374,JPEG,NONE_DEFINED_BY_ARCHIVE,Kaggle ai4a-lab/comprehensive-soil-classification-datasets v1
1019,Red_Soil,Red_Soil:45,results/confirmatory/recovery/soil/staging/original/Red_Soil/45a.jpg,8ff93a233093a296281daebb5525ff7c47da4afc00c171e79daf32f9da31fbda,71226d0855b3d9c49b3c43e6f5447e8001ae1a94f3611d635638d3f430d237b3,213,241,JPEG,NONE_DEFINED_BY_ARCHIVE,Kaggle ai4a-lab/comprehensive-soil-classification-datasets v1
1020,Red_Soil,Red_Soil:47,results/confirmatory/recovery/soil/staging/original/Red_Soil/47.jpg,01d579be1514cc9056e41caabea60fa3e94f8ed5d656a6262548f1f56d15ca33,7f33807fc962162cc394eaa448665dc1822bb28714941e898d5e151344e6ef84,720,465,JPEG,NONE_DEFINED_BY_ARCHIVE,Kaggle ai4a-lab/comprehensive-soil-classification-datasets v1
1021,Red_Soil,Red_Soil:48,results/confirmatory/recovery/soil/staging/original/Red_Soil/48.jpg,5558e00785946afd7842b7ea64feb9bb1ef0a3f959f9cfdfde76d66c03978557,56f7fc9c6aa17269b84f47f87361581a085181114f67c81702ba6625950a9847,421,328,JPEG,NONE_DEFINED_BY_ARCHIVE,Kaggle ai4a-lab/comprehensive-soil-classification-datasets v1
1022,Red_Soil,Red_Soil:49,results/confirmatory/recovery/soil/staging/original/Red_Soil/49.jpg,f35a77971095be7cecaa647a9cee33c37c58be136f926ee185a0cccfb8925d51,c69294d38468565153cab16c3c6a7377384bb1fdd2226ddc8b8c67a1fea870f0,229,267,JPEG,NONE_DEFINED_BY_ARCHIVE,Kaggle ai4a-lab/comprehensive-soil-classification-datasets v1
1023,Red_Soil,Red_Soil:4,results/confirmatory/recovery/soil/staging/original/Red_Soil/4a.jpg,96659ff2e2daf63574aec1663f857b9bd330d520d4b2208b5cc4dbc4420779f9,5c1a7d1f5485f02491c300ba084b1b66f77d55a3579b3b57cc1c372cf7e6f4b1,371,277,JPEG,NONE_DEFINED_BY_ARCHIVE,Kaggle ai4a-lab/comprehensive-soil-classification-datasets v1
1024,Red_Soil,Red_Soil:5,results/confirmatory/recovery/soil/staging/original/Red_Soil/5.jpg,5ad92584befa060144e896e95f313aa60d30df4b851240efd3c534293126d537,a83b59799982c8cd97dd98820712cc0e68eab286146709713e713c15cf9be113,2048,1366,JPEG,NONE_DEFINED_BY_ARCHIVE,Kaggle ai4a-lab/comprehensive-soil-classification-datasets v1
1025,Red_Soil,Red_Soil:50,results/confirmatory/recovery/soil/staging/original/Red_Soil/50.jpg,146464f47c3706f3d2a92d0dbe25318ec625e6b6d1128c6a6059e8b9ddf1a70c,1205ff953bc3312653452f616848c9f7784b9bbf750ee885d2c568e08fe79234,150,134,JPEG,NONE_DEFINED_BY_ARCHIVE,Kaggle ai4a-lab/comprehensive-soil-classification-datasets v1
1026,Red_Soil,Red_Soil:51,results/confirmatory/recovery/soil/staging/original/Red_Soil/51.jpg,2974c284c67acd0f0d8ca29e6a355df1317571f10a10dfdf4e5c32ffc0d07652,84e1f268136ce6d5d45fb1f23314db87979dc371bff0ec67e0ba6253482586ec,612,408,JPEG,NONE_DEFINED_BY_ARCHIVE,Kaggle ai4a-lab/comprehensive-soil-classification-datasets v1
1027,Red_Soil,Red_Soil:52,results/confirmatory/recovery/soil/staging/original/Red_Soil/52.jpg,3176d177972fad0b945b9bb6db8b40876e481ca887b25032839f28ec471d919d,37ca0a50a590df718a1035f96405d73b49401ec2fa944f32afba4fa07e1fabf4,1608,804,JPEG,NONE_DEFINED_BY_ARCHIVE,Kaggle ai4a-lab/comprehensive-soil-classification-datasets v1
1028,Red_Soil,Red_Soil:53,results/confirmatory/recovery/soil/staging/original/Red_Soil/53.jpg,801fe712c6ccc7ac9afb886728269728693f16f0207a14c4281497cfa1ea9360,faf4c91a2a4615c9bdf1fc8c62b4749a88f04d31fc6dccff32dc30ec20cafa6e,300,138,JPEG,NONE_DEFINED_BY_ARCHIVE,Kaggle ai4a-lab/comprehensive-soil-classification-datasets v1
1029,Red_Soil,Red_Soil:54,results/confirmatory/recovery/soil/staging/original/Red_Soil/54.jpg,610a2c556ed4ee470c374afbf11ad1837cbf413d2051ee0b162b0b4bf7090b61,b40984bf2f9521cf4bf4b035c06d17706a612ffe197cb1c027a9769e37e12374,600,400,JPEG,NONE_DEFINED_BY_ARCHIVE,Kaggle ai4a-lab/comprehensive-soil-classification-datasets v1
1030,Red_Soil,Red_Soil:54,results/confirmatory/recovery/soil/staging/original/Red_Soil/54a.jpg,1b52a78702e769a018f3ec2d1fdae44d0393248bc4a3d6357000ad6529a3672e,f80ecb78315268520ddd90dc8192e2276b0f4705c632311703a6d89b930e8bc9,297,235,JPEG,NONE_DEFINED_BY_ARCHIVE,Kaggle ai4a-lab/comprehensive-soil-classification-datasets v1
1031,Red_Soil,Red_Soil:54,results/confirmatory/recovery/soil/staging/original/Red_Soil/54b.jpg,8aaff8514b227737b63aeb4e77c1fa4bb40de608204673b7f88f69abfd0ce23d,cefcbe45df494dff16489b36b1d76a9e58b46bae34c90c997a119632a0a07dfa,228,207,JPEG,NONE_DEFINED_BY_ARCHIVE,Kaggle ai4a-lab/comprehensive-soil-classification-datasets v1
1032,Red_Soil,Red_Soil:55,results/confirmatory/recovery/soil/staging/original/Red_Soil/55.jpg,53a7dc92fa36bb41536c1202537051c756f1cc37f1e2e75252842ca6f98b06d6,0fe944c267d2e416725ce9077117d1ca4156951790df3d17eb3475ceae40cbd7,680,453,JPEG,NONE_DEFINED_BY_ARCHIVE,Kaggle ai4a-lab/comprehensive-soil-classification-datasets v1
1033,Red_Soil,Red_Soil:56,results/confirmatory/recovery/soil/staging/original/Red_Soil/56.jpg,43aaba7e493be2de63502040db897ae6b88255375953be680159784beed33590,9dd585af1b176db27d7d0f736c823063736a28f90f4859242f3619c7f0f5b782,600,349,JPEG,NONE_DEFINED_BY_ARCHIVE,Kaggle ai4a-lab/comprehensive-soil-classification-datasets v1
1034,Red_Soil,Red_Soil:56,results/confirmatory/recovery/soil/staging/original/Red_Soil/56a.jpg,b737eeea6b13c35dac3893d4864b4f733ccdf8a8571d85eb260b46b1e4a0ddb4,035b81f8a06d6f089fddba1fba5229f011ab99442855e29d633b8b7088bedcf5,202,200,JPEG,NONE_DEFINED_BY_ARCHIVE,Kaggle ai4a-lab/comprehensive-soil-classification-datasets v1
1035,Red_Soil,Red_Soil:57,results/confirmatory/recovery/soil/staging/original/Red_Soil/57.jpg,84a2d5a5b16dd77df874a526d13f9d25f161ad2d045e8047805350b49d7ea9fa,246a9950892cec96de637309d14ce1ed3cf94f4b21137d35a0efa40c9a778ee0,1200,674,JPEG,NONE_DEFINED_BY_ARCHIVE,Kaggle ai4a-lab/comprehensive-soil-classification-datasets v1
1036,Red_Soil,Red_Soil:58,results/confirmatory/recovery/soil/staging/original/Red_Soil/58.jpg,357e9a64dfcc45c54d439590da99452c9c36ae1ec4df3762ecfbb23ada3febf0,71cb9013a5abb721afa46bba10e8099a463bd850d2e8a29cc26890b795a7c7c1,1300,866,JPEG,NONE_DEFINED_BY_ARCHIVE,Kaggle ai4a-lab/comprehensive-soil-classification-datasets v1
1037,Red_Soil,Red_Soil:59,results/confirmatory/recovery/soil/staging/original/Red_Soil/59.jpg,67e8a971007ca1c1fc274632387ab2fbf176a3e4580ef9455daf0ca36fab638c,0652bc8062f5ee66b44d85a036a888161a27cfd4ab4884fcdcdad998bb78e3f5,340,211,JPEG,NONE_DEFINED_BY_ARCHIVE,Kaggle ai4a-lab/comprehensive-soil-classification-datasets v1
1038,Red_Soil,Red_Soil:59,results/confirmatory/recovery/soil/staging/original/Red_Soil/59a.jpg,1218618a1b78d7df14fa5138922eac16324674c70ca6067dc2b07e63a8543af1,a775152cc8b2768271554fee5affdd61216f4901cb1731dca2870deb205bfc5d,640,254,JPEG,NONE_DEFINED_BY_ARCHIVE,Kaggle ai4a-lab/comprehensive-soil-classification-datasets v1
1039,Red_Soil,Red_Soil:6,results/confirmatory/recovery/soil/staging/original/Red_Soil/6.jpg,19f75f4172761e035bd61ca37630d2e2c35e7592a7bc4c5305c86e3a26089d8d,045d14601dc895555795ad05424cc1e77ed272009cba339221a202426d72aad1,180,135,JPEG,NONE_DEFINED_BY_ARCHIVE,Kaggle ai4a-lab/comprehensive-soil-classification-datasets v1
1040,Red_Soil,Red_Soil:60,results/confirmatory/recovery/soil/staging/original/Red_Soil/60.jpg,1d626042aabdab84f185a4b4ca59f2463b5b28e704dc00874c930467426a4310,5e5f42f78c0b57e91ee74ca2ac3b29218881b9b8beedc8d9fb7964c8cf8eb790,1000,667,JPEG,NONE_DEFINED_BY_ARCHIVE,Kaggle ai4a-lab/comprehensive-soil-classification-datasets v1
1041,Red_Soil,Red_Soil:61,results/confirmatory/recovery/soil/staging/original/Red_Soil/61.jpg,42f09e777abf2822c0989bc19f7f2284cc4b1a8d24851833111bf81c3c8e6eb7,78a4e2c199bf888d52ed58bcda77303a29abd0d95d45746b2ce927c9ee640449,602,241,JPEG,NONE_DEFINED_BY_ARCHIVE,Kaggle ai4a-lab/comprehensive-soil-classification-datasets v1
1042,Red_Soil,Red_Soil:61,results/confirmatory/recovery/soil/staging/original/Red_Soil/61a.jpg,77da8e1adc6ceb5e10b8589eda49014226da4efbeab3837d056eb904350098c9,883abb46619a6aeade985ddbe6baca6e49e853573c33282fcc957a61c4e4c45a,370,221,JPEG,NONE_DEFINED_BY_ARCHIVE,Kaggle ai4a-lab/comprehensive-soil-classification-datasets v1
1043,Red_Soil,Red_Soil:62,results/confirmatory/recovery/soil/staging/original/Red_Soil/62.jpg,d49b621dfbdddda7593faeb6af9e92e71e78d57c98f3b0b49a6cd62267bd0f9f,b82f84504eb58ca40678428f24f4607bcb079832da0a352d73b77f424ce257b6,1200,401,JPEG,NONE_DEFINED_BY_ARCHIVE,Kaggle ai4a-lab/comprehensive-soil-classification-datasets v1
1044,Red_Soil,Red_Soil:62,results/confirmatory/recovery/soil/staging/original/Red_Soil/62a.jpg,bb59310e4af9db075c3e57752a60642d6d0fce180f7f0b67b3335feb1ffbb9e7,fe9fa7e23ec2c345e816223634e54f767ad195c952ce5506fcb49d156e9c3b6a,821,376,JPEG,NONE_DEFINED_BY_ARCHIVE,Kaggle ai4a-lab/comprehensive-soil-classification-datasets v1
1045,Red_Soil,Red_Soil:63,results/confirmatory/recovery/soil/staging/original/Red_Soil/63.jpg,74063b9ddf2588d135c1c5eeade5167e1d73dbe92f09282bf064b886fd51bc9f,78c90427af64fdcbce38104e2898e9097fe2591852fcf1e386636bc0273bf6a6,319,173,JPEG,NONE_DEFINED_BY_ARCHIVE,Kaggle ai4a-lab/comprehensive-soil-classification-datasets v1
1046,Red_Soil,Red_Soil:64,results/confirmatory/recovery/soil/staging/original/Red_Soil/64.jpg,321bf2500b67add772e321604f0269b7d4d61655891bcc03829e4983d3e9fe32,1a3c8bf5099d54238a372efe7f42c4bfa4093413cbb06a0953e063aa77a2ffc3,366,370,JPEG,NONE_DEFINED_BY_ARCHIVE,Kaggle ai4a-lab/comprehensive-soil-classification-datasets v1
1047,Red_Soil,Red_Soil:65,results/confirmatory/recovery/soil/staging/original/Red_Soil/65.jpg,e50a6129ff33ec16762d79ec801b65175be51635a4409b5779548c7543006aab,de813aac5a7335773606266174b3038a8d78e0c3629adeff8309ec7d92c72c5b,253,258,JPEG,NONE_DEFINED_BY_ARCHIVE,Kaggle ai4a-lab/comprehensive-soil-classification-datasets v1
1048,Red_Soil,Red_Soil:65,results/confirmatory/recovery/soil/staging/original/Red_Soil/65a.jpg,00e17a67fd56eb8593bd29541f4da2bafdd835e978de107bb70c357e5f1fb77e,8eb462b396ca3f60734e7b916b3ffe4c74a14fb3b9e0de058a44a48e647bfe04,324,337,JPEG,NONE_DEFINED_BY_ARCHIVE,Kaggle ai4a-lab/comprehensive-soil-classification-datasets v1
1049,Red_Soil,Red_Soil:66,results/confirmatory/recovery/soil/staging/original/Red_Soil/66.jpg,e5dc7daa6f26ec00fec685631f3b15eb351e873e5cee0ee30adf8b46f321ae20,69e3fcccacc9e0d70a655dc2ecbdd90c8b6d94af4a5af6bf5ba44592306d7080,700,480,JPEG,NONE_DEFINED_BY_ARCHIVE,Kaggle ai4a-lab/comprehensive-soil-classification-datasets v1
1050,Red_Soil,Red_Soil:66,results/confirmatory/recovery/soil/staging/original/Red_Soil/66a.jpg,d6f234ea3a3905ad8964bf3eb4451c8b3c0061d43a370005b7f74584b185ce84,a9b43941ad662641b8c93c48a4abb23d22dbd03d933d0a123b9b2531d35e6158,388,480,JPEG,NONE_DEFINED_BY_ARCHIVE,Kaggle ai4a-lab/comprehensive-soil-classification-datasets v1
1051,Red_Soil,Red_Soil:67,results/confirmatory/recovery/soil/staging/original/Red_Soil/67.jpg,5b1e864293c32d71fdb21a07aa5578998afec63316ca00103a7ac6ddb3becab2,90c9040ec24e7a3805285ec36274669a32634d6e1e9c51915957b1b8ef8cb0ff,873,510,JPEG,NONE_DEFINED_BY_ARCHIVE,Kaggle ai4a-lab/comprehensive-soil-classification-datasets v1
1052,Red_Soil,Red_Soil:68,results/confirmatory/recovery/soil/staging/original/Red_Soil/68.jpg,a7398148fef0453fd31558c41d7b52407db643657242e09dbc4b1c302610e8c7,e5aa306dd822a98d7a8482c59f46194715d9373ab8113f7936835534505f9fe5,643,666,JPEG,NONE_DEFINED_BY_ARCHIVE,Kaggle ai4a-lab/comprehensive-soil-classification-datasets v1
1053,Red_Soil,Red_Soil:69,results/confirmatory/recovery/soil/staging/original/Red_Soil/69.jpg,73ee21c4562ad5c21a634f1928435ee46747aa81dbe58d6702a6bd942542c9fe,ab23dd52a2d421bbcc28715ecf206b3f048c172a830dcd83b3e37d116d725949,540,360,JPEG,NONE_DEFINED_BY_ARCHIVE,Kaggle ai4a-lab/comprehensive-soil-classification-datasets v1
1054,Red_Soil,Red_Soil:7,results/confirmatory/recovery/soil/staging/original/Red_Soil/7.jpg,99220edf81baff9ca0e38490f88847f926cb517c699902017f352142a8d7d5f9,5b7af1f0968ed1d9d5f74253f8c02a6247b5ed20dbd66680938d6094012a24c5,500,225,JPEG,NONE_DEFINED_BY_ARCHIVE,Kaggle ai4a-lab/comprehensive-soil-classification-datasets v1
1055,Red_Soil,Red_Soil:70,results/confirmatory/recovery/soil/staging/original/Red_Soil/70.jpg,d515d1ac2238b40245be890fff824b912c82a2b6f67e43070413afde0ef3db5c,afd19f77fde70767d0cb3dd41f97efc9c8aa63275597e91f62ddc5cef03adaaa,162,101,JPEG,NONE_DEFINED_BY_ARCHIVE,Kaggle ai4a-lab/comprehensive-soil-classification-datasets v1
1056,Red_Soil,Red_Soil:71,results/confirmatory/recovery/soil/staging/original/Red_Soil/71.jpg,13130425163a430b2372382d503740510ae5e5eb70e0e49134504cb0bfb3ab16,90582127f9149d48661a2774676bcf90d5f4c1f7411dd679635557c5850c0db0,662,439,JPEG,NONE_DEFINED_BY_ARCHIVE,Kaggle ai4a-lab/comprehensive-soil-classification-datasets v1
1057,Red_Soil,Red_Soil:72,results/confirmatory/recovery/soil/staging/original/Red_Soil/72.jpg,5d5567ccfceb508d6e898db63eae83b84239f356f800b4ae3855ee51574a9ddb,be1eb8b3576874aef32debb2cd8dba9c19ac443a345bb8857adb89da1b041bf7,375,231,JPEG,NONE_DEFINED_BY_ARCHIVE,Kaggle ai4a-lab/comprehensive-soil-classification-datasets v1
1058,Red_Soil,Red_Soil:73,results/confirmatory/recovery/soil/staging/original/Red_Soil/73.jpg,8d63db8de79427325b1f026a90e7b8714bf207fd928d5e38ef56de36a3f01b5a,b56fe4d9fb27c291294c815b76f6df5632f09738eaca5eb4a080cd2b8f238209,200,200,JPEG,NONE_DEFINED_BY_ARCHIVE,Kaggle ai4a-lab/comprehensive-soil-classification-datasets v1
1059,Red_Soil,Red_Soil:74,results/confirmatory/recovery/soil/staging/original/Red_Soil/74.jpg,3a05c47ccec69757b9d4e1ca369de091107b50b8c9a9779b5a6aa6f162bfd197,f760c816114a88eeec0ca18fd71c71e2f06212f6723d34e9bdfce01e98821a68,332,235,JPEG,NONE_DEFINED_BY_ARCHIVE,Kaggle ai4a-lab/comprehensive-soil-classification-datasets v1
1060,Red_Soil,Red_Soil:75,results/confirmatory/recovery/soil/staging/original/Red_Soil/75.jpg,61b24a408828e88ab57e404541264f4b2532ea9772df3a74813ddfcf484d0de8,75649288fb05565874ddc8f8690cc5c541c3c7dd4fd9aa02a8eb84d5f06684b6,240,188,JPEG,NONE_DEFINED_BY_ARCHIVE,Kaggle ai4a-lab/comprehensive-soil-classification-datasets v1
1061,Red_Soil,Red_Soil:76,results/confirmatory/recovery/soil/staging/original/Red_Soil/76.jpg,f47e67d47765aeb3ffdd234101cdc6215cb05c282c8f236fbacba56158c8d489,104c897ebcec60aa4f19ed821965dd8bcb5681729cfd2c38a4951808ae100a20,509,339,JPEG,NONE_DEFINED_BY_ARCHIVE,Kaggle ai4a-lab/comprehensive-soil-classification-datasets v1
1062,Red_Soil,Red_Soil:77,results/confirmatory/recovery/soil/staging/original/Red_Soil/77.jpg,bcbe4710abe45457231b82d0c1b91932235c4001d6752d4ee4cc2d112fb0c7dd,02661ccaa9df026122ef12cf217638dad39ac3525795132f23367e3ceb4da1e9,219,161,JPEG,NONE_DEFINED_BY_ARCHIVE,Kaggle ai4a-lab/comprehensive-soil-classification-datasets v1
1063,Red_Soil,Red_Soil:78,results/confirmatory/recovery/soil/staging/original/Red_Soil/78.jpg,248d4f2a92f8564f5b1584783537a0a430c8ae0f73523b6e943540ba6a864327,fd57b0b6756b035519fbee7acee31a1f79ab9a3ce279fca46c3b2e52acbf151d,460,460,JPEG,NONE_DEFINED_BY_ARCHIVE,Kaggle ai4a-lab/comprehensive-soil-classification-datasets v1
1064,Red_Soil,Red_Soil:79,results/confirmatory/recovery/soil/staging/original/Red_Soil/79.jpg,3e5a38b07d254240a3b65b2062da8f987711cf77612e97a46c2fb1c628ed27a1,69620b2beec88e3c17b9314a7881d1d2c9436388bdd82f7618fcf3022cc5c240,205,223,JPEG,NONE_DEFINED_BY_ARCHIVE,Kaggle ai4a-lab/comprehensive-soil-classification-datasets v1
1065,Red_Soil,Red_Soil:8,results/confirmatory/recovery/soil/staging/original/Red_Soil/8.jpg,a0db8c6d77442cc44c73c142df2fa737070068cf8e2eb3a2e737deb5ac2fae83,bdc3da0615f12faa54e403863aef9b6790149fb4f7e6afd5cb674032f5b3a0ee,253,450,JPEG,NONE_DEFINED_BY_ARCHIVE,Kaggle ai4a-lab/comprehensive-soil-classification-datasets v1
1066,Red_Soil,Red_Soil:80,results/confirmatory/recovery/soil/staging/original/Red_Soil/80.jpg,945c6724b27f43b157ccd581136bc36f0299df806570f7ba788eb90f52f5f87e,d9d4b6298f763cf1cec30ffc8d8f01f4bdc07e75100d4f7702dd698fc80df52e,1300,592,JPEG,NONE_DEFINED_BY_ARCHIVE,Kaggle ai4a-lab/comprehensive-soil-classification-datasets v1
1067,Red_Soil,Red_Soil:80,results/confirmatory/recovery/soil/staging/original/Red_Soil/80a.jpg,54199eb189f24db1325c5d135f719ff0ae661bbc75cb86daf94ea5ac40cec284,1c26b111dae4e68c3610e5179d947b09ff298c13fbecf6d46f683cac6a2f9cee,572,494,JPEG,NONE_DEFINED_BY_ARCHIVE,Kaggle ai4a-lab/comprehensive-soil-classification-datasets v1
1068,Red_Soil,Red_Soil:80,results/confirmatory/recovery/soil/staging/original/Red_Soil/80b.jpg,4969ab7723ba28d17f2b04b9849d4d5fe98a7832f5db2398fe79ede797a45fcb,96fba8cdc6b7afbebc4f3e6131e369dd9d8afec5f869cb6d30b909dc4a4be163,540,427,JPEG,NONE_DEFINED_BY_ARCHIVE,Kaggle ai4a-lab/comprehensive-soil-classification-datasets v1
1069,Red_Soil,Red_Soil:81,results/confirmatory/recovery/soil/staging/original/Red_Soil/81.jpg,471ea8a1122dc277735bee2b637e0e97ba990ab2c2b532ccd0483d1d82214d62,601c0b75cab0d190c5afbc51209b36b3c04bb5bf1254c2c5db2f0b00b3c73087,197,193,JPEG,NONE_DEFINED_BY_ARCHIVE,Kaggle ai4a-lab/comprehensive-soil-classification-datasets v1
1070,Red_Soil,Red_Soil:82,results/confirmatory/recovery/soil/staging/original/Red_Soil/82.jpg,b99f9201c606eda8baf4edac0986aeecc3ad9519ba663416896e985d9a2a1336,043080948846749de032fc589e073e0244f8063642a5ff735ef65f3b62441c37,468,249,JPEG,NONE_DEFINED_BY_ARCHIVE,Kaggle ai4a-lab/comprehensive-soil-classification-datasets v1
1071,Red_Soil,Red_Soil:83,results/confirmatory/recovery/soil/staging/original/Red_Soil/83.jpg,b449afab704724a6a2cf331e3203661ebf0c9689d4559dd1a38d2e9ea5b21334,119aeb8e463fefc48d43e2b45aa70014307985f1d40a17ee37979ed43949e044,196,350,JPEG,NONE_DEFINED_BY_ARCHIVE,Kaggle ai4a-lab/comprehensive-soil-classification-datasets v1
1072,Red_Soil,Red_Soil:84,results/confirmatory/recovery/soil/staging/original/Red_Soil/84.jpg,6c9b5465f6ceee4321c3d17cc1f697a388d5efda55753a89320237d2db151b8e,5208f8b6bebf561d1f375cb9d741c906e1b8a9cc4e7e42ae02b773f53f2d09e9,214,140,JPEG,NONE_DEFINED_BY_ARCHIVE,Kaggle ai4a-lab/comprehensive-soil-classification-datasets v1
1073,Red_Soil,Red_Soil:85,results/confirmatory/recovery/soil/staging/original/Red_Soil/85.jpg,9886a6605e08fcb43c6bcd0c88f76c220005d1535274d225c5c5c10a4a9a8657,09d8185d13a0cdac82603aee5b01fe63eee8d97ef364176f205d5b0f6448f919,561,494,JPEG,NONE_DEFINED_BY_ARCHIVE,Kaggle ai4a-lab/comprehensive-soil-classification-datasets v1
1074,Red_Soil,Red_Soil:86,results/confirmatory/recovery/soil/staging/original/Red_Soil/86.jpg,099f3070e4288be091d50ddccc295e6d6da144fa6bb7e6a25b6d111bb88080a6,f03eef657eed25a0c989edee6438780a379036a2a681399dca4287a062805388,481,598,JPEG,NONE_DEFINED_BY_ARCHIVE,Kaggle ai4a-lab/comprehensive-soil-classification-datasets v1
1075,Yellow_Soil,Yellow_Soil:1,results/confirmatory/recovery/soil/staging/original/Yellow_Soil/1.jpg,eab2d126fe18e615c7ab4c3f3b10ab9bb19d061373facc5d059440ecd8d30621,40d5f838dbbf7b7c669b1be956fa475c2940f4d49aaac0476713cabfc163c872,753,1000,JPEG,NONE_DEFINED_BY_ARCHIVE,Kaggle ai4a-lab/comprehensive-soil-classification-datasets v1
1076,Yellow_Soil,Yellow_Soil:10,results/confirmatory/recovery/soil/staging/original/Yellow_Soil/10.jpg,245b91767e3eac25c755e77c075ebe64102a727111d7df00905f13d35824b9a8,c1254b4dfd78bab609ebd86f8e8dfbe88cd79f8a2dfc86b3f4c6bda111a7664e,500,324,JPEG,NONE_DEFINED_BY_ARCHIVE,Kaggle ai4a-lab/comprehensive-soil-classification-datasets v1
1077,Yellow_Soil,Yellow_Soil:106,results/confirmatory/recovery/soil/staging/original/Yellow_Soil/106.jpg,d566d3e0acd71b025ab7cdc52263825eb0ad9ba81708171bf93111c01b6732a5,680d132ca2ab7eba4daa8f1902a08151a9d798dc21676a9686dc88e2e2cdcfdf,434,318,JPEG,NONE_DEFINED_BY_ARCHIVE,Kaggle ai4a-lab/comprehensive-soil-classification-datasets v1
1078,Yellow_Soil,Yellow_Soil:11,results/confirmatory/recovery/soil/staging/original/Yellow_Soil/11.jpg,298aaa1e15208b2e32741fc11f001b46b854c718225afa7387ef79f071e22bcf,a6201e25270583906c7f25aaf17c78df15e5ad09024616e6dc4005bb50c1c46a,390,255,JPEG,NONE_DEFINED_BY_ARCHIVE,Kaggle ai4a-lab/comprehensive-soil-classification-datasets v1
1079,Yellow_Soil,Yellow_Soil:12,results/confirmatory/recovery/soil/staging/original/Yellow_Soil/12.jpg,3b9b130bf1666396eb4a2fcae938ec075832afe7f9d442c7cd5f630d74b3ed69,9107d867d2d6dde677e7dbd9f38191eff7332fc6defcc98f91920a11a27952f3,1300,864,JPEG,NONE_DEFINED_BY_ARCHIVE,Kaggle ai4a-lab/comprehensive-soil-classification-datasets v1
1080,Yellow_Soil,Yellow_Soil:12,results/confirmatory/recovery/soil/staging/original/Yellow_Soil/12a.jpg,ca232de5f7d06897b1b2192c19e4c8d526258f092a2def7014c23fc9f19e5811,daa279aa85b6af16289bcaee857a9cd8da60d2a5b4b8bd0846f379243246efac,654,546,JPEG,NONE_DEFINED_BY_ARCHIVE,Kaggle ai4a-lab/comprehensive-soil-classification-datasets v1
1081,Yellow_Soil,Yellow_Soil:12,results/confirmatory/recovery/soil/staging/original/Yellow_Soil/12b.jpg,6c4e29456b4a2b505ed22fc91d14aca935748d40a6a00101e3826d48096d9116,5a5c78cbfa1bc8f3deeb2b70fefa52fdb9ce2a5015ae6e644f5ec3fbb54bba5e,615,569,JPEG,NONE_DEFINED_BY_ARCHIVE,Kaggle ai4a-lab/comprehensive-soil-classification-datasets v1
1082,Yellow_Soil,Yellow_Soil:14,results/confirmatory/recovery/soil/staging/original/Yellow_Soil/14.jpg,f4b8d1a33a7e5b31df4f140d9c41af3123ad5a027bd10206c895db7644945043,7b26e145d610105ee9a96f0daed0bb7b30badfe39fbe1b2ae85ac35617d988fc,509,339,JPEG,NONE_DEFINED_BY_ARCHIVE,Kaggle ai4a-lab/comprehensive-soil-classification-datasets v1
1083,Yellow_Soil,Yellow_Soil:16,results/confirmatory/recovery/soil/staging/original/Yellow_Soil/16.jpg,c34bb7f58ff38e4b11ffe05949599ce2c37056c2a1327fe5a49eb90d10ba0b37,5283bdb04db1a756f4a5c605e8156c85eefd5f967b2a8c5ab5b72a66a4458a38,720,478,JPEG,NONE_DEFINED_BY_ARCHIVE,Kaggle ai4a-lab/comprehensive-soil-classification-datasets v1
1084,Yellow_Soil,Yellow_Soil:17,results/confirmatory/recovery/soil/staging/original/Yellow_Soil/17.jpg,99a02c1b9c0e7ef3bd0cf80543b1dfde519a15effc5a7c6df65e82f926b65e41,4c0aaab34f9ce9b3af2dc3132a2ebd7cd326cb7a6c6357c90554fb8a638bf5c5,1050,525,JPEG,NONE_DEFINED_BY_ARCHIVE,Kaggle ai4a-lab/comprehensive-soil-classification-datasets v1
1085,Yellow_Soil,Yellow_Soil:19,results/confirmatory/recovery/soil/staging/original/Yellow_Soil/19.jpg,8fc89fa37e86e5a94bf2af69272cd9e1d0decf7bbb638ce291a34d0005550ba2,c0c84e50f0719ab0934d1d06a1afd5b44b2bd535f35286c9c2a060078fd760a2,203,239,JPEG,NONE_DEFINED_BY_ARCHIVE,Kaggle ai4a-lab/comprehensive-soil-classification-datasets v1
1086,Yellow_Soil,Yellow_Soil:2,results/confirmatory/recovery/soil/staging/original/Yellow_Soil/2.jpg,cc9c1e367b00e32aada8705b6a7b18a37d735e98c379fc5d3fef4fc494f63095,8a220ecdc7bdd05c70ee34eb0cc4182cd87acd8de43ea1ed1500eb2d8976cb04,1600,1045,JPEG,NONE_DEFINED_BY_ARCHIVE,Kaggle ai4a-lab/comprehensive-soil-classification-datasets v1
1087,Yellow_Soil,Yellow_Soil:21,results/confirmatory/recovery/soil/staging/original/Yellow_Soil/21.jpg,223020d91e6ca7db4367f457b2265abc186d7959cd2ea5debff12c448e8f6a1a,873808d3b87488b9a0cbff45e7068edc77ea45e8be372342ebacf12987024dcd,252,154,JPEG,NONE_DEFINED_BY_ARCHIVE,Kaggle ai4a-lab/comprehensive-soil-classification-datasets v1
1088,Yellow_Soil,Yellow_Soil:213,results/confirmatory/recovery/soil/staging/original/Yellow_Soil/213.jpg,301853ff24f0c3738b770aaea20efae1f30ab9c837b7c3f99cdcb678c221462b,eeb362d6b95251108fa47564efc7bd065cca37bdc143e52ab0e18b7d0d63c786,590,261,JPEG,NONE_DEFINED_BY_ARCHIVE,Kaggle ai4a-lab/comprehensive-soil-classification-datasets v1
1089,Yellow_Soil,Yellow_Soil:213,results/confirmatory/recovery/soil/staging/original/Yellow_Soil/213a.jpg,872bfaa89d4e2f8a3f58f5ea1cfe59fba1b5ead2518e0fd3223b0befd6badd6b,da8f09b23066cd8753d2a4adba326f7495784ad3edbc1d21a97e5bff867f7d23,626,181,JPEG,NONE_DEFINED_BY_ARCHIVE,Kaggle ai4a-lab/comprehensive-soil-classification-datasets v1
1090,Yellow_Soil,Yellow_Soil:213,results/confirmatory/recovery/soil/staging/original/Yellow_Soil/213b.jpg,6144f84fb983c9c6bf9920c138f867c658712970ea3f26f332fb53021f0e69c1,c4df4b25527209be807254410db57b064b17790f514c0a1e8900d30a15f6d988,343,181,JPEG,NONE_DEFINED_BY_ARCHIVE,Kaggle ai4a-lab/comprehensive-soil-classification-datasets v1
1091,Yellow_Soil,Yellow_Soil:215,results/confirmatory/recovery/soil/staging/original/Yellow_Soil/215.jpg,361611a178ee8d9dafb996fcab47aeeabf349ed727d70054b03210d3733b85c8,829156076ba40d21e55130d3f589af540b36319189bafb8feeae3e94412e4eb6,294,235,JPEG,NONE_DEFINED_BY_ARCHIVE,Kaggle ai4a-lab/comprehensive-soil-classification-datasets v1
1092,Yellow_Soil,Yellow_Soil:21,results/confirmatory/recovery/soil/staging/original/Yellow_Soil/21a.jpg,ad4807b68ccd71738ef75b7f48ccc644e6bf5db403348b6383cd06b0ff9ac0cc,e06f03e21d5ce1fbf946583d17b11bcfdb74a4b9b02f4e7d32e44f437461d6ac,205,254,JPEG,NONE_DEFINED_BY_ARCHIVE,Kaggle ai4a-lab/comprehensive-soil-classification-datasets v1
1093,Yellow_Soil,Yellow_Soil:22,results/confirmatory/recovery/soil/staging/original/Yellow_Soil/22.jpg,bd6d1c4e79b6b82f07da16751ed9f8a418182e22be68e95c6e0f39a96c391773,3b0233c13a0d385a5bbb4d5b4d7d00b6344f0295413ed8b245bc01f8716d89c5,1430,664,JPEG,NONE_DEFINED_BY_ARCHIVE,Kaggle ai4a-lab/comprehensive-soil-classification-datasets v1
1094,Yellow_Soil,Yellow_Soil:22,results/confirmatory/recovery/soil/staging/original/Yellow_Soil/22a.jpg,3a5ebe0eb9161ca53ae433a1ab882495765b75c70d13d461264a49e93e139836,4f44895be77ab97683417d036df7a57108d476adfabd80e598d86ea236b3e0aa,476,422,JPEG,NONE_DEFINED_BY_ARCHIVE,Kaggle ai4a-lab/comprehensive-soil-classification-datasets v1
1095,Yellow_Soil,Yellow_Soil:22,results/confirmatory/recovery/soil/staging/original/Yellow_Soil/22b.jpg,a095f8290a84cda8731574a816f653c47fc7e180ffeb8b19923af8b46903733c,20732b3ed416f066a7ba2f1762abb990f5db17f41c9108f8c52b290d84eac84b,450,400,JPEG,NONE_DEFINED_BY_ARCHIVE,Kaggle ai4a-lab/comprehensive-soil-classification-datasets v1
1096,Yellow_Soil,Yellow_Soil:23,results/confirmatory/recovery/soil/staging/original/Yellow_Soil/23.jpg,b0e478a30c8015f43470fc0e31b6f602795ed8d6fe5d64f4b732c301e2828ccb,de01473d6ea0176f7a63f1ae08ec9d333b0c0640ac6b5bd1f2e4f7bd09a53de9,500,483,JPEG,NONE_DEFINED_BY_ARCHIVE,Kaggle ai4a-lab/comprehensive-soil-classification-datasets v1
1097,Yellow_Soil,Yellow_Soil:24,results/confirmatory/recovery/soil/staging/original/Yellow_Soil/24.jpg,bf3dddacc8438e76229f0bb91679f4c4b7262ed4f74eb68bef4cb7284191fe03,0e3308db161083a1edb7ea0d3c78241704e684efc67b74722bd739d7a90b80a4,260,257,JPEG,NONE_DEFINED_BY_ARCHIVE,Kaggle ai4a-lab/comprehensive-soil-classification-datasets v1
1098,Yellow_Soil,Yellow_Soil:25,results/confirmatory/recovery/soil/staging/original/Yellow_Soil/25.jpg,64cdbd4ccad44b272ad2ea038380fa7ea4b7c00eb846a6a7a7b258142ad791f8,7f0f8858246b25da7e48e3230d7abad075231c768052106b98fc8db6997f25cd,594,642,JPEG,NONE_DEFINED_BY_ARCHIVE,Kaggle ai4a-lab/comprehensive-soil-classification-datasets v1
1099,Yellow_Soil,Yellow_Soil:25,results/confirmatory/recovery/soil/staging/original/Yellow_Soil/25a.jpg,ec2a5ba98248ed6404cbe8538805b8f0bd153e212e229622101ca870529ceef5,9ace7100fdcfe265a2a01bba59a4d930c349dd0c090a9aa75af3af2c36547e13,1024,413,JPEG,NONE_DEFINED_BY_ARCHIVE,Kaggle ai4a-lab/comprehensive-soil-classification-datasets v1
1100,Yellow_Soil,Yellow_Soil:25,results/confirmatory/recovery/soil/staging/original/Yellow_Soil/25b.jpg,b924ee7fd768ef87ce00a4c5656a9a241b7842bbdbb69426ce023447b507db60,0920a240012a3089da52b61ceea3d4c472e4e33762f1bdba8da0bd56b132973c,404,179,JPEG,NONE_DEFINED_BY_ARCHIVE,Kaggle ai4a-lab/comprehensive-soil-classification-datasets v1
1101,Yellow_Soil,Yellow_Soil:26,results/confirmatory/recovery/soil/staging/original/Yellow_Soil/26.jpg,9951b4625b869cdd94b2029d19f597856357613f417291cc6273646b7c5b269a,cfe37460f303720cb7dbe1bf551f6e8a5431cbd4f7117404809aaf1e2236aab3,500,500,JPEG,NONE_DEFINED_BY_ARCHIVE,Kaggle ai4a-lab/comprehensive-soil-classification-datasets v1
1102,Yellow_Soil,Yellow_Soil:27,results/confirmatory/recovery/soil/staging/original/Yellow_Soil/27.jpg,a6fae49c15166ddc135f5106fc79caa4eaaaf7ed07f1e26f76244af75a7fcf72,5a49df95c3d836c540922cb9ea91c46438e4d46654d0a61db31aaf04e3cb87fb,189,188,JPEG,NONE_DEFINED_BY_ARCHIVE,Kaggle ai4a-lab/comprehensive-soil-classification-datasets v1
1103,Yellow_Soil,Yellow_Soil:30,results/confirmatory/recovery/soil/staging/original/Yellow_Soil/30.jpg,9fffe0e47e16fe0160818cc3aa0ba6ff230d71657d851edc1aa5921e8923cb8f,c35e7b73418da549e0444edb4638ec95cd0e0e7bb69f47fdf8703723352e71f0,396,421,JPEG,NONE_DEFINED_BY_ARCHIVE,Kaggle ai4a-lab/comprehensive-soil-classification-datasets v1
1104,Yellow_Soil,Yellow_Soil:33,results/confirmatory/recovery/soil/staging/original/Yellow_Soil/33.jpg,261edafa7deeeaee5e876942b73b8fcf2c4b337f2d615b6a6a5fb2c21dc25461,76f1143d86734f474e337c7fce1980960c4d5d5a33311730769b277c969135db,474,299,JPEG,NONE_DEFINED_BY_ARCHIVE,Kaggle ai4a-lab/comprehensive-soil-classification-datasets v1
1105,Yellow_Soil,Yellow_Soil:34,results/confirmatory/recovery/soil/staging/original/Yellow_Soil/34.jpg,fda4c652bc7607f73342011d90d3d3cb14aa2a8a2ba1d7d9f88d3fea93f33f65,075155fa41b31645a44f453c4267d0e9b1074ba79e931f2cf0082ce1ff41d533,500,323,JPEG,NONE_DEFINED_BY_ARCHIVE,Kaggle ai4a-lab/comprehensive-soil-classification-datasets v1
1106,Yellow_Soil,Yellow_Soil:35,results/confirmatory/recovery/soil/staging/original/Yellow_Soil/35.jpg,66c75bd991609458bbb1ee0cccb324d3302a78b18622939226313e179192486a,c79caffe3327f1f9191b9fc9223b3f2bd8218c0509989cfbbd12af617cb750ab,700,466,JPEG,NONE_DEFINED_BY_ARCHIVE,Kaggle ai4a-lab/comprehensive-soil-classification-datasets v1
1107,Yellow_Soil,Yellow_Soil:36,results/confirmatory/recovery/soil/staging/original/Yellow_Soil/36.jpg,f1cc9a1323c0825b1c9accd2c71f4bd8851b887f54f087b740774147234b8822,bb2bd5645a6705420e23f4e35ff61a46f38629e7c237399846baa78d64125bd4,1400,788,JPEG,NONE_DEFINED_BY_ARCHIVE,Kaggle ai4a-lab/comprehensive-soil-classification-datasets v1
1108,Yellow_Soil,Yellow_Soil:37,results/confirmatory/recovery/soil/staging/original/Yellow_Soil/37.jpg,cde72066d5188c3799e29b324362f8d13cab40dcae07dfa20037919b93b37b7b,fb4a9d7ca1ce0345138221dcc2bc9a0f05650a84c5055cfdfb0ed9ad0495b50e,1024,682,JPEG,NONE_DEFINED_BY_ARCHIVE,Kaggle ai4a-lab/comprehensive-soil-classification-datasets v1
1109,Yellow_Soil,Yellow_Soil:4,results/confirmatory/recovery/soil/staging/original/Yellow_Soil/4.jpg,fe2dc783373299c4a345c39484cb0f27091980a2cb8a04478e46679e31dd1152,5dd1c92069d7b2795186950ffa2e6f5c47560a20a41e499f88c54af6844562a7,645,407,JPEG,NONE_DEFINED_BY_ARCHIVE,Kaggle ai4a-lab/comprehensive-soil-classification-datasets v1
1110,Yellow_Soil,Yellow_Soil:40,results/confirmatory/recovery/soil/staging/original/Yellow_Soil/40.jpg,9b1bf1d9fdd5ee287bdf8b04ca49507a59bf17226a7cd5a6fefc68381571047e,aded8ec7a1930cd367332e6caf2e9bc1b62863eb4ecc86b80961abdb58237ca3,360,360,JPEG,NONE_DEFINED_BY_ARCHIVE,Kaggle ai4a-lab/comprehensive-soil-classification-datasets v1
1111,Yellow_Soil,Yellow_Soil:41,results/confirmatory/recovery/soil/staging/original/Yellow_Soil/41.jpg,6ff39b55f28fd8d22509e2446ec0e448c82ceb3fcb3a8d310ccbca7098b54578,21217442b89dc00cf3cf11c58b0ab6222affb0b07bf7cd325bff8550dfa40b26,577,350,JPEG,NONE_DEFINED_BY_ARCHIVE,Kaggle ai4a-lab/comprehensive-soil-classification-datasets v1
1112,Yellow_Soil,Yellow_Soil:41,results/confirmatory/recovery/soil/staging/original/Yellow_Soil/41a.jpg,7535b7a4d10cbc95bbab08ee337b4ba7b15dce5529f9bd9863295f7d0d515b43,8012346a0cf88fa4b95aeb70b7744734f1389bde98aca7fb1bc7532ac76907d8,176,336,JPEG,NONE_DEFINED_BY_ARCHIVE,Kaggle ai4a-lab/comprehensive-soil-classification-datasets v1
1113,Yellow_Soil,Yellow_Soil:41,results/confirmatory/recovery/soil/staging/original/Yellow_Soil/41b.jpg,d9a7d59b57b6ae4846dc17cebb8c1a8f868344fd40a4d3d0086729d06d08e3ac,c110943d0a727740b5d0e4178a746e80127ecfc6af366782786c78a896d92262,174,335,JPEG,NONE_DEFINED_BY_ARCHIVE,Kaggle ai4a-lab/comprehensive-soil-classification-datasets v1
1114,Yellow_Soil,Yellow_Soil:41,results/confirmatory/recovery/soil/staging/original/Yellow_Soil/41c.jpg,c4c5598ab2e024def0e467b3a22bfaf8ade907fec3202495a2c1ac7898510e3c,89d9155f9c534383aa6d52cdd1804e0c61d6b4c8a7dfbadddadc72dd71079d58,180,333,JPEG,NONE_DEFINED_BY_ARCHIVE,Kaggle ai4a-lab/comprehensive-soil-classification-datasets v1
1115,Yellow_Soil,Yellow_Soil:41,results/confirmatory/recovery/soil/staging/original/Yellow_Soil/41d.jpg,ba76c185b453338114d14efb10f26ced182b6327cf9816bb11b489fbcac3d75e,da2c03a71ae0ceabe70a145972fe6d1369cc74f0ff5cbbba51ed984f03f150df,374,338,JPEG,NONE_DEFINED_BY_ARCHIVE,Kaggle ai4a-lab/comprehensive-soil-classification-datasets v1
1116,Yellow_Soil,Yellow_Soil:41,results/confirmatory/recovery/soil/staging/original/Yellow_Soil/41e.jpg,fdb042a2f827c611b66a48b6be0bf8c0104e40bc0c7ddcaf5260b6676ad27955,abfb058c2b8ba95fa3373d6d4a8257ae0113e9c19e4dee05c20be45ca41d25ba,372,336,JPEG,NONE_DEFINED_BY_ARCHIVE,Kaggle ai4a-lab/comprehensive-soil-classification-datasets v1
1117,Yellow_Soil,Yellow_Soil:42,results/confirmatory/recovery/soil/staging/original/Yellow_Soil/42.jpg,0649bd1f6754909ec58e818e271c81f5e11a862b43c9f98ec9d265c53b049cbd,8697b3caa6320592c8fc3658a0bfbc69c0d0a7ee178d6e1f78305bb5db285917,367,223,JPEG,NONE_DEFINED_BY_ARCHIVE,Kaggle ai4a-lab/comprehensive-soil-classification-datasets v1
1118,Yellow_Soil,Yellow_Soil:43,results/confirmatory/recovery/soil/staging/original/Yellow_Soil/43.jpg,3446303105d4f904393e3e0d9ec8ae85252f21b193a34e88e8a4364f551ee0c4,ae88fa555c578e1b81f7547e1d43632f0c396199fa85cc3cf02f753a708c9f44,380,219,JPEG,NONE_DEFINED_BY_ARCHIVE,Kaggle ai4a-lab/comprehensive-soil-classification-datasets v1
1119,Yellow_Soil,Yellow_Soil:45,results/confirmatory/recovery/soil/staging/original/Yellow_Soil/45.jpg,d19396d753318e421b88f4f4f88c0eee345a4aecddc572c44c2d8e5cd0ad1020,c73652ca1aaf853d7a09d7febe11c134ad248d04d28028468b15bf3c98651bfa,1300,866,JPEG,NONE_DEFINED_BY_ARCHIVE,Kaggle ai4a-lab/comprehensive-soil-classification-datasets v1
1120,Yellow_Soil,Yellow_Soil:46,results/confirmatory/recovery/soil/staging/original/Yellow_Soil/46.jpg,31b8620e62b939baa324a5b3219d5e709730689cf23c4ce5cb6a5e55dcc7bbcc,5dc173af3bfdf7d08954b65d29682cfce09b90c7548b8342ba2884522193cdd0,275,183,JPEG,NONE_DEFINED_BY_ARCHIVE,Kaggle ai4a-lab/comprehensive-soil-classification-datasets v1
1121,Yellow_Soil,Yellow_Soil:49,results/confirmatory/recovery/soil/staging/original/Yellow_Soil/49.jpg,0d697b4eed5a0b740e266b3675eb2c5db839664bb7712fbde88129f72ead2e2e,5036417204cad182c96a8d925ff78a13ae38cf1bf3ea29aeb4604b6339595276,302,297,JPEG,NONE_DEFINED_BY_ARCHIVE,Kaggle ai4a-lab/comprehensive-soil-classification-datasets v1
1122,Yellow_Soil,Yellow_Soil:54,results/confirmatory/recovery/soil/staging/original/Yellow_Soil/54.jpg,efa71692ccd5aafc4d4ae63df0e03298962c3e8452f9f06a623598e264eea4ca,0a1ae5dada07202298af8df367b5257831a4305d0676b0d9867942951564d7c0,981,995,JPEG,NONE_DEFINED_BY_ARCHIVE,Kaggle ai4a-lab/comprehensive-soil-classification-datasets v1
1123,Yellow_Soil,Yellow_Soil:55,results/confirmatory/recovery/soil/staging/original/Yellow_Soil/55.jpg,59ea159f7e363f42a58496f4900068dbf87506015a96798cd661164b404d682b,13c7268522b50429a9171dc14ac283b1b7c5cea62f79446f35c60b8fd2663387,970,727,JPEG,NONE_DEFINED_BY_ARCHIVE,Kaggle ai4a-lab/comprehensive-soil-classification-datasets v1
1124,Yellow_Soil,Yellow_Soil:56,results/confirmatory/recovery/soil/staging/original/Yellow_Soil/56.jpg,99d7a80c67f93a3331e07705b47c64d7a3fe06d99c4c365a516ad3d2054eed3f,9831d51ab0054e0eada51e2820fc1d353dda86f297d57c406b313f96a4d6cdcb,1005,1004,JPEG,NONE_DEFINED_BY_ARCHIVE,Kaggle ai4a-lab/comprehensive-soil-classification-datasets v1
1125,Yellow_Soil,Yellow_Soil:6,results/confirmatory/recovery/soil/staging/original/Yellow_Soil/6.jpg,a211af35ce2fa294be4d277e5cbe622aa77da13986c91b775cb3cc6e5aee373e,9332665ae5e77bc6de6a10f5bb3a877dcd6a517bdc28b9de82ba884044bda76c,500,435,JPEG,NONE_DEFINED_BY_ARCHIVE,Kaggle ai4a-lab/comprehensive-soil-classification-datasets v1
1126,Yellow_Soil,Yellow_Soil:60,results/confirmatory/recovery/soil/staging/original/Yellow_Soil/60.jpg,5d00bea8816b1625cf4da2749f41b08585ff953583d646d231990bfcf8f63461,8145407e83e391c1024520f6990792f74362efaa78f60b6dcc2ee55de0928ea1,600,400,JPEG,NONE_DEFINED_BY_ARCHIVE,Kaggle ai4a-lab/comprehensive-soil-classification-datasets v1
1127,Yellow_Soil,Yellow_Soil:61,results/confirmatory/recovery/soil/staging/original/Yellow_Soil/61.jpg,a85ebe32bb3cad7a4b47d9c3d464f4bae2b33f5e8b36253e36078d9a54a20530,10989014486c58d59973527607c1648e85abfeae7902a862fea3dc43fa0087af,450,450,JPEG,NONE_DEFINED_BY_ARCHIVE,Kaggle ai4a-lab/comprehensive-soil-classification-datasets v1
1128,Yellow_Soil,Yellow_Soil:62,results/confirmatory/recovery/soil/staging/original/Yellow_Soil/62.jpg,2ad79acd92e9c6b6f66ed6956ef7aaf21374cddbcb666babc2fb5c0393d8e1f8,7bb499f292e39afa2e05070efa8840813af5465b8357d9e3de22b67da81e209f,612,411,JPEG,NONE_DEFINED_BY_ARCHIVE,Kaggle ai4a-lab/comprehensive-soil-classification-datasets v1
1129,Yellow_Soil,Yellow_Soil:67,results/confirmatory/recovery/soil/staging/original/Yellow_Soil/67.jpg,1f7b6e3fd66255e9546fad65025bea113177dda9e3c48548b0ec48f521993eec,6ed3896f9ec71b3001fb1ef72b0a2d7a291a0320c349185224d97c5ed6379f00,800,530,JPEG,NONE_DEFINED_BY_ARCHIVE,Kaggle ai4a-lab/comprehensive-soil-classification-datasets v1
1130,Yellow_Soil,Yellow_Soil:68,results/confirmatory/recovery/soil/staging/original/Yellow_Soil/68.jpg,c64cbd4f20fc7810b806fd02d538f5ea6bdda1c1b3c516483ffb5860c0f557d0,cfefc8a7d64ef6711fd7100093bbc4648a8986bfb09b11406d351059c4ef65f8,768,768,JPEG,NONE_DEFINED_BY_ARCHIVE,Kaggle ai4a-lab/comprehensive-soil-classification-datasets v1
1131,Yellow_Soil,Yellow_Soil:7,results/confirmatory/recovery/soil/staging/original/Yellow_Soil/7.jpg,3986bdbb052234125ecde3f8a4b2e973117c40fc15df240d0a229707f57ea1e7,1357636ca928e5f01dc8e782fc7614e3f6bcb63938c6ffa3f98f4bddd5053fec,1000,1500,JPEG,NONE_DEFINED_BY_ARCHIVE,Kaggle ai4a-lab/comprehensive-soil-classification-datasets v1
1132,Yellow_Soil,Yellow_Soil:75,results/confirmatory/recovery/soil/staging/original/Yellow_Soil/75.jpg,2e921b5f7d4a83c453be8f4abb64419b9264c4dd04202c8ef2e903c8abc3f203,e515705ae8051a9a0c325d4ee7c7613ae98dae4f488583a666d3f5f6cb27d0db,800,534,JPEG,NONE_DEFINED_BY_ARCHIVE,Kaggle ai4a-lab/comprehensive-soil-classification-datasets v1
1133,Yellow_Soil,Yellow_Soil:81,results/confirmatory/recovery/soil/staging/original/Yellow_Soil/81.jpg,a7b6544c71b1603a17f6d5c1e129cde713ff665a783cccbf00460aedc0735177,e93db5039814e83e4081b35239bd1c4d9c7db57b026f49db88b968fec4a200c6,387,262,JPEG,NONE_DEFINED_BY_ARCHIVE,Kaggle ai4a-lab/comprehensive-soil-classification-datasets v1
1134,Yellow_Soil,Yellow_Soil:81,results/confirmatory/recovery/soil/staging/original/Yellow_Soil/81a.jpg,6793ed39ca69e14c3450781e4d43c118ef9fa55e3e5807f95ee4943f6ab24dd2,6650dde2b90aefeeb9f29d9534571e2f21b6e3fb1edebd9fdbb8d37470ab5832,366,171,JPEG,NONE_DEFINED_BY_ARCHIVE,Kaggle ai4a-lab/comprehensive-soil-classification-datasets v1
1135,Yellow_Soil,Yellow_Soil:81,results/confirmatory/recovery/soil/staging/original/Yellow_Soil/81b.jpg,5a866cceba1840b12f2a71b6cb3cfa8ef42f53828714bd519ad69695ce2a18f5,61841610429f200029e78289ca0429a668124049053a8c0db496bbb7ebe1cd7f,314,235,JPEG,NONE_DEFINED_BY_ARCHIVE,Kaggle ai4a-lab/comprehensive-soil-classification-datasets v1
1136,Yellow_Soil,Yellow_Soil:81,results/confirmatory/recovery/soil/staging/original/Yellow_Soil/81c.jpg,d748416a2168fcb6921886ca471a180d0043f1eccd069bfaa740e9febacfa4af,2cb1e7ee50e8c58fd5bd3a28baaae562357d6284b263d88cfd262f43fc26ce31,274,210,JPEG,NONE_DEFINED_BY_ARCHIVE,Kaggle ai4a-lab/comprehensive-soil-classification-datasets v1
1137,Yellow_Soil,Yellow_Soil:82,results/confirmatory/recovery/soil/staging/original/Yellow_Soil/82.jpg,4115c12388b2f01096ca231ee0c0cad23cd1e937d19a9b2620421a298735dfca,6050c75003f9b1a81ab9e5aae30749ba9a5b4eebca148c7b7a56ad7a72889b83,260,227,JPEG,NONE_DEFINED_BY_ARCHIVE,Kaggle ai4a-lab/comprehensive-soil-classification-datasets v1
1138,Yellow_Soil,Yellow_Soil:83,results/confirmatory/recovery/soil/staging/original/Yellow_Soil/83.jpg,4a2036e7d886799eda7859fb208840a75bb623d4567a3d65131681e844133912,00036ae6f592292773caf2cce178ad518896c0e26adfb4ef6eb26af35ca601e9,1059,562,JPEG,NONE_DEFINED_BY_ARCHIVE,Kaggle ai4a-lab/comprehensive-soil-classification-datasets v1
1139,Yellow_Soil,Yellow_Soil:85,results/confirmatory/recovery/soil/staging/original/Yellow_Soil/85.jpg,997edc78f5737984b8618df589ef1943ea86a6b789019a6f739280675b0833ea,3cfeea007e8bb2712c60934283d65b420f16f185d249e6037d193b8f7cbdda43,450,300,JPEG,NONE_DEFINED_BY_ARCHIVE,Kaggle ai4a-lab/comprehensive-soil-classification-datasets v1
