row_id,true_label,base_prediction,full_prediction,adaptive_prediction,base_margin,request_extra
0,0,21,0,0,0.12946195925794202,1
2,0,30,0,0,0.33180532414509756,1
4,0,30,0,0,0.05782564119175082,1
6,0,0,0,0,0.09597773003100518,1
8,0,0,0,0,0.128746092905062,1
10,0,0,0,0,0.7980660705678376,1
12,0,0,0,0,0.746141707956739,1
14,0,0,0,0,0.9625948021970732,0
16,0,0,0,0,0.726983152252179,1
18,0,0,0,0,0.6584831371801809,1
20,0,0,0,0,1.2011441074560105,0
22,0,0,0,0,1.255416812907949,0
24,0,0,0,0,1.0586202979665582,0
26,0,0,0,0,0.8330313798190908,1
28,0,0,0,0,1.1096387694550514,0
30,0,0,0,0,1.1977436737697968,0
32,0,0,0,0,0.5970742184766988,1
34,0,0,0,0,0.4035007814635667,1
36,0,0,0,0,0.4839004659908501,1
38,0,0,0,0,0.2718419586149917,1
40,0,0,0,0,0.5321378594305226,1
42,0,0,0,0,0.63751903984954,1
44,0,0,0,0,0.5463236635243284,1
46,0,0,0,0,0.980279092490897,0
48,0,0,0,0,0.6781738484273478,1
50,0,21,0,0,0.039550663594456026,1
52,0,0,0,0,0.37575172821265257,1
54,0,0,0,0,0.6313330861999791,1
56,0,0,0,0,0.44405717831205616,1
58,0,16,0,0,0.07858964732031293,1
60,0,0,0,0,0.5028608102469316,1
62,0,0,0,0,0.32564537473577015,1
64,0,0,0,0,0.7719609988080103,1
66,0,0,0,0,0.836589430249043,1
68,0,0,0,0,1.2235013377947301,0
70,0,0,0,0,1.3783366310972969,0
72,0,0,0,0,0.912664441406924,0
74,0,0,0,0,0.5034705320213484,1
76,0,0,0,0,0.6930869663368033,1
78,0,0,0,0,0.7951003629493834,1
80,0,0,0,0,0.5843277409258394,1
82,0,0,0,0,0.9071802747796598,0
84,0,0,0,0,1.288594156482576,0
86,0,0,0,0,1.4011099746439015,0
88,0,0,0,0,0.47365440993429075,1
90,0,0,0,0,0.5381285287238663,1
92,1,24,5,5,0.017127954140057744,1
94,1,5,1,1,0.1184360565319661,1
96,1,5,1,1,0.25622104530694045,1
98,1,5,1,1,0.30878041066129414,1
100,1,5,1,1,0.16436421835596793,1
102,1,1,1,1,0.7313833772128386,1
104,1,1,1,1,0.4215450390018247,1
106,1,1,1,1,1.3175044121308215,0
108,1,1,1,1,0.9052175190000588,0
110,1,1,1,1,1.4549174377335263,0
112,1,1,1,1,1.0767177111900121,0
114,1,1,1,1,1.1316822680292777,0
116,1,1,1,1,1.1810463927807753,0
118,1,1,1,1,1.2830937264998128,0
120,1,1,1,1,1.2824509661790486,0
122,1,1,1,1,1.4144831917851066,0
124,1,1,1,1,0.3932059272774391,1
126,1,1,1,1,0.36540049231971017,1
128,1,1,1,1,0.15845057486109632,1
130,1,5,1,1,0.3825519341931439,1
132,1,28,1,1,0.030821321663127677,1
134,1,1,1,1,0.33616082289331206,1
136,1,1,1,1,0.9444595694239697,0
138,1,1,1,1,0.8860319208519741,0
140,1,1,1,1,1.2276637095053518,0
142,1,1,1,1,1.1158947583087069,0
144,1,1,1,1,1.4092569988825865,0
146,1,1,1,1,1.4937273468331185,0
148,1,1,1,1,0.3277592175902861,1
150,1,1,5,5,0.23244998924698185,1
152,1,1,1,1,0.13162026994254178,1
154,1,28,1,1,0.1294339901593815,1
156,1,28,1,1,0.041193769708818606,1
158,1,1,1,1,0.6264090862802031,1
160,1,1,1,1,1.2616004650077288,0
162,1,1,1,1,1.2725369404190976,0
164,1,1,1,1,1.142724050657936,0
166,1,1,1,1,0.2516518807826881,1
168,1,1,1,1,0.20355056634096413,1
170,1,28,1,1,0.14135282064799137,1
172,1,1,1,1,0.01073369060424001,1
174,1,1,1,1,0.15925079262162956,1
176,1,1,1,1,1.1286114868609132,0
178,1,1,1,1,0.9933260634841312,0
180,1,28,1,1,0.025474938643667455,1
182,1,1,1,1,0.2912856941376559,1
184,2,46,2,2,0.10823364580896389,1
186,2,2,2,2,0.5492644047947504,1
188,2,2,2,2,0.6458668519389559,1
190,2,2,2,2,0.41913620938096696,1
192,2,2,2,2,0.8483399844822311,1
194,2,2,2,2,0.9274339019997582,0
196,2,2,2,2,0.7697165719018104,1
198,2,2,2,2,1.2556463097179866,0
200,2,2,2,2,1.0847492030587929,0
202,2,2,2,2,0.5237135799398542,1
204,2,2,2,2,1.2026769973428055,0
206,2,2,2,2,1.0001387569007103,0
208,2,2,2,2,1.7459749938147322,0
210,2,2,2,2,0.7202771646848176,1
212,2,2,2,2,0.4685742284680825,1
214,2,2,2,2,0.7131778193378733,1
216,2,2,2,2,0.49058517862369744,1
218,2,2,2,2,0.1899238339352105,1
220,2,2,2,2,0.4304735458565119,1
222,2,2,2,2,0.8744532511051473,0
224,2,2,2,2,1.1247270874492103,0
226,2,2,2,2,1.2510516950976023,0
228,2,2,2,2,1.3886553609561232,0
230,2,2,2,2,1.3729682845709867,0
232,2,2,2,2,1.4057148848464949,0
234,2,2,2,2,1.2397391284762138,0
236,2,2,2,2,1.1215465626478895,0
238,2,2,2,2,0.9099524824176755,0
240,2,2,2,2,0.5049052240618246,1
242,2,2,2,2,0.2698350039908698,1
244,2,2,2,2,1.1232972015327551,0
246,2,2,2,2,1.0799520446592465,0
248,2,2,2,2,1.6471386290434662,0
250,2,2,2,2,0.7278090565174211,1
252,2,2,2,2,0.5620306691754859,1
254,2,2,2,2,0.2263679265967269,1
256,2,2,2,2,0.7845534708046922,1
258,2,2,2,2,0.6045699599186027,1
260,2,2,2,2,0.4975688747964896,1
262,2,2,2,2,0.8379390491801713,1
264,2,2,2,2,1.1978191883261364,0
266,2,2,2,2,0.42439778315622556,1
268,2,2,2,2,0.3978590446107293,1
270,2,2,2,2,0.15150842713991897,1
272,2,2,2,2,0.1039818010818998,1
274,2,2,2,2,0.5877027184278487,1
276,3,3,3,3,0.5624915716029006,1
278,3,3,3,3,1.7424098065043985,0
280,3,3,3,3,1.8832403434016503,0
282,3,3,3,3,1.787103300980644,0
284,3,3,3,3,1.9019687756815322,0
286,3,3,3,3,1.741192639768801,0
288,3,3,3,3,1.7208137067079834,0
290,3,3,3,3,0.9547052625387888,0
292,3,3,3,3,1.0471538314432267,0
294,3,3,3,3,1.6198992143560735,0
296,3,3,3,3,0.9909539412525873,0
298,3,3,3,3,1.2815075308979227,0
300,3,3,3,3,1.091597008392243,0
302,3,3,3,3,0.32028831759354204,1
304,3,3,3,3,0.6574436043422552,1
306,3,3,3,3,0.3228534231779804,1
308,3,3,3,3,1.6409265264538717,0
310,3,3,3,3,1.3515948133146678,0
312,3,3,3,3,1.6841575324969547,0
314,3,3,3,3,1.765606449680887,0
316,3,3,3,3,1.6175593857568613,0
318,3,3,3,3,1.5907847352141893,0
320,3,3,3,3,1.30111165793418,0
322,3,3,3,3,1.4661897168825484,0
324,3,3,3,3,1.4651016897288414,0
326,3,3,3,3,0.7232042455566572,1
328,3,3,3,3,0.686013137610753,1
330,3,3,3,3,0.10550887048367197,1
332,3,3,3,3,1.3032455633632407,0
334,3,3,3,3,1.1943418789211564,0
336,3,3,3,3,1.7033298807500783,0
338,3,3,3,3,1.9361963684533032,0
340,3,3,3,3,1.8329916109710753,0
342,3,3,3,3,1.862665469952637,0
344,3,3,3,3,1.506936675773344,0
346,3,3,3,3,1.0274509380742833,0
348,3,3,3,3,0.015471590217468245,1
350,3,3,3,3,1.4651571295320291,0
352,3,3,3,3,1.4387486613165736,0
354,3,3,3,3,1.9653434579041515,0
356,3,3,3,3,1.8809016649869876,0
358,3,3,3,3,1.5696088858715957,0
360,3,3,3,3,1.6978924563431521,0
362,3,25,3,3,0.25573468202939087,1
364,3,3,3,3,1.2304246590054444,0
366,3,3,3,3,1.8240639119792017,0
368,4,4,4,4,0.30288339277760445,1
370,4,4,4,4,1.2326760890518813,0
372,4,4,4,4,1.4125795755489134,0
374,4,4,4,4,1.776783203270173,0
376,4,4,4,4,2.04334017577457,0
378,4,4,4,4,2.009959930630956,0
380,4,4,4,4,1.7531790959332736,0
382,4,4,4,4,1.3018840413543633,0
384,4,4,4,4,1.3425152461025223,0
386,4,4,4,4,0.5503181950198086,1
388,4,4,4,4,1.1991430487282337,0
390,4,4,4,4,1.0037118527545599,0
392,4,4,4,4,0.8307793742719576,1
394,4,4,4,4,0.56069284030276,1
396,4,4,4,4,0.8473652360153747,1
398,4,4,4,4,0.05125648320594556,1
400,4,4,4,4,1.5638993500522593,0
402,4,4,4,4,1.4426352750008178,0
404,4,4,4,4,1.5028931051285188,0
406,4,4,4,4,1.8322442100931924,0
408,4,4,4,4,1.6064709698347515,0
410,4,4,4,4,1.5498722154377425,0
412,4,4,4,4,1.8129081929198412,0
414,4,4,4,4,1.282287346478936,0
416,4,4,4,4,1.0245814997431966,0
418,4,4,4,4,1.708485027873182,0
420,4,4,4,4,0.7743266561641476,1
422,4,4,4,4,0.9467168134532249,0
424,4,4,4,4,1.5137731725092638,0
426,4,4,4,4,1.201904896576395,0
428,4,4,4,4,1.5326780712184944,0
430,4,4,4,4,1.8495856220650893,0
432,4,4,4,4,1.444573984802728,0
434,4,4,4,4,0.9124350676467494,0
436,4,4,4,4,1.7101104123818751,0
438,4,4,4,4,0.26307156511405383,1
440,4,4,4,4,0.5976787842648258,1
442,4,4,4,4,1.4618604209341315,0
444,4,4,4,4,1.3077120492555196,0
446,4,4,4,4,1.255880232221855,0
448,4,4,4,4,1.4322935911921115,0
450,4,4,4,4,0.6896287142810417,1
452,4,4,4,4,1.3957322996706383,0
454,4,4,4,4,0.5159949020840868,1
456,4,4,4,4,0.9263942874425144,0
458,4,4,4,4,0.9690798932460928,0
460,5,5,5,5,0.30058381706550463,1
462,5,5,5,5,0.31114008546392424,1
464,5,5,5,5,0.3534994173548165,1
466,5,5,5,5,0.4222642767936391,1
468,5,5,5,5,0.4168282280781024,1
470,5,5,5,5,0.46778509051756434,1
472,5,5,5,5,0.5324420059899336,1
474,5,5,5,5,0.5675411137332884,1
476,5,5,5,5,0.5509376456135272,1
478,5,5,5,5,0.30476209579368585,1
480,5,5,5,5,0.4262514437822298,1
482,5,5,5,5,0.4460787177696651,1
484,5,5,5,5,0.3269188958383116,1
486,5,5,5,5,0.36142887346996644,1
488,5,5,5,5,0.2615321281531877,1
490,5,5,5,5,0.2178382211868224,1
492,5,5,5,5,0.5951537959908697,1
494,5,5,5,5,0.6280830547937692,1
496,5,5,5,5,0.505285104987076,1
498,5,5,5,5,0.6768525834122382,1
500,5,5,5,5,0.6868079122661698,1
502,5,5,5,5,0.5389139717864411,1
504,5,5,5,5,0.5373439432098028,1
506,5,5,5,5,0.2633591453334083,1
508,5,5,5,5,0.4223988264506354,1
510,5,5,5,5,0.3967762619125039,1
512,5,5,5,5,0.5278243255607742,1
514,5,5,5,5,0.2502944340002403,1
516,5,5,5,5,0.2747028770716392,1
518,5,5,5,5,0.32950162308975073,1
520,5,5,5,5,0.5944300099597609,1
522,5,5,5,5,0.5945533574218552,1
524,5,5,5,5,0.495788516105934,1
526,5,5,5,5,0.3642783227385924,1
528,5,5,5,5,0.11196077697547602,1
530,5,5,5,5,0.08933431176719875,1
532,5,5,5,5,0.4944335713201148,1
534,5,5,5,5,0.456275800279239,1
536,5,28,5,5,0.02931770197314376,1
538,5,5,5,5,0.42649434127141983,1
540,5,5,5,5,0.5833098779604413,1
542,5,5,5,5,0.3736998278391289,1
544,5,5,5,5,0.17497510750169365,1
546,5,5,5,5,0.24432068503138693,1
548,5,5,5,5,0.5106520079284886,1
550,5,5,5,5,0.46713943502305966,1
552,6,6,6,6,1.1680008025578088,0
554,6,6,6,6,0.8529407613816096,1
556,6,6,6,6,0.6039140964707952,1
558,6,6,6,6,1.579375244765769,0
560,6,6,6,6,1.1499190953300604,0
562,6,6,6,6,1.7358594917345906,0
564,6,6,6,6,1.9590868778829822,0
566,6,6,6,6,1.188822790151574,0
568,6,6,6,6,1.2374566070656727,0
570,6,6,6,6,0.9978252127488201,0
572,6,6,6,6,1.0579471933773472,0
574,6,6,6,6,0.9848360193574421,0
576,6,6,6,6,1.5832722189000488,0
578,6,6,6,6,1.8417234635447082,0
580,6,6,6,6,0.9799604418560491,0
582,6,6,6,6,0.48120182611645257,1
584,6,6,6,6,1.357093027977754,0
586,6,6,6,6,1.0798170980179824,0
588,6,6,6,6,1.6890244771426683,0
590,6,6,6,6,1.154135258736335,0
592,6,6,6,6,1.4242179842753562,0
594,6,6,6,6,0.9213664323554929,0
596,6,6,6,6,1.2552313576203187,0
598,6,6,6,6,1.5315520966580987,0
600,6,6,6,6,1.6583151054728154,0
602,6,6,6,6,1.4498344689042788,0
604,6,6,6,6,1.599689829678555,0
606,6,6,6,6,1.5823027515564703,0
608,6,6,6,6,1.2835962731964918,0
610,6,6,6,6,0.7662870399328694,1
612,6,6,6,6,1.0161433716617092,0
614,6,6,6,6,0.6913929068998415,1
616,6,6,6,6,1.4300854032143435,0
618,6,6,6,6,1.3127585100461348,0
620,6,6,6,6,1.589645494341052,0
622,6,6,6,6,1.857339793638751,0
624,6,6,6,6,1.947321260451026,0
626,6,6,6,6,0.8925687664696991,0
628,6,6,6,6,0.8676355390523806,1
630,6,6,6,6,1.0032981398420286,0
632,6,6,6,6,0.7580092174514579,1
634,6,6,6,6,1.8462831148668162,0
636,6,6,6,6,1.623279710946477,0
638,6,6,6,6,2.142600038568514,0
640,6,6,6,6,0.8814710933900893,0
642,6,6,6,6,0.7564871730284894,1
644,7,7,7,7,0.04021293032884432,1
646,7,7,7,7,0.3206949009783089,1
648,7,7,7,7,0.4821281174203855,1
650,7,7,7,7,0.34982952722077754,1
652,7,7,7,7,0.3951665650283548,1
654,7,7,7,7,0.38473668233324554,1
656,7,7,7,7,0.32469594409936253,1
658,7,7,7,7,0.42584802048507464,1
660,7,7,7,7,0.37694762460060927,1
662,7,7,7,7,0.3683743645176517,1
664,7,7,7,7,0.20876596235394196,1
666,7,7,7,7,0.20096245871397733,1
668,7,7,7,7,0.25091041728781205,1
670,7,7,7,7,0.06841601608164272,1
672,7,7,7,7,0.023222952739354152,1
674,7,7,7,7,0.16861461023901136,1
676,7,7,7,7,0.26057031932572583,1
678,7,7,7,7,0.6284587694192381,1
680,7,7,7,7,0.5296778592744626,1
682,7,7,7,7,0.22624465406123662,1
684,7,7,7,7,0.6191954506123127,1
686,7,7,7,7,0.5859461551221302,1
688,7,7,7,7,0.5721042100193684,1
690,7,7,7,7,0.6209380532963673,1
692,7,7,7,7,0.19074554998148519,1
694,7,7,7,7,0.29775804485597823,1
696,7,48,7,7,0.014541441157386759,1
698,7,48,7,7,0.07427033585215714,1
700,7,7,7,7,0.24246808909083373,1
702,7,7,7,7,0.35972730337983805,1
704,7,7,7,7,0.6160249935484694,1
706,7,7,7,7,0.5823665275563081,1
708,7,7,7,7,0.6607429501977424,1
710,7,7,7,7,0.7513074263278949,1
712,7,7,7,7,0.4652756469178456,1
714,7,7,7,7,0.09932502279806488,1
716,7,7,7,7,0.15149515826431992,1
718,7,7,7,7,0.2651763568692378,1
720,7,7,7,7,0.3979097385519621,1
722,7,7,7,7,0.5090419414979568,1
724,7,7,7,7,0.36455872906487463,1
726,7,7,7,7,0.26910338528248823,1
728,7,7,7,7,0.5292759986786362,1
730,7,7,7,7,0.08068443152062799,1
732,7,7,7,7,0.48413851385593865,1
734,7,7,7,7,0.4488787461955501,1
736,8,8,8,8,1.8999591093136985,0
738,8,8,8,8,1.5374820703038468,0
740,8,8,8,8,1.6625534343829558,0
742,8,8,8,8,1.549601364797123,0
744,8,8,8,8,1.4951625491945855,0
746,8,8,8,8,1.264326118684309,0
748,8,8,8,8,1.6411217984536774,0
750,8,8,8,8,1.5994773320339966,0
752,8,8,8,8,1.1523124912937381,0
754,8,8,8,8,0.8779378862186386,0
756,8,8,8,8,1.7278067914753237,0
758,8,8,8,8,1.1117758332613257,0
760,8,8,8,8,1.252523516821768,0
762,8,8,8,8,1.185082586698857,0
764,8,8,8,8,0.8082559721839182,1
766,8,8,8,8,1.0422244846026674,0
768,8,8,8,8,1.3880355597596883,0
770,8,8,8,8,1.6489710630090242,0
772,8,8,8,8,1.4558124527240133,0
774,8,8,8,8,1.6749938834058686,0
776,8,8,8,8,1.0198384457798473,0
778,8,8,8,8,1.4604349690677907,0
780,8,8,8,8,1.5594436905914544,0
782,8,8,8,8,0.996793773880466,0
784,8,8,8,8,1.7979027517164894,0
786,8,8,8,8,1.6733466066717966,0
788,8,8,8,8,1.0355671340465347,0
790,8,8,8,8,1.1938925061195067,0
792,8,8,8,8,1.5171953888853378,0
794,8,8,8,8,1.7295692806863823,0
796,8,8,8,8,1.1541453125141168,0
798,8,8,8,8,1.724937109914074,0
800,8,8,8,8,1.0745947282939528,0
802,8,8,8,8,1.511311012707918,0
804,8,8,8,8,1.2719708658243247,0
806,8,8,8,8,1.2096589909116466,0
808,8,8,8,8,1.1706783657645803,0
810,8,8,8,8,1.7563095633946098,0
812,8,8,8,8,1.7332548036994218,0
814,8,8,8,8,1.4909926124751576,0
816,8,8,8,8,1.5143712895997223,0
818,8,8,8,8,1.1441238770525217,0
820,8,8,8,8,1.351326510395774,0
822,8,8,8,8,1.004020722704317,0
824,8,8,8,8,0.6599770280425948,1
826,8,8,8,8,1.003142717743028,0
828,9,9,9,9,0.4026931886771439,1
830,9,9,9,9,0.264624510141906,1
832,9,9,9,9,0.22352614077652655,1
834,9,9,9,9,0.31058469860540283,1
836,9,9,9,9,0.2826845786535148,1
838,9,9,9,9,0.38962701481928963,1
840,9,9,9,9,0.39297367220712287,1
842,9,9,9,9,0.9824031689097728,0
844,9,9,9,9,0.3029612699988665,1
846,9,9,9,9,0.6555010969273174,1
848,9,9,9,9,0.8031206572040193,1
850,9,9,9,9,0.2455073154211539,1
852,9,9,9,9,1.2177739587407825,0
854,9,9,9,9,0.47551757065312006,1
856,9,9,9,9,0.00583144239223421,1
858,9,9,9,9,0.2764733656674474,1
860,9,9,9,9,0.0991919692824077,1
862,9,9,9,9,0.19556165621333887,1
864,9,9,9,9,0.7441404829144065,1
866,9,9,9,9,0.3639533015015266,1
868,9,9,9,9,0.9141144042056986,0
870,9,9,9,9,0.3887064282595285,1
872,9,9,9,9,0.8565061643238849,1
874,9,9,9,9,0.32853589716698006,1
876,9,9,9,9,0.843533862492994,1
878,9,9,9,9,0.7304017613140684,1
880,9,9,9,9,0.2635013738411851,1
882,9,9,9,9,0.025182423595658476,1
884,9,9,9,9,0.6559014197025572,1
886,9,13,9,9,0.08941187256074024,1
888,9,9,9,9,1.0972424133739027,0
890,9,9,9,9,0.5146537053764788,1
892,9,9,9,9,0.8921113430066708,0
894,9,9,9,9,0.5367173152069877,1
896,9,9,9,9,0.4691595294472779,1
898,9,9,9,9,0.3834159981765013,1
900,9,48,9,9,0.026302879597297046,1
902,9,9,9,9,0.8579420814946992,1
904,9,9,9,9,0.7422579817094994,1
906,9,9,9,9,0.9869762801850579,0
908,9,9,9,9,0.944260054866954,0
910,9,9,9,9,0.6618985715004189,1
912,9,9,9,9,0.2717712630665803,1
914,9,48,9,9,0.1456432558199129,1
916,9,9,9,9,0.6357484763067689,1
918,9,9,9,9,0.41519030883774577,1
920,10,10,10,10,0.6623592160072412,1
922,10,10,10,10,0.5629654599646212,1
924,10,10,10,10,0.38515383541742376,1
926,10,10,10,10,0.953186792183712,0
928,10,10,10,10,0.34193987924951497,1
930,10,10,10,10,0.2089714493838869,1
932,10,10,10,10,0.6605794416484502,1
934,10,10,10,10,0.5591058183651536,1
936,10,10,10,10,0.3662472469982829,1
938,10,10,10,10,0.6551715932289096,1
940,10,10,10,10,0.05629324362611565,1
942,10,10,10,10,0.5816407942839797,1
944,10,10,10,10,0.04368172731373843,1
946,10,10,10,10,0.32510805678729837,1
948,10,10,10,10,0.3085718202363883,1
950,10,10,10,10,0.680922575713677,1
952,10,10,10,10,0.47236338484289164,1
954,10,10,10,10,0.5678276814368368,1
956,10,10,10,10,0.7155725227736147,1
958,10,10,10,10,0.05422679514651085,1
960,10,10,10,10,0.6510110126089741,1
962,10,10,10,10,0.22746239122109158,1
964,10,10,10,10,0.23619722885242145,1
966,10,10,10,10,0.5307578019152475,1
968,10,10,10,10,0.5611110542748623,1
970,10,10,10,10,0.34869172056201037,1
972,10,10,10,10,0.6479449136520197,1
974,10,10,10,10,0.7479128025050268,1
976,10,10,10,10,0.32039692404783693,1
978,10,7,10,10,0.04599288160930293,1
980,10,10,10,10,0.7614168688059524,1
982,10,10,10,10,0.6364816953093346,1
984,10,10,10,10,0.9074916733933575,0
986,10,10,10,10,0.7900334854498583,1
988,10,10,10,10,0.531018604381359,1
990,10,10,10,10,0.3246304786531432,1
992,10,10,10,10,0.11110499207250868,1
994,10,10,10,10,0.4064663785019227,1
996,10,10,10,10,0.5046491305499323,1
998,10,10,10,10,0.9026980450182509,0
1000,10,10,10,10,1.069423048888663,0
1002,10,10,10,10,0.5145129808053689,1
1004,10,10,10,10,0.5103673111154887,1
1006,10,48,10,10,0.10790524040512117,1
1008,10,10,10,10,0.6953413422335453,1
1010,10,10,10,10,0.8191714848906213,1
1012,11,11,11,11,0.19976992498952595,1
1014,11,11,11,11,0.5098485218713138,1
1016,11,11,11,11,0.5651358742774444,1
1018,11,11,11,11,0.7251980187730368,1
1020,11,11,11,11,0.6413526255824252,1
1022,11,11,11,11,0.5759201895691747,1
1024,11,11,11,11,0.7389843548567139,1
1026,11,11,11,11,0.5933902566794109,1
1028,11,11,11,11,0.8902575009742572,0
1030,11,11,11,11,0.942413202339948,0
1032,11,11,11,11,1.142692434010086,0
1034,11,11,11,11,1.2170841352000557,0
1036,11,11,11,11,0.9779643266327014,0
1038,11,11,11,11,1.3967258672676874,0
1040,11,11,11,11,1.6175269671493577,0
1042,11,11,11,11,0.8073468056284363,1
1044,11,11,11,11,0.3773100490221828,1
1046,11,11,11,11,0.34261933133277533,1
1048,11,11,11,11,0.6925337900526016,1
1050,11,11,11,11,0.9656902697711064,0
1052,11,11,11,11,0.7198705877282743,1
1054,11,11,11,11,0.7027106809353095,1
1056,11,11,11,11,0.05495201266475025,1
1058,11,11,11,11,0.9446138405623681,0
1060,11,11,11,11,0.19574536050085722,1
1062,11,11,11,11,1.0359893500325956,0
1064,11,11,11,11,0.6840103274549292,1
1066,11,11,11,11,0.800075420793187,1
1068,11,11,11,11,0.4318111809979659,1
1070,11,11,11,11,0.4413422661707681,1
1072,11,11,11,11,0.7035235067381618,1
1074,11,11,11,11,0.8032309424243178,1
1076,11,11,11,11,0.688522249638033,1
1078,11,11,11,11,0.7100133967019995,1
1080,11,11,11,11,1.3498825804230725,0
1082,11,11,11,11,0.5727536751944149,1
1084,11,11,11,11,0.7330781350113094,1
1086,11,11,11,11,0.5540795475133738,1
1088,11,11,11,11,0.5046275844479654,1
1090,11,11,11,11,0.6447168704414574,1
1092,11,11,11,11,0.7654174777876357,1
1094,11,11,11,11,0.6412417230614609,1
1096,11,11,11,11,0.8226998799194306,1
1098,11,11,11,11,0.7514825838729915,1
1100,11,11,11,11,0.05912639435351841,1
1102,11,11,11,11,0.5855654994333934,1
1104,12,12,12,12,0.9166708958703422,0
1106,12,12,12,12,1.2975054908051793,0
1108,12,12,12,12,1.5081710613312755,0
1110,12,12,12,12,1.2413518543090651,0
1112,12,12,12,12,1.241957788492798,0
1114,12,12,12,12,1.42847326546145,0
1116,12,12,12,12,1.1598932457072721,0
1118,12,12,12,12,1.019575620855252,0
1120,12,12,12,12,1.10199423687697,0
1122,12,12,12,12,1.5555979413825147,0
1124,12,12,12,12,0.685760084105857,1
1126,12,12,12,12,0.9115085251166242,0
1128,12,12,12,12,0.9275065450626139,0
1130,12,12,12,12,0.5778375093669395,1
1132,12,12,12,12,1.2539754913227137,0
1134,12,12,12,12,1.1433015752086761,0
1136,12,12,12,12,0.20922445712844695,1
1138,12,12,12,12,1.162841858416563,0
1140,12,12,12,12,1.1601676406667205,0
1142,12,12,12,12,1.3964884778419369,0
1144,12,12,12,12,1.4808330953209374,0
1146,12,12,12,12,1.1043634472177748,0
1148,12,12,12,12,1.4082418736407485,0
1150,12,12,12,12,1.2930645805389158,0
1152,12,12,12,12,1.3230925508038558,0
1154,12,12,12,12,0.8333058803270326,1
1156,12,12,12,12,0.7912448262399763,1
1158,12,12,12,12,0.9713748667127422,0
1160,12,12,12,12,0.5995535777766634,1
1162,12,12,12,12,1.3265960864246564,0
1164,12,12,12,12,0.7347559708409104,1
1166,12,12,12,12,0.4772927689914943,1
1168,12,12,12,12,0.9719921070253528,0
1170,12,12,12,12,1.561602782254878,0
1172,12,12,12,12,1.1468044100679617,0
1174,12,12,12,12,1.39943948397203,0
1176,12,12,12,12,1.058302659052364,0
1178,12,12,12,12,0.005747598136373044,1
1180,12,12,12,12,0.6641399414485885,1
1182,12,12,12,12,0.8198177802698161,1
1184,12,12,12,12,1.0045912398378223,0
1186,12,12,12,12,1.3929844721718676,0
1188,12,12,12,12,1.3480148145204196,0
1190,12,12,12,12,1.241303037878507,0
1192,12,12,12,12,1.0726693393001605,0
1194,12,12,12,12,0.7180814099891955,1
1196,13,13,13,13,0.5805765145511792,1
1198,13,13,13,13,0.8777089381154815,0
1200,13,13,13,13,0.8463383878874695,1
1202,13,13,13,13,0.8331267370521331,1
1204,13,13,13,13,0.672738719703033,1
1206,13,13,13,13,0.9669010761643337,0
1208,13,13,13,13,0.7483763255108835,1
1210,13,13,13,13,0.6775130550511903,1
1212,13,13,13,13,0.6431904591151687,1
1214,13,13,13,13,0.4450039262059966,1
1216,13,13,13,13,0.5353032078384479,1
1218,13,13,13,13,0.6469633980072362,1
1220,13,13,13,13,0.361363862013272,1
1222,13,13,13,13,0.9435544844213084,0
1224,13,13,13,13,0.6378560102695232,1
1226,13,13,13,13,0.9350299960813002,0
1228,13,13,13,13,0.565923014843468,1
1230,13,13,13,13,0.29842226949731443,1
1232,13,13,13,13,0.838909117992531,1
1234,13,13,13,13,0.8917519462085248,0
1236,13,13,13,13,0.8323797102371864,1
1238,13,13,13,13,0.9218985523096832,0
1240,13,13,13,13,1.0130443409455345,0
1242,13,13,13,13,0.7738325114602568,1
1244,13,13,13,13,0.7781848641048263,1
1246,13,13,13,13,0.734208301137605,1
1248,13,13,13,13,0.6900401841129606,1
1250,13,13,13,13,0.7882433404306767,1
1252,13,13,13,13,0.41307493879177626,1
1254,13,13,13,13,0.3379170112338301,1
1256,13,13,13,13,0.7896663602019356,1
1258,13,13,13,13,0.9606224243446205,0
1260,13,13,13,13,1.041542538926413,0
1262,13,13,13,13,1.1011345420967396,0
1264,13,13,13,13,0.6811223585297284,1
1266,13,13,13,13,0.8953333373404547,0
1268,13,13,13,13,0.5349719513505675,1
1270,13,13,13,13,0.6122567190736734,1
1272,13,13,13,13,0.5864422290336497,1
1274,13,13,13,13,0.7992481396031015,1
1276,13,13,13,13,0.7840577155902759,1
1278,13,13,13,13,1.133001611388289,0
1280,13,13,13,13,0.602208876643229,1
1282,13,13,13,13,0.466735594013165,1
1284,13,13,13,13,0.6066577956047783,1
1286,13,13,13,13,0.39984794002875224,1
1288,14,14,14,14,1.4834611319288382,0
1290,14,14,14,14,1.244153530041313,0
1292,14,14,14,14,1.5867075797033474,0
1294,14,14,14,14,1.3947558105436788,0
1296,14,14,14,14,1.7730183454090391,0
1298,14,14,14,14,1.1824035514950624,0
1300,14,14,14,14,0.9387429091770134,0
1302,14,14,14,14,1.3743131258182477,0
1304,14,14,14,14,0.9663281769593259,0
1306,14,14,14,14,0.967972225819584,0
1308,14,14,14,14,1.2886000820380907,0
1310,14,14,14,14,1.7762148362427337,0
1312,14,14,14,14,0.5986646939245,1
1314,14,14,14,14,1.3931748359147031,0
1316,14,14,14,14,1.4992880922168106,0
1318,14,14,14,14,1.6180498959696867,0
1320,14,14,14,14,1.7367022164535233,0
1322,14,14,14,14,1.7599004609788438,0
1324,14,14,14,14,1.5708470681588667,0
1326,14,14,14,14,1.5718584781420222,0
1328,14,14,14,14,1.8906699701062075,0
1330,14,14,14,14,0.9012430620960545,0
1332,14,14,14,14,1.6471594170957946,0
1334,14,14,14,14,1.8791312238165452,0
1336,14,14,14,14,1.0896052541280115,0
1338,14,14,14,14,0.9877478324585851,0
1340,14,14,14,14,1.508000788282228,0
1342,14,14,14,14,1.880403916872534,0
1344,14,14,14,14,1.8858015601018219,0
1346,14,14,14,14,1.7520880291523064,0
1348,14,14,14,14,1.9018239305259148,0
1350,14,14,14,14,1.6379501750982013,0
1352,14,14,14,14,1.3895931485084287,0
1354,14,14,14,14,1.6180452658001083,0
1356,14,14,14,14,2.0993366073148723,0
1358,14,14,14,14,1.561381666937648,0
1360,14,14,14,14,1.9507011961873288,0
1362,14,14,14,14,1.8114366063816916,0
1364,14,14,14,14,2.2798383383468788,0
1366,14,14,14,14,1.2612611182197448,0
1368,14,14,14,14,1.5850620202407035,0
1370,14,14,14,14,1.819040117720046,0
1372,14,14,14,14,1.5184470778336805,0
1374,14,14,14,14,1.6566224857071434,0
1376,14,14,14,14,1.3346895938910706,0
1378,14,14,14,14,1.3081080748557168,0
1380,15,24,24,24,0.296164021150389,1
1382,15,15,15,15,0.30060235474174046,1
1384,15,15,15,15,0.1505074874470793,1
1386,15,15,15,15,0.3468937224550128,1
1388,15,15,15,15,0.39872502489090533,1
1390,15,15,15,15,0.5182824525722018,1
1392,15,15,15,15,0.5558977515262411,1
1394,15,15,15,15,0.17769503432568778,1
1396,15,15,15,15,0.41332730549552965,1
1398,15,15,15,15,0.49964945741817,1
1400,15,15,15,15,0.3418727966821905,1
1402,15,15,15,15,0.6176393094348845,1
1404,15,15,15,15,0.33337668031322154,1
1406,15,15,15,15,0.12711924903786653,1
1408,15,15,15,15,0.257696050429686,1
1410,15,15,15,15,0.3547897526528341,1
1412,15,13,15,15,0.019798387524117778,1
1414,15,24,15,15,0.14196384503314707,1
1416,15,15,15,15,0.24587772271723873,1
1418,15,15,15,15,0.4351432031397313,1
1420,15,15,15,15,0.6204142233296657,1
1422,15,15,15,15,0.5208878006686711,1
1424,15,15,15,15,0.28482148203294044,1
1426,15,15,15,15,0.42660385117463595,1
1428,15,15,15,15,0.14139993927429817,1
1430,15,15,15,15,0.22519314910061716,1
1432,15,15,15,15,0.3377090408858101,1
1434,15,15,15,15,0.34807240318315147,1
1436,15,13,15,15,0.08805158268387048,1
1438,15,15,15,15,0.0831670788941582,1
1440,15,15,15,15,0.4052644782133612,1
1442,15,15,15,15,0.5491137176045124,1
1444,15,15,15,15,0.48290721341221254,1
1446,15,15,15,15,0.3719667670161855,1
1448,15,15,15,15,0.3200718809783025,1
1450,15,15,15,15,0.35847627908168445,1
1452,15,15,15,15,0.3504245473207268,1
1454,15,15,15,15,0.15510160348838475,1
1456,15,15,15,15,0.2677289392708686,1
1458,15,15,15,15,0.38938134914157607,1
1460,15,15,15,15,0.20818834020339216,1
1462,15,15,15,15,0.5344439581016931,1
1464,15,15,15,15,0.4088647919818329,1
1466,15,15,15,15,0.22965125510913886,1
1468,15,15,15,15,0.2797846198899614,1
1470,15,15,15,15,0.21625467255187014,1
1472,16,16,16,16,0.29640995736389164,1
1474,16,16,16,16,0.4102190068642959,1
1476,16,16,16,16,0.14899857981286913,1
1478,16,16,16,16,0.4879302932361259,1
1480,16,16,16,16,0.27636647734424036,1
1482,16,16,16,16,0.19417193474222205,1
1484,16,16,16,16,0.5060940512359512,1
1486,16,16,16,16,0.32050415202014193,1
1488,16,16,16,16,0.2094283779672047,1
1490,16,16,16,16,0.25239356576211835,1
1492,16,16,16,16,0.40009063392837296,1
1494,16,16,16,16,0.31845810178929823,1
1496,16,16,16,16,0.17106114024546704,1
1498,16,16,16,16,0.15229634712321316,1
1500,16,16,16,16,0.06733003618593658,1
1502,16,58,16,16,0.011206362906415634,1
1504,16,16,16,16,0.5686489625506495,1
1506,16,16,16,16,0.5643885737931084,1
1508,16,16,16,16,0.5816205707486655,1
1510,16,16,16,16,0.4157729922842469,1
1512,16,16,16,16,0.47443317953765995,1
1514,16,16,16,16,0.3590316043946459,1
1516,16,16,16,16,0.1442414382806625,1
1518,16,16,16,16,0.32932771800681837,1
1520,16,16,16,16,0.34083468143606255,1
1522,16,16,16,16,0.4096046210520635,1
1524,16,16,16,16,0.2143432072036081,1
1526,16,16,16,16,0.3020852183380587,1
1528,16,16,16,16,0.3713488432587664,1
1530,16,16,16,16,0.44756118856249216,1
1532,16,16,16,16,0.7703543813973898,1
1534,16,16,16,16,0.5129408368739157,1
1536,16,16,16,16,0.6475798160220325,1
1538,16,16,16,16,0.3982553099605053,1
1540,16,16,16,16,0.20090666928327394,1
1542,16,58,16,16,0.1125253490737137,1
1544,16,16,16,16,0.11206863085958219,1
1546,16,16,16,16,0.20435342331188044,1
1548,16,16,16,16,0.24638959960673168,1
1550,16,16,16,16,0.7986287414731461,1
1552,16,16,16,16,0.5775118039537647,1
1554,16,16,16,16,0.39896799520803095,1
1556,16,16,16,16,0.2145743292699177,1
1558,16,51,16,16,0.0808645803759036,1
1560,16,16,16,16,0.029927743244189675,1
1562,16,16,16,16,0.5302001586582201,1
1564,17,17,17,17,0.7180109123945089,1
1566,17,17,17,17,1.212273320711019,0
1568,17,17,17,17,1.0406559096561183,0
1570,17,17,17,17,1.1400901687463758,0
1572,17,17,17,17,1.2831102559331145,0
1574,17,17,17,17,1.1309730432679008,0
1576,17,17,17,17,1.1221716216141813,0
1578,17,17,17,17,0.7403006218769688,1
1580,17,17,17,17,0.6603773428088842,1
1582,17,17,17,17,0.9724889636179224,0
1584,17,17,17,17,0.8100343916301562,1
1586,17,17,17,17,0.8659589262780856,1
1588,17,17,17,17,0.8284274623428727,1
1590,17,17,17,17,0.6563706914401632,1
1592,17,17,17,17,0.8891378973939613,0
1594,17,17,17,17,0.9935721153150463,0
1596,17,17,17,17,1.0527269562743442,0
1598,17,17,17,17,0.9743783364030685,0
1600,17,17,17,17,1.6297460682698397,0
1602,17,17,17,17,1.3518721930584092,0
1604,17,17,17,17,0.990905577178786,0
1606,17,17,17,17,1.4487208561718772,0
1608,17,17,17,17,0.7981903017775485,1
1610,17,17,17,17,0.8275782564993888,1
1612,17,17,17,17,0.9778930211913622,0
1614,17,17,17,17,0.6745278434102406,1
1616,17,17,17,17,0.9126574145922921,0
1618,17,17,17,17,1.030104558066187,0
1620,17,17,17,17,0.7660574669832836,1
1622,17,17,17,17,0.918740580544934,0
1624,17,17,17,17,1.597960128640805,0
1626,17,17,17,17,1.5189997381601055,0
1628,17,17,17,17,1.110787394009015,0
1630,17,17,17,17,0.9209212269432934,0
1632,17,17,17,17,0.8041703375067473,1
1634,17,17,17,17,1.3810855896700882,0
1636,17,17,17,17,0.5017065991196381,1
1638,17,17,17,17,0.31904943507049555,1
1640,17,17,17,17,0.4573815652541413,1
1642,17,17,17,17,1.1292040594085633,0
1644,17,17,17,17,0.650716136579633,1
1646,17,17,17,17,1.4505534742539692,0
1648,17,17,17,17,1.345393295421058,0
1650,17,17,17,17,1.216152962104594,0
1652,17,17,17,17,1.0963323937634415,0
1654,17,17,17,17,0.9053721842682163,0
1656,18,18,18,18,0.9878506980060824,0
1658,18,18,18,18,1.052248643687296,0
1660,18,18,18,18,0.9000497551076769,0
1662,18,18,18,18,0.9648963316232926,0
1664,18,18,18,18,0.9652449571130217,0
1666,18,18,18,18,1.0391249080799267,0
1668,18,18,18,18,0.7977528511425656,1
1670,18,18,18,18,0.13999780716701204,1
1672,18,18,18,18,0.48862241410397456,1
1674,18,18,18,18,0.796611370273911,1
1676,18,18,18,18,0.0027407578088038953,1
1678,18,18,18,18,0.4632349885505771,1
1680,18,18,18,18,0.3085899362720892,1
1682,18,18,18,18,0.35795687360698203,1
1684,18,18,18,18,0.21927231014027515,1
1686,18,18,18,18,0.18265464073229398,1
1688,18,18,18,18,1.2244161735688661,0
1690,18,18,18,18,1.0817876404654747,0
1692,18,18,18,18,0.9982970314085964,0
1694,18,18,18,18,0.8577879901182417,1
1696,18,18,18,18,1.1214941044620408,0
1698,18,18,18,18,0.7967850751871222,1
1700,18,18,18,18,0.6183853751634592,1
1702,18,18,18,18,0.8169133753989295,1
1704,18,18,18,18,0.22111435414831027,1
1706,18,18,18,18,0.18065267309715705,1
1708,18,18,18,18,0.6574482612355707,1
1710,18,18,18,18,0.1671622781607598,1
1712,18,18,18,18,0.8953566143660543,0
1714,18,18,18,18,0.9510094726091299,0
1716,18,18,18,18,1.0766296384661966,0
1718,18,18,18,18,0.8274142862243896,1
1720,18,18,18,18,0.7716316927084883,1
1722,18,18,18,18,0.7909047344692449,1
1724,18,18,18,18,0.43570278176459465,1
1726,18,18,18,18,0.45525104245954284,1
1728,18,18,18,18,0.265299738048999,1
1730,18,18,18,18,0.9778093127267462,0
1732,18,18,18,18,1.0973717565690801,0
1734,18,18,18,18,1.007327784172392,0
1736,18,18,18,18,1.152383001437304,0
1738,18,18,18,18,0.9286798466454679,0
1740,18,18,18,18,0.6682900303218303,1
1742,18,18,18,18,0.06536956187606924,1
1744,18,18,18,18,0.9106280631546397,0
1746,18,18,18,18,0.5148532193261119,1
1748,19,19,19,19,0.04548652212144899,1
1750,19,19,19,19,0.43390639305167755,1
1752,19,19,19,19,0.7881106271589868,1
1754,19,19,19,19,1.082799542665458,0
1756,19,19,19,19,0.9873556105464836,0
1758,19,19,19,19,1.2763438337119877,0
1760,19,19,19,19,1.0263830194028452,0
1762,19,19,19,19,1.2159728549023678,0
1764,19,19,19,19,1.052050045275471,0
1766,19,19,19,19,1.0632985003694602,0
1768,19,19,19,19,0.8028409648676249,1
1770,19,19,19,19,1.1165739920177264,0
1772,19,19,19,19,1.1671289385851114,0
1774,19,19,19,19,0.9962332960640987,0
1776,19,19,19,19,1.1938918252806119,0
1778,19,19,19,19,0.8630822090691344,1
1780,19,19,19,19,0.16792896858368966,1
1782,19,19,19,19,0.3892632287286457,1
1784,19,19,19,19,0.8340589058113304,1
1786,19,19,19,19,0.5169994150927326,1
1788,19,19,19,19,1.067976294182064,0
1790,19,19,19,19,0.9251851382154332,0
1792,19,19,19,19,1.111417847570471,0
1794,19,19,19,19,1.1302670841466735,0
1796,19,19,19,19,1.1656693979341934,0
1798,19,19,19,19,1.0912386841705235,0
1800,19,19,19,19,1.0548432132539967,0
1802,19,19,19,19,0.9266384182468467,0
1804,19,19,19,19,0.42840945293154464,1
1806,19,19,19,19,0.40159897069743744,1
1808,19,19,19,19,0.770356082378848,1
1810,19,19,19,19,0.8765903239232524,0
1812,19,19,19,19,0.6429654931229072,1
1814,19,19,19,19,0.9001295744289401,0
1816,19,19,19,19,0.7583949061886557,1
1818,19,19,19,19,0.6060740742343407,1
1820,19,19,19,19,0.8564001030286883,1
1822,19,19,19,19,0.2630671444464526,1
1824,19,19,19,19,0.30313609827881627,1
1826,19,19,19,19,0.38362035868990396,1
1828,19,19,19,19,0.5355441465592157,1
1830,19,19,19,19,0.371752468141324,1
1832,19,19,19,19,0.38058607277330325,1
1834,19,19,19,19,0.31178883137522173,1
1836,19,19,19,19,0.09273517167661427,1
1838,19,19,19,19,0.04821014402949242,1
1840,20,55,20,20,0.10450085995440983,1
1842,20,20,20,20,0.7035969989177375,1
1844,20,20,20,20,0.7524783745102791,1
1846,20,20,20,20,1.3004358171058616,0
1848,20,20,20,20,0.9379364150127165,0
1850,20,20,20,20,1.4839194716171078,0
1852,20,20,20,20,1.651746064585069,0
1854,20,20,20,20,1.4337049888915439,0
1856,20,20,20,20,2.021188284158909,0
1858,20,20,20,20,1.643348437944178,0
1860,20,20,20,20,1.3887301281648596,0
1862,20,20,20,20,1.8227385261734614,0
1864,20,20,20,20,1.921683705933595,0
1866,20,20,20,20,1.626281899333729,0
1868,20,20,20,20,1.65979157587285,0
1870,20,20,20,20,1.331533459582336,0
1872,20,20,20,20,0.718486956396212,1
1874,20,20,20,20,1.0052752674656762,0
1876,20,20,20,20,1.9514208714345342,0
1878,20,20,20,20,1.6685459292010996,0
1880,20,20,20,20,2.0179010963119266,0
1882,20,20,20,20,2.02902650154392,0
1884,20,20,20,20,1.7683818510201967,0
1886,20,20,20,20,1.837742189328245,0
1888,20,20,20,20,1.8134647974022426,0
1890,20,20,20,20,1.78651733861032,0
1892,20,20,20,20,1.7854741553818803,0
1894,20,20,20,20,1.8617018250459028,0
1896,20,20,20,20,1.3751633529716554,0
1898,20,20,20,20,1.0192955154701597,0
1900,20,20,20,20,1.5292043908578745,0
1902,20,20,20,20,1.8099890810666308,0
1904,20,20,20,20,1.7721390944161348,0
1906,20,20,20,20,1.6140377898380835,0
1908,20,20,20,20,1.7984714414730307,0
1910,20,20,20,20,1.528515443398547,0
1912,20,20,20,20,0.7004447044463198,1
1914,20,20,20,20,0.8777236819215439,0
1916,20,20,20,20,1.111676159165089,0
1918,20,20,20,20,1.5071912156628757,0
1920,20,20,20,20,1.2322662933055126,0
1922,20,20,20,20,1.661458914339166,0
1924,20,20,20,20,1.4318874337677634,0
1926,20,20,20,20,0.46342701125224295,1
1928,20,20,20,20,1.453641396631303,0
1930,20,20,20,20,1.2415406974867096,0
1932,21,21,21,21,0.1028466777844197,1
1934,21,21,21,21,1.165050443989109,0
1936,21,21,21,21,0.980268245899431,0
1938,21,21,21,21,1.3769269278129237,0
1940,21,21,21,21,1.2442485939911085,0
1942,21,21,21,21,1.6571878315085171,0
1944,21,21,21,21,1.2907806276869054,0
1946,21,21,21,21,1.5925211067027347,0
1948,21,21,21,21,1.1530563374828136,0
1950,21,21,21,21,0.7607655111031242,1
1952,21,21,21,21,1.1951363806428599,0
1954,21,21,21,21,0.7213041911603267,1
1956,21,21,21,21,1.084442737838946,0
1958,21,21,21,21,0.39039953418070994,1
1960,21,21,21,21,0.37616065789563924,1
1962,21,21,21,21,0.1945372344200904,1
1964,21,21,21,21,0.5132982773546133,1
1966,21,21,21,21,0.6337846335521637,1
1968,21,21,21,21,0.9068824345128439,0
1970,21,21,21,21,0.9643705966659091,0
1972,21,21,21,21,1.2153135310390266,0
1974,21,21,21,21,1.298722876723863,0
1976,21,21,21,21,0.9686672624820032,0
1978,21,21,21,21,1.8231428042214062,0
1980,21,21,21,21,0.7510451096806569,1
1982,21,21,21,21,0.917297118215467,0
1984,21,21,21,21,0.5203371176817487,1
1986,21,21,21,21,0.4837741866086176,1
1988,21,21,21,21,0.6647580758748011,1
1990,21,21,21,21,1.3917312683565697,0
1992,21,21,21,21,1.2140970770049573,0
1994,21,21,21,21,1.041194099150589,0
1996,21,21,21,21,1.410858511747902,0
1998,21,21,21,21,1.523876200222841,0
2000,21,21,21,21,1.099824931479858,0
2002,21,21,21,21,0.6782210854751093,1
2004,21,21,21,21,0.11595487913320757,1
2006,21,21,21,21,0.3445129594567411,1
2008,21,21,21,21,0.9194473248571547,0
2010,21,21,21,21,0.5911101062053494,1
2012,21,21,21,21,1.6354619126814525,0
2014,21,21,21,21,1.3226924970768288,0
2016,21,21,21,21,1.4823913787169953,0
2018,21,21,21,21,0.0857558961680085,1
2020,21,21,21,21,1.0306144550881962,0
2022,21,21,21,21,0.5649067366601364,1
2024,22,22,22,22,1.4329871566669004,0
2026,22,22,22,22,1.7909711000258046,0
2028,22,22,22,22,1.810378209509217,0
2030,22,22,22,22,1.8627744622237965,0
2032,22,22,22,22,1.9846362061044174,0
2034,22,22,22,22,2.0634230880729847,0
2036,22,22,22,22,2.0969900117936184,0
2038,22,22,22,22,1.9448665546352875,0
2040,22,22,22,22,1.95770534537409,0
2042,22,22,22,22,1.784687903571057,0
2044,22,22,22,22,1.91469579322618,0
2046,22,22,22,22,1.9547701868642289,0
2048,22,22,22,22,1.9059308217122153,0
2050,22,22,22,22,1.9865339853991903,0
2052,22,22,22,22,1.8390309677638483,0
2054,22,22,22,22,2.0369516942334127,0
2056,22,22,22,22,1.647161326324229,0
2058,22,22,22,22,1.877704995469848,0
2060,22,22,22,22,1.784423192678147,0
2062,22,22,22,22,1.871547567376476,0
2064,22,22,22,22,2.0690930411107917,0
2066,22,22,22,22,1.8062799626303736,0
2068,22,22,22,22,1.6522172017316126,0
2070,22,22,22,22,2.197603911591137,0
2072,22,22,22,22,2.1585308889047323,0
2074,22,22,22,22,1.7999275417953213,0
2076,22,22,22,22,1.8155689193795816,0
2078,22,22,22,22,1.9689947248997122,0
2080,22,22,22,22,1.4514732145920384,0
2082,22,22,22,22,1.6822167414277978,0
2084,22,22,22,22,1.8441041625361212,0
2086,22,22,22,22,1.6016789263803992,0
2088,22,22,22,22,1.9663052895865216,0
2090,22,22,22,22,1.9775794645849278,0
2092,22,22,22,22,1.9310265316563706,0
2094,22,22,22,22,2.0696469881418036,0
2096,22,22,22,22,1.9103328665005161,0
2098,22,22,22,22,1.2700954305264893,0
2100,22,22,22,22,1.748136224516564,0
2102,22,22,22,22,1.59234862748198,0
2104,22,22,22,22,1.8526564199924698,0
2106,22,22,22,22,1.8238263252672353,0
2108,22,22,22,22,1.1811948257096334,0
2110,22,22,22,22,1.6716921718744613,0
2112,22,22,22,22,1.3244851352554698,0
2114,22,22,22,22,1.544366864437968,0
2116,23,23,23,23,1.011967735326732,0
2118,23,23,23,23,1.3759199807016291,0
2120,23,23,23,23,1.5288408847906054,0
2122,23,23,23,23,1.4024359318198831,0
2124,23,23,23,23,1.4093460337921295,0
2126,23,23,23,23,1.0511273475715344,0
2128,23,23,23,23,1.3575658919201448,0
2130,23,23,23,23,1.5002853568756471,0
2132,23,23,23,23,1.393923196312766,0
2134,23,23,23,23,1.4119394892577115,0
2136,23,23,23,23,0.8103811993485042,1
2138,23,23,23,23,1.42518355357157,0
2140,23,23,23,23,0.6283406706800887,1
2142,23,23,23,23,0.9277068508983896,0
2144,23,23,23,23,0.6706725303319283,1
2146,23,23,23,23,0.7260143127686589,1
2148,23,23,23,23,1.5708734151471733,0
2150,23,23,23,23,1.4958639551351838,0
2152,23,23,23,23,1.7974889007861525,0
2154,23,23,23,23,1.7025336382416847,0
2156,23,23,23,23,1.9578066782651473,0
2158,23,23,23,23,1.8216011840343604,0
2160,23,23,23,23,1.7757670996376487,0
2162,23,23,23,23,1.5666756730506322,0
2164,23,23,23,23,1.1650102249735022,0
2166,23,23,23,23,1.6011145293849847,0
2168,23,23,23,23,1.3482454568892686,0
2170,23,23,23,23,0.9695495699956149,0
2172,23,23,23,23,1.3450978943955045,0
2174,23,23,23,23,1.4672214076448258,0
2176,23,23,23,23,2.022850242495328,0
2178,23,23,23,23,1.705368599730519,0
2180,23,23,23,23,2.087545043754079,0
2182,23,23,23,23,1.8860432574605883,0
2184,23,23,23,23,1.6135993295358892,0
2186,23,23,23,23,1.478715776868921,0
2188,23,23,23,23,1.3535865603958732,0
2190,23,23,23,23,0.400599129662113,1
2192,23,23,23,23,1.300286477383263,0
2194,23,23,23,23,0.7535225700527286,1
2196,23,23,23,23,1.7647194972703257,0
2198,23,23,23,23,0.8731766266727785,1
2200,23,23,23,23,1.2662980598859037,0
2202,23,23,23,23,0.8136544344154606,1
2204,23,23,23,23,0.38033676344970035,1
2206,23,23,23,23,0.7204944055211605,1
2208,24,24,24,24,0.817674720886487,1
2210,24,24,24,24,1.10690868533449,0
2212,24,24,24,24,1.0350682887786422,0
2214,24,24,24,24,0.9631846129906425,0
2216,24,24,24,24,0.821146982327934,1
2218,24,24,24,24,0.8819038882376864,0
2220,24,24,24,24,0.8721498864889852,1
2222,24,24,24,24,0.5587637133394534,1
2224,24,24,24,24,0.6720148739535272,1
2226,24,24,24,24,0.5629430242480146,1
2228,24,24,24,24,0.5225833877379249,1
2230,24,24,24,24,0.5871787832417839,1
2232,24,24,24,24,0.41757729681566147,1
2234,24,24,24,24,0.7651718355257116,1
2236,24,24,24,24,0.6652470645722467,1
2238,24,5,24,24,0.032167691124801,1
2240,24,24,24,24,0.7855891783950111,1
2242,24,24,24,24,1.1462491747197645,0
2244,24,24,24,24,0.9841357712178065,0
2246,24,24,24,24,1.0283580935331587,0
2248,24,24,24,24,0.7553878683242778,1
2250,24,24,24,24,0.7140144001712564,1
2252,24,24,24,24,0.6150561790076217,1
2254,24,24,24,24,0.6784828823105452,1
2256,24,24,24,24,0.06057976808849019,1
2258,24,24,24,24,0.5093416560949944,1
2260,24,24,24,24,0.21878369100544048,1
2262,24,24,24,24,0.32320238129538814,1
2264,24,24,24,24,0.9574328234033611,0
2266,24,24,24,24,1.1502764261036065,0
2268,24,24,24,24,0.8378105532035665,1
2270,24,24,24,24,1.0138020133541024,0
2272,24,24,24,24,0.5272152229714296,1
2274,24,24,24,24,0.6505828059075804,1
2276,24,24,24,24,0.3900346276578852,1
2278,24,5,5,5,0.16737329233115017,1
2280,24,24,24,24,0.19235019582895763,1
2282,24,24,24,24,0.9190345432447875,0
2284,24,24,24,24,0.888922205251147,0
2286,24,24,24,24,0.4407319178993633,1
2288,24,24,24,24,0.692244735228409,1
2290,24,24,24,24,0.3479516863966525,1
2292,24,24,24,24,0.6029074524513423,1
2294,24,5,5,5,0.20349055185636789,1
2296,24,24,24,24,0.10533804677290115,1
2298,24,24,24,24,0.227070363583183,1
2300,25,25,25,25,0.12236267715410087,1
2302,25,25,25,25,0.2304529512564416,1
2304,25,48,25,25,0.04334434334479753,1
2306,25,25,25,25,0.5377338669117928,1
2308,25,25,25,25,0.4495235008964664,1
2310,25,25,25,25,0.016555931441598948,1
2312,25,25,25,25,0.5383920292623869,1
2314,25,25,25,25,0.31363757137697035,1
2316,25,25,25,25,0.5270022059224941,1
2318,25,25,25,25,0.9244407572415319,0
2320,25,25,25,25,0.7119362978636405,1
2322,25,25,25,25,0.6933526182631243,1
2324,25,25,25,25,0.8307604527841304,1
2326,25,25,25,25,0.48173157660263,1
2328,25,25,25,25,0.5520141768782569,1
2330,25,25,25,25,1.1087830924826496,0
2332,25,25,25,25,0.5403103491833345,1
2334,25,25,25,25,0.4172180601197144,1
2336,25,25,25,25,0.6174429264745216,1
2338,25,25,25,25,0.2209054233826665,1
2340,25,25,25,25,0.46028721733892164,1
2342,25,25,25,25,0.39174270383854404,1
2344,25,25,25,25,0.5959608752369192,1
2346,25,25,25,25,0.5330626342003991,1
2348,25,25,25,25,0.6789624295386727,1
2350,25,25,25,25,0.6320078083058069,1
2352,25,25,25,25,0.45410991106896526,1
2354,25,25,25,25,0.41612826580446804,1
2356,25,25,25,25,0.8441601560951677,1
2358,25,25,25,25,0.6831941437904083,1
2360,25,25,25,25,0.8818733847804314,0
2362,25,25,25,25,0.8563062633584936,1
2364,25,25,25,25,0.7762788424888442,1
2366,25,25,25,25,1.0086371301309118,0
2368,25,25,25,25,0.7439324100282378,1
2370,25,25,25,25,0.5864069007486333,1
2372,25,25,25,25,0.5632527190659007,1
2374,25,25,25,25,1.0033291485258913,0
2376,25,25,25,25,0.8810009858830834,0
2378,25,25,25,25,1.0019223935163133,0
2380,25,25,25,25,1.0930139224963964,0
2382,25,25,25,25,0.6092534190223438,1
2384,25,25,25,25,0.5222405625326245,1
2386,25,25,25,25,0.3115585374769594,1
2388,25,25,25,25,0.28730362137339593,1
2390,25,25,25,25,0.7022060676873803,1
2392,26,26,26,26,0.14639999003055604,1
2394,26,26,26,26,1.0404663866616635,0
2396,26,26,26,26,0.8938442307203418,0
2398,26,26,26,26,1.083860678471403,0
2400,26,26,26,26,1.4663464138226432,0
2402,26,26,26,26,1.946815397240633,0
2404,26,26,26,26,1.1977473966301306,0
2406,26,26,26,26,1.9564406348520977,0
2408,26,26,26,26,1.6680470984784312,0
2410,26,26,26,26,1.445842095164846,0
2412,26,26,26,26,1.5252735386071374,0
2414,26,26,26,26,1.651932606741808,0
2416,26,26,26,26,2.0506048688747143,0
2418,26,26,26,26,2.1566876354173723,0
2420,26,26,26,26,1.8349568231920954,0
2422,26,26,26,26,0.495579654288121,1
2424,26,26,26,26,0.8957035380296661,0
2426,26,26,26,26,1.5665097995961403,0
2428,26,26,26,26,1.0063449218469853,0
2430,26,26,26,26,1.6855746240591647,0
2432,26,26,26,26,2.060401637504507,0
2434,26,26,26,26,1.9668121198391852,0
2436,26,26,26,26,1.739282967379069,0
2438,26,26,26,26,1.9992709159231163,0
2440,26,26,26,26,1.8946705290835066,0
2442,26,26,26,26,1.5233062953801315,0
2444,26,26,26,26,1.2603870836689195,0
2446,26,26,26,26,1.842164914686034,0
2448,26,26,26,26,1.559365135988317,0
2450,26,26,26,26,2.0777582021092376,0
2452,26,26,26,26,1.8903452754645413,0
2454,26,26,26,26,1.6507267949674198,0
2456,26,26,26,26,1.9856086433410656,0
2458,26,26,26,26,2.3264167892689698,0
2460,26,26,26,26,0.6394390423079175,1
2462,26,26,26,26,1.1337282100737438,0
2464,26,26,26,26,1.4613085844785254,0
2466,26,26,26,26,1.7198553293363963,0
2468,26,26,26,26,1.8803535925899513,0
2470,26,26,26,26,1.4726681025934982,0
2472,26,26,26,26,2.0148740097305637,0
2474,26,26,26,26,1.4099606399304794,0
2476,26,26,26,26,1.4158634286599554,0
2478,26,26,26,26,1.0912295881477796,0
2480,26,26,26,26,1.6657405675497214,0
2482,26,26,26,26,1.9101362932823638,0
2484,27,27,27,27,1.573513088923146,0
2486,27,27,27,27,1.9178818727962765,0
2488,27,27,27,27,1.9270395114491539,0
2490,27,27,27,27,2.086288229521195,0
2492,27,27,27,27,2.1821111404804565,0
2494,27,27,27,27,2.337101031661655,0
2496,27,27,27,27,2.3350619138581417,0
2498,27,27,27,27,1.8889609475253737,0
2500,27,27,27,27,2.142899618419542,0
2502,27,27,27,27,2.512515658577242,0
2504,27,27,27,27,1.7655413162729285,0
2506,27,27,27,27,2.4788657567273376,0
2508,27,27,27,27,1.4336969252241842,0
2510,27,27,27,27,1.747942245702318,0
2512,27,27,27,27,1.536535309900322,0
2514,27,27,27,27,1.8693731112610648,0
2516,27,27,27,27,1.7575886063382282,0
2518,27,27,27,27,1.591063495531344,0
2520,27,27,27,27,2.0110995727876606,0
2522,27,27,27,27,1.74982136971218,0
2524,27,27,27,27,2.2671921944006588,0
2526,27,27,27,27,2.103951730600791,0
2528,27,27,27,27,1.4730591920869753,0
2530,27,27,27,27,1.7905756624377993,0
2532,27,27,27,27,1.7267625488704814,0
2534,27,27,27,27,1.435845866608519,0
2536,27,27,27,27,1.8751036087173132,0
2538,27,27,27,27,1.5223844275645122,0
2540,27,27,27,27,1.5022008582491486,0
2542,27,27,27,27,0.9345029468135715,0
2544,27,27,27,27,1.8602228427351026,0
2546,27,27,27,27,1.3385135689076193,0
2548,27,27,27,27,2.039031279772466,0
2550,27,27,27,27,1.9343128453306222,0
2552,27,27,27,27,2.1458775869403732,0
2554,27,27,27,27,2.1818758851562157,0
2556,27,27,27,27,1.1713827187020156,0
2558,27,27,27,27,1.53408165134378,0
2560,27,27,27,27,1.4614937578863372,0
2562,27,27,27,27,1.8691213188437827,0
2564,27,27,27,27,1.7443744841553686,0
2566,27,27,27,27,1.7830727261353965,0
2568,27,27,27,27,1.5389419452173057,0
2570,27,27,27,27,0.623221726797879,1
2572,27,27,27,27,1.3249443929633355,0
2574,27,27,27,27,1.3826229717514684,0
2576,28,28,28,28,0.3902716310764429,1
2578,28,28,28,28,0.15035458466870455,1
2580,28,28,28,28,0.01597868125943369,1
2582,28,5,28,28,0.04979733979331302,1
2584,28,5,28,28,0.24400926679794244,1
2586,28,28,28,28,0.3383647209232478,1
2588,28,28,28,28,0.24312502009187353,1
2590,28,28,28,28,0.36900491075027075,1
2592,28,28,28,28,0.9695607008492251,0
2594,28,28,28,28,0.7802714548549765,1
2596,28,1,28,28,0.07364893392607808,1
2598,28,28,28,28,0.8809506880631286,0
2600,28,28,28,28,0.8586910894676665,1
2602,28,28,28,28,0.07853773494605254,1
2604,28,28,28,28,0.06912932234658997,1
2606,28,28,28,28,1.0392216464183812,0
2608,28,28,28,28,0.6820973881410066,1
2610,28,28,28,28,0.6717781667182043,1
2612,28,28,28,28,0.5598838710341023,1
2614,28,5,28,28,0.5106492058790938,1
2616,28,28,28,28,0.039552452186705445,1
2618,28,28,28,28,0.6698864651031851,1
2620,28,28,28,28,0.9501678416357425,0
2622,28,28,28,28,1.3135322396834024,0
2624,28,28,28,28,1.0119525194928598,0
2626,28,28,28,28,0.819783849203084,1
2628,28,28,28,28,0.8484809900186099,1
2630,28,28,28,28,0.882041099907164,0
2632,28,28,28,28,0.9953701555045877,0
2634,28,28,28,28,0.5138692313347553,1
2636,28,28,28,28,0.30422853839695296,1
2638,28,28,28,28,0.21833371239487764,1
2640,28,28,28,28,0.7753282421583421,1
2642,28,28,28,28,1.1828004216111583,0
2644,28,28,28,28,1.2353593744739106,0
2646,28,28,28,28,1.3210884927712976,0
2648,28,28,28,28,0.9631742231921645,0
2650,28,28,28,28,0.814314892560583,1
2652,28,28,28,28,0.7872524540895047,1
2654,28,28,28,28,0.3907398756392957,1
2656,28,28,28,28,0.3959494179800491,1
2658,28,28,28,28,0.7520797389214617,1
2660,28,28,28,28,1.149617201017188,0
2662,28,28,28,28,0.8620198113090025,1
2664,28,28,28,28,0.6381398645492564,1
2666,28,28,28,28,0.5273639142734963,1
2668,29,29,29,29,0.6064908974307279,1
2670,29,29,29,29,0.7842064398792705,1
2672,29,29,29,29,0.6727975142713369,1
2674,29,29,29,29,1.081912992997442,0
2676,29,29,29,29,1.1136649422836689,0
2678,29,29,29,29,1.3483603839263583,0
2680,29,29,29,29,1.0636511283875782,0
2682,29,29,29,29,1.1374786287047196,0
2684,29,29,29,29,1.1293088906832878,0
2686,29,29,29,29,0.9758903214015484,0
2688,29,29,29,29,0.16391624687039608,1
2690,29,29,29,29,1.74308176452921,0
2692,29,2,29,29,0.026847988843227366,1
2694,29,44,29,29,0.030967565682090026,1
2696,29,10,29,29,0.3291185381860834,1
2698,29,29,29,29,0.6675987788374005,1
2700,29,29,29,29,0.8551162140947274,1
2702,29,29,29,29,0.7125367333672482,1
2704,29,29,29,29,0.8649374834007559,1
2706,29,29,29,29,1.4017175111511548,0
2708,29,29,29,29,0.9466861757464453,0
2710,29,29,29,29,1.5645190631025234,0
2712,29,29,29,29,1.0567962705163534,0
2714,29,29,29,29,1.553959184683069,0
2716,29,29,29,29,0.8870418897428922,0
2718,29,29,29,29,0.15246805273606268,1
2720,29,29,29,29,0.6174065929747361,1
2722,29,29,29,29,0.5141719312562416,1
2724,29,29,29,29,0.6132456807205222,1
2726,29,57,29,29,0.01587732948975973,1
2728,29,29,29,29,0.9782426533390802,0
2730,29,29,29,29,0.962090451107189,0
2732,29,29,29,29,1.4632287578438432,0
2734,29,29,29,29,1.2532365478480554,0
2736,29,29,29,29,1.1080328541678606,0
2738,29,29,29,29,1.1822295492421715,0
2740,29,29,29,29,0.8452875793598384,1
2742,29,29,29,29,0.9521902063267358,0
2744,29,29,29,29,0.7299167105588469,1
2746,29,29,29,29,0.6076311698053103,1
2748,29,29,29,29,0.3022461943433504,1
2750,29,29,29,29,1.0121163708293626,0
2752,29,29,29,29,0.5169040121047885,1
2754,29,29,29,29,0.6622600838292096,1
2756,29,29,29,29,0.44146010915268796,1
2758,29,29,29,29,0.15168035601894303,1
2760,30,11,30,30,0.1610727556441598,1
2762,30,30,30,30,0.3605173241546389,1
2764,30,30,30,30,0.46272169292569854,1
2766,30,30,30,30,0.4224979662999424,1
2768,30,30,30,30,0.8479008730531649,1
2770,30,30,30,30,0.8727323176370052,1
2772,30,30,30,30,0.8625955722081328,1
2774,30,30,30,30,0.67891630838585,1
2776,30,30,30,30,0.8822570500689502,0
2778,30,30,30,30,0.8068217777874859,1
2780,30,30,30,30,0.9531478907180568,0
2782,30,30,30,30,0.7375826561336325,1
2784,30,30,30,30,0.7209823419160885,1
2786,30,30,30,30,0.6294749341774111,1
2788,30,30,30,30,0.25988562196018106,1
2790,30,30,30,30,0.3115599554291454,1
2792,30,30,30,30,0.579518700259161,1
2794,30,30,30,30,0.6073780223513255,1
2796,30,30,30,30,0.9427792878797302,0
2798,30,30,30,30,0.7696760507798229,1
2800,30,30,30,30,1.097352077491539,0
2802,30,30,30,30,0.8239021153706737,1
2804,30,30,30,30,0.15473718711285955,1
2806,30,30,30,30,0.8467600293440289,1
2808,30,30,30,30,0.503417642410567,1
2810,30,30,30,30,0.8353329512284162,1
2812,30,30,30,30,0.910918221589565,0
2814,30,30,30,30,0.7865606665161378,1
2816,30,30,30,30,0.6057319804503575,1
2818,30,30,30,30,0.08100762616828783,1
2820,30,30,30,30,0.9085680917904606,0
2822,30,30,30,30,0.6182081558962014,1
2824,30,30,30,30,0.9724566914643137,0
2826,30,30,30,30,0.8258142712885042,1
2828,30,30,30,30,0.6223121108422363,1
2830,30,30,30,30,0.6588832215641687,1
2832,30,30,30,30,0.9118715914440986,0
2834,30,30,30,30,0.3442796882912953,1
2836,30,30,30,30,0.8621357127806599,1
2838,30,30,30,30,1.0215856398718401,0
2840,30,30,30,30,0.7695661774469562,1
2842,30,30,30,30,1.1944779264501122,0
2844,30,30,30,30,0.5273468987043011,1
2846,30,30,30,30,0.3873732719829305,1
2848,30,30,30,30,0.9865850057025742,0
2850,30,30,30,30,0.14401806230287817,1
2852,31,31,31,31,0.7452667584415487,1
2854,31,31,31,31,1.0934594524032475,0
2856,31,31,31,31,0.9958237786715745,0
2858,31,31,31,31,1.2503895103021287,0
2860,31,31,31,31,1.251435582722617,0
2862,31,31,31,31,1.237754674351137,0
2864,31,31,31,31,1.058635723751161,0
2866,31,31,31,31,1.32101311396243,0
2868,31,31,31,31,1.1311057136544351,0
2870,31,31,31,31,1.2125205286870542,0
2872,31,31,31,31,1.0862498061019428,0
2874,31,31,31,31,0.7813191393161523,1
2876,31,31,31,31,1.1352725627023899,0
2878,31,31,31,31,1.046246647940732,0
2880,31,31,31,31,0.7820014069527768,1
2882,31,31,31,31,0.43423290365010736,1
2884,31,31,31,31,0.5476311090109427,1
2886,31,31,31,31,0.8788829310531883,0
2888,31,31,31,31,0.6251817212741477,1
2890,31,31,31,31,0.936402030874012,0
2892,31,31,31,31,1.218876254309741,0
2894,31,31,31,31,1.2027386307280752,0
2896,31,31,31,31,0.8941822957542671,0
2898,31,31,31,31,1.258269762377771,0
2900,31,31,31,31,1.1702713746804054,0
2902,31,31,31,31,1.0437415815228606,0
2904,31,31,31,31,0.9565892706503893,0
2906,31,31,31,31,1.3524270622169778,0
2908,31,31,31,31,0.7016757166475092,1
2910,31,31,31,31,0.3435610297380576,1
2912,31,31,31,31,0.9302961353292984,0
2914,31,31,31,31,0.49986302904051394,1
2916,31,31,31,31,0.9389662797226002,0
2918,31,31,31,31,0.8403382656745506,1
2920,31,31,31,31,0.829812655364716,1
2922,31,31,31,31,0.7465561536200434,1
2924,31,31,31,31,0.6240700042006011,1
2926,31,31,31,31,0.6622556972972606,1
2928,31,31,31,31,0.9332736057074742,0
2930,31,31,31,31,0.5141324115724253,1
2932,31,31,31,31,0.79950805969183,1
2934,31,31,31,31,0.4535490059680094,1
2936,31,13,31,31,0.21057415199747176,1
2938,31,31,31,31,0.19601717545364705,1
2940,31,31,31,31,0.01837795495041128,1
2942,31,31,31,31,0.07160611892788848,1
2944,32,32,32,32,0.21360770233890725,1
2946,32,32,32,32,0.6155583902689623,1
2948,32,32,32,32,0.9064853771767223,0
2950,32,32,32,32,0.576169767627758,1
2952,32,32,32,32,0.8978653107485077,0
2954,32,32,32,32,1.3356924319838201,0
2956,32,32,32,32,0.9533776083243388,0
2958,32,32,32,32,1.5688263124611177,0
2960,32,32,32,32,1.3083572464383129,0
2962,32,32,32,32,1.2819930500641175,0
2964,32,32,32,32,1.1387911977424374,0
2966,32,32,32,32,1.3489351559339418,0
2968,32,32,32,32,1.2031361901806368,0
2970,32,32,32,32,0.9855080164238282,0
2972,32,32,32,32,0.9748598841610696,0
2974,32,5,1,1,0.20430986626389402,1
2976,32,24,32,32,0.28837541720907245,1
2978,32,32,32,32,0.4707940163366303,1
2980,32,32,32,32,0.4642432145101846,1
2982,32,32,32,32,1.1311003276198686,0
2984,32,32,32,32,1.2167774342741267,0
2986,32,32,32,32,1.182657306131007,0
2988,32,32,32,32,1.171176343816134,0
2990,32,32,32,32,1.3309770631584112,0
2992,32,32,32,32,1.1168165383604847,0
2994,32,32,32,32,0.5951206743916923,1
2996,32,32,32,32,0.9626955595128336,0
2998,32,32,32,32,0.5900337974598273,1
3000,32,24,32,32,0.10422603881347825,1
3002,32,32,32,32,0.6651924586538187,1
3004,32,32,32,32,0.9076416823149732,0
3006,32,32,32,32,1.3388306726407233,0
3008,32,32,32,32,1.1071232456134867,0
3010,32,32,32,32,1.060522208819876,0
3012,32,32,32,32,0.5381580611699052,1
3014,32,5,5,5,0.5351677337319373,1
3016,32,5,32,32,0.06120721988938971,1
3018,32,32,32,32,0.05006701849242057,1
3020,32,32,32,32,0.4801274746967421,1
3022,32,32,32,32,0.5901670468784033,1
3024,32,32,32,32,0.7188044775504501,1
3026,32,32,32,32,0.13001476135842482,1
3028,32,32,32,32,0.5673703316758467,1
3030,32,32,32,32,0.0016299883381355462,1
3032,32,48,32,32,0.1120230988983616,1
3034,32,32,32,32,0.32608059182992943,1
3036,33,33,33,33,1.4894726871994617,0
3038,33,33,33,33,1.4560589129597044,0
3040,33,33,33,33,1.5880371661261936,0
3042,33,33,33,33,1.2840267640178638,0
3044,33,33,33,33,1.5666200362535967,0
3046,33,33,33,33,0.9454361012814022,0
3048,33,33,33,33,1.1054676357087807,0
3050,33,33,33,33,1.4458968530823881,0
3052,33,33,33,33,0.7618724015660054,1
3054,33,33,33,33,0.6833406758484417,1
3056,33,33,33,33,1.75321287884067,0
3058,33,33,33,33,0.5688117714313621,1
3060,33,33,33,33,0.5297406159307974,1
3062,33,33,33,33,1.0006324705957148,0
3064,33,33,33,33,1.2613430843465823,0
3066,33,33,33,33,1.3475618393219415,0
3068,33,33,33,33,1.26210399194103,0
3070,33,33,33,33,1.0030651410606088,0
3072,33,33,33,33,1.6043722477218147,0
3074,33,33,33,33,1.494862872254635,0
3076,33,33,33,33,1.339451665995543,0
3078,33,33,33,33,1.1830821763124024,0
3080,33,33,33,33,1.4747564884047986,0
3082,33,33,33,33,1.2282590668855446,0
3084,33,33,33,33,1.0733239527758887,0
3086,33,33,33,33,1.1785884618767781,0
3088,33,33,33,33,0.40557361167511996,1
3090,33,33,33,33,0.30473489892078187,1
3092,33,33,33,33,1.4480143585249095,0
3094,33,33,33,33,0.9797222256148099,0
3096,33,33,33,33,1.7829829157295107,0
3098,33,33,33,33,1.8734510844497765,0
3100,33,33,33,33,1.1038321838364027,0
3102,33,33,33,33,1.315986972262543,0
3104,33,33,33,33,1.5931988455402153,0
3106,33,33,33,33,1.2685207612698053,0
3108,33,33,33,33,0.7391731802638697,1
3110,33,33,33,33,0.9922986234932625,0
3112,33,33,33,33,1.4146731366395902,0
3114,33,33,33,33,0.8085079822793635,1
3116,33,33,33,33,1.0948675565912849,0
3118,33,33,33,33,0.5933897258662528,1
3120,33,33,33,33,1.8820350768231164,0
3122,33,33,33,33,0.7954555863429942,1
3124,33,33,33,33,0.8325195243564444,1
3126,33,33,33,33,1.0346910950477015,0
3128,34,34,34,34,1.7057405053583725,0
3130,34,34,34,34,2.07120798063053,0
3132,34,34,34,34,1.9467920559663885,0
3134,34,34,34,34,2.0999330024575946,0
3136,34,34,34,34,2.089061116681486,0
3138,34,34,34,34,2.0376384765198052,0
3140,34,34,34,34,2.014154221726209,0
3142,34,34,34,34,2.0463764239034568,0
3144,34,34,34,34,2.002762314175198,0
3146,34,34,34,34,1.9413609679435382,0
3148,34,34,34,34,1.9181544341584293,0
3150,34,34,34,34,2.056511296298058,0
3152,34,34,34,34,1.97667244862216,0
3154,34,34,34,34,1.9646544557600776,0
3156,34,34,34,34,1.9702050124073947,0
3158,34,34,34,34,1.9868904827876128,0
3160,34,34,34,34,1.8008173284234736,0
3162,34,34,34,34,1.8726204349408735,0
3164,34,34,34,34,2.1316657928787737,0
3166,34,34,34,34,2.0304647549397403,0
3168,34,34,34,34,2.173434464099492,0
3170,34,34,34,34,2.0654787684623432,0
3172,34,34,34,34,2.046410076007793,0
3174,34,34,34,34,2.038138473293512,0
3176,34,34,34,34,1.999876451585959,0
3178,34,34,34,34,2.0542344885557235,0
3180,34,34,34,34,2.0348302093080664,0
3182,34,34,34,34,2.075799236538722,0
3184,34,34,34,34,1.3710991838902622,0
3186,34,34,34,34,1.57648258346258,0
3188,34,34,34,34,2.1586413117885197,0
3190,34,34,34,34,2.1371778490652793,0
3192,34,34,34,34,1.9104258052730452,0
3194,34,34,34,34,2.083076866052389,0
3196,34,34,34,34,2.188902236705105,0
3198,34,34,34,34,2.1267416276429785,0
3200,34,34,34,34,2.2359418498501156,0
3202,34,34,34,34,1.592403661989187,0
3204,34,34,34,34,1.6009801286565515,0
3206,34,34,34,34,2.101683157618786,0
3208,34,34,34,34,2.0650912422729535,0
3210,34,34,34,34,2.10845861933492,0
3212,34,34,34,34,2.0543457940889582,0
3214,34,34,34,34,1.5551313557683017,0
3216,34,34,34,34,1.8405196398898607,0
3218,34,34,34,34,1.5881470999120562,0
3220,35,35,35,35,0.4710626396432581,1
3222,35,35,35,35,0.909035616506528,0
3224,35,35,35,35,1.069605297203519,0
3226,35,35,35,35,1.2735620809569328,0
3228,35,35,35,35,1.357406339668291,0
3230,35,35,35,35,1.3866516347884623,0
3232,35,35,35,35,1.3349565275397588,0
3234,35,35,35,35,1.6803392827855215,0
3236,35,35,35,35,1.3568128001970732,0
3238,35,35,35,35,1.2768499373239006,0
3240,35,35,35,35,1.960622073464184,0
3242,35,35,35,35,1.651485078157116,0
3244,35,35,35,35,1.704591200913255,0
3246,35,35,35,35,1.5480903049874275,0
3248,35,35,35,35,0.9481930450683798,0
3250,35,35,35,35,1.5803442548494506,0
3252,35,35,35,35,0.9370012685670793,0
3254,35,35,35,35,0.9101442805880064,0
3256,35,35,35,35,1.0779119914290325,0
3258,35,35,35,35,1.4339030885634079,0
3260,35,35,35,35,1.3436941886890323,0
3262,35,35,35,35,1.2104958444261618,0
3264,35,35,35,35,1.9717867556382198,0
3266,35,35,35,35,1.9232803426525182,0
3268,35,35,35,35,1.783840924000355,0
3270,35,35,35,35,1.8243030482952602,0
3272,35,35,35,35,1.7184032419678545,0
3274,35,35,35,35,1.7516020628916096,0
3276,35,35,35,35,0.9031973418477912,0
3278,35,35,35,35,0.55018314070319,1
3280,35,35,35,35,1.1329019600112595,0
3282,35,35,35,35,1.4136738885906164,0
3284,35,35,35,35,1.3755123764345027,0
3286,35,35,35,35,1.5968636620715422,0
3288,35,35,35,35,1.5462809069342116,0
3290,35,35,35,35,1.5964775169078018,0
3292,35,35,35,35,1.950087565065651,0
3294,35,35,35,35,1.109440512373495,0
3296,35,35,35,35,1.0438101016600279,0
3298,35,35,35,35,1.2052736680715739,0
3300,35,35,35,35,1.0512436945383556,0
3302,35,35,35,35,0.9862825331367455,0
3304,35,35,35,35,1.3878799682085485,0
3306,35,35,35,35,1.5986884187727355,0
3308,35,35,35,35,0.6518438448623949,1
3310,35,35,35,35,0.974477151883161,0
3312,36,36,36,36,0.10858248949733729,1
3314,36,36,36,36,0.3632002584680549,1
3316,36,36,36,36,0.46101355074364947,1
3318,36,36,36,36,0.3927949006660285,1
3320,36,36,36,36,0.44374061203528803,1
3322,36,36,36,36,0.6613364881202954,1
3324,36,36,36,36,0.3058930068967345,1
3326,36,36,36,36,0.6065765760687983,1
3328,36,36,36,36,0.37016819153434777,1
3330,36,36,36,36,0.1883284551785207,1
3332,36,36,36,36,0.6812857787921696,1
3334,36,36,36,36,0.267815953010738,1
3336,36,36,36,36,0.538156792055589,1
3338,36,36,36,36,0.41741367975150045,1
3340,36,36,36,36,0.3758906144178098,1
3342,36,36,36,36,0.20870995031575634,1
3344,36,36,36,36,0.2638339848574154,1
3346,36,36,36,36,0.3898584079985272,1
3348,36,36,36,36,0.16825299799386007,1
3350,36,36,36,36,0.6661434974810686,1
3352,36,36,36,36,0.6249943934882642,1
3354,36,36,36,36,0.7269842734537664,1
3356,36,36,36,36,0.5516072619351653,1
3358,36,36,36,36,0.6303962813957584,1
3360,36,36,36,36,0.3458567269294044,1
3362,36,36,36,36,0.45621081021728616,1
3364,36,36,36,36,0.4565036527279964,1
3366,36,36,36,36,0.39214069008460073,1
3368,36,36,36,36,0.17048690071611272,1
3370,36,36,36,36,0.28411178138365356,1
3372,36,36,36,36,0.6750028529031626,1
3374,36,36,36,36,0.6118935578495366,1
3376,36,36,36,36,0.5527409335476505,1
3378,36,36,36,36,0.5908059794754315,1
3380,36,36,36,36,0.47567737162766544,1
3382,36,36,36,36,0.32692263547481315,1
3384,36,36,36,36,0.6179266401132422,1
3386,36,36,36,36,0.19134818548569132,1
3388,36,36,36,36,0.47704765219010303,1
3390,36,36,36,36,0.33656694322971403,1
3392,36,36,36,36,0.48088750406087233,1
3394,36,36,36,36,0.3939992827202303,1
3396,36,36,36,36,0.44479706805183605,1
3398,36,36,36,36,0.19691124864652965,1
3400,36,36,36,36,0.4772152200579376,1
3402,36,36,36,36,0.5983696604180105,1
3404,37,37,37,37,1.3513365420315235,0
3406,37,37,37,37,2.0303615165482087,0
3408,37,37,37,37,1.9374482724254452,0
3410,37,37,37,37,2.2258347112129107,0
3412,37,37,37,37,2.245387482778605,0
3414,37,37,37,37,2.1222539220873404,0
3416,37,37,37,37,2.2023253166432974,0
3418,37,37,37,37,1.9840096273018861,0
3420,37,37,37,37,2.0789064875193013,0
3422,37,37,37,37,2.037617635015056,0
3424,37,37,37,37,1.971363844941185,0
3426,37,37,37,37,2.0685966452595244,0
3428,37,37,37,37,1.9228775007401602,0
3430,37,37,37,37,2.089537732674431,0
3432,37,37,37,37,2.0522476191417622,0
3434,37,37,37,37,1.8763726215527345,0
3436,37,37,37,37,1.484770036586291,0
3438,37,37,37,37,1.8271860348929292,0
3440,37,37,37,37,1.9618125275007867,0
3442,37,37,37,37,1.920255060219716,0
3444,37,37,37,37,2.0248812014669664,0
3446,37,37,37,37,2.218184393464614,0
3448,37,37,37,37,2.034672506684436,0
3450,37,37,37,37,2.077741283344203,0
3452,37,37,37,37,2.0348220594670474,0
3454,37,37,37,37,1.9745512422085423,0
3456,37,37,37,37,1.9662830542798497,0
3458,37,37,37,37,1.9518851315026116,0
3460,37,37,37,37,1.2807965729181081,0
3462,37,37,37,37,1.691547135435235,0
3464,37,37,37,37,1.9046625273199784,0
3466,37,37,37,37,1.8848766676110882,0
3468,37,37,37,37,2.041962616395457,0
3470,37,37,37,37,1.904281196163585,0
3472,37,37,37,37,1.9313031677239736,0
3474,37,37,37,37,1.6491900306044205,0
3476,37,37,37,37,1.8932376917382319,0
3478,37,37,37,37,1.2911946796472615,0
3480,37,37,37,37,1.7562570632359313,0
3482,37,37,37,37,1.7729328887056424,0
3484,37,37,37,37,1.8623266342167533,0
3486,37,37,37,37,1.3871741815730774,0
3488,37,37,37,37,1.9664745036011317,0
3490,37,37,37,37,1.1645103975412705,0
3492,37,37,37,37,0.9178078371691728,0
3494,37,37,37,37,1.6359341189513354,0
3496,38,38,38,38,1.275226736723825,0
3498,38,38,38,38,1.7435331990227785,0
3500,38,38,38,38,1.6744601973889088,0
3502,38,38,38,38,1.7442305118528523,0
3504,38,38,38,38,1.4278068837523312,0
3506,38,38,38,38,1.505840958788729,0
3508,38,38,38,38,1.2864672268705992,0
3510,38,38,38,38,1.0341874081024631,0
3512,38,38,38,38,1.4532252394108607,0
3514,38,38,38,38,1.30750543876571,0
3516,38,38,38,38,1.116755896164973,0
3518,38,38,38,38,1.5337081471879488,0
3520,38,38,38,38,1.1448109516475813,0
3522,38,38,38,38,0.776182931472795,1
3524,38,38,38,38,0.8066290505997578,1
3526,38,38,38,38,0.9462136629016213,0
3528,38,38,38,38,1.577758259829308,0
3530,38,38,38,38,1.6536247729399838,0
3532,38,38,38,38,2.1543496798825776,0
3534,38,38,38,38,2.015289277199575,0
3536,38,38,38,38,1.8234083963041254,0
3538,38,38,38,38,1.8692021370719982,0
3540,38,38,38,38,1.0033949063446819,0
3542,38,38,38,38,1.4645425272906447,0
3544,38,38,38,38,1.0310908838565174,0
3546,38,38,38,38,0.645829522810718,1
3548,38,38,38,38,0.9272242708696998,0
3550,38,38,38,38,0.6995721971710754,1
3552,38,38,38,38,1.6677060533897567,0
3554,38,38,38,38,1.4530826652373712,0
3556,38,38,38,38,1.6622825882226127,0
3558,38,38,38,38,1.6592443208047876,0
3560,38,38,38,38,1.3223470974974716,0
3562,38,38,38,38,2.1552011698483327,0
3564,38,38,38,38,1.8215993724670847,0
3566,38,38,38,38,1.7262637569430823,0
3568,38,38,38,38,0.9615802724180564,0
3570,38,38,38,38,1.5671952218391711,0
3572,38,38,38,38,1.2191725104652624,0
3574,38,38,38,38,1.6514313300807502,0
3576,38,38,38,38,1.9388121931593958,0
3578,38,38,38,38,1.8363780869807664,0
3580,38,38,38,38,2.0539191462453434,0
3582,38,38,38,38,0.7740001471157771,1
3584,38,38,38,38,1.6008253328063557,0
3586,38,38,38,38,1.2957579055390587,0
3588,39,39,39,39,1.110550404945725,0
3590,39,39,39,39,1.673346761927541,0
3592,39,39,39,39,1.9347728973769929,0
3594,39,39,39,39,1.8647726718808193,0
3596,39,39,39,39,1.7668514768393608,0
3598,39,39,39,39,1.9764908109684316,0
3600,39,39,39,39,2.010794977518842,0
3602,39,39,39,39,1.7554091390798572,0
3604,39,39,39,39,1.974305146248648,0
3606,39,39,39,39,1.6286872933756649,0
3608,39,39,39,39,1.943775868018883,0
3610,39,39,39,39,1.9568851576427877,0
3612,39,39,39,39,1.8316903172868146,0
3614,39,39,39,39,1.8364439902032335,0
3616,39,39,39,39,1.632885364377509,0
3618,39,39,39,39,1.8762663160847626,0
3620,39,39,39,39,1.6740133727285933,0
3622,39,39,39,39,1.7651561053134766,0
3624,39,39,39,39,1.9061706216375067,0
3626,39,39,39,39,2.0308097194682047,0
3628,39,39,39,39,1.9802483633724275,0
3630,39,39,39,39,2.0385303736103535,0
3632,39,39,39,39,1.919461034270073,0
3634,39,39,39,39,2.066637689774309,0
3636,39,39,39,39,2.1663671671722735,0
3638,39,39,39,39,1.853259126530585,0
3640,39,39,39,39,1.8515989525077883,0
3642,39,39,39,39,1.736589406418605,0
3644,39,39,39,39,1.5735080316488257,0
3646,39,39,39,39,1.80421728792343,0
3648,39,39,39,39,2.0246839441341646,0
3650,39,39,39,39,2.062910520234823,0
3652,39,39,39,39,2.058542595283032,0
3654,39,39,39,39,2.003893229488349,0
3656,39,39,39,39,2.131017206269946,0
3658,39,39,39,39,2.015128731797132,0
3660,39,39,39,39,1.8593457989109208,0
3662,39,39,39,39,1.8732615500199326,0
3664,39,39,39,39,1.802421506147494,0
3666,39,39,39,39,1.8782212376464518,0
3668,39,39,39,39,2.0536056663109723,0
3670,39,39,39,39,1.9127270848457374,0
3672,39,39,39,39,1.9748405262576219,0
3674,39,39,39,39,1.6850649499792958,0
3676,39,39,39,39,1.7140553244996892,0
3678,39,39,39,39,1.8131950119039701,0
3680,40,6,40,40,0.16713830303082522,1
3682,40,40,40,40,0.28358934432567207,1
3684,40,40,40,40,0.4220996643395327,1
3686,40,40,40,40,0.6234172945736063,1
3688,40,40,40,40,0.602714902239174,1
3690,40,40,40,40,0.4584217622869995,1
3692,40,40,40,40,0.6005926402620156,1
3694,40,40,40,40,0.4646885995193628,1
3696,40,40,40,40,0.5263302326529697,1
3698,40,40,40,40,0.38230216272284645,1
3700,40,40,40,40,0.4475974752089812,1
3702,40,40,40,40,0.1763851774443248,1
3704,40,40,40,40,0.2744077972199539,1
3706,40,40,40,40,0.4154190005915892,1
3708,40,40,40,40,0.29518881623800186,1
3710,40,20,40,40,0.12399090255920231,1
3712,40,6,40,40,0.06356738050272681,1
3714,40,40,40,40,0.1513350010322979,1
3716,40,40,40,40,0.5440363751243794,1
3718,40,40,40,40,0.48499278822865066,1
3720,40,40,40,40,0.7674951389893638,1
3722,40,40,40,40,0.5777064995697653,1
3724,40,40,40,40,0.561997605123411,1
3726,40,40,40,40,0.5245309652108516,1
3728,40,40,40,40,0.5027155103648542,1
3730,40,40,40,40,0.36479069193488023,1
3732,40,40,40,40,0.04018089036640493,1
3734,40,40,40,40,0.17173663774053172,1
3736,40,40,40,40,0.373788746784665,1
3738,40,40,40,40,0.24808955738189264,1
3740,40,40,40,40,0.7772093538094875,1
3742,40,40,40,40,0.7164435971723482,1
3744,40,40,40,40,0.5413933113149763,1
3746,40,40,40,40,0.5852417700864971,1
3748,40,40,40,40,0.21718669199375285,1
3750,40,20,40,40,0.12116121877195463,1
3752,40,40,40,40,0.022312712800939716,1
3754,40,40,40,40,0.5000755518327483,1
3756,40,40,40,40,0.6002651131337425,1
3758,40,40,40,40,0.32905188889608117,1
3760,40,40,40,40,0.33779311849686433,1
3762,40,40,40,40,0.12031537499616896,1
3764,40,40,40,40,0.7874407577824614,1
3766,40,48,40,40,0.03055541976890963,1
3768,40,48,48,48,0.18862891523200354,1
3770,40,40,40,40,0.19984975817756012,1
3772,41,41,41,41,0.8212899920844444,1
3774,41,41,41,41,1.9575635783354528,0
3776,41,41,41,41,1.8957160323997515,0
3778,41,41,41,41,1.6296630779606363,0
3780,41,41,41,41,1.9158397224659365,0
3782,41,41,41,41,1.717344740040379,0
3784,41,41,41,41,1.604431907518967,0
3786,41,41,41,41,1.8842740056334852,0
3788,41,41,41,41,1.4545564128327002,0
3790,41,41,41,41,1.5892247748957655,0
3792,41,41,41,41,0.5759273037355881,1
3794,41,41,41,41,1.4940246103151824,0
3796,41,41,41,41,1.498879037736271,0
3798,41,41,41,41,0.9521024713630786,0
3800,41,41,41,41,0.9184513742889931,0
3802,41,41,41,41,1.3790516044407108,0
3804,41,41,41,41,1.7039653107689108,0
3806,41,41,41,41,2.067679079015102,0
3808,41,41,41,41,1.7244106262398993,0
3810,41,41,41,41,1.6706594683040543,0
3812,41,41,41,41,1.7179872338012865,0
3814,41,41,41,41,1.6454301050986777,0
3816,41,41,41,41,1.5310444561073522,0
3818,41,41,41,41,1.8690498929991382,0
3820,41,41,41,41,1.8338891526965106,0
3822,41,41,41,41,0.7413255754106607,1
3824,41,41,41,41,2.1121666854494245,0
3826,41,41,41,41,1.707681118963462,0
3828,41,41,41,41,1.7504135395132396,0
3830,41,41,41,41,2.227447759583719,0
3832,41,41,41,41,1.7238067326192985,0
3834,41,41,41,41,1.8688897228245542,0
3836,41,41,41,41,2.0927441402134903,0
3838,41,41,41,41,1.6240396918876554,0
3840,41,41,41,41,2.357716464002786,0
3842,41,41,41,41,1.9992491022690402,0
3844,41,41,41,41,1.6555814731678442,0
3846,41,41,41,41,1.9644770734277999,0
3848,41,41,41,41,2.219714858718785,0
3850,41,41,41,41,1.7514838869860063,0
3852,41,41,41,41,1.5838007880017746,0
3854,41,41,41,41,1.8899494964704453,0
3856,41,41,41,41,1.1619613366767358,0
3858,41,41,41,41,1.0857935963321061,0
3860,41,41,41,41,1.4120645049014058,0
3862,41,41,41,41,1.208709694904845,0
3864,42,42,42,42,0.40401226819502667,1
3866,42,42,42,42,0.8336335790493681,1
3868,42,42,42,42,0.6890356513443845,1
3870,42,42,42,42,0.9081187672833813,0
3872,42,42,42,42,0.8115005459290912,1
3874,42,42,42,42,0.8313074577395156,1
3876,42,42,42,42,0.71815397531624,1
3878,42,42,42,42,0.3735875955122703,1
3880,42,42,42,42,0.9965794600097064,0
3882,42,42,42,42,0.5484714439809188,1
3884,42,42,42,42,0.9135226152737552,0
3886,42,42,42,42,0.938779386204643,0
3888,42,42,42,42,0.4249104301597276,1
3890,42,42,42,42,1.1092316567100857,0
3892,42,42,42,42,0.8003616138158877,1
3894,42,42,42,42,0.621371985127098,1
3896,42,42,42,42,0.47311580419709176,1
3898,42,42,42,42,0.6367042921198983,1
3900,42,42,42,42,0.6804965382190686,1
3902,42,42,42,42,0.7760896221115483,1
3904,42,42,42,42,0.8906965919134686,0
3906,42,42,42,42,1.2713901656589313,0
3908,42,42,42,42,0.9834304046953526,0
3910,42,42,42,42,1.0982647676600152,0
3912,42,42,42,42,0.7131893234370743,1
3914,42,42,42,42,0.5289712327038782,1
3916,42,42,42,42,0.9001303614749548,0
3918,42,42,42,42,0.6649238863612372,1
3920,42,42,42,42,0.6153726442375618,1
3922,42,42,42,42,0.32089295303476595,1
3924,42,42,42,42,0.9597627406604496,0
3926,42,42,42,42,1.0675404060593494,0
3928,42,42,42,42,1.0947245696151502,0
3930,42,42,42,42,1.0813817080846837,0
3932,42,42,42,42,1.0937733059444434,0
3934,42,42,42,42,1.0160433399412285,0
3936,42,42,42,42,0.6707852223663882,1
3938,42,42,42,42,0.44787864029290825,1
3940,42,42,42,42,0.2114296664630253,1
3942,42,42,42,42,1.0755135377275504,0
3944,42,42,42,42,0.7496185065493599,1
3946,42,42,42,42,1.2325863199547054,0
3948,42,42,42,42,0.8697307445005862,1
3950,42,42,42,42,0.32429033248754224,1
3952,42,42,42,42,0.6989439675955682,1
3954,42,42,42,42,0.7291743505286103,1
3956,43,55,55,55,0.23522875072372806,1
3958,43,43,43,43,1.1536419899747725,0
3960,43,43,43,43,1.063284400787217,0
3962,43,43,43,43,2.0272414217213193,0
3964,43,43,43,43,2.208620654117513,0
3966,43,43,43,43,1.582784572662399,0
3968,43,43,43,43,2.0043015783163507,0
3970,43,43,43,43,0.8564429446064801,1
3972,43,43,43,43,0.9109949557043018,0
3974,43,43,43,43,1.7576368492603147,0
3976,43,43,43,43,1.2139813081321114,0
3978,43,43,43,43,1.8212825794914744,0
3980,43,43,43,43,1.541179721784414,0
3982,43,43,43,43,1.5564861311354368,0
3984,43,43,43,43,2.017389900556251,0
3986,43,43,43,43,1.390182104169202,0
3988,43,43,43,43,0.6116899903495295,1
3990,43,43,43,43,0.38073089478149624,1
3992,43,43,43,43,1.9541432250026793,0
3994,43,43,43,43,0.9570774512706434,0
3996,43,43,43,43,2.0198720393175402,0
3998,43,43,43,43,1.4184163834025156,0
4000,43,43,43,43,1.5045485538233097,0
4002,43,43,43,43,1.7760121476365243,0
4004,43,43,43,43,1.504253421014108,0
4006,43,43,43,43,1.1696251827212312,0
4008,43,43,43,43,1.2060850829531493,0
4010,43,43,43,43,1.612084388577462,0
4012,43,43,43,43,1.053827747298518,0
4014,43,55,43,43,0.07326757299434772,1
4016,43,43,43,43,1.8055254048712257,0
4018,43,43,43,43,1.0057233813425817,0
4020,43,43,43,43,1.7859136056840137,0
4022,43,43,43,43,2.185622855362337,0
4024,43,43,43,43,2.2374457146093456,0
4026,43,43,43,43,1.0199501474524046,0
4028,43,43,43,43,0.4991545222478926,1
4030,43,43,43,43,0.6554597112840318,1
4032,43,43,43,43,0.6721436987708498,1
4034,43,43,43,43,1.2963344228367812,0
4036,43,43,43,43,1.424479270039904,0
4038,43,43,43,43,1.2719893246652174,0
4040,43,43,43,43,0.9181678646475724,0
4042,43,45,43,43,0.40646845261017384,1
4044,43,43,43,43,1.0552359247343759,0
4046,43,43,43,43,0.5086327188815083,1
4048,44,44,44,44,0.19166677334661197,1
4050,44,44,44,44,1.5181089164132184,0
4052,44,44,44,44,1.2289307753896934,0
4054,44,44,44,44,1.79680343600599,0
4056,44,44,44,44,1.7209802353495678,0
4058,44,44,44,44,2.038794954293672,0
4060,44,44,44,44,1.6466710981389439,0
4062,44,44,44,44,1.8883314975408774,0
4064,44,44,44,44,1.9616330305984453,0
4066,44,44,44,44,1.8468656442846787,0
4068,44,44,44,44,0.9382343311677368,0
4070,44,44,44,44,2.016867080977965,0
4072,44,44,44,44,1.5179217455914018,0
4074,44,44,44,44,0.3688764261294539,1
4076,44,44,44,44,0.8738500016651067,1
4078,44,44,44,44,1.9510858838861225,0
4080,44,44,44,44,1.2995329863568972,0
4082,44,44,44,44,1.4874360538914786,0
4084,44,44,44,44,2.038901044668394,0
4086,44,44,44,44,1.946989422913077,0
4088,44,44,44,44,2.0818516126890634,0
4090,44,44,44,44,1.8565193108204214,0
4092,44,44,44,44,1.0910987211295364,0
4094,44,44,44,44,1.0400338090924053,0
4096,44,44,44,44,0.8940348571441763,0
4098,44,44,44,44,0.43663910075935264,1
4100,44,44,44,44,0.6723274958245078,1
4102,44,44,44,44,1.0182525566552012,0
4104,44,44,44,44,1.5650730592792252,0
4106,44,44,44,44,0.6454186157967923,1
4108,44,44,44,44,1.9909469646810862,0
4110,44,44,44,44,1.6809572154860466,0
4112,44,44,44,44,2.0863163635931357,0
4114,44,44,44,44,1.8055907220164311,0
4116,44,44,44,44,1.5529746847902488,0
4118,44,44,44,44,1.4916175661628102,0
4120,44,44,44,44,0.6646469232695417,1
4122,44,44,44,44,1.0576175101139236,0
4124,44,44,44,44,1.227988028043363,0
4126,44,44,44,44,1.7361950301583762,0
4128,44,44,44,44,1.9552168850225726,0
4130,44,44,44,44,1.9141834293921294,0
4132,44,44,44,44,1.7832978226096343,0
4134,44,44,44,44,0.38051859978652947,1
4136,44,44,44,44,0.9897742250505235,0
4138,44,44,44,44,1.0270228056867694,0
4140,45,45,45,45,0.07729615385664768,1
4142,45,45,45,45,0.13677863921724365,1
4144,45,43,45,45,0.07181706856168946,1
4146,45,43,45,45,0.02043584329367798,1
4148,45,0,45,45,0.01123734334278037,1
4150,45,45,45,45,0.436500589370429,1
4152,45,45,45,45,0.38039855189287197,1
4154,45,45,45,45,1.7901199521768407,0
4156,45,45,45,45,1.8509886326192524,0
4158,45,45,45,45,1.6932908916808456,0
4160,45,45,45,45,1.7697422807295244,0
4162,45,45,45,45,1.6056709853525808,0
4164,45,45,45,45,2.0239228199535937,0
4166,45,45,45,45,1.6895507679853736,0
4168,45,45,45,45,1.745083273753635,0
4170,45,45,45,45,1.7787271362572643,0
4172,45,24,45,45,0.3184831720220319,1
4174,45,24,45,45,0.3127408490896483,1
4176,45,45,45,45,0.16917676124141667,1
4178,45,45,45,45,0.14801563435561738,1
4180,45,45,45,45,0.6710674690868865,1
4182,45,45,45,45,1.1367165851201804,0
4184,45,45,45,45,1.5518511969995625,0
4186,45,45,45,45,1.8486393538998365,0
4188,45,45,45,45,2.018122371701221,0
4190,45,45,45,45,1.6452486855730828,0
4192,45,45,45,45,1.826076617942284,0
4194,45,45,45,45,1.844946514700262,0
4196,45,15,45,45,0.05846690021103185,1
4198,45,24,45,45,0.009853283932471646,1
4200,45,45,45,45,0.3536966071997014,1
4202,45,28,45,45,0.0709556295576057,1
4204,45,45,45,45,1.6543637811169671,0
4206,45,45,45,45,1.7578627822871338,0
4208,45,45,45,45,1.9583589835059372,0
4210,45,45,45,45,1.978425557257025,0
4212,45,45,45,45,1.9216191520254118,0
4214,45,15,45,45,0.03693599883671472,1
4216,45,15,45,45,0.15695065914281559,1
4218,45,45,45,45,0.5667159492053276,1
4220,45,45,45,45,0.016943767993699343,1
4222,45,45,45,45,1.9225856715512035,0
4224,45,45,45,45,1.5646119074294327,0
4226,45,45,45,45,1.7339396128169897,0
4228,45,45,45,45,1.094695516425504,0
4230,45,28,45,45,0.015311013620042058,1
4232,46,46,46,46,0.06423996298379864,1
4234,46,46,46,46,1.0534859796813234,0
4236,46,46,46,46,1.158210554893441,0
4238,46,46,46,46,1.5904646905496007,0
4240,46,46,46,46,1.5223167938022784,0
4242,46,46,46,46,1.6301211160341582,0
4244,46,46,46,46,1.4037658604099452,0
4246,46,46,46,46,1.6259342031337305,0
4248,46,46,46,46,1.4531261943127807,0
4250,46,46,46,46,1.5263238463250626,0
4252,46,46,46,46,1.1386413284786847,0
4254,46,46,46,46,0.5726064391832819,1
4256,46,46,46,46,1.2675053171443889,0
4258,46,46,46,46,0.9629462844213782,0
4260,46,46,46,46,1.1319447713509454,0
4262,46,46,46,46,0.6941881047904611,1
4264,46,46,46,46,0.9275809453757451,0
4266,46,46,46,46,0.876953613119601,0
4268,46,46,46,46,1.2475982818704892,0
4270,46,46,46,46,1.069034470826091,0
4272,46,46,46,46,1.6773634817378889,0
4274,46,46,46,46,1.5149893499433082,0
4276,46,46,46,46,0.9455212599532281,0
4278,46,46,46,46,1.457684979548095,0
4280,46,46,46,46,1.3815957290732759,0
4282,46,46,46,46,1.5184140407956142,0
4284,46,46,46,46,1.214458049996952,0
4286,46,46,46,46,1.0289449639334078,0
4288,46,46,46,46,0.4193229043898654,1
4290,46,46,46,46,0.4505603220910326,1
4292,46,46,46,46,0.8178427911163251,1
4294,46,46,46,46,1.1631167386243175,0
4296,46,46,46,46,1.5771706953781761,0
4298,46,46,46,46,0.9102054640090564,0
4300,46,46,46,46,1.005296565301054,0
4302,46,46,46,46,0.6247086445549788,1
4304,46,46,46,46,0.7518991419917018,1
4306,46,46,46,46,0.7088095119198622,1
4308,46,46,46,46,0.6121236619058066,1
4310,46,46,46,46,1.2922999718740935,0
4312,46,46,46,46,0.7961073686617497,1
4314,46,46,46,46,1.0057643794948017,0
4316,46,46,46,46,1.3829498125705877,0
4318,46,46,46,46,0.480395161368133,1
4320,46,46,46,46,1.1765537731720164,0
4322,46,46,46,46,0.5506491622775445,1
4324,47,31,7,7,0.12774759754907494,1
4326,47,7,47,47,0.08518465824240917,1
4328,47,7,7,7,0.024350837961863103,1
4330,47,47,47,47,0.015644133245380054,1
4332,47,47,47,47,0.06315515900486046,1
4334,47,47,47,47,0.13334846421586,1
4336,47,47,47,47,0.6314862220755124,1
4338,47,47,47,47,0.8510473371077591,1
4340,47,47,47,47,0.7401556424415274,1
4342,47,47,47,47,0.4261993296472135,1
4344,47,47,47,47,0.9362381161396953,0
4346,47,47,47,47,0.9113499681025281,0
4348,47,47,47,47,0.6937235020287769,1
4350,47,47,47,47,0.7725990239353298,1
4352,47,47,47,47,0.7135444662668009,1
4354,47,47,47,47,0.09961182366633037,1
4356,47,47,47,47,0.06490308206767614,1
4358,47,47,47,47,0.3292927380047712,1
4360,47,47,47,47,0.9608884736056342,0
4362,47,47,47,47,1.033421653672769,0
4364,47,47,47,47,1.186662051282037,0
4366,47,47,47,47,0.8854568224268455,0
4368,47,47,47,47,1.1975956663070226,0
4370,47,47,47,47,1.1551980883605837,0
4372,47,47,47,47,1.332050087991471,0
4374,47,47,47,47,0.8234548896340022,1
4376,47,47,47,47,1.287726889522715,0
4378,47,47,47,47,1.367770059457044,0
4380,47,47,47,47,0.513375395138522,1
4382,47,47,47,47,0.6626880885194308,1
4384,47,47,47,47,1.2681702612531007,0
4386,47,47,47,47,1.1325881862215614,0
4388,47,47,47,47,1.4969942432685657,0
4390,47,47,47,47,1.3877791452426833,0
4392,47,47,47,47,1.6964681336895355,0
4394,47,47,47,47,1.366118496812275,0
4396,47,47,47,47,1.1293458473562268,0
4398,47,47,47,47,0.47305806547915874,1
4400,47,47,47,47,0.8435367847402911,1
4402,47,47,47,47,0.8849347401482439,0
4404,47,47,47,47,1.4481589437335716,0
4406,47,47,47,47,0.9794601178717799,0
4408,47,47,47,47,0.8635406588871368,1
4410,47,47,47,47,0.49963138304335075,1
4412,47,47,47,47,0.7186982484657707,1
4414,47,47,47,47,0.5610908175237024,1
4416,48,48,48,48,0.34937081181817586,1
4418,48,48,48,48,0.6105158707533545,1
4420,48,48,48,48,0.3172853567602688,1
4422,48,48,48,48,0.4956740723857176,1
4424,48,48,48,48,0.5208485258223485,1
4426,48,48,48,48,0.38309100893976944,1
4428,48,48,48,48,0.6291271743190845,1
4430,48,48,48,48,0.2780753086753547,1
4432,48,48,48,48,0.263336889369432,1
4434,48,48,48,48,0.6045444988818163,1
4436,48,53,48,48,0.15095453594908437,1
4438,48,48,48,48,0.32761057785451686,1
4440,48,53,48,48,0.061715967569035635,1
4442,48,48,48,48,0.31796828307516434,1
4444,48,48,48,48,0.44737862079542856,1
4446,48,48,48,48,0.5374608708377607,1
4448,48,48,48,48,0.21300962666306134,1
4450,48,48,48,48,0.37866693402503937,1
4452,48,48,48,48,0.5665155799624518,1
4454,48,48,48,48,0.3942974798298955,1
4456,48,48,48,48,0.6300254359946755,1
4458,48,48,48,48,0.4950705419326602,1
4460,48,48,48,48,0.2082396775043046,1
4462,48,48,48,48,0.4650298936643623,1
4464,48,48,48,48,0.302502548780349,1
4466,48,48,48,48,0.15909989546374603,1
4468,48,48,48,48,0.3666070951604117,1
4470,48,48,48,48,0.5175434531660588,1
4472,48,48,48,48,0.4338440191107421,1
4474,48,48,48,48,0.21825266752962658,1
4476,48,48,48,48,0.3841313284005874,1
4478,48,48,48,48,0.2932361929634534,1
4480,48,48,48,48,0.547835526550666,1
4482,48,48,48,48,0.6236433051601453,1
4484,48,48,48,48,0.6520847667173157,1
4486,48,48,48,48,0.5748619264200481,1
4488,48,48,48,48,0.5069829925658924,1
4490,48,48,48,48,0.23588631420619133,1
4492,48,48,48,48,0.3366384943306445,1
4494,48,48,48,48,0.19566743458904967,1
4496,48,25,48,48,0.2084721111374358,1
4498,48,48,48,48,0.6085887845230812,1
4500,48,48,48,48,0.08268184740285334,1
4502,48,48,48,48,0.3649577710658759,1
4504,48,48,48,48,0.24217461911121074,1
4506,48,48,48,48,0.08189250181642505,1
4508,49,49,49,49,0.5791541627064372,1
4510,49,49,49,49,0.5030314251528127,1
4512,49,49,49,49,0.7443587188343311,1
4514,49,49,49,49,1.335773207470191,0
4516,49,49,49,49,1.6505690688134174,0
4518,49,49,49,49,1.3857838780276204,0
4520,49,49,49,49,1.5394897759761337,0
4522,49,49,49,49,1.31113614344586,0
4524,49,49,49,49,1.754295282600884,0
4526,49,49,49,49,1.7245957938439835,0
4528,49,49,49,49,2.0139067444544128,0
4530,49,49,49,49,1.550425605942166,0
4532,49,49,49,49,1.4731006628113994,0
4534,49,49,49,49,1.7999487178035118,0
4536,49,49,49,49,1.5354672731421495,0
4538,49,49,49,49,1.1126509941044853,0
4540,49,49,49,49,0.601318788351884,1
4542,49,49,49,49,0.3562551752961186,1
4544,49,49,49,49,1.167674305502393,0
4546,49,49,49,49,0.7962077733696057,1
4548,49,49,49,49,1.5360522323420118,0
4550,49,49,49,49,1.442213410670699,0
4552,49,49,49,49,1.6805423556320842,0
4554,49,49,49,49,0.9372700675467602,0
4556,49,49,49,49,0.8762019764092008,0
4558,49,49,49,49,1.3480578723984482,0
4560,49,49,49,49,0.9604065077622912,0
4562,49,49,49,49,1.2795968386069099,0
4564,49,49,49,49,0.7460310573976296,1
4566,49,57,49,49,0.09284736499613733,1
4568,49,49,49,49,1.5158239830754723,0
4570,49,49,49,49,1.2756529497422158,0
4572,49,49,49,49,1.4275848511113391,0
4574,49,49,49,49,1.4792564497014336,0
4576,49,49,49,49,1.3637100010031598,0
4578,49,49,49,49,1.0266520619537767,0
4580,49,49,49,49,0.5483433734403198,1
4582,49,49,49,49,0.6489396776852437,1
4584,49,49,49,49,0.8177682283040436,1
4586,49,49,49,49,1.216344592965159,0
4588,49,49,49,49,1.2185013075058704,0
4590,49,49,49,49,1.4252794388663188,0
4592,49,49,49,49,1.806299166245999,0
4594,49,49,49,49,1.615898804653951,0
4596,49,49,49,49,0.8439287089511454,1
4598,49,49,49,49,1.3089995559187424,0
4600,50,50,50,50,1.210608155504828,0
4602,50,50,50,50,1.3340161514636792,0
4604,50,50,50,50,1.3914515516136456,0
4606,50,50,50,50,1.8076771634658817,0
4608,50,50,50,50,1.4921256501613114,0
4610,50,50,50,50,1.8292695266166645,0
4612,50,50,50,50,2.110593201920251,0
4614,50,50,50,50,1.8069226351310594,0
4616,50,50,50,50,1.6667170173513124,0
4618,50,50,50,50,1.8220395848274378,0
4620,50,50,50,50,1.292286174751059,0
4622,50,50,50,50,1.1596922623861596,0
4624,50,50,50,50,1.6464096628927312,0
4626,50,50,50,50,0.9288836620205212,0
4628,50,50,50,50,0.6082740792412684,1
4630,50,50,50,50,0.7589008017540033,1
4632,50,50,50,50,1.7105276727242518,0
4634,50,50,50,50,1.3366757203694035,0
4636,50,50,50,50,1.896256881365255,0
4638,50,50,50,50,1.9682719154384931,0
4640,50,50,50,50,2.0009550117938346,0
4642,50,50,50,50,1.9286731884454664,0
4644,50,50,50,50,1.4907885960193064,0
4646,50,50,50,50,1.9744564459075877,0
4648,50,50,50,50,1.784784351953203,0
4650,50,50,50,50,1.2331245667466806,0
4652,50,50,50,50,0.7102081135868366,1
4654,50,50,50,50,0.7401928361841104,1
4656,50,50,50,50,1.4442087789246045,0
4658,50,50,50,50,1.1699930400183334,0
4660,50,50,50,50,1.7340867139763687,0
4662,50,50,50,50,1.9506930497677293,0
4664,50,50,50,50,1.8335379650697066,0
4666,50,50,50,50,2.195647858027592,0
4668,50,50,50,50,2.0018342109389025,0
4670,50,50,50,50,1.8896969878771455,0
4672,50,50,50,50,0.8104095627271131,1
4674,50,50,50,50,1.0788917234120565,0
4676,50,50,50,50,1.569342255171866,0
4678,50,50,50,50,1.6610066185481762,0
4680,50,50,50,50,1.912616493324045,0
4682,50,50,50,50,2.139593589624953,0
4684,50,50,50,50,1.863424275970341,0
4686,50,50,50,50,0.8909579801828731,0
4688,50,50,50,50,1.5939108771335082,0
4690,50,50,50,50,1.2383738955831503,0
4692,51,51,51,51,0.2772002977823551,1
4694,51,51,51,51,0.14185564101166426,1
4696,51,51,51,51,0.23990664980380383,1
4698,51,51,51,51,0.24910666740598164,1
4700,51,51,51,51,0.4075829328255247,1
4702,51,51,51,51,0.28464445876725053,1
4704,51,51,51,51,0.30660640462179756,1
4706,51,51,51,51,0.4934366144561173,1
4708,51,51,51,51,0.3903158045073143,1
4710,51,51,51,51,0.6913542075833451,1
4712,51,51,51,51,0.493178362681288,1
4714,51,51,51,51,1.0004976130694505,0
4716,51,51,51,51,1.155574859768298,0
4718,51,51,51,51,0.3056983113280922,1
4720,51,51,51,51,0.2828691544173936,1
4722,51,51,51,51,1.246581017239897,0
4724,51,51,51,51,0.3768759561387165,1
4726,51,51,51,51,0.5933367306186756,1
4728,51,51,51,51,0.7230971341660344,1
4730,51,51,51,51,0.8075475486760315,1
4732,51,51,51,51,1.0973084324722746,0
4734,51,51,51,51,0.9203651604237992,0
4736,51,51,51,51,0.8213885785007957,1
4738,51,51,51,51,1.5064034714780656,0
4740,51,51,51,51,1.1459314141273285,0
4742,51,51,51,51,0.45302992692529154,1
4744,51,51,51,51,0.559795072959953,1
4746,51,51,51,51,0.6453739386268129,1
4748,51,51,51,51,0.7014664169244325,1
4750,51,51,51,51,1.0228208046854164,0
4752,51,51,51,51,1.2415790619971736,0
4754,51,51,51,51,1.1639433357781046,0
4756,51,51,51,51,1.575681233786803,0
4758,51,51,51,51,1.2240126005655567,0
4760,51,51,51,51,0.8722036271469431,1
4762,51,51,51,51,0.82467623956987,1
4764,51,51,51,51,0.22967692170234089,1
4766,51,51,51,51,0.8828486150896615,0
4768,51,51,51,51,0.9047278453844683,0
4770,51,51,51,51,0.8770390112277837,0
4772,51,51,51,51,1.081538632417938,0
4774,51,51,51,51,1.2326169596840546,0
4776,51,51,51,51,0.9617797452373326,0
4778,51,51,51,51,0.2040426929609207,1
4780,51,51,51,51,0.7653323047423002,1
4782,51,51,51,51,0.6465095207172983,1
4784,52,52,52,52,1.0717149456093482,0
4786,52,52,52,52,0.898055014102628,0
4788,52,52,52,52,0.015595266414938358,1
4790,52,52,52,52,1.0505098098769499,0
4792,52,52,52,52,1.056933003944395,0
4794,52,52,52,52,0.921987758129255,0
4796,52,52,52,52,1.0769392930819583,0
4798,52,52,52,52,1.1050051555745324,0
4800,52,52,52,52,1.4563405745819336,0
4802,52,52,52,52,0.7974246070077973,1
4804,52,52,52,52,0.5558142358136047,1
4806,52,52,52,52,1.2442887047251914,0
4808,52,52,52,52,0.9879109851122937,0
4810,52,52,52,52,1.50702015757179,0
4812,52,52,52,52,1.5596127000810756,0
4814,52,52,52,52,0.6920568031201207,1
4816,52,52,52,52,1.2127869861128986,0
4818,52,52,52,52,1.5797385244033815,0
4820,52,52,52,52,1.59642633939586,0
4822,52,52,52,52,1.6906139461931629,0
4824,52,52,52,52,1.6372763904103507,0
4826,52,52,52,52,2.0248922978781074,0
4828,52,52,52,52,1.8957226962445828,0
4830,52,52,52,52,1.6911451397559982,0
4832,52,52,52,52,1.0734905972801476,0
4834,52,52,52,52,1.3388831741835991,0
4836,52,52,52,52,1.7177840791834034,0
4838,52,52,52,52,1.5290122066316765,0
4840,52,52,52,52,1.4213151201777396,0
4842,52,52,52,52,0.9596979314112174,0
4844,52,52,52,52,1.0556782328163006,0
4846,52,52,52,52,1.4905132630661235,0
4848,52,52,52,52,1.3892155178151744,0
4850,52,52,52,52,1.7655584838911953,0
4852,52,52,52,52,1.7270593868662472,0
4854,52,52,52,52,2.23332446442734,0
4856,52,52,52,52,1.7003339323882667,0
4858,52,52,52,52,0.6193310357713573,1
4860,52,52,52,52,1.0013345979281165,0
4862,52,52,52,52,1.1617342424514703,0
4864,52,52,52,52,1.1320927555867635,0
4866,52,52,52,52,1.4832442204354233,0
4868,52,52,52,52,1.185698663151637,0
4870,52,52,52,52,1.2293423476973993,0
4872,52,52,52,52,1.0375411940715082,0
4874,52,52,52,52,0.8751920219422664,0
4876,53,40,53,53,0.21219812203503496,1
4878,53,53,53,53,0.060991911233436724,1
4880,53,53,53,53,0.053792706134611734,1
4882,53,53,53,53,0.43253479608725964,1
4884,53,53,53,53,0.6917456032859861,1
4886,53,53,53,53,0.7229591306099825,1
4888,53,53,53,53,0.7972938893712913,1
4890,53,53,53,53,1.0311077300518559,0
4892,53,53,53,53,1.4639580427192922,0
4894,53,53,53,53,0.986454177343216,0
4896,53,53,53,53,0.6884649633317803,1
4898,53,53,53,53,1.6270530610308591,0
4900,53,53,53,53,1.5148696690829735,0
4902,53,53,53,53,0.6515382763582276,1
4904,53,53,53,53,0.7839981785422764,1
4906,53,53,53,53,1.0424346608073116,0
4908,53,31,53,53,0.06456382628420498,1
4910,53,31,53,53,0.12813772137649915,1
4912,53,40,53,53,0.04767193985114382,1
4914,53,53,53,53,0.18440406728130498,1
4916,53,53,53,53,0.5398607539356555,1
4918,53,53,53,53,1.1120105724452927,0
4920,53,53,53,53,0.8881431392116632,0
4922,53,53,53,53,1.1479143046710303,0
4924,53,53,53,53,1.391399079347639,0
4926,53,53,53,53,1.290167948967142,0
4928,53,53,53,53,1.472915112021141,0
4930,53,53,53,53,0.984010829552214,0
4932,53,31,53,53,0.0371947623101212,1
4934,53,40,53,53,0.22972983401873615,1
4936,53,53,53,53,0.41911591864692355,1
4938,53,53,53,53,0.44656825463302585,1
4940,53,53,53,53,0.9519159347788206,0
4942,53,53,53,53,1.0204945448103429,0
4944,53,53,53,53,1.04027821911137,0
4946,53,53,53,53,1.0138158258892394,0
4948,53,53,53,53,0.49812891592333775,1
4950,53,31,53,53,0.1978293507067792,1
4952,53,31,53,53,0.07622787740560988,1
4954,53,53,53,53,0.31398923013088154,1
4956,53,53,53,53,0.5786963889585178,1
4958,53,53,53,53,0.17592924527876286,1
4960,53,53,53,53,0.9785967692299291,0
4962,53,53,53,53,0.2997355191276254,1
4964,53,53,53,53,0.46068710059008966,1
4966,53,53,53,53,0.5493570790276516,1
4968,54,54,54,54,1.2562574092135728,0
4970,54,54,54,54,1.6906140602296214,0
4972,54,54,54,54,2.0962048692758617,0
4974,54,54,54,54,1.6886274621105395,0
4976,54,54,54,54,2.150820655762544,0
4978,54,54,54,54,1.876026024842266,0
4980,54,54,54,54,1.4178803727314606,0
4982,54,54,54,54,1.7162722821770988,0
4984,54,54,54,54,1.997821900569169,0
4986,54,54,54,54,1.559135900352211,0
4988,54,54,54,54,1.1772620592886138,0
4990,54,54,54,54,1.7482610128576876,0
4992,54,54,54,54,1.815071672860051,0
4994,54,54,54,54,1.7051231734358951,0
4996,54,54,54,54,1.9227824461800684,0
4998,54,54,54,54,1.4664121541878419,0
5000,54,54,54,54,1.595400294336934,0
5002,54,54,54,54,1.7879779292098457,0
5004,54,54,54,54,2.0927904597217895,0
5006,54,54,54,54,1.4906809564397219,0
5008,54,54,54,54,1.9651586028352224,0
5010,54,54,54,54,1.6788026239794198,0
5012,54,54,54,54,1.8132958844029952,0
5014,54,54,54,54,1.986461801962923,0
5016,54,54,54,54,1.7146891904274228,0
5018,54,54,54,54,1.0497813059562195,0
5020,54,54,54,54,1.924079401911767,0
5022,54,54,54,54,2.1688185186528517,0
5024,54,54,54,54,1.6657305102336295,0
5026,54,54,54,54,1.9665370508973095,0
5028,54,54,54,54,2.0511997179574837,0
5030,54,54,54,54,1.4759556193209415,0
5032,54,54,54,54,1.9509933241695812,0
5034,54,54,54,54,1.9044238763256043,0
5036,54,54,54,54,1.7572610087568552,0
5038,54,54,54,54,1.6499027688317984,0
5040,54,54,54,54,2.083245689649855,0
5042,54,54,54,54,1.6503132145399568,0
5044,54,54,54,54,1.8995583095307922,0
5046,54,54,54,54,1.6440633921133372,0
5048,54,54,54,54,1.5676822612249208,0
5050,54,54,54,54,1.65927480361625,0
5052,54,54,54,54,1.6057215550716857,0
5054,54,54,54,54,1.647524385297331,0
5056,54,54,54,54,0.8242418988337435,1
5058,54,54,54,54,1.175705452289942,0
5060,55,55,55,55,0.7626603734112725,1
5062,55,55,55,55,1.3676066415020152,0
5064,55,55,55,55,0.8658161692457589,1
5066,55,55,55,55,1.491101631753351,0
5068,55,55,55,55,1.6302093483639801,0
5070,55,55,55,55,0.9525962572860427,0
5072,55,55,55,55,1.3618598130179977,0
5074,55,55,55,55,0.9699848667662256,0
5076,55,55,55,55,1.076811657868072,0
5078,55,55,55,55,1.2369700463595328,0
5080,55,55,55,55,1.423345370994733,0
5082,55,55,55,55,1.1294657189539516,0
5084,55,55,55,55,0.9910668161891579,0
5086,55,55,55,55,1.1608910492642521,0
5088,55,55,55,55,0.9629025461933777,0
5090,55,55,55,55,1.3208768478284065,0
5092,55,55,55,55,1.127619393661979,0
5094,55,55,55,55,0.9891738707735397,0
5096,55,55,55,55,1.308682318358164,0
5098,55,55,55,55,1.5961481451453374,0
5100,55,55,55,55,1.5942892970992446,0
5102,55,55,55,55,1.6481116594197625,0
5104,55,55,55,55,0.6815996376002599,1
5106,55,55,55,55,1.094814726029869,0
5108,55,55,55,55,0.9924953386350208,0
5110,55,55,55,55,0.7711842805063558,1
5112,55,55,55,55,1.2386312317276802,0
5114,55,55,55,55,1.4214850741972465,0
5116,55,55,55,55,1.3236355027099393,0
5118,55,55,55,55,1.399469489937549,0
5120,55,55,55,55,1.3908893120595887,0
5122,55,55,55,55,1.2627688174142058,0
5124,55,55,55,55,1.5368429051267138,0
5126,55,55,55,55,1.1614623917867335,0
5128,55,55,55,55,1.256764015334837,0
5130,55,55,55,55,1.416754988153007,0
5132,55,55,55,55,1.3608878982200252,0
5134,55,55,55,55,1.4327747422247794,0
5136,55,55,55,55,1.4250804219923812,0
5138,55,55,55,55,1.488690135643028,0
5140,55,55,55,55,1.5557066655430107,0
5142,55,55,55,55,1.3850856953417958,0
5144,55,55,55,55,1.3760316608931475,0
5146,55,55,55,55,0.5401398119949101,1
5148,55,55,55,55,0.8115272940274981,1
5150,55,55,55,55,1.5604643109492047,0
5152,56,26,56,56,0.2411869413477652,1
5154,56,56,56,56,1.651517832285545,0
5156,56,56,56,56,1.4851397387901468,0
5158,56,56,56,56,1.7881772358000383,0
5160,56,56,56,56,1.8950104901463058,0
5162,56,56,56,56,2.0657913501268372,0
5164,56,56,56,56,2.1699775311619707,0
5166,56,56,56,56,2.0237292036452836,0
5168,56,56,56,56,2.042661643463926,0
5170,56,56,56,56,2.0545443850546654,0
5172,56,56,56,56,2.031344132286603,0
5174,56,56,56,56,1.7967419735029557,0
5176,56,56,56,56,1.864911334400353,0
5178,56,56,56,56,1.8896216355000697,0
5180,56,56,56,56,1.9457097826359453,0
5182,56,56,56,56,1.7920770628275309,0
5184,56,56,56,56,0.9154188905241623,0
5186,56,56,56,56,1.6481238827350408,0
5188,56,56,56,56,1.4798027382636376,0
5190,56,56,56,56,2.041835058742174,0
5192,56,56,56,56,2.1802147152285727,0
5194,56,56,56,56,2.0390205168223847,0
5196,56,56,56,56,1.6271083089693479,0
5198,56,56,56,56,1.947920185992468,0
5200,56,56,56,56,1.8841806407868078,0
5202,56,56,56,56,1.624488894178633,0
5204,56,56,56,56,2.0877731069228043,0
5206,56,56,56,56,1.9807641188345229,0
5208,56,56,56,56,1.7590746495894627,0
5210,56,56,56,56,1.8397357348465668,0
5212,56,56,56,56,2.0113888370937105,0
5214,56,56,56,56,2.110531884623377,0
5216,56,56,56,56,2.0324108458037116,0
5218,56,56,56,56,2.1595024280896054,0
5220,56,56,56,56,1.6908825174243973,0
5222,56,56,56,56,1.7090881255700219,0
5224,56,56,56,56,1.4707136056636714,0
5226,56,56,56,56,1.7336161511943728,0
5228,56,56,56,56,2.131940493943095,0
5230,56,56,56,56,1.9410359225369682,0
5232,56,56,56,56,2.207166299452959,0
5234,56,56,56,56,1.7291436143498027,0
5236,56,56,56,56,1.7323061221209803,0
5238,56,56,56,56,1.0733021365882047,0
5240,56,56,56,56,1.5603730064478198,0
5242,56,56,56,56,1.6224315382469532,0
5244,57,57,57,57,0.08812849454797389,1
5246,57,57,57,57,1.2299652358388387,0
5248,57,57,57,57,1.0926175810957712,0
5250,57,57,57,57,1.493775016865737,0
5252,57,57,57,57,1.138131850375491,0
5254,57,57,57,57,1.4092575748214147,0
5256,57,57,57,57,1.3552448644517523,0
5258,57,57,57,57,1.3188943989453392,0
5260,57,57,57,57,1.0801482783064333,0
5262,57,57,57,57,1.7510950696176089,0
5264,57,57,57,57,1.4209010274268015,0
5266,57,57,57,57,1.8109742979196728,0
5268,57,57,57,57,1.647443766386509,0
5270,57,57,57,57,1.86861006282713,0
5272,57,57,57,57,1.6124189454840776,0
5274,57,57,57,57,1.0582669091111154,0
5276,57,57,57,57,1.431116251239257,0
5278,57,57,57,57,1.256184712303169,0
5280,57,57,57,57,1.4402026357046736,0
5282,57,57,57,57,1.4940882162348001,0
5284,57,57,57,57,1.6243203643697615,0
5286,57,57,57,57,1.9099473660469215,0
5288,57,57,57,57,1.4232437076322482,0
5290,57,57,57,57,1.9099632862538334,0
5292,57,57,57,57,1.7631603100706807,0
5294,57,57,57,57,1.2778726019802495,0
5296,57,57,57,57,1.7430611106062823,0
5298,57,57,57,57,1.546257924328516,0
5300,57,57,57,57,1.3478315067800142,0
5302,57,57,57,57,1.5018304417313286,0
5304,57,57,57,57,1.7140963529553248,0
5306,57,57,57,57,1.7481657549044805,0
5308,57,57,57,57,1.7470395130853416,0
5310,57,57,57,57,2.073024634238698,0
5312,57,57,57,57,1.6506702216091544,0
5314,57,57,57,57,1.781459202410419,0
5316,57,57,57,57,1.209407147868327,0
5318,57,57,57,57,1.3913356094396252,0
5320,57,57,57,57,1.326133705892063,0
5322,57,57,57,57,1.3143755638038668,0
5324,57,57,57,57,1.2584379441220412,0
5326,57,57,57,57,1.766348805050086,0
5328,57,57,57,57,1.2769715746689259,0
5330,57,57,57,57,1.3257701638331802,0
5332,57,57,57,57,1.103002252625405,0
5334,57,57,57,57,1.1709899966294168,0
5336,58,58,58,58,0.26504245341148214,1
5338,58,58,58,58,1.0258748383615421,0
5340,58,58,58,58,0.6462834825657664,1
5342,58,58,58,58,0.8907589621256837,0
5344,58,58,58,58,0.827260645445911,1
5346,58,58,58,58,1.0748337167397803,0
5348,58,58,58,58,1.0065002095079234,0
5350,58,58,58,58,1.3989054113605393,0
5352,58,58,58,58,0.28050119885634284,1
5354,58,58,58,58,0.8747143144516267,0
5356,58,58,58,58,0.9317598040976383,0
5358,58,58,58,58,0.7627358284600396,1
5360,58,58,58,58,1.1501420249775598,0
5362,58,58,58,58,1.4128601985333744,0
5364,58,58,58,58,1.4072814705442247,0
5366,58,58,58,58,0.7897098396390905,1
5368,58,58,58,58,1.121664075853311,0
5370,58,58,58,58,1.1872921248057011,0
5372,58,58,58,58,1.1746603893767817,0
5374,58,58,58,58,1.2680869934282468,0
5376,58,58,58,58,1.2086413695108054,0
5378,58,58,58,58,1.0853729757911679,0
5380,58,58,58,58,1.1269475345720825,0
5382,58,58,58,58,1.156517212249601,0
5384,58,58,58,58,1.2476231617223916,0
5386,58,58,58,58,1.2827327728988571,0
5388,58,58,58,58,1.2676525332783037,0
5390,58,58,58,58,1.2771801786905943,0
5392,58,58,58,58,1.3446714059793232,0
5394,58,58,58,58,1.092531398492977,0
5396,58,58,58,58,1.2084433550603058,0
5398,58,58,58,58,1.611929031513234,0
5400,58,58,58,58,0.5627546969390602,1
5402,58,58,58,58,1.4208791203194018,0
5404,58,58,58,58,1.0806827425750216,0
5406,58,58,58,58,1.1476929727282377,0
5408,58,58,58,58,0.874579192478113,0
5410,58,58,58,58,1.5126929727821252,0
5412,58,58,58,58,1.3763033231899184,0
5414,58,58,58,58,0.7588996240894492,1
5416,58,58,58,58,1.5281130498402438,0
5418,58,58,58,58,0.7216678906645286,1
5420,58,58,58,58,1.2476045415835921,0
5422,58,58,58,58,0.3202239647236649,1
5424,58,58,58,58,1.0361256362581068,0
5426,58,58,58,58,1.0269762172541508,0
5428,59,59,59,59,0.5666795645959682,1
5430,59,59,59,59,1.4670522025081163,0
5432,59,59,59,59,1.5690804366375102,0
5434,59,59,59,59,1.902294847405103,0
5436,59,59,59,59,1.586175957386142,0
5438,59,59,59,59,1.1123382668821487,0
5440,59,59,59,59,1.1144616028859897,0
5442,59,59,59,59,1.21317764751303,0
5444,59,59,59,59,0.7799448132931395,1
5446,59,59,59,59,0.5878434515725626,1
5448,59,59,59,59,0.3648897151076369,1
5450,59,59,59,59,0.9425834871372796,0
5452,59,59,59,59,0.8099529627329862,1
5454,59,59,59,59,0.7900872982835132,1
5456,59,59,59,59,0.24731548265975278,1
5458,59,59,59,59,0.5706444203763523,1
5460,59,59,59,59,1.787719067053808,0
5462,59,59,59,59,1.5713531324831067,0
5464,59,59,59,59,2.114408771857878,0
5466,59,59,59,59,1.8769797787644251,0
5468,59,59,59,59,1.5347464101786772,0
5470,59,59,59,59,1.6293107300752712,0
5472,59,59,59,59,1.800908794902387,0
5474,59,59,59,59,1.6460060917449728,0
5476,59,59,59,59,1.1179010159410467,0
5478,59,59,59,59,1.4171386001950956,0
5480,59,59,59,59,0.7479521527856963,1
5482,59,59,59,59,0.8032168834211773,1
5484,59,59,59,59,1.455010690188366,0
5486,59,59,59,59,2.0100757378767993,0
5488,59,59,59,59,2.194179624249016,0
5490,59,59,59,59,2.5090014056308356,0
5492,59,59,59,59,2.2497179068558717,0
5494,59,59,59,59,2.576983553164049,0
5496,59,59,59,59,2.3257050466230957,0
5498,59,59,59,59,1.8931368115158245,0
5500,59,59,59,59,1.069784921730037,0
5502,59,59,59,59,1.3434487070460532,0
5504,59,59,59,59,1.4056640225813648,0
5506,59,59,59,59,2.122281124122307,0
5508,59,59,59,59,2.077954917105873,0
5510,59,59,59,59,2.002866301925561,0
5512,59,59,59,59,2.3129091386325547,0
5514,59,59,59,59,1.2575040329369833,0
5516,59,59,59,59,1.7915414304551769,0
5518,59,59,59,59,1.914189966265631,0
5520,60,60,60,60,0.8796607259287578,0
5522,60,60,60,60,1.5746882076117532,0
5524,60,60,60,60,1.673712969485079,0
5526,60,60,60,60,1.5221851685833565,0
5528,60,60,60,60,1.5686409800827108,0
5530,60,60,60,60,1.4926418242859274,0
5532,60,60,60,60,1.853345675883388,0
5534,60,60,60,60,1.456897397686129,0
5536,60,60,60,60,1.6580056034644244,0
5538,60,60,60,60,1.8186890235027053,0
5540,60,60,60,60,1.4819552967808374,0
5542,60,60,60,60,1.6307156498375783,0
5544,60,60,60,60,1.5957589324388177,0
5546,60,60,60,60,1.7871813621800805,0
5548,60,60,60,60,1.4668066451918693,0
5550,60,60,60,60,1.1763450294049882,0
5552,60,60,60,60,1.0453894099502548,0
5554,60,60,60,60,1.3415765225788903,0
5556,60,60,60,60,1.7389269439330186,0
5558,60,60,60,60,1.6479994171859054,0
5560,60,60,60,60,2.013385665373219,0
5562,60,60,60,60,1.8055686048135269,0
5564,60,60,60,60,1.8068593137110796,0
5566,60,60,60,60,1.5069672890251735,0
5568,60,60,60,60,1.7501831852095964,0
5570,60,60,60,60,1.461827273133928,0
5572,60,60,60,60,1.546020964615542,0
5574,60,60,60,60,1.3851723421179225,0
5576,60,60,60,60,1.1457337210797616,0
5578,60,60,60,60,1.5653011262901528,0
5580,60,60,60,60,1.84026241403477,0
5582,60,60,60,60,1.453331449100191,0
5584,60,60,60,60,1.8495427683093775,0
5586,60,60,60,60,1.6186625335994607,0
5588,60,60,60,60,1.722715576334847,0
5590,60,60,60,60,1.7107639385713402,0
5592,60,60,60,60,1.4908525719540724,0
5594,60,60,60,60,0.8332490630450565,1
5596,60,60,60,60,1.8197427096193675,0
5598,60,60,60,60,1.0390620455267405,0
5600,60,60,60,60,1.8800434764021103,0
5602,60,60,60,60,1.7033824289687551,0
5604,60,60,60,60,1.1965952429841327,0
5606,60,60,60,60,1.1846098747833258,0
5608,60,60,60,60,0.6649333390341335,1
5610,60,60,60,60,1.0177450803295882,0
