budget,row_id,label,base_pred,full_pred,adaptive_pred,margin,request_extra
0.25,1,0,30,0,0,0.004053362460464949,1
0.25,3,0,0,0,0,0.7552896409605763,0
0.25,5,0,0,0,0,0.5186139116525332,0
0.25,7,0,0,0,0,0.2654271632557348,1
0.25,9,0,0,0,0,0.6781699689227361,0
0.25,11,0,0,0,0,0.5557868558985493,0
0.25,13,0,0,0,0,0.9759984778893016,0
0.25,15,0,0,0,0,0.6818951535989088,0
0.25,17,0,0,0,0,0.6394493645819486,0
0.25,19,0,0,0,0,0.8078800489371876,0
0.25,21,0,0,0,0,0.6017468139298323,0
0.25,23,0,0,0,0,0.9220217502276497,0
0.25,25,0,0,0,0,1.2588564089116365,0
0.25,27,0,0,0,0,0.7780771626454613,0
0.25,29,0,0,0,0,0.7022157031390748,0
0.25,31,0,0,0,0,0.5823704297754217,0
0.25,33,0,0,0,0,0.6725354533354397,0
0.25,35,0,0,0,0,0.6658211570455006,0
0.25,37,0,0,0,0,0.6162153611775081,0
0.25,39,0,0,0,0,0.2807649008372246,1
0.25,41,0,0,0,0,0.6228277202388712,0
0.25,43,0,0,0,0,0.8615570085733664,0
0.25,45,0,0,0,0,1.2696013977378768,0
0.25,47,0,0,0,0,0.8879747308880783,0
0.25,49,0,0,0,0,1.105621251711535,0
0.25,51,0,0,0,0,1.2299551076461357,0
0.25,53,0,0,0,0,0.48749397680802353,0
0.25,55,0,0,0,0,0.7099845855278573,0
0.25,57,0,0,0,0,0.32966953049043624,1
0.25,59,0,0,0,0,0.501198612522757,0
0.25,61,0,0,0,0,0.6316761200993968,0
0.25,63,0,0,0,0,0.47637932527418214,1
0.25,65,0,0,0,0,0.4756131385048926,1
0.25,67,0,0,0,0,0.9163745726682471,0
0.25,69,0,0,0,0,0.6998079212760013,0
0.25,71,0,0,0,0,1.063757083824808,0
0.25,73,0,0,0,0,0.4307824299932742,1
0.25,75,0,0,0,0,0.534437013245624,0
0.25,77,0,0,0,0,0.23136868753730444,1
0.25,79,0,0,0,0,0.5430556539507778,0
0.25,81,0,0,0,0,0.9874810931481124,0
0.25,83,0,0,0,0,0.7367658886268305,0
0.25,85,0,0,0,0,1.1347953198946414,0
0.25,87,0,0,0,0,0.5344200923179661,0
0.25,89,0,0,0,0,0.5924518248377126,0
0.25,91,0,0,0,0,0.017890800400525375,1
0.25,93,1,5,1,1,0.012005493494240072,1
0.25,95,1,5,1,1,0.2305488778034659,1
0.25,97,1,5,1,1,0.2808824771997862,1
0.25,99,1,1,1,1,1.157922942953858,0
0.25,101,1,1,1,1,1.0327041805218826,0
0.25,103,1,1,1,1,0.9559013648117192,0
0.25,105,1,1,1,1,1.2151918763830514,0
0.25,107,1,1,1,1,0.9362337470061624,0
0.25,109,1,1,1,1,1.3314684804252928,0
0.25,111,1,1,1,1,0.9349885208942594,0
0.25,113,1,1,1,1,1.4575714563031912,0
0.25,115,1,1,1,1,0.9913832749228384,0
0.25,117,1,1,1,1,0.7739533816266558,0
0.25,119,1,1,1,1,1.490457696548411,0
0.25,121,1,1,1,1,1.3249450508506306,0
0.25,123,1,1,1,1,1.2014084647196532,0
0.25,125,1,1,1,1,0.2736300952955546,1
0.25,127,1,1,1,1,0.18798563316803296,1
0.25,129,1,5,1,1,0.055513346239905226,1
0.25,131,1,28,1,1,0.04218888266782134,1
0.25,133,1,1,1,1,1.0508978482147389,0
0.25,135,1,1,1,1,0.13275072858274795,1
0.25,137,1,1,1,1,0.4375288279403592,1
0.25,139,1,1,1,1,0.7926059158277592,0
0.25,141,1,1,1,1,1.1611322917880016,0
0.25,143,1,1,1,1,1.6546532884652394,0
0.25,145,1,1,1,1,1.109384523451141,0
0.25,147,1,1,1,1,0.49337012123505175,0
0.25,149,1,1,1,1,0.19930957997020937,1
0.25,151,1,1,1,1,0.21422516195832614,1
0.25,153,1,1,1,1,0.12696762637331616,1
0.25,155,1,28,1,1,0.19195563686520523,1
0.25,157,1,1,1,1,0.7179932740467518,0
0.25,159,1,1,1,1,0.3184445586979108,1
0.25,161,1,1,1,1,1.3022346990776956,0
0.25,163,1,1,1,1,1.3055187751844515,0
0.25,165,1,1,1,1,0.11009275298519006,1
0.25,167,1,1,1,1,0.018375816108701093,1
0.25,169,1,1,1,1,0.060589148278202554,1
0.25,171,1,28,1,1,0.043955771915075936,1
0.25,173,1,1,1,1,0.4837243868923339,1
0.25,175,1,1,1,1,0.3618004184593182,1
0.25,177,1,1,1,1,0.9709408726685924,0
0.25,179,1,28,1,1,0.003013405774568545,1
0.25,181,1,1,1,1,0.24625125958352756,1
0.25,183,1,1,1,1,0.19867454253375727,1
0.25,185,2,2,2,2,0.7974794965227019,0
0.25,187,2,2,2,2,0.8538762234594524,0
0.25,189,2,2,2,2,1.0707178897019296,0
0.25,191,2,2,2,2,1.1321276953102402,0
0.25,193,2,2,2,2,1.2606114045213717,0
0.25,195,2,2,2,2,0.6694219323369397,0
0.25,197,2,2,2,2,0.9043127893009935,0
0.25,199,2,2,2,2,0.9097244707112058,0
0.25,201,2,2,2,2,0.9266211357540184,0
0.25,203,2,2,2,2,0.3724293229087219,1
0.25,205,2,2,2,2,1.8481863934283194,0
0.25,207,2,2,2,2,0.2934020418672698,1
0.25,209,2,2,2,2,0.8475549364020933,0
0.25,211,2,2,2,2,1.2533826540188153,0
0.25,213,2,2,2,2,0.6751642724957645,0
0.25,215,2,2,2,2,0.5499233556446883,0
0.25,217,2,2,2,2,0.6906113643086376,0
0.25,219,2,2,2,2,0.3652820433738482,1
0.25,221,2,2,2,2,0.45769793669119196,1
0.25,223,2,2,2,2,0.8943564321707864,0
0.25,225,2,2,2,2,1.761035075930893,0
0.25,227,2,2,2,2,0.7987263097931472,0
0.25,229,2,2,2,2,1.4963309478849416,0
0.25,231,2,2,2,2,0.9813460782469012,0
0.25,233,2,2,2,2,1.3530789040257485,0
0.25,235,2,2,2,2,0.9640615291570809,0
0.25,237,2,2,2,2,1.3473547156152308,0
0.25,239,2,2,2,2,1.5922502760329191,0
0.25,241,2,2,2,2,0.23955720375082956,1
0.25,243,2,2,2,2,0.999167609898612,0
0.25,245,2,2,2,2,0.8926812010737128,0
0.25,247,2,2,2,2,1.3104014477394748,0
0.25,249,2,2,2,2,1.034832024081713,0
0.25,251,2,2,2,2,0.8737578616528534,0
0.25,253,2,2,2,2,1.4175444966705641,0
0.25,255,2,2,2,2,0.525529893769136,0
0.25,257,2,2,2,2,0.8868895360794438,0
0.25,259,2,2,2,2,0.5495246899421371,0
0.25,261,2,2,2,2,0.06639306989549365,1
0.25,263,2,2,2,2,0.48310361002938706,1
0.25,265,2,2,2,2,1.1369830639505438,0
0.25,267,2,2,2,2,0.26090721499636116,1
0.25,269,2,2,2,2,0.33188045831057744,1
0.25,271,2,2,2,2,0.775865803931238,0
0.25,273,2,2,2,2,0.05383453726131182,1
0.25,275,2,25,2,2,0.04687741185810601,1
0.25,277,3,3,3,3,1.8939375740168685,0
0.25,279,3,3,3,3,1.2549455818196102,0
0.25,281,3,3,3,3,1.564147817646136,0
0.25,283,3,3,3,3,1.2881272480049808,0
0.25,285,3,3,3,3,1.1101814801601,0
0.25,287,3,3,3,3,0.996895695845535,0
0.25,289,3,3,3,3,1.465552264109545,0
0.25,291,3,3,3,3,1.6856046652386807,0
0.25,293,3,3,3,3,1.0277091938871645,0
0.25,295,3,3,3,3,0.7386225500182757,0
0.25,297,3,3,3,3,1.0667833668595235,0
0.25,299,3,3,3,3,1.2077887293305114,0
0.25,301,3,3,3,3,1.802016593283963,0
0.25,303,3,3,3,3,1.406770885069272,0
0.25,305,3,3,3,3,0.42567887765090573,1
0.25,307,3,3,3,3,0.4051993247494484,1
0.25,309,3,3,3,3,1.8094769598744829,0
0.25,311,3,3,3,3,2.052245149613258,0
0.25,313,3,3,3,3,1.8766676764133874,0
0.25,315,3,3,3,3,1.476491492858715,0
0.25,317,3,3,3,3,1.3048148904265213,0
0.25,319,3,3,3,3,1.9239577966076928,0
0.25,321,3,3,3,3,1.587342578417415,0
0.25,323,3,3,3,3,1.556991925489188,0
0.25,325,3,3,3,3,1.4820229952151633,0
0.25,327,3,3,3,3,1.461746308079719,0
0.25,329,3,3,3,3,0.06330871086716328,1
0.25,331,3,3,3,3,0.347977782349598,1
0.25,333,3,3,3,3,1.4947726767124208,0
0.25,335,3,3,3,3,1.8009752684530103,0
0.25,337,3,3,3,3,1.85084686014779,0
0.25,339,3,3,3,3,1.6604807078368957,0
0.25,341,3,3,3,3,1.6934721636226509,0
0.25,343,3,3,3,3,1.6888754923946125,0
0.25,345,3,3,3,3,1.769269889207655,0
0.25,347,3,3,3,3,0.9808835388642498,0
0.25,349,3,3,3,3,0.07096703963678697,1
0.25,351,3,3,3,3,1.5107792435005911,0
0.25,353,3,3,3,3,1.8705930676419191,0
0.25,355,3,3,3,3,1.6734132176505414,0
0.25,357,3,3,3,3,2.256458292293713,0
0.25,359,3,3,3,3,2.0765172463628088,0
0.25,361,3,3,3,3,1.2395969436119432,0
0.25,363,3,3,3,3,1.31625463193686,0
0.25,365,3,3,3,3,1.8035183433983368,0
0.25,367,3,3,3,3,1.3331475506618342,0
0.25,369,4,4,4,4,1.5488770519284518,0
0.25,371,4,4,4,4,1.6306958489662446,0
0.25,373,4,4,4,4,1.5191446763776888,0
0.25,375,4,4,4,4,1.4516519028707702,0
0.25,377,4,4,4,4,1.8282204141488365,0
0.25,379,4,4,4,4,1.197866554541905,0
0.25,381,4,4,4,4,1.2756710211093458,0
0.25,383,4,4,4,4,1.1127324113380723,0
0.25,385,4,4,4,4,1.260062454846361,0
0.25,387,4,4,4,4,0.5042089340938793,0
0.25,389,4,4,4,4,0.9736750693111547,0
0.25,391,4,4,4,4,0.5653095854662378,0
0.25,393,4,4,4,4,0.23700776167457238,1
0.25,395,4,4,4,4,0.44680877340809394,1
0.25,397,4,4,4,4,0.5197339833710319,0
0.25,399,4,4,4,4,0.2711686176141701,1
0.25,401,4,4,4,4,1.77029075702275,0
0.25,403,4,4,4,4,1.5661227826064716,0
0.25,405,4,4,4,4,1.588249290695671,0
0.25,407,4,4,4,4,1.5757116112970266,0
0.25,409,4,4,4,4,1.5794289097398342,0
0.25,411,4,4,4,4,1.1812993047555946,0
0.25,413,4,4,4,4,0.8077000084107934,0
0.25,415,4,4,4,4,0.39350721504893427,1
0.25,417,4,4,4,4,1.2984832195462914,0
0.25,419,4,4,4,4,0.32310471846265143,1
0.25,421,4,4,4,4,0.8261866930100676,0
0.25,423,4,4,4,4,0.3660060925037718,1
0.25,425,4,4,4,4,1.573176587169851,0
0.25,427,4,4,4,4,1.1558066119394457,0
0.25,429,4,4,4,4,1.853770917154491,0
0.25,431,4,4,4,4,1.2061890275446143,0
0.25,433,4,4,4,4,1.691250511119981,0
0.25,435,4,4,4,4,0.8673303805187647,0
0.25,437,4,4,4,4,1.8078648866001419,0
0.25,439,4,4,4,4,1.4276876139855255,0
0.25,441,4,4,4,4,0.5920022698866678,0
0.25,443,4,4,4,4,1.4448422842148068,0
0.25,445,4,4,4,4,1.6601301756040643,0
0.25,447,4,4,4,4,0.9500829079417267,0
0.25,449,4,4,4,4,1.1252417860395734,0
0.25,451,4,4,4,4,0.32234128385393546,1
0.25,453,4,4,4,4,0.4353171804714595,1
0.25,455,4,4,4,4,1.12112705169394,0
0.25,457,4,4,4,4,0.7152889448778601,0
0.25,459,4,0,4,4,0.2645972145976414,1
0.25,461,5,5,5,5,0.4654352642337978,1
0.25,463,5,5,11,11,0.37775329029099236,1
0.25,465,5,5,5,5,0.47992325737169717,1
0.25,467,5,5,5,5,0.5516975921998893,0
0.25,469,5,5,5,5,0.5987842345042953,0
0.25,471,5,1,5,5,0.2352215298115229,1
0.25,473,5,1,5,5,0.12213122514648755,1
0.25,475,5,5,5,5,0.48728425859893854,0
0.25,477,5,5,5,5,0.32143558723803617,1
0.25,479,5,5,5,5,0.41047355290141185,1
0.25,481,5,5,5,5,0.503930402168985,0
0.25,483,5,5,5,5,0.02110731671552779,1
0.25,485,5,5,5,5,0.5364654591231629,0
0.25,487,5,5,5,5,0.2898634578241355,1
0.25,489,5,5,5,5,0.12790891355784584,1
0.25,491,5,5,5,5,0.14547599995486304,1
0.25,493,5,5,5,5,0.4120344418808918,1
0.25,495,5,5,5,5,0.14096484340466298,1
0.25,497,5,5,5,5,0.7098877647879489,0
0.25,499,5,5,5,5,0.7034742104493736,0
0.25,501,5,5,5,5,0.6675515401888952,0
0.25,503,5,5,5,5,0.4714618803193259,1
0.25,505,5,5,5,5,0.3957895116853938,1
0.25,507,5,5,5,5,0.2522377364289655,1
0.25,509,5,5,5,5,0.2558544820251607,1
0.25,511,5,5,5,5,0.37084670991065194,1
0.25,513,5,5,5,5,0.3493058606947693,1
0.25,515,5,19,5,5,0.005109495166518818,1
0.25,517,5,5,5,5,0.3613306010516655,1
0.25,519,5,5,5,5,0.46827373544019035,1
0.25,521,5,5,5,5,0.6658669681263916,0
0.25,523,5,5,5,5,0.6111632808799788,0
0.25,525,5,5,5,5,0.38069432603721676,1
0.25,527,5,5,5,5,0.2653253760123264,1
0.25,529,5,5,5,5,0.27308334145443236,1
0.25,531,5,5,5,5,0.32641209622017964,1
0.25,533,5,5,5,5,0.10829539845429159,1
0.25,535,5,5,5,5,0.3403734074207253,1
0.25,537,5,28,5,5,0.21345611278103016,1
0.25,539,5,5,5,5,0.33362111737905487,1
0.25,541,5,5,5,5,0.5763226673016395,0
0.25,543,5,5,5,5,0.37361543935170927,1
0.25,545,5,5,5,5,0.2981298154390194,1
0.25,547,5,5,5,5,0.19047409468378973,1
0.25,549,5,5,5,5,0.5634968381619965,0
0.25,551,5,5,5,5,0.41940122646021905,1
0.25,553,6,6,6,6,1.2087477304831513,0
0.25,555,6,6,6,6,1.0510854424311875,0
0.25,557,6,6,6,6,0.2774250025372671,1
0.25,559,6,6,6,6,0.7997950025595002,0
0.25,561,6,6,6,6,1.2785929604364672,0
0.25,563,6,6,6,6,0.24505524591745542,1
0.25,565,6,6,6,6,0.6761570864844657,0
0.25,567,6,6,6,6,1.2144818218796494,0
0.25,569,6,6,6,6,0.4358455062196087,1
0.25,571,6,6,6,6,1.353638018901468,0
0.25,573,6,6,6,6,0.7480089481649101,0
0.25,575,6,6,6,6,1.6965221321780235,0
0.25,577,6,6,6,6,0.9947401620413994,0
0.25,579,6,6,6,6,0.855429755479699,0
0.25,581,6,6,6,6,1.679681411680742,0
0.25,583,6,6,6,6,1.0856559021576015,0
0.25,585,6,6,6,6,0.7554006458770307,0
0.25,587,6,6,6,6,0.884452939174154,0
0.25,589,6,6,6,6,0.8086799579523267,0
0.25,591,6,6,6,6,1.9854770971834264,0
0.25,593,6,6,6,6,0.5736150172923772,0
0.25,595,6,6,6,6,1.437816982917023,0
0.25,597,6,6,6,6,1.288877312799543,0
0.25,599,6,6,6,6,1.6230131659244524,0
0.25,601,6,6,6,6,1.6121584655205192,0
0.25,603,6,6,6,6,1.8164739093049982,0
0.25,605,6,6,6,6,2.0397851456140206,0
0.25,607,6,6,6,6,1.5024665784391555,0
0.25,609,6,6,6,6,0.6417512510559812,0
0.25,611,6,6,6,6,0.9604164413330929,0
0.25,613,6,6,6,6,1.283709639261038,0
0.25,615,6,6,6,6,1.3615064390639855,0
0.25,617,6,6,6,6,1.708049971929488,0
0.25,619,6,6,6,6,1.641844895155325,0
0.25,621,6,6,6,6,1.93935134631427,0
0.25,623,6,6,6,6,1.7555389763924878,0
0.25,625,6,6,6,6,1.5344111472695932,0
0.25,627,6,6,6,6,0.14068425537305473,1
0.25,629,6,24,6,6,0.31058902474713046,1
0.25,631,6,6,6,6,0.9597625245309456,0
0.25,633,6,6,6,6,0.06557383819582796,1
0.25,635,6,6,6,6,1.976881105923319,0
0.25,637,6,6,6,6,1.4081045914143484,0
0.25,639,6,24,6,6,0.2772911358504382,1
0.25,641,6,6,6,6,0.9929256160509345,0
0.25,643,6,6,6,6,0.21910022861317768,1
0.25,645,7,7,7,7,0.6318900597880956,0
0.25,647,7,7,7,7,0.36799298174245654,1
0.25,649,7,7,7,7,0.46243600913068705,1
0.25,651,7,7,7,7,0.26437402602512383,1
0.25,653,7,7,7,7,0.4704677628610321,1
0.25,655,7,7,7,7,0.22092111429611871,1
0.25,657,7,15,7,7,0.073918944950222,1
0.25,659,7,7,7,7,0.44027115300940123,1
0.25,661,7,7,7,7,0.28672502524110177,1
0.25,663,7,7,7,7,0.1361873065163799,1
0.25,665,7,7,7,7,0.28475251044682115,1
0.25,667,7,51,7,7,0.021946672674120427,1
0.25,669,7,7,7,7,0.11143737398158837,1
0.25,671,7,7,7,7,0.10956980500235847,1
0.25,673,7,7,7,7,0.27714317807828204,1
0.25,675,7,48,7,7,0.07144244932771215,1
0.25,677,7,7,7,7,0.4570958954522468,1
0.25,679,7,7,7,7,0.6052109703443082,0
0.25,681,7,7,7,7,0.576471950756311,0
0.25,683,7,7,7,7,0.697058011082323,0
0.25,685,7,7,7,7,0.41948008016865046,1
0.25,687,7,7,7,7,0.49706852433355353,0
0.25,689,7,7,7,7,0.6472643876731101,0
0.25,691,7,7,7,7,0.3405178279248926,1
0.25,693,7,7,7,7,0.17161200262926501,1
0.25,695,7,48,7,7,0.02602993711103574,1
0.25,697,7,7,7,7,0.13491703631622098,1
0.25,699,7,7,7,7,0.11575666270304708,1
0.25,701,7,7,7,7,0.6676428742931644,0
0.25,703,7,7,7,7,0.65331339818265,0
0.25,705,7,7,7,7,0.76146540565624,0
0.25,707,7,7,7,7,0.6724885180624044,0
0.25,709,7,7,7,7,0.5124957258321754,0
0.25,711,7,7,7,7,0.4344725810644986,1
0.25,713,7,7,7,7,0.32457079267503863,1
0.25,715,7,48,7,7,0.048309130795778366,1
0.25,717,7,48,7,7,0.09289583073504537,1
0.25,719,7,7,7,7,0.6550453216132999,0
0.25,721,7,7,7,7,0.2508308941520223,1
0.25,723,7,7,7,7,0.29321640232737034,1
0.25,725,7,7,7,7,0.39913947373666336,1
0.25,727,7,7,7,7,0.39611978776413137,1
0.25,729,7,7,7,7,0.3767875796998912,1
0.25,731,7,7,7,7,0.572897220025149,0
0.25,733,7,7,7,7,0.38530850056446153,1
0.25,735,7,7,7,7,0.3271860508970763,1
0.25,737,8,8,8,8,1.3724585710177664,0
0.25,739,8,8,8,8,1.7023991706037573,0
0.25,741,8,8,8,8,1.6554953046165894,0
0.25,743,8,8,8,8,1.7988169505102731,0
0.25,745,8,8,8,8,1.482149596614319,0
0.25,747,8,8,8,8,1.6606431646267223,0
0.25,749,8,8,8,8,1.7300775752562565,0
0.25,751,8,8,8,8,1.36407319466807,0
0.25,753,8,8,8,8,1.378056129934151,0
0.25,755,8,8,8,8,1.3364641175279672,0
0.25,757,8,8,8,8,1.2332709512941773,0
0.25,759,8,8,8,8,1.2555745374859089,0
0.25,761,8,8,8,8,1.1831227862944513,0
0.25,763,8,8,8,8,1.3032628741169086,0
0.25,765,8,8,8,8,1.4341629125336763,0
0.25,767,8,8,8,8,1.2265196437535444,0
0.25,769,8,8,8,8,1.5521765121649818,0
0.25,771,8,8,8,8,1.7488119444163779,0
0.25,773,8,8,8,8,1.323895106807893,0
0.25,775,8,8,8,8,1.5463292994299485,0
0.25,777,8,8,8,8,1.5873359223847014,0
0.25,779,8,8,8,8,1.1108236585826465,0
0.25,781,8,8,8,8,1.217176765857106,0
0.25,783,8,8,8,8,1.2197943067204755,0
0.25,785,8,8,8,8,1.226600038150201,0
0.25,787,8,8,8,8,1.046105780048106,0
0.25,789,8,8,8,8,1.2085481744820088,0
0.25,791,8,8,8,8,1.2893213667299932,0
0.25,793,8,8,8,8,1.743351195913455,0
0.25,795,8,8,8,8,1.7196130853492997,0
0.25,797,8,8,8,8,1.6696817312242636,0
0.25,799,8,8,8,8,1.4305808081158495,0
0.25,801,8,8,8,8,1.7121670399315039,0
0.25,803,8,8,8,8,1.573588772200882,0
0.25,805,8,8,8,8,1.7306720742596275,0
0.25,807,8,8,8,8,1.7800624840487431,0
0.25,809,8,8,8,8,1.7623894104953624,0
0.25,811,8,8,8,8,1.818237119658705,0
0.25,813,8,8,8,8,1.4978509019929573,0
0.25,815,8,8,8,8,0.9131773737024865,0
0.25,817,8,8,8,8,0.8854731185306824,0
0.25,819,8,8,8,8,0.5449432330634385,0
0.25,821,8,8,8,8,0.6564948765510126,0
0.25,823,8,8,8,8,1.6807307209543965,0
0.25,825,8,8,8,8,0.40599761607177887,1
0.25,827,8,11,11,11,0.530620047845699,0
0.25,829,9,9,9,9,0.3088385609102515,1
0.25,831,9,9,9,9,0.1809532647664973,1
0.25,833,9,9,9,9,0.4653049979047509,1
0.25,835,9,9,9,9,0.6439026221500417,0
0.25,837,9,9,9,9,0.5687841015786833,0
0.25,839,9,9,9,9,1.076231865073718,0
0.25,841,9,9,9,9,0.80354395257953,0
0.25,843,9,9,9,9,0.580054994239489,0
0.25,845,9,9,9,9,1.3436339886471367,0
0.25,847,9,9,9,9,0.25727599669409407,1
0.25,849,9,9,9,9,0.9175013667093048,0
0.25,851,9,3,9,9,0.2831193808249717,1
0.25,853,9,9,9,9,0.46969050652961397,1
0.25,855,9,9,9,9,0.42314887826482717,1
0.25,857,9,9,9,9,0.213836161347136,1
0.25,859,9,16,9,9,0.015801643530860665,1
0.25,861,9,9,9,9,0.027746123735465145,1
0.25,863,9,9,9,9,0.31197072051956143,1
0.25,865,9,9,9,9,0.5407414180846402,0
0.25,867,9,9,9,9,0.7809980291567304,0
0.25,869,9,9,9,9,0.9115057569295821,0
0.25,871,9,9,9,9,0.6888499699974122,0
0.25,873,9,9,9,9,0.38480508929175816,1
0.25,875,9,9,9,9,0.6597346191191307,0
0.25,877,9,9,9,9,0.14761375447145886,1
0.25,879,9,9,9,9,0.28064360452250126,1
0.25,881,9,9,9,9,0.12648833050009023,1
0.25,883,9,16,9,9,0.023804309448153593,1
0.25,885,9,9,9,9,0.9591546301354785,0
0.25,887,9,9,9,9,1.024655896511437,0
0.25,889,9,9,9,9,0.9076472940812865,0
0.25,891,9,9,9,9,0.7872959786644467,0
0.25,893,9,9,9,9,0.5303610648327084,0
0.25,895,9,9,9,9,0.5460484547931911,0
0.25,897,9,9,9,9,0.4208515273289801,1
0.25,899,9,9,9,9,0.2717812243313339,1
0.25,901,9,40,9,9,0.08996046779389788,1
0.25,903,9,9,9,9,0.7611911618226126,0
0.25,905,9,9,9,9,0.49424221626902165,0
0.25,907,9,9,9,9,1.1461895212996462,0
0.25,909,9,9,9,9,0.6794941696805759,0
0.25,911,9,9,9,9,0.6910750463733835,0
0.25,913,9,48,9,9,0.01861115555555526,1
0.25,915,9,9,9,9,0.6411275806606873,0
0.25,917,9,9,9,9,0.7495163640954366,0
0.25,919,9,48,9,9,0.03371674868431207,1
0.25,921,10,10,10,10,1.240725043336737,0
0.25,923,10,10,10,10,0.4403521782687838,1
0.25,925,10,10,10,10,0.18588005601835778,1
0.25,927,10,10,10,10,0.23159853879648695,1
0.25,929,10,10,10,10,0.3732834484059747,1
0.25,931,10,2,2,2,0.7391237033313889,0
0.25,933,10,2,10,2,0.542808390073261,0
0.25,935,10,10,10,10,0.5063021720621075,0
0.25,937,10,2,10,10,0.2706877730424684,1
0.25,939,10,3,2,2,0.007720377395333489,1
0.25,941,10,10,10,10,0.48310194162211517,1
0.25,943,10,3,3,3,0.3715692763562859,1
0.25,945,10,10,10,10,0.659589139758747,0
0.25,947,10,10,10,10,0.36887096125734076,1
0.25,949,10,10,10,10,0.4589993496496345,1
0.25,951,10,10,10,10,0.48461931561620264,0
0.25,953,10,10,10,10,0.5514600700561765,0
0.25,955,10,7,10,10,0.2861546649280535,1
0.25,957,10,10,10,10,1.1247521162319696,0
0.25,959,10,10,10,10,1.0329054952039796,0
0.25,961,10,10,10,10,0.5257816805446338,0
0.25,963,10,10,10,10,0.7646319906481078,0
0.25,965,10,10,10,10,0.5791677039546305,0
0.25,967,10,10,10,10,0.6652355887862316,0
0.25,969,10,10,10,10,0.501126176420793,0
0.25,971,10,10,10,10,0.4122958602842802,1
0.25,973,10,10,10,10,0.1703548670830327,1
0.25,975,10,10,10,10,0.5980015671377812,0
0.25,977,10,10,10,10,0.592887576000869,0
0.25,979,10,10,10,10,1.29364259810875,0
0.25,981,10,10,10,10,1.0423141153218543,0
0.25,983,10,10,10,10,0.6463266880432628,0
0.25,985,10,10,10,10,0.5397111769595522,0
0.25,987,10,10,10,10,0.6519550504730431,0
0.25,989,10,10,10,10,0.5892762214474245,0
0.25,991,10,10,10,10,0.3988070275616369,1
0.25,993,10,48,10,10,0.06257479264974553,1
0.25,995,10,10,10,10,0.4246691407705938,1
0.25,997,10,10,10,10,0.5794179126091796,0
0.25,999,10,10,10,10,0.9362542390939841,0
0.25,1001,10,10,10,10,1.1861095181649266,0
0.25,1003,10,10,10,10,0.5669919600502085,0
0.25,1005,10,10,10,10,0.19507715439692297,1
0.25,1007,10,10,10,10,0.5456947523072598,0
0.25,1009,10,10,10,10,0.6093287152884281,0
0.25,1011,10,10,10,10,0.3382244058298096,1
0.25,1013,11,11,11,11,0.7723451981611915,0
0.25,1015,11,11,11,11,0.31655187165686405,1
0.25,1017,11,11,11,11,0.1630385162251764,1
0.25,1019,11,11,11,11,0.3027751882149541,1
0.25,1021,11,11,11,11,0.40378803079237935,1
0.25,1023,11,32,11,11,0.27674078407110336,1
0.25,1025,11,11,11,11,0.5254395675696091,0
0.25,1027,11,11,11,11,1.1381069688327878,0
0.25,1029,11,11,11,11,0.24403797888738787,1
0.25,1031,11,11,11,11,1.5347552962402855,0
0.25,1033,11,11,11,11,0.7545774209820915,0
0.25,1035,11,11,11,11,1.4449443067114167,0
0.25,1037,11,11,11,11,1.1775064883204664,0
0.25,1039,11,11,11,11,1.0094613234743615,0
0.25,1041,11,11,11,11,1.457422223120898,0
0.25,1043,11,11,11,11,0.9429630153008396,0
0.25,1045,11,11,11,11,0.44323988263751435,1
0.25,1047,11,11,11,11,0.3916519138845822,1
0.25,1049,11,11,11,11,0.8537837573520218,0
0.25,1051,11,11,11,11,0.734111431902338,0
0.25,1053,11,11,11,11,0.4690197869838202,1
0.25,1055,11,11,11,11,0.8098426822044523,0
0.25,1057,11,11,11,11,1.1609025793502161,0
0.25,1059,11,11,11,11,1.1352774861753154,0
0.25,1061,11,11,11,11,1.2957978631281002,0
0.25,1063,11,11,11,11,0.5577080259158782,0
0.25,1065,11,11,11,11,1.448459525139862,0
0.25,1067,11,11,11,11,1.2118022935257,0
0.25,1069,11,11,11,11,0.46793844810190754,1
0.25,1071,11,11,11,11,0.9118894762688328,0
0.25,1073,11,11,11,11,0.8643332211807295,0
0.25,1075,11,11,11,11,0.7135373412171672,0
0.25,1077,11,11,11,11,0.5976121261613869,0
0.25,1079,11,11,11,11,0.8478044906809665,0
0.25,1081,11,11,11,11,0.9460200883862464,0
0.25,1083,11,11,11,11,0.7872612105074163,0
0.25,1085,11,11,11,11,0.7760633389186752,0
0.25,1087,11,11,11,11,0.5128172438026839,0
0.25,1089,11,11,11,11,0.7287096691649706,0
0.25,1091,11,11,11,11,0.9451347372044424,0
0.25,1093,11,11,11,11,0.6829745127280209,0
0.25,1095,11,11,11,11,0.9066186771021597,0
0.25,1097,11,11,11,11,0.3937086929260345,1
0.25,1099,11,11,11,11,0.3430149555144044,1
0.25,1101,11,11,11,11,0.4557189850377259,1
0.25,1103,11,30,11,11,0.0388192071240423,1
0.25,1105,12,12,12,12,0.6417709408473558,0
0.25,1107,12,12,12,12,0.5590599244584082,0
0.25,1109,12,12,12,12,1.0217207143082254,0
0.25,1111,12,12,12,12,0.7175417519387504,0
0.25,1113,12,12,12,12,0.9447688117673232,0
0.25,1115,12,12,12,12,0.7007051238387493,0
0.25,1117,12,12,12,12,0.7666685385853187,0
0.25,1119,12,12,12,12,0.4795768039335213,1
0.25,1121,12,12,12,12,0.9530934699405875,0
0.25,1123,12,12,12,12,0.5862715211948806,0
0.25,1125,12,12,12,12,0.6354945349819952,0
0.25,1127,12,12,12,12,0.8050401062422958,0
0.25,1129,12,12,12,12,0.8975536199849083,0
0.25,1131,12,12,12,12,0.8432966317268401,0
0.25,1133,12,12,12,12,0.8024024961592573,0
0.25,1135,12,12,12,12,0.9768155790361368,0
0.25,1137,12,12,12,12,0.7629532824192814,0
0.25,1139,12,12,12,12,0.8751954739810031,0
0.25,1141,12,12,12,12,1.4640357159279258,0
0.25,1143,12,12,12,12,2.002795199948512,0
0.25,1145,12,12,12,12,1.5876872827517219,0
0.25,1147,12,12,12,12,0.8921373212514829,0
0.25,1149,12,12,12,12,1.2601042760120829,0
0.25,1151,12,12,12,12,1.6950271090781412,0
0.25,1153,12,12,12,12,1.153113365324863,0
0.25,1155,12,12,12,12,1.2685079680705864,0
0.25,1157,12,12,12,12,0.8094042550009701,0
0.25,1159,12,12,12,12,0.9322582133218043,0
0.25,1161,12,12,12,12,0.45237678672587955,1
0.25,1163,12,12,12,12,0.852558433493801,0
0.25,1165,12,12,12,12,1.0854970381510995,0
0.25,1167,12,12,12,12,1.0503141805465894,0
0.25,1169,12,12,12,12,0.7302281998457081,0
0.25,1171,12,12,12,12,1.5671656069272253,0
0.25,1173,12,12,12,12,1.3143050461113435,0
0.25,1175,12,12,12,12,1.164580933799665,0
0.25,1177,12,12,12,12,1.069679420026628,0
0.25,1179,12,12,12,12,0.027358907879559524,1
0.25,1181,12,12,12,12,1.0394397755156024,0
0.25,1183,12,12,12,12,0.7202678710352466,0
0.25,1185,12,12,12,12,0.848404626403714,0
0.25,1187,12,12,12,12,0.9515181140151028,0
0.25,1189,12,12,12,12,1.509107410723394,0
0.25,1191,12,12,12,12,0.5473495222552311,0
0.25,1193,12,12,12,12,0.6805409543875429,0
0.25,1195,12,12,12,12,0.994678532789216,0
0.25,1197,13,13,13,13,1.039034660200171,0
0.25,1199,13,13,13,13,0.9542528683097076,0
0.25,1201,13,13,13,13,0.8704739909169019,0
0.25,1203,13,13,13,13,0.46192226579395057,1
0.25,1205,13,13,13,13,0.7591924480065271,0
0.25,1207,13,13,13,13,0.8054277087060748,0
0.25,1209,13,13,13,13,0.6179027740739587,0
0.25,1211,13,13,13,13,0.5303086045849366,0
0.25,1213,13,13,13,13,0.5101557703861137,0
0.25,1215,13,13,13,13,0.4715454492792033,1
0.25,1217,13,13,13,13,0.4647934796321125,1
0.25,1219,13,13,13,13,0.344081633007419,1
0.25,1221,13,13,13,13,0.9120409723729717,0
0.25,1223,13,13,13,13,0.6998696531533066,0
0.25,1225,13,13,13,13,0.6054613674241791,0
0.25,1227,13,13,13,13,0.6888959446965841,0
0.25,1229,13,13,13,13,0.6517473992789828,0
0.25,1231,13,13,13,13,0.8288501104414201,0
0.25,1233,13,13,13,13,0.8281628958622698,0
0.25,1235,13,13,13,13,0.8072166929883546,0
0.25,1237,13,13,13,13,0.767456127631063,0
0.25,1239,13,13,13,13,0.6639974084301645,0
0.25,1241,13,13,13,13,0.7656228321397236,0
0.25,1243,13,13,13,13,0.807895002126898,0
0.25,1245,13,13,13,13,0.6540102101931444,0
0.25,1247,13,13,13,13,0.7277060846752561,0
0.25,1249,13,13,13,13,0.6090564433564383,0
0.25,1251,13,13,13,13,0.5186277243670874,0
0.25,1253,13,13,13,13,0.36727824899351447,1
0.25,1255,13,13,13,13,0.7293293530981528,0
0.25,1257,13,13,13,13,0.7007245923413497,0
0.25,1259,13,13,13,13,1.0881852853459515,0
0.25,1261,13,13,13,13,0.8693555697571551,0
0.25,1263,13,13,13,13,1.1237866330476978,0
0.25,1265,13,13,13,13,0.8857893082518622,0
0.25,1267,13,13,13,13,0.560737934637211,0
0.25,1269,13,13,13,13,0.3247147078442427,1
0.25,1271,13,13,13,13,0.6601587170195757,0
0.25,1273,13,13,13,13,0.869235956666143,0
0.25,1275,13,13,13,13,0.8942276617855803,0
0.25,1277,13,13,13,13,0.8080200752863584,0
0.25,1279,13,13,13,13,1.1735559046711583,0
0.25,1281,13,13,13,13,0.41098918838834586,1
0.25,1283,13,13,13,13,0.5302037289541142,0
0.25,1285,13,13,13,13,0.483251793141245,1
0.25,1287,13,13,13,13,0.24535355584520002,1
0.25,1289,14,14,14,14,1.355208476286795,0
0.25,1291,14,14,14,14,1.2092681643103698,0
0.25,1293,14,14,14,14,1.5689992619364248,0
0.25,1295,14,14,14,14,0.4688435470643193,1
0.25,1297,14,14,14,14,1.2452100048457648,0
0.25,1299,14,14,14,14,1.0294447865496927,0
0.25,1301,14,14,14,14,1.2481447564672816,0
0.25,1303,14,14,14,14,1.1532566910280455,0
0.25,1305,14,14,14,14,0.982452066746332,0
0.25,1307,14,14,14,14,0.9031130370320034,0
0.25,1309,14,14,14,14,1.600514518520276,0
0.25,1311,14,14,14,14,1.1677357827188253,0
0.25,1313,14,14,14,14,1.5322492730386674,0
0.25,1315,14,14,14,14,1.5453846153056698,0
0.25,1317,14,14,14,14,1.6187230586788004,0
0.25,1319,14,14,14,14,1.5957656307034935,0
0.25,1321,14,14,14,14,1.3840271322927153,0
0.25,1323,14,14,14,14,1.686011554993623,0
0.25,1325,14,14,14,14,1.7658276949850737,0
0.25,1327,14,14,14,14,1.3097444666454474,0
0.25,1329,14,14,14,14,1.5888890698291958,0
0.25,1331,14,14,14,14,0.9183350984247218,0
0.25,1333,14,14,14,14,1.5183227742736958,0
0.25,1335,14,14,14,14,1.5268776483406112,0
0.25,1337,14,14,14,14,1.9924207642466867,0
0.25,1339,14,14,14,14,1.7919820527072507,0
0.25,1341,14,14,14,14,1.5263265436180138,0
0.25,1343,14,14,14,14,1.1637893997575801,0
0.25,1345,14,14,14,14,2.0535502167661477,0
0.25,1347,14,14,14,14,1.7234460271907825,0
0.25,1349,14,14,14,14,1.9780727261695505,0
0.25,1351,14,14,14,14,0.9725189786425448,0
0.25,1353,14,14,14,14,0.9100075691394219,0
0.25,1355,14,14,14,14,1.9306267932838723,0
0.25,1357,14,14,14,14,1.3013709114065668,0
0.25,1359,14,14,14,14,1.6340791927159701,0
0.25,1361,14,14,14,14,0.7349774245704692,0
0.25,1363,14,14,14,14,2.2414911776968216,0
0.25,1365,14,14,14,14,2.206263177763681,0
0.25,1367,14,14,14,14,0.817893985967822,0
0.25,1369,14,14,14,14,1.4531570615010807,0
0.25,1371,14,14,14,14,1.5866236555100615,0
0.25,1373,14,14,14,14,1.149102350551996,0
0.25,1375,14,14,14,14,1.7228730302218884,0
0.25,1377,14,14,14,14,1.1452458722181462,0
0.25,1379,14,14,14,14,0.7926907631048741,0
0.25,1381,15,15,15,15,0.21384274424469196,1
0.25,1383,15,15,15,15,0.456983428742856,1
0.25,1385,15,15,15,15,0.32154874588758187,1
0.25,1387,15,15,15,15,0.10629554882323067,1
0.25,1389,15,15,15,15,0.38308028731093224,1
0.25,1391,15,15,15,15,0.34111524193311205,1
0.25,1393,15,15,15,15,0.36085759779201054,1
0.25,1395,15,15,15,15,0.443871822569295,1
0.25,1397,15,15,15,15,0.22133779637234152,1
0.25,1399,15,25,15,15,0.034087480656475266,1
0.25,1401,15,15,15,15,0.4284087720974177,1
0.25,1403,15,15,15,15,0.21190935053230053,1
0.25,1405,15,15,15,15,0.29930156218949766,1
0.25,1407,15,15,15,15,0.417197340792554,1
0.25,1409,15,15,15,15,0.2126540991895164,1
0.25,1411,15,15,15,15,0.12762089980776636,1
0.25,1413,15,15,15,15,0.10541120393584158,1
0.25,1415,15,24,15,15,0.01951259580348208,1
0.25,1417,15,15,15,15,0.3977087375124686,1
0.25,1419,15,15,15,15,0.6793070214025121,0
0.25,1421,15,15,15,15,0.33143357066240253,1
0.25,1423,15,15,15,15,0.47397919521083165,1
0.25,1425,15,15,15,15,0.4758595769184044,1
0.25,1427,15,15,15,15,0.4120944989542161,1
0.25,1429,15,15,15,15,0.4478485386872746,1
0.25,1431,15,15,15,15,0.3431995944218158,1
0.25,1433,15,15,15,15,0.16956801810307232,1
0.25,1435,15,15,15,15,0.25388344416375663,1
0.25,1437,15,15,15,15,0.028303011857944815,1
0.25,1439,15,15,15,15,0.4112495570011081,1
0.25,1441,15,15,15,15,0.3801124134440603,1
0.25,1443,15,15,15,15,0.36677387392814986,1
0.25,1445,15,15,15,15,0.14340283570107593,1
0.25,1447,15,15,15,15,0.3704548667175025,1
0.25,1449,15,15,15,15,0.2571238936849465,1
0.25,1451,15,15,15,15,0.2751905210877321,1
0.25,1453,15,15,15,15,0.052378640326016246,1
0.25,1455,15,15,15,15,0.2656009879950074,1
0.25,1457,15,15,15,15,0.2676539747247322,1
0.25,1459,15,15,15,15,0.46125738763607393,1
0.25,1461,15,36,15,15,0.07951649745377831,1
0.25,1463,15,15,15,15,0.46787818565902495,1
0.25,1465,15,15,15,15,0.3555931109292507,1
0.25,1467,15,15,15,15,0.0926582581476858,1
0.25,1469,15,15,15,15,0.22365943636864216,1
0.25,1471,15,15,15,15,0.2653487705185128,1
0.25,1473,16,16,16,16,0.5505814635252066,0
0.25,1475,16,33,16,16,0.023703948674685504,1
0.25,1477,16,16,16,16,0.1232337203777798,1
0.25,1479,16,33,16,16,0.08869559615559175,1
0.25,1481,16,16,16,16,0.31432186479760515,1
0.25,1483,16,2,16,16,0.0879676645207953,1
0.25,1485,16,16,16,16,0.2931700824524166,1
0.25,1487,16,16,16,16,0.40615426228445783,1
0.25,1489,16,38,16,16,0.25994691605137543,1
0.25,1491,16,16,16,16,0.1906768606021907,1
0.25,1493,16,16,16,16,0.4429138974027109,1
0.25,1495,16,0,16,16,0.03284764423642317,1
0.25,1497,16,16,16,16,0.1490514018015201,1
0.25,1499,16,16,38,38,0.14990060971951658,1
0.25,1501,16,16,16,16,0.36768323835491423,1
0.25,1503,16,16,16,16,0.20545389760137,1
0.25,1505,16,16,16,16,0.4955093744137772,0
0.25,1507,16,16,16,16,0.4984036573083668,0
0.25,1509,16,16,16,16,0.7299861113452192,0
0.25,1511,16,16,16,16,0.6742839472117041,0
0.25,1513,16,16,16,16,0.35903897097468107,1
0.25,1515,16,16,16,16,0.6959770690282505,0
0.25,1517,16,16,16,16,0.15027478008005324,1
0.25,1519,16,16,16,16,0.3880816708389837,1
0.25,1521,16,16,16,16,0.13558628183517452,1
0.25,1523,16,58,16,16,0.09308027836086863,1
0.25,1525,16,16,16,16,0.2727595339864337,1
0.25,1527,16,30,16,16,0.08265952704548352,1
0.25,1529,16,16,16,16,0.2563612240462152,1
0.25,1531,16,16,16,16,0.5158267682082965,0
0.25,1533,16,16,16,16,0.7908487177299748,0
0.25,1535,16,16,16,16,0.749403963887217,0
0.25,1537,16,16,16,16,0.3036812621071907,1
0.25,1539,16,16,16,16,0.4406081815155818,1
0.25,1541,16,16,16,16,0.17451500913079232,1
0.25,1543,16,16,16,16,0.16337543017727685,1
0.25,1545,16,30,16,16,0.19758798784661546,1
0.25,1547,16,16,16,16,0.3083340271445064,1
0.25,1549,16,16,16,16,0.5133313310362947,0
0.25,1551,16,16,16,16,0.8090788455130241,0
0.25,1553,16,16,16,16,0.4837257511043055,1
0.25,1555,16,19,16,16,0.08941621806975009,1
0.25,1557,16,58,16,16,0.029512427279940523,1
0.25,1559,16,16,16,16,0.8349830824438386,0
0.25,1561,16,16,16,16,0.29758918743381746,1
0.25,1563,16,7,58,58,0.3020057736278561,1
0.25,1565,17,17,17,17,1.3860345435988253,0
0.25,1567,17,17,17,17,0.712982771254864,0
0.25,1569,17,17,17,17,1.215886505326564,0
0.25,1571,17,17,17,17,0.6645256619593585,0
0.25,1573,17,17,17,17,0.8185566395781232,0
0.25,1575,17,2,17,17,0.009401287069594755,1
0.25,1577,17,17,17,17,0.22270199732750395,1
0.25,1579,17,17,17,17,1.1321644321319886,0
0.25,1581,17,17,17,17,0.37538275071603633,1
0.25,1583,17,17,17,17,0.6838827838061463,0
0.25,1585,17,17,17,17,0.6438121123484066,0
0.25,1587,17,17,17,17,0.44534215301742597,1
0.25,1589,17,17,17,17,0.6781379673687005,0
0.25,1591,17,17,17,17,0.9216790000567943,0
0.25,1593,17,17,17,17,0.5818728951681345,0
0.25,1595,17,17,17,17,1.0265538640376595,0
0.25,1597,17,17,17,17,1.064313706610675,0
0.25,1599,17,17,17,17,1.2938081828578276,0
0.25,1601,17,17,17,17,1.3969768077021874,0
0.25,1603,17,17,17,17,1.3179554736234904,0
0.25,1605,17,17,17,17,1.2598594173988937,0
0.25,1607,17,17,17,17,1.5938896576323978,0
0.25,1609,17,17,17,17,1.5541734066410662,0
0.25,1611,17,17,17,17,1.44043216620877,0
0.25,1613,17,17,17,17,1.216389734856325,0
0.25,1615,17,17,17,17,1.1070235162014415,0
0.25,1617,17,17,17,17,0.6360455847818506,0
0.25,1619,17,17,17,17,0.6636101754328783,0
0.25,1621,17,17,17,17,0.5258508576287644,0
0.25,1623,17,17,17,17,1.4119376609140484,0
0.25,1625,17,17,17,17,1.5953314720590888,0
0.25,1627,17,17,17,17,1.3422694053629542,0
0.25,1629,17,17,17,17,1.0284020615986365,0
0.25,1631,17,17,17,17,1.4063124416781903,0
0.25,1633,17,17,17,17,0.8334866532853569,0
0.25,1635,17,17,17,17,0.5983080756070891,0
0.25,1637,17,17,17,17,0.46398075121001847,1
0.25,1639,17,17,17,17,0.5004134223195236,0
0.25,1641,17,17,17,17,1.146381168469009,0
0.25,1643,17,17,17,17,1.3101294427681345,0
0.25,1645,17,17,17,17,0.9113055492896549,0
0.25,1647,17,17,17,17,1.5909720240382108,0
0.25,1649,17,17,17,17,1.6105102665557705,0
0.25,1651,17,17,17,17,0.9678391004914391,0
0.25,1653,17,17,17,17,1.0264715620562037,0
0.25,1655,17,17,17,17,1.0048390820073196,0
0.25,1657,18,18,18,18,0.915357205792694,0
0.25,1659,18,18,18,18,0.7704375063838879,0
0.25,1661,18,18,18,18,1.0636493529360496,0
0.25,1663,18,18,18,18,0.6576970786355198,0
0.25,1665,18,18,18,18,0.7165488129262556,0
0.25,1667,18,18,18,18,0.5455842949949845,0
0.25,1669,18,36,36,36,0.1540855507647685,1
0.25,1671,18,18,18,18,0.8224719465203238,0
0.25,1673,18,18,18,18,0.17368793985283126,1
0.25,1675,18,36,18,18,0.1090479909960973,1
0.25,1677,18,36,18,18,0.020726484954592284,1
0.25,1679,18,18,18,18,0.24861449460149299,1
0.25,1681,18,36,18,18,0.018786619061232246,1
0.25,1683,18,18,18,18,0.3930651328808703,1
0.25,1685,18,18,18,18,0.24460592975187012,1
0.25,1687,18,18,18,18,0.31395232468001777,1
0.25,1689,18,18,18,18,1.420266992604128,0
0.25,1691,18,18,18,18,1.0244116175403817,0
0.25,1693,18,18,18,18,1.097661079175385,0
0.25,1695,18,18,18,18,1.1744701758254399,0
0.25,1697,18,18,18,18,0.19460024283286015,1
0.25,1699,18,18,18,18,1.1595671687213551,0
0.25,1701,18,18,18,18,0.9427320732346083,0
0.25,1703,18,18,18,18,0.6485029966961301,0
0.25,1705,18,18,18,18,0.7144436659624073,0
0.25,1707,18,18,18,18,0.6278740275708496,0
0.25,1709,18,18,18,18,0.18736543206892886,1
0.25,1711,18,18,18,18,0.48604380447423146,0
0.25,1713,18,18,18,18,0.7880381287218701,0
0.25,1715,18,18,18,18,0.8989296087931549,0
0.25,1717,18,18,18,18,1.0819709480614534,0
0.25,1719,18,18,18,18,1.1963742901446448,0
0.25,1721,18,18,18,18,0.7469223472560949,0
0.25,1723,18,18,18,18,1.0735941180886994,0
0.25,1725,18,18,18,18,0.2012960116910547,1
0.25,1727,18,18,18,18,0.22679923040360017,1
0.25,1729,18,19,18,18,0.0683471195032419,1
0.25,1731,18,18,18,18,1.1502440344336327,0
0.25,1733,18,18,18,18,1.0622376068526254,0
0.25,1735,18,18,18,18,1.3023353634683443,0
0.25,1737,18,18,18,18,0.7537589669887788,0
0.25,1739,18,18,18,18,0.8297080255751106,0
0.25,1741,18,18,18,18,0.2369717628676986,1
0.25,1743,18,18,18,18,1.0452276505823348,0
0.25,1745,18,18,18,18,0.7390818018529517,0
0.25,1747,18,18,18,18,0.6107094636902525,0
0.25,1749,19,19,19,19,0.7783492929802056,0
0.25,1751,19,19,19,19,0.912484534956499,0
0.25,1753,19,19,19,19,0.662698418655401,0
0.25,1755,19,19,19,19,0.7282326876843654,0
0.25,1757,19,19,19,19,0.6247599043502664,0
0.25,1759,19,19,19,19,0.9433132963350008,0
0.25,1761,19,19,19,19,1.127008818546582,0
0.25,1763,19,19,19,19,1.24249623025269,0
0.25,1765,19,19,19,19,1.134568678624779,0
0.25,1767,19,19,19,19,0.9974227205667425,0
0.25,1769,19,19,19,19,0.9598330776992543,0
0.25,1771,19,19,19,19,0.9891110153210614,0
0.25,1773,19,19,19,19,0.9186415700441538,0
0.25,1775,19,19,19,19,0.8456361905555247,0
0.25,1777,19,19,19,19,1.019641831821399,0
0.25,1779,19,19,19,19,0.9850427458725362,0
0.25,1781,19,19,19,19,0.5273238007134067,0
0.25,1783,19,19,19,19,0.04074403135994875,1
0.25,1785,19,19,19,19,0.9227363804233129,0
0.25,1787,19,19,19,19,1.0295670647134005,0
0.25,1789,19,19,19,19,1.1165066961926837,0
0.25,1791,19,19,19,19,0.8847237807076174,0
0.25,1793,19,19,19,19,1.0926168067493698,0
0.25,1795,19,19,19,19,0.8607414444728329,0
0.25,1797,19,19,19,19,1.1420330567637016,0
0.25,1799,19,19,19,19,0.9554389798713088,0
0.25,1801,19,19,19,19,1.1530262157383997,0
0.25,1803,19,19,19,19,0.6971789404406312,0
0.25,1805,19,19,19,19,0.5758007163750276,0
0.25,1807,19,19,19,19,0.5278765426951721,0
0.25,1809,19,19,19,19,0.7296570649478349,0
0.25,1811,19,19,19,19,0.3270228882054018,1
0.25,1813,19,19,19,19,1.0028349984748213,0
0.25,1815,19,19,19,19,0.7984468855481801,0
0.25,1817,19,19,19,19,0.7898653554438193,0
0.25,1819,19,19,19,19,0.9117277535118373,0
0.25,1821,19,19,19,19,0.5821491859587948,0
0.25,1823,19,19,19,19,0.30085739663949473,1
0.25,1825,19,19,19,19,0.434773287918915,1
0.25,1827,19,19,19,19,0.43188835857507113,1
0.25,1829,19,19,19,19,0.7185924094417191,0
0.25,1831,19,19,19,19,0.42092508885539304,1
0.25,1833,19,19,19,19,0.3844688251005398,1
0.25,1835,19,19,19,19,0.02320025414940452,1
0.25,1837,19,15,19,19,0.12460655013447908,1
0.25,1839,19,15,19,19,0.1193805738451823,1
0.25,1841,20,20,20,20,0.7781735790673648,0
0.25,1843,20,20,20,20,0.40304124794263696,1
0.25,1845,20,20,20,20,0.7377859279855602,0
0.25,1847,20,20,20,20,0.6642515994903163,0
0.25,1849,20,20,20,20,0.9069071001761257,0
0.25,1851,20,20,20,20,1.320746703884448,0
0.25,1853,20,20,20,20,0.7912306751316602,0
0.25,1855,20,20,20,20,1.8029712019721775,0
0.25,1857,20,20,20,20,1.3107439245605863,0
0.25,1859,20,20,20,20,0.53204026429758,0
0.25,1861,20,20,20,20,1.7762359031275574,0
0.25,1863,20,20,20,20,0.42610944185605404,1
0.25,1865,20,20,20,20,1.5969924024815245,0
0.25,1867,20,20,20,20,1.9462559382105864,0
0.25,1869,20,20,20,20,1.606429427117614,0
0.25,1871,20,20,20,20,1.497370651319422,0
0.25,1873,20,20,20,20,1.033649198259718,0
0.25,1875,20,20,20,20,0.7968326181889231,0
0.25,1877,20,20,20,20,2.013073130446096,0
0.25,1879,20,20,20,20,1.9923931696902,0
0.25,1881,20,20,20,20,2.0777442507573882,0
0.25,1883,20,20,20,20,2.0318375968385674,0
0.25,1885,20,20,20,20,1.9473932102269707,0
0.25,1887,20,20,20,20,2.0565851771400157,0
0.25,1889,20,20,20,20,2.155966820261419,0
0.25,1891,20,20,20,20,1.9015386640602905,0
0.25,1893,20,20,20,20,0.9539782725652508,0
0.25,1895,20,20,20,20,0.8719588474807318,0
0.25,1897,20,20,20,20,1.3820086209163676,0
0.25,1899,20,20,20,20,1.8472588430778663,0
0.25,1901,20,20,20,20,1.724379474008375,0
0.25,1903,20,20,20,20,1.8457219589450264,0
0.25,1905,20,20,20,20,1.6023741205682276,0
0.25,1907,20,20,20,20,2.2342080505012234,0
0.25,1909,20,20,20,20,1.460683256345479,0
0.25,1911,20,20,20,20,0.9959335794771864,0
0.25,1913,20,20,20,20,0.1375482685638843,1
0.25,1915,20,20,20,20,1.3364538356689986,0
0.25,1917,20,20,20,20,1.2492638263941538,0
0.25,1919,20,20,20,20,1.6675334198503462,0
0.25,1921,20,20,20,20,1.5645839053550619,0
0.25,1923,20,20,20,20,1.5744855267470315,0
0.25,1925,20,20,20,20,0.9418706323450354,0
0.25,1927,20,20,20,20,1.119628603301786,0
0.25,1929,20,20,20,20,1.5175979608799444,0
0.25,1931,20,20,20,20,1.0755250587451874,0
0.25,1933,21,21,21,21,0.9656916248388647,0
0.25,1935,21,21,21,21,0.9891299184766482,0
0.25,1937,21,21,21,21,0.896137271656868,0
0.25,1939,21,21,21,21,1.0476399784816983,0
0.25,1941,21,21,21,21,1.0329457989517974,0
0.25,1943,21,21,21,21,0.8075927254491528,0
0.25,1945,21,21,21,21,0.8833961188387396,0
0.25,1947,21,21,21,21,0.8252290013288182,0
0.25,1949,21,21,21,21,0.24146961674285183,1
0.25,1951,21,21,21,21,0.7654110376987505,0
0.25,1953,21,21,21,21,0.7377661048878622,0
0.25,1955,21,21,21,21,0.8000387426046109,0
0.25,1957,21,21,21,21,0.24301793064404675,1
0.25,1959,21,21,21,21,0.29759904152017713,1
0.25,1961,21,21,21,21,0.6964186056694293,0
0.25,1963,21,21,21,21,0.00859770905094459,1
0.25,1965,21,21,21,21,0.6226935350820926,0
0.25,1967,21,21,21,21,1.087966943915983,0
0.25,1969,21,21,21,21,1.2999430463285486,0
0.25,1971,21,21,21,21,1.091719633327093,0
0.25,1973,21,21,21,21,1.2848040349405494,0
0.25,1975,21,21,21,21,0.6615870215662556,0
0.25,1977,21,21,21,21,1.362813917167063,0
0.25,1979,21,21,21,21,0.6833461173355699,0
0.25,1981,21,21,21,21,0.6892592783526899,0
0.25,1983,21,21,21,21,0.302376281306703,1
0.25,1985,21,21,21,21,0.8682680096500973,0
0.25,1987,21,21,21,21,0.6895014961513931,0
0.25,1989,21,21,21,21,0.5185296087852924,0
0.25,1991,21,21,21,21,1.0876257079809282,0
0.25,1993,21,21,21,21,1.2195011739750177,0
0.25,1995,21,21,21,21,0.4285841367256318,1
0.25,1997,21,21,21,21,0.4335652634630296,1
0.25,1999,21,21,21,21,1.0061378873507096,0
0.25,2001,21,21,21,21,1.0881697420878162,0
0.25,2003,21,21,21,21,0.23397651335085368,1
0.25,2005,21,21,21,21,0.6864528540437305,0
0.25,2007,21,21,21,21,0.42013427462050235,1
0.25,2009,21,21,21,21,1.3016890383276118,0
0.25,2011,21,21,21,21,0.7738754507448589,0
0.25,2013,21,21,21,21,0.9186358206519392,0
0.25,2015,21,21,21,21,1.1936896281261777,0
0.25,2017,21,21,21,21,0.78164561674653,0
0.25,2019,21,21,21,21,0.710513884649747,0
0.25,2021,21,21,21,21,1.5875887021749941,0
0.25,2023,21,21,21,21,0.9092211727967685,0
0.25,2025,22,22,22,22,1.7379274048228486,0
0.25,2027,22,22,22,22,1.4695638053446403,0
0.25,2029,22,22,22,22,1.7663393099587035,0
0.25,2031,22,22,22,22,1.1343504391041823,0
0.25,2033,22,22,22,22,1.598153843097826,0
0.25,2035,22,22,22,22,1.1370466497426186,0
0.25,2037,22,22,22,22,1.4582396588467044,0
0.25,2039,22,22,22,22,2.0027271191409595,0
0.25,2041,22,22,22,22,1.565436458991258,0
0.25,2043,22,22,22,22,1.7573729535393916,0
0.25,2045,22,22,22,22,1.8919297837297702,0
0.25,2047,22,22,22,22,1.4290403931605484,0
0.25,2049,22,22,22,22,1.8440105878080133,0
0.25,2051,22,22,22,22,1.6930322524669794,0
0.25,2053,22,22,22,22,1.579687726800295,0
0.25,2055,22,22,22,22,1.7434555181286657,0
0.25,2057,22,22,22,22,1.8013781436350498,0
0.25,2059,22,22,22,22,1.5051302192815412,0
0.25,2061,22,22,22,22,2.1615878500855263,0
0.25,2063,22,22,22,22,1.9371628591533283,0
0.25,2065,22,22,22,22,1.535904875681569,0
0.25,2067,22,22,22,22,2.008532137979137,0
0.25,2069,22,22,22,22,2.020738853749411,0
0.25,2071,22,22,22,22,2.0006759213209,0
0.25,2073,22,22,22,22,2.010771301577205,0
0.25,2075,22,22,22,22,2.018289309764028,0
0.25,2077,22,22,22,22,1.6930882142093107,0
0.25,2079,22,22,22,22,1.7318857404610848,0
0.25,2081,22,22,22,22,1.9876259152635174,0
0.25,2083,22,22,22,22,2.027685675925567,0
0.25,2085,22,22,22,22,1.8220251899161428,0
0.25,2087,22,22,22,22,2.0115981922078903,0
0.25,2089,22,22,22,22,1.1727263178842287,0
0.25,2091,22,22,22,22,2.0102474188053,0
0.25,2093,22,22,22,22,1.5370245805771225,0
0.25,2095,22,22,22,22,1.9645126427175676,0
0.25,2097,22,22,22,22,1.4489246091328905,0
0.25,2099,22,22,22,22,1.4853376945326764,0
0.25,2101,22,22,22,22,1.846800149949729,0
0.25,2103,22,22,22,22,1.7248404185001434,0
0.25,2105,22,22,22,22,1.5270361395488445,0
0.25,2107,22,22,22,22,1.5602126022343357,0
0.25,2109,22,22,22,22,1.825288067723028,0
0.25,2111,22,22,22,22,1.2594027570460455,0
0.25,2113,22,22,22,22,1.3095591033120053,0
0.25,2115,22,22,22,22,1.5891092605225476,0
0.25,2117,23,23,23,23,0.9355720734870694,0
0.25,2119,23,23,23,23,0.8458069416252323,0
0.25,2121,23,23,23,23,1.71115348041175,0
0.25,2123,23,23,23,23,1.210014224655432,0
0.25,2125,23,23,23,23,1.3851508567736468,0
0.25,2127,23,23,23,23,1.0280462042783,0
0.25,2129,23,23,23,23,0.977416740861732,0
0.25,2131,23,23,23,23,1.925930650629191,0
0.25,2133,23,23,23,23,0.7169870743491136,0
0.25,2135,23,23,23,23,0.6599977639538062,0
0.25,2137,23,23,23,23,1.4005320036002495,0
0.25,2139,23,23,23,23,0.2903688233189592,1
0.25,2141,23,23,23,23,1.0538892076542277,0
0.25,2143,23,23,23,23,0.94891970939349,0
0.25,2145,23,23,23,23,0.50570704562633,0
0.25,2147,23,23,23,23,0.3069828077155319,1
0.25,2149,23,23,23,23,1.5247123716179964,0
0.25,2151,23,23,23,23,1.6921260935678062,0
0.25,2153,23,23,23,23,1.7957063192654346,0
0.25,2155,23,23,23,23,1.4402231224320277,0
0.25,2157,23,23,23,23,1.8819350580434542,0
0.25,2159,23,23,23,23,1.8061762731039668,0
0.25,2161,23,23,23,23,1.8464163087636263,0
0.25,2163,23,23,23,23,1.6233292649305457,0
0.25,2165,23,23,23,23,1.3740437173518416,0
0.25,2167,23,23,23,23,1.1063681797472558,0
0.25,2169,23,23,23,23,1.3773620588789601,0
0.25,2171,23,23,23,23,0.7876235489356489,0
0.25,2173,23,23,23,23,1.7877298704307718,0
0.25,2175,23,23,23,23,1.7378818994222887,0
0.25,2177,23,23,23,23,1.90251728581205,0
0.25,2179,23,23,23,23,1.7371638292331093,0
0.25,2181,23,23,23,23,1.6877981553313717,0
0.25,2183,23,23,23,23,1.4072339877173725,0
0.25,2185,23,23,23,23,1.584161975056798,0
0.25,2187,23,23,23,23,1.4614430062216446,0
0.25,2189,23,23,23,23,0.25808938590136354,1
0.25,2191,23,23,23,23,0.851548169103113,0
0.25,2193,23,23,23,23,1.613520330986152,0
0.25,2195,23,23,23,23,1.3674112688101183,0
0.25,2197,23,23,23,23,1.3222170459627247,0
0.25,2199,23,23,23,23,1.0362970284666635,0
0.25,2201,23,23,23,23,1.3710384392804378,0
0.25,2203,23,23,23,23,0.6880237982670567,0
0.25,2205,23,23,23,23,0.28927950648338374,1
0.25,2207,23,23,23,23,0.44036832811991133,1
0.25,2209,24,24,24,24,1.1044629457842272,0
0.25,2211,24,24,24,24,0.8848788829820486,0
0.25,2213,24,24,24,24,1.1538678692063118,0
0.25,2215,24,24,24,24,0.2719992412712783,1
0.25,2217,24,24,24,24,0.598019380823533,0
0.25,2219,24,6,8,8,0.017380921662321525,1
0.25,2221,24,8,24,24,0.03570586102146278,1
0.25,2223,24,24,24,24,0.7262907320164905,0
0.25,2225,24,24,24,24,0.16920530237630516,1
0.25,2227,24,24,24,24,0.4295447971049021,1
0.25,2229,24,24,24,24,0.459725925909384,1
0.25,2231,24,24,24,24,0.38632657596678965,1
0.25,2233,24,24,24,24,0.2862654805961773,1
0.25,2235,24,5,24,24,0.008365623867992333,1
0.25,2237,24,24,24,24,0.4312366644721257,1
0.25,2239,24,24,24,24,0.4102352496722075,1
0.25,2241,24,24,24,24,1.131913058385356,0
0.25,2243,24,24,24,24,1.3993839630671763,0
0.25,2245,24,24,24,24,1.1615551715886423,0
0.25,2247,24,24,24,24,0.8416885929197088,0
0.25,2249,24,24,24,24,0.7137401161537056,0
0.25,2251,24,24,24,24,0.48944744329880197,0
0.25,2253,24,24,24,24,0.6305259200489826,0
0.25,2255,24,24,24,24,0.269957931532143,1
0.25,2257,24,24,24,24,0.39126817411855996,1
0.25,2259,24,5,5,5,0.022636011559982183,1
0.25,2261,24,24,24,24,0.6892594002780305,0
0.25,2263,24,24,24,24,0.5897094000141083,0
0.25,2265,24,24,24,24,1.1336432643856005,0
0.25,2267,24,24,24,24,0.7935459132313155,0
0.25,2269,24,24,24,24,0.8720909313000218,0
0.25,2271,24,24,24,24,0.5371530818835538,0
0.25,2273,24,24,24,24,0.7317211531233649,0
0.25,2275,24,24,24,24,0.2713964399556634,1
0.25,2277,24,24,24,24,0.5944205198728447,0
0.25,2279,24,24,24,24,0.11601867566222035,1
0.25,2281,24,24,24,24,0.2429629985336147,1
0.25,2283,24,24,24,24,1.0293230721231603,0
0.25,2285,24,24,24,24,1.051846233421685,0
0.25,2287,24,24,24,24,0.48657376594344814,0
0.25,2289,24,24,24,24,0.8366935719151508,0
0.25,2291,24,24,24,24,0.4296379219470119,1
0.25,2293,24,5,5,5,0.3947843182889754,1
0.25,2295,24,24,24,24,0.5472206363182839,0
0.25,2297,24,5,24,24,0.014687881491718957,1
0.25,2299,24,5,5,5,0.5080324414775614,0
0.25,2301,25,25,25,25,0.6774113069765015,0
0.25,2303,25,15,25,25,0.009320566133310781,1
0.25,2305,25,25,25,25,0.14679863083965983,1
0.25,2307,25,25,25,25,0.044937020438841735,1
0.25,2309,25,15,25,25,0.0484709848363607,1
0.25,2311,25,25,25,25,0.2719947474107691,1
0.25,2313,25,25,25,25,0.5004576683053005,0
0.25,2315,25,25,25,25,0.8012526871988734,0
0.25,2317,25,25,25,25,0.5716998167377362,0
0.25,2319,25,25,25,25,0.4362959241948531,1
0.25,2321,25,25,25,25,0.5626093403927412,0
0.25,2323,25,25,25,25,0.15962065166036454,1
0.25,2325,25,25,25,25,1.0842588169547995,0
0.25,2327,25,25,25,25,0.8589465501218867,0
0.25,2329,25,25,25,25,0.7087364905980627,0
0.25,2331,25,25,25,25,0.5753023284415419,0
0.25,2333,25,25,25,25,0.7617952195398707,0
0.25,2335,25,25,25,25,0.4055849654345871,1
0.25,2337,25,25,25,25,0.675601246596771,0
0.25,2339,25,25,25,25,0.7571563382053383,0
0.25,2341,25,25,25,25,0.38821365444477085,1
0.25,2343,25,25,25,25,0.9367043193906979,0
0.25,2345,25,25,25,25,0.9636014476582162,0
0.25,2347,25,25,25,25,1.10709520414228,0
0.25,2349,25,25,25,25,0.878798454526337,0
0.25,2351,25,25,25,25,0.781070983684651,0
0.25,2353,25,25,25,25,0.18773875986762012,1
0.25,2355,25,25,25,25,0.28655697592987905,1
0.25,2357,25,25,25,25,1.1332602093788644,0
0.25,2359,25,25,25,25,0.9040031392950245,0
0.25,2361,25,25,25,25,1.0709837154940456,0
0.25,2363,25,25,25,25,1.2416065784957675,0
0.25,2365,25,25,25,25,0.6851783678614041,0
0.25,2367,25,25,25,25,1.1711374374577428,0
0.25,2369,25,25,25,25,0.7981433375589507,0
0.25,2371,25,25,25,25,0.8590233783883763,0
0.25,2373,25,48,25,25,0.006246584541621414,1
0.25,2375,25,25,25,25,0.9186348239512632,0
0.25,2377,25,25,25,25,0.252537530813304,1
0.25,2379,25,25,25,25,1.0416104481759567,0
0.25,2381,25,25,25,25,0.6023404176645093,0
0.25,2383,25,25,25,25,0.6275846436486652,0
0.25,2385,25,25,25,25,0.4802548174119641,1
0.25,2387,25,25,25,25,0.6597345996389867,0
0.25,2389,25,25,25,25,0.5904026383416349,0
0.25,2391,25,25,25,25,0.5754722155049583,0
0.25,2393,26,26,26,26,0.2985286034849046,1
0.25,2395,26,26,26,26,1.1119002407462633,0
0.25,2397,26,26,26,26,0.9709219322460978,0
0.25,2399,26,26,26,26,1.5273871181624559,0
0.25,2401,26,26,26,26,1.740686986713183,0
0.25,2403,26,26,26,26,1.3545188045531373,0
0.25,2405,26,26,26,26,1.7569200889685057,0
0.25,2407,26,26,26,26,1.9352009036485658,0
0.25,2409,26,26,26,26,1.8630959712756678,0
0.25,2411,26,26,26,26,1.7989916796625869,0
0.25,2413,26,26,26,26,1.566679363548892,0
0.25,2415,26,26,26,26,2.003529844389791,0
0.25,2417,26,26,26,26,0.9990045805027321,0
0.25,2419,26,26,26,26,0.548571072550223,0
0.25,2421,26,26,26,26,1.212304930472273,0
0.25,2423,26,26,26,26,1.8722438156735928,0
0.25,2425,26,26,26,26,1.2121743732189842,0
0.25,2427,26,26,26,26,0.8320298356132372,0
0.25,2429,26,26,26,26,1.550319205066461,0
0.25,2431,26,26,26,26,0.8909383006528961,0
0.25,2433,26,26,26,26,1.834838854307118,0
0.25,2435,26,26,26,26,0.8776774653895998,0
0.25,2437,26,26,26,26,1.6616617422298867,0
0.25,2439,26,26,26,26,1.1539424827181017,0
0.25,2441,26,26,26,26,1.6045520867733862,0
0.25,2443,26,26,26,26,1.1204953895452052,0
0.25,2445,26,26,26,26,1.9681879616468687,0
0.25,2447,26,26,26,26,1.436451066322698,0
0.25,2449,26,26,26,26,1.3626748323256264,0
0.25,2451,26,26,26,26,1.4849280249109746,0
0.25,2453,26,26,26,26,2.1854655077573897,0
0.25,2455,26,26,26,26,1.426128367604711,0
0.25,2457,26,26,26,26,1.1429198483920782,0
0.25,2459,26,26,26,26,1.1953917147504,0
0.25,2461,26,26,26,26,1.8847474292082875,0
0.25,2463,26,26,26,26,1.0960322813557744,0
0.25,2465,26,26,26,26,1.4275340317093808,0
0.25,2467,26,26,26,26,1.8296660210452003,0
0.25,2469,26,26,26,26,2.04400994832669,0
0.25,2471,26,26,26,26,1.8666259198216615,0
0.25,2473,26,26,26,26,2.014123228540563,0
0.25,2475,26,26,26,26,0.4497296264097985,1
0.25,2477,26,26,26,26,1.044226523178909,0
0.25,2479,26,26,26,26,1.61995918808489,0
0.25,2481,26,26,26,26,0.7041004848957362,0
0.25,2483,26,26,26,26,1.1457618883181886,0
0.25,2485,27,27,27,27,1.9784360818947522,0
0.25,2487,27,27,27,27,1.9023253208405595,0
0.25,2489,27,27,27,27,2.1041874674256333,0
0.25,2491,27,27,27,27,1.6607154096144285,0
0.25,2493,27,27,27,27,2.2903869760974906,0
0.25,2495,27,27,27,27,1.487170971933251,0
0.25,2497,27,27,27,27,1.5271266479201344,0
0.25,2499,27,27,27,27,2.4692051595669366,0
0.25,2501,27,27,27,27,1.4298009855294964,0
0.25,2503,27,27,27,27,0.8271797750815458,0
0.25,2505,27,27,27,27,1.8575430980876457,0
0.25,2507,27,27,27,27,1.4273047486817065,0
0.25,2509,27,27,27,27,2.410036986126686,0
0.25,2511,27,27,27,27,1.7165661026477668,0
0.25,2513,27,27,27,27,1.7607089885222877,0
0.25,2515,27,27,27,27,1.627129585759756,0
0.25,2517,27,27,27,27,1.6808327198984556,0
0.25,2519,27,27,27,27,1.5539512885868456,0
0.25,2521,27,27,27,27,2.0994408597443437,0
0.25,2523,27,27,27,27,2.4005078439492804,0
0.25,2525,27,27,27,27,2.007044120618209,0
0.25,2527,27,27,27,27,2.417153179374025,0
0.25,2529,27,27,27,27,2.4827557330348817,0
0.25,2531,27,27,27,27,2.501794159050868,0
0.25,2533,27,27,27,27,2.2535961893567227,0
0.25,2535,27,27,27,27,2.2266100508377535,0
0.25,2537,27,27,27,27,1.137323031167174,0
0.25,2539,27,27,27,27,0.5073816622216585,0
0.25,2541,27,27,27,27,1.6275867436515612,0
0.25,2543,27,27,27,27,1.9407509480168652,0
0.25,2545,27,27,27,27,1.8971952871662383,0
0.25,2547,27,27,27,27,2.221934304547704,0
0.25,2549,27,27,27,27,1.675012788926655,0
0.25,2551,27,27,27,27,2.2881929103002556,0
0.25,2553,27,27,27,27,1.8648732796905207,0
0.25,2555,27,27,27,27,1.9694708989123817,0
0.25,2557,27,27,27,27,0.18953917818983435,1
0.25,2559,27,27,27,27,1.3401435262943844,0
0.25,2561,27,27,27,27,1.2295982668801195,0
0.25,2563,27,27,27,27,1.9130767543256009,0
0.25,2565,27,27,27,27,1.4979255321889435,0
0.25,2567,27,27,27,27,1.9542932012113443,0
0.25,2569,27,27,27,27,1.6920786112340451,0
0.25,2571,27,27,27,27,1.1492477851748757,0
0.25,2573,27,27,27,27,1.6641586471535008,0
0.25,2575,27,27,27,27,0.48875583517868904,0
0.25,2577,28,28,28,28,0.4016498413048357,1
0.25,2579,28,5,28,28,0.14885327315528207,1
0.25,2581,28,5,28,28,0.07459526873891642,1
0.25,2583,28,28,28,28,0.0016743767729139325,1
0.25,2585,28,28,28,28,0.7444672254844471,0
0.25,2587,28,28,28,28,0.7397110963762441,0
0.25,2589,28,28,28,28,0.09664193714630032,1
0.25,2591,28,28,28,28,0.6650593230196027,0
0.25,2593,28,28,28,28,0.9271931453876947,0
0.25,2595,28,28,28,28,0.10411051190503129,1
0.25,2597,28,28,28,28,0.7642668559917167,0
0.25,2599,28,5,5,5,0.10179008693873448,1
0.25,2601,28,28,28,28,0.7693198748068202,0
0.25,2603,28,28,28,28,0.8503664652543528,0
0.25,2605,28,28,28,28,0.7432441876033845,0
0.25,2607,28,28,28,28,0.7499785171404455,0
0.25,2609,28,28,28,28,1.1181965556716218,0
0.25,2611,28,28,28,28,0.8475503130635065,0
0.25,2613,28,28,28,28,0.3560117775762349,1
0.25,2615,28,28,28,28,0.0010745199834326646,1
0.25,2617,28,28,28,28,0.8738298055609428,0
0.25,2619,28,28,28,28,0.6562723846567756,0
0.25,2621,28,28,28,28,0.8254900775064941,0
0.25,2623,28,28,28,28,0.8536027083738496,0
0.25,2625,28,28,28,28,1.223997409890737,0
0.25,2627,28,28,28,28,1.1317620895441625,0
0.25,2629,28,28,28,28,0.6992840186539765,0
0.25,2631,28,28,28,28,0.10931678071270978,1
0.25,2633,28,28,28,28,1.0337423580546004,0
0.25,2635,28,28,28,28,0.6101944593298373,0
0.25,2637,28,28,28,28,0.35860867211869074,1
0.25,2639,28,28,28,28,0.4218170888990893,1
0.25,2641,28,28,28,28,0.8750703427966118,0
0.25,2643,28,28,28,28,0.9611126115899076,0
0.25,2645,28,28,28,28,0.9482619538882199,0
0.25,2647,28,28,28,28,0.9333636088256851,0
0.25,2649,28,28,28,28,0.5047634088350677,0
0.25,2651,28,28,28,28,0.6916357963788093,0
0.25,2653,28,28,28,28,0.5744454546642633,0
0.25,2655,28,28,28,28,0.6271120122868822,0
0.25,2657,28,28,28,28,0.5281846560366565,0
0.25,2659,28,28,28,28,0.6525865302241219,0
0.25,2661,28,28,28,28,0.8074079103682705,0
0.25,2663,28,28,28,28,0.5587029406482942,0
0.25,2665,28,28,28,28,0.4728482101942466,1
0.25,2667,28,28,28,28,0.09650873039562097,1
0.25,2669,29,29,29,29,0.6799676943960734,0
0.25,2671,29,29,29,29,0.4374641155319319,1
0.25,2673,29,29,29,29,0.5766435804998118,0
0.25,2675,29,29,29,29,0.9303345911030092,0
0.25,2677,29,29,29,29,0.9399658395893025,0
0.25,2679,29,2,2,2,0.10063618953413878,1
0.25,2681,29,2,29,29,0.04748931221500796,1
0.25,2683,29,29,29,29,1.615948628018701,0
0.25,2685,29,2,29,29,0.07870214756675264,1
0.25,2687,29,29,29,29,0.010126021957849507,1
0.25,2689,29,29,29,29,0.8005297520955925,0
0.25,2691,29,44,44,44,0.1325603532515226,1
0.25,2693,29,29,29,29,1.3209151004272686,0
0.25,2695,29,29,29,29,0.7331921510401362,0
0.25,2697,29,42,29,29,0.12172369434660935,1
0.25,2699,29,10,29,29,0.15500052470113435,1
0.25,2701,29,29,29,29,0.9811420534966802,0
0.25,2703,29,29,29,29,1.2802929627202326,0
0.25,2705,29,29,29,29,1.7545967825024906,0
0.25,2707,29,29,29,29,1.4996598508014034,0
0.25,2709,29,29,29,29,1.3080363730493212,0
0.25,2711,29,29,29,29,1.424256383842117,0
0.25,2713,29,29,29,29,1.5808011687426766,0
0.25,2715,29,29,29,29,1.441242211004573,0
0.25,2717,29,29,29,29,1.5058347517963884,0
0.25,2719,29,29,29,29,1.2582604825935773,0
0.25,2721,29,42,29,29,0.13401405599355476,1
0.25,2723,29,10,29,29,0.20047409740235578,1
0.25,2725,29,29,29,29,0.7510083388660003,0
0.25,2727,29,29,29,29,1.3535003889643926,0
0.25,2729,29,29,29,29,0.919794253310211,0
0.25,2731,29,29,29,29,0.9327268718078128,0
0.25,2733,29,29,29,29,0.9063265128339828,0
0.25,2735,29,29,29,29,1.3762989044205443,0
0.25,2737,29,29,29,29,1.1725632450603753,0
0.25,2739,29,29,29,29,0.8293413006860026,0
0.25,2741,29,29,29,29,0.4831976602660093,1
0.25,2743,29,29,29,29,1.061030040521672,0
0.25,2745,29,29,29,29,0.6926168579544787,0
0.25,2747,29,29,29,29,0.20951137366793626,1
0.25,2749,29,29,29,29,0.26545768947809156,1
0.25,2751,29,29,29,29,0.7123988395161795,0
0.25,2753,29,29,29,29,0.9100556225829799,0
0.25,2755,29,29,29,29,1.267085628795385,0
0.25,2757,29,29,29,29,0.23720826402636042,1
0.25,2759,29,29,29,29,0.1926729009745376,1
0.25,2761,30,11,30,30,0.07799817422327693,1
0.25,2763,30,30,30,30,0.58476199027172,0
0.25,2765,30,30,30,30,0.676733044210218,0
0.25,2767,30,30,30,30,0.6691750665541658,0
0.25,2769,30,30,30,30,0.9618086911350718,0
0.25,2771,30,30,30,30,0.35136781046442866,1
0.25,2773,30,30,30,30,0.18125173145018558,1
0.25,2775,30,30,30,30,0.983903467306332,0
0.25,2777,30,30,30,30,0.6043254061173289,0
0.25,2779,30,30,30,30,0.07390367119610297,1
0.25,2781,30,30,30,30,0.34421736081689636,1
0.25,2783,30,11,30,30,0.0977302567582421,1
0.25,2785,30,30,30,30,0.3284738945114867,1
0.25,2787,30,30,30,30,0.6530088724960124,0
0.25,2789,30,30,30,30,0.30014328283906,1
0.25,2791,30,30,30,30,0.05458280583133801,1
0.25,2793,30,30,30,30,0.7109208091575662,0
0.25,2795,30,30,30,30,0.6141388705620934,0
0.25,2797,30,30,30,30,1.03435531261262,0
0.25,2799,30,30,30,30,1.1812339517109474,0
0.25,2801,30,30,30,30,0.6357828059034727,0
0.25,2803,30,30,30,30,0.7842648301853893,0
0.25,2805,30,30,30,30,0.9489915861093785,0
0.25,2807,30,30,30,30,0.7151467799548061,0
0.25,2809,30,30,30,30,0.8972259123691944,0
0.25,2811,30,30,30,30,0.3386175101386626,1
0.25,2813,30,30,30,30,0.09098116288071267,1
0.25,2815,30,30,30,30,0.04069866235860542,1
0.25,2817,30,30,30,30,0.6773663159042204,0
0.25,2819,30,30,30,30,0.7680714239598685,0
0.25,2821,30,30,30,30,0.8511706531833949,0
0.25,2823,30,30,30,30,1.2183826026178417,0
0.25,2825,30,30,30,30,0.36870450104293284,1
0.25,2827,30,30,30,30,0.9020450494603163,0
0.25,2829,30,30,30,30,0.4546538325652345,1
0.25,2831,30,30,30,30,0.3730231424968973,1
0.25,2833,30,30,30,30,0.23489682396026312,1
0.25,2835,30,30,30,30,0.7403551353732415,0
0.25,2837,30,30,30,30,0.625441716187013,0
0.25,2839,30,30,30,30,1.085231924673172,0
0.25,2841,30,30,30,30,0.28786992932301003,1
0.25,2843,30,30,30,30,0.7124728764612052,0
0.25,2845,30,30,30,30,0.6146137501053843,0
0.25,2847,30,30,30,30,0.7326576768515253,0
0.25,2849,30,30,30,30,0.3144380832210585,1
0.25,2851,30,55,30,30,0.0014495561171166127,1
0.25,2853,31,31,31,31,0.6681700833224318,0
0.25,2855,31,31,31,31,0.7513019266287457,0
0.25,2857,31,31,31,31,0.5864106833460072,0
0.25,2859,31,31,31,31,1.05191330869912,0
0.25,2861,31,31,31,31,1.1939696414115815,0
0.25,2863,31,31,31,31,0.7912469162813917,0
0.25,2865,31,31,31,31,1.2446665545615265,0
0.25,2867,31,31,31,31,1.1369534249451303,0
0.25,2869,31,31,31,31,1.3409159968702398,0
0.25,2871,31,31,31,31,0.7486503473343107,0
0.25,2873,31,31,31,31,0.6455874647833524,0
0.25,2875,31,31,31,31,0.6974403200612134,0
0.25,2877,31,31,31,31,0.5415699596834822,0
0.25,2879,31,31,31,31,0.4706978203711556,1
0.25,2881,31,31,31,31,0.7114605338830877,0
0.25,2883,31,31,31,31,0.8779861497523571,0
0.25,2885,31,31,31,31,0.5286133205101287,0
0.25,2887,31,31,31,31,0.7514856791282907,0
0.25,2889,31,31,31,31,1.000642037542552,0
0.25,2891,31,31,31,31,1.1280517290836802,0
0.25,2893,31,31,31,31,1.0007035593848381,0
0.25,2895,31,31,31,31,1.1898549367131745,0
0.25,2897,31,31,31,31,1.1770233413116606,0
0.25,2899,31,31,31,31,1.3135811385226366,0
0.25,2901,31,31,31,31,1.297911686300959,0
0.25,2903,31,31,31,31,1.0709022624293345,0
0.25,2905,31,31,31,31,0.8571791790260652,0
0.25,2907,31,31,31,31,0.9071162271721358,0
0.25,2909,31,31,31,31,0.5125292364840681,0
0.25,2911,31,31,31,31,0.7542986599020405,0
0.25,2913,31,31,31,31,0.7659669102187114,0
0.25,2915,31,31,31,31,0.7391468993519685,0
0.25,2917,31,31,31,31,0.5961923576787054,0
0.25,2919,31,31,31,31,0.586238737848735,0
0.25,2921,31,31,31,31,0.7967312909654258,0
0.25,2923,31,31,31,31,0.5632581900625624,0
0.25,2925,31,31,31,31,0.40049706946663277,1
0.25,2927,31,31,31,31,0.8011321349101124,0
0.25,2929,31,31,31,31,0.8770846172051174,0
0.25,2931,31,31,31,31,0.5949284545367057,0
0.25,2933,31,18,13,13,0.03853578172666716,1
0.25,2935,31,13,31,31,0.11972518974310797,1
0.25,2937,31,31,31,31,0.22766745050707948,1
0.25,2939,31,31,31,31,0.5413444785315458,0
0.25,2941,31,13,31,31,0.0374563105089174,1
0.25,2943,31,13,25,25,0.22919906434023574,1
0.25,2945,32,32,32,32,0.7490997833767201,0
0.25,2947,32,32,32,32,0.39227748279107744,1
0.25,2949,32,32,32,32,0.7107386442982274,0
0.25,2951,32,32,32,32,1.370065376340159,0
0.25,2953,32,32,32,32,1.2541457596953405,0
0.25,2955,32,32,32,32,1.3439314242031302,0
0.25,2957,32,32,32,32,0.7979524101824937,0
0.25,2959,32,32,32,32,1.3668333877104075,0
0.25,2961,32,32,32,32,1.1772412863072677,0
0.25,2963,32,32,32,32,0.8145298930382195,0
0.25,2965,32,32,32,32,1.2012047966341233,0
0.25,2967,32,32,32,32,0.9496926432307407,0
0.25,2969,32,32,32,32,0.5028953303807053,0
0.25,2971,32,32,32,32,0.8281042066658555,0
0.25,2973,32,32,32,32,1.0296831404780395,0
0.25,2975,32,32,32,32,0.8083993202022486,0
0.25,2977,32,24,32,32,0.06466808530881385,1
0.25,2979,32,32,32,32,0.6782508172288042,0
0.25,2981,32,32,32,32,1.0726333932292607,0
0.25,2983,32,32,32,32,0.9636975673381719,0
0.25,2985,32,32,32,32,1.3520407142180486,0
0.25,2987,32,32,32,32,1.024566203461171,0
0.25,2989,32,32,32,32,1.0435466738330605,0
0.25,2991,32,32,32,32,0.25041176963537626,1
0.25,2993,32,32,32,32,0.8603564298981741,0
0.25,2995,32,5,5,5,0.33151820424199197,1
0.25,2997,32,32,32,32,0.7416548900186187,0
0.25,2999,32,32,32,32,1.0638278361421938,0
0.25,3001,32,32,32,32,0.03464955092610911,1
0.25,3003,32,32,32,32,0.596540471706466,0
0.25,3005,32,32,32,32,1.056019973771305,0
0.25,3007,32,32,32,32,0.9083736829150844,0
0.25,3009,32,32,32,32,1.462372635147743,0
0.25,3011,32,32,32,32,0.2951520737717913,1
0.25,3013,32,32,32,32,1.142909851639232,0
0.25,3015,32,32,32,32,1.147239517012363,0
0.25,3017,32,32,32,32,0.4775362118670543,1
0.25,3019,32,32,32,32,0.3677274819716546,1
0.25,3021,32,32,32,32,0.7102161678864649,0
0.25,3023,32,32,32,32,0.8101936100750959,0
0.25,3025,32,32,32,32,0.8704188717882098,0
0.25,3027,32,32,32,32,0.52365597487095,0
0.25,3029,32,5,32,32,0.1483705340126299,1
0.25,3031,32,32,32,32,0.5397034189786493,0
0.25,3033,32,32,32,32,0.2309027901648707,1
0.25,3035,32,16,32,32,0.14345024858816235,1
0.25,3037,33,33,33,33,1.9454281164995106,0
0.25,3039,33,33,33,33,1.302919895082463,0
0.25,3041,33,33,33,33,1.6376469881924685,0
0.25,3043,33,33,33,33,1.3914122040868928,0
0.25,3045,33,33,33,33,1.2384791935871755,0
0.25,3047,33,33,33,33,1.9869622766270205,0
0.25,3049,33,33,33,33,1.743687583802639,0
0.25,3051,33,33,33,33,1.313764156947788,0
0.25,3053,33,33,33,33,1.941231150459142,0
0.25,3055,33,33,33,33,1.2484091019117414,0
0.25,3057,33,33,33,33,0.9793920796324324,0
0.25,3059,33,33,33,33,1.631109419652542,0
0.25,3061,33,33,33,33,0.26451525876834836,1
0.25,3063,33,33,33,33,0.9467247386643785,0
0.25,3065,33,33,33,33,0.24046127000752227,1
0.25,3067,33,33,33,33,0.5362199751601819,0
0.25,3069,33,33,33,33,1.2711960567707248,0
0.25,3071,33,33,33,33,1.4910039489456424,0
0.25,3073,33,33,33,33,1.5836995175804587,0
0.25,3075,33,33,33,33,1.3729537167838255,0
0.25,3077,33,33,33,33,1.84443475851669,0
0.25,3079,33,33,33,33,1.0428113541813224,0
0.25,3081,33,33,33,33,1.0354142773972455,0
0.25,3083,33,33,33,33,0.6782456757688664,0
0.25,3085,33,33,33,33,1.2490211291224798,0
0.25,3087,33,33,33,33,1.125018475653613,0
0.25,3089,33,33,33,33,1.5808574539458837,0
0.25,3091,33,33,33,33,1.537128437887112,0
0.25,3093,33,33,33,33,1.281635415916475,0
0.25,3095,33,33,33,33,1.705683729421083,0
0.25,3097,33,33,33,33,1.7037596708190552,0
0.25,3099,33,33,33,33,1.0295133104331935,0
0.25,3101,33,33,33,33,2.1093642802749537,0
0.25,3103,33,33,33,33,0.4485485860764732,1
0.25,3105,33,33,33,33,1.9479811238073068,0
0.25,3107,33,33,33,33,1.0926831219518447,0
0.25,3109,33,33,33,33,0.8850461966430052,0
0.25,3111,33,33,33,33,0.8261330598823173,0
0.25,3113,33,33,33,33,1.1907718603311355,0
0.25,3115,33,33,33,33,0.7714800692323341,0
0.25,3117,33,33,33,33,2.41004972511822,0
0.25,3119,33,33,33,33,0.7684384869835048,0
0.25,3121,33,33,33,33,1.255171747766408,0
0.25,3123,33,33,33,33,0.7578138559630521,0
0.25,3125,33,33,33,33,1.1452382404433081,0
0.25,3127,33,33,33,33,1.1731229973572195,0
0.25,3129,34,34,34,34,1.8641399817929245,0
0.25,3131,34,34,34,34,1.8911950536426354,0
0.25,3133,34,34,34,34,1.767197267713016,0
0.25,3135,34,34,34,34,2.080129800706974,0
0.25,3137,34,34,34,34,2.011031907913272,0
0.25,3139,34,34,34,34,1.981621593423971,0
0.25,3141,34,34,34,34,1.7775930005125593,0
0.25,3143,34,34,34,34,2.018975161769109,0
0.25,3145,34,34,34,34,1.804332066464723,0
0.25,3147,34,34,34,34,1.5700150790150884,0
0.25,3149,34,34,34,34,1.8690876121668862,0
0.25,3151,34,34,34,34,1.6168573455006112,0
0.25,3153,34,34,34,34,2.016399519562703,0
0.25,3155,34,34,34,34,1.9574410948233743,0
0.25,3157,34,34,34,34,1.9561767528786547,0
0.25,3159,34,34,34,34,1.8637870127778928,0
0.25,3161,34,34,34,34,1.7338606867142037,0
0.25,3163,34,34,34,34,1.9686062385925516,0
0.25,3165,34,34,34,34,2.1761068897800886,0
0.25,3167,34,34,34,34,2.099141159785778,0
0.25,3169,34,34,34,34,2.126191955181508,0
0.25,3171,34,34,34,34,1.9884374556200692,0
0.25,3173,34,34,34,34,1.965851194681272,0
0.25,3175,34,34,34,34,1.9417372679373734,0
0.25,3177,34,34,34,34,1.9356841836743608,0
0.25,3179,34,34,34,34,2.00231626781036,0
0.25,3181,34,34,34,34,1.9613292416429116,0
0.25,3183,34,34,34,34,1.964853384746448,0
0.25,3185,34,34,34,34,1.7804855881419888,0
0.25,3187,34,34,34,34,2.14983643743918,0
0.25,3189,34,34,34,34,2.1787298364919288,0
0.25,3191,34,34,34,34,2.2149747255094696,0
0.25,3193,34,34,34,34,2.2573018890909076,0
0.25,3195,34,34,34,34,2.2104586350221345,0
0.25,3197,34,34,34,34,2.1666506074343945,0
0.25,3199,34,34,34,34,2.2332924933921303,0
0.25,3201,34,34,34,34,1.4364135729711536,0
0.25,3203,34,34,34,34,1.4689443066163927,0
0.25,3205,34,34,34,34,1.723194433030592,0
0.25,3207,34,34,34,34,2.0872940350035813,0
0.25,3209,34,34,34,34,1.7658253308606866,0
0.25,3211,34,34,34,34,2.122374054860929,0
0.25,3213,34,34,34,34,1.8512729656036018,0
0.25,3215,34,34,34,34,1.402764197928124,0
0.25,3217,34,34,34,34,1.6087945190463886,0
0.25,3219,34,34,34,34,1.3876533921363605,0
0.25,3221,35,35,35,35,1.0754233892437253,0
0.25,3223,35,35,35,35,0.6743074195671481,0
0.25,3225,35,35,35,35,1.247833725257665,0
0.25,3227,35,35,35,35,0.9840543763787968,0
0.25,3229,35,35,35,35,1.5870095580676624,0
0.25,3231,35,35,35,35,0.9949912121241311,0
0.25,3233,35,35,35,35,1.5677977503213114,0
0.25,3235,35,35,35,35,1.326406811508327,0
0.25,3237,35,35,35,35,1.8463532466645183,0
0.25,3239,35,35,35,35,1.4563719034187992,0
0.25,3241,35,35,35,35,1.4403977696593069,0
0.25,3243,35,35,35,35,1.2060492981076887,0
0.25,3245,35,35,35,35,1.4369321907634367,0
0.25,3247,35,35,35,35,1.6082316399993557,0
0.25,3249,35,35,35,35,1.3317015522553306,0
0.25,3251,35,35,35,35,1.5540755009015805,0
0.25,3253,35,35,35,35,0.8830997568203665,0
0.25,3255,35,35,35,35,0.9518865178574718,0
0.25,3257,35,35,35,35,1.3924632353800865,0
0.25,3259,35,35,35,35,1.2476055475600596,0
0.25,3261,35,35,35,35,1.7219829076179507,0
0.25,3263,35,35,35,35,1.5676565419585722,0
0.25,3265,35,35,35,35,1.728788014094882,0
0.25,3267,35,35,35,35,1.3559208401895795,0
0.25,3269,35,35,35,35,1.535770397044744,0
0.25,3271,35,35,35,35,1.6439743979971078,0
0.25,3273,35,35,35,35,2.0385081318104294,0
0.25,3275,35,35,35,35,1.4874446651137592,0
0.25,3277,35,35,35,35,0.9029113812925313,0
0.25,3279,35,35,35,35,1.3932450173529014,0
0.25,3281,35,35,35,35,1.2705458841860915,0
0.25,3283,35,35,35,35,1.7814533428616832,0
0.25,3285,35,35,35,35,1.857760394199471,0
0.25,3287,35,35,35,35,1.5064834114548427,0
0.25,3289,35,35,35,35,1.6460353343568066,0
0.25,3291,35,35,35,35,1.680566338719357,0
0.25,3293,35,35,35,35,1.202605662859797,0
0.25,3295,35,35,35,35,0.9860370679334839,0
0.25,3297,35,35,35,35,0.9526350670565099,0
0.25,3299,35,35,35,35,1.4916983552187337,0
0.25,3301,35,35,35,35,1.5181885138252662,0
0.25,3303,35,35,35,35,1.0692067312514033,0
0.25,3305,35,35,35,35,1.6122253337638721,0
0.25,3307,35,35,35,35,0.989339701176715,0
0.25,3309,35,35,35,35,0.9899500667545982,0
0.25,3311,35,35,35,35,1.2223780752854525,0
0.25,3313,36,36,36,36,0.17907179991012012,1
0.25,3315,36,36,36,36,0.595864920008003,0
0.25,3317,36,36,36,36,0.494854051486763,0
0.25,3319,36,36,36,36,0.57618934826523,0
0.25,3321,36,36,36,36,0.8318767369704285,0
0.25,3323,36,36,36,36,0.5384479384777991,0
0.25,3325,36,36,36,36,0.66990471191381,0
0.25,3327,36,36,36,36,0.28282136575333383,1
0.25,3329,36,36,36,36,0.7510487756966426,0
0.25,3331,36,36,36,36,0.5951720197814367,0
0.25,3333,36,36,36,36,0.6384822317961403,0
0.25,3335,36,36,36,36,0.3110937221612955,1
0.25,3337,36,36,36,36,0.21769073157977137,1
0.25,3339,36,36,36,36,0.29354151690770913,1
0.25,3341,36,36,36,36,0.31735190482057485,1
0.25,3343,36,36,36,36,0.4273593307981709,1
0.25,3345,36,36,36,36,0.2909791861627362,1
0.25,3347,36,36,36,36,0.3838464435956652,1
0.25,3349,36,36,36,36,0.2817076900431248,1
0.25,3351,36,36,36,36,0.37000223218232975,1
0.25,3353,36,36,36,36,0.7381703823550132,0
0.25,3355,36,18,36,36,0.03939265880400833,1
0.25,3357,36,36,36,36,0.6513750295947126,0
0.25,3359,36,36,36,36,0.43359591640279627,1
0.25,3361,36,36,36,36,0.3635176355871481,1
0.25,3363,36,36,36,36,0.34311861363186447,1
0.25,3365,36,36,36,36,0.3741378435151921,1
0.25,3367,36,36,36,36,0.5997792232417003,0
0.25,3369,36,18,36,36,0.09813482990502309,1
0.25,3371,36,36,36,36,0.5117351984777092,0
0.25,3373,36,36,36,36,0.5379147885478059,0
0.25,3375,36,36,36,36,0.6335518051899789,0
0.25,3377,36,36,36,36,0.514403727740282,0
0.25,3379,36,36,36,36,0.6240977552498286,0
0.25,3381,36,36,36,36,0.4806643175748344,1
0.25,3383,36,36,36,36,0.5539861403480106,0
0.25,3385,36,36,36,36,0.33357228046706533,1
0.25,3387,36,36,36,36,0.1176952223095653,1
0.25,3389,36,36,36,36,0.48259632096596006,1
0.25,3391,36,36,36,36,0.5888757932325945,0
0.25,3393,36,36,36,36,0.4690798350082128,1
0.25,3395,36,36,36,36,0.5435767443846786,0
0.25,3397,36,36,36,36,0.4487735360000751,1
0.25,3399,36,36,36,36,0.6653410085264986,0
0.25,3401,36,36,36,36,0.5707747760851143,0
0.25,3403,36,36,36,36,0.23779197464082347,1
0.25,3405,37,37,37,37,2.0235093611674597,0
0.25,3407,37,37,37,37,1.699858302903698,0
0.25,3409,37,37,37,37,1.8297255706852287,0
0.25,3411,37,37,37,37,1.6635358437205934,0
0.25,3413,37,37,37,37,1.7126459977890498,0
0.25,3415,37,37,37,37,1.64069388021659,0
0.25,3417,37,37,37,37,1.6288610413823559,0
0.25,3419,37,37,37,37,2.2066591408846215,0
0.25,3421,37,37,37,37,1.7956990683112253,0
0.25,3423,37,37,37,37,2.0157216093985064,0
0.25,3425,37,37,37,37,1.7872813950492308,0
0.25,3427,37,37,37,37,2.109302765678066,0
0.25,3429,37,37,37,37,1.9931138489581033,0
0.25,3431,37,37,37,37,1.8681058560573227,0
0.25,3433,37,37,37,37,1.9082893385198072,0
0.25,3435,37,37,37,37,1.965971484218133,0
0.25,3437,37,37,37,37,1.4914895534087638,0
0.25,3439,37,37,37,37,1.581100100892357,0
0.25,3441,37,37,37,37,2.1227206408963895,0
0.25,3443,37,37,37,37,2.249966467045745,0
0.25,3445,37,37,37,37,1.9103987213390847,0
0.25,3447,37,37,37,37,2.0822229083542396,0
0.25,3449,37,37,37,37,2.1009130323876586,0
0.25,3451,37,37,37,37,2.0237511157921837,0
0.25,3453,37,37,37,37,1.9856986498322549,0
0.25,3455,37,37,37,37,1.4778791494510126,0
0.25,3457,37,37,37,37,2.0562350188742364,0
0.25,3459,37,37,37,37,2.0104690452389735,0
0.25,3461,37,37,37,37,1.3784757679344812,0
0.25,3463,37,37,37,37,1.940305033744746,0
0.25,3465,37,37,37,37,2.11750227482591,0
0.25,3467,37,37,37,37,1.9616545227407358,0
0.25,3469,37,37,37,37,1.7970092375169857,0
0.25,3471,37,37,37,37,1.9567839052499116,0
0.25,3473,37,37,37,37,1.8536569416352124,0
0.25,3475,37,37,37,37,1.8947284937272073,0
0.25,3477,37,37,37,37,1.8130215267725691,0
0.25,3479,37,37,37,37,1.012809570682871,0
0.25,3481,37,37,37,37,1.8497837518780034,0
0.25,3483,37,37,37,37,1.7009496829526247,0
0.25,3485,37,37,37,37,2.0538020658226515,0
0.25,3487,37,37,37,37,1.7291670357616908,0
0.25,3489,37,37,37,37,1.1370718552453958,0
0.25,3491,37,37,37,37,1.178532270721274,0
0.25,3493,37,37,37,37,1.1135102469480298,0
0.25,3495,37,37,37,37,1.1401707272376624,0
0.25,3497,38,38,38,38,1.9028952389272922,0
0.25,3499,38,38,38,38,0.8874538636755085,0
0.25,3501,38,38,38,38,1.6607113672381497,0
0.25,3503,38,38,38,38,0.9700742994423932,0
0.25,3505,38,38,38,38,1.260781646445019,0
0.25,3507,38,38,38,38,0.672226200315831,0
0.25,3509,38,38,38,38,1.146715895170466,0
0.25,3511,38,38,38,38,0.9851870718910911,0
0.25,3513,38,38,38,38,1.521524934746732,0
0.25,3515,38,38,38,38,0.4863678789365862,0
0.25,3517,38,38,38,38,1.282786814361915,0
0.25,3519,38,38,38,38,0.441947115476518,1
0.25,3521,38,38,38,38,1.2962684966512978,0
0.25,3523,38,38,38,38,1.4624896569578183,0
0.25,3525,38,38,38,38,1.259321250780272,0
0.25,3527,38,38,38,38,1.3140994264824104,0
0.25,3529,38,38,38,38,1.9212124774821464,0
0.25,3531,38,38,38,38,1.2725696624837834,0
0.25,3533,38,38,38,38,1.8280927281084283,0
0.25,3535,38,38,38,38,2.0774890339480376,0
0.25,3537,38,38,38,38,1.2715008145385762,0
0.25,3539,38,38,38,38,1.7775215104820898,0
0.25,3541,38,38,38,38,1.9638479235105177,0
0.25,3543,38,38,38,38,1.801584357408915,0
0.25,3545,38,38,38,38,1.6133071968731203,0
0.25,3547,38,38,38,38,1.4082230569116698,0
0.25,3549,38,38,38,38,0.5311599631094699,0
0.25,3551,38,38,38,38,0.20201125942524056,1
0.25,3553,38,38,38,38,1.7397963139944692,0
0.25,3555,38,38,38,38,2.0844300493392094,0
0.25,3557,38,38,38,38,1.758305614605023,0
0.25,3559,38,38,38,38,2.219704998004354,0
0.25,3561,38,38,38,38,1.57392226914211,0
0.25,3563,38,38,38,38,2.1106752988465063,0
0.25,3565,38,38,38,38,1.231534764163332,0
0.25,3567,38,38,38,38,0.9440084224847398,0
0.25,3569,38,38,38,38,0.0008088557446566114,1
0.25,3571,38,38,38,38,1.5042540440768113,0
0.25,3573,38,38,38,38,1.3550988282549865,0
0.25,3575,38,38,38,38,1.7346405661311275,0
0.25,3577,38,38,38,38,1.6205721328792029,0
0.25,3579,38,38,38,38,1.733290707283686,0
0.25,3581,38,38,38,38,1.7163287705398527,0
0.25,3583,38,38,38,38,1.7212804091145302,0
0.25,3585,38,38,38,38,1.4453776011333017,0
0.25,3587,38,38,38,38,0.6785620901580519,0
0.25,3589,39,39,39,39,1.7536022346454314,0
0.25,3591,39,39,39,39,1.4314958930866908,0
0.25,3593,39,39,39,39,1.6738930450571534,0
0.25,3595,39,39,39,39,1.7782527804129562,0
0.25,3597,39,39,39,39,1.9326477834428029,0
0.25,3599,39,39,39,39,1.9868256531447188,0
0.25,3601,39,39,39,39,2.071253434416249,0
0.25,3603,39,39,39,39,1.8918152514966309,0
0.25,3605,39,39,39,39,1.8981707278575977,0
0.25,3607,39,39,39,39,1.843088688000285,0
0.25,3609,39,39,39,39,1.772923213107212,0
0.25,3611,39,39,39,39,1.8662948564445487,0
0.25,3613,39,39,39,39,1.9408223067658463,0
0.25,3615,39,39,39,39,1.8735205782125286,0
0.25,3617,39,39,39,39,1.842429401523134,0
0.25,3619,39,39,39,39,1.925449812431748,0
0.25,3621,39,39,39,39,1.638884049067932,0
0.25,3623,39,39,39,39,1.8974820981655698,0
0.25,3625,39,39,39,39,1.935020202165306,0
0.25,3627,39,39,39,39,2.018611885014999,0
0.25,3629,39,39,39,39,2.0174501054306355,0
0.25,3631,39,39,39,39,1.9596054981483788,0
0.25,3633,39,39,39,39,1.8670463396379455,0
0.25,3635,39,39,39,39,1.999315452960877,0
0.25,3637,39,39,39,39,2.089578275051119,0
0.25,3639,39,39,39,39,1.9334307814975364,0
0.25,3641,39,39,39,39,1.9083873125254303,0
0.25,3643,39,39,39,39,1.741136671110575,0
0.25,3645,39,39,39,39,1.6959498224629201,0
0.25,3647,39,39,39,39,2.0232947394655216,0
0.25,3649,39,39,39,39,2.0224620484622564,0
0.25,3651,39,39,39,39,1.8781584514125353,0
0.25,3653,39,39,39,39,2.205670739772949,0
0.25,3655,39,39,39,39,1.9242520937232546,0
0.25,3657,39,39,39,39,2.182780397549723,0
0.25,3659,39,39,39,39,1.9860127575802609,0
0.25,3661,39,39,39,39,1.3510004366961341,0
0.25,3663,39,39,39,39,1.6004449474363769,0
0.25,3665,39,39,39,39,2.0190045128994454,0
0.25,3667,39,39,39,39,1.8330060082863815,0
0.25,3669,39,39,39,39,2.1466445356777943,0
0.25,3671,39,39,39,39,2.140291263479048,0
0.25,3673,39,39,39,39,1.5750410110109199,0
0.25,3675,39,39,39,39,1.9039076929767695,0
0.25,3677,39,39,39,39,1.7682831942661121,0
0.25,3679,39,39,39,39,1.6617806310180632,0
0.25,3681,40,40,40,40,0.7019470835848309,0
0.25,3683,40,40,40,40,0.5053602941046054,0
0.25,3685,40,40,40,40,0.329051056035113,1
0.25,3687,40,40,40,40,0.38331768019521695,1
0.25,3689,40,40,40,40,0.430214761518925,1
0.25,3691,40,40,40,40,0.4250647234020517,1
0.25,3693,40,40,40,40,0.40720134380071127,1
0.25,3695,40,40,40,40,0.39481071800792744,1
0.25,3697,40,40,40,40,0.5672584078385421,0
0.25,3699,40,40,40,40,0.37401067615500294,1
0.25,3701,40,40,40,40,0.22086335861665995,1
0.25,3703,40,40,40,40,0.3127206370526977,1
0.25,3705,40,40,40,40,0.32410378804885753,1
0.25,3707,40,15,15,15,0.04449488470649943,1
0.25,3709,40,40,40,40,0.19370436599308782,1
0.25,3711,40,40,40,40,0.18317248904670735,1
0.25,3713,40,40,40,40,0.4289237932351899,1
0.25,3715,40,40,40,40,0.217457000589395,1
0.25,3717,40,40,40,40,0.6167319388886829,0
0.25,3719,40,40,40,40,0.8198342215504217,0
0.25,3721,40,40,40,40,0.48034638056494594,1
0.25,3723,40,40,40,40,0.4911018098312724,0
0.25,3725,40,40,40,40,0.3003946171543108,1
0.25,3727,40,40,40,40,0.3693623460914738,1
0.25,3729,40,40,40,40,0.007833484367028687,1
0.25,3731,40,40,40,40,0.19621975783321166,1
0.25,3733,40,40,40,40,0.2650920027670781,1
0.25,3735,40,40,40,40,0.26993596210759274,1
0.25,3737,40,40,40,40,0.43375596929410265,1
0.25,3739,40,40,40,40,0.6992948553753839,0
0.25,3741,40,40,40,40,0.6191928377401366,0
0.25,3743,40,40,40,40,0.6904624255310468,0
0.25,3745,40,40,40,40,0.47374427571720035,1
0.25,3747,40,40,40,40,0.3762673826498062,1
0.25,3749,40,40,40,40,0.58500814564165,0
0.25,3751,40,40,40,40,0.29308848505958895,1
0.25,3753,40,40,40,40,0.16834850128153656,1
0.25,3755,40,40,40,40,0.5476004060694781,0
0.25,3757,40,40,40,40,0.583644552031504,0
0.25,3759,40,40,40,40,0.18990626155232904,1
0.25,3761,40,40,40,40,0.7112366067873677,0
0.25,3763,40,40,40,40,0.2528997180148004,1
0.25,3765,40,20,40,40,0.001968599511302238,1
0.25,3767,40,40,40,40,0.1416676480956236,1
0.25,3769,40,48,40,40,0.07400911038480884,1
0.25,3771,40,53,13,13,0.3463040810138901,1
0.25,3773,41,41,41,41,1.5632827064269188,0
0.25,3775,41,41,41,41,1.3832563432740543,0
0.25,3777,41,41,41,41,1.5222943257530335,0
0.25,3779,41,41,41,41,1.7017105671360204,0
0.25,3781,41,41,41,41,1.4764066117317727,0
0.25,3783,41,41,41,41,0.5454164198275389,0
0.25,3785,41,41,41,41,0.27909068416683225,1
0.25,3787,41,41,41,41,1.7064560287235293,0
0.25,3789,41,41,41,41,1.0767811625611947,0
0.25,3791,41,41,41,41,0.795035943652909,0
0.25,3793,41,41,41,41,1.7774978725088952,0
0.25,3795,41,41,41,41,1.1064019392304916,0
0.25,3797,41,41,41,41,1.6811425654191816,0
0.25,3799,41,41,41,41,1.7711455607185673,0
0.25,3801,41,41,41,41,1.2758340741559726,0
0.25,3803,41,41,41,41,1.131734977923499,0
0.25,3805,41,41,41,41,2.031210265972029,0
0.25,3807,41,41,41,41,1.8925755847762433,0
0.25,3809,41,41,41,41,2.07565060472858,0
0.25,3811,41,41,41,41,1.76891199030742,0
0.25,3813,41,41,41,41,1.6015805281379327,0
0.25,3815,41,41,41,41,1.6207633475031118,0
0.25,3817,41,41,41,41,2.044114778803566,0
0.25,3819,41,41,41,41,1.5798270464352506,0
0.25,3821,41,41,41,41,2.1172795681138386,0
0.25,3823,41,41,41,41,1.8116880285491224,0
0.25,3825,41,41,41,41,0.8754998462985144,0
0.25,3827,41,41,41,41,0.7205641735888114,0
0.25,3829,41,41,41,41,2.0835841170163016,0
0.25,3831,41,41,41,41,1.7745293397299315,0
0.25,3833,41,41,41,41,1.941754581543594,0
0.25,3835,41,41,41,41,1.638299473920485,0
0.25,3837,41,41,41,41,1.60747988092433,0
0.25,3839,41,41,41,41,1.865684799883034,0
0.25,3841,41,41,41,41,1.1781085550322825,0
0.25,3843,41,41,41,41,1.730385330993343,0
0.25,3845,41,41,41,41,0.7851060805531851,0
0.25,3847,41,41,41,41,2.105445829796935,0
0.25,3849,41,41,41,41,2.0476477443751233,0
0.25,3851,41,41,41,41,2.0744608278155603,0
0.25,3853,41,41,41,41,1.3848661652630823,0
0.25,3855,41,41,41,41,1.7922836643306441,0
0.25,3857,41,41,41,41,1.8366310623565272,0
0.25,3859,41,41,41,41,1.4751449897688764,0
0.25,3861,41,41,41,41,0.8002280019687855,0
0.25,3863,41,41,41,41,1.1108841616981202,0
0.25,3865,42,42,42,42,0.6152819555644755,0
0.25,3867,42,42,42,42,0.8008340224967221,0
0.25,3869,42,42,42,42,0.8339813413882216,0
0.25,3871,42,42,42,42,1.0972119262148938,0
0.25,3873,42,42,42,42,0.7423304934833566,0
0.25,3875,42,42,42,42,0.6391063856984553,0
0.25,3877,42,42,42,42,0.9937396969967092,0
0.25,3879,42,42,42,42,0.8463664356222358,0
0.25,3881,42,42,42,42,1.1582029673283754,0
0.25,3883,42,42,42,42,1.2190031254094327,0
0.25,3885,42,42,42,42,1.2225393045244588,0
0.25,3887,42,42,42,42,1.0845498403012213,0
0.25,3889,42,42,42,42,1.058316247716063,0
0.25,3891,42,42,42,42,0.7555312863289152,0
0.25,3893,42,42,42,42,0.7682353425389842,0
0.25,3895,42,42,42,42,0.9690226277621964,0
0.25,3897,42,42,42,42,0.9716624720232929,0
0.25,3899,42,42,42,42,0.5343823664236109,0
0.25,3901,42,42,42,42,1.0509392460059248,0
0.25,3903,42,42,42,42,0.7998528540322335,0
0.25,3905,42,42,42,42,1.0283426609304893,0
0.25,3907,42,42,42,42,1.276520702138849,0
0.25,3909,42,42,42,42,0.9770840030041481,0
0.25,3911,42,42,42,42,1.215467615854899,0
0.25,3913,42,42,42,42,0.6153226625432464,0
0.25,3915,42,42,42,42,0.9841390339861901,0
0.25,3917,42,42,42,42,0.8533078665370655,0
0.25,3919,42,42,42,42,0.7345241389151977,0
0.25,3921,42,42,42,42,0.8798555168564052,0
0.25,3923,42,42,42,42,0.9365763732723063,0
0.25,3925,42,42,42,42,1.115484434608163,0
0.25,3927,42,42,42,42,1.3230619063773315,0
0.25,3929,42,42,42,42,1.2433737615786822,0
0.25,3931,42,42,42,42,1.2452960897929184,0
0.25,3933,42,42,42,42,0.8897304281110296,0
0.25,3935,42,42,42,42,0.43069030403565156,1
0.25,3937,42,42,42,42,0.39914651538887114,1
0.25,3939,42,42,42,42,0.7991859609685206,0
0.25,3941,42,42,42,42,0.7795002916967735,0
0.25,3943,42,42,42,42,0.9734261665362272,0
0.25,3945,42,42,42,42,0.8164320707907236,0
0.25,3947,42,42,42,42,1.150219603379055,0
0.25,3949,42,42,42,42,0.6371426025426865,0
0.25,3951,42,42,42,42,0.3852361605054877,1
0.25,3953,42,42,42,42,0.8940336792645225,0
0.25,3955,42,42,42,42,0.5125673132338531,0
0.25,3957,43,43,43,43,1.1394072336062149,0
0.25,3959,43,43,43,43,0.180237436097751,1
0.25,3961,43,43,43,43,0.7726364316137221,0
0.25,3963,43,43,43,43,1.0439596916020175,0
0.25,3965,43,43,43,43,0.8446671472701505,0
0.25,3967,43,43,43,43,1.3212265785334458,0
0.25,3969,43,43,43,43,1.1584507106067574,0
0.25,3971,43,43,43,43,1.9403181958653093,0
0.25,3973,43,43,43,43,1.5613466088123646,0
0.25,3975,43,43,43,43,0.3136868593640313,1
0.25,3977,43,43,43,43,1.5539847526247161,0
0.25,3979,43,43,43,43,1.4975083134240414,0
0.25,3981,43,43,43,43,1.482304856289712,0
0.25,3983,43,43,43,43,1.6769912963143607,0
0.25,3985,43,43,43,43,1.4684874503228833,0
0.25,3987,43,43,43,43,1.536012983228723,0
0.25,3989,43,43,43,43,0.5862724718701141,0
0.25,3991,43,43,43,43,0.15678845703667377,1
0.25,3993,43,43,43,43,2.133099830876205,0
0.25,3995,43,43,43,43,2.089680208916773,0
0.25,3997,43,43,43,43,1.6460974932257781,0
0.25,3999,43,43,43,43,1.8022661769964654,0
0.25,4001,43,43,43,43,1.87924620223319,0
0.25,4003,43,43,43,43,1.28025215852121,0
0.25,4005,43,43,43,43,1.8479075287105715,0
0.25,4007,43,43,43,43,1.2719873978481975,0
0.25,4009,43,43,43,43,0.6232306913197542,0
0.25,4011,43,43,43,43,1.2373994072540464,0
0.25,4013,43,43,43,43,0.921639067911015,0
0.25,4015,43,43,43,43,1.6004125919017316,0
0.25,4017,43,43,43,43,1.7725424096737332,0
0.25,4019,43,43,43,43,1.6013298743419664,0
0.25,4021,43,43,43,43,1.5233447650827965,0
0.25,4023,43,43,43,43,1.3110615427052033,0
0.25,4025,43,43,43,43,0.8257982442548086,0
0.25,4027,43,43,43,43,0.851485384143867,0
0.25,4029,43,43,43,43,0.22881990015157028,1
0.25,4031,43,43,43,43,0.36666172235283634,1
0.25,4033,43,43,43,43,0.17692201119314643,1
0.25,4035,43,43,43,43,0.9322042144235554,0
0.25,4037,43,43,43,43,0.5435330320845813,0
0.25,4039,43,43,43,43,1.7174960157089965,0
0.25,4041,43,43,43,43,0.0045041302779281756,1
0.25,4043,43,55,43,43,0.1222359042950858,1
0.25,4045,43,43,43,43,0.21989581790945678,1
0.25,4047,43,43,43,43,0.0785241278088662,1
0.25,4049,44,44,44,44,1.3107787540079316,0
0.25,4051,44,44,44,44,1.2008151942880925,0
0.25,4053,44,44,44,44,1.5947908575142251,0
0.25,4055,44,44,44,44,0.9768325729093916,0
0.25,4057,44,44,44,44,1.6316398032818027,0
0.25,4059,44,44,44,44,0.5663667031365855,0
0.25,4061,44,44,44,44,0.3489555468836021,1
0.25,4063,44,44,44,44,1.8238869011844066,0
0.25,4065,44,44,44,44,1.096080895002518,0
0.25,4067,44,44,44,44,0.49060570400106074,0
0.25,4069,44,44,44,44,1.7517153449779856,0
0.25,4071,44,44,44,44,0.3516157810184528,1
0.25,4073,44,44,44,44,1.9956280259266428,0
0.25,4075,44,44,44,44,1.359197862244747,0
0.25,4077,44,44,44,44,0.9655231522094325,0
0.25,4079,44,44,44,44,0.7363502153708288,0
0.25,4081,44,44,44,44,1.3743627207297684,0
0.25,4083,44,44,44,44,1.51139286859806,0
0.25,4085,44,44,44,44,1.9933687041766945,0
0.25,4087,44,44,44,44,1.9178053491382583,0
0.25,4089,44,44,44,44,2.0881021835894207,0
0.25,4091,44,44,44,44,1.6736249358468998,0
0.25,4093,44,44,44,44,1.1764876196399512,0
0.25,4095,44,44,44,44,1.4216494660528367,0
0.25,4097,44,44,44,44,1.1134447502268743,0
0.25,4099,44,44,44,44,1.0863474184606128,0
0.25,4101,44,44,44,44,0.4673393118758862,1
0.25,4103,44,44,44,44,0.4199059237591879,1
0.25,4105,44,44,44,44,1.4440187767577264,0
0.25,4107,44,44,44,44,1.8921739030582714,0
0.25,4109,44,44,44,44,1.5174516344451705,0
0.25,4111,44,44,44,44,1.6985191094564625,0
0.25,4113,44,44,44,44,1.2909976173586706,0
0.25,4115,44,44,44,44,1.9268648472820853,0
0.25,4117,44,44,44,44,0.9129774491392173,0
0.25,4119,44,44,44,44,1.2330082091257577,0
0.25,4121,44,44,44,44,0.31593220561746804,1
0.25,4123,44,44,44,44,1.1167945508028336,0
0.25,4125,44,44,44,44,1.183811975807295,0
0.25,4127,44,44,44,44,1.5378034375859906,0
0.25,4129,44,44,44,44,1.3542776618129277,0
0.25,4131,44,44,44,44,1.2586905749885346,0
0.25,4133,44,44,44,44,1.4345283772375883,0
0.25,4135,44,44,44,44,0.2996942688327412,1
0.25,4137,44,44,44,44,1.4278175526232233,0
0.25,4139,44,44,44,44,0.4352989419576597,1
0.25,4141,45,45,45,45,0.03383983071899199,1
0.25,4143,45,28,45,45,0.07203584668538743,1
0.25,4145,45,45,45,45,0.03965348658148182,1
0.25,4147,45,45,45,45,0.3012458375317363,1
0.25,4149,45,45,45,45,0.3266473369916939,1
0.25,4151,45,45,45,45,0.6532057499170454,0
0.25,4153,45,45,45,45,0.5788022813819145,0
0.25,4155,45,45,45,45,1.3772218285022904,0
0.25,4157,45,45,45,45,1.6385445511015146,0
0.25,4159,45,45,45,45,1.2636894021059153,0
0.25,4161,45,45,45,45,1.8311039218931864,0
0.25,4163,45,45,45,45,1.136529759587955,0
0.25,4165,45,45,45,45,1.6794613718157552,0
0.25,4167,45,45,45,45,1.6725879994077424,0
0.25,4169,45,45,45,45,1.9402569882414618,0
0.25,4171,45,45,45,45,1.636210092530797,0
0.25,4173,45,24,45,45,0.04187126401031893,1
0.25,4175,45,24,45,45,0.47931700302225544,1
0.25,4177,45,45,45,45,0.3771986793306161,1
0.25,4179,45,45,45,45,0.6647983955366614,0
0.25,4181,45,45,45,45,0.43115012951227705,1
0.25,4183,45,45,45,45,1.3900444761805433,0
0.25,4185,45,45,45,45,1.6129027843727766,0
0.25,4187,45,45,45,45,1.496281630799339,0
0.25,4189,45,45,45,45,1.6346632187758217,0
0.25,4191,45,45,45,45,1.5079873448554981,0
0.25,4193,45,45,45,45,2.0577367244412956,0
0.25,4195,45,45,45,45,2.0431915196245383,0
0.25,4197,45,45,45,45,0.014331728860595638,1
0.25,4199,45,45,45,45,0.3253015425510206,1
0.25,4201,45,45,45,45,0.32695508777292237,1
0.25,4203,45,45,45,45,1.3504493557863189,0
0.25,4205,45,45,45,45,0.6679772383720893,0
0.25,4207,45,45,45,45,1.6655971511585501,0
0.25,4209,45,45,45,45,1.684203201875984,0
0.25,4211,45,45,45,45,2.0089216040094726,0
0.25,4213,45,45,45,45,1.6238898497590455,0
0.25,4215,45,45,45,45,0.1431350424468978,1
0.25,4217,45,11,45,45,0.03186599350545116,1
0.25,4219,45,45,45,45,0.6406031670554517,0
0.25,4221,45,45,45,45,0.035193374993460314,1
0.25,4223,45,45,45,45,1.3105638762819039,0
0.25,4225,45,45,45,45,1.985232541238551,0
0.25,4227,45,45,45,45,0.056026609324207666,1
0.25,4229,45,45,45,45,0.51020381579987,0
0.25,4231,45,45,45,45,1.6069933820555458,0
0.25,4233,46,46,46,46,0.6802891096470289,0
0.25,4235,46,46,46,46,1.198483192374391,0
0.25,4237,46,46,46,46,1.3662268859126014,0
0.25,4239,46,46,46,46,1.2522159270368878,0
0.25,4241,46,46,46,46,1.1142509364205573,0
0.25,4243,46,46,46,46,1.1171217756667762,0
0.25,4245,46,46,46,46,1.1340846496559167,0
0.25,4247,46,46,46,46,1.48658519868455,0
0.25,4249,46,46,46,46,1.5942364508437226,0
0.25,4251,46,46,46,46,0.5230363308732375,0
0.25,4253,46,46,46,46,1.4387211679315741,0
0.25,4255,46,46,46,46,1.4128952250788225,0
0.25,4257,46,46,46,46,1.1462815545466296,0
0.25,4259,46,46,46,46,1.4011024577798792,0
0.25,4261,46,46,46,46,1.0958925868751632,0
0.25,4263,46,46,46,46,1.082747775248309,0
0.25,4265,46,46,46,46,1.1235607480021836,0
0.25,4267,46,46,46,46,0.8086470315803282,0
0.25,4269,46,46,46,46,1.5633220790040354,0
0.25,4271,46,46,46,46,1.5371240351288717,0
0.25,4273,46,46,46,46,1.295857471550684,0
0.25,4275,46,46,46,46,1.36212878775997,0
0.25,4277,46,46,46,46,1.6945092417292624,0
0.25,4279,46,46,46,46,1.7040619326554767,0
0.25,4281,46,46,46,46,1.3813720938753893,0
0.25,4283,46,46,46,46,0.9460980167802782,0
0.25,4285,46,46,46,46,0.9156968125518126,0
0.25,4287,46,46,46,46,0.74646145629806,0
0.25,4289,46,46,46,46,0.673744706626541,0
0.25,4291,46,46,46,46,0.8474938292157598,0
0.25,4293,46,46,46,46,1.1014838314162523,0
0.25,4295,46,46,46,46,1.3792472562951392,0
0.25,4297,46,46,46,46,0.21549048464664766,1
0.25,4299,46,46,46,46,1.4738646627187495,0
0.25,4301,46,46,46,46,1.2254417963992403,0
0.25,4303,46,46,46,46,0.7836260963175801,0
0.25,4305,46,46,46,46,0.6064011880840263,0
0.25,4307,46,46,46,46,0.5274888301273282,0
0.25,4309,46,46,46,46,0.46838192181076055,1
0.25,4311,46,46,46,46,1.145325990908377,0
0.25,4313,46,46,46,46,0.37243583459665297,1
0.25,4315,46,46,46,46,1.2545774373575245,0
0.25,4317,46,46,46,46,0.6937117083541209,0
0.25,4319,46,31,46,46,0.06486959807117154,1
0.25,4321,46,46,46,46,0.6674745554102943,0
0.25,4323,46,46,46,46,0.46564685183275567,1
0.25,4325,47,47,47,47,0.0062255725743174395,1
0.25,4327,47,47,47,47,0.22170982420274754,1
0.25,4329,47,47,47,47,0.14720604633891932,1
0.25,4331,47,47,47,47,0.9854421812271419,0
0.25,4333,47,47,47,47,0.7619488352039209,0
0.25,4335,47,47,47,47,0.7008030243490517,0
0.25,4337,47,47,47,47,0.7506185533696004,0
0.25,4339,47,47,47,47,0.6572907149229854,0
0.25,4341,47,47,47,47,0.7768319206626343,0
0.25,4343,47,47,47,47,0.44611300597360737,1
0.25,4345,47,47,47,47,1.0473855416064102,0
0.25,4347,47,47,47,47,0.9191393909179488,0
0.25,4349,47,47,47,47,0.877317640623813,0
0.25,4351,47,47,47,47,0.9415842122729214,0
0.25,4353,47,47,47,47,0.7849540047387042,0
0.25,4355,47,47,47,47,0.6980640577059891,0
0.25,4357,47,47,47,47,0.5674199930871135,0
0.25,4359,47,47,47,47,0.5234596916935466,0
0.25,4361,47,47,47,47,1.1925824690254063,0
0.25,4363,47,47,47,47,1.1760508743348506,0
0.25,4365,47,47,47,47,1.299802058271532,0
0.25,4367,47,47,47,47,1.5651487459246967,0
0.25,4369,47,47,47,47,1.4452372981839368,0
0.25,4371,47,47,47,47,1.9317125020340415,0
0.25,4373,47,47,47,47,1.557782102289964,0
0.25,4375,47,47,47,47,0.7291883506034531,0
0.25,4377,47,47,47,47,0.87585770645775,0
0.25,4379,47,47,47,47,0.8908445198491808,0
0.25,4381,47,47,47,47,0.5894046141716205,0
0.25,4383,47,47,47,47,1.1475959918110743,0
0.25,4385,47,47,47,47,1.5850923575636844,0
0.25,4387,47,47,47,47,1.8599988974655144,0
0.25,4389,47,47,47,47,1.0962079503588358,0
0.25,4391,47,47,47,47,1.7300215806049948,0
0.25,4393,47,47,47,47,1.3095928685528717,0
0.25,4395,47,47,47,47,1.3319594389359735,0
0.25,4397,47,47,47,47,0.7581717567606863,0
0.25,4399,47,47,47,47,0.8462514141221733,0
0.25,4401,47,47,47,47,1.176959302300002,0
0.25,4403,47,47,47,47,0.9832024133737549,0
0.25,4405,47,47,47,47,0.9065539428727736,0
0.25,4407,47,47,47,47,1.3141771546331997,0
0.25,4409,47,47,47,47,0.8935253746631195,0
0.25,4411,47,47,47,47,0.6207253546236133,0
0.25,4413,47,47,47,47,0.583992945044882,0
0.25,4415,47,47,47,47,0.40455294003956466,1
0.25,4417,48,48,48,48,0.2164732901534001,1
0.25,4419,48,53,48,48,0.04616761121157298,1
0.25,4421,48,48,48,48,0.3686979632914369,1
0.25,4423,48,23,48,48,0.06028364439481704,1
0.25,4425,48,48,48,48,0.3982391087942807,1
0.25,4427,48,53,48,48,0.20455927208919977,1
0.25,4429,48,53,15,15,0.05344600603496874,1
0.25,4431,48,48,48,48,0.6407395174385726,0
0.25,4433,48,53,48,48,0.06653221579660484,1
0.25,4435,48,48,48,48,0.26094442968063114,1
0.25,4437,48,48,48,48,0.3131981758449731,1
0.25,4439,48,48,48,48,0.2320838846142419,1
0.25,4441,48,48,48,48,0.4919510586312641,0
0.25,4443,48,48,48,48,0.34262521160453563,1
0.25,4445,48,48,48,48,0.19944553277317723,1
0.25,4447,48,48,48,48,0.31432507168191137,1
0.25,4449,48,48,48,48,0.46307934890066593,1
0.25,4451,48,48,48,48,0.2562888087813424,1
0.25,4453,48,48,48,48,0.5545200132163213,0
0.25,4455,48,48,48,48,0.37693840750577057,1
0.25,4457,48,48,48,48,0.24756626675024695,1
0.25,4459,48,48,48,48,0.4585600627099091,1
0.25,4461,48,48,48,48,0.4554844025257636,1
0.25,4463,48,48,48,48,0.5035020534963706,0
0.25,4465,48,48,48,48,0.4733271504501051,1
0.25,4467,48,48,48,48,0.6142874967921721,0
0.25,4469,48,48,48,48,0.2138154639493981,1
0.25,4471,48,48,48,48,0.3711777977492312,1
0.25,4473,48,48,48,48,0.38199028547418334,1
0.25,4475,48,48,48,48,0.32868376195898397,1
0.25,4477,48,48,48,48,0.5916995428248897,0
0.25,4479,48,48,48,48,0.4551412749928039,1
0.25,4481,48,48,48,48,0.05231339563476756,1
0.25,4483,48,48,48,48,0.5198254330451617,0
0.25,4485,48,48,48,48,0.1837904747949426,1
0.25,4487,48,48,48,48,0.3914637005101528,1
0.25,4489,48,48,48,48,0.49596187937461966,0
0.25,4491,48,48,48,48,0.2646481367779068,1
0.25,4493,48,48,48,48,0.21542143986843265,1
0.25,4495,48,48,48,48,0.5137573678248851,0
0.25,4497,48,15,48,48,0.0003341441747394258,1
0.25,4499,48,48,48,48,0.07471051088476477,1
0.25,4501,48,25,48,48,0.06667166483649578,1
0.25,4503,48,48,48,48,0.258723643746825,1
0.25,4505,48,48,48,48,0.4562815797706846,1
0.25,4507,48,48,48,48,0.03566892800845234,1
0.25,4509,49,49,49,49,1.2254162520673213,0
0.25,4511,49,57,49,57,0.6426339263943052,0
0.25,4513,49,49,49,49,0.2986801167498533,1
0.25,4515,49,49,49,49,0.19415932440511052,1
0.25,4517,49,49,49,49,0.7071439507661756,0
0.25,4519,49,2,49,49,0.2625863092933507,1
0.25,4521,49,49,49,49,1.2019068283820638,0
0.25,4523,49,49,49,49,1.4487115662500973,0
0.25,4525,49,49,49,49,0.9125484546589333,0
0.25,4527,49,49,49,49,1.9200400006824943,0
0.25,4529,49,49,49,49,1.083241356447135,0
0.25,4531,49,49,49,49,1.7097330048886203,0
0.25,4533,49,49,49,49,1.0848960344014802,0
0.25,4535,49,49,49,49,0.9494632849087148,0
0.25,4537,49,49,49,49,1.3756878546786715,0
0.25,4539,49,49,49,49,1.5747672493871574,0
0.25,4541,49,49,49,49,0.8113420900944246,0
0.25,4543,49,49,49,49,0.42963113996110935,1
0.25,4545,49,49,49,49,1.2846258074293626,0
0.25,4547,49,49,49,49,1.8192362980887804,0
0.25,4549,49,49,49,49,0.8163164899078554,0
0.25,4551,49,49,49,49,1.4333721046831078,0
0.25,4553,49,49,49,49,1.0087492218302596,0
0.25,4555,49,49,49,49,0.8678114666533523,0
0.25,4557,49,49,49,49,0.18514954564741593,1
0.25,4559,49,49,49,49,0.901979158517549,0
0.25,4561,49,49,49,49,1.0080210915930572,0
0.25,4563,49,49,49,49,1.0250627071997687,0
0.25,4565,49,49,49,49,1.0190802671766195,0
0.25,4567,49,49,49,49,1.0170276920492698,0
0.25,4569,49,49,49,49,1.783107601560856,0
0.25,4571,49,49,49,49,1.3449788031502492,0
0.25,4573,49,49,49,49,1.4582964250219264,0
0.25,4575,49,49,49,49,1.0003422816105123,0
0.25,4577,49,49,49,49,0.8420370129959387,0
0.25,4579,49,49,49,49,0.5764735384598956,0
0.25,4581,49,49,49,49,1.2892452136271835,0
0.25,4583,49,49,49,49,0.93958877798631,0
0.25,4585,49,49,49,49,0.7115891523274751,0
0.25,4587,49,49,49,49,1.6519890683829048,0
0.25,4589,49,49,49,49,1.6913861149434746,0
0.25,4591,49,49,49,49,1.7943027677559795,0
0.25,4593,49,49,49,49,1.0277597801323077,0
0.25,4595,49,49,49,49,1.0784381079571561,0
0.25,4597,49,49,49,49,0.7028467174055031,0
0.25,4599,49,49,49,49,0.8509103234372828,0
0.25,4601,50,50,50,50,1.7022847663537155,0
0.25,4603,50,50,50,50,1.4228202168890338,0
0.25,4605,50,50,50,50,1.3317248565590285,0
0.25,4607,50,50,50,50,1.3121493925493928,0
0.25,4609,50,50,50,50,1.902661247726322,0
0.25,4611,50,50,50,50,1.3134852561025405,0
0.25,4613,50,50,50,50,1.2279216163080726,0
0.25,4615,50,50,50,50,1.4880884340826792,0
0.25,4617,50,50,50,50,1.4529553332054228,0
0.25,4619,50,50,50,50,0.35540053917441683,1
0.25,4621,50,50,50,50,1.7818088520280444,0
0.25,4623,50,50,50,50,0.38622256131638877,1
0.25,4625,50,50,50,50,1.2835154303771428,0
0.25,4627,50,50,50,50,1.1833173361503577,0
0.25,4629,50,50,50,50,1.1288941127943928,0
0.25,4631,50,50,50,50,0.8172410551405445,0
0.25,4633,50,50,50,50,1.7521196507660752,0
0.25,4635,50,50,50,50,1.1032151600913955,0
0.25,4637,50,50,50,50,2.0263602571537653,0
0.25,4639,50,50,50,50,2.122304510188678,0
0.25,4641,50,50,50,50,1.7974464233273462,0
0.25,4643,50,50,50,50,1.9928643394071202,0
0.25,4645,50,50,50,50,1.653047340048027,0
0.25,4647,50,50,50,50,2.197344747596514,0
0.25,4649,50,50,50,50,1.7482260410890857,0
0.25,4651,50,50,50,50,1.5170014112023638,0
0.25,4653,50,50,50,50,0.8710066236114495,0
0.25,4655,50,50,50,50,0.4710823325982897,1
0.25,4657,50,50,50,50,1.6896203212012681,0
0.25,4659,50,50,50,50,1.6959216922808642,0
0.25,4661,50,50,50,50,1.7618482208037876,0
0.25,4663,50,50,50,50,1.7978567116364232,0
0.25,4665,50,50,50,50,1.6088315121791799,0
0.25,4667,50,50,50,50,2.0457762574300133,0
0.25,4669,50,50,50,50,1.4482190711575886,0
0.25,4671,50,50,50,50,1.005340711236486,0
0.25,4673,50,50,50,50,0.33320434259319043,1
0.25,4675,50,50,50,50,1.6632139540961317,0
0.25,4677,50,50,50,50,1.5794040202859043,0
0.25,4679,50,50,50,50,2.0319533591464323,0
0.25,4681,50,50,50,50,1.7368259840225935,0
0.25,4683,50,50,50,50,1.746305330703363,0
0.25,4685,50,50,50,50,1.9177355979705704,0
0.25,4687,50,50,50,50,1.4298909590444622,0
0.25,4689,50,50,50,50,1.5530879126673294,0
0.25,4691,50,50,50,50,1.270737135291818,0
0.25,4693,51,51,51,51,0.18234249987450757,1
0.25,4695,51,51,51,51,0.12510012741781595,1
0.25,4697,51,51,51,51,0.24247552510358272,1
0.25,4699,51,51,51,51,0.1736392718318187,1
0.25,4701,51,51,51,51,0.48778522903579147,0
0.25,4703,51,51,51,51,0.08604249162185007,1
0.25,4705,51,51,51,51,0.43524312078031036,1
0.25,4707,51,51,51,51,0.9606697937568536,0
0.25,4709,51,51,51,51,0.5336406261766417,0
0.25,4711,51,51,51,51,0.4014672010412659,1
0.25,4713,51,51,51,51,1.0640673839536858,0
0.25,4715,51,51,51,51,0.7349370782460258,0
0.25,4717,51,51,51,51,1.153243592929027,0
0.25,4719,51,51,51,51,1.2167780303297229,0
0.25,4721,51,51,51,51,0.658571573214026,0
0.25,4723,51,51,51,51,0.3993905589522393,1
0.25,4725,51,51,51,51,0.47983134784898485,1
0.25,4727,51,51,51,51,0.65135296133521,0
0.25,4729,51,51,51,51,0.697505365840555,0
0.25,4731,51,51,51,51,1.1384745067511897,0
0.25,4733,51,51,51,51,0.5966815988743513,0
0.25,4735,51,51,51,51,1.5433938686213042,0
0.25,4737,51,51,51,51,1.303072637140916,0
0.25,4739,51,51,51,51,1.2366213627177804,0
0.25,4741,51,51,51,51,0.9791174210661422,0
0.25,4743,51,51,51,51,0.8135080952975231,0
0.25,4745,51,51,51,51,0.17839167814068202,1
0.25,4747,51,51,51,51,0.23681179032111688,1
0.25,4749,51,51,51,51,0.6347578062526216,0
0.25,4751,51,51,51,51,1.139845113521577,0
0.25,4753,51,51,51,51,1.3567549197963642,0
0.25,4755,51,51,51,51,1.678964574585117,0
0.25,4757,51,51,51,51,1.2693280695148652,0
0.25,4759,51,51,51,51,1.3676180998361496,0
0.25,4761,51,51,51,51,0.7439564923078277,0
0.25,4763,51,51,51,51,0.4854038484648442,0
0.25,4765,51,51,51,51,0.24414808425486867,1
0.25,4767,51,51,51,51,0.89511050184014,0
0.25,4769,51,51,51,51,0.5087835292406024,0
0.25,4771,51,51,51,51,0.8669867858260569,0
0.25,4773,51,51,51,51,1.4384224886253003,0
0.25,4775,51,51,51,51,0.7747305445703221,0
0.25,4777,51,51,51,51,0.6400796056867473,0
0.25,4779,51,51,51,51,0.338488700751427,1
0.25,4781,51,51,51,51,1.064843433687622,0
0.25,4783,51,51,51,51,0.8716519284824527,0
0.25,4785,52,52,52,52,1.4984209826933532,0
0.25,4787,52,52,52,52,1.1177373582270511,0
0.25,4789,52,52,52,52,1.2817446013669571,0
0.25,4791,52,52,52,52,0.41664776518051627,1
0.25,4793,52,52,52,52,1.2499816039819225,0
0.25,4795,52,52,52,52,1.214518501252755,0
0.25,4797,52,52,52,52,0.7466529927220773,0
0.25,4799,52,52,52,52,1.5819018697630507,0
0.25,4801,52,52,52,52,1.2812647636095191,0
0.25,4803,52,52,52,52,1.382040355806664,0
0.25,4805,52,52,52,52,1.3631576930885705,0
0.25,4807,52,52,52,52,0.661985722860895,0
0.25,4809,52,52,52,52,0.558400418115029,0
0.25,4811,52,52,52,52,1.0938868192999383,0
0.25,4813,52,52,52,52,1.4766571938534363,0
0.25,4815,52,52,52,52,0.7678787557396072,0
0.25,4817,52,52,52,52,1.6266466248742777,0
0.25,4819,52,52,52,52,1.66291846372304,0
0.25,4821,52,52,52,52,2.159564570028812,0
0.25,4823,52,52,52,52,1.9183017762113292,0
0.25,4825,52,52,52,52,1.8788171353268632,0
0.25,4827,52,52,52,52,1.724329313409741,0
0.25,4829,52,52,52,52,1.6135241387419141,0
0.25,4831,52,52,52,52,1.8918434376035345,0
0.25,4833,52,52,52,52,1.719596562280236,0
0.25,4835,52,52,52,52,2.0368180655437906,0
0.25,4837,52,52,52,52,1.5983429516373922,0
0.25,4839,52,52,52,52,1.7736630875585386,0
0.25,4841,52,52,52,52,1.2872760011076196,0
0.25,4843,52,52,52,52,1.6698650473128578,0
0.25,4845,52,52,52,52,1.8642961486209222,0
0.25,4847,52,52,52,52,1.701687504033827,0
0.25,4849,52,52,52,52,0.9606411752142363,0
0.25,4851,52,52,52,52,1.9437108887572423,0
0.25,4853,52,52,52,52,1.0191021028351577,0
0.25,4855,52,52,52,52,1.3001353994427771,0
0.25,4857,52,52,52,52,1.0275427477080554,0
0.25,4859,52,52,52,52,0.6647551373758267,0
0.25,4861,52,52,52,52,0.6699266773109317,0
0.25,4863,52,52,52,52,0.9625133159821161,0
0.25,4865,52,52,52,52,0.5810424818842288,0
0.25,4867,52,52,52,52,1.2160652554056655,0
0.25,4869,52,52,52,52,1.21505079520325,0
0.25,4871,52,52,52,52,1.2195611857092932,0
0.25,4873,52,52,52,52,0.9652050051472418,0
0.25,4875,52,52,52,52,0.5939474015951236,0
0.25,4877,53,40,53,53,0.020500134588517405,1
0.25,4879,53,53,53,53,0.026184405211239214,1
0.25,4881,53,53,53,53,0.2293354266018215,1
0.25,4883,53,53,53,53,0.22599612115776058,1
0.25,4885,53,53,53,53,1.2401909757056548,0
0.25,4887,53,53,53,53,0.363838608798285,1
0.25,4889,53,53,53,53,0.22891938519586774,1
0.25,4891,53,53,53,53,1.4625993167354978,0
0.25,4893,53,53,53,53,1.9551128852048352,0
0.25,4895,53,53,53,53,0.07955042078208807,1
0.25,4897,53,53,53,53,1.5579760831982645,0
0.25,4899,53,53,53,53,0.2499790290180368,1
0.25,4901,53,53,53,53,1.2653925736684202,0
0.25,4903,53,53,53,53,1.528872418924855,0
0.25,4905,53,53,53,53,1.3797779154456824,0
0.25,4907,53,53,53,53,1.0010433133631322,0
0.25,4909,53,40,53,53,0.08491834800316433,1
0.25,4911,53,53,53,53,0.10662748468908378,1
0.25,4913,53,53,53,53,0.16228844397168563,1
0.25,4915,53,53,53,53,0.5742333353057183,0
0.25,4917,53,53,53,53,0.2965539270752967,1
0.25,4919,53,53,53,53,0.8780637822979793,0
0.25,4921,53,53,53,53,1.7247807194301208,0
0.25,4923,53,53,53,53,0.8872112314971496,0
0.25,4925,53,53,53,53,0.8893192805872085,0
0.25,4927,53,53,53,53,0.7327769078559214,0
0.25,4929,53,53,53,53,0.605760446966128,0
0.25,4931,53,53,53,53,0.4312238870427587,1
0.25,4933,53,31,53,53,0.15599351989473664,1
0.25,4935,53,53,53,53,0.20468340448611277,1
0.25,4937,53,53,53,53,0.6764226730097886,0
0.25,4939,53,53,53,53,0.27744736762380007,1
0.25,4941,53,53,53,53,0.21903877912353154,1
0.25,4943,53,53,53,53,0.469139724598707,1
0.25,4945,53,53,53,53,1.5321704577803164,0
0.25,4947,53,53,53,53,1.1690935488577494,0
0.25,4949,53,53,53,53,0.14298386242969952,1
0.25,4951,53,31,53,53,0.18759175534371608,1
0.25,4953,53,53,53,53,0.1621669518771538,1
0.25,4955,53,53,53,53,0.7014726080886715,0
0.25,4957,53,53,53,53,0.02763632128644833,1
0.25,4959,53,53,53,53,1.2238715459068068,0
0.25,4961,53,53,53,53,0.9435288788891759,0
0.25,4963,53,53,53,53,0.3122946554521939,1
0.25,4965,53,53,53,53,0.5016254095314755,0
0.25,4967,53,53,53,53,0.3030114891747757,1
0.25,4969,54,54,54,54,1.6175834834702576,0
0.25,4971,54,54,54,54,1.7535539131629276,0
0.25,4973,54,54,54,54,1.8382893324142389,0
0.25,4975,54,54,54,54,1.5584674236355758,0
0.25,4977,54,54,54,54,1.5412345468828574,0
0.25,4979,54,54,54,54,1.729776531287928,0
0.25,4981,54,54,54,54,1.7078378621486245,0
0.25,4983,54,54,54,54,1.4658200345088142,0
0.25,4985,54,54,54,54,1.8523797412707803,0
0.25,4987,54,54,54,54,1.503565779799585,0
0.25,4989,54,54,54,54,1.618953044209277,0
0.25,4991,54,54,54,54,1.3751176202155087,0
0.25,4993,54,54,54,54,1.758945324831957,0
0.25,4995,54,54,54,54,1.7230860302775683,0
0.25,4997,54,54,54,54,1.8655170537411985,0
0.25,4999,54,54,54,54,2.040753107040267,0
0.25,5001,54,54,54,54,1.6818216686099885,0
0.25,5003,54,54,54,54,1.9556401218579176,0
0.25,5005,54,54,54,54,2.3238281495133375,0
0.25,5007,54,54,54,54,2.095913126902562,0
0.25,5009,54,54,54,54,1.572144019378395,0
0.25,5011,54,54,54,54,1.3787115193410626,0
0.25,5013,54,54,54,54,2.18828633373566,0
0.25,5015,54,54,54,54,1.967911810770461,0
0.25,5017,54,54,54,54,1.7301882794132792,0
0.25,5019,54,54,54,54,1.7123696951819576,0
0.25,5021,54,54,54,54,1.8705487886243803,0
0.25,5023,54,54,54,54,1.3085265040676073,0
0.25,5025,54,54,54,54,2.0156702713915706,0
0.25,5027,54,54,54,54,1.9709640886588626,0
0.25,5029,54,54,54,54,2.3000984063793175,0
0.25,5031,54,54,54,54,1.7178467508069,0
0.25,5033,54,54,54,54,1.4586768141708744,0
0.25,5035,54,54,54,54,1.9128451724865574,0
0.25,5037,54,54,54,54,1.7377344755444204,0
0.25,5039,54,54,54,54,1.823668621104554,0
0.25,5041,54,54,54,54,1.357550172982835,0
0.25,5043,54,54,54,54,1.7824881690259364,0
0.25,5045,54,54,54,54,2.0376818414943676,0
0.25,5047,54,54,54,54,2.147976743194711,0
0.25,5049,54,54,54,54,1.9257521010149834,0
0.25,5051,54,54,54,54,1.8011231441184559,0
0.25,5053,54,54,54,54,1.5577879561794528,0
0.25,5055,54,54,54,54,1.3974715952554422,0
0.25,5057,54,54,54,54,1.6980909868464638,0
0.25,5059,54,54,54,54,0.9438127143092767,0
0.25,5061,55,55,55,55,1.5175674923679046,0
0.25,5063,55,55,55,55,0.7450574632664537,0
0.25,5065,55,55,55,55,0.8636818332852064,0
0.25,5067,55,55,55,55,0.4917128591460901,0
0.25,5069,55,55,55,55,0.9157641582244642,0
0.25,5071,55,55,55,55,1.2841732719695167,0
0.25,5073,55,55,55,55,1.5286325375723715,0
0.25,5075,55,55,55,55,1.4862294493901471,0
0.25,5077,55,55,55,55,1.0182340131269503,0
0.25,5079,55,55,55,55,1.304963694799193,0
0.25,5081,55,55,55,55,0.6178321256101922,0
0.25,5083,55,55,55,55,0.5782837803292208,0
0.25,5085,55,55,55,55,1.369268910048763,0
0.25,5087,55,55,55,55,1.0554483353811093,0
0.25,5089,55,55,55,55,1.046748440200439,0
0.25,5091,55,55,55,55,1.0769536673999198,0
0.25,5093,55,55,55,55,1.1226961417382797,0
0.25,5095,55,55,55,55,0.9211812901988394,0
0.25,5097,55,55,55,55,1.3358877605190922,0
0.25,5099,55,55,55,55,1.476625535901283,0
0.25,5101,55,55,55,55,1.0593967924118424,0
0.25,5103,55,55,55,55,1.5691792565615144,0
0.25,5105,55,55,55,55,1.423851617753774,0
0.25,5107,55,55,55,55,1.6333330397374546,0
0.25,5109,55,55,55,55,1.228245655487024,0
0.25,5111,55,55,55,55,1.488852814371454,0
0.25,5113,55,55,55,55,1.1158247735641582,0
0.25,5115,55,55,55,55,1.1267236938225427,0
0.25,5117,55,55,55,55,1.2254343504274017,0
0.25,5119,55,55,55,55,1.3487102740028518,0
0.25,5121,55,55,55,55,1.5740445008491388,0
0.25,5123,55,55,55,55,1.5443654626184664,0
0.25,5125,55,55,55,55,1.2003401773120095,0
0.25,5127,55,55,55,55,1.5433600529797342,0
0.25,5129,55,55,55,55,1.0195616551315716,0
0.25,5131,55,55,55,55,1.5087518521562977,0
0.25,5133,55,55,55,55,0.6302906999215575,0
0.25,5135,55,55,55,55,1.395877906856721,0
0.25,5137,55,55,55,55,1.6897679358307411,0
0.25,5139,55,55,55,55,1.650602353944047,0
0.25,5141,55,55,55,55,1.305074414824053,0
0.25,5143,55,55,55,55,1.4376346248901504,0
0.25,5145,55,55,55,55,1.2480380100365442,0
0.25,5147,55,55,55,55,1.6050243312518628,0
0.25,5149,55,55,55,55,1.279361190814115,0
0.25,5151,55,55,55,55,0.4220049025801178,1
0.25,5153,56,56,56,56,1.767935769776355,0
0.25,5155,56,56,56,56,1.5132670534700585,0
0.25,5157,56,56,56,56,1.6732659162798922,0
0.25,5159,56,56,56,56,1.7230966354599855,0
0.25,5161,56,56,56,56,1.9290513875590642,0
0.25,5163,56,56,56,56,1.675213480347935,0
0.25,5165,56,56,56,56,1.7408877037370964,0
0.25,5167,56,56,56,56,2.1077753292452908,0
0.25,5169,56,56,56,56,1.8771943910619415,0
0.25,5171,56,56,56,56,1.6021705778563042,0
0.25,5173,56,56,56,56,2.0067637856892095,0
0.25,5175,56,56,56,56,1.8384046543399704,0
0.25,5177,56,56,56,56,1.885004716415844,0
0.25,5179,56,56,56,56,1.5913728417513373,0
0.25,5181,56,56,56,56,2.0506931957214443,0
0.25,5183,56,56,56,56,1.7948070103673845,0
0.25,5185,56,56,56,56,1.7130083083928116,0
0.25,5187,56,56,56,56,1.9445709505979707,0
0.25,5189,56,56,56,56,1.7876007220865868,0
0.25,5191,56,56,56,56,2.140912409745641,0
0.25,5193,56,56,56,56,1.8951765985270503,0
0.25,5195,56,56,56,56,2.102511051062794,0
0.25,5197,56,56,56,56,1.9942436745726781,0
0.25,5199,56,56,56,56,1.9880099078242042,0
0.25,5201,56,56,56,56,1.9705550219842942,0
0.25,5203,56,56,56,56,1.5527372186996677,0
0.25,5205,56,56,56,56,1.8852379250588722,0
0.25,5207,56,56,56,56,1.7428539876314937,0
0.25,5209,56,56,56,56,2.026530502577234,0
0.25,5211,56,56,56,56,2.245981664839512,0
0.25,5213,56,56,56,56,2.1456328221885186,0
0.25,5215,56,56,56,56,1.9550800707235774,0
0.25,5217,56,56,56,56,1.7444975529444076,0
0.25,5219,56,56,56,56,1.8624765247880266,0
0.25,5221,56,56,56,56,1.6802485781694838,0
0.25,5223,56,56,56,56,1.5973960911043688,0
0.25,5225,56,56,56,56,1.2189596420135973,0
0.25,5227,56,56,56,56,1.9784507819884771,0
0.25,5229,56,56,56,56,2.0000547194453597,0
0.25,5231,56,56,56,56,1.9640909193117682,0
0.25,5233,56,56,56,56,1.9447942863411645,0
0.25,5235,56,56,56,56,2.045004273334013,0
0.25,5237,56,56,56,56,1.7913396857007093,0
0.25,5239,56,56,56,56,1.9063724274002205,0
0.25,5241,56,56,56,56,1.604559098169811,0
0.25,5243,56,56,56,56,0.999656243299501,0
0.25,5245,57,57,57,57,1.0569689199520487,0
0.25,5247,57,57,57,57,0.4957182998542259,0
0.25,5249,57,57,57,57,1.6342612147930253,0
0.25,5251,57,57,57,57,1.2981390450279817,0
0.25,5253,57,57,57,57,1.1029974990559293,0
0.25,5255,57,57,57,57,1.3227665052442261,0
0.25,5257,57,57,57,57,1.2240299677431798,0
0.25,5259,57,57,57,57,1.367219757464618,0
0.25,5261,57,57,57,57,1.5621990597444964,0
0.25,5263,57,57,57,57,0.9839593256982444,0
0.25,5265,57,57,57,57,1.490136274329542,0
0.25,5267,57,57,57,57,1.2845454203135462,0
0.25,5269,57,57,57,57,1.3320717082465598,0
0.25,5271,57,57,57,57,1.2599401396225023,0
0.25,5273,57,57,57,57,1.4413256977946536,0
0.25,5275,57,57,57,57,1.303325857066791,0
0.25,5277,57,57,57,57,1.2937485310806878,0
0.25,5279,57,57,57,57,1.6409442196667559,0
0.25,5281,57,57,57,57,1.6305949261131638,0
0.25,5283,57,57,57,57,1.9079003542438164,0
0.25,5285,57,57,57,57,1.8778796096572308,0
0.25,5287,57,57,57,57,1.763287087881813,0
0.25,5289,57,57,57,57,2.007016965850321,0
0.25,5291,57,57,57,57,1.7059569883414292,0
0.25,5293,57,57,57,57,1.6563821219080666,0
0.25,5295,57,57,57,57,1.9651083044381388,0
0.25,5297,57,57,57,57,1.730358848770722,0
0.25,5299,57,57,57,57,1.3309414256627528,0
0.25,5301,57,57,57,57,1.320927526512801,0
0.25,5303,57,57,57,57,1.499225079668295,0
0.25,5305,57,57,57,57,1.9412090478574404,0
0.25,5307,57,57,57,57,1.9219951467338645,0
0.25,5309,57,57,57,57,1.4106927713459454,0
0.25,5311,57,57,57,57,2.0373134000726187,0
0.25,5313,57,57,57,57,1.8062322081277176,0
0.25,5315,57,57,57,57,1.4756178624051501,0
0.25,5317,57,57,57,57,1.1792198536276979,0
0.25,5319,57,57,57,57,1.5222549146218745,0
0.25,5321,57,57,57,57,0.8489271878701361,0
0.25,5323,57,57,57,57,1.73950991201313,0
0.25,5325,57,57,57,57,1.028737883229904,0
0.25,5327,57,57,57,57,1.3260550077830753,0
0.25,5329,57,57,57,57,0.7372212817740442,0
0.25,5331,57,57,57,57,0.6346730088845807,0
0.25,5333,57,57,57,57,1.2251151113607772,0
0.25,5335,57,57,57,57,0.8606658100585194,0
0.25,5337,58,58,58,58,1.29962860349948,0
0.25,5339,58,58,58,58,0.5826021622635928,0
0.25,5341,58,58,58,58,0.972867774411579,0
0.25,5343,58,58,58,58,0.3219417466298362,1
0.25,5345,58,58,58,58,0.8596761382293665,0
0.25,5347,58,58,58,58,0.7161307400618474,0
0.25,5349,58,58,58,58,1.3145429584437804,0
0.25,5351,58,58,58,58,0.8403241772878053,0
0.25,5353,58,58,58,58,1.3629259118455148,0
0.25,5355,58,58,58,58,1.204960548060305,0
0.25,5357,58,58,58,58,0.7885006443084408,0
0.25,5359,58,58,58,58,0.9007294556571299,0
0.25,5361,58,58,58,58,0.3460822386627487,1
0.25,5363,58,58,58,58,0.9662803297469811,0
0.25,5365,58,58,58,58,1.2154445613669955,0
0.25,5367,58,58,58,58,1.078641267643661,0
0.25,5369,58,58,58,58,1.4738958075375923,0
0.25,5371,58,58,58,58,0.7603426668170756,0
0.25,5373,58,58,58,58,1.3700169849231159,0
0.25,5375,58,58,58,58,0.8694952355209469,0
0.25,5377,58,58,58,58,1.2352515222313778,0
0.25,5379,58,58,58,58,0.979839500848597,0
0.25,5381,58,58,58,58,1.1756180434483288,0
0.25,5383,58,58,58,58,0.7327992912678265,0
0.25,5385,58,58,58,58,1.2561340355921322,0
0.25,5387,58,58,58,58,1.2722289022342568,0
0.25,5389,58,58,58,58,1.149091603196994,0
0.25,5391,58,58,58,58,1.1605583898341472,0
0.25,5393,58,58,58,58,1.691274549854103,0
0.25,5395,58,58,58,58,1.4804472373081814,0
0.25,5397,58,58,58,58,1.01878337985378,0
0.25,5399,58,58,58,58,0.9394663882341061,0
0.25,5401,58,58,58,58,1.536820747404866,0
0.25,5403,58,58,58,58,0.8990689566551542,0
0.25,5405,58,58,58,58,1.2446593269504909,0
0.25,5407,58,58,58,58,0.6806486085979804,0
0.25,5409,58,58,58,58,0.7723543266051142,0
0.25,5411,58,58,58,58,1.67296706943385,0
0.25,5413,58,58,58,58,1.2174565362853107,0
0.25,5415,58,58,58,58,1.0443648160365882,0
0.25,5417,58,58,58,58,1.6276757917318005,0
0.25,5419,58,58,58,58,1.084094263900431,0
0.25,5421,58,58,58,58,1.085356108508818,0
0.25,5423,58,58,58,58,1.4080303342888776,0
0.25,5425,58,58,58,58,1.0647483999983702,0
0.25,5427,58,58,58,58,0.9413678640818857,0
0.25,5429,59,59,59,59,1.8479127675772995,0
0.25,5431,59,59,59,59,0.6911095857288354,0
0.25,5433,59,59,59,59,1.265118525187347,0
0.25,5435,59,59,59,59,1.5638281001935783,0
0.25,5437,59,59,59,59,0.9792738945000885,0
0.25,5439,59,59,59,59,1.2765570627514864,0
0.25,5441,59,59,59,59,0.8176242599114556,0
0.25,5443,59,59,59,59,1.1572395153002721,0
0.25,5445,59,59,59,59,1.0219106639238573,0
0.25,5447,59,58,58,58,0.2798263480592428,1
0.25,5449,59,59,59,59,1.0209756875705558,0
0.25,5451,59,59,58,58,0.3056598277229333,1
0.25,5453,59,59,59,59,0.5260740019365311,0
0.25,5455,59,59,59,59,0.7405019272412399,0
0.25,5457,59,59,59,59,0.566747157652381,0
0.25,5459,59,59,59,59,0.663311483335115,0
0.25,5461,59,59,59,59,1.346895797323986,0
0.25,5463,59,59,59,59,1.5827833427851785,0
0.25,5465,59,59,59,59,2.052798999890058,0
0.25,5467,59,59,59,59,1.6116437274337907,0
0.25,5469,59,59,59,59,2.18996748555677,0
0.25,5471,59,59,59,59,1.4108355034636542,0
0.25,5473,59,59,59,59,1.8205717567941284,0
0.25,5475,59,59,59,59,1.5748834183294143,0
0.25,5477,59,59,59,59,1.5301889000985829,0
0.25,5479,59,59,59,59,0.8465384978691717,0
0.25,5481,59,41,45,45,0.020078933076014938,1
0.25,5483,59,59,59,59,0.20738272374422628,1
0.25,5485,59,59,59,59,1.726325919221905,0
0.25,5487,59,59,59,59,1.940452407404321,0
0.25,5489,59,59,59,59,2.1715793125722644,0
0.25,5491,59,59,59,59,2.0719600710327755,0
0.25,5493,59,59,59,59,1.9737411285470694,0
0.25,5495,59,59,59,59,2.178974409812721,0
0.25,5497,59,59,59,59,1.761601477818417,0
0.25,5499,59,59,59,59,1.240743563802433,0
0.25,5501,59,59,59,59,0.3876534548056305,1
0.25,5503,59,59,59,59,1.5151559680171591,0
0.25,5505,59,59,59,59,1.5512196272292547,0
0.25,5507,59,59,59,59,2.1215845903764263,0
0.25,5509,59,59,59,59,1.4134681708032097,0
0.25,5511,59,59,59,59,2.2058516094716305,0
0.25,5513,59,59,59,59,1.8774639406366553,0
0.25,5515,59,59,59,59,1.5692559569947007,0
0.25,5517,59,59,59,59,1.3857491028422924,0
0.25,5519,59,59,59,59,1.2699828118279965,0
0.25,5521,60,60,60,60,0.5266309960806651,0
0.25,5523,60,60,60,60,0.9001071822277723,0
0.25,5525,60,60,60,60,1.406903409460905,0
0.25,5527,60,60,60,60,1.6919951900951915,0
0.25,5529,60,60,60,60,1.7112066750372747,0
0.25,5531,60,60,60,60,2.018995348565878,0
0.25,5533,60,60,60,60,1.7612403231695484,0
0.25,5535,60,60,60,60,2.133890501717973,0
0.25,5537,60,60,60,60,1.5920549080115536,0
0.25,5539,60,60,60,60,1.631358526435723,0
0.25,5541,60,60,60,60,1.7322685165547105,0
0.25,5543,60,60,60,60,1.2902918739371356,0
0.25,5545,60,60,60,60,1.638904249048868,0
0.25,5547,60,60,60,60,1.433016760389621,0
0.25,5549,60,60,60,60,1.555296730009459,0
0.25,5551,60,60,60,60,1.0483605266585516,0
0.25,5553,60,60,60,60,1.4281197462789965,0
0.25,5555,60,60,60,60,1.2198256942983674,0
0.25,5557,60,60,60,60,1.7396077693361343,0
0.25,5559,60,60,60,60,1.9956965869216456,0
0.25,5561,60,60,60,60,1.1106777302627013,0
0.25,5563,60,60,60,60,2.1060869191693286,0
0.25,5565,60,60,60,60,1.832005393078859,0
0.25,5567,60,60,60,60,1.5299512931132395,0
0.25,5569,60,60,60,60,1.5273084449685683,0
0.25,5571,60,60,60,60,1.2439279982124707,0
0.25,5573,60,60,60,60,1.0310873719462286,0
0.25,5575,60,60,60,60,1.0787863143617589,0
0.25,5577,60,60,60,60,1.257234239900054,0
0.25,5579,60,60,60,60,2.0982816807540203,0
0.25,5581,60,60,60,60,1.8557986567254787,0
0.25,5583,60,60,60,60,1.3105283079474215,0
0.25,5585,60,60,60,60,1.9586790157959455,0
0.25,5587,60,60,60,60,1.3988401195673261,0
0.25,5589,60,60,60,60,1.830318767930752,0
0.25,5591,60,60,60,60,1.2585857949388706,0
0.25,5593,60,60,60,60,0.7100854820122545,0
0.25,5595,60,60,60,60,1.2048049716698825,0
0.25,5597,60,60,60,60,1.4499470478815892,0
0.25,5599,60,60,60,60,1.9389618677206613,0
0.25,5601,60,60,60,60,1.6564414806005696,0
0.25,5603,60,60,60,60,1.5758548575455764,0
0.25,5605,60,60,60,60,0.7705433260129922,0
0.25,5607,60,60,60,60,0.6708834046145017,0
0.25,5609,60,60,60,60,0.9236455894173204,0
0.25,5611,60,60,60,60,0.7155002749638817,0
0.5,1,0,30,0,0,0.004053362460464949,1
0.5,3,0,0,0,0,0.7552896409605763,1
0.5,5,0,0,0,0,0.5186139116525332,1
0.5,7,0,0,0,0,0.2654271632557348,1
0.5,9,0,0,0,0,0.6781699689227361,1
0.5,11,0,0,0,0,0.5557868558985493,1
0.5,13,0,0,0,0,0.9759984778893016,0
0.5,15,0,0,0,0,0.6818951535989088,1
0.5,17,0,0,0,0,0.6394493645819486,1
0.5,19,0,0,0,0,0.8078800489371876,1
0.5,21,0,0,0,0,0.6017468139298323,1
0.5,23,0,0,0,0,0.9220217502276497,0
0.5,25,0,0,0,0,1.2588564089116365,0
0.5,27,0,0,0,0,0.7780771626454613,1
0.5,29,0,0,0,0,0.7022157031390748,1
0.5,31,0,0,0,0,0.5823704297754217,1
0.5,33,0,0,0,0,0.6725354533354397,1
0.5,35,0,0,0,0,0.6658211570455006,1
0.5,37,0,0,0,0,0.6162153611775081,1
0.5,39,0,0,0,0,0.2807649008372246,1
0.5,41,0,0,0,0,0.6228277202388712,1
0.5,43,0,0,0,0,0.8615570085733664,1
0.5,45,0,0,0,0,1.2696013977378768,0
0.5,47,0,0,0,0,0.8879747308880783,1
0.5,49,0,0,0,0,1.105621251711535,0
0.5,51,0,0,0,0,1.2299551076461357,0
0.5,53,0,0,0,0,0.48749397680802353,1
0.5,55,0,0,0,0,0.7099845855278573,1
0.5,57,0,0,0,0,0.32966953049043624,1
0.5,59,0,0,0,0,0.501198612522757,1
0.5,61,0,0,0,0,0.6316761200993968,1
0.5,63,0,0,0,0,0.47637932527418214,1
0.5,65,0,0,0,0,0.4756131385048926,1
0.5,67,0,0,0,0,0.9163745726682471,0
0.5,69,0,0,0,0,0.6998079212760013,1
0.5,71,0,0,0,0,1.063757083824808,0
0.5,73,0,0,0,0,0.4307824299932742,1
0.5,75,0,0,0,0,0.534437013245624,1
0.5,77,0,0,0,0,0.23136868753730444,1
0.5,79,0,0,0,0,0.5430556539507778,1
0.5,81,0,0,0,0,0.9874810931481124,0
0.5,83,0,0,0,0,0.7367658886268305,1
0.5,85,0,0,0,0,1.1347953198946414,0
0.5,87,0,0,0,0,0.5344200923179661,1
0.5,89,0,0,0,0,0.5924518248377126,1
0.5,91,0,0,0,0,0.017890800400525375,1
0.5,93,1,5,1,1,0.012005493494240072,1
0.5,95,1,5,1,1,0.2305488778034659,1
0.5,97,1,5,1,1,0.2808824771997862,1
0.5,99,1,1,1,1,1.157922942953858,0
0.5,101,1,1,1,1,1.0327041805218826,0
0.5,103,1,1,1,1,0.9559013648117192,0
0.5,105,1,1,1,1,1.2151918763830514,0
0.5,107,1,1,1,1,0.9362337470061624,0
0.5,109,1,1,1,1,1.3314684804252928,0
0.5,111,1,1,1,1,0.9349885208942594,0
0.5,113,1,1,1,1,1.4575714563031912,0
0.5,115,1,1,1,1,0.9913832749228384,0
0.5,117,1,1,1,1,0.7739533816266558,1
0.5,119,1,1,1,1,1.490457696548411,0
0.5,121,1,1,1,1,1.3249450508506306,0
0.5,123,1,1,1,1,1.2014084647196532,0
0.5,125,1,1,1,1,0.2736300952955546,1
0.5,127,1,1,1,1,0.18798563316803296,1
0.5,129,1,5,1,1,0.055513346239905226,1
0.5,131,1,28,1,1,0.04218888266782134,1
0.5,133,1,1,1,1,1.0508978482147389,0
0.5,135,1,1,1,1,0.13275072858274795,1
0.5,137,1,1,1,1,0.4375288279403592,1
0.5,139,1,1,1,1,0.7926059158277592,1
0.5,141,1,1,1,1,1.1611322917880016,0
0.5,143,1,1,1,1,1.6546532884652394,0
0.5,145,1,1,1,1,1.109384523451141,0
0.5,147,1,1,1,1,0.49337012123505175,1
0.5,149,1,1,1,1,0.19930957997020937,1
0.5,151,1,1,1,1,0.21422516195832614,1
0.5,153,1,1,1,1,0.12696762637331616,1
0.5,155,1,28,1,1,0.19195563686520523,1
0.5,157,1,1,1,1,0.7179932740467518,1
0.5,159,1,1,1,1,0.3184445586979108,1
0.5,161,1,1,1,1,1.3022346990776956,0
0.5,163,1,1,1,1,1.3055187751844515,0
0.5,165,1,1,1,1,0.11009275298519006,1
0.5,167,1,1,1,1,0.018375816108701093,1
0.5,169,1,1,1,1,0.060589148278202554,1
0.5,171,1,28,1,1,0.043955771915075936,1
0.5,173,1,1,1,1,0.4837243868923339,1
0.5,175,1,1,1,1,0.3618004184593182,1
0.5,177,1,1,1,1,0.9709408726685924,0
0.5,179,1,28,1,1,0.003013405774568545,1
0.5,181,1,1,1,1,0.24625125958352756,1
0.5,183,1,1,1,1,0.19867454253375727,1
0.5,185,2,2,2,2,0.7974794965227019,1
0.5,187,2,2,2,2,0.8538762234594524,1
0.5,189,2,2,2,2,1.0707178897019296,0
0.5,191,2,2,2,2,1.1321276953102402,0
0.5,193,2,2,2,2,1.2606114045213717,0
0.5,195,2,2,2,2,0.6694219323369397,1
0.5,197,2,2,2,2,0.9043127893009935,1
0.5,199,2,2,2,2,0.9097244707112058,0
0.5,201,2,2,2,2,0.9266211357540184,0
0.5,203,2,2,2,2,0.3724293229087219,1
0.5,205,2,2,2,2,1.8481863934283194,0
0.5,207,2,2,2,2,0.2934020418672698,1
0.5,209,2,2,2,2,0.8475549364020933,1
0.5,211,2,2,2,2,1.2533826540188153,0
0.5,213,2,2,2,2,0.6751642724957645,1
0.5,215,2,2,2,2,0.5499233556446883,1
0.5,217,2,2,2,2,0.6906113643086376,1
0.5,219,2,2,2,2,0.3652820433738482,1
0.5,221,2,2,2,2,0.45769793669119196,1
0.5,223,2,2,2,2,0.8943564321707864,1
0.5,225,2,2,2,2,1.761035075930893,0
0.5,227,2,2,2,2,0.7987263097931472,1
0.5,229,2,2,2,2,1.4963309478849416,0
0.5,231,2,2,2,2,0.9813460782469012,0
0.5,233,2,2,2,2,1.3530789040257485,0
0.5,235,2,2,2,2,0.9640615291570809,0
0.5,237,2,2,2,2,1.3473547156152308,0
0.5,239,2,2,2,2,1.5922502760329191,0
0.5,241,2,2,2,2,0.23955720375082956,1
0.5,243,2,2,2,2,0.999167609898612,0
0.5,245,2,2,2,2,0.8926812010737128,1
0.5,247,2,2,2,2,1.3104014477394748,0
0.5,249,2,2,2,2,1.034832024081713,0
0.5,251,2,2,2,2,0.8737578616528534,1
0.5,253,2,2,2,2,1.4175444966705641,0
0.5,255,2,2,2,2,0.525529893769136,1
0.5,257,2,2,2,2,0.8868895360794438,1
0.5,259,2,2,2,2,0.5495246899421371,1
0.5,261,2,2,2,2,0.06639306989549365,1
0.5,263,2,2,2,2,0.48310361002938706,1
0.5,265,2,2,2,2,1.1369830639505438,0
0.5,267,2,2,2,2,0.26090721499636116,1
0.5,269,2,2,2,2,0.33188045831057744,1
0.5,271,2,2,2,2,0.775865803931238,1
0.5,273,2,2,2,2,0.05383453726131182,1
0.5,275,2,25,2,2,0.04687741185810601,1
0.5,277,3,3,3,3,1.8939375740168685,0
0.5,279,3,3,3,3,1.2549455818196102,0
0.5,281,3,3,3,3,1.564147817646136,0
0.5,283,3,3,3,3,1.2881272480049808,0
0.5,285,3,3,3,3,1.1101814801601,0
0.5,287,3,3,3,3,0.996895695845535,0
0.5,289,3,3,3,3,1.465552264109545,0
0.5,291,3,3,3,3,1.6856046652386807,0
0.5,293,3,3,3,3,1.0277091938871645,0
0.5,295,3,3,3,3,0.7386225500182757,1
0.5,297,3,3,3,3,1.0667833668595235,0
0.5,299,3,3,3,3,1.2077887293305114,0
0.5,301,3,3,3,3,1.802016593283963,0
0.5,303,3,3,3,3,1.406770885069272,0
0.5,305,3,3,3,3,0.42567887765090573,1
0.5,307,3,3,3,3,0.4051993247494484,1
0.5,309,3,3,3,3,1.8094769598744829,0
0.5,311,3,3,3,3,2.052245149613258,0
0.5,313,3,3,3,3,1.8766676764133874,0
0.5,315,3,3,3,3,1.476491492858715,0
0.5,317,3,3,3,3,1.3048148904265213,0
0.5,319,3,3,3,3,1.9239577966076928,0
0.5,321,3,3,3,3,1.587342578417415,0
0.5,323,3,3,3,3,1.556991925489188,0
0.5,325,3,3,3,3,1.4820229952151633,0
0.5,327,3,3,3,3,1.461746308079719,0
0.5,329,3,3,3,3,0.06330871086716328,1
0.5,331,3,3,3,3,0.347977782349598,1
0.5,333,3,3,3,3,1.4947726767124208,0
0.5,335,3,3,3,3,1.8009752684530103,0
0.5,337,3,3,3,3,1.85084686014779,0
0.5,339,3,3,3,3,1.6604807078368957,0
0.5,341,3,3,3,3,1.6934721636226509,0
0.5,343,3,3,3,3,1.6888754923946125,0
0.5,345,3,3,3,3,1.769269889207655,0
0.5,347,3,3,3,3,0.9808835388642498,0
0.5,349,3,3,3,3,0.07096703963678697,1
0.5,351,3,3,3,3,1.5107792435005911,0
0.5,353,3,3,3,3,1.8705930676419191,0
0.5,355,3,3,3,3,1.6734132176505414,0
0.5,357,3,3,3,3,2.256458292293713,0
0.5,359,3,3,3,3,2.0765172463628088,0
0.5,361,3,3,3,3,1.2395969436119432,0
0.5,363,3,3,3,3,1.31625463193686,0
0.5,365,3,3,3,3,1.8035183433983368,0
0.5,367,3,3,3,3,1.3331475506618342,0
0.5,369,4,4,4,4,1.5488770519284518,0
0.5,371,4,4,4,4,1.6306958489662446,0
0.5,373,4,4,4,4,1.5191446763776888,0
0.5,375,4,4,4,4,1.4516519028707702,0
0.5,377,4,4,4,4,1.8282204141488365,0
0.5,379,4,4,4,4,1.197866554541905,0
0.5,381,4,4,4,4,1.2756710211093458,0
0.5,383,4,4,4,4,1.1127324113380723,0
0.5,385,4,4,4,4,1.260062454846361,0
0.5,387,4,4,4,4,0.5042089340938793,1
0.5,389,4,4,4,4,0.9736750693111547,0
0.5,391,4,4,4,4,0.5653095854662378,1
0.5,393,4,4,4,4,0.23700776167457238,1
0.5,395,4,4,4,4,0.44680877340809394,1
0.5,397,4,4,4,4,0.5197339833710319,1
0.5,399,4,4,4,4,0.2711686176141701,1
0.5,401,4,4,4,4,1.77029075702275,0
0.5,403,4,4,4,4,1.5661227826064716,0
0.5,405,4,4,4,4,1.588249290695671,0
0.5,407,4,4,4,4,1.5757116112970266,0
0.5,409,4,4,4,4,1.5794289097398342,0
0.5,411,4,4,4,4,1.1812993047555946,0
0.5,413,4,4,4,4,0.8077000084107934,1
0.5,415,4,4,4,4,0.39350721504893427,1
0.5,417,4,4,4,4,1.2984832195462914,0
0.5,419,4,4,4,4,0.32310471846265143,1
0.5,421,4,4,4,4,0.8261866930100676,1
0.5,423,4,4,4,4,0.3660060925037718,1
0.5,425,4,4,4,4,1.573176587169851,0
0.5,427,4,4,4,4,1.1558066119394457,0
0.5,429,4,4,4,4,1.853770917154491,0
0.5,431,4,4,4,4,1.2061890275446143,0
0.5,433,4,4,4,4,1.691250511119981,0
0.5,435,4,4,4,4,0.8673303805187647,1
0.5,437,4,4,4,4,1.8078648866001419,0
0.5,439,4,4,4,4,1.4276876139855255,0
0.5,441,4,4,4,4,0.5920022698866678,1
0.5,443,4,4,4,4,1.4448422842148068,0
0.5,445,4,4,4,4,1.6601301756040643,0
0.5,447,4,4,4,4,0.9500829079417267,0
0.5,449,4,4,4,4,1.1252417860395734,0
0.5,451,4,4,4,4,0.32234128385393546,1
0.5,453,4,4,4,4,0.4353171804714595,1
0.5,455,4,4,4,4,1.12112705169394,0
0.5,457,4,4,4,4,0.7152889448778601,1
0.5,459,4,0,4,4,0.2645972145976414,1
0.5,461,5,5,5,5,0.4654352642337978,1
0.5,463,5,5,11,11,0.37775329029099236,1
0.5,465,5,5,5,5,0.47992325737169717,1
0.5,467,5,5,5,5,0.5516975921998893,1
0.5,469,5,5,5,5,0.5987842345042953,1
0.5,471,5,1,5,5,0.2352215298115229,1
0.5,473,5,1,5,5,0.12213122514648755,1
0.5,475,5,5,5,5,0.48728425859893854,1
0.5,477,5,5,5,5,0.32143558723803617,1
0.5,479,5,5,5,5,0.41047355290141185,1
0.5,481,5,5,5,5,0.503930402168985,1
0.5,483,5,5,5,5,0.02110731671552779,1
0.5,485,5,5,5,5,0.5364654591231629,1
0.5,487,5,5,5,5,0.2898634578241355,1
0.5,489,5,5,5,5,0.12790891355784584,1
0.5,491,5,5,5,5,0.14547599995486304,1
0.5,493,5,5,5,5,0.4120344418808918,1
0.5,495,5,5,5,5,0.14096484340466298,1
0.5,497,5,5,5,5,0.7098877647879489,1
0.5,499,5,5,5,5,0.7034742104493736,1
0.5,501,5,5,5,5,0.6675515401888952,1
0.5,503,5,5,5,5,0.4714618803193259,1
0.5,505,5,5,5,5,0.3957895116853938,1
0.5,507,5,5,5,5,0.2522377364289655,1
0.5,509,5,5,5,5,0.2558544820251607,1
0.5,511,5,5,5,5,0.37084670991065194,1
0.5,513,5,5,5,5,0.3493058606947693,1
0.5,515,5,19,5,5,0.005109495166518818,1
0.5,517,5,5,5,5,0.3613306010516655,1
0.5,519,5,5,5,5,0.46827373544019035,1
0.5,521,5,5,5,5,0.6658669681263916,1
0.5,523,5,5,5,5,0.6111632808799788,1
0.5,525,5,5,5,5,0.38069432603721676,1
0.5,527,5,5,5,5,0.2653253760123264,1
0.5,529,5,5,5,5,0.27308334145443236,1
0.5,531,5,5,5,5,0.32641209622017964,1
0.5,533,5,5,5,5,0.10829539845429159,1
0.5,535,5,5,5,5,0.3403734074207253,1
0.5,537,5,28,5,5,0.21345611278103016,1
0.5,539,5,5,5,5,0.33362111737905487,1
0.5,541,5,5,5,5,0.5763226673016395,1
0.5,543,5,5,5,5,0.37361543935170927,1
0.5,545,5,5,5,5,0.2981298154390194,1
0.5,547,5,5,5,5,0.19047409468378973,1
0.5,549,5,5,5,5,0.5634968381619965,1
0.5,551,5,5,5,5,0.41940122646021905,1
0.5,553,6,6,6,6,1.2087477304831513,0
0.5,555,6,6,6,6,1.0510854424311875,0
0.5,557,6,6,6,6,0.2774250025372671,1
0.5,559,6,6,6,6,0.7997950025595002,1
0.5,561,6,6,6,6,1.2785929604364672,0
0.5,563,6,6,6,6,0.24505524591745542,1
0.5,565,6,6,6,6,0.6761570864844657,1
0.5,567,6,6,6,6,1.2144818218796494,0
0.5,569,6,6,6,6,0.4358455062196087,1
0.5,571,6,6,6,6,1.353638018901468,0
0.5,573,6,6,6,6,0.7480089481649101,1
0.5,575,6,6,6,6,1.6965221321780235,0
0.5,577,6,6,6,6,0.9947401620413994,0
0.5,579,6,6,6,6,0.855429755479699,1
0.5,581,6,6,6,6,1.679681411680742,0
0.5,583,6,6,6,6,1.0856559021576015,0
0.5,585,6,6,6,6,0.7554006458770307,1
0.5,587,6,6,6,6,0.884452939174154,1
0.5,589,6,6,6,6,0.8086799579523267,1
0.5,591,6,6,6,6,1.9854770971834264,0
0.5,593,6,6,6,6,0.5736150172923772,1
0.5,595,6,6,6,6,1.437816982917023,0
0.5,597,6,6,6,6,1.288877312799543,0
0.5,599,6,6,6,6,1.6230131659244524,0
0.5,601,6,6,6,6,1.6121584655205192,0
0.5,603,6,6,6,6,1.8164739093049982,0
0.5,605,6,6,6,6,2.0397851456140206,0
0.5,607,6,6,6,6,1.5024665784391555,0
0.5,609,6,6,6,6,0.6417512510559812,1
0.5,611,6,6,6,6,0.9604164413330929,0
0.5,613,6,6,6,6,1.283709639261038,0
0.5,615,6,6,6,6,1.3615064390639855,0
0.5,617,6,6,6,6,1.708049971929488,0
0.5,619,6,6,6,6,1.641844895155325,0
0.5,621,6,6,6,6,1.93935134631427,0
0.5,623,6,6,6,6,1.7555389763924878,0
0.5,625,6,6,6,6,1.5344111472695932,0
0.5,627,6,6,6,6,0.14068425537305473,1
0.5,629,6,24,6,6,0.31058902474713046,1
0.5,631,6,6,6,6,0.9597625245309456,0
0.5,633,6,6,6,6,0.06557383819582796,1
0.5,635,6,6,6,6,1.976881105923319,0
0.5,637,6,6,6,6,1.4081045914143484,0
0.5,639,6,24,6,6,0.2772911358504382,1
0.5,641,6,6,6,6,0.9929256160509345,0
0.5,643,6,6,6,6,0.21910022861317768,1
0.5,645,7,7,7,7,0.6318900597880956,1
0.5,647,7,7,7,7,0.36799298174245654,1
0.5,649,7,7,7,7,0.46243600913068705,1
0.5,651,7,7,7,7,0.26437402602512383,1
0.5,653,7,7,7,7,0.4704677628610321,1
0.5,655,7,7,7,7,0.22092111429611871,1
0.5,657,7,15,7,7,0.073918944950222,1
0.5,659,7,7,7,7,0.44027115300940123,1
0.5,661,7,7,7,7,0.28672502524110177,1
0.5,663,7,7,7,7,0.1361873065163799,1
0.5,665,7,7,7,7,0.28475251044682115,1
0.5,667,7,51,7,7,0.021946672674120427,1
0.5,669,7,7,7,7,0.11143737398158837,1
0.5,671,7,7,7,7,0.10956980500235847,1
0.5,673,7,7,7,7,0.27714317807828204,1
0.5,675,7,48,7,7,0.07144244932771215,1
0.5,677,7,7,7,7,0.4570958954522468,1
0.5,679,7,7,7,7,0.6052109703443082,1
0.5,681,7,7,7,7,0.576471950756311,1
0.5,683,7,7,7,7,0.697058011082323,1
0.5,685,7,7,7,7,0.41948008016865046,1
0.5,687,7,7,7,7,0.49706852433355353,1
0.5,689,7,7,7,7,0.6472643876731101,1
0.5,691,7,7,7,7,0.3405178279248926,1
0.5,693,7,7,7,7,0.17161200262926501,1
0.5,695,7,48,7,7,0.02602993711103574,1
0.5,697,7,7,7,7,0.13491703631622098,1
0.5,699,7,7,7,7,0.11575666270304708,1
0.5,701,7,7,7,7,0.6676428742931644,1
0.5,703,7,7,7,7,0.65331339818265,1
0.5,705,7,7,7,7,0.76146540565624,1
0.5,707,7,7,7,7,0.6724885180624044,1
0.5,709,7,7,7,7,0.5124957258321754,1
0.5,711,7,7,7,7,0.4344725810644986,1
0.5,713,7,7,7,7,0.32457079267503863,1
0.5,715,7,48,7,7,0.048309130795778366,1
0.5,717,7,48,7,7,0.09289583073504537,1
0.5,719,7,7,7,7,0.6550453216132999,1
0.5,721,7,7,7,7,0.2508308941520223,1
0.5,723,7,7,7,7,0.29321640232737034,1
0.5,725,7,7,7,7,0.39913947373666336,1
0.5,727,7,7,7,7,0.39611978776413137,1
0.5,729,7,7,7,7,0.3767875796998912,1
0.5,731,7,7,7,7,0.572897220025149,1
0.5,733,7,7,7,7,0.38530850056446153,1
0.5,735,7,7,7,7,0.3271860508970763,1
0.5,737,8,8,8,8,1.3724585710177664,0
0.5,739,8,8,8,8,1.7023991706037573,0
0.5,741,8,8,8,8,1.6554953046165894,0
0.5,743,8,8,8,8,1.7988169505102731,0
0.5,745,8,8,8,8,1.482149596614319,0
0.5,747,8,8,8,8,1.6606431646267223,0
0.5,749,8,8,8,8,1.7300775752562565,0
0.5,751,8,8,8,8,1.36407319466807,0
0.5,753,8,8,8,8,1.378056129934151,0
0.5,755,8,8,8,8,1.3364641175279672,0
0.5,757,8,8,8,8,1.2332709512941773,0
0.5,759,8,8,8,8,1.2555745374859089,0
0.5,761,8,8,8,8,1.1831227862944513,0
0.5,763,8,8,8,8,1.3032628741169086,0
0.5,765,8,8,8,8,1.4341629125336763,0
0.5,767,8,8,8,8,1.2265196437535444,0
0.5,769,8,8,8,8,1.5521765121649818,0
0.5,771,8,8,8,8,1.7488119444163779,0
0.5,773,8,8,8,8,1.323895106807893,0
0.5,775,8,8,8,8,1.5463292994299485,0
0.5,777,8,8,8,8,1.5873359223847014,0
0.5,779,8,8,8,8,1.1108236585826465,0
0.5,781,8,8,8,8,1.217176765857106,0
0.5,783,8,8,8,8,1.2197943067204755,0
0.5,785,8,8,8,8,1.226600038150201,0
0.5,787,8,8,8,8,1.046105780048106,0
0.5,789,8,8,8,8,1.2085481744820088,0
0.5,791,8,8,8,8,1.2893213667299932,0
0.5,793,8,8,8,8,1.743351195913455,0
0.5,795,8,8,8,8,1.7196130853492997,0
0.5,797,8,8,8,8,1.6696817312242636,0
0.5,799,8,8,8,8,1.4305808081158495,0
0.5,801,8,8,8,8,1.7121670399315039,0
0.5,803,8,8,8,8,1.573588772200882,0
0.5,805,8,8,8,8,1.7306720742596275,0
0.5,807,8,8,8,8,1.7800624840487431,0
0.5,809,8,8,8,8,1.7623894104953624,0
0.5,811,8,8,8,8,1.818237119658705,0
0.5,813,8,8,8,8,1.4978509019929573,0
0.5,815,8,8,8,8,0.9131773737024865,0
0.5,817,8,8,8,8,0.8854731185306824,1
0.5,819,8,8,8,8,0.5449432330634385,1
0.5,821,8,8,8,8,0.6564948765510126,1
0.5,823,8,8,8,8,1.6807307209543965,0
0.5,825,8,8,8,8,0.40599761607177887,1
0.5,827,8,11,11,11,0.530620047845699,1
0.5,829,9,9,9,9,0.3088385609102515,1
0.5,831,9,9,9,9,0.1809532647664973,1
0.5,833,9,9,9,9,0.4653049979047509,1
0.5,835,9,9,9,9,0.6439026221500417,1
0.5,837,9,9,9,9,0.5687841015786833,1
0.5,839,9,9,9,9,1.076231865073718,0
0.5,841,9,9,9,9,0.80354395257953,1
0.5,843,9,9,9,9,0.580054994239489,1
0.5,845,9,9,9,9,1.3436339886471367,0
0.5,847,9,9,9,9,0.25727599669409407,1
0.5,849,9,9,9,9,0.9175013667093048,0
0.5,851,9,3,9,9,0.2831193808249717,1
0.5,853,9,9,9,9,0.46969050652961397,1
0.5,855,9,9,9,9,0.42314887826482717,1
0.5,857,9,9,9,9,0.213836161347136,1
0.5,859,9,16,9,9,0.015801643530860665,1
0.5,861,9,9,9,9,0.027746123735465145,1
0.5,863,9,9,9,9,0.31197072051956143,1
0.5,865,9,9,9,9,0.5407414180846402,1
0.5,867,9,9,9,9,0.7809980291567304,1
0.5,869,9,9,9,9,0.9115057569295821,0
0.5,871,9,9,9,9,0.6888499699974122,1
0.5,873,9,9,9,9,0.38480508929175816,1
0.5,875,9,9,9,9,0.6597346191191307,1
0.5,877,9,9,9,9,0.14761375447145886,1
0.5,879,9,9,9,9,0.28064360452250126,1
0.5,881,9,9,9,9,0.12648833050009023,1
0.5,883,9,16,9,9,0.023804309448153593,1
0.5,885,9,9,9,9,0.9591546301354785,0
0.5,887,9,9,9,9,1.024655896511437,0
0.5,889,9,9,9,9,0.9076472940812865,1
0.5,891,9,9,9,9,0.7872959786644467,1
0.5,893,9,9,9,9,0.5303610648327084,1
0.5,895,9,9,9,9,0.5460484547931911,1
0.5,897,9,9,9,9,0.4208515273289801,1
0.5,899,9,9,9,9,0.2717812243313339,1
0.5,901,9,40,9,9,0.08996046779389788,1
0.5,903,9,9,9,9,0.7611911618226126,1
0.5,905,9,9,9,9,0.49424221626902165,1
0.5,907,9,9,9,9,1.1461895212996462,0
0.5,909,9,9,9,9,0.6794941696805759,1
0.5,911,9,9,9,9,0.6910750463733835,1
0.5,913,9,48,9,9,0.01861115555555526,1
0.5,915,9,9,9,9,0.6411275806606873,1
0.5,917,9,9,9,9,0.7495163640954366,1
0.5,919,9,48,9,9,0.03371674868431207,1
0.5,921,10,10,10,10,1.240725043336737,0
0.5,923,10,10,10,10,0.4403521782687838,1
0.5,925,10,10,10,10,0.18588005601835778,1
0.5,927,10,10,10,10,0.23159853879648695,1
0.5,929,10,10,10,10,0.3732834484059747,1
0.5,931,10,2,2,2,0.7391237033313889,1
0.5,933,10,2,10,10,0.542808390073261,1
0.5,935,10,10,10,10,0.5063021720621075,1
0.5,937,10,2,10,10,0.2706877730424684,1
0.5,939,10,3,2,2,0.007720377395333489,1
0.5,941,10,10,10,10,0.48310194162211517,1
0.5,943,10,3,3,3,0.3715692763562859,1
0.5,945,10,10,10,10,0.659589139758747,1
0.5,947,10,10,10,10,0.36887096125734076,1
0.5,949,10,10,10,10,0.4589993496496345,1
0.5,951,10,10,10,10,0.48461931561620264,1
0.5,953,10,10,10,10,0.5514600700561765,1
0.5,955,10,7,10,10,0.2861546649280535,1
0.5,957,10,10,10,10,1.1247521162319696,0
0.5,959,10,10,10,10,1.0329054952039796,0
0.5,961,10,10,10,10,0.5257816805446338,1
0.5,963,10,10,10,10,0.7646319906481078,1
0.5,965,10,10,10,10,0.5791677039546305,1
0.5,967,10,10,10,10,0.6652355887862316,1
0.5,969,10,10,10,10,0.501126176420793,1
0.5,971,10,10,10,10,0.4122958602842802,1
0.5,973,10,10,10,10,0.1703548670830327,1
0.5,975,10,10,10,10,0.5980015671377812,1
0.5,977,10,10,10,10,0.592887576000869,1
0.5,979,10,10,10,10,1.29364259810875,0
0.5,981,10,10,10,10,1.0423141153218543,0
0.5,983,10,10,10,10,0.6463266880432628,1
0.5,985,10,10,10,10,0.5397111769595522,1
0.5,987,10,10,10,10,0.6519550504730431,1
0.5,989,10,10,10,10,0.5892762214474245,1
0.5,991,10,10,10,10,0.3988070275616369,1
0.5,993,10,48,10,10,0.06257479264974553,1
0.5,995,10,10,10,10,0.4246691407705938,1
0.5,997,10,10,10,10,0.5794179126091796,1
0.5,999,10,10,10,10,0.9362542390939841,0
0.5,1001,10,10,10,10,1.1861095181649266,0
0.5,1003,10,10,10,10,0.5669919600502085,1
0.5,1005,10,10,10,10,0.19507715439692297,1
0.5,1007,10,10,10,10,0.5456947523072598,1
0.5,1009,10,10,10,10,0.6093287152884281,1
0.5,1011,10,10,10,10,0.3382244058298096,1
0.5,1013,11,11,11,11,0.7723451981611915,1
0.5,1015,11,11,11,11,0.31655187165686405,1
0.5,1017,11,11,11,11,0.1630385162251764,1
0.5,1019,11,11,11,11,0.3027751882149541,1
0.5,1021,11,11,11,11,0.40378803079237935,1
0.5,1023,11,32,11,11,0.27674078407110336,1
0.5,1025,11,11,11,11,0.5254395675696091,1
0.5,1027,11,11,11,11,1.1381069688327878,0
0.5,1029,11,11,11,11,0.24403797888738787,1
0.5,1031,11,11,11,11,1.5347552962402855,0
0.5,1033,11,11,11,11,0.7545774209820915,1
0.5,1035,11,11,11,11,1.4449443067114167,0
0.5,1037,11,11,11,11,1.1775064883204664,0
0.5,1039,11,11,11,11,1.0094613234743615,0
0.5,1041,11,11,11,11,1.457422223120898,0
0.5,1043,11,11,11,11,0.9429630153008396,0
0.5,1045,11,11,11,11,0.44323988263751435,1
0.5,1047,11,11,11,11,0.3916519138845822,1
0.5,1049,11,11,11,11,0.8537837573520218,1
0.5,1051,11,11,11,11,0.734111431902338,1
0.5,1053,11,11,11,11,0.4690197869838202,1
0.5,1055,11,11,11,11,0.8098426822044523,1
0.5,1057,11,11,11,11,1.1609025793502161,0
0.5,1059,11,11,11,11,1.1352774861753154,0
0.5,1061,11,11,11,11,1.2957978631281002,0
0.5,1063,11,11,11,11,0.5577080259158782,1
0.5,1065,11,11,11,11,1.448459525139862,0
0.5,1067,11,11,11,11,1.2118022935257,0
0.5,1069,11,11,11,11,0.46793844810190754,1
0.5,1071,11,11,11,11,0.9118894762688328,0
0.5,1073,11,11,11,11,0.8643332211807295,1
0.5,1075,11,11,11,11,0.7135373412171672,1
0.5,1077,11,11,11,11,0.5976121261613869,1
0.5,1079,11,11,11,11,0.8478044906809665,1
0.5,1081,11,11,11,11,0.9460200883862464,0
0.5,1083,11,11,11,11,0.7872612105074163,1
0.5,1085,11,11,11,11,0.7760633389186752,1
0.5,1087,11,11,11,11,0.5128172438026839,1
0.5,1089,11,11,11,11,0.7287096691649706,1
0.5,1091,11,11,11,11,0.9451347372044424,0
0.5,1093,11,11,11,11,0.6829745127280209,1
0.5,1095,11,11,11,11,0.9066186771021597,1
0.5,1097,11,11,11,11,0.3937086929260345,1
0.5,1099,11,11,11,11,0.3430149555144044,1
0.5,1101,11,11,11,11,0.4557189850377259,1
0.5,1103,11,30,11,11,0.0388192071240423,1
0.5,1105,12,12,12,12,0.6417709408473558,1
0.5,1107,12,12,12,12,0.5590599244584082,1
0.5,1109,12,12,12,12,1.0217207143082254,0
0.5,1111,12,12,12,12,0.7175417519387504,1
0.5,1113,12,12,12,12,0.9447688117673232,0
0.5,1115,12,12,12,12,0.7007051238387493,1
0.5,1117,12,12,12,12,0.7666685385853187,1
0.5,1119,12,12,12,12,0.4795768039335213,1
0.5,1121,12,12,12,12,0.9530934699405875,0
0.5,1123,12,12,12,12,0.5862715211948806,1
0.5,1125,12,12,12,12,0.6354945349819952,1
0.5,1127,12,12,12,12,0.8050401062422958,1
0.5,1129,12,12,12,12,0.8975536199849083,1
0.5,1131,12,12,12,12,0.8432966317268401,1
0.5,1133,12,12,12,12,0.8024024961592573,1
0.5,1135,12,12,12,12,0.9768155790361368,0
0.5,1137,12,12,12,12,0.7629532824192814,1
0.5,1139,12,12,12,12,0.8751954739810031,1
0.5,1141,12,12,12,12,1.4640357159279258,0
0.5,1143,12,12,12,12,2.002795199948512,0
0.5,1145,12,12,12,12,1.5876872827517219,0
0.5,1147,12,12,12,12,0.8921373212514829,1
0.5,1149,12,12,12,12,1.2601042760120829,0
0.5,1151,12,12,12,12,1.6950271090781412,0
0.5,1153,12,12,12,12,1.153113365324863,0
0.5,1155,12,12,12,12,1.2685079680705864,0
0.5,1157,12,12,12,12,0.8094042550009701,1
0.5,1159,12,12,12,12,0.9322582133218043,0
0.5,1161,12,12,12,12,0.45237678672587955,1
0.5,1163,12,12,12,12,0.852558433493801,1
0.5,1165,12,12,12,12,1.0854970381510995,0
0.5,1167,12,12,12,12,1.0503141805465894,0
0.5,1169,12,12,12,12,0.7302281998457081,1
0.5,1171,12,12,12,12,1.5671656069272253,0
0.5,1173,12,12,12,12,1.3143050461113435,0
0.5,1175,12,12,12,12,1.164580933799665,0
0.5,1177,12,12,12,12,1.069679420026628,0
0.5,1179,12,12,12,12,0.027358907879559524,1
0.5,1181,12,12,12,12,1.0394397755156024,0
0.5,1183,12,12,12,12,0.7202678710352466,1
0.5,1185,12,12,12,12,0.848404626403714,1
0.5,1187,12,12,12,12,0.9515181140151028,0
0.5,1189,12,12,12,12,1.509107410723394,0
0.5,1191,12,12,12,12,0.5473495222552311,1
0.5,1193,12,12,12,12,0.6805409543875429,1
0.5,1195,12,12,12,12,0.994678532789216,0
0.5,1197,13,13,13,13,1.039034660200171,0
0.5,1199,13,13,13,13,0.9542528683097076,0
0.5,1201,13,13,13,13,0.8704739909169019,1
0.5,1203,13,13,13,13,0.46192226579395057,1
0.5,1205,13,13,13,13,0.7591924480065271,1
0.5,1207,13,13,13,13,0.8054277087060748,1
0.5,1209,13,13,13,13,0.6179027740739587,1
0.5,1211,13,13,13,13,0.5303086045849366,1
0.5,1213,13,13,13,13,0.5101557703861137,1
0.5,1215,13,13,13,13,0.4715454492792033,1
0.5,1217,13,13,13,13,0.4647934796321125,1
0.5,1219,13,13,13,13,0.344081633007419,1
0.5,1221,13,13,13,13,0.9120409723729717,0
0.5,1223,13,13,13,13,0.6998696531533066,1
0.5,1225,13,13,13,13,0.6054613674241791,1
0.5,1227,13,13,13,13,0.6888959446965841,1
0.5,1229,13,13,13,13,0.6517473992789828,1
0.5,1231,13,13,13,13,0.8288501104414201,1
0.5,1233,13,13,13,13,0.8281628958622698,1
0.5,1235,13,13,13,13,0.8072166929883546,1
0.5,1237,13,13,13,13,0.767456127631063,1
0.5,1239,13,13,13,13,0.6639974084301645,1
0.5,1241,13,13,13,13,0.7656228321397236,1
0.5,1243,13,13,13,13,0.807895002126898,1
0.5,1245,13,13,13,13,0.6540102101931444,1
0.5,1247,13,13,13,13,0.7277060846752561,1
0.5,1249,13,13,13,13,0.6090564433564383,1
0.5,1251,13,13,13,13,0.5186277243670874,1
0.5,1253,13,13,13,13,0.36727824899351447,1
0.5,1255,13,13,13,13,0.7293293530981528,1
0.5,1257,13,13,13,13,0.7007245923413497,1
0.5,1259,13,13,13,13,1.0881852853459515,0
0.5,1261,13,13,13,13,0.8693555697571551,1
0.5,1263,13,13,13,13,1.1237866330476978,0
0.5,1265,13,13,13,13,0.8857893082518622,1
0.5,1267,13,13,13,13,0.560737934637211,1
0.5,1269,13,13,13,13,0.3247147078442427,1
0.5,1271,13,13,13,13,0.6601587170195757,1
0.5,1273,13,13,13,13,0.869235956666143,1
0.5,1275,13,13,13,13,0.8942276617855803,1
0.5,1277,13,13,13,13,0.8080200752863584,1
0.5,1279,13,13,13,13,1.1735559046711583,0
0.5,1281,13,13,13,13,0.41098918838834586,1
0.5,1283,13,13,13,13,0.5302037289541142,1
0.5,1285,13,13,13,13,0.483251793141245,1
0.5,1287,13,13,13,13,0.24535355584520002,1
0.5,1289,14,14,14,14,1.355208476286795,0
0.5,1291,14,14,14,14,1.2092681643103698,0
0.5,1293,14,14,14,14,1.5689992619364248,0
0.5,1295,14,14,14,14,0.4688435470643193,1
0.5,1297,14,14,14,14,1.2452100048457648,0
0.5,1299,14,14,14,14,1.0294447865496927,0
0.5,1301,14,14,14,14,1.2481447564672816,0
0.5,1303,14,14,14,14,1.1532566910280455,0
0.5,1305,14,14,14,14,0.982452066746332,0
0.5,1307,14,14,14,14,0.9031130370320034,1
0.5,1309,14,14,14,14,1.600514518520276,0
0.5,1311,14,14,14,14,1.1677357827188253,0
0.5,1313,14,14,14,14,1.5322492730386674,0
0.5,1315,14,14,14,14,1.5453846153056698,0
0.5,1317,14,14,14,14,1.6187230586788004,0
0.5,1319,14,14,14,14,1.5957656307034935,0
0.5,1321,14,14,14,14,1.3840271322927153,0
0.5,1323,14,14,14,14,1.686011554993623,0
0.5,1325,14,14,14,14,1.7658276949850737,0
0.5,1327,14,14,14,14,1.3097444666454474,0
0.5,1329,14,14,14,14,1.5888890698291958,0
0.5,1331,14,14,14,14,0.9183350984247218,0
0.5,1333,14,14,14,14,1.5183227742736958,0
0.5,1335,14,14,14,14,1.5268776483406112,0
0.5,1337,14,14,14,14,1.9924207642466867,0
0.5,1339,14,14,14,14,1.7919820527072507,0
0.5,1341,14,14,14,14,1.5263265436180138,0
0.5,1343,14,14,14,14,1.1637893997575801,0
0.5,1345,14,14,14,14,2.0535502167661477,0
0.5,1347,14,14,14,14,1.7234460271907825,0
0.5,1349,14,14,14,14,1.9780727261695505,0
0.5,1351,14,14,14,14,0.9725189786425448,0
0.5,1353,14,14,14,14,0.9100075691394219,0
0.5,1355,14,14,14,14,1.9306267932838723,0
0.5,1357,14,14,14,14,1.3013709114065668,0
0.5,1359,14,14,14,14,1.6340791927159701,0
0.5,1361,14,14,14,14,0.7349774245704692,1
0.5,1363,14,14,14,14,2.2414911776968216,0
0.5,1365,14,14,14,14,2.206263177763681,0
0.5,1367,14,14,14,14,0.817893985967822,1
0.5,1369,14,14,14,14,1.4531570615010807,0
0.5,1371,14,14,14,14,1.5866236555100615,0
0.5,1373,14,14,14,14,1.149102350551996,0
0.5,1375,14,14,14,14,1.7228730302218884,0
0.5,1377,14,14,14,14,1.1452458722181462,0
0.5,1379,14,14,14,14,0.7926907631048741,1
0.5,1381,15,15,15,15,0.21384274424469196,1
0.5,1383,15,15,15,15,0.456983428742856,1
0.5,1385,15,15,15,15,0.32154874588758187,1
0.5,1387,15,15,15,15,0.10629554882323067,1
0.5,1389,15,15,15,15,0.38308028731093224,1
0.5,1391,15,15,15,15,0.34111524193311205,1
0.5,1393,15,15,15,15,0.36085759779201054,1
0.5,1395,15,15,15,15,0.443871822569295,1
0.5,1397,15,15,15,15,0.22133779637234152,1
0.5,1399,15,25,15,15,0.034087480656475266,1
0.5,1401,15,15,15,15,0.4284087720974177,1
0.5,1403,15,15,15,15,0.21190935053230053,1
0.5,1405,15,15,15,15,0.29930156218949766,1
0.5,1407,15,15,15,15,0.417197340792554,1
0.5,1409,15,15,15,15,0.2126540991895164,1
0.5,1411,15,15,15,15,0.12762089980776636,1
0.5,1413,15,15,15,15,0.10541120393584158,1
0.5,1415,15,24,15,15,0.01951259580348208,1
0.5,1417,15,15,15,15,0.3977087375124686,1
0.5,1419,15,15,15,15,0.6793070214025121,1
0.5,1421,15,15,15,15,0.33143357066240253,1
0.5,1423,15,15,15,15,0.47397919521083165,1
0.5,1425,15,15,15,15,0.4758595769184044,1
0.5,1427,15,15,15,15,0.4120944989542161,1
0.5,1429,15,15,15,15,0.4478485386872746,1
0.5,1431,15,15,15,15,0.3431995944218158,1
0.5,1433,15,15,15,15,0.16956801810307232,1
0.5,1435,15,15,15,15,0.25388344416375663,1
0.5,1437,15,15,15,15,0.028303011857944815,1
0.5,1439,15,15,15,15,0.4112495570011081,1
0.5,1441,15,15,15,15,0.3801124134440603,1
0.5,1443,15,15,15,15,0.36677387392814986,1
0.5,1445,15,15,15,15,0.14340283570107593,1
0.5,1447,15,15,15,15,0.3704548667175025,1
0.5,1449,15,15,15,15,0.2571238936849465,1
0.5,1451,15,15,15,15,0.2751905210877321,1
0.5,1453,15,15,15,15,0.052378640326016246,1
0.5,1455,15,15,15,15,0.2656009879950074,1
0.5,1457,15,15,15,15,0.2676539747247322,1
0.5,1459,15,15,15,15,0.46125738763607393,1
0.5,1461,15,36,15,15,0.07951649745377831,1
0.5,1463,15,15,15,15,0.46787818565902495,1
0.5,1465,15,15,15,15,0.3555931109292507,1
0.5,1467,15,15,15,15,0.0926582581476858,1
0.5,1469,15,15,15,15,0.22365943636864216,1
0.5,1471,15,15,15,15,0.2653487705185128,1
0.5,1473,16,16,16,16,0.5505814635252066,1
0.5,1475,16,33,16,16,0.023703948674685504,1
0.5,1477,16,16,16,16,0.1232337203777798,1
0.5,1479,16,33,16,16,0.08869559615559175,1
0.5,1481,16,16,16,16,0.31432186479760515,1
0.5,1483,16,2,16,16,0.0879676645207953,1
0.5,1485,16,16,16,16,0.2931700824524166,1
0.5,1487,16,16,16,16,0.40615426228445783,1
0.5,1489,16,38,16,16,0.25994691605137543,1
0.5,1491,16,16,16,16,0.1906768606021907,1
0.5,1493,16,16,16,16,0.4429138974027109,1
0.5,1495,16,0,16,16,0.03284764423642317,1
0.5,1497,16,16,16,16,0.1490514018015201,1
0.5,1499,16,16,38,38,0.14990060971951658,1
0.5,1501,16,16,16,16,0.36768323835491423,1
0.5,1503,16,16,16,16,0.20545389760137,1
0.5,1505,16,16,16,16,0.4955093744137772,1
0.5,1507,16,16,16,16,0.4984036573083668,1
0.5,1509,16,16,16,16,0.7299861113452192,1
0.5,1511,16,16,16,16,0.6742839472117041,1
0.5,1513,16,16,16,16,0.35903897097468107,1
0.5,1515,16,16,16,16,0.6959770690282505,1
0.5,1517,16,16,16,16,0.15027478008005324,1
0.5,1519,16,16,16,16,0.3880816708389837,1
0.5,1521,16,16,16,16,0.13558628183517452,1
0.5,1523,16,58,16,16,0.09308027836086863,1
0.5,1525,16,16,16,16,0.2727595339864337,1
0.5,1527,16,30,16,16,0.08265952704548352,1
0.5,1529,16,16,16,16,0.2563612240462152,1
0.5,1531,16,16,16,16,0.5158267682082965,1
0.5,1533,16,16,16,16,0.7908487177299748,1
0.5,1535,16,16,16,16,0.749403963887217,1
0.5,1537,16,16,16,16,0.3036812621071907,1
0.5,1539,16,16,16,16,0.4406081815155818,1
0.5,1541,16,16,16,16,0.17451500913079232,1
0.5,1543,16,16,16,16,0.16337543017727685,1
0.5,1545,16,30,16,16,0.19758798784661546,1
0.5,1547,16,16,16,16,0.3083340271445064,1
0.5,1549,16,16,16,16,0.5133313310362947,1
0.5,1551,16,16,16,16,0.8090788455130241,1
0.5,1553,16,16,16,16,0.4837257511043055,1
0.5,1555,16,19,16,16,0.08941621806975009,1
0.5,1557,16,58,16,16,0.029512427279940523,1
0.5,1559,16,16,16,16,0.8349830824438386,1
0.5,1561,16,16,16,16,0.29758918743381746,1
0.5,1563,16,7,58,58,0.3020057736278561,1
0.5,1565,17,17,17,17,1.3860345435988253,0
0.5,1567,17,17,17,17,0.712982771254864,1
0.5,1569,17,17,17,17,1.215886505326564,0
0.5,1571,17,17,17,17,0.6645256619593585,1
0.5,1573,17,17,17,17,0.8185566395781232,1
0.5,1575,17,2,17,17,0.009401287069594755,1
0.5,1577,17,17,17,17,0.22270199732750395,1
0.5,1579,17,17,17,17,1.1321644321319886,0
0.5,1581,17,17,17,17,0.37538275071603633,1
0.5,1583,17,17,17,17,0.6838827838061463,1
0.5,1585,17,17,17,17,0.6438121123484066,1
0.5,1587,17,17,17,17,0.44534215301742597,1
0.5,1589,17,17,17,17,0.6781379673687005,1
0.5,1591,17,17,17,17,0.9216790000567943,0
0.5,1593,17,17,17,17,0.5818728951681345,1
0.5,1595,17,17,17,17,1.0265538640376595,0
0.5,1597,17,17,17,17,1.064313706610675,0
0.5,1599,17,17,17,17,1.2938081828578276,0
0.5,1601,17,17,17,17,1.3969768077021874,0
0.5,1603,17,17,17,17,1.3179554736234904,0
0.5,1605,17,17,17,17,1.2598594173988937,0
0.5,1607,17,17,17,17,1.5938896576323978,0
0.5,1609,17,17,17,17,1.5541734066410662,0
0.5,1611,17,17,17,17,1.44043216620877,0
0.5,1613,17,17,17,17,1.216389734856325,0
0.5,1615,17,17,17,17,1.1070235162014415,0
0.5,1617,17,17,17,17,0.6360455847818506,1
0.5,1619,17,17,17,17,0.6636101754328783,1
0.5,1621,17,17,17,17,0.5258508576287644,1
0.5,1623,17,17,17,17,1.4119376609140484,0
0.5,1625,17,17,17,17,1.5953314720590888,0
0.5,1627,17,17,17,17,1.3422694053629542,0
0.5,1629,17,17,17,17,1.0284020615986365,0
0.5,1631,17,17,17,17,1.4063124416781903,0
0.5,1633,17,17,17,17,0.8334866532853569,1
0.5,1635,17,17,17,17,0.5983080756070891,1
0.5,1637,17,17,17,17,0.46398075121001847,1
0.5,1639,17,17,17,17,0.5004134223195236,1
0.5,1641,17,17,17,17,1.146381168469009,0
0.5,1643,17,17,17,17,1.3101294427681345,0
0.5,1645,17,17,17,17,0.9113055492896549,0
0.5,1647,17,17,17,17,1.5909720240382108,0
0.5,1649,17,17,17,17,1.6105102665557705,0
0.5,1651,17,17,17,17,0.9678391004914391,0
0.5,1653,17,17,17,17,1.0264715620562037,0
0.5,1655,17,17,17,17,1.0048390820073196,0
0.5,1657,18,18,18,18,0.915357205792694,0
0.5,1659,18,18,18,18,0.7704375063838879,1
0.5,1661,18,18,18,18,1.0636493529360496,0
0.5,1663,18,18,18,18,0.6576970786355198,1
0.5,1665,18,18,18,18,0.7165488129262556,1
0.5,1667,18,18,18,18,0.5455842949949845,1
0.5,1669,18,36,36,36,0.1540855507647685,1
0.5,1671,18,18,18,18,0.8224719465203238,1
0.5,1673,18,18,18,18,0.17368793985283126,1
0.5,1675,18,36,18,18,0.1090479909960973,1
0.5,1677,18,36,18,18,0.020726484954592284,1
0.5,1679,18,18,18,18,0.24861449460149299,1
0.5,1681,18,36,18,18,0.018786619061232246,1
0.5,1683,18,18,18,18,0.3930651328808703,1
0.5,1685,18,18,18,18,0.24460592975187012,1
0.5,1687,18,18,18,18,0.31395232468001777,1
0.5,1689,18,18,18,18,1.420266992604128,0
0.5,1691,18,18,18,18,1.0244116175403817,0
0.5,1693,18,18,18,18,1.097661079175385,0
0.5,1695,18,18,18,18,1.1744701758254399,0
0.5,1697,18,18,18,18,0.19460024283286015,1
0.5,1699,18,18,18,18,1.1595671687213551,0
0.5,1701,18,18,18,18,0.9427320732346083,0
0.5,1703,18,18,18,18,0.6485029966961301,1
0.5,1705,18,18,18,18,0.7144436659624073,1
0.5,1707,18,18,18,18,0.6278740275708496,1
0.5,1709,18,18,18,18,0.18736543206892886,1
0.5,1711,18,18,18,18,0.48604380447423146,1
0.5,1713,18,18,18,18,0.7880381287218701,1
0.5,1715,18,18,18,18,0.8989296087931549,1
0.5,1717,18,18,18,18,1.0819709480614534,0
0.5,1719,18,18,18,18,1.1963742901446448,0
0.5,1721,18,18,18,18,0.7469223472560949,1
0.5,1723,18,18,18,18,1.0735941180886994,0
0.5,1725,18,18,18,18,0.2012960116910547,1
0.5,1727,18,18,18,18,0.22679923040360017,1
0.5,1729,18,19,18,18,0.0683471195032419,1
0.5,1731,18,18,18,18,1.1502440344336327,0
0.5,1733,18,18,18,18,1.0622376068526254,0
0.5,1735,18,18,18,18,1.3023353634683443,0
0.5,1737,18,18,18,18,0.7537589669887788,1
0.5,1739,18,18,18,18,0.8297080255751106,1
0.5,1741,18,18,18,18,0.2369717628676986,1
0.5,1743,18,18,18,18,1.0452276505823348,0
0.5,1745,18,18,18,18,0.7390818018529517,1
0.5,1747,18,18,18,18,0.6107094636902525,1
0.5,1749,19,19,19,19,0.7783492929802056,1
0.5,1751,19,19,19,19,0.912484534956499,0
0.5,1753,19,19,19,19,0.662698418655401,1
0.5,1755,19,19,19,19,0.7282326876843654,1
0.5,1757,19,19,19,19,0.6247599043502664,1
0.5,1759,19,19,19,19,0.9433132963350008,0
0.5,1761,19,19,19,19,1.127008818546582,0
0.5,1763,19,19,19,19,1.24249623025269,0
0.5,1765,19,19,19,19,1.134568678624779,0
0.5,1767,19,19,19,19,0.9974227205667425,0
0.5,1769,19,19,19,19,0.9598330776992543,0
0.5,1771,19,19,19,19,0.9891110153210614,0
0.5,1773,19,19,19,19,0.9186415700441538,0
0.5,1775,19,19,19,19,0.8456361905555247,1
0.5,1777,19,19,19,19,1.019641831821399,0
0.5,1779,19,19,19,19,0.9850427458725362,0
0.5,1781,19,19,19,19,0.5273238007134067,1
0.5,1783,19,19,19,19,0.04074403135994875,1
0.5,1785,19,19,19,19,0.9227363804233129,0
0.5,1787,19,19,19,19,1.0295670647134005,0
0.5,1789,19,19,19,19,1.1165066961926837,0
0.5,1791,19,19,19,19,0.8847237807076174,1
0.5,1793,19,19,19,19,1.0926168067493698,0
0.5,1795,19,19,19,19,0.8607414444728329,1
0.5,1797,19,19,19,19,1.1420330567637016,0
0.5,1799,19,19,19,19,0.9554389798713088,0
0.5,1801,19,19,19,19,1.1530262157383997,0
0.5,1803,19,19,19,19,0.6971789404406312,1
0.5,1805,19,19,19,19,0.5758007163750276,1
0.5,1807,19,19,19,19,0.5278765426951721,1
0.5,1809,19,19,19,19,0.7296570649478349,1
0.5,1811,19,19,19,19,0.3270228882054018,1
0.5,1813,19,19,19,19,1.0028349984748213,0
0.5,1815,19,19,19,19,0.7984468855481801,1
0.5,1817,19,19,19,19,0.7898653554438193,1
0.5,1819,19,19,19,19,0.9117277535118373,0
0.5,1821,19,19,19,19,0.5821491859587948,1
0.5,1823,19,19,19,19,0.30085739663949473,1
0.5,1825,19,19,19,19,0.434773287918915,1
0.5,1827,19,19,19,19,0.43188835857507113,1
0.5,1829,19,19,19,19,0.7185924094417191,1
0.5,1831,19,19,19,19,0.42092508885539304,1
0.5,1833,19,19,19,19,0.3844688251005398,1
0.5,1835,19,19,19,19,0.02320025414940452,1
0.5,1837,19,15,19,19,0.12460655013447908,1
0.5,1839,19,15,19,19,0.1193805738451823,1
0.5,1841,20,20,20,20,0.7781735790673648,1
0.5,1843,20,20,20,20,0.40304124794263696,1
0.5,1845,20,20,20,20,0.7377859279855602,1
0.5,1847,20,20,20,20,0.6642515994903163,1
0.5,1849,20,20,20,20,0.9069071001761257,1
0.5,1851,20,20,20,20,1.320746703884448,0
0.5,1853,20,20,20,20,0.7912306751316602,1
0.5,1855,20,20,20,20,1.8029712019721775,0
0.5,1857,20,20,20,20,1.3107439245605863,0
0.5,1859,20,20,20,20,0.53204026429758,1
0.5,1861,20,20,20,20,1.7762359031275574,0
0.5,1863,20,20,20,20,0.42610944185605404,1
0.5,1865,20,20,20,20,1.5969924024815245,0
0.5,1867,20,20,20,20,1.9462559382105864,0
0.5,1869,20,20,20,20,1.606429427117614,0
0.5,1871,20,20,20,20,1.497370651319422,0
0.5,1873,20,20,20,20,1.033649198259718,0
0.5,1875,20,20,20,20,0.7968326181889231,1
0.5,1877,20,20,20,20,2.013073130446096,0
0.5,1879,20,20,20,20,1.9923931696902,0
0.5,1881,20,20,20,20,2.0777442507573882,0
0.5,1883,20,20,20,20,2.0318375968385674,0
0.5,1885,20,20,20,20,1.9473932102269707,0
0.5,1887,20,20,20,20,2.0565851771400157,0
0.5,1889,20,20,20,20,2.155966820261419,0
0.5,1891,20,20,20,20,1.9015386640602905,0
0.5,1893,20,20,20,20,0.9539782725652508,0
0.5,1895,20,20,20,20,0.8719588474807318,1
0.5,1897,20,20,20,20,1.3820086209163676,0
0.5,1899,20,20,20,20,1.8472588430778663,0
0.5,1901,20,20,20,20,1.724379474008375,0
0.5,1903,20,20,20,20,1.8457219589450264,0
0.5,1905,20,20,20,20,1.6023741205682276,0
0.5,1907,20,20,20,20,2.2342080505012234,0
0.5,1909,20,20,20,20,1.460683256345479,0
0.5,1911,20,20,20,20,0.9959335794771864,0
0.5,1913,20,20,20,20,0.1375482685638843,1
0.5,1915,20,20,20,20,1.3364538356689986,0
0.5,1917,20,20,20,20,1.2492638263941538,0
0.5,1919,20,20,20,20,1.6675334198503462,0
0.5,1921,20,20,20,20,1.5645839053550619,0
0.5,1923,20,20,20,20,1.5744855267470315,0
0.5,1925,20,20,20,20,0.9418706323450354,0
0.5,1927,20,20,20,20,1.119628603301786,0
0.5,1929,20,20,20,20,1.5175979608799444,0
0.5,1931,20,20,20,20,1.0755250587451874,0
0.5,1933,21,21,21,21,0.9656916248388647,0
0.5,1935,21,21,21,21,0.9891299184766482,0
0.5,1937,21,21,21,21,0.896137271656868,1
0.5,1939,21,21,21,21,1.0476399784816983,0
0.5,1941,21,21,21,21,1.0329457989517974,0
0.5,1943,21,21,21,21,0.8075927254491528,1
0.5,1945,21,21,21,21,0.8833961188387396,1
0.5,1947,21,21,21,21,0.8252290013288182,1
0.5,1949,21,21,21,21,0.24146961674285183,1
0.5,1951,21,21,21,21,0.7654110376987505,1
0.5,1953,21,21,21,21,0.7377661048878622,1
0.5,1955,21,21,21,21,0.8000387426046109,1
0.5,1957,21,21,21,21,0.24301793064404675,1
0.5,1959,21,21,21,21,0.29759904152017713,1
0.5,1961,21,21,21,21,0.6964186056694293,1
0.5,1963,21,21,21,21,0.00859770905094459,1
0.5,1965,21,21,21,21,0.6226935350820926,1
0.5,1967,21,21,21,21,1.087966943915983,0
0.5,1969,21,21,21,21,1.2999430463285486,0
0.5,1971,21,21,21,21,1.091719633327093,0
0.5,1973,21,21,21,21,1.2848040349405494,0
0.5,1975,21,21,21,21,0.6615870215662556,1
0.5,1977,21,21,21,21,1.362813917167063,0
0.5,1979,21,21,21,21,0.6833461173355699,1
0.5,1981,21,21,21,21,0.6892592783526899,1
0.5,1983,21,21,21,21,0.302376281306703,1
0.5,1985,21,21,21,21,0.8682680096500973,1
0.5,1987,21,21,21,21,0.6895014961513931,1
0.5,1989,21,21,21,21,0.5185296087852924,1
0.5,1991,21,21,21,21,1.0876257079809282,0
0.5,1993,21,21,21,21,1.2195011739750177,0
0.5,1995,21,21,21,21,0.4285841367256318,1
0.5,1997,21,21,21,21,0.4335652634630296,1
0.5,1999,21,21,21,21,1.0061378873507096,0
0.5,2001,21,21,21,21,1.0881697420878162,0
0.5,2003,21,21,21,21,0.23397651335085368,1
0.5,2005,21,21,21,21,0.6864528540437305,1
0.5,2007,21,21,21,21,0.42013427462050235,1
0.5,2009,21,21,21,21,1.3016890383276118,0
0.5,2011,21,21,21,21,0.7738754507448589,1
0.5,2013,21,21,21,21,0.9186358206519392,0
0.5,2015,21,21,21,21,1.1936896281261777,0
0.5,2017,21,21,21,21,0.78164561674653,1
0.5,2019,21,21,21,21,0.710513884649747,1
0.5,2021,21,21,21,21,1.5875887021749941,0
0.5,2023,21,21,21,21,0.9092211727967685,0
0.5,2025,22,22,22,22,1.7379274048228486,0
0.5,2027,22,22,22,22,1.4695638053446403,0
0.5,2029,22,22,22,22,1.7663393099587035,0
0.5,2031,22,22,22,22,1.1343504391041823,0
0.5,2033,22,22,22,22,1.598153843097826,0
0.5,2035,22,22,22,22,1.1370466497426186,0
0.5,2037,22,22,22,22,1.4582396588467044,0
0.5,2039,22,22,22,22,2.0027271191409595,0
0.5,2041,22,22,22,22,1.565436458991258,0
0.5,2043,22,22,22,22,1.7573729535393916,0
0.5,2045,22,22,22,22,1.8919297837297702,0
0.5,2047,22,22,22,22,1.4290403931605484,0
0.5,2049,22,22,22,22,1.8440105878080133,0
0.5,2051,22,22,22,22,1.6930322524669794,0
0.5,2053,22,22,22,22,1.579687726800295,0
0.5,2055,22,22,22,22,1.7434555181286657,0
0.5,2057,22,22,22,22,1.8013781436350498,0
0.5,2059,22,22,22,22,1.5051302192815412,0
0.5,2061,22,22,22,22,2.1615878500855263,0
0.5,2063,22,22,22,22,1.9371628591533283,0
0.5,2065,22,22,22,22,1.535904875681569,0
0.5,2067,22,22,22,22,2.008532137979137,0
0.5,2069,22,22,22,22,2.020738853749411,0
0.5,2071,22,22,22,22,2.0006759213209,0
0.5,2073,22,22,22,22,2.010771301577205,0
0.5,2075,22,22,22,22,2.018289309764028,0
0.5,2077,22,22,22,22,1.6930882142093107,0
0.5,2079,22,22,22,22,1.7318857404610848,0
0.5,2081,22,22,22,22,1.9876259152635174,0
0.5,2083,22,22,22,22,2.027685675925567,0
0.5,2085,22,22,22,22,1.8220251899161428,0
0.5,2087,22,22,22,22,2.0115981922078903,0
0.5,2089,22,22,22,22,1.1727263178842287,0
0.5,2091,22,22,22,22,2.0102474188053,0
0.5,2093,22,22,22,22,1.5370245805771225,0
0.5,2095,22,22,22,22,1.9645126427175676,0
0.5,2097,22,22,22,22,1.4489246091328905,0
0.5,2099,22,22,22,22,1.4853376945326764,0
0.5,2101,22,22,22,22,1.846800149949729,0
0.5,2103,22,22,22,22,1.7248404185001434,0
0.5,2105,22,22,22,22,1.5270361395488445,0
0.5,2107,22,22,22,22,1.5602126022343357,0
0.5,2109,22,22,22,22,1.825288067723028,0
0.5,2111,22,22,22,22,1.2594027570460455,0
0.5,2113,22,22,22,22,1.3095591033120053,0
0.5,2115,22,22,22,22,1.5891092605225476,0
0.5,2117,23,23,23,23,0.9355720734870694,0
0.5,2119,23,23,23,23,0.8458069416252323,1
0.5,2121,23,23,23,23,1.71115348041175,0
0.5,2123,23,23,23,23,1.210014224655432,0
0.5,2125,23,23,23,23,1.3851508567736468,0
0.5,2127,23,23,23,23,1.0280462042783,0
0.5,2129,23,23,23,23,0.977416740861732,0
0.5,2131,23,23,23,23,1.925930650629191,0
0.5,2133,23,23,23,23,0.7169870743491136,1
0.5,2135,23,23,23,23,0.6599977639538062,1
0.5,2137,23,23,23,23,1.4005320036002495,0
0.5,2139,23,23,23,23,0.2903688233189592,1
0.5,2141,23,23,23,23,1.0538892076542277,0
0.5,2143,23,23,23,23,0.94891970939349,0
0.5,2145,23,23,23,23,0.50570704562633,1
0.5,2147,23,23,23,23,0.3069828077155319,1
0.5,2149,23,23,23,23,1.5247123716179964,0
0.5,2151,23,23,23,23,1.6921260935678062,0
0.5,2153,23,23,23,23,1.7957063192654346,0
0.5,2155,23,23,23,23,1.4402231224320277,0
0.5,2157,23,23,23,23,1.8819350580434542,0
0.5,2159,23,23,23,23,1.8061762731039668,0
0.5,2161,23,23,23,23,1.8464163087636263,0
0.5,2163,23,23,23,23,1.6233292649305457,0
0.5,2165,23,23,23,23,1.3740437173518416,0
0.5,2167,23,23,23,23,1.1063681797472558,0
0.5,2169,23,23,23,23,1.3773620588789601,0
0.5,2171,23,23,23,23,0.7876235489356489,1
0.5,2173,23,23,23,23,1.7877298704307718,0
0.5,2175,23,23,23,23,1.7378818994222887,0
0.5,2177,23,23,23,23,1.90251728581205,0
0.5,2179,23,23,23,23,1.7371638292331093,0
0.5,2181,23,23,23,23,1.6877981553313717,0
0.5,2183,23,23,23,23,1.4072339877173725,0
0.5,2185,23,23,23,23,1.584161975056798,0
0.5,2187,23,23,23,23,1.4614430062216446,0
0.5,2189,23,23,23,23,0.25808938590136354,1
0.5,2191,23,23,23,23,0.851548169103113,1
0.5,2193,23,23,23,23,1.613520330986152,0
0.5,2195,23,23,23,23,1.3674112688101183,0
0.5,2197,23,23,23,23,1.3222170459627247,0
0.5,2199,23,23,23,23,1.0362970284666635,0
0.5,2201,23,23,23,23,1.3710384392804378,0
0.5,2203,23,23,23,23,0.6880237982670567,1
0.5,2205,23,23,23,23,0.28927950648338374,1
0.5,2207,23,23,23,23,0.44036832811991133,1
0.5,2209,24,24,24,24,1.1044629457842272,0
0.5,2211,24,24,24,24,0.8848788829820486,1
0.5,2213,24,24,24,24,1.1538678692063118,0
0.5,2215,24,24,24,24,0.2719992412712783,1
0.5,2217,24,24,24,24,0.598019380823533,1
0.5,2219,24,6,8,8,0.017380921662321525,1
0.5,2221,24,8,24,24,0.03570586102146278,1
0.5,2223,24,24,24,24,0.7262907320164905,1
0.5,2225,24,24,24,24,0.16920530237630516,1
0.5,2227,24,24,24,24,0.4295447971049021,1
0.5,2229,24,24,24,24,0.459725925909384,1
0.5,2231,24,24,24,24,0.38632657596678965,1
0.5,2233,24,24,24,24,0.2862654805961773,1
0.5,2235,24,5,24,24,0.008365623867992333,1
0.5,2237,24,24,24,24,0.4312366644721257,1
0.5,2239,24,24,24,24,0.4102352496722075,1
0.5,2241,24,24,24,24,1.131913058385356,0
0.5,2243,24,24,24,24,1.3993839630671763,0
0.5,2245,24,24,24,24,1.1615551715886423,0
0.5,2247,24,24,24,24,0.8416885929197088,1
0.5,2249,24,24,24,24,0.7137401161537056,1
0.5,2251,24,24,24,24,0.48944744329880197,1
0.5,2253,24,24,24,24,0.6305259200489826,1
0.5,2255,24,24,24,24,0.269957931532143,1
0.5,2257,24,24,24,24,0.39126817411855996,1
0.5,2259,24,5,5,5,0.022636011559982183,1
0.5,2261,24,24,24,24,0.6892594002780305,1
0.5,2263,24,24,24,24,0.5897094000141083,1
0.5,2265,24,24,24,24,1.1336432643856005,0
0.5,2267,24,24,24,24,0.7935459132313155,1
0.5,2269,24,24,24,24,0.8720909313000218,1
0.5,2271,24,24,24,24,0.5371530818835538,1
0.5,2273,24,24,24,24,0.7317211531233649,1
0.5,2275,24,24,24,24,0.2713964399556634,1
0.5,2277,24,24,24,24,0.5944205198728447,1
0.5,2279,24,24,24,24,0.11601867566222035,1
0.5,2281,24,24,24,24,0.2429629985336147,1
0.5,2283,24,24,24,24,1.0293230721231603,0
0.5,2285,24,24,24,24,1.051846233421685,0
0.5,2287,24,24,24,24,0.48657376594344814,1
0.5,2289,24,24,24,24,0.8366935719151508,1
0.5,2291,24,24,24,24,0.4296379219470119,1
0.5,2293,24,5,5,5,0.3947843182889754,1
0.5,2295,24,24,24,24,0.5472206363182839,1
0.5,2297,24,5,24,24,0.014687881491718957,1
0.5,2299,24,5,5,5,0.5080324414775614,1
0.5,2301,25,25,25,25,0.6774113069765015,1
0.5,2303,25,15,25,25,0.009320566133310781,1
0.5,2305,25,25,25,25,0.14679863083965983,1
0.5,2307,25,25,25,25,0.044937020438841735,1
0.5,2309,25,15,25,25,0.0484709848363607,1
0.5,2311,25,25,25,25,0.2719947474107691,1
0.5,2313,25,25,25,25,0.5004576683053005,1
0.5,2315,25,25,25,25,0.8012526871988734,1
0.5,2317,25,25,25,25,0.5716998167377362,1
0.5,2319,25,25,25,25,0.4362959241948531,1
0.5,2321,25,25,25,25,0.5626093403927412,1
0.5,2323,25,25,25,25,0.15962065166036454,1
0.5,2325,25,25,25,25,1.0842588169547995,0
0.5,2327,25,25,25,25,0.8589465501218867,1
0.5,2329,25,25,25,25,0.7087364905980627,1
0.5,2331,25,25,25,25,0.5753023284415419,1
0.5,2333,25,25,25,25,0.7617952195398707,1
0.5,2335,25,25,25,25,0.4055849654345871,1
0.5,2337,25,25,25,25,0.675601246596771,1
0.5,2339,25,25,25,25,0.7571563382053383,1
0.5,2341,25,25,25,25,0.38821365444477085,1
0.5,2343,25,25,25,25,0.9367043193906979,0
0.5,2345,25,25,25,25,0.9636014476582162,0
0.5,2347,25,25,25,25,1.10709520414228,0
0.5,2349,25,25,25,25,0.878798454526337,1
0.5,2351,25,25,25,25,0.781070983684651,1
0.5,2353,25,25,25,25,0.18773875986762012,1
0.5,2355,25,25,25,25,0.28655697592987905,1
0.5,2357,25,25,25,25,1.1332602093788644,0
0.5,2359,25,25,25,25,0.9040031392950245,1
0.5,2361,25,25,25,25,1.0709837154940456,0
0.5,2363,25,25,25,25,1.2416065784957675,0
0.5,2365,25,25,25,25,0.6851783678614041,1
0.5,2367,25,25,25,25,1.1711374374577428,0
0.5,2369,25,25,25,25,0.7981433375589507,1
0.5,2371,25,25,25,25,0.8590233783883763,1
0.5,2373,25,48,25,25,0.006246584541621414,1
0.5,2375,25,25,25,25,0.9186348239512632,0
0.5,2377,25,25,25,25,0.252537530813304,1
0.5,2379,25,25,25,25,1.0416104481759567,0
0.5,2381,25,25,25,25,0.6023404176645093,1
0.5,2383,25,25,25,25,0.6275846436486652,1
0.5,2385,25,25,25,25,0.4802548174119641,1
0.5,2387,25,25,25,25,0.6597345996389867,1
0.5,2389,25,25,25,25,0.5904026383416349,1
0.5,2391,25,25,25,25,0.5754722155049583,1
0.5,2393,26,26,26,26,0.2985286034849046,1
0.5,2395,26,26,26,26,1.1119002407462633,0
0.5,2397,26,26,26,26,0.9709219322460978,0
0.5,2399,26,26,26,26,1.5273871181624559,0
0.5,2401,26,26,26,26,1.740686986713183,0
0.5,2403,26,26,26,26,1.3545188045531373,0
0.5,2405,26,26,26,26,1.7569200889685057,0
0.5,2407,26,26,26,26,1.9352009036485658,0
0.5,2409,26,26,26,26,1.8630959712756678,0
0.5,2411,26,26,26,26,1.7989916796625869,0
0.5,2413,26,26,26,26,1.566679363548892,0
0.5,2415,26,26,26,26,2.003529844389791,0
0.5,2417,26,26,26,26,0.9990045805027321,0
0.5,2419,26,26,26,26,0.548571072550223,1
0.5,2421,26,26,26,26,1.212304930472273,0
0.5,2423,26,26,26,26,1.8722438156735928,0
0.5,2425,26,26,26,26,1.2121743732189842,0
0.5,2427,26,26,26,26,0.8320298356132372,1
0.5,2429,26,26,26,26,1.550319205066461,0
0.5,2431,26,26,26,26,0.8909383006528961,1
0.5,2433,26,26,26,26,1.834838854307118,0
0.5,2435,26,26,26,26,0.8776774653895998,1
0.5,2437,26,26,26,26,1.6616617422298867,0
0.5,2439,26,26,26,26,1.1539424827181017,0
0.5,2441,26,26,26,26,1.6045520867733862,0
0.5,2443,26,26,26,26,1.1204953895452052,0
0.5,2445,26,26,26,26,1.9681879616468687,0
0.5,2447,26,26,26,26,1.436451066322698,0
0.5,2449,26,26,26,26,1.3626748323256264,0
0.5,2451,26,26,26,26,1.4849280249109746,0
0.5,2453,26,26,26,26,2.1854655077573897,0
0.5,2455,26,26,26,26,1.426128367604711,0
0.5,2457,26,26,26,26,1.1429198483920782,0
0.5,2459,26,26,26,26,1.1953917147504,0
0.5,2461,26,26,26,26,1.8847474292082875,0
0.5,2463,26,26,26,26,1.0960322813557744,0
0.5,2465,26,26,26,26,1.4275340317093808,0
0.5,2467,26,26,26,26,1.8296660210452003,0
0.5,2469,26,26,26,26,2.04400994832669,0
0.5,2471,26,26,26,26,1.8666259198216615,0
0.5,2473,26,26,26,26,2.014123228540563,0
0.5,2475,26,26,26,26,0.4497296264097985,1
0.5,2477,26,26,26,26,1.044226523178909,0
0.5,2479,26,26,26,26,1.61995918808489,0
0.5,2481,26,26,26,26,0.7041004848957362,1
0.5,2483,26,26,26,26,1.1457618883181886,0
0.5,2485,27,27,27,27,1.9784360818947522,0
0.5,2487,27,27,27,27,1.9023253208405595,0
0.5,2489,27,27,27,27,2.1041874674256333,0
0.5,2491,27,27,27,27,1.6607154096144285,0
0.5,2493,27,27,27,27,2.2903869760974906,0
0.5,2495,27,27,27,27,1.487170971933251,0
0.5,2497,27,27,27,27,1.5271266479201344,0
0.5,2499,27,27,27,27,2.4692051595669366,0
0.5,2501,27,27,27,27,1.4298009855294964,0
0.5,2503,27,27,27,27,0.8271797750815458,1
0.5,2505,27,27,27,27,1.8575430980876457,0
0.5,2507,27,27,27,27,1.4273047486817065,0
0.5,2509,27,27,27,27,2.410036986126686,0
0.5,2511,27,27,27,27,1.7165661026477668,0
0.5,2513,27,27,27,27,1.7607089885222877,0
0.5,2515,27,27,27,27,1.627129585759756,0
0.5,2517,27,27,27,27,1.6808327198984556,0
0.5,2519,27,27,27,27,1.5539512885868456,0
0.5,2521,27,27,27,27,2.0994408597443437,0
0.5,2523,27,27,27,27,2.4005078439492804,0
0.5,2525,27,27,27,27,2.007044120618209,0
0.5,2527,27,27,27,27,2.417153179374025,0
0.5,2529,27,27,27,27,2.4827557330348817,0
0.5,2531,27,27,27,27,2.501794159050868,0
0.5,2533,27,27,27,27,2.2535961893567227,0
0.5,2535,27,27,27,27,2.2266100508377535,0
0.5,2537,27,27,27,27,1.137323031167174,0
0.5,2539,27,27,27,27,0.5073816622216585,1
0.5,2541,27,27,27,27,1.6275867436515612,0
0.5,2543,27,27,27,27,1.9407509480168652,0
0.5,2545,27,27,27,27,1.8971952871662383,0
0.5,2547,27,27,27,27,2.221934304547704,0
0.5,2549,27,27,27,27,1.675012788926655,0
0.5,2551,27,27,27,27,2.2881929103002556,0
0.5,2553,27,27,27,27,1.8648732796905207,0
0.5,2555,27,27,27,27,1.9694708989123817,0
0.5,2557,27,27,27,27,0.18953917818983435,1
0.5,2559,27,27,27,27,1.3401435262943844,0
0.5,2561,27,27,27,27,1.2295982668801195,0
0.5,2563,27,27,27,27,1.9130767543256009,0
0.5,2565,27,27,27,27,1.4979255321889435,0
0.5,2567,27,27,27,27,1.9542932012113443,0
0.5,2569,27,27,27,27,1.6920786112340451,0
0.5,2571,27,27,27,27,1.1492477851748757,0
0.5,2573,27,27,27,27,1.6641586471535008,0
0.5,2575,27,27,27,27,0.48875583517868904,1
0.5,2577,28,28,28,28,0.4016498413048357,1
0.5,2579,28,5,28,28,0.14885327315528207,1
0.5,2581,28,5,28,28,0.07459526873891642,1
0.5,2583,28,28,28,28,0.0016743767729139325,1
0.5,2585,28,28,28,28,0.7444672254844471,1
0.5,2587,28,28,28,28,0.7397110963762441,1
0.5,2589,28,28,28,28,0.09664193714630032,1
0.5,2591,28,28,28,28,0.6650593230196027,1
0.5,2593,28,28,28,28,0.9271931453876947,0
0.5,2595,28,28,28,28,0.10411051190503129,1
0.5,2597,28,28,28,28,0.7642668559917167,1
0.5,2599,28,5,5,5,0.10179008693873448,1
0.5,2601,28,28,28,28,0.7693198748068202,1
0.5,2603,28,28,28,28,0.8503664652543528,1
0.5,2605,28,28,28,28,0.7432441876033845,1
0.5,2607,28,28,28,28,0.7499785171404455,1
0.5,2609,28,28,28,28,1.1181965556716218,0
0.5,2611,28,28,28,28,0.8475503130635065,1
0.5,2613,28,28,28,28,0.3560117775762349,1
0.5,2615,28,28,28,28,0.0010745199834326646,1
0.5,2617,28,28,28,28,0.8738298055609428,1
0.5,2619,28,28,28,28,0.6562723846567756,1
0.5,2621,28,28,28,28,0.8254900775064941,1
0.5,2623,28,28,28,28,0.8536027083738496,1
0.5,2625,28,28,28,28,1.223997409890737,0
0.5,2627,28,28,28,28,1.1317620895441625,0
0.5,2629,28,28,28,28,0.6992840186539765,1
0.5,2631,28,28,28,28,0.10931678071270978,1
0.5,2633,28,28,28,28,1.0337423580546004,0
0.5,2635,28,28,28,28,0.6101944593298373,1
0.5,2637,28,28,28,28,0.35860867211869074,1
0.5,2639,28,28,28,28,0.4218170888990893,1
0.5,2641,28,28,28,28,0.8750703427966118,1
0.5,2643,28,28,28,28,0.9611126115899076,0
0.5,2645,28,28,28,28,0.9482619538882199,0
0.5,2647,28,28,28,28,0.9333636088256851,0
0.5,2649,28,28,28,28,0.5047634088350677,1
0.5,2651,28,28,28,28,0.6916357963788093,1
0.5,2653,28,28,28,28,0.5744454546642633,1
0.5,2655,28,28,28,28,0.6271120122868822,1
0.5,2657,28,28,28,28,0.5281846560366565,1
0.5,2659,28,28,28,28,0.6525865302241219,1
0.5,2661,28,28,28,28,0.8074079103682705,1
0.5,2663,28,28,28,28,0.5587029406482942,1
0.5,2665,28,28,28,28,0.4728482101942466,1
0.5,2667,28,28,28,28,0.09650873039562097,1
0.5,2669,29,29,29,29,0.6799676943960734,1
0.5,2671,29,29,29,29,0.4374641155319319,1
0.5,2673,29,29,29,29,0.5766435804998118,1
0.5,2675,29,29,29,29,0.9303345911030092,0
0.5,2677,29,29,29,29,0.9399658395893025,0
0.5,2679,29,2,2,2,0.10063618953413878,1
0.5,2681,29,2,29,29,0.04748931221500796,1
0.5,2683,29,29,29,29,1.615948628018701,0
0.5,2685,29,2,29,29,0.07870214756675264,1
0.5,2687,29,29,29,29,0.010126021957849507,1
0.5,2689,29,29,29,29,0.8005297520955925,1
0.5,2691,29,44,44,44,0.1325603532515226,1
0.5,2693,29,29,29,29,1.3209151004272686,0
0.5,2695,29,29,29,29,0.7331921510401362,1
0.5,2697,29,42,29,29,0.12172369434660935,1
0.5,2699,29,10,29,29,0.15500052470113435,1
0.5,2701,29,29,29,29,0.9811420534966802,0
0.5,2703,29,29,29,29,1.2802929627202326,0
0.5,2705,29,29,29,29,1.7545967825024906,0
0.5,2707,29,29,29,29,1.4996598508014034,0
0.5,2709,29,29,29,29,1.3080363730493212,0
0.5,2711,29,29,29,29,1.424256383842117,0
0.5,2713,29,29,29,29,1.5808011687426766,0
0.5,2715,29,29,29,29,1.441242211004573,0
0.5,2717,29,29,29,29,1.5058347517963884,0
0.5,2719,29,29,29,29,1.2582604825935773,0
0.5,2721,29,42,29,29,0.13401405599355476,1
0.5,2723,29,10,29,29,0.20047409740235578,1
0.5,2725,29,29,29,29,0.7510083388660003,1
0.5,2727,29,29,29,29,1.3535003889643926,0
0.5,2729,29,29,29,29,0.919794253310211,0
0.5,2731,29,29,29,29,0.9327268718078128,0
0.5,2733,29,29,29,29,0.9063265128339828,1
0.5,2735,29,29,29,29,1.3762989044205443,0
0.5,2737,29,29,29,29,1.1725632450603753,0
0.5,2739,29,29,29,29,0.8293413006860026,1
0.5,2741,29,29,29,29,0.4831976602660093,1
0.5,2743,29,29,29,29,1.061030040521672,0
0.5,2745,29,29,29,29,0.6926168579544787,1
0.5,2747,29,29,29,29,0.20951137366793626,1
0.5,2749,29,29,29,29,0.26545768947809156,1
0.5,2751,29,29,29,29,0.7123988395161795,1
0.5,2753,29,29,29,29,0.9100556225829799,0
0.5,2755,29,29,29,29,1.267085628795385,0
0.5,2757,29,29,29,29,0.23720826402636042,1
0.5,2759,29,29,29,29,0.1926729009745376,1
0.5,2761,30,11,30,30,0.07799817422327693,1
0.5,2763,30,30,30,30,0.58476199027172,1
0.5,2765,30,30,30,30,0.676733044210218,1
0.5,2767,30,30,30,30,0.6691750665541658,1
0.5,2769,30,30,30,30,0.9618086911350718,0
0.5,2771,30,30,30,30,0.35136781046442866,1
0.5,2773,30,30,30,30,0.18125173145018558,1
0.5,2775,30,30,30,30,0.983903467306332,0
0.5,2777,30,30,30,30,0.6043254061173289,1
0.5,2779,30,30,30,30,0.07390367119610297,1
0.5,2781,30,30,30,30,0.34421736081689636,1
0.5,2783,30,11,30,30,0.0977302567582421,1
0.5,2785,30,30,30,30,0.3284738945114867,1
0.5,2787,30,30,30,30,0.6530088724960124,1
0.5,2789,30,30,30,30,0.30014328283906,1
0.5,2791,30,30,30,30,0.05458280583133801,1
0.5,2793,30,30,30,30,0.7109208091575662,1
0.5,2795,30,30,30,30,0.6141388705620934,1
0.5,2797,30,30,30,30,1.03435531261262,0
0.5,2799,30,30,30,30,1.1812339517109474,0
0.5,2801,30,30,30,30,0.6357828059034727,1
0.5,2803,30,30,30,30,0.7842648301853893,1
0.5,2805,30,30,30,30,0.9489915861093785,0
0.5,2807,30,30,30,30,0.7151467799548061,1
0.5,2809,30,30,30,30,0.8972259123691944,1
0.5,2811,30,30,30,30,0.3386175101386626,1
0.5,2813,30,30,30,30,0.09098116288071267,1
0.5,2815,30,30,30,30,0.04069866235860542,1
0.5,2817,30,30,30,30,0.6773663159042204,1
0.5,2819,30,30,30,30,0.7680714239598685,1
0.5,2821,30,30,30,30,0.8511706531833949,1
0.5,2823,30,30,30,30,1.2183826026178417,0
0.5,2825,30,30,30,30,0.36870450104293284,1
0.5,2827,30,30,30,30,0.9020450494603163,1
0.5,2829,30,30,30,30,0.4546538325652345,1
0.5,2831,30,30,30,30,0.3730231424968973,1
0.5,2833,30,30,30,30,0.23489682396026312,1
0.5,2835,30,30,30,30,0.7403551353732415,1
0.5,2837,30,30,30,30,0.625441716187013,1
0.5,2839,30,30,30,30,1.085231924673172,0
0.5,2841,30,30,30,30,0.28786992932301003,1
0.5,2843,30,30,30,30,0.7124728764612052,1
0.5,2845,30,30,30,30,0.6146137501053843,1
0.5,2847,30,30,30,30,0.7326576768515253,1
0.5,2849,30,30,30,30,0.3144380832210585,1
0.5,2851,30,55,30,30,0.0014495561171166127,1
0.5,2853,31,31,31,31,0.6681700833224318,1
0.5,2855,31,31,31,31,0.7513019266287457,1
0.5,2857,31,31,31,31,0.5864106833460072,1
0.5,2859,31,31,31,31,1.05191330869912,0
0.5,2861,31,31,31,31,1.1939696414115815,0
0.5,2863,31,31,31,31,0.7912469162813917,1
0.5,2865,31,31,31,31,1.2446665545615265,0
0.5,2867,31,31,31,31,1.1369534249451303,0
0.5,2869,31,31,31,31,1.3409159968702398,0
0.5,2871,31,31,31,31,0.7486503473343107,1
0.5,2873,31,31,31,31,0.6455874647833524,1
0.5,2875,31,31,31,31,0.6974403200612134,1
0.5,2877,31,31,31,31,0.5415699596834822,1
0.5,2879,31,31,31,31,0.4706978203711556,1
0.5,2881,31,31,31,31,0.7114605338830877,1
0.5,2883,31,31,31,31,0.8779861497523571,1
0.5,2885,31,31,31,31,0.5286133205101287,1
0.5,2887,31,31,31,31,0.7514856791282907,1
0.5,2889,31,31,31,31,1.000642037542552,0
0.5,2891,31,31,31,31,1.1280517290836802,0
0.5,2893,31,31,31,31,1.0007035593848381,0
0.5,2895,31,31,31,31,1.1898549367131745,0
0.5,2897,31,31,31,31,1.1770233413116606,0
0.5,2899,31,31,31,31,1.3135811385226366,0
0.5,2901,31,31,31,31,1.297911686300959,0
0.5,2903,31,31,31,31,1.0709022624293345,0
0.5,2905,31,31,31,31,0.8571791790260652,1
0.5,2907,31,31,31,31,0.9071162271721358,1
0.5,2909,31,31,31,31,0.5125292364840681,1
0.5,2911,31,31,31,31,0.7542986599020405,1
0.5,2913,31,31,31,31,0.7659669102187114,1
0.5,2915,31,31,31,31,0.7391468993519685,1
0.5,2917,31,31,31,31,0.5961923576787054,1
0.5,2919,31,31,31,31,0.586238737848735,1
0.5,2921,31,31,31,31,0.7967312909654258,1
0.5,2923,31,31,31,31,0.5632581900625624,1
0.5,2925,31,31,31,31,0.40049706946663277,1
0.5,2927,31,31,31,31,0.8011321349101124,1
0.5,2929,31,31,31,31,0.8770846172051174,1
0.5,2931,31,31,31,31,0.5949284545367057,1
0.5,2933,31,18,13,13,0.03853578172666716,1
0.5,2935,31,13,31,31,0.11972518974310797,1
0.5,2937,31,31,31,31,0.22766745050707948,1
0.5,2939,31,31,31,31,0.5413444785315458,1
0.5,2941,31,13,31,31,0.0374563105089174,1
0.5,2943,31,13,25,25,0.22919906434023574,1
0.5,2945,32,32,32,32,0.7490997833767201,1
0.5,2947,32,32,32,32,0.39227748279107744,1
0.5,2949,32,32,32,32,0.7107386442982274,1
0.5,2951,32,32,32,32,1.370065376340159,0
0.5,2953,32,32,32,32,1.2541457596953405,0
0.5,2955,32,32,32,32,1.3439314242031302,0
0.5,2957,32,32,32,32,0.7979524101824937,1
0.5,2959,32,32,32,32,1.3668333877104075,0
0.5,2961,32,32,32,32,1.1772412863072677,0
0.5,2963,32,32,32,32,0.8145298930382195,1
0.5,2965,32,32,32,32,1.2012047966341233,0
0.5,2967,32,32,32,32,0.9496926432307407,0
0.5,2969,32,32,32,32,0.5028953303807053,1
0.5,2971,32,32,32,32,0.8281042066658555,1
0.5,2973,32,32,32,32,1.0296831404780395,0
0.5,2975,32,32,32,32,0.8083993202022486,1
0.5,2977,32,24,32,32,0.06466808530881385,1
0.5,2979,32,32,32,32,0.6782508172288042,1
0.5,2981,32,32,32,32,1.0726333932292607,0
0.5,2983,32,32,32,32,0.9636975673381719,0
0.5,2985,32,32,32,32,1.3520407142180486,0
0.5,2987,32,32,32,32,1.024566203461171,0
0.5,2989,32,32,32,32,1.0435466738330605,0
0.5,2991,32,32,32,32,0.25041176963537626,1
0.5,2993,32,32,32,32,0.8603564298981741,1
0.5,2995,32,5,5,5,0.33151820424199197,1
0.5,2997,32,32,32,32,0.7416548900186187,1
0.5,2999,32,32,32,32,1.0638278361421938,0
0.5,3001,32,32,32,32,0.03464955092610911,1
0.5,3003,32,32,32,32,0.596540471706466,1
0.5,3005,32,32,32,32,1.056019973771305,0
0.5,3007,32,32,32,32,0.9083736829150844,0
0.5,3009,32,32,32,32,1.462372635147743,0
0.5,3011,32,32,32,32,0.2951520737717913,1
0.5,3013,32,32,32,32,1.142909851639232,0
0.5,3015,32,32,32,32,1.147239517012363,0
0.5,3017,32,32,32,32,0.4775362118670543,1
0.5,3019,32,32,32,32,0.3677274819716546,1
0.5,3021,32,32,32,32,0.7102161678864649,1
0.5,3023,32,32,32,32,0.8101936100750959,1
0.5,3025,32,32,32,32,0.8704188717882098,1
0.5,3027,32,32,32,32,0.52365597487095,1
0.5,3029,32,5,32,32,0.1483705340126299,1
0.5,3031,32,32,32,32,0.5397034189786493,1
0.5,3033,32,32,32,32,0.2309027901648707,1
0.5,3035,32,16,32,32,0.14345024858816235,1
0.5,3037,33,33,33,33,1.9454281164995106,0
0.5,3039,33,33,33,33,1.302919895082463,0
0.5,3041,33,33,33,33,1.6376469881924685,0
0.5,3043,33,33,33,33,1.3914122040868928,0
0.5,3045,33,33,33,33,1.2384791935871755,0
0.5,3047,33,33,33,33,1.9869622766270205,0
0.5,3049,33,33,33,33,1.743687583802639,0
0.5,3051,33,33,33,33,1.313764156947788,0
0.5,3053,33,33,33,33,1.941231150459142,0
0.5,3055,33,33,33,33,1.2484091019117414,0
0.5,3057,33,33,33,33,0.9793920796324324,0
0.5,3059,33,33,33,33,1.631109419652542,0
0.5,3061,33,33,33,33,0.26451525876834836,1
0.5,3063,33,33,33,33,0.9467247386643785,0
0.5,3065,33,33,33,33,0.24046127000752227,1
0.5,3067,33,33,33,33,0.5362199751601819,1
0.5,3069,33,33,33,33,1.2711960567707248,0
0.5,3071,33,33,33,33,1.4910039489456424,0
0.5,3073,33,33,33,33,1.5836995175804587,0
0.5,3075,33,33,33,33,1.3729537167838255,0
0.5,3077,33,33,33,33,1.84443475851669,0
0.5,3079,33,33,33,33,1.0428113541813224,0
0.5,3081,33,33,33,33,1.0354142773972455,0
0.5,3083,33,33,33,33,0.6782456757688664,1
0.5,3085,33,33,33,33,1.2490211291224798,0
0.5,3087,33,33,33,33,1.125018475653613,0
0.5,3089,33,33,33,33,1.5808574539458837,0
0.5,3091,33,33,33,33,1.537128437887112,0
0.5,3093,33,33,33,33,1.281635415916475,0
0.5,3095,33,33,33,33,1.705683729421083,0
0.5,3097,33,33,33,33,1.7037596708190552,0
0.5,3099,33,33,33,33,1.0295133104331935,0
0.5,3101,33,33,33,33,2.1093642802749537,0
0.5,3103,33,33,33,33,0.4485485860764732,1
0.5,3105,33,33,33,33,1.9479811238073068,0
0.5,3107,33,33,33,33,1.0926831219518447,0
0.5,3109,33,33,33,33,0.8850461966430052,1
0.5,3111,33,33,33,33,0.8261330598823173,1
0.5,3113,33,33,33,33,1.1907718603311355,0
0.5,3115,33,33,33,33,0.7714800692323341,1
0.5,3117,33,33,33,33,2.41004972511822,0
0.5,3119,33,33,33,33,0.7684384869835048,1
0.5,3121,33,33,33,33,1.255171747766408,0
0.5,3123,33,33,33,33,0.7578138559630521,1
0.5,3125,33,33,33,33,1.1452382404433081,0
0.5,3127,33,33,33,33,1.1731229973572195,0
0.5,3129,34,34,34,34,1.8641399817929245,0
0.5,3131,34,34,34,34,1.8911950536426354,0
0.5,3133,34,34,34,34,1.767197267713016,0
0.5,3135,34,34,34,34,2.080129800706974,0
0.5,3137,34,34,34,34,2.011031907913272,0
0.5,3139,34,34,34,34,1.981621593423971,0
0.5,3141,34,34,34,34,1.7775930005125593,0
0.5,3143,34,34,34,34,2.018975161769109,0
0.5,3145,34,34,34,34,1.804332066464723,0
0.5,3147,34,34,34,34,1.5700150790150884,0
0.5,3149,34,34,34,34,1.8690876121668862,0
0.5,3151,34,34,34,34,1.6168573455006112,0
0.5,3153,34,34,34,34,2.016399519562703,0
0.5,3155,34,34,34,34,1.9574410948233743,0
0.5,3157,34,34,34,34,1.9561767528786547,0
0.5,3159,34,34,34,34,1.8637870127778928,0
0.5,3161,34,34,34,34,1.7338606867142037,0
0.5,3163,34,34,34,34,1.9686062385925516,0
0.5,3165,34,34,34,34,2.1761068897800886,0
0.5,3167,34,34,34,34,2.099141159785778,0
0.5,3169,34,34,34,34,2.126191955181508,0
0.5,3171,34,34,34,34,1.9884374556200692,0
0.5,3173,34,34,34,34,1.965851194681272,0
0.5,3175,34,34,34,34,1.9417372679373734,0
0.5,3177,34,34,34,34,1.9356841836743608,0
0.5,3179,34,34,34,34,2.00231626781036,0
0.5,3181,34,34,34,34,1.9613292416429116,0
0.5,3183,34,34,34,34,1.964853384746448,0
0.5,3185,34,34,34,34,1.7804855881419888,0
0.5,3187,34,34,34,34,2.14983643743918,0
0.5,3189,34,34,34,34,2.1787298364919288,0
0.5,3191,34,34,34,34,2.2149747255094696,0
0.5,3193,34,34,34,34,2.2573018890909076,0
0.5,3195,34,34,34,34,2.2104586350221345,0
0.5,3197,34,34,34,34,2.1666506074343945,0
0.5,3199,34,34,34,34,2.2332924933921303,0
0.5,3201,34,34,34,34,1.4364135729711536,0
0.5,3203,34,34,34,34,1.4689443066163927,0
0.5,3205,34,34,34,34,1.723194433030592,0
0.5,3207,34,34,34,34,2.0872940350035813,0
0.5,3209,34,34,34,34,1.7658253308606866,0
0.5,3211,34,34,34,34,2.122374054860929,0
0.5,3213,34,34,34,34,1.8512729656036018,0
0.5,3215,34,34,34,34,1.402764197928124,0
0.5,3217,34,34,34,34,1.6087945190463886,0
0.5,3219,34,34,34,34,1.3876533921363605,0
0.5,3221,35,35,35,35,1.0754233892437253,0
0.5,3223,35,35,35,35,0.6743074195671481,1
0.5,3225,35,35,35,35,1.247833725257665,0
0.5,3227,35,35,35,35,0.9840543763787968,0
0.5,3229,35,35,35,35,1.5870095580676624,0
0.5,3231,35,35,35,35,0.9949912121241311,0
0.5,3233,35,35,35,35,1.5677977503213114,0
0.5,3235,35,35,35,35,1.326406811508327,0
0.5,3237,35,35,35,35,1.8463532466645183,0
0.5,3239,35,35,35,35,1.4563719034187992,0
0.5,3241,35,35,35,35,1.4403977696593069,0
0.5,3243,35,35,35,35,1.2060492981076887,0
0.5,3245,35,35,35,35,1.4369321907634367,0
0.5,3247,35,35,35,35,1.6082316399993557,0
0.5,3249,35,35,35,35,1.3317015522553306,0
0.5,3251,35,35,35,35,1.5540755009015805,0
0.5,3253,35,35,35,35,0.8830997568203665,1
0.5,3255,35,35,35,35,0.9518865178574718,0
0.5,3257,35,35,35,35,1.3924632353800865,0
0.5,3259,35,35,35,35,1.2476055475600596,0
0.5,3261,35,35,35,35,1.7219829076179507,0
0.5,3263,35,35,35,35,1.5676565419585722,0
0.5,3265,35,35,35,35,1.728788014094882,0
0.5,3267,35,35,35,35,1.3559208401895795,0
0.5,3269,35,35,35,35,1.535770397044744,0
0.5,3271,35,35,35,35,1.6439743979971078,0
0.5,3273,35,35,35,35,2.0385081318104294,0
0.5,3275,35,35,35,35,1.4874446651137592,0
0.5,3277,35,35,35,35,0.9029113812925313,1
0.5,3279,35,35,35,35,1.3932450173529014,0
0.5,3281,35,35,35,35,1.2705458841860915,0
0.5,3283,35,35,35,35,1.7814533428616832,0
0.5,3285,35,35,35,35,1.857760394199471,0
0.5,3287,35,35,35,35,1.5064834114548427,0
0.5,3289,35,35,35,35,1.6460353343568066,0
0.5,3291,35,35,35,35,1.680566338719357,0
0.5,3293,35,35,35,35,1.202605662859797,0
0.5,3295,35,35,35,35,0.9860370679334839,0
0.5,3297,35,35,35,35,0.9526350670565099,0
0.5,3299,35,35,35,35,1.4916983552187337,0
0.5,3301,35,35,35,35,1.5181885138252662,0
0.5,3303,35,35,35,35,1.0692067312514033,0
0.5,3305,35,35,35,35,1.6122253337638721,0
0.5,3307,35,35,35,35,0.989339701176715,0
0.5,3309,35,35,35,35,0.9899500667545982,0
0.5,3311,35,35,35,35,1.2223780752854525,0
0.5,3313,36,36,36,36,0.17907179991012012,1
0.5,3315,36,36,36,36,0.595864920008003,1
0.5,3317,36,36,36,36,0.494854051486763,1
0.5,3319,36,36,36,36,0.57618934826523,1
0.5,3321,36,36,36,36,0.8318767369704285,1
0.5,3323,36,36,36,36,0.5384479384777991,1
0.5,3325,36,36,36,36,0.66990471191381,1
0.5,3327,36,36,36,36,0.28282136575333383,1
0.5,3329,36,36,36,36,0.7510487756966426,1
0.5,3331,36,36,36,36,0.5951720197814367,1
0.5,3333,36,36,36,36,0.6384822317961403,1
0.5,3335,36,36,36,36,0.3110937221612955,1
0.5,3337,36,36,36,36,0.21769073157977137,1
0.5,3339,36,36,36,36,0.29354151690770913,1
0.5,3341,36,36,36,36,0.31735190482057485,1
0.5,3343,36,36,36,36,0.4273593307981709,1
0.5,3345,36,36,36,36,0.2909791861627362,1
0.5,3347,36,36,36,36,0.3838464435956652,1
0.5,3349,36,36,36,36,0.2817076900431248,1
0.5,3351,36,36,36,36,0.37000223218232975,1
0.5,3353,36,36,36,36,0.7381703823550132,1
0.5,3355,36,18,36,36,0.03939265880400833,1
0.5,3357,36,36,36,36,0.6513750295947126,1
0.5,3359,36,36,36,36,0.43359591640279627,1
0.5,3361,36,36,36,36,0.3635176355871481,1
0.5,3363,36,36,36,36,0.34311861363186447,1
0.5,3365,36,36,36,36,0.3741378435151921,1
0.5,3367,36,36,36,36,0.5997792232417003,1
0.5,3369,36,18,36,36,0.09813482990502309,1
0.5,3371,36,36,36,36,0.5117351984777092,1
0.5,3373,36,36,36,36,0.5379147885478059,1
0.5,3375,36,36,36,36,0.6335518051899789,1
0.5,3377,36,36,36,36,0.514403727740282,1
0.5,3379,36,36,36,36,0.6240977552498286,1
0.5,3381,36,36,36,36,0.4806643175748344,1
0.5,3383,36,36,36,36,0.5539861403480106,1
0.5,3385,36,36,36,36,0.33357228046706533,1
0.5,3387,36,36,36,36,0.1176952223095653,1
0.5,3389,36,36,36,36,0.48259632096596006,1
0.5,3391,36,36,36,36,0.5888757932325945,1
0.5,3393,36,36,36,36,0.4690798350082128,1
0.5,3395,36,36,36,36,0.5435767443846786,1
0.5,3397,36,36,36,36,0.4487735360000751,1
0.5,3399,36,36,36,36,0.6653410085264986,1
0.5,3401,36,36,36,36,0.5707747760851143,1
0.5,3403,36,36,36,36,0.23779197464082347,1
0.5,3405,37,37,37,37,2.0235093611674597,0
0.5,3407,37,37,37,37,1.699858302903698,0
0.5,3409,37,37,37,37,1.8297255706852287,0
0.5,3411,37,37,37,37,1.6635358437205934,0
0.5,3413,37,37,37,37,1.7126459977890498,0
0.5,3415,37,37,37,37,1.64069388021659,0
0.5,3417,37,37,37,37,1.6288610413823559,0
0.5,3419,37,37,37,37,2.2066591408846215,0
0.5,3421,37,37,37,37,1.7956990683112253,0
0.5,3423,37,37,37,37,2.0157216093985064,0
0.5,3425,37,37,37,37,1.7872813950492308,0
0.5,3427,37,37,37,37,2.109302765678066,0
0.5,3429,37,37,37,37,1.9931138489581033,0
0.5,3431,37,37,37,37,1.8681058560573227,0
0.5,3433,37,37,37,37,1.9082893385198072,0
0.5,3435,37,37,37,37,1.965971484218133,0
0.5,3437,37,37,37,37,1.4914895534087638,0
0.5,3439,37,37,37,37,1.581100100892357,0
0.5,3441,37,37,37,37,2.1227206408963895,0
0.5,3443,37,37,37,37,2.249966467045745,0
0.5,3445,37,37,37,37,1.9103987213390847,0
0.5,3447,37,37,37,37,2.0822229083542396,0
0.5,3449,37,37,37,37,2.1009130323876586,0
0.5,3451,37,37,37,37,2.0237511157921837,0
0.5,3453,37,37,37,37,1.9856986498322549,0
0.5,3455,37,37,37,37,1.4778791494510126,0
0.5,3457,37,37,37,37,2.0562350188742364,0
0.5,3459,37,37,37,37,2.0104690452389735,0
0.5,3461,37,37,37,37,1.3784757679344812,0
0.5,3463,37,37,37,37,1.940305033744746,0
0.5,3465,37,37,37,37,2.11750227482591,0
0.5,3467,37,37,37,37,1.9616545227407358,0
0.5,3469,37,37,37,37,1.7970092375169857,0
0.5,3471,37,37,37,37,1.9567839052499116,0
0.5,3473,37,37,37,37,1.8536569416352124,0
0.5,3475,37,37,37,37,1.8947284937272073,0
0.5,3477,37,37,37,37,1.8130215267725691,0
0.5,3479,37,37,37,37,1.012809570682871,0
0.5,3481,37,37,37,37,1.8497837518780034,0
0.5,3483,37,37,37,37,1.7009496829526247,0
0.5,3485,37,37,37,37,2.0538020658226515,0
0.5,3487,37,37,37,37,1.7291670357616908,0
0.5,3489,37,37,37,37,1.1370718552453958,0
0.5,3491,37,37,37,37,1.178532270721274,0
0.5,3493,37,37,37,37,1.1135102469480298,0
0.5,3495,37,37,37,37,1.1401707272376624,0
0.5,3497,38,38,38,38,1.9028952389272922,0
0.5,3499,38,38,38,38,0.8874538636755085,1
0.5,3501,38,38,38,38,1.6607113672381497,0
0.5,3503,38,38,38,38,0.9700742994423932,0
0.5,3505,38,38,38,38,1.260781646445019,0
0.5,3507,38,38,38,38,0.672226200315831,1
0.5,3509,38,38,38,38,1.146715895170466,0
0.5,3511,38,38,38,38,0.9851870718910911,0
0.5,3513,38,38,38,38,1.521524934746732,0
0.5,3515,38,38,38,38,0.4863678789365862,1
0.5,3517,38,38,38,38,1.282786814361915,0
0.5,3519,38,38,38,38,0.441947115476518,1
0.5,3521,38,38,38,38,1.2962684966512978,0
0.5,3523,38,38,38,38,1.4624896569578183,0
0.5,3525,38,38,38,38,1.259321250780272,0
0.5,3527,38,38,38,38,1.3140994264824104,0
0.5,3529,38,38,38,38,1.9212124774821464,0
0.5,3531,38,38,38,38,1.2725696624837834,0
0.5,3533,38,38,38,38,1.8280927281084283,0
0.5,3535,38,38,38,38,2.0774890339480376,0
0.5,3537,38,38,38,38,1.2715008145385762,0
0.5,3539,38,38,38,38,1.7775215104820898,0
0.5,3541,38,38,38,38,1.9638479235105177,0
0.5,3543,38,38,38,38,1.801584357408915,0
0.5,3545,38,38,38,38,1.6133071968731203,0
0.5,3547,38,38,38,38,1.4082230569116698,0
0.5,3549,38,38,38,38,0.5311599631094699,1
0.5,3551,38,38,38,38,0.20201125942524056,1
0.5,3553,38,38,38,38,1.7397963139944692,0
0.5,3555,38,38,38,38,2.0844300493392094,0
0.5,3557,38,38,38,38,1.758305614605023,0
0.5,3559,38,38,38,38,2.219704998004354,0
0.5,3561,38,38,38,38,1.57392226914211,0
0.5,3563,38,38,38,38,2.1106752988465063,0
0.5,3565,38,38,38,38,1.231534764163332,0
0.5,3567,38,38,38,38,0.9440084224847398,0
0.5,3569,38,38,38,38,0.0008088557446566114,1
0.5,3571,38,38,38,38,1.5042540440768113,0
0.5,3573,38,38,38,38,1.3550988282549865,0
0.5,3575,38,38,38,38,1.7346405661311275,0
0.5,3577,38,38,38,38,1.6205721328792029,0
0.5,3579,38,38,38,38,1.733290707283686,0
0.5,3581,38,38,38,38,1.7163287705398527,0
0.5,3583,38,38,38,38,1.7212804091145302,0
0.5,3585,38,38,38,38,1.4453776011333017,0
0.5,3587,38,38,38,38,0.6785620901580519,1
0.5,3589,39,39,39,39,1.7536022346454314,0
0.5,3591,39,39,39,39,1.4314958930866908,0
0.5,3593,39,39,39,39,1.6738930450571534,0
0.5,3595,39,39,39,39,1.7782527804129562,0
0.5,3597,39,39,39,39,1.9326477834428029,0
0.5,3599,39,39,39,39,1.9868256531447188,0
0.5,3601,39,39,39,39,2.071253434416249,0
0.5,3603,39,39,39,39,1.8918152514966309,0
0.5,3605,39,39,39,39,1.8981707278575977,0
0.5,3607,39,39,39,39,1.843088688000285,0
0.5,3609,39,39,39,39,1.772923213107212,0
0.5,3611,39,39,39,39,1.8662948564445487,0
0.5,3613,39,39,39,39,1.9408223067658463,0
0.5,3615,39,39,39,39,1.8735205782125286,0
0.5,3617,39,39,39,39,1.842429401523134,0
0.5,3619,39,39,39,39,1.925449812431748,0
0.5,3621,39,39,39,39,1.638884049067932,0
0.5,3623,39,39,39,39,1.8974820981655698,0
0.5,3625,39,39,39,39,1.935020202165306,0
0.5,3627,39,39,39,39,2.018611885014999,0
0.5,3629,39,39,39,39,2.0174501054306355,0
0.5,3631,39,39,39,39,1.9596054981483788,0
0.5,3633,39,39,39,39,1.8670463396379455,0
0.5,3635,39,39,39,39,1.999315452960877,0
0.5,3637,39,39,39,39,2.089578275051119,0
0.5,3639,39,39,39,39,1.9334307814975364,0
0.5,3641,39,39,39,39,1.9083873125254303,0
0.5,3643,39,39,39,39,1.741136671110575,0
0.5,3645,39,39,39,39,1.6959498224629201,0
0.5,3647,39,39,39,39,2.0232947394655216,0
0.5,3649,39,39,39,39,2.0224620484622564,0
0.5,3651,39,39,39,39,1.8781584514125353,0
0.5,3653,39,39,39,39,2.205670739772949,0
0.5,3655,39,39,39,39,1.9242520937232546,0
0.5,3657,39,39,39,39,2.182780397549723,0
0.5,3659,39,39,39,39,1.9860127575802609,0
0.5,3661,39,39,39,39,1.3510004366961341,0
0.5,3663,39,39,39,39,1.6004449474363769,0
0.5,3665,39,39,39,39,2.0190045128994454,0
0.5,3667,39,39,39,39,1.8330060082863815,0
0.5,3669,39,39,39,39,2.1466445356777943,0
0.5,3671,39,39,39,39,2.140291263479048,0
0.5,3673,39,39,39,39,1.5750410110109199,0
0.5,3675,39,39,39,39,1.9039076929767695,0
0.5,3677,39,39,39,39,1.7682831942661121,0
0.5,3679,39,39,39,39,1.6617806310180632,0
0.5,3681,40,40,40,40,0.7019470835848309,1
0.5,3683,40,40,40,40,0.5053602941046054,1
0.5,3685,40,40,40,40,0.329051056035113,1
0.5,3687,40,40,40,40,0.38331768019521695,1
0.5,3689,40,40,40,40,0.430214761518925,1
0.5,3691,40,40,40,40,0.4250647234020517,1
0.5,3693,40,40,40,40,0.40720134380071127,1
0.5,3695,40,40,40,40,0.39481071800792744,1
0.5,3697,40,40,40,40,0.5672584078385421,1
0.5,3699,40,40,40,40,0.37401067615500294,1
0.5,3701,40,40,40,40,0.22086335861665995,1
0.5,3703,40,40,40,40,0.3127206370526977,1
0.5,3705,40,40,40,40,0.32410378804885753,1
0.5,3707,40,15,15,15,0.04449488470649943,1
0.5,3709,40,40,40,40,0.19370436599308782,1
0.5,3711,40,40,40,40,0.18317248904670735,1
0.5,3713,40,40,40,40,0.4289237932351899,1
0.5,3715,40,40,40,40,0.217457000589395,1
0.5,3717,40,40,40,40,0.6167319388886829,1
0.5,3719,40,40,40,40,0.8198342215504217,1
0.5,3721,40,40,40,40,0.48034638056494594,1
0.5,3723,40,40,40,40,0.4911018098312724,1
0.5,3725,40,40,40,40,0.3003946171543108,1
0.5,3727,40,40,40,40,0.3693623460914738,1
0.5,3729,40,40,40,40,0.007833484367028687,1
0.5,3731,40,40,40,40,0.19621975783321166,1
0.5,3733,40,40,40,40,0.2650920027670781,1
0.5,3735,40,40,40,40,0.26993596210759274,1
0.5,3737,40,40,40,40,0.43375596929410265,1
0.5,3739,40,40,40,40,0.6992948553753839,1
0.5,3741,40,40,40,40,0.6191928377401366,1
0.5,3743,40,40,40,40,0.6904624255310468,1
0.5,3745,40,40,40,40,0.47374427571720035,1
0.5,3747,40,40,40,40,0.3762673826498062,1
0.5,3749,40,40,40,40,0.58500814564165,1
0.5,3751,40,40,40,40,0.29308848505958895,1
0.5,3753,40,40,40,40,0.16834850128153656,1
0.5,3755,40,40,40,40,0.5476004060694781,1
0.5,3757,40,40,40,40,0.583644552031504,1
0.5,3759,40,40,40,40,0.18990626155232904,1
0.5,3761,40,40,40,40,0.7112366067873677,1
0.5,3763,40,40,40,40,0.2528997180148004,1
0.5,3765,40,20,40,40,0.001968599511302238,1
0.5,3767,40,40,40,40,0.1416676480956236,1
0.5,3769,40,48,40,40,0.07400911038480884,1
0.5,3771,40,53,13,13,0.3463040810138901,1
0.5,3773,41,41,41,41,1.5632827064269188,0
0.5,3775,41,41,41,41,1.3832563432740543,0
0.5,3777,41,41,41,41,1.5222943257530335,0
0.5,3779,41,41,41,41,1.7017105671360204,0
0.5,3781,41,41,41,41,1.4764066117317727,0
0.5,3783,41,41,41,41,0.5454164198275389,1
0.5,3785,41,41,41,41,0.27909068416683225,1
0.5,3787,41,41,41,41,1.7064560287235293,0
0.5,3789,41,41,41,41,1.0767811625611947,0
0.5,3791,41,41,41,41,0.795035943652909,1
0.5,3793,41,41,41,41,1.7774978725088952,0
0.5,3795,41,41,41,41,1.1064019392304916,0
0.5,3797,41,41,41,41,1.6811425654191816,0
0.5,3799,41,41,41,41,1.7711455607185673,0
0.5,3801,41,41,41,41,1.2758340741559726,0
0.5,3803,41,41,41,41,1.131734977923499,0
0.5,3805,41,41,41,41,2.031210265972029,0
0.5,3807,41,41,41,41,1.8925755847762433,0
0.5,3809,41,41,41,41,2.07565060472858,0
0.5,3811,41,41,41,41,1.76891199030742,0
0.5,3813,41,41,41,41,1.6015805281379327,0
0.5,3815,41,41,41,41,1.6207633475031118,0
0.5,3817,41,41,41,41,2.044114778803566,0
0.5,3819,41,41,41,41,1.5798270464352506,0
0.5,3821,41,41,41,41,2.1172795681138386,0
0.5,3823,41,41,41,41,1.8116880285491224,0
0.5,3825,41,41,41,41,0.8754998462985144,1
0.5,3827,41,41,41,41,0.7205641735888114,1
0.5,3829,41,41,41,41,2.0835841170163016,0
0.5,3831,41,41,41,41,1.7745293397299315,0
0.5,3833,41,41,41,41,1.941754581543594,0
0.5,3835,41,41,41,41,1.638299473920485,0
0.5,3837,41,41,41,41,1.60747988092433,0
0.5,3839,41,41,41,41,1.865684799883034,0
0.5,3841,41,41,41,41,1.1781085550322825,0
0.5,3843,41,41,41,41,1.730385330993343,0
0.5,3845,41,41,41,41,0.7851060805531851,1
0.5,3847,41,41,41,41,2.105445829796935,0
0.5,3849,41,41,41,41,2.0476477443751233,0
0.5,3851,41,41,41,41,2.0744608278155603,0
0.5,3853,41,41,41,41,1.3848661652630823,0
0.5,3855,41,41,41,41,1.7922836643306441,0
0.5,3857,41,41,41,41,1.8366310623565272,0
0.5,3859,41,41,41,41,1.4751449897688764,0
0.5,3861,41,41,41,41,0.8002280019687855,1
0.5,3863,41,41,41,41,1.1108841616981202,0
0.5,3865,42,42,42,42,0.6152819555644755,1
0.5,3867,42,42,42,42,0.8008340224967221,1
0.5,3869,42,42,42,42,0.8339813413882216,1
0.5,3871,42,42,42,42,1.0972119262148938,0
0.5,3873,42,42,42,42,0.7423304934833566,1
0.5,3875,42,42,42,42,0.6391063856984553,1
0.5,3877,42,42,42,42,0.9937396969967092,0
0.5,3879,42,42,42,42,0.8463664356222358,1
0.5,3881,42,42,42,42,1.1582029673283754,0
0.5,3883,42,42,42,42,1.2190031254094327,0
0.5,3885,42,42,42,42,1.2225393045244588,0
0.5,3887,42,42,42,42,1.0845498403012213,0
0.5,3889,42,42,42,42,1.058316247716063,0
0.5,3891,42,42,42,42,0.7555312863289152,1
0.5,3893,42,42,42,42,0.7682353425389842,1
0.5,3895,42,42,42,42,0.9690226277621964,0
0.5,3897,42,42,42,42,0.9716624720232929,0
0.5,3899,42,42,42,42,0.5343823664236109,1
0.5,3901,42,42,42,42,1.0509392460059248,0
0.5,3903,42,42,42,42,0.7998528540322335,1
0.5,3905,42,42,42,42,1.0283426609304893,0
0.5,3907,42,42,42,42,1.276520702138849,0
0.5,3909,42,42,42,42,0.9770840030041481,0
0.5,3911,42,42,42,42,1.215467615854899,0
0.5,3913,42,42,42,42,0.6153226625432464,1
0.5,3915,42,42,42,42,0.9841390339861901,0
0.5,3917,42,42,42,42,0.8533078665370655,1
0.5,3919,42,42,42,42,0.7345241389151977,1
0.5,3921,42,42,42,42,0.8798555168564052,1
0.5,3923,42,42,42,42,0.9365763732723063,0
0.5,3925,42,42,42,42,1.115484434608163,0
0.5,3927,42,42,42,42,1.3230619063773315,0
0.5,3929,42,42,42,42,1.2433737615786822,0
0.5,3931,42,42,42,42,1.2452960897929184,0
0.5,3933,42,42,42,42,0.8897304281110296,1
0.5,3935,42,42,42,42,0.43069030403565156,1
0.5,3937,42,42,42,42,0.39914651538887114,1
0.5,3939,42,42,42,42,0.7991859609685206,1
0.5,3941,42,42,42,42,0.7795002916967735,1
0.5,3943,42,42,42,42,0.9734261665362272,0
0.5,3945,42,42,42,42,0.8164320707907236,1
0.5,3947,42,42,42,42,1.150219603379055,0
0.5,3949,42,42,42,42,0.6371426025426865,1
0.5,3951,42,42,42,42,0.3852361605054877,1
0.5,3953,42,42,42,42,0.8940336792645225,1
0.5,3955,42,42,42,42,0.5125673132338531,1
0.5,3957,43,43,43,43,1.1394072336062149,0
0.5,3959,43,43,43,43,0.180237436097751,1
0.5,3961,43,43,43,43,0.7726364316137221,1
0.5,3963,43,43,43,43,1.0439596916020175,0
0.5,3965,43,43,43,43,0.8446671472701505,1
0.5,3967,43,43,43,43,1.3212265785334458,0
0.5,3969,43,43,43,43,1.1584507106067574,0
0.5,3971,43,43,43,43,1.9403181958653093,0
0.5,3973,43,43,43,43,1.5613466088123646,0
0.5,3975,43,43,43,43,0.3136868593640313,1
0.5,3977,43,43,43,43,1.5539847526247161,0
0.5,3979,43,43,43,43,1.4975083134240414,0
0.5,3981,43,43,43,43,1.482304856289712,0
0.5,3983,43,43,43,43,1.6769912963143607,0
0.5,3985,43,43,43,43,1.4684874503228833,0
0.5,3987,43,43,43,43,1.536012983228723,0
0.5,3989,43,43,43,43,0.5862724718701141,1
0.5,3991,43,43,43,43,0.15678845703667377,1
0.5,3993,43,43,43,43,2.133099830876205,0
0.5,3995,43,43,43,43,2.089680208916773,0
0.5,3997,43,43,43,43,1.6460974932257781,0
0.5,3999,43,43,43,43,1.8022661769964654,0
0.5,4001,43,43,43,43,1.87924620223319,0
0.5,4003,43,43,43,43,1.28025215852121,0
0.5,4005,43,43,43,43,1.8479075287105715,0
0.5,4007,43,43,43,43,1.2719873978481975,0
0.5,4009,43,43,43,43,0.6232306913197542,1
0.5,4011,43,43,43,43,1.2373994072540464,0
0.5,4013,43,43,43,43,0.921639067911015,0
0.5,4015,43,43,43,43,1.6004125919017316,0
0.5,4017,43,43,43,43,1.7725424096737332,0
0.5,4019,43,43,43,43,1.6013298743419664,0
0.5,4021,43,43,43,43,1.5233447650827965,0
0.5,4023,43,43,43,43,1.3110615427052033,0
0.5,4025,43,43,43,43,0.8257982442548086,1
0.5,4027,43,43,43,43,0.851485384143867,1
0.5,4029,43,43,43,43,0.22881990015157028,1
0.5,4031,43,43,43,43,0.36666172235283634,1
0.5,4033,43,43,43,43,0.17692201119314643,1
0.5,4035,43,43,43,43,0.9322042144235554,0
0.5,4037,43,43,43,43,0.5435330320845813,1
0.5,4039,43,43,43,43,1.7174960157089965,0
0.5,4041,43,43,43,43,0.0045041302779281756,1
0.5,4043,43,55,43,43,0.1222359042950858,1
0.5,4045,43,43,43,43,0.21989581790945678,1
0.5,4047,43,43,43,43,0.0785241278088662,1
0.5,4049,44,44,44,44,1.3107787540079316,0
0.5,4051,44,44,44,44,1.2008151942880925,0
0.5,4053,44,44,44,44,1.5947908575142251,0
0.5,4055,44,44,44,44,0.9768325729093916,0
0.5,4057,44,44,44,44,1.6316398032818027,0
0.5,4059,44,44,44,44,0.5663667031365855,1
0.5,4061,44,44,44,44,0.3489555468836021,1
0.5,4063,44,44,44,44,1.8238869011844066,0
0.5,4065,44,44,44,44,1.096080895002518,0
0.5,4067,44,44,44,44,0.49060570400106074,1
0.5,4069,44,44,44,44,1.7517153449779856,0
0.5,4071,44,44,44,44,0.3516157810184528,1
0.5,4073,44,44,44,44,1.9956280259266428,0
0.5,4075,44,44,44,44,1.359197862244747,0
0.5,4077,44,44,44,44,0.9655231522094325,0
0.5,4079,44,44,44,44,0.7363502153708288,1
0.5,4081,44,44,44,44,1.3743627207297684,0
0.5,4083,44,44,44,44,1.51139286859806,0
0.5,4085,44,44,44,44,1.9933687041766945,0
0.5,4087,44,44,44,44,1.9178053491382583,0
0.5,4089,44,44,44,44,2.0881021835894207,0
0.5,4091,44,44,44,44,1.6736249358468998,0
0.5,4093,44,44,44,44,1.1764876196399512,0
0.5,4095,44,44,44,44,1.4216494660528367,0
0.5,4097,44,44,44,44,1.1134447502268743,0
0.5,4099,44,44,44,44,1.0863474184606128,0
0.5,4101,44,44,44,44,0.4673393118758862,1
0.5,4103,44,44,44,44,0.4199059237591879,1
0.5,4105,44,44,44,44,1.4440187767577264,0
0.5,4107,44,44,44,44,1.8921739030582714,0
0.5,4109,44,44,44,44,1.5174516344451705,0
0.5,4111,44,44,44,44,1.6985191094564625,0
0.5,4113,44,44,44,44,1.2909976173586706,0
0.5,4115,44,44,44,44,1.9268648472820853,0
0.5,4117,44,44,44,44,0.9129774491392173,0
0.5,4119,44,44,44,44,1.2330082091257577,0
0.5,4121,44,44,44,44,0.31593220561746804,1
0.5,4123,44,44,44,44,1.1167945508028336,0
0.5,4125,44,44,44,44,1.183811975807295,0
0.5,4127,44,44,44,44,1.5378034375859906,0
0.5,4129,44,44,44,44,1.3542776618129277,0
0.5,4131,44,44,44,44,1.2586905749885346,0
0.5,4133,44,44,44,44,1.4345283772375883,0
0.5,4135,44,44,44,44,0.2996942688327412,1
0.5,4137,44,44,44,44,1.4278175526232233,0
0.5,4139,44,44,44,44,0.4352989419576597,1
0.5,4141,45,45,45,45,0.03383983071899199,1
0.5,4143,45,28,45,45,0.07203584668538743,1
0.5,4145,45,45,45,45,0.03965348658148182,1
0.5,4147,45,45,45,45,0.3012458375317363,1
0.5,4149,45,45,45,45,0.3266473369916939,1
0.5,4151,45,45,45,45,0.6532057499170454,1
0.5,4153,45,45,45,45,0.5788022813819145,1
0.5,4155,45,45,45,45,1.3772218285022904,0
0.5,4157,45,45,45,45,1.6385445511015146,0
0.5,4159,45,45,45,45,1.2636894021059153,0
0.5,4161,45,45,45,45,1.8311039218931864,0
0.5,4163,45,45,45,45,1.136529759587955,0
0.5,4165,45,45,45,45,1.6794613718157552,0
0.5,4167,45,45,45,45,1.6725879994077424,0
0.5,4169,45,45,45,45,1.9402569882414618,0
0.5,4171,45,45,45,45,1.636210092530797,0
0.5,4173,45,24,45,45,0.04187126401031893,1
0.5,4175,45,24,45,45,0.47931700302225544,1
0.5,4177,45,45,45,45,0.3771986793306161,1
0.5,4179,45,45,45,45,0.6647983955366614,1
0.5,4181,45,45,45,45,0.43115012951227705,1
0.5,4183,45,45,45,45,1.3900444761805433,0
0.5,4185,45,45,45,45,1.6129027843727766,0
0.5,4187,45,45,45,45,1.496281630799339,0
0.5,4189,45,45,45,45,1.6346632187758217,0
0.5,4191,45,45,45,45,1.5079873448554981,0
0.5,4193,45,45,45,45,2.0577367244412956,0
0.5,4195,45,45,45,45,2.0431915196245383,0
0.5,4197,45,45,45,45,0.014331728860595638,1
0.5,4199,45,45,45,45,0.3253015425510206,1
0.5,4201,45,45,45,45,0.32695508777292237,1
0.5,4203,45,45,45,45,1.3504493557863189,0
0.5,4205,45,45,45,45,0.6679772383720893,1
0.5,4207,45,45,45,45,1.6655971511585501,0
0.5,4209,45,45,45,45,1.684203201875984,0
0.5,4211,45,45,45,45,2.0089216040094726,0
0.5,4213,45,45,45,45,1.6238898497590455,0
0.5,4215,45,45,45,45,0.1431350424468978,1
0.5,4217,45,11,45,45,0.03186599350545116,1
0.5,4219,45,45,45,45,0.6406031670554517,1
0.5,4221,45,45,45,45,0.035193374993460314,1
0.5,4223,45,45,45,45,1.3105638762819039,0
0.5,4225,45,45,45,45,1.985232541238551,0
0.5,4227,45,45,45,45,0.056026609324207666,1
0.5,4229,45,45,45,45,0.51020381579987,1
0.5,4231,45,45,45,45,1.6069933820555458,0
0.5,4233,46,46,46,46,0.6802891096470289,1
0.5,4235,46,46,46,46,1.198483192374391,0
0.5,4237,46,46,46,46,1.3662268859126014,0
0.5,4239,46,46,46,46,1.2522159270368878,0
0.5,4241,46,46,46,46,1.1142509364205573,0
0.5,4243,46,46,46,46,1.1171217756667762,0
0.5,4245,46,46,46,46,1.1340846496559167,0
0.5,4247,46,46,46,46,1.48658519868455,0
0.5,4249,46,46,46,46,1.5942364508437226,0
0.5,4251,46,46,46,46,0.5230363308732375,1
0.5,4253,46,46,46,46,1.4387211679315741,0
0.5,4255,46,46,46,46,1.4128952250788225,0
0.5,4257,46,46,46,46,1.1462815545466296,0
0.5,4259,46,46,46,46,1.4011024577798792,0
0.5,4261,46,46,46,46,1.0958925868751632,0
0.5,4263,46,46,46,46,1.082747775248309,0
0.5,4265,46,46,46,46,1.1235607480021836,0
0.5,4267,46,46,46,46,0.8086470315803282,1
0.5,4269,46,46,46,46,1.5633220790040354,0
0.5,4271,46,46,46,46,1.5371240351288717,0
0.5,4273,46,46,46,46,1.295857471550684,0
0.5,4275,46,46,46,46,1.36212878775997,0
0.5,4277,46,46,46,46,1.6945092417292624,0
0.5,4279,46,46,46,46,1.7040619326554767,0
0.5,4281,46,46,46,46,1.3813720938753893,0
0.5,4283,46,46,46,46,0.9460980167802782,0
0.5,4285,46,46,46,46,0.9156968125518126,0
0.5,4287,46,46,46,46,0.74646145629806,1
0.5,4289,46,46,46,46,0.673744706626541,1
0.5,4291,46,46,46,46,0.8474938292157598,1
0.5,4293,46,46,46,46,1.1014838314162523,0
0.5,4295,46,46,46,46,1.3792472562951392,0
0.5,4297,46,46,46,46,0.21549048464664766,1
0.5,4299,46,46,46,46,1.4738646627187495,0
0.5,4301,46,46,46,46,1.2254417963992403,0
0.5,4303,46,46,46,46,0.7836260963175801,1
0.5,4305,46,46,46,46,0.6064011880840263,1
0.5,4307,46,46,46,46,0.5274888301273282,1
0.5,4309,46,46,46,46,0.46838192181076055,1
0.5,4311,46,46,46,46,1.145325990908377,0
0.5,4313,46,46,46,46,0.37243583459665297,1
0.5,4315,46,46,46,46,1.2545774373575245,0
0.5,4317,46,46,46,46,0.6937117083541209,1
0.5,4319,46,31,46,46,0.06486959807117154,1
0.5,4321,46,46,46,46,0.6674745554102943,1
0.5,4323,46,46,46,46,0.46564685183275567,1
0.5,4325,47,47,47,47,0.0062255725743174395,1
0.5,4327,47,47,47,47,0.22170982420274754,1
0.5,4329,47,47,47,47,0.14720604633891932,1
0.5,4331,47,47,47,47,0.9854421812271419,0
0.5,4333,47,47,47,47,0.7619488352039209,1
0.5,4335,47,47,47,47,0.7008030243490517,1
0.5,4337,47,47,47,47,0.7506185533696004,1
0.5,4339,47,47,47,47,0.6572907149229854,1
0.5,4341,47,47,47,47,0.7768319206626343,1
0.5,4343,47,47,47,47,0.44611300597360737,1
0.5,4345,47,47,47,47,1.0473855416064102,0
0.5,4347,47,47,47,47,0.9191393909179488,0
0.5,4349,47,47,47,47,0.877317640623813,1
0.5,4351,47,47,47,47,0.9415842122729214,0
0.5,4353,47,47,47,47,0.7849540047387042,1
0.5,4355,47,47,47,47,0.6980640577059891,1
0.5,4357,47,47,47,47,0.5674199930871135,1
0.5,4359,47,47,47,47,0.5234596916935466,1
0.5,4361,47,47,47,47,1.1925824690254063,0
0.5,4363,47,47,47,47,1.1760508743348506,0
0.5,4365,47,47,47,47,1.299802058271532,0
0.5,4367,47,47,47,47,1.5651487459246967,0
0.5,4369,47,47,47,47,1.4452372981839368,0
0.5,4371,47,47,47,47,1.9317125020340415,0
0.5,4373,47,47,47,47,1.557782102289964,0
0.5,4375,47,47,47,47,0.7291883506034531,1
0.5,4377,47,47,47,47,0.87585770645775,1
0.5,4379,47,47,47,47,0.8908445198491808,1
0.5,4381,47,47,47,47,0.5894046141716205,1
0.5,4383,47,47,47,47,1.1475959918110743,0
0.5,4385,47,47,47,47,1.5850923575636844,0
0.5,4387,47,47,47,47,1.8599988974655144,0
0.5,4389,47,47,47,47,1.0962079503588358,0
0.5,4391,47,47,47,47,1.7300215806049948,0
0.5,4393,47,47,47,47,1.3095928685528717,0
0.5,4395,47,47,47,47,1.3319594389359735,0
0.5,4397,47,47,47,47,0.7581717567606863,1
0.5,4399,47,47,47,47,0.8462514141221733,1
0.5,4401,47,47,47,47,1.176959302300002,0
0.5,4403,47,47,47,47,0.9832024133737549,0
0.5,4405,47,47,47,47,0.9065539428727736,1
0.5,4407,47,47,47,47,1.3141771546331997,0
0.5,4409,47,47,47,47,0.8935253746631195,1
0.5,4411,47,47,47,47,0.6207253546236133,1
0.5,4413,47,47,47,47,0.583992945044882,1
0.5,4415,47,47,47,47,0.40455294003956466,1
0.5,4417,48,48,48,48,0.2164732901534001,1
0.5,4419,48,53,48,48,0.04616761121157298,1
0.5,4421,48,48,48,48,0.3686979632914369,1
0.5,4423,48,23,48,48,0.06028364439481704,1
0.5,4425,48,48,48,48,0.3982391087942807,1
0.5,4427,48,53,48,48,0.20455927208919977,1
0.5,4429,48,53,15,15,0.05344600603496874,1
0.5,4431,48,48,48,48,0.6407395174385726,1
0.5,4433,48,53,48,48,0.06653221579660484,1
0.5,4435,48,48,48,48,0.26094442968063114,1
0.5,4437,48,48,48,48,0.3131981758449731,1
0.5,4439,48,48,48,48,0.2320838846142419,1
0.5,4441,48,48,48,48,0.4919510586312641,1
0.5,4443,48,48,48,48,0.34262521160453563,1
0.5,4445,48,48,48,48,0.19944553277317723,1
0.5,4447,48,48,48,48,0.31432507168191137,1
0.5,4449,48,48,48,48,0.46307934890066593,1
0.5,4451,48,48,48,48,0.2562888087813424,1
0.5,4453,48,48,48,48,0.5545200132163213,1
0.5,4455,48,48,48,48,0.37693840750577057,1
0.5,4457,48,48,48,48,0.24756626675024695,1
0.5,4459,48,48,48,48,0.4585600627099091,1
0.5,4461,48,48,48,48,0.4554844025257636,1
0.5,4463,48,48,48,48,0.5035020534963706,1
0.5,4465,48,48,48,48,0.4733271504501051,1
0.5,4467,48,48,48,48,0.6142874967921721,1
0.5,4469,48,48,48,48,0.2138154639493981,1
0.5,4471,48,48,48,48,0.3711777977492312,1
0.5,4473,48,48,48,48,0.38199028547418334,1
0.5,4475,48,48,48,48,0.32868376195898397,1
0.5,4477,48,48,48,48,0.5916995428248897,1
0.5,4479,48,48,48,48,0.4551412749928039,1
0.5,4481,48,48,48,48,0.05231339563476756,1
0.5,4483,48,48,48,48,0.5198254330451617,1
0.5,4485,48,48,48,48,0.1837904747949426,1
0.5,4487,48,48,48,48,0.3914637005101528,1
0.5,4489,48,48,48,48,0.49596187937461966,1
0.5,4491,48,48,48,48,0.2646481367779068,1
0.5,4493,48,48,48,48,0.21542143986843265,1
0.5,4495,48,48,48,48,0.5137573678248851,1
0.5,4497,48,15,48,48,0.0003341441747394258,1
0.5,4499,48,48,48,48,0.07471051088476477,1
0.5,4501,48,25,48,48,0.06667166483649578,1
0.5,4503,48,48,48,48,0.258723643746825,1
0.5,4505,48,48,48,48,0.4562815797706846,1
0.5,4507,48,48,48,48,0.03566892800845234,1
0.5,4509,49,49,49,49,1.2254162520673213,0
0.5,4511,49,57,49,49,0.6426339263943052,1
0.5,4513,49,49,49,49,0.2986801167498533,1
0.5,4515,49,49,49,49,0.19415932440511052,1
0.5,4517,49,49,49,49,0.7071439507661756,1
0.5,4519,49,2,49,49,0.2625863092933507,1
0.5,4521,49,49,49,49,1.2019068283820638,0
0.5,4523,49,49,49,49,1.4487115662500973,0
0.5,4525,49,49,49,49,0.9125484546589333,0
0.5,4527,49,49,49,49,1.9200400006824943,0
0.5,4529,49,49,49,49,1.083241356447135,0
0.5,4531,49,49,49,49,1.7097330048886203,0
0.5,4533,49,49,49,49,1.0848960344014802,0
0.5,4535,49,49,49,49,0.9494632849087148,0
0.5,4537,49,49,49,49,1.3756878546786715,0
0.5,4539,49,49,49,49,1.5747672493871574,0
0.5,4541,49,49,49,49,0.8113420900944246,1
0.5,4543,49,49,49,49,0.42963113996110935,1
0.5,4545,49,49,49,49,1.2846258074293626,0
0.5,4547,49,49,49,49,1.8192362980887804,0
0.5,4549,49,49,49,49,0.8163164899078554,1
0.5,4551,49,49,49,49,1.4333721046831078,0
0.5,4553,49,49,49,49,1.0087492218302596,0
0.5,4555,49,49,49,49,0.8678114666533523,1
0.5,4557,49,49,49,49,0.18514954564741593,1
0.5,4559,49,49,49,49,0.901979158517549,1
0.5,4561,49,49,49,49,1.0080210915930572,0
0.5,4563,49,49,49,49,1.0250627071997687,0
0.5,4565,49,49,49,49,1.0190802671766195,0
0.5,4567,49,49,49,49,1.0170276920492698,0
0.5,4569,49,49,49,49,1.783107601560856,0
0.5,4571,49,49,49,49,1.3449788031502492,0
0.5,4573,49,49,49,49,1.4582964250219264,0
0.5,4575,49,49,49,49,1.0003422816105123,0
0.5,4577,49,49,49,49,0.8420370129959387,1
0.5,4579,49,49,49,49,0.5764735384598956,1
0.5,4581,49,49,49,49,1.2892452136271835,0
0.5,4583,49,49,49,49,0.93958877798631,0
0.5,4585,49,49,49,49,0.7115891523274751,1
0.5,4587,49,49,49,49,1.6519890683829048,0
0.5,4589,49,49,49,49,1.6913861149434746,0
0.5,4591,49,49,49,49,1.7943027677559795,0
0.5,4593,49,49,49,49,1.0277597801323077,0
0.5,4595,49,49,49,49,1.0784381079571561,0
0.5,4597,49,49,49,49,0.7028467174055031,1
0.5,4599,49,49,49,49,0.8509103234372828,1
0.5,4601,50,50,50,50,1.7022847663537155,0
0.5,4603,50,50,50,50,1.4228202168890338,0
0.5,4605,50,50,50,50,1.3317248565590285,0
0.5,4607,50,50,50,50,1.3121493925493928,0
0.5,4609,50,50,50,50,1.902661247726322,0
0.5,4611,50,50,50,50,1.3134852561025405,0
0.5,4613,50,50,50,50,1.2279216163080726,0
0.5,4615,50,50,50,50,1.4880884340826792,0
0.5,4617,50,50,50,50,1.4529553332054228,0
0.5,4619,50,50,50,50,0.35540053917441683,1
0.5,4621,50,50,50,50,1.7818088520280444,0
0.5,4623,50,50,50,50,0.38622256131638877,1
0.5,4625,50,50,50,50,1.2835154303771428,0
0.5,4627,50,50,50,50,1.1833173361503577,0
0.5,4629,50,50,50,50,1.1288941127943928,0
0.5,4631,50,50,50,50,0.8172410551405445,1
0.5,4633,50,50,50,50,1.7521196507660752,0
0.5,4635,50,50,50,50,1.1032151600913955,0
0.5,4637,50,50,50,50,2.0263602571537653,0
0.5,4639,50,50,50,50,2.122304510188678,0
0.5,4641,50,50,50,50,1.7974464233273462,0
0.5,4643,50,50,50,50,1.9928643394071202,0
0.5,4645,50,50,50,50,1.653047340048027,0
0.5,4647,50,50,50,50,2.197344747596514,0
0.5,4649,50,50,50,50,1.7482260410890857,0
0.5,4651,50,50,50,50,1.5170014112023638,0
0.5,4653,50,50,50,50,0.8710066236114495,1
0.5,4655,50,50,50,50,0.4710823325982897,1
0.5,4657,50,50,50,50,1.6896203212012681,0
0.5,4659,50,50,50,50,1.6959216922808642,0
0.5,4661,50,50,50,50,1.7618482208037876,0
0.5,4663,50,50,50,50,1.7978567116364232,0
0.5,4665,50,50,50,50,1.6088315121791799,0
0.5,4667,50,50,50,50,2.0457762574300133,0
0.5,4669,50,50,50,50,1.4482190711575886,0
0.5,4671,50,50,50,50,1.005340711236486,0
0.5,4673,50,50,50,50,0.33320434259319043,1
0.5,4675,50,50,50,50,1.6632139540961317,0
0.5,4677,50,50,50,50,1.5794040202859043,0
0.5,4679,50,50,50,50,2.0319533591464323,0
0.5,4681,50,50,50,50,1.7368259840225935,0
0.5,4683,50,50,50,50,1.746305330703363,0
0.5,4685,50,50,50,50,1.9177355979705704,0
0.5,4687,50,50,50,50,1.4298909590444622,0
0.5,4689,50,50,50,50,1.5530879126673294,0
0.5,4691,50,50,50,50,1.270737135291818,0
0.5,4693,51,51,51,51,0.18234249987450757,1
0.5,4695,51,51,51,51,0.12510012741781595,1
0.5,4697,51,51,51,51,0.24247552510358272,1
0.5,4699,51,51,51,51,0.1736392718318187,1
0.5,4701,51,51,51,51,0.48778522903579147,1
0.5,4703,51,51,51,51,0.08604249162185007,1
0.5,4705,51,51,51,51,0.43524312078031036,1
0.5,4707,51,51,51,51,0.9606697937568536,0
0.5,4709,51,51,51,51,0.5336406261766417,1
0.5,4711,51,51,51,51,0.4014672010412659,1
0.5,4713,51,51,51,51,1.0640673839536858,0
0.5,4715,51,51,51,51,0.7349370782460258,1
0.5,4717,51,51,51,51,1.153243592929027,0
0.5,4719,51,51,51,51,1.2167780303297229,0
0.5,4721,51,51,51,51,0.658571573214026,1
0.5,4723,51,51,51,51,0.3993905589522393,1
0.5,4725,51,51,51,51,0.47983134784898485,1
0.5,4727,51,51,51,51,0.65135296133521,1
0.5,4729,51,51,51,51,0.697505365840555,1
0.5,4731,51,51,51,51,1.1384745067511897,0
0.5,4733,51,51,51,51,0.5966815988743513,1
0.5,4735,51,51,51,51,1.5433938686213042,0
0.5,4737,51,51,51,51,1.303072637140916,0
0.5,4739,51,51,51,51,1.2366213627177804,0
0.5,4741,51,51,51,51,0.9791174210661422,0
0.5,4743,51,51,51,51,0.8135080952975231,1
0.5,4745,51,51,51,51,0.17839167814068202,1
0.5,4747,51,51,51,51,0.23681179032111688,1
0.5,4749,51,51,51,51,0.6347578062526216,1
0.5,4751,51,51,51,51,1.139845113521577,0
0.5,4753,51,51,51,51,1.3567549197963642,0
0.5,4755,51,51,51,51,1.678964574585117,0
0.5,4757,51,51,51,51,1.2693280695148652,0
0.5,4759,51,51,51,51,1.3676180998361496,0
0.5,4761,51,51,51,51,0.7439564923078277,1
0.5,4763,51,51,51,51,0.4854038484648442,1
0.5,4765,51,51,51,51,0.24414808425486867,1
0.5,4767,51,51,51,51,0.89511050184014,1
0.5,4769,51,51,51,51,0.5087835292406024,1
0.5,4771,51,51,51,51,0.8669867858260569,1
0.5,4773,51,51,51,51,1.4384224886253003,0
0.5,4775,51,51,51,51,0.7747305445703221,1
0.5,4777,51,51,51,51,0.6400796056867473,1
0.5,4779,51,51,51,51,0.338488700751427,1
0.5,4781,51,51,51,51,1.064843433687622,0
0.5,4783,51,51,51,51,0.8716519284824527,1
0.5,4785,52,52,52,52,1.4984209826933532,0
0.5,4787,52,52,52,52,1.1177373582270511,0
0.5,4789,52,52,52,52,1.2817446013669571,0
0.5,4791,52,52,52,52,0.41664776518051627,1
0.5,4793,52,52,52,52,1.2499816039819225,0
0.5,4795,52,52,52,52,1.214518501252755,0
0.5,4797,52,52,52,52,0.7466529927220773,1
0.5,4799,52,52,52,52,1.5819018697630507,0
0.5,4801,52,52,52,52,1.2812647636095191,0
0.5,4803,52,52,52,52,1.382040355806664,0
0.5,4805,52,52,52,52,1.3631576930885705,0
0.5,4807,52,52,52,52,0.661985722860895,1
0.5,4809,52,52,52,52,0.558400418115029,1
0.5,4811,52,52,52,52,1.0938868192999383,0
0.5,4813,52,52,52,52,1.4766571938534363,0
0.5,4815,52,52,52,52,0.7678787557396072,1
0.5,4817,52,52,52,52,1.6266466248742777,0
0.5,4819,52,52,52,52,1.66291846372304,0
0.5,4821,52,52,52,52,2.159564570028812,0
0.5,4823,52,52,52,52,1.9183017762113292,0
0.5,4825,52,52,52,52,1.8788171353268632,0
0.5,4827,52,52,52,52,1.724329313409741,0
0.5,4829,52,52,52,52,1.6135241387419141,0
0.5,4831,52,52,52,52,1.8918434376035345,0
0.5,4833,52,52,52,52,1.719596562280236,0
0.5,4835,52,52,52,52,2.0368180655437906,0
0.5,4837,52,52,52,52,1.5983429516373922,0
0.5,4839,52,52,52,52,1.7736630875585386,0
0.5,4841,52,52,52,52,1.2872760011076196,0
0.5,4843,52,52,52,52,1.6698650473128578,0
0.5,4845,52,52,52,52,1.8642961486209222,0
0.5,4847,52,52,52,52,1.701687504033827,0
0.5,4849,52,52,52,52,0.9606411752142363,0
0.5,4851,52,52,52,52,1.9437108887572423,0
0.5,4853,52,52,52,52,1.0191021028351577,0
0.5,4855,52,52,52,52,1.3001353994427771,0
0.5,4857,52,52,52,52,1.0275427477080554,0
0.5,4859,52,52,52,52,0.6647551373758267,1
0.5,4861,52,52,52,52,0.6699266773109317,1
0.5,4863,52,52,52,52,0.9625133159821161,0
0.5,4865,52,52,52,52,0.5810424818842288,1
0.5,4867,52,52,52,52,1.2160652554056655,0
0.5,4869,52,52,52,52,1.21505079520325,0
0.5,4871,52,52,52,52,1.2195611857092932,0
0.5,4873,52,52,52,52,0.9652050051472418,0
0.5,4875,52,52,52,52,0.5939474015951236,1
0.5,4877,53,40,53,53,0.020500134588517405,1
0.5,4879,53,53,53,53,0.026184405211239214,1
0.5,4881,53,53,53,53,0.2293354266018215,1
0.5,4883,53,53,53,53,0.22599612115776058,1
0.5,4885,53,53,53,53,1.2401909757056548,0
0.5,4887,53,53,53,53,0.363838608798285,1
0.5,4889,53,53,53,53,0.22891938519586774,1
0.5,4891,53,53,53,53,1.4625993167354978,0
0.5,4893,53,53,53,53,1.9551128852048352,0
0.5,4895,53,53,53,53,0.07955042078208807,1
0.5,4897,53,53,53,53,1.5579760831982645,0
0.5,4899,53,53,53,53,0.2499790290180368,1
0.5,4901,53,53,53,53,1.2653925736684202,0
0.5,4903,53,53,53,53,1.528872418924855,0
0.5,4905,53,53,53,53,1.3797779154456824,0
0.5,4907,53,53,53,53,1.0010433133631322,0
0.5,4909,53,40,53,53,0.08491834800316433,1
0.5,4911,53,53,53,53,0.10662748468908378,1
0.5,4913,53,53,53,53,0.16228844397168563,1
0.5,4915,53,53,53,53,0.5742333353057183,1
0.5,4917,53,53,53,53,0.2965539270752967,1
0.5,4919,53,53,53,53,0.8780637822979793,1
0.5,4921,53,53,53,53,1.7247807194301208,0
0.5,4923,53,53,53,53,0.8872112314971496,1
0.5,4925,53,53,53,53,0.8893192805872085,1
0.5,4927,53,53,53,53,0.7327769078559214,1
0.5,4929,53,53,53,53,0.605760446966128,1
0.5,4931,53,53,53,53,0.4312238870427587,1
0.5,4933,53,31,53,53,0.15599351989473664,1
0.5,4935,53,53,53,53,0.20468340448611277,1
0.5,4937,53,53,53,53,0.6764226730097886,1
0.5,4939,53,53,53,53,0.27744736762380007,1
0.5,4941,53,53,53,53,0.21903877912353154,1
0.5,4943,53,53,53,53,0.469139724598707,1
0.5,4945,53,53,53,53,1.5321704577803164,0
0.5,4947,53,53,53,53,1.1690935488577494,0
0.5,4949,53,53,53,53,0.14298386242969952,1
0.5,4951,53,31,53,53,0.18759175534371608,1
0.5,4953,53,53,53,53,0.1621669518771538,1
0.5,4955,53,53,53,53,0.7014726080886715,1
0.5,4957,53,53,53,53,0.02763632128644833,1
0.5,4959,53,53,53,53,1.2238715459068068,0
0.5,4961,53,53,53,53,0.9435288788891759,0
0.5,4963,53,53,53,53,0.3122946554521939,1
0.5,4965,53,53,53,53,0.5016254095314755,1
0.5,4967,53,53,53,53,0.3030114891747757,1
0.5,4969,54,54,54,54,1.6175834834702576,0
0.5,4971,54,54,54,54,1.7535539131629276,0
0.5,4973,54,54,54,54,1.8382893324142389,0
0.5,4975,54,54,54,54,1.5584674236355758,0
0.5,4977,54,54,54,54,1.5412345468828574,0
0.5,4979,54,54,54,54,1.729776531287928,0
0.5,4981,54,54,54,54,1.7078378621486245,0
0.5,4983,54,54,54,54,1.4658200345088142,0
0.5,4985,54,54,54,54,1.8523797412707803,0
0.5,4987,54,54,54,54,1.503565779799585,0
0.5,4989,54,54,54,54,1.618953044209277,0
0.5,4991,54,54,54,54,1.3751176202155087,0
0.5,4993,54,54,54,54,1.758945324831957,0
0.5,4995,54,54,54,54,1.7230860302775683,0
0.5,4997,54,54,54,54,1.8655170537411985,0
0.5,4999,54,54,54,54,2.040753107040267,0
0.5,5001,54,54,54,54,1.6818216686099885,0
0.5,5003,54,54,54,54,1.9556401218579176,0
0.5,5005,54,54,54,54,2.3238281495133375,0
0.5,5007,54,54,54,54,2.095913126902562,0
0.5,5009,54,54,54,54,1.572144019378395,0
0.5,5011,54,54,54,54,1.3787115193410626,0
0.5,5013,54,54,54,54,2.18828633373566,0
0.5,5015,54,54,54,54,1.967911810770461,0
0.5,5017,54,54,54,54,1.7301882794132792,0
0.5,5019,54,54,54,54,1.7123696951819576,0
0.5,5021,54,54,54,54,1.8705487886243803,0
0.5,5023,54,54,54,54,1.3085265040676073,0
0.5,5025,54,54,54,54,2.0156702713915706,0
0.5,5027,54,54,54,54,1.9709640886588626,0
0.5,5029,54,54,54,54,2.3000984063793175,0
0.5,5031,54,54,54,54,1.7178467508069,0
0.5,5033,54,54,54,54,1.4586768141708744,0
0.5,5035,54,54,54,54,1.9128451724865574,0
0.5,5037,54,54,54,54,1.7377344755444204,0
0.5,5039,54,54,54,54,1.823668621104554,0
0.5,5041,54,54,54,54,1.357550172982835,0
0.5,5043,54,54,54,54,1.7824881690259364,0
0.5,5045,54,54,54,54,2.0376818414943676,0
0.5,5047,54,54,54,54,2.147976743194711,0
0.5,5049,54,54,54,54,1.9257521010149834,0
0.5,5051,54,54,54,54,1.8011231441184559,0
0.5,5053,54,54,54,54,1.5577879561794528,0
0.5,5055,54,54,54,54,1.3974715952554422,0
0.5,5057,54,54,54,54,1.6980909868464638,0
0.5,5059,54,54,54,54,0.9438127143092767,0
0.5,5061,55,55,55,55,1.5175674923679046,0
0.5,5063,55,55,55,55,0.7450574632664537,1
0.5,5065,55,55,55,55,0.8636818332852064,1
0.5,5067,55,55,55,55,0.4917128591460901,1
0.5,5069,55,55,55,55,0.9157641582244642,0
0.5,5071,55,55,55,55,1.2841732719695167,0
0.5,5073,55,55,55,55,1.5286325375723715,0
0.5,5075,55,55,55,55,1.4862294493901471,0
0.5,5077,55,55,55,55,1.0182340131269503,0
0.5,5079,55,55,55,55,1.304963694799193,0
0.5,5081,55,55,55,55,0.6178321256101922,1
0.5,5083,55,55,55,55,0.5782837803292208,1
0.5,5085,55,55,55,55,1.369268910048763,0
0.5,5087,55,55,55,55,1.0554483353811093,0
0.5,5089,55,55,55,55,1.046748440200439,0
0.5,5091,55,55,55,55,1.0769536673999198,0
0.5,5093,55,55,55,55,1.1226961417382797,0
0.5,5095,55,55,55,55,0.9211812901988394,0
0.5,5097,55,55,55,55,1.3358877605190922,0
0.5,5099,55,55,55,55,1.476625535901283,0
0.5,5101,55,55,55,55,1.0593967924118424,0
0.5,5103,55,55,55,55,1.5691792565615144,0
0.5,5105,55,55,55,55,1.423851617753774,0
0.5,5107,55,55,55,55,1.6333330397374546,0
0.5,5109,55,55,55,55,1.228245655487024,0
0.5,5111,55,55,55,55,1.488852814371454,0
0.5,5113,55,55,55,55,1.1158247735641582,0
0.5,5115,55,55,55,55,1.1267236938225427,0
0.5,5117,55,55,55,55,1.2254343504274017,0
0.5,5119,55,55,55,55,1.3487102740028518,0
0.5,5121,55,55,55,55,1.5740445008491388,0
0.5,5123,55,55,55,55,1.5443654626184664,0
0.5,5125,55,55,55,55,1.2003401773120095,0
0.5,5127,55,55,55,55,1.5433600529797342,0
0.5,5129,55,55,55,55,1.0195616551315716,0
0.5,5131,55,55,55,55,1.5087518521562977,0
0.5,5133,55,55,55,55,0.6302906999215575,1
0.5,5135,55,55,55,55,1.395877906856721,0
0.5,5137,55,55,55,55,1.6897679358307411,0
0.5,5139,55,55,55,55,1.650602353944047,0
0.5,5141,55,55,55,55,1.305074414824053,0
0.5,5143,55,55,55,55,1.4376346248901504,0
0.5,5145,55,55,55,55,1.2480380100365442,0
0.5,5147,55,55,55,55,1.6050243312518628,0
0.5,5149,55,55,55,55,1.279361190814115,0
0.5,5151,55,55,55,55,0.4220049025801178,1
0.5,5153,56,56,56,56,1.767935769776355,0
0.5,5155,56,56,56,56,1.5132670534700585,0
0.5,5157,56,56,56,56,1.6732659162798922,0
0.5,5159,56,56,56,56,1.7230966354599855,0
0.5,5161,56,56,56,56,1.9290513875590642,0
0.5,5163,56,56,56,56,1.675213480347935,0
0.5,5165,56,56,56,56,1.7408877037370964,0
0.5,5167,56,56,56,56,2.1077753292452908,0
0.5,5169,56,56,56,56,1.8771943910619415,0
0.5,5171,56,56,56,56,1.6021705778563042,0
0.5,5173,56,56,56,56,2.0067637856892095,0
0.5,5175,56,56,56,56,1.8384046543399704,0
0.5,5177,56,56,56,56,1.885004716415844,0
0.5,5179,56,56,56,56,1.5913728417513373,0
0.5,5181,56,56,56,56,2.0506931957214443,0
0.5,5183,56,56,56,56,1.7948070103673845,0
0.5,5185,56,56,56,56,1.7130083083928116,0
0.5,5187,56,56,56,56,1.9445709505979707,0
0.5,5189,56,56,56,56,1.7876007220865868,0
0.5,5191,56,56,56,56,2.140912409745641,0
0.5,5193,56,56,56,56,1.8951765985270503,0
0.5,5195,56,56,56,56,2.102511051062794,0
0.5,5197,56,56,56,56,1.9942436745726781,0
0.5,5199,56,56,56,56,1.9880099078242042,0
0.5,5201,56,56,56,56,1.9705550219842942,0
0.5,5203,56,56,56,56,1.5527372186996677,0
0.5,5205,56,56,56,56,1.8852379250588722,0
0.5,5207,56,56,56,56,1.7428539876314937,0
0.5,5209,56,56,56,56,2.026530502577234,0
0.5,5211,56,56,56,56,2.245981664839512,0
0.5,5213,56,56,56,56,2.1456328221885186,0
0.5,5215,56,56,56,56,1.9550800707235774,0
0.5,5217,56,56,56,56,1.7444975529444076,0
0.5,5219,56,56,56,56,1.8624765247880266,0
0.5,5221,56,56,56,56,1.6802485781694838,0
0.5,5223,56,56,56,56,1.5973960911043688,0
0.5,5225,56,56,56,56,1.2189596420135973,0
0.5,5227,56,56,56,56,1.9784507819884771,0
0.5,5229,56,56,56,56,2.0000547194453597,0
0.5,5231,56,56,56,56,1.9640909193117682,0
0.5,5233,56,56,56,56,1.9447942863411645,0
0.5,5235,56,56,56,56,2.045004273334013,0
0.5,5237,56,56,56,56,1.7913396857007093,0
0.5,5239,56,56,56,56,1.9063724274002205,0
0.5,5241,56,56,56,56,1.604559098169811,0
0.5,5243,56,56,56,56,0.999656243299501,0
0.5,5245,57,57,57,57,1.0569689199520487,0
0.5,5247,57,57,57,57,0.4957182998542259,1
0.5,5249,57,57,57,57,1.6342612147930253,0
0.5,5251,57,57,57,57,1.2981390450279817,0
0.5,5253,57,57,57,57,1.1029974990559293,0
0.5,5255,57,57,57,57,1.3227665052442261,0
0.5,5257,57,57,57,57,1.2240299677431798,0
0.5,5259,57,57,57,57,1.367219757464618,0
0.5,5261,57,57,57,57,1.5621990597444964,0
0.5,5263,57,57,57,57,0.9839593256982444,0
0.5,5265,57,57,57,57,1.490136274329542,0
0.5,5267,57,57,57,57,1.2845454203135462,0
0.5,5269,57,57,57,57,1.3320717082465598,0
0.5,5271,57,57,57,57,1.2599401396225023,0
0.5,5273,57,57,57,57,1.4413256977946536,0
0.5,5275,57,57,57,57,1.303325857066791,0
0.5,5277,57,57,57,57,1.2937485310806878,0
0.5,5279,57,57,57,57,1.6409442196667559,0
0.5,5281,57,57,57,57,1.6305949261131638,0
0.5,5283,57,57,57,57,1.9079003542438164,0
0.5,5285,57,57,57,57,1.8778796096572308,0
0.5,5287,57,57,57,57,1.763287087881813,0
0.5,5289,57,57,57,57,2.007016965850321,0
0.5,5291,57,57,57,57,1.7059569883414292,0
0.5,5293,57,57,57,57,1.6563821219080666,0
0.5,5295,57,57,57,57,1.9651083044381388,0
0.5,5297,57,57,57,57,1.730358848770722,0
0.5,5299,57,57,57,57,1.3309414256627528,0
0.5,5301,57,57,57,57,1.320927526512801,0
0.5,5303,57,57,57,57,1.499225079668295,0
0.5,5305,57,57,57,57,1.9412090478574404,0
0.5,5307,57,57,57,57,1.9219951467338645,0
0.5,5309,57,57,57,57,1.4106927713459454,0
0.5,5311,57,57,57,57,2.0373134000726187,0
0.5,5313,57,57,57,57,1.8062322081277176,0
0.5,5315,57,57,57,57,1.4756178624051501,0
0.5,5317,57,57,57,57,1.1792198536276979,0
0.5,5319,57,57,57,57,1.5222549146218745,0
0.5,5321,57,57,57,57,0.8489271878701361,1
0.5,5323,57,57,57,57,1.73950991201313,0
0.5,5325,57,57,57,57,1.028737883229904,0
0.5,5327,57,57,57,57,1.3260550077830753,0
0.5,5329,57,57,57,57,0.7372212817740442,1
0.5,5331,57,57,57,57,0.6346730088845807,1
0.5,5333,57,57,57,57,1.2251151113607772,0
0.5,5335,57,57,57,57,0.8606658100585194,1
0.5,5337,58,58,58,58,1.29962860349948,0
0.5,5339,58,58,58,58,0.5826021622635928,1
0.5,5341,58,58,58,58,0.972867774411579,0
0.5,5343,58,58,58,58,0.3219417466298362,1
0.5,5345,58,58,58,58,0.8596761382293665,1
0.5,5347,58,58,58,58,0.7161307400618474,1
0.5,5349,58,58,58,58,1.3145429584437804,0
0.5,5351,58,58,58,58,0.8403241772878053,1
0.5,5353,58,58,58,58,1.3629259118455148,0
0.5,5355,58,58,58,58,1.204960548060305,0
0.5,5357,58,58,58,58,0.7885006443084408,1
0.5,5359,58,58,58,58,0.9007294556571299,1
0.5,5361,58,58,58,58,0.3460822386627487,1
0.5,5363,58,58,58,58,0.9662803297469811,0
0.5,5365,58,58,58,58,1.2154445613669955,0
0.5,5367,58,58,58,58,1.078641267643661,0
0.5,5369,58,58,58,58,1.4738958075375923,0
0.5,5371,58,58,58,58,0.7603426668170756,1
0.5,5373,58,58,58,58,1.3700169849231159,0
0.5,5375,58,58,58,58,0.8694952355209469,1
0.5,5377,58,58,58,58,1.2352515222313778,0
0.5,5379,58,58,58,58,0.979839500848597,0
0.5,5381,58,58,58,58,1.1756180434483288,0
0.5,5383,58,58,58,58,0.7327992912678265,1
0.5,5385,58,58,58,58,1.2561340355921322,0
0.5,5387,58,58,58,58,1.2722289022342568,0
0.5,5389,58,58,58,58,1.149091603196994,0
0.5,5391,58,58,58,58,1.1605583898341472,0
0.5,5393,58,58,58,58,1.691274549854103,0
0.5,5395,58,58,58,58,1.4804472373081814,0
0.5,5397,58,58,58,58,1.01878337985378,0
0.5,5399,58,58,58,58,0.9394663882341061,0
0.5,5401,58,58,58,58,1.536820747404866,0
0.5,5403,58,58,58,58,0.8990689566551542,1
0.5,5405,58,58,58,58,1.2446593269504909,0
0.5,5407,58,58,58,58,0.6806486085979804,1
0.5,5409,58,58,58,58,0.7723543266051142,1
0.5,5411,58,58,58,58,1.67296706943385,0
0.5,5413,58,58,58,58,1.2174565362853107,0
0.5,5415,58,58,58,58,1.0443648160365882,0
0.5,5417,58,58,58,58,1.6276757917318005,0
0.5,5419,58,58,58,58,1.084094263900431,0
0.5,5421,58,58,58,58,1.085356108508818,0
0.5,5423,58,58,58,58,1.4080303342888776,0
0.5,5425,58,58,58,58,1.0647483999983702,0
0.5,5427,58,58,58,58,0.9413678640818857,0
0.5,5429,59,59,59,59,1.8479127675772995,0
0.5,5431,59,59,59,59,0.6911095857288354,1
0.5,5433,59,59,59,59,1.265118525187347,0
0.5,5435,59,59,59,59,1.5638281001935783,0
0.5,5437,59,59,59,59,0.9792738945000885,0
0.5,5439,59,59,59,59,1.2765570627514864,0
0.5,5441,59,59,59,59,0.8176242599114556,1
0.5,5443,59,59,59,59,1.1572395153002721,0
0.5,5445,59,59,59,59,1.0219106639238573,0
0.5,5447,59,58,58,58,0.2798263480592428,1
0.5,5449,59,59,59,59,1.0209756875705558,0
0.5,5451,59,59,58,58,0.3056598277229333,1
0.5,5453,59,59,59,59,0.5260740019365311,1
0.5,5455,59,59,59,59,0.7405019272412399,1
0.5,5457,59,59,59,59,0.566747157652381,1
0.5,5459,59,59,59,59,0.663311483335115,1
0.5,5461,59,59,59,59,1.346895797323986,0
0.5,5463,59,59,59,59,1.5827833427851785,0
0.5,5465,59,59,59,59,2.052798999890058,0
0.5,5467,59,59,59,59,1.6116437274337907,0
0.5,5469,59,59,59,59,2.18996748555677,0
0.5,5471,59,59,59,59,1.4108355034636542,0
0.5,5473,59,59,59,59,1.8205717567941284,0
0.5,5475,59,59,59,59,1.5748834183294143,0
0.5,5477,59,59,59,59,1.5301889000985829,0
0.5,5479,59,59,59,59,0.8465384978691717,1
0.5,5481,59,41,45,45,0.020078933076014938,1
0.5,5483,59,59,59,59,0.20738272374422628,1
0.5,5485,59,59,59,59,1.726325919221905,0
0.5,5487,59,59,59,59,1.940452407404321,0
0.5,5489,59,59,59,59,2.1715793125722644,0
0.5,5491,59,59,59,59,2.0719600710327755,0
0.5,5493,59,59,59,59,1.9737411285470694,0
0.5,5495,59,59,59,59,2.178974409812721,0
0.5,5497,59,59,59,59,1.761601477818417,0
0.5,5499,59,59,59,59,1.240743563802433,0
0.5,5501,59,59,59,59,0.3876534548056305,1
0.5,5503,59,59,59,59,1.5151559680171591,0
0.5,5505,59,59,59,59,1.5512196272292547,0
0.5,5507,59,59,59,59,2.1215845903764263,0
0.5,5509,59,59,59,59,1.4134681708032097,0
0.5,5511,59,59,59,59,2.2058516094716305,0
0.5,5513,59,59,59,59,1.8774639406366553,0
0.5,5515,59,59,59,59,1.5692559569947007,0
0.5,5517,59,59,59,59,1.3857491028422924,0
0.5,5519,59,59,59,59,1.2699828118279965,0
0.5,5521,60,60,60,60,0.5266309960806651,1
0.5,5523,60,60,60,60,0.9001071822277723,1
0.5,5525,60,60,60,60,1.406903409460905,0
0.5,5527,60,60,60,60,1.6919951900951915,0
0.5,5529,60,60,60,60,1.7112066750372747,0
0.5,5531,60,60,60,60,2.018995348565878,0
0.5,5533,60,60,60,60,1.7612403231695484,0
0.5,5535,60,60,60,60,2.133890501717973,0
0.5,5537,60,60,60,60,1.5920549080115536,0
0.5,5539,60,60,60,60,1.631358526435723,0
0.5,5541,60,60,60,60,1.7322685165547105,0
0.5,5543,60,60,60,60,1.2902918739371356,0
0.5,5545,60,60,60,60,1.638904249048868,0
0.5,5547,60,60,60,60,1.433016760389621,0
0.5,5549,60,60,60,60,1.555296730009459,0
0.5,5551,60,60,60,60,1.0483605266585516,0
0.5,5553,60,60,60,60,1.4281197462789965,0
0.5,5555,60,60,60,60,1.2198256942983674,0
0.5,5557,60,60,60,60,1.7396077693361343,0
0.5,5559,60,60,60,60,1.9956965869216456,0
0.5,5561,60,60,60,60,1.1106777302627013,0
0.5,5563,60,60,60,60,2.1060869191693286,0
0.5,5565,60,60,60,60,1.832005393078859,0
0.5,5567,60,60,60,60,1.5299512931132395,0
0.5,5569,60,60,60,60,1.5273084449685683,0
0.5,5571,60,60,60,60,1.2439279982124707,0
0.5,5573,60,60,60,60,1.0310873719462286,0
0.5,5575,60,60,60,60,1.0787863143617589,0
0.5,5577,60,60,60,60,1.257234239900054,0
0.5,5579,60,60,60,60,2.0982816807540203,0
0.5,5581,60,60,60,60,1.8557986567254787,0
0.5,5583,60,60,60,60,1.3105283079474215,0
0.5,5585,60,60,60,60,1.9586790157959455,0
0.5,5587,60,60,60,60,1.3988401195673261,0
0.5,5589,60,60,60,60,1.830318767930752,0
0.5,5591,60,60,60,60,1.2585857949388706,0
0.5,5593,60,60,60,60,0.7100854820122545,1
0.5,5595,60,60,60,60,1.2048049716698825,0
0.5,5597,60,60,60,60,1.4499470478815892,0
0.5,5599,60,60,60,60,1.9389618677206613,0
0.5,5601,60,60,60,60,1.6564414806005696,0
0.5,5603,60,60,60,60,1.5758548575455764,0
0.5,5605,60,60,60,60,0.7705433260129922,1
0.5,5607,60,60,60,60,0.6708834046145017,1
0.5,5609,60,60,60,60,0.9236455894173204,0
0.5,5611,60,60,60,60,0.7155002749638817,1
0.75,1,0,30,0,0,0.004053362460464949,1
0.75,3,0,0,0,0,0.7552896409605763,1
0.75,5,0,0,0,0,0.5186139116525332,1
0.75,7,0,0,0,0,0.2654271632557348,1
0.75,9,0,0,0,0,0.6781699689227361,1
0.75,11,0,0,0,0,0.5557868558985493,1
0.75,13,0,0,0,0,0.9759984778893016,1
0.75,15,0,0,0,0,0.6818951535989088,1
0.75,17,0,0,0,0,0.6394493645819486,1
0.75,19,0,0,0,0,0.8078800489371876,1
0.75,21,0,0,0,0,0.6017468139298323,1
0.75,23,0,0,0,0,0.9220217502276497,1
0.75,25,0,0,0,0,1.2588564089116365,1
0.75,27,0,0,0,0,0.7780771626454613,1
0.75,29,0,0,0,0,0.7022157031390748,1
0.75,31,0,0,0,0,0.5823704297754217,1
0.75,33,0,0,0,0,0.6725354533354397,1
0.75,35,0,0,0,0,0.6658211570455006,1
0.75,37,0,0,0,0,0.6162153611775081,1
0.75,39,0,0,0,0,0.2807649008372246,1
0.75,41,0,0,0,0,0.6228277202388712,1
0.75,43,0,0,0,0,0.8615570085733664,1
0.75,45,0,0,0,0,1.2696013977378768,1
0.75,47,0,0,0,0,0.8879747308880783,1
0.75,49,0,0,0,0,1.105621251711535,1
0.75,51,0,0,0,0,1.2299551076461357,1
0.75,53,0,0,0,0,0.48749397680802353,1
0.75,55,0,0,0,0,0.7099845855278573,1
0.75,57,0,0,0,0,0.32966953049043624,1
0.75,59,0,0,0,0,0.501198612522757,1
0.75,61,0,0,0,0,0.6316761200993968,1
0.75,63,0,0,0,0,0.47637932527418214,1
0.75,65,0,0,0,0,0.4756131385048926,1
0.75,67,0,0,0,0,0.9163745726682471,1
0.75,69,0,0,0,0,0.6998079212760013,1
0.75,71,0,0,0,0,1.063757083824808,1
0.75,73,0,0,0,0,0.4307824299932742,1
0.75,75,0,0,0,0,0.534437013245624,1
0.75,77,0,0,0,0,0.23136868753730444,1
0.75,79,0,0,0,0,0.5430556539507778,1
0.75,81,0,0,0,0,0.9874810931481124,1
0.75,83,0,0,0,0,0.7367658886268305,1
0.75,85,0,0,0,0,1.1347953198946414,1
0.75,87,0,0,0,0,0.5344200923179661,1
0.75,89,0,0,0,0,0.5924518248377126,1
0.75,91,0,0,0,0,0.017890800400525375,1
0.75,93,1,5,1,1,0.012005493494240072,1
0.75,95,1,5,1,1,0.2305488778034659,1
0.75,97,1,5,1,1,0.2808824771997862,1
0.75,99,1,1,1,1,1.157922942953858,1
0.75,101,1,1,1,1,1.0327041805218826,1
0.75,103,1,1,1,1,0.9559013648117192,1
0.75,105,1,1,1,1,1.2151918763830514,1
0.75,107,1,1,1,1,0.9362337470061624,1
0.75,109,1,1,1,1,1.3314684804252928,1
0.75,111,1,1,1,1,0.9349885208942594,1
0.75,113,1,1,1,1,1.4575714563031912,0
0.75,115,1,1,1,1,0.9913832749228384,1
0.75,117,1,1,1,1,0.7739533816266558,1
0.75,119,1,1,1,1,1.490457696548411,0
0.75,121,1,1,1,1,1.3249450508506306,1
0.75,123,1,1,1,1,1.2014084647196532,1
0.75,125,1,1,1,1,0.2736300952955546,1
0.75,127,1,1,1,1,0.18798563316803296,1
0.75,129,1,5,1,1,0.055513346239905226,1
0.75,131,1,28,1,1,0.04218888266782134,1
0.75,133,1,1,1,1,1.0508978482147389,1
0.75,135,1,1,1,1,0.13275072858274795,1
0.75,137,1,1,1,1,0.4375288279403592,1
0.75,139,1,1,1,1,0.7926059158277592,1
0.75,141,1,1,1,1,1.1611322917880016,1
0.75,143,1,1,1,1,1.6546532884652394,0
0.75,145,1,1,1,1,1.109384523451141,1
0.75,147,1,1,1,1,0.49337012123505175,1
0.75,149,1,1,1,1,0.19930957997020937,1
0.75,151,1,1,1,1,0.21422516195832614,1
0.75,153,1,1,1,1,0.12696762637331616,1
0.75,155,1,28,1,1,0.19195563686520523,1
0.75,157,1,1,1,1,0.7179932740467518,1
0.75,159,1,1,1,1,0.3184445586979108,1
0.75,161,1,1,1,1,1.3022346990776956,1
0.75,163,1,1,1,1,1.3055187751844515,1
0.75,165,1,1,1,1,0.11009275298519006,1
0.75,167,1,1,1,1,0.018375816108701093,1
0.75,169,1,1,1,1,0.060589148278202554,1
0.75,171,1,28,1,1,0.043955771915075936,1
0.75,173,1,1,1,1,0.4837243868923339,1
0.75,175,1,1,1,1,0.3618004184593182,1
0.75,177,1,1,1,1,0.9709408726685924,1
0.75,179,1,28,1,1,0.003013405774568545,1
0.75,181,1,1,1,1,0.24625125958352756,1
0.75,183,1,1,1,1,0.19867454253375727,1
0.75,185,2,2,2,2,0.7974794965227019,1
0.75,187,2,2,2,2,0.8538762234594524,1
0.75,189,2,2,2,2,1.0707178897019296,1
0.75,191,2,2,2,2,1.1321276953102402,1
0.75,193,2,2,2,2,1.2606114045213717,1
0.75,195,2,2,2,2,0.6694219323369397,1
0.75,197,2,2,2,2,0.9043127893009935,1
0.75,199,2,2,2,2,0.9097244707112058,1
0.75,201,2,2,2,2,0.9266211357540184,1
0.75,203,2,2,2,2,0.3724293229087219,1
0.75,205,2,2,2,2,1.8481863934283194,0
0.75,207,2,2,2,2,0.2934020418672698,1
0.75,209,2,2,2,2,0.8475549364020933,1
0.75,211,2,2,2,2,1.2533826540188153,1
0.75,213,2,2,2,2,0.6751642724957645,1
0.75,215,2,2,2,2,0.5499233556446883,1
0.75,217,2,2,2,2,0.6906113643086376,1
0.75,219,2,2,2,2,0.3652820433738482,1
0.75,221,2,2,2,2,0.45769793669119196,1
0.75,223,2,2,2,2,0.8943564321707864,1
0.75,225,2,2,2,2,1.761035075930893,0
0.75,227,2,2,2,2,0.7987263097931472,1
0.75,229,2,2,2,2,1.4963309478849416,0
0.75,231,2,2,2,2,0.9813460782469012,1
0.75,233,2,2,2,2,1.3530789040257485,1
0.75,235,2,2,2,2,0.9640615291570809,1
0.75,237,2,2,2,2,1.3473547156152308,1
0.75,239,2,2,2,2,1.5922502760329191,0
0.75,241,2,2,2,2,0.23955720375082956,1
0.75,243,2,2,2,2,0.999167609898612,1
0.75,245,2,2,2,2,0.8926812010737128,1
0.75,247,2,2,2,2,1.3104014477394748,1
0.75,249,2,2,2,2,1.034832024081713,1
0.75,251,2,2,2,2,0.8737578616528534,1
0.75,253,2,2,2,2,1.4175444966705641,1
0.75,255,2,2,2,2,0.525529893769136,1
0.75,257,2,2,2,2,0.8868895360794438,1
0.75,259,2,2,2,2,0.5495246899421371,1
0.75,261,2,2,2,2,0.06639306989549365,1
0.75,263,2,2,2,2,0.48310361002938706,1
0.75,265,2,2,2,2,1.1369830639505438,1
0.75,267,2,2,2,2,0.26090721499636116,1
0.75,269,2,2,2,2,0.33188045831057744,1
0.75,271,2,2,2,2,0.775865803931238,1
0.75,273,2,2,2,2,0.05383453726131182,1
0.75,275,2,25,2,2,0.04687741185810601,1
0.75,277,3,3,3,3,1.8939375740168685,0
0.75,279,3,3,3,3,1.2549455818196102,1
0.75,281,3,3,3,3,1.564147817646136,0
0.75,283,3,3,3,3,1.2881272480049808,1
0.75,285,3,3,3,3,1.1101814801601,1
0.75,287,3,3,3,3,0.996895695845535,1
0.75,289,3,3,3,3,1.465552264109545,0
0.75,291,3,3,3,3,1.6856046652386807,0
0.75,293,3,3,3,3,1.0277091938871645,1
0.75,295,3,3,3,3,0.7386225500182757,1
0.75,297,3,3,3,3,1.0667833668595235,1
0.75,299,3,3,3,3,1.2077887293305114,1
0.75,301,3,3,3,3,1.802016593283963,0
0.75,303,3,3,3,3,1.406770885069272,1
0.75,305,3,3,3,3,0.42567887765090573,1
0.75,307,3,3,3,3,0.4051993247494484,1
0.75,309,3,3,3,3,1.8094769598744829,0
0.75,311,3,3,3,3,2.052245149613258,0
0.75,313,3,3,3,3,1.8766676764133874,0
0.75,315,3,3,3,3,1.476491492858715,0
0.75,317,3,3,3,3,1.3048148904265213,1
0.75,319,3,3,3,3,1.9239577966076928,0
0.75,321,3,3,3,3,1.587342578417415,0
0.75,323,3,3,3,3,1.556991925489188,0
0.75,325,3,3,3,3,1.4820229952151633,0
0.75,327,3,3,3,3,1.461746308079719,0
0.75,329,3,3,3,3,0.06330871086716328,1
0.75,331,3,3,3,3,0.347977782349598,1
0.75,333,3,3,3,3,1.4947726767124208,0
0.75,335,3,3,3,3,1.8009752684530103,0
0.75,337,3,3,3,3,1.85084686014779,0
0.75,339,3,3,3,3,1.6604807078368957,0
0.75,341,3,3,3,3,1.6934721636226509,0
0.75,343,3,3,3,3,1.6888754923946125,0
0.75,345,3,3,3,3,1.769269889207655,0
0.75,347,3,3,3,3,0.9808835388642498,1
0.75,349,3,3,3,3,0.07096703963678697,1
0.75,351,3,3,3,3,1.5107792435005911,0
0.75,353,3,3,3,3,1.8705930676419191,0
0.75,355,3,3,3,3,1.6734132176505414,0
0.75,357,3,3,3,3,2.256458292293713,0
0.75,359,3,3,3,3,2.0765172463628088,0
0.75,361,3,3,3,3,1.2395969436119432,1
0.75,363,3,3,3,3,1.31625463193686,1
0.75,365,3,3,3,3,1.8035183433983368,0
0.75,367,3,3,3,3,1.3331475506618342,1
0.75,369,4,4,4,4,1.5488770519284518,0
0.75,371,4,4,4,4,1.6306958489662446,0
0.75,373,4,4,4,4,1.5191446763776888,0
0.75,375,4,4,4,4,1.4516519028707702,0
0.75,377,4,4,4,4,1.8282204141488365,0
0.75,379,4,4,4,4,1.197866554541905,1
0.75,381,4,4,4,4,1.2756710211093458,1
0.75,383,4,4,4,4,1.1127324113380723,1
0.75,385,4,4,4,4,1.260062454846361,1
0.75,387,4,4,4,4,0.5042089340938793,1
0.75,389,4,4,4,4,0.9736750693111547,1
0.75,391,4,4,4,4,0.5653095854662378,1
0.75,393,4,4,4,4,0.23700776167457238,1
0.75,395,4,4,4,4,0.44680877340809394,1
0.75,397,4,4,4,4,0.5197339833710319,1
0.75,399,4,4,4,4,0.2711686176141701,1
0.75,401,4,4,4,4,1.77029075702275,0
0.75,403,4,4,4,4,1.5661227826064716,0
0.75,405,4,4,4,4,1.588249290695671,0
0.75,407,4,4,4,4,1.5757116112970266,0
0.75,409,4,4,4,4,1.5794289097398342,0
0.75,411,4,4,4,4,1.1812993047555946,1
0.75,413,4,4,4,4,0.8077000084107934,1
0.75,415,4,4,4,4,0.39350721504893427,1
0.75,417,4,4,4,4,1.2984832195462914,1
0.75,419,4,4,4,4,0.32310471846265143,1
0.75,421,4,4,4,4,0.8261866930100676,1
0.75,423,4,4,4,4,0.3660060925037718,1
0.75,425,4,4,4,4,1.573176587169851,0
0.75,427,4,4,4,4,1.1558066119394457,1
0.75,429,4,4,4,4,1.853770917154491,0
0.75,431,4,4,4,4,1.2061890275446143,1
0.75,433,4,4,4,4,1.691250511119981,0
0.75,435,4,4,4,4,0.8673303805187647,1
0.75,437,4,4,4,4,1.8078648866001419,0
0.75,439,4,4,4,4,1.4276876139855255,1
0.75,441,4,4,4,4,0.5920022698866678,1
0.75,443,4,4,4,4,1.4448422842148068,0
0.75,445,4,4,4,4,1.6601301756040643,0
0.75,447,4,4,4,4,0.9500829079417267,1
0.75,449,4,4,4,4,1.1252417860395734,1
0.75,451,4,4,4,4,0.32234128385393546,1
0.75,453,4,4,4,4,0.4353171804714595,1
0.75,455,4,4,4,4,1.12112705169394,1
0.75,457,4,4,4,4,0.7152889448778601,1
0.75,459,4,0,4,4,0.2645972145976414,1
0.75,461,5,5,5,5,0.4654352642337978,1
0.75,463,5,5,11,11,0.37775329029099236,1
0.75,465,5,5,5,5,0.47992325737169717,1
0.75,467,5,5,5,5,0.5516975921998893,1
0.75,469,5,5,5,5,0.5987842345042953,1
0.75,471,5,1,5,5,0.2352215298115229,1
0.75,473,5,1,5,5,0.12213122514648755,1
0.75,475,5,5,5,5,0.48728425859893854,1
0.75,477,5,5,5,5,0.32143558723803617,1
0.75,479,5,5,5,5,0.41047355290141185,1
0.75,481,5,5,5,5,0.503930402168985,1
0.75,483,5,5,5,5,0.02110731671552779,1
0.75,485,5,5,5,5,0.5364654591231629,1
0.75,487,5,5,5,5,0.2898634578241355,1
0.75,489,5,5,5,5,0.12790891355784584,1
0.75,491,5,5,5,5,0.14547599995486304,1
0.75,493,5,5,5,5,0.4120344418808918,1
0.75,495,5,5,5,5,0.14096484340466298,1
0.75,497,5,5,5,5,0.7098877647879489,1
0.75,499,5,5,5,5,0.7034742104493736,1
0.75,501,5,5,5,5,0.6675515401888952,1
0.75,503,5,5,5,5,0.4714618803193259,1
0.75,505,5,5,5,5,0.3957895116853938,1
0.75,507,5,5,5,5,0.2522377364289655,1
0.75,509,5,5,5,5,0.2558544820251607,1
0.75,511,5,5,5,5,0.37084670991065194,1
0.75,513,5,5,5,5,0.3493058606947693,1
0.75,515,5,19,5,5,0.005109495166518818,1
0.75,517,5,5,5,5,0.3613306010516655,1
0.75,519,5,5,5,5,0.46827373544019035,1
0.75,521,5,5,5,5,0.6658669681263916,1
0.75,523,5,5,5,5,0.6111632808799788,1
0.75,525,5,5,5,5,0.38069432603721676,1
0.75,527,5,5,5,5,0.2653253760123264,1
0.75,529,5,5,5,5,0.27308334145443236,1
0.75,531,5,5,5,5,0.32641209622017964,1
0.75,533,5,5,5,5,0.10829539845429159,1
0.75,535,5,5,5,5,0.3403734074207253,1
0.75,537,5,28,5,5,0.21345611278103016,1
0.75,539,5,5,5,5,0.33362111737905487,1
0.75,541,5,5,5,5,0.5763226673016395,1
0.75,543,5,5,5,5,0.37361543935170927,1
0.75,545,5,5,5,5,0.2981298154390194,1
0.75,547,5,5,5,5,0.19047409468378973,1
0.75,549,5,5,5,5,0.5634968381619965,1
0.75,551,5,5,5,5,0.41940122646021905,1
0.75,553,6,6,6,6,1.2087477304831513,1
0.75,555,6,6,6,6,1.0510854424311875,1
0.75,557,6,6,6,6,0.2774250025372671,1
0.75,559,6,6,6,6,0.7997950025595002,1
0.75,561,6,6,6,6,1.2785929604364672,1
0.75,563,6,6,6,6,0.24505524591745542,1
0.75,565,6,6,6,6,0.6761570864844657,1
0.75,567,6,6,6,6,1.2144818218796494,1
0.75,569,6,6,6,6,0.4358455062196087,1
0.75,571,6,6,6,6,1.353638018901468,1
0.75,573,6,6,6,6,0.7480089481649101,1
0.75,575,6,6,6,6,1.6965221321780235,0
0.75,577,6,6,6,6,0.9947401620413994,1
0.75,579,6,6,6,6,0.855429755479699,1
0.75,581,6,6,6,6,1.679681411680742,0
0.75,583,6,6,6,6,1.0856559021576015,1
0.75,585,6,6,6,6,0.7554006458770307,1
0.75,587,6,6,6,6,0.884452939174154,1
0.75,589,6,6,6,6,0.8086799579523267,1
0.75,591,6,6,6,6,1.9854770971834264,0
0.75,593,6,6,6,6,0.5736150172923772,1
0.75,595,6,6,6,6,1.437816982917023,0
0.75,597,6,6,6,6,1.288877312799543,1
0.75,599,6,6,6,6,1.6230131659244524,0
0.75,601,6,6,6,6,1.6121584655205192,0
0.75,603,6,6,6,6,1.8164739093049982,0
0.75,605,6,6,6,6,2.0397851456140206,0
0.75,607,6,6,6,6,1.5024665784391555,0
0.75,609,6,6,6,6,0.6417512510559812,1
0.75,611,6,6,6,6,0.9604164413330929,1
0.75,613,6,6,6,6,1.283709639261038,1
0.75,615,6,6,6,6,1.3615064390639855,1
0.75,617,6,6,6,6,1.708049971929488,0
0.75,619,6,6,6,6,1.641844895155325,0
0.75,621,6,6,6,6,1.93935134631427,0
0.75,623,6,6,6,6,1.7555389763924878,0
0.75,625,6,6,6,6,1.5344111472695932,0
0.75,627,6,6,6,6,0.14068425537305473,1
0.75,629,6,24,6,6,0.31058902474713046,1
0.75,631,6,6,6,6,0.9597625245309456,1
0.75,633,6,6,6,6,0.06557383819582796,1
0.75,635,6,6,6,6,1.976881105923319,0
0.75,637,6,6,6,6,1.4081045914143484,1
0.75,639,6,24,6,6,0.2772911358504382,1
0.75,641,6,6,6,6,0.9929256160509345,1
0.75,643,6,6,6,6,0.21910022861317768,1
0.75,645,7,7,7,7,0.6318900597880956,1
0.75,647,7,7,7,7,0.36799298174245654,1
0.75,649,7,7,7,7,0.46243600913068705,1
0.75,651,7,7,7,7,0.26437402602512383,1
0.75,653,7,7,7,7,0.4704677628610321,1
0.75,655,7,7,7,7,0.22092111429611871,1
0.75,657,7,15,7,7,0.073918944950222,1
0.75,659,7,7,7,7,0.44027115300940123,1
0.75,661,7,7,7,7,0.28672502524110177,1
0.75,663,7,7,7,7,0.1361873065163799,1
0.75,665,7,7,7,7,0.28475251044682115,1
0.75,667,7,51,7,7,0.021946672674120427,1
0.75,669,7,7,7,7,0.11143737398158837,1
0.75,671,7,7,7,7,0.10956980500235847,1
0.75,673,7,7,7,7,0.27714317807828204,1
0.75,675,7,48,7,7,0.07144244932771215,1
0.75,677,7,7,7,7,0.4570958954522468,1
0.75,679,7,7,7,7,0.6052109703443082,1
0.75,681,7,7,7,7,0.576471950756311,1
0.75,683,7,7,7,7,0.697058011082323,1
0.75,685,7,7,7,7,0.41948008016865046,1
0.75,687,7,7,7,7,0.49706852433355353,1
0.75,689,7,7,7,7,0.6472643876731101,1
0.75,691,7,7,7,7,0.3405178279248926,1
0.75,693,7,7,7,7,0.17161200262926501,1
0.75,695,7,48,7,7,0.02602993711103574,1
0.75,697,7,7,7,7,0.13491703631622098,1
0.75,699,7,7,7,7,0.11575666270304708,1
0.75,701,7,7,7,7,0.6676428742931644,1
0.75,703,7,7,7,7,0.65331339818265,1
0.75,705,7,7,7,7,0.76146540565624,1
0.75,707,7,7,7,7,0.6724885180624044,1
0.75,709,7,7,7,7,0.5124957258321754,1
0.75,711,7,7,7,7,0.4344725810644986,1
0.75,713,7,7,7,7,0.32457079267503863,1
0.75,715,7,48,7,7,0.048309130795778366,1
0.75,717,7,48,7,7,0.09289583073504537,1
0.75,719,7,7,7,7,0.6550453216132999,1
0.75,721,7,7,7,7,0.2508308941520223,1
0.75,723,7,7,7,7,0.29321640232737034,1
0.75,725,7,7,7,7,0.39913947373666336,1
0.75,727,7,7,7,7,0.39611978776413137,1
0.75,729,7,7,7,7,0.3767875796998912,1
0.75,731,7,7,7,7,0.572897220025149,1
0.75,733,7,7,7,7,0.38530850056446153,1
0.75,735,7,7,7,7,0.3271860508970763,1
0.75,737,8,8,8,8,1.3724585710177664,1
0.75,739,8,8,8,8,1.7023991706037573,0
0.75,741,8,8,8,8,1.6554953046165894,0
0.75,743,8,8,8,8,1.7988169505102731,0
0.75,745,8,8,8,8,1.482149596614319,0
0.75,747,8,8,8,8,1.6606431646267223,0
0.75,749,8,8,8,8,1.7300775752562565,0
0.75,751,8,8,8,8,1.36407319466807,1
0.75,753,8,8,8,8,1.378056129934151,1
0.75,755,8,8,8,8,1.3364641175279672,1
0.75,757,8,8,8,8,1.2332709512941773,1
0.75,759,8,8,8,8,1.2555745374859089,1
0.75,761,8,8,8,8,1.1831227862944513,1
0.75,763,8,8,8,8,1.3032628741169086,1
0.75,765,8,8,8,8,1.4341629125336763,0
0.75,767,8,8,8,8,1.2265196437535444,1
0.75,769,8,8,8,8,1.5521765121649818,0
0.75,771,8,8,8,8,1.7488119444163779,0
0.75,773,8,8,8,8,1.323895106807893,1
0.75,775,8,8,8,8,1.5463292994299485,0
0.75,777,8,8,8,8,1.5873359223847014,0
0.75,779,8,8,8,8,1.1108236585826465,1
0.75,781,8,8,8,8,1.217176765857106,1
0.75,783,8,8,8,8,1.2197943067204755,1
0.75,785,8,8,8,8,1.226600038150201,1
0.75,787,8,8,8,8,1.046105780048106,1
0.75,789,8,8,8,8,1.2085481744820088,1
0.75,791,8,8,8,8,1.2893213667299932,1
0.75,793,8,8,8,8,1.743351195913455,0
0.75,795,8,8,8,8,1.7196130853492997,0
0.75,797,8,8,8,8,1.6696817312242636,0
0.75,799,8,8,8,8,1.4305808081158495,1
0.75,801,8,8,8,8,1.7121670399315039,0
0.75,803,8,8,8,8,1.573588772200882,0
0.75,805,8,8,8,8,1.7306720742596275,0
0.75,807,8,8,8,8,1.7800624840487431,0
0.75,809,8,8,8,8,1.7623894104953624,0
0.75,811,8,8,8,8,1.818237119658705,0
0.75,813,8,8,8,8,1.4978509019929573,0
0.75,815,8,8,8,8,0.9131773737024865,1
0.75,817,8,8,8,8,0.8854731185306824,1
0.75,819,8,8,8,8,0.5449432330634385,1
0.75,821,8,8,8,8,0.6564948765510126,1
0.75,823,8,8,8,8,1.6807307209543965,0
0.75,825,8,8,8,8,0.40599761607177887,1
0.75,827,8,11,11,11,0.530620047845699,1
0.75,829,9,9,9,9,0.3088385609102515,1
0.75,831,9,9,9,9,0.1809532647664973,1
0.75,833,9,9,9,9,0.4653049979047509,1
0.75,835,9,9,9,9,0.6439026221500417,1
0.75,837,9,9,9,9,0.5687841015786833,1
0.75,839,9,9,9,9,1.076231865073718,1
0.75,841,9,9,9,9,0.80354395257953,1
0.75,843,9,9,9,9,0.580054994239489,1
0.75,845,9,9,9,9,1.3436339886471367,1
0.75,847,9,9,9,9,0.25727599669409407,1
0.75,849,9,9,9,9,0.9175013667093048,1
0.75,851,9,3,9,9,0.2831193808249717,1
0.75,853,9,9,9,9,0.46969050652961397,1
0.75,855,9,9,9,9,0.42314887826482717,1
0.75,857,9,9,9,9,0.213836161347136,1
0.75,859,9,16,9,9,0.015801643530860665,1
0.75,861,9,9,9,9,0.027746123735465145,1
0.75,863,9,9,9,9,0.31197072051956143,1
0.75,865,9,9,9,9,0.5407414180846402,1
0.75,867,9,9,9,9,0.7809980291567304,1
0.75,869,9,9,9,9,0.9115057569295821,1
0.75,871,9,9,9,9,0.6888499699974122,1
0.75,873,9,9,9,9,0.38480508929175816,1
0.75,875,9,9,9,9,0.6597346191191307,1
0.75,877,9,9,9,9,0.14761375447145886,1
0.75,879,9,9,9,9,0.28064360452250126,1
0.75,881,9,9,9,9,0.12648833050009023,1
0.75,883,9,16,9,9,0.023804309448153593,1
0.75,885,9,9,9,9,0.9591546301354785,1
0.75,887,9,9,9,9,1.024655896511437,1
0.75,889,9,9,9,9,0.9076472940812865,1
0.75,891,9,9,9,9,0.7872959786644467,1
0.75,893,9,9,9,9,0.5303610648327084,1
0.75,895,9,9,9,9,0.5460484547931911,1
0.75,897,9,9,9,9,0.4208515273289801,1
0.75,899,9,9,9,9,0.2717812243313339,1
0.75,901,9,40,9,9,0.08996046779389788,1
0.75,903,9,9,9,9,0.7611911618226126,1
0.75,905,9,9,9,9,0.49424221626902165,1
0.75,907,9,9,9,9,1.1461895212996462,1
0.75,909,9,9,9,9,0.6794941696805759,1
0.75,911,9,9,9,9,0.6910750463733835,1
0.75,913,9,48,9,9,0.01861115555555526,1
0.75,915,9,9,9,9,0.6411275806606873,1
0.75,917,9,9,9,9,0.7495163640954366,1
0.75,919,9,48,9,9,0.03371674868431207,1
0.75,921,10,10,10,10,1.240725043336737,1
0.75,923,10,10,10,10,0.4403521782687838,1
0.75,925,10,10,10,10,0.18588005601835778,1
0.75,927,10,10,10,10,0.23159853879648695,1
0.75,929,10,10,10,10,0.3732834484059747,1
0.75,931,10,2,2,2,0.7391237033313889,1
0.75,933,10,2,10,10,0.542808390073261,1
0.75,935,10,10,10,10,0.5063021720621075,1
0.75,937,10,2,10,10,0.2706877730424684,1
0.75,939,10,3,2,2,0.007720377395333489,1
0.75,941,10,10,10,10,0.48310194162211517,1
0.75,943,10,3,3,3,0.3715692763562859,1
0.75,945,10,10,10,10,0.659589139758747,1
0.75,947,10,10,10,10,0.36887096125734076,1
0.75,949,10,10,10,10,0.4589993496496345,1
0.75,951,10,10,10,10,0.48461931561620264,1
0.75,953,10,10,10,10,0.5514600700561765,1
0.75,955,10,7,10,10,0.2861546649280535,1
0.75,957,10,10,10,10,1.1247521162319696,1
0.75,959,10,10,10,10,1.0329054952039796,1
0.75,961,10,10,10,10,0.5257816805446338,1
0.75,963,10,10,10,10,0.7646319906481078,1
0.75,965,10,10,10,10,0.5791677039546305,1
0.75,967,10,10,10,10,0.6652355887862316,1
0.75,969,10,10,10,10,0.501126176420793,1
0.75,971,10,10,10,10,0.4122958602842802,1
0.75,973,10,10,10,10,0.1703548670830327,1
0.75,975,10,10,10,10,0.5980015671377812,1
0.75,977,10,10,10,10,0.592887576000869,1
0.75,979,10,10,10,10,1.29364259810875,1
0.75,981,10,10,10,10,1.0423141153218543,1
0.75,983,10,10,10,10,0.6463266880432628,1
0.75,985,10,10,10,10,0.5397111769595522,1
0.75,987,10,10,10,10,0.6519550504730431,1
0.75,989,10,10,10,10,0.5892762214474245,1
0.75,991,10,10,10,10,0.3988070275616369,1
0.75,993,10,48,10,10,0.06257479264974553,1
0.75,995,10,10,10,10,0.4246691407705938,1
0.75,997,10,10,10,10,0.5794179126091796,1
0.75,999,10,10,10,10,0.9362542390939841,1
0.75,1001,10,10,10,10,1.1861095181649266,1
0.75,1003,10,10,10,10,0.5669919600502085,1
0.75,1005,10,10,10,10,0.19507715439692297,1
0.75,1007,10,10,10,10,0.5456947523072598,1
0.75,1009,10,10,10,10,0.6093287152884281,1
0.75,1011,10,10,10,10,0.3382244058298096,1
0.75,1013,11,11,11,11,0.7723451981611915,1
0.75,1015,11,11,11,11,0.31655187165686405,1
0.75,1017,11,11,11,11,0.1630385162251764,1
0.75,1019,11,11,11,11,0.3027751882149541,1
0.75,1021,11,11,11,11,0.40378803079237935,1
0.75,1023,11,32,11,11,0.27674078407110336,1
0.75,1025,11,11,11,11,0.5254395675696091,1
0.75,1027,11,11,11,11,1.1381069688327878,1
0.75,1029,11,11,11,11,0.24403797888738787,1
0.75,1031,11,11,11,11,1.5347552962402855,0
0.75,1033,11,11,11,11,0.7545774209820915,1
0.75,1035,11,11,11,11,1.4449443067114167,0
0.75,1037,11,11,11,11,1.1775064883204664,1
0.75,1039,11,11,11,11,1.0094613234743615,1
0.75,1041,11,11,11,11,1.457422223120898,0
0.75,1043,11,11,11,11,0.9429630153008396,1
0.75,1045,11,11,11,11,0.44323988263751435,1
0.75,1047,11,11,11,11,0.3916519138845822,1
0.75,1049,11,11,11,11,0.8537837573520218,1
0.75,1051,11,11,11,11,0.734111431902338,1
0.75,1053,11,11,11,11,0.4690197869838202,1
0.75,1055,11,11,11,11,0.8098426822044523,1
0.75,1057,11,11,11,11,1.1609025793502161,1
0.75,1059,11,11,11,11,1.1352774861753154,1
0.75,1061,11,11,11,11,1.2957978631281002,1
0.75,1063,11,11,11,11,0.5577080259158782,1
0.75,1065,11,11,11,11,1.448459525139862,0
0.75,1067,11,11,11,11,1.2118022935257,1
0.75,1069,11,11,11,11,0.46793844810190754,1
0.75,1071,11,11,11,11,0.9118894762688328,1
0.75,1073,11,11,11,11,0.8643332211807295,1
0.75,1075,11,11,11,11,0.7135373412171672,1
0.75,1077,11,11,11,11,0.5976121261613869,1
0.75,1079,11,11,11,11,0.8478044906809665,1
0.75,1081,11,11,11,11,0.9460200883862464,1
0.75,1083,11,11,11,11,0.7872612105074163,1
0.75,1085,11,11,11,11,0.7760633389186752,1
0.75,1087,11,11,11,11,0.5128172438026839,1
0.75,1089,11,11,11,11,0.7287096691649706,1
0.75,1091,11,11,11,11,0.9451347372044424,1
0.75,1093,11,11,11,11,0.6829745127280209,1
0.75,1095,11,11,11,11,0.9066186771021597,1
0.75,1097,11,11,11,11,0.3937086929260345,1
0.75,1099,11,11,11,11,0.3430149555144044,1
0.75,1101,11,11,11,11,0.4557189850377259,1
0.75,1103,11,30,11,11,0.0388192071240423,1
0.75,1105,12,12,12,12,0.6417709408473558,1
0.75,1107,12,12,12,12,0.5590599244584082,1
0.75,1109,12,12,12,12,1.0217207143082254,1
0.75,1111,12,12,12,12,0.7175417519387504,1
0.75,1113,12,12,12,12,0.9447688117673232,1
0.75,1115,12,12,12,12,0.7007051238387493,1
0.75,1117,12,12,12,12,0.7666685385853187,1
0.75,1119,12,12,12,12,0.4795768039335213,1
0.75,1121,12,12,12,12,0.9530934699405875,1
0.75,1123,12,12,12,12,0.5862715211948806,1
0.75,1125,12,12,12,12,0.6354945349819952,1
0.75,1127,12,12,12,12,0.8050401062422958,1
0.75,1129,12,12,12,12,0.8975536199849083,1
0.75,1131,12,12,12,12,0.8432966317268401,1
0.75,1133,12,12,12,12,0.8024024961592573,1
0.75,1135,12,12,12,12,0.9768155790361368,1
0.75,1137,12,12,12,12,0.7629532824192814,1
0.75,1139,12,12,12,12,0.8751954739810031,1
0.75,1141,12,12,12,12,1.4640357159279258,0
0.75,1143,12,12,12,12,2.002795199948512,0
0.75,1145,12,12,12,12,1.5876872827517219,0
0.75,1147,12,12,12,12,0.8921373212514829,1
0.75,1149,12,12,12,12,1.2601042760120829,1
0.75,1151,12,12,12,12,1.6950271090781412,0
0.75,1153,12,12,12,12,1.153113365324863,1
0.75,1155,12,12,12,12,1.2685079680705864,1
0.75,1157,12,12,12,12,0.8094042550009701,1
0.75,1159,12,12,12,12,0.9322582133218043,1
0.75,1161,12,12,12,12,0.45237678672587955,1
0.75,1163,12,12,12,12,0.852558433493801,1
0.75,1165,12,12,12,12,1.0854970381510995,1
0.75,1167,12,12,12,12,1.0503141805465894,1
0.75,1169,12,12,12,12,0.7302281998457081,1
0.75,1171,12,12,12,12,1.5671656069272253,0
0.75,1173,12,12,12,12,1.3143050461113435,1
0.75,1175,12,12,12,12,1.164580933799665,1
0.75,1177,12,12,12,12,1.069679420026628,1
0.75,1179,12,12,12,12,0.027358907879559524,1
0.75,1181,12,12,12,12,1.0394397755156024,1
0.75,1183,12,12,12,12,0.7202678710352466,1
0.75,1185,12,12,12,12,0.848404626403714,1
0.75,1187,12,12,12,12,0.9515181140151028,1
0.75,1189,12,12,12,12,1.509107410723394,0
0.75,1191,12,12,12,12,0.5473495222552311,1
0.75,1193,12,12,12,12,0.6805409543875429,1
0.75,1195,12,12,12,12,0.994678532789216,1
0.75,1197,13,13,13,13,1.039034660200171,1
0.75,1199,13,13,13,13,0.9542528683097076,1
0.75,1201,13,13,13,13,0.8704739909169019,1
0.75,1203,13,13,13,13,0.46192226579395057,1
0.75,1205,13,13,13,13,0.7591924480065271,1
0.75,1207,13,13,13,13,0.8054277087060748,1
0.75,1209,13,13,13,13,0.6179027740739587,1
0.75,1211,13,13,13,13,0.5303086045849366,1
0.75,1213,13,13,13,13,0.5101557703861137,1
0.75,1215,13,13,13,13,0.4715454492792033,1
0.75,1217,13,13,13,13,0.4647934796321125,1
0.75,1219,13,13,13,13,0.344081633007419,1
0.75,1221,13,13,13,13,0.9120409723729717,1
0.75,1223,13,13,13,13,0.6998696531533066,1
0.75,1225,13,13,13,13,0.6054613674241791,1
0.75,1227,13,13,13,13,0.6888959446965841,1
0.75,1229,13,13,13,13,0.6517473992789828,1
0.75,1231,13,13,13,13,0.8288501104414201,1
0.75,1233,13,13,13,13,0.8281628958622698,1
0.75,1235,13,13,13,13,0.8072166929883546,1
0.75,1237,13,13,13,13,0.767456127631063,1
0.75,1239,13,13,13,13,0.6639974084301645,1
0.75,1241,13,13,13,13,0.7656228321397236,1
0.75,1243,13,13,13,13,0.807895002126898,1
0.75,1245,13,13,13,13,0.6540102101931444,1
0.75,1247,13,13,13,13,0.7277060846752561,1
0.75,1249,13,13,13,13,0.6090564433564383,1
0.75,1251,13,13,13,13,0.5186277243670874,1
0.75,1253,13,13,13,13,0.36727824899351447,1
0.75,1255,13,13,13,13,0.7293293530981528,1
0.75,1257,13,13,13,13,0.7007245923413497,1
0.75,1259,13,13,13,13,1.0881852853459515,1
0.75,1261,13,13,13,13,0.8693555697571551,1
0.75,1263,13,13,13,13,1.1237866330476978,1
0.75,1265,13,13,13,13,0.8857893082518622,1
0.75,1267,13,13,13,13,0.560737934637211,1
0.75,1269,13,13,13,13,0.3247147078442427,1
0.75,1271,13,13,13,13,0.6601587170195757,1
0.75,1273,13,13,13,13,0.869235956666143,1
0.75,1275,13,13,13,13,0.8942276617855803,1
0.75,1277,13,13,13,13,0.8080200752863584,1
0.75,1279,13,13,13,13,1.1735559046711583,1
0.75,1281,13,13,13,13,0.41098918838834586,1
0.75,1283,13,13,13,13,0.5302037289541142,1
0.75,1285,13,13,13,13,0.483251793141245,1
0.75,1287,13,13,13,13,0.24535355584520002,1
0.75,1289,14,14,14,14,1.355208476286795,1
0.75,1291,14,14,14,14,1.2092681643103698,1
0.75,1293,14,14,14,14,1.5689992619364248,0
0.75,1295,14,14,14,14,0.4688435470643193,1
0.75,1297,14,14,14,14,1.2452100048457648,1
0.75,1299,14,14,14,14,1.0294447865496927,1
0.75,1301,14,14,14,14,1.2481447564672816,1
0.75,1303,14,14,14,14,1.1532566910280455,1
0.75,1305,14,14,14,14,0.982452066746332,1
0.75,1307,14,14,14,14,0.9031130370320034,1
0.75,1309,14,14,14,14,1.600514518520276,0
0.75,1311,14,14,14,14,1.1677357827188253,1
0.75,1313,14,14,14,14,1.5322492730386674,0
0.75,1315,14,14,14,14,1.5453846153056698,0
0.75,1317,14,14,14,14,1.6187230586788004,0
0.75,1319,14,14,14,14,1.5957656307034935,0
0.75,1321,14,14,14,14,1.3840271322927153,1
0.75,1323,14,14,14,14,1.686011554993623,0
0.75,1325,14,14,14,14,1.7658276949850737,0
0.75,1327,14,14,14,14,1.3097444666454474,1
0.75,1329,14,14,14,14,1.5888890698291958,0
0.75,1331,14,14,14,14,0.9183350984247218,1
0.75,1333,14,14,14,14,1.5183227742736958,0
0.75,1335,14,14,14,14,1.5268776483406112,0
0.75,1337,14,14,14,14,1.9924207642466867,0
0.75,1339,14,14,14,14,1.7919820527072507,0
0.75,1341,14,14,14,14,1.5263265436180138,0
0.75,1343,14,14,14,14,1.1637893997575801,1
0.75,1345,14,14,14,14,2.0535502167661477,0
0.75,1347,14,14,14,14,1.7234460271907825,0
0.75,1349,14,14,14,14,1.9780727261695505,0
0.75,1351,14,14,14,14,0.9725189786425448,1
0.75,1353,14,14,14,14,0.9100075691394219,1
0.75,1355,14,14,14,14,1.9306267932838723,0
0.75,1357,14,14,14,14,1.3013709114065668,1
0.75,1359,14,14,14,14,1.6340791927159701,0
0.75,1361,14,14,14,14,0.7349774245704692,1
0.75,1363,14,14,14,14,2.2414911776968216,0
0.75,1365,14,14,14,14,2.206263177763681,0
0.75,1367,14,14,14,14,0.817893985967822,1
0.75,1369,14,14,14,14,1.4531570615010807,0
0.75,1371,14,14,14,14,1.5866236555100615,0
0.75,1373,14,14,14,14,1.149102350551996,1
0.75,1375,14,14,14,14,1.7228730302218884,0
0.75,1377,14,14,14,14,1.1452458722181462,1
0.75,1379,14,14,14,14,0.7926907631048741,1
0.75,1381,15,15,15,15,0.21384274424469196,1
0.75,1383,15,15,15,15,0.456983428742856,1
0.75,1385,15,15,15,15,0.32154874588758187,1
0.75,1387,15,15,15,15,0.10629554882323067,1
0.75,1389,15,15,15,15,0.38308028731093224,1
0.75,1391,15,15,15,15,0.34111524193311205,1
0.75,1393,15,15,15,15,0.36085759779201054,1
0.75,1395,15,15,15,15,0.443871822569295,1
0.75,1397,15,15,15,15,0.22133779637234152,1
0.75,1399,15,25,15,15,0.034087480656475266,1
0.75,1401,15,15,15,15,0.4284087720974177,1
0.75,1403,15,15,15,15,0.21190935053230053,1
0.75,1405,15,15,15,15,0.29930156218949766,1
0.75,1407,15,15,15,15,0.417197340792554,1
0.75,1409,15,15,15,15,0.2126540991895164,1
0.75,1411,15,15,15,15,0.12762089980776636,1
0.75,1413,15,15,15,15,0.10541120393584158,1
0.75,1415,15,24,15,15,0.01951259580348208,1
0.75,1417,15,15,15,15,0.3977087375124686,1
0.75,1419,15,15,15,15,0.6793070214025121,1
0.75,1421,15,15,15,15,0.33143357066240253,1
0.75,1423,15,15,15,15,0.47397919521083165,1
0.75,1425,15,15,15,15,0.4758595769184044,1
0.75,1427,15,15,15,15,0.4120944989542161,1
0.75,1429,15,15,15,15,0.4478485386872746,1
0.75,1431,15,15,15,15,0.3431995944218158,1
0.75,1433,15,15,15,15,0.16956801810307232,1
0.75,1435,15,15,15,15,0.25388344416375663,1
0.75,1437,15,15,15,15,0.028303011857944815,1
0.75,1439,15,15,15,15,0.4112495570011081,1
0.75,1441,15,15,15,15,0.3801124134440603,1
0.75,1443,15,15,15,15,0.36677387392814986,1
0.75,1445,15,15,15,15,0.14340283570107593,1
0.75,1447,15,15,15,15,0.3704548667175025,1
0.75,1449,15,15,15,15,0.2571238936849465,1
0.75,1451,15,15,15,15,0.2751905210877321,1
0.75,1453,15,15,15,15,0.052378640326016246,1
0.75,1455,15,15,15,15,0.2656009879950074,1
0.75,1457,15,15,15,15,0.2676539747247322,1
0.75,1459,15,15,15,15,0.46125738763607393,1
0.75,1461,15,36,15,15,0.07951649745377831,1
0.75,1463,15,15,15,15,0.46787818565902495,1
0.75,1465,15,15,15,15,0.3555931109292507,1
0.75,1467,15,15,15,15,0.0926582581476858,1
0.75,1469,15,15,15,15,0.22365943636864216,1
0.75,1471,15,15,15,15,0.2653487705185128,1
0.75,1473,16,16,16,16,0.5505814635252066,1
0.75,1475,16,33,16,16,0.023703948674685504,1
0.75,1477,16,16,16,16,0.1232337203777798,1
0.75,1479,16,33,16,16,0.08869559615559175,1
0.75,1481,16,16,16,16,0.31432186479760515,1
0.75,1483,16,2,16,16,0.0879676645207953,1
0.75,1485,16,16,16,16,0.2931700824524166,1
0.75,1487,16,16,16,16,0.40615426228445783,1
0.75,1489,16,38,16,16,0.25994691605137543,1
0.75,1491,16,16,16,16,0.1906768606021907,1
0.75,1493,16,16,16,16,0.4429138974027109,1
0.75,1495,16,0,16,16,0.03284764423642317,1
0.75,1497,16,16,16,16,0.1490514018015201,1
0.75,1499,16,16,38,38,0.14990060971951658,1
0.75,1501,16,16,16,16,0.36768323835491423,1
0.75,1503,16,16,16,16,0.20545389760137,1
0.75,1505,16,16,16,16,0.4955093744137772,1
0.75,1507,16,16,16,16,0.4984036573083668,1
0.75,1509,16,16,16,16,0.7299861113452192,1
0.75,1511,16,16,16,16,0.6742839472117041,1
0.75,1513,16,16,16,16,0.35903897097468107,1
0.75,1515,16,16,16,16,0.6959770690282505,1
0.75,1517,16,16,16,16,0.15027478008005324,1
0.75,1519,16,16,16,16,0.3880816708389837,1
0.75,1521,16,16,16,16,0.13558628183517452,1
0.75,1523,16,58,16,16,0.09308027836086863,1
0.75,1525,16,16,16,16,0.2727595339864337,1
0.75,1527,16,30,16,16,0.08265952704548352,1
0.75,1529,16,16,16,16,0.2563612240462152,1
0.75,1531,16,16,16,16,0.5158267682082965,1
0.75,1533,16,16,16,16,0.7908487177299748,1
0.75,1535,16,16,16,16,0.749403963887217,1
0.75,1537,16,16,16,16,0.3036812621071907,1
0.75,1539,16,16,16,16,0.4406081815155818,1
0.75,1541,16,16,16,16,0.17451500913079232,1
0.75,1543,16,16,16,16,0.16337543017727685,1
0.75,1545,16,30,16,16,0.19758798784661546,1
0.75,1547,16,16,16,16,0.3083340271445064,1
0.75,1549,16,16,16,16,0.5133313310362947,1
0.75,1551,16,16,16,16,0.8090788455130241,1
0.75,1553,16,16,16,16,0.4837257511043055,1
0.75,1555,16,19,16,16,0.08941621806975009,1
0.75,1557,16,58,16,16,0.029512427279940523,1
0.75,1559,16,16,16,16,0.8349830824438386,1
0.75,1561,16,16,16,16,0.29758918743381746,1
0.75,1563,16,7,58,58,0.3020057736278561,1
0.75,1565,17,17,17,17,1.3860345435988253,1
0.75,1567,17,17,17,17,0.712982771254864,1
0.75,1569,17,17,17,17,1.215886505326564,1
0.75,1571,17,17,17,17,0.6645256619593585,1
0.75,1573,17,17,17,17,0.8185566395781232,1
0.75,1575,17,2,17,17,0.009401287069594755,1
0.75,1577,17,17,17,17,0.22270199732750395,1
0.75,1579,17,17,17,17,1.1321644321319886,1
0.75,1581,17,17,17,17,0.37538275071603633,1
0.75,1583,17,17,17,17,0.6838827838061463,1
0.75,1585,17,17,17,17,0.6438121123484066,1
0.75,1587,17,17,17,17,0.44534215301742597,1
0.75,1589,17,17,17,17,0.6781379673687005,1
0.75,1591,17,17,17,17,0.9216790000567943,1
0.75,1593,17,17,17,17,0.5818728951681345,1
0.75,1595,17,17,17,17,1.0265538640376595,1
0.75,1597,17,17,17,17,1.064313706610675,1
0.75,1599,17,17,17,17,1.2938081828578276,1
0.75,1601,17,17,17,17,1.3969768077021874,1
0.75,1603,17,17,17,17,1.3179554736234904,1
0.75,1605,17,17,17,17,1.2598594173988937,1
0.75,1607,17,17,17,17,1.5938896576323978,0
0.75,1609,17,17,17,17,1.5541734066410662,0
0.75,1611,17,17,17,17,1.44043216620877,0
0.75,1613,17,17,17,17,1.216389734856325,1
0.75,1615,17,17,17,17,1.1070235162014415,1
0.75,1617,17,17,17,17,0.6360455847818506,1
0.75,1619,17,17,17,17,0.6636101754328783,1
0.75,1621,17,17,17,17,0.5258508576287644,1
0.75,1623,17,17,17,17,1.4119376609140484,1
0.75,1625,17,17,17,17,1.5953314720590888,0
0.75,1627,17,17,17,17,1.3422694053629542,1
0.75,1629,17,17,17,17,1.0284020615986365,1
0.75,1631,17,17,17,17,1.4063124416781903,1
0.75,1633,17,17,17,17,0.8334866532853569,1
0.75,1635,17,17,17,17,0.5983080756070891,1
0.75,1637,17,17,17,17,0.46398075121001847,1
0.75,1639,17,17,17,17,0.5004134223195236,1
0.75,1641,17,17,17,17,1.146381168469009,1
0.75,1643,17,17,17,17,1.3101294427681345,1
0.75,1645,17,17,17,17,0.9113055492896549,1
0.75,1647,17,17,17,17,1.5909720240382108,0
0.75,1649,17,17,17,17,1.6105102665557705,0
0.75,1651,17,17,17,17,0.9678391004914391,1
0.75,1653,17,17,17,17,1.0264715620562037,1
0.75,1655,17,17,17,17,1.0048390820073196,1
0.75,1657,18,18,18,18,0.915357205792694,1
0.75,1659,18,18,18,18,0.7704375063838879,1
0.75,1661,18,18,18,18,1.0636493529360496,1
0.75,1663,18,18,18,18,0.6576970786355198,1
0.75,1665,18,18,18,18,0.7165488129262556,1
0.75,1667,18,18,18,18,0.5455842949949845,1
0.75,1669,18,36,36,36,0.1540855507647685,1
0.75,1671,18,18,18,18,0.8224719465203238,1
0.75,1673,18,18,18,18,0.17368793985283126,1
0.75,1675,18,36,18,18,0.1090479909960973,1
0.75,1677,18,36,18,18,0.020726484954592284,1
0.75,1679,18,18,18,18,0.24861449460149299,1
0.75,1681,18,36,18,18,0.018786619061232246,1
0.75,1683,18,18,18,18,0.3930651328808703,1
0.75,1685,18,18,18,18,0.24460592975187012,1
0.75,1687,18,18,18,18,0.31395232468001777,1
0.75,1689,18,18,18,18,1.420266992604128,1
0.75,1691,18,18,18,18,1.0244116175403817,1
0.75,1693,18,18,18,18,1.097661079175385,1
0.75,1695,18,18,18,18,1.1744701758254399,1
0.75,1697,18,18,18,18,0.19460024283286015,1
0.75,1699,18,18,18,18,1.1595671687213551,1
0.75,1701,18,18,18,18,0.9427320732346083,1
0.75,1703,18,18,18,18,0.6485029966961301,1
0.75,1705,18,18,18,18,0.7144436659624073,1
0.75,1707,18,18,18,18,0.6278740275708496,1
0.75,1709,18,18,18,18,0.18736543206892886,1
0.75,1711,18,18,18,18,0.48604380447423146,1
0.75,1713,18,18,18,18,0.7880381287218701,1
0.75,1715,18,18,18,18,0.8989296087931549,1
0.75,1717,18,18,18,18,1.0819709480614534,1
0.75,1719,18,18,18,18,1.1963742901446448,1
0.75,1721,18,18,18,18,0.7469223472560949,1
0.75,1723,18,18,18,18,1.0735941180886994,1
0.75,1725,18,18,18,18,0.2012960116910547,1
0.75,1727,18,18,18,18,0.22679923040360017,1
0.75,1729,18,19,18,18,0.0683471195032419,1
0.75,1731,18,18,18,18,1.1502440344336327,1
0.75,1733,18,18,18,18,1.0622376068526254,1
0.75,1735,18,18,18,18,1.3023353634683443,1
0.75,1737,18,18,18,18,0.7537589669887788,1
0.75,1739,18,18,18,18,0.8297080255751106,1
0.75,1741,18,18,18,18,0.2369717628676986,1
0.75,1743,18,18,18,18,1.0452276505823348,1
0.75,1745,18,18,18,18,0.7390818018529517,1
0.75,1747,18,18,18,18,0.6107094636902525,1
0.75,1749,19,19,19,19,0.7783492929802056,1
0.75,1751,19,19,19,19,0.912484534956499,1
0.75,1753,19,19,19,19,0.662698418655401,1
0.75,1755,19,19,19,19,0.7282326876843654,1
0.75,1757,19,19,19,19,0.6247599043502664,1
0.75,1759,19,19,19,19,0.9433132963350008,1
0.75,1761,19,19,19,19,1.127008818546582,1
0.75,1763,19,19,19,19,1.24249623025269,1
0.75,1765,19,19,19,19,1.134568678624779,1
0.75,1767,19,19,19,19,0.9974227205667425,1
0.75,1769,19,19,19,19,0.9598330776992543,1
0.75,1771,19,19,19,19,0.9891110153210614,1
0.75,1773,19,19,19,19,0.9186415700441538,1
0.75,1775,19,19,19,19,0.8456361905555247,1
0.75,1777,19,19,19,19,1.019641831821399,1
0.75,1779,19,19,19,19,0.9850427458725362,1
0.75,1781,19,19,19,19,0.5273238007134067,1
0.75,1783,19,19,19,19,0.04074403135994875,1
0.75,1785,19,19,19,19,0.9227363804233129,1
0.75,1787,19,19,19,19,1.0295670647134005,1
0.75,1789,19,19,19,19,1.1165066961926837,1
0.75,1791,19,19,19,19,0.8847237807076174,1
0.75,1793,19,19,19,19,1.0926168067493698,1
0.75,1795,19,19,19,19,0.8607414444728329,1
0.75,1797,19,19,19,19,1.1420330567637016,1
0.75,1799,19,19,19,19,0.9554389798713088,1
0.75,1801,19,19,19,19,1.1530262157383997,1
0.75,1803,19,19,19,19,0.6971789404406312,1
0.75,1805,19,19,19,19,0.5758007163750276,1
0.75,1807,19,19,19,19,0.5278765426951721,1
0.75,1809,19,19,19,19,0.7296570649478349,1
0.75,1811,19,19,19,19,0.3270228882054018,1
0.75,1813,19,19,19,19,1.0028349984748213,1
0.75,1815,19,19,19,19,0.7984468855481801,1
0.75,1817,19,19,19,19,0.7898653554438193,1
0.75,1819,19,19,19,19,0.9117277535118373,1
0.75,1821,19,19,19,19,0.5821491859587948,1
0.75,1823,19,19,19,19,0.30085739663949473,1
0.75,1825,19,19,19,19,0.434773287918915,1
0.75,1827,19,19,19,19,0.43188835857507113,1
0.75,1829,19,19,19,19,0.7185924094417191,1
0.75,1831,19,19,19,19,0.42092508885539304,1
0.75,1833,19,19,19,19,0.3844688251005398,1
0.75,1835,19,19,19,19,0.02320025414940452,1
0.75,1837,19,15,19,19,0.12460655013447908,1
0.75,1839,19,15,19,19,0.1193805738451823,1
0.75,1841,20,20,20,20,0.7781735790673648,1
0.75,1843,20,20,20,20,0.40304124794263696,1
0.75,1845,20,20,20,20,0.7377859279855602,1
0.75,1847,20,20,20,20,0.6642515994903163,1
0.75,1849,20,20,20,20,0.9069071001761257,1
0.75,1851,20,20,20,20,1.320746703884448,1
0.75,1853,20,20,20,20,0.7912306751316602,1
0.75,1855,20,20,20,20,1.8029712019721775,0
0.75,1857,20,20,20,20,1.3107439245605863,1
0.75,1859,20,20,20,20,0.53204026429758,1
0.75,1861,20,20,20,20,1.7762359031275574,0
0.75,1863,20,20,20,20,0.42610944185605404,1
0.75,1865,20,20,20,20,1.5969924024815245,0
0.75,1867,20,20,20,20,1.9462559382105864,0
0.75,1869,20,20,20,20,1.606429427117614,0
0.75,1871,20,20,20,20,1.497370651319422,0
0.75,1873,20,20,20,20,1.033649198259718,1
0.75,1875,20,20,20,20,0.7968326181889231,1
0.75,1877,20,20,20,20,2.013073130446096,0
0.75,1879,20,20,20,20,1.9923931696902,0
0.75,1881,20,20,20,20,2.0777442507573882,0
0.75,1883,20,20,20,20,2.0318375968385674,0
0.75,1885,20,20,20,20,1.9473932102269707,0
0.75,1887,20,20,20,20,2.0565851771400157,0
0.75,1889,20,20,20,20,2.155966820261419,0
0.75,1891,20,20,20,20,1.9015386640602905,0
0.75,1893,20,20,20,20,0.9539782725652508,1
0.75,1895,20,20,20,20,0.8719588474807318,1
0.75,1897,20,20,20,20,1.3820086209163676,1
0.75,1899,20,20,20,20,1.8472588430778663,0
0.75,1901,20,20,20,20,1.724379474008375,0
0.75,1903,20,20,20,20,1.8457219589450264,0
0.75,1905,20,20,20,20,1.6023741205682276,0
0.75,1907,20,20,20,20,2.2342080505012234,0
0.75,1909,20,20,20,20,1.460683256345479,0
0.75,1911,20,20,20,20,0.9959335794771864,1
0.75,1913,20,20,20,20,0.1375482685638843,1
0.75,1915,20,20,20,20,1.3364538356689986,1
0.75,1917,20,20,20,20,1.2492638263941538,1
0.75,1919,20,20,20,20,1.6675334198503462,0
0.75,1921,20,20,20,20,1.5645839053550619,0
0.75,1923,20,20,20,20,1.5744855267470315,0
0.75,1925,20,20,20,20,0.9418706323450354,1
0.75,1927,20,20,20,20,1.119628603301786,1
0.75,1929,20,20,20,20,1.5175979608799444,0
0.75,1931,20,20,20,20,1.0755250587451874,1
0.75,1933,21,21,21,21,0.9656916248388647,1
0.75,1935,21,21,21,21,0.9891299184766482,1
0.75,1937,21,21,21,21,0.896137271656868,1
0.75,1939,21,21,21,21,1.0476399784816983,1
0.75,1941,21,21,21,21,1.0329457989517974,1
0.75,1943,21,21,21,21,0.8075927254491528,1
0.75,1945,21,21,21,21,0.8833961188387396,1
0.75,1947,21,21,21,21,0.8252290013288182,1
0.75,1949,21,21,21,21,0.24146961674285183,1
0.75,1951,21,21,21,21,0.7654110376987505,1
0.75,1953,21,21,21,21,0.7377661048878622,1
0.75,1955,21,21,21,21,0.8000387426046109,1
0.75,1957,21,21,21,21,0.24301793064404675,1
0.75,1959,21,21,21,21,0.29759904152017713,1
0.75,1961,21,21,21,21,0.6964186056694293,1
0.75,1963,21,21,21,21,0.00859770905094459,1
0.75,1965,21,21,21,21,0.6226935350820926,1
0.75,1967,21,21,21,21,1.087966943915983,1
0.75,1969,21,21,21,21,1.2999430463285486,1
0.75,1971,21,21,21,21,1.091719633327093,1
0.75,1973,21,21,21,21,1.2848040349405494,1
0.75,1975,21,21,21,21,0.6615870215662556,1
0.75,1977,21,21,21,21,1.362813917167063,1
0.75,1979,21,21,21,21,0.6833461173355699,1
0.75,1981,21,21,21,21,0.6892592783526899,1
0.75,1983,21,21,21,21,0.302376281306703,1
0.75,1985,21,21,21,21,0.8682680096500973,1
0.75,1987,21,21,21,21,0.6895014961513931,1
0.75,1989,21,21,21,21,0.5185296087852924,1
0.75,1991,21,21,21,21,1.0876257079809282,1
0.75,1993,21,21,21,21,1.2195011739750177,1
0.75,1995,21,21,21,21,0.4285841367256318,1
0.75,1997,21,21,21,21,0.4335652634630296,1
0.75,1999,21,21,21,21,1.0061378873507096,1
0.75,2001,21,21,21,21,1.0881697420878162,1
0.75,2003,21,21,21,21,0.23397651335085368,1
0.75,2005,21,21,21,21,0.6864528540437305,1
0.75,2007,21,21,21,21,0.42013427462050235,1
0.75,2009,21,21,21,21,1.3016890383276118,1
0.75,2011,21,21,21,21,0.7738754507448589,1
0.75,2013,21,21,21,21,0.9186358206519392,1
0.75,2015,21,21,21,21,1.1936896281261777,1
0.75,2017,21,21,21,21,0.78164561674653,1
0.75,2019,21,21,21,21,0.710513884649747,1
0.75,2021,21,21,21,21,1.5875887021749941,0
0.75,2023,21,21,21,21,0.9092211727967685,1
0.75,2025,22,22,22,22,1.7379274048228486,0
0.75,2027,22,22,22,22,1.4695638053446403,0
0.75,2029,22,22,22,22,1.7663393099587035,0
0.75,2031,22,22,22,22,1.1343504391041823,1
0.75,2033,22,22,22,22,1.598153843097826,0
0.75,2035,22,22,22,22,1.1370466497426186,1
0.75,2037,22,22,22,22,1.4582396588467044,0
0.75,2039,22,22,22,22,2.0027271191409595,0
0.75,2041,22,22,22,22,1.565436458991258,0
0.75,2043,22,22,22,22,1.7573729535393916,0
0.75,2045,22,22,22,22,1.8919297837297702,0
0.75,2047,22,22,22,22,1.4290403931605484,1
0.75,2049,22,22,22,22,1.8440105878080133,0
0.75,2051,22,22,22,22,1.6930322524669794,0
0.75,2053,22,22,22,22,1.579687726800295,0
0.75,2055,22,22,22,22,1.7434555181286657,0
0.75,2057,22,22,22,22,1.8013781436350498,0
0.75,2059,22,22,22,22,1.5051302192815412,0
0.75,2061,22,22,22,22,2.1615878500855263,0
0.75,2063,22,22,22,22,1.9371628591533283,0
0.75,2065,22,22,22,22,1.535904875681569,0
0.75,2067,22,22,22,22,2.008532137979137,0
0.75,2069,22,22,22,22,2.020738853749411,0
0.75,2071,22,22,22,22,2.0006759213209,0
0.75,2073,22,22,22,22,2.010771301577205,0
0.75,2075,22,22,22,22,2.018289309764028,0
0.75,2077,22,22,22,22,1.6930882142093107,0
0.75,2079,22,22,22,22,1.7318857404610848,0
0.75,2081,22,22,22,22,1.9876259152635174,0
0.75,2083,22,22,22,22,2.027685675925567,0
0.75,2085,22,22,22,22,1.8220251899161428,0
0.75,2087,22,22,22,22,2.0115981922078903,0
0.75,2089,22,22,22,22,1.1727263178842287,1
0.75,2091,22,22,22,22,2.0102474188053,0
0.75,2093,22,22,22,22,1.5370245805771225,0
0.75,2095,22,22,22,22,1.9645126427175676,0
0.75,2097,22,22,22,22,1.4489246091328905,0
0.75,2099,22,22,22,22,1.4853376945326764,0
0.75,2101,22,22,22,22,1.846800149949729,0
0.75,2103,22,22,22,22,1.7248404185001434,0
0.75,2105,22,22,22,22,1.5270361395488445,0
0.75,2107,22,22,22,22,1.5602126022343357,0
0.75,2109,22,22,22,22,1.825288067723028,0
0.75,2111,22,22,22,22,1.2594027570460455,1
0.75,2113,22,22,22,22,1.3095591033120053,1
0.75,2115,22,22,22,22,1.5891092605225476,0
0.75,2117,23,23,23,23,0.9355720734870694,1
0.75,2119,23,23,23,23,0.8458069416252323,1
0.75,2121,23,23,23,23,1.71115348041175,0
0.75,2123,23,23,23,23,1.210014224655432,1
0.75,2125,23,23,23,23,1.3851508567736468,1
0.75,2127,23,23,23,23,1.0280462042783,1
0.75,2129,23,23,23,23,0.977416740861732,1
0.75,2131,23,23,23,23,1.925930650629191,0
0.75,2133,23,23,23,23,0.7169870743491136,1
0.75,2135,23,23,23,23,0.6599977639538062,1
0.75,2137,23,23,23,23,1.4005320036002495,1
0.75,2139,23,23,23,23,0.2903688233189592,1
0.75,2141,23,23,23,23,1.0538892076542277,1
0.75,2143,23,23,23,23,0.94891970939349,1
0.75,2145,23,23,23,23,0.50570704562633,1
0.75,2147,23,23,23,23,0.3069828077155319,1
0.75,2149,23,23,23,23,1.5247123716179964,0
0.75,2151,23,23,23,23,1.6921260935678062,0
0.75,2153,23,23,23,23,1.7957063192654346,0
0.75,2155,23,23,23,23,1.4402231224320277,0
0.75,2157,23,23,23,23,1.8819350580434542,0
0.75,2159,23,23,23,23,1.8061762731039668,0
0.75,2161,23,23,23,23,1.8464163087636263,0
0.75,2163,23,23,23,23,1.6233292649305457,0
0.75,2165,23,23,23,23,1.3740437173518416,1
0.75,2167,23,23,23,23,1.1063681797472558,1
0.75,2169,23,23,23,23,1.3773620588789601,1
0.75,2171,23,23,23,23,0.7876235489356489,1
0.75,2173,23,23,23,23,1.7877298704307718,0
0.75,2175,23,23,23,23,1.7378818994222887,0
0.75,2177,23,23,23,23,1.90251728581205,0
0.75,2179,23,23,23,23,1.7371638292331093,0
0.75,2181,23,23,23,23,1.6877981553313717,0
0.75,2183,23,23,23,23,1.4072339877173725,1
0.75,2185,23,23,23,23,1.584161975056798,0
0.75,2187,23,23,23,23,1.4614430062216446,0
0.75,2189,23,23,23,23,0.25808938590136354,1
0.75,2191,23,23,23,23,0.851548169103113,1
0.75,2193,23,23,23,23,1.613520330986152,0
0.75,2195,23,23,23,23,1.3674112688101183,1
0.75,2197,23,23,23,23,1.3222170459627247,1
0.75,2199,23,23,23,23,1.0362970284666635,1
0.75,2201,23,23,23,23,1.3710384392804378,1
0.75,2203,23,23,23,23,0.6880237982670567,1
0.75,2205,23,23,23,23,0.28927950648338374,1
0.75,2207,23,23,23,23,0.44036832811991133,1
0.75,2209,24,24,24,24,1.1044629457842272,1
0.75,2211,24,24,24,24,0.8848788829820486,1
0.75,2213,24,24,24,24,1.1538678692063118,1
0.75,2215,24,24,24,24,0.2719992412712783,1
0.75,2217,24,24,24,24,0.598019380823533,1
0.75,2219,24,6,8,8,0.017380921662321525,1
0.75,2221,24,8,24,24,0.03570586102146278,1
0.75,2223,24,24,24,24,0.7262907320164905,1
0.75,2225,24,24,24,24,0.16920530237630516,1
0.75,2227,24,24,24,24,0.4295447971049021,1
0.75,2229,24,24,24,24,0.459725925909384,1
0.75,2231,24,24,24,24,0.38632657596678965,1
0.75,2233,24,24,24,24,0.2862654805961773,1
0.75,2235,24,5,24,24,0.008365623867992333,1
0.75,2237,24,24,24,24,0.4312366644721257,1
0.75,2239,24,24,24,24,0.4102352496722075,1
0.75,2241,24,24,24,24,1.131913058385356,1
0.75,2243,24,24,24,24,1.3993839630671763,1
0.75,2245,24,24,24,24,1.1615551715886423,1
0.75,2247,24,24,24,24,0.8416885929197088,1
0.75,2249,24,24,24,24,0.7137401161537056,1
0.75,2251,24,24,24,24,0.48944744329880197,1
0.75,2253,24,24,24,24,0.6305259200489826,1
0.75,2255,24,24,24,24,0.269957931532143,1
0.75,2257,24,24,24,24,0.39126817411855996,1
0.75,2259,24,5,5,5,0.022636011559982183,1
0.75,2261,24,24,24,24,0.6892594002780305,1
0.75,2263,24,24,24,24,0.5897094000141083,1
0.75,2265,24,24,24,24,1.1336432643856005,1
0.75,2267,24,24,24,24,0.7935459132313155,1
0.75,2269,24,24,24,24,0.8720909313000218,1
0.75,2271,24,24,24,24,0.5371530818835538,1
0.75,2273,24,24,24,24,0.7317211531233649,1
0.75,2275,24,24,24,24,0.2713964399556634,1
0.75,2277,24,24,24,24,0.5944205198728447,1
0.75,2279,24,24,24,24,0.11601867566222035,1
0.75,2281,24,24,24,24,0.2429629985336147,1
0.75,2283,24,24,24,24,1.0293230721231603,1
0.75,2285,24,24,24,24,1.051846233421685,1
0.75,2287,24,24,24,24,0.48657376594344814,1
0.75,2289,24,24,24,24,0.8366935719151508,1
0.75,2291,24,24,24,24,0.4296379219470119,1
0.75,2293,24,5,5,5,0.3947843182889754,1
0.75,2295,24,24,24,24,0.5472206363182839,1
0.75,2297,24,5,24,24,0.014687881491718957,1
0.75,2299,24,5,5,5,0.5080324414775614,1
0.75,2301,25,25,25,25,0.6774113069765015,1
0.75,2303,25,15,25,25,0.009320566133310781,1
0.75,2305,25,25,25,25,0.14679863083965983,1
0.75,2307,25,25,25,25,0.044937020438841735,1
0.75,2309,25,15,25,25,0.0484709848363607,1
0.75,2311,25,25,25,25,0.2719947474107691,1
0.75,2313,25,25,25,25,0.5004576683053005,1
0.75,2315,25,25,25,25,0.8012526871988734,1
0.75,2317,25,25,25,25,0.5716998167377362,1
0.75,2319,25,25,25,25,0.4362959241948531,1
0.75,2321,25,25,25,25,0.5626093403927412,1
0.75,2323,25,25,25,25,0.15962065166036454,1
0.75,2325,25,25,25,25,1.0842588169547995,1
0.75,2327,25,25,25,25,0.8589465501218867,1
0.75,2329,25,25,25,25,0.7087364905980627,1
0.75,2331,25,25,25,25,0.5753023284415419,1
0.75,2333,25,25,25,25,0.7617952195398707,1
0.75,2335,25,25,25,25,0.4055849654345871,1
0.75,2337,25,25,25,25,0.675601246596771,1
0.75,2339,25,25,25,25,0.7571563382053383,1
0.75,2341,25,25,25,25,0.38821365444477085,1
0.75,2343,25,25,25,25,0.9367043193906979,1
0.75,2345,25,25,25,25,0.9636014476582162,1
0.75,2347,25,25,25,25,1.10709520414228,1
0.75,2349,25,25,25,25,0.878798454526337,1
0.75,2351,25,25,25,25,0.781070983684651,1
0.75,2353,25,25,25,25,0.18773875986762012,1
0.75,2355,25,25,25,25,0.28655697592987905,1
0.75,2357,25,25,25,25,1.1332602093788644,1
0.75,2359,25,25,25,25,0.9040031392950245,1
0.75,2361,25,25,25,25,1.0709837154940456,1
0.75,2363,25,25,25,25,1.2416065784957675,1
0.75,2365,25,25,25,25,0.6851783678614041,1
0.75,2367,25,25,25,25,1.1711374374577428,1
0.75,2369,25,25,25,25,0.7981433375589507,1
0.75,2371,25,25,25,25,0.8590233783883763,1
0.75,2373,25,48,25,25,0.006246584541621414,1
0.75,2375,25,25,25,25,0.9186348239512632,1
0.75,2377,25,25,25,25,0.252537530813304,1
0.75,2379,25,25,25,25,1.0416104481759567,1
0.75,2381,25,25,25,25,0.6023404176645093,1
0.75,2383,25,25,25,25,0.6275846436486652,1
0.75,2385,25,25,25,25,0.4802548174119641,1
0.75,2387,25,25,25,25,0.6597345996389867,1
0.75,2389,25,25,25,25,0.5904026383416349,1
0.75,2391,25,25,25,25,0.5754722155049583,1
0.75,2393,26,26,26,26,0.2985286034849046,1
0.75,2395,26,26,26,26,1.1119002407462633,1
0.75,2397,26,26,26,26,0.9709219322460978,1
0.75,2399,26,26,26,26,1.5273871181624559,0
0.75,2401,26,26,26,26,1.740686986713183,0
0.75,2403,26,26,26,26,1.3545188045531373,1
0.75,2405,26,26,26,26,1.7569200889685057,0
0.75,2407,26,26,26,26,1.9352009036485658,0
0.75,2409,26,26,26,26,1.8630959712756678,0
0.75,2411,26,26,26,26,1.7989916796625869,0
0.75,2413,26,26,26,26,1.566679363548892,0
0.75,2415,26,26,26,26,2.003529844389791,0
0.75,2417,26,26,26,26,0.9990045805027321,1
0.75,2419,26,26,26,26,0.548571072550223,1
0.75,2421,26,26,26,26,1.212304930472273,1
0.75,2423,26,26,26,26,1.8722438156735928,0
0.75,2425,26,26,26,26,1.2121743732189842,1
0.75,2427,26,26,26,26,0.8320298356132372,1
0.75,2429,26,26,26,26,1.550319205066461,0
0.75,2431,26,26,26,26,0.8909383006528961,1
0.75,2433,26,26,26,26,1.834838854307118,0
0.75,2435,26,26,26,26,0.8776774653895998,1
0.75,2437,26,26,26,26,1.6616617422298867,0
0.75,2439,26,26,26,26,1.1539424827181017,1
0.75,2441,26,26,26,26,1.6045520867733862,0
0.75,2443,26,26,26,26,1.1204953895452052,1
0.75,2445,26,26,26,26,1.9681879616468687,0
0.75,2447,26,26,26,26,1.436451066322698,0
0.75,2449,26,26,26,26,1.3626748323256264,1
0.75,2451,26,26,26,26,1.4849280249109746,0
0.75,2453,26,26,26,26,2.1854655077573897,0
0.75,2455,26,26,26,26,1.426128367604711,1
0.75,2457,26,26,26,26,1.1429198483920782,1
0.75,2459,26,26,26,26,1.1953917147504,1
0.75,2461,26,26,26,26,1.8847474292082875,0
0.75,2463,26,26,26,26,1.0960322813557744,1
0.75,2465,26,26,26,26,1.4275340317093808,1
0.75,2467,26,26,26,26,1.8296660210452003,0
0.75,2469,26,26,26,26,2.04400994832669,0
0.75,2471,26,26,26,26,1.8666259198216615,0
0.75,2473,26,26,26,26,2.014123228540563,0
0.75,2475,26,26,26,26,0.4497296264097985,1
0.75,2477,26,26,26,26,1.044226523178909,1
0.75,2479,26,26,26,26,1.61995918808489,0
0.75,2481,26,26,26,26,0.7041004848957362,1
0.75,2483,26,26,26,26,1.1457618883181886,1
0.75,2485,27,27,27,27,1.9784360818947522,0
0.75,2487,27,27,27,27,1.9023253208405595,0
0.75,2489,27,27,27,27,2.1041874674256333,0
0.75,2491,27,27,27,27,1.6607154096144285,0
0.75,2493,27,27,27,27,2.2903869760974906,0
0.75,2495,27,27,27,27,1.487170971933251,0
0.75,2497,27,27,27,27,1.5271266479201344,0
0.75,2499,27,27,27,27,2.4692051595669366,0
0.75,2501,27,27,27,27,1.4298009855294964,1
0.75,2503,27,27,27,27,0.8271797750815458,1
0.75,2505,27,27,27,27,1.8575430980876457,0
0.75,2507,27,27,27,27,1.4273047486817065,1
0.75,2509,27,27,27,27,2.410036986126686,0
0.75,2511,27,27,27,27,1.7165661026477668,0
0.75,2513,27,27,27,27,1.7607089885222877,0
0.75,2515,27,27,27,27,1.627129585759756,0
0.75,2517,27,27,27,27,1.6808327198984556,0
0.75,2519,27,27,27,27,1.5539512885868456,0
0.75,2521,27,27,27,27,2.0994408597443437,0
0.75,2523,27,27,27,27,2.4005078439492804,0
0.75,2525,27,27,27,27,2.007044120618209,0
0.75,2527,27,27,27,27,2.417153179374025,0
0.75,2529,27,27,27,27,2.4827557330348817,0
0.75,2531,27,27,27,27,2.501794159050868,0
0.75,2533,27,27,27,27,2.2535961893567227,0
0.75,2535,27,27,27,27,2.2266100508377535,0
0.75,2537,27,27,27,27,1.137323031167174,1
0.75,2539,27,27,27,27,0.5073816622216585,1
0.75,2541,27,27,27,27,1.6275867436515612,0
0.75,2543,27,27,27,27,1.9407509480168652,0
0.75,2545,27,27,27,27,1.8971952871662383,0
0.75,2547,27,27,27,27,2.221934304547704,0
0.75,2549,27,27,27,27,1.675012788926655,0
0.75,2551,27,27,27,27,2.2881929103002556,0
0.75,2553,27,27,27,27,1.8648732796905207,0
0.75,2555,27,27,27,27,1.9694708989123817,0
0.75,2557,27,27,27,27,0.18953917818983435,1
0.75,2559,27,27,27,27,1.3401435262943844,1
0.75,2561,27,27,27,27,1.2295982668801195,1
0.75,2563,27,27,27,27,1.9130767543256009,0
0.75,2565,27,27,27,27,1.4979255321889435,0
0.75,2567,27,27,27,27,1.9542932012113443,0
0.75,2569,27,27,27,27,1.6920786112340451,0
0.75,2571,27,27,27,27,1.1492477851748757,1
0.75,2573,27,27,27,27,1.6641586471535008,0
0.75,2575,27,27,27,27,0.48875583517868904,1
0.75,2577,28,28,28,28,0.4016498413048357,1
0.75,2579,28,5,28,28,0.14885327315528207,1
0.75,2581,28,5,28,28,0.07459526873891642,1
0.75,2583,28,28,28,28,0.0016743767729139325,1
0.75,2585,28,28,28,28,0.7444672254844471,1
0.75,2587,28,28,28,28,0.7397110963762441,1
0.75,2589,28,28,28,28,0.09664193714630032,1
0.75,2591,28,28,28,28,0.6650593230196027,1
0.75,2593,28,28,28,28,0.9271931453876947,1
0.75,2595,28,28,28,28,0.10411051190503129,1
0.75,2597,28,28,28,28,0.7642668559917167,1
0.75,2599,28,5,5,5,0.10179008693873448,1
0.75,2601,28,28,28,28,0.7693198748068202,1
0.75,2603,28,28,28,28,0.8503664652543528,1
0.75,2605,28,28,28,28,0.7432441876033845,1
0.75,2607,28,28,28,28,0.7499785171404455,1
0.75,2609,28,28,28,28,1.1181965556716218,1
0.75,2611,28,28,28,28,0.8475503130635065,1
0.75,2613,28,28,28,28,0.3560117775762349,1
0.75,2615,28,28,28,28,0.0010745199834326646,1
0.75,2617,28,28,28,28,0.8738298055609428,1
0.75,2619,28,28,28,28,0.6562723846567756,1
0.75,2621,28,28,28,28,0.8254900775064941,1
0.75,2623,28,28,28,28,0.8536027083738496,1
0.75,2625,28,28,28,28,1.223997409890737,1
0.75,2627,28,28,28,28,1.1317620895441625,1
0.75,2629,28,28,28,28,0.6992840186539765,1
0.75,2631,28,28,28,28,0.10931678071270978,1
0.75,2633,28,28,28,28,1.0337423580546004,1
0.75,2635,28,28,28,28,0.6101944593298373,1
0.75,2637,28,28,28,28,0.35860867211869074,1
0.75,2639,28,28,28,28,0.4218170888990893,1
0.75,2641,28,28,28,28,0.8750703427966118,1
0.75,2643,28,28,28,28,0.9611126115899076,1
0.75,2645,28,28,28,28,0.9482619538882199,1
0.75,2647,28,28,28,28,0.9333636088256851,1
0.75,2649,28,28,28,28,0.5047634088350677,1
0.75,2651,28,28,28,28,0.6916357963788093,1
0.75,2653,28,28,28,28,0.5744454546642633,1
0.75,2655,28,28,28,28,0.6271120122868822,1
0.75,2657,28,28,28,28,0.5281846560366565,1
0.75,2659,28,28,28,28,0.6525865302241219,1
0.75,2661,28,28,28,28,0.8074079103682705,1
0.75,2663,28,28,28,28,0.5587029406482942,1
0.75,2665,28,28,28,28,0.4728482101942466,1
0.75,2667,28,28,28,28,0.09650873039562097,1
0.75,2669,29,29,29,29,0.6799676943960734,1
0.75,2671,29,29,29,29,0.4374641155319319,1
0.75,2673,29,29,29,29,0.5766435804998118,1
0.75,2675,29,29,29,29,0.9303345911030092,1
0.75,2677,29,29,29,29,0.9399658395893025,1
0.75,2679,29,2,2,2,0.10063618953413878,1
0.75,2681,29,2,29,29,0.04748931221500796,1
0.75,2683,29,29,29,29,1.615948628018701,0
0.75,2685,29,2,29,29,0.07870214756675264,1
0.75,2687,29,29,29,29,0.010126021957849507,1
0.75,2689,29,29,29,29,0.8005297520955925,1
0.75,2691,29,44,44,44,0.1325603532515226,1
0.75,2693,29,29,29,29,1.3209151004272686,1
0.75,2695,29,29,29,29,0.7331921510401362,1
0.75,2697,29,42,29,29,0.12172369434660935,1
0.75,2699,29,10,29,29,0.15500052470113435,1
0.75,2701,29,29,29,29,0.9811420534966802,1
0.75,2703,29,29,29,29,1.2802929627202326,1
0.75,2705,29,29,29,29,1.7545967825024906,0
0.75,2707,29,29,29,29,1.4996598508014034,0
0.75,2709,29,29,29,29,1.3080363730493212,1
0.75,2711,29,29,29,29,1.424256383842117,1
0.75,2713,29,29,29,29,1.5808011687426766,0
0.75,2715,29,29,29,29,1.441242211004573,0
0.75,2717,29,29,29,29,1.5058347517963884,0
0.75,2719,29,29,29,29,1.2582604825935773,1
0.75,2721,29,42,29,29,0.13401405599355476,1
0.75,2723,29,10,29,29,0.20047409740235578,1
0.75,2725,29,29,29,29,0.7510083388660003,1
0.75,2727,29,29,29,29,1.3535003889643926,1
0.75,2729,29,29,29,29,0.919794253310211,1
0.75,2731,29,29,29,29,0.9327268718078128,1
0.75,2733,29,29,29,29,0.9063265128339828,1
0.75,2735,29,29,29,29,1.3762989044205443,1
0.75,2737,29,29,29,29,1.1725632450603753,1
0.75,2739,29,29,29,29,0.8293413006860026,1
0.75,2741,29,29,29,29,0.4831976602660093,1
0.75,2743,29,29,29,29,1.061030040521672,1
0.75,2745,29,29,29,29,0.6926168579544787,1
0.75,2747,29,29,29,29,0.20951137366793626,1
0.75,2749,29,29,29,29,0.26545768947809156,1
0.75,2751,29,29,29,29,0.7123988395161795,1
0.75,2753,29,29,29,29,0.9100556225829799,1
0.75,2755,29,29,29,29,1.267085628795385,1
0.75,2757,29,29,29,29,0.23720826402636042,1
0.75,2759,29,29,29,29,0.1926729009745376,1
0.75,2761,30,11,30,30,0.07799817422327693,1
0.75,2763,30,30,30,30,0.58476199027172,1
0.75,2765,30,30,30,30,0.676733044210218,1
0.75,2767,30,30,30,30,0.6691750665541658,1
0.75,2769,30,30,30,30,0.9618086911350718,1
0.75,2771,30,30,30,30,0.35136781046442866,1
0.75,2773,30,30,30,30,0.18125173145018558,1
0.75,2775,30,30,30,30,0.983903467306332,1
0.75,2777,30,30,30,30,0.6043254061173289,1
0.75,2779,30,30,30,30,0.07390367119610297,1
0.75,2781,30,30,30,30,0.34421736081689636,1
0.75,2783,30,11,30,30,0.0977302567582421,1
0.75,2785,30,30,30,30,0.3284738945114867,1
0.75,2787,30,30,30,30,0.6530088724960124,1
0.75,2789,30,30,30,30,0.30014328283906,1
0.75,2791,30,30,30,30,0.05458280583133801,1
0.75,2793,30,30,30,30,0.7109208091575662,1
0.75,2795,30,30,30,30,0.6141388705620934,1
0.75,2797,30,30,30,30,1.03435531261262,1
0.75,2799,30,30,30,30,1.1812339517109474,1
0.75,2801,30,30,30,30,0.6357828059034727,1
0.75,2803,30,30,30,30,0.7842648301853893,1
0.75,2805,30,30,30,30,0.9489915861093785,1
0.75,2807,30,30,30,30,0.7151467799548061,1
0.75,2809,30,30,30,30,0.8972259123691944,1
0.75,2811,30,30,30,30,0.3386175101386626,1
0.75,2813,30,30,30,30,0.09098116288071267,1
0.75,2815,30,30,30,30,0.04069866235860542,1
0.75,2817,30,30,30,30,0.6773663159042204,1
0.75,2819,30,30,30,30,0.7680714239598685,1
0.75,2821,30,30,30,30,0.8511706531833949,1
0.75,2823,30,30,30,30,1.2183826026178417,1
0.75,2825,30,30,30,30,0.36870450104293284,1
0.75,2827,30,30,30,30,0.9020450494603163,1
0.75,2829,30,30,30,30,0.4546538325652345,1
0.75,2831,30,30,30,30,0.3730231424968973,1
0.75,2833,30,30,30,30,0.23489682396026312,1
0.75,2835,30,30,30,30,0.7403551353732415,1
0.75,2837,30,30,30,30,0.625441716187013,1
0.75,2839,30,30,30,30,1.085231924673172,1
0.75,2841,30,30,30,30,0.28786992932301003,1
0.75,2843,30,30,30,30,0.7124728764612052,1
0.75,2845,30,30,30,30,0.6146137501053843,1
0.75,2847,30,30,30,30,0.7326576768515253,1
0.75,2849,30,30,30,30,0.3144380832210585,1
0.75,2851,30,55,30,30,0.0014495561171166127,1
0.75,2853,31,31,31,31,0.6681700833224318,1
0.75,2855,31,31,31,31,0.7513019266287457,1
0.75,2857,31,31,31,31,0.5864106833460072,1
0.75,2859,31,31,31,31,1.05191330869912,1
0.75,2861,31,31,31,31,1.1939696414115815,1
0.75,2863,31,31,31,31,0.7912469162813917,1
0.75,2865,31,31,31,31,1.2446665545615265,1
0.75,2867,31,31,31,31,1.1369534249451303,1
0.75,2869,31,31,31,31,1.3409159968702398,1
0.75,2871,31,31,31,31,0.7486503473343107,1
0.75,2873,31,31,31,31,0.6455874647833524,1
0.75,2875,31,31,31,31,0.6974403200612134,1
0.75,2877,31,31,31,31,0.5415699596834822,1
0.75,2879,31,31,31,31,0.4706978203711556,1
0.75,2881,31,31,31,31,0.7114605338830877,1
0.75,2883,31,31,31,31,0.8779861497523571,1
0.75,2885,31,31,31,31,0.5286133205101287,1
0.75,2887,31,31,31,31,0.7514856791282907,1
0.75,2889,31,31,31,31,1.000642037542552,1
0.75,2891,31,31,31,31,1.1280517290836802,1
0.75,2893,31,31,31,31,1.0007035593848381,1
0.75,2895,31,31,31,31,1.1898549367131745,1
0.75,2897,31,31,31,31,1.1770233413116606,1
0.75,2899,31,31,31,31,1.3135811385226366,1
0.75,2901,31,31,31,31,1.297911686300959,1
0.75,2903,31,31,31,31,1.0709022624293345,1
0.75,2905,31,31,31,31,0.8571791790260652,1
0.75,2907,31,31,31,31,0.9071162271721358,1
0.75,2909,31,31,31,31,0.5125292364840681,1
0.75,2911,31,31,31,31,0.7542986599020405,1
0.75,2913,31,31,31,31,0.7659669102187114,1
0.75,2915,31,31,31,31,0.7391468993519685,1
0.75,2917,31,31,31,31,0.5961923576787054,1
0.75,2919,31,31,31,31,0.586238737848735,1
0.75,2921,31,31,31,31,0.7967312909654258,1
0.75,2923,31,31,31,31,0.5632581900625624,1
0.75,2925,31,31,31,31,0.40049706946663277,1
0.75,2927,31,31,31,31,0.8011321349101124,1
0.75,2929,31,31,31,31,0.8770846172051174,1
0.75,2931,31,31,31,31,0.5949284545367057,1
0.75,2933,31,18,13,13,0.03853578172666716,1
0.75,2935,31,13,31,31,0.11972518974310797,1
0.75,2937,31,31,31,31,0.22766745050707948,1
0.75,2939,31,31,31,31,0.5413444785315458,1
0.75,2941,31,13,31,31,0.0374563105089174,1
0.75,2943,31,13,25,25,0.22919906434023574,1
0.75,2945,32,32,32,32,0.7490997833767201,1
0.75,2947,32,32,32,32,0.39227748279107744,1
0.75,2949,32,32,32,32,0.7107386442982274,1
0.75,2951,32,32,32,32,1.370065376340159,1
0.75,2953,32,32,32,32,1.2541457596953405,1
0.75,2955,32,32,32,32,1.3439314242031302,1
0.75,2957,32,32,32,32,0.7979524101824937,1
0.75,2959,32,32,32,32,1.3668333877104075,1
0.75,2961,32,32,32,32,1.1772412863072677,1
0.75,2963,32,32,32,32,0.8145298930382195,1
0.75,2965,32,32,32,32,1.2012047966341233,1
0.75,2967,32,32,32,32,0.9496926432307407,1
0.75,2969,32,32,32,32,0.5028953303807053,1
0.75,2971,32,32,32,32,0.8281042066658555,1
0.75,2973,32,32,32,32,1.0296831404780395,1
0.75,2975,32,32,32,32,0.8083993202022486,1
0.75,2977,32,24,32,32,0.06466808530881385,1
0.75,2979,32,32,32,32,0.6782508172288042,1
0.75,2981,32,32,32,32,1.0726333932292607,1
0.75,2983,32,32,32,32,0.9636975673381719,1
0.75,2985,32,32,32,32,1.3520407142180486,1
0.75,2987,32,32,32,32,1.024566203461171,1
0.75,2989,32,32,32,32,1.0435466738330605,1
0.75,2991,32,32,32,32,0.25041176963537626,1
0.75,2993,32,32,32,32,0.8603564298981741,1
0.75,2995,32,5,5,5,0.33151820424199197,1
0.75,2997,32,32,32,32,0.7416548900186187,1
0.75,2999,32,32,32,32,1.0638278361421938,1
0.75,3001,32,32,32,32,0.03464955092610911,1
0.75,3003,32,32,32,32,0.596540471706466,1
0.75,3005,32,32,32,32,1.056019973771305,1
0.75,3007,32,32,32,32,0.9083736829150844,1
0.75,3009,32,32,32,32,1.462372635147743,0
0.75,3011,32,32,32,32,0.2951520737717913,1
0.75,3013,32,32,32,32,1.142909851639232,1
0.75,3015,32,32,32,32,1.147239517012363,1
0.75,3017,32,32,32,32,0.4775362118670543,1
0.75,3019,32,32,32,32,0.3677274819716546,1
0.75,3021,32,32,32,32,0.7102161678864649,1
0.75,3023,32,32,32,32,0.8101936100750959,1
0.75,3025,32,32,32,32,0.8704188717882098,1
0.75,3027,32,32,32,32,0.52365597487095,1
0.75,3029,32,5,32,32,0.1483705340126299,1
0.75,3031,32,32,32,32,0.5397034189786493,1
0.75,3033,32,32,32,32,0.2309027901648707,1
0.75,3035,32,16,32,32,0.14345024858816235,1
0.75,3037,33,33,33,33,1.9454281164995106,0
0.75,3039,33,33,33,33,1.302919895082463,1
0.75,3041,33,33,33,33,1.6376469881924685,0
0.75,3043,33,33,33,33,1.3914122040868928,1
0.75,3045,33,33,33,33,1.2384791935871755,1
0.75,3047,33,33,33,33,1.9869622766270205,0
0.75,3049,33,33,33,33,1.743687583802639,0
0.75,3051,33,33,33,33,1.313764156947788,1
0.75,3053,33,33,33,33,1.941231150459142,0
0.75,3055,33,33,33,33,1.2484091019117414,1
0.75,3057,33,33,33,33,0.9793920796324324,1
0.75,3059,33,33,33,33,1.631109419652542,0
0.75,3061,33,33,33,33,0.26451525876834836,1
0.75,3063,33,33,33,33,0.9467247386643785,1
0.75,3065,33,33,33,33,0.24046127000752227,1
0.75,3067,33,33,33,33,0.5362199751601819,1
0.75,3069,33,33,33,33,1.2711960567707248,1
0.75,3071,33,33,33,33,1.4910039489456424,0
0.75,3073,33,33,33,33,1.5836995175804587,0
0.75,3075,33,33,33,33,1.3729537167838255,1
0.75,3077,33,33,33,33,1.84443475851669,0
0.75,3079,33,33,33,33,1.0428113541813224,1
0.75,3081,33,33,33,33,1.0354142773972455,1
0.75,3083,33,33,33,33,0.6782456757688664,1
0.75,3085,33,33,33,33,1.2490211291224798,1
0.75,3087,33,33,33,33,1.125018475653613,1
0.75,3089,33,33,33,33,1.5808574539458837,0
0.75,3091,33,33,33,33,1.537128437887112,0
0.75,3093,33,33,33,33,1.281635415916475,1
0.75,3095,33,33,33,33,1.705683729421083,0
0.75,3097,33,33,33,33,1.7037596708190552,0
0.75,3099,33,33,33,33,1.0295133104331935,1
0.75,3101,33,33,33,33,2.1093642802749537,0
0.75,3103,33,33,33,33,0.4485485860764732,1
0.75,3105,33,33,33,33,1.9479811238073068,0
0.75,3107,33,33,33,33,1.0926831219518447,1
0.75,3109,33,33,33,33,0.8850461966430052,1
0.75,3111,33,33,33,33,0.8261330598823173,1
0.75,3113,33,33,33,33,1.1907718603311355,1
0.75,3115,33,33,33,33,0.7714800692323341,1
0.75,3117,33,33,33,33,2.41004972511822,0
0.75,3119,33,33,33,33,0.7684384869835048,1
0.75,3121,33,33,33,33,1.255171747766408,1
0.75,3123,33,33,33,33,0.7578138559630521,1
0.75,3125,33,33,33,33,1.1452382404433081,1
0.75,3127,33,33,33,33,1.1731229973572195,1
0.75,3129,34,34,34,34,1.8641399817929245,0
0.75,3131,34,34,34,34,1.8911950536426354,0
0.75,3133,34,34,34,34,1.767197267713016,0
0.75,3135,34,34,34,34,2.080129800706974,0
0.75,3137,34,34,34,34,2.011031907913272,0
0.75,3139,34,34,34,34,1.981621593423971,0
0.75,3141,34,34,34,34,1.7775930005125593,0
0.75,3143,34,34,34,34,2.018975161769109,0
0.75,3145,34,34,34,34,1.804332066464723,0
0.75,3147,34,34,34,34,1.5700150790150884,0
0.75,3149,34,34,34,34,1.8690876121668862,0
0.75,3151,34,34,34,34,1.6168573455006112,0
0.75,3153,34,34,34,34,2.016399519562703,0
0.75,3155,34,34,34,34,1.9574410948233743,0
0.75,3157,34,34,34,34,1.9561767528786547,0
0.75,3159,34,34,34,34,1.8637870127778928,0
0.75,3161,34,34,34,34,1.7338606867142037,0
0.75,3163,34,34,34,34,1.9686062385925516,0
0.75,3165,34,34,34,34,2.1761068897800886,0
0.75,3167,34,34,34,34,2.099141159785778,0
0.75,3169,34,34,34,34,2.126191955181508,0
0.75,3171,34,34,34,34,1.9884374556200692,0
0.75,3173,34,34,34,34,1.965851194681272,0
0.75,3175,34,34,34,34,1.9417372679373734,0
0.75,3177,34,34,34,34,1.9356841836743608,0
0.75,3179,34,34,34,34,2.00231626781036,0
0.75,3181,34,34,34,34,1.9613292416429116,0
0.75,3183,34,34,34,34,1.964853384746448,0
0.75,3185,34,34,34,34,1.7804855881419888,0
0.75,3187,34,34,34,34,2.14983643743918,0
0.75,3189,34,34,34,34,2.1787298364919288,0
0.75,3191,34,34,34,34,2.2149747255094696,0
0.75,3193,34,34,34,34,2.2573018890909076,0
0.75,3195,34,34,34,34,2.2104586350221345,0
0.75,3197,34,34,34,34,2.1666506074343945,0
0.75,3199,34,34,34,34,2.2332924933921303,0
0.75,3201,34,34,34,34,1.4364135729711536,0
0.75,3203,34,34,34,34,1.4689443066163927,0
0.75,3205,34,34,34,34,1.723194433030592,0
0.75,3207,34,34,34,34,2.0872940350035813,0
0.75,3209,34,34,34,34,1.7658253308606866,0
0.75,3211,34,34,34,34,2.122374054860929,0
0.75,3213,34,34,34,34,1.8512729656036018,0
0.75,3215,34,34,34,34,1.402764197928124,1
0.75,3217,34,34,34,34,1.6087945190463886,0
0.75,3219,34,34,34,34,1.3876533921363605,1
0.75,3221,35,35,35,35,1.0754233892437253,1
0.75,3223,35,35,35,35,0.6743074195671481,1
0.75,3225,35,35,35,35,1.247833725257665,1
0.75,3227,35,35,35,35,0.9840543763787968,1
0.75,3229,35,35,35,35,1.5870095580676624,0
0.75,3231,35,35,35,35,0.9949912121241311,1
0.75,3233,35,35,35,35,1.5677977503213114,0
0.75,3235,35,35,35,35,1.326406811508327,1
0.75,3237,35,35,35,35,1.8463532466645183,0
0.75,3239,35,35,35,35,1.4563719034187992,0
0.75,3241,35,35,35,35,1.4403977696593069,0
0.75,3243,35,35,35,35,1.2060492981076887,1
0.75,3245,35,35,35,35,1.4369321907634367,0
0.75,3247,35,35,35,35,1.6082316399993557,0
0.75,3249,35,35,35,35,1.3317015522553306,1
0.75,3251,35,35,35,35,1.5540755009015805,0
0.75,3253,35,35,35,35,0.8830997568203665,1
0.75,3255,35,35,35,35,0.9518865178574718,1
0.75,3257,35,35,35,35,1.3924632353800865,1
0.75,3259,35,35,35,35,1.2476055475600596,1
0.75,3261,35,35,35,35,1.7219829076179507,0
0.75,3263,35,35,35,35,1.5676565419585722,0
0.75,3265,35,35,35,35,1.728788014094882,0
0.75,3267,35,35,35,35,1.3559208401895795,1
0.75,3269,35,35,35,35,1.535770397044744,0
0.75,3271,35,35,35,35,1.6439743979971078,0
0.75,3273,35,35,35,35,2.0385081318104294,0
0.75,3275,35,35,35,35,1.4874446651137592,0
0.75,3277,35,35,35,35,0.9029113812925313,1
0.75,3279,35,35,35,35,1.3932450173529014,1
0.75,3281,35,35,35,35,1.2705458841860915,1
0.75,3283,35,35,35,35,1.7814533428616832,0
0.75,3285,35,35,35,35,1.857760394199471,0
0.75,3287,35,35,35,35,1.5064834114548427,0
0.75,3289,35,35,35,35,1.6460353343568066,0
0.75,3291,35,35,35,35,1.680566338719357,0
0.75,3293,35,35,35,35,1.202605662859797,1
0.75,3295,35,35,35,35,0.9860370679334839,1
0.75,3297,35,35,35,35,0.9526350670565099,1
0.75,3299,35,35,35,35,1.4916983552187337,0
0.75,3301,35,35,35,35,1.5181885138252662,0
0.75,3303,35,35,35,35,1.0692067312514033,1
0.75,3305,35,35,35,35,1.6122253337638721,0
0.75,3307,35,35,35,35,0.989339701176715,1
0.75,3309,35,35,35,35,0.9899500667545982,1
0.75,3311,35,35,35,35,1.2223780752854525,1
0.75,3313,36,36,36,36,0.17907179991012012,1
0.75,3315,36,36,36,36,0.595864920008003,1
0.75,3317,36,36,36,36,0.494854051486763,1
0.75,3319,36,36,36,36,0.57618934826523,1
0.75,3321,36,36,36,36,0.8318767369704285,1
0.75,3323,36,36,36,36,0.5384479384777991,1
0.75,3325,36,36,36,36,0.66990471191381,1
0.75,3327,36,36,36,36,0.28282136575333383,1
0.75,3329,36,36,36,36,0.7510487756966426,1
0.75,3331,36,36,36,36,0.5951720197814367,1
0.75,3333,36,36,36,36,0.6384822317961403,1
0.75,3335,36,36,36,36,0.3110937221612955,1
0.75,3337,36,36,36,36,0.21769073157977137,1
0.75,3339,36,36,36,36,0.29354151690770913,1
0.75,3341,36,36,36,36,0.31735190482057485,1
0.75,3343,36,36,36,36,0.4273593307981709,1
0.75,3345,36,36,36,36,0.2909791861627362,1
0.75,3347,36,36,36,36,0.3838464435956652,1
0.75,3349,36,36,36,36,0.2817076900431248,1
0.75,3351,36,36,36,36,0.37000223218232975,1
0.75,3353,36,36,36,36,0.7381703823550132,1
0.75,3355,36,18,36,36,0.03939265880400833,1
0.75,3357,36,36,36,36,0.6513750295947126,1
0.75,3359,36,36,36,36,0.43359591640279627,1
0.75,3361,36,36,36,36,0.3635176355871481,1
0.75,3363,36,36,36,36,0.34311861363186447,1
0.75,3365,36,36,36,36,0.3741378435151921,1
0.75,3367,36,36,36,36,0.5997792232417003,1
0.75,3369,36,18,36,36,0.09813482990502309,1
0.75,3371,36,36,36,36,0.5117351984777092,1
0.75,3373,36,36,36,36,0.5379147885478059,1
0.75,3375,36,36,36,36,0.6335518051899789,1
0.75,3377,36,36,36,36,0.514403727740282,1
0.75,3379,36,36,36,36,0.6240977552498286,1
0.75,3381,36,36,36,36,0.4806643175748344,1
0.75,3383,36,36,36,36,0.5539861403480106,1
0.75,3385,36,36,36,36,0.33357228046706533,1
0.75,3387,36,36,36,36,0.1176952223095653,1
0.75,3389,36,36,36,36,0.48259632096596006,1
0.75,3391,36,36,36,36,0.5888757932325945,1
0.75,3393,36,36,36,36,0.4690798350082128,1
0.75,3395,36,36,36,36,0.5435767443846786,1
0.75,3397,36,36,36,36,0.4487735360000751,1
0.75,3399,36,36,36,36,0.6653410085264986,1
0.75,3401,36,36,36,36,0.5707747760851143,1
0.75,3403,36,36,36,36,0.23779197464082347,1
0.75,3405,37,37,37,37,2.0235093611674597,0
0.75,3407,37,37,37,37,1.699858302903698,0
0.75,3409,37,37,37,37,1.8297255706852287,0
0.75,3411,37,37,37,37,1.6635358437205934,0
0.75,3413,37,37,37,37,1.7126459977890498,0
0.75,3415,37,37,37,37,1.64069388021659,0
0.75,3417,37,37,37,37,1.6288610413823559,0
0.75,3419,37,37,37,37,2.2066591408846215,0
0.75,3421,37,37,37,37,1.7956990683112253,0
0.75,3423,37,37,37,37,2.0157216093985064,0
0.75,3425,37,37,37,37,1.7872813950492308,0
0.75,3427,37,37,37,37,2.109302765678066,0
0.75,3429,37,37,37,37,1.9931138489581033,0
0.75,3431,37,37,37,37,1.8681058560573227,0
0.75,3433,37,37,37,37,1.9082893385198072,0
0.75,3435,37,37,37,37,1.965971484218133,0
0.75,3437,37,37,37,37,1.4914895534087638,0
0.75,3439,37,37,37,37,1.581100100892357,0
0.75,3441,37,37,37,37,2.1227206408963895,0
0.75,3443,37,37,37,37,2.249966467045745,0
0.75,3445,37,37,37,37,1.9103987213390847,0
0.75,3447,37,37,37,37,2.0822229083542396,0
0.75,3449,37,37,37,37,2.1009130323876586,0
0.75,3451,37,37,37,37,2.0237511157921837,0
0.75,3453,37,37,37,37,1.9856986498322549,0
0.75,3455,37,37,37,37,1.4778791494510126,0
0.75,3457,37,37,37,37,2.0562350188742364,0
0.75,3459,37,37,37,37,2.0104690452389735,0
0.75,3461,37,37,37,37,1.3784757679344812,1
0.75,3463,37,37,37,37,1.940305033744746,0
0.75,3465,37,37,37,37,2.11750227482591,0
0.75,3467,37,37,37,37,1.9616545227407358,0
0.75,3469,37,37,37,37,1.7970092375169857,0
0.75,3471,37,37,37,37,1.9567839052499116,0
0.75,3473,37,37,37,37,1.8536569416352124,0
0.75,3475,37,37,37,37,1.8947284937272073,0
0.75,3477,37,37,37,37,1.8130215267725691,0
0.75,3479,37,37,37,37,1.012809570682871,1
0.75,3481,37,37,37,37,1.8497837518780034,0
0.75,3483,37,37,37,37,1.7009496829526247,0
0.75,3485,37,37,37,37,2.0538020658226515,0
0.75,3487,37,37,37,37,1.7291670357616908,0
0.75,3489,37,37,37,37,1.1370718552453958,1
0.75,3491,37,37,37,37,1.178532270721274,1
0.75,3493,37,37,37,37,1.1135102469480298,1
0.75,3495,37,37,37,37,1.1401707272376624,1
0.75,3497,38,38,38,38,1.9028952389272922,0
0.75,3499,38,38,38,38,0.8874538636755085,1
0.75,3501,38,38,38,38,1.6607113672381497,0
0.75,3503,38,38,38,38,0.9700742994423932,1
0.75,3505,38,38,38,38,1.260781646445019,1
0.75,3507,38,38,38,38,0.672226200315831,1
0.75,3509,38,38,38,38,1.146715895170466,1
0.75,3511,38,38,38,38,0.9851870718910911,1
0.75,3513,38,38,38,38,1.521524934746732,0
0.75,3515,38,38,38,38,0.4863678789365862,1
0.75,3517,38,38,38,38,1.282786814361915,1
0.75,3519,38,38,38,38,0.441947115476518,1
0.75,3521,38,38,38,38,1.2962684966512978,1
0.75,3523,38,38,38,38,1.4624896569578183,0
0.75,3525,38,38,38,38,1.259321250780272,1
0.75,3527,38,38,38,38,1.3140994264824104,1
0.75,3529,38,38,38,38,1.9212124774821464,0
0.75,3531,38,38,38,38,1.2725696624837834,1
0.75,3533,38,38,38,38,1.8280927281084283,0
0.75,3535,38,38,38,38,2.0774890339480376,0
0.75,3537,38,38,38,38,1.2715008145385762,1
0.75,3539,38,38,38,38,1.7775215104820898,0
0.75,3541,38,38,38,38,1.9638479235105177,0
0.75,3543,38,38,38,38,1.801584357408915,0
0.75,3545,38,38,38,38,1.6133071968731203,0
0.75,3547,38,38,38,38,1.4082230569116698,1
0.75,3549,38,38,38,38,0.5311599631094699,1
0.75,3551,38,38,38,38,0.20201125942524056,1
0.75,3553,38,38,38,38,1.7397963139944692,0
0.75,3555,38,38,38,38,2.0844300493392094,0
0.75,3557,38,38,38,38,1.758305614605023,0
0.75,3559,38,38,38,38,2.219704998004354,0
0.75,3561,38,38,38,38,1.57392226914211,0
0.75,3563,38,38,38,38,2.1106752988465063,0
0.75,3565,38,38,38,38,1.231534764163332,1
0.75,3567,38,38,38,38,0.9440084224847398,1
0.75,3569,38,38,38,38,0.0008088557446566114,1
0.75,3571,38,38,38,38,1.5042540440768113,0
0.75,3573,38,38,38,38,1.3550988282549865,1
0.75,3575,38,38,38,38,1.7346405661311275,0
0.75,3577,38,38,38,38,1.6205721328792029,0
0.75,3579,38,38,38,38,1.733290707283686,0
0.75,3581,38,38,38,38,1.7163287705398527,0
0.75,3583,38,38,38,38,1.7212804091145302,0
0.75,3585,38,38,38,38,1.4453776011333017,0
0.75,3587,38,38,38,38,0.6785620901580519,1
0.75,3589,39,39,39,39,1.7536022346454314,0
0.75,3591,39,39,39,39,1.4314958930866908,0
0.75,3593,39,39,39,39,1.6738930450571534,0
0.75,3595,39,39,39,39,1.7782527804129562,0
0.75,3597,39,39,39,39,1.9326477834428029,0
0.75,3599,39,39,39,39,1.9868256531447188,0
0.75,3601,39,39,39,39,2.071253434416249,0
0.75,3603,39,39,39,39,1.8918152514966309,0
0.75,3605,39,39,39,39,1.8981707278575977,0
0.75,3607,39,39,39,39,1.843088688000285,0
0.75,3609,39,39,39,39,1.772923213107212,0
0.75,3611,39,39,39,39,1.8662948564445487,0
0.75,3613,39,39,39,39,1.9408223067658463,0
0.75,3615,39,39,39,39,1.8735205782125286,0
0.75,3617,39,39,39,39,1.842429401523134,0
0.75,3619,39,39,39,39,1.925449812431748,0
0.75,3621,39,39,39,39,1.638884049067932,0
0.75,3623,39,39,39,39,1.8974820981655698,0
0.75,3625,39,39,39,39,1.935020202165306,0
0.75,3627,39,39,39,39,2.018611885014999,0
0.75,3629,39,39,39,39,2.0174501054306355,0
0.75,3631,39,39,39,39,1.9596054981483788,0
0.75,3633,39,39,39,39,1.8670463396379455,0
0.75,3635,39,39,39,39,1.999315452960877,0
0.75,3637,39,39,39,39,2.089578275051119,0
0.75,3639,39,39,39,39,1.9334307814975364,0
0.75,3641,39,39,39,39,1.9083873125254303,0
0.75,3643,39,39,39,39,1.741136671110575,0
0.75,3645,39,39,39,39,1.6959498224629201,0
0.75,3647,39,39,39,39,2.0232947394655216,0
0.75,3649,39,39,39,39,2.0224620484622564,0
0.75,3651,39,39,39,39,1.8781584514125353,0
0.75,3653,39,39,39,39,2.205670739772949,0
0.75,3655,39,39,39,39,1.9242520937232546,0
0.75,3657,39,39,39,39,2.182780397549723,0
0.75,3659,39,39,39,39,1.9860127575802609,0
0.75,3661,39,39,39,39,1.3510004366961341,1
0.75,3663,39,39,39,39,1.6004449474363769,0
0.75,3665,39,39,39,39,2.0190045128994454,0
0.75,3667,39,39,39,39,1.8330060082863815,0
0.75,3669,39,39,39,39,2.1466445356777943,0
0.75,3671,39,39,39,39,2.140291263479048,0
0.75,3673,39,39,39,39,1.5750410110109199,0
0.75,3675,39,39,39,39,1.9039076929767695,0
0.75,3677,39,39,39,39,1.7682831942661121,0
0.75,3679,39,39,39,39,1.6617806310180632,0
0.75,3681,40,40,40,40,0.7019470835848309,1
0.75,3683,40,40,40,40,0.5053602941046054,1
0.75,3685,40,40,40,40,0.329051056035113,1
0.75,3687,40,40,40,40,0.38331768019521695,1
0.75,3689,40,40,40,40,0.430214761518925,1
0.75,3691,40,40,40,40,0.4250647234020517,1
0.75,3693,40,40,40,40,0.40720134380071127,1
0.75,3695,40,40,40,40,0.39481071800792744,1
0.75,3697,40,40,40,40,0.5672584078385421,1
0.75,3699,40,40,40,40,0.37401067615500294,1
0.75,3701,40,40,40,40,0.22086335861665995,1
0.75,3703,40,40,40,40,0.3127206370526977,1
0.75,3705,40,40,40,40,0.32410378804885753,1
0.75,3707,40,15,15,15,0.04449488470649943,1
0.75,3709,40,40,40,40,0.19370436599308782,1
0.75,3711,40,40,40,40,0.18317248904670735,1
0.75,3713,40,40,40,40,0.4289237932351899,1
0.75,3715,40,40,40,40,0.217457000589395,1
0.75,3717,40,40,40,40,0.6167319388886829,1
0.75,3719,40,40,40,40,0.8198342215504217,1
0.75,3721,40,40,40,40,0.48034638056494594,1
0.75,3723,40,40,40,40,0.4911018098312724,1
0.75,3725,40,40,40,40,0.3003946171543108,1
0.75,3727,40,40,40,40,0.3693623460914738,1
0.75,3729,40,40,40,40,0.007833484367028687,1
0.75,3731,40,40,40,40,0.19621975783321166,1
0.75,3733,40,40,40,40,0.2650920027670781,1
0.75,3735,40,40,40,40,0.26993596210759274,1
0.75,3737,40,40,40,40,0.43375596929410265,1
0.75,3739,40,40,40,40,0.6992948553753839,1
0.75,3741,40,40,40,40,0.6191928377401366,1
0.75,3743,40,40,40,40,0.6904624255310468,1
0.75,3745,40,40,40,40,0.47374427571720035,1
0.75,3747,40,40,40,40,0.3762673826498062,1
0.75,3749,40,40,40,40,0.58500814564165,1
0.75,3751,40,40,40,40,0.29308848505958895,1
0.75,3753,40,40,40,40,0.16834850128153656,1
0.75,3755,40,40,40,40,0.5476004060694781,1
0.75,3757,40,40,40,40,0.583644552031504,1
0.75,3759,40,40,40,40,0.18990626155232904,1
0.75,3761,40,40,40,40,0.7112366067873677,1
0.75,3763,40,40,40,40,0.2528997180148004,1
0.75,3765,40,20,40,40,0.001968599511302238,1
0.75,3767,40,40,40,40,0.1416676480956236,1
0.75,3769,40,48,40,40,0.07400911038480884,1
0.75,3771,40,53,13,13,0.3463040810138901,1
0.75,3773,41,41,41,41,1.5632827064269188,0
0.75,3775,41,41,41,41,1.3832563432740543,1
0.75,3777,41,41,41,41,1.5222943257530335,0
0.75,3779,41,41,41,41,1.7017105671360204,0
0.75,3781,41,41,41,41,1.4764066117317727,0
0.75,3783,41,41,41,41,0.5454164198275389,1
0.75,3785,41,41,41,41,0.27909068416683225,1
0.75,3787,41,41,41,41,1.7064560287235293,0
0.75,3789,41,41,41,41,1.0767811625611947,1
0.75,3791,41,41,41,41,0.795035943652909,1
0.75,3793,41,41,41,41,1.7774978725088952,0
0.75,3795,41,41,41,41,1.1064019392304916,1
0.75,3797,41,41,41,41,1.6811425654191816,0
0.75,3799,41,41,41,41,1.7711455607185673,0
0.75,3801,41,41,41,41,1.2758340741559726,1
0.75,3803,41,41,41,41,1.131734977923499,1
0.75,3805,41,41,41,41,2.031210265972029,0
0.75,3807,41,41,41,41,1.8925755847762433,0
0.75,3809,41,41,41,41,2.07565060472858,0
0.75,3811,41,41,41,41,1.76891199030742,0
0.75,3813,41,41,41,41,1.6015805281379327,0
0.75,3815,41,41,41,41,1.6207633475031118,0
0.75,3817,41,41,41,41,2.044114778803566,0
0.75,3819,41,41,41,41,1.5798270464352506,0
0.75,3821,41,41,41,41,2.1172795681138386,0
0.75,3823,41,41,41,41,1.8116880285491224,0
0.75,3825,41,41,41,41,0.8754998462985144,1
0.75,3827,41,41,41,41,0.7205641735888114,1
0.75,3829,41,41,41,41,2.0835841170163016,0
0.75,3831,41,41,41,41,1.7745293397299315,0
0.75,3833,41,41,41,41,1.941754581543594,0
0.75,3835,41,41,41,41,1.638299473920485,0
0.75,3837,41,41,41,41,1.60747988092433,0
0.75,3839,41,41,41,41,1.865684799883034,0
0.75,3841,41,41,41,41,1.1781085550322825,1
0.75,3843,41,41,41,41,1.730385330993343,0
0.75,3845,41,41,41,41,0.7851060805531851,1
0.75,3847,41,41,41,41,2.105445829796935,0
0.75,3849,41,41,41,41,2.0476477443751233,0
0.75,3851,41,41,41,41,2.0744608278155603,0
0.75,3853,41,41,41,41,1.3848661652630823,1
0.75,3855,41,41,41,41,1.7922836643306441,0
0.75,3857,41,41,41,41,1.8366310623565272,0
0.75,3859,41,41,41,41,1.4751449897688764,0
0.75,3861,41,41,41,41,0.8002280019687855,1
0.75,3863,41,41,41,41,1.1108841616981202,1
0.75,3865,42,42,42,42,0.6152819555644755,1
0.75,3867,42,42,42,42,0.8008340224967221,1
0.75,3869,42,42,42,42,0.8339813413882216,1
0.75,3871,42,42,42,42,1.0972119262148938,1
0.75,3873,42,42,42,42,0.7423304934833566,1
0.75,3875,42,42,42,42,0.6391063856984553,1
0.75,3877,42,42,42,42,0.9937396969967092,1
0.75,3879,42,42,42,42,0.8463664356222358,1
0.75,3881,42,42,42,42,1.1582029673283754,1
0.75,3883,42,42,42,42,1.2190031254094327,1
0.75,3885,42,42,42,42,1.2225393045244588,1
0.75,3887,42,42,42,42,1.0845498403012213,1
0.75,3889,42,42,42,42,1.058316247716063,1
0.75,3891,42,42,42,42,0.7555312863289152,1
0.75,3893,42,42,42,42,0.7682353425389842,1
0.75,3895,42,42,42,42,0.9690226277621964,1
0.75,3897,42,42,42,42,0.9716624720232929,1
0.75,3899,42,42,42,42,0.5343823664236109,1
0.75,3901,42,42,42,42,1.0509392460059248,1
0.75,3903,42,42,42,42,0.7998528540322335,1
0.75,3905,42,42,42,42,1.0283426609304893,1
0.75,3907,42,42,42,42,1.276520702138849,1
0.75,3909,42,42,42,42,0.9770840030041481,1
0.75,3911,42,42,42,42,1.215467615854899,1
0.75,3913,42,42,42,42,0.6153226625432464,1
0.75,3915,42,42,42,42,0.9841390339861901,1
0.75,3917,42,42,42,42,0.8533078665370655,1
0.75,3919,42,42,42,42,0.7345241389151977,1
0.75,3921,42,42,42,42,0.8798555168564052,1
0.75,3923,42,42,42,42,0.9365763732723063,1
0.75,3925,42,42,42,42,1.115484434608163,1
0.75,3927,42,42,42,42,1.3230619063773315,1
0.75,3929,42,42,42,42,1.2433737615786822,1
0.75,3931,42,42,42,42,1.2452960897929184,1
0.75,3933,42,42,42,42,0.8897304281110296,1
0.75,3935,42,42,42,42,0.43069030403565156,1
0.75,3937,42,42,42,42,0.39914651538887114,1
0.75,3939,42,42,42,42,0.7991859609685206,1
0.75,3941,42,42,42,42,0.7795002916967735,1
0.75,3943,42,42,42,42,0.9734261665362272,1
0.75,3945,42,42,42,42,0.8164320707907236,1
0.75,3947,42,42,42,42,1.150219603379055,1
0.75,3949,42,42,42,42,0.6371426025426865,1
0.75,3951,42,42,42,42,0.3852361605054877,1
0.75,3953,42,42,42,42,0.8940336792645225,1
0.75,3955,42,42,42,42,0.5125673132338531,1
0.75,3957,43,43,43,43,1.1394072336062149,1
0.75,3959,43,43,43,43,0.180237436097751,1
0.75,3961,43,43,43,43,0.7726364316137221,1
0.75,3963,43,43,43,43,1.0439596916020175,1
0.75,3965,43,43,43,43,0.8446671472701505,1
0.75,3967,43,43,43,43,1.3212265785334458,1
0.75,3969,43,43,43,43,1.1584507106067574,1
0.75,3971,43,43,43,43,1.9403181958653093,0
0.75,3973,43,43,43,43,1.5613466088123646,0
0.75,3975,43,43,43,43,0.3136868593640313,1
0.75,3977,43,43,43,43,1.5539847526247161,0
0.75,3979,43,43,43,43,1.4975083134240414,0
0.75,3981,43,43,43,43,1.482304856289712,0
0.75,3983,43,43,43,43,1.6769912963143607,0
0.75,3985,43,43,43,43,1.4684874503228833,0
0.75,3987,43,43,43,43,1.536012983228723,0
0.75,3989,43,43,43,43,0.5862724718701141,1
0.75,3991,43,43,43,43,0.15678845703667377,1
0.75,3993,43,43,43,43,2.133099830876205,0
0.75,3995,43,43,43,43,2.089680208916773,0
0.75,3997,43,43,43,43,1.6460974932257781,0
0.75,3999,43,43,43,43,1.8022661769964654,0
0.75,4001,43,43,43,43,1.87924620223319,0
0.75,4003,43,43,43,43,1.28025215852121,1
0.75,4005,43,43,43,43,1.8479075287105715,0
0.75,4007,43,43,43,43,1.2719873978481975,1
0.75,4009,43,43,43,43,0.6232306913197542,1
0.75,4011,43,43,43,43,1.2373994072540464,1
0.75,4013,43,43,43,43,0.921639067911015,1
0.75,4015,43,43,43,43,1.6004125919017316,0
0.75,4017,43,43,43,43,1.7725424096737332,0
0.75,4019,43,43,43,43,1.6013298743419664,0
0.75,4021,43,43,43,43,1.5233447650827965,0
0.75,4023,43,43,43,43,1.3110615427052033,1
0.75,4025,43,43,43,43,0.8257982442548086,1
0.75,4027,43,43,43,43,0.851485384143867,1
0.75,4029,43,43,43,43,0.22881990015157028,1
0.75,4031,43,43,43,43,0.36666172235283634,1
0.75,4033,43,43,43,43,0.17692201119314643,1
0.75,4035,43,43,43,43,0.9322042144235554,1
0.75,4037,43,43,43,43,0.5435330320845813,1
0.75,4039,43,43,43,43,1.7174960157089965,0
0.75,4041,43,43,43,43,0.0045041302779281756,1
0.75,4043,43,55,43,43,0.1222359042950858,1
0.75,4045,43,43,43,43,0.21989581790945678,1
0.75,4047,43,43,43,43,0.0785241278088662,1
0.75,4049,44,44,44,44,1.3107787540079316,1
0.75,4051,44,44,44,44,1.2008151942880925,1
0.75,4053,44,44,44,44,1.5947908575142251,0
0.75,4055,44,44,44,44,0.9768325729093916,1
0.75,4057,44,44,44,44,1.6316398032818027,0
0.75,4059,44,44,44,44,0.5663667031365855,1
0.75,4061,44,44,44,44,0.3489555468836021,1
0.75,4063,44,44,44,44,1.8238869011844066,0
0.75,4065,44,44,44,44,1.096080895002518,1
0.75,4067,44,44,44,44,0.49060570400106074,1
0.75,4069,44,44,44,44,1.7517153449779856,0
0.75,4071,44,44,44,44,0.3516157810184528,1
0.75,4073,44,44,44,44,1.9956280259266428,0
0.75,4075,44,44,44,44,1.359197862244747,1
0.75,4077,44,44,44,44,0.9655231522094325,1
0.75,4079,44,44,44,44,0.7363502153708288,1
0.75,4081,44,44,44,44,1.3743627207297684,1
0.75,4083,44,44,44,44,1.51139286859806,0
0.75,4085,44,44,44,44,1.9933687041766945,0
0.75,4087,44,44,44,44,1.9178053491382583,0
0.75,4089,44,44,44,44,2.0881021835894207,0
0.75,4091,44,44,44,44,1.6736249358468998,0
0.75,4093,44,44,44,44,1.1764876196399512,1
0.75,4095,44,44,44,44,1.4216494660528367,1
0.75,4097,44,44,44,44,1.1134447502268743,1
0.75,4099,44,44,44,44,1.0863474184606128,1
0.75,4101,44,44,44,44,0.4673393118758862,1
0.75,4103,44,44,44,44,0.4199059237591879,1
0.75,4105,44,44,44,44,1.4440187767577264,0
0.75,4107,44,44,44,44,1.8921739030582714,0
0.75,4109,44,44,44,44,1.5174516344451705,0
0.75,4111,44,44,44,44,1.6985191094564625,0
0.75,4113,44,44,44,44,1.2909976173586706,1
0.75,4115,44,44,44,44,1.9268648472820853,0
0.75,4117,44,44,44,44,0.9129774491392173,1
0.75,4119,44,44,44,44,1.2330082091257577,1
0.75,4121,44,44,44,44,0.31593220561746804,1
0.75,4123,44,44,44,44,1.1167945508028336,1
0.75,4125,44,44,44,44,1.183811975807295,1
0.75,4127,44,44,44,44,1.5378034375859906,0
0.75,4129,44,44,44,44,1.3542776618129277,1
0.75,4131,44,44,44,44,1.2586905749885346,1
0.75,4133,44,44,44,44,1.4345283772375883,0
0.75,4135,44,44,44,44,0.2996942688327412,1
0.75,4137,44,44,44,44,1.4278175526232233,1
0.75,4139,44,44,44,44,0.4352989419576597,1
0.75,4141,45,45,45,45,0.03383983071899199,1
0.75,4143,45,28,45,45,0.07203584668538743,1
0.75,4145,45,45,45,45,0.03965348658148182,1
0.75,4147,45,45,45,45,0.3012458375317363,1
0.75,4149,45,45,45,45,0.3266473369916939,1
0.75,4151,45,45,45,45,0.6532057499170454,1
0.75,4153,45,45,45,45,0.5788022813819145,1
0.75,4155,45,45,45,45,1.3772218285022904,1
0.75,4157,45,45,45,45,1.6385445511015146,0
0.75,4159,45,45,45,45,1.2636894021059153,1
0.75,4161,45,45,45,45,1.8311039218931864,0
0.75,4163,45,45,45,45,1.136529759587955,1
0.75,4165,45,45,45,45,1.6794613718157552,0
0.75,4167,45,45,45,45,1.6725879994077424,0
0.75,4169,45,45,45,45,1.9402569882414618,0
0.75,4171,45,45,45,45,1.636210092530797,0
0.75,4173,45,24,45,45,0.04187126401031893,1
0.75,4175,45,24,45,45,0.47931700302225544,1
0.75,4177,45,45,45,45,0.3771986793306161,1
0.75,4179,45,45,45,45,0.6647983955366614,1
0.75,4181,45,45,45,45,0.43115012951227705,1
0.75,4183,45,45,45,45,1.3900444761805433,1
0.75,4185,45,45,45,45,1.6129027843727766,0
0.75,4187,45,45,45,45,1.496281630799339,0
0.75,4189,45,45,45,45,1.6346632187758217,0
0.75,4191,45,45,45,45,1.5079873448554981,0
0.75,4193,45,45,45,45,2.0577367244412956,0
0.75,4195,45,45,45,45,2.0431915196245383,0
0.75,4197,45,45,45,45,0.014331728860595638,1
0.75,4199,45,45,45,45,0.3253015425510206,1
0.75,4201,45,45,45,45,0.32695508777292237,1
0.75,4203,45,45,45,45,1.3504493557863189,1
0.75,4205,45,45,45,45,0.6679772383720893,1
0.75,4207,45,45,45,45,1.6655971511585501,0
0.75,4209,45,45,45,45,1.684203201875984,0
0.75,4211,45,45,45,45,2.0089216040094726,0
0.75,4213,45,45,45,45,1.6238898497590455,0
0.75,4215,45,45,45,45,0.1431350424468978,1
0.75,4217,45,11,45,45,0.03186599350545116,1
0.75,4219,45,45,45,45,0.6406031670554517,1
0.75,4221,45,45,45,45,0.035193374993460314,1
0.75,4223,45,45,45,45,1.3105638762819039,1
0.75,4225,45,45,45,45,1.985232541238551,0
0.75,4227,45,45,45,45,0.056026609324207666,1
0.75,4229,45,45,45,45,0.51020381579987,1
0.75,4231,45,45,45,45,1.6069933820555458,0
0.75,4233,46,46,46,46,0.6802891096470289,1
0.75,4235,46,46,46,46,1.198483192374391,1
0.75,4237,46,46,46,46,1.3662268859126014,1
0.75,4239,46,46,46,46,1.2522159270368878,1
0.75,4241,46,46,46,46,1.1142509364205573,1
0.75,4243,46,46,46,46,1.1171217756667762,1
0.75,4245,46,46,46,46,1.1340846496559167,1
0.75,4247,46,46,46,46,1.48658519868455,0
0.75,4249,46,46,46,46,1.5942364508437226,0
0.75,4251,46,46,46,46,0.5230363308732375,1
0.75,4253,46,46,46,46,1.4387211679315741,0
0.75,4255,46,46,46,46,1.4128952250788225,1
0.75,4257,46,46,46,46,1.1462815545466296,1
0.75,4259,46,46,46,46,1.4011024577798792,1
0.75,4261,46,46,46,46,1.0958925868751632,1
0.75,4263,46,46,46,46,1.082747775248309,1
0.75,4265,46,46,46,46,1.1235607480021836,1
0.75,4267,46,46,46,46,0.8086470315803282,1
0.75,4269,46,46,46,46,1.5633220790040354,0
0.75,4271,46,46,46,46,1.5371240351288717,0
0.75,4273,46,46,46,46,1.295857471550684,1
0.75,4275,46,46,46,46,1.36212878775997,1
0.75,4277,46,46,46,46,1.6945092417292624,0
0.75,4279,46,46,46,46,1.7040619326554767,0
0.75,4281,46,46,46,46,1.3813720938753893,1
0.75,4283,46,46,46,46,0.9460980167802782,1
0.75,4285,46,46,46,46,0.9156968125518126,1
0.75,4287,46,46,46,46,0.74646145629806,1
0.75,4289,46,46,46,46,0.673744706626541,1
0.75,4291,46,46,46,46,0.8474938292157598,1
0.75,4293,46,46,46,46,1.1014838314162523,1
0.75,4295,46,46,46,46,1.3792472562951392,1
0.75,4297,46,46,46,46,0.21549048464664766,1
0.75,4299,46,46,46,46,1.4738646627187495,0
0.75,4301,46,46,46,46,1.2254417963992403,1
0.75,4303,46,46,46,46,0.7836260963175801,1
0.75,4305,46,46,46,46,0.6064011880840263,1
0.75,4307,46,46,46,46,0.5274888301273282,1
0.75,4309,46,46,46,46,0.46838192181076055,1
0.75,4311,46,46,46,46,1.145325990908377,1
0.75,4313,46,46,46,46,0.37243583459665297,1
0.75,4315,46,46,46,46,1.2545774373575245,1
0.75,4317,46,46,46,46,0.6937117083541209,1
0.75,4319,46,31,46,46,0.06486959807117154,1
0.75,4321,46,46,46,46,0.6674745554102943,1
0.75,4323,46,46,46,46,0.46564685183275567,1
0.75,4325,47,47,47,47,0.0062255725743174395,1
0.75,4327,47,47,47,47,0.22170982420274754,1
0.75,4329,47,47,47,47,0.14720604633891932,1
0.75,4331,47,47,47,47,0.9854421812271419,1
0.75,4333,47,47,47,47,0.7619488352039209,1
0.75,4335,47,47,47,47,0.7008030243490517,1
0.75,4337,47,47,47,47,0.7506185533696004,1
0.75,4339,47,47,47,47,0.6572907149229854,1
0.75,4341,47,47,47,47,0.7768319206626343,1
0.75,4343,47,47,47,47,0.44611300597360737,1
0.75,4345,47,47,47,47,1.0473855416064102,1
0.75,4347,47,47,47,47,0.9191393909179488,1
0.75,4349,47,47,47,47,0.877317640623813,1
0.75,4351,47,47,47,47,0.9415842122729214,1
0.75,4353,47,47,47,47,0.7849540047387042,1
0.75,4355,47,47,47,47,0.6980640577059891,1
0.75,4357,47,47,47,47,0.5674199930871135,1
0.75,4359,47,47,47,47,0.5234596916935466,1
0.75,4361,47,47,47,47,1.1925824690254063,1
0.75,4363,47,47,47,47,1.1760508743348506,1
0.75,4365,47,47,47,47,1.299802058271532,1
0.75,4367,47,47,47,47,1.5651487459246967,0
0.75,4369,47,47,47,47,1.4452372981839368,0
0.75,4371,47,47,47,47,1.9317125020340415,0
0.75,4373,47,47,47,47,1.557782102289964,0
0.75,4375,47,47,47,47,0.7291883506034531,1
0.75,4377,47,47,47,47,0.87585770645775,1
0.75,4379,47,47,47,47,0.8908445198491808,1
0.75,4381,47,47,47,47,0.5894046141716205,1
0.75,4383,47,47,47,47,1.1475959918110743,1
0.75,4385,47,47,47,47,1.5850923575636844,0
0.75,4387,47,47,47,47,1.8599988974655144,0
0.75,4389,47,47,47,47,1.0962079503588358,1
0.75,4391,47,47,47,47,1.7300215806049948,0
0.75,4393,47,47,47,47,1.3095928685528717,1
0.75,4395,47,47,47,47,1.3319594389359735,1
0.75,4397,47,47,47,47,0.7581717567606863,1
0.75,4399,47,47,47,47,0.8462514141221733,1
0.75,4401,47,47,47,47,1.176959302300002,1
0.75,4403,47,47,47,47,0.9832024133737549,1
0.75,4405,47,47,47,47,0.9065539428727736,1
0.75,4407,47,47,47,47,1.3141771546331997,1
0.75,4409,47,47,47,47,0.8935253746631195,1
0.75,4411,47,47,47,47,0.6207253546236133,1
0.75,4413,47,47,47,47,0.583992945044882,1
0.75,4415,47,47,47,47,0.40455294003956466,1
0.75,4417,48,48,48,48,0.2164732901534001,1
0.75,4419,48,53,48,48,0.04616761121157298,1
0.75,4421,48,48,48,48,0.3686979632914369,1
0.75,4423,48,23,48,48,0.06028364439481704,1
0.75,4425,48,48,48,48,0.3982391087942807,1
0.75,4427,48,53,48,48,0.20455927208919977,1
0.75,4429,48,53,15,15,0.05344600603496874,1
0.75,4431,48,48,48,48,0.6407395174385726,1
0.75,4433,48,53,48,48,0.06653221579660484,1
0.75,4435,48,48,48,48,0.26094442968063114,1
0.75,4437,48,48,48,48,0.3131981758449731,1
0.75,4439,48,48,48,48,0.2320838846142419,1
0.75,4441,48,48,48,48,0.4919510586312641,1
0.75,4443,48,48,48,48,0.34262521160453563,1
0.75,4445,48,48,48,48,0.19944553277317723,1
0.75,4447,48,48,48,48,0.31432507168191137,1
0.75,4449,48,48,48,48,0.46307934890066593,1
0.75,4451,48,48,48,48,0.2562888087813424,1
0.75,4453,48,48,48,48,0.5545200132163213,1
0.75,4455,48,48,48,48,0.37693840750577057,1
0.75,4457,48,48,48,48,0.24756626675024695,1
0.75,4459,48,48,48,48,0.4585600627099091,1
0.75,4461,48,48,48,48,0.4554844025257636,1
0.75,4463,48,48,48,48,0.5035020534963706,1
0.75,4465,48,48,48,48,0.4733271504501051,1
0.75,4467,48,48,48,48,0.6142874967921721,1
0.75,4469,48,48,48,48,0.2138154639493981,1
0.75,4471,48,48,48,48,0.3711777977492312,1
0.75,4473,48,48,48,48,0.38199028547418334,1
0.75,4475,48,48,48,48,0.32868376195898397,1
0.75,4477,48,48,48,48,0.5916995428248897,1
0.75,4479,48,48,48,48,0.4551412749928039,1
0.75,4481,48,48,48,48,0.05231339563476756,1
0.75,4483,48,48,48,48,0.5198254330451617,1
0.75,4485,48,48,48,48,0.1837904747949426,1
0.75,4487,48,48,48,48,0.3914637005101528,1
0.75,4489,48,48,48,48,0.49596187937461966,1
0.75,4491,48,48,48,48,0.2646481367779068,1
0.75,4493,48,48,48,48,0.21542143986843265,1
0.75,4495,48,48,48,48,0.5137573678248851,1
0.75,4497,48,15,48,48,0.0003341441747394258,1
0.75,4499,48,48,48,48,0.07471051088476477,1
0.75,4501,48,25,48,48,0.06667166483649578,1
0.75,4503,48,48,48,48,0.258723643746825,1
0.75,4505,48,48,48,48,0.4562815797706846,1
0.75,4507,48,48,48,48,0.03566892800845234,1
0.75,4509,49,49,49,49,1.2254162520673213,1
0.75,4511,49,57,49,49,0.6426339263943052,1
0.75,4513,49,49,49,49,0.2986801167498533,1
0.75,4515,49,49,49,49,0.19415932440511052,1
0.75,4517,49,49,49,49,0.7071439507661756,1
0.75,4519,49,2,49,49,0.2625863092933507,1
0.75,4521,49,49,49,49,1.2019068283820638,1
0.75,4523,49,49,49,49,1.4487115662500973,0
0.75,4525,49,49,49,49,0.9125484546589333,1
0.75,4527,49,49,49,49,1.9200400006824943,0
0.75,4529,49,49,49,49,1.083241356447135,1
0.75,4531,49,49,49,49,1.7097330048886203,0
0.75,4533,49,49,49,49,1.0848960344014802,1
0.75,4535,49,49,49,49,0.9494632849087148,1
0.75,4537,49,49,49,49,1.3756878546786715,1
0.75,4539,49,49,49,49,1.5747672493871574,0
0.75,4541,49,49,49,49,0.8113420900944246,1
0.75,4543,49,49,49,49,0.42963113996110935,1
0.75,4545,49,49,49,49,1.2846258074293626,1
0.75,4547,49,49,49,49,1.8192362980887804,0
0.75,4549,49,49,49,49,0.8163164899078554,1
0.75,4551,49,49,49,49,1.4333721046831078,0
0.75,4553,49,49,49,49,1.0087492218302596,1
0.75,4555,49,49,49,49,0.8678114666533523,1
0.75,4557,49,49,49,49,0.18514954564741593,1
0.75,4559,49,49,49,49,0.901979158517549,1
0.75,4561,49,49,49,49,1.0080210915930572,1
0.75,4563,49,49,49,49,1.0250627071997687,1
0.75,4565,49,49,49,49,1.0190802671766195,1
0.75,4567,49,49,49,49,1.0170276920492698,1
0.75,4569,49,49,49,49,1.783107601560856,0
0.75,4571,49,49,49,49,1.3449788031502492,1
0.75,4573,49,49,49,49,1.4582964250219264,0
0.75,4575,49,49,49,49,1.0003422816105123,1
0.75,4577,49,49,49,49,0.8420370129959387,1
0.75,4579,49,49,49,49,0.5764735384598956,1
0.75,4581,49,49,49,49,1.2892452136271835,1
0.75,4583,49,49,49,49,0.93958877798631,1
0.75,4585,49,49,49,49,0.7115891523274751,1
0.75,4587,49,49,49,49,1.6519890683829048,0
0.75,4589,49,49,49,49,1.6913861149434746,0
0.75,4591,49,49,49,49,1.7943027677559795,0
0.75,4593,49,49,49,49,1.0277597801323077,1
0.75,4595,49,49,49,49,1.0784381079571561,1
0.75,4597,49,49,49,49,0.7028467174055031,1
0.75,4599,49,49,49,49,0.8509103234372828,1
0.75,4601,50,50,50,50,1.7022847663537155,0
0.75,4603,50,50,50,50,1.4228202168890338,1
0.75,4605,50,50,50,50,1.3317248565590285,1
0.75,4607,50,50,50,50,1.3121493925493928,1
0.75,4609,50,50,50,50,1.902661247726322,0
0.75,4611,50,50,50,50,1.3134852561025405,1
0.75,4613,50,50,50,50,1.2279216163080726,1
0.75,4615,50,50,50,50,1.4880884340826792,0
0.75,4617,50,50,50,50,1.4529553332054228,0
0.75,4619,50,50,50,50,0.35540053917441683,1
0.75,4621,50,50,50,50,1.7818088520280444,0
0.75,4623,50,50,50,50,0.38622256131638877,1
0.75,4625,50,50,50,50,1.2835154303771428,1
0.75,4627,50,50,50,50,1.1833173361503577,1
0.75,4629,50,50,50,50,1.1288941127943928,1
0.75,4631,50,50,50,50,0.8172410551405445,1
0.75,4633,50,50,50,50,1.7521196507660752,0
0.75,4635,50,50,50,50,1.1032151600913955,1
0.75,4637,50,50,50,50,2.0263602571537653,0
0.75,4639,50,50,50,50,2.122304510188678,0
0.75,4641,50,50,50,50,1.7974464233273462,0
0.75,4643,50,50,50,50,1.9928643394071202,0
0.75,4645,50,50,50,50,1.653047340048027,0
0.75,4647,50,50,50,50,2.197344747596514,0
0.75,4649,50,50,50,50,1.7482260410890857,0
0.75,4651,50,50,50,50,1.5170014112023638,0
0.75,4653,50,50,50,50,0.8710066236114495,1
0.75,4655,50,50,50,50,0.4710823325982897,1
0.75,4657,50,50,50,50,1.6896203212012681,0
0.75,4659,50,50,50,50,1.6959216922808642,0
0.75,4661,50,50,50,50,1.7618482208037876,0
0.75,4663,50,50,50,50,1.7978567116364232,0
0.75,4665,50,50,50,50,1.6088315121791799,0
0.75,4667,50,50,50,50,2.0457762574300133,0
0.75,4669,50,50,50,50,1.4482190711575886,0
0.75,4671,50,50,50,50,1.005340711236486,1
0.75,4673,50,50,50,50,0.33320434259319043,1
0.75,4675,50,50,50,50,1.6632139540961317,0
0.75,4677,50,50,50,50,1.5794040202859043,0
0.75,4679,50,50,50,50,2.0319533591464323,0
0.75,4681,50,50,50,50,1.7368259840225935,0
0.75,4683,50,50,50,50,1.746305330703363,0
0.75,4685,50,50,50,50,1.9177355979705704,0
0.75,4687,50,50,50,50,1.4298909590444622,1
0.75,4689,50,50,50,50,1.5530879126673294,0
0.75,4691,50,50,50,50,1.270737135291818,1
0.75,4693,51,51,51,51,0.18234249987450757,1
0.75,4695,51,51,51,51,0.12510012741781595,1
0.75,4697,51,51,51,51,0.24247552510358272,1
0.75,4699,51,51,51,51,0.1736392718318187,1
0.75,4701,51,51,51,51,0.48778522903579147,1
0.75,4703,51,51,51,51,0.08604249162185007,1
0.75,4705,51,51,51,51,0.43524312078031036,1
0.75,4707,51,51,51,51,0.9606697937568536,1
0.75,4709,51,51,51,51,0.5336406261766417,1
0.75,4711,51,51,51,51,0.4014672010412659,1
0.75,4713,51,51,51,51,1.0640673839536858,1
0.75,4715,51,51,51,51,0.7349370782460258,1
0.75,4717,51,51,51,51,1.153243592929027,1
0.75,4719,51,51,51,51,1.2167780303297229,1
0.75,4721,51,51,51,51,0.658571573214026,1
0.75,4723,51,51,51,51,0.3993905589522393,1
0.75,4725,51,51,51,51,0.47983134784898485,1
0.75,4727,51,51,51,51,0.65135296133521,1
0.75,4729,51,51,51,51,0.697505365840555,1
0.75,4731,51,51,51,51,1.1384745067511897,1
0.75,4733,51,51,51,51,0.5966815988743513,1
0.75,4735,51,51,51,51,1.5433938686213042,0
0.75,4737,51,51,51,51,1.303072637140916,1
0.75,4739,51,51,51,51,1.2366213627177804,1
0.75,4741,51,51,51,51,0.9791174210661422,1
0.75,4743,51,51,51,51,0.8135080952975231,1
0.75,4745,51,51,51,51,0.17839167814068202,1
0.75,4747,51,51,51,51,0.23681179032111688,1
0.75,4749,51,51,51,51,0.6347578062526216,1
0.75,4751,51,51,51,51,1.139845113521577,1
0.75,4753,51,51,51,51,1.3567549197963642,1
0.75,4755,51,51,51,51,1.678964574585117,0
0.75,4757,51,51,51,51,1.2693280695148652,1
0.75,4759,51,51,51,51,1.3676180998361496,1
0.75,4761,51,51,51,51,0.7439564923078277,1
0.75,4763,51,51,51,51,0.4854038484648442,1
0.75,4765,51,51,51,51,0.24414808425486867,1
0.75,4767,51,51,51,51,0.89511050184014,1
0.75,4769,51,51,51,51,0.5087835292406024,1
0.75,4771,51,51,51,51,0.8669867858260569,1
0.75,4773,51,51,51,51,1.4384224886253003,0
0.75,4775,51,51,51,51,0.7747305445703221,1
0.75,4777,51,51,51,51,0.6400796056867473,1
0.75,4779,51,51,51,51,0.338488700751427,1
0.75,4781,51,51,51,51,1.064843433687622,1
0.75,4783,51,51,51,51,0.8716519284824527,1
0.75,4785,52,52,52,52,1.4984209826933532,0
0.75,4787,52,52,52,52,1.1177373582270511,1
0.75,4789,52,52,52,52,1.2817446013669571,1
0.75,4791,52,52,52,52,0.41664776518051627,1
0.75,4793,52,52,52,52,1.2499816039819225,1
0.75,4795,52,52,52,52,1.214518501252755,1
0.75,4797,52,52,52,52,0.7466529927220773,1
0.75,4799,52,52,52,52,1.5819018697630507,0
0.75,4801,52,52,52,52,1.2812647636095191,1
0.75,4803,52,52,52,52,1.382040355806664,1
0.75,4805,52,52,52,52,1.3631576930885705,1
0.75,4807,52,52,52,52,0.661985722860895,1
0.75,4809,52,52,52,52,0.558400418115029,1
0.75,4811,52,52,52,52,1.0938868192999383,1
0.75,4813,52,52,52,52,1.4766571938534363,0
0.75,4815,52,52,52,52,0.7678787557396072,1
0.75,4817,52,52,52,52,1.6266466248742777,0
0.75,4819,52,52,52,52,1.66291846372304,0
0.75,4821,52,52,52,52,2.159564570028812,0
0.75,4823,52,52,52,52,1.9183017762113292,0
0.75,4825,52,52,52,52,1.8788171353268632,0
0.75,4827,52,52,52,52,1.724329313409741,0
0.75,4829,52,52,52,52,1.6135241387419141,0
0.75,4831,52,52,52,52,1.8918434376035345,0
0.75,4833,52,52,52,52,1.719596562280236,0
0.75,4835,52,52,52,52,2.0368180655437906,0
0.75,4837,52,52,52,52,1.5983429516373922,0
0.75,4839,52,52,52,52,1.7736630875585386,0
0.75,4841,52,52,52,52,1.2872760011076196,1
0.75,4843,52,52,52,52,1.6698650473128578,0
0.75,4845,52,52,52,52,1.8642961486209222,0
0.75,4847,52,52,52,52,1.701687504033827,0
0.75,4849,52,52,52,52,0.9606411752142363,1
0.75,4851,52,52,52,52,1.9437108887572423,0
0.75,4853,52,52,52,52,1.0191021028351577,1
0.75,4855,52,52,52,52,1.3001353994427771,1
0.75,4857,52,52,52,52,1.0275427477080554,1
0.75,4859,52,52,52,52,0.6647551373758267,1
0.75,4861,52,52,52,52,0.6699266773109317,1
0.75,4863,52,52,52,52,0.9625133159821161,1
0.75,4865,52,52,52,52,0.5810424818842288,1
0.75,4867,52,52,52,52,1.2160652554056655,1
0.75,4869,52,52,52,52,1.21505079520325,1
0.75,4871,52,52,52,52,1.2195611857092932,1
0.75,4873,52,52,52,52,0.9652050051472418,1
0.75,4875,52,52,52,52,0.5939474015951236,1
0.75,4877,53,40,53,53,0.020500134588517405,1
0.75,4879,53,53,53,53,0.026184405211239214,1
0.75,4881,53,53,53,53,0.2293354266018215,1
0.75,4883,53,53,53,53,0.22599612115776058,1
0.75,4885,53,53,53,53,1.2401909757056548,1
0.75,4887,53,53,53,53,0.363838608798285,1
0.75,4889,53,53,53,53,0.22891938519586774,1
0.75,4891,53,53,53,53,1.4625993167354978,0
0.75,4893,53,53,53,53,1.9551128852048352,0
0.75,4895,53,53,53,53,0.07955042078208807,1
0.75,4897,53,53,53,53,1.5579760831982645,0
0.75,4899,53,53,53,53,0.2499790290180368,1
0.75,4901,53,53,53,53,1.2653925736684202,1
0.75,4903,53,53,53,53,1.528872418924855,0
0.75,4905,53,53,53,53,1.3797779154456824,1
0.75,4907,53,53,53,53,1.0010433133631322,1
0.75,4909,53,40,53,53,0.08491834800316433,1
0.75,4911,53,53,53,53,0.10662748468908378,1
0.75,4913,53,53,53,53,0.16228844397168563,1
0.75,4915,53,53,53,53,0.5742333353057183,1
0.75,4917,53,53,53,53,0.2965539270752967,1
0.75,4919,53,53,53,53,0.8780637822979793,1
0.75,4921,53,53,53,53,1.7247807194301208,0
0.75,4923,53,53,53,53,0.8872112314971496,1
0.75,4925,53,53,53,53,0.8893192805872085,1
0.75,4927,53,53,53,53,0.7327769078559214,1
0.75,4929,53,53,53,53,0.605760446966128,1
0.75,4931,53,53,53,53,0.4312238870427587,1
0.75,4933,53,31,53,53,0.15599351989473664,1
0.75,4935,53,53,53,53,0.20468340448611277,1
0.75,4937,53,53,53,53,0.6764226730097886,1
0.75,4939,53,53,53,53,0.27744736762380007,1
0.75,4941,53,53,53,53,0.21903877912353154,1
0.75,4943,53,53,53,53,0.469139724598707,1
0.75,4945,53,53,53,53,1.5321704577803164,0
0.75,4947,53,53,53,53,1.1690935488577494,1
0.75,4949,53,53,53,53,0.14298386242969952,1
0.75,4951,53,31,53,53,0.18759175534371608,1
0.75,4953,53,53,53,53,0.1621669518771538,1
0.75,4955,53,53,53,53,0.7014726080886715,1
0.75,4957,53,53,53,53,0.02763632128644833,1
0.75,4959,53,53,53,53,1.2238715459068068,1
0.75,4961,53,53,53,53,0.9435288788891759,1
0.75,4963,53,53,53,53,0.3122946554521939,1
0.75,4965,53,53,53,53,0.5016254095314755,1
0.75,4967,53,53,53,53,0.3030114891747757,1
0.75,4969,54,54,54,54,1.6175834834702576,0
0.75,4971,54,54,54,54,1.7535539131629276,0
0.75,4973,54,54,54,54,1.8382893324142389,0
0.75,4975,54,54,54,54,1.5584674236355758,0
0.75,4977,54,54,54,54,1.5412345468828574,0
0.75,4979,54,54,54,54,1.729776531287928,0
0.75,4981,54,54,54,54,1.7078378621486245,0
0.75,4983,54,54,54,54,1.4658200345088142,0
0.75,4985,54,54,54,54,1.8523797412707803,0
0.75,4987,54,54,54,54,1.503565779799585,0
0.75,4989,54,54,54,54,1.618953044209277,0
0.75,4991,54,54,54,54,1.3751176202155087,1
0.75,4993,54,54,54,54,1.758945324831957,0
0.75,4995,54,54,54,54,1.7230860302775683,0
0.75,4997,54,54,54,54,1.8655170537411985,0
0.75,4999,54,54,54,54,2.040753107040267,0
0.75,5001,54,54,54,54,1.6818216686099885,0
0.75,5003,54,54,54,54,1.9556401218579176,0
0.75,5005,54,54,54,54,2.3238281495133375,0
0.75,5007,54,54,54,54,2.095913126902562,0
0.75,5009,54,54,54,54,1.572144019378395,0
0.75,5011,54,54,54,54,1.3787115193410626,1
0.75,5013,54,54,54,54,2.18828633373566,0
0.75,5015,54,54,54,54,1.967911810770461,0
0.75,5017,54,54,54,54,1.7301882794132792,0
0.75,5019,54,54,54,54,1.7123696951819576,0
0.75,5021,54,54,54,54,1.8705487886243803,0
0.75,5023,54,54,54,54,1.3085265040676073,1
0.75,5025,54,54,54,54,2.0156702713915706,0
0.75,5027,54,54,54,54,1.9709640886588626,0
0.75,5029,54,54,54,54,2.3000984063793175,0
0.75,5031,54,54,54,54,1.7178467508069,0
0.75,5033,54,54,54,54,1.4586768141708744,0
0.75,5035,54,54,54,54,1.9128451724865574,0
0.75,5037,54,54,54,54,1.7377344755444204,0
0.75,5039,54,54,54,54,1.823668621104554,0
0.75,5041,54,54,54,54,1.357550172982835,1
0.75,5043,54,54,54,54,1.7824881690259364,0
0.75,5045,54,54,54,54,2.0376818414943676,0
0.75,5047,54,54,54,54,2.147976743194711,0
0.75,5049,54,54,54,54,1.9257521010149834,0
0.75,5051,54,54,54,54,1.8011231441184559,0
0.75,5053,54,54,54,54,1.5577879561794528,0
0.75,5055,54,54,54,54,1.3974715952554422,1
0.75,5057,54,54,54,54,1.6980909868464638,0
0.75,5059,54,54,54,54,0.9438127143092767,1
0.75,5061,55,55,55,55,1.5175674923679046,0
0.75,5063,55,55,55,55,0.7450574632664537,1
0.75,5065,55,55,55,55,0.8636818332852064,1
0.75,5067,55,55,55,55,0.4917128591460901,1
0.75,5069,55,55,55,55,0.9157641582244642,1
0.75,5071,55,55,55,55,1.2841732719695167,1
0.75,5073,55,55,55,55,1.5286325375723715,0
0.75,5075,55,55,55,55,1.4862294493901471,0
0.75,5077,55,55,55,55,1.0182340131269503,1
0.75,5079,55,55,55,55,1.304963694799193,1
0.75,5081,55,55,55,55,0.6178321256101922,1
0.75,5083,55,55,55,55,0.5782837803292208,1
0.75,5085,55,55,55,55,1.369268910048763,1
0.75,5087,55,55,55,55,1.0554483353811093,1
0.75,5089,55,55,55,55,1.046748440200439,1
0.75,5091,55,55,55,55,1.0769536673999198,1
0.75,5093,55,55,55,55,1.1226961417382797,1
0.75,5095,55,55,55,55,0.9211812901988394,1
0.75,5097,55,55,55,55,1.3358877605190922,1
0.75,5099,55,55,55,55,1.476625535901283,0
0.75,5101,55,55,55,55,1.0593967924118424,1
0.75,5103,55,55,55,55,1.5691792565615144,0
0.75,5105,55,55,55,55,1.423851617753774,1
0.75,5107,55,55,55,55,1.6333330397374546,0
0.75,5109,55,55,55,55,1.228245655487024,1
0.75,5111,55,55,55,55,1.488852814371454,0
0.75,5113,55,55,55,55,1.1158247735641582,1
0.75,5115,55,55,55,55,1.1267236938225427,1
0.75,5117,55,55,55,55,1.2254343504274017,1
0.75,5119,55,55,55,55,1.3487102740028518,1
0.75,5121,55,55,55,55,1.5740445008491388,0
0.75,5123,55,55,55,55,1.5443654626184664,0
0.75,5125,55,55,55,55,1.2003401773120095,1
0.75,5127,55,55,55,55,1.5433600529797342,0
0.75,5129,55,55,55,55,1.0195616551315716,1
0.75,5131,55,55,55,55,1.5087518521562977,0
0.75,5133,55,55,55,55,0.6302906999215575,1
0.75,5135,55,55,55,55,1.395877906856721,1
0.75,5137,55,55,55,55,1.6897679358307411,0
0.75,5139,55,55,55,55,1.650602353944047,0
0.75,5141,55,55,55,55,1.305074414824053,1
0.75,5143,55,55,55,55,1.4376346248901504,0
0.75,5145,55,55,55,55,1.2480380100365442,1
0.75,5147,55,55,55,55,1.6050243312518628,0
0.75,5149,55,55,55,55,1.279361190814115,1
0.75,5151,55,55,55,55,0.4220049025801178,1
0.75,5153,56,56,56,56,1.767935769776355,0
0.75,5155,56,56,56,56,1.5132670534700585,0
0.75,5157,56,56,56,56,1.6732659162798922,0
0.75,5159,56,56,56,56,1.7230966354599855,0
0.75,5161,56,56,56,56,1.9290513875590642,0
0.75,5163,56,56,56,56,1.675213480347935,0
0.75,5165,56,56,56,56,1.7408877037370964,0
0.75,5167,56,56,56,56,2.1077753292452908,0
0.75,5169,56,56,56,56,1.8771943910619415,0
0.75,5171,56,56,56,56,1.6021705778563042,0
0.75,5173,56,56,56,56,2.0067637856892095,0
0.75,5175,56,56,56,56,1.8384046543399704,0
0.75,5177,56,56,56,56,1.885004716415844,0
0.75,5179,56,56,56,56,1.5913728417513373,0
0.75,5181,56,56,56,56,2.0506931957214443,0
0.75,5183,56,56,56,56,1.7948070103673845,0
0.75,5185,56,56,56,56,1.7130083083928116,0
0.75,5187,56,56,56,56,1.9445709505979707,0
0.75,5189,56,56,56,56,1.7876007220865868,0
0.75,5191,56,56,56,56,2.140912409745641,0
0.75,5193,56,56,56,56,1.8951765985270503,0
0.75,5195,56,56,56,56,2.102511051062794,0
0.75,5197,56,56,56,56,1.9942436745726781,0
0.75,5199,56,56,56,56,1.9880099078242042,0
0.75,5201,56,56,56,56,1.9705550219842942,0
0.75,5203,56,56,56,56,1.5527372186996677,0
0.75,5205,56,56,56,56,1.8852379250588722,0
0.75,5207,56,56,56,56,1.7428539876314937,0
0.75,5209,56,56,56,56,2.026530502577234,0
0.75,5211,56,56,56,56,2.245981664839512,0
0.75,5213,56,56,56,56,2.1456328221885186,0
0.75,5215,56,56,56,56,1.9550800707235774,0
0.75,5217,56,56,56,56,1.7444975529444076,0
0.75,5219,56,56,56,56,1.8624765247880266,0
0.75,5221,56,56,56,56,1.6802485781694838,0
0.75,5223,56,56,56,56,1.5973960911043688,0
0.75,5225,56,56,56,56,1.2189596420135973,1
0.75,5227,56,56,56,56,1.9784507819884771,0
0.75,5229,56,56,56,56,2.0000547194453597,0
0.75,5231,56,56,56,56,1.9640909193117682,0
0.75,5233,56,56,56,56,1.9447942863411645,0
0.75,5235,56,56,56,56,2.045004273334013,0
0.75,5237,56,56,56,56,1.7913396857007093,0
0.75,5239,56,56,56,56,1.9063724274002205,0
0.75,5241,56,56,56,56,1.604559098169811,0
0.75,5243,56,56,56,56,0.999656243299501,1
0.75,5245,57,57,57,57,1.0569689199520487,1
0.75,5247,57,57,57,57,0.4957182998542259,1
0.75,5249,57,57,57,57,1.6342612147930253,0
0.75,5251,57,57,57,57,1.2981390450279817,1
0.75,5253,57,57,57,57,1.1029974990559293,1
0.75,5255,57,57,57,57,1.3227665052442261,1
0.75,5257,57,57,57,57,1.2240299677431798,1
0.75,5259,57,57,57,57,1.367219757464618,1
0.75,5261,57,57,57,57,1.5621990597444964,0
0.75,5263,57,57,57,57,0.9839593256982444,1
0.75,5265,57,57,57,57,1.490136274329542,0
0.75,5267,57,57,57,57,1.2845454203135462,1
0.75,5269,57,57,57,57,1.3320717082465598,1
0.75,5271,57,57,57,57,1.2599401396225023,1
0.75,5273,57,57,57,57,1.4413256977946536,0
0.75,5275,57,57,57,57,1.303325857066791,1
0.75,5277,57,57,57,57,1.2937485310806878,1
0.75,5279,57,57,57,57,1.6409442196667559,0
0.75,5281,57,57,57,57,1.6305949261131638,0
0.75,5283,57,57,57,57,1.9079003542438164,0
0.75,5285,57,57,57,57,1.8778796096572308,0
0.75,5287,57,57,57,57,1.763287087881813,0
0.75,5289,57,57,57,57,2.007016965850321,0
0.75,5291,57,57,57,57,1.7059569883414292,0
0.75,5293,57,57,57,57,1.6563821219080666,0
0.75,5295,57,57,57,57,1.9651083044381388,0
0.75,5297,57,57,57,57,1.730358848770722,0
0.75,5299,57,57,57,57,1.3309414256627528,1
0.75,5301,57,57,57,57,1.320927526512801,1
0.75,5303,57,57,57,57,1.499225079668295,0
0.75,5305,57,57,57,57,1.9412090478574404,0
0.75,5307,57,57,57,57,1.9219951467338645,0
0.75,5309,57,57,57,57,1.4106927713459454,1
0.75,5311,57,57,57,57,2.0373134000726187,0
0.75,5313,57,57,57,57,1.8062322081277176,0
0.75,5315,57,57,57,57,1.4756178624051501,0
0.75,5317,57,57,57,57,1.1792198536276979,1
0.75,5319,57,57,57,57,1.5222549146218745,0
0.75,5321,57,57,57,57,0.8489271878701361,1
0.75,5323,57,57,57,57,1.73950991201313,0
0.75,5325,57,57,57,57,1.028737883229904,1
0.75,5327,57,57,57,57,1.3260550077830753,1
0.75,5329,57,57,57,57,0.7372212817740442,1
0.75,5331,57,57,57,57,0.6346730088845807,1
0.75,5333,57,57,57,57,1.2251151113607772,1
0.75,5335,57,57,57,57,0.8606658100585194,1
0.75,5337,58,58,58,58,1.29962860349948,1
0.75,5339,58,58,58,58,0.5826021622635928,1
0.75,5341,58,58,58,58,0.972867774411579,1
0.75,5343,58,58,58,58,0.3219417466298362,1
0.75,5345,58,58,58,58,0.8596761382293665,1
0.75,5347,58,58,58,58,0.7161307400618474,1
0.75,5349,58,58,58,58,1.3145429584437804,1
0.75,5351,58,58,58,58,0.8403241772878053,1
0.75,5353,58,58,58,58,1.3629259118455148,1
0.75,5355,58,58,58,58,1.204960548060305,1
0.75,5357,58,58,58,58,0.7885006443084408,1
0.75,5359,58,58,58,58,0.9007294556571299,1
0.75,5361,58,58,58,58,0.3460822386627487,1
0.75,5363,58,58,58,58,0.9662803297469811,1
0.75,5365,58,58,58,58,1.2154445613669955,1
0.75,5367,58,58,58,58,1.078641267643661,1
0.75,5369,58,58,58,58,1.4738958075375923,0
0.75,5371,58,58,58,58,0.7603426668170756,1
0.75,5373,58,58,58,58,1.3700169849231159,1
0.75,5375,58,58,58,58,0.8694952355209469,1
0.75,5377,58,58,58,58,1.2352515222313778,1
0.75,5379,58,58,58,58,0.979839500848597,1
0.75,5381,58,58,58,58,1.1756180434483288,1
0.75,5383,58,58,58,58,0.7327992912678265,1
0.75,5385,58,58,58,58,1.2561340355921322,1
0.75,5387,58,58,58,58,1.2722289022342568,1
0.75,5389,58,58,58,58,1.149091603196994,1
0.75,5391,58,58,58,58,1.1605583898341472,1
0.75,5393,58,58,58,58,1.691274549854103,0
0.75,5395,58,58,58,58,1.4804472373081814,0
0.75,5397,58,58,58,58,1.01878337985378,1
0.75,5399,58,58,58,58,0.9394663882341061,1
0.75,5401,58,58,58,58,1.536820747404866,0
0.75,5403,58,58,58,58,0.8990689566551542,1
0.75,5405,58,58,58,58,1.2446593269504909,1
0.75,5407,58,58,58,58,0.6806486085979804,1
0.75,5409,58,58,58,58,0.7723543266051142,1
0.75,5411,58,58,58,58,1.67296706943385,0
0.75,5413,58,58,58,58,1.2174565362853107,1
0.75,5415,58,58,58,58,1.0443648160365882,1
0.75,5417,58,58,58,58,1.6276757917318005,0
0.75,5419,58,58,58,58,1.084094263900431,1
0.75,5421,58,58,58,58,1.085356108508818,1
0.75,5423,58,58,58,58,1.4080303342888776,1
0.75,5425,58,58,58,58,1.0647483999983702,1
0.75,5427,58,58,58,58,0.9413678640818857,1
0.75,5429,59,59,59,59,1.8479127675772995,0
0.75,5431,59,59,59,59,0.6911095857288354,1
0.75,5433,59,59,59,59,1.265118525187347,1
0.75,5435,59,59,59,59,1.5638281001935783,0
0.75,5437,59,59,59,59,0.9792738945000885,1
0.75,5439,59,59,59,59,1.2765570627514864,1
0.75,5441,59,59,59,59,0.8176242599114556,1
0.75,5443,59,59,59,59,1.1572395153002721,1
0.75,5445,59,59,59,59,1.0219106639238573,1
0.75,5447,59,58,58,58,0.2798263480592428,1
0.75,5449,59,59,59,59,1.0209756875705558,1
0.75,5451,59,59,58,58,0.3056598277229333,1
0.75,5453,59,59,59,59,0.5260740019365311,1
0.75,5455,59,59,59,59,0.7405019272412399,1
0.75,5457,59,59,59,59,0.566747157652381,1
0.75,5459,59,59,59,59,0.663311483335115,1
0.75,5461,59,59,59,59,1.346895797323986,1
0.75,5463,59,59,59,59,1.5827833427851785,0
0.75,5465,59,59,59,59,2.052798999890058,0
0.75,5467,59,59,59,59,1.6116437274337907,0
0.75,5469,59,59,59,59,2.18996748555677,0
0.75,5471,59,59,59,59,1.4108355034636542,1
0.75,5473,59,59,59,59,1.8205717567941284,0
0.75,5475,59,59,59,59,1.5748834183294143,0
0.75,5477,59,59,59,59,1.5301889000985829,0
0.75,5479,59,59,59,59,0.8465384978691717,1
0.75,5481,59,41,45,45,0.020078933076014938,1
0.75,5483,59,59,59,59,0.20738272374422628,1
0.75,5485,59,59,59,59,1.726325919221905,0
0.75,5487,59,59,59,59,1.940452407404321,0
0.75,5489,59,59,59,59,2.1715793125722644,0
0.75,5491,59,59,59,59,2.0719600710327755,0
0.75,5493,59,59,59,59,1.9737411285470694,0
0.75,5495,59,59,59,59,2.178974409812721,0
0.75,5497,59,59,59,59,1.761601477818417,0
0.75,5499,59,59,59,59,1.240743563802433,1
0.75,5501,59,59,59,59,0.3876534548056305,1
0.75,5503,59,59,59,59,1.5151559680171591,0
0.75,5505,59,59,59,59,1.5512196272292547,0
0.75,5507,59,59,59,59,2.1215845903764263,0
0.75,5509,59,59,59,59,1.4134681708032097,1
0.75,5511,59,59,59,59,2.2058516094716305,0
0.75,5513,59,59,59,59,1.8774639406366553,0
0.75,5515,59,59,59,59,1.5692559569947007,0
0.75,5517,59,59,59,59,1.3857491028422924,1
0.75,5519,59,59,59,59,1.2699828118279965,1
0.75,5521,60,60,60,60,0.5266309960806651,1
0.75,5523,60,60,60,60,0.9001071822277723,1
0.75,5525,60,60,60,60,1.406903409460905,1
0.75,5527,60,60,60,60,1.6919951900951915,0
0.75,5529,60,60,60,60,1.7112066750372747,0
0.75,5531,60,60,60,60,2.018995348565878,0
0.75,5533,60,60,60,60,1.7612403231695484,0
0.75,5535,60,60,60,60,2.133890501717973,0
0.75,5537,60,60,60,60,1.5920549080115536,0
0.75,5539,60,60,60,60,1.631358526435723,0
0.75,5541,60,60,60,60,1.7322685165547105,0
0.75,5543,60,60,60,60,1.2902918739371356,1
0.75,5545,60,60,60,60,1.638904249048868,0
0.75,5547,60,60,60,60,1.433016760389621,0
0.75,5549,60,60,60,60,1.555296730009459,0
0.75,5551,60,60,60,60,1.0483605266585516,1
0.75,5553,60,60,60,60,1.4281197462789965,1
0.75,5555,60,60,60,60,1.2198256942983674,1
0.75,5557,60,60,60,60,1.7396077693361343,0
0.75,5559,60,60,60,60,1.9956965869216456,0
0.75,5561,60,60,60,60,1.1106777302627013,1
0.75,5563,60,60,60,60,2.1060869191693286,0
0.75,5565,60,60,60,60,1.832005393078859,0
0.75,5567,60,60,60,60,1.5299512931132395,0
0.75,5569,60,60,60,60,1.5273084449685683,0
0.75,5571,60,60,60,60,1.2439279982124707,1
0.75,5573,60,60,60,60,1.0310873719462286,1
0.75,5575,60,60,60,60,1.0787863143617589,1
0.75,5577,60,60,60,60,1.257234239900054,1
0.75,5579,60,60,60,60,2.0982816807540203,0
0.75,5581,60,60,60,60,1.8557986567254787,0
0.75,5583,60,60,60,60,1.3105283079474215,1
0.75,5585,60,60,60,60,1.9586790157959455,0
0.75,5587,60,60,60,60,1.3988401195673261,1
0.75,5589,60,60,60,60,1.830318767930752,0
0.75,5591,60,60,60,60,1.2585857949388706,1
0.75,5593,60,60,60,60,0.7100854820122545,1
0.75,5595,60,60,60,60,1.2048049716698825,1
0.75,5597,60,60,60,60,1.4499470478815892,0
0.75,5599,60,60,60,60,1.9389618677206613,0
0.75,5601,60,60,60,60,1.6564414806005696,0
0.75,5603,60,60,60,60,1.5758548575455764,0
0.75,5605,60,60,60,60,0.7705433260129922,1
0.75,5607,60,60,60,60,0.6708834046145017,1
0.75,5609,60,60,60,60,0.9236455894173204,1
0.75,5611,60,60,60,60,0.7155002749638817,1
