budget,row_id,label,base_pred,full_pred,adaptive_pred,margin,request_extra
0.25,0,0,0,0,0,1.5100241920490336,0
0.25,5,0,0,0,0,1.3634393872879529,0
0.25,7,0,22,0,0,0.2019336542945449,1
0.25,8,0,22,0,0,0.054626291504734636,1
0.25,12,0,22,0,22,0.4680402589106385,0
0.25,13,0,22,22,22,0.27050991607204644,0
0.25,14,0,0,0,0,0.9581098899313798,0
0.25,24,0,0,0,0,1.0683449535968128,0
0.25,25,0,0,0,0,0.5199973812846242,0
0.25,28,0,0,0,0,1.6414743093114192,0
0.25,29,0,0,0,0,0.30986318078466324,0
0.25,32,0,17,16,17,0.34705059056529786,0
0.25,37,0,0,22,0,0.2863378693215024,0
0.25,38,0,0,0,0,0.9526340507660636,0
0.25,40,0,0,0,0,1.3335129458959298,0
0.25,42,0,0,0,0,0.24054693313762354,1
0.25,43,0,0,22,22,0.1293917429382765,1
0.25,52,0,0,22,22,0.12338379902755103,1
0.25,53,0,0,0,0,0.02353642850332527,1
0.25,57,0,22,22,22,1.356483139849467,0
0.25,61,0,0,0,0,0.7479178938697192,0
0.25,62,0,0,0,0,0.37962943853284414,0
0.25,65,0,0,0,0,1.1231630299373596,0
0.25,66,0,0,0,0,2.1249308179513093,0
0.25,67,0,0,0,0,1.6440132139338872,0
0.25,69,0,0,0,0,0.44918020592874286,0
0.25,74,0,0,30,0,0.2965639470609841,0
0.25,85,0,0,0,0,0.5271681964844133,0
0.25,87,0,0,0,0,0.4530709285511967,0
0.25,89,0,0,0,0,0.8344279171865538,0
0.25,91,0,0,0,0,1.3434080124364172,0
0.25,92,0,22,22,22,0.7964877284421339,0
0.25,93,0,0,0,0,0.8026282698707835,0
0.25,97,0,0,0,0,1.0964992285443615,0
0.25,104,0,5,5,5,0.354448189941161,0
0.25,107,0,0,0,0,1.4781052354361492,0
0.25,109,0,0,0,0,1.5436547212466576,0
0.25,111,0,28,28,28,0.012595098361005475,1
0.25,113,0,0,0,0,1.2497083621788532,0
0.25,116,0,0,0,0,0.9775176540307954,0
0.25,120,1,28,7,7,0.16708451813994218,1
0.25,125,1,28,1,1,0.05780020574456768,1
0.25,127,1,1,1,1,0.5951811324890612,0
0.25,128,1,36,28,28,0.021523521937280243,1
0.25,132,1,28,1,28,0.3514782749533105,0
0.25,133,1,28,28,28,0.6099897124506789,0
0.25,134,1,7,7,7,0.4748901906629768,0
0.25,144,1,1,1,1,0.29616078889956066,0
0.25,145,1,41,34,34,0.1113869962984646,1
0.25,148,1,3,3,3,0.06625184688895591,1
0.25,149,1,1,1,1,0.11168642757316061,1
0.25,152,1,12,1,1,0.049035228447902424,1
0.25,157,1,1,1,1,0.10547272456852541,1
0.25,158,1,1,1,1,0.5228446875607884,0
0.25,160,1,23,28,28,0.014141114278759082,1
0.25,162,1,3,3,3,0.43144982501805795,0
0.25,163,1,31,1,1,0.18573641177084976,1
0.25,172,1,1,23,23,0.0021638778818869886,1
0.25,173,1,23,1,1,0.23127795377085558,1
0.25,177,1,38,1,1,0.14227394607073562,1
0.25,181,1,44,1,1,0.20650056054392718,1
0.25,182,1,1,1,1,0.04269114961389908,1
0.25,185,1,24,41,41,0.03180413512805402,1
0.25,186,1,41,41,41,0.27641916500133945,0
0.25,187,1,1,1,1,0.876568291745435,0
0.25,189,1,1,1,1,0.4321992623806137,0
0.25,194,1,1,1,1,0.2752286744348682,0
0.25,205,1,15,15,15,0.4061649730117294,0
0.25,207,1,42,42,42,0.711285228041733,0
0.25,209,1,31,13,13,0.007068475713977174,1
0.25,211,1,42,42,42,0.2780338592998579,0
0.25,212,1,42,42,42,0.6289714519315555,0
0.25,213,1,37,4,4,0.0570665286692299,1
0.25,217,1,17,38,38,0.03664473682458025,1
0.25,224,1,38,1,1,0.12295757049008949,1
0.25,227,1,45,1,1,0.20396208687237927,1
0.25,229,1,42,1,1,0.049803538284149185,1
0.25,231,1,28,31,31,0.13373762726383076,1
0.25,233,1,42,1,42,0.3742769814875754,0
0.25,236,1,37,37,37,0.5300310211048919,0
0.25,240,2,2,2,2,1.6860774213787786,0
0.25,245,2,2,2,2,0.4723221885185652,0
0.25,247,2,2,20,20,0.24439385489847298,1
0.25,248,2,19,2,2,0.2012404881179366,1
0.25,252,2,20,20,20,0.3590088973711437,0
0.25,253,2,44,44,44,0.17609470877549493,1
0.25,254,2,29,2,2,0.05003264746118208,1
0.25,264,2,44,2,44,0.9918325608329099,0
0.25,265,2,44,44,44,0.3526265653329408,0
0.25,268,2,2,2,2,0.5166801672703432,0
0.25,269,2,2,2,2,0.4175429696916185,0
0.25,272,2,2,2,2,0.6085850018469424,0
0.25,277,2,2,2,2,0.9348990090650685,0
0.25,278,2,44,44,44,0.05168074846296311,1
0.25,280,2,40,19,19,0.1518778401699321,1
0.25,282,2,2,2,2,1.5726181306090234,0
0.25,283,2,44,44,44,0.7495464437480269,0
0.25,292,2,20,20,20,0.8525150604871955,0
0.25,293,2,12,2,12,0.2897807580883123,0
0.25,297,2,2,2,2,0.6332046381179899,0
0.25,301,2,2,2,2,0.572406569176222,0
0.25,302,2,2,2,2,1.3293495858120794,0
0.25,305,2,8,44,44,0.17360295744179832,1
0.25,306,2,2,35,35,0.20715198017882397,1
0.25,307,2,2,2,2,0.9830701240837274,0
0.25,309,2,2,2,2,0.27568469418119435,0
0.25,314,2,2,2,2,0.5778604094385345,0
0.25,325,2,2,2,2,1.0034034448133742,0
0.25,327,2,2,2,2,0.33757370457892233,0
0.25,329,2,2,2,2,0.15779675562211537,1
0.25,331,2,2,2,2,0.5901231890271557,0
0.25,332,2,40,2,2,0.0799579897766205,1
0.25,333,2,2,2,2,0.7029605770054821,0
0.25,337,2,2,2,2,0.7872270954033174,0
0.25,344,2,2,2,2,0.26389296178066457,0
0.25,347,2,20,20,20,0.9690552758064537,0
0.25,349,2,2,2,2,0.7315154968872005,0
0.25,351,2,2,2,2,1.2423591155314895,0
0.25,353,2,44,2,2,0.0278648340828902,1
0.25,356,2,2,2,2,1.8153817279048814,0
0.25,360,3,3,3,3,1.1378163781473776,0
0.25,365,3,21,3,3,0.1804680959897932,1
0.25,367,3,3,3,3,0.2752879225994602,0
0.25,368,3,3,3,3,1.4240625595746967,0
0.25,372,3,3,3,3,0.986406230855635,0
0.25,373,3,10,3,3,0.17230566673944492,1
0.25,374,3,3,3,3,2.115638991704917,0
0.25,384,3,3,3,3,1.4302995629436146,0
0.25,385,3,3,3,3,2.4399964656133317,0
0.25,388,3,3,3,3,0.9606774942823584,0
0.25,389,3,3,3,3,1.4211803052192438,0
0.25,392,3,32,3,32,0.6665201103935834,0
0.25,397,3,3,3,3,0.487456635699968,0
0.25,398,3,3,3,3,2.3483019608145392,0
0.25,400,3,25,25,25,0.09631942603766075,1
0.25,402,3,3,3,3,1.5636646271675358,0
0.25,403,3,3,3,3,0.27823550824167564,0
0.25,412,3,3,3,3,1.9137005170050854,0
0.25,413,3,3,3,3,0.4243304306510649,0
0.25,417,3,18,18,18,0.12768437282608347,1
0.25,421,3,3,3,3,0.22300645471970704,1
0.25,422,3,3,3,3,1.9272978056525067,0
0.25,425,3,3,3,3,1.733302217436465,0
0.25,426,3,3,3,3,1.4358052147104414,0
0.25,427,3,18,3,18,0.3991038996648568,0
0.25,429,3,3,3,3,0.9192572715467222,0
0.25,434,3,12,3,3,0.025183558173249465,1
0.25,445,3,3,3,3,0.5590967047001718,0
0.25,447,3,3,3,3,1.6289519162969759,0
0.25,449,3,3,3,3,0.8504243607692803,0
0.25,451,3,3,3,3,1.3321218672255986,0
0.25,452,3,3,3,3,0.8177167695464941,0
0.25,453,3,3,3,3,2.622759609435091,0
0.25,457,3,3,3,3,1.158679423173541,0
0.25,464,3,3,3,3,2.203705414059762,0
0.25,467,3,3,3,3,0.5692520713365539,0
0.25,469,3,3,3,3,1.170507794133914,0
0.25,471,3,3,3,3,1.2999593653048553,0
0.25,473,3,3,3,3,0.8751744633499728,0
0.25,476,3,3,3,3,0.5394725820995436,0
0.25,480,4,4,4,4,0.07000161559358786,1
0.25,485,4,4,4,4,0.012223987053919583,1
0.25,487,4,4,4,4,0.17222936142191414,1
0.25,488,4,25,25,25,0.8877740660042709,0
0.25,492,4,20,43,20,0.46937841141406933,0
0.25,493,4,40,40,40,0.11803715160051542,1
0.25,494,4,2,11,11,0.0027962011940757536,1
0.25,504,4,28,4,4,0.23548328631097104,1
0.25,505,4,4,4,4,0.3697066566084437,0
0.25,508,4,4,4,4,1.5831319997495887,0
0.25,509,4,4,4,4,1.5822361738762796,0
0.25,512,4,4,4,4,0.7556546668022349,0
0.25,517,4,4,4,4,0.5133299738230146,0
0.25,518,4,3,3,3,0.01685691887638796,1
0.25,520,4,4,4,4,0.7573188321450697,0
0.25,522,4,4,4,4,0.5539909870713731,0
0.25,523,4,4,4,4,1.2691017648908036,0
0.25,532,4,2,4,4,0.05101223585399117,1
0.25,533,4,4,4,4,1.5138341957567407,0
0.25,537,4,40,4,4,0.16771566091375878,1
0.25,541,4,14,4,4,0.14505750628570313,1
0.25,542,4,36,4,4,0.13675411876244548,1
0.25,545,4,27,4,4,0.15375976655387358,1
0.25,546,4,30,4,30,0.3684952371355734,0
0.25,547,4,31,4,4,0.14057625035213672,1
0.25,549,4,32,4,32,0.44782196431924604,0
0.25,554,4,4,4,4,0.5553345391767146,0
0.25,565,4,40,4,4,0.04926495431817002,1
0.25,567,4,4,4,4,0.27186014652238266,0
0.25,569,4,4,4,4,1.0201505968375202,0
0.25,571,4,4,4,4,1.2053173177978098,0
0.25,572,4,4,4,4,1.128062862966648,0
0.25,573,4,43,27,27,0.15521265956526542,1
0.25,577,4,4,4,4,0.0884012080211144,1
0.25,584,4,21,7,7,0.11077600215762073,1
0.25,587,4,40,4,4,0.15490293486373707,1
0.25,589,4,4,4,4,0.6602414132126779,0
0.25,591,4,4,4,4,1.0410070654577757,0
0.25,593,4,4,4,4,0.5754331242174157,0
0.25,596,4,31,31,31,0.023384185429261017,1
0.25,600,5,5,5,5,1.2300991512299742,0
0.25,605,5,5,5,5,1.809793301934212,0
0.25,607,5,5,5,5,1.5038181232021832,0
0.25,608,5,5,5,5,0.046365535843388095,1
0.25,612,5,5,5,5,0.8538939860660593,0
0.25,613,5,5,5,5,1.805888675517662,0
0.25,614,5,5,5,5,0.06470900088214582,1
0.25,624,5,5,5,5,1.8618607443296051,0
0.25,625,5,5,5,5,1.7712622814894938,0
0.25,628,5,5,5,5,1.9778076121304022,0
0.25,629,5,5,5,5,1.5793226598690646,0
0.25,632,5,5,5,5,1.8911331985244062,0
0.25,637,5,5,5,5,2.3566446615193044,0
0.25,638,5,5,5,5,1.7732762303970968,0
0.25,640,5,5,5,5,1.205713430117876,0
0.25,642,5,5,5,5,1.1917187528819457,0
0.25,643,5,5,5,5,0.6291750846182447,0
0.25,652,5,5,5,5,2.0506456989787605,0
0.25,653,5,5,5,5,0.8859972720695202,0
0.25,657,5,5,5,5,1.5708848679285001,0
0.25,661,5,5,5,5,1.7888921671561586,0
0.25,662,5,5,44,44,0.1279956485432019,1
0.25,665,5,5,5,5,1.7341074547479183,0
0.25,666,5,5,5,5,1.8979613452741368,0
0.25,667,5,5,5,5,1.8281752600516041,0
0.25,669,5,5,5,5,1.3271592207307035,0
0.25,674,5,5,5,5,1.1691626475984276,0
0.25,685,5,5,5,5,1.1293391508962187,0
0.25,687,5,5,5,5,1.2593688314685645,0
0.25,689,5,5,5,5,0.17829865024228664,1
0.25,691,5,5,5,5,0.11381726104663825,1
0.25,692,5,5,5,5,0.6290802527848569,0
0.25,693,5,5,5,5,1.7891493669288652,0
0.25,697,5,5,5,5,1.9656792623643855,0
0.25,704,5,5,5,5,1.352770211261184,0
0.25,707,5,5,5,5,0.35725413080867674,0
0.25,709,5,5,5,5,0.7331312133163131,0
0.25,711,5,5,5,5,2.1019758826214385,0
0.25,713,5,5,5,5,1.3524305333895874,0
0.25,716,5,5,5,5,1.2432298213399904,0
0.25,720,6,6,6,6,1.978617808487118,0
0.25,725,6,6,6,6,1.5829789417507905,0
0.25,727,6,6,6,6,1.7405055660842454,0
0.25,728,6,6,6,6,1.8998599859910008,0
0.25,732,6,6,6,6,1.9296271051404283,0
0.25,733,6,6,6,6,0.466935189306537,0
0.25,734,6,6,6,6,2.1482558415249056,0
0.25,744,6,6,6,6,2.2294312371526415,0
0.25,745,6,6,6,6,0.037570124836245,1
0.25,748,6,6,6,6,1.5623774052867265,0
0.25,749,6,6,6,6,1.1388632576168094,0
0.25,752,6,6,6,6,0.30082648134401335,0
0.25,757,6,11,6,6,0.02234696108302192,1
0.25,758,6,6,6,6,1.869884780200095,0
0.25,760,6,6,6,6,2.0454512932261135,0
0.25,762,6,6,6,6,1.576183651738892,0
0.25,763,6,6,6,6,1.1646353703109331,0
0.25,772,6,6,6,6,1.8690092949044317,0
0.25,773,6,6,6,6,1.949393632616581,0
0.25,777,6,6,6,6,2.1177025378121037,0
0.25,781,6,6,6,6,2.0970649913374704,0
0.25,782,6,6,6,6,2.0018922989476464,0
0.25,785,6,6,6,6,0.24590492655778917,1
0.25,786,6,6,6,6,2.110889706817135,0
0.25,787,6,6,6,6,1.7621481182454235,0
0.25,789,6,8,25,25,0.15589905231030077,1
0.25,794,6,36,36,36,0.2720528340008076,0
0.25,805,6,6,6,6,1.8188834762847088,0
0.25,807,6,6,6,6,2.047338854095658,0
0.25,809,6,6,6,6,1.3948126212767225,0
0.25,811,6,6,6,6,1.0056901995058767,0
0.25,812,6,6,6,6,1.0952827290977512,0
0.25,813,6,6,6,6,1.6558621041098582,0
0.25,817,6,36,36,36,0.8344520293959538,0
0.25,824,6,6,6,6,1.0668424916490613,0
0.25,827,6,6,6,6,1.1696893374598996,0
0.25,829,6,6,6,6,2.049628032121169,0
0.25,831,6,6,6,6,1.535787823105097,0
0.25,833,6,6,6,6,1.3258883877925465,0
0.25,836,6,36,6,6,0.06567946682537062,1
0.25,840,7,7,7,7,1.9044898630364202,0
0.25,845,7,7,7,7,0.5865692312528255,0
0.25,847,7,7,7,7,2.2056531498916865,0
0.25,848,7,7,7,7,1.852581396699014,0
0.25,852,7,7,7,7,1.2982885712171282,0
0.25,853,7,8,7,8,0.2666684470088595,0
0.25,854,7,7,7,7,1.3821548607121181,0
0.25,864,7,7,7,7,1.5770621631232888,0
0.25,865,7,25,7,7,0.25254538773433943,1
0.25,868,7,7,7,7,1.8423540787245378,0
0.25,869,7,7,7,7,0.989378404036876,0
0.25,872,7,7,7,7,0.7507737598019013,0
0.25,877,7,7,7,7,0.659635363906002,0
0.25,878,7,7,7,7,1.6760645937348884,0
0.25,880,7,38,7,38,0.6799126650550572,0
0.25,882,7,7,7,7,1.5293969624950823,0
0.25,883,7,7,7,7,0.0416530077788948,1
0.25,892,7,7,7,7,1.3821052563586163,0
0.25,893,7,33,7,33,0.3463809057188282,0
0.25,897,7,34,7,7,0.24187846062969942,1
0.25,901,7,7,7,7,1.80019314015356,0
0.25,902,7,38,7,7,0.07412171627496333,1
0.25,905,7,38,7,7,0.030109574376308013,1
0.25,906,7,7,7,7,2.305139112792371,0
0.25,907,7,7,7,7,0.40256373931437484,0
0.25,909,7,11,11,11,0.17159671936701282,1
0.25,914,7,7,7,7,1.7554879309675973,0
0.25,925,7,7,7,7,0.937674895882007,0
0.25,927,7,7,7,7,0.264867569981696,0
0.25,929,7,7,7,7,1.1198592469910582,0
0.25,931,7,7,7,7,0.9573507381313789,0
0.25,932,7,7,7,7,1.5055097960841262,0
0.25,933,7,7,7,7,0.12938808478697572,1
0.25,937,7,7,7,7,0.4533704090866908,0
0.25,944,7,7,7,7,1.2512629626152032,0
0.25,947,7,7,7,7,1.9425717035583023,0
0.25,949,7,7,7,7,0.9284640829182542,0
0.25,951,7,7,7,7,0.02913750121831915,1
0.25,953,7,7,7,7,1.2392755311728105,0
0.25,956,7,7,7,7,0.13016211344853512,1
0.25,960,8,8,8,8,0.33807662296776086,0
0.25,965,8,8,8,8,0.40861387035687413,0
0.25,967,8,8,8,8,0.3707918235079751,0
0.25,968,8,8,8,8,0.3244339487104435,0
0.25,972,8,8,8,8,0.32063458600786776,0
0.25,973,8,8,44,44,0.018483709328004805,1
0.25,974,8,15,15,15,0.03534671043902282,1
0.25,984,8,8,8,8,0.855670882081451,0
0.25,985,8,8,8,8,0.6500185102442153,0
0.25,988,8,8,8,8,1.609930859957896,0
0.25,989,8,8,8,8,0.020700228291531397,1
0.25,992,8,1,1,1,0.4178720978835795,0
0.25,997,8,44,44,44,0.10495640552136154,1
0.25,998,8,8,8,8,0.3088273186160272,0
0.25,1000,8,31,8,31,0.33270752626791733,0
0.25,1002,8,8,8,8,1.05430648599906,0
0.25,1003,8,44,44,44,0.05939471393036044,1
0.25,1012,8,8,8,8,0.5082951581237358,0
0.25,1013,8,8,8,8,1.675743414239419,0
0.25,1017,8,8,8,8,0.36656140125158143,0
0.25,1021,8,8,8,8,0.8431576726358682,0
0.25,1022,8,8,8,8,1.0378643868436952,0
0.25,1025,8,8,8,8,0.5471317812600281,0
0.25,1026,8,8,8,8,0.09952574176665374,1
0.25,1027,8,8,8,8,1.3782773955279675,0
0.25,1029,8,8,8,8,0.2724174123280175,0
0.25,1034,8,37,8,8,0.1018350483487106,1
0.25,1045,8,8,8,8,1.2114817893961585,0
0.25,1047,8,8,8,8,1.0142440867258977,0
0.25,1049,8,25,25,25,0.5005472229879822,0
0.25,1051,8,8,8,8,0.5906715688123121,0
0.25,1052,8,8,8,8,0.8844088545709753,0
0.25,1053,8,16,44,44,0.02719997780005745,1
0.25,1057,8,8,8,8,0.8765797177203049,0
0.25,1064,8,27,8,8,0.03553115276250196,1
0.25,1067,8,34,34,34,0.24773190767594322,1
0.25,1069,8,8,8,8,0.3974495356967631,0
0.25,1071,8,8,8,8,1.4271232247015972,0
0.25,1073,8,34,34,34,0.8220719461887549,0
0.25,1076,8,16,16,16,0.14651219790401293,1
0.25,1080,9,9,9,9,0.10404291898755691,1
0.25,1085,9,9,9,9,1.62126696203877,0
0.25,1087,9,9,9,9,2.2365208517642183,0
0.25,1088,9,9,9,9,0.10569618307792372,1
0.25,1092,9,9,9,9,1.6116415003892823,0
0.25,1093,9,14,9,9,0.034807684676666284,1
0.25,1094,9,32,32,32,0.6293985759289615,0
0.25,1104,9,14,9,9,0.09743015321826554,1
0.25,1105,9,9,9,9,1.9421513574709974,0
0.25,1108,9,9,9,9,1.735669761202963,0
0.25,1109,9,9,9,9,0.5900404434198021,0
0.25,1112,9,9,9,9,0.6746819743442429,0
0.25,1117,9,9,9,9,1.813705350910303,0
0.25,1118,9,9,9,9,0.3615203365649312,0
0.25,1120,9,9,9,9,1.7728781509734772,0
0.25,1122,9,9,9,9,1.8734214284875228,0
0.25,1123,9,9,9,9,1.3064540275805463,0
0.25,1132,9,9,9,9,1.5592789903493103,0
0.25,1133,9,9,9,9,2.1136230674394993,0
0.25,1137,9,9,9,9,1.0840224792595063,0
0.25,1141,9,9,9,9,1.6846220391099256,0
0.25,1142,9,9,9,9,1.9154101351900565,0
0.25,1145,9,37,9,9,0.13104888305708384,1
0.25,1146,9,9,9,9,1.7140970375468847,0
0.25,1147,9,9,9,9,1.4226519956136556,0
0.25,1149,9,9,9,9,0.7645892616310144,0
0.25,1154,9,9,9,9,0.23922231230033286,1
0.25,1165,9,9,9,9,2.057034443230658,0
0.25,1167,9,9,9,9,1.5668397032792358,0
0.25,1169,9,9,9,9,1.653624933573067,0
0.25,1171,9,9,9,9,1.032802717436273,0
0.25,1172,9,9,9,9,1.6110993446479087,0
0.25,1173,9,9,9,9,0.787551311021733,0
0.25,1177,9,9,9,9,0.8389595076133368,0
0.25,1184,9,9,9,9,1.6710460782151473,0
0.25,1187,9,9,9,9,2.3722565834925984,0
0.25,1189,9,9,9,9,1.0498625160939319,0
0.25,1191,9,9,9,9,0.6235467392978892,0
0.25,1193,9,9,9,9,1.6684858807017122,0
0.25,1196,9,9,9,9,1.8819419534014359,0
0.25,1200,10,10,10,10,1.597686496295377,0
0.25,1205,10,10,10,10,0.9793793619574283,0
0.25,1207,10,33,1,1,0.09953673053447509,1
0.25,1208,10,35,30,35,0.3387193450883167,0
0.25,1212,10,18,10,18,0.7095599506979697,0
0.25,1213,10,16,5,5,0.11361715537955908,1
0.25,1214,10,10,10,10,1.8241558986196003,0
0.25,1224,10,10,10,10,1.5478523262665527,0
0.25,1225,10,18,26,26,0.011388497624016725,1
0.25,1228,10,10,10,10,1.1582598804221,0
0.25,1229,10,10,4,10,0.7713185219174741,0
0.25,1232,10,10,10,10,0.275011409757306,0
0.25,1237,10,10,10,10,0.7936616023030048,0
0.25,1238,10,10,10,10,0.6563732177491898,0
0.25,1240,10,30,10,10,0.1646162816515917,1
0.25,1242,10,30,30,30,0.23438559674129977,1
0.25,1243,10,10,10,10,1.3142244322976326,0
0.25,1252,10,10,10,10,0.14414834944374944,1
0.25,1253,10,10,10,10,0.3545438194520023,0
0.25,1257,10,30,10,10,0.02492036243793727,1
0.25,1261,10,30,10,10,0.22451168617666784,1
0.25,1262,10,10,10,10,0.14414834944374944,1
0.25,1265,10,40,10,10,0.02347362001513298,1
0.25,1266,10,10,10,10,0.451416170722057,0
0.25,1267,10,10,10,10,0.7854046549478315,0
0.25,1269,10,30,30,30,0.6559289508576975,0
0.25,1274,10,10,10,10,0.06160493649640042,1
0.25,1285,10,30,30,30,0.24612877998092508,1
0.25,1287,10,10,10,10,0.5948449565589378,0
0.25,1289,10,30,30,30,0.48797269696426415,0
0.25,1291,10,10,10,10,1.1238994749774598,0
0.25,1292,10,10,10,10,1.1203314106729296,0
0.25,1293,10,10,10,10,1.1843792697856887,0
0.25,1297,10,10,10,10,1.1248939461647278,0
0.25,1304,10,10,10,10,1.4979720496423998,0
0.25,1307,10,30,10,30,0.3758364524595055,0
0.25,1309,10,10,10,10,0.968861738585934,0
0.25,1311,10,10,10,10,0.6804463925784165,0
0.25,1313,10,30,30,30,1.496142468832779,0
0.25,1316,10,10,10,10,0.34944805861855455,0
0.25,1320,11,11,11,11,0.3693632158007042,0
0.25,1325,11,12,24,24,0.14568140233906224,1
0.25,1327,11,12,11,11,0.12320837340599444,1
0.25,1328,11,24,11,11,0.11376121199273415,1
0.25,1332,11,11,24,24,0.23283126924315556,1
0.25,1333,11,23,23,23,0.6395065364264222,0
0.25,1334,11,11,11,11,1.1470761489166188,0
0.25,1344,11,11,11,11,2.142657700753087,0
0.25,1345,11,11,11,11,0.932418371496237,0
0.25,1348,11,11,11,11,0.21997017727827722,1
0.25,1349,11,11,11,11,0.01892443483968509,1
0.25,1352,11,42,34,34,0.07263093161410428,1
0.25,1357,11,24,24,24,0.6118818670052764,0
0.25,1358,11,35,11,11,0.03732186420706429,1
0.25,1360,11,31,28,28,0.09805518623302989,1
0.25,1362,11,11,11,11,0.3074682363466823,0
0.25,1363,11,11,11,11,1.3172848461688917,0
0.25,1372,11,11,11,11,1.6221014076119407,0
0.25,1373,11,11,11,11,0.2867486620940718,0
0.25,1377,11,11,11,11,1.846118879232518,0
0.25,1381,11,11,11,11,0.46208871596609025,0
0.25,1382,11,11,11,11,0.2973956020451043,0
0.25,1385,11,23,11,23,1.1168531812487772,0
0.25,1386,11,24,11,11,0.019355098096363488,1
0.25,1387,11,11,11,11,0.8487985565369527,0
0.25,1389,11,11,11,11,1.4410332288301453,0
0.25,1394,11,31,11,11,0.076440774920158,1
0.25,1405,11,38,38,38,0.18969999051361686,1
0.25,1407,11,11,11,11,2.2740213048516016,0
0.25,1409,11,11,11,11,1.565278277573869,0
0.25,1411,11,11,11,11,0.305962193294651,0
0.25,1412,11,11,11,11,1.099422592461761,0
0.25,1413,11,11,11,11,1.029965923333427,0
0.25,1417,11,11,11,11,1.6592404871693867,0
0.25,1424,11,11,11,11,1.1549847489799052,0
0.25,1427,11,11,11,11,1.6525047681733165,0
0.25,1429,11,11,11,11,1.611072373973831,0
0.25,1431,11,37,11,11,0.15368493163004548,1
0.25,1433,11,11,11,11,1.0330474219393366,0
0.25,1436,11,24,11,24,0.368902832967274,0
0.25,1440,12,12,12,12,0.856360486622304,0
0.25,1445,12,44,12,44,0.6359947036774649,0
0.25,1447,12,12,12,12,0.0009862342611158814,1
0.25,1448,12,29,39,39,0.05698440755729539,1
0.25,1452,12,12,12,12,0.1299461557300211,1
0.25,1453,12,12,12,12,0.8340104300365374,0
0.25,1454,12,36,12,12,0.20323954844367054,1
0.25,1464,12,12,12,12,0.5465252018396975,0
0.25,1465,12,12,12,12,0.479179799000204,0
0.25,1468,12,11,12,12,0.08099298982227121,1
0.25,1469,12,12,36,36,0.18538364564894705,1
0.25,1472,12,12,12,12,0.32789514542963283,0
0.25,1477,12,28,23,23,0.19590696091268966,1
0.25,1478,12,12,12,12,0.5327758254290665,0
0.25,1480,12,31,12,12,0.046952148082916256,1
0.25,1482,12,12,12,12,0.7203507077343716,0
0.25,1483,12,28,28,28,0.07479426243990805,1
0.25,1492,12,12,12,12,0.2846619099322232,0
0.25,1493,12,12,12,12,1.2384845538229152,0
0.25,1497,12,12,12,12,1.537210529409049,0
0.25,1501,12,12,12,12,0.36099474327918923,0
0.25,1502,12,12,12,12,1.2124771621807886,0
0.25,1505,12,20,20,20,0.915780862800084,0
0.25,1506,12,20,12,12,0.14906484642839357,1
0.25,1507,12,12,12,12,1.294958897684928,0
0.25,1509,12,12,12,12,0.2662741008121001,0
0.25,1514,12,15,15,15,0.10496486181651876,1
0.25,1525,12,12,12,12,0.7610461555195929,0
0.25,1527,12,12,12,12,1.5010851522075663,0
0.25,1529,12,25,12,25,0.562602903602514,0
0.25,1531,12,12,10,10,0.11728683888039793,1
0.25,1532,12,12,12,12,0.8413347088881677,0
0.25,1533,12,15,12,12,0.003973798514282589,1
0.25,1537,12,12,12,12,0.38816986314930524,0
0.25,1544,12,12,20,20,0.07664697550079846,1
0.25,1547,12,12,12,12,2.046490565035938,0
0.25,1549,12,12,12,12,0.583581476263993,0
0.25,1551,12,20,20,20,0.1700299951883638,1
0.25,1553,12,12,12,12,1.5950876050875773,0
0.25,1556,12,12,12,12,1.2263312258319314,0
0.25,1560,13,13,13,13,1.5081537287878797,0
0.25,1565,13,13,13,13,1.309607609705926,0
0.25,1567,13,13,13,13,1.4429611555279496,0
0.25,1568,13,13,13,13,1.7199890309561034,0
0.25,1572,13,13,13,13,1.7643082533347294,0
0.25,1573,13,13,13,13,1.8598251648336763,0
0.25,1574,13,13,13,13,1.338192118958523,0
0.25,1584,13,13,13,13,1.054872179044402,0
0.25,1585,13,13,13,13,1.6265113117631378,0
0.25,1588,13,13,13,13,0.44497435125692997,0
0.25,1589,13,13,13,13,2.005292190439242,0
0.25,1592,13,5,13,13,0.1128866598732633,1
0.25,1597,13,13,13,13,1.7021304867820788,0
0.25,1598,13,13,13,13,2.2171068717971956,0
0.25,1600,13,13,13,13,0.8453872523891011,0
0.25,1602,13,13,13,13,1.4572220858586085,0
0.25,1603,13,13,13,13,1.2595866430287546,0
0.25,1612,13,13,13,13,0.5067985671717256,0
0.25,1613,13,13,13,13,1.9702476002066156,0
0.25,1617,13,13,13,13,1.9722573332400941,0
0.25,1621,13,13,13,13,1.9967225447547867,0
0.25,1622,13,13,13,13,1.3316133683516003,0
0.25,1625,13,13,13,13,2.615394878656426,0
0.25,1626,13,13,13,13,1.1066265534950512,0
0.25,1627,13,13,13,13,1.283119541078737,0
0.25,1629,13,13,13,13,1.7747782405786805,0
0.25,1634,13,13,13,13,0.9983002256452723,0
0.25,1645,13,13,13,13,1.9959561440339493,0
0.25,1647,13,13,13,13,2.0747431608155944,0
0.25,1649,13,35,13,13,0.004584273737155087,1
0.25,1651,13,13,13,13,0.7642942669873486,0
0.25,1652,13,13,13,13,0.4524988627431459,0
0.25,1653,13,13,13,13,1.3614828910047994,0
0.25,1657,13,13,13,13,1.8977825011721974,0
0.25,1664,13,13,13,13,0.6935197110761705,0
0.25,1667,13,13,13,13,0.7848813236149518,0
0.25,1669,13,13,13,13,1.6382031754858914,0
0.25,1671,13,13,13,13,2.3160603415749765,0
0.25,1673,13,13,13,13,1.7748726700992128,0
0.25,1676,13,13,13,13,2.1553478923078044,0
0.25,1680,14,45,14,14,0.055538486628899264,1
0.25,1685,14,14,14,14,1.6960262606694991,0
0.25,1687,14,14,14,14,1.7271524950055919,0
0.25,1688,14,14,14,14,0.7774947665624118,0
0.25,1692,14,14,14,14,1.6056595275603156,0
0.25,1693,14,14,14,14,1.1674532180865764,0
0.25,1694,14,14,14,14,1.4796923870333893,0
0.25,1704,14,14,14,14,1.825398164136887,0
0.25,1705,14,14,14,14,0.8534941411735998,0
0.25,1708,14,34,21,21,0.06777795863518254,1
0.25,1709,14,14,14,14,0.4179620002445875,0
0.25,1712,14,14,14,14,0.43642761522773166,0
0.25,1717,14,14,14,14,0.37900532428227185,0
0.25,1718,14,14,14,14,2.052827363921035,0
0.25,1720,14,35,14,35,0.4356300450534494,0
0.25,1722,14,14,14,14,1.1209171823766186,0
0.25,1723,14,14,14,14,1.2139027046347448,0
0.25,1732,14,14,14,14,1.8595056026507593,0
0.25,1733,14,14,14,14,1.0903678407750397,0
0.25,1737,14,45,1,1,0.1309723295293317,1
0.25,1741,14,14,14,14,1.4711200986192714,0
0.25,1742,14,14,14,14,1.5165285096049435,0
0.25,1745,14,14,14,14,1.1648846300303992,0
0.25,1746,14,14,14,14,0.09500619208955852,1
0.25,1747,14,14,14,14,1.8970047690471534,0
0.25,1749,14,14,14,14,0.7607128994573418,0
0.25,1754,14,33,14,14,0.14393687395482535,1
0.25,1765,14,14,14,14,1.3759017465692118,0
0.25,1767,14,14,14,14,1.1172254398523571,0
0.25,1769,14,14,14,14,1.9960801750186477,0
0.25,1771,14,21,21,21,0.14348143414753944,1
0.25,1772,14,14,14,14,1.1340958838562272,0
0.25,1773,14,14,14,14,1.2912566479251812,0
0.25,1777,14,14,14,14,0.9509587939354412,0
0.25,1784,14,14,14,14,1.5237715247400723,0
0.25,1787,14,14,14,14,0.6905890242438969,0
0.25,1789,14,14,14,14,0.4214082578241223,0
0.25,1791,14,14,14,14,0.6737822798049204,0
0.25,1793,14,45,29,29,0.21815166427639143,1
0.25,1796,14,14,15,14,0.33972875231286104,0
0.25,1800,15,15,15,15,1.2544609946704508,0
0.25,1805,15,15,15,15,0.6351518736858859,0
0.25,1807,15,15,29,15,0.37198864203083315,0
0.25,1808,15,15,15,15,0.04839912043213879,1
0.25,1812,15,29,15,29,0.26665266511105323,0
0.25,1813,15,15,15,15,0.563595348848981,0
0.25,1814,15,15,15,15,1.5211088076125943,0
0.25,1824,15,29,15,29,0.3319162725683237,0
0.25,1825,15,15,15,15,0.48735519540929584,0
0.25,1828,15,11,15,15,0.004332351395657352,1
0.25,1829,15,23,15,23,0.2670717973432717,0
0.25,1832,15,11,15,15,0.1842984213418466,1
0.25,1837,15,15,15,15,0.4972756188232208,0
0.25,1838,15,8,15,15,0.20479668041100152,1
0.25,1840,15,40,15,15,0.03426790773155908,1
0.25,1842,15,15,15,15,0.34077245209018503,0
0.25,1843,15,15,15,15,1.2786467569767999,0
0.25,1852,15,15,15,15,0.742992955933257,0
0.25,1853,15,22,22,22,0.7080802813219452,0
0.25,1857,15,15,15,15,1.301323697819547,0
0.25,1861,15,15,15,15,1.6411064815702734,0
0.25,1862,15,15,15,15,0.7320400799165023,0
0.25,1865,15,29,15,15,0.09911913398521488,1
0.25,1866,15,15,15,15,1.0015856011556432,0
0.25,1867,15,15,15,15,1.5011336539762785,0
0.25,1869,15,15,15,15,0.7012765809170355,0
0.25,1874,15,15,15,15,1.0434157616316355,0
0.25,1885,15,15,15,15,0.5675191229090344,0
0.25,1887,15,15,15,15,0.17810633849859614,1
0.25,1889,15,8,15,15,0.1581845256621438,1
0.25,1891,15,15,15,15,1.7727971006687462,0
0.25,1892,15,15,15,15,1.6951076228205266,0
0.25,1893,15,15,15,15,0.9447099816097546,0
0.25,1897,15,15,15,15,0.2559445436092822,1
0.25,1904,15,15,15,15,1.232288865104625,0
0.25,1907,15,33,37,37,0.04226679784441645,1
0.25,1909,15,15,15,15,1.854539963438293,0
0.25,1911,15,15,15,15,1.1280848887959332,0
0.25,1913,15,45,15,45,1.0539063952974639,0
0.25,1916,15,15,15,15,0.8672074814334159,0
0.25,1920,16,16,16,16,0.0313423514744241,1
0.25,1925,16,16,16,16,1.7405195221200926,0
0.25,1927,16,25,18,25,0.497258952098786,0
0.25,1928,16,15,25,25,0.16512616859751605,1
0.25,1932,16,16,16,16,0.6645097021194639,0
0.25,1933,16,16,27,27,0.07315800418732132,1
0.25,1934,16,16,16,16,0.513559301549715,0
0.25,1944,16,16,16,16,0.6328194764198681,0
0.25,1945,16,16,16,16,0.8433796972673097,0
0.25,1948,16,16,16,16,0.7974213464878344,0
0.25,1949,16,16,16,16,1.0713035798917243,0
0.25,1952,16,16,16,16,0.32972855355761577,0
0.25,1957,16,16,16,16,0.4353921930722754,0
0.25,1958,16,16,36,16,0.7229261795308225,0
0.25,1960,16,16,16,16,0.9359450136205582,0
0.25,1962,16,16,16,16,0.6300219551906967,0
0.25,1963,16,16,16,16,1.4427466977980683,0
0.25,1972,16,16,16,16,0.5221198108035506,0
0.25,1973,16,16,16,16,0.6456609268767702,0
0.25,1977,16,25,25,25,0.28711837865268197,0
0.25,1981,16,19,19,19,0.26409321891814896,0
0.25,1982,16,22,16,16,0.12684131848185065,1
0.25,1985,16,5,16,5,0.7039774126437982,0
0.25,1986,16,16,16,16,0.7331418743209498,0
0.25,1987,16,16,16,16,0.3216727492119562,0
0.25,1989,16,20,20,20,0.3990760514786874,0
0.25,1994,16,25,16,16,0.167742464077142,1
0.25,2005,16,27,25,25,0.06737060548731222,1
0.25,2007,16,16,15,16,0.33074128500658573,0
0.25,2009,16,16,44,44,0.22024658641308614,1
0.25,2011,16,16,16,16,1.1722576292541582,0
0.25,2012,16,25,43,43,0.01675096910906204,1
0.25,2013,16,16,16,16,0.4034400117740763,0
0.25,2017,16,16,16,16,0.43661510890180744,0
0.25,2024,16,16,16,16,0.10296351288455063,1
0.25,2027,16,5,16,16,0.12463625904656628,1
0.25,2029,16,16,16,16,0.0785272691174137,1
0.25,2031,16,46,46,46,0.20123023862631662,1
0.25,2033,16,16,16,16,1.143475873805327,0
0.25,2036,16,16,16,16,0.3698212337044168,0
0.25,2040,17,8,8,8,0.3214078914691839,0
0.25,2045,17,17,17,17,0.8456325677676244,0
0.25,2047,17,38,38,38,0.02535991306183849,1
0.25,2048,17,44,20,20,0.21688990200299307,1
0.25,2052,17,22,22,22,0.802400491426273,0
0.25,2053,17,17,17,17,0.37881906037735413,0
0.25,2054,17,29,29,29,0.20492606386590628,1
0.25,2064,17,17,17,17,0.8294991151089341,0
0.25,2065,17,17,17,17,0.6428852793442573,0
0.25,2068,17,0,0,0,0.5161063713589524,0
0.25,2069,17,42,42,42,1.0345151627808122,0
0.25,2072,17,17,17,17,0.6571600775213531,0
0.25,2077,17,17,17,17,0.11200903584675659,1
0.25,2078,17,17,17,17,0.8782997745681325,0
0.25,2080,17,44,17,17,0.12478903619625559,1
0.25,2082,17,8,17,8,0.44550971712450305,0
0.25,2083,17,17,17,17,1.0753417711787894,0
0.25,2092,17,17,31,17,0.8190813961738439,0
0.25,2093,17,17,17,17,1.0352590559095995,0
0.25,2097,17,28,28,28,0.016615475692516424,1
0.25,2101,17,17,17,17,0.6305627154277472,0
0.25,2102,17,17,17,17,0.9072982461760334,0
0.25,2105,17,17,17,17,1.265907183962765,0
0.25,2106,17,35,17,17,0.22226798047571505,1
0.25,2107,17,17,17,17,1.3458718860250927,0
0.25,2109,17,17,17,17,0.6424444674191612,0
0.25,2114,17,17,17,17,0.15364429027209947,1
0.25,2125,17,17,17,17,0.12208524746103122,1
0.25,2127,17,17,17,17,0.7034453440759854,0
0.25,2129,17,17,17,17,1.19861298135075,0
0.25,2131,17,45,45,45,0.07747418796651095,1
0.25,2132,17,17,17,17,0.4711189674143932,0
0.25,2133,17,17,17,17,0.44968189924057556,0
0.25,2137,17,17,17,17,0.8860283131973141,0
0.25,2144,17,17,17,17,0.683315536391457,0
0.25,2147,17,35,17,17,0.1886267638266098,1
0.25,2149,17,17,17,17,0.8567330159766975,0
0.25,2151,17,17,17,17,0.9974335605516849,0
0.25,2153,17,17,17,17,0.8092444297715276,0
0.25,2156,17,17,17,17,0.9626423586138926,0
0.25,2160,18,18,18,18,1.787591483291553,0
0.25,2165,18,18,18,18,0.7365008718064955,0
0.25,2167,18,18,18,18,1.5465539573840306,0
0.25,2168,18,18,18,18,0.11528554338404629,1
0.25,2172,18,18,18,18,1.8418362311602952,0
0.25,2173,18,15,19,15,0.6796224759179427,0
0.25,2174,18,30,44,30,0.2894920641817421,0
0.25,2184,18,18,18,18,1.087862464973841,0
0.25,2185,18,18,18,18,0.4051161936027996,0
0.25,2188,18,18,18,18,1.275353844501336,0
0.25,2189,18,18,18,18,0.7974593770335074,0
0.25,2192,18,18,18,18,0.8968627199921501,0
0.25,2197,18,44,18,44,0.3332149171947929,0
0.25,2198,18,27,27,27,1.062018000344326,0
0.25,2200,18,30,43,30,0.7999100575542413,0
0.25,2202,18,18,18,18,1.5645564670558603,0
0.25,2203,18,18,18,18,1.8344564371707541,0
0.25,2212,18,18,18,18,1.6637126672788458,0
0.25,2213,18,18,18,18,2.0504661983861983,0
0.25,2217,18,18,18,18,0.3554832711388164,0
0.25,2221,18,18,18,18,0.9265636628156317,0
0.25,2222,18,18,18,18,0.9058145336549764,0
0.25,2225,18,18,18,18,1.278997159407685,0
0.25,2226,18,18,18,18,1.8244828534526636,0
0.25,2227,18,18,18,18,2.006622063926268,0
0.25,2229,18,18,18,18,2.078756692190832,0
0.25,2234,18,18,18,18,1.5733752293890344,0
0.25,2245,18,18,18,18,1.0722472731485733,0
0.25,2247,18,18,18,18,1.2052620513492796,0
0.25,2249,18,18,18,18,2.0597020194064544,0
0.25,2251,18,18,18,18,1.5154031020354033,0
0.25,2252,18,18,18,18,1.1474013378616263,0
0.25,2253,18,18,18,18,1.8525470038193181,0
0.25,2257,18,18,18,18,1.588547136824985,0
0.25,2264,18,18,18,18,1.6505382593168698,0
0.25,2267,18,18,18,18,1.8303770087867242,0
0.25,2269,18,18,18,18,1.0239515958589065,0
0.25,2271,18,25,27,25,0.5090946549438671,0
0.25,2273,18,18,18,18,1.8280634956097943,0
0.25,2276,18,18,18,18,1.852071634428273,0
0.25,2280,19,19,19,19,1.2479389557646863,0
0.25,2285,19,19,19,19,0.5117665732978033,0
0.25,2287,19,19,19,19,1.218126128313628,0
0.25,2288,19,19,19,19,0.6506568223345045,0
0.25,2292,19,21,19,19,0.17399705643886465,1
0.25,2293,19,19,19,19,1.9558723432262812,0
0.25,2294,19,43,19,43,0.6643345894456585,0
0.25,2304,19,46,19,46,0.2886607782682562,0
0.25,2305,19,19,19,19,0.9934291194388961,0
0.25,2308,19,19,19,19,0.7101133502775796,0
0.25,2309,19,19,19,19,0.4258125151121276,0
0.25,2312,19,19,19,19,1.4990224456178645,0
0.25,2317,19,19,19,19,1.4321217931726997,0
0.25,2318,19,19,19,19,1.3402593781217629,0
0.25,2320,19,19,19,19,0.717813678879921,0
0.25,2322,19,19,19,19,1.515346287959047,0
0.25,2323,19,19,19,19,0.6751731214618124,0
0.25,2332,19,19,19,19,1.7407999984760023,0
0.25,2333,19,19,19,19,0.6579800441753599,0
0.25,2337,19,19,19,19,0.020158484257884135,1
0.25,2341,19,19,19,19,1.2979502735170474,0
0.25,2342,19,19,19,19,0.007313313812749245,1
0.25,2345,19,46,19,19,0.011049966982270343,1
0.25,2346,19,19,19,19,1.4015820542987079,0
0.25,2347,19,19,19,19,1.2831988841684412,0
0.25,2349,19,19,19,19,1.0300668009145835,0
0.25,2354,19,19,19,19,1.284109251675363,0
0.25,2365,19,19,19,19,1.3487178724156654,0
0.25,2367,19,19,19,19,0.4288925624933493,0
0.25,2369,19,19,19,19,0.18122905686273372,1
0.25,2371,19,35,35,35,0.4543768387083712,0
0.25,2372,19,19,19,19,2.241418969180512,0
0.25,2373,19,19,19,19,1.0386163186756192,0
0.25,2377,19,19,19,19,1.5494504996360683,0
0.25,2384,19,19,19,19,1.1743723493116325,0
0.25,2387,19,19,8,8,0.16984458325788443,1
0.25,2389,19,21,6,21,0.34371288448182313,0
0.25,2391,19,19,19,19,1.2847345594646797,0
0.25,2393,19,19,19,19,1.0227075981299367,0
0.25,2396,19,19,19,19,1.2214129945530798,0
0.25,2400,20,20,20,20,0.0828144844359231,1
0.25,2405,20,20,20,20,0.9425347827131905,0
0.25,2407,20,20,20,20,1.4990639157067946,0
0.25,2408,20,20,20,20,1.691832906425421,0
0.25,2412,20,20,21,21,0.13674134846951402,1
0.25,2413,20,44,2,2,0.048786742781171566,1
0.25,2414,20,20,20,20,1.4659979713236444,0
0.25,2424,20,20,20,20,0.5934116030284953,0
0.25,2425,20,20,20,20,1.4044336931544361,0
0.25,2428,20,20,20,20,0.8927783674403775,0
0.25,2429,20,20,20,20,1.6848212838997145,0
0.25,2432,20,44,20,20,0.08221587396381413,1
0.25,2437,20,20,20,20,0.1210697651778323,1
0.25,2438,20,20,20,20,1.1914471971799845,0
0.25,2440,20,20,20,20,0.5031682096473723,0
0.25,2442,20,20,20,20,0.1553196385458263,1
0.25,2443,20,20,20,20,1.4610852592266703,0
0.25,2452,20,20,20,20,1.7687517924615919,0
0.25,2453,20,20,20,20,0.49066624889314114,0
0.25,2457,20,20,20,20,2.0000125976505325,0
0.25,2461,20,20,20,20,2.075383509053757,0
0.25,2462,20,20,20,20,1.6184644347995816,0
0.25,2465,20,20,20,20,1.0174208940383425,0
0.25,2466,20,20,20,20,0.8367710045963077,0
0.25,2467,20,20,20,20,1.2636554672766453,0
0.25,2469,20,20,20,20,0.9234879274494145,0
0.25,2474,20,20,20,20,1.8663105836743508,0
0.25,2485,20,8,20,8,0.37804105670377175,0
0.25,2487,20,20,20,20,0.22272953845568444,1
0.25,2489,20,20,20,20,2.1431477098304725,0
0.25,2491,20,20,20,20,1.5018594060524948,0
0.25,2492,20,20,20,20,1.045414580184362,0
0.25,2493,20,20,20,20,1.8440352103687365,0
0.25,2497,20,20,20,20,0.2025237155837607,1
0.25,2504,20,20,20,20,0.547172069494398,0
0.25,2507,20,20,20,20,1.1480302996705993,0
0.25,2509,20,20,20,20,1.9276452699675648,0
0.25,2511,20,20,20,20,0.3482206049011096,0
0.25,2513,20,20,20,20,1.8136538771512525,0
0.25,2516,20,20,20,20,1.4911901894595796,0
0.25,2520,21,21,21,21,0.38331611722783954,0
0.25,2525,21,21,21,21,0.22514224851917797,1
0.25,2527,21,21,21,21,1.477212199261271,0
0.25,2528,21,21,21,21,1.6156812690678826,0
0.25,2532,21,21,21,21,1.7586992931836478,0
0.25,2533,21,21,21,21,2.3184646220981775,0
0.25,2534,21,21,21,21,1.8579174862196388,0
0.25,2544,21,21,21,21,1.1770124571113043,0
0.25,2545,21,21,21,21,2.1471262171866043,0
0.25,2548,21,21,21,21,1.2974013861643725,0
0.25,2549,21,21,21,21,0.7474244071157451,0
0.25,2552,21,21,21,21,1.4576798817548686,0
0.25,2557,21,21,21,21,1.323608953140449,0
0.25,2558,21,21,21,21,1.231851106492612,0
0.25,2560,21,21,21,21,0.35003232861730416,0
0.25,2562,21,21,21,21,0.9145591708534537,0
0.25,2563,21,21,21,21,1.3521524489011936,0
0.25,2572,21,21,21,21,0.5549625064063768,0
0.25,2573,21,21,21,21,1.2690942015471043,0
0.25,2577,21,21,20,21,0.4725922779853683,0
0.25,2581,21,21,21,21,0.8491214306912516,0
0.25,2582,21,21,21,21,0.8310165916764969,0
0.25,2585,21,21,21,21,1.9305457510687674,0
0.25,2586,21,21,21,21,0.9168487350720235,0
0.25,2587,21,21,21,21,0.7446457917780562,0
0.25,2589,21,21,21,21,1.2428096247271614,0
0.25,2594,21,21,21,21,2.1990862479351656,0
0.25,2605,21,21,21,21,0.9030864497385833,0
0.25,2607,21,21,21,21,0.4920362411895193,0
0.25,2609,21,15,15,15,0.05000152642855782,1
0.25,2611,21,10,10,10,0.3486056448374598,0
0.25,2612,21,21,21,21,2.0418918261208194,0
0.25,2613,21,21,21,21,1.6159956945738867,0
0.25,2617,21,21,21,21,1.416229296244204,0
0.25,2624,21,21,21,21,0.47602848451925084,0
0.25,2627,21,21,21,21,2.333446883571768,0
0.25,2629,21,21,21,21,1.2288209403304906,0
0.25,2631,21,21,21,21,0.8527640139397843,0
0.25,2633,21,21,21,21,0.14700540220224334,1
0.25,2636,21,21,21,21,2.338631983703645,0
0.25,2640,22,22,22,22,0.31821511678280046,0
0.25,2645,22,0,22,22,0.09973857597555646,1
0.25,2647,22,0,0,0,0.31487383774042743,0
0.25,2648,22,22,22,22,0.32432829628558135,0
0.25,2652,22,22,22,22,0.6153656930000729,0
0.25,2653,22,22,22,22,0.18153441912588142,1
0.25,2654,22,22,0,22,0.6079193236579301,0
0.25,2664,22,17,45,45,0.21030155106727455,1
0.25,2665,22,22,45,45,0.03229992503666668,1
0.25,2668,22,29,29,29,1.1126787672290408,0
0.25,2669,22,0,0,0,0.4477341084569645,0
0.25,2672,22,22,22,22,1.5080154705190558,0
0.25,2677,22,22,22,22,1.1175852599539395,0
0.25,2678,22,22,22,22,1.2285580772077451,0
0.25,2680,22,22,22,22,0.7188822766407249,0
0.25,2682,22,17,17,17,0.7254872689568902,0
0.25,2683,22,22,22,22,1.6137094474205025,0
0.25,2692,22,22,22,22,0.5545559845424434,0
0.25,2693,22,22,22,22,1.1157338257707068,0
0.25,2697,22,22,22,22,0.36150698519070523,0
0.25,2701,22,22,22,22,0.38820580168836405,0
0.25,2702,22,22,22,22,0.08116159518961519,1
0.25,2705,22,22,22,22,1.7223537338545496,0
0.25,2706,22,0,0,0,0.2610757324237929,0
0.25,2707,22,22,22,22,1.6928136943890033,0
0.25,2709,22,22,22,22,0.8278922950135978,0
0.25,2714,22,22,22,22,1.8796668989556942,0
0.25,2725,22,22,17,22,0.5517408437965908,0
0.25,2727,22,39,39,39,1.6370759247010875,0
0.25,2729,22,22,22,22,0.16404786192078968,1
0.25,2731,22,22,22,22,0.7412721153846614,0
0.25,2732,22,17,22,22,0.10507453795730881,1
0.25,2733,22,22,22,22,1.120015560759295,0
0.25,2737,22,22,22,22,0.3858882980326259,0
0.25,2744,22,22,0,22,0.3034541929264062,0
0.25,2747,22,15,22,22,0.1591681982632206,1
0.25,2749,22,22,22,22,1.2230517800350793,0
0.25,2751,22,0,22,22,0.006847809021490958,1
0.25,2753,22,0,22,0,0.270336547275541,0
0.25,2756,22,20,20,20,0.2475494944408818,1
0.25,2760,23,21,23,23,0.18235720923421828,1
0.25,2765,23,28,23,28,0.32116774528242764,0
0.25,2767,23,28,23,23,0.14699979299454813,1
0.25,2768,23,28,12,12,0.13326800900477265,1
0.25,2772,23,37,37,37,0.8106130281259265,0
0.25,2773,23,37,37,37,0.313793846886123,0
0.25,2774,23,28,23,23,0.10791092659904855,1
0.25,2784,23,23,23,23,0.8793283317532167,0
0.25,2785,23,23,23,23,0.31000585181503015,0
0.25,2788,23,1,23,23,0.23174579477403823,1
0.25,2789,23,23,23,23,0.9676433852616231,0
0.25,2792,23,23,23,23,1.1104959163350614,0
0.25,2797,23,23,23,23,0.996083929858339,0
0.25,2798,23,37,37,37,0.8771462019089673,0
0.25,2800,23,23,23,23,1.3656867672600135,0
0.25,2802,23,23,23,23,1.5502575422254885,0
0.25,2803,23,23,23,23,0.9712238373568945,0
0.25,2812,23,24,23,23,0.16118670442946514,1
0.25,2813,23,23,23,23,1.4060200534258147,0
0.25,2817,23,23,23,23,0.5762053211257925,0
0.25,2821,23,23,23,23,2.05805920636947,0
0.25,2822,23,23,23,23,0.6315276418765028,0
0.25,2825,23,15,23,23,0.07603162854518586,1
0.25,2826,23,23,23,23,0.43195650623874027,0
0.25,2827,23,23,23,23,0.9825692206374184,0
0.25,2829,23,28,28,28,0.6537862981252771,0
0.25,2834,23,23,23,23,0.9668728752860709,0
0.25,2845,23,23,23,23,1.4185179474755765,0
0.25,2847,23,23,23,23,0.7891005621168634,0
0.25,2849,23,23,37,37,0.09705284289612859,1
0.25,2851,23,23,23,23,1.3937355726812002,0
0.25,2852,23,23,1,1,0.07727802388854754,1
0.25,2853,23,23,23,23,0.20119762377226602,1
0.25,2857,23,23,23,23,1.3210613964623212,0
0.25,2864,23,23,23,23,1.0329767270741632,0
0.25,2867,23,23,23,23,0.6463646802985625,0
0.25,2869,23,38,23,23,0.193388410804193,1
0.25,2871,23,23,23,23,0.4665877288661907,0
0.25,2873,23,45,23,23,0.09063193110812506,1
0.25,2876,23,23,23,23,0.6284534144463155,0
0.25,2880,24,24,24,24,1.0724562719322641,0
0.25,2885,24,24,24,24,0.4189487200773915,0
0.25,2887,24,24,24,24,0.030239970680606687,1
0.25,2888,24,24,24,24,0.6113054175595587,0
0.25,2892,24,31,31,31,0.7221738540728542,0
0.25,2893,24,24,24,24,0.9812497914887341,0
0.25,2894,24,24,24,24,1.7718178433528462,0
0.25,2904,24,44,5,5,0.10735624924441534,1
0.25,2905,24,24,24,24,0.6096401033709986,0
0.25,2908,24,11,11,11,1.1249391319457211,0
0.25,2909,24,24,24,24,0.8702749743359075,0
0.25,2912,24,24,24,24,0.5350543170240681,0
0.25,2917,24,14,14,14,1.3313856608087211,0
0.25,2918,24,24,24,24,1.00786008627362,0
0.25,2920,24,24,24,24,1.3524879767727662,0
0.25,2922,24,24,24,24,0.48102186737849284,0
0.25,2923,24,24,24,24,1.0504203958771663,0
0.25,2932,24,29,11,11,0.1519589625238117,1
0.25,2933,24,24,24,24,0.8598876156489123,0
0.25,2937,24,24,24,24,0.21269236778807799,1
0.25,2941,24,4,20,20,0.24039080995726259,1
0.25,2942,24,24,24,24,0.3789757981894345,0
0.25,2945,24,24,24,24,1.539188421374019,0
0.25,2946,24,24,24,24,1.5481221375286558,0
0.25,2947,24,24,24,24,0.8528668145870308,0
0.25,2949,24,24,24,24,1.9620484476919484,0
0.25,2954,24,23,37,37,0.046590836353400444,1
0.25,2965,24,24,24,24,0.9004373398420005,0
0.25,2967,24,24,24,24,1.0991325630928477,0
0.25,2969,24,24,24,24,1.0636513223066686,0
0.25,2971,24,24,24,24,0.965630455121537,0
0.25,2972,24,24,24,24,0.2396553995828853,1
0.25,2973,24,24,24,24,1.148688413869091,0
0.25,2977,24,24,24,24,0.896752568642808,0
0.25,2984,24,24,24,24,0.17885902100288276,1
0.25,2987,24,24,24,24,0.4541563802014925,0
0.25,2989,24,11,11,11,0.21275599264677403,1
0.25,2991,24,4,12,12,0.024765225242337485,1
0.25,2993,24,24,24,24,0.7387219148736014,0
0.25,2996,24,24,24,24,0.538363017542321,0
0.25,3000,25,25,25,25,1.7526149356714678,0
0.25,3005,25,16,16,16,0.19813709531828638,1
0.25,3007,25,25,25,25,1.0153036958786301,0
0.25,3008,25,19,25,25,0.02363193128485852,1
0.25,3012,25,18,25,18,1.060673643775238,0
0.25,3013,25,16,16,16,0.7251733989375079,0
0.25,3014,25,16,16,16,0.30137939016600546,0
0.25,3024,25,25,25,25,0.11799863293280155,1
0.25,3025,25,27,27,27,0.5168250702142978,0
0.25,3028,25,25,25,25,0.527449262463789,0
0.25,3029,25,16,16,16,0.13071421786458226,1
0.25,3032,25,16,25,25,0.07139108174247044,1
0.25,3037,25,25,25,25,0.916523308904014,0
0.25,3038,25,18,25,18,0.8354744346745038,0
0.25,3040,25,16,16,16,0.29854222344394,0
0.25,3042,25,25,25,25,2.080530743737647,0
0.25,3043,25,44,25,25,0.04010106815598302,1
0.25,3052,25,18,18,18,0.40939815532912505,0
0.25,3053,25,25,25,25,0.7494295762898073,0
0.25,3057,25,25,25,25,0.5143688392139433,0
0.25,3061,25,16,25,16,0.33051183036700205,0
0.25,3062,25,25,25,25,1.3626513765708905,0
0.25,3065,25,25,25,25,0.17436384865372545,1
0.25,3066,25,25,25,25,1.80749513873296,0
0.25,3067,25,25,25,25,1.6707439767080385,0
0.25,3069,25,25,25,25,0.05646745978010825,1
0.25,3074,25,25,25,25,1.2600591410182913,0
0.25,3085,25,25,25,25,0.4683858839206161,0
0.25,3087,25,25,25,25,1.3214079228212308,0
0.25,3089,25,25,25,25,1.9659201377480084,0
0.25,3091,25,25,25,25,0.008743366075545933,1
0.25,3092,25,25,25,25,1.7997036468831544,0
0.25,3093,25,25,25,25,0.06258235559096614,1
0.25,3097,25,18,18,18,0.8631931203868302,0
0.25,3104,25,25,25,25,0.3177784611589485,0
0.25,3107,25,25,25,25,0.7493466439473482,0
0.25,3109,25,25,25,25,1.805913863532815,0
0.25,3111,25,25,25,25,1.7036004944595848,0
0.25,3113,25,25,25,25,1.3478077311639385,0
0.25,3116,25,25,25,25,0.6818901415222813,0
0.25,3120,26,26,26,26,1.4115036158485355,0
0.25,3125,26,26,26,26,0.3355426144081972,0
0.25,3127,26,26,26,26,0.08121159816691459,1
0.25,3128,26,26,26,26,0.660313305186244,0
0.25,3132,26,26,26,26,1.8437473423437,0
0.25,3133,26,26,26,26,1.2212780222125088,0
0.25,3134,26,26,26,26,2.5618716556443406,0
0.25,3144,26,26,26,26,1.377176197858924,0
0.25,3145,26,26,26,26,0.6042071446326167,0
0.25,3148,26,26,26,26,0.17818998026673816,1
0.25,3149,26,26,26,26,2.2374480237923935,0
0.25,3152,26,26,26,26,2.0397047914344055,0
0.25,3157,26,26,26,26,0.816006452941255,0
0.25,3158,26,26,26,26,2.286630781466906,0
0.25,3160,26,26,26,26,1.975718360642075,0
0.25,3162,26,26,26,26,1.069073961523522,0
0.25,3163,26,26,26,26,1.2881879774661218,0
0.25,3172,26,26,26,26,1.2805082051617895,0
0.25,3173,26,26,26,26,1.3367598979106454,0
0.25,3177,26,26,26,26,1.944395316890179,0
0.25,3181,26,26,26,26,1.8940027759378875,0
0.25,3182,26,26,26,26,1.527702268182797,0
0.25,3185,26,26,26,26,1.3624765016048603,0
0.25,3186,26,26,26,26,1.0222799756829088,0
0.25,3187,26,26,26,26,1.2187548039704206,0
0.25,3189,26,19,21,21,0.088296080679514,1
0.25,3194,26,26,26,26,1.5064777667131535,0
0.25,3205,26,26,26,26,0.6509222856352892,0
0.25,3207,26,26,26,26,1.1045599056715756,0
0.25,3209,26,19,26,26,0.02941664307823899,1
0.25,3211,26,26,26,26,1.4890676253598332,0
0.25,3212,26,26,26,26,1.8508007809125593,0
0.25,3213,26,26,26,26,1.3727882758838121,0
0.25,3217,26,26,26,26,1.7259289202866572,0
0.25,3224,26,41,41,41,0.2060888789996569,1
0.25,3227,26,26,26,26,2.2503933768604725,0
0.25,3229,26,26,26,26,0.18162280744733272,1
0.25,3231,26,26,26,26,1.6546830077521142,0
0.25,3233,26,26,26,26,2.2940065342961886,0
0.25,3236,26,26,26,26,2.119754690678312,0
0.25,3240,27,27,27,27,0.9706571017497468,0
0.25,3245,27,27,27,27,1.0116123995564241,0
0.25,3247,27,27,27,27,0.6087597029649776,0
0.25,3248,27,27,27,27,0.7022736865388186,0
0.25,3252,27,27,27,27,1.5776505733611443,0
0.25,3253,27,16,40,40,0.0009430083799654709,1
0.25,3254,27,27,27,27,0.6543309155811718,0
0.25,3264,27,27,27,27,0.3315440570057363,0
0.25,3265,27,27,27,27,0.26220652216788365,0
0.25,3268,27,27,27,27,0.4595192888645502,0
0.25,3269,27,27,27,27,0.25964700352076986,0
0.25,3272,27,27,27,27,0.05035331123611975,1
0.25,3277,27,30,27,27,0.1476711315557706,1
0.25,3278,27,27,27,27,0.9243541406046489,0
0.25,3280,27,27,27,27,0.6294867776209262,0
0.25,3282,27,16,27,27,0.1967107105814555,1
0.25,3283,27,27,27,27,1.387983591084152,0
0.25,3292,27,27,27,27,1.386491186212081,0
0.25,3293,27,27,27,27,0.8626788499061596,0
0.25,3297,27,27,27,27,0.026208017277508322,1
0.25,3301,27,40,40,40,0.2936699176354157,0
0.25,3302,27,30,43,30,0.46132949638512766,0
0.25,3305,27,44,44,44,0.11402401006135798,1
0.25,3306,27,27,27,27,1.0034920633904423,0
0.25,3307,27,27,27,27,0.5299974046813889,0
0.25,3309,27,40,2,2,0.238424146786969,1
0.25,3314,27,27,27,27,0.1687593174264702,1
0.25,3325,27,27,27,27,0.2619360790044023,0
0.25,3327,27,10,10,10,0.10275116955385177,1
0.25,3329,27,27,27,27,1.0317070731289504,0
0.25,3331,27,40,30,30,0.005996135251993495,1
0.25,3332,27,27,27,27,0.20927731577536546,1
0.25,3333,27,30,27,27,0.0780966062633337,1
0.25,3337,27,40,40,40,0.3149554957585623,0
0.25,3344,27,27,12,12,0.016457125176080445,1
0.25,3347,27,21,27,21,0.4155883395806579,0
0.25,3349,27,27,27,27,0.6090465172405832,0
0.25,3351,27,27,27,27,0.2463089615736085,1
0.25,3353,27,27,27,27,1.669093278625591,0
0.25,3356,27,30,30,30,0.3093385247436018,0
0.25,3360,28,31,4,4,0.12349806439199984,1
0.25,3365,28,28,28,28,0.823924828509847,0
0.25,3367,28,28,28,28,0.25658260014496215,1
0.25,3368,28,3,32,3,0.5970468242465525,0
0.25,3372,28,28,28,28,0.3334176955186078,0
0.25,3373,28,32,4,4,0.19291633152959164,1
0.25,3374,28,28,28,28,0.29366341214595126,0
0.25,3384,28,28,28,28,0.3547382199314514,0
0.25,3385,28,32,35,35,0.08610687674397643,1
0.25,3388,28,28,28,28,0.4081571031377693,0
0.25,3389,28,4,4,4,0.28194304530378966,0
0.25,3392,28,37,37,37,0.4923003942781934,0
0.25,3397,28,12,28,12,0.2747958317983451,0
0.25,3398,28,32,28,28,0.013521108366482903,1
0.25,3400,28,28,28,28,0.24370845437276445,1
0.25,3402,28,1,34,1,0.3091164076527404,0
0.25,3403,28,20,39,20,0.6335664556702466,0
0.25,3412,28,28,28,28,0.5277445255372153,0
0.25,3413,28,28,28,28,0.5774583558742759,0
0.25,3417,28,28,28,28,0.10713863508816313,1
0.25,3421,28,32,32,32,0.28916527229644295,0
0.25,3422,28,31,28,28,0.18061975331458435,1
0.25,3425,28,28,28,28,1.1052028301414252,0
0.25,3426,28,28,28,28,0.8181896557871084,0
0.25,3427,28,31,31,31,0.034080867009509186,1
0.25,3429,28,28,28,28,0.991533917971289,0
0.25,3434,28,28,31,31,0.021052359413471833,1
0.25,3445,28,38,38,38,0.2571067009543866,1
0.25,3447,28,28,28,28,1.019324504872937,0
0.25,3449,28,28,28,28,0.539975692071807,0
0.25,3451,28,4,4,4,0.1511324541452792,1
0.25,3452,28,32,4,4,0.1266147026081006,1
0.25,3453,28,28,28,28,0.28619683315281697,0
0.25,3457,28,28,28,28,0.06593447686433473,1
0.25,3464,28,32,32,32,0.6875472026726507,0
0.25,3467,28,13,13,13,0.5054593217715334,0
0.25,3469,28,36,4,4,0.18684769917247113,1
0.25,3471,28,40,27,27,0.20781793950590344,1
0.25,3473,28,28,28,28,0.5101006872757956,0
0.25,3476,28,28,28,28,0.5193147663359936,0
0.25,3480,29,18,29,29,0.20554466151135498,1
0.25,3485,29,38,29,29,0.08041304967444707,1
0.25,3487,29,38,38,38,0.27832663205670183,0
0.25,3488,29,29,29,29,0.9504945179849603,0
0.25,3492,29,29,29,29,1.1575583254163724,0
0.25,3493,29,18,29,29,0.10433805559348608,1
0.25,3494,29,29,29,29,0.9538640338786408,0
0.25,3504,29,29,15,29,0.2932682272001872,0
0.25,3505,29,17,15,15,0.12366929015483041,1
0.25,3508,29,29,29,29,0.5078148829904419,0
0.25,3509,29,29,29,29,1.3291029498518427,0
0.25,3512,29,13,29,29,0.09663740877049487,1
0.25,3517,29,17,29,17,0.3490359193031025,0
0.25,3518,29,17,17,17,0.12130468713250586,1
0.25,3520,29,29,29,29,0.1513512484893048,1
0.25,3522,29,29,29,29,1.6772384098070954,0
0.25,3523,29,29,29,29,2.492518236548702,0
0.25,3532,29,29,29,29,1.0010419924634089,0
0.25,3533,29,14,29,29,0.21136707537185262,1
0.25,3537,29,29,29,29,0.8850579819310109,0
0.25,3541,29,2,29,29,0.03948176796338676,1
0.25,3542,29,29,29,29,0.40694563076689594,0
0.25,3545,29,29,29,29,0.818030371756674,0
0.25,3546,29,29,29,29,0.2460531490410841,1
0.25,3547,29,29,29,29,1.0512347281624241,0
0.25,3549,29,18,29,29,0.22739647828739207,1
0.25,3554,29,29,29,29,0.37818435124019156,0
0.25,3565,29,29,29,29,1.4674572971100561,0
0.25,3567,29,29,29,29,0.7888533526387671,0
0.25,3569,29,45,45,45,0.5843091275221537,0
0.25,3571,29,17,17,17,0.5844693437042657,0
0.25,3572,29,29,29,29,0.2505725317487104,1
0.25,3573,29,16,16,16,0.09111643457198859,1
0.25,3577,29,29,29,29,0.533988740782189,0
0.25,3584,29,29,29,29,0.3909357323299848,0
0.25,3587,29,29,29,29,0.6301997925362488,0
0.25,3589,29,17,17,17,0.8543720032576512,0
0.25,3591,29,29,29,29,0.8055226823996204,0
0.25,3593,29,35,29,35,0.4836034226104938,0
0.25,3596,29,29,29,29,0.9686699103947469,0
0.25,3600,30,30,30,30,1.1100071414872275,0
0.25,3605,30,30,30,30,0.8237287288751766,0
0.25,3607,30,30,30,30,1.5946593644800835,0
0.25,3608,30,30,30,30,0.0440750091931944,1
0.25,3612,30,27,27,27,0.38585989581972835,0
0.25,3613,30,30,30,30,0.3162355516264381,0
0.25,3614,30,30,30,30,1.1431456256548627,0
0.25,3624,30,30,30,30,1.18165104722614,0
0.25,3625,30,30,30,30,0.9655518006261449,0
0.25,3628,30,30,30,30,1.347583747195515,0
0.25,3629,30,10,10,10,0.5276077067380169,0
0.25,3632,30,10,30,30,0.11500751371398643,1
0.25,3637,30,30,30,30,1.0107937231800566,0
0.25,3638,30,27,27,27,0.44611157540544344,0
0.25,3640,30,30,30,30,1.1317927541094719,0
0.25,3642,30,29,10,10,0.14790246181111233,1
0.25,3643,30,30,10,10,0.1443085728479505,1
0.25,3652,30,10,30,30,0.21552932515967094,1
0.25,3653,30,30,10,10,0.17658408357418953,1
0.25,3657,30,30,30,30,0.05150971076424227,1
0.25,3661,30,30,30,30,1.0224396858371014,0
0.25,3662,30,33,40,33,0.2636144482622518,0
0.25,3665,30,30,30,30,0.005659597411748707,1
0.25,3666,30,30,30,30,0.24048698982041405,1
0.25,3667,30,30,10,30,0.8148992899671269,0
0.25,3669,30,30,10,10,0.16586114645436578,1
0.25,3674,30,30,30,30,0.5231902575025641,0
0.25,3685,30,30,30,30,0.3305371680369027,0
0.25,3687,30,30,30,30,0.8223912493594837,0
0.25,3689,30,30,30,30,0.8252142965228901,0
0.25,3691,30,10,10,10,0.12323881028546158,1
0.25,3692,30,10,30,30,0.08217822215269588,1
0.25,3693,30,10,10,10,0.138234983585793,1
0.25,3697,30,30,30,30,0.6701644792244444,0
0.25,3704,30,27,30,30,0.09731101103438722,1
0.25,3707,30,30,30,30,1.5534787663684007,0
0.25,3709,30,30,30,30,0.572477749099136,0
0.25,3711,30,10,10,10,0.36983854968284047,0
0.25,3713,30,10,10,10,0.5936839762079863,0
0.25,3716,30,30,30,30,1.225344547277804,0
0.25,3720,31,31,31,31,0.27691852922646887,0
0.25,3725,31,31,31,31,0.7211628099245173,0
0.25,3727,31,28,28,28,0.38006299718806413,0
0.25,3728,31,12,12,12,0.5090258050060271,0
0.25,3732,31,45,31,31,0.00823424187390065,1
0.25,3733,31,28,28,28,0.07945270514187852,1
0.25,3734,31,7,31,31,0.11562908143325079,1
0.25,3744,31,31,31,31,0.9886403186222951,0
0.25,3745,31,31,31,31,0.75146604636466,0
0.25,3748,31,32,31,31,0.055365140802470125,1
0.25,3749,31,31,31,31,0.31128822588424776,0
0.25,3752,31,23,28,28,0.12441553502601566,1
0.25,3757,31,31,31,31,0.5388977884771734,0
0.25,3758,31,32,32,32,0.09976044233341552,1
0.25,3760,31,28,28,28,0.43559096893038673,0
0.25,3762,31,31,31,31,0.8379726356545869,0
0.25,3763,31,28,28,28,0.6083234788940071,0
0.25,3772,31,28,4,4,0.13644110709383106,1
0.25,3773,31,12,12,12,0.5367136344209488,0
0.25,3777,31,31,31,31,0.09367995801898443,1
0.25,3781,31,31,31,31,0.892345777658196,0
0.25,3782,31,31,31,31,0.8870609841034931,0
0.25,3785,31,36,31,31,0.1375570600689423,1
0.25,3786,31,4,31,4,0.4070998777689513,0
0.25,3787,31,7,7,7,0.6107297052193434,0
0.25,3789,31,19,19,19,0.45703522610519476,0
0.25,3794,31,31,31,31,0.7252666159889065,0
0.25,3805,31,31,31,31,0.11564935282832223,1
0.25,3807,31,31,31,31,1.2068544585351044,0
0.25,3809,31,33,33,33,0.35068482542841695,0
0.25,3811,31,31,31,31,0.15099622219711817,1
0.25,3812,31,23,1,1,0.04981044639169563,1
0.25,3813,31,31,31,31,0.8070146847886775,0
0.25,3817,31,12,31,31,0.013271307874318294,1
0.25,3824,31,4,31,31,0.0033553546702399517,1
0.25,3827,31,28,28,28,0.30604624052410334,0
0.25,3829,31,31,12,12,0.012453396124449179,1
0.25,3831,31,28,31,31,0.1122303302154335,1
0.25,3833,31,31,31,31,0.3794972253927351,0
0.25,3836,31,31,31,31,0.6696166631115884,0
0.25,3840,32,32,32,32,1.1102439427487918,0
0.25,3845,32,38,32,38,0.5018480961372189,0
0.25,3847,32,32,32,32,0.5427200585072451,0
0.25,3848,32,32,32,32,0.28950382004605235,0
0.25,3852,32,32,32,32,0.6770249560788758,0
0.25,3853,32,32,32,32,1.6270995193061961,0
0.25,3854,32,32,32,32,1.0857058526079397,0
0.25,3864,32,38,32,32,0.22104685209284813,1
0.25,3865,32,32,32,32,1.6410394267983184,0
0.25,3868,32,32,32,32,0.9216141144385264,0
0.25,3869,32,32,32,32,1.3116005685730545,0
0.25,3872,32,32,32,32,1.5350545114166012,0
0.25,3877,32,32,32,32,1.0839430998682578,0
0.25,3878,32,32,32,32,2.3431256834481156,0
0.25,3880,32,32,32,32,1.139076894543988,0
0.25,3882,32,32,32,32,0.45352086677685466,0
0.25,3883,32,32,32,32,1.574309562447338,0
0.25,3892,32,32,32,32,0.5706371642735436,0
0.25,3893,32,32,32,32,2.0559147573884373,0
0.25,3897,32,32,32,32,0.6314099276160824,0
0.25,3901,32,7,7,7,0.9289412901932077,0
0.25,3902,32,32,32,32,0.9903633756409336,0
0.25,3905,32,32,32,32,1.6543340976498813,0
0.25,3906,32,32,32,32,1.8193201047765215,0
0.25,3907,32,32,32,32,2.0035963080981816,0
0.25,3909,32,32,32,32,1.0915620730918474,0
0.25,3914,32,32,32,32,0.7725135471351473,0
0.25,3925,32,32,32,32,1.2436997894809003,0
0.25,3927,32,32,32,32,0.8042749428763036,0
0.25,3929,32,7,32,32,0.168228010371269,1
0.25,3931,32,32,32,32,1.5612530500258845,0
0.25,3932,32,38,32,38,0.5393347209354197,0
0.25,3933,32,32,32,32,1.2317984287253276,0
0.25,3937,32,32,32,32,1.9764931273499182,0
0.25,3944,32,32,32,32,1.6714171968380611,0
0.25,3947,32,32,32,32,1.3960894718345693,0
0.25,3949,32,32,32,32,1.5779576184837794,0
0.25,3951,32,32,32,32,1.6618174695032157,0
0.25,3953,32,32,32,32,2.1338653767620572,0
0.25,3956,32,38,32,32,0.0805377544792314,1
0.25,3960,33,4,40,40,0.016778511593457557,1
0.25,3965,33,33,4,33,0.4178838496459958,0
0.25,3967,33,33,33,33,0.4615370850519416,0
0.25,3968,33,33,33,33,1.0463110637644184,0
0.25,3972,33,33,33,33,0.7431040153696785,0
0.25,3973,33,35,33,33,0.07408235448460843,1
0.25,3974,33,33,33,33,1.2735164325404909,0
0.25,3984,33,33,33,33,0.7694863127781316,0
0.25,3985,33,33,33,33,0.8159542189774107,0
0.25,3988,33,33,33,33,0.02854950009380186,1
0.25,3989,33,33,33,33,1.527440725631233,0
0.25,3992,33,33,33,33,0.7143613669712229,0
0.25,3997,33,21,33,33,0.016342817955489863,1
0.25,3998,33,33,33,33,1.8665356907067583,0
0.25,4000,33,33,33,33,1.889012129662809,0
0.25,4002,33,33,33,33,1.2671408888492963,0
0.25,4003,33,33,33,33,1.094313040724947,0
0.25,4012,33,33,33,33,2.021073340622548,0
0.25,4013,33,8,4,4,0.03243989920998003,1
0.25,4017,33,18,33,33,0.021943573973919772,1
0.25,4021,33,33,33,33,1.1318079743005829,0
0.25,4022,33,33,33,33,1.0122383418053684,0
0.25,4025,33,33,33,33,0.7449761316078231,0
0.25,4026,33,33,33,33,1.8802546546587349,0
0.25,4027,33,33,33,33,1.2570673725650878,0
0.25,4029,33,33,33,33,1.5631531735223199,0
0.25,4034,33,33,33,33,2.089082065723911,0
0.25,4045,33,26,29,29,0.003031608140016684,1
0.25,4047,33,33,33,33,1.1219406914017283,0
0.25,4049,33,33,33,33,0.31967267742778005,0
0.25,4051,33,33,33,33,1.7858440099265542,0
0.25,4052,33,33,33,33,1.7890454663675712,0
0.25,4053,33,33,33,33,0.9053426898367107,0
0.25,4057,33,18,18,18,0.04034021716636582,1
0.25,4064,33,33,33,33,0.648354359544492,0
0.25,4067,33,33,33,33,2.3928753197644004,0
0.25,4069,33,27,11,27,0.6628823794854588,0
0.25,4071,33,33,33,33,0.6247482688957511,0
0.25,4073,33,33,33,33,1.3658030699037935,0
0.25,4076,33,33,33,33,0.27188713970369804,0
0.25,4080,34,34,34,34,0.2800693799675201,0
0.25,4085,34,1,1,1,0.4840471761288021,0
0.25,4087,34,34,1,1,0.11228206336916302,1
0.25,4088,34,34,34,34,0.3699759925689192,0
0.25,4092,34,37,37,37,0.22288563230250313,1
0.25,4093,34,34,1,1,0.080233818531799,1
0.25,4094,34,34,34,34,0.9358200196948666,0
0.25,4104,34,34,34,34,0.08167425864795197,1
0.25,4105,34,37,37,37,0.48642302461616327,0
0.25,4108,34,34,34,34,0.17934455932189164,1
0.25,4109,34,1,28,1,0.472658890535254,0
0.25,4112,34,34,34,34,0.1245476306173614,1
0.25,4117,34,32,34,32,0.7719868913253413,0
0.25,4118,34,29,34,34,0.2208288929475537,1
0.25,4120,34,34,34,34,0.5445532262507147,0
0.25,4122,34,34,1,1,0.14497550050537256,1
0.25,4123,34,1,28,1,0.5494272922526193,0
0.25,4132,34,34,34,34,1.1853347816712656,0
0.25,4133,34,1,1,1,0.459461155497755,0
0.25,4137,34,23,37,37,0.12456630970801197,1
0.25,4141,34,11,34,34,0.013403088079260606,1
0.25,4142,34,34,34,34,0.4119750940072877,0
0.25,4145,34,38,34,34,0.23977371060027863,1
0.25,4146,34,34,34,34,1.5440841115311466,0
0.25,4147,34,34,34,34,1.8969112958546046,0
0.25,4149,34,1,1,1,0.10227312378164033,1
0.25,4154,34,34,34,34,0.46077557745311815,0
0.25,4165,34,34,34,34,1.1180584476683904,0
0.25,4167,34,15,15,15,0.054394083958634654,1
0.25,4169,34,8,34,34,0.1018647510576135,1
0.25,4171,34,34,34,34,1.6611030538727016,0
0.25,4172,34,37,37,37,0.05734430382652189,1
0.25,4173,34,13,13,13,0.03501430846155251,1
0.25,4177,34,37,34,34,0.03270542314248859,1
0.25,4184,34,34,34,34,1.6372379020041534,0
0.25,4187,34,34,34,34,0.5708516598747087,0
0.25,4189,34,34,34,34,0.8349284561490247,0
0.25,4191,34,34,34,34,1.0230433494807047,0
0.25,4193,34,34,34,34,0.7641397544434475,0
0.25,4196,34,37,34,34,0.20752209027695734,1
0.25,4200,35,25,35,25,0.4897431944155971,0
0.25,4205,35,35,35,35,0.21895986397916245,1
0.25,4207,35,35,35,35,1.037687589131283,0
0.25,4208,35,35,35,35,0.5115404873692895,0
0.25,4212,35,35,35,35,1.663083257713712,0
0.25,4213,35,35,35,35,0.4630073554498615,0
0.25,4214,35,35,35,35,1.3759953696592766,0
0.25,4224,35,33,33,33,0.852680654497377,0
0.25,4225,35,35,35,35,1.3554463000971635,0
0.25,4228,35,35,35,35,1.719571112997877,0
0.25,4229,35,35,35,35,1.5217373969254668,0
0.25,4232,35,41,35,35,0.0162373474366051,1
0.25,4237,35,35,35,35,1.6135657818859224,0
0.25,4238,35,35,35,35,0.41983497402629355,0
0.25,4240,35,35,35,35,1.5839425116640289,0
0.25,4242,35,19,19,19,0.4471041681689726,0
0.25,4243,35,35,35,35,1.6440320761563991,0
0.25,4252,35,35,35,35,1.7945439417227143,0
0.25,4253,35,35,35,35,0.061526612605893205,1
0.25,4257,35,35,35,35,1.1127043171263176,0
0.25,4261,35,35,35,35,1.5139530232498153,0
0.25,4262,35,34,35,35,0.2065680123285072,1
0.25,4265,35,35,41,41,0.1928176854300342,1
0.25,4266,35,35,35,35,1.2138053713894799,0
0.25,4267,35,24,35,35,0.007447932766307952,1
0.25,4269,35,17,35,35,0.003978026781467414,1
0.25,4274,35,35,35,35,1.897265665359744,0
0.25,4285,35,46,46,46,0.7634310437075701,0
0.25,4287,35,35,35,35,1.4025358145566678,0
0.25,4289,35,35,35,35,1.1899913231623191,0
0.25,4291,35,35,35,35,0.7912687713491429,0
0.25,4292,35,35,35,35,2.1543563449452483,0
0.25,4293,35,35,35,35,1.1837605980538934,0
0.25,4297,35,41,41,41,0.7417769400349887,0
0.25,4304,35,35,35,35,1.2549936576939462,0
0.25,4307,35,35,35,35,0.6409819293236075,0
0.25,4309,35,35,35,35,0.2831144735083734,0
0.25,4311,35,41,41,41,0.012849234895674355,1
0.25,4313,35,35,35,35,0.46021008012444553,0
0.25,4316,35,35,35,35,1.6352738260099617,0
0.25,4320,36,36,36,36,1.2472621668057426,0
0.25,4325,36,9,28,28,0.022426904313469165,1
0.25,4327,36,27,12,12,0.23603696805294117,1
0.25,4328,36,3,28,28,0.05390474607372209,1
0.25,4332,36,3,36,3,0.3571202538994164,0
0.25,4333,36,3,3,3,0.38888392454782506,0
0.25,4334,36,3,36,3,0.2754050650027192,0
0.25,4344,36,36,36,36,0.3074071536466645,0
0.25,4345,36,36,36,36,2.865248146008672,0
0.25,4348,36,36,36,36,0.9966381867274191,0
0.25,4349,36,36,36,36,0.7732003423335618,0
0.25,4352,36,36,37,37,0.012777237442024636,1
0.25,4357,36,36,36,36,0.2596979029870151,0
0.25,4358,36,36,36,36,2.2407893521210345,0
0.25,4360,36,36,36,36,2.0609981973861458,0
0.25,4362,36,36,36,36,2.704333879349917,0
0.25,4363,36,3,42,3,0.45221384227252304,0
0.25,4372,36,23,36,36,0.0255377477290043,1
0.25,4373,36,36,36,36,0.4730726878148104,0
0.25,4377,36,36,36,36,2.524932975056097,0
0.25,4381,36,36,36,36,1.0708001082393634,0
0.25,4382,36,36,36,36,0.7674328010816742,0
0.25,4385,36,10,10,10,0.7028691061812238,0
0.25,4386,36,36,1,36,0.3173446816967196,0
0.25,4387,36,44,12,12,0.2028849905353305,1
0.25,4389,36,36,36,36,0.5175546758962933,0
0.25,4394,36,36,36,36,0.22201382629134303,1
0.25,4405,36,3,4,3,0.32663382293071563,0
0.25,4407,36,36,36,36,0.3184086369547162,0
0.25,4409,36,36,36,36,0.9662976847247388,0
0.25,4411,36,9,36,36,0.1879914372275302,1
0.25,4412,36,13,14,14,0.08228972482225183,1
0.25,4413,36,14,14,14,0.29019239995878754,0
0.25,4417,36,36,36,36,0.434504773327711,0
0.25,4424,36,36,36,36,0.6272245210653982,0
0.25,4427,36,36,36,36,0.7981427490909709,0
0.25,4429,36,36,36,36,0.08125945497312315,1
0.25,4431,36,10,36,36,0.07624604328422668,1
0.25,4433,36,36,36,36,0.29839719258099806,0
0.25,4436,36,36,36,36,0.7829646178896158,0
0.25,4440,37,15,37,37,0.0770153557018809,1
0.25,4445,37,37,37,37,0.3067450949412025,0
0.25,4447,37,23,23,23,0.11161617974250393,1
0.25,4448,37,37,37,37,0.94439805273968,0
0.25,4452,37,37,37,37,0.8350083601356597,0
0.25,4453,37,31,1,1,0.025302720457866967,1
0.25,4454,37,37,37,37,0.2656147520071064,0
0.25,4464,37,37,23,23,0.08105518208425222,1
0.25,4465,37,16,7,7,0.07393677030526613,1
0.25,4468,37,7,34,34,0.06286785372750958,1
0.25,4469,37,37,37,37,0.02481085711736364,1
0.25,4472,37,12,31,12,0.2656345993002147,0
0.25,4477,37,37,37,37,0.4667709132309521,0
0.25,4478,37,37,37,37,0.611213553553712,0
0.25,4480,37,34,37,34,0.3343013106426167,0
0.25,4482,37,37,37,37,0.23029470595752866,1
0.25,4483,37,14,37,37,0.08798547362183862,1
0.25,4492,37,37,37,37,1.0942569283262755,0
0.25,4493,37,16,19,19,0.06716892731910362,1
0.25,4497,37,32,37,37,0.16117838707115917,1
0.25,4501,37,37,37,37,1.6151485493087785,0
0.25,4502,37,37,37,37,0.5681786811662517,0
0.25,4505,37,36,1,1,0.04871208419523043,1
0.25,4506,37,3,15,3,0.4349587606231162,0
0.25,4507,37,39,34,34,0.11690467950355599,1
0.25,4509,37,23,23,23,0.5181238850325233,0
0.25,4514,37,37,37,37,1.0281323409543206,0
0.25,4525,37,37,37,37,1.290228488405789,0
0.25,4527,37,37,37,37,1.34324631547744,0
0.25,4529,37,34,34,34,0.9738907713593062,0
0.25,4531,37,37,37,37,0.03183405967292596,1
0.25,4532,37,34,34,34,0.5150516485133949,0
0.25,4533,37,1,37,37,0.22763919484758333,1
0.25,4537,37,37,35,35,0.10764819980836082,1
0.25,4544,37,37,37,37,0.7212998513086725,0
0.25,4547,37,37,37,37,0.8209685767786946,0
0.25,4549,37,37,11,11,0.042834286320302284,1
0.25,4551,37,28,28,28,0.9955652332620668,0
0.25,4553,37,32,28,28,0.2510301539774549,1
0.25,4556,37,23,37,37,0.1250071790124535,1
0.25,4560,38,38,38,38,1.9868931774663898,0
0.25,4565,38,17,38,38,0.05261593201907622,1
0.25,4567,38,38,1,1,0.006315237404310725,1
0.25,4568,38,38,38,38,0.3201575544379124,0
0.25,4572,38,38,38,38,0.6661992392322326,0
0.25,4573,38,23,23,23,0.27647817155888477,0
0.25,4574,38,38,38,38,0.7062889470418962,0
0.25,4584,38,38,38,38,1.8897277616290626,0
0.25,4585,38,38,38,38,0.8127312823274927,0
0.25,4588,38,38,38,38,2.0508066010482136,0
0.25,4589,38,38,38,38,0.7144109658892972,0
0.25,4592,38,38,38,38,0.7573573923145356,0
0.25,4597,38,38,38,38,1.7589399282240286,0
0.25,4598,38,38,38,38,1.4973370074189276,0
0.25,4600,38,38,38,38,1.229482619622009,0
0.25,4602,38,38,38,38,0.6886294058655249,0
0.25,4603,38,38,38,38,0.813776140232009,0
0.25,4612,38,38,38,38,1.7006352413317236,0
0.25,4613,38,38,38,38,0.3491828807220656,0
0.25,4617,38,38,38,38,1.7818299688856079,0
0.25,4621,38,38,38,38,1.1345593675272885,0
0.25,4622,38,38,38,38,0.3133940725785682,0
0.25,4625,38,38,38,38,1.5953355945912593,0
0.25,4626,38,38,38,38,0.5993505356767137,0
0.25,4627,38,38,38,38,1.2281665723551254,0
0.25,4629,38,38,38,38,1.990621376893297,0
0.25,4634,38,24,38,38,0.11689150435428874,1
0.25,4645,38,38,38,38,0.9091360386217198,0
0.25,4647,38,38,38,38,0.8831741786625197,0
0.25,4649,38,38,38,38,1.0965884042057952,0
0.25,4651,38,7,38,7,0.2844390470745055,0
0.25,4652,38,23,17,17,0.031240315579113886,1
0.25,4653,38,39,38,38,0.19193841758437225,1
0.25,4657,38,38,38,38,1.0956346010312819,0
0.25,4664,38,38,38,38,1.804628840048677,0
0.25,4667,38,7,38,38,0.006370743518101962,1
0.25,4669,38,38,38,38,1.96037871967683,0
0.25,4671,38,38,38,38,1.2454577747885311,0
0.25,4673,38,32,23,23,0.04117441774598718,1
0.25,4676,38,38,38,38,0.4783123081009564,0
0.25,4680,39,35,35,35,0.6296113637858358,0
0.25,4685,39,39,39,39,1.7872426275171618,0
0.25,4687,39,39,39,39,2.2191512366709905,0
0.25,4688,39,39,39,39,2.3129948443118935,0
0.25,4692,39,39,39,39,2.2135912507437805,0
0.25,4693,39,39,0,0,0.2110117272362967,1
0.25,4694,39,39,39,39,0.32172223439683356,0
0.25,4704,39,39,39,39,2.0758458288477195,0
0.25,4705,39,39,39,39,2.0476727469241998,0
0.25,4708,39,39,39,39,2.368843010552655,0
0.25,4709,39,39,39,39,1.2143538821596063,0
0.25,4712,39,39,39,39,1.6302468728249901,0
0.25,4717,39,39,39,39,2.0498732826719674,0
0.25,4718,39,39,39,39,1.6505526498639729,0
0.25,4720,39,39,39,39,1.6682314024905516,0
0.25,4722,39,39,39,39,2.2569272192429346,0
0.25,4723,39,39,39,39,1.7422086529124434,0
0.25,4732,39,39,39,39,1.9712742187295338,0
0.25,4733,39,39,39,39,2.5869973381980667,0
0.25,4737,39,39,39,39,2.3829560984108626,0
0.25,4741,39,39,39,39,1.8530976548780016,0
0.25,4742,39,39,39,39,2.3953451254327307,0
0.25,4745,39,39,39,39,0.13562375335073995,1
0.25,4746,39,41,41,41,0.6683492390433838,0
0.25,4747,39,39,39,39,2.524897076019766,0
0.25,4749,39,39,39,39,1.4814223937685278,0
0.25,4754,39,39,39,39,2.092521383723064,0
0.25,4765,39,39,39,39,0.5493777685762229,0
0.25,4767,39,39,39,39,2.201994832121434,0
0.25,4769,39,39,39,39,1.1855051874574982,0
0.25,4771,39,39,39,39,2.08181374367299,0
0.25,4772,39,39,39,39,1.9919285077620397,0
0.25,4773,39,39,39,39,2.374246819701105,0
0.25,4777,39,39,39,39,2.460017245841597,0
0.25,4784,39,39,39,39,2.0988489735340403,0
0.25,4787,39,39,39,39,1.1274330974719615,0
0.25,4789,39,37,37,37,0.2919038398983046,0
0.25,4791,39,39,39,39,0.6493809499458222,0
0.25,4793,39,39,39,39,1.2975825960424046,0
0.25,4796,39,39,39,39,0.22755333302116298,1
0.25,4800,40,40,40,40,1.2091772553754878,0
0.25,4805,40,40,40,40,1.0618211502224546,0
0.25,4807,40,40,40,40,0.36470032110414075,0
0.25,4808,40,40,40,40,0.825194385945631,0
0.25,4812,40,40,40,40,0.909763149170203,0
0.25,4813,40,27,40,40,0.14368653429762945,1
0.25,4814,40,40,40,40,1.3381396413178368,0
0.25,4824,40,40,40,40,0.809347538879709,0
0.25,4825,40,40,40,40,0.4395930818838931,0
0.25,4828,40,40,40,40,1.3158894869731599,0
0.25,4829,40,40,40,40,0.8001585764622652,0
0.25,4832,40,40,40,40,1.4603826713208723,0
0.25,4837,40,46,46,46,0.9487651446415235,0
0.25,4838,40,17,17,17,0.561721424332068,0
0.25,4840,40,40,40,40,1.9815754291910088,0
0.25,4842,40,40,40,40,0.776100453233457,0
0.25,4843,40,40,40,40,0.8730187979939786,0
0.25,4852,40,40,40,40,1.7906086246066093,0
0.25,4853,40,40,40,40,1.6148988664661026,0
0.25,4857,40,40,40,40,1.816054162911778,0
0.25,4861,40,40,40,40,1.5262680828892565,0
0.25,4862,40,40,40,40,0.141324827529689,1
0.25,4865,40,40,40,40,0.4443867077360262,0
0.25,4866,40,40,40,40,0.48399928294909256,0
0.25,4867,40,40,40,40,1.0097757880817375,0
0.25,4869,40,40,40,40,0.20674314115397308,1
0.25,4874,40,40,40,40,2.3458807588036223,0
0.25,4885,40,40,40,40,0.13305664210940904,1
0.25,4887,40,40,40,40,0.7466518501600834,0
0.25,4889,40,40,40,40,0.7679028099781702,0
0.25,4891,40,40,40,40,1.104985005115992,0
0.25,4892,40,30,40,40,0.22382569356599102,1
0.25,4893,40,40,40,40,0.12892252800748571,1
0.25,4897,40,40,40,40,0.7144496911637365,0
0.25,4904,40,40,40,40,1.7012256361925013,0
0.25,4907,40,40,40,40,1.700607155466589,0
0.25,4909,40,40,40,40,0.9832669419889362,0
0.25,4911,40,40,40,40,0.06351828832823447,1
0.25,4913,40,40,40,40,0.6383086377783513,0
0.25,4916,40,40,40,40,0.5446345605061664,0
0.25,4920,41,41,41,41,1.8159157588990262,0
0.25,4925,41,33,4,33,0.3483002361431964,0
0.25,4927,41,41,41,41,0.8793880988894278,0
0.25,4928,41,35,41,41,0.004097527464016704,1
0.25,4932,41,41,41,41,0.50764066382212,0
0.25,4933,41,41,41,41,0.37883987372827355,0
0.25,4934,41,41,41,41,0.13096128308075106,1
0.25,4944,41,41,41,41,0.8396330997774477,0
0.25,4945,41,35,35,35,1.6711504720408676,0
0.25,4948,41,41,41,41,0.1615353940909825,1
0.25,4949,41,41,41,41,0.850504155420098,0
0.25,4952,41,28,41,41,0.06710032990075199,1
0.25,4957,41,41,41,41,0.82648859934928,0
0.25,4958,41,41,1,1,0.16290184993178702,1
0.25,4960,41,41,41,41,0.22529922636862842,1
0.25,4962,41,41,41,41,1.9220844661916907,0
0.25,4963,41,29,29,29,0.19484567827747123,1
0.25,4972,41,26,41,26,0.39976081003651687,0
0.25,4973,41,35,35,35,1.0265275039045267,0
0.25,4977,41,41,41,41,1.7805064164175812,0
0.25,4981,41,41,41,41,0.1352300720261954,1
0.25,4982,41,41,41,41,0.6196697452976396,0
0.25,4985,41,41,41,41,0.9770130664263348,0
0.25,4986,41,41,41,41,1.4459815705034518,0
0.25,4987,41,41,26,26,0.16496794329854625,1
0.25,4989,41,41,41,41,0.3055051798970443,0
0.25,4994,41,41,41,41,0.35117499962074294,0
0.25,5005,41,41,41,41,1.8410283460168644,0
0.25,5007,41,41,41,41,1.2802929707459252,0
0.25,5009,41,41,41,41,0.9851476459835645,0
0.25,5011,41,26,26,26,0.27604912275889704,0
0.25,5012,41,41,41,41,0.2650454432366578,0
0.25,5013,41,41,41,41,0.6166458821621948,0
0.25,5017,41,41,41,41,0.6804899036737067,0
0.25,5024,41,41,41,41,0.019344909174644265,1
0.25,5027,41,41,41,41,0.11946646705749797,1
0.25,5029,41,41,41,41,0.7344349309552506,0
0.25,5031,41,41,41,41,0.6058052063542989,0
0.25,5033,41,41,41,41,0.8697881575338766,0
0.25,5036,41,41,41,41,0.06948152727089285,1
0.25,5040,42,42,42,42,0.9228398291367403,0
0.25,5045,42,19,42,42,0.07986851770740988,1
0.25,5047,42,42,42,42,0.5344251277078848,0
0.25,5048,42,42,42,42,0.45889914820112143,0
0.25,5052,42,7,23,23,0.00208075306156541,1
0.25,5053,42,42,42,42,1.5820207626156835,0
0.25,5054,42,14,42,42,0.06189288142446281,1
0.25,5064,42,7,7,7,0.33724473496586405,0
0.25,5065,42,42,42,42,1.9839680992941195,0
0.25,5068,42,42,42,42,1.9057757756923164,0
0.25,5069,42,42,42,42,1.230547632579507,0
0.25,5072,42,42,42,42,0.5718626159886961,0
0.25,5077,42,39,42,39,0.30974827760937074,0
0.25,5078,42,42,42,42,1.1699773297962195,0
0.25,5080,42,42,42,42,1.1826930496709975,0
0.25,5082,42,42,42,42,1.4364610746457969,0
0.25,5083,42,38,23,23,0.1412125809640954,1
0.25,5092,42,42,42,42,1.4832101978182384,0
0.25,5093,42,7,38,38,0.12595961152049207,1
0.25,5097,42,42,42,42,0.47604993407474305,0
0.25,5101,42,42,42,42,0.2024248819598118,1
0.25,5102,42,42,42,42,0.5538682734633579,0
0.25,5105,42,23,23,23,0.15440941900446914,1
0.25,5106,42,42,42,42,1.6017275446480561,0
0.25,5107,42,42,42,42,1.524434832592603,0
0.25,5109,42,38,38,38,0.44285272940724696,0
0.25,5114,42,42,42,42,0.6895156784684017,0
0.25,5125,42,42,42,42,1.160676164976745,0
0.25,5127,42,25,42,42,0.09757556209637108,1
0.25,5129,42,42,42,42,1.4077408514087324,0
0.25,5131,42,42,42,42,1.1624213874298592,0
0.25,5132,42,42,42,42,0.7940087113159726,0
0.25,5133,42,42,42,42,1.2361998608682199,0
0.25,5137,42,42,42,42,1.1290105357569724,0
0.25,5144,42,42,42,42,1.2202616892825284,0
0.25,5147,42,42,42,42,0.20291048223179453,1
0.25,5149,42,42,42,42,1.4686132351048458,0
0.25,5151,42,42,42,42,0.3318244588464685,0
0.25,5153,42,42,42,42,2.0123128916519266,0
0.25,5156,42,42,42,42,0.06436777097561874,1
0.25,5160,43,43,43,43,1.9508513625351664,0
0.25,5165,43,16,43,16,0.28961404510551714,0
0.25,5167,43,43,43,43,1.2217849082477406,0
0.25,5168,43,16,16,16,0.4369147311407363,0
0.25,5172,43,33,43,43,0.10594966063623501,1
0.25,5173,43,46,44,44,0.024542545604301247,1
0.25,5174,43,43,43,43,1.4066911218504974,0
0.25,5184,43,43,43,43,2.1212349047394197,0
0.25,5185,43,43,43,43,1.9610172524385714,0
0.25,5188,43,43,43,43,2.03752599178277,0
0.25,5189,43,43,43,43,1.6032021384071071,0
0.25,5192,43,43,43,43,1.878883813457123,0
0.25,5197,43,43,43,43,2.1273862779603023,0
0.25,5198,43,43,43,43,1.9976591844365035,0
0.25,5200,43,43,43,43,1.5943312515264252,0
0.25,5202,43,43,43,43,1.986482132881256,0
0.25,5203,43,33,43,33,0.3303351895668992,0
0.25,5212,43,43,43,43,0.15123942004505653,1
0.25,5213,43,43,43,43,1.3563287690263979,0
0.25,5217,43,43,43,43,0.5596728915652531,0
0.25,5221,43,43,43,43,2.1049119231726885,0
0.25,5222,43,43,43,43,1.9081954155925909,0
0.25,5225,43,43,43,43,1.817943563499099,0
0.25,5226,43,43,43,43,1.6093773263753561,0
0.25,5227,43,33,43,43,0.14794404886233015,1
0.25,5229,43,43,43,43,1.3377525087602526,0
0.25,5234,43,43,43,43,1.7342003820051626,0
0.25,5245,43,43,43,43,1.5547962175401926,0
0.25,5247,43,43,43,43,0.6663824928042517,0
0.25,5249,43,40,40,40,0.3209574309650407,0
0.25,5251,43,16,43,16,0.26127154665826624,0
0.25,5252,43,43,43,43,1.7003193855912762,0
0.25,5253,43,43,43,43,0.9423151764726897,0
0.25,5257,43,43,43,43,1.7221424250552955,0
0.25,5264,43,43,43,43,1.4110560618007781,0
0.25,5267,43,43,43,43,2.026272860195059,0
0.25,5269,43,43,43,43,1.10420730043476,0
0.25,5271,43,43,43,43,2.1917272755996704,0
0.25,5273,43,43,43,43,0.4332509380128414,0
0.25,5276,43,43,43,43,1.7632933158109692,0
0.25,5280,44,44,44,44,0.7693511635290489,0
0.25,5285,44,16,44,44,0.14647288701444816,1
0.25,5287,44,44,44,44,0.919768556419085,0
0.25,5288,44,44,8,8,0.02447659622536469,1
0.25,5292,44,44,44,44,1.172763928478159,0
0.25,5293,44,44,44,44,0.7172176558548816,0
0.25,5294,44,8,8,8,0.16753588697158373,1
0.25,5304,44,17,17,17,1.185196082450091,0
0.25,5305,44,44,44,44,0.8742274655315602,0
0.25,5308,44,44,44,44,1.063950054727117,0
0.25,5309,44,44,44,44,0.5358263602438347,0
0.25,5312,44,20,2,2,0.20785653281425498,1
0.25,5317,44,44,44,44,0.08051907252367108,1
0.25,5318,44,46,44,44,0.0058884729031905,1
0.25,5320,44,27,27,27,0.2266169308607917,1
0.25,5322,44,44,44,44,1.1978787701465534,0
0.25,5323,44,44,44,44,0.9226456223882257,0
0.25,5332,44,44,44,44,0.09551209150432216,1
0.25,5333,44,44,44,44,0.9542876535385371,0
0.25,5337,44,2,44,44,0.06596099988665338,1
0.25,5341,44,44,44,44,0.8261642575181726,0
0.25,5342,44,28,44,44,0.1982028049355603,1
0.25,5345,44,44,44,44,1.2386439804150808,0
0.25,5346,44,44,44,44,1.5595719097553904,0
0.25,5347,44,44,44,44,0.3203851640936567,0
0.25,5349,44,27,44,27,0.5452064356549341,0
0.25,5354,44,44,44,44,0.23038680897204245,1
0.25,5365,44,44,44,44,0.8970358647358528,0
0.25,5367,44,5,44,44,0.1329370452885047,1
0.25,5369,44,25,44,44,0.009713176212301056,1
0.25,5371,44,44,44,44,0.9162714992829596,0
0.25,5372,44,44,44,44,0.4422669952694398,0
0.25,5373,44,44,44,44,0.521735067083673,0
0.25,5377,44,44,44,44,0.6042016935649992,0
0.25,5384,44,2,2,2,0.6185119987954936,0
0.25,5387,44,20,2,2,0.06889945111261864,1
0.25,5389,44,44,44,44,0.012874779159595673,1
0.25,5391,44,21,44,21,0.3178554346208856,0
0.25,5393,44,8,8,8,0.2083421039730129,1
0.25,5396,44,2,44,2,0.4343209252183048,0
0.25,5400,45,45,45,45,1.1219509178715772,0
0.25,5405,45,45,45,45,0.2618345206572905,0
0.25,5407,45,45,45,45,1.2719922948001763,0
0.25,5408,45,45,45,45,2.080572447946966,0
0.25,5412,45,45,45,45,0.46599726545102826,0
0.25,5413,45,45,45,45,0.030548887587558138,1
0.25,5414,45,45,8,8,0.1545885425854967,1
0.25,5424,45,45,45,45,1.2631561813102956,0
0.25,5425,45,11,45,45,0.03805919565085558,1
0.25,5428,45,45,45,45,0.7278209885083382,0
0.25,5429,45,45,45,45,1.5443267108778511,0
0.25,5432,45,45,45,45,1.3769386194385738,0
0.25,5437,45,29,45,29,0.41265463618242126,0
0.25,5438,45,45,45,45,0.9832156681383746,0
0.25,5440,45,45,45,45,0.21872878952698127,1
0.25,5442,45,21,37,37,0.06647120148282926,1
0.25,5443,45,45,45,45,0.851507411129546,0
0.25,5452,45,45,45,45,1.221050971207617,0
0.25,5453,45,21,45,45,0.22242115286373398,1
0.25,5457,45,45,45,45,1.315050402803661,0
0.25,5461,45,45,45,45,1.9933254148341017,0
0.25,5462,45,45,45,45,1.6837844314537793,0
0.25,5465,45,45,45,45,1.3091822907622124,0
0.25,5466,45,8,45,45,0.0029125419366329286,1
0.25,5467,45,45,45,45,0.8945901337286546,0
0.25,5469,45,45,45,45,1.7550928519790683,0
0.25,5474,45,45,45,45,1.1796330238505692,0
0.25,5485,45,45,45,45,1.8018184586769805,0
0.25,5487,45,45,45,45,0.055184141505913664,1
0.25,5489,45,45,45,45,0.5895422444367386,0
0.25,5491,45,7,7,7,0.06997815138587427,1
0.25,5492,45,29,45,45,0.0457560820270384,1
0.25,5493,45,45,45,45,0.5919234153582388,0
0.25,5497,45,45,45,45,1.5092795223933397,0
0.25,5504,45,15,45,15,0.33272091166104,0
0.25,5507,45,42,45,45,0.06649039530057665,1
0.25,5509,45,45,45,45,0.03271000698034665,1
0.25,5511,45,45,45,45,0.2880598185589205,0
0.25,5513,45,13,45,45,0.003173943368897647,1
0.25,5516,45,40,45,40,0.34215052199545926,0
0.25,5520,46,46,46,46,1.1237591306984849,0
0.25,5525,46,44,46,44,0.542401735390637,0
0.25,5527,46,46,46,46,0.2062925909348834,1
0.25,5528,46,44,44,44,0.6273310475510931,0
0.25,5532,46,46,46,46,0.36076756942305443,0
0.25,5533,46,14,44,44,0.02111659846189362,1
0.25,5534,46,34,46,46,0.045923398692583106,1
0.25,5544,46,44,46,44,0.6173768863241955,0
0.25,5545,46,46,46,46,0.11815271019444573,1
0.25,5548,46,46,46,46,0.6753090534519559,0
0.25,5549,46,46,46,46,0.7652247599982155,0
0.25,5552,46,46,46,46,1.5054620255848599,0
0.25,5557,46,44,44,44,0.4190772623665925,0
0.25,5558,46,46,46,46,0.43304031475659255,0
0.25,5560,46,46,46,46,1.5365670329664989,0
0.25,5562,46,46,46,46,0.10842881364883372,1
0.25,5563,46,46,46,46,1.163823919739218,0
0.25,5572,46,46,46,46,1.2818745468272201,0
0.25,5573,46,46,46,46,1.2889034892245474,0
0.25,5577,46,46,46,46,2.065868027378266,0
0.25,5581,46,46,46,46,1.0509838538005454,0
0.25,5582,46,46,44,46,0.3616448973190449,0
0.25,5585,46,46,46,46,0.7261642914817916,0
0.25,5586,46,46,46,46,1.7362863804707134,0
0.25,5587,46,46,46,46,1.0545561494751228,0
0.25,5589,46,46,46,46,1.5945626850818055,0
0.25,5594,46,46,46,46,1.307596710356154,0
0.25,5605,46,44,44,44,0.282849829571707,0
0.25,5607,46,46,46,46,1.2531542577808716,0
0.25,5609,46,46,46,46,1.3014943230796994,0
0.25,5611,46,46,46,46,1.7242256554150357,0
0.25,5612,46,46,46,46,1.3865944571626927,0
0.25,5613,46,46,46,46,1.62186577431999,0
0.25,5617,46,46,46,46,0.14478289273668166,1
0.25,5624,46,46,46,46,0.3183570979531263,0
0.25,5627,46,46,46,46,1.628106330219936,0
0.25,5629,46,44,2,2,0.0877272785486859,1
0.25,5631,46,46,46,46,1.8216775759295376,0
0.25,5633,46,46,46,46,0.6636737682700349,0
0.25,5636,46,46,46,46,1.8131298003316225,0
0.5,0,0,0,0,0,1.5100241920490336,0
0.5,5,0,0,0,0,1.3634393872879529,0
0.5,7,0,22,0,0,0.2019336542945449,1
0.5,8,0,22,0,0,0.054626291504734636,1
0.5,12,0,22,0,0,0.4680402589106385,1
0.5,13,0,22,22,22,0.27050991607204644,1
0.5,14,0,0,0,0,0.9581098899313798,0
0.5,24,0,0,0,0,1.0683449535968128,0
0.5,25,0,0,0,0,0.5199973812846242,1
0.5,28,0,0,0,0,1.6414743093114192,0
0.5,29,0,0,0,0,0.30986318078466324,1
0.5,32,0,17,16,16,0.34705059056529786,1
0.5,37,0,0,22,22,0.2863378693215024,1
0.5,38,0,0,0,0,0.9526340507660636,0
0.5,40,0,0,0,0,1.3335129458959298,0
0.5,42,0,0,0,0,0.24054693313762354,1
0.5,43,0,0,22,22,0.1293917429382765,1
0.5,52,0,0,22,22,0.12338379902755103,1
0.5,53,0,0,0,0,0.02353642850332527,1
0.5,57,0,22,22,22,1.356483139849467,0
0.5,61,0,0,0,0,0.7479178938697192,0
0.5,62,0,0,0,0,0.37962943853284414,1
0.5,65,0,0,0,0,1.1231630299373596,0
0.5,66,0,0,0,0,2.1249308179513093,0
0.5,67,0,0,0,0,1.6440132139338872,0
0.5,69,0,0,0,0,0.44918020592874286,1
0.5,74,0,0,30,30,0.2965639470609841,1
0.5,85,0,0,0,0,0.5271681964844133,1
0.5,87,0,0,0,0,0.4530709285511967,1
0.5,89,0,0,0,0,0.8344279171865538,0
0.5,91,0,0,0,0,1.3434080124364172,0
0.5,92,0,22,22,22,0.7964877284421339,0
0.5,93,0,0,0,0,0.8026282698707835,0
0.5,97,0,0,0,0,1.0964992285443615,0
0.5,104,0,5,5,5,0.354448189941161,1
0.5,107,0,0,0,0,1.4781052354361492,0
0.5,109,0,0,0,0,1.5436547212466576,0
0.5,111,0,28,28,28,0.012595098361005475,1
0.5,113,0,0,0,0,1.2497083621788532,0
0.5,116,0,0,0,0,0.9775176540307954,0
0.5,120,1,28,7,7,0.16708451813994218,1
0.5,125,1,28,1,1,0.05780020574456768,1
0.5,127,1,1,1,1,0.5951811324890612,1
0.5,128,1,36,28,28,0.021523521937280243,1
0.5,132,1,28,1,1,0.3514782749533105,1
0.5,133,1,28,28,28,0.6099897124506789,1
0.5,134,1,7,7,7,0.4748901906629768,1
0.5,144,1,1,1,1,0.29616078889956066,1
0.5,145,1,41,34,34,0.1113869962984646,1
0.5,148,1,3,3,3,0.06625184688895591,1
0.5,149,1,1,1,1,0.11168642757316061,1
0.5,152,1,12,1,1,0.049035228447902424,1
0.5,157,1,1,1,1,0.10547272456852541,1
0.5,158,1,1,1,1,0.5228446875607884,1
0.5,160,1,23,28,28,0.014141114278759082,1
0.5,162,1,3,3,3,0.43144982501805795,1
0.5,163,1,31,1,1,0.18573641177084976,1
0.5,172,1,1,23,23,0.0021638778818869886,1
0.5,173,1,23,1,1,0.23127795377085558,1
0.5,177,1,38,1,1,0.14227394607073562,1
0.5,181,1,44,1,1,0.20650056054392718,1
0.5,182,1,1,1,1,0.04269114961389908,1
0.5,185,1,24,41,41,0.03180413512805402,1
0.5,186,1,41,41,41,0.27641916500133945,1
0.5,187,1,1,1,1,0.876568291745435,0
0.5,189,1,1,1,1,0.4321992623806137,1
0.5,194,1,1,1,1,0.2752286744348682,1
0.5,205,1,15,15,15,0.4061649730117294,1
0.5,207,1,42,42,42,0.711285228041733,0
0.5,209,1,31,13,13,0.007068475713977174,1
0.5,211,1,42,42,42,0.2780338592998579,1
0.5,212,1,42,42,42,0.6289714519315555,1
0.5,213,1,37,4,4,0.0570665286692299,1
0.5,217,1,17,38,38,0.03664473682458025,1
0.5,224,1,38,1,1,0.12295757049008949,1
0.5,227,1,45,1,1,0.20396208687237927,1
0.5,229,1,42,1,1,0.049803538284149185,1
0.5,231,1,28,31,31,0.13373762726383076,1
0.5,233,1,42,1,1,0.3742769814875754,1
0.5,236,1,37,37,37,0.5300310211048919,1
0.5,240,2,2,2,2,1.6860774213787786,0
0.5,245,2,2,2,2,0.4723221885185652,1
0.5,247,2,2,20,20,0.24439385489847298,1
0.5,248,2,19,2,2,0.2012404881179366,1
0.5,252,2,20,20,20,0.3590088973711437,1
0.5,253,2,44,44,44,0.17609470877549493,1
0.5,254,2,29,2,2,0.05003264746118208,1
0.5,264,2,44,2,44,0.9918325608329099,0
0.5,265,2,44,44,44,0.3526265653329408,1
0.5,268,2,2,2,2,0.5166801672703432,1
0.5,269,2,2,2,2,0.4175429696916185,1
0.5,272,2,2,2,2,0.6085850018469424,1
0.5,277,2,2,2,2,0.9348990090650685,0
0.5,278,2,44,44,44,0.05168074846296311,1
0.5,280,2,40,19,19,0.1518778401699321,1
0.5,282,2,2,2,2,1.5726181306090234,0
0.5,283,2,44,44,44,0.7495464437480269,0
0.5,292,2,20,20,20,0.8525150604871955,0
0.5,293,2,12,2,2,0.2897807580883123,1
0.5,297,2,2,2,2,0.6332046381179899,0
0.5,301,2,2,2,2,0.572406569176222,1
0.5,302,2,2,2,2,1.3293495858120794,0
0.5,305,2,8,44,44,0.17360295744179832,1
0.5,306,2,2,35,35,0.20715198017882397,1
0.5,307,2,2,2,2,0.9830701240837274,0
0.5,309,2,2,2,2,0.27568469418119435,1
0.5,314,2,2,2,2,0.5778604094385345,1
0.5,325,2,2,2,2,1.0034034448133742,0
0.5,327,2,2,2,2,0.33757370457892233,1
0.5,329,2,2,2,2,0.15779675562211537,1
0.5,331,2,2,2,2,0.5901231890271557,1
0.5,332,2,40,2,2,0.0799579897766205,1
0.5,333,2,2,2,2,0.7029605770054821,0
0.5,337,2,2,2,2,0.7872270954033174,0
0.5,344,2,2,2,2,0.26389296178066457,1
0.5,347,2,20,20,20,0.9690552758064537,0
0.5,349,2,2,2,2,0.7315154968872005,0
0.5,351,2,2,2,2,1.2423591155314895,0
0.5,353,2,44,2,2,0.0278648340828902,1
0.5,356,2,2,2,2,1.8153817279048814,0
0.5,360,3,3,3,3,1.1378163781473776,0
0.5,365,3,21,3,3,0.1804680959897932,1
0.5,367,3,3,3,3,0.2752879225994602,1
0.5,368,3,3,3,3,1.4240625595746967,0
0.5,372,3,3,3,3,0.986406230855635,0
0.5,373,3,10,3,3,0.17230566673944492,1
0.5,374,3,3,3,3,2.115638991704917,0
0.5,384,3,3,3,3,1.4302995629436146,0
0.5,385,3,3,3,3,2.4399964656133317,0
0.5,388,3,3,3,3,0.9606774942823584,0
0.5,389,3,3,3,3,1.4211803052192438,0
0.5,392,3,32,3,32,0.6665201103935834,0
0.5,397,3,3,3,3,0.487456635699968,1
0.5,398,3,3,3,3,2.3483019608145392,0
0.5,400,3,25,25,25,0.09631942603766075,1
0.5,402,3,3,3,3,1.5636646271675358,0
0.5,403,3,3,3,3,0.27823550824167564,1
0.5,412,3,3,3,3,1.9137005170050854,0
0.5,413,3,3,3,3,0.4243304306510649,1
0.5,417,3,18,18,18,0.12768437282608347,1
0.5,421,3,3,3,3,0.22300645471970704,1
0.5,422,3,3,3,3,1.9272978056525067,0
0.5,425,3,3,3,3,1.733302217436465,0
0.5,426,3,3,3,3,1.4358052147104414,0
0.5,427,3,18,3,3,0.3991038996648568,1
0.5,429,3,3,3,3,0.9192572715467222,0
0.5,434,3,12,3,3,0.025183558173249465,1
0.5,445,3,3,3,3,0.5590967047001718,1
0.5,447,3,3,3,3,1.6289519162969759,0
0.5,449,3,3,3,3,0.8504243607692803,0
0.5,451,3,3,3,3,1.3321218672255986,0
0.5,452,3,3,3,3,0.8177167695464941,0
0.5,453,3,3,3,3,2.622759609435091,0
0.5,457,3,3,3,3,1.158679423173541,0
0.5,464,3,3,3,3,2.203705414059762,0
0.5,467,3,3,3,3,0.5692520713365539,1
0.5,469,3,3,3,3,1.170507794133914,0
0.5,471,3,3,3,3,1.2999593653048553,0
0.5,473,3,3,3,3,0.8751744633499728,0
0.5,476,3,3,3,3,0.5394725820995436,1
0.5,480,4,4,4,4,0.07000161559358786,1
0.5,485,4,4,4,4,0.012223987053919583,1
0.5,487,4,4,4,4,0.17222936142191414,1
0.5,488,4,25,25,25,0.8877740660042709,0
0.5,492,4,20,43,43,0.46937841141406933,1
0.5,493,4,40,40,40,0.11803715160051542,1
0.5,494,4,2,11,11,0.0027962011940757536,1
0.5,504,4,28,4,4,0.23548328631097104,1
0.5,505,4,4,4,4,0.3697066566084437,1
0.5,508,4,4,4,4,1.5831319997495887,0
0.5,509,4,4,4,4,1.5822361738762796,0
0.5,512,4,4,4,4,0.7556546668022349,0
0.5,517,4,4,4,4,0.5133299738230146,1
0.5,518,4,3,3,3,0.01685691887638796,1
0.5,520,4,4,4,4,0.7573188321450697,0
0.5,522,4,4,4,4,0.5539909870713731,1
0.5,523,4,4,4,4,1.2691017648908036,0
0.5,532,4,2,4,4,0.05101223585399117,1
0.5,533,4,4,4,4,1.5138341957567407,0
0.5,537,4,40,4,4,0.16771566091375878,1
0.5,541,4,14,4,4,0.14505750628570313,1
0.5,542,4,36,4,4,0.13675411876244548,1
0.5,545,4,27,4,4,0.15375976655387358,1
0.5,546,4,30,4,4,0.3684952371355734,1
0.5,547,4,31,4,4,0.14057625035213672,1
0.5,549,4,32,4,4,0.44782196431924604,1
0.5,554,4,4,4,4,0.5553345391767146,1
0.5,565,4,40,4,4,0.04926495431817002,1
0.5,567,4,4,4,4,0.27186014652238266,1
0.5,569,4,4,4,4,1.0201505968375202,0
0.5,571,4,4,4,4,1.2053173177978098,0
0.5,572,4,4,4,4,1.128062862966648,0
0.5,573,4,43,27,27,0.15521265956526542,1
0.5,577,4,4,4,4,0.0884012080211144,1
0.5,584,4,21,7,7,0.11077600215762073,1
0.5,587,4,40,4,4,0.15490293486373707,1
0.5,589,4,4,4,4,0.6602414132126779,0
0.5,591,4,4,4,4,1.0410070654577757,0
0.5,593,4,4,4,4,0.5754331242174157,1
0.5,596,4,31,31,31,0.023384185429261017,1
0.5,600,5,5,5,5,1.2300991512299742,0
0.5,605,5,5,5,5,1.809793301934212,0
0.5,607,5,5,5,5,1.5038181232021832,0
0.5,608,5,5,5,5,0.046365535843388095,1
0.5,612,5,5,5,5,0.8538939860660593,0
0.5,613,5,5,5,5,1.805888675517662,0
0.5,614,5,5,5,5,0.06470900088214582,1
0.5,624,5,5,5,5,1.8618607443296051,0
0.5,625,5,5,5,5,1.7712622814894938,0
0.5,628,5,5,5,5,1.9778076121304022,0
0.5,629,5,5,5,5,1.5793226598690646,0
0.5,632,5,5,5,5,1.8911331985244062,0
0.5,637,5,5,5,5,2.3566446615193044,0
0.5,638,5,5,5,5,1.7732762303970968,0
0.5,640,5,5,5,5,1.205713430117876,0
0.5,642,5,5,5,5,1.1917187528819457,0
0.5,643,5,5,5,5,0.6291750846182447,1
0.5,652,5,5,5,5,2.0506456989787605,0
0.5,653,5,5,5,5,0.8859972720695202,0
0.5,657,5,5,5,5,1.5708848679285001,0
0.5,661,5,5,5,5,1.7888921671561586,0
0.5,662,5,5,44,44,0.1279956485432019,1
0.5,665,5,5,5,5,1.7341074547479183,0
0.5,666,5,5,5,5,1.8979613452741368,0
0.5,667,5,5,5,5,1.8281752600516041,0
0.5,669,5,5,5,5,1.3271592207307035,0
0.5,674,5,5,5,5,1.1691626475984276,0
0.5,685,5,5,5,5,1.1293391508962187,0
0.5,687,5,5,5,5,1.2593688314685645,0
0.5,689,5,5,5,5,0.17829865024228664,1
0.5,691,5,5,5,5,0.11381726104663825,1
0.5,692,5,5,5,5,0.6290802527848569,1
0.5,693,5,5,5,5,1.7891493669288652,0
0.5,697,5,5,5,5,1.9656792623643855,0
0.5,704,5,5,5,5,1.352770211261184,0
0.5,707,5,5,5,5,0.35725413080867674,1
0.5,709,5,5,5,5,0.7331312133163131,0
0.5,711,5,5,5,5,2.1019758826214385,0
0.5,713,5,5,5,5,1.3524305333895874,0
0.5,716,5,5,5,5,1.2432298213399904,0
0.5,720,6,6,6,6,1.978617808487118,0
0.5,725,6,6,6,6,1.5829789417507905,0
0.5,727,6,6,6,6,1.7405055660842454,0
0.5,728,6,6,6,6,1.8998599859910008,0
0.5,732,6,6,6,6,1.9296271051404283,0
0.5,733,6,6,6,6,0.466935189306537,1
0.5,734,6,6,6,6,2.1482558415249056,0
0.5,744,6,6,6,6,2.2294312371526415,0
0.5,745,6,6,6,6,0.037570124836245,1
0.5,748,6,6,6,6,1.5623774052867265,0
0.5,749,6,6,6,6,1.1388632576168094,0
0.5,752,6,6,6,6,0.30082648134401335,1
0.5,757,6,11,6,6,0.02234696108302192,1
0.5,758,6,6,6,6,1.869884780200095,0
0.5,760,6,6,6,6,2.0454512932261135,0
0.5,762,6,6,6,6,1.576183651738892,0
0.5,763,6,6,6,6,1.1646353703109331,0
0.5,772,6,6,6,6,1.8690092949044317,0
0.5,773,6,6,6,6,1.949393632616581,0
0.5,777,6,6,6,6,2.1177025378121037,0
0.5,781,6,6,6,6,2.0970649913374704,0
0.5,782,6,6,6,6,2.0018922989476464,0
0.5,785,6,6,6,6,0.24590492655778917,1
0.5,786,6,6,6,6,2.110889706817135,0
0.5,787,6,6,6,6,1.7621481182454235,0
0.5,789,6,8,25,25,0.15589905231030077,1
0.5,794,6,36,36,36,0.2720528340008076,1
0.5,805,6,6,6,6,1.8188834762847088,0
0.5,807,6,6,6,6,2.047338854095658,0
0.5,809,6,6,6,6,1.3948126212767225,0
0.5,811,6,6,6,6,1.0056901995058767,0
0.5,812,6,6,6,6,1.0952827290977512,0
0.5,813,6,6,6,6,1.6558621041098582,0
0.5,817,6,36,36,36,0.8344520293959538,0
0.5,824,6,6,6,6,1.0668424916490613,0
0.5,827,6,6,6,6,1.1696893374598996,0
0.5,829,6,6,6,6,2.049628032121169,0
0.5,831,6,6,6,6,1.535787823105097,0
0.5,833,6,6,6,6,1.3258883877925465,0
0.5,836,6,36,6,6,0.06567946682537062,1
0.5,840,7,7,7,7,1.9044898630364202,0
0.5,845,7,7,7,7,0.5865692312528255,1
0.5,847,7,7,7,7,2.2056531498916865,0
0.5,848,7,7,7,7,1.852581396699014,0
0.5,852,7,7,7,7,1.2982885712171282,0
0.5,853,7,8,7,7,0.2666684470088595,1
0.5,854,7,7,7,7,1.3821548607121181,0
0.5,864,7,7,7,7,1.5770621631232888,0
0.5,865,7,25,7,7,0.25254538773433943,1
0.5,868,7,7,7,7,1.8423540787245378,0
0.5,869,7,7,7,7,0.989378404036876,0
0.5,872,7,7,7,7,0.7507737598019013,0
0.5,877,7,7,7,7,0.659635363906002,0
0.5,878,7,7,7,7,1.6760645937348884,0
0.5,880,7,38,7,38,0.6799126650550572,0
0.5,882,7,7,7,7,1.5293969624950823,0
0.5,883,7,7,7,7,0.0416530077788948,1
0.5,892,7,7,7,7,1.3821052563586163,0
0.5,893,7,33,7,7,0.3463809057188282,1
0.5,897,7,34,7,7,0.24187846062969942,1
0.5,901,7,7,7,7,1.80019314015356,0
0.5,902,7,38,7,7,0.07412171627496333,1
0.5,905,7,38,7,7,0.030109574376308013,1
0.5,906,7,7,7,7,2.305139112792371,0
0.5,907,7,7,7,7,0.40256373931437484,1
0.5,909,7,11,11,11,0.17159671936701282,1
0.5,914,7,7,7,7,1.7554879309675973,0
0.5,925,7,7,7,7,0.937674895882007,0
0.5,927,7,7,7,7,0.264867569981696,1
0.5,929,7,7,7,7,1.1198592469910582,0
0.5,931,7,7,7,7,0.9573507381313789,0
0.5,932,7,7,7,7,1.5055097960841262,0
0.5,933,7,7,7,7,0.12938808478697572,1
0.5,937,7,7,7,7,0.4533704090866908,1
0.5,944,7,7,7,7,1.2512629626152032,0
0.5,947,7,7,7,7,1.9425717035583023,0
0.5,949,7,7,7,7,0.9284640829182542,0
0.5,951,7,7,7,7,0.02913750121831915,1
0.5,953,7,7,7,7,1.2392755311728105,0
0.5,956,7,7,7,7,0.13016211344853512,1
0.5,960,8,8,8,8,0.33807662296776086,1
0.5,965,8,8,8,8,0.40861387035687413,1
0.5,967,8,8,8,8,0.3707918235079751,1
0.5,968,8,8,8,8,0.3244339487104435,1
0.5,972,8,8,8,8,0.32063458600786776,1
0.5,973,8,8,44,44,0.018483709328004805,1
0.5,974,8,15,15,15,0.03534671043902282,1
0.5,984,8,8,8,8,0.855670882081451,0
0.5,985,8,8,8,8,0.6500185102442153,0
0.5,988,8,8,8,8,1.609930859957896,0
0.5,989,8,8,8,8,0.020700228291531397,1
0.5,992,8,1,1,1,0.4178720978835795,1
0.5,997,8,44,44,44,0.10495640552136154,1
0.5,998,8,8,8,8,0.3088273186160272,1
0.5,1000,8,31,8,8,0.33270752626791733,1
0.5,1002,8,8,8,8,1.05430648599906,0
0.5,1003,8,44,44,44,0.05939471393036044,1
0.5,1012,8,8,8,8,0.5082951581237358,1
0.5,1013,8,8,8,8,1.675743414239419,0
0.5,1017,8,8,8,8,0.36656140125158143,1
0.5,1021,8,8,8,8,0.8431576726358682,0
0.5,1022,8,8,8,8,1.0378643868436952,0
0.5,1025,8,8,8,8,0.5471317812600281,1
0.5,1026,8,8,8,8,0.09952574176665374,1
0.5,1027,8,8,8,8,1.3782773955279675,0
0.5,1029,8,8,8,8,0.2724174123280175,1
0.5,1034,8,37,8,8,0.1018350483487106,1
0.5,1045,8,8,8,8,1.2114817893961585,0
0.5,1047,8,8,8,8,1.0142440867258977,0
0.5,1049,8,25,25,25,0.5005472229879822,1
0.5,1051,8,8,8,8,0.5906715688123121,1
0.5,1052,8,8,8,8,0.8844088545709753,0
0.5,1053,8,16,44,44,0.02719997780005745,1
0.5,1057,8,8,8,8,0.8765797177203049,0
0.5,1064,8,27,8,8,0.03553115276250196,1
0.5,1067,8,34,34,34,0.24773190767594322,1
0.5,1069,8,8,8,8,0.3974495356967631,1
0.5,1071,8,8,8,8,1.4271232247015972,0
0.5,1073,8,34,34,34,0.8220719461887549,0
0.5,1076,8,16,16,16,0.14651219790401293,1
0.5,1080,9,9,9,9,0.10404291898755691,1
0.5,1085,9,9,9,9,1.62126696203877,0
0.5,1087,9,9,9,9,2.2365208517642183,0
0.5,1088,9,9,9,9,0.10569618307792372,1
0.5,1092,9,9,9,9,1.6116415003892823,0
0.5,1093,9,14,9,9,0.034807684676666284,1
0.5,1094,9,32,32,32,0.6293985759289615,1
0.5,1104,9,14,9,9,0.09743015321826554,1
0.5,1105,9,9,9,9,1.9421513574709974,0
0.5,1108,9,9,9,9,1.735669761202963,0
0.5,1109,9,9,9,9,0.5900404434198021,1
0.5,1112,9,9,9,9,0.6746819743442429,0
0.5,1117,9,9,9,9,1.813705350910303,0
0.5,1118,9,9,9,9,0.3615203365649312,1
0.5,1120,9,9,9,9,1.7728781509734772,0
0.5,1122,9,9,9,9,1.8734214284875228,0
0.5,1123,9,9,9,9,1.3064540275805463,0
0.5,1132,9,9,9,9,1.5592789903493103,0
0.5,1133,9,9,9,9,2.1136230674394993,0
0.5,1137,9,9,9,9,1.0840224792595063,0
0.5,1141,9,9,9,9,1.6846220391099256,0
0.5,1142,9,9,9,9,1.9154101351900565,0
0.5,1145,9,37,9,9,0.13104888305708384,1
0.5,1146,9,9,9,9,1.7140970375468847,0
0.5,1147,9,9,9,9,1.4226519956136556,0
0.5,1149,9,9,9,9,0.7645892616310144,0
0.5,1154,9,9,9,9,0.23922231230033286,1
0.5,1165,9,9,9,9,2.057034443230658,0
0.5,1167,9,9,9,9,1.5668397032792358,0
0.5,1169,9,9,9,9,1.653624933573067,0
0.5,1171,9,9,9,9,1.032802717436273,0
0.5,1172,9,9,9,9,1.6110993446479087,0
0.5,1173,9,9,9,9,0.787551311021733,0
0.5,1177,9,9,9,9,0.8389595076133368,0
0.5,1184,9,9,9,9,1.6710460782151473,0
0.5,1187,9,9,9,9,2.3722565834925984,0
0.5,1189,9,9,9,9,1.0498625160939319,0
0.5,1191,9,9,9,9,0.6235467392978892,1
0.5,1193,9,9,9,9,1.6684858807017122,0
0.5,1196,9,9,9,9,1.8819419534014359,0
0.5,1200,10,10,10,10,1.597686496295377,0
0.5,1205,10,10,10,10,0.9793793619574283,0
0.5,1207,10,33,1,1,0.09953673053447509,1
0.5,1208,10,35,30,30,0.3387193450883167,1
0.5,1212,10,18,10,18,0.7095599506979697,0
0.5,1213,10,16,5,5,0.11361715537955908,1
0.5,1214,10,10,10,10,1.8241558986196003,0
0.5,1224,10,10,10,10,1.5478523262665527,0
0.5,1225,10,18,26,26,0.011388497624016725,1
0.5,1228,10,10,10,10,1.1582598804221,0
0.5,1229,10,10,4,10,0.7713185219174741,0
0.5,1232,10,10,10,10,0.275011409757306,1
0.5,1237,10,10,10,10,0.7936616023030048,0
0.5,1238,10,10,10,10,0.6563732177491898,0
0.5,1240,10,30,10,10,0.1646162816515917,1
0.5,1242,10,30,30,30,0.23438559674129977,1
0.5,1243,10,10,10,10,1.3142244322976326,0
0.5,1252,10,10,10,10,0.14414834944374944,1
0.5,1253,10,10,10,10,0.3545438194520023,1
0.5,1257,10,30,10,10,0.02492036243793727,1
0.5,1261,10,30,10,10,0.22451168617666784,1
0.5,1262,10,10,10,10,0.14414834944374944,1
0.5,1265,10,40,10,10,0.02347362001513298,1
0.5,1266,10,10,10,10,0.451416170722057,1
0.5,1267,10,10,10,10,0.7854046549478315,0
0.5,1269,10,30,30,30,0.6559289508576975,0
0.5,1274,10,10,10,10,0.06160493649640042,1
0.5,1285,10,30,30,30,0.24612877998092508,1
0.5,1287,10,10,10,10,0.5948449565589378,1
0.5,1289,10,30,30,30,0.48797269696426415,1
0.5,1291,10,10,10,10,1.1238994749774598,0
0.5,1292,10,10,10,10,1.1203314106729296,0
0.5,1293,10,10,10,10,1.1843792697856887,0
0.5,1297,10,10,10,10,1.1248939461647278,0
0.5,1304,10,10,10,10,1.4979720496423998,0
0.5,1307,10,30,10,10,0.3758364524595055,1
0.5,1309,10,10,10,10,0.968861738585934,0
0.5,1311,10,10,10,10,0.6804463925784165,0
0.5,1313,10,30,30,30,1.496142468832779,0
0.5,1316,10,10,10,10,0.34944805861855455,1
0.5,1320,11,11,11,11,0.3693632158007042,1
0.5,1325,11,12,24,24,0.14568140233906224,1
0.5,1327,11,12,11,11,0.12320837340599444,1
0.5,1328,11,24,11,11,0.11376121199273415,1
0.5,1332,11,11,24,24,0.23283126924315556,1
0.5,1333,11,23,23,23,0.6395065364264222,0
0.5,1334,11,11,11,11,1.1470761489166188,0
0.5,1344,11,11,11,11,2.142657700753087,0
0.5,1345,11,11,11,11,0.932418371496237,0
0.5,1348,11,11,11,11,0.21997017727827722,1
0.5,1349,11,11,11,11,0.01892443483968509,1
0.5,1352,11,42,34,34,0.07263093161410428,1
0.5,1357,11,24,24,24,0.6118818670052764,1
0.5,1358,11,35,11,11,0.03732186420706429,1
0.5,1360,11,31,28,28,0.09805518623302989,1
0.5,1362,11,11,11,11,0.3074682363466823,1
0.5,1363,11,11,11,11,1.3172848461688917,0
0.5,1372,11,11,11,11,1.6221014076119407,0
0.5,1373,11,11,11,11,0.2867486620940718,1
0.5,1377,11,11,11,11,1.846118879232518,0
0.5,1381,11,11,11,11,0.46208871596609025,1
0.5,1382,11,11,11,11,0.2973956020451043,1
0.5,1385,11,23,11,23,1.1168531812487772,0
0.5,1386,11,24,11,11,0.019355098096363488,1
0.5,1387,11,11,11,11,0.8487985565369527,0
0.5,1389,11,11,11,11,1.4410332288301453,0
0.5,1394,11,31,11,11,0.076440774920158,1
0.5,1405,11,38,38,38,0.18969999051361686,1
0.5,1407,11,11,11,11,2.2740213048516016,0
0.5,1409,11,11,11,11,1.565278277573869,0
0.5,1411,11,11,11,11,0.305962193294651,1
0.5,1412,11,11,11,11,1.099422592461761,0
0.5,1413,11,11,11,11,1.029965923333427,0
0.5,1417,11,11,11,11,1.6592404871693867,0
0.5,1424,11,11,11,11,1.1549847489799052,0
0.5,1427,11,11,11,11,1.6525047681733165,0
0.5,1429,11,11,11,11,1.611072373973831,0
0.5,1431,11,37,11,11,0.15368493163004548,1
0.5,1433,11,11,11,11,1.0330474219393366,0
0.5,1436,11,24,11,11,0.368902832967274,1
0.5,1440,12,12,12,12,0.856360486622304,0
0.5,1445,12,44,12,44,0.6359947036774649,0
0.5,1447,12,12,12,12,0.0009862342611158814,1
0.5,1448,12,29,39,39,0.05698440755729539,1
0.5,1452,12,12,12,12,0.1299461557300211,1
0.5,1453,12,12,12,12,0.8340104300365374,0
0.5,1454,12,36,12,12,0.20323954844367054,1
0.5,1464,12,12,12,12,0.5465252018396975,1
0.5,1465,12,12,12,12,0.479179799000204,1
0.5,1468,12,11,12,12,0.08099298982227121,1
0.5,1469,12,12,36,36,0.18538364564894705,1
0.5,1472,12,12,12,12,0.32789514542963283,1
0.5,1477,12,28,23,23,0.19590696091268966,1
0.5,1478,12,12,12,12,0.5327758254290665,1
0.5,1480,12,31,12,12,0.046952148082916256,1
0.5,1482,12,12,12,12,0.7203507077343716,0
0.5,1483,12,28,28,28,0.07479426243990805,1
0.5,1492,12,12,12,12,0.2846619099322232,1
0.5,1493,12,12,12,12,1.2384845538229152,0
0.5,1497,12,12,12,12,1.537210529409049,0
0.5,1501,12,12,12,12,0.36099474327918923,1
0.5,1502,12,12,12,12,1.2124771621807886,0
0.5,1505,12,20,20,20,0.915780862800084,0
0.5,1506,12,20,12,12,0.14906484642839357,1
0.5,1507,12,12,12,12,1.294958897684928,0
0.5,1509,12,12,12,12,0.2662741008121001,1
0.5,1514,12,15,15,15,0.10496486181651876,1
0.5,1525,12,12,12,12,0.7610461555195929,0
0.5,1527,12,12,12,12,1.5010851522075663,0
0.5,1529,12,25,12,12,0.562602903602514,1
0.5,1531,12,12,10,10,0.11728683888039793,1
0.5,1532,12,12,12,12,0.8413347088881677,0
0.5,1533,12,15,12,12,0.003973798514282589,1
0.5,1537,12,12,12,12,0.38816986314930524,1
0.5,1544,12,12,20,20,0.07664697550079846,1
0.5,1547,12,12,12,12,2.046490565035938,0
0.5,1549,12,12,12,12,0.583581476263993,1
0.5,1551,12,20,20,20,0.1700299951883638,1
0.5,1553,12,12,12,12,1.5950876050875773,0
0.5,1556,12,12,12,12,1.2263312258319314,0
0.5,1560,13,13,13,13,1.5081537287878797,0
0.5,1565,13,13,13,13,1.309607609705926,0
0.5,1567,13,13,13,13,1.4429611555279496,0
0.5,1568,13,13,13,13,1.7199890309561034,0
0.5,1572,13,13,13,13,1.7643082533347294,0
0.5,1573,13,13,13,13,1.8598251648336763,0
0.5,1574,13,13,13,13,1.338192118958523,0
0.5,1584,13,13,13,13,1.054872179044402,0
0.5,1585,13,13,13,13,1.6265113117631378,0
0.5,1588,13,13,13,13,0.44497435125692997,1
0.5,1589,13,13,13,13,2.005292190439242,0
0.5,1592,13,5,13,13,0.1128866598732633,1
0.5,1597,13,13,13,13,1.7021304867820788,0
0.5,1598,13,13,13,13,2.2171068717971956,0
0.5,1600,13,13,13,13,0.8453872523891011,0
0.5,1602,13,13,13,13,1.4572220858586085,0
0.5,1603,13,13,13,13,1.2595866430287546,0
0.5,1612,13,13,13,13,0.5067985671717256,1
0.5,1613,13,13,13,13,1.9702476002066156,0
0.5,1617,13,13,13,13,1.9722573332400941,0
0.5,1621,13,13,13,13,1.9967225447547867,0
0.5,1622,13,13,13,13,1.3316133683516003,0
0.5,1625,13,13,13,13,2.615394878656426,0
0.5,1626,13,13,13,13,1.1066265534950512,0
0.5,1627,13,13,13,13,1.283119541078737,0
0.5,1629,13,13,13,13,1.7747782405786805,0
0.5,1634,13,13,13,13,0.9983002256452723,0
0.5,1645,13,13,13,13,1.9959561440339493,0
0.5,1647,13,13,13,13,2.0747431608155944,0
0.5,1649,13,35,13,13,0.004584273737155087,1
0.5,1651,13,13,13,13,0.7642942669873486,0
0.5,1652,13,13,13,13,0.4524988627431459,1
0.5,1653,13,13,13,13,1.3614828910047994,0
0.5,1657,13,13,13,13,1.8977825011721974,0
0.5,1664,13,13,13,13,0.6935197110761705,0
0.5,1667,13,13,13,13,0.7848813236149518,0
0.5,1669,13,13,13,13,1.6382031754858914,0
0.5,1671,13,13,13,13,2.3160603415749765,0
0.5,1673,13,13,13,13,1.7748726700992128,0
0.5,1676,13,13,13,13,2.1553478923078044,0
0.5,1680,14,45,14,14,0.055538486628899264,1
0.5,1685,14,14,14,14,1.6960262606694991,0
0.5,1687,14,14,14,14,1.7271524950055919,0
0.5,1688,14,14,14,14,0.7774947665624118,0
0.5,1692,14,14,14,14,1.6056595275603156,0
0.5,1693,14,14,14,14,1.1674532180865764,0
0.5,1694,14,14,14,14,1.4796923870333893,0
0.5,1704,14,14,14,14,1.825398164136887,0
0.5,1705,14,14,14,14,0.8534941411735998,0
0.5,1708,14,34,21,21,0.06777795863518254,1
0.5,1709,14,14,14,14,0.4179620002445875,1
0.5,1712,14,14,14,14,0.43642761522773166,1
0.5,1717,14,14,14,14,0.37900532428227185,1
0.5,1718,14,14,14,14,2.052827363921035,0
0.5,1720,14,35,14,14,0.4356300450534494,1
0.5,1722,14,14,14,14,1.1209171823766186,0
0.5,1723,14,14,14,14,1.2139027046347448,0
0.5,1732,14,14,14,14,1.8595056026507593,0
0.5,1733,14,14,14,14,1.0903678407750397,0
0.5,1737,14,45,1,1,0.1309723295293317,1
0.5,1741,14,14,14,14,1.4711200986192714,0
0.5,1742,14,14,14,14,1.5165285096049435,0
0.5,1745,14,14,14,14,1.1648846300303992,0
0.5,1746,14,14,14,14,0.09500619208955852,1
0.5,1747,14,14,14,14,1.8970047690471534,0
0.5,1749,14,14,14,14,0.7607128994573418,0
0.5,1754,14,33,14,14,0.14393687395482535,1
0.5,1765,14,14,14,14,1.3759017465692118,0
0.5,1767,14,14,14,14,1.1172254398523571,0
0.5,1769,14,14,14,14,1.9960801750186477,0
0.5,1771,14,21,21,21,0.14348143414753944,1
0.5,1772,14,14,14,14,1.1340958838562272,0
0.5,1773,14,14,14,14,1.2912566479251812,0
0.5,1777,14,14,14,14,0.9509587939354412,0
0.5,1784,14,14,14,14,1.5237715247400723,0
0.5,1787,14,14,14,14,0.6905890242438969,0
0.5,1789,14,14,14,14,0.4214082578241223,1
0.5,1791,14,14,14,14,0.6737822798049204,0
0.5,1793,14,45,29,29,0.21815166427639143,1
0.5,1796,14,14,15,15,0.33972875231286104,1
0.5,1800,15,15,15,15,1.2544609946704508,0
0.5,1805,15,15,15,15,0.6351518736858859,0
0.5,1807,15,15,29,29,0.37198864203083315,1
0.5,1808,15,15,15,15,0.04839912043213879,1
0.5,1812,15,29,15,15,0.26665266511105323,1
0.5,1813,15,15,15,15,0.563595348848981,1
0.5,1814,15,15,15,15,1.5211088076125943,0
0.5,1824,15,29,15,15,0.3319162725683237,1
0.5,1825,15,15,15,15,0.48735519540929584,1
0.5,1828,15,11,15,15,0.004332351395657352,1
0.5,1829,15,23,15,15,0.2670717973432717,1
0.5,1832,15,11,15,15,0.1842984213418466,1
0.5,1837,15,15,15,15,0.4972756188232208,1
0.5,1838,15,8,15,15,0.20479668041100152,1
0.5,1840,15,40,15,15,0.03426790773155908,1
0.5,1842,15,15,15,15,0.34077245209018503,1
0.5,1843,15,15,15,15,1.2786467569767999,0
0.5,1852,15,15,15,15,0.742992955933257,0
0.5,1853,15,22,22,22,0.7080802813219452,0
0.5,1857,15,15,15,15,1.301323697819547,0
0.5,1861,15,15,15,15,1.6411064815702734,0
0.5,1862,15,15,15,15,0.7320400799165023,0
0.5,1865,15,29,15,15,0.09911913398521488,1
0.5,1866,15,15,15,15,1.0015856011556432,0
0.5,1867,15,15,15,15,1.5011336539762785,0
0.5,1869,15,15,15,15,0.7012765809170355,0
0.5,1874,15,15,15,15,1.0434157616316355,0
0.5,1885,15,15,15,15,0.5675191229090344,1
0.5,1887,15,15,15,15,0.17810633849859614,1
0.5,1889,15,8,15,15,0.1581845256621438,1
0.5,1891,15,15,15,15,1.7727971006687462,0
0.5,1892,15,15,15,15,1.6951076228205266,0
0.5,1893,15,15,15,15,0.9447099816097546,0
0.5,1897,15,15,15,15,0.2559445436092822,1
0.5,1904,15,15,15,15,1.232288865104625,0
0.5,1907,15,33,37,37,0.04226679784441645,1
0.5,1909,15,15,15,15,1.854539963438293,0
0.5,1911,15,15,15,15,1.1280848887959332,0
0.5,1913,15,45,15,45,1.0539063952974639,0
0.5,1916,15,15,15,15,0.8672074814334159,0
0.5,1920,16,16,16,16,0.0313423514744241,1
0.5,1925,16,16,16,16,1.7405195221200926,0
0.5,1927,16,25,18,18,0.497258952098786,1
0.5,1928,16,15,25,25,0.16512616859751605,1
0.5,1932,16,16,16,16,0.6645097021194639,0
0.5,1933,16,16,27,27,0.07315800418732132,1
0.5,1934,16,16,16,16,0.513559301549715,1
0.5,1944,16,16,16,16,0.6328194764198681,0
0.5,1945,16,16,16,16,0.8433796972673097,0
0.5,1948,16,16,16,16,0.7974213464878344,0
0.5,1949,16,16,16,16,1.0713035798917243,0
0.5,1952,16,16,16,16,0.32972855355761577,1
0.5,1957,16,16,16,16,0.4353921930722754,1
0.5,1958,16,16,36,16,0.7229261795308225,0
0.5,1960,16,16,16,16,0.9359450136205582,0
0.5,1962,16,16,16,16,0.6300219551906967,1
0.5,1963,16,16,16,16,1.4427466977980683,0
0.5,1972,16,16,16,16,0.5221198108035506,1
0.5,1973,16,16,16,16,0.6456609268767702,0
0.5,1977,16,25,25,25,0.28711837865268197,1
0.5,1981,16,19,19,19,0.26409321891814896,1
0.5,1982,16,22,16,16,0.12684131848185065,1
0.5,1985,16,5,16,5,0.7039774126437982,0
0.5,1986,16,16,16,16,0.7331418743209498,0
0.5,1987,16,16,16,16,0.3216727492119562,1
0.5,1989,16,20,20,20,0.3990760514786874,1
0.5,1994,16,25,16,16,0.167742464077142,1
0.5,2005,16,27,25,25,0.06737060548731222,1
0.5,2007,16,16,15,15,0.33074128500658573,1
0.5,2009,16,16,44,44,0.22024658641308614,1
0.5,2011,16,16,16,16,1.1722576292541582,0
0.5,2012,16,25,43,43,0.01675096910906204,1
0.5,2013,16,16,16,16,0.4034400117740763,1
0.5,2017,16,16,16,16,0.43661510890180744,1
0.5,2024,16,16,16,16,0.10296351288455063,1
0.5,2027,16,5,16,16,0.12463625904656628,1
0.5,2029,16,16,16,16,0.0785272691174137,1
0.5,2031,16,46,46,46,0.20123023862631662,1
0.5,2033,16,16,16,16,1.143475873805327,0
0.5,2036,16,16,16,16,0.3698212337044168,1
0.5,2040,17,8,8,8,0.3214078914691839,1
0.5,2045,17,17,17,17,0.8456325677676244,0
0.5,2047,17,38,38,38,0.02535991306183849,1
0.5,2048,17,44,20,20,0.21688990200299307,1
0.5,2052,17,22,22,22,0.802400491426273,0
0.5,2053,17,17,17,17,0.37881906037735413,1
0.5,2054,17,29,29,29,0.20492606386590628,1
0.5,2064,17,17,17,17,0.8294991151089341,0
0.5,2065,17,17,17,17,0.6428852793442573,0
0.5,2068,17,0,0,0,0.5161063713589524,1
0.5,2069,17,42,42,42,1.0345151627808122,0
0.5,2072,17,17,17,17,0.6571600775213531,0
0.5,2077,17,17,17,17,0.11200903584675659,1
0.5,2078,17,17,17,17,0.8782997745681325,0
0.5,2080,17,44,17,17,0.12478903619625559,1
0.5,2082,17,8,17,17,0.44550971712450305,1
0.5,2083,17,17,17,17,1.0753417711787894,0
0.5,2092,17,17,31,17,0.8190813961738439,0
0.5,2093,17,17,17,17,1.0352590559095995,0
0.5,2097,17,28,28,28,0.016615475692516424,1
0.5,2101,17,17,17,17,0.6305627154277472,0
0.5,2102,17,17,17,17,0.9072982461760334,0
0.5,2105,17,17,17,17,1.265907183962765,0
0.5,2106,17,35,17,17,0.22226798047571505,1
0.5,2107,17,17,17,17,1.3458718860250927,0
0.5,2109,17,17,17,17,0.6424444674191612,0
0.5,2114,17,17,17,17,0.15364429027209947,1
0.5,2125,17,17,17,17,0.12208524746103122,1
0.5,2127,17,17,17,17,0.7034453440759854,0
0.5,2129,17,17,17,17,1.19861298135075,0
0.5,2131,17,45,45,45,0.07747418796651095,1
0.5,2132,17,17,17,17,0.4711189674143932,1
0.5,2133,17,17,17,17,0.44968189924057556,1
0.5,2137,17,17,17,17,0.8860283131973141,0
0.5,2144,17,17,17,17,0.683315536391457,0
0.5,2147,17,35,17,17,0.1886267638266098,1
0.5,2149,17,17,17,17,0.8567330159766975,0
0.5,2151,17,17,17,17,0.9974335605516849,0
0.5,2153,17,17,17,17,0.8092444297715276,0
0.5,2156,17,17,17,17,0.9626423586138926,0
0.5,2160,18,18,18,18,1.787591483291553,0
0.5,2165,18,18,18,18,0.7365008718064955,0
0.5,2167,18,18,18,18,1.5465539573840306,0
0.5,2168,18,18,18,18,0.11528554338404629,1
0.5,2172,18,18,18,18,1.8418362311602952,0
0.5,2173,18,15,19,15,0.6796224759179427,0
0.5,2174,18,30,44,44,0.2894920641817421,1
0.5,2184,18,18,18,18,1.087862464973841,0
0.5,2185,18,18,18,18,0.4051161936027996,1
0.5,2188,18,18,18,18,1.275353844501336,0
0.5,2189,18,18,18,18,0.7974593770335074,0
0.5,2192,18,18,18,18,0.8968627199921501,0
0.5,2197,18,44,18,18,0.3332149171947929,1
0.5,2198,18,27,27,27,1.062018000344326,0
0.5,2200,18,30,43,30,0.7999100575542413,0
0.5,2202,18,18,18,18,1.5645564670558603,0
0.5,2203,18,18,18,18,1.8344564371707541,0
0.5,2212,18,18,18,18,1.6637126672788458,0
0.5,2213,18,18,18,18,2.0504661983861983,0
0.5,2217,18,18,18,18,0.3554832711388164,1
0.5,2221,18,18,18,18,0.9265636628156317,0
0.5,2222,18,18,18,18,0.9058145336549764,0
0.5,2225,18,18,18,18,1.278997159407685,0
0.5,2226,18,18,18,18,1.8244828534526636,0
0.5,2227,18,18,18,18,2.006622063926268,0
0.5,2229,18,18,18,18,2.078756692190832,0
0.5,2234,18,18,18,18,1.5733752293890344,0
0.5,2245,18,18,18,18,1.0722472731485733,0
0.5,2247,18,18,18,18,1.2052620513492796,0
0.5,2249,18,18,18,18,2.0597020194064544,0
0.5,2251,18,18,18,18,1.5154031020354033,0
0.5,2252,18,18,18,18,1.1474013378616263,0
0.5,2253,18,18,18,18,1.8525470038193181,0
0.5,2257,18,18,18,18,1.588547136824985,0
0.5,2264,18,18,18,18,1.6505382593168698,0
0.5,2267,18,18,18,18,1.8303770087867242,0
0.5,2269,18,18,18,18,1.0239515958589065,0
0.5,2271,18,25,27,27,0.5090946549438671,1
0.5,2273,18,18,18,18,1.8280634956097943,0
0.5,2276,18,18,18,18,1.852071634428273,0
0.5,2280,19,19,19,19,1.2479389557646863,0
0.5,2285,19,19,19,19,0.5117665732978033,1
0.5,2287,19,19,19,19,1.218126128313628,0
0.5,2288,19,19,19,19,0.6506568223345045,0
0.5,2292,19,21,19,19,0.17399705643886465,1
0.5,2293,19,19,19,19,1.9558723432262812,0
0.5,2294,19,43,19,43,0.6643345894456585,0
0.5,2304,19,46,19,19,0.2886607782682562,1
0.5,2305,19,19,19,19,0.9934291194388961,0
0.5,2308,19,19,19,19,0.7101133502775796,0
0.5,2309,19,19,19,19,0.4258125151121276,1
0.5,2312,19,19,19,19,1.4990224456178645,0
0.5,2317,19,19,19,19,1.4321217931726997,0
0.5,2318,19,19,19,19,1.3402593781217629,0
0.5,2320,19,19,19,19,0.717813678879921,0
0.5,2322,19,19,19,19,1.515346287959047,0
0.5,2323,19,19,19,19,0.6751731214618124,0
0.5,2332,19,19,19,19,1.7407999984760023,0
0.5,2333,19,19,19,19,0.6579800441753599,0
0.5,2337,19,19,19,19,0.020158484257884135,1
0.5,2341,19,19,19,19,1.2979502735170474,0
0.5,2342,19,19,19,19,0.007313313812749245,1
0.5,2345,19,46,19,19,0.011049966982270343,1
0.5,2346,19,19,19,19,1.4015820542987079,0
0.5,2347,19,19,19,19,1.2831988841684412,0
0.5,2349,19,19,19,19,1.0300668009145835,0
0.5,2354,19,19,19,19,1.284109251675363,0
0.5,2365,19,19,19,19,1.3487178724156654,0
0.5,2367,19,19,19,19,0.4288925624933493,1
0.5,2369,19,19,19,19,0.18122905686273372,1
0.5,2371,19,35,35,35,0.4543768387083712,1
0.5,2372,19,19,19,19,2.241418969180512,0
0.5,2373,19,19,19,19,1.0386163186756192,0
0.5,2377,19,19,19,19,1.5494504996360683,0
0.5,2384,19,19,19,19,1.1743723493116325,0
0.5,2387,19,19,8,8,0.16984458325788443,1
0.5,2389,19,21,6,6,0.34371288448182313,1
0.5,2391,19,19,19,19,1.2847345594646797,0
0.5,2393,19,19,19,19,1.0227075981299367,0
0.5,2396,19,19,19,19,1.2214129945530798,0
0.5,2400,20,20,20,20,0.0828144844359231,1
0.5,2405,20,20,20,20,0.9425347827131905,0
0.5,2407,20,20,20,20,1.4990639157067946,0
0.5,2408,20,20,20,20,1.691832906425421,0
0.5,2412,20,20,21,21,0.13674134846951402,1
0.5,2413,20,44,2,2,0.048786742781171566,1
0.5,2414,20,20,20,20,1.4659979713236444,0
0.5,2424,20,20,20,20,0.5934116030284953,1
0.5,2425,20,20,20,20,1.4044336931544361,0
0.5,2428,20,20,20,20,0.8927783674403775,0
0.5,2429,20,20,20,20,1.6848212838997145,0
0.5,2432,20,44,20,20,0.08221587396381413,1
0.5,2437,20,20,20,20,0.1210697651778323,1
0.5,2438,20,20,20,20,1.1914471971799845,0
0.5,2440,20,20,20,20,0.5031682096473723,1
0.5,2442,20,20,20,20,0.1553196385458263,1
0.5,2443,20,20,20,20,1.4610852592266703,0
0.5,2452,20,20,20,20,1.7687517924615919,0
0.5,2453,20,20,20,20,0.49066624889314114,1
0.5,2457,20,20,20,20,2.0000125976505325,0
0.5,2461,20,20,20,20,2.075383509053757,0
0.5,2462,20,20,20,20,1.6184644347995816,0
0.5,2465,20,20,20,20,1.0174208940383425,0
0.5,2466,20,20,20,20,0.8367710045963077,0
0.5,2467,20,20,20,20,1.2636554672766453,0
0.5,2469,20,20,20,20,0.9234879274494145,0
0.5,2474,20,20,20,20,1.8663105836743508,0
0.5,2485,20,8,20,20,0.37804105670377175,1
0.5,2487,20,20,20,20,0.22272953845568444,1
0.5,2489,20,20,20,20,2.1431477098304725,0
0.5,2491,20,20,20,20,1.5018594060524948,0
0.5,2492,20,20,20,20,1.045414580184362,0
0.5,2493,20,20,20,20,1.8440352103687365,0
0.5,2497,20,20,20,20,0.2025237155837607,1
0.5,2504,20,20,20,20,0.547172069494398,1
0.5,2507,20,20,20,20,1.1480302996705993,0
0.5,2509,20,20,20,20,1.9276452699675648,0
0.5,2511,20,20,20,20,0.3482206049011096,1
0.5,2513,20,20,20,20,1.8136538771512525,0
0.5,2516,20,20,20,20,1.4911901894595796,0
0.5,2520,21,21,21,21,0.38331611722783954,1
0.5,2525,21,21,21,21,0.22514224851917797,1
0.5,2527,21,21,21,21,1.477212199261271,0
0.5,2528,21,21,21,21,1.6156812690678826,0
0.5,2532,21,21,21,21,1.7586992931836478,0
0.5,2533,21,21,21,21,2.3184646220981775,0
0.5,2534,21,21,21,21,1.8579174862196388,0
0.5,2544,21,21,21,21,1.1770124571113043,0
0.5,2545,21,21,21,21,2.1471262171866043,0
0.5,2548,21,21,21,21,1.2974013861643725,0
0.5,2549,21,21,21,21,0.7474244071157451,0
0.5,2552,21,21,21,21,1.4576798817548686,0
0.5,2557,21,21,21,21,1.323608953140449,0
0.5,2558,21,21,21,21,1.231851106492612,0
0.5,2560,21,21,21,21,0.35003232861730416,1
0.5,2562,21,21,21,21,0.9145591708534537,0
0.5,2563,21,21,21,21,1.3521524489011936,0
0.5,2572,21,21,21,21,0.5549625064063768,1
0.5,2573,21,21,21,21,1.2690942015471043,0
0.5,2577,21,21,20,20,0.4725922779853683,1
0.5,2581,21,21,21,21,0.8491214306912516,0
0.5,2582,21,21,21,21,0.8310165916764969,0
0.5,2585,21,21,21,21,1.9305457510687674,0
0.5,2586,21,21,21,21,0.9168487350720235,0
0.5,2587,21,21,21,21,0.7446457917780562,0
0.5,2589,21,21,21,21,1.2428096247271614,0
0.5,2594,21,21,21,21,2.1990862479351656,0
0.5,2605,21,21,21,21,0.9030864497385833,0
0.5,2607,21,21,21,21,0.4920362411895193,1
0.5,2609,21,15,15,15,0.05000152642855782,1
0.5,2611,21,10,10,10,0.3486056448374598,1
0.5,2612,21,21,21,21,2.0418918261208194,0
0.5,2613,21,21,21,21,1.6159956945738867,0
0.5,2617,21,21,21,21,1.416229296244204,0
0.5,2624,21,21,21,21,0.47602848451925084,1
0.5,2627,21,21,21,21,2.333446883571768,0
0.5,2629,21,21,21,21,1.2288209403304906,0
0.5,2631,21,21,21,21,0.8527640139397843,0
0.5,2633,21,21,21,21,0.14700540220224334,1
0.5,2636,21,21,21,21,2.338631983703645,0
0.5,2640,22,22,22,22,0.31821511678280046,1
0.5,2645,22,0,22,22,0.09973857597555646,1
0.5,2647,22,0,0,0,0.31487383774042743,1
0.5,2648,22,22,22,22,0.32432829628558135,1
0.5,2652,22,22,22,22,0.6153656930000729,1
0.5,2653,22,22,22,22,0.18153441912588142,1
0.5,2654,22,22,0,0,0.6079193236579301,1
0.5,2664,22,17,45,45,0.21030155106727455,1
0.5,2665,22,22,45,45,0.03229992503666668,1
0.5,2668,22,29,29,29,1.1126787672290408,0
0.5,2669,22,0,0,0,0.4477341084569645,1
0.5,2672,22,22,22,22,1.5080154705190558,0
0.5,2677,22,22,22,22,1.1175852599539395,0
0.5,2678,22,22,22,22,1.2285580772077451,0
0.5,2680,22,22,22,22,0.7188822766407249,0
0.5,2682,22,17,17,17,0.7254872689568902,0
0.5,2683,22,22,22,22,1.6137094474205025,0
0.5,2692,22,22,22,22,0.5545559845424434,1
0.5,2693,22,22,22,22,1.1157338257707068,0
0.5,2697,22,22,22,22,0.36150698519070523,1
0.5,2701,22,22,22,22,0.38820580168836405,1
0.5,2702,22,22,22,22,0.08116159518961519,1
0.5,2705,22,22,22,22,1.7223537338545496,0
0.5,2706,22,0,0,0,0.2610757324237929,1
0.5,2707,22,22,22,22,1.6928136943890033,0
0.5,2709,22,22,22,22,0.8278922950135978,0
0.5,2714,22,22,22,22,1.8796668989556942,0
0.5,2725,22,22,17,17,0.5517408437965908,1
0.5,2727,22,39,39,39,1.6370759247010875,0
0.5,2729,22,22,22,22,0.16404786192078968,1
0.5,2731,22,22,22,22,0.7412721153846614,0
0.5,2732,22,17,22,22,0.10507453795730881,1
0.5,2733,22,22,22,22,1.120015560759295,0
0.5,2737,22,22,22,22,0.3858882980326259,1
0.5,2744,22,22,0,0,0.3034541929264062,1
0.5,2747,22,15,22,22,0.1591681982632206,1
0.5,2749,22,22,22,22,1.2230517800350793,0
0.5,2751,22,0,22,22,0.006847809021490958,1
0.5,2753,22,0,22,22,0.270336547275541,1
0.5,2756,22,20,20,20,0.2475494944408818,1
0.5,2760,23,21,23,23,0.18235720923421828,1
0.5,2765,23,28,23,23,0.32116774528242764,1
0.5,2767,23,28,23,23,0.14699979299454813,1
0.5,2768,23,28,12,12,0.13326800900477265,1
0.5,2772,23,37,37,37,0.8106130281259265,0
0.5,2773,23,37,37,37,0.313793846886123,1
0.5,2774,23,28,23,23,0.10791092659904855,1
0.5,2784,23,23,23,23,0.8793283317532167,0
0.5,2785,23,23,23,23,0.31000585181503015,1
0.5,2788,23,1,23,23,0.23174579477403823,1
0.5,2789,23,23,23,23,0.9676433852616231,0
0.5,2792,23,23,23,23,1.1104959163350614,0
0.5,2797,23,23,23,23,0.996083929858339,0
0.5,2798,23,37,37,37,0.8771462019089673,0
0.5,2800,23,23,23,23,1.3656867672600135,0
0.5,2802,23,23,23,23,1.5502575422254885,0
0.5,2803,23,23,23,23,0.9712238373568945,0
0.5,2812,23,24,23,23,0.16118670442946514,1
0.5,2813,23,23,23,23,1.4060200534258147,0
0.5,2817,23,23,23,23,0.5762053211257925,1
0.5,2821,23,23,23,23,2.05805920636947,0
0.5,2822,23,23,23,23,0.6315276418765028,0
0.5,2825,23,15,23,23,0.07603162854518586,1
0.5,2826,23,23,23,23,0.43195650623874027,1
0.5,2827,23,23,23,23,0.9825692206374184,0
0.5,2829,23,28,28,28,0.6537862981252771,0
0.5,2834,23,23,23,23,0.9668728752860709,0
0.5,2845,23,23,23,23,1.4185179474755765,0
0.5,2847,23,23,23,23,0.7891005621168634,0
0.5,2849,23,23,37,37,0.09705284289612859,1
0.5,2851,23,23,23,23,1.3937355726812002,0
0.5,2852,23,23,1,1,0.07727802388854754,1
0.5,2853,23,23,23,23,0.20119762377226602,1
0.5,2857,23,23,23,23,1.3210613964623212,0
0.5,2864,23,23,23,23,1.0329767270741632,0
0.5,2867,23,23,23,23,0.6463646802985625,0
0.5,2869,23,38,23,23,0.193388410804193,1
0.5,2871,23,23,23,23,0.4665877288661907,1
0.5,2873,23,45,23,23,0.09063193110812506,1
0.5,2876,23,23,23,23,0.6284534144463155,1
0.5,2880,24,24,24,24,1.0724562719322641,0
0.5,2885,24,24,24,24,0.4189487200773915,1
0.5,2887,24,24,24,24,0.030239970680606687,1
0.5,2888,24,24,24,24,0.6113054175595587,1
0.5,2892,24,31,31,31,0.7221738540728542,0
0.5,2893,24,24,24,24,0.9812497914887341,0
0.5,2894,24,24,24,24,1.7718178433528462,0
0.5,2904,24,44,5,5,0.10735624924441534,1
0.5,2905,24,24,24,24,0.6096401033709986,1
0.5,2908,24,11,11,11,1.1249391319457211,0
0.5,2909,24,24,24,24,0.8702749743359075,0
0.5,2912,24,24,24,24,0.5350543170240681,1
0.5,2917,24,14,14,14,1.3313856608087211,0
0.5,2918,24,24,24,24,1.00786008627362,0
0.5,2920,24,24,24,24,1.3524879767727662,0
0.5,2922,24,24,24,24,0.48102186737849284,1
0.5,2923,24,24,24,24,1.0504203958771663,0
0.5,2932,24,29,11,11,0.1519589625238117,1
0.5,2933,24,24,24,24,0.8598876156489123,0
0.5,2937,24,24,24,24,0.21269236778807799,1
0.5,2941,24,4,20,20,0.24039080995726259,1
0.5,2942,24,24,24,24,0.3789757981894345,1
0.5,2945,24,24,24,24,1.539188421374019,0
0.5,2946,24,24,24,24,1.5481221375286558,0
0.5,2947,24,24,24,24,0.8528668145870308,0
0.5,2949,24,24,24,24,1.9620484476919484,0
0.5,2954,24,23,37,37,0.046590836353400444,1
0.5,2965,24,24,24,24,0.9004373398420005,0
0.5,2967,24,24,24,24,1.0991325630928477,0
0.5,2969,24,24,24,24,1.0636513223066686,0
0.5,2971,24,24,24,24,0.965630455121537,0
0.5,2972,24,24,24,24,0.2396553995828853,1
0.5,2973,24,24,24,24,1.148688413869091,0
0.5,2977,24,24,24,24,0.896752568642808,0
0.5,2984,24,24,24,24,0.17885902100288276,1
0.5,2987,24,24,24,24,0.4541563802014925,1
0.5,2989,24,11,11,11,0.21275599264677403,1
0.5,2991,24,4,12,12,0.024765225242337485,1
0.5,2993,24,24,24,24,0.7387219148736014,0
0.5,2996,24,24,24,24,0.538363017542321,1
0.5,3000,25,25,25,25,1.7526149356714678,0
0.5,3005,25,16,16,16,0.19813709531828638,1
0.5,3007,25,25,25,25,1.0153036958786301,0
0.5,3008,25,19,25,25,0.02363193128485852,1
0.5,3012,25,18,25,18,1.060673643775238,0
0.5,3013,25,16,16,16,0.7251733989375079,0
0.5,3014,25,16,16,16,0.30137939016600546,1
0.5,3024,25,25,25,25,0.11799863293280155,1
0.5,3025,25,27,27,27,0.5168250702142978,1
0.5,3028,25,25,25,25,0.527449262463789,1
0.5,3029,25,16,16,16,0.13071421786458226,1
0.5,3032,25,16,25,25,0.07139108174247044,1
0.5,3037,25,25,25,25,0.916523308904014,0
0.5,3038,25,18,25,18,0.8354744346745038,0
0.5,3040,25,16,16,16,0.29854222344394,1
0.5,3042,25,25,25,25,2.080530743737647,0
0.5,3043,25,44,25,25,0.04010106815598302,1
0.5,3052,25,18,18,18,0.40939815532912505,1
0.5,3053,25,25,25,25,0.7494295762898073,0
0.5,3057,25,25,25,25,0.5143688392139433,1
0.5,3061,25,16,25,25,0.33051183036700205,1
0.5,3062,25,25,25,25,1.3626513765708905,0
0.5,3065,25,25,25,25,0.17436384865372545,1
0.5,3066,25,25,25,25,1.80749513873296,0
0.5,3067,25,25,25,25,1.6707439767080385,0
0.5,3069,25,25,25,25,0.05646745978010825,1
0.5,3074,25,25,25,25,1.2600591410182913,0
0.5,3085,25,25,25,25,0.4683858839206161,1
0.5,3087,25,25,25,25,1.3214079228212308,0
0.5,3089,25,25,25,25,1.9659201377480084,0
0.5,3091,25,25,25,25,0.008743366075545933,1
0.5,3092,25,25,25,25,1.7997036468831544,0
0.5,3093,25,25,25,25,0.06258235559096614,1
0.5,3097,25,18,18,18,0.8631931203868302,0
0.5,3104,25,25,25,25,0.3177784611589485,1
0.5,3107,25,25,25,25,0.7493466439473482,0
0.5,3109,25,25,25,25,1.805913863532815,0
0.5,3111,25,25,25,25,1.7036004944595848,0
0.5,3113,25,25,25,25,1.3478077311639385,0
0.5,3116,25,25,25,25,0.6818901415222813,0
0.5,3120,26,26,26,26,1.4115036158485355,0
0.5,3125,26,26,26,26,0.3355426144081972,1
0.5,3127,26,26,26,26,0.08121159816691459,1
0.5,3128,26,26,26,26,0.660313305186244,0
0.5,3132,26,26,26,26,1.8437473423437,0
0.5,3133,26,26,26,26,1.2212780222125088,0
0.5,3134,26,26,26,26,2.5618716556443406,0
0.5,3144,26,26,26,26,1.377176197858924,0
0.5,3145,26,26,26,26,0.6042071446326167,1
0.5,3148,26,26,26,26,0.17818998026673816,1
0.5,3149,26,26,26,26,2.2374480237923935,0
0.5,3152,26,26,26,26,2.0397047914344055,0
0.5,3157,26,26,26,26,0.816006452941255,0
0.5,3158,26,26,26,26,2.286630781466906,0
0.5,3160,26,26,26,26,1.975718360642075,0
0.5,3162,26,26,26,26,1.069073961523522,0
0.5,3163,26,26,26,26,1.2881879774661218,0
0.5,3172,26,26,26,26,1.2805082051617895,0
0.5,3173,26,26,26,26,1.3367598979106454,0
0.5,3177,26,26,26,26,1.944395316890179,0
0.5,3181,26,26,26,26,1.8940027759378875,0
0.5,3182,26,26,26,26,1.527702268182797,0
0.5,3185,26,26,26,26,1.3624765016048603,0
0.5,3186,26,26,26,26,1.0222799756829088,0
0.5,3187,26,26,26,26,1.2187548039704206,0
0.5,3189,26,19,21,21,0.088296080679514,1
0.5,3194,26,26,26,26,1.5064777667131535,0
0.5,3205,26,26,26,26,0.6509222856352892,0
0.5,3207,26,26,26,26,1.1045599056715756,0
0.5,3209,26,19,26,26,0.02941664307823899,1
0.5,3211,26,26,26,26,1.4890676253598332,0
0.5,3212,26,26,26,26,1.8508007809125593,0
0.5,3213,26,26,26,26,1.3727882758838121,0
0.5,3217,26,26,26,26,1.7259289202866572,0
0.5,3224,26,41,41,41,0.2060888789996569,1
0.5,3227,26,26,26,26,2.2503933768604725,0
0.5,3229,26,26,26,26,0.18162280744733272,1
0.5,3231,26,26,26,26,1.6546830077521142,0
0.5,3233,26,26,26,26,2.2940065342961886,0
0.5,3236,26,26,26,26,2.119754690678312,0
0.5,3240,27,27,27,27,0.9706571017497468,0
0.5,3245,27,27,27,27,1.0116123995564241,0
0.5,3247,27,27,27,27,0.6087597029649776,1
0.5,3248,27,27,27,27,0.7022736865388186,0
0.5,3252,27,27,27,27,1.5776505733611443,0
0.5,3253,27,16,40,40,0.0009430083799654709,1
0.5,3254,27,27,27,27,0.6543309155811718,0
0.5,3264,27,27,27,27,0.3315440570057363,1
0.5,3265,27,27,27,27,0.26220652216788365,1
0.5,3268,27,27,27,27,0.4595192888645502,1
0.5,3269,27,27,27,27,0.25964700352076986,1
0.5,3272,27,27,27,27,0.05035331123611975,1
0.5,3277,27,30,27,27,0.1476711315557706,1
0.5,3278,27,27,27,27,0.9243541406046489,0
0.5,3280,27,27,27,27,0.6294867776209262,1
0.5,3282,27,16,27,27,0.1967107105814555,1
0.5,3283,27,27,27,27,1.387983591084152,0
0.5,3292,27,27,27,27,1.386491186212081,0
0.5,3293,27,27,27,27,0.8626788499061596,0
0.5,3297,27,27,27,27,0.026208017277508322,1
0.5,3301,27,40,40,40,0.2936699176354157,1
0.5,3302,27,30,43,43,0.46132949638512766,1
0.5,3305,27,44,44,44,0.11402401006135798,1
0.5,3306,27,27,27,27,1.0034920633904423,0
0.5,3307,27,27,27,27,0.5299974046813889,1
0.5,3309,27,40,2,2,0.238424146786969,1
0.5,3314,27,27,27,27,0.1687593174264702,1
0.5,3325,27,27,27,27,0.2619360790044023,1
0.5,3327,27,10,10,10,0.10275116955385177,1
0.5,3329,27,27,27,27,1.0317070731289504,0
0.5,3331,27,40,30,30,0.005996135251993495,1
0.5,3332,27,27,27,27,0.20927731577536546,1
0.5,3333,27,30,27,27,0.0780966062633337,1
0.5,3337,27,40,40,40,0.3149554957585623,1
0.5,3344,27,27,12,12,0.016457125176080445,1
0.5,3347,27,21,27,27,0.4155883395806579,1
0.5,3349,27,27,27,27,0.6090465172405832,1
0.5,3351,27,27,27,27,0.2463089615736085,1
0.5,3353,27,27,27,27,1.669093278625591,0
0.5,3356,27,30,30,30,0.3093385247436018,1
0.5,3360,28,31,4,4,0.12349806439199984,1
0.5,3365,28,28,28,28,0.823924828509847,0
0.5,3367,28,28,28,28,0.25658260014496215,1
0.5,3368,28,3,32,32,0.5970468242465525,1
0.5,3372,28,28,28,28,0.3334176955186078,1
0.5,3373,28,32,4,4,0.19291633152959164,1
0.5,3374,28,28,28,28,0.29366341214595126,1
0.5,3384,28,28,28,28,0.3547382199314514,1
0.5,3385,28,32,35,35,0.08610687674397643,1
0.5,3388,28,28,28,28,0.4081571031377693,1
0.5,3389,28,4,4,4,0.28194304530378966,1
0.5,3392,28,37,37,37,0.4923003942781934,1
0.5,3397,28,12,28,28,0.2747958317983451,1
0.5,3398,28,32,28,28,0.013521108366482903,1
0.5,3400,28,28,28,28,0.24370845437276445,1
0.5,3402,28,1,34,34,0.3091164076527404,1
0.5,3403,28,20,39,20,0.6335664556702466,0
0.5,3412,28,28,28,28,0.5277445255372153,1
0.5,3413,28,28,28,28,0.5774583558742759,1
0.5,3417,28,28,28,28,0.10713863508816313,1
0.5,3421,28,32,32,32,0.28916527229644295,1
0.5,3422,28,31,28,28,0.18061975331458435,1
0.5,3425,28,28,28,28,1.1052028301414252,0
0.5,3426,28,28,28,28,0.8181896557871084,0
0.5,3427,28,31,31,31,0.034080867009509186,1
0.5,3429,28,28,28,28,0.991533917971289,0
0.5,3434,28,28,31,31,0.021052359413471833,1
0.5,3445,28,38,38,38,0.2571067009543866,1
0.5,3447,28,28,28,28,1.019324504872937,0
0.5,3449,28,28,28,28,0.539975692071807,1
0.5,3451,28,4,4,4,0.1511324541452792,1
0.5,3452,28,32,4,4,0.1266147026081006,1
0.5,3453,28,28,28,28,0.28619683315281697,1
0.5,3457,28,28,28,28,0.06593447686433473,1
0.5,3464,28,32,32,32,0.6875472026726507,0
0.5,3467,28,13,13,13,0.5054593217715334,1
0.5,3469,28,36,4,4,0.18684769917247113,1
0.5,3471,28,40,27,27,0.20781793950590344,1
0.5,3473,28,28,28,28,0.5101006872757956,1
0.5,3476,28,28,28,28,0.5193147663359936,1
0.5,3480,29,18,29,29,0.20554466151135498,1
0.5,3485,29,38,29,29,0.08041304967444707,1
0.5,3487,29,38,38,38,0.27832663205670183,1
0.5,3488,29,29,29,29,0.9504945179849603,0
0.5,3492,29,29,29,29,1.1575583254163724,0
0.5,3493,29,18,29,29,0.10433805559348608,1
0.5,3494,29,29,29,29,0.9538640338786408,0
0.5,3504,29,29,15,15,0.2932682272001872,1
0.5,3505,29,17,15,15,0.12366929015483041,1
0.5,3508,29,29,29,29,0.5078148829904419,1
0.5,3509,29,29,29,29,1.3291029498518427,0
0.5,3512,29,13,29,29,0.09663740877049487,1
0.5,3517,29,17,29,29,0.3490359193031025,1
0.5,3518,29,17,17,17,0.12130468713250586,1
0.5,3520,29,29,29,29,0.1513512484893048,1
0.5,3522,29,29,29,29,1.6772384098070954,0
0.5,3523,29,29,29,29,2.492518236548702,0
0.5,3532,29,29,29,29,1.0010419924634089,0
0.5,3533,29,14,29,29,0.21136707537185262,1
0.5,3537,29,29,29,29,0.8850579819310109,0
0.5,3541,29,2,29,29,0.03948176796338676,1
0.5,3542,29,29,29,29,0.40694563076689594,1
0.5,3545,29,29,29,29,0.818030371756674,0
0.5,3546,29,29,29,29,0.2460531490410841,1
0.5,3547,29,29,29,29,1.0512347281624241,0
0.5,3549,29,18,29,29,0.22739647828739207,1
0.5,3554,29,29,29,29,0.37818435124019156,1
0.5,3565,29,29,29,29,1.4674572971100561,0
0.5,3567,29,29,29,29,0.7888533526387671,0
0.5,3569,29,45,45,45,0.5843091275221537,1
0.5,3571,29,17,17,17,0.5844693437042657,1
0.5,3572,29,29,29,29,0.2505725317487104,1
0.5,3573,29,16,16,16,0.09111643457198859,1
0.5,3577,29,29,29,29,0.533988740782189,1
0.5,3584,29,29,29,29,0.3909357323299848,1
0.5,3587,29,29,29,29,0.6301997925362488,1
0.5,3589,29,17,17,17,0.8543720032576512,0
0.5,3591,29,29,29,29,0.8055226823996204,0
0.5,3593,29,35,29,29,0.4836034226104938,1
0.5,3596,29,29,29,29,0.9686699103947469,0
0.5,3600,30,30,30,30,1.1100071414872275,0
0.5,3605,30,30,30,30,0.8237287288751766,0
0.5,3607,30,30,30,30,1.5946593644800835,0
0.5,3608,30,30,30,30,0.0440750091931944,1
0.5,3612,30,27,27,27,0.38585989581972835,1
0.5,3613,30,30,30,30,0.3162355516264381,1
0.5,3614,30,30,30,30,1.1431456256548627,0
0.5,3624,30,30,30,30,1.18165104722614,0
0.5,3625,30,30,30,30,0.9655518006261449,0
0.5,3628,30,30,30,30,1.347583747195515,0
0.5,3629,30,10,10,10,0.5276077067380169,1
0.5,3632,30,10,30,30,0.11500751371398643,1
0.5,3637,30,30,30,30,1.0107937231800566,0
0.5,3638,30,27,27,27,0.44611157540544344,1
0.5,3640,30,30,30,30,1.1317927541094719,0
0.5,3642,30,29,10,10,0.14790246181111233,1
0.5,3643,30,30,10,10,0.1443085728479505,1
0.5,3652,30,10,30,30,0.21552932515967094,1
0.5,3653,30,30,10,10,0.17658408357418953,1
0.5,3657,30,30,30,30,0.05150971076424227,1
0.5,3661,30,30,30,30,1.0224396858371014,0
0.5,3662,30,33,40,40,0.2636144482622518,1
0.5,3665,30,30,30,30,0.005659597411748707,1
0.5,3666,30,30,30,30,0.24048698982041405,1
0.5,3667,30,30,10,30,0.8148992899671269,0
0.5,3669,30,30,10,10,0.16586114645436578,1
0.5,3674,30,30,30,30,0.5231902575025641,1
0.5,3685,30,30,30,30,0.3305371680369027,1
0.5,3687,30,30,30,30,0.8223912493594837,0
0.5,3689,30,30,30,30,0.8252142965228901,0
0.5,3691,30,10,10,10,0.12323881028546158,1
0.5,3692,30,10,30,30,0.08217822215269588,1
0.5,3693,30,10,10,10,0.138234983585793,1
0.5,3697,30,30,30,30,0.6701644792244444,0
0.5,3704,30,27,30,30,0.09731101103438722,1
0.5,3707,30,30,30,30,1.5534787663684007,0
0.5,3709,30,30,30,30,0.572477749099136,1
0.5,3711,30,10,10,10,0.36983854968284047,1
0.5,3713,30,10,10,10,0.5936839762079863,1
0.5,3716,30,30,30,30,1.225344547277804,0
0.5,3720,31,31,31,31,0.27691852922646887,1
0.5,3725,31,31,31,31,0.7211628099245173,0
0.5,3727,31,28,28,28,0.38006299718806413,1
0.5,3728,31,12,12,12,0.5090258050060271,1
0.5,3732,31,45,31,31,0.00823424187390065,1
0.5,3733,31,28,28,28,0.07945270514187852,1
0.5,3734,31,7,31,31,0.11562908143325079,1
0.5,3744,31,31,31,31,0.9886403186222951,0
0.5,3745,31,31,31,31,0.75146604636466,0
0.5,3748,31,32,31,31,0.055365140802470125,1
0.5,3749,31,31,31,31,0.31128822588424776,1
0.5,3752,31,23,28,28,0.12441553502601566,1
0.5,3757,31,31,31,31,0.5388977884771734,1
0.5,3758,31,32,32,32,0.09976044233341552,1
0.5,3760,31,28,28,28,0.43559096893038673,1
0.5,3762,31,31,31,31,0.8379726356545869,0
0.5,3763,31,28,28,28,0.6083234788940071,1
0.5,3772,31,28,4,4,0.13644110709383106,1
0.5,3773,31,12,12,12,0.5367136344209488,1
0.5,3777,31,31,31,31,0.09367995801898443,1
0.5,3781,31,31,31,31,0.892345777658196,0
0.5,3782,31,31,31,31,0.8870609841034931,0
0.5,3785,31,36,31,31,0.1375570600689423,1
0.5,3786,31,4,31,31,0.4070998777689513,1
0.5,3787,31,7,7,7,0.6107297052193434,1
0.5,3789,31,19,19,19,0.45703522610519476,1
0.5,3794,31,31,31,31,0.7252666159889065,0
0.5,3805,31,31,31,31,0.11564935282832223,1
0.5,3807,31,31,31,31,1.2068544585351044,0
0.5,3809,31,33,33,33,0.35068482542841695,1
0.5,3811,31,31,31,31,0.15099622219711817,1
0.5,3812,31,23,1,1,0.04981044639169563,1
0.5,3813,31,31,31,31,0.8070146847886775,0
0.5,3817,31,12,31,31,0.013271307874318294,1
0.5,3824,31,4,31,31,0.0033553546702399517,1
0.5,3827,31,28,28,28,0.30604624052410334,1
0.5,3829,31,31,12,12,0.012453396124449179,1
0.5,3831,31,28,31,31,0.1122303302154335,1
0.5,3833,31,31,31,31,0.3794972253927351,1
0.5,3836,31,31,31,31,0.6696166631115884,0
0.5,3840,32,32,32,32,1.1102439427487918,0
0.5,3845,32,38,32,32,0.5018480961372189,1
0.5,3847,32,32,32,32,0.5427200585072451,1
0.5,3848,32,32,32,32,0.28950382004605235,1
0.5,3852,32,32,32,32,0.6770249560788758,0
0.5,3853,32,32,32,32,1.6270995193061961,0
0.5,3854,32,32,32,32,1.0857058526079397,0
0.5,3864,32,38,32,32,0.22104685209284813,1
0.5,3865,32,32,32,32,1.6410394267983184,0
0.5,3868,32,32,32,32,0.9216141144385264,0
0.5,3869,32,32,32,32,1.3116005685730545,0
0.5,3872,32,32,32,32,1.5350545114166012,0
0.5,3877,32,32,32,32,1.0839430998682578,0
0.5,3878,32,32,32,32,2.3431256834481156,0
0.5,3880,32,32,32,32,1.139076894543988,0
0.5,3882,32,32,32,32,0.45352086677685466,1
0.5,3883,32,32,32,32,1.574309562447338,0
0.5,3892,32,32,32,32,0.5706371642735436,1
0.5,3893,32,32,32,32,2.0559147573884373,0
0.5,3897,32,32,32,32,0.6314099276160824,0
0.5,3901,32,7,7,7,0.9289412901932077,0
0.5,3902,32,32,32,32,0.9903633756409336,0
0.5,3905,32,32,32,32,1.6543340976498813,0
0.5,3906,32,32,32,32,1.8193201047765215,0
0.5,3907,32,32,32,32,2.0035963080981816,0
0.5,3909,32,32,32,32,1.0915620730918474,0
0.5,3914,32,32,32,32,0.7725135471351473,0
0.5,3925,32,32,32,32,1.2436997894809003,0
0.5,3927,32,32,32,32,0.8042749428763036,0
0.5,3929,32,7,32,32,0.168228010371269,1
0.5,3931,32,32,32,32,1.5612530500258845,0
0.5,3932,32,38,32,32,0.5393347209354197,1
0.5,3933,32,32,32,32,1.2317984287253276,0
0.5,3937,32,32,32,32,1.9764931273499182,0
0.5,3944,32,32,32,32,1.6714171968380611,0
0.5,3947,32,32,32,32,1.3960894718345693,0
0.5,3949,32,32,32,32,1.5779576184837794,0
0.5,3951,32,32,32,32,1.6618174695032157,0
0.5,3953,32,32,32,32,2.1338653767620572,0
0.5,3956,32,38,32,32,0.0805377544792314,1
0.5,3960,33,4,40,40,0.016778511593457557,1
0.5,3965,33,33,4,4,0.4178838496459958,1
0.5,3967,33,33,33,33,0.4615370850519416,1
0.5,3968,33,33,33,33,1.0463110637644184,0
0.5,3972,33,33,33,33,0.7431040153696785,0
0.5,3973,33,35,33,33,0.07408235448460843,1
0.5,3974,33,33,33,33,1.2735164325404909,0
0.5,3984,33,33,33,33,0.7694863127781316,0
0.5,3985,33,33,33,33,0.8159542189774107,0
0.5,3988,33,33,33,33,0.02854950009380186,1
0.5,3989,33,33,33,33,1.527440725631233,0
0.5,3992,33,33,33,33,0.7143613669712229,0
0.5,3997,33,21,33,33,0.016342817955489863,1
0.5,3998,33,33,33,33,1.8665356907067583,0
0.5,4000,33,33,33,33,1.889012129662809,0
0.5,4002,33,33,33,33,1.2671408888492963,0
0.5,4003,33,33,33,33,1.094313040724947,0
0.5,4012,33,33,33,33,2.021073340622548,0
0.5,4013,33,8,4,4,0.03243989920998003,1
0.5,4017,33,18,33,33,0.021943573973919772,1
0.5,4021,33,33,33,33,1.1318079743005829,0
0.5,4022,33,33,33,33,1.0122383418053684,0
0.5,4025,33,33,33,33,0.7449761316078231,0
0.5,4026,33,33,33,33,1.8802546546587349,0
0.5,4027,33,33,33,33,1.2570673725650878,0
0.5,4029,33,33,33,33,1.5631531735223199,0
0.5,4034,33,33,33,33,2.089082065723911,0
0.5,4045,33,26,29,29,0.003031608140016684,1
0.5,4047,33,33,33,33,1.1219406914017283,0
0.5,4049,33,33,33,33,0.31967267742778005,1
0.5,4051,33,33,33,33,1.7858440099265542,0
0.5,4052,33,33,33,33,1.7890454663675712,0
0.5,4053,33,33,33,33,0.9053426898367107,0
0.5,4057,33,18,18,18,0.04034021716636582,1
0.5,4064,33,33,33,33,0.648354359544492,0
0.5,4067,33,33,33,33,2.3928753197644004,0
0.5,4069,33,27,11,27,0.6628823794854588,0
0.5,4071,33,33,33,33,0.6247482688957511,1
0.5,4073,33,33,33,33,1.3658030699037935,0
0.5,4076,33,33,33,33,0.27188713970369804,1
0.5,4080,34,34,34,34,0.2800693799675201,1
0.5,4085,34,1,1,1,0.4840471761288021,1
0.5,4087,34,34,1,1,0.11228206336916302,1
0.5,4088,34,34,34,34,0.3699759925689192,1
0.5,4092,34,37,37,37,0.22288563230250313,1
0.5,4093,34,34,1,1,0.080233818531799,1
0.5,4094,34,34,34,34,0.9358200196948666,0
0.5,4104,34,34,34,34,0.08167425864795197,1
0.5,4105,34,37,37,37,0.48642302461616327,1
0.5,4108,34,34,34,34,0.17934455932189164,1
0.5,4109,34,1,28,28,0.472658890535254,1
0.5,4112,34,34,34,34,0.1245476306173614,1
0.5,4117,34,32,34,32,0.7719868913253413,0
0.5,4118,34,29,34,34,0.2208288929475537,1
0.5,4120,34,34,34,34,0.5445532262507147,1
0.5,4122,34,34,1,1,0.14497550050537256,1
0.5,4123,34,1,28,28,0.5494272922526193,1
0.5,4132,34,34,34,34,1.1853347816712656,0
0.5,4133,34,1,1,1,0.459461155497755,1
0.5,4137,34,23,37,37,0.12456630970801197,1
0.5,4141,34,11,34,34,0.013403088079260606,1
0.5,4142,34,34,34,34,0.4119750940072877,1
0.5,4145,34,38,34,34,0.23977371060027863,1
0.5,4146,34,34,34,34,1.5440841115311466,0
0.5,4147,34,34,34,34,1.8969112958546046,0
0.5,4149,34,1,1,1,0.10227312378164033,1
0.5,4154,34,34,34,34,0.46077557745311815,1
0.5,4165,34,34,34,34,1.1180584476683904,0
0.5,4167,34,15,15,15,0.054394083958634654,1
0.5,4169,34,8,34,34,0.1018647510576135,1
0.5,4171,34,34,34,34,1.6611030538727016,0
0.5,4172,34,37,37,37,0.05734430382652189,1
0.5,4173,34,13,13,13,0.03501430846155251,1
0.5,4177,34,37,34,34,0.03270542314248859,1
0.5,4184,34,34,34,34,1.6372379020041534,0
0.5,4187,34,34,34,34,0.5708516598747087,1
0.5,4189,34,34,34,34,0.8349284561490247,0
0.5,4191,34,34,34,34,1.0230433494807047,0
0.5,4193,34,34,34,34,0.7641397544434475,0
0.5,4196,34,37,34,34,0.20752209027695734,1
0.5,4200,35,25,35,35,0.4897431944155971,1
0.5,4205,35,35,35,35,0.21895986397916245,1
0.5,4207,35,35,35,35,1.037687589131283,0
0.5,4208,35,35,35,35,0.5115404873692895,1
0.5,4212,35,35,35,35,1.663083257713712,0
0.5,4213,35,35,35,35,0.4630073554498615,1
0.5,4214,35,35,35,35,1.3759953696592766,0
0.5,4224,35,33,33,33,0.852680654497377,0
0.5,4225,35,35,35,35,1.3554463000971635,0
0.5,4228,35,35,35,35,1.719571112997877,0
0.5,4229,35,35,35,35,1.5217373969254668,0
0.5,4232,35,41,35,35,0.0162373474366051,1
0.5,4237,35,35,35,35,1.6135657818859224,0
0.5,4238,35,35,35,35,0.41983497402629355,1
0.5,4240,35,35,35,35,1.5839425116640289,0
0.5,4242,35,19,19,19,0.4471041681689726,1
0.5,4243,35,35,35,35,1.6440320761563991,0
0.5,4252,35,35,35,35,1.7945439417227143,0
0.5,4253,35,35,35,35,0.061526612605893205,1
0.5,4257,35,35,35,35,1.1127043171263176,0
0.5,4261,35,35,35,35,1.5139530232498153,0
0.5,4262,35,34,35,35,0.2065680123285072,1
0.5,4265,35,35,41,41,0.1928176854300342,1
0.5,4266,35,35,35,35,1.2138053713894799,0
0.5,4267,35,24,35,35,0.007447932766307952,1
0.5,4269,35,17,35,35,0.003978026781467414,1
0.5,4274,35,35,35,35,1.897265665359744,0
0.5,4285,35,46,46,46,0.7634310437075701,0
0.5,4287,35,35,35,35,1.4025358145566678,0
0.5,4289,35,35,35,35,1.1899913231623191,0
0.5,4291,35,35,35,35,0.7912687713491429,0
0.5,4292,35,35,35,35,2.1543563449452483,0
0.5,4293,35,35,35,35,1.1837605980538934,0
0.5,4297,35,41,41,41,0.7417769400349887,0
0.5,4304,35,35,35,35,1.2549936576939462,0
0.5,4307,35,35,35,35,0.6409819293236075,0
0.5,4309,35,35,35,35,0.2831144735083734,1
0.5,4311,35,41,41,41,0.012849234895674355,1
0.5,4313,35,35,35,35,0.46021008012444553,1
0.5,4316,35,35,35,35,1.6352738260099617,0
0.5,4320,36,36,36,36,1.2472621668057426,0
0.5,4325,36,9,28,28,0.022426904313469165,1
0.5,4327,36,27,12,12,0.23603696805294117,1
0.5,4328,36,3,28,28,0.05390474607372209,1
0.5,4332,36,3,36,36,0.3571202538994164,1
0.5,4333,36,3,3,3,0.38888392454782506,1
0.5,4334,36,3,36,36,0.2754050650027192,1
0.5,4344,36,36,36,36,0.3074071536466645,1
0.5,4345,36,36,36,36,2.865248146008672,0
0.5,4348,36,36,36,36,0.9966381867274191,0
0.5,4349,36,36,36,36,0.7732003423335618,0
0.5,4352,36,36,37,37,0.012777237442024636,1
0.5,4357,36,36,36,36,0.2596979029870151,1
0.5,4358,36,36,36,36,2.2407893521210345,0
0.5,4360,36,36,36,36,2.0609981973861458,0
0.5,4362,36,36,36,36,2.704333879349917,0
0.5,4363,36,3,42,42,0.45221384227252304,1
0.5,4372,36,23,36,36,0.0255377477290043,1
0.5,4373,36,36,36,36,0.4730726878148104,1
0.5,4377,36,36,36,36,2.524932975056097,0
0.5,4381,36,36,36,36,1.0708001082393634,0
0.5,4382,36,36,36,36,0.7674328010816742,0
0.5,4385,36,10,10,10,0.7028691061812238,0
0.5,4386,36,36,1,1,0.3173446816967196,1
0.5,4387,36,44,12,12,0.2028849905353305,1
0.5,4389,36,36,36,36,0.5175546758962933,1
0.5,4394,36,36,36,36,0.22201382629134303,1
0.5,4405,36,3,4,4,0.32663382293071563,1
0.5,4407,36,36,36,36,0.3184086369547162,1
0.5,4409,36,36,36,36,0.9662976847247388,0
0.5,4411,36,9,36,36,0.1879914372275302,1
0.5,4412,36,13,14,14,0.08228972482225183,1
0.5,4413,36,14,14,14,0.29019239995878754,1
0.5,4417,36,36,36,36,0.434504773327711,1
0.5,4424,36,36,36,36,0.6272245210653982,1
0.5,4427,36,36,36,36,0.7981427490909709,0
0.5,4429,36,36,36,36,0.08125945497312315,1
0.5,4431,36,10,36,36,0.07624604328422668,1
0.5,4433,36,36,36,36,0.29839719258099806,1
0.5,4436,36,36,36,36,0.7829646178896158,0
0.5,4440,37,15,37,37,0.0770153557018809,1
0.5,4445,37,37,37,37,0.3067450949412025,1
0.5,4447,37,23,23,23,0.11161617974250393,1
0.5,4448,37,37,37,37,0.94439805273968,0
0.5,4452,37,37,37,37,0.8350083601356597,0
0.5,4453,37,31,1,1,0.025302720457866967,1
0.5,4454,37,37,37,37,0.2656147520071064,1
0.5,4464,37,37,23,23,0.08105518208425222,1
0.5,4465,37,16,7,7,0.07393677030526613,1
0.5,4468,37,7,34,34,0.06286785372750958,1
0.5,4469,37,37,37,37,0.02481085711736364,1
0.5,4472,37,12,31,31,0.2656345993002147,1
0.5,4477,37,37,37,37,0.4667709132309521,1
0.5,4478,37,37,37,37,0.611213553553712,1
0.5,4480,37,34,37,37,0.3343013106426167,1
0.5,4482,37,37,37,37,0.23029470595752866,1
0.5,4483,37,14,37,37,0.08798547362183862,1
0.5,4492,37,37,37,37,1.0942569283262755,0
0.5,4493,37,16,19,19,0.06716892731910362,1
0.5,4497,37,32,37,37,0.16117838707115917,1
0.5,4501,37,37,37,37,1.6151485493087785,0
0.5,4502,37,37,37,37,0.5681786811662517,1
0.5,4505,37,36,1,1,0.04871208419523043,1
0.5,4506,37,3,15,15,0.4349587606231162,1
0.5,4507,37,39,34,34,0.11690467950355599,1
0.5,4509,37,23,23,23,0.5181238850325233,1
0.5,4514,37,37,37,37,1.0281323409543206,0
0.5,4525,37,37,37,37,1.290228488405789,0
0.5,4527,37,37,37,37,1.34324631547744,0
0.5,4529,37,34,34,34,0.9738907713593062,0
0.5,4531,37,37,37,37,0.03183405967292596,1
0.5,4532,37,34,34,34,0.5150516485133949,1
0.5,4533,37,1,37,37,0.22763919484758333,1
0.5,4537,37,37,35,35,0.10764819980836082,1
0.5,4544,37,37,37,37,0.7212998513086725,0
0.5,4547,37,37,37,37,0.8209685767786946,0
0.5,4549,37,37,11,11,0.042834286320302284,1
0.5,4551,37,28,28,28,0.9955652332620668,0
0.5,4553,37,32,28,28,0.2510301539774549,1
0.5,4556,37,23,37,37,0.1250071790124535,1
0.5,4560,38,38,38,38,1.9868931774663898,0
0.5,4565,38,17,38,38,0.05261593201907622,1
0.5,4567,38,38,1,1,0.006315237404310725,1
0.5,4568,38,38,38,38,0.3201575544379124,1
0.5,4572,38,38,38,38,0.6661992392322326,0
0.5,4573,38,23,23,23,0.27647817155888477,1
0.5,4574,38,38,38,38,0.7062889470418962,0
0.5,4584,38,38,38,38,1.8897277616290626,0
0.5,4585,38,38,38,38,0.8127312823274927,0
0.5,4588,38,38,38,38,2.0508066010482136,0
0.5,4589,38,38,38,38,0.7144109658892972,0
0.5,4592,38,38,38,38,0.7573573923145356,0
0.5,4597,38,38,38,38,1.7589399282240286,0
0.5,4598,38,38,38,38,1.4973370074189276,0
0.5,4600,38,38,38,38,1.229482619622009,0
0.5,4602,38,38,38,38,0.6886294058655249,0
0.5,4603,38,38,38,38,0.813776140232009,0
0.5,4612,38,38,38,38,1.7006352413317236,0
0.5,4613,38,38,38,38,0.3491828807220656,1
0.5,4617,38,38,38,38,1.7818299688856079,0
0.5,4621,38,38,38,38,1.1345593675272885,0
0.5,4622,38,38,38,38,0.3133940725785682,1
0.5,4625,38,38,38,38,1.5953355945912593,0
0.5,4626,38,38,38,38,0.5993505356767137,1
0.5,4627,38,38,38,38,1.2281665723551254,0
0.5,4629,38,38,38,38,1.990621376893297,0
0.5,4634,38,24,38,38,0.11689150435428874,1
0.5,4645,38,38,38,38,0.9091360386217198,0
0.5,4647,38,38,38,38,0.8831741786625197,0
0.5,4649,38,38,38,38,1.0965884042057952,0
0.5,4651,38,7,38,38,0.2844390470745055,1
0.5,4652,38,23,17,17,0.031240315579113886,1
0.5,4653,38,39,38,38,0.19193841758437225,1
0.5,4657,38,38,38,38,1.0956346010312819,0
0.5,4664,38,38,38,38,1.804628840048677,0
0.5,4667,38,7,38,38,0.006370743518101962,1
0.5,4669,38,38,38,38,1.96037871967683,0
0.5,4671,38,38,38,38,1.2454577747885311,0
0.5,4673,38,32,23,23,0.04117441774598718,1
0.5,4676,38,38,38,38,0.4783123081009564,1
0.5,4680,39,35,35,35,0.6296113637858358,1
0.5,4685,39,39,39,39,1.7872426275171618,0
0.5,4687,39,39,39,39,2.2191512366709905,0
0.5,4688,39,39,39,39,2.3129948443118935,0
0.5,4692,39,39,39,39,2.2135912507437805,0
0.5,4693,39,39,0,0,0.2110117272362967,1
0.5,4694,39,39,39,39,0.32172223439683356,1
0.5,4704,39,39,39,39,2.0758458288477195,0
0.5,4705,39,39,39,39,2.0476727469241998,0
0.5,4708,39,39,39,39,2.368843010552655,0
0.5,4709,39,39,39,39,1.2143538821596063,0
0.5,4712,39,39,39,39,1.6302468728249901,0
0.5,4717,39,39,39,39,2.0498732826719674,0
0.5,4718,39,39,39,39,1.6505526498639729,0
0.5,4720,39,39,39,39,1.6682314024905516,0
0.5,4722,39,39,39,39,2.2569272192429346,0
0.5,4723,39,39,39,39,1.7422086529124434,0
0.5,4732,39,39,39,39,1.9712742187295338,0
0.5,4733,39,39,39,39,2.5869973381980667,0
0.5,4737,39,39,39,39,2.3829560984108626,0
0.5,4741,39,39,39,39,1.8530976548780016,0
0.5,4742,39,39,39,39,2.3953451254327307,0
0.5,4745,39,39,39,39,0.13562375335073995,1
0.5,4746,39,41,41,41,0.6683492390433838,0
0.5,4747,39,39,39,39,2.524897076019766,0
0.5,4749,39,39,39,39,1.4814223937685278,0
0.5,4754,39,39,39,39,2.092521383723064,0
0.5,4765,39,39,39,39,0.5493777685762229,1
0.5,4767,39,39,39,39,2.201994832121434,0
0.5,4769,39,39,39,39,1.1855051874574982,0
0.5,4771,39,39,39,39,2.08181374367299,0
0.5,4772,39,39,39,39,1.9919285077620397,0
0.5,4773,39,39,39,39,2.374246819701105,0
0.5,4777,39,39,39,39,2.460017245841597,0
0.5,4784,39,39,39,39,2.0988489735340403,0
0.5,4787,39,39,39,39,1.1274330974719615,0
0.5,4789,39,37,37,37,0.2919038398983046,1
0.5,4791,39,39,39,39,0.6493809499458222,0
0.5,4793,39,39,39,39,1.2975825960424046,0
0.5,4796,39,39,39,39,0.22755333302116298,1
0.5,4800,40,40,40,40,1.2091772553754878,0
0.5,4805,40,40,40,40,1.0618211502224546,0
0.5,4807,40,40,40,40,0.36470032110414075,1
0.5,4808,40,40,40,40,0.825194385945631,0
0.5,4812,40,40,40,40,0.909763149170203,0
0.5,4813,40,27,40,40,0.14368653429762945,1
0.5,4814,40,40,40,40,1.3381396413178368,0
0.5,4824,40,40,40,40,0.809347538879709,0
0.5,4825,40,40,40,40,0.4395930818838931,1
0.5,4828,40,40,40,40,1.3158894869731599,0
0.5,4829,40,40,40,40,0.8001585764622652,0
0.5,4832,40,40,40,40,1.4603826713208723,0
0.5,4837,40,46,46,46,0.9487651446415235,0
0.5,4838,40,17,17,17,0.561721424332068,1
0.5,4840,40,40,40,40,1.9815754291910088,0
0.5,4842,40,40,40,40,0.776100453233457,0
0.5,4843,40,40,40,40,0.8730187979939786,0
0.5,4852,40,40,40,40,1.7906086246066093,0
0.5,4853,40,40,40,40,1.6148988664661026,0
0.5,4857,40,40,40,40,1.816054162911778,0
0.5,4861,40,40,40,40,1.5262680828892565,0
0.5,4862,40,40,40,40,0.141324827529689,1
0.5,4865,40,40,40,40,0.4443867077360262,1
0.5,4866,40,40,40,40,0.48399928294909256,1
0.5,4867,40,40,40,40,1.0097757880817375,0
0.5,4869,40,40,40,40,0.20674314115397308,1
0.5,4874,40,40,40,40,2.3458807588036223,0
0.5,4885,40,40,40,40,0.13305664210940904,1
0.5,4887,40,40,40,40,0.7466518501600834,0
0.5,4889,40,40,40,40,0.7679028099781702,0
0.5,4891,40,40,40,40,1.104985005115992,0
0.5,4892,40,30,40,40,0.22382569356599102,1
0.5,4893,40,40,40,40,0.12892252800748571,1
0.5,4897,40,40,40,40,0.7144496911637365,0
0.5,4904,40,40,40,40,1.7012256361925013,0
0.5,4907,40,40,40,40,1.700607155466589,0
0.5,4909,40,40,40,40,0.9832669419889362,0
0.5,4911,40,40,40,40,0.06351828832823447,1
0.5,4913,40,40,40,40,0.6383086377783513,0
0.5,4916,40,40,40,40,0.5446345605061664,1
0.5,4920,41,41,41,41,1.8159157588990262,0
0.5,4925,41,33,4,4,0.3483002361431964,1
0.5,4927,41,41,41,41,0.8793880988894278,0
0.5,4928,41,35,41,41,0.004097527464016704,1
0.5,4932,41,41,41,41,0.50764066382212,1
0.5,4933,41,41,41,41,0.37883987372827355,1
0.5,4934,41,41,41,41,0.13096128308075106,1
0.5,4944,41,41,41,41,0.8396330997774477,0
0.5,4945,41,35,35,35,1.6711504720408676,0
0.5,4948,41,41,41,41,0.1615353940909825,1
0.5,4949,41,41,41,41,0.850504155420098,0
0.5,4952,41,28,41,41,0.06710032990075199,1
0.5,4957,41,41,41,41,0.82648859934928,0
0.5,4958,41,41,1,1,0.16290184993178702,1
0.5,4960,41,41,41,41,0.22529922636862842,1
0.5,4962,41,41,41,41,1.9220844661916907,0
0.5,4963,41,29,29,29,0.19484567827747123,1
0.5,4972,41,26,41,41,0.39976081003651687,1
0.5,4973,41,35,35,35,1.0265275039045267,0
0.5,4977,41,41,41,41,1.7805064164175812,0
0.5,4981,41,41,41,41,0.1352300720261954,1
0.5,4982,41,41,41,41,0.6196697452976396,1
0.5,4985,41,41,41,41,0.9770130664263348,0
0.5,4986,41,41,41,41,1.4459815705034518,0
0.5,4987,41,41,26,26,0.16496794329854625,1
0.5,4989,41,41,41,41,0.3055051798970443,1
0.5,4994,41,41,41,41,0.35117499962074294,1
0.5,5005,41,41,41,41,1.8410283460168644,0
0.5,5007,41,41,41,41,1.2802929707459252,0
0.5,5009,41,41,41,41,0.9851476459835645,0
0.5,5011,41,26,26,26,0.27604912275889704,1
0.5,5012,41,41,41,41,0.2650454432366578,1
0.5,5013,41,41,41,41,0.6166458821621948,1
0.5,5017,41,41,41,41,0.6804899036737067,0
0.5,5024,41,41,41,41,0.019344909174644265,1
0.5,5027,41,41,41,41,0.11946646705749797,1
0.5,5029,41,41,41,41,0.7344349309552506,0
0.5,5031,41,41,41,41,0.6058052063542989,1
0.5,5033,41,41,41,41,0.8697881575338766,0
0.5,5036,41,41,41,41,0.06948152727089285,1
0.5,5040,42,42,42,42,0.9228398291367403,0
0.5,5045,42,19,42,42,0.07986851770740988,1
0.5,5047,42,42,42,42,0.5344251277078848,1
0.5,5048,42,42,42,42,0.45889914820112143,1
0.5,5052,42,7,23,23,0.00208075306156541,1
0.5,5053,42,42,42,42,1.5820207626156835,0
0.5,5054,42,14,42,42,0.06189288142446281,1
0.5,5064,42,7,7,7,0.33724473496586405,1
0.5,5065,42,42,42,42,1.9839680992941195,0
0.5,5068,42,42,42,42,1.9057757756923164,0
0.5,5069,42,42,42,42,1.230547632579507,0
0.5,5072,42,42,42,42,0.5718626159886961,1
0.5,5077,42,39,42,42,0.30974827760937074,1
0.5,5078,42,42,42,42,1.1699773297962195,0
0.5,5080,42,42,42,42,1.1826930496709975,0
0.5,5082,42,42,42,42,1.4364610746457969,0
0.5,5083,42,38,23,23,0.1412125809640954,1
0.5,5092,42,42,42,42,1.4832101978182384,0
0.5,5093,42,7,38,38,0.12595961152049207,1
0.5,5097,42,42,42,42,0.47604993407474305,1
0.5,5101,42,42,42,42,0.2024248819598118,1
0.5,5102,42,42,42,42,0.5538682734633579,1
0.5,5105,42,23,23,23,0.15440941900446914,1
0.5,5106,42,42,42,42,1.6017275446480561,0
0.5,5107,42,42,42,42,1.524434832592603,0
0.5,5109,42,38,38,38,0.44285272940724696,1
0.5,5114,42,42,42,42,0.6895156784684017,0
0.5,5125,42,42,42,42,1.160676164976745,0
0.5,5127,42,25,42,42,0.09757556209637108,1
0.5,5129,42,42,42,42,1.4077408514087324,0
0.5,5131,42,42,42,42,1.1624213874298592,0
0.5,5132,42,42,42,42,0.7940087113159726,0
0.5,5133,42,42,42,42,1.2361998608682199,0
0.5,5137,42,42,42,42,1.1290105357569724,0
0.5,5144,42,42,42,42,1.2202616892825284,0
0.5,5147,42,42,42,42,0.20291048223179453,1
0.5,5149,42,42,42,42,1.4686132351048458,0
0.5,5151,42,42,42,42,0.3318244588464685,1
0.5,5153,42,42,42,42,2.0123128916519266,0
0.5,5156,42,42,42,42,0.06436777097561874,1
0.5,5160,43,43,43,43,1.9508513625351664,0
0.5,5165,43,16,43,43,0.28961404510551714,1
0.5,5167,43,43,43,43,1.2217849082477406,0
0.5,5168,43,16,16,16,0.4369147311407363,1
0.5,5172,43,33,43,43,0.10594966063623501,1
0.5,5173,43,46,44,44,0.024542545604301247,1
0.5,5174,43,43,43,43,1.4066911218504974,0
0.5,5184,43,43,43,43,2.1212349047394197,0
0.5,5185,43,43,43,43,1.9610172524385714,0
0.5,5188,43,43,43,43,2.03752599178277,0
0.5,5189,43,43,43,43,1.6032021384071071,0
0.5,5192,43,43,43,43,1.878883813457123,0
0.5,5197,43,43,43,43,2.1273862779603023,0
0.5,5198,43,43,43,43,1.9976591844365035,0
0.5,5200,43,43,43,43,1.5943312515264252,0
0.5,5202,43,43,43,43,1.986482132881256,0
0.5,5203,43,33,43,43,0.3303351895668992,1
0.5,5212,43,43,43,43,0.15123942004505653,1
0.5,5213,43,43,43,43,1.3563287690263979,0
0.5,5217,43,43,43,43,0.5596728915652531,1
0.5,5221,43,43,43,43,2.1049119231726885,0
0.5,5222,43,43,43,43,1.9081954155925909,0
0.5,5225,43,43,43,43,1.817943563499099,0
0.5,5226,43,43,43,43,1.6093773263753561,0
0.5,5227,43,33,43,43,0.14794404886233015,1
0.5,5229,43,43,43,43,1.3377525087602526,0
0.5,5234,43,43,43,43,1.7342003820051626,0
0.5,5245,43,43,43,43,1.5547962175401926,0
0.5,5247,43,43,43,43,0.6663824928042517,0
0.5,5249,43,40,40,40,0.3209574309650407,1
0.5,5251,43,16,43,43,0.26127154665826624,1
0.5,5252,43,43,43,43,1.7003193855912762,0
0.5,5253,43,43,43,43,0.9423151764726897,0
0.5,5257,43,43,43,43,1.7221424250552955,0
0.5,5264,43,43,43,43,1.4110560618007781,0
0.5,5267,43,43,43,43,2.026272860195059,0
0.5,5269,43,43,43,43,1.10420730043476,0
0.5,5271,43,43,43,43,2.1917272755996704,0
0.5,5273,43,43,43,43,0.4332509380128414,1
0.5,5276,43,43,43,43,1.7632933158109692,0
0.5,5280,44,44,44,44,0.7693511635290489,0
0.5,5285,44,16,44,44,0.14647288701444816,1
0.5,5287,44,44,44,44,0.919768556419085,0
0.5,5288,44,44,8,8,0.02447659622536469,1
0.5,5292,44,44,44,44,1.172763928478159,0
0.5,5293,44,44,44,44,0.7172176558548816,0
0.5,5294,44,8,8,8,0.16753588697158373,1
0.5,5304,44,17,17,17,1.185196082450091,0
0.5,5305,44,44,44,44,0.8742274655315602,0
0.5,5308,44,44,44,44,1.063950054727117,0
0.5,5309,44,44,44,44,0.5358263602438347,1
0.5,5312,44,20,2,2,0.20785653281425498,1
0.5,5317,44,44,44,44,0.08051907252367108,1
0.5,5318,44,46,44,44,0.0058884729031905,1
0.5,5320,44,27,27,27,0.2266169308607917,1
0.5,5322,44,44,44,44,1.1978787701465534,0
0.5,5323,44,44,44,44,0.9226456223882257,0
0.5,5332,44,44,44,44,0.09551209150432216,1
0.5,5333,44,44,44,44,0.9542876535385371,0
0.5,5337,44,2,44,44,0.06596099988665338,1
0.5,5341,44,44,44,44,0.8261642575181726,0
0.5,5342,44,28,44,44,0.1982028049355603,1
0.5,5345,44,44,44,44,1.2386439804150808,0
0.5,5346,44,44,44,44,1.5595719097553904,0
0.5,5347,44,44,44,44,0.3203851640936567,1
0.5,5349,44,27,44,44,0.5452064356549341,1
0.5,5354,44,44,44,44,0.23038680897204245,1
0.5,5365,44,44,44,44,0.8970358647358528,0
0.5,5367,44,5,44,44,0.1329370452885047,1
0.5,5369,44,25,44,44,0.009713176212301056,1
0.5,5371,44,44,44,44,0.9162714992829596,0
0.5,5372,44,44,44,44,0.4422669952694398,1
0.5,5373,44,44,44,44,0.521735067083673,1
0.5,5377,44,44,44,44,0.6042016935649992,1
0.5,5384,44,2,2,2,0.6185119987954936,1
0.5,5387,44,20,2,2,0.06889945111261864,1
0.5,5389,44,44,44,44,0.012874779159595673,1
0.5,5391,44,21,44,44,0.3178554346208856,1
0.5,5393,44,8,8,8,0.2083421039730129,1
0.5,5396,44,2,44,44,0.4343209252183048,1
0.5,5400,45,45,45,45,1.1219509178715772,0
0.5,5405,45,45,45,45,0.2618345206572905,1
0.5,5407,45,45,45,45,1.2719922948001763,0
0.5,5408,45,45,45,45,2.080572447946966,0
0.5,5412,45,45,45,45,0.46599726545102826,1
0.5,5413,45,45,45,45,0.030548887587558138,1
0.5,5414,45,45,8,8,0.1545885425854967,1
0.5,5424,45,45,45,45,1.2631561813102956,0
0.5,5425,45,11,45,45,0.03805919565085558,1
0.5,5428,45,45,45,45,0.7278209885083382,0
0.5,5429,45,45,45,45,1.5443267108778511,0
0.5,5432,45,45,45,45,1.3769386194385738,0
0.5,5437,45,29,45,45,0.41265463618242126,1
0.5,5438,45,45,45,45,0.9832156681383746,0
0.5,5440,45,45,45,45,0.21872878952698127,1
0.5,5442,45,21,37,37,0.06647120148282926,1
0.5,5443,45,45,45,45,0.851507411129546,0
0.5,5452,45,45,45,45,1.221050971207617,0
0.5,5453,45,21,45,45,0.22242115286373398,1
0.5,5457,45,45,45,45,1.315050402803661,0
0.5,5461,45,45,45,45,1.9933254148341017,0
0.5,5462,45,45,45,45,1.6837844314537793,0
0.5,5465,45,45,45,45,1.3091822907622124,0
0.5,5466,45,8,45,45,0.0029125419366329286,1
0.5,5467,45,45,45,45,0.8945901337286546,0
0.5,5469,45,45,45,45,1.7550928519790683,0
0.5,5474,45,45,45,45,1.1796330238505692,0
0.5,5485,45,45,45,45,1.8018184586769805,0
0.5,5487,45,45,45,45,0.055184141505913664,1
0.5,5489,45,45,45,45,0.5895422444367386,1
0.5,5491,45,7,7,7,0.06997815138587427,1
0.5,5492,45,29,45,45,0.0457560820270384,1
0.5,5493,45,45,45,45,0.5919234153582388,1
0.5,5497,45,45,45,45,1.5092795223933397,0
0.5,5504,45,15,45,45,0.33272091166104,1
0.5,5507,45,42,45,45,0.06649039530057665,1
0.5,5509,45,45,45,45,0.03271000698034665,1
0.5,5511,45,45,45,45,0.2880598185589205,1
0.5,5513,45,13,45,45,0.003173943368897647,1
0.5,5516,45,40,45,45,0.34215052199545926,1
0.5,5520,46,46,46,46,1.1237591306984849,0
0.5,5525,46,44,46,46,0.542401735390637,1
0.5,5527,46,46,46,46,0.2062925909348834,1
0.5,5528,46,44,44,44,0.6273310475510931,1
0.5,5532,46,46,46,46,0.36076756942305443,1
0.5,5533,46,14,44,44,0.02111659846189362,1
0.5,5534,46,34,46,46,0.045923398692583106,1
0.5,5544,46,44,46,46,0.6173768863241955,1
0.5,5545,46,46,46,46,0.11815271019444573,1
0.5,5548,46,46,46,46,0.6753090534519559,0
0.5,5549,46,46,46,46,0.7652247599982155,0
0.5,5552,46,46,46,46,1.5054620255848599,0
0.5,5557,46,44,44,44,0.4190772623665925,1
0.5,5558,46,46,46,46,0.43304031475659255,1
0.5,5560,46,46,46,46,1.5365670329664989,0
0.5,5562,46,46,46,46,0.10842881364883372,1
0.5,5563,46,46,46,46,1.163823919739218,0
0.5,5572,46,46,46,46,1.2818745468272201,0
0.5,5573,46,46,46,46,1.2889034892245474,0
0.5,5577,46,46,46,46,2.065868027378266,0
0.5,5581,46,46,46,46,1.0509838538005454,0
0.5,5582,46,46,44,44,0.3616448973190449,1
0.5,5585,46,46,46,46,0.7261642914817916,0
0.5,5586,46,46,46,46,1.7362863804707134,0
0.5,5587,46,46,46,46,1.0545561494751228,0
0.5,5589,46,46,46,46,1.5945626850818055,0
0.5,5594,46,46,46,46,1.307596710356154,0
0.5,5605,46,44,44,44,0.282849829571707,1
0.5,5607,46,46,46,46,1.2531542577808716,0
0.5,5609,46,46,46,46,1.3014943230796994,0
0.5,5611,46,46,46,46,1.7242256554150357,0
0.5,5612,46,46,46,46,1.3865944571626927,0
0.5,5613,46,46,46,46,1.62186577431999,0
0.5,5617,46,46,46,46,0.14478289273668166,1
0.5,5624,46,46,46,46,0.3183570979531263,1
0.5,5627,46,46,46,46,1.628106330219936,0
0.5,5629,46,44,2,2,0.0877272785486859,1
0.5,5631,46,46,46,46,1.8216775759295376,0
0.5,5633,46,46,46,46,0.6636737682700349,0
0.5,5636,46,46,46,46,1.8131298003316225,0
0.75,0,0,0,0,0,1.5100241920490336,0
0.75,5,0,0,0,0,1.3634393872879529,0
0.75,7,0,22,0,0,0.2019336542945449,1
0.75,8,0,22,0,0,0.054626291504734636,1
0.75,12,0,22,0,0,0.4680402589106385,1
0.75,13,0,22,22,22,0.27050991607204644,1
0.75,14,0,0,0,0,0.9581098899313798,1
0.75,24,0,0,0,0,1.0683449535968128,1
0.75,25,0,0,0,0,0.5199973812846242,1
0.75,28,0,0,0,0,1.6414743093114192,0
0.75,29,0,0,0,0,0.30986318078466324,1
0.75,32,0,17,16,16,0.34705059056529786,1
0.75,37,0,0,22,22,0.2863378693215024,1
0.75,38,0,0,0,0,0.9526340507660636,1
0.75,40,0,0,0,0,1.3335129458959298,0
0.75,42,0,0,0,0,0.24054693313762354,1
0.75,43,0,0,22,22,0.1293917429382765,1
0.75,52,0,0,22,22,0.12338379902755103,1
0.75,53,0,0,0,0,0.02353642850332527,1
0.75,57,0,22,22,22,1.356483139849467,0
0.75,61,0,0,0,0,0.7479178938697192,1
0.75,62,0,0,0,0,0.37962943853284414,1
0.75,65,0,0,0,0,1.1231630299373596,1
0.75,66,0,0,0,0,2.1249308179513093,0
0.75,67,0,0,0,0,1.6440132139338872,0
0.75,69,0,0,0,0,0.44918020592874286,1
0.75,74,0,0,30,30,0.2965639470609841,1
0.75,85,0,0,0,0,0.5271681964844133,1
0.75,87,0,0,0,0,0.4530709285511967,1
0.75,89,0,0,0,0,0.8344279171865538,1
0.75,91,0,0,0,0,1.3434080124364172,0
0.75,92,0,22,22,22,0.7964877284421339,1
0.75,93,0,0,0,0,0.8026282698707835,1
0.75,97,0,0,0,0,1.0964992285443615,1
0.75,104,0,5,5,5,0.354448189941161,1
0.75,107,0,0,0,0,1.4781052354361492,0
0.75,109,0,0,0,0,1.5436547212466576,0
0.75,111,0,28,28,28,0.012595098361005475,1
0.75,113,0,0,0,0,1.2497083621788532,0
0.75,116,0,0,0,0,0.9775176540307954,1
0.75,120,1,28,7,7,0.16708451813994218,1
0.75,125,1,28,1,1,0.05780020574456768,1
0.75,127,1,1,1,1,0.5951811324890612,1
0.75,128,1,36,28,28,0.021523521937280243,1
0.75,132,1,28,1,1,0.3514782749533105,1
0.75,133,1,28,28,28,0.6099897124506789,1
0.75,134,1,7,7,7,0.4748901906629768,1
0.75,144,1,1,1,1,0.29616078889956066,1
0.75,145,1,41,34,34,0.1113869962984646,1
0.75,148,1,3,3,3,0.06625184688895591,1
0.75,149,1,1,1,1,0.11168642757316061,1
0.75,152,1,12,1,1,0.049035228447902424,1
0.75,157,1,1,1,1,0.10547272456852541,1
0.75,158,1,1,1,1,0.5228446875607884,1
0.75,160,1,23,28,28,0.014141114278759082,1
0.75,162,1,3,3,3,0.43144982501805795,1
0.75,163,1,31,1,1,0.18573641177084976,1
0.75,172,1,1,23,23,0.0021638778818869886,1
0.75,173,1,23,1,1,0.23127795377085558,1
0.75,177,1,38,1,1,0.14227394607073562,1
0.75,181,1,44,1,1,0.20650056054392718,1
0.75,182,1,1,1,1,0.04269114961389908,1
0.75,185,1,24,41,41,0.03180413512805402,1
0.75,186,1,41,41,41,0.27641916500133945,1
0.75,187,1,1,1,1,0.876568291745435,1
0.75,189,1,1,1,1,0.4321992623806137,1
0.75,194,1,1,1,1,0.2752286744348682,1
0.75,205,1,15,15,15,0.4061649730117294,1
0.75,207,1,42,42,42,0.711285228041733,1
0.75,209,1,31,13,13,0.007068475713977174,1
0.75,211,1,42,42,42,0.2780338592998579,1
0.75,212,1,42,42,42,0.6289714519315555,1
0.75,213,1,37,4,4,0.0570665286692299,1
0.75,217,1,17,38,38,0.03664473682458025,1
0.75,224,1,38,1,1,0.12295757049008949,1
0.75,227,1,45,1,1,0.20396208687237927,1
0.75,229,1,42,1,1,0.049803538284149185,1
0.75,231,1,28,31,31,0.13373762726383076,1
0.75,233,1,42,1,1,0.3742769814875754,1
0.75,236,1,37,37,37,0.5300310211048919,1
0.75,240,2,2,2,2,1.6860774213787786,0
0.75,245,2,2,2,2,0.4723221885185652,1
0.75,247,2,2,20,20,0.24439385489847298,1
0.75,248,2,19,2,2,0.2012404881179366,1
0.75,252,2,20,20,20,0.3590088973711437,1
0.75,253,2,44,44,44,0.17609470877549493,1
0.75,254,2,29,2,2,0.05003264746118208,1
0.75,264,2,44,2,2,0.9918325608329099,1
0.75,265,2,44,44,44,0.3526265653329408,1
0.75,268,2,2,2,2,0.5166801672703432,1
0.75,269,2,2,2,2,0.4175429696916185,1
0.75,272,2,2,2,2,0.6085850018469424,1
0.75,277,2,2,2,2,0.9348990090650685,1
0.75,278,2,44,44,44,0.05168074846296311,1
0.75,280,2,40,19,19,0.1518778401699321,1
0.75,282,2,2,2,2,1.5726181306090234,0
0.75,283,2,44,44,44,0.7495464437480269,1
0.75,292,2,20,20,20,0.8525150604871955,1
0.75,293,2,12,2,2,0.2897807580883123,1
0.75,297,2,2,2,2,0.6332046381179899,1
0.75,301,2,2,2,2,0.572406569176222,1
0.75,302,2,2,2,2,1.3293495858120794,0
0.75,305,2,8,44,44,0.17360295744179832,1
0.75,306,2,2,35,35,0.20715198017882397,1
0.75,307,2,2,2,2,0.9830701240837274,1
0.75,309,2,2,2,2,0.27568469418119435,1
0.75,314,2,2,2,2,0.5778604094385345,1
0.75,325,2,2,2,2,1.0034034448133742,1
0.75,327,2,2,2,2,0.33757370457892233,1
0.75,329,2,2,2,2,0.15779675562211537,1
0.75,331,2,2,2,2,0.5901231890271557,1
0.75,332,2,40,2,2,0.0799579897766205,1
0.75,333,2,2,2,2,0.7029605770054821,1
0.75,337,2,2,2,2,0.7872270954033174,1
0.75,344,2,2,2,2,0.26389296178066457,1
0.75,347,2,20,20,20,0.9690552758064537,1
0.75,349,2,2,2,2,0.7315154968872005,1
0.75,351,2,2,2,2,1.2423591155314895,0
0.75,353,2,44,2,2,0.0278648340828902,1
0.75,356,2,2,2,2,1.8153817279048814,0
0.75,360,3,3,3,3,1.1378163781473776,1
0.75,365,3,21,3,3,0.1804680959897932,1
0.75,367,3,3,3,3,0.2752879225994602,1
0.75,368,3,3,3,3,1.4240625595746967,0
0.75,372,3,3,3,3,0.986406230855635,1
0.75,373,3,10,3,3,0.17230566673944492,1
0.75,374,3,3,3,3,2.115638991704917,0
0.75,384,3,3,3,3,1.4302995629436146,0
0.75,385,3,3,3,3,2.4399964656133317,0
0.75,388,3,3,3,3,0.9606774942823584,1
0.75,389,3,3,3,3,1.4211803052192438,0
0.75,392,3,32,3,3,0.6665201103935834,1
0.75,397,3,3,3,3,0.487456635699968,1
0.75,398,3,3,3,3,2.3483019608145392,0
0.75,400,3,25,25,25,0.09631942603766075,1
0.75,402,3,3,3,3,1.5636646271675358,0
0.75,403,3,3,3,3,0.27823550824167564,1
0.75,412,3,3,3,3,1.9137005170050854,0
0.75,413,3,3,3,3,0.4243304306510649,1
0.75,417,3,18,18,18,0.12768437282608347,1
0.75,421,3,3,3,3,0.22300645471970704,1
0.75,422,3,3,3,3,1.9272978056525067,0
0.75,425,3,3,3,3,1.733302217436465,0
0.75,426,3,3,3,3,1.4358052147104414,0
0.75,427,3,18,3,3,0.3991038996648568,1
0.75,429,3,3,3,3,0.9192572715467222,1
0.75,434,3,12,3,3,0.025183558173249465,1
0.75,445,3,3,3,3,0.5590967047001718,1
0.75,447,3,3,3,3,1.6289519162969759,0
0.75,449,3,3,3,3,0.8504243607692803,1
0.75,451,3,3,3,3,1.3321218672255986,0
0.75,452,3,3,3,3,0.8177167695464941,1
0.75,453,3,3,3,3,2.622759609435091,0
0.75,457,3,3,3,3,1.158679423173541,1
0.75,464,3,3,3,3,2.203705414059762,0
0.75,467,3,3,3,3,0.5692520713365539,1
0.75,469,3,3,3,3,1.170507794133914,1
0.75,471,3,3,3,3,1.2999593653048553,0
0.75,473,3,3,3,3,0.8751744633499728,1
0.75,476,3,3,3,3,0.5394725820995436,1
0.75,480,4,4,4,4,0.07000161559358786,1
0.75,485,4,4,4,4,0.012223987053919583,1
0.75,487,4,4,4,4,0.17222936142191414,1
0.75,488,4,25,25,25,0.8877740660042709,1
0.75,492,4,20,43,43,0.46937841141406933,1
0.75,493,4,40,40,40,0.11803715160051542,1
0.75,494,4,2,11,11,0.0027962011940757536,1
0.75,504,4,28,4,4,0.23548328631097104,1
0.75,505,4,4,4,4,0.3697066566084437,1
0.75,508,4,4,4,4,1.5831319997495887,0
0.75,509,4,4,4,4,1.5822361738762796,0
0.75,512,4,4,4,4,0.7556546668022349,1
0.75,517,4,4,4,4,0.5133299738230146,1
0.75,518,4,3,3,3,0.01685691887638796,1
0.75,520,4,4,4,4,0.7573188321450697,1
0.75,522,4,4,4,4,0.5539909870713731,1
0.75,523,4,4,4,4,1.2691017648908036,0
0.75,532,4,2,4,4,0.05101223585399117,1
0.75,533,4,4,4,4,1.5138341957567407,0
0.75,537,4,40,4,4,0.16771566091375878,1
0.75,541,4,14,4,4,0.14505750628570313,1
0.75,542,4,36,4,4,0.13675411876244548,1
0.75,545,4,27,4,4,0.15375976655387358,1
0.75,546,4,30,4,4,0.3684952371355734,1
0.75,547,4,31,4,4,0.14057625035213672,1
0.75,549,4,32,4,4,0.44782196431924604,1
0.75,554,4,4,4,4,0.5553345391767146,1
0.75,565,4,40,4,4,0.04926495431817002,1
0.75,567,4,4,4,4,0.27186014652238266,1
0.75,569,4,4,4,4,1.0201505968375202,1
0.75,571,4,4,4,4,1.2053173177978098,0
0.75,572,4,4,4,4,1.128062862966648,1
0.75,573,4,43,27,27,0.15521265956526542,1
0.75,577,4,4,4,4,0.0884012080211144,1
0.75,584,4,21,7,7,0.11077600215762073,1
0.75,587,4,40,4,4,0.15490293486373707,1
0.75,589,4,4,4,4,0.6602414132126779,1
0.75,591,4,4,4,4,1.0410070654577757,1
0.75,593,4,4,4,4,0.5754331242174157,1
0.75,596,4,31,31,31,0.023384185429261017,1
0.75,600,5,5,5,5,1.2300991512299742,0
0.75,605,5,5,5,5,1.809793301934212,0
0.75,607,5,5,5,5,1.5038181232021832,0
0.75,608,5,5,5,5,0.046365535843388095,1
0.75,612,5,5,5,5,0.8538939860660593,1
0.75,613,5,5,5,5,1.805888675517662,0
0.75,614,5,5,5,5,0.06470900088214582,1
0.75,624,5,5,5,5,1.8618607443296051,0
0.75,625,5,5,5,5,1.7712622814894938,0
0.75,628,5,5,5,5,1.9778076121304022,0
0.75,629,5,5,5,5,1.5793226598690646,0
0.75,632,5,5,5,5,1.8911331985244062,0
0.75,637,5,5,5,5,2.3566446615193044,0
0.75,638,5,5,5,5,1.7732762303970968,0
0.75,640,5,5,5,5,1.205713430117876,0
0.75,642,5,5,5,5,1.1917187528819457,1
0.75,643,5,5,5,5,0.6291750846182447,1
0.75,652,5,5,5,5,2.0506456989787605,0
0.75,653,5,5,5,5,0.8859972720695202,1
0.75,657,5,5,5,5,1.5708848679285001,0
0.75,661,5,5,5,5,1.7888921671561586,0
0.75,662,5,5,44,44,0.1279956485432019,1
0.75,665,5,5,5,5,1.7341074547479183,0
0.75,666,5,5,5,5,1.8979613452741368,0
0.75,667,5,5,5,5,1.8281752600516041,0
0.75,669,5,5,5,5,1.3271592207307035,0
0.75,674,5,5,5,5,1.1691626475984276,1
0.75,685,5,5,5,5,1.1293391508962187,1
0.75,687,5,5,5,5,1.2593688314685645,0
0.75,689,5,5,5,5,0.17829865024228664,1
0.75,691,5,5,5,5,0.11381726104663825,1
0.75,692,5,5,5,5,0.6290802527848569,1
0.75,693,5,5,5,5,1.7891493669288652,0
0.75,697,5,5,5,5,1.9656792623643855,0
0.75,704,5,5,5,5,1.352770211261184,0
0.75,707,5,5,5,5,0.35725413080867674,1
0.75,709,5,5,5,5,0.7331312133163131,1
0.75,711,5,5,5,5,2.1019758826214385,0
0.75,713,5,5,5,5,1.3524305333895874,0
0.75,716,5,5,5,5,1.2432298213399904,0
0.75,720,6,6,6,6,1.978617808487118,0
0.75,725,6,6,6,6,1.5829789417507905,0
0.75,727,6,6,6,6,1.7405055660842454,0
0.75,728,6,6,6,6,1.8998599859910008,0
0.75,732,6,6,6,6,1.9296271051404283,0
0.75,733,6,6,6,6,0.466935189306537,1
0.75,734,6,6,6,6,2.1482558415249056,0
0.75,744,6,6,6,6,2.2294312371526415,0
0.75,745,6,6,6,6,0.037570124836245,1
0.75,748,6,6,6,6,1.5623774052867265,0
0.75,749,6,6,6,6,1.1388632576168094,1
0.75,752,6,6,6,6,0.30082648134401335,1
0.75,757,6,11,6,6,0.02234696108302192,1
0.75,758,6,6,6,6,1.869884780200095,0
0.75,760,6,6,6,6,2.0454512932261135,0
0.75,762,6,6,6,6,1.576183651738892,0
0.75,763,6,6,6,6,1.1646353703109331,1
0.75,772,6,6,6,6,1.8690092949044317,0
0.75,773,6,6,6,6,1.949393632616581,0
0.75,777,6,6,6,6,2.1177025378121037,0
0.75,781,6,6,6,6,2.0970649913374704,0
0.75,782,6,6,6,6,2.0018922989476464,0
0.75,785,6,6,6,6,0.24590492655778917,1
0.75,786,6,6,6,6,2.110889706817135,0
0.75,787,6,6,6,6,1.7621481182454235,0
0.75,789,6,8,25,25,0.15589905231030077,1
0.75,794,6,36,36,36,0.2720528340008076,1
0.75,805,6,6,6,6,1.8188834762847088,0
0.75,807,6,6,6,6,2.047338854095658,0
0.75,809,6,6,6,6,1.3948126212767225,0
0.75,811,6,6,6,6,1.0056901995058767,1
0.75,812,6,6,6,6,1.0952827290977512,1
0.75,813,6,6,6,6,1.6558621041098582,0
0.75,817,6,36,36,36,0.8344520293959538,1
0.75,824,6,6,6,6,1.0668424916490613,1
0.75,827,6,6,6,6,1.1696893374598996,1
0.75,829,6,6,6,6,2.049628032121169,0
0.75,831,6,6,6,6,1.535787823105097,0
0.75,833,6,6,6,6,1.3258883877925465,0
0.75,836,6,36,6,6,0.06567946682537062,1
0.75,840,7,7,7,7,1.9044898630364202,0
0.75,845,7,7,7,7,0.5865692312528255,1
0.75,847,7,7,7,7,2.2056531498916865,0
0.75,848,7,7,7,7,1.852581396699014,0
0.75,852,7,7,7,7,1.2982885712171282,0
0.75,853,7,8,7,7,0.2666684470088595,1
0.75,854,7,7,7,7,1.3821548607121181,0
0.75,864,7,7,7,7,1.5770621631232888,0
0.75,865,7,25,7,7,0.25254538773433943,1
0.75,868,7,7,7,7,1.8423540787245378,0
0.75,869,7,7,7,7,0.989378404036876,1
0.75,872,7,7,7,7,0.7507737598019013,1
0.75,877,7,7,7,7,0.659635363906002,1
0.75,878,7,7,7,7,1.6760645937348884,0
0.75,880,7,38,7,7,0.6799126650550572,1
0.75,882,7,7,7,7,1.5293969624950823,0
0.75,883,7,7,7,7,0.0416530077788948,1
0.75,892,7,7,7,7,1.3821052563586163,0
0.75,893,7,33,7,7,0.3463809057188282,1
0.75,897,7,34,7,7,0.24187846062969942,1
0.75,901,7,7,7,7,1.80019314015356,0
0.75,902,7,38,7,7,0.07412171627496333,1
0.75,905,7,38,7,7,0.030109574376308013,1
0.75,906,7,7,7,7,2.305139112792371,0
0.75,907,7,7,7,7,0.40256373931437484,1
0.75,909,7,11,11,11,0.17159671936701282,1
0.75,914,7,7,7,7,1.7554879309675973,0
0.75,925,7,7,7,7,0.937674895882007,1
0.75,927,7,7,7,7,0.264867569981696,1
0.75,929,7,7,7,7,1.1198592469910582,1
0.75,931,7,7,7,7,0.9573507381313789,1
0.75,932,7,7,7,7,1.5055097960841262,0
0.75,933,7,7,7,7,0.12938808478697572,1
0.75,937,7,7,7,7,0.4533704090866908,1
0.75,944,7,7,7,7,1.2512629626152032,0
0.75,947,7,7,7,7,1.9425717035583023,0
0.75,949,7,7,7,7,0.9284640829182542,1
0.75,951,7,7,7,7,0.02913750121831915,1
0.75,953,7,7,7,7,1.2392755311728105,0
0.75,956,7,7,7,7,0.13016211344853512,1
0.75,960,8,8,8,8,0.33807662296776086,1
0.75,965,8,8,8,8,0.40861387035687413,1
0.75,967,8,8,8,8,0.3707918235079751,1
0.75,968,8,8,8,8,0.3244339487104435,1
0.75,972,8,8,8,8,0.32063458600786776,1
0.75,973,8,8,44,44,0.018483709328004805,1
0.75,974,8,15,15,15,0.03534671043902282,1
0.75,984,8,8,8,8,0.855670882081451,1
0.75,985,8,8,8,8,0.6500185102442153,1
0.75,988,8,8,8,8,1.609930859957896,0
0.75,989,8,8,8,8,0.020700228291531397,1
0.75,992,8,1,1,1,0.4178720978835795,1
0.75,997,8,44,44,44,0.10495640552136154,1
0.75,998,8,8,8,8,0.3088273186160272,1
0.75,1000,8,31,8,8,0.33270752626791733,1
0.75,1002,8,8,8,8,1.05430648599906,1
0.75,1003,8,44,44,44,0.05939471393036044,1
0.75,1012,8,8,8,8,0.5082951581237358,1
0.75,1013,8,8,8,8,1.675743414239419,0
0.75,1017,8,8,8,8,0.36656140125158143,1
0.75,1021,8,8,8,8,0.8431576726358682,1
0.75,1022,8,8,8,8,1.0378643868436952,1
0.75,1025,8,8,8,8,0.5471317812600281,1
0.75,1026,8,8,8,8,0.09952574176665374,1
0.75,1027,8,8,8,8,1.3782773955279675,0
0.75,1029,8,8,8,8,0.2724174123280175,1
0.75,1034,8,37,8,8,0.1018350483487106,1
0.75,1045,8,8,8,8,1.2114817893961585,0
0.75,1047,8,8,8,8,1.0142440867258977,1
0.75,1049,8,25,25,25,0.5005472229879822,1
0.75,1051,8,8,8,8,0.5906715688123121,1
0.75,1052,8,8,8,8,0.8844088545709753,1
0.75,1053,8,16,44,44,0.02719997780005745,1
0.75,1057,8,8,8,8,0.8765797177203049,1
0.75,1064,8,27,8,8,0.03553115276250196,1
0.75,1067,8,34,34,34,0.24773190767594322,1
0.75,1069,8,8,8,8,0.3974495356967631,1
0.75,1071,8,8,8,8,1.4271232247015972,0
0.75,1073,8,34,34,34,0.8220719461887549,1
0.75,1076,8,16,16,16,0.14651219790401293,1
0.75,1080,9,9,9,9,0.10404291898755691,1
0.75,1085,9,9,9,9,1.62126696203877,0
0.75,1087,9,9,9,9,2.2365208517642183,0
0.75,1088,9,9,9,9,0.10569618307792372,1
0.75,1092,9,9,9,9,1.6116415003892823,0
0.75,1093,9,14,9,9,0.034807684676666284,1
0.75,1094,9,32,32,32,0.6293985759289615,1
0.75,1104,9,14,9,9,0.09743015321826554,1
0.75,1105,9,9,9,9,1.9421513574709974,0
0.75,1108,9,9,9,9,1.735669761202963,0
0.75,1109,9,9,9,9,0.5900404434198021,1
0.75,1112,9,9,9,9,0.6746819743442429,1
0.75,1117,9,9,9,9,1.813705350910303,0
0.75,1118,9,9,9,9,0.3615203365649312,1
0.75,1120,9,9,9,9,1.7728781509734772,0
0.75,1122,9,9,9,9,1.8734214284875228,0
0.75,1123,9,9,9,9,1.3064540275805463,0
0.75,1132,9,9,9,9,1.5592789903493103,0
0.75,1133,9,9,9,9,2.1136230674394993,0
0.75,1137,9,9,9,9,1.0840224792595063,1
0.75,1141,9,9,9,9,1.6846220391099256,0
0.75,1142,9,9,9,9,1.9154101351900565,0
0.75,1145,9,37,9,9,0.13104888305708384,1
0.75,1146,9,9,9,9,1.7140970375468847,0
0.75,1147,9,9,9,9,1.4226519956136556,0
0.75,1149,9,9,9,9,0.7645892616310144,1
0.75,1154,9,9,9,9,0.23922231230033286,1
0.75,1165,9,9,9,9,2.057034443230658,0
0.75,1167,9,9,9,9,1.5668397032792358,0
0.75,1169,9,9,9,9,1.653624933573067,0
0.75,1171,9,9,9,9,1.032802717436273,1
0.75,1172,9,9,9,9,1.6110993446479087,0
0.75,1173,9,9,9,9,0.787551311021733,1
0.75,1177,9,9,9,9,0.8389595076133368,1
0.75,1184,9,9,9,9,1.6710460782151473,0
0.75,1187,9,9,9,9,2.3722565834925984,0
0.75,1189,9,9,9,9,1.0498625160939319,1
0.75,1191,9,9,9,9,0.6235467392978892,1
0.75,1193,9,9,9,9,1.6684858807017122,0
0.75,1196,9,9,9,9,1.8819419534014359,0
0.75,1200,10,10,10,10,1.597686496295377,0
0.75,1205,10,10,10,10,0.9793793619574283,1
0.75,1207,10,33,1,1,0.09953673053447509,1
0.75,1208,10,35,30,30,0.3387193450883167,1
0.75,1212,10,18,10,10,0.7095599506979697,1
0.75,1213,10,16,5,5,0.11361715537955908,1
0.75,1214,10,10,10,10,1.8241558986196003,0
0.75,1224,10,10,10,10,1.5478523262665527,0
0.75,1225,10,18,26,26,0.011388497624016725,1
0.75,1228,10,10,10,10,1.1582598804221,1
0.75,1229,10,10,4,4,0.7713185219174741,1
0.75,1232,10,10,10,10,0.275011409757306,1
0.75,1237,10,10,10,10,0.7936616023030048,1
0.75,1238,10,10,10,10,0.6563732177491898,1
0.75,1240,10,30,10,10,0.1646162816515917,1
0.75,1242,10,30,30,30,0.23438559674129977,1
0.75,1243,10,10,10,10,1.3142244322976326,0
0.75,1252,10,10,10,10,0.14414834944374944,1
0.75,1253,10,10,10,10,0.3545438194520023,1
0.75,1257,10,30,10,10,0.02492036243793727,1
0.75,1261,10,30,10,10,0.22451168617666784,1
0.75,1262,10,10,10,10,0.14414834944374944,1
0.75,1265,10,40,10,10,0.02347362001513298,1
0.75,1266,10,10,10,10,0.451416170722057,1
0.75,1267,10,10,10,10,0.7854046549478315,1
0.75,1269,10,30,30,30,0.6559289508576975,1
0.75,1274,10,10,10,10,0.06160493649640042,1
0.75,1285,10,30,30,30,0.24612877998092508,1
0.75,1287,10,10,10,10,0.5948449565589378,1
0.75,1289,10,30,30,30,0.48797269696426415,1
0.75,1291,10,10,10,10,1.1238994749774598,1
0.75,1292,10,10,10,10,1.1203314106729296,1
0.75,1293,10,10,10,10,1.1843792697856887,1
0.75,1297,10,10,10,10,1.1248939461647278,1
0.75,1304,10,10,10,10,1.4979720496423998,0
0.75,1307,10,30,10,10,0.3758364524595055,1
0.75,1309,10,10,10,10,0.968861738585934,1
0.75,1311,10,10,10,10,0.6804463925784165,1
0.75,1313,10,30,30,30,1.496142468832779,0
0.75,1316,10,10,10,10,0.34944805861855455,1
0.75,1320,11,11,11,11,0.3693632158007042,1
0.75,1325,11,12,24,24,0.14568140233906224,1
0.75,1327,11,12,11,11,0.12320837340599444,1
0.75,1328,11,24,11,11,0.11376121199273415,1
0.75,1332,11,11,24,24,0.23283126924315556,1
0.75,1333,11,23,23,23,0.6395065364264222,1
0.75,1334,11,11,11,11,1.1470761489166188,1
0.75,1344,11,11,11,11,2.142657700753087,0
0.75,1345,11,11,11,11,0.932418371496237,1
0.75,1348,11,11,11,11,0.21997017727827722,1
0.75,1349,11,11,11,11,0.01892443483968509,1
0.75,1352,11,42,34,34,0.07263093161410428,1
0.75,1357,11,24,24,24,0.6118818670052764,1
0.75,1358,11,35,11,11,0.03732186420706429,1
0.75,1360,11,31,28,28,0.09805518623302989,1
0.75,1362,11,11,11,11,0.3074682363466823,1
0.75,1363,11,11,11,11,1.3172848461688917,0
0.75,1372,11,11,11,11,1.6221014076119407,0
0.75,1373,11,11,11,11,0.2867486620940718,1
0.75,1377,11,11,11,11,1.846118879232518,0
0.75,1381,11,11,11,11,0.46208871596609025,1
0.75,1382,11,11,11,11,0.2973956020451043,1
0.75,1385,11,23,11,11,1.1168531812487772,1
0.75,1386,11,24,11,11,0.019355098096363488,1
0.75,1387,11,11,11,11,0.8487985565369527,1
0.75,1389,11,11,11,11,1.4410332288301453,0
0.75,1394,11,31,11,11,0.076440774920158,1
0.75,1405,11,38,38,38,0.18969999051361686,1
0.75,1407,11,11,11,11,2.2740213048516016,0
0.75,1409,11,11,11,11,1.565278277573869,0
0.75,1411,11,11,11,11,0.305962193294651,1
0.75,1412,11,11,11,11,1.099422592461761,1
0.75,1413,11,11,11,11,1.029965923333427,1
0.75,1417,11,11,11,11,1.6592404871693867,0
0.75,1424,11,11,11,11,1.1549847489799052,1
0.75,1427,11,11,11,11,1.6525047681733165,0
0.75,1429,11,11,11,11,1.611072373973831,0
0.75,1431,11,37,11,11,0.15368493163004548,1
0.75,1433,11,11,11,11,1.0330474219393366,1
0.75,1436,11,24,11,11,0.368902832967274,1
0.75,1440,12,12,12,12,0.856360486622304,1
0.75,1445,12,44,12,12,0.6359947036774649,1
0.75,1447,12,12,12,12,0.0009862342611158814,1
0.75,1448,12,29,39,39,0.05698440755729539,1
0.75,1452,12,12,12,12,0.1299461557300211,1
0.75,1453,12,12,12,12,0.8340104300365374,1
0.75,1454,12,36,12,12,0.20323954844367054,1
0.75,1464,12,12,12,12,0.5465252018396975,1
0.75,1465,12,12,12,12,0.479179799000204,1
0.75,1468,12,11,12,12,0.08099298982227121,1
0.75,1469,12,12,36,36,0.18538364564894705,1
0.75,1472,12,12,12,12,0.32789514542963283,1
0.75,1477,12,28,23,23,0.19590696091268966,1
0.75,1478,12,12,12,12,0.5327758254290665,1
0.75,1480,12,31,12,12,0.046952148082916256,1
0.75,1482,12,12,12,12,0.7203507077343716,1
0.75,1483,12,28,28,28,0.07479426243990805,1
0.75,1492,12,12,12,12,0.2846619099322232,1
0.75,1493,12,12,12,12,1.2384845538229152,0
0.75,1497,12,12,12,12,1.537210529409049,0
0.75,1501,12,12,12,12,0.36099474327918923,1
0.75,1502,12,12,12,12,1.2124771621807886,0
0.75,1505,12,20,20,20,0.915780862800084,1
0.75,1506,12,20,12,12,0.14906484642839357,1
0.75,1507,12,12,12,12,1.294958897684928,0
0.75,1509,12,12,12,12,0.2662741008121001,1
0.75,1514,12,15,15,15,0.10496486181651876,1
0.75,1525,12,12,12,12,0.7610461555195929,1
0.75,1527,12,12,12,12,1.5010851522075663,0
0.75,1529,12,25,12,12,0.562602903602514,1
0.75,1531,12,12,10,10,0.11728683888039793,1
0.75,1532,12,12,12,12,0.8413347088881677,1
0.75,1533,12,15,12,12,0.003973798514282589,1
0.75,1537,12,12,12,12,0.38816986314930524,1
0.75,1544,12,12,20,20,0.07664697550079846,1
0.75,1547,12,12,12,12,2.046490565035938,0
0.75,1549,12,12,12,12,0.583581476263993,1
0.75,1551,12,20,20,20,0.1700299951883638,1
0.75,1553,12,12,12,12,1.5950876050875773,0
0.75,1556,12,12,12,12,1.2263312258319314,0
0.75,1560,13,13,13,13,1.5081537287878797,0
0.75,1565,13,13,13,13,1.309607609705926,0
0.75,1567,13,13,13,13,1.4429611555279496,0
0.75,1568,13,13,13,13,1.7199890309561034,0
0.75,1572,13,13,13,13,1.7643082533347294,0
0.75,1573,13,13,13,13,1.8598251648336763,0
0.75,1574,13,13,13,13,1.338192118958523,0
0.75,1584,13,13,13,13,1.054872179044402,1
0.75,1585,13,13,13,13,1.6265113117631378,0
0.75,1588,13,13,13,13,0.44497435125692997,1
0.75,1589,13,13,13,13,2.005292190439242,0
0.75,1592,13,5,13,13,0.1128866598732633,1
0.75,1597,13,13,13,13,1.7021304867820788,0
0.75,1598,13,13,13,13,2.2171068717971956,0
0.75,1600,13,13,13,13,0.8453872523891011,1
0.75,1602,13,13,13,13,1.4572220858586085,0
0.75,1603,13,13,13,13,1.2595866430287546,0
0.75,1612,13,13,13,13,0.5067985671717256,1
0.75,1613,13,13,13,13,1.9702476002066156,0
0.75,1617,13,13,13,13,1.9722573332400941,0
0.75,1621,13,13,13,13,1.9967225447547867,0
0.75,1622,13,13,13,13,1.3316133683516003,0
0.75,1625,13,13,13,13,2.615394878656426,0
0.75,1626,13,13,13,13,1.1066265534950512,1
0.75,1627,13,13,13,13,1.283119541078737,0
0.75,1629,13,13,13,13,1.7747782405786805,0
0.75,1634,13,13,13,13,0.9983002256452723,1
0.75,1645,13,13,13,13,1.9959561440339493,0
0.75,1647,13,13,13,13,2.0747431608155944,0
0.75,1649,13,35,13,13,0.004584273737155087,1
0.75,1651,13,13,13,13,0.7642942669873486,1
0.75,1652,13,13,13,13,0.4524988627431459,1
0.75,1653,13,13,13,13,1.3614828910047994,0
0.75,1657,13,13,13,13,1.8977825011721974,0
0.75,1664,13,13,13,13,0.6935197110761705,1
0.75,1667,13,13,13,13,0.7848813236149518,1
0.75,1669,13,13,13,13,1.6382031754858914,0
0.75,1671,13,13,13,13,2.3160603415749765,0
0.75,1673,13,13,13,13,1.7748726700992128,0
0.75,1676,13,13,13,13,2.1553478923078044,0
0.75,1680,14,45,14,14,0.055538486628899264,1
0.75,1685,14,14,14,14,1.6960262606694991,0
0.75,1687,14,14,14,14,1.7271524950055919,0
0.75,1688,14,14,14,14,0.7774947665624118,1
0.75,1692,14,14,14,14,1.6056595275603156,0
0.75,1693,14,14,14,14,1.1674532180865764,1
0.75,1694,14,14,14,14,1.4796923870333893,0
0.75,1704,14,14,14,14,1.825398164136887,0
0.75,1705,14,14,14,14,0.8534941411735998,1
0.75,1708,14,34,21,21,0.06777795863518254,1
0.75,1709,14,14,14,14,0.4179620002445875,1
0.75,1712,14,14,14,14,0.43642761522773166,1
0.75,1717,14,14,14,14,0.37900532428227185,1
0.75,1718,14,14,14,14,2.052827363921035,0
0.75,1720,14,35,14,14,0.4356300450534494,1
0.75,1722,14,14,14,14,1.1209171823766186,1
0.75,1723,14,14,14,14,1.2139027046347448,0
0.75,1732,14,14,14,14,1.8595056026507593,0
0.75,1733,14,14,14,14,1.0903678407750397,1
0.75,1737,14,45,1,1,0.1309723295293317,1
0.75,1741,14,14,14,14,1.4711200986192714,0
0.75,1742,14,14,14,14,1.5165285096049435,0
0.75,1745,14,14,14,14,1.1648846300303992,1
0.75,1746,14,14,14,14,0.09500619208955852,1
0.75,1747,14,14,14,14,1.8970047690471534,0
0.75,1749,14,14,14,14,0.7607128994573418,1
0.75,1754,14,33,14,14,0.14393687395482535,1
0.75,1765,14,14,14,14,1.3759017465692118,0
0.75,1767,14,14,14,14,1.1172254398523571,1
0.75,1769,14,14,14,14,1.9960801750186477,0
0.75,1771,14,21,21,21,0.14348143414753944,1
0.75,1772,14,14,14,14,1.1340958838562272,1
0.75,1773,14,14,14,14,1.2912566479251812,0
0.75,1777,14,14,14,14,0.9509587939354412,1
0.75,1784,14,14,14,14,1.5237715247400723,0
0.75,1787,14,14,14,14,0.6905890242438969,1
0.75,1789,14,14,14,14,0.4214082578241223,1
0.75,1791,14,14,14,14,0.6737822798049204,1
0.75,1793,14,45,29,29,0.21815166427639143,1
0.75,1796,14,14,15,15,0.33972875231286104,1
0.75,1800,15,15,15,15,1.2544609946704508,0
0.75,1805,15,15,15,15,0.6351518736858859,1
0.75,1807,15,15,29,29,0.37198864203083315,1
0.75,1808,15,15,15,15,0.04839912043213879,1
0.75,1812,15,29,15,15,0.26665266511105323,1
0.75,1813,15,15,15,15,0.563595348848981,1
0.75,1814,15,15,15,15,1.5211088076125943,0
0.75,1824,15,29,15,15,0.3319162725683237,1
0.75,1825,15,15,15,15,0.48735519540929584,1
0.75,1828,15,11,15,15,0.004332351395657352,1
0.75,1829,15,23,15,15,0.2670717973432717,1
0.75,1832,15,11,15,15,0.1842984213418466,1
0.75,1837,15,15,15,15,0.4972756188232208,1
0.75,1838,15,8,15,15,0.20479668041100152,1
0.75,1840,15,40,15,15,0.03426790773155908,1
0.75,1842,15,15,15,15,0.34077245209018503,1
0.75,1843,15,15,15,15,1.2786467569767999,0
0.75,1852,15,15,15,15,0.742992955933257,1
0.75,1853,15,22,22,22,0.7080802813219452,1
0.75,1857,15,15,15,15,1.301323697819547,0
0.75,1861,15,15,15,15,1.6411064815702734,0
0.75,1862,15,15,15,15,0.7320400799165023,1
0.75,1865,15,29,15,15,0.09911913398521488,1
0.75,1866,15,15,15,15,1.0015856011556432,1
0.75,1867,15,15,15,15,1.5011336539762785,0
0.75,1869,15,15,15,15,0.7012765809170355,1
0.75,1874,15,15,15,15,1.0434157616316355,1
0.75,1885,15,15,15,15,0.5675191229090344,1
0.75,1887,15,15,15,15,0.17810633849859614,1
0.75,1889,15,8,15,15,0.1581845256621438,1
0.75,1891,15,15,15,15,1.7727971006687462,0
0.75,1892,15,15,15,15,1.6951076228205266,0
0.75,1893,15,15,15,15,0.9447099816097546,1
0.75,1897,15,15,15,15,0.2559445436092822,1
0.75,1904,15,15,15,15,1.232288865104625,0
0.75,1907,15,33,37,37,0.04226679784441645,1
0.75,1909,15,15,15,15,1.854539963438293,0
0.75,1911,15,15,15,15,1.1280848887959332,1
0.75,1913,15,45,15,15,1.0539063952974639,1
0.75,1916,15,15,15,15,0.8672074814334159,1
0.75,1920,16,16,16,16,0.0313423514744241,1
0.75,1925,16,16,16,16,1.7405195221200926,0
0.75,1927,16,25,18,18,0.497258952098786,1
0.75,1928,16,15,25,25,0.16512616859751605,1
0.75,1932,16,16,16,16,0.6645097021194639,1
0.75,1933,16,16,27,27,0.07315800418732132,1
0.75,1934,16,16,16,16,0.513559301549715,1
0.75,1944,16,16,16,16,0.6328194764198681,1
0.75,1945,16,16,16,16,0.8433796972673097,1
0.75,1948,16,16,16,16,0.7974213464878344,1
0.75,1949,16,16,16,16,1.0713035798917243,1
0.75,1952,16,16,16,16,0.32972855355761577,1
0.75,1957,16,16,16,16,0.4353921930722754,1
0.75,1958,16,16,36,36,0.7229261795308225,1
0.75,1960,16,16,16,16,0.9359450136205582,1
0.75,1962,16,16,16,16,0.6300219551906967,1
0.75,1963,16,16,16,16,1.4427466977980683,0
0.75,1972,16,16,16,16,0.5221198108035506,1
0.75,1973,16,16,16,16,0.6456609268767702,1
0.75,1977,16,25,25,25,0.28711837865268197,1
0.75,1981,16,19,19,19,0.26409321891814896,1
0.75,1982,16,22,16,16,0.12684131848185065,1
0.75,1985,16,5,16,16,0.7039774126437982,1
0.75,1986,16,16,16,16,0.7331418743209498,1
0.75,1987,16,16,16,16,0.3216727492119562,1
0.75,1989,16,20,20,20,0.3990760514786874,1
0.75,1994,16,25,16,16,0.167742464077142,1
0.75,2005,16,27,25,25,0.06737060548731222,1
0.75,2007,16,16,15,15,0.33074128500658573,1
0.75,2009,16,16,44,44,0.22024658641308614,1
0.75,2011,16,16,16,16,1.1722576292541582,1
0.75,2012,16,25,43,43,0.01675096910906204,1
0.75,2013,16,16,16,16,0.4034400117740763,1
0.75,2017,16,16,16,16,0.43661510890180744,1
0.75,2024,16,16,16,16,0.10296351288455063,1
0.75,2027,16,5,16,16,0.12463625904656628,1
0.75,2029,16,16,16,16,0.0785272691174137,1
0.75,2031,16,46,46,46,0.20123023862631662,1
0.75,2033,16,16,16,16,1.143475873805327,1
0.75,2036,16,16,16,16,0.3698212337044168,1
0.75,2040,17,8,8,8,0.3214078914691839,1
0.75,2045,17,17,17,17,0.8456325677676244,1
0.75,2047,17,38,38,38,0.02535991306183849,1
0.75,2048,17,44,20,20,0.21688990200299307,1
0.75,2052,17,22,22,22,0.802400491426273,1
0.75,2053,17,17,17,17,0.37881906037735413,1
0.75,2054,17,29,29,29,0.20492606386590628,1
0.75,2064,17,17,17,17,0.8294991151089341,1
0.75,2065,17,17,17,17,0.6428852793442573,1
0.75,2068,17,0,0,0,0.5161063713589524,1
0.75,2069,17,42,42,42,1.0345151627808122,1
0.75,2072,17,17,17,17,0.6571600775213531,1
0.75,2077,17,17,17,17,0.11200903584675659,1
0.75,2078,17,17,17,17,0.8782997745681325,1
0.75,2080,17,44,17,17,0.12478903619625559,1
0.75,2082,17,8,17,17,0.44550971712450305,1
0.75,2083,17,17,17,17,1.0753417711787894,1
0.75,2092,17,17,31,31,0.8190813961738439,1
0.75,2093,17,17,17,17,1.0352590559095995,1
0.75,2097,17,28,28,28,0.016615475692516424,1
0.75,2101,17,17,17,17,0.6305627154277472,1
0.75,2102,17,17,17,17,0.9072982461760334,1
0.75,2105,17,17,17,17,1.265907183962765,0
0.75,2106,17,35,17,17,0.22226798047571505,1
0.75,2107,17,17,17,17,1.3458718860250927,0
0.75,2109,17,17,17,17,0.6424444674191612,1
0.75,2114,17,17,17,17,0.15364429027209947,1
0.75,2125,17,17,17,17,0.12208524746103122,1
0.75,2127,17,17,17,17,0.7034453440759854,1
0.75,2129,17,17,17,17,1.19861298135075,1
0.75,2131,17,45,45,45,0.07747418796651095,1
0.75,2132,17,17,17,17,0.4711189674143932,1
0.75,2133,17,17,17,17,0.44968189924057556,1
0.75,2137,17,17,17,17,0.8860283131973141,1
0.75,2144,17,17,17,17,0.683315536391457,1
0.75,2147,17,35,17,17,0.1886267638266098,1
0.75,2149,17,17,17,17,0.8567330159766975,1
0.75,2151,17,17,17,17,0.9974335605516849,1
0.75,2153,17,17,17,17,0.8092444297715276,1
0.75,2156,17,17,17,17,0.9626423586138926,1
0.75,2160,18,18,18,18,1.787591483291553,0
0.75,2165,18,18,18,18,0.7365008718064955,1
0.75,2167,18,18,18,18,1.5465539573840306,0
0.75,2168,18,18,18,18,0.11528554338404629,1
0.75,2172,18,18,18,18,1.8418362311602952,0
0.75,2173,18,15,19,19,0.6796224759179427,1
0.75,2174,18,30,44,44,0.2894920641817421,1
0.75,2184,18,18,18,18,1.087862464973841,1
0.75,2185,18,18,18,18,0.4051161936027996,1
0.75,2188,18,18,18,18,1.275353844501336,0
0.75,2189,18,18,18,18,0.7974593770335074,1
0.75,2192,18,18,18,18,0.8968627199921501,1
0.75,2197,18,44,18,18,0.3332149171947929,1
0.75,2198,18,27,27,27,1.062018000344326,1
0.75,2200,18,30,43,43,0.7999100575542413,1
0.75,2202,18,18,18,18,1.5645564670558603,0
0.75,2203,18,18,18,18,1.8344564371707541,0
0.75,2212,18,18,18,18,1.6637126672788458,0
0.75,2213,18,18,18,18,2.0504661983861983,0
0.75,2217,18,18,18,18,0.3554832711388164,1
0.75,2221,18,18,18,18,0.9265636628156317,1
0.75,2222,18,18,18,18,0.9058145336549764,1
0.75,2225,18,18,18,18,1.278997159407685,0
0.75,2226,18,18,18,18,1.8244828534526636,0
0.75,2227,18,18,18,18,2.006622063926268,0
0.75,2229,18,18,18,18,2.078756692190832,0
0.75,2234,18,18,18,18,1.5733752293890344,0
0.75,2245,18,18,18,18,1.0722472731485733,1
0.75,2247,18,18,18,18,1.2052620513492796,0
0.75,2249,18,18,18,18,2.0597020194064544,0
0.75,2251,18,18,18,18,1.5154031020354033,0
0.75,2252,18,18,18,18,1.1474013378616263,1
0.75,2253,18,18,18,18,1.8525470038193181,0
0.75,2257,18,18,18,18,1.588547136824985,0
0.75,2264,18,18,18,18,1.6505382593168698,0
0.75,2267,18,18,18,18,1.8303770087867242,0
0.75,2269,18,18,18,18,1.0239515958589065,1
0.75,2271,18,25,27,27,0.5090946549438671,1
0.75,2273,18,18,18,18,1.8280634956097943,0
0.75,2276,18,18,18,18,1.852071634428273,0
0.75,2280,19,19,19,19,1.2479389557646863,0
0.75,2285,19,19,19,19,0.5117665732978033,1
0.75,2287,19,19,19,19,1.218126128313628,0
0.75,2288,19,19,19,19,0.6506568223345045,1
0.75,2292,19,21,19,19,0.17399705643886465,1
0.75,2293,19,19,19,19,1.9558723432262812,0
0.75,2294,19,43,19,19,0.6643345894456585,1
0.75,2304,19,46,19,19,0.2886607782682562,1
0.75,2305,19,19,19,19,0.9934291194388961,1
0.75,2308,19,19,19,19,0.7101133502775796,1
0.75,2309,19,19,19,19,0.4258125151121276,1
0.75,2312,19,19,19,19,1.4990224456178645,0
0.75,2317,19,19,19,19,1.4321217931726997,0
0.75,2318,19,19,19,19,1.3402593781217629,0
0.75,2320,19,19,19,19,0.717813678879921,1
0.75,2322,19,19,19,19,1.515346287959047,0
0.75,2323,19,19,19,19,0.6751731214618124,1
0.75,2332,19,19,19,19,1.7407999984760023,0
0.75,2333,19,19,19,19,0.6579800441753599,1
0.75,2337,19,19,19,19,0.020158484257884135,1
0.75,2341,19,19,19,19,1.2979502735170474,0
0.75,2342,19,19,19,19,0.007313313812749245,1
0.75,2345,19,46,19,19,0.011049966982270343,1
0.75,2346,19,19,19,19,1.4015820542987079,0
0.75,2347,19,19,19,19,1.2831988841684412,0
0.75,2349,19,19,19,19,1.0300668009145835,1
0.75,2354,19,19,19,19,1.284109251675363,0
0.75,2365,19,19,19,19,1.3487178724156654,0
0.75,2367,19,19,19,19,0.4288925624933493,1
0.75,2369,19,19,19,19,0.18122905686273372,1
0.75,2371,19,35,35,35,0.4543768387083712,1
0.75,2372,19,19,19,19,2.241418969180512,0
0.75,2373,19,19,19,19,1.0386163186756192,1
0.75,2377,19,19,19,19,1.5494504996360683,0
0.75,2384,19,19,19,19,1.1743723493116325,1
0.75,2387,19,19,8,8,0.16984458325788443,1
0.75,2389,19,21,6,6,0.34371288448182313,1
0.75,2391,19,19,19,19,1.2847345594646797,0
0.75,2393,19,19,19,19,1.0227075981299367,1
0.75,2396,19,19,19,19,1.2214129945530798,0
0.75,2400,20,20,20,20,0.0828144844359231,1
0.75,2405,20,20,20,20,0.9425347827131905,1
0.75,2407,20,20,20,20,1.4990639157067946,0
0.75,2408,20,20,20,20,1.691832906425421,0
0.75,2412,20,20,21,21,0.13674134846951402,1
0.75,2413,20,44,2,2,0.048786742781171566,1
0.75,2414,20,20,20,20,1.4659979713236444,0
0.75,2424,20,20,20,20,0.5934116030284953,1
0.75,2425,20,20,20,20,1.4044336931544361,0
0.75,2428,20,20,20,20,0.8927783674403775,1
0.75,2429,20,20,20,20,1.6848212838997145,0
0.75,2432,20,44,20,20,0.08221587396381413,1
0.75,2437,20,20,20,20,0.1210697651778323,1
0.75,2438,20,20,20,20,1.1914471971799845,1
0.75,2440,20,20,20,20,0.5031682096473723,1
0.75,2442,20,20,20,20,0.1553196385458263,1
0.75,2443,20,20,20,20,1.4610852592266703,0
0.75,2452,20,20,20,20,1.7687517924615919,0
0.75,2453,20,20,20,20,0.49066624889314114,1
0.75,2457,20,20,20,20,2.0000125976505325,0
0.75,2461,20,20,20,20,2.075383509053757,0
0.75,2462,20,20,20,20,1.6184644347995816,0
0.75,2465,20,20,20,20,1.0174208940383425,1
0.75,2466,20,20,20,20,0.8367710045963077,1
0.75,2467,20,20,20,20,1.2636554672766453,0
0.75,2469,20,20,20,20,0.9234879274494145,1
0.75,2474,20,20,20,20,1.8663105836743508,0
0.75,2485,20,8,20,20,0.37804105670377175,1
0.75,2487,20,20,20,20,0.22272953845568444,1
0.75,2489,20,20,20,20,2.1431477098304725,0
0.75,2491,20,20,20,20,1.5018594060524948,0
0.75,2492,20,20,20,20,1.045414580184362,1
0.75,2493,20,20,20,20,1.8440352103687365,0
0.75,2497,20,20,20,20,0.2025237155837607,1
0.75,2504,20,20,20,20,0.547172069494398,1
0.75,2507,20,20,20,20,1.1480302996705993,1
0.75,2509,20,20,20,20,1.9276452699675648,0
0.75,2511,20,20,20,20,0.3482206049011096,1
0.75,2513,20,20,20,20,1.8136538771512525,0
0.75,2516,20,20,20,20,1.4911901894595796,0
0.75,2520,21,21,21,21,0.38331611722783954,1
0.75,2525,21,21,21,21,0.22514224851917797,1
0.75,2527,21,21,21,21,1.477212199261271,0
0.75,2528,21,21,21,21,1.6156812690678826,0
0.75,2532,21,21,21,21,1.7586992931836478,0
0.75,2533,21,21,21,21,2.3184646220981775,0
0.75,2534,21,21,21,21,1.8579174862196388,0
0.75,2544,21,21,21,21,1.1770124571113043,1
0.75,2545,21,21,21,21,2.1471262171866043,0
0.75,2548,21,21,21,21,1.2974013861643725,0
0.75,2549,21,21,21,21,0.7474244071157451,1
0.75,2552,21,21,21,21,1.4576798817548686,0
0.75,2557,21,21,21,21,1.323608953140449,0
0.75,2558,21,21,21,21,1.231851106492612,0
0.75,2560,21,21,21,21,0.35003232861730416,1
0.75,2562,21,21,21,21,0.9145591708534537,1
0.75,2563,21,21,21,21,1.3521524489011936,0
0.75,2572,21,21,21,21,0.5549625064063768,1
0.75,2573,21,21,21,21,1.2690942015471043,0
0.75,2577,21,21,20,20,0.4725922779853683,1
0.75,2581,21,21,21,21,0.8491214306912516,1
0.75,2582,21,21,21,21,0.8310165916764969,1
0.75,2585,21,21,21,21,1.9305457510687674,0
0.75,2586,21,21,21,21,0.9168487350720235,1
0.75,2587,21,21,21,21,0.7446457917780562,1
0.75,2589,21,21,21,21,1.2428096247271614,0
0.75,2594,21,21,21,21,2.1990862479351656,0
0.75,2605,21,21,21,21,0.9030864497385833,1
0.75,2607,21,21,21,21,0.4920362411895193,1
0.75,2609,21,15,15,15,0.05000152642855782,1
0.75,2611,21,10,10,10,0.3486056448374598,1
0.75,2612,21,21,21,21,2.0418918261208194,0
0.75,2613,21,21,21,21,1.6159956945738867,0
0.75,2617,21,21,21,21,1.416229296244204,0
0.75,2624,21,21,21,21,0.47602848451925084,1
0.75,2627,21,21,21,21,2.333446883571768,0
0.75,2629,21,21,21,21,1.2288209403304906,0
0.75,2631,21,21,21,21,0.8527640139397843,1
0.75,2633,21,21,21,21,0.14700540220224334,1
0.75,2636,21,21,21,21,2.338631983703645,0
0.75,2640,22,22,22,22,0.31821511678280046,1
0.75,2645,22,0,22,22,0.09973857597555646,1
0.75,2647,22,0,0,0,0.31487383774042743,1
0.75,2648,22,22,22,22,0.32432829628558135,1
0.75,2652,22,22,22,22,0.6153656930000729,1
0.75,2653,22,22,22,22,0.18153441912588142,1
0.75,2654,22,22,0,0,0.6079193236579301,1
0.75,2664,22,17,45,45,0.21030155106727455,1
0.75,2665,22,22,45,45,0.03229992503666668,1
0.75,2668,22,29,29,29,1.1126787672290408,1
0.75,2669,22,0,0,0,0.4477341084569645,1
0.75,2672,22,22,22,22,1.5080154705190558,0
0.75,2677,22,22,22,22,1.1175852599539395,1
0.75,2678,22,22,22,22,1.2285580772077451,0
0.75,2680,22,22,22,22,0.7188822766407249,1
0.75,2682,22,17,17,17,0.7254872689568902,1
0.75,2683,22,22,22,22,1.6137094474205025,0
0.75,2692,22,22,22,22,0.5545559845424434,1
0.75,2693,22,22,22,22,1.1157338257707068,1
0.75,2697,22,22,22,22,0.36150698519070523,1
0.75,2701,22,22,22,22,0.38820580168836405,1
0.75,2702,22,22,22,22,0.08116159518961519,1
0.75,2705,22,22,22,22,1.7223537338545496,0
0.75,2706,22,0,0,0,0.2610757324237929,1
0.75,2707,22,22,22,22,1.6928136943890033,0
0.75,2709,22,22,22,22,0.8278922950135978,1
0.75,2714,22,22,22,22,1.8796668989556942,0
0.75,2725,22,22,17,17,0.5517408437965908,1
0.75,2727,22,39,39,39,1.6370759247010875,0
0.75,2729,22,22,22,22,0.16404786192078968,1
0.75,2731,22,22,22,22,0.7412721153846614,1
0.75,2732,22,17,22,22,0.10507453795730881,1
0.75,2733,22,22,22,22,1.120015560759295,1
0.75,2737,22,22,22,22,0.3858882980326259,1
0.75,2744,22,22,0,0,0.3034541929264062,1
0.75,2747,22,15,22,22,0.1591681982632206,1
0.75,2749,22,22,22,22,1.2230517800350793,0
0.75,2751,22,0,22,22,0.006847809021490958,1
0.75,2753,22,0,22,22,0.270336547275541,1
0.75,2756,22,20,20,20,0.2475494944408818,1
0.75,2760,23,21,23,23,0.18235720923421828,1
0.75,2765,23,28,23,23,0.32116774528242764,1
0.75,2767,23,28,23,23,0.14699979299454813,1
0.75,2768,23,28,12,12,0.13326800900477265,1
0.75,2772,23,37,37,37,0.8106130281259265,1
0.75,2773,23,37,37,37,0.313793846886123,1
0.75,2774,23,28,23,23,0.10791092659904855,1
0.75,2784,23,23,23,23,0.8793283317532167,1
0.75,2785,23,23,23,23,0.31000585181503015,1
0.75,2788,23,1,23,23,0.23174579477403823,1
0.75,2789,23,23,23,23,0.9676433852616231,1
0.75,2792,23,23,23,23,1.1104959163350614,1
0.75,2797,23,23,23,23,0.996083929858339,1
0.75,2798,23,37,37,37,0.8771462019089673,1
0.75,2800,23,23,23,23,1.3656867672600135,0
0.75,2802,23,23,23,23,1.5502575422254885,0
0.75,2803,23,23,23,23,0.9712238373568945,1
0.75,2812,23,24,23,23,0.16118670442946514,1
0.75,2813,23,23,23,23,1.4060200534258147,0
0.75,2817,23,23,23,23,0.5762053211257925,1
0.75,2821,23,23,23,23,2.05805920636947,0
0.75,2822,23,23,23,23,0.6315276418765028,1
0.75,2825,23,15,23,23,0.07603162854518586,1
0.75,2826,23,23,23,23,0.43195650623874027,1
0.75,2827,23,23,23,23,0.9825692206374184,1
0.75,2829,23,28,28,28,0.6537862981252771,1
0.75,2834,23,23,23,23,0.9668728752860709,1
0.75,2845,23,23,23,23,1.4185179474755765,0
0.75,2847,23,23,23,23,0.7891005621168634,1
0.75,2849,23,23,37,37,0.09705284289612859,1
0.75,2851,23,23,23,23,1.3937355726812002,0
0.75,2852,23,23,1,1,0.07727802388854754,1
0.75,2853,23,23,23,23,0.20119762377226602,1
0.75,2857,23,23,23,23,1.3210613964623212,0
0.75,2864,23,23,23,23,1.0329767270741632,1
0.75,2867,23,23,23,23,0.6463646802985625,1
0.75,2869,23,38,23,23,0.193388410804193,1
0.75,2871,23,23,23,23,0.4665877288661907,1
0.75,2873,23,45,23,23,0.09063193110812506,1
0.75,2876,23,23,23,23,0.6284534144463155,1
0.75,2880,24,24,24,24,1.0724562719322641,1
0.75,2885,24,24,24,24,0.4189487200773915,1
0.75,2887,24,24,24,24,0.030239970680606687,1
0.75,2888,24,24,24,24,0.6113054175595587,1
0.75,2892,24,31,31,31,0.7221738540728542,1
0.75,2893,24,24,24,24,0.9812497914887341,1
0.75,2894,24,24,24,24,1.7718178433528462,0
0.75,2904,24,44,5,5,0.10735624924441534,1
0.75,2905,24,24,24,24,0.6096401033709986,1
0.75,2908,24,11,11,11,1.1249391319457211,1
0.75,2909,24,24,24,24,0.8702749743359075,1
0.75,2912,24,24,24,24,0.5350543170240681,1
0.75,2917,24,14,14,14,1.3313856608087211,0
0.75,2918,24,24,24,24,1.00786008627362,1
0.75,2920,24,24,24,24,1.3524879767727662,0
0.75,2922,24,24,24,24,0.48102186737849284,1
0.75,2923,24,24,24,24,1.0504203958771663,1
0.75,2932,24,29,11,11,0.1519589625238117,1
0.75,2933,24,24,24,24,0.8598876156489123,1
0.75,2937,24,24,24,24,0.21269236778807799,1
0.75,2941,24,4,20,20,0.24039080995726259,1
0.75,2942,24,24,24,24,0.3789757981894345,1
0.75,2945,24,24,24,24,1.539188421374019,0
0.75,2946,24,24,24,24,1.5481221375286558,0
0.75,2947,24,24,24,24,0.8528668145870308,1
0.75,2949,24,24,24,24,1.9620484476919484,0
0.75,2954,24,23,37,37,0.046590836353400444,1
0.75,2965,24,24,24,24,0.9004373398420005,1
0.75,2967,24,24,24,24,1.0991325630928477,1
0.75,2969,24,24,24,24,1.0636513223066686,1
0.75,2971,24,24,24,24,0.965630455121537,1
0.75,2972,24,24,24,24,0.2396553995828853,1
0.75,2973,24,24,24,24,1.148688413869091,1
0.75,2977,24,24,24,24,0.896752568642808,1
0.75,2984,24,24,24,24,0.17885902100288276,1
0.75,2987,24,24,24,24,0.4541563802014925,1
0.75,2989,24,11,11,11,0.21275599264677403,1
0.75,2991,24,4,12,12,0.024765225242337485,1
0.75,2993,24,24,24,24,0.7387219148736014,1
0.75,2996,24,24,24,24,0.538363017542321,1
0.75,3000,25,25,25,25,1.7526149356714678,0
0.75,3005,25,16,16,16,0.19813709531828638,1
0.75,3007,25,25,25,25,1.0153036958786301,1
0.75,3008,25,19,25,25,0.02363193128485852,1
0.75,3012,25,18,25,25,1.060673643775238,1
0.75,3013,25,16,16,16,0.7251733989375079,1
0.75,3014,25,16,16,16,0.30137939016600546,1
0.75,3024,25,25,25,25,0.11799863293280155,1
0.75,3025,25,27,27,27,0.5168250702142978,1
0.75,3028,25,25,25,25,0.527449262463789,1
0.75,3029,25,16,16,16,0.13071421786458226,1
0.75,3032,25,16,25,25,0.07139108174247044,1
0.75,3037,25,25,25,25,0.916523308904014,1
0.75,3038,25,18,25,25,0.8354744346745038,1
0.75,3040,25,16,16,16,0.29854222344394,1
0.75,3042,25,25,25,25,2.080530743737647,0
0.75,3043,25,44,25,25,0.04010106815598302,1
0.75,3052,25,18,18,18,0.40939815532912505,1
0.75,3053,25,25,25,25,0.7494295762898073,1
0.75,3057,25,25,25,25,0.5143688392139433,1
0.75,3061,25,16,25,25,0.33051183036700205,1
0.75,3062,25,25,25,25,1.3626513765708905,0
0.75,3065,25,25,25,25,0.17436384865372545,1
0.75,3066,25,25,25,25,1.80749513873296,0
0.75,3067,25,25,25,25,1.6707439767080385,0
0.75,3069,25,25,25,25,0.05646745978010825,1
0.75,3074,25,25,25,25,1.2600591410182913,0
0.75,3085,25,25,25,25,0.4683858839206161,1
0.75,3087,25,25,25,25,1.3214079228212308,0
0.75,3089,25,25,25,25,1.9659201377480084,0
0.75,3091,25,25,25,25,0.008743366075545933,1
0.75,3092,25,25,25,25,1.7997036468831544,0
0.75,3093,25,25,25,25,0.06258235559096614,1
0.75,3097,25,18,18,18,0.8631931203868302,1
0.75,3104,25,25,25,25,0.3177784611589485,1
0.75,3107,25,25,25,25,0.7493466439473482,1
0.75,3109,25,25,25,25,1.805913863532815,0
0.75,3111,25,25,25,25,1.7036004944595848,0
0.75,3113,25,25,25,25,1.3478077311639385,0
0.75,3116,25,25,25,25,0.6818901415222813,1
0.75,3120,26,26,26,26,1.4115036158485355,0
0.75,3125,26,26,26,26,0.3355426144081972,1
0.75,3127,26,26,26,26,0.08121159816691459,1
0.75,3128,26,26,26,26,0.660313305186244,1
0.75,3132,26,26,26,26,1.8437473423437,0
0.75,3133,26,26,26,26,1.2212780222125088,0
0.75,3134,26,26,26,26,2.5618716556443406,0
0.75,3144,26,26,26,26,1.377176197858924,0
0.75,3145,26,26,26,26,0.6042071446326167,1
0.75,3148,26,26,26,26,0.17818998026673816,1
0.75,3149,26,26,26,26,2.2374480237923935,0
0.75,3152,26,26,26,26,2.0397047914344055,0
0.75,3157,26,26,26,26,0.816006452941255,1
0.75,3158,26,26,26,26,2.286630781466906,0
0.75,3160,26,26,26,26,1.975718360642075,0
0.75,3162,26,26,26,26,1.069073961523522,1
0.75,3163,26,26,26,26,1.2881879774661218,0
0.75,3172,26,26,26,26,1.2805082051617895,0
0.75,3173,26,26,26,26,1.3367598979106454,0
0.75,3177,26,26,26,26,1.944395316890179,0
0.75,3181,26,26,26,26,1.8940027759378875,0
0.75,3182,26,26,26,26,1.527702268182797,0
0.75,3185,26,26,26,26,1.3624765016048603,0
0.75,3186,26,26,26,26,1.0222799756829088,1
0.75,3187,26,26,26,26,1.2187548039704206,0
0.75,3189,26,19,21,21,0.088296080679514,1
0.75,3194,26,26,26,26,1.5064777667131535,0
0.75,3205,26,26,26,26,0.6509222856352892,1
0.75,3207,26,26,26,26,1.1045599056715756,1
0.75,3209,26,19,26,26,0.02941664307823899,1
0.75,3211,26,26,26,26,1.4890676253598332,0
0.75,3212,26,26,26,26,1.8508007809125593,0
0.75,3213,26,26,26,26,1.3727882758838121,0
0.75,3217,26,26,26,26,1.7259289202866572,0
0.75,3224,26,41,41,41,0.2060888789996569,1
0.75,3227,26,26,26,26,2.2503933768604725,0
0.75,3229,26,26,26,26,0.18162280744733272,1
0.75,3231,26,26,26,26,1.6546830077521142,0
0.75,3233,26,26,26,26,2.2940065342961886,0
0.75,3236,26,26,26,26,2.119754690678312,0
0.75,3240,27,27,27,27,0.9706571017497468,1
0.75,3245,27,27,27,27,1.0116123995564241,1
0.75,3247,27,27,27,27,0.6087597029649776,1
0.75,3248,27,27,27,27,0.7022736865388186,1
0.75,3252,27,27,27,27,1.5776505733611443,0
0.75,3253,27,16,40,40,0.0009430083799654709,1
0.75,3254,27,27,27,27,0.6543309155811718,1
0.75,3264,27,27,27,27,0.3315440570057363,1
0.75,3265,27,27,27,27,0.26220652216788365,1
0.75,3268,27,27,27,27,0.4595192888645502,1
0.75,3269,27,27,27,27,0.25964700352076986,1
0.75,3272,27,27,27,27,0.05035331123611975,1
0.75,3277,27,30,27,27,0.1476711315557706,1
0.75,3278,27,27,27,27,0.9243541406046489,1
0.75,3280,27,27,27,27,0.6294867776209262,1
0.75,3282,27,16,27,27,0.1967107105814555,1
0.75,3283,27,27,27,27,1.387983591084152,0
0.75,3292,27,27,27,27,1.386491186212081,0
0.75,3293,27,27,27,27,0.8626788499061596,1
0.75,3297,27,27,27,27,0.026208017277508322,1
0.75,3301,27,40,40,40,0.2936699176354157,1
0.75,3302,27,30,43,43,0.46132949638512766,1
0.75,3305,27,44,44,44,0.11402401006135798,1
0.75,3306,27,27,27,27,1.0034920633904423,1
0.75,3307,27,27,27,27,0.5299974046813889,1
0.75,3309,27,40,2,2,0.238424146786969,1
0.75,3314,27,27,27,27,0.1687593174264702,1
0.75,3325,27,27,27,27,0.2619360790044023,1
0.75,3327,27,10,10,10,0.10275116955385177,1
0.75,3329,27,27,27,27,1.0317070731289504,1
0.75,3331,27,40,30,30,0.005996135251993495,1
0.75,3332,27,27,27,27,0.20927731577536546,1
0.75,3333,27,30,27,27,0.0780966062633337,1
0.75,3337,27,40,40,40,0.3149554957585623,1
0.75,3344,27,27,12,12,0.016457125176080445,1
0.75,3347,27,21,27,27,0.4155883395806579,1
0.75,3349,27,27,27,27,0.6090465172405832,1
0.75,3351,27,27,27,27,0.2463089615736085,1
0.75,3353,27,27,27,27,1.669093278625591,0
0.75,3356,27,30,30,30,0.3093385247436018,1
0.75,3360,28,31,4,4,0.12349806439199984,1
0.75,3365,28,28,28,28,0.823924828509847,1
0.75,3367,28,28,28,28,0.25658260014496215,1
0.75,3368,28,3,32,32,0.5970468242465525,1
0.75,3372,28,28,28,28,0.3334176955186078,1
0.75,3373,28,32,4,4,0.19291633152959164,1
0.75,3374,28,28,28,28,0.29366341214595126,1
0.75,3384,28,28,28,28,0.3547382199314514,1
0.75,3385,28,32,35,35,0.08610687674397643,1
0.75,3388,28,28,28,28,0.4081571031377693,1
0.75,3389,28,4,4,4,0.28194304530378966,1
0.75,3392,28,37,37,37,0.4923003942781934,1
0.75,3397,28,12,28,28,0.2747958317983451,1
0.75,3398,28,32,28,28,0.013521108366482903,1
0.75,3400,28,28,28,28,0.24370845437276445,1
0.75,3402,28,1,34,34,0.3091164076527404,1
0.75,3403,28,20,39,39,0.6335664556702466,1
0.75,3412,28,28,28,28,0.5277445255372153,1
0.75,3413,28,28,28,28,0.5774583558742759,1
0.75,3417,28,28,28,28,0.10713863508816313,1
0.75,3421,28,32,32,32,0.28916527229644295,1
0.75,3422,28,31,28,28,0.18061975331458435,1
0.75,3425,28,28,28,28,1.1052028301414252,1
0.75,3426,28,28,28,28,0.8181896557871084,1
0.75,3427,28,31,31,31,0.034080867009509186,1
0.75,3429,28,28,28,28,0.991533917971289,1
0.75,3434,28,28,31,31,0.021052359413471833,1
0.75,3445,28,38,38,38,0.2571067009543866,1
0.75,3447,28,28,28,28,1.019324504872937,1
0.75,3449,28,28,28,28,0.539975692071807,1
0.75,3451,28,4,4,4,0.1511324541452792,1
0.75,3452,28,32,4,4,0.1266147026081006,1
0.75,3453,28,28,28,28,0.28619683315281697,1
0.75,3457,28,28,28,28,0.06593447686433473,1
0.75,3464,28,32,32,32,0.6875472026726507,1
0.75,3467,28,13,13,13,0.5054593217715334,1
0.75,3469,28,36,4,4,0.18684769917247113,1
0.75,3471,28,40,27,27,0.20781793950590344,1
0.75,3473,28,28,28,28,0.5101006872757956,1
0.75,3476,28,28,28,28,0.5193147663359936,1
0.75,3480,29,18,29,29,0.20554466151135498,1
0.75,3485,29,38,29,29,0.08041304967444707,1
0.75,3487,29,38,38,38,0.27832663205670183,1
0.75,3488,29,29,29,29,0.9504945179849603,1
0.75,3492,29,29,29,29,1.1575583254163724,1
0.75,3493,29,18,29,29,0.10433805559348608,1
0.75,3494,29,29,29,29,0.9538640338786408,1
0.75,3504,29,29,15,15,0.2932682272001872,1
0.75,3505,29,17,15,15,0.12366929015483041,1
0.75,3508,29,29,29,29,0.5078148829904419,1
0.75,3509,29,29,29,29,1.3291029498518427,0
0.75,3512,29,13,29,29,0.09663740877049487,1
0.75,3517,29,17,29,29,0.3490359193031025,1
0.75,3518,29,17,17,17,0.12130468713250586,1
0.75,3520,29,29,29,29,0.1513512484893048,1
0.75,3522,29,29,29,29,1.6772384098070954,0
0.75,3523,29,29,29,29,2.492518236548702,0
0.75,3532,29,29,29,29,1.0010419924634089,1
0.75,3533,29,14,29,29,0.21136707537185262,1
0.75,3537,29,29,29,29,0.8850579819310109,1
0.75,3541,29,2,29,29,0.03948176796338676,1
0.75,3542,29,29,29,29,0.40694563076689594,1
0.75,3545,29,29,29,29,0.818030371756674,1
0.75,3546,29,29,29,29,0.2460531490410841,1
0.75,3547,29,29,29,29,1.0512347281624241,1
0.75,3549,29,18,29,29,0.22739647828739207,1
0.75,3554,29,29,29,29,0.37818435124019156,1
0.75,3565,29,29,29,29,1.4674572971100561,0
0.75,3567,29,29,29,29,0.7888533526387671,1
0.75,3569,29,45,45,45,0.5843091275221537,1
0.75,3571,29,17,17,17,0.5844693437042657,1
0.75,3572,29,29,29,29,0.2505725317487104,1
0.75,3573,29,16,16,16,0.09111643457198859,1
0.75,3577,29,29,29,29,0.533988740782189,1
0.75,3584,29,29,29,29,0.3909357323299848,1
0.75,3587,29,29,29,29,0.6301997925362488,1
0.75,3589,29,17,17,17,0.8543720032576512,1
0.75,3591,29,29,29,29,0.8055226823996204,1
0.75,3593,29,35,29,29,0.4836034226104938,1
0.75,3596,29,29,29,29,0.9686699103947469,1
0.75,3600,30,30,30,30,1.1100071414872275,1
0.75,3605,30,30,30,30,0.8237287288751766,1
0.75,3607,30,30,30,30,1.5946593644800835,0
0.75,3608,30,30,30,30,0.0440750091931944,1
0.75,3612,30,27,27,27,0.38585989581972835,1
0.75,3613,30,30,30,30,0.3162355516264381,1
0.75,3614,30,30,30,30,1.1431456256548627,1
0.75,3624,30,30,30,30,1.18165104722614,1
0.75,3625,30,30,30,30,0.9655518006261449,1
0.75,3628,30,30,30,30,1.347583747195515,0
0.75,3629,30,10,10,10,0.5276077067380169,1
0.75,3632,30,10,30,30,0.11500751371398643,1
0.75,3637,30,30,30,30,1.0107937231800566,1
0.75,3638,30,27,27,27,0.44611157540544344,1
0.75,3640,30,30,30,30,1.1317927541094719,1
0.75,3642,30,29,10,10,0.14790246181111233,1
0.75,3643,30,30,10,10,0.1443085728479505,1
0.75,3652,30,10,30,30,0.21552932515967094,1
0.75,3653,30,30,10,10,0.17658408357418953,1
0.75,3657,30,30,30,30,0.05150971076424227,1
0.75,3661,30,30,30,30,1.0224396858371014,1
0.75,3662,30,33,40,40,0.2636144482622518,1
0.75,3665,30,30,30,30,0.005659597411748707,1
0.75,3666,30,30,30,30,0.24048698982041405,1
0.75,3667,30,30,10,10,0.8148992899671269,1
0.75,3669,30,30,10,10,0.16586114645436578,1
0.75,3674,30,30,30,30,0.5231902575025641,1
0.75,3685,30,30,30,30,0.3305371680369027,1
0.75,3687,30,30,30,30,0.8223912493594837,1
0.75,3689,30,30,30,30,0.8252142965228901,1
0.75,3691,30,10,10,10,0.12323881028546158,1
0.75,3692,30,10,30,30,0.08217822215269588,1
0.75,3693,30,10,10,10,0.138234983585793,1
0.75,3697,30,30,30,30,0.6701644792244444,1
0.75,3704,30,27,30,30,0.09731101103438722,1
0.75,3707,30,30,30,30,1.5534787663684007,0
0.75,3709,30,30,30,30,0.572477749099136,1
0.75,3711,30,10,10,10,0.36983854968284047,1
0.75,3713,30,10,10,10,0.5936839762079863,1
0.75,3716,30,30,30,30,1.225344547277804,0
0.75,3720,31,31,31,31,0.27691852922646887,1
0.75,3725,31,31,31,31,0.7211628099245173,1
0.75,3727,31,28,28,28,0.38006299718806413,1
0.75,3728,31,12,12,12,0.5090258050060271,1
0.75,3732,31,45,31,31,0.00823424187390065,1
0.75,3733,31,28,28,28,0.07945270514187852,1
0.75,3734,31,7,31,31,0.11562908143325079,1
0.75,3744,31,31,31,31,0.9886403186222951,1
0.75,3745,31,31,31,31,0.75146604636466,1
0.75,3748,31,32,31,31,0.055365140802470125,1
0.75,3749,31,31,31,31,0.31128822588424776,1
0.75,3752,31,23,28,28,0.12441553502601566,1
0.75,3757,31,31,31,31,0.5388977884771734,1
0.75,3758,31,32,32,32,0.09976044233341552,1
0.75,3760,31,28,28,28,0.43559096893038673,1
0.75,3762,31,31,31,31,0.8379726356545869,1
0.75,3763,31,28,28,28,0.6083234788940071,1
0.75,3772,31,28,4,4,0.13644110709383106,1
0.75,3773,31,12,12,12,0.5367136344209488,1
0.75,3777,31,31,31,31,0.09367995801898443,1
0.75,3781,31,31,31,31,0.892345777658196,1
0.75,3782,31,31,31,31,0.8870609841034931,1
0.75,3785,31,36,31,31,0.1375570600689423,1
0.75,3786,31,4,31,31,0.4070998777689513,1
0.75,3787,31,7,7,7,0.6107297052193434,1
0.75,3789,31,19,19,19,0.45703522610519476,1
0.75,3794,31,31,31,31,0.7252666159889065,1
0.75,3805,31,31,31,31,0.11564935282832223,1
0.75,3807,31,31,31,31,1.2068544585351044,0
0.75,3809,31,33,33,33,0.35068482542841695,1
0.75,3811,31,31,31,31,0.15099622219711817,1
0.75,3812,31,23,1,1,0.04981044639169563,1
0.75,3813,31,31,31,31,0.8070146847886775,1
0.75,3817,31,12,31,31,0.013271307874318294,1
0.75,3824,31,4,31,31,0.0033553546702399517,1
0.75,3827,31,28,28,28,0.30604624052410334,1
0.75,3829,31,31,12,12,0.012453396124449179,1
0.75,3831,31,28,31,31,0.1122303302154335,1
0.75,3833,31,31,31,31,0.3794972253927351,1
0.75,3836,31,31,31,31,0.6696166631115884,1
0.75,3840,32,32,32,32,1.1102439427487918,1
0.75,3845,32,38,32,32,0.5018480961372189,1
0.75,3847,32,32,32,32,0.5427200585072451,1
0.75,3848,32,32,32,32,0.28950382004605235,1
0.75,3852,32,32,32,32,0.6770249560788758,1
0.75,3853,32,32,32,32,1.6270995193061961,0
0.75,3854,32,32,32,32,1.0857058526079397,1
0.75,3864,32,38,32,32,0.22104685209284813,1
0.75,3865,32,32,32,32,1.6410394267983184,0
0.75,3868,32,32,32,32,0.9216141144385264,1
0.75,3869,32,32,32,32,1.3116005685730545,0
0.75,3872,32,32,32,32,1.5350545114166012,0
0.75,3877,32,32,32,32,1.0839430998682578,1
0.75,3878,32,32,32,32,2.3431256834481156,0
0.75,3880,32,32,32,32,1.139076894543988,1
0.75,3882,32,32,32,32,0.45352086677685466,1
0.75,3883,32,32,32,32,1.574309562447338,0
0.75,3892,32,32,32,32,0.5706371642735436,1
0.75,3893,32,32,32,32,2.0559147573884373,0
0.75,3897,32,32,32,32,0.6314099276160824,1
0.75,3901,32,7,7,7,0.9289412901932077,1
0.75,3902,32,32,32,32,0.9903633756409336,1
0.75,3905,32,32,32,32,1.6543340976498813,0
0.75,3906,32,32,32,32,1.8193201047765215,0
0.75,3907,32,32,32,32,2.0035963080981816,0
0.75,3909,32,32,32,32,1.0915620730918474,1
0.75,3914,32,32,32,32,0.7725135471351473,1
0.75,3925,32,32,32,32,1.2436997894809003,0
0.75,3927,32,32,32,32,0.8042749428763036,1
0.75,3929,32,7,32,32,0.168228010371269,1
0.75,3931,32,32,32,32,1.5612530500258845,0
0.75,3932,32,38,32,32,0.5393347209354197,1
0.75,3933,32,32,32,32,1.2317984287253276,0
0.75,3937,32,32,32,32,1.9764931273499182,0
0.75,3944,32,32,32,32,1.6714171968380611,0
0.75,3947,32,32,32,32,1.3960894718345693,0
0.75,3949,32,32,32,32,1.5779576184837794,0
0.75,3951,32,32,32,32,1.6618174695032157,0
0.75,3953,32,32,32,32,2.1338653767620572,0
0.75,3956,32,38,32,32,0.0805377544792314,1
0.75,3960,33,4,40,40,0.016778511593457557,1
0.75,3965,33,33,4,4,0.4178838496459958,1
0.75,3967,33,33,33,33,0.4615370850519416,1
0.75,3968,33,33,33,33,1.0463110637644184,1
0.75,3972,33,33,33,33,0.7431040153696785,1
0.75,3973,33,35,33,33,0.07408235448460843,1
0.75,3974,33,33,33,33,1.2735164325404909,0
0.75,3984,33,33,33,33,0.7694863127781316,1
0.75,3985,33,33,33,33,0.8159542189774107,1
0.75,3988,33,33,33,33,0.02854950009380186,1
0.75,3989,33,33,33,33,1.527440725631233,0
0.75,3992,33,33,33,33,0.7143613669712229,1
0.75,3997,33,21,33,33,0.016342817955489863,1
0.75,3998,33,33,33,33,1.8665356907067583,0
0.75,4000,33,33,33,33,1.889012129662809,0
0.75,4002,33,33,33,33,1.2671408888492963,0
0.75,4003,33,33,33,33,1.094313040724947,1
0.75,4012,33,33,33,33,2.021073340622548,0
0.75,4013,33,8,4,4,0.03243989920998003,1
0.75,4017,33,18,33,33,0.021943573973919772,1
0.75,4021,33,33,33,33,1.1318079743005829,1
0.75,4022,33,33,33,33,1.0122383418053684,1
0.75,4025,33,33,33,33,0.7449761316078231,1
0.75,4026,33,33,33,33,1.8802546546587349,0
0.75,4027,33,33,33,33,1.2570673725650878,0
0.75,4029,33,33,33,33,1.5631531735223199,0
0.75,4034,33,33,33,33,2.089082065723911,0
0.75,4045,33,26,29,29,0.003031608140016684,1
0.75,4047,33,33,33,33,1.1219406914017283,1
0.75,4049,33,33,33,33,0.31967267742778005,1
0.75,4051,33,33,33,33,1.7858440099265542,0
0.75,4052,33,33,33,33,1.7890454663675712,0
0.75,4053,33,33,33,33,0.9053426898367107,1
0.75,4057,33,18,18,18,0.04034021716636582,1
0.75,4064,33,33,33,33,0.648354359544492,1
0.75,4067,33,33,33,33,2.3928753197644004,0
0.75,4069,33,27,11,11,0.6628823794854588,1
0.75,4071,33,33,33,33,0.6247482688957511,1
0.75,4073,33,33,33,33,1.3658030699037935,0
0.75,4076,33,33,33,33,0.27188713970369804,1
0.75,4080,34,34,34,34,0.2800693799675201,1
0.75,4085,34,1,1,1,0.4840471761288021,1
0.75,4087,34,34,1,1,0.11228206336916302,1
0.75,4088,34,34,34,34,0.3699759925689192,1
0.75,4092,34,37,37,37,0.22288563230250313,1
0.75,4093,34,34,1,1,0.080233818531799,1
0.75,4094,34,34,34,34,0.9358200196948666,1
0.75,4104,34,34,34,34,0.08167425864795197,1
0.75,4105,34,37,37,37,0.48642302461616327,1
0.75,4108,34,34,34,34,0.17934455932189164,1
0.75,4109,34,1,28,28,0.472658890535254,1
0.75,4112,34,34,34,34,0.1245476306173614,1
0.75,4117,34,32,34,34,0.7719868913253413,1
0.75,4118,34,29,34,34,0.2208288929475537,1
0.75,4120,34,34,34,34,0.5445532262507147,1
0.75,4122,34,34,1,1,0.14497550050537256,1
0.75,4123,34,1,28,28,0.5494272922526193,1
0.75,4132,34,34,34,34,1.1853347816712656,1
0.75,4133,34,1,1,1,0.459461155497755,1
0.75,4137,34,23,37,37,0.12456630970801197,1
0.75,4141,34,11,34,34,0.013403088079260606,1
0.75,4142,34,34,34,34,0.4119750940072877,1
0.75,4145,34,38,34,34,0.23977371060027863,1
0.75,4146,34,34,34,34,1.5440841115311466,0
0.75,4147,34,34,34,34,1.8969112958546046,0
0.75,4149,34,1,1,1,0.10227312378164033,1
0.75,4154,34,34,34,34,0.46077557745311815,1
0.75,4165,34,34,34,34,1.1180584476683904,1
0.75,4167,34,15,15,15,0.054394083958634654,1
0.75,4169,34,8,34,34,0.1018647510576135,1
0.75,4171,34,34,34,34,1.6611030538727016,0
0.75,4172,34,37,37,37,0.05734430382652189,1
0.75,4173,34,13,13,13,0.03501430846155251,1
0.75,4177,34,37,34,34,0.03270542314248859,1
0.75,4184,34,34,34,34,1.6372379020041534,0
0.75,4187,34,34,34,34,0.5708516598747087,1
0.75,4189,34,34,34,34,0.8349284561490247,1
0.75,4191,34,34,34,34,1.0230433494807047,1
0.75,4193,34,34,34,34,0.7641397544434475,1
0.75,4196,34,37,34,34,0.20752209027695734,1
0.75,4200,35,25,35,35,0.4897431944155971,1
0.75,4205,35,35,35,35,0.21895986397916245,1
0.75,4207,35,35,35,35,1.037687589131283,1
0.75,4208,35,35,35,35,0.5115404873692895,1
0.75,4212,35,35,35,35,1.663083257713712,0
0.75,4213,35,35,35,35,0.4630073554498615,1
0.75,4214,35,35,35,35,1.3759953696592766,0
0.75,4224,35,33,33,33,0.852680654497377,1
0.75,4225,35,35,35,35,1.3554463000971635,0
0.75,4228,35,35,35,35,1.719571112997877,0
0.75,4229,35,35,35,35,1.5217373969254668,0
0.75,4232,35,41,35,35,0.0162373474366051,1
0.75,4237,35,35,35,35,1.6135657818859224,0
0.75,4238,35,35,35,35,0.41983497402629355,1
0.75,4240,35,35,35,35,1.5839425116640289,0
0.75,4242,35,19,19,19,0.4471041681689726,1
0.75,4243,35,35,35,35,1.6440320761563991,0
0.75,4252,35,35,35,35,1.7945439417227143,0
0.75,4253,35,35,35,35,0.061526612605893205,1
0.75,4257,35,35,35,35,1.1127043171263176,1
0.75,4261,35,35,35,35,1.5139530232498153,0
0.75,4262,35,34,35,35,0.2065680123285072,1
0.75,4265,35,35,41,41,0.1928176854300342,1
0.75,4266,35,35,35,35,1.2138053713894799,0
0.75,4267,35,24,35,35,0.007447932766307952,1
0.75,4269,35,17,35,35,0.003978026781467414,1
0.75,4274,35,35,35,35,1.897265665359744,0
0.75,4285,35,46,46,46,0.7634310437075701,1
0.75,4287,35,35,35,35,1.4025358145566678,0
0.75,4289,35,35,35,35,1.1899913231623191,1
0.75,4291,35,35,35,35,0.7912687713491429,1
0.75,4292,35,35,35,35,2.1543563449452483,0
0.75,4293,35,35,35,35,1.1837605980538934,1
0.75,4297,35,41,41,41,0.7417769400349887,1
0.75,4304,35,35,35,35,1.2549936576939462,0
0.75,4307,35,35,35,35,0.6409819293236075,1
0.75,4309,35,35,35,35,0.2831144735083734,1
0.75,4311,35,41,41,41,0.012849234895674355,1
0.75,4313,35,35,35,35,0.46021008012444553,1
0.75,4316,35,35,35,35,1.6352738260099617,0
0.75,4320,36,36,36,36,1.2472621668057426,0
0.75,4325,36,9,28,28,0.022426904313469165,1
0.75,4327,36,27,12,12,0.23603696805294117,1
0.75,4328,36,3,28,28,0.05390474607372209,1
0.75,4332,36,3,36,36,0.3571202538994164,1
0.75,4333,36,3,3,3,0.38888392454782506,1
0.75,4334,36,3,36,36,0.2754050650027192,1
0.75,4344,36,36,36,36,0.3074071536466645,1
0.75,4345,36,36,36,36,2.865248146008672,0
0.75,4348,36,36,36,36,0.9966381867274191,1
0.75,4349,36,36,36,36,0.7732003423335618,1
0.75,4352,36,36,37,37,0.012777237442024636,1
0.75,4357,36,36,36,36,0.2596979029870151,1
0.75,4358,36,36,36,36,2.2407893521210345,0
0.75,4360,36,36,36,36,2.0609981973861458,0
0.75,4362,36,36,36,36,2.704333879349917,0
0.75,4363,36,3,42,42,0.45221384227252304,1
0.75,4372,36,23,36,36,0.0255377477290043,1
0.75,4373,36,36,36,36,0.4730726878148104,1
0.75,4377,36,36,36,36,2.524932975056097,0
0.75,4381,36,36,36,36,1.0708001082393634,1
0.75,4382,36,36,36,36,0.7674328010816742,1
0.75,4385,36,10,10,10,0.7028691061812238,1
0.75,4386,36,36,1,1,0.3173446816967196,1
0.75,4387,36,44,12,12,0.2028849905353305,1
0.75,4389,36,36,36,36,0.5175546758962933,1
0.75,4394,36,36,36,36,0.22201382629134303,1
0.75,4405,36,3,4,4,0.32663382293071563,1
0.75,4407,36,36,36,36,0.3184086369547162,1
0.75,4409,36,36,36,36,0.9662976847247388,1
0.75,4411,36,9,36,36,0.1879914372275302,1
0.75,4412,36,13,14,14,0.08228972482225183,1
0.75,4413,36,14,14,14,0.29019239995878754,1
0.75,4417,36,36,36,36,0.434504773327711,1
0.75,4424,36,36,36,36,0.6272245210653982,1
0.75,4427,36,36,36,36,0.7981427490909709,1
0.75,4429,36,36,36,36,0.08125945497312315,1
0.75,4431,36,10,36,36,0.07624604328422668,1
0.75,4433,36,36,36,36,0.29839719258099806,1
0.75,4436,36,36,36,36,0.7829646178896158,1
0.75,4440,37,15,37,37,0.0770153557018809,1
0.75,4445,37,37,37,37,0.3067450949412025,1
0.75,4447,37,23,23,23,0.11161617974250393,1
0.75,4448,37,37,37,37,0.94439805273968,1
0.75,4452,37,37,37,37,0.8350083601356597,1
0.75,4453,37,31,1,1,0.025302720457866967,1
0.75,4454,37,37,37,37,0.2656147520071064,1
0.75,4464,37,37,23,23,0.08105518208425222,1
0.75,4465,37,16,7,7,0.07393677030526613,1
0.75,4468,37,7,34,34,0.06286785372750958,1
0.75,4469,37,37,37,37,0.02481085711736364,1
0.75,4472,37,12,31,31,0.2656345993002147,1
0.75,4477,37,37,37,37,0.4667709132309521,1
0.75,4478,37,37,37,37,0.611213553553712,1
0.75,4480,37,34,37,37,0.3343013106426167,1
0.75,4482,37,37,37,37,0.23029470595752866,1
0.75,4483,37,14,37,37,0.08798547362183862,1
0.75,4492,37,37,37,37,1.0942569283262755,1
0.75,4493,37,16,19,19,0.06716892731910362,1
0.75,4497,37,32,37,37,0.16117838707115917,1
0.75,4501,37,37,37,37,1.6151485493087785,0
0.75,4502,37,37,37,37,0.5681786811662517,1
0.75,4505,37,36,1,1,0.04871208419523043,1
0.75,4506,37,3,15,15,0.4349587606231162,1
0.75,4507,37,39,34,34,0.11690467950355599,1
0.75,4509,37,23,23,23,0.5181238850325233,1
0.75,4514,37,37,37,37,1.0281323409543206,1
0.75,4525,37,37,37,37,1.290228488405789,0
0.75,4527,37,37,37,37,1.34324631547744,0
0.75,4529,37,34,34,34,0.9738907713593062,1
0.75,4531,37,37,37,37,0.03183405967292596,1
0.75,4532,37,34,34,34,0.5150516485133949,1
0.75,4533,37,1,37,37,0.22763919484758333,1
0.75,4537,37,37,35,35,0.10764819980836082,1
0.75,4544,37,37,37,37,0.7212998513086725,1
0.75,4547,37,37,37,37,0.8209685767786946,1
0.75,4549,37,37,11,11,0.042834286320302284,1
0.75,4551,37,28,28,28,0.9955652332620668,1
0.75,4553,37,32,28,28,0.2510301539774549,1
0.75,4556,37,23,37,37,0.1250071790124535,1
0.75,4560,38,38,38,38,1.9868931774663898,0
0.75,4565,38,17,38,38,0.05261593201907622,1
0.75,4567,38,38,1,1,0.006315237404310725,1
0.75,4568,38,38,38,38,0.3201575544379124,1
0.75,4572,38,38,38,38,0.6661992392322326,1
0.75,4573,38,23,23,23,0.27647817155888477,1
0.75,4574,38,38,38,38,0.7062889470418962,1
0.75,4584,38,38,38,38,1.8897277616290626,0
0.75,4585,38,38,38,38,0.8127312823274927,1
0.75,4588,38,38,38,38,2.0508066010482136,0
0.75,4589,38,38,38,38,0.7144109658892972,1
0.75,4592,38,38,38,38,0.7573573923145356,1
0.75,4597,38,38,38,38,1.7589399282240286,0
0.75,4598,38,38,38,38,1.4973370074189276,0
0.75,4600,38,38,38,38,1.229482619622009,0
0.75,4602,38,38,38,38,0.6886294058655249,1
0.75,4603,38,38,38,38,0.813776140232009,1
0.75,4612,38,38,38,38,1.7006352413317236,0
0.75,4613,38,38,38,38,0.3491828807220656,1
0.75,4617,38,38,38,38,1.7818299688856079,0
0.75,4621,38,38,38,38,1.1345593675272885,1
0.75,4622,38,38,38,38,0.3133940725785682,1
0.75,4625,38,38,38,38,1.5953355945912593,0
0.75,4626,38,38,38,38,0.5993505356767137,1
0.75,4627,38,38,38,38,1.2281665723551254,0
0.75,4629,38,38,38,38,1.990621376893297,0
0.75,4634,38,24,38,38,0.11689150435428874,1
0.75,4645,38,38,38,38,0.9091360386217198,1
0.75,4647,38,38,38,38,0.8831741786625197,1
0.75,4649,38,38,38,38,1.0965884042057952,1
0.75,4651,38,7,38,38,0.2844390470745055,1
0.75,4652,38,23,17,17,0.031240315579113886,1
0.75,4653,38,39,38,38,0.19193841758437225,1
0.75,4657,38,38,38,38,1.0956346010312819,1
0.75,4664,38,38,38,38,1.804628840048677,0
0.75,4667,38,7,38,38,0.006370743518101962,1
0.75,4669,38,38,38,38,1.96037871967683,0
0.75,4671,38,38,38,38,1.2454577747885311,0
0.75,4673,38,32,23,23,0.04117441774598718,1
0.75,4676,38,38,38,38,0.4783123081009564,1
0.75,4680,39,35,35,35,0.6296113637858358,1
0.75,4685,39,39,39,39,1.7872426275171618,0
0.75,4687,39,39,39,39,2.2191512366709905,0
0.75,4688,39,39,39,39,2.3129948443118935,0
0.75,4692,39,39,39,39,2.2135912507437805,0
0.75,4693,39,39,0,0,0.2110117272362967,1
0.75,4694,39,39,39,39,0.32172223439683356,1
0.75,4704,39,39,39,39,2.0758458288477195,0
0.75,4705,39,39,39,39,2.0476727469241998,0
0.75,4708,39,39,39,39,2.368843010552655,0
0.75,4709,39,39,39,39,1.2143538821596063,0
0.75,4712,39,39,39,39,1.6302468728249901,0
0.75,4717,39,39,39,39,2.0498732826719674,0
0.75,4718,39,39,39,39,1.6505526498639729,0
0.75,4720,39,39,39,39,1.6682314024905516,0
0.75,4722,39,39,39,39,2.2569272192429346,0
0.75,4723,39,39,39,39,1.7422086529124434,0
0.75,4732,39,39,39,39,1.9712742187295338,0
0.75,4733,39,39,39,39,2.5869973381980667,0
0.75,4737,39,39,39,39,2.3829560984108626,0
0.75,4741,39,39,39,39,1.8530976548780016,0
0.75,4742,39,39,39,39,2.3953451254327307,0
0.75,4745,39,39,39,39,0.13562375335073995,1
0.75,4746,39,41,41,41,0.6683492390433838,1
0.75,4747,39,39,39,39,2.524897076019766,0
0.75,4749,39,39,39,39,1.4814223937685278,0
0.75,4754,39,39,39,39,2.092521383723064,0
0.75,4765,39,39,39,39,0.5493777685762229,1
0.75,4767,39,39,39,39,2.201994832121434,0
0.75,4769,39,39,39,39,1.1855051874574982,1
0.75,4771,39,39,39,39,2.08181374367299,0
0.75,4772,39,39,39,39,1.9919285077620397,0
0.75,4773,39,39,39,39,2.374246819701105,0
0.75,4777,39,39,39,39,2.460017245841597,0
0.75,4784,39,39,39,39,2.0988489735340403,0
0.75,4787,39,39,39,39,1.1274330974719615,1
0.75,4789,39,37,37,37,0.2919038398983046,1
0.75,4791,39,39,39,39,0.6493809499458222,1
0.75,4793,39,39,39,39,1.2975825960424046,0
0.75,4796,39,39,39,39,0.22755333302116298,1
0.75,4800,40,40,40,40,1.2091772553754878,0
0.75,4805,40,40,40,40,1.0618211502224546,1
0.75,4807,40,40,40,40,0.36470032110414075,1
0.75,4808,40,40,40,40,0.825194385945631,1
0.75,4812,40,40,40,40,0.909763149170203,1
0.75,4813,40,27,40,40,0.14368653429762945,1
0.75,4814,40,40,40,40,1.3381396413178368,0
0.75,4824,40,40,40,40,0.809347538879709,1
0.75,4825,40,40,40,40,0.4395930818838931,1
0.75,4828,40,40,40,40,1.3158894869731599,0
0.75,4829,40,40,40,40,0.8001585764622652,1
0.75,4832,40,40,40,40,1.4603826713208723,0
0.75,4837,40,46,46,46,0.9487651446415235,1
0.75,4838,40,17,17,17,0.561721424332068,1
0.75,4840,40,40,40,40,1.9815754291910088,0
0.75,4842,40,40,40,40,0.776100453233457,1
0.75,4843,40,40,40,40,0.8730187979939786,1
0.75,4852,40,40,40,40,1.7906086246066093,0
0.75,4853,40,40,40,40,1.6148988664661026,0
0.75,4857,40,40,40,40,1.816054162911778,0
0.75,4861,40,40,40,40,1.5262680828892565,0
0.75,4862,40,40,40,40,0.141324827529689,1
0.75,4865,40,40,40,40,0.4443867077360262,1
0.75,4866,40,40,40,40,0.48399928294909256,1
0.75,4867,40,40,40,40,1.0097757880817375,1
0.75,4869,40,40,40,40,0.20674314115397308,1
0.75,4874,40,40,40,40,2.3458807588036223,0
0.75,4885,40,40,40,40,0.13305664210940904,1
0.75,4887,40,40,40,40,0.7466518501600834,1
0.75,4889,40,40,40,40,0.7679028099781702,1
0.75,4891,40,40,40,40,1.104985005115992,1
0.75,4892,40,30,40,40,0.22382569356599102,1
0.75,4893,40,40,40,40,0.12892252800748571,1
0.75,4897,40,40,40,40,0.7144496911637365,1
0.75,4904,40,40,40,40,1.7012256361925013,0
0.75,4907,40,40,40,40,1.700607155466589,0
0.75,4909,40,40,40,40,0.9832669419889362,1
0.75,4911,40,40,40,40,0.06351828832823447,1
0.75,4913,40,40,40,40,0.6383086377783513,1
0.75,4916,40,40,40,40,0.5446345605061664,1
0.75,4920,41,41,41,41,1.8159157588990262,0
0.75,4925,41,33,4,4,0.3483002361431964,1
0.75,4927,41,41,41,41,0.8793880988894278,1
0.75,4928,41,35,41,41,0.004097527464016704,1
0.75,4932,41,41,41,41,0.50764066382212,1
0.75,4933,41,41,41,41,0.37883987372827355,1
0.75,4934,41,41,41,41,0.13096128308075106,1
0.75,4944,41,41,41,41,0.8396330997774477,1
0.75,4945,41,35,35,35,1.6711504720408676,0
0.75,4948,41,41,41,41,0.1615353940909825,1
0.75,4949,41,41,41,41,0.850504155420098,1
0.75,4952,41,28,41,41,0.06710032990075199,1
0.75,4957,41,41,41,41,0.82648859934928,1
0.75,4958,41,41,1,1,0.16290184993178702,1
0.75,4960,41,41,41,41,0.22529922636862842,1
0.75,4962,41,41,41,41,1.9220844661916907,0
0.75,4963,41,29,29,29,0.19484567827747123,1
0.75,4972,41,26,41,41,0.39976081003651687,1
0.75,4973,41,35,35,35,1.0265275039045267,1
0.75,4977,41,41,41,41,1.7805064164175812,0
0.75,4981,41,41,41,41,0.1352300720261954,1
0.75,4982,41,41,41,41,0.6196697452976396,1
0.75,4985,41,41,41,41,0.9770130664263348,1
0.75,4986,41,41,41,41,1.4459815705034518,0
0.75,4987,41,41,26,26,0.16496794329854625,1
0.75,4989,41,41,41,41,0.3055051798970443,1
0.75,4994,41,41,41,41,0.35117499962074294,1
0.75,5005,41,41,41,41,1.8410283460168644,0
0.75,5007,41,41,41,41,1.2802929707459252,0
0.75,5009,41,41,41,41,0.9851476459835645,1
0.75,5011,41,26,26,26,0.27604912275889704,1
0.75,5012,41,41,41,41,0.2650454432366578,1
0.75,5013,41,41,41,41,0.6166458821621948,1
0.75,5017,41,41,41,41,0.6804899036737067,1
0.75,5024,41,41,41,41,0.019344909174644265,1
0.75,5027,41,41,41,41,0.11946646705749797,1
0.75,5029,41,41,41,41,0.7344349309552506,1
0.75,5031,41,41,41,41,0.6058052063542989,1
0.75,5033,41,41,41,41,0.8697881575338766,1
0.75,5036,41,41,41,41,0.06948152727089285,1
0.75,5040,42,42,42,42,0.9228398291367403,1
0.75,5045,42,19,42,42,0.07986851770740988,1
0.75,5047,42,42,42,42,0.5344251277078848,1
0.75,5048,42,42,42,42,0.45889914820112143,1
0.75,5052,42,7,23,23,0.00208075306156541,1
0.75,5053,42,42,42,42,1.5820207626156835,0
0.75,5054,42,14,42,42,0.06189288142446281,1
0.75,5064,42,7,7,7,0.33724473496586405,1
0.75,5065,42,42,42,42,1.9839680992941195,0
0.75,5068,42,42,42,42,1.9057757756923164,0
0.75,5069,42,42,42,42,1.230547632579507,0
0.75,5072,42,42,42,42,0.5718626159886961,1
0.75,5077,42,39,42,42,0.30974827760937074,1
0.75,5078,42,42,42,42,1.1699773297962195,1
0.75,5080,42,42,42,42,1.1826930496709975,1
0.75,5082,42,42,42,42,1.4364610746457969,0
0.75,5083,42,38,23,23,0.1412125809640954,1
0.75,5092,42,42,42,42,1.4832101978182384,0
0.75,5093,42,7,38,38,0.12595961152049207,1
0.75,5097,42,42,42,42,0.47604993407474305,1
0.75,5101,42,42,42,42,0.2024248819598118,1
0.75,5102,42,42,42,42,0.5538682734633579,1
0.75,5105,42,23,23,23,0.15440941900446914,1
0.75,5106,42,42,42,42,1.6017275446480561,0
0.75,5107,42,42,42,42,1.524434832592603,0
0.75,5109,42,38,38,38,0.44285272940724696,1
0.75,5114,42,42,42,42,0.6895156784684017,1
0.75,5125,42,42,42,42,1.160676164976745,1
0.75,5127,42,25,42,42,0.09757556209637108,1
0.75,5129,42,42,42,42,1.4077408514087324,0
0.75,5131,42,42,42,42,1.1624213874298592,1
0.75,5132,42,42,42,42,0.7940087113159726,1
0.75,5133,42,42,42,42,1.2361998608682199,0
0.75,5137,42,42,42,42,1.1290105357569724,1
0.75,5144,42,42,42,42,1.2202616892825284,0
0.75,5147,42,42,42,42,0.20291048223179453,1
0.75,5149,42,42,42,42,1.4686132351048458,0
0.75,5151,42,42,42,42,0.3318244588464685,1
0.75,5153,42,42,42,42,2.0123128916519266,0
0.75,5156,42,42,42,42,0.06436777097561874,1
0.75,5160,43,43,43,43,1.9508513625351664,0
0.75,5165,43,16,43,43,0.28961404510551714,1
0.75,5167,43,43,43,43,1.2217849082477406,0
0.75,5168,43,16,16,16,0.4369147311407363,1
0.75,5172,43,33,43,43,0.10594966063623501,1
0.75,5173,43,46,44,44,0.024542545604301247,1
0.75,5174,43,43,43,43,1.4066911218504974,0
0.75,5184,43,43,43,43,2.1212349047394197,0
0.75,5185,43,43,43,43,1.9610172524385714,0
0.75,5188,43,43,43,43,2.03752599178277,0
0.75,5189,43,43,43,43,1.6032021384071071,0
0.75,5192,43,43,43,43,1.878883813457123,0
0.75,5197,43,43,43,43,2.1273862779603023,0
0.75,5198,43,43,43,43,1.9976591844365035,0
0.75,5200,43,43,43,43,1.5943312515264252,0
0.75,5202,43,43,43,43,1.986482132881256,0
0.75,5203,43,33,43,43,0.3303351895668992,1
0.75,5212,43,43,43,43,0.15123942004505653,1
0.75,5213,43,43,43,43,1.3563287690263979,0
0.75,5217,43,43,43,43,0.5596728915652531,1
0.75,5221,43,43,43,43,2.1049119231726885,0
0.75,5222,43,43,43,43,1.9081954155925909,0
0.75,5225,43,43,43,43,1.817943563499099,0
0.75,5226,43,43,43,43,1.6093773263753561,0
0.75,5227,43,33,43,43,0.14794404886233015,1
0.75,5229,43,43,43,43,1.3377525087602526,0
0.75,5234,43,43,43,43,1.7342003820051626,0
0.75,5245,43,43,43,43,1.5547962175401926,0
0.75,5247,43,43,43,43,0.6663824928042517,1
0.75,5249,43,40,40,40,0.3209574309650407,1
0.75,5251,43,16,43,43,0.26127154665826624,1
0.75,5252,43,43,43,43,1.7003193855912762,0
0.75,5253,43,43,43,43,0.9423151764726897,1
0.75,5257,43,43,43,43,1.7221424250552955,0
0.75,5264,43,43,43,43,1.4110560618007781,0
0.75,5267,43,43,43,43,2.026272860195059,0
0.75,5269,43,43,43,43,1.10420730043476,1
0.75,5271,43,43,43,43,2.1917272755996704,0
0.75,5273,43,43,43,43,0.4332509380128414,1
0.75,5276,43,43,43,43,1.7632933158109692,0
0.75,5280,44,44,44,44,0.7693511635290489,1
0.75,5285,44,16,44,44,0.14647288701444816,1
0.75,5287,44,44,44,44,0.919768556419085,1
0.75,5288,44,44,8,8,0.02447659622536469,1
0.75,5292,44,44,44,44,1.172763928478159,1
0.75,5293,44,44,44,44,0.7172176558548816,1
0.75,5294,44,8,8,8,0.16753588697158373,1
0.75,5304,44,17,17,17,1.185196082450091,1
0.75,5305,44,44,44,44,0.8742274655315602,1
0.75,5308,44,44,44,44,1.063950054727117,1
0.75,5309,44,44,44,44,0.5358263602438347,1
0.75,5312,44,20,2,2,0.20785653281425498,1
0.75,5317,44,44,44,44,0.08051907252367108,1
0.75,5318,44,46,44,44,0.0058884729031905,1
0.75,5320,44,27,27,27,0.2266169308607917,1
0.75,5322,44,44,44,44,1.1978787701465534,1
0.75,5323,44,44,44,44,0.9226456223882257,1
0.75,5332,44,44,44,44,0.09551209150432216,1
0.75,5333,44,44,44,44,0.9542876535385371,1
0.75,5337,44,2,44,44,0.06596099988665338,1
0.75,5341,44,44,44,44,0.8261642575181726,1
0.75,5342,44,28,44,44,0.1982028049355603,1
0.75,5345,44,44,44,44,1.2386439804150808,0
0.75,5346,44,44,44,44,1.5595719097553904,0
0.75,5347,44,44,44,44,0.3203851640936567,1
0.75,5349,44,27,44,44,0.5452064356549341,1
0.75,5354,44,44,44,44,0.23038680897204245,1
0.75,5365,44,44,44,44,0.8970358647358528,1
0.75,5367,44,5,44,44,0.1329370452885047,1
0.75,5369,44,25,44,44,0.009713176212301056,1
0.75,5371,44,44,44,44,0.9162714992829596,1
0.75,5372,44,44,44,44,0.4422669952694398,1
0.75,5373,44,44,44,44,0.521735067083673,1
0.75,5377,44,44,44,44,0.6042016935649992,1
0.75,5384,44,2,2,2,0.6185119987954936,1
0.75,5387,44,20,2,2,0.06889945111261864,1
0.75,5389,44,44,44,44,0.012874779159595673,1
0.75,5391,44,21,44,44,0.3178554346208856,1
0.75,5393,44,8,8,8,0.2083421039730129,1
0.75,5396,44,2,44,44,0.4343209252183048,1
0.75,5400,45,45,45,45,1.1219509178715772,1
0.75,5405,45,45,45,45,0.2618345206572905,1
0.75,5407,45,45,45,45,1.2719922948001763,0
0.75,5408,45,45,45,45,2.080572447946966,0
0.75,5412,45,45,45,45,0.46599726545102826,1
0.75,5413,45,45,45,45,0.030548887587558138,1
0.75,5414,45,45,8,8,0.1545885425854967,1
0.75,5424,45,45,45,45,1.2631561813102956,0
0.75,5425,45,11,45,45,0.03805919565085558,1
0.75,5428,45,45,45,45,0.7278209885083382,1
0.75,5429,45,45,45,45,1.5443267108778511,0
0.75,5432,45,45,45,45,1.3769386194385738,0
0.75,5437,45,29,45,45,0.41265463618242126,1
0.75,5438,45,45,45,45,0.9832156681383746,1
0.75,5440,45,45,45,45,0.21872878952698127,1
0.75,5442,45,21,37,37,0.06647120148282926,1
0.75,5443,45,45,45,45,0.851507411129546,1
0.75,5452,45,45,45,45,1.221050971207617,0
0.75,5453,45,21,45,45,0.22242115286373398,1
0.75,5457,45,45,45,45,1.315050402803661,0
0.75,5461,45,45,45,45,1.9933254148341017,0
0.75,5462,45,45,45,45,1.6837844314537793,0
0.75,5465,45,45,45,45,1.3091822907622124,0
0.75,5466,45,8,45,45,0.0029125419366329286,1
0.75,5467,45,45,45,45,0.8945901337286546,1
0.75,5469,45,45,45,45,1.7550928519790683,0
0.75,5474,45,45,45,45,1.1796330238505692,1
0.75,5485,45,45,45,45,1.8018184586769805,0
0.75,5487,45,45,45,45,0.055184141505913664,1
0.75,5489,45,45,45,45,0.5895422444367386,1
0.75,5491,45,7,7,7,0.06997815138587427,1
0.75,5492,45,29,45,45,0.0457560820270384,1
0.75,5493,45,45,45,45,0.5919234153582388,1
0.75,5497,45,45,45,45,1.5092795223933397,0
0.75,5504,45,15,45,45,0.33272091166104,1
0.75,5507,45,42,45,45,0.06649039530057665,1
0.75,5509,45,45,45,45,0.03271000698034665,1
0.75,5511,45,45,45,45,0.2880598185589205,1
0.75,5513,45,13,45,45,0.003173943368897647,1
0.75,5516,45,40,45,45,0.34215052199545926,1
0.75,5520,46,46,46,46,1.1237591306984849,1
0.75,5525,46,44,46,46,0.542401735390637,1
0.75,5527,46,46,46,46,0.2062925909348834,1
0.75,5528,46,44,44,44,0.6273310475510931,1
0.75,5532,46,46,46,46,0.36076756942305443,1
0.75,5533,46,14,44,44,0.02111659846189362,1
0.75,5534,46,34,46,46,0.045923398692583106,1
0.75,5544,46,44,46,46,0.6173768863241955,1
0.75,5545,46,46,46,46,0.11815271019444573,1
0.75,5548,46,46,46,46,0.6753090534519559,1
0.75,5549,46,46,46,46,0.7652247599982155,1
0.75,5552,46,46,46,46,1.5054620255848599,0
0.75,5557,46,44,44,44,0.4190772623665925,1
0.75,5558,46,46,46,46,0.43304031475659255,1
0.75,5560,46,46,46,46,1.5365670329664989,0
0.75,5562,46,46,46,46,0.10842881364883372,1
0.75,5563,46,46,46,46,1.163823919739218,1
0.75,5572,46,46,46,46,1.2818745468272201,0
0.75,5573,46,46,46,46,1.2889034892245474,0
0.75,5577,46,46,46,46,2.065868027378266,0
0.75,5581,46,46,46,46,1.0509838538005454,1
0.75,5582,46,46,44,44,0.3616448973190449,1
0.75,5585,46,46,46,46,0.7261642914817916,1
0.75,5586,46,46,46,46,1.7362863804707134,0
0.75,5587,46,46,46,46,1.0545561494751228,1
0.75,5589,46,46,46,46,1.5945626850818055,0
0.75,5594,46,46,46,46,1.307596710356154,0
0.75,5605,46,44,44,44,0.282849829571707,1
0.75,5607,46,46,46,46,1.2531542577808716,0
0.75,5609,46,46,46,46,1.3014943230796994,0
0.75,5611,46,46,46,46,1.7242256554150357,0
0.75,5612,46,46,46,46,1.3865944571626927,0
0.75,5613,46,46,46,46,1.62186577431999,0
0.75,5617,46,46,46,46,0.14478289273668166,1
0.75,5624,46,46,46,46,0.3183570979531263,1
0.75,5627,46,46,46,46,1.628106330219936,0
0.75,5629,46,44,2,2,0.0877272785486859,1
0.75,5631,46,46,46,46,1.8216775759295376,0
0.75,5633,46,46,46,46,0.6636737682700349,1
0.75,5636,46,46,46,46,1.8131298003316225,0
